step,tag
0,phase_start,1,Hopper-v4,80000
18,reward,1,Hopper-v4,13.094067975830542,13.094
42,reward,1,Hopper-v4,10.280251242546248,11.687
57,reward,1,Hopper-v4,10.272006229019839,11.215
76,reward,1,Hopper-v4,8.844308463453515,10.623
92,reward,1,Hopper-v4,10.239612112524835,10.546
104,reward,1,Hopper-v4,7.845101188499954,10.096
127,reward,1,Hopper-v4,25.723367764700637,12.328
160,reward,1,Hopper-v4,19.16171239262916,13.183
177,reward,1,Hopper-v4,13.642705186133238,13.234
191,reward,1,Hopper-v4,10.38026749545718,12.948
206,reward,1,Hopper-v4,11.048873868598486,12.744
221,reward,1,Hopper-v4,8.710347690443598,12.587
242,reward,1,Hopper-v4,12.21806763287178,12.781
265,reward,1,Hopper-v4,11.785923842404332,13.076
279,reward,1,Hopper-v4,9.656138402537183,13.017
297,reward,1,Hopper-v4,11.059405186763625,13.339
320,reward,1,Hopper-v4,9.023580361818603,11.669
331,reward,1,Hopper-v4,8.78839262725185,10.631
345,reward,1,Hopper-v4,7.597831374060418,10.027
359,reward,1,Hopper-v4,10.663284254338794,10.055
371,reward,1,Hopper-v4,8.159954114125481,9.766
407,reward,1,Hopper-v4,15.049296197326726,10.4
420,reward,1,Hopper-v4,10.837343275724244,10.262
456,reward,1,Hopper-v4,21.469527276495,11.23
470,reward,1,Hopper-v4,9.408960271169938,11.206
496,reward,1,Hopper-v4,11.908693495447901,11.291
507,reward,1,Hopper-v4,5.889525932197111,10.977
520,reward,1,Hopper-v4,8.079462044826535,10.906
541,reward,1,Hopper-v4,13.704992967902376,11.517
563,reward,1,Hopper-v4,16.956824290507736,12.146
591,reward,1,Hopper-v4,14.22468079231106,12.753
619,reward,1,Hopper-v4,15.985787223360406,12.847
637,reward,1,Hopper-v4,6.311677894717592,12.394
648,reward,1,Hopper-v4,7.803579305603632,11.027
660,reward,1,Hopper-v4,9.932110692998585,11.08
670,reward,1,Hopper-v4,8.38987899828377,10.728
697,reward,1,Hopper-v4,19.69369342437696,12.108
709,reward,1,Hopper-v4,8.831804688403064,12.184
733,reward,1,Hopper-v4,18.489710483037417,12.662
751,reward,1,Hopper-v4,11.539952025750537,12.12
773,reward,1,Hopper-v4,13.107001703471571,12.009
788,reward,1,Hopper-v4,11.330107886618555,11.543
802,reward,1,Hopper-v4,10.066617295176535,11.918
817,reward,1,Hopper-v4,10.360567892944403,12.174
830,reward,1,Hopper-v4,10.242935306904284,12.205
842,reward,1,Hopper-v4,8.488295017205001,12.215
859,reward,1,Hopper-v4,10.401975671931147,11.286
877,reward,1,Hopper-v4,18.05050562630999,12.208
899,reward,1,Hopper-v4,11.846421953906894,11.543
921,reward,1,Hopper-v4,16.695715919649395,12.059
931,reward,1,Hopper-v4,6.791402170462679,11.427
947,reward,1,Hopper-v4,11.76925645804018,11.471
966,reward,1,Hopper-v4,11.8012426988032,11.645
988,reward,1,Hopper-v4,12.513132904915087,11.86
997,reward,1,Hopper-v4,6.716778349342555,11.507
1011,reward,1,Hopper-v4,8.601022094281761,11.519
1035,reward,1,Hopper-v4,27.003795287386147,13.179
1050,reward,1,Hopper-v4,9.587292007012152,12.333
1060,reward,1,Hopper-v4,7.7573725149495525,11.924
1081,reward,1,Hopper-v4,18.78861339096543,12.133
1099,reward,1,Hopper-v4,11.950360173243718,12.649
1112,reward,1,Hopper-v4,10.376045305176918,12.51
1124,reward,1,Hopper-v4,7.210177637752292,12.05
1144,reward,1,Hopper-v4,11.770220808270224,11.976
1178,reward,1,Hopper-v4,8.194018882941892,12.124
1205,reward,1,Hopper-v4,25.39988617274098,13.804
1216,reward,1,Hopper-v4,8.890637743285351,11.992
1237,reward,1,Hopper-v4,9.760046227050616,12.01
1254,reward,1,Hopper-v4,10.15778089390995,12.25
1262,reward,1,Hopper-v4,5.767073180110701,10.948
1272,reward,1,Hopper-v4,5.940582478783597,10.347
1299,reward,1,Hopper-v4,10.747882570736868,10.384
1312,reward,1,Hopper-v4,8.858928999922771,10.549
1336,reward,1,Hopper-v4,11.96162879907956,10.568
1352,reward,1,Hopper-v4,12.574819314118736,11.006
1366,reward,1,Hopper-v4,10.6582761428979,9.532
1374,reward,1,Hopper-v4,6.045075561082085,9.247
1407,reward,1,Hopper-v4,10.905832514244445,9.362
1418,reward,1,Hopper-v4,8.703513094744851,9.216
1431,reward,1,Hopper-v4,9.750074621159767,9.615
1447,reward,1,Hopper-v4,15.254374568792816,10.546
1470,reward,1,Hopper-v4,12.709012003189425,10.742
1482,reward,1,Hopper-v4,8.336527690794426,10.69
1493,reward,1,Hopper-v4,8.873261376815753,10.381
1518,reward,1,Hopper-v4,15.22044435006443,10.646
1532,reward,1,Hopper-v4,7.491399125978331,10.329
1541,reward,1,Hopper-v4,6.5253131469285925,10.377
1558,reward,1,Hopper-v4,15.713863269800243,10.858
1580,reward,1,Hopper-v4,16.504883029613584,11.638
1608,reward,1,Hopper-v4,10.92265893717653,11.755
1617,reward,1,Hopper-v4,7.287560025829274,10.958
1627,reward,1,Hopper-v4,7.979781557152267,10.486
1635,reward,1,Hopper-v4,5.0460496356351925,10.157
1645,reward,1,Hopper-v4,7.443621983803521,10.014
1670,reward,1,Hopper-v4,15.603389832021016,10.052
1698,reward,1,Hopper-v4,12.58334738243956,10.561
1715,reward,1,Hopper-v4,14.944497231724434,11.403
1750,reward,1,Hopper-v4,35.36669881815862,13.368
1786,reward,1,Hopper-v4,11.553366082445732,12.873
1800,reward,1,Hopper-v4,11.677360121969153,12.949
1813,reward,1,Hopper-v4,9.351278703792975,13.155
1824,reward,1,Hopper-v4,7.717816640770583,13.129
1843,reward,1,Hopper-v4,16.944070319598556,14.319
1854,reward,1,Hopper-v4,8.820260877249119,14.456
1866,reward,1,Hopper-v4,7.894869259070922,13.685
1884,reward,1,Hopper-v4,11.679627370027228,13.595
1898,reward,1,Hopper-v4,12.114582006950252,13.312
1910,reward,1,Hopper-v4,9.668762613025747,10.742
1919,reward,1,Hopper-v4,5.775270509334918,10.164
1942,reward,1,Hopper-v4,11.765350640643392,10.173
1959,reward,1,Hopper-v4,11.051209804321715,10.343
1974,reward,1,Hopper-v4,9.639757557322818,10.535
1987,reward,1,Hopper-v4,8.023968089037428,9.643
1996,reward,1,Hopper-v4,4.7497474209863215,9.236
2016,reward,1,Hopper-v4,9.073737171838088,9.354
2040,reward,1,Hopper-v4,24.35275411578693,10.622
2054,reward,1,Hopper-v4,9.45192856946893,10.355
2065,reward,1,Hopper-v4,8.09624850814139,10.198
2075,reward,1,Hopper-v4,8.049488386201078,10.425
2096,reward,1,Hopper-v4,12.998471811819279,10.549
2110,reward,1,Hopper-v4,10.44827180396621,10.488
2126,reward,1,Hopper-v4,10.025244097846478,10.527
2137,reward,1,Hopper-v4,9.378945604592879,10.662
2149,reward,1,Hopper-v4,8.93259522429652,11.081
2162,reward,1,Hopper-v4,10.412916330771864,11.215
2170,reward,1,Hopper-v4,5.736151291740641,9.353
2198,reward,1,Hopper-v4,20.82777094273376,10.491
2211,reward,1,Hopper-v4,6.354669125222246,10.316
2223,reward,1,Hopper-v4,7.054826993176803,10.217
2234,reward,1,Hopper-v4,7.976466292909246,9.715
2256,reward,1,Hopper-v4,15.947778281409123,10.265
2266,reward,1,Hopper-v4,7.82282560455315,10.044
2285,reward,1,Hopper-v4,11.03682095034944,10.21
2298,reward,1,Hopper-v4,7.987637801443954,10.116
2332,reward,1,Hopper-v4,13.624386337416649,10.437
2345,reward,1,Hopper-v4,9.61475292497563,10.825
2362,reward,1,Hopper-v4,9.786081127455347,9.721
2371,reward,1,Hopper-v4,7.63415113765774,9.849
2390,reward,1,Hopper-v4,13.540349002943826,10.497
2400,reward,1,Hopper-v4,5.300358441618504,10.23
2413,reward,1,Hopper-v4,8.138470936913233,9.449
2424,reward,1,Hopper-v4,7.5123188993277354,9.418
2432,reward,1,Hopper-v4,6.116074538826352,8.925
2449,reward,1,Hopper-v4,13.699612467875928,9.497
2460,reward,1,Hopper-v4,8.956477634919398,9.03
2495,reward,1,Hopper-v4,19.528965712685988,10.021
2528,reward,1,Hopper-v4,18.915850523133358,10.934
2558,reward,1,Hopper-v4,12.831655945391415,11.454
2571,reward,1,Hopper-v4,7.8116888941326295,10.881
2585,reward,1,Hopper-v4,11.793543207532194,11.53
2603,reward,1,Hopper-v4,11.40860346396507,11.857
2612,reward,1,Hopper-v4,7.368552177109752,11.843
2629,reward,1,Hopper-v4,12.485729170934018,12.48
2646,reward,1,Hopper-v4,12.169749839418001,12.327
2669,reward,1,Hopper-v4,14.338814147876397,12.865
2683,reward,1,Hopper-v4,8.324000499875462,11.745
2691,reward,1,Hopper-v4,6.340906735764403,10.487
2701,reward,1,Hopper-v4,7.022908313775979,9.906
2715,reward,1,Hopper-v4,9.611578306666953,10.086
2735,reward,1,Hopper-v4,12.497575453257586,10.157
2746,reward,1,Hopper-v4,4.961900409333241,9.512
2770,reward,1,Hopper-v4,17.811058179451155,10.556
2819,reward,1,Hopper-v4,38.97111598255854,13.205
2833,reward,1,Hopper-v4,8.445685471960754,12.833
2844,reward,1,Hopper-v4,8.007004168468795,12.199
2865,reward,1,Hopper-v4,14.051505026053162,12.772
2889,reward,1,Hopper-v4,13.862929180979497,13.524
2914,reward,1,Hopper-v4,15.55821488508194,14.378
2937,reward,1,Hopper-v4,18.101687586025953,15.227
2952,reward,1,Hopper-v4,11.170291084285532,15.094
2965,reward,1,Hopper-v4,9.171885754312582,15.515
2975,reward,1,Hopper-v4,8.316047161832728,14.566
2987,reward,1,Hopper-v4,8.464888639319446,11.515
3011,reward,1,Hopper-v4,12.047553459809457,11.875
3023,reward,1,Hopper-v4,9.88598237544506,12.063
3044,reward,1,Hopper-v4,15.822748075892958,12.24
3063,reward,1,Hopper-v4,11.82139266398894,12.036
3096,reward,1,Hopper-v4,9.33022945280453,11.413
3115,reward,1,Hopper-v4,18.001834007228478,11.403
3133,reward,1,Hopper-v4,14.27639613917714,11.714
3144,reward,1,Hopper-v4,9.290408833612425,11.726
3152,reward,1,Hopper-v4,5.855748663363158,11.48
3190,reward,1,Hopper-v4,24.13818650838698,13.047
3225,reward,1,Hopper-v4,8.90095113005743,12.732
3244,reward,1,Hopper-v4,14.068625532176702,13.151
3253,reward,1,Hopper-v4,6.5521322411185245,12.224
3279,reward,1,Hopper-v4,17.08371273758822,12.75
3297,reward,1,Hopper-v4,11.291189117185338,12.946
3321,reward,1,Hopper-v4,10.926693282479174,12.238
3340,reward,1,Hopper-v4,13.242470247867189,12.135
3371,reward,1,Hopper-v4,30.078477051084793,14.214
3390,reward,1,Hopper-v4,13.35107069924425,14.963
3418,reward,1,Hopper-v4,8.85158801254176,13.435
3442,reward,1,Hopper-v4,15.216812782898927,14.066
3457,reward,1,Hopper-v4,12.471506618828899,13.907
3469,reward,1,Hopper-v4,8.799209723584346,14.131
3481,reward,1,Hopper-v4,7.476826487635702,13.171
3490,reward,1,Hopper-v4,6.712060026506502,12.713
3512,reward,1,Hopper-v4,17.244243599291266,13.344
3528,reward,1,Hopper-v4,14.90834612349164,13.511
3544,reward,1,Hopper-v4,12.295916052524708,11.733
3554,reward,1,Hopper-v4,6.8694336947252355,11.085
3577,reward,1,Hopper-v4,13.283233179737527,11.528
3585,reward,1,Hopper-v4,6.251419914362744,10.631
3599,reward,1,Hopper-v4,8.170957006808377,10.201
3617,reward,1,Hopper-v4,13.513482245355455,10.673
3647,reward,1,Hopper-v4,9.602188133608696,10.885
3660,reward,1,Hopper-v4,10.443387962298116,11.258
3677,reward,1,Hopper-v4,8.71592982176499,10.405
3691,reward,1,Hopper-v4,10.268545943454702,9.941
3705,reward,1,Hopper-v4,11.943215090063688,9.906
3729,reward,1,Hopper-v4,14.738923134126338,10.693
3749,reward,1,Hopper-v4,11.176555500702289,10.482
3764,reward,1,Hopper-v4,13.407228827082415,11.198
3779,reward,1,Hopper-v4,10.228009795495995,11.404
3798,reward,1,Hopper-v4,7.770688484599322,10.829
3813,reward,1,Hopper-v4,8.034067750088807,10.673
3832,reward,1,Hopper-v4,13.660616599906001,10.994
3876,reward,1,Hopper-v4,20.756884434086565,12.198
3887,reward,1,Hopper-v4,8.90865564078203,12.062
3897,reward,1,Hopper-v4,7.826493439397416,11.651
3911,reward,1,Hopper-v4,11.709385891161409,11.348
3921,reward,1,Hopper-v4,7.219658648960166,10.952
3948,reward,1,Hopper-v4,13.532074195029933,10.965
3957,reward,1,Hopper-v4,5.832622003081191,10.525
3978,reward,1,Hopper-v4,14.872118695695654,11.235
3993,reward,1,Hopper-v4,12.391241963211808,11.671
4011,reward,1,Hopper-v4,11.720586522301236,11.477
4028,reward,1,Hopper-v4,12.687467680329624,10.67
4048,reward,1,Hopper-v4,11.544779962291486,10.934
4080,reward,1,Hopper-v4,13.685844886312928,11.52
4116,reward,1,Hopper-v4,19.94392028144514,12.343
4127,reward,1,Hopper-v4,8.75107256183768,12.496
4155,reward,1,Hopper-v4,20.778107968223612,13.221
4167,reward,1,Hopper-v4,9.588420152072521,13.596
4184,reward,1,Hopper-v4,10.429801374774318,13.152
4195,reward,1,Hopper-v4,7.96721247008314,12.71
4235,reward,1,Hopper-v4,25.81871555659683,14.12
4257,reward,1,Hopper-v4,12.531275533005426,14.104
4287,reward,1,Hopper-v4,10.349249511032196,13.984
4303,reward,1,Hopper-v4,13.591553098656698,13.975
4318,reward,1,Hopper-v4,11.64023028475806,13.145
4375,reward,1,Hopper-v4,63.78456903306978,18.648
4395,reward,1,Hopper-v4,19.495371262021408,18.52
4439,reward,1,Hopper-v4,16.77221423343023,19.238
4459,reward,1,Hopper-v4,11.012841693567486,19.296
4469,reward,1,Hopper-v4,7.658746865344062,19.265
4490,reward,1,Hopper-v4,22.81519883376446,18.965
4525,reward,1,Hopper-v4,7.078265146856149,18.42
4543,reward,1,Hopper-v4,8.472876184901143,18.232
4565,reward,1,Hopper-v4,16.806208092575062,18.554
4575,reward,1,Hopper-v4,7.589872501169777,18.149
4585,reward,1,Hopper-v4,7.427183888116951,12.513
4600,reward,1,Hopper-v4,11.055630451066856,11.669
4638,reward,1,Hopper-v4,8.394331070746713,10.831
4665,reward,1,Hopper-v4,16.675676217237534,11.397
4673,reward,1,Hopper-v4,6.496716259341045,11.281
4688,reward,1,Hopper-v4,6.587154011347456,9.658
4704,reward,1,Hopper-v4,11.273509564986892,10.078
4741,reward,1,Hopper-v4,27.79496665652723,12.01
4758,reward,1,Hopper-v4,10.781877313791867,11.408
4773,reward,1,Hopper-v4,10.459836382932608,11.695
4793,reward,1,Hopper-v4,12.50434038691322,12.202
4818,reward,1,Hopper-v4,21.88119947872565,13.285
4845,reward,1,Hopper-v4,15.029584295227458,13.948
4867,reward,1,Hopper-v4,10.424704587684726,13.323
4889,reward,1,Hopper-v4,10.68216940497059,13.742
4914,reward,1,Hopper-v4,10.027250961059952,14.086
4925,reward,1,Hopper-v4,8.467932088818943,13.805
4936,reward,1,Hopper-v4,8.907364323171382,11.917
4954,reward,1,Hopper-v4,12.456951903842551,12.084
4963,reward,1,Hopper-v4,5.58856018583848,11.597
4973,reward,1,Hopper-v4,7.772321059108481,11.124
4992,reward,1,Hopper-v4,9.681624710821305,9.904
5007,reward,1,Hopper-v4,10.152479735666475,9.416
5042,reward,1,Hopper-v4,16.188802451696542,9.993
5072,reward,1,Hopper-v4,11.258827689621329,10.05
5090,reward,1,Hopper-v4,10.969028585017567,10.144
5105,reward,1,Hopper-v4,9.715107622002595,10.269
5130,reward,1,Hopper-v4,9.350965048669787,10.313
5141,reward,1,Hopper-v4,8.19764264166633,9.888
5169,reward,1,Hopper-v4,17.841106913926858,11.113
5178,reward,1,Hopper-v4,7.055572728913833,11.041
5193,reward,1,Hopper-v4,10.467282290863123,11.12
5211,reward,1,Hopper-v4,10.047752201713124,11.109
5227,reward,1,Hopper-v4,12.968264594501782,10.787
5239,reward,1,Hopper-v4,7.941613457667578,10.455
5255,reward,1,Hopper-v4,11.679952180288048,10.527
5276,reward,1,Hopper-v4,13.119595292764973,10.867
5289,reward,1,Hopper-v4,9.527323803258817,10.885
5300,reward,1,Hopper-v4,7.819420265756651,10.847
5310,reward,1,Hopper-v4,7.206020208901516,9.783
5323,reward,1,Hopper-v4,8.583613145829197,9.936
5334,reward,1,Hopper-v4,9.162010011268361,9.806
5355,reward,1,Hopper-v4,12.3209554858116,10.033
5372,reward,1,Hopper-v4,12.721154705169127,10.008
5385,reward,1,Hopper-v4,10.826264571592903,10.297
5422,reward,1,Hopper-v4,17.762067101290974,10.905
5432,reward,1,Hopper-v4,8.068502605857852,10.4
5441,reward,1,Hopper-v4,7.4615795112575105,10.193
5469,reward,1,Hopper-v4,11.688417854255563,10.58
5493,reward,1,Hopper-v4,17.349180172638018,11.594
5540,reward,1,Hopper-v4,30.498225142613563,13.786
5552,reward,1,Hopper-v4,9.34572721755592,13.804
5562,reward,1,Hopper-v4,6.972114605349784,13.269
5573,reward,1,Hopper-v4,6.422617881390897,12.639
5603,reward,1,Hopper-v4,9.996098593304739,12.556
5615,reward,1,Hopper-v4,8.225086866400499,11.603
5649,reward,1,Hopper-v4,35.124747337227824,14.308
5667,reward,1,Hopper-v4,13.881510374305194,14.95
5692,reward,1,Hopper-v4,14.863682082301661,15.268
5724,reward,1,Hopper-v4,12.581218525251362,14.791
5750,reward,1,Hopper-v4,10.307771132354844,12.772
5769,reward,1,Hopper-v4,14.305783261526827,13.268
5791,reward,1,Hopper-v4,20.523013403238206,14.623
5808,reward,1,Hopper-v4,9.489504279475904,14.93
5818,reward,1,Hopper-v4,7.507629344821479,14.681
5827,reward,1,Hopper-v4,6.683841333749145,14.527
5840,reward,1,Hopper-v4,9.47306629814934,11.962
5856,reward,1,Hopper-v4,10.125693289089334,11.586
5866,reward,1,Hopper-v4,8.121028551785654,10.912
5890,reward,1,Hopper-v4,18.226505809212753,11.476
5920,reward,1,Hopper-v4,15.831019379623415,12.029
5933,reward,1,Hopper-v4,9.571734897130048,11.555
5952,reward,1,Hopper-v4,7.8062163405467695,10.284
5970,reward,1,Hopper-v4,13.751819253906591,10.71
5999,reward,1,Hopper-v4,9.130339440994115,10.872
6014,reward,1,Hopper-v4,15.236150563355071,11.727
6033,reward,1,Hopper-v4,12.38937029429243,12.019
6048,reward,1,Hopper-v4,10.976901286605425,12.104
6063,reward,1,Hopper-v4,9.1612892155359,12.208
6088,reward,1,Hopper-v4,12.383286876799746,11.624
6117,reward,1,Hopper-v4,8.676932025983115,10.908
6128,reward,1,Hopper-v4,8.980477006330888,10.849
6152,reward,1,Hopper-v4,8.708038503244316,10.939
6161,reward,1,Hopper-v4,6.8315968604987445,10.247
6188,reward,1,Hopper-v4,31.183702456115945,12.453
6197,reward,1,Hopper-v4,6.162736274933591,11.545
6225,reward,1,Hopper-v4,25.531739479248923,12.86
6235,reward,1,Hopper-v4,7.443046706373971,12.506
6262,reward,1,Hopper-v4,18.17168288355946,13.407
6274,reward,1,Hopper-v4,7.746658072828824,12.944
6293,reward,1,Hopper-v4,11.655655830448273,13.242
6311,reward,1,Hopper-v4,11.38103892170818,13.482
6345,reward,1,Hopper-v4,15.754710647233125,14.186
6366,reward,1,Hopper-v4,16.906444300650705,15.194
6382,reward,1,Hopper-v4,11.636918485447433,13.239
6395,reward,1,Hopper-v4,10.458993259676395,13.669
6454,reward,1,Hopper-v4,46.60368947666487,15.776
6466,reward,1,Hopper-v4,9.633955428508367,15.995
6481,reward,1,Hopper-v4,11.278526024760058,15.306
6503,reward,1,Hopper-v4,14.861800816360141,16.017
6537,reward,1,Hopper-v4,20.90047845462794,16.942
6550,reward,1,Hopper-v4,9.953763631307202,16.799
6561,reward,1,Hopper-v4,8.14378040098162,16.038
6575,reward,1,Hopper-v4,9.937593283404004,15.341
6601,reward,1,Hopper-v4,17.480809805892182,15.925
6630,reward,1,Hopper-v4,14.493775067975825,16.329
6660,reward,1,Hopper-v4,15.662304496425499,13.235
6689,reward,1,Hopper-v4,17.5348228802189,14.025
6708,reward,1,Hopper-v4,12.177076988647618,14.115
6722,reward,1,Hopper-v4,11.27778296304096,13.756
6762,reward,1,Hopper-v4,9.171113096303786,12.583
6773,reward,1,Hopper-v4,8.04323244983988,12.392
6784,reward,1,Hopper-v4,8.31842215384685,12.41
6799,reward,1,Hopper-v4,13.514871571528108,12.767
6838,reward,1,Hopper-v4,10.135930353441877,12.033
6847,reward,1,Hopper-v4,6.52131132367648,11.236
6876,reward,1,Hopper-v4,14.94876193416653,11.164
6890,reward,1,Hopper-v4,11.513314948981876,10.562
6914,reward,1,Hopper-v4,10.406187737122329,10.385
6957,reward,1,Hopper-v4,21.603941563163573,11.418
7005,reward,1,Hopper-v4,22.314612200551657,12.732
7046,reward,1,Hopper-v4,20.98824168361866,14.027
7066,reward,1,Hopper-v4,13.680196372310219,14.563
7078,reward,1,Hopper-v4,9.82227499488399,14.193
7088,reward,1,Hopper-v4,7.532914747336993,13.933
7120,reward,1,Hopper-v4,17.52349651461937,15.033
7152,reward,1,Hopper-v4,19.44888681984719,15.483
7164,reward,1,Hopper-v4,8.543250239976002,15.186
7183,reward,1,Hopper-v4,12.933795486626147,15.439
7221,reward,1,Hopper-v4,7.0346159441540435,13.982
7233,reward,1,Hopper-v4,9.731739936718634,12.724
7271,reward,1,Hopper-v4,25.64575930716688,13.19
7307,reward,1,Hopper-v4,8.087068813207791,12.63
7323,reward,1,Hopper-v4,11.637754592565546,12.812
7334,reward,1,Hopper-v4,9.224525029198777,12.981
7345,reward,1,Hopper-v4,8.822659166919356,12.111
7377,reward,1,Hopper-v4,24.58039059067237,12.624
7410,reward,1,Hopper-v4,16.24910513201162,13.395
7430,reward,1,Hopper-v4,9.493060350070262,13.051
7440,reward,1,Hopper-v4,8.647946395652903,13.212
7454,reward,1,Hopper-v4,9.232126685296,13.162
7462,reward,1,Hopper-v4,5.546080290834372,11.152
7473,reward,1,Hopper-v4,7.237415236613755,11.067
7489,reward,1,Hopper-v4,10.270850135153655,10.93
7525,reward,1,Hopper-v4,9.64501259077983,10.972
7543,reward,1,Hopper-v4,8.865979632201864,10.977
7564,reward,1,Hopper-v4,12.73916807000696,9.793
7609,reward,1,Hopper-v4,38.647036880307226,12.032
7624,reward,1,Hopper-v4,11.065569274706725,12.19
7645,reward,1,Hopper-v4,13.758630150268264,12.701
7658,reward,1,Hopper-v4,9.06179139882677,12.684
7672,reward,1,Hopper-v4,12.429024020464142,13.372
7689,reward,1,Hopper-v4,12.759203721134302,13.924
7716,reward,1,Hopper-v4,12.96749157713853,14.194
7730,reward,1,Hopper-v4,8.968057571674942,14.126
7765,reward,1,Hopper-v4,6.675996524880913,13.907
7783,reward,1,Hopper-v4,14.174519740810595,14.051
7808,reward,1,Hopper-v4,13.225886186140931,11.509
7828,reward,1,Hopper-v4,13.6489397541218,11.767
7870,reward,1,Hopper-v4,15.438626674263746,11.935
7897,reward,1,Hopper-v4,12.744010256718525,12.303
7908,reward,1,Hopper-v4,7.715107651289692,11.832
7928,reward,1,Hopper-v4,12.057543927932596,11.762
7947,reward,1,Hopper-v4,11.699934224673546,11.635
7977,reward,1,Hopper-v4,22.121540334040642,12.95
8008,reward,1,Hopper-v4,14.21737520726176,13.704
8035,reward,1,Hopper-v4,10.977357144185547,13.385
8045,reward,1,Hopper-v4,8.211687296547158,12.883
8054,reward,1,Hopper-v4,7.159479722442699,12.234
8087,reward,1,Hopper-v4,6.437130716114456,11.334
8102,reward,1,Hopper-v4,12.708565589395993,11.331
8123,reward,1,Hopper-v4,15.432369353573145,12.102
8142,reward,1,Hopper-v4,11.315078936330359,12.028
8167,reward,1,Hopper-v4,15.35320785061851,12.393
8205,reward,1,Hopper-v4,21.696081133292196,12.351
8221,reward,1,Hopper-v4,11.22993620437075,12.052
8243,reward,1,Hopper-v4,15.46932249260826,12.501
8273,reward,1,Hopper-v4,35.711296303746074,15.251
8301,reward,1,Hopper-v4,13.085580995900644,15.844
8313,reward,1,Hopper-v4,9.13685941938473,16.114
8324,reward,1,Hopper-v4,8.319214243903788,15.675
8335,reward,1,Hopper-v4,6.665009013215429,14.798
8346,reward,1,Hopper-v4,7.502042709298331,14.417
8359,reward,1,Hopper-v4,8.981568909094086,13.78
8370,reward,1,Hopper-v4,9.101388260326665,12.52
8391,reward,1,Hopper-v4,17.274789515607235,13.125
8406,reward,1,Hopper-v4,7.200878143729435,12.298
8422,reward,1,Hopper-v4,12.463825691513216,9.973
8441,reward,1,Hopper-v4,12.100672340913931,9.875
8451,reward,1,Hopper-v4,7.731737091557093,9.734
8462,reward,1,Hopper-v4,8.070575023965613,9.709
8474,reward,1,Hopper-v4,9.902547336811242,10.033
8501,reward,1,Hopper-v4,20.028383099088416,11.286
8549,reward,1,Hopper-v4,32.80633124784436,13.668
8577,reward,1,Hopper-v4,13.16016929790911,14.074
8590,reward,1,Hopper-v4,8.136874954691347,13.16
8601,reward,1,Hopper-v4,9.355847873751669,13.376
8610,reward,1,Hopper-v4,6.782368069938656,12.808
8626,reward,1,Hopper-v4,11.825997052473287,12.78
8641,reward,1,Hopper-v4,9.122713337228697,12.919
8650,reward,1,Hopper-v4,5.803706633142699,12.692
8670,reward,1,Hopper-v4,16.233939944419493,13.326
8702,reward,1,Hopper-v4,17.279886662537724,13.051
8714,reward,1,Hopper-v4,9.660978574288015,10.736
8722,reward,1,Hopper-v4,5.296402200251715,9.95
8739,reward,1,Hopper-v4,14.778344387319594,10.614
8774,reward,1,Hopper-v4,13.066555884563362,10.985
8791,reward,1,Hopper-v4,14.384254223487632,11.745
8807,reward,1,Hopper-v4,15.206573851771308,12.083
8826,reward,1,Hopper-v4,11.291414828941175,12.3
8840,reward,1,Hopper-v4,12.19281441441969,12.939
8850,reward,1,Hopper-v4,7.838642790148057,12.1
8867,reward,1,Hopper-v4,9.619744433486431,11.334
8878,reward,1,Hopper-v4,7.491191848954232,11.117
8901,reward,1,Hopper-v4,11.460716204898823,11.733
8915,reward,1,Hopper-v4,10.132940672833053,11.268
8945,reward,1,Hopper-v4,13.685050064031977,11.33
8955,reward,1,Hopper-v4,7.480857107377264,10.64
8980,reward,1,Hopper-v4,13.691371909380193,10.488
8988,reward,1,Hopper-v4,5.687488688392475,9.928
9025,reward,1,Hopper-v4,7.201741875350525,9.429
9042,reward,1,Hopper-v4,9.083922238606592,9.554
9088,reward,1,Hopper-v4,18.364340033905982,10.428
9109,reward,1,Hopper-v4,18.27887319918628,11.507
9152,reward,1,Hopper-v4,31.72171931517181,13.533
9173,reward,1,Hopper-v4,18.46622578019123,14.366
9184,reward,1,Hopper-v4,8.766273731363027,13.874
9197,reward,1,Hopper-v4,10.153438041507135,14.142
9234,reward,1,Hopper-v4,34.76389256472905,16.249
9251,reward,1,Hopper-v4,10.012741699580772,16.681
9273,reward,1,Hopper-v4,11.796382680283386,17.141
9290,reward,1,Hopper-v4,14.048549285458444,17.637
9312,reward,1,Hopper-v4,9.31943911707738,16.733
9321,reward,1,Hopper-v4,7.143691582767779,15.619
9335,reward,1,Hopper-v4,10.65130288631493,13.512
9350,reward,1,Hopper-v4,10.26122158646009,12.692
9382,reward,1,Hopper-v4,8.16045397035414,12.631
9428,reward,1,Hopper-v4,60.22181584767208,17.638
9454,reward,1,Hopper-v4,14.588823730183377,15.62
9467,reward,1,Hopper-v4,9.36563977709421,15.556
9479,reward,1,Hopper-v4,8.835966287079604,15.26
9494,reward,1,Hopper-v4,12.732029373734106,15.128
9502,reward,1,Hopper-v4,6.246810446376642,14.821
9533,reward,1,Hopper-v4,7.8880335226856655,14.895
9547,reward,1,Hopper-v4,10.277350442752363,14.858
9572,reward,1,Hopper-v4,11.802180458821837,15.012
9584,reward,1,Hopper-v4,9.433090519102219,15.139
9595,reward,1,Hopper-v4,7.832429459761084,9.9
9612,reward,1,Hopper-v4,12.412330925436525,9.683
9624,reward,1,Hopper-v4,7.043764533380433,9.45
9633,reward,1,Hopper-v4,6.812534814039262,9.248
9649,reward,1,Hopper-v4,12.70521720837814,9.245
9662,reward,1,Hopper-v4,10.41028790329189,9.662
9672,reward,1,Hopper-v4,7.844971936864975,9.657
9694,reward,1,Hopper-v4,5.689623959864671,9.199
9730,reward,1,Hopper-v4,25.977367144118382,10.616
9745,reward,1,Hopper-v4,9.36523607271169,10.609
9764,reward,1,Hopper-v4,18.107628083681078,11.637
9797,reward,1,Hopper-v4,27.502738587526245,13.146
9822,reward,1,Hopper-v4,12.610584619548096,13.703
9835,reward,1,Hopper-v4,11.096572498074062,14.131
9850,reward,1,Hopper-v4,13.981838815102872,14.259
9859,reward,1,Hopper-v4,6.711752515288224,13.889
9874,reward,1,Hopper-v4,11.903000434512263,14.295
9888,reward,1,Hopper-v4,9.96254856572264,14.722
9898,reward,1,Hopper-v4,7.964735526490654,12.921
9912,reward,1,Hopper-v4,10.197318965320004,13.004
9928,reward,1,Hopper-v4,10.79013894601995,12.272
9939,reward,1,Hopper-v4,8.443234779529135,10.366
9949,reward,1,Hopper-v4,7.318483584889611,9.837
9959,reward,1,Hopper-v4,7.481006379891803,9.475
9970,reward,1,Hopper-v4,7.184625504463497,8.796
9993,reward,1,Hopper-v4,17.4794411218797,9.872
10000,eval,1,Hopper-v4,Hopper-v4,9.393,1.0,0.0
10000,eval,1,Hopper-v4,Walker2d-v4,24.523,1.0,0.0
10017,reward,1,Hopper-v4,19.088060889562136,10.591
10037,reward,1,Hopper-v4,11.32593933154464,10.727
10049,reward,1,Hopper-v4,9.648949556080439,10.896
10078,reward,1,Hopper-v4,14.863087757393066,11.362
10100,reward,1,Hopper-v4,20.865528182708772,12.37
10114,reward,1,Hopper-v4,12.983450031666772,12.824
10157,reward,1,Hopper-v4,60.94354351941153,18.186
10167,reward,1,Hopper-v4,7.353490245470803,18.174
10177,reward,1,Hopper-v4,7.618286823998878,18.217
10195,reward,1,Hopper-v4,13.057478717866122,17.775
10213,reward,1,Hopper-v4,17.00669784257248,17.567
10248,reward,1,Hopper-v4,37.29296762198082,20.163
10259,reward,1,Hopper-v4,9.437077813057886,20.142
10271,reward,1,Hopper-v4,9.379490288683648,19.594
10283,reward,1,Hopper-v4,8.589054884756045,18.366
10299,reward,1,Hopper-v4,9.700233702376753,18.038
10326,reward,1,Hopper-v4,20.424567987097934,13.986
10338,reward,1,Hopper-v4,7.571089405715112,14.008
10354,reward,1,Hopper-v4,10.486782152162776,14.295
10364,reward,1,Hopper-v4,7.371641490903764,13.726
10391,reward,1,Hopper-v4,11.727708087453479,13.198
10412,reward,1,Hopper-v4,9.373021893707929,10.406
10425,reward,1,Hopper-v4,9.06749434896905,10.369
10444,reward,1,Hopper-v4,18.50937786717335,11.282
10471,reward,1,Hopper-v4,17.027332758522004,12.126
10485,reward,1,Hopper-v4,11.396924229028112,12.296
10499,reward,1,Hopper-v4,10.115553457406335,11.265
10506,reward,1,Hopper-v4,4.485973438895067,10.956
10517,reward,1,Hopper-v4,8.83962309192217,10.791
10529,reward,1,Hopper-v4,8.561074012139171,10.91
10547,reward,1,Hopper-v4,12.602614120749852,10.998
10567,reward,1,Hopper-v4,16.478740834058765,11.708
10583,reward,1,Hopper-v4,12.98763369482764,12.1
10602,reward,1,Hopper-v4,12.254105426796958,11.475
10612,reward,1,Hopper-v4,6.318573455548444,10.404
10627,reward,1,Hopper-v4,10.806711744813533,10.345
10645,reward,1,Hopper-v4,11.18023412499009,10.452
10653,reward,1,Hopper-v4,5.935263676613934,10.596
10668,reward,1,Hopper-v4,12.39573739830834,10.952
10675,reward,1,Hopper-v4,4.396319852224114,10.536
10686,reward,1,Hopper-v4,8.142764474847262,10.09
10696,reward,1,Hopper-v4,6.850727349262812,9.127
10711,reward,1,Hopper-v4,13.710156027282778,9.199
10728,reward,1,Hopper-v4,12.229022167350289,9.197
10739,reward,1,Hopper-v4,8.21386502041096,9.386
10775,reward,1,Hopper-v4,10.762655125029044,9.382
10782,reward,1,Hopper-v4,4.755110641031745,8.739
10795,reward,1,Hopper-v4,8.23197721674712,8.969
10807,reward,1,Hopper-v4,10.332036166521128,8.762
10828,reward,1,Hopper-v4,18.976372060411677,10.22
10837,reward,1,Hopper-v4,5.887442086627248,9.995
10849,reward,1,Hopper-v4,9.369148782018813,10.247
10869,reward,1,Hopper-v4,14.427103897671214,10.318
10876,reward,1,Hopper-v4,5.264946872332133,9.622
10894,reward,1,Hopper-v4,17.036324350570272,10.504
10906,reward,1,Hopper-v4,8.872816055099406,10.315
10918,reward,1,Hopper-v4,9.216498153464613,10.761
10939,reward,1,Hopper-v4,12.353237939214411,11.174
10950,reward,1,Hopper-v4,8.409927690473175,10.981
10961,reward,1,Hopper-v4,9.001878575690808,9.984
10979,reward,1,Hopper-v4,13.424050110008228,10.738
10994,reward,1,Hopper-v4,12.27897109715108,11.029
11008,reward,1,Hopper-v4,11.160546185658358,10.702
11042,reward,1,Hopper-v4,29.46274689484985,13.122
11058,reward,1,Hopper-v4,16.268915269685948,13.045
11072,reward,1,Hopper-v4,10.614810376684638,13.219
11087,reward,1,Hopper-v4,12.849994292991633,13.583
11097,reward,1,Hopper-v4,8.101426699828446,13.157
11109,reward,1,Hopper-v4,9.924645360889485,13.309
11120,reward,1,Hopper-v4,8.061693898238266,13.215
11149,reward,1,Hopper-v4,8.879757833081847,12.76
11156,reward,1,Hopper-v4,5.097118560399124,12.042
11164,reward,1,Hopper-v4,6.086458929374392,11.535
11176,reward,1,Hopper-v4,8.31310139762505,9.42
11187,reward,1,Hopper-v4,8.559662048660762,8.649
11213,reward,1,Hopper-v4,17.403523946628326,9.328
11224,reward,1,Hopper-v4,8.711855397144328,8.914
11258,reward,1,Hopper-v4,25.983132567970014,10.702
11268,reward,1,Hopper-v4,5.173993761647254,10.227
11291,reward,1,Hopper-v4,13.158418421522452,10.737
11327,reward,1,Hopper-v4,46.98495501000054,14.547
11339,reward,1,Hopper-v4,9.182677802331872,14.956
11376,reward,1,Hopper-v4,11.473087424580543,15.494
11420,reward,1,Hopper-v4,29.2420846759979,17.587
11434,reward,1,Hopper-v4,9.766407608465073,17.708
11452,reward,1,Hopper-v4,14.69343055466606,17.437
11464,reward,1,Hopper-v4,9.229026452077829,17.489
11474,reward,1,Hopper-v4,8.196906309058933,15.71
11483,reward,1,Hopper-v4,6.740011709859573,15.867
11497,reward,1,Hopper-v4,10.436986629453108,15.595
11517,reward,1,Hopper-v4,10.33277447019565,11.929
11544,reward,1,Hopper-v4,14.386574271036533,12.45
11572,reward,1,Hopper-v4,17.09958599825936,13.012
11583,reward,1,Hopper-v4,8.850800403755676,10.973
11593,reward,1,Hopper-v4,8.015028471057564,10.798
11608,reward,1,Hopper-v4,12.16884609317866,10.546
11625,reward,1,Hopper-v4,11.990129327127379,10.822
11640,reward,1,Hopper-v4,12.013732289047274,11.203
11672,reward,1,Hopper-v4,40.15571598494251,14.545
11680,reward,1,Hopper-v4,5.706466189886436,14.072
11687,reward,1,Hopper-v4,5.118472017599503,13.551
11697,reward,1,Hopper-v4,8.281377892200073,12.94
11711,reward,1,Hopper-v4,10.690040877283932,12.299
11719,reward,1,Hopper-v4,6.256937295783267,12.04
11727,reward,1,Hopper-v4,5.468222489141997,11.785
11745,reward,1,Hopper-v4,9.959965424912419,11.564
11759,reward,1,Hopper-v4,10.231505517073824,11.388
11772,reward,1,Hopper-v4,9.796016810938923,11.166
11817,reward,1,Hopper-v4,43.670976387134175,11.518
11832,reward,1,Hopper-v4,10.11036118770503,11.958
11864,reward,1,Hopper-v4,38.78232521694606,15.325
11889,reward,1,Hopper-v4,14.816529760099145,15.978
11900,reward,1,Hopper-v4,8.081740964730068,15.717
11912,reward,1,Hopper-v4,9.834727568523196,16.075
11934,reward,1,Hopper-v4,14.248018037003133,16.953
11946,reward,1,Hopper-v4,9.433362739535323,16.901
11957,reward,1,Hopper-v4,7.74161923990928,16.652
11970,reward,1,Hopper-v4,11.019627117703008,16.774
11989,reward,1,Hopper-v4,14.32442419708501,13.839
12000,reward,1,Hopper-v4,6.854153183208159,13.514
12015,reward,1,Hopper-v4,10.311072847822762,10.667
12026,reward,1,Hopper-v4,8.218300217628636,10.007
12035,reward,1,Hopper-v4,6.837616030233409,9.882
12055,reward,1,Hopper-v4,18.68221848824099,10.767
12066,reward,1,Hopper-v4,7.87881434612086,10.13
12077,reward,1,Hopper-v4,7.525934872797718,9.939
12091,reward,1,Hopper-v4,12.175712578712492,10.383
12102,reward,1,Hopper-v4,9.00252798162098,10.181
12111,reward,1,Hopper-v4,5.805859522737033,9.329
12147,reward,1,Hopper-v4,13.428406433265042,9.987
12162,reward,1,Hopper-v4,10.29402188606481,9.985
12174,reward,1,Hopper-v4,9.090086371595111,10.072
12201,reward,1,Hopper-v4,14.09650212724301,10.798
12209,reward,1,Hopper-v4,5.468857552994026,9.477
12225,reward,1,Hopper-v4,12.155232191054413,9.904
12238,reward,1,Hopper-v4,9.232918574850014,10.075
12248,reward,1,Hopper-v4,7.183614455931929,9.576
12273,reward,1,Hopper-v4,16.320519130666288,10.308
12287,reward,1,Hopper-v4,11.605213054450852,10.888
12303,reward,1,Hopper-v4,10.783836105938605,10.623
12321,reward,1,Hopper-v4,17.45173135285406,11.339
12351,reward,1,Hopper-v4,8.302888750168007,11.26
12359,reward,1,Hopper-v4,4.935016464281118,10.344
12372,reward,1,Hopper-v4,10.038291514335814,10.801
12385,reward,1,Hopper-v4,12.041662512045379,10.79
12393,reward,1,Hopper-v4,6.069569626009215,10.473
12404,reward,1,Hopper-v4,8.505205053621948,10.605
12419,reward,1,Hopper-v4,11.943530346667576,10.168
12432,reward,1,Hopper-v4,10.176040987877165,10.025
12443,reward,1,Hopper-v4,9.236727345248497,9.87
12470,reward,1,Hopper-v4,31.58584370182432,11.283
12481,reward,1,Hopper-v4,7.779210259866132,11.231
12495,reward,1,Hopper-v4,10.568750119038251,11.794
12508,reward,1,Hopper-v4,10.475616843511911,11.838
12516,reward,1,Hopper-v4,5.195854397312331,11.154
12530,reward,1,Hopper-v4,10.85170059113259,11.632
12538,reward,1,Hopper-v4,5.402759921358889,11.322
12552,reward,1,Hopper-v4,13.229384925169331,11.45
12561,reward,1,Hopper-v4,6.183525228477465,11.051
12571,reward,1,Hopper-v4,7.345317713849918,10.862
12579,reward,1,Hopper-v4,5.792202795048267,8.282
12588,reward,1,Hopper-v4,6.622575359235337,8.167
12602,reward,1,Hopper-v4,14.165330397925516,8.526
12610,reward,1,Hopper-v4,5.610859188294657,8.04
12630,reward,1,Hopper-v4,16.81207763239414,9.202
12640,reward,1,Hopper-v4,6.950541759652953,8.811
12655,reward,1,Hopper-v4,11.073548441412889,9.379
12667,reward,1,Hopper-v4,9.281733707591677,8.984
12677,reward,1,Hopper-v4,7.998641813936816,9.165
12688,reward,1,Hopper-v4,8.634169915908119,9.294
12711,reward,1,Hopper-v4,10.68692743802233,9.784
12727,reward,1,Hopper-v4,14.926688653406606,10.614
12766,reward,1,Hopper-v4,35.43037930257677,12.741
12777,reward,1,Hopper-v4,9.044494817632712,13.084
12793,reward,1,Hopper-v4,8.691951301164131,12.272
12825,reward,1,Hopper-v4,6.5114329139807,12.228
12837,reward,1,Hopper-v4,10.91451424130351,12.212
12849,reward,1,Hopper-v4,9.974021350441486,12.281
12864,reward,1,Hopper-v4,10.623398087417042,12.544
12885,reward,1,Hopper-v4,21.633892547213275,13.844
12895,reward,1,Hopper-v4,6.490357471034335,13.424
12923,reward,1,Hopper-v4,19.287511013560437,13.86
12941,reward,1,Hopper-v4,12.19994964596368,11.537
12956,reward,1,Hopper-v4,7.696130006439075,11.402
12974,reward,1,Hopper-v4,20.305272125084308,12.564
12982,reward,1,Hopper-v4,6.215236409697603,12.534
12996,reward,1,Hopper-v4,11.485107022114423,12.591
13003,reward,1,Hopper-v4,4.338891845531756,12.028
13012,reward,1,Hopper-v4,5.538013593962926,11.519
13021,reward,1,Hopper-v4,5.970252900644474,9.953
13031,reward,1,Hopper-v4,7.733302254366691,10.077
13051,reward,1,Hopper-v4,21.202254756441135,10.268
13085,reward,1,Hopper-v4,24.920420968369953,11.54
13094,reward,1,Hopper-v4,7.594148155466652,11.53
13111,reward,1,Hopper-v4,12.703092619702595,10.77
13124,reward,1,Hopper-v4,10.032008296495972,11.152
13132,reward,1,Hopper-v4,6.26128289751939,10.629
13143,reward,1,Hopper-v4,5.527001632742888,10.748
13153,reward,1,Hopper-v4,7.972326597515357,10.992
13170,reward,1,Hopper-v4,15.203448974266268,11.915
13182,reward,1,Hopper-v4,5.9005073210536585,11.732
13191,reward,1,Hopper-v4,6.3788914939783,10.249
13210,reward,1,Hopper-v4,11.784790082750252,8.936
13224,reward,1,Hopper-v4,13.817226912298558,9.558
13234,reward,1,Hopper-v4,7.843490021752745,9.072
13254,reward,1,Hopper-v4,10.913456598808684,9.16
13267,reward,1,Hopper-v4,10.398577603789679,9.574
13280,reward,1,Hopper-v4,10.5634354795747,10.078
13294,reward,1,Hopper-v4,8.666720634328795,10.147
13301,reward,1,Hopper-v4,4.991545286111725,9.126
13316,reward,1,Hopper-v4,11.704321211282588,9.706
13330,reward,1,Hopper-v4,11.303648197826565,10.199
13350,reward,1,Hopper-v4,11.797029682316044,10.2
13374,reward,1,Hopper-v4,16.98466659526037,10.517
13385,reward,1,Hopper-v4,8.74586478620365,10.607
13400,reward,1,Hopper-v4,8.937281135356562,10.409
13421,reward,1,Hopper-v4,9.004013748577078,10.27
13443,reward,1,Hopper-v4,10.674290141761016,10.281
13457,reward,1,Hopper-v4,8.448979269721274,10.259
13473,reward,1,Hopper-v4,12.670687538432517,11.027
13483,reward,1,Hopper-v4,7.367381957684261,10.593
13500,reward,1,Hopper-v4,12.742665892582401,10.737
13511,reward,1,Hopper-v4,8.154219155580027,10.373
13526,reward,1,Hopper-v4,9.184909368405087,9.593
13534,reward,1,Hopper-v4,5.396442393981985,9.258
13543,reward,1,Hopper-v4,7.104861534147202,9.075
13554,reward,1,Hopper-v4,8.291989985195078,9.004
13566,reward,1,Hopper-v4,10.29655823943293,8.966
13578,reward,1,Hopper-v4,9.665600670367924,9.088
13602,reward,1,Hopper-v4,13.172290027298885,9.138
13612,reward,1,Hopper-v4,5.847342254124105,8.986
13622,reward,1,Hopper-v4,7.352787808724862,8.447
13636,reward,1,Hopper-v4,12.017412501417105,8.833
13646,reward,1,Hopper-v4,7.8590342616965065,8.7
13656,reward,1,Hopper-v4,7.059744416889982,8.867
13666,reward,1,Hopper-v4,8.127067704468105,8.969
13691,reward,1,Hopper-v4,28.770024207595416,11.017
13720,reward,1,Hopper-v4,8.660173449188346,10.853
13730,reward,1,Hopper-v4,8.432584831145656,10.73
13743,reward,1,Hopper-v4,7.678888583616088,10.181
13752,reward,1,Hopper-v4,6.942345598105246,10.29
13767,reward,1,Hopper-v4,6.914010820327836,10.246
13777,reward,1,Hopper-v4,8.809616967307964,9.925
13795,reward,1,Hopper-v4,15.317647869537696,10.671
13819,reward,1,Hopper-v4,14.714523666503133,11.437
13833,reward,1,Hopper-v4,10.891872500754161,11.713
13849,reward,1,Hopper-v4,7.692509604346466,9.605
13860,reward,1,Hopper-v4,8.399489472306962,9.579
13883,reward,1,Hopper-v4,11.193953182155479,9.855
13893,reward,1,Hopper-v4,6.237234424287151,9.711
13903,reward,1,Hopper-v4,7.907902453001908,9.808
13914,reward,1,Hopper-v4,9.081134982318924,10.025
13925,reward,1,Hopper-v4,9.78929435449222,10.123
13935,reward,1,Hopper-v4,7.881315258761828,9.379
13945,reward,1,Hopper-v4,6.965718438433097,8.604
13955,reward,1,Hopper-v4,5.202762136277869,8.035
13966,reward,1,Hopper-v4,8.751044228389297,8.141
13977,reward,1,Hopper-v4,8.745591207554932,8.176
13989,reward,1,Hopper-v4,9.6938236800538,8.026
13996,reward,1,Hopper-v4,4.231792240870925,7.825
14013,reward,1,Hopper-v4,11.04295594310335,8.139
14023,reward,1,Hopper-v4,7.231567124439902,7.954
14033,reward,1,Hopper-v4,6.304132013890508,7.605
14046,reward,1,Hopper-v4,11.659138313620105,7.983
14054,reward,1,Hopper-v4,5.378542903580205,7.824
14062,reward,1,Hopper-v4,4.384884390517541,7.742
14072,reward,1,Hopper-v4,7.555663669880678,7.623
14089,reward,1,Hopper-v4,15.14134162808993,8.262
14124,reward,1,Hopper-v4,17.014230308931435,8.994
14138,reward,1,Hopper-v4,12.206344592487778,9.792
14145,reward,1,Hopper-v4,5.13470457785324,9.201
14155,reward,1,Hopper-v4,8.30319152245715,9.308
14184,reward,1,Hopper-v4,24.646976463313717,11.143
14195,reward,1,Hopper-v4,9.459213997337502,10.923
14214,reward,1,Hopper-v4,17.745953191513404,12.159
14230,reward,1,Hopper-v4,9.536651079357974,12.674
14250,reward,1,Hopper-v4,20.133342430636326,13.932
14261,reward,1,Hopper-v4,9.16843227547819,13.335
14268,reward,1,Hopper-v4,4.774741650148143,12.111
14294,reward,1,Hopper-v4,25.019428262536294,13.392
14313,reward,1,Hopper-v4,10.781163825156122,13.957
14325,reward,1,Hopper-v4,9.253122044434763,14.052
14345,reward,1,Hopper-v4,21.974810896879426,13.785
14356,reward,1,Hopper-v4,8.778502292776304,13.717
14365,reward,1,Hopper-v4,5.706196129939383,12.513
14379,reward,1,Hopper-v4,10.899182953766553,12.649
14391,reward,1,Hopper-v4,10.00494906253697,11.636
14398,reward,1,Hopper-v4,4.861062464701778,11.205
14405,reward,1,Hopper-v4,5.10257286331771,11.238
14421,reward,1,Hopper-v4,15.028228102172905,10.239
14431,reward,1,Hopper-v4,7.613304127324813,9.922
14464,reward,1,Hopper-v4,43.43950977245376,13.341
14474,reward,1,Hopper-v4,7.123901270565699,11.856
14494,reward,1,Hopper-v4,13.572236853486764,12.335
14508,reward,1,Hopper-v4,10.874905561784136,12.852
14525,reward,1,Hopper-v4,9.840627116714122,12.746
14535,reward,1,Hopper-v4,7.809488916739536,12.527
14545,reward,1,Hopper-v4,8.083328233772878,12.849
14559,reward,1,Hopper-v4,12.460108219703105,13.585
14570,reward,1,Hopper-v4,8.006024393145747,12.882
14583,reward,1,Hopper-v4,9.302658813210465,13.051
14598,reward,1,Hopper-v4,11.023139709816336,9.81
14609,reward,1,Hopper-v4,9.683632365424732,10.066
14620,reward,1,Hopper-v4,7.570862347608919,9.465
14643,reward,1,Hopper-v4,12.266005626077941,9.605
14653,reward,1,Hopper-v4,7.302627407059691,9.351
14667,reward,1,Hopper-v4,8.972785303418307,9.467
14676,reward,1,Hopper-v4,6.67214613836369,9.326
14705,reward,1,Hopper-v4,10.050079210278918,9.085
14722,reward,1,Hopper-v4,10.01104496505372,9.285
14734,reward,1,Hopper-v4,8.694810918759348,9.225
14757,reward,1,Hopper-v4,9.394075905928855,9.062
14769,reward,1,Hopper-v4,7.450794558102812,8.839
14796,reward,1,Hopper-v4,10.215982862662237,9.103
14805,reward,1,Hopper-v4,7.196335872395207,8.596
14818,reward,1,Hopper-v4,8.032047855158938,8.669
14828,reward,1,Hopper-v4,6.710382814542461,8.443
14837,reward,1,Hopper-v4,7.0020833020046,8.476
14847,reward,1,Hopper-v4,8.514580476109547,8.322
14886,reward,1,Hopper-v4,31.864785976650708,10.508
14898,reward,1,Hopper-v4,10.041434485677032,10.642
14918,reward,1,Hopper-v4,21.320603354527563,11.835
14927,reward,1,Hopper-v4,7.267957962006105,11.817
14946,reward,1,Hopper-v4,17.53523269608982,12.549
14960,reward,1,Hopper-v4,10.587682027411601,12.888
14971,reward,1,Hopper-v4,8.164370606248461,12.901
14978,reward,1,Hopper-v4,4.702938608052679,12.7
14986,reward,1,Hopper-v4,6.310782388771969,12.631
14995,reward,1,Hopper-v4,6.856220957835701,12.465
15004,reward,1,Hopper-v4,7.233644585680961,10.002
15033,reward,1,Hopper-v4,21.070697727473252,11.105
15043,reward,1,Hopper-v4,8.530849103145094,9.826
15054,reward,1,Hopper-v4,8.729201749361579,9.972
15069,reward,1,Hopper-v4,12.359939606354441,9.455
15081,reward,1,Hopper-v4,9.575850530392474,9.353
15104,reward,1,Hopper-v4,11.411569294420627,9.678
15119,reward,1,Hopper-v4,14.854616605718064,10.693
15128,reward,1,Hopper-v4,6.819333983735596,10.744
15138,reward,1,Hopper-v4,8.14052938707034,10.873
15158,reward,1,Hopper-v4,13.525160052864384,11.502
15172,reward,1,Hopper-v4,10.470943808583483,10.442
15200,reward,1,Hopper-v4,28.627098663475255,12.451
15216,reward,1,Hopper-v4,10.580917634568033,12.637
15228,reward,1,Hopper-v4,9.06023977784787,12.307
15241,reward,1,Hopper-v4,9.326519211691412,12.282
15269,reward,1,Hopper-v4,30.504747746980037,14.191
15278,reward,1,Hopper-v4,6.00529291822827,13.306
15292,reward,1,Hopper-v4,10.658277024065,13.69
15300,reward,1,Hopper-v4,5.130360270373889,13.389
15310,reward,1,Hopper-v4,8.653048836534047,12.902
15318,reward,1,Hopper-v4,6.460926293959335,12.501
15327,reward,1,Hopper-v4,7.417670033311729,10.38
15338,reward,1,Hopper-v4,9.450612201648008,10.267
15345,reward,1,Hopper-v4,5.134811668592163,9.874
15353,reward,1,Hopper-v4,5.82379668055075,9.524
15366,reward,1,Hopper-v4,10.717479722658782,7.545
15376,reward,1,Hopper-v4,8.12679961642283,7.757
15384,reward,1,Hopper-v4,6.205999725647622,7.312
15399,reward,1,Hopper-v4,12.06234113896274,8.005
15408,reward,1,Hopper-v4,6.444922009731602,7.785
15422,reward,1,Hopper-v4,9.99235216423023,8.138
15437,reward,1,Hopper-v4,13.898417425993484,8.786
15449,reward,1,Hopper-v4,10.665065790175838,8.907
15459,reward,1,Hopper-v4,7.958678378915373,9.19
15469,reward,1,Hopper-v4,8.035575661586085,9.411
15481,reward,1,Hopper-v4,9.407926589480772,9.28
15493,reward,1,Hopper-v4,8.449275855406409,9.312
15501,reward,1,Hopper-v4,6.2946969666041275,9.321
15521,reward,1,Hopper-v4,18.459758415828137,9.961
15528,reward,1,Hopper-v4,5.230307467560936,9.839
15565,reward,1,Hopper-v4,51.34421744364801,13.974
15589,reward,1,Hopper-v4,19.455591986383986,14.53
15601,reward,1,Hopper-v4,9.973405486735995,14.461
15613,reward,1,Hopper-v4,8.902638783172273,14.555
15629,reward,1,Hopper-v4,11.059404197652695,14.858
15638,reward,1,Hopper-v4,5.80721827001409,14.498
15646,reward,1,Hopper-v4,4.885954267499677,14.141
15657,reward,1,Hopper-v4,9.418826664102685,14.454
15668,reward,1,Hopper-v4,7.257553080541238,13.334
15692,reward,1,Hopper-v4,27.808174415316508,15.591
15701,reward,1,Hopper-v4,6.3113227672747785,11.088
15714,reward,1,Hopper-v4,8.344502321700231,9.977
15750,reward,1,Hopper-v4,33.23630337968572,12.303
15789,reward,1,Hopper-v4,54.2219711153747,16.835
15797,reward,1,Hopper-v4,5.979017705815307,16.327
15815,reward,1,Hopper-v4,17.150868739905338,17.461
15835,reward,1,Hopper-v4,17.320224629118123,18.705
15844,reward,1,Hopper-v4,6.498281277852333,18.413
15853,reward,1,Hopper-v4,6.967107576594503,18.384
15874,reward,1,Hopper-v4,14.76712886301962,17.08
15886,reward,1,Hopper-v4,9.638953491441638,17.412
15902,reward,1,Hopper-v4,11.26719533338201,17.705
15913,reward,1,Hopper-v4,7.345353242325536,15.116
15925,reward,1,Hopper-v4,9.89521142224541,10.683
15935,reward,1,Hopper-v4,5.870235147191091,10.672
15945,reward,1,Hopper-v4,7.322484976043081,9.689
15955,reward,1,Hopper-v4,7.430335122896805,8.7
15976,reward,1,Hopper-v4,13.44001738077422,9.394
15987,reward,1,Hopper-v4,7.837082094027677,9.481
15997,reward,1,Hopper-v4,7.803559279332931,8.785
16014,reward,1,Hopper-v4,6.600305119699907,8.481
16030,reward,1,Hopper-v4,14.18743440049047,8.773
16041,reward,1,Hopper-v4,8.244616804905174,8.863
16051,reward,1,Hopper-v4,7.650847219820037,8.639
16058,reward,1,Hopper-v4,5.151933512711312,8.567
16065,reward,1,Hopper-v4,4.775111583980611,8.312
16082,reward,1,Hopper-v4,15.72508841357445,9.142
16090,reward,1,Hopper-v4,5.878391579544283,8.385
16102,reward,1,Hopper-v4,9.488260412758587,8.551
16116,reward,1,Hopper-v4,9.07359664017794,8.678
16129,reward,1,Hopper-v4,12.038900714732282,9.221
16164,reward,1,Hopper-v4,28.183037260809066,10.621
16192,reward,1,Hopper-v4,7.691670494924549,10.566
16201,reward,1,Hopper-v4,7.373118238699862,10.538
16212,reward,1,Hopper-v4,7.2590534795442325,10.749
16222,reward,1,Hopper-v4,6.5943706980333054,10.931
16235,reward,1,Hopper-v4,10.194506697422913,10.377
16246,reward,1,Hopper-v4,8.604358870987813,10.65
16258,reward,1,Hopper-v4,8.935912956884144,10.595
16283,reward,1,Hopper-v4,9.696040053053617,10.657
16294,reward,1,Hopper-v4,6.991875570062751,10.152
16320,reward,1,Hopper-v4,30.03639302732229,10.338
16331,reward,1,Hopper-v4,9.107677704293716,10.479
16340,reward,1,Hopper-v4,7.331919611238023,10.475
16353,reward,1,Hopper-v4,10.275904894462425,10.777
16360,reward,1,Hopper-v4,4.432499534450449,10.561
16371,reward,1,Hopper-v4,8.804325109592568,10.422
16380,reward,1,Hopper-v4,7.708785728690347,10.332
16387,reward,1,Hopper-v4,5.23151627848583,9.962
16394,reward,1,Hopper-v4,4.448816388286108,9.437
16403,reward,1,Hopper-v4,6.658867215173442,9.404
16415,reward,1,Hopper-v4,11.279164793556884,7.528
16425,reward,1,Hopper-v4,7.077750220708847,7.325
16441,reward,1,Hopper-v4,10.051057478306701,7.597
16458,reward,1,Hopper-v4,14.282071981341272,7.997
16466,reward,1,Hopper-v4,6.548523506680634,8.209
16473,reward,1,Hopper-v4,4.811045115776073,7.81
16484,reward,1,Hopper-v4,8.2457065354595,7.863
16492,reward,1,Hopper-v4,5.723511166171306,7.913
16501,reward,1,Hopper-v4,7.21870413880992,8.19
16518,reward,1,Hopper-v4,8.808442207038395,8.405
16529,reward,1,Hopper-v4,9.625905576246135,8.239
16539,reward,1,Hopper-v4,8.439987824211359,8.375
16572,reward,1,Hopper-v4,25.0077108177038,9.871
16584,reward,1,Hopper-v4,7.770926259020301,9.22
16596,reward,1,Hopper-v4,10.264829632419266,9.592
16615,reward,1,Hopper-v4,10.22903107255324,10.133
16644,reward,1,Hopper-v4,25.875950969180394,11.896
16654,reward,1,Hopper-v4,6.349365054730546,11.959
16668,reward,1,Hopper-v4,6.64874963205431,11.902
16677,reward,1,Hopper-v4,5.112382520777512,11.532
16698,reward,1,Hopper-v4,15.483893785739934,12.118
16707,reward,1,Hopper-v4,7.235379705482872,11.998
16723,reward,1,Hopper-v4,10.473451528088512,10.544
16741,reward,1,Hopper-v4,13.122170793211819,11.08
16753,reward,1,Hopper-v4,8.495732141156445,10.903
16762,reward,1,Hopper-v4,7.22134112204981,10.602
16782,reward,1,Hopper-v4,20.045030084110632,10.019
16794,reward,1,Hopper-v4,7.208448246712619,10.105
16807,reward,1,Hopper-v4,9.274352528774944,10.367
16825,reward,1,Hopper-v4,14.599600814055037,11.316
16836,reward,1,Hopper-v4,8.806426578040053,10.648
16843,reward,1,Hopper-v4,4.740992530363778,10.399
16851,reward,1,Hopper-v4,5.326947011212488,9.884
16863,reward,1,Hopper-v4,6.458066944796486,9.218
16873,reward,1,Hopper-v4,8.46551876351826,9.215
16892,reward,1,Hopper-v4,10.086419511592995,9.501
16905,reward,1,Hopper-v4,8.943256521243171,8.391
16918,reward,1,Hopper-v4,12.448925310530422,8.915
16926,reward,1,Hopper-v4,5.077409614096937,8.495
16935,reward,1,Hopper-v4,7.457384012910248,7.781
16945,reward,1,Hopper-v4,6.959539970226831,7.596
16952,reward,1,Hopper-v4,4.26164069328544,7.549
16960,reward,1,Hopper-v4,6.146601836317565,7.63
16971,reward,1,Hopper-v4,6.8926785918889975,7.674
16994,reward,1,Hopper-v4,20.493965737510326,8.877
17004,reward,1,Hopper-v4,6.264834058796403,8.495
17012,reward,1,Hopper-v4,4.779347134503343,8.078
17020,reward,1,Hopper-v4,6.018307087124188,7.435
17030,reward,1,Hopper-v4,7.4141555879741645,7.669
17038,reward,1,Hopper-v4,4.619506179624005,7.385
17050,reward,1,Hopper-v4,6.833395090926953,7.372
17066,reward,1,Hopper-v4,16.499674656554042,8.596
17081,reward,1,Hopper-v4,7.900479776059159,8.772
17091,reward,1,Hopper-v4,8.211685208127282,8.904
17113,reward,1,Hopper-v4,22.131503511621766,9.067
17143,reward,1,Hopper-v4,11.133232164002031,9.554
17158,reward,1,Hopper-v4,9.91706556253248,10.068
17167,reward,1,Hopper-v4,6.809992649594998,10.147
17181,reward,1,Hopper-v4,12.045456558214395,10.61
17196,reward,1,Hopper-v4,6.250970151147319,10.773
17208,reward,1,Hopper-v4,10.3582449623621,11.126
17231,reward,1,Hopper-v4,2.360352369731426,9.712
17246,reward,1,Hopper-v4,13.750957549977716,10.297
17262,reward,1,Hopper-v4,7.183613119574762,10.194
17270,reward,1,Hopper-v4,6.461412104030713,8.627
17280,reward,1,Hopper-v4,7.952329701500141,8.309
17288,reward,1,Hopper-v4,5.042676656835404,7.822
17320,reward,1,Hopper-v4,11.544631536259926,8.295
17342,reward,1,Hopper-v4,2.5620976842604497,7.347
17355,reward,1,Hopper-v4,11.16642065140769,7.838
17374,reward,1,Hopper-v4,17.578811396824193,8.56
17398,reward,1,Hopper-v4,15.409003792162606,9.865
17406,reward,1,Hopper-v4,5.956589196409498,9.086
17417,reward,1,Hopper-v4,7.079639146450633,9.075
17428,reward,1,Hopper-v4,9.075520604147009,9.337
17440,reward,1,Hopper-v4,10.612261559184981,9.603
17456,reward,1,Hopper-v4,16.68447885722947,10.767
17469,reward,1,Hopper-v4,11.67369466743275,10.78
17476,reward,1,Hopper-v4,5.016013695694609,11.025
17485,reward,1,Hopper-v4,7.220653807058035,10.631
17514,reward,1,Hopper-v4,34.16124178957131,12.289
17540,reward,1,Hopper-v4,15.786835801910268,12.327
17548,reward,1,Hopper-v4,5.0186241565588245,12.233
17575,reward,1,Hopper-v4,14.410635299533856,12.966
17593,reward,1,Hopper-v4,18.49053970360246,13.907
17600,reward,1,Hopper-v4,4.668189202841664,13.313
17625,reward,1,Hopper-v4,10.246474893619116,12.669
17643,reward,1,Hopper-v4,19.41873845083162,13.444
17675,reward,1,Hopper-v4,31.763169527876702,16.119
17685,reward,1,Hopper-v4,8.04371026780964,16.201
17695,reward,1,Hopper-v4,7.714565542974026,13.556
17704,reward,1,Hopper-v4,5.175512017873941,12.495
17733,reward,1,Hopper-v4,9.422046103566323,12.935
17754,reward,1,Hopper-v4,6.472325500779512,12.142
17774,reward,1,Hopper-v4,19.027861833274443,12.195
17793,reward,1,Hopper-v4,19.061733502112364,13.635
17806,reward,1,Hopper-v4,12.366210017024668,13.847
17840,reward,1,Hopper-v4,5.846048477230031,12.489
17856,reward,1,Hopper-v4,6.998851005694101,10.013
17866,reward,1,Hopper-v4,8.253794318489547,10.034
17880,reward,1,Hopper-v4,8.975551252551034,10.16
17890,reward,1,Hopper-v4,8.18159514314963,10.461
17909,reward,1,Hopper-v4,19.63121738174312,11.482
17918,reward,1,Hopper-v4,5.419644946377237,11.376
17928,reward,1,Hopper-v4,6.166727245560949,10.09
17939,reward,1,Hopper-v4,8.7102390260879,9.055
17951,reward,1,Hopper-v4,8.792426303558177,8.698
17968,reward,1,Hopper-v4,9.95312997306478,9.108
17978,reward,1,Hopper-v4,7.698226458832327,9.178
17988,reward,1,Hopper-v4,7.2421630464131175,9.077
17998,reward,1,Hopper-v4,8.559816654007294,9.036
18011,reward,1,Hopper-v4,11.10359472537375,9.328
18040,reward,1,Hopper-v4,31.21002625501222,10.486
18052,reward,1,Hopper-v4,7.050266097338076,10.649
18061,reward,1,Hopper-v4,6.744916718862694,10.706
18072,reward,1,Hopper-v4,8.74761745649398,10.71
18081,reward,1,Hopper-v4,6.9440827950199955,10.525
18094,reward,1,Hopper-v4,11.659640482719158,10.696
18111,reward,1,Hopper-v4,16.414322290544874,11.568
18135,reward,1,Hopper-v4,11.789954540214323,12.022
18147,reward,1,Hopper-v4,8.16179527538775,11.983
18160,reward,1,Hopper-v4,9.633004002538819,11.836
18189,reward,1,Hopper-v4,4.476207367268362,9.162
18204,reward,1,Hopper-v4,11.69172641296128,9.626
18225,reward,1,Hopper-v4,18.496908383863033,10.802
18235,reward,1,Hopper-v4,6.544065493309592,10.581
18245,reward,1,Hopper-v4,7.474306763411925,10.634
18252,reward,1,Hopper-v4,5.187175699330253,9.987
18281,reward,1,Hopper-v4,12.169162330783731,9.562
18295,reward,1,Hopper-v4,10.93214389057676,9.477
18306,reward,1,Hopper-v4,8.714511837426395,9.532
18317,reward,1,Hopper-v4,9.528666174396418,9.521
18342,reward,1,Hopper-v4,16.102275921617302,10.684
18363,reward,1,Hopper-v4,5.030326740740849,10.018
18409,reward,1,Hopper-v4,62.60664628201149,14.429
18419,reward,1,Hopper-v4,8.046037908592119,14.579
18430,reward,1,Hopper-v4,7.0092962136834105,14.533
18439,reward,1,Hopper-v4,7.54032695371231,14.768
18456,reward,1,Hopper-v4,13.667236262566538,14.918
18496,reward,1,Hopper-v4,35.05391979319008,17.33
18504,reward,1,Hopper-v4,6.25993789916377,17.084
18534,reward,1,Hopper-v4,5.2988576658666044,16.661
18551,reward,1,Hopper-v4,3.6258756167444792,15.414
18560,reward,1,Hopper-v4,5.905377330151587,15.501
18584,reward,1,Hopper-v4,10.003629290364566,10.241
18609,reward,1,Hopper-v4,27.129702854412994,12.149
18617,reward,1,Hopper-v4,5.76593751722683,12.025
18628,reward,1,Hopper-v4,6.481416730888943,11.919
18641,reward,1,Hopper-v4,11.976031113424144,11.75
18662,reward,1,Hopper-v4,10.29361178982791,9.274
18674,reward,1,Hopper-v4,8.04377801390551,9.452
18697,reward,1,Hopper-v4,18.841594191242944,10.807
18705,reward,1,Hopper-v4,6.75592220942397,11.12
18721,reward,1,Hopper-v4,13.957175106492667,11.925
18729,reward,1,Hopper-v4,5.529955429165038,11.478
18749,reward,1,Hopper-v4,11.85021107031219,9.95
18760,reward,1,Hopper-v4,8.49492361866874,10.222
18799,reward,1,Hopper-v4,46.778580300332386,14.252
18817,reward,1,Hopper-v4,7.918065839938601,13.846
18841,reward,1,Hopper-v4,8.095915777391918,13.627
18857,reward,1,Hopper-v4,10.952273779360656,13.917
18868,reward,1,Hopper-v4,8.392216888132486,12.873
18882,reward,1,Hopper-v4,5.753312735336988,12.772
18906,reward,1,Hopper-v4,14.498369000307711,12.826
18915,reward,1,Hopper-v4,5.936157972597508,12.867
18940,reward,1,Hopper-v4,11.593988307120267,12.841
18960,reward,1,Hopper-v4,19.520413817975143,13.944
18989,reward,1,Hopper-v4,14.370052188583081,10.703
18999,reward,1,Hopper-v4,6.221479331006079,10.533
19030,reward,1,Hopper-v4,14.075961988524142,11.131
19053,reward,1,Hopper-v4,17.989779595641608,11.835
19076,reward,1,Hopper-v4,24.003851242622325,13.396
19085,reward,1,Hopper-v4,7.2933722073225,13.55
19098,reward,1,Hopper-v4,9.309334780893671,13.031
19112,reward,1,Hopper-v4,14.232160253206564,13.861
19122,reward,1,Hopper-v4,8.176667957443566,13.519
19144,reward,1,Hopper-v4,15.284694530821358,13.096
19155,reward,1,Hopper-v4,8.408643042363112,12.5
19166,reward,1,Hopper-v4,9.022371048104299,12.78
19184,reward,1,Hopper-v4,15.391130940639652,12.911
19195,reward,1,Hopper-v4,7.615816062729371,11.874
19211,reward,1,Hopper-v4,9.948737103905398,10.468
19220,reward,1,Hopper-v4,6.959252009323791,10.435
19238,reward,1,Hopper-v4,7.383874216123903,10.242
19249,reward,1,Hopper-v4,6.100270348652793,9.429
19276,reward,1,Hopper-v4,7.397085388848679,9.351
19296,reward,1,Hopper-v4,18.997765802210573,9.722
19305,reward,1,Hopper-v4,6.860213817263438,9.568
19313,reward,1,Hopper-v4,5.4249315210849,9.208
19322,reward,1,Hopper-v4,7.309883633362979,8.4
19331,reward,1,Hopper-v4,6.616213874571027,8.3
19348,reward,1,Hopper-v4,14.99646897003165,8.805
19382,reward,1,Hopper-v4,29.779059258455167,11.087
19415,reward,1,Hopper-v4,18.933238491415977,12.242
19433,reward,1,Hopper-v4,13.729881184585711,13.004
19448,reward,1,Hopper-v4,10.635517782151267,13.328
19464,reward,1,Hopper-v4,10.111980022561214,12.44
19473,reward,1,Hopper-v4,5.751980479232666,12.329
19481,reward,1,Hopper-v4,5.8991212297424935,12.376
19492,reward,1,Hopper-v4,8.445837677812376,12.49
19524,reward,1,Hopper-v4,8.420814169996687,12.67
19533,reward,1,Hopper-v4,6.452271743370917,11.816
19564,reward,1,Hopper-v4,8.6581905034675,9.704
19586,reward,1,Hopper-v4,6.662422904892633,8.477
19605,reward,1,Hopper-v4,11.66631470906232,8.27
19629,reward,1,Hopper-v4,19.21800675215356,9.129
19644,reward,1,Hopper-v4,12.82168007608703,9.4
19666,reward,1,Hopper-v4,25.469333755077287,11.371
19678,reward,1,Hopper-v4,7.908962999892909,11.572
19699,reward,1,Hopper-v4,20.16144178391631,12.744
19711,reward,1,Hopper-v4,10.247670308930047,12.927
19742,reward,1,Hopper-v4,5.526193115636477,12.834
19756,reward,1,Hopper-v4,10.762885631908233,13.044
19775,reward,1,Hopper-v4,21.373098927430746,14.516
19791,reward,1,Hopper-v4,12.8657519793428,14.636
19803,reward,1,Hopper-v4,10.229183639123391,13.737
19812,reward,1,Hopper-v4,7.380919359623379,13.193
19821,reward,1,Hopper-v4,7.4615410931890835,11.392
19833,reward,1,Hopper-v4,8.54075777717742,11.455
19849,reward,1,Hopper-v4,13.758302123988244,10.815
19858,reward,1,Hopper-v4,7.5422483610195705,10.544
19869,reward,1,Hopper-v4,8.69980891872725,10.861
19891,reward,1,Hopper-v4,10.855120583936337,10.871
19904,reward,1,Hopper-v4,11.581812797983444,9.892
19922,reward,1,Hopper-v4,17.758508835326023,10.381
19958,reward,1,Hopper-v4,17.18813546297543,11.077
19969,reward,1,Hopper-v4,5.806493298768565,10.919
19982,reward,1,Hopper-v4,11.291550755910551,11.302
20000,eval,1,Hopper-v4,Hopper-v4,6.509,0.692939,2.884
20000,eval,1,Hopper-v4,Walker2d-v4,15.617,0.636839,8.906
20008,reward,1,Hopper-v4,26.473976645624997,13.096
20024,reward,1,Hopper-v4,10.735480090592114,12.793
20033,reward,1,Hopper-v4,6.815953219194276,12.721
20040,reward,1,Hopper-v4,4.745195281671857,12.325
20051,reward,1,Hopper-v4,4.73386958674486,11.713
20066,reward,1,Hopper-v4,8.383039285116851,11.393
20080,reward,1,Hopper-v4,9.25998587918259,10.543
20113,reward,1,Hopper-v4,12.521660187074314,10.077
20124,reward,1,Hopper-v4,4.298519050789365,9.926
20137,reward,1,Hopper-v4,11.786678718672484,9.975
20147,reward,1,Hopper-v4,7.355656560831168,8.064
20159,reward,1,Hopper-v4,9.494462682790676,7.94
20168,reward,1,Hopper-v4,5.79661017237878,7.838
20177,reward,1,Hopper-v4,6.285956202194073,7.992
20194,reward,1,Hopper-v4,16.011710918151426,9.119
20205,reward,1,Hopper-v4,6.168385802115492,8.898
20221,reward,1,Hopper-v4,12.069666361579538,9.179
20231,reward,1,Hopper-v4,8.458111352446466,8.773
20249,reward,1,Hopper-v4,10.824705523089195,9.425
20260,reward,1,Hopper-v4,8.58767512183561,9.105
20269,reward,1,Hopper-v4,7.166325837295371,9.086
20296,reward,1,Hopper-v4,11.542361443576606,9.291
20309,reward,1,Hopper-v4,11.74326718633258,9.886
20319,reward,1,Hopper-v4,7.017840298871389,9.959
20347,reward,1,Hopper-v4,39.00629425447889,12.258
20362,reward,1,Hopper-v4,10.140019342096968,12.656
20371,reward,1,Hopper-v4,6.946969623217902,12.143
20381,reward,1,Hopper-v4,8.39947587315693,12.137
20392,reward,1,Hopper-v4,9.209704891167235,11.976
20399,reward,1,Hopper-v4,5.3137892589331015,11.649
20424,reward,1,Hopper-v4,8.93278145767052,11.825
20435,reward,1,Hopper-v4,8.112492652575986,11.482
20448,reward,1,Hopper-v4,11.556758063815492,11.464
20474,reward,1,Hopper-v4,12.603668028395663,12.022
20487,reward,1,Hopper-v4,10.844977800606015,9.206
20498,reward,1,Hopper-v4,6.059680299526275,8.798
20509,reward,1,Hopper-v4,6.795856100832782,8.783
20517,reward,1,Hopper-v4,5.790835425796963,8.522
20527,reward,1,Hopper-v4,3.6303837490252193,7.964
20539,reward,1,Hopper-v4,10.616648853423989,8.494
20550,reward,1,Hopper-v4,9.145463111000968,8.516
20566,reward,1,Hopper-v4,10.680073336949826,8.772
20577,reward,1,Hopper-v4,8.984710505818532,8.515
20591,reward,1,Hopper-v4,7.691772178526563,8.024
20613,reward,1,Hopper-v4,22.784007375786395,9.218
20725,reward,1,Hopper-v4,207.81053277504304,29.393
20738,reward,1,Hopper-v4,9.900289452981644,29.703
20751,reward,1,Hopper-v4,8.404725557716382,29.965
20764,reward,1,Hopper-v4,10.41755276916168,30.644
20772,reward,1,Hopper-v4,6.893651551336065,30.271
20796,reward,1,Hopper-v4,27.07621366401242,32.064
20823,reward,1,Hopper-v4,9.0036229738007,31.897
20858,reward,1,Hopper-v4,19.55286257497928,32.954
20871,reward,1,Hopper-v4,8.787685965982972,33.063
20882,reward,1,Hopper-v4,9.120184305884534,31.697
20903,reward,1,Hopper-v4,20.988963190653706,13.015
20913,reward,1,Hopper-v4,8.165860998866142,12.841
20926,reward,1,Hopper-v4,9.849803696896572,12.986
20936,reward,1,Hopper-v4,7.58439168315799,12.702
20959,reward,1,Hopper-v4,26.004239660134754,14.613
20974,reward,1,Hopper-v4,8.336573591096576,12.739
20996,reward,1,Hopper-v4,10.143121291994213,12.853
21025,reward,1,Hopper-v4,17.56546725596232,12.655
21033,reward,1,Hopper-v4,6.030887253222109,12.379
21121,reward,1,Hopper-v4,128.174643577251,24.284
21138,reward,1,Hopper-v4,14.17449586803173,23.603
21156,reward,1,Hopper-v4,15.222359194889853,24.309
21165,reward,1,Hopper-v4,7.5451173988464815,24.078
21210,reward,1,Hopper-v4,38.41825498152223,27.162
21228,reward,1,Hopper-v4,8.455315695604206,25.407
21245,reward,1,Hopper-v4,16.226177157031202,26.196
21253,reward,1,Hopper-v4,6.326114610923484,25.814
21269,reward,1,Hopper-v4,11.957724494780766,25.253
21279,reward,1,Hopper-v4,8.290483000864125,25.479
21287,reward,1,Hopper-v4,6.472488290461025,13.309
21300,reward,1,Hopper-v4,8.190486345229086,12.71
21308,reward,1,Hopper-v4,6.7982332644714925,11.868
21325,reward,1,Hopper-v4,7.557171009149412,11.869
21337,reward,1,Hopper-v4,10.018159292576927,9.029
21351,reward,1,Hopper-v4,13.37361860825872,9.521
21369,reward,1,Hopper-v4,11.379644768414174,9.036
21379,reward,1,Hopper-v4,8.346331071249116,9.238
21407,reward,1,Hopper-v4,34.35280223404664,11.478
21432,reward,1,Hopper-v4,29.46865441899971,13.596
21443,reward,1,Hopper-v4,7.968062585287697,13.745
21451,reward,1,Hopper-v4,4.945013113606778,13.421
21469,reward,1,Hopper-v4,19.250065732577422,14.666
21479,reward,1,Hopper-v4,8.333312142223313,14.744
21496,reward,1,Hopper-v4,13.712875781046147,15.113
21510,reward,1,Hopper-v4,9.889126037758192,14.765
21530,reward,1,Hopper-v4,8.615595715859094,14.488
21542,reward,1,Hopper-v4,6.582149100297096,14.312
21565,reward,1,Hopper-v4,23.18778273423749,13.195
21594,reward,1,Hopper-v4,18.724763948899064,12.121
21609,reward,1,Hopper-v4,14.757373120412812,12.8
21635,reward,1,Hopper-v4,11.906538139537604,13.496
21644,reward,1,Hopper-v4,7.5345100198944195,12.324
21677,reward,1,Hopper-v4,27.893090844975703,14.28
21700,reward,1,Hopper-v4,22.940649000227392,15.203
21726,reward,1,Hopper-v4,22.871127225847435,16.501
21736,reward,1,Hopper-v4,6.200632132058697,16.26
21811,reward,1,Hopper-v4,104.38455283251609,26.04
21850,reward,1,Hopper-v4,10.565959490276658,24.778
21900,reward,1,Hopper-v4,76.56311808556082,30.562
21936,reward,1,Hopper-v4,50.123063508337474,34.098
21947,reward,1,Hopper-v4,9.98971571036592,33.907
21970,reward,1,Hopper-v4,17.795697011591756,34.933
21988,reward,1,Hopper-v4,9.945873950511134,33.138
22003,reward,1,Hopper-v4,10.660718765040457,31.91
22013,reward,1,Hopper-v4,8.001273247227823,30.423
22020,reward,1,Hopper-v4,5.02604483414697,30.306
22030,reward,1,Hopper-v4,6.626217341007699,20.53
22048,reward,1,Hopper-v4,8.846842916890262,20.358
22064,reward,1,Hopper-v4,10.697650406319205,13.771
22092,reward,1,Hopper-v4,23.27253858723386,11.086
22118,reward,1,Hopper-v4,16.035299578152227,11.691
22133,reward,1,Hopper-v4,11.955088106140014,11.107
22149,reward,1,Hopper-v4,15.236831762150333,11.636
22172,reward,1,Hopper-v4,9.987055594660887,11.568
22192,reward,1,Hopper-v4,21.75655498127212,12.944
22202,reward,1,Hopper-v4,7.996249539738096,13.241
22216,reward,1,Hopper-v4,12.39772134896284,13.818
22225,reward,1,Hopper-v4,7.018022503875501,13.635
22249,reward,1,Hopper-v4,12.036769106804817,13.769
22261,reward,1,Hopper-v4,7.070322935744122,12.149
22271,reward,1,Hopper-v4,6.050088448286661,11.15
22317,reward,1,Hopper-v4,53.405215745158365,15.295
22339,reward,1,Hopper-v4,16.875462749723475,15.459
22359,reward,1,Hopper-v4,11.585231268211954,15.619
22384,reward,1,Hopper-v4,28.421403693283143,16.286
22406,reward,1,Hopper-v4,16.075020495451795,17.094
22427,reward,1,Hopper-v4,13.041376780932675,17.158
22436,reward,1,Hopper-v4,6.460262023031806,17.102
22446,reward,1,Hopper-v4,7.9059027194003875,16.689
22486,reward,1,Hopper-v4,54.32874836795982,21.415
22497,reward,1,Hopper-v4,11.404205082472533,21.95
22509,reward,1,Hopper-v4,11.748602869511961,17.785
22520,reward,1,Hopper-v4,6.37159993662645,16.734
22550,reward,1,Hopper-v4,11.164093321936134,16.692
22585,reward,1,Hopper-v4,31.8846769431918,17.038
22593,reward,1,Hopper-v4,5.920650213979348,16.023
22619,reward,1,Hopper-v4,26.63659826357093,17.383
22631,reward,1,Hopper-v4,5.681743814437984,17.305
22641,reward,1,Hopper-v4,7.816300580955475,17.296
22653,reward,1,Hopper-v4,7.913462769975354,12.654
22665,reward,1,Hopper-v4,10.753616011410088,12.589
22696,reward,1,Hopper-v4,24.543949855888584,13.869
22717,reward,1,Hopper-v4,8.864982526210566,14.118
22727,reward,1,Hopper-v4,9.023482806535002,13.904
22749,reward,1,Hopper-v4,20.716038098881587,12.787
22757,reward,1,Hopper-v4,5.554026940706022,12.75
22766,reward,1,Hopper-v4,7.252553743498065,10.812
22785,reward,1,Hopper-v4,16.145182778028634,11.858
22812,reward,1,Hopper-v4,6.479265684726963,11.725
22823,reward,1,Hopper-v4,7.523388725466852,11.686
22835,reward,1,Hopper-v4,10.828607419286337,11.693
22848,reward,1,Hopper-v4,8.65548868970625,10.104
22856,reward,1,Hopper-v4,6.1407695656223495,9.832
22875,reward,1,Hopper-v4,20.163353072268194,10.946
22897,reward,1,Hopper-v4,11.77551384396674,10.052
22908,reward,1,Hopper-v4,9.417388491341466,10.438
22915,reward,1,Hopper-v4,4.77117771050945,10.19
22929,reward,1,Hopper-v4,9.419881278022633,9.517
22953,reward,1,Hopper-v4,28.531991475767203,11.723
22965,reward,1,Hopper-v4,10.423245911616476,12.013
22975,reward,1,Hopper-v4,8.22318437203815,11.752
22987,reward,1,Hopper-v4,9.722709404864828,11.859
22999,reward,1,Hopper-v4,5.837400901656079,11.829
23007,reward,1,Hopper-v4,5.98384423728747,10.411
23033,reward,1,Hopper-v4,19.594858057808228,11.193
23061,reward,1,Hopper-v4,28.303493536879532,13.081
23076,reward,1,Hopper-v4,14.080724671596915,14.012
23095,reward,1,Hopper-v4,13.796362832662597,14.45
23108,reward,1,Hopper-v4,11.227905144116479,12.719
23118,reward,1,Hopper-v4,7.827783454468663,12.46
23129,reward,1,Hopper-v4,8.655613621649552,12.503
23143,reward,1,Hopper-v4,13.00005668972524,12.831
23164,reward,1,Hopper-v4,15.501807659624138,13.797
23199,reward,1,Hopper-v4,6.7108465329040925,13.87
23223,reward,1,Hopper-v4,9.013995463348069,12.812
23232,reward,1,Hopper-v4,7.564462280838826,10.738
23258,reward,1,Hopper-v4,17.196642932403098,11.05
23266,reward,1,Hopper-v4,6.147486237308173,10.285
23275,reward,1,Hopper-v4,4.156407612492567,9.578
23297,reward,1,Hopper-v4,16.022570678730425,10.397
23321,reward,1,Hopper-v4,25.196949298547324,12.051
23340,reward,1,Hopper-v4,18.519210650071752,12.603
23385,reward,1,Hopper-v4,25.544586339054334,13.607
23393,reward,1,Hopper-v4,5.257270068712484,13.462
23410,reward,1,Hopper-v4,12.142109966644623,13.775
23441,reward,1,Hopper-v4,31.80432539425664,16.199
23454,reward,1,Hopper-v4,11.167178622915046,15.596
23463,reward,1,Hopper-v4,6.491634432666464,15.63
23473,reward,1,Hopper-v4,8.388444114635178,16.053
23499,reward,1,Hopper-v4,25.255391943591526,16.977
23517,reward,1,Hopper-v4,20.031829983729203,16.46
23529,reward,1,Hopper-v4,8.698392091520759,15.478
23540,reward,1,Hopper-v4,9.24474687752942,13.848
23579,reward,1,Hopper-v4,10.962153856546731,14.419
23592,reward,1,Hopper-v4,8.572469836029093,14.062
23607,reward,1,Hopper-v4,15.013913166294532,12.383
23626,reward,1,Hopper-v4,19.985996523650144,13.264
23640,reward,1,Hopper-v4,12.11645423637265,13.827
23660,reward,1,Hopper-v4,14.472339140957601,14.435
23695,reward,1,Hopper-v4,39.69599264489956,15.879
23712,reward,1,Hopper-v4,17.081589223363885,15.584
23729,reward,1,Hopper-v4,12.222734136354171,15.937
23742,reward,1,Hopper-v4,11.779331662576137,16.19
23750,reward,1,Hopper-v4,5.5921577672167,15.653
23848,reward,1,Hopper-v4,161.7389027103234,30.97
23857,reward,1,Hopper-v4,5.2138789366091425,29.99
23871,reward,1,Hopper-v4,12.02474319736593,29.194
23885,reward,1,Hopper-v4,8.913101783464176,28.873
23913,reward,1,Hopper-v4,19.34664833837086,29.361
23934,reward,1,Hopper-v4,20.48583622180377,27.44
23963,reward,1,Hopper-v4,20.234090588890787,27.755
23972,reward,1,Hopper-v4,7.515513608187913,27.284
23981,reward,1,Hopper-v4,4.8653039055459555,26.593
24085,reward,1,Hopper-v4,208.20259323942997,46.854
24095,reward,1,Hopper-v4,7.3856668732328785,31.419
24104,reward,1,Hopper-v4,4.896436306381125,31.387
24126,reward,1,Hopper-v4,15.415371898670571,31.726
24139,reward,1,Hopper-v4,5.959982471294442,31.431
24151,reward,1,Hopper-v4,9.851949851122981,30.481
24164,reward,1,Hopper-v4,12.108651364402753,29.644
24174,reward,1,Hopper-v4,7.999958164233913,28.42
24208,reward,1,Hopper-v4,20.855082068939442,29.754
24222,reward,1,Hopper-v4,13.279623798027087,30.596
24229,reward,1,Hopper-v4,4.362148893545914,10.211
24257,reward,1,Hopper-v4,7.943331197345064,10.267
24265,reward,1,Hopper-v4,5.5941263813976,10.337
24276,reward,1,Hopper-v4,9.07209969418606,9.703
24286,reward,1,Hopper-v4,6.8762661705448735,9.794
24399,reward,1,Hopper-v4,217.19348402457513,30.528
24418,reward,1,Hopper-v4,10.250587207924067,30.343
24426,reward,1,Hopper-v4,6.387966609263779,30.181
24440,reward,1,Hopper-v4,12.911190535850832,29.387
24453,reward,1,Hopper-v4,12.550337149052002,29.314
24467,reward,1,Hopper-v4,4.546510428492599,29.333
24476,reward,1,Hopper-v4,6.212020386439458,29.159
24486,reward,1,Hopper-v4,8.112146924219097,29.411
24499,reward,1,Hopper-v4,10.827688087547415,29.587
24516,reward,1,Hopper-v4,8.49924177178176,29.749
24568,reward,1,Hopper-v4,77.57870949145409,15.788
24593,reward,1,Hopper-v4,14.617098799769291,16.224
24622,reward,1,Hopper-v4,4.906115664325407,16.076
24641,reward,1,Hopper-v4,14.095111436318003,16.194
24679,reward,1,Hopper-v4,31.011983709321825,18.041
24693,reward,1,Hopper-v4,6.470847366294605,18.233
24709,reward,1,Hopper-v4,9.815573134018225,18.593
24724,reward,1,Hopper-v4,14.802029055752406,19.262
24752,reward,1,Hopper-v4,23.569136730515762,20.537
24772,reward,1,Hopper-v4,15.32185363793776,21.219
24782,reward,1,Hopper-v4,8.18204766337891,14.279
24792,reward,1,Hopper-v4,8.889717540637069,13.706
24838,reward,1,Hopper-v4,66.12486700423385,19.828
24853,reward,1,Hopper-v4,12.105030447998836,19.629
24864,reward,1,Hopper-v4,9.209755299649222,17.449
24893,reward,1,Hopper-v4,28.04879653537406,19.607
24923,reward,1,Hopper-v4,36.658497042593986,22.291
24945,reward,1,Hopper-v4,16.26777158754816,22.438
24961,reward,1,Hopper-v4,14.368029114083168,21.518
24979,reward,1,Hopper-v4,15.68946898409889,21.554
24992,reward,1,Hopper-v4,7.7342271573555506,21.51
25006,reward,1,Hopper-v4,13.763528698741371,21.997
25023,reward,1,Hopper-v4,6.092555680446154,15.994
25046,reward,1,Hopper-v4,11.545680342807021,15.938
25062,reward,1,Hopper-v4,10.65422488034788,16.082
25073,reward,1,Hopper-v4,4.7020061492337355,13.748
25083,reward,1,Hopper-v4,8.528072151223387,10.935
25091,reward,1,Hopper-v4,4.6467484979285025,9.772
25103,reward,1,Hopper-v4,9.037254954249015,9.239
25126,reward,1,Hopper-v4,6.701545837062632,8.341
25141,reward,1,Hopper-v4,10.761338548999781,8.643
25152,reward,1,Hopper-v4,9.178307903921567,8.185
25168,reward,1,Hopper-v4,10.864377776117069,8.662
25187,reward,1,Hopper-v4,20.16710544045625,9.524
25200,reward,1,Hopper-v4,11.744957263838561,9.633
25209,reward,1,Hopper-v4,6.757444746008984,9.839
25229,reward,1,Hopper-v4,10.602316358101458,10.046
25238,reward,1,Hopper-v4,6.26242635988122,10.208
25247,reward,1,Hopper-v4,6.610175725405494,9.965
25260,reward,1,Hopper-v4,7.043984404073455,9.999
25290,reward,1,Hopper-v4,5.920828537114435,9.515
25307,reward,1,Hopper-v4,8.15607239626793,9.413
25324,reward,1,Hopper-v4,14.174805668775416,9.744
25332,reward,1,Hopper-v4,6.575717615122827,8.385
25348,reward,1,Hopper-v4,14.897505001429204,8.7
25364,reward,1,Hopper-v4,8.746123482010645,8.899
25388,reward,1,Hopper-v4,11.060147872172838,8.945
25407,reward,1,Hopper-v4,6.577978311647357,8.976
25427,reward,1,Hopper-v4,11.181090539126961,9.433
25444,reward,1,Hopper-v4,13.781174584907106,10.107
25461,reward,1,Hopper-v4,9.55372823275067,10.47
25475,reward,1,Hopper-v4,8.242080917861205,10.479
25497,reward,1,Hopper-v4,5.877176481794731,9.649
25504,reward,1,Hopper-v4,4.003519228143221,9.392
25513,reward,1,Hopper-v4,7.156517837008342,8.618
25535,reward,1,Hopper-v4,8.74907341970314,8.618
25550,reward,1,Hopper-v4,11.466359534867888,8.659
25600,reward,1,Hopper-v4,61.496676562331366,14.151
25611,reward,1,Hopper-v4,7.609415401720835,13.794
25624,reward,1,Hopper-v4,10.832809354078645,13.499
25641,reward,1,Hopper-v4,17.477211983245997,14.291
25649,reward,1,Hopper-v4,6.379119712846164,14.105
25659,reward,1,Hopper-v4,8.406514324306768,14.358
25673,reward,1,Hopper-v4,9.477532168358035,14.905
25689,reward,1,Hopper-v4,11.945090820086097,15.384
25709,reward,1,Hopper-v4,3.9220167040160865,14.901
25726,reward,1,Hopper-v4,11.971607888056228,14.952
25747,reward,1,Hopper-v4,11.507080316370834,9.953
25764,reward,1,Hopper-v4,10.81732364200233,10.274
25783,reward,1,Hopper-v4,9.67158532593789,10.158
25791,reward,1,Hopper-v4,5.635746358964188,8.973
25803,reward,1,Hopper-v4,9.699962015236117,9.305
25826,reward,1,Hopper-v4,25.336863853642146,10.998
25851,reward,1,Hopper-v4,28.496764805242833,12.9
25876,reward,1,Hopper-v4,8.219486896917115,12.528
25892,reward,1,Hopper-v4,15.61213532513452,13.697
25905,reward,1,Hopper-v4,7.147818968917471,13.214
25934,reward,1,Hopper-v4,33.949775431824335,15.459
25947,reward,1,Hopper-v4,11.12369587483199,15.489
25958,reward,1,Hopper-v4,6.890854464440947,15.211
25977,reward,1,Hopper-v4,10.287400125318449,15.676
26001,reward,1,Hopper-v4,11.718280690596048,15.878
26025,reward,1,Hopper-v4,9.977270287191418,14.342
26033,reward,1,Hopper-v4,5.639907189442199,12.057
26052,reward,1,Hopper-v4,9.537328839319304,12.188
26076,reward,1,Hopper-v4,8.657192175722567,11.493
26085,reward,1,Hopper-v4,7.423417978211695,11.521
26101,reward,1,Hopper-v4,7.344416999778451,8.86
26150,reward,1,Hopper-v4,71.47097021685568,14.895
26170,reward,1,Hopper-v4,12.428900900270897,15.449
26188,reward,1,Hopper-v4,10.28861866738028,15.449
26217,reward,1,Hopper-v4,4.411571032243331,14.718
26233,reward,1,Hopper-v4,10.682161466297835,14.788
26249,reward,1,Hopper-v4,7.811054988967599,15.006
26281,reward,1,Hopper-v4,25.386813249019347,16.591
26303,reward,1,Hopper-v4,25.6034911629542,18.285
26313,reward,1,Hopper-v4,6.820336963185911,18.225
26325,reward,1,Hopper-v4,8.673027054606566,18.358
26350,reward,1,Hopper-v4,18.299325162808273,13.041
26373,reward,1,Hopper-v4,27.04703963435426,14.502
26388,reward,1,Hopper-v4,14.305737674836886,14.904
26410,reward,1,Hopper-v4,10.703227184342989,15.533
26432,reward,1,Hopper-v4,7.5500227063041185,15.22
26457,reward,1,Hopper-v4,13.020199753655504,15.741
26468,reward,1,Hopper-v4,8.646863374712579,14.067
26488,reward,1,Hopper-v4,9.157523827009356,12.422
26506,reward,1,Hopper-v4,9.785763963365216,12.719
26516,reward,1,Hopper-v4,8.744694133660074,12.726
26534,reward,1,Hopper-v4,12.477863627767036,12.144
26555,reward,1,Hopper-v4,19.133103654700324,11.352
26578,reward,1,Hopper-v4,9.88401969119772,10.91
26591,reward,1,Hopper-v4,9.87080626317295,10.827
26607,reward,1,Hopper-v4,9.57569557930387,11.03
26635,reward,1,Hopper-v4,5.462595406514358,10.274
26655,reward,1,Hopper-v4,7.875316630934352,10.197
26677,reward,1,Hopper-v4,7.3143647779718055,10.012
26686,reward,1,Hopper-v4,6.641777125931236,9.698
26697,reward,1,Hopper-v4,7.663961500779804,9.59
26728,reward,1,Hopper-v4,9.48859609300913,9.291
26740,reward,1,Hopper-v4,7.659814993370569,8.144
26764,reward,1,Hopper-v4,29.579539178588632,10.113
26784,reward,1,Hopper-v4,3.851547278260446,9.511
26831,reward,1,Hopper-v4,59.56374423808681,14.51
26841,reward,1,Hopper-v4,8.210849532538646,14.785
26850,reward,1,Hopper-v4,7.14026794586864,14.711
26876,reward,1,Hopper-v4,7.06619275911477,14.687
26891,reward,1,Hopper-v4,15.99726064764341,15.622
26929,reward,1,Hopper-v4,21.68024509386025,17.024
26937,reward,1,Hopper-v4,6.344201356413046,16.709
26949,reward,1,Hopper-v4,10.448978137039767,16.988
27011,reward,1,Hopper-v4,92.7285220159306,23.303
27026,reward,1,Hopper-v4,8.448874577765524,23.763
27039,reward,1,Hopper-v4,6.846508367134596,18.491
27062,reward,1,Hopper-v4,8.051701545938506,18.475
27080,reward,1,Hopper-v4,12.32185433837323,18.993
27102,reward,1,Hopper-v4,24.021248353407433,20.689
27117,reward,1,Hopper-v4,7.732373929386727,19.862
27137,reward,1,Hopper-v4,19.04766123511464,19.599
27176,reward,1,Hopper-v4,30.849812317674903,22.05
27186,reward,1,Hopper-v4,9.095292296601771,21.914
27202,reward,1,Hopper-v4,6.423348079558943,13.284
27217,reward,1,Hopper-v4,6.543593342677961,13.093
27242,reward,1,Hopper-v4,22.554529224534267,14.664
27266,reward,1,Hopper-v4,22.943126818866382,16.153
27292,reward,1,Hopper-v4,4.885028904953615,15.41
27299,reward,1,Hopper-v4,4.673036819885133,13.475
27314,reward,1,Hopper-v4,9.151169241952113,13.617
27347,reward,1,Hopper-v4,41.159472139385116,15.828
27364,reward,1,Hopper-v4,8.544872782720326,13.597
27381,reward,1,Hopper-v4,12.787610633986441,13.967
27388,reward,1,Hopper-v4,4.30963996891901,13.755
27396,reward,1,Hopper-v4,6.060636474502347,13.707
27404,reward,1,Hopper-v4,5.806287162152287,12.032
27424,reward,1,Hopper-v4,5.718954451461617,10.31
27434,reward,1,Hopper-v4,8.57819045141065,10.679
27456,reward,1,Hopper-v4,24.358469951349083,12.648
27480,reward,1,Hopper-v4,2.7750204542120356,12.01
27498,reward,1,Hopper-v4,5.666351077692263,8.461
27517,reward,1,Hopper-v4,12.89220958478519,8.895
27538,reward,1,Hopper-v4,12.748564946351436,8.891
27555,reward,1,Hopper-v4,9.131833052058326,9.374
27577,reward,1,Hopper-v4,21.53615498642957,10.921
27597,reward,1,Hopper-v4,5.293182374377336,10.87
27610,reward,1,Hopper-v4,10.840497972772685,11.382
27627,reward,1,Hopper-v4,8.59562331608238,11.384
27639,reward,1,Hopper-v4,8.933987259288457,9.841
27663,reward,1,Hopper-v4,21.84770881335483,11.749
27685,reward,1,Hopper-v4,6.559845803496446,11.838
27706,reward,1,Hopper-v4,8.709373488140601,11.42
27725,reward,1,Hopper-v4,9.072393254260009,11.052
27734,reward,1,Hopper-v4,7.311262140853452,10.87
27759,reward,1,Hopper-v4,24.431035949809665,11.159
27770,reward,1,Hopper-v4,9.789599162895088,11.609
27790,reward,1,Hopper-v4,7.797359442994443,11.305
27805,reward,1,Hopper-v4,9.262056749781642,11.371
27826,reward,1,Hopper-v4,10.887314177971577,11.567
27852,reward,1,Hopper-v4,20.694603886545625,11.451
27873,reward,1,Hopper-v4,6.950643212496348,11.491
27908,reward,1,Hopper-v4,50.38331173770481,15.658
27923,reward,1,Hopper-v4,9.964777241160288,15.747
28009,reward,1,Hopper-v4,140.62692413013295,29.079
28029,reward,1,Hopper-v4,11.614314957255374,27.797
28042,reward,1,Hopper-v4,12.621854952866734,28.08
28067,reward,1,Hopper-v4,15.492314921970737,28.85
28096,reward,1,Hopper-v4,28.720938848149977,30.796
28145,reward,1,Hopper-v4,68.97058729407729,36.604
28152,reward,1,Hopper-v4,5.031884306730388,35.038
28174,reward,1,Hopper-v4,5.8608117150053065,34.929
28184,reward,1,Hopper-v4,8.309825478610916,30.721
28200,reward,1,Hopper-v4,11.279092464819895,30.853
28250,reward,1,Hopper-v4,71.50104127916215,23.94
28274,reward,1,Hopper-v4,8.661396062974102,23.645
28288,reward,1,Hopper-v4,13.478744680695417,23.731
28310,reward,1,Hopper-v4,7.899583320682562,22.971
28345,reward,1,Hopper-v4,38.54541941612706,23.954
28365,reward,1,Hopper-v4,18.061800501899445,18.863
28374,reward,1,Hopper-v4,7.3336943642158605,19.093
28399,reward,1,Hopper-v4,15.566359717602804,20.064
28414,reward,1,Hopper-v4,7.016328471040597,19.934
28430,reward,1,Hopper-v4,15.123798563006584,20.319
28442,reward,1,Hopper-v4,6.681884971646298,13.837
28453,reward,1,Hopper-v4,9.887878481022483,13.96
28461,reward,1,Hopper-v4,4.925783686572708,13.104
28476,reward,1,Hopper-v4,7.112114097593893,13.026
28504,reward,1,Hopper-v4,32.86661477542512,12.458
28534,reward,1,Hopper-v4,5.916311868824463,11.243
28561,reward,1,Hopper-v4,25.91282143269431,13.101
28577,reward,1,Hopper-v4,8.886318528034058,12.433
28610,reward,1,Hopper-v4,41.60611173820492,15.892
28625,reward,1,Hopper-v4,9.91646118530566,15.371
28636,reward,1,Hopper-v4,7.0222905394330954,15.405
28658,reward,1,Hopper-v4,5.038974833749588,14.92
28668,reward,1,Hopper-v4,8.134941061368702,15.241
28691,reward,1,Hopper-v4,18.72236045254811,16.402
28713,reward,1,Hopper-v4,19.516195100398512,15.067
28754,reward,1,Hopper-v4,59.795570955890355,20.455
28775,reward,1,Hopper-v4,21.70840347139509,20.035
28787,reward,1,Hopper-v4,8.062624842079016,19.952
28828,reward,1,Hopper-v4,42.67892245416149,20.06
28856,reward,1,Hopper-v4,19.293039873250507,20.997
28885,reward,1,Hopper-v4,5.029961640728242,20.798
28914,reward,1,Hopper-v4,10.967945862456627,21.391
28944,reward,1,Hopper-v4,4.3849057364139,21.016
28973,reward,1,Hopper-v4,6.343973386847836,19.778
28993,reward,1,Hopper-v4,15.65880298103464,19.392
29001,reward,1,Hopper-v4,6.459700418534328,14.059
29031,reward,1,Hopper-v4,6.667936994982395,12.555
29043,reward,1,Hopper-v4,10.89328392348225,12.838
29071,reward,1,Hopper-v4,25.070169758392616,11.077
29104,reward,1,Hopper-v4,29.642671793174905,12.112
29131,reward,1,Hopper-v4,35.95635145195942,15.205
29145,reward,1,Hopper-v4,11.526016501396148,15.26
29153,reward,1,Hopper-v4,6.3096629127557655,15.453
29183,reward,1,Hopper-v4,17.92965471677753,16.611
29191,reward,1,Hopper-v4,6.122438946497411,15.658
29207,reward,1,Hopper-v4,15.976911294874059,16.61
29222,reward,1,Hopper-v4,15.013797549927748,17.444
29238,reward,1,Hopper-v4,11.040154104875205,17.459
29247,reward,1,Hopper-v4,7.268362455675263,15.679
29306,reward,1,Hopper-v4,91.86914302445015,21.901
29317,reward,1,Hopper-v4,8.33648901464244,19.139
29334,reward,1,Hopper-v4,17.062560320398994,19.693
29351,reward,1,Hopper-v4,12.11045878729173,20.273
29375,reward,1,Hopper-v4,17.86840604580886,20.267
29398,reward,1,Hopper-v4,10.432013682471823,20.698
29423,reward,1,Hopper-v4,11.620429909775417,20.262
29462,reward,1,Hopper-v4,41.625855959443705,22.923
29489,reward,1,Hopper-v4,13.383436954337816,23.158
29507,reward,1,Hopper-v4,12.51943893945715,23.683
29524,reward,1,Hopper-v4,9.233906278369012,15.419
29648,reward,1,Hopper-v4,186.91791076277045,33.277
29656,reward,1,Hopper-v4,6.164895410490669,32.188
29669,reward,1,Hopper-v4,9.990440164050199,31.976
29686,reward,1,Hopper-v4,6.0829458557801255,30.797
29712,reward,1,Hopper-v4,25.330654403771685,32.287
29744,reward,1,Hopper-v4,5.225944985449278,31.648
29757,reward,1,Hopper-v4,8.489423222674782,28.334
29780,reward,1,Hopper-v4,8.180235277316658,27.814
29805,reward,1,Hopper-v4,22.35045680458544,28.797
29820,reward,1,Hopper-v4,12.96612164115114,29.17
29839,reward,1,Hopper-v4,13.986731277896304,11.877
29863,reward,1,Hopper-v4,6.4729368936724665,11.908
29877,reward,1,Hopper-v4,8.103801564086137,11.719
29896,reward,1,Hopper-v4,8.019241945784145,11.913
30000,eval,1,Hopper-v4,Hopper-v4,6.943,0.739122,2.45
30000,eval,1,Hopper-v4,Walker2d-v4,16.498,0.672753,8.025
30007,reward,1,Hopper-v4,84.7780454395116,17.857
30019,reward,1,Hopper-v4,9.60758999259985,18.295
30041,reward,1,Hopper-v4,24.57264588751796,19.904
30072,reward,1,Hopper-v4,19.94563485619464,21.08
30112,reward,1,Hopper-v4,51.060838335098985,23.951
30131,reward,1,Hopper-v4,19.38075905978526,24.593
30150,reward,1,Hopper-v4,9.645167534957311,24.159
30159,reward,1,Hopper-v4,5.452928141555983,24.057
30179,reward,1,Hopper-v4,9.238032783017212,24.17
30219,reward,1,Hopper-v4,49.327663383402246,28.301
30231,reward,1,Hopper-v4,11.021952213700661,20.925
30245,reward,1,Hopper-v4,13.441645022670414,21.309
30258,reward,1,Hopper-v4,7.921072695764802,19.644
30267,reward,1,Hopper-v4,6.698552908295164,18.319
30296,reward,1,Hopper-v4,31.307841552610626,16.344
30307,reward,1,Hopper-v4,9.627106154372592,15.368
30322,reward,1,Hopper-v4,13.543919359815705,15.758
30333,reward,1,Hopper-v4,8.567096239811537,16.069
30357,reward,1,Hopper-v4,6.8488858123885255,15.831
30365,reward,1,Hopper-v4,6.460542281776551,11.544
30390,reward,1,Hopper-v4,26.971152763749952,13.139
30409,reward,1,Hopper-v4,10.11573961047424,12.806
30423,reward,1,Hopper-v4,10.064911946389023,13.021
30435,reward,1,Hopper-v4,10.7940788140796,13.43
30449,reward,1,Hopper-v4,13.947709268132439,11.694
30536,reward,1,Hopper-v4,164.1066122981011,27.142
30544,reward,1,Hopper-v4,6.16954003803633,26.405
30572,reward,1,Hopper-v4,21.313623862821427,27.679
30610,reward,1,Hopper-v4,18.25263827690834,28.82
30630,reward,1,Hopper-v4,10.003092218949584,29.174
30643,reward,1,Hopper-v4,11.394091412607859,27.616
30652,reward,1,Hopper-v4,6.721860725599587,27.277
30686,reward,1,Hopper-v4,28.2026206365938,29.091
30706,reward,1,Hopper-v4,16.632136863873164,29.674
30714,reward,1,Hopper-v4,5.001199856884016,28.78
30751,reward,1,Hopper-v4,37.384063599042896,16.107
30765,reward,1,Hopper-v4,12.510987979033489,16.742
30788,reward,1,Hopper-v4,5.0615764886402195,15.116
30799,reward,1,Hopper-v4,9.326561218409624,14.224
30827,reward,1,Hopper-v4,12.87325825102237,14.511
30845,reward,1,Hopper-v4,10.09422570804248,14.381
30876,reward,1,Hopper-v4,27.2061758887581,16.429
30889,reward,1,Hopper-v4,11.623103427050879,14.771
30932,reward,1,Hopper-v4,19.44388488363508,15.053
30949,reward,1,Hopper-v4,9.467542707205428,15.499
31025,reward,1,Hopper-v4,110.74640100281177,22.835
31068,reward,1,Hopper-v4,37.619849630799735,25.346
31081,reward,1,Hopper-v4,11.77763105249983,26.018
31098,reward,1,Hopper-v4,9.762928687483937,26.062
31112,reward,1,Hopper-v4,10.540857096145785,25.828
31121,reward,1,Hopper-v4,7.249803579370385,25.544
31172,reward,1,Hopper-v4,78.74888142637224,30.698
31181,reward,1,Hopper-v4,7.430832710857739,30.279
31198,reward,1,Hopper-v4,9.11516682382575,29.246
31210,reward,1,Hopper-v4,10.00258862063694,29.299
31224,reward,1,Hopper-v4,13.775510475024213,19.602
31250,reward,1,Hopper-v4,14.08681719805344,17.249
31264,reward,1,Hopper-v4,13.250035417633555,17.396
31289,reward,1,Hopper-v4,16.465383690670066,18.067
31309,reward,1,Hopper-v4,8.090473475031276,17.822
31334,reward,1,Hopper-v4,11.77467529845222,18.274
31349,reward,1,Hopper-v4,14.733783300712355,11.873
31358,reward,1,Hopper-v4,5.95618314669692,11.725
31375,reward,1,Hopper-v4,9.885873182446188,11.802
31388,reward,1,Hopper-v4,11.67041101958251,11.969
31476,reward,1,Hopper-v4,166.6622373390267,27.258
31490,reward,1,Hopper-v4,9.300222522511467,26.779
31505,reward,1,Hopper-v4,7.686591914031855,26.223
31523,reward,1,Hopper-v4,10.162451034901745,25.592
31547,reward,1,Hopper-v4,20.199658874378233,26.803
31615,reward,1,Hopper-v4,81.42168416522652,33.768
31644,reward,1,Hopper-v4,5.93703455073533,32.888
31669,reward,1,Hopper-v4,4.724940682650765,32.765
31678,reward,1,Hopper-v4,5.386445225596381,32.315
31689,reward,1,Hopper-v4,7.630599862092415,31.911
31706,reward,1,Hopper-v4,9.176705342328901,16.163
31764,reward,1,Hopper-v4,69.11381206567162,22.144
31784,reward,1,Hopper-v4,11.955863164095451,22.571
31791,reward,1,Hopper-v4,5.542924085782006,22.109
31813,reward,1,Hopper-v4,11.539812466816704,21.243
31843,reward,1,Hopper-v4,11.282471668581001,14.229
31861,reward,1,Hopper-v4,18.62652231402189,15.498
31870,reward,1,Hopper-v4,6.427402434371707,15.668
31892,reward,1,Hopper-v4,25.84158409937334,17.714
31907,reward,1,Hopper-v4,11.147498312110006,18.065
31934,reward,1,Hopper-v4,8.279469683619801,17.976
31951,reward,1,Hopper-v4,10.495301052647267,12.114
31982,reward,1,Hopper-v4,9.510557087903104,11.869
31996,reward,1,Hopper-v4,11.185664180778943,12.434
32016,reward,1,Hopper-v4,8.627803175184045,12.142
32063,reward,1,Hopper-v4,63.69678416903508,17.384
32083,reward,1,Hopper-v4,12.423685026159253,16.764
32096,reward,1,Hopper-v4,9.962696818940447,17.117
32171,reward,1,Hopper-v4,107.0756875879348,25.241
32182,reward,1,Hopper-v4,6.939507253704522,24.82
32215,reward,1,Hopper-v4,38.51805718545049,27.844
32225,reward,1,Hopper-v4,5.631628854161253,27.357
32260,reward,1,Hopper-v4,38.34291036093975,30.24
32276,reward,1,Hopper-v4,9.376035516043755,30.059
32290,reward,1,Hopper-v4,9.926230432782619,30.189
32313,reward,1,Hopper-v4,8.604621456299567,24.68
32335,reward,1,Hopper-v4,24.670064680322398,25.905
32352,reward,1,Hopper-v4,15.177459746540213,26.426
32391,reward,1,Hopper-v4,56.19672215870403,21.338
32405,reward,1,Hopper-v4,8.54450205403256,21.499
32423,reward,1,Hopper-v4,9.259550558281626,18.573
32431,reward,1,Hopper-v4,5.423634095904889,18.552
32504,reward,1,Hopper-v4,80.11299043659,22.729
32531,reward,1,Hopper-v4,14.014141593754704,23.193
32560,reward,1,Hopper-v4,7.663013096199234,22.967
32582,reward,1,Hopper-v4,15.798541687496671,23.686
32663,reward,1,Hopper-v4,110.44113180697889,32.263
32676,reward,1,Hopper-v4,11.234534013946082,31.869
32692,reward,1,Hopper-v4,9.206559727552088,27.17
32702,reward,1,Hopper-v4,7.29333113103729,27.045
32731,reward,1,Hopper-v4,26.197478676943934,28.739
32746,reward,1,Hopper-v4,8.630052111503684,29.059
32770,reward,1,Hopper-v4,8.768868856459628,21.925
32845,reward,1,Hopper-v4,131.87062484509053,33.71
32872,reward,1,Hopper-v4,3.8872212480836987,33.333
32885,reward,1,Hopper-v4,11.454246129853729,32.898
32981,reward,1,Hopper-v4,159.51581403381607,37.806
32992,reward,1,Hopper-v4,8.241503577413988,37.507
33019,reward,1,Hopper-v4,5.288986676329287,37.115
33033,reward,1,Hopper-v4,9.588864965617569,37.344
33055,reward,1,Hopper-v4,8.849723505256176,35.61
33066,reward,1,Hopper-v4,9.679111790999286,35.714
33111,reward,1,Hopper-v4,64.0066021994678,41.238
33159,reward,1,Hopper-v4,80.87423853353842,36.139
33174,reward,1,Hopper-v4,10.791991412486428,36.829
33201,reward,1,Hopper-v4,16.344917944667714,37.318
33270,reward,1,Hopper-v4,69.69500763712401,28.336
33285,reward,1,Hopper-v4,9.078542278846365,28.42
33308,reward,1,Hopper-v4,18.370536305127324,29.728
33348,reward,1,Hopper-v4,12.180544791981397,29.987
33368,reward,1,Hopper-v4,5.8470789421599125,29.687
33396,reward,1,Hopper-v4,29.449095865018986,31.664
33452,reward,1,Hopper-v4,70.82349218733131,32.346
33477,reward,1,Hopper-v4,15.221798079665424,25.78
33572,reward,1,Hopper-v4,137.9093756349958,38.492
33588,reward,1,Hopper-v4,9.171992278499168,37.775
33604,reward,1,Hopper-v4,12.993126787782915,32.105
33617,reward,1,Hopper-v4,9.09417953796608,32.106
33654,reward,1,Hopper-v4,9.949632027331567,31.264
33757,reward,1,Hopper-v4,177.46939317595468,47.793
33781,reward,1,Hopper-v4,30.645735118607742,50.273
33814,reward,1,Hopper-v4,19.19555630986471,49.247
33869,reward,1,Hopper-v4,72.57029195966985,49.422
33896,reward,1,Hopper-v4,11.923163393280895,49.092
33905,reward,1,Hopper-v4,6.978710243710108,35.999
33922,reward,1,Hopper-v4,9.160555427476103,35.998
33935,reward,1,Hopper-v4,8.210110858629436,35.52
33988,reward,1,Hopper-v4,88.67234995714844,43.478
34019,reward,1,Hopper-v4,4.736793112633084,42.956
34051,reward,1,Hopper-v4,12.723918865720476,26.482
34062,reward,1,Hopper-v4,6.699185421431236,24.087
34071,reward,1,Hopper-v4,7.271604826977161,22.895
34106,reward,1,Hopper-v4,52.69485798151998,20.907
34229,reward,1,Hopper-v4,211.25466113716448,40.84
34322,reward,1,Hopper-v4,136.7039624953535,53.813
34356,reward,1,Hopper-v4,17.588050845870125,54.656
34392,reward,1,Hopper-v4,36.421821571778615,57.477
34409,reward,1,Hopper-v4,11.668480981732388,49.776
34420,reward,1,Hopper-v4,9.053883506269072,50.208
34441,reward,1,Hopper-v4,18.016404425478243,50.737
34468,reward,1,Hopper-v4,9.844224776022351,51.052
34514,reward,1,Hopper-v4,66.67297467384643,56.992
34551,reward,1,Hopper-v4,18.695817547463115,53.592
34562,reward,1,Hopper-v4,8.530511120488256,33.32
34592,reward,1,Hopper-v4,24.864373518370087,22.136
34603,reward,1,Hopper-v4,9.732543722690414,21.35
34635,reward,1,Hopper-v4,42.555034696214335,21.963
34666,reward,1,Hopper-v4,31.86555335323723,23.983
34692,reward,1,Hopper-v4,13.47764046203129,24.426
34723,reward,1,Hopper-v4,5.694099413793521,23.193
34745,reward,1,Hopper-v4,11.343356533437529,23.343
34753,reward,1,Hopper-v4,6.30954546824238,17.307
34784,reward,1,Hopper-v4,40.63397380061277,19.501
34803,reward,1,Hopper-v4,14.564817676933282,20.104
34829,reward,1,Hopper-v4,13.67432436984825,18.985
34850,reward,1,Hopper-v4,12.689912902354655,19.281
34863,reward,1,Hopper-v4,8.07625939766279,15.833
34888,reward,1,Hopper-v4,12.820252932351382,13.928
34903,reward,1,Hopper-v4,9.274645066899708,13.508
34922,reward,1,Hopper-v4,13.750878539430518,14.314
34932,reward,1,Hopper-v4,8.174735599320899,13.997
34948,reward,1,Hopper-v4,9.848872037275507,14.351
34985,reward,1,Hopper-v4,27.984845543625276,13.086
34996,reward,1,Hopper-v4,8.00721164694083,12.43
35025,reward,1,Hopper-v4,5.31888044261602,11.595
35083,reward,1,Hopper-v4,88.86844451520825,19.213
35096,reward,1,Hopper-v4,12.359734818235914,19.641
35108,reward,1,Hopper-v4,8.475661897407932,19.206
35132,reward,1,Hopper-v4,27.944188115886394,21.073
35168,reward,1,Hopper-v4,16.20224753918582,21.318
35199,reward,1,Hopper-v4,4.197126745903137,20.921
35210,reward,1,Hopper-v4,7.788363435532478,20.715
35239,reward,1,Hopper-v4,10.261919641220908,18.942
35250,reward,1,Hopper-v4,9.707842056315759,19.112
35286,reward,1,Hopper-v4,48.08760968589555,23.389
35340,reward,1,Hopper-v4,79.00417153562604,22.403
35370,reward,1,Hopper-v4,6.01935156043885,21.769
35385,reward,1,Hopper-v4,10.246525065736023,21.946
35421,reward,1,Hopper-v4,7.3695248410066645,19.888
35465,reward,1,Hopper-v4,47.12990448147393,22.981
35485,reward,1,Hopper-v4,14.823315870710397,24.044
35517,reward,1,Hopper-v4,7.262306994604487,23.991
35527,reward,1,Hopper-v4,7.269182862356143,23.692
35540,reward,1,Hopper-v4,6.931788196647922,23.414
35564,reward,1,Hopper-v4,28.540356831898556,21.46
35592,reward,1,Hopper-v4,10.414860222080856,14.601
35611,reward,1,Hopper-v4,10.664723755914384,15.065
35626,reward,1,Hopper-v4,14.377785413298165,15.478
35638,reward,1,Hopper-v4,10.59229988751129,15.801
35656,reward,1,Hopper-v4,14.183699219209794,12.506
35679,reward,1,Hopper-v4,11.3487483016652,12.159
35705,reward,1,Hopper-v4,7.312358082157244,12.164
35739,reward,1,Hopper-v4,37.93229644925259,15.23
35756,reward,1,Hopper-v4,7.515625650645437,15.288
35769,reward,1,Hopper-v4,7.051715291109184,13.139
35777,reward,1,Hopper-v4,5.183619933710566,12.616
35792,reward,1,Hopper-v4,10.349392169697104,12.585
35902,reward,1,Hopper-v4,175.27195123065175,28.674
35926,reward,1,Hopper-v4,25.784420786706658,30.193
35937,reward,1,Hopper-v4,8.119096060752119,29.587
35961,reward,1,Hopper-v4,14.961256098731177,29.948
35979,reward,1,Hopper-v4,11.056806644751322,30.323
36013,reward,1,Hopper-v4,10.671281109094933,27.597
36025,reward,1,Hopper-v4,9.508967153576302,27.796
36047,reward,1,Hopper-v4,25.702933275828663,29.661
36167,reward,1,Hopper-v4,232.8596775585962,52.429
36196,reward,1,Hopper-v4,12.873785634669197,52.681
36206,reward,1,Hopper-v4,7.382253766668963,35.892
36226,reward,1,Hopper-v4,22.98368050294922,35.612
36318,reward,1,Hopper-v4,138.86316100250863,48.686
36346,reward,1,Hopper-v4,7.940312738442294,47.984
36380,reward,1,Hopper-v4,15.016750162505124,48.38
36412,reward,1,Hopper-v4,34.865768703087234,50.8
36436,reward,1,Hopper-v4,29.5627834858262,52.805
36448,reward,1,Hopper-v4,9.831237040038266,51.218
36461,reward,1,Hopper-v4,12.322608213220805,29.164
36492,reward,1,Hopper-v4,13.216801914434608,29.199
36507,reward,1,Hopper-v4,10.060447583798542,29.466
36538,reward,1,Hopper-v4,11.069176445559485,28.275
36567,reward,1,Hopper-v4,19.983945310202156,16.387
36581,reward,1,Hopper-v4,9.382289517189168,16.531
36599,reward,1,Hopper-v4,8.7944290609543,15.909
36612,reward,1,Hopper-v4,11.670253800695932,13.589
36633,reward,1,Hopper-v4,11.45179453103456,11.778
36646,reward,1,Hopper-v4,11.810149060473593,11.976
36672,reward,1,Hopper-v4,9.658531963299286,11.71
36686,reward,1,Hopper-v4,11.04738534100539,11.493
36708,reward,1,Hopper-v4,12.416976761588062,11.728
36733,reward,1,Hopper-v4,7.331785952224012,11.355
36777,reward,1,Hopper-v4,61.8496697738728,15.541
36799,reward,1,Hopper-v4,24.519664385027298,17.055
36817,reward,1,Hopper-v4,15.50464951482573,17.726
36825,reward,1,Hopper-v4,4.594185823532641,17.018
36873,reward,1,Hopper-v4,71.37969020672959,23.011
36885,reward,1,Hopper-v4,8.82274799563573,22.713
36904,reward,1,Hopper-v4,21.34505963798489,23.881
36913,reward,1,Hopper-v4,6.549548496064778,23.431
36932,reward,1,Hopper-v4,6.661674680846414,22.856
36948,reward,1,Hopper-v4,9.693379842813915,23.092
36980,reward,1,Hopper-v4,9.659707221144595,17.873
36997,reward,1,Hopper-v4,8.425423294897744,16.264
37012,reward,1,Hopper-v4,9.410342322017529,15.654
37045,reward,1,Hopper-v4,15.030179792185342,16.698
37059,reward,1,Hopper-v4,12.319603501290137,10.792
37069,reward,1,Hopper-v4,8.007500075822321,10.71
37085,reward,1,Hopper-v4,11.57148320276714,9.733
37105,reward,1,Hopper-v4,10.220834182706522,10.1
37125,reward,1,Hopper-v4,14.002718047117193,10.834
37143,reward,1,Hopper-v4,16.150549778499943,11.48
37166,reward,1,Hopper-v4,16.785798737821217,12.192
37187,reward,1,Hopper-v4,13.363443923011733,12.686
37217,reward,1,Hopper-v4,13.034838707121306,13.049
37227,reward,1,Hopper-v4,5.431411987419114,12.089
37277,reward,1,Hopper-v4,41.71726879681401,15.029
37289,reward,1,Hopper-v4,7.927130931003777,15.021
37301,reward,1,Hopper-v4,8.99970732419804,14.763
37330,reward,1,Hopper-v4,7.319663829248305,14.473
37340,reward,1,Hopper-v4,7.162154405793971,13.789
37355,reward,1,Hopper-v4,11.995041576697549,13.374
37370,reward,1,Hopper-v4,8.764483433345395,12.572
37402,reward,1,Hopper-v4,6.82121683079552,11.917
37417,reward,1,Hopper-v4,8.356443979683059,11.449
37427,reward,1,Hopper-v4,8.265978330820024,11.733
37438,reward,1,Hopper-v4,9.160548620615007,8.477
37485,reward,1,Hopper-v4,57.7636511509156,13.461
37504,reward,1,Hopper-v4,8.678846002307878,13.429
37530,reward,1,Hopper-v4,9.69351653778738,13.666
37549,reward,1,Hopper-v4,17.30628720183602,14.681
37567,reward,1,Hopper-v4,9.92177337865612,14.473
37590,reward,1,Hopper-v4,12.892060737081588,14.886
37603,reward,1,Hopper-v4,9.757571012599826,15.18
37621,reward,1,Hopper-v4,9.645303818575911,15.309
37641,reward,1,Hopper-v4,7.227455818347186,15.205
37684,reward,1,Hopper-v4,17.936904746158483,16.082
37693,reward,1,Hopper-v4,7.111504064256364,11.017
37715,reward,1,Hopper-v4,12.432738985349262,11.393
37742,reward,1,Hopper-v4,10.849034507185893,11.508
37751,reward,1,Hopper-v4,7.089539652807199,10.486
37763,reward,1,Hopper-v4,8.229807831990335,10.317
37784,reward,1,Hopper-v4,11.52751413679513,10.181
37797,reward,1,Hopper-v4,9.45324719577432,10.15
37818,reward,1,Hopper-v4,10.445372651998895,10.23
37832,reward,1,Hopper-v4,9.038921137953269,10.411
37883,reward,1,Hopper-v4,50.66401267000659,13.684
37898,reward,1,Hopper-v4,14.660621797438056,14.439
37913,reward,1,Hopper-v4,16.48270811012933,14.844
37935,reward,1,Hopper-v4,11.708478533621129,14.93
37964,reward,1,Hopper-v4,12.696834722859252,15.491
37975,reward,1,Hopper-v4,9.100010015199736,15.578
38004,reward,1,Hopper-v4,8.318258522353236,15.257
38031,reward,1,Hopper-v4,11.375835345380038,15.449
38064,reward,1,Hopper-v4,20.665564797993458,16.471
38093,reward,1,Hopper-v4,15.40393391894456,17.108
38112,reward,1,Hopper-v4,10.67866133222716,13.109
38119,reward,1,Hopper-v4,4.245086847288387,12.068
38154,reward,1,Hopper-v4,32.84690510970776,13.704
38216,reward,1,Hopper-v4,73.07872381928343,19.841
38238,reward,1,Hopper-v4,15.672091054630712,20.139
38287,reward,1,Hopper-v4,30.27559415401927,22.256
38298,reward,1,Hopper-v4,9.007695033445554,22.325
38322,reward,1,Hopper-v4,8.329129988300156,22.02
38347,reward,1,Hopper-v4,11.291951987998726,21.083
38356,reward,1,Hopper-v4,6.251457315513882,20.168
38369,reward,1,Hopper-v4,9.436280425159303,20.043
38396,reward,1,Hopper-v4,18.069164332355342,21.426
38426,reward,1,Hopper-v4,8.544178011387139,18.996
38446,reward,1,Hopper-v4,18.457544444290228,13.534
38524,reward,1,Hopper-v4,103.8256373242721,22.349
38537,reward,1,Hopper-v4,6.943723261729549,20.016
38548,reward,1,Hopper-v4,8.148323463547404,19.93
38562,reward,1,Hopper-v4,12.214164141552146,20.318
38582,reward,1,Hopper-v4,7.001066892299617,19.889
38602,reward,1,Hopper-v4,15.012505856782274,20.765
38626,reward,1,Hopper-v4,14.136226940776137,21.235
38656,reward,1,Hopper-v4,41.65165637584179,23.594
38682,reward,1,Hopper-v4,6.301189319097199,23.369
38780,reward,1,Hopper-v4,140.27381800159026,35.551
38834,reward,1,Hopper-v4,77.48331031466303,32.917
38863,reward,1,Hopper-v4,13.296249067087786,33.552
38891,reward,1,Hopper-v4,18.885170067957784,34.626
38955,reward,1,Hopper-v4,47.91434650396308,38.196
38979,reward,1,Hopper-v4,9.411488115562147,38.437
38999,reward,1,Hopper-v4,21.68468436507626,39.104
39036,reward,1,Hopper-v4,39.71257912289993,41.661
39095,reward,1,Hopper-v4,59.027919063679235,43.399
39129,reward,1,Hopper-v4,29.085510172828577,45.678
39145,reward,1,Hopper-v4,9.548206906672833,32.605
39169,reward,1,Hopper-v4,18.345345662486103,26.691
39254,reward,1,Hopper-v4,149.5232400794852,40.314
39271,reward,1,Hopper-v4,11.006673985157342,39.526
39290,reward,1,Hopper-v4,8.969708588637548,35.632
39314,reward,1,Hopper-v4,8.025898544231467,35.493
39326,reward,1,Hopper-v4,10.251539925328313,34.35
39362,reward,1,Hopper-v4,11.489485309918896,31.527
39375,reward,1,Hopper-v4,4.741289722401513,26.099
39387,reward,1,Hopper-v4,7.938710905546389,23.984
39397,reward,1,Hopper-v4,7.47987343279029,23.777
39422,reward,1,Hopper-v4,9.330659592164718,22.876
39439,reward,1,Hopper-v4,8.987948505107937,8.822
39456,reward,1,Hopper-v4,10.892753504496888,8.811
39472,reward,1,Hopper-v4,11.383056569364316,9.052
39497,reward,1,Hopper-v4,8.979419284482997,9.147
39566,reward,1,Hopper-v4,71.08057988158554,15.23
39588,reward,1,Hopper-v4,11.517693315863749,15.233
39605,reward,1,Hopper-v4,11.492244269367184,15.908
39617,reward,1,Hopper-v4,10.599908993263734,16.174
39646,reward,1,Hopper-v4,9.356739985649309,16.362
39666,reward,1,Hopper-v4,8.355529495036757,16.265
39698,reward,1,Hopper-v4,6.970946031690808,16.063
39725,reward,1,Hopper-v4,10.76986177335736,16.051
39747,reward,1,Hopper-v4,10.801492449842403,15.992
39792,reward,1,Hopper-v4,61.69531465454408,21.264
39867,reward,1,Hopper-v4,66.28687877963138,20.785
39883,reward,1,Hopper-v4,8.051727022310349,20.438
39909,reward,1,Hopper-v4,4.3394808637335025,19.723
39956,reward,1,Hopper-v4,75.94881889685767,26.258
39970,reward,1,Hopper-v4,12.752291996781329,26.597
39991,reward,1,Hopper-v4,10.199892039477133,26.782
40000,eval,1,Hopper-v4,Hopper-v4,6.383,0.679514,3.01
40000,eval,1,Hopper-v4,Walker2d-v4,6.79,0.276877,17.733
40055,reward,1,Hopper-v4,100.471770250315,36.132
40068,reward,1,Hopper-v4,6.910900794304669,35.746
40077,reward,1,Hopper-v4,4.850254977823252,35.151
40113,reward,1,Hopper-v4,4.823714822866721,29.464
40217,reward,1,Hopper-v4,165.84838642545273,39.42
40240,reward,1,Hopper-v4,10.64023054415084,39.679
40248,reward,1,Hopper-v4,6.123456816324183,39.857
40267,reward,1,Hopper-v4,9.810715098182802,33.243
40294,reward,1,Hopper-v4,3.8332805901101348,32.351
40322,reward,1,Hopper-v4,11.410553147601094,32.472
40338,reward,1,Hopper-v4,7.315781627741665,23.157
40358,reward,1,Hopper-v4,12.032928003316595,23.669
40375,reward,1,Hopper-v4,9.740172316014627,24.158
40388,reward,1,Hopper-v4,12.539222951067192,24.929
40423,reward,1,Hopper-v4,7.495667944777982,9.094
40439,reward,1,Hopper-v4,10.907894926777388,9.121
40465,reward,1,Hopper-v4,3.777041653485681,8.886
40481,reward,1,Hopper-v4,14.864847344386078,9.392
40500,reward,1,Hopper-v4,6.376092647298717,9.646
40511,reward,1,Hopper-v4,9.300557721422267,9.435
40524,reward,1,Hopper-v4,9.231283398289552,9.627
40551,reward,1,Hopper-v4,11.665267105590445,9.59
40581,reward,1,Hopper-v4,10.944272501234463,9.71
40604,reward,1,Hopper-v4,9.221817298384405,9.378
40681,reward,1,Hopper-v4,147.17866831641254,23.347
40709,reward,1,Hopper-v4,9.971985667461968,23.253
40847,reward,1,Hopper-v4,151.02717114924832,37.978
40873,reward,1,Hopper-v4,15.483574767622219,38.04
40887,reward,1,Hopper-v4,9.922418928519084,38.395
40911,reward,1,Hopper-v4,5.533729296818991,38.018
40920,reward,1,Hopper-v4,7.230725242813749,37.818
40936,reward,1,Hopper-v4,10.503847639520277,37.702
40971,reward,1,Hopper-v4,12.173636731296682,37.825
41017,reward,1,Hopper-v4,52.618679931046906,42.164
41032,reward,1,Hopper-v4,11.112760076750526,28.558
41053,reward,1,Hopper-v4,14.88872885493635,29.05
41147,reward,1,Hopper-v4,133.9627928134388,27.343
41231,reward,1,Hopper-v4,120.8565179220943,37.88
41289,reward,1,Hopper-v4,32.61618433863803,40.15
41330,reward,1,Hopper-v4,17.688277532311595,41.365
41361,reward,1,Hopper-v4,14.864125319119486,42.129
41399,reward,1,Hopper-v4,17.077318466959074,42.786
41424,reward,1,Hopper-v4,8.038205633868023,42.372
41484,reward,1,Hopper-v4,40.00857035574463,41.111
41584,reward,1,Hopper-v4,146.12017758221918,54.612
41612,reward,1,Hopper-v4,12.290741577365322,54.352
41622,reward,1,Hopper-v4,7.628942791183514,41.719
41642,reward,1,Hopper-v4,18.470754889554563,31.48
41693,reward,1,Hopper-v4,78.77051559582543,36.096
41727,reward,1,Hopper-v4,10.660507345110203,35.393
41777,reward,1,Hopper-v4,78.37076843136774,41.744
41791,reward,1,Hopper-v4,9.373423294140748,40.973
41882,reward,1,Hopper-v4,83.91829380428449,48.561
41916,reward,1,Hopper-v4,9.974566696964995,45.558
42009,reward,1,Hopper-v4,124.80136290905367,43.426
42069,reward,1,Hopper-v4,63.29739781083088,48.527
42121,reward,1,Hopper-v4,83.3472682677426,56.098
42162,reward,1,Hopper-v4,13.046192302686551,55.556
42193,reward,1,Hopper-v4,26.662180400857693,50.345
42203,reward,1,Hopper-v4,8.55817340317688,50.135
42294,reward,1,Hopper-v4,120.4837757683587,54.346
42409,reward,1,Hopper-v4,119.88623003800762,65.398
42448,reward,1,Hopper-v4,18.17084946771014,58.823
42512,reward,1,Hopper-v4,99.91064215225938,67.816
42591,reward,1,Hopper-v4,44.7939128625873,59.816
42612,reward,1,Hopper-v4,8.186450581445827,54.305
42692,reward,1,Hopper-v4,112.97401423465168,57.267
42719,reward,1,Hopper-v4,5.3783794380977294,56.5
42735,reward,1,Hopper-v4,12.063910486699825,55.041
42759,reward,1,Hopper-v4,13.191907791023107,55.504
42802,reward,1,Hopper-v4,61.624460932947535,49.618
42847,reward,1,Hopper-v4,34.80065804271045,41.11
42869,reward,1,Hopper-v4,17.873902960544477,41.08
42916,reward,1,Hopper-v4,76.36287026299509,38.725
43000,reward,1,Hopper-v4,54.18503282314472,39.664
43033,reward,1,Hopper-v4,6.479159113664821,39.493
43050,reward,1,Hopper-v4,11.768835627615085,29.373
43089,reward,1,Hopper-v4,23.98395587523309,31.233
43209,reward,1,Hopper-v4,151.68102142374644,45.195
43227,reward,1,Hopper-v4,11.17444835902881,44.993
43246,reward,1,Hopper-v4,10.253343675170699,39.856
43261,reward,1,Hopper-v4,7.616906413953711,37.138
43286,reward,1,Hopper-v4,20.544693123560346,37.405
43295,reward,1,Hopper-v4,6.977972054977988,30.467
43315,reward,1,Hopper-v4,10.012475769222096,26.049
43328,reward,1,Hopper-v4,9.164049170634415,26.318
43346,reward,1,Hopper-v4,18.45856133078036,26.987
43392,reward,1,Hopper-v4,20.24365947804713,26.613
43407,reward,1,Hopper-v4,9.17271852058722,12.362
43433,reward,1,Hopper-v4,12.747936241815063,12.519
43452,reward,1,Hopper-v4,7.131609571974407,12.207
43500,reward,1,Hopper-v4,31.302351397498278,14.576
43577,reward,1,Hopper-v4,142.12862440828508,26.734
43639,reward,1,Hopper-v4,67.19630609694816,32.756
43718,reward,1,Hopper-v4,127.54564578648232,44.509
43747,reward,1,Hopper-v4,23.37203084906464,45.93
43810,reward,1,Hopper-v4,111.49102713150533,55.233
43821,reward,1,Hopper-v4,6.4197972022911305,53.851
43846,reward,1,Hopper-v4,12.64112590659472,54.198
43888,reward,1,Hopper-v4,13.436625605595511,54.267
43951,reward,1,Hopper-v4,67.42899195166396,60.296
43982,reward,1,Hopper-v4,17.117910146914323,58.878
44061,reward,1,Hopper-v4,113.60787340158234,56.026
44132,reward,1,Hopper-v4,107.83428388618782,60.09
44191,reward,1,Hopper-v4,66.2367986486791,53.959
44274,reward,1,Hopper-v4,108.2848741684288,62.45
44428,reward,1,Hopper-v4,225.56573371460786,73.857
44481,reward,1,Hopper-v4,85.56512420217932,81.772
44531,reward,1,Hopper-v4,31.124626184094318,83.62
44571,reward,1,Hopper-v4,42.079841208352676,86.485
44636,reward,1,Hopper-v4,108.11648256488014,90.553
44655,reward,1,Hopper-v4,19.31331922983457,90.773
44687,reward,1,Hopper-v4,5.615145586411179,79.974
44764,reward,1,Hopper-v4,52.4093595789653,74.431
44830,reward,1,Hopper-v4,97.54860213453829,77.562
44864,reward,1,Hopper-v4,6.061946422823606,67.34
44940,reward,1,Hopper-v4,51.50050090686551,49.933
44970,reward,1,Hopper-v4,23.464443548802794,43.723
45049,reward,1,Hopper-v4,133.62248821209852,53.973
45166,reward,1,Hopper-v4,188.68554587574525,68.634
45214,reward,1,Hopper-v4,58.0421097327114,63.626
45224,reward,1,Hopper-v4,8.330063333728537,62.528
45247,reward,1,Hopper-v4,24.770828050375187,64.444
45297,reward,1,Hopper-v4,76.7100972962226,66.874
45339,reward,1,Hopper-v4,47.80622169203486,61.899
45396,reward,1,Hopper-v4,99.58225063181614,71.251
45440,reward,1,Hopper-v4,62.83085536382978,72.384
45532,reward,1,Hopper-v4,85.60547189164772,78.599
45598,reward,1,Hopper-v4,117.242232427908,76.961
45654,reward,1,Hopper-v4,40.48451696398518,62.14
45752,reward,1,Hopper-v4,117.73260184668753,68.11
45806,reward,1,Hopper-v4,81.32669220547137,75.409
45839,reward,1,Hopper-v4,37.36732569159842,76.669
45910,reward,1,Hopper-v4,106.74879676754497,79.673
46034,reward,1,Hopper-v4,127.93918011658612,87.686
46082,reward,1,Hopper-v4,36.99815194200022,81.428
46102,reward,1,Hopper-v4,13.466240954124608,76.491
46139,reward,1,Hopper-v4,40.452357357205585,71.976
46185,reward,1,Hopper-v4,71.30876187578029,67.382
46203,reward,1,Hopper-v4,16.464038079440954,64.98
46291,reward,1,Hopper-v4,81.42675916351334,61.35
46395,reward,1,Hopper-v4,146.56746115547762,67.874
46413,reward,1,Hopper-v4,12.199076815608107,65.357
46434,reward,1,Hopper-v4,23.529069616974866,57.035
46500,reward,1,Hopper-v4,116.7186304639625,55.913
46602,reward,1,Hopper-v4,185.9872955455704,70.812
46611,reward,1,Hopper-v4,7.0267118088488365,70.168
46665,reward,1,Hopper-v4,29.732949456048637,69.096
46727,reward,1,Hopper-v4,114.75961072775222,73.441
46747,reward,1,Hopper-v4,13.657774205074967,73.161
46848,reward,1,Hopper-v4,164.98921139390566,81.517
46904,reward,1,Hopper-v4,94.45946652359525,76.306
46956,reward,1,Hopper-v4,46.090606102699645,79.695
47006,reward,1,Hopper-v4,80.76473518943823,85.419
47115,reward,1,Hopper-v4,147.38740194983617,88.486
47187,reward,1,Hopper-v4,135.09292526163938,83.396
47238,reward,1,Hopper-v4,52.764056423180456,87.97
47302,reward,1,Hopper-v4,78.1041912186971,92.807
47359,reward,1,Hopper-v4,89.48687015500342,90.28
47370,reward,1,Hopper-v4,9.310509426760943,89.845
47449,reward,1,Hopper-v4,122.86298597972497,85.632
47499,reward,1,Hopper-v4,47.1434592624512,80.901
47534,reward,1,Hopper-v4,10.028228307395121,77.295
47608,reward,1,Hopper-v4,126.60974438686797,81.879
47731,reward,1,Hopper-v4,197.05704043357122,86.846
47809,reward,1,Hopper-v4,108.78315872861185,84.215
47848,reward,1,Hopper-v4,57.11776796772897,84.65
47901,reward,1,Hopper-v4,86.17754925451374,85.458
47914,reward,1,Hopper-v4,9.298707240104648,77.439
47944,reward,1,Hopper-v4,39.542336984042095,80.462
48001,reward,1,Hopper-v4,44.81695047740148,72.657
48106,reward,1,Hopper-v4,140.55937908495017,81.999
48164,reward,1,Hopper-v4,101.6535198958038,91.162
48232,reward,1,Hopper-v4,104.87415024320615,88.988
48331,reward,1,Hopper-v4,131.2436596504176,82.407
48399,reward,1,Hopper-v4,108.57590543594914,82.386
48489,reward,1,Hopper-v4,147.94658835422953,91.469
48581,reward,1,Hopper-v4,156.3079264556789,98.482
48656,reward,1,Hopper-v4,111.77168173934501,108.729
48736,reward,1,Hopper-v4,145.56226975531695,119.331
48804,reward,1,Hopper-v4,127.09974750668589,127.559
48907,reward,1,Hopper-v4,190.20890811932526,132.524
48938,reward,1,Hopper-v4,41.84127171088338,126.543
49035,reward,1,Hopper-v4,166.41441004833032,132.697
49116,reward,1,Hopper-v4,122.27920102089669,131.801
49139,reward,1,Hopper-v4,27.175112063693085,123.661
49244,reward,1,Hopper-v4,156.8983175468643,124.556
49259,reward,1,Hopper-v4,12.442513043818103,110.169
49391,reward,1,Hopper-v4,169.80086920969987,115.972
49450,reward,1,Hopper-v4,105.5987298315334,111.976
49514,reward,1,Hopper-v4,91.18238833950231,108.384
49610,reward,1,Hopper-v4,142.38621125002905,103.602
49696,reward,1,Hopper-v4,116.0598694502833,111.024
49720,reward,1,Hopper-v4,9.041765450209242,95.286
49772,reward,1,Hopper-v4,87.86929551614524,91.846
49849,reward,1,Hopper-v4,138.16897843936417,102.945
49913,reward,1,Hopper-v4,109.8722044986671,98.242
49948,reward,1,Hopper-v4,6.999456674963127,97.698
50000,eval,1,Hopper-v4,Hopper-v4,94.796,1.0,0.0
50000,eval,1,Hopper-v4,Walker2d-v4,20.357,0.830111,4.166
50019,reward,1,Hopper-v4,119.11983293952314,92.63
50102,reward,1,Hopper-v4,120.25587003183088,94.096
50136,reward,1,Hopper-v4,6.791822271435065,85.657
50166,reward,1,Hopper-v4,10.393645726061907,72.457
50204,reward,1,Hopper-v4,15.012353534554641,62.353
50224,reward,1,Hopper-v4,10.165040785653051,62.465
50362,reward,1,Hopper-v4,207.3128542300137,74.409
50467,reward,1,Hopper-v4,131.70470450519966,73.763
50548,reward,1,Hopper-v4,153.1249562146826,78.088
50580,reward,1,Hopper-v4,9.009054776145021,78.289
50654,reward,1,Hopper-v4,144.8243930794155,80.859
50665,reward,1,Hopper-v4,9.456490804600042,69.78
50724,reward,1,Hopper-v4,108.22375798818828,79.923
50768,reward,1,Hopper-v4,74.76174602543846,86.36
50864,reward,1,Hopper-v4,140.73078919443194,98.931
50945,reward,1,Hopper-v4,122.04113924033915,110.119
51003,reward,1,Hopper-v4,67.13878775278609,96.102
51082,reward,1,Hopper-v4,112.84398577675469,94.216
51152,reward,1,Hopper-v4,114.54192850306214,90.357
51162,reward,1,Hopper-v4,8.30876210782816,90.287
51214,reward,1,Hopper-v4,82.92562063153859,84.097
51267,reward,1,Hopper-v4,80.41007971839035,91.193
51319,reward,1,Hopper-v4,91.6823574378038,89.539
51372,reward,1,Hopper-v4,94.04979458512402,91.467
51444,reward,1,Hopper-v4,48.265657275049776,82.221
51523,reward,1,Hopper-v4,134.84130397597664,83.501
51577,reward,1,Hopper-v4,87.52083881804016,85.539
51591,reward,1,Hopper-v4,9.136212054014043,75.168
51624,reward,1,Hopper-v4,42.08260311048159,67.922
51701,reward,1,Hopper-v4,87.48718199402155,75.84
51767,reward,1,Hopper-v4,119.69453784874601,79.517
51821,reward,1,Hopper-v4,76.47695504724398,79.124
51887,reward,1,Hopper-v4,107.18878043169191,80.674
51948,reward,1,Hopper-v4,102.08573451468759,81.478
52016,reward,1,Hopper-v4,80.11533545842174,84.663
52073,reward,1,Hopper-v4,61.912656273497866,77.37
52154,reward,1,Hopper-v4,122.22012697784669,80.84
52253,reward,1,Hopper-v4,153.60675060578217,95.287
52313,reward,1,Hopper-v4,87.28223018790027,99.807
52406,reward,1,Hopper-v4,128.75764383596396,103.934
52448,reward,1,Hopper-v4,64.34791272102252,98.399
52495,reward,1,Hopper-v4,77.57142682432176,98.509
52607,reward,1,Hopper-v4,90.57539488267055,96.848
52665,reward,1,Hopper-v4,102.49447549445959,96.888
52674,reward,1,Hopper-v4,7.455828835851141,89.622
52704,reward,1,Hopper-v4,30.54709519433533,86.486
52753,reward,1,Hopper-v4,84.6839786374794,82.732
52819,reward,1,Hopper-v4,103.72101021049819,77.744
52946,reward,1,Hopper-v4,157.84825761910196,84.8
52976,reward,1,Hopper-v4,25.40529796976975,74.465
53032,reward,1,Hopper-v4,45.345141015633054,72.565
53106,reward,1,Hopper-v4,111.7024650742784,75.978
53229,reward,1,Hopper-v4,165.20752623449613,83.441
53274,reward,1,Hopper-v4,76.14889519067913,80.807
53343,reward,1,Hopper-v4,102.77056528198206,90.338
53431,reward,1,Hopper-v4,151.13972332663,102.397
53521,reward,1,Hopper-v4,157.9137165471474,109.72
53606,reward,1,Hopper-v4,128.8660241517476,112.235
53689,reward,1,Hopper-v4,156.57443149296407,112.107
53745,reward,1,Hopper-v4,99.42569934533975,119.509
53825,reward,1,Hopper-v4,142.79045248598922,129.254
53843,reward,1,Hopper-v4,7.834560988620836,118.867
53903,reward,1,Hopper-v4,107.90819147380728,113.137
54048,reward,1,Hopper-v4,215.30696141036455,127.053
54122,reward,1,Hopper-v4,98.54892596641318,126.631
54182,reward,1,Hopper-v4,97.417374788324,121.259
54244,reward,1,Hopper-v4,85.72447202259147,114.04
54332,reward,1,Hopper-v4,109.94211016324974,112.147
54397,reward,1,Hopper-v4,88.97415272251257,105.387
54458,reward,1,Hopper-v4,105.45643629512922,105.99
54486,reward,1,Hopper-v4,3.6577026721271353,92.077
54501,reward,1,Hopper-v4,14.972936340922413,92.791
54515,reward,1,Hopper-v4,10.168648666106362,83.017
54628,reward,1,Hopper-v4,165.59891886255986,78.046
54661,reward,1,Hopper-v4,31.3556222601528,71.327
54695,reward,1,Hopper-v4,41.90951294211299,65.776
54740,reward,1,Hopper-v4,75.47245745122456,64.751
54802,reward,1,Hopper-v4,114.77598676053866,65.234
54869,reward,1,Hopper-v4,44.3394306390254,60.771
54914,reward,1,Hopper-v4,75.05603573463561,57.731
54988,reward,1,Hopper-v4,134.11172674950205,70.776
55071,reward,1,Hopper-v4,117.473182847431,81.026
55136,reward,1,Hopper-v4,66.23110933778982,86.632
55148,reward,1,Hopper-v4,10.954112768460435,71.168
55208,reward,1,Hopper-v4,91.96495413554344,77.229
55268,reward,1,Hopper-v4,63.18781411278173,79.357
55297,reward,1,Hopper-v4,4.888162828823447,72.298
55337,reward,1,Hopper-v4,66.96169455907749,67.517
55399,reward,1,Hopper-v4,96.37282664597552,72.72
55455,reward,1,Hopper-v4,87.19920983037947,73.934
55472,reward,1,Hopper-v4,10.554916546311627,61.579
55566,reward,1,Hopper-v4,98.87248892357663,59.719
55660,reward,1,Hopper-v4,167.56701950743712,69.852
55711,reward,1,Hopper-v4,35.71176464073152,72.328
55750,reward,1,Hopper-v4,65.08115904807092,69.64
55803,reward,1,Hopper-v4,88.93780695263644,72.215
55900,reward,1,Hopper-v4,104.86798244920483,82.213
55977,reward,1,Hopper-v4,116.66212810661273,87.183
56041,reward,1,Hopper-v4,102.66846649524255,87.812
56100,reward,1,Hopper-v4,108.61913527663371,89.954
56139,reward,1,Hopper-v4,42.89545102098464,93.188
56209,reward,1,Hopper-v4,100.55569855541947,93.357
56265,reward,1,Hopper-v4,97.0199813551768,86.302
56350,reward,1,Hopper-v4,121.60419269453033,94.891
56375,reward,1,Hopper-v4,3.9246896638106357,88.776
56430,reward,1,Hopper-v4,99.56297001159615,89.838
56488,reward,1,Hopper-v4,92.36965766638222,88.588
56557,reward,1,Hopper-v4,132.6862364924382,90.191
56635,reward,1,Hopper-v4,118.63497774493736,91.787
56699,reward,1,Hopper-v4,62.328986200368504,87.158
56758,reward,1,Hopper-v4,103.21780515989089,93.191
56903,reward,1,Hopper-v4,171.9022397513395,100.325
56971,reward,1,Hopper-v4,107.74593497596165,101.398
57023,reward,1,Hopper-v4,92.31102857696365,98.468
57066,reward,1,Hopper-v4,73.60997945847906,105.437
57138,reward,1,Hopper-v4,113.932472312358,106.874
57224,reward,1,Hopper-v4,117.32190140765024,109.369
57238,reward,1,Hopper-v4,11.9116300575973,97.292
57370,reward,1,Hopper-v4,234.5837384451662,108.887
57415,reward,1,Hopper-v4,65.05561780252889,109.159
57490,reward,1,Hopper-v4,123.49025752465666,111.186
57598,reward,1,Hopper-v4,160.1861436857399,110.015
57636,reward,1,Hopper-v4,62.967420272768685,105.537
57664,reward,1,Hopper-v4,25.014791804394648,98.807
57742,reward,1,Hopper-v4,75.35799229781307,98.982
57795,reward,1,Hopper-v4,95.94109643562558,97.183
57842,reward,1,Hopper-v4,76.64498153206644,93.115
57921,reward,1,Hopper-v4,115.86673734161502,103.511
57961,reward,1,Hopper-v4,67.34746037157699,86.787
58005,reward,1,Hopper-v4,70.93358969653983,87.375
58073,reward,1,Hopper-v4,52.916203829937174,80.318
58084,reward,1,Hopper-v4,6.754568549843945,64.974
58156,reward,1,Hopper-v4,123.94215903761454,71.072
58231,reward,1,Hopper-v4,124.31154889105137,81.002
58292,reward,1,Hopper-v4,42.02030239435188,77.668
58440,reward,1,Hopper-v4,175.34182813103212,85.608
58534,reward,1,Hopper-v4,127.83746619641097,90.727
58546,reward,1,Hopper-v4,7.879688269036874,79.928
58606,reward,1,Hopper-v4,91.87277284970808,82.381
58676,reward,1,Hopper-v4,100.43525827355693,85.331
58732,reward,1,Hopper-v4,89.38815381306391,88.978
58804,reward,1,Hopper-v4,98.29188463303994,98.132
58820,reward,1,Hopper-v4,15.041378328895757,87.242
58855,reward,1,Hopper-v4,49.107439170963254,79.722
58888,reward,1,Hopper-v4,6.8764694868075145,76.207
58939,reward,1,Hopper-v4,86.57926853378052,67.331
58952,reward,1,Hopper-v4,9.314796724127369,55.479
59042,reward,1,Hopper-v4,121.76851678047477,66.868
59102,reward,1,Hopper-v4,87.65577876311863,66.446
59165,reward,1,Hopper-v4,91.14706282886456,65.517
59256,reward,1,Hopper-v4,138.18821881040134,70.397
59265,reward,1,Hopper-v4,7.334502340444093,61.301
59327,reward,1,Hopper-v4,102.07841142650835,70.005
59420,reward,1,Hopper-v4,107.31771426183275,75.826
59470,reward,1,Hopper-v4,84.81731062268035,83.62
59543,reward,1,Hopper-v4,124.08658252064977,87.371
59586,reward,1,Hopper-v4,71.31654462702254,93.571
59646,reward,1,Hopper-v4,89.80106147830277,90.374
59719,reward,1,Hopper-v4,109.41520570000577,92.55
59783,reward,1,Hopper-v4,90.01468369485214,92.437
59844,reward,1,Hopper-v4,95.25266687557213,88.143
59879,reward,1,Hopper-v4,31.93288212401944,90.603
59945,reward,1,Hopper-v4,42.661963466178314,84.662
59990,reward,1,Hopper-v4,73.54548222720462,81.284
60000,eval,1,Hopper-v4,Hopper-v4,76.285,0.804729,18.511
60000,eval,1,Hopper-v4,Walker2d-v4,14.144,0.576779,10.379
60036,reward,1,Hopper-v4,76.48400399439747,80.451
60090,reward,1,Hopper-v4,68.2271648759942,74.865
60207,reward,1,Hopper-v4,156.10958497076422,83.344
60269,reward,1,Hopper-v4,100.29998962891867,84.394
60307,reward,1,Hopper-v4,33.67236368127263,76.82
60325,reward,1,Hopper-v4,4.098773641199834,68.228
60352,reward,1,Hopper-v4,24.979356567098883,61.201
60383,reward,1,Hopper-v4,41.73508354914822,62.181
60431,reward,1,Hopper-v4,80.84760508597675,66.0
60482,reward,1,Hopper-v4,84.45851712005982,67.091
60539,reward,1,Hopper-v4,92.17353223857866,68.66
60587,reward,1,Hopper-v4,80.5574036305407,69.893
60639,reward,1,Hopper-v4,87.91249344945717,63.074
60689,reward,1,Hopper-v4,84.5148541938775,61.495
60825,reward,1,Hopper-v4,175.0287864906614,75.631
60913,reward,1,Hopper-v4,119.1892995333844,87.14
60963,reward,1,Hopper-v4,85.82534570500337,93.224
61010,reward,1,Hopper-v4,74.01637666502126,96.452
61070,reward,1,Hopper-v4,111.60458395992397,99.528
61138,reward,1,Hopper-v4,47.518979353332035,95.834
61201,reward,1,Hopper-v4,101.89578252639228,96.806
61256,reward,1,Hopper-v4,89.41483591123576,97.692
61322,reward,1,Hopper-v4,99.24113303006371,98.825
61342,reward,1,Hopper-v4,8.277648653867853,91.201
61405,reward,1,Hopper-v4,98.4969450349254,83.548
61468,reward,1,Hopper-v4,87.14541205753028,80.344
61515,reward,1,Hopper-v4,39.91102021396361,75.752
61589,reward,1,Hopper-v4,85.8807551461861,76.939
61638,reward,1,Hopper-v4,77.69947735000397,73.548
61723,reward,1,Hopper-v4,134.52743260955168,82.249
61762,reward,1,Hopper-v4,63.99245428457219,78.459
61849,reward,1,Hopper-v4,96.18162129703053,79.135
61927,reward,1,Hopper-v4,128.69937526972714,82.081
62038,reward,1,Hopper-v4,128.38875577309713,94.092
62106,reward,1,Hopper-v4,112.86377830422286,95.529
62124,reward,1,Hopper-v4,12.770373093229054,88.092
62197,reward,1,Hopper-v4,108.81925616615992,94.982
62260,reward,1,Hopper-v4,111.23007185037349,97.517
62315,reward,1,Hopper-v4,90.21061321965475,98.768
62380,reward,1,Hopper-v4,110.20552794770126,96.336
62528,reward,1,Hopper-v4,225.9378203393628,112.531
62581,reward,1,Hopper-v4,87.69288302542405,111.682
62592,reward,1,Hopper-v4,8.60414147084615,99.672
62638,reward,1,Hopper-v4,79.87880934670638,94.821
62656,reward,1,Hopper-v4,14.869175042801299,85.022
62707,reward,1,Hopper-v4,80.68828850016311,91.814
62783,reward,1,Hopper-v4,136.9254605099225,94.624
62868,reward,1,Hopper-v4,133.07943945956558,96.809
62909,reward,1,Hopper-v4,68.28003256458805,94.616
62956,reward,1,Hopper-v4,80.75563200539263,91.671
62965,reward,1,Hopper-v4,6.700962398629066,69.747
62975,reward,1,Hopper-v4,7.208601590187852,61.699
63025,reward,1,Hopper-v4,86.07189483176954,69.446
63036,reward,1,Hopper-v4,7.80480428428741,62.238
63072,reward,1,Hopper-v4,45.44413936723874,65.296
63093,reward,1,Hopper-v4,23.613319908895225,59.588
63154,reward,1,Hopper-v4,111.66132599889096,57.062
63250,reward,1,Hopper-v4,144.98642641302743,58.253
63381,reward,1,Hopper-v4,182.51089765184486,69.676
63416,reward,1,Hopper-v4,41.7808552660268,65.778
63459,reward,1,Hopper-v4,62.43283889070924,71.352
63539,reward,1,Hopper-v4,130.76965853440723,83.708
63617,reward,1,Hopper-v4,96.89893805336516,84.79
63674,reward,1,Hopper-v4,101.44040259697047,94.154
63709,reward,1,Hopper-v4,55.64642508520599,95.174
63734,reward,1,Hopper-v4,29.850379339497003,95.798
63784,reward,1,Hopper-v4,81.83845981450683,92.816
63825,reward,1,Hopper-v4,53.21576846705271,83.638
63875,reward,1,Hopper-v4,83.96549422267051,73.784
63918,reward,1,Hopper-v4,71.6406141694119,76.77
63951,reward,1,Hopper-v4,42.39522042122887,74.766
64017,reward,1,Hopper-v4,125.32481904108958,74.222
64088,reward,1,Hopper-v4,101.1319880812922,74.645
64143,reward,1,Hopper-v4,96.57055203080265,74.158
64209,reward,1,Hopper-v4,98.62095945543241,78.455
64250,reward,1,Hopper-v4,67.26584714866067,82.197
64312,reward,1,Hopper-v4,101.18316579021898,84.131
64390,reward,1,Hopper-v4,126.2989198170638,91.44
64484,reward,1,Hopper-v4,150.67050197786384,98.11
64518,reward,1,Hopper-v4,6.371144282582153,91.583
64587,reward,1,Hopper-v4,109.42787289181594,98.287
64625,reward,1,Hopper-v4,34.97077300317367,89.251
64668,reward,1,Hopper-v4,70.33687304016198,86.172
64711,reward,1,Hopper-v4,70.48420525234907,83.563
64726,reward,1,Hopper-v4,11.980583940791789,74.899
64773,reward,1,Hopper-v4,79.55253943411974,76.128
64861,reward,1,Hopper-v4,120.03044012209133,78.012
64966,reward,1,Hopper-v4,175.3818277375341,82.921
64988,reward,1,Hopper-v4,19.14812445847296,69.768
65068,reward,1,Hopper-v4,151.9188492574455,84.323
65118,reward,1,Hopper-v4,81.95771128449701,81.576
65146,reward,1,Hopper-v4,38.518058270107275,81.931
65165,reward,1,Hopper-v4,20.803591184758957,76.978
65223,reward,1,Hopper-v4,103.15423919693569,80.245
65279,reward,1,Hopper-v4,101.15102775282082,89.162
65354,reward,1,Hopper-v4,128.20965060992157,94.027
65426,reward,1,Hopper-v4,84.36056664036627,90.46
65463,reward,1,Hopper-v4,58.11673752019036,78.734
65486,reward,1,Hopper-v4,24.368230710761797,79.256
65548,reward,1,Hopper-v4,115.44104288540527,75.608
65616,reward,1,Hopper-v4,105.7476171607109,77.987
65677,reward,1,Hopper-v4,97.33733643662758,83.869
65697,reward,1,Hopper-v4,20.2022627694891,83.809
65729,reward,1,Hopper-v4,43.15058476022563,77.809
65746,reward,1,Hopper-v4,15.185019467106056,69.212
65792,reward,1,Hopper-v4,76.93903865939319,64.085
65870,reward,1,Hopper-v4,128.66981662260116,68.516
65931,reward,1,Hopper-v4,99.00424470563283,72.605
65984,reward,1,Hopper-v4,79.22648159951751,78.09
66031,reward,1,Hopper-v4,80.74551499425145,74.621
66069,reward,1,Hopper-v4,47.276873115864746,68.774
66116,reward,1,Hopper-v4,80.33820757056333,67.074
66166,reward,1,Hopper-v4,84.79296180761942,73.533
66210,reward,1,Hopper-v4,73.5142971106621,76.569
66235,reward,1,Hopper-v4,14.819254535327154,76.533
66249,reward,1,Hopper-v4,8.654405127565372,69.704
66326,reward,1,Hopper-v4,113.15063626179037,68.152
66345,reward,1,Hopper-v4,16.391793952129284,59.891
66366,reward,1,Hopper-v4,23.477868201845112,54.316
66383,reward,1,Hopper-v4,16.796665596247408,47.921
66415,reward,1,Hopper-v4,38.414916235725904,47.035
66461,reward,1,Hopper-v4,77.9394870416181,46.795
66492,reward,1,Hopper-v4,37.06383136530513,42.022
66569,reward,1,Hopper-v4,85.60912048048795,43.232
66594,reward,1,Hopper-v4,29.666233976020976,44.716
66633,reward,1,Hopper-v4,64.83822770047684,50.335
66663,reward,1,Hopper-v4,28.955964823575428,41.915
66671,reward,1,Hopper-v4,6.150426483293073,40.891
66734,reward,1,Hopper-v4,106.0167815032257,49.145
66777,reward,1,Hopper-v4,71.65858346607328,54.631
66828,reward,1,Hopper-v4,84.18171361072955,59.208
66879,reward,1,Hopper-v4,85.79367458144034,59.993
66928,reward,1,Hopper-v4,78.87508518446172,64.175
66946,reward,1,Hopper-v4,15.752559178232332,57.189
67047,reward,1,Hopper-v4,123.68974290916083,66.591
67069,reward,1,Hopper-v4,10.589360428431418,61.166
67100,reward,1,Hopper-v4,41.13303722787767,62.384
67151,reward,1,Hopper-v4,40.564966099130594,65.826
67165,reward,1,Hopper-v4,13.9319297247933,56.617
67219,reward,1,Hopper-v4,86.07191356620292,58.058
67277,reward,1,Hopper-v4,100.1059246191272,59.651
67324,reward,1,Hopper-v4,74.22035603108603,58.493
67369,reward,1,Hopper-v4,74.64794586526186,58.071
67415,reward,1,Hopper-v4,78.10232481860602,64.306
67464,reward,1,Hopper-v4,78.51480222845625,59.788
67518,reward,1,Hopper-v4,97.13640400443911,68.443
67554,reward,1,Hopper-v4,51.367018430247214,69.466
67601,reward,1,Hopper-v4,74.78868647881387,72.889
67623,reward,1,Hopper-v4,25.63282657948371,74.059
67633,reward,1,Hopper-v4,8.379028427742433,66.29
67722,reward,1,Hopper-v4,167.47303916410291,73.026
67773,reward,1,Hopper-v4,87.2305421848347,74.327
67787,reward,1,Hopper-v4,11.550110562258263,68.017
67839,reward,1,Hopper-v4,79.09908448975672,68.117
67850,reward,1,Hopper-v4,9.130040720072918,61.179
67858,reward,1,Hopper-v4,6.124202216863342,52.077
67888,reward,1,Hopper-v4,39.4381281118948,50.885
67936,reward,1,Hopper-v4,79.76001926083948,51.382
67956,reward,1,Hopper-v4,7.420900604975863,49.561
67966,reward,1,Hopper-v4,6.837217904024987,49.406
67996,reward,1,Hopper-v4,39.415578355895754,36.601
68010,reward,1,Hopper-v4,9.738505140761609,28.851
68023,reward,1,Hopper-v4,11.399947846919519,28.836
68081,reward,1,Hopper-v4,102.77527762169858,31.204
68097,reward,1,Hopper-v4,15.880693741044983,31.879
68154,reward,1,Hopper-v4,103.3413818282783,41.601
68177,reward,1,Hopper-v4,24.860592376177383,40.143
68225,reward,1,Hopper-v4,78.80393099527441,40.047
68341,reward,1,Hopper-v4,115.85881626708687,50.891
68385,reward,1,Hopper-v4,71.01327083392593,57.309
68411,reward,1,Hopper-v4,30.64138618512095,56.431
68450,reward,1,Hopper-v4,55.27873138416676,60.985
68518,reward,1,Hopper-v4,130.2090019724066,72.866
68533,reward,1,Hopper-v4,14.478233397541095,64.037
68549,reward,1,Hopper-v4,15.601997641283273,64.009
68591,reward,1,Hopper-v4,37.573488215082826,57.432
68630,reward,1,Hopper-v4,50.89830599733773,60.036
68718,reward,1,Hopper-v4,92.05131701857334,61.36
68780,reward,1,Hopper-v4,68.41278530818141,56.616
68810,reward,1,Hopper-v4,38.60419506230286,53.375
68874,reward,1,Hopper-v4,91.74640929657603,59.485
68901,reward,1,Hopper-v4,27.76861853390569,56.734
68955,reward,1,Hopper-v4,91.57745222751585,52.871
68981,reward,1,Hopper-v4,29.602408803376697,54.384
69015,reward,1,Hopper-v4,45.538794138007496,57.377
69024,reward,1,Hopper-v4,7.3827270821240525,54.358
69088,reward,1,Hopper-v4,107.79551829876429,60.048
69113,reward,1,Hopper-v4,23.90417442101773,53.233
69141,reward,1,Hopper-v4,31.444171068240255,49.536
69163,reward,1,Hopper-v4,22.95386507630118,47.971
69179,reward,1,Hopper-v4,11.297351125168937,39.927
69244,reward,1,Hopper-v4,101.42791553193838,47.292
69307,reward,1,Hopper-v4,107.75561168362015,48.91
69321,reward,1,Hopper-v4,7.356592486596417,46.686
69375,reward,1,Hopper-v4,45.316908996236606,46.663
69396,reward,1,Hopper-v4,23.478081529955986,48.273
69476,reward,1,Hopper-v4,124.0278799074043,49.896
69530,reward,1,Hopper-v4,60.60332489498216,53.566
69540,reward,1,Hopper-v4,8.563399999171471,51.278
69557,reward,1,Hopper-v4,18.057208492176606,50.788
69585,reward,1,Hopper-v4,36.25599342433212,53.284
69640,reward,1,Hopper-v4,95.6855060789286,52.71
69681,reward,1,Hopper-v4,46.47803550362345,46.582
69752,reward,1,Hopper-v4,107.4671362476136,56.593
69805,reward,1,Hopper-v4,87.38361902786254,60.8
69864,reward,1,Hopper-v4,104.65880959217247,68.918
69885,reward,1,Hopper-v4,23.614603863881946,58.877
69976,reward,1,Hopper-v4,106.71905240444259,63.488
70000,eval,1,Hopper-v4,Hopper-v4,74.482,0.785707,20.314
70000,eval,1,Hopper-v4,Walker2d-v4,3.817,0.15565,20.706
70093,reward,1,Hopper-v4,172.15971862625094,79.848
70104,reward,1,Hopper-v4,9.052375374952849,78.947
70173,reward,1,Hopper-v4,105.1444678016779,85.836
70221,reward,1,Hopper-v4,81.65383337084863,84.433
70266,reward,1,Hopper-v4,74.74261415353962,87.26
70306,reward,1,Hopper-v4,64.50090368396151,82.963
70362,reward,1,Hopper-v4,100.0987410167137,84.235
70454,reward,1,Hopper-v4,150.68648147834827,88.837
70572,reward,1,Hopper-v4,165.00067133658538,102.976
70665,reward,1,Hopper-v4,140.91152221498658,106.395
70739,reward,1,Hopper-v4,123.04401685098745,101.484
70783,reward,1,Hopper-v4,63.1703074285714,106.895
70847,reward,1,Hopper-v4,98.38893958268422,106.22
70905,reward,1,Hopper-v4,101.85131947567452,108.24
70963,reward,1,Hopper-v4,97.55394314065096,110.521
70975,reward,1,Hopper-v4,9.502106054144614,105.021
71015,reward,1,Hopper-v4,45.00633320858891,99.512
71071,reward,1,Hopper-v4,85.28341211182016,92.971
71146,reward,1,Hopper-v4,154.41322305936362,91.913
71205,reward,1,Hopper-v4,61.50493911035286,83.972
71268,reward,1,Hopper-v4,120.49032258578725,83.716
71282,reward,1,Hopper-v4,11.252138106526143,78.525
71308,reward,1,Hopper-v4,29.73616128067749,71.659
71362,reward,1,Hopper-v4,91.43756093048846,70.618
71416,reward,1,Hopper-v4,89.48187967687166,69.811
71431,reward,1,Hopper-v4,8.272817787737443,69.688
71479,reward,1,Hopper-v4,75.14857786993416,72.702
71512,reward,1,Hopper-v4,42.701540833809105,68.444
71538,reward,1,Hopper-v4,30.896869637626978,56.092
71582,reward,1,Hopper-v4,55.33162110135207,55.475
71637,reward,1,Hopper-v4,91.0633979901668,52.532
71693,reward,1,Hopper-v4,101.24332594653833,61.531
71705,reward,1,Hopper-v4,10.999128052014004,59.658
71747,reward,1,Hopper-v4,62.31839042636659,56.746
71794,reward,1,Hopper-v4,78.68126524423974,55.666
71805,reward,1,Hopper-v4,8.799628496699137,55.718
71851,reward,1,Hopper-v4,75.4286576189393,55.746
71911,reward,1,Hopper-v4,92.57573215377334,60.734
71999,reward,1,Hopper-v4,119.04073943310394,69.548
72062,reward,1,Hopper-v4,118.81304786123995,75.896
72147,reward,1,Hopper-v4,125.64053331140032,79.354
72191,reward,1,Hopper-v4,71.41989292511391,76.372
72200,reward,1,Hopper-v4,6.911149776350355,75.963
72260,reward,1,Hopper-v4,95.85235315899266,79.316
72269,reward,1,Hopper-v4,7.087877073140586,72.157
72308,reward,1,Hopper-v4,49.57369681759346,76.234
72355,reward,1,Hopper-v4,80.1185729790434,76.703
72374,reward,1,Hopper-v4,16.834625889534934,69.129
72386,reward,1,Hopper-v4,10.298641204454842,58.255
72408,reward,1,Hopper-v4,21.029257033178727,48.477
72453,reward,1,Hopper-v4,73.55127488126843,43.268
72475,reward,1,Hopper-v4,22.337401498927754,38.359
72531,reward,1,Hopper-v4,87.78762235746501,46.447
72563,reward,1,Hopper-v4,19.8783676084058,38.85
72624,reward,1,Hopper-v4,64.48502388545644,44.589
72654,reward,1,Hopper-v4,25.15540673308985,42.148
72692,reward,1,Hopper-v4,52.584668194558624,39.394
72747,reward,1,Hopper-v4,85.62611235816101,46.273
72756,reward,1,Hopper-v4,7.22068006815775,45.966
72779,reward,1,Hopper-v4,25.47556433704098,46.41
72835,reward,1,Hopper-v4,100.864504809785,49.142
72950,reward,1,Hopper-v4,145.02249343971746,61.41
72994,reward,1,Hopper-v4,66.51263667384292,59.283
73005,reward,1,Hopper-v4,9.215693878085638,58.216
73049,reward,1,Hopper-v4,70.44758171947686,58.813
73060,reward,1,Hopper-v4,8.322720933862719,57.129
73119,reward,1,Hopper-v4,88.04635833514895,60.675
73144,reward,1,Hopper-v4,29.345585119033085,55.047
73229,reward,1,Hopper-v4,112.98430939750372,65.624
73290,reward,1,Hopper-v4,77.55319278981639,70.832
73320,reward,1,Hopper-v4,37.35472104578132,64.481
73368,reward,1,Hopper-v4,76.19135718646613,57.597
73425,reward,1,Hopper-v4,88.44233037552249,59.79
73522,reward,1,Hopper-v4,126.72713777760261,71.542
73563,reward,1,Hopper-v4,50.189787542509286,69.516
73612,reward,1,Hopper-v4,86.57924733634398,77.341
73681,reward,1,Hopper-v4,103.9152328291791,78.928
73714,reward,1,Hopper-v4,32.592476681671826,79.253
73776,reward,1,Hopper-v4,89.88667764967698,76.943
73877,reward,1,Hopper-v4,133.6880402194815,82.557
73926,reward,1,Hopper-v4,83.27582811667824,87.149
73943,reward,1,Hopper-v4,16.479338583457942,81.178
73996,reward,1,Hopper-v4,83.84339673679366,80.718
74083,reward,1,Hopper-v4,133.27345318079347,81.372
74101,reward,1,Hopper-v4,13.55955628739213,77.709
74180,reward,1,Hopper-v4,117.07011140725092,80.758
74272,reward,1,Hopper-v4,126.22652888424587,82.99
74315,reward,1,Hopper-v4,47.76483031190947,84.507
74367,reward,1,Hopper-v4,81.18073872078904,83.636
74435,reward,1,Hopper-v4,126.40179517479683,82.908
74449,reward,1,Hopper-v4,10.794788582857368,75.659
74502,reward,1,Hopper-v4,83.79609828121048,82.391
74551,reward,1,Hopper-v4,79.22850181797381,81.93
74639,reward,1,Hopper-v4,117.51269708710727,80.354
74703,reward,1,Hopper-v4,122.45177275002071,91.243
74750,reward,1,Hopper-v4,76.81005540568034,87.217
74769,reward,1,Hopper-v4,18.588982403403588,76.453
74844,reward,1,Hopper-v4,117.76110340817513,83.453
74896,reward,1,Hopper-v4,80.85263956890995,83.42
74915,reward,1,Hopper-v4,18.68176536852963,72.648
75050,reward,1,Hopper-v4,179.0415075455393,89.473
75116,reward,1,Hopper-v4,94.86280052103754,90.579
75172,reward,1,Hopper-v4,84.392836920449,91.096
75190,reward,1,Hopper-v4,18.03755177534475,81.148
75241,reward,1,Hopper-v4,82.0584808750432,77.109
75271,reward,1,Hopper-v4,30.649378195186372,72.493
75331,reward,1,Hopper-v4,108.17858702554948,81.452
75421,reward,1,Hopper-v4,121.20986102728561,81.797
75473,reward,1,Hopper-v4,88.4904678319345,82.56
75503,reward,1,Hopper-v4,39.24219603532908,84.616
75566,reward,1,Hopper-v4,95.7337255550447,76.286
75610,reward,1,Hopper-v4,71.87777562601484,73.987
75680,reward,1,Hopper-v4,101.446276849653,75.692
75747,reward,1,Hopper-v4,96.24840660810554,83.514
75811,reward,1,Hopper-v4,100.0699091925995,85.315
75827,reward,1,Hopper-v4,15.234721805309217,83.773
75907,reward,1,Hopper-v4,109.6207493038923,83.917
75959,reward,1,Hopper-v4,82.3449348261078,80.031
76032,reward,1,Hopper-v4,123.73459493029583,83.555
76100,reward,1,Hopper-v4,94.68096455375972,89.099
76183,reward,1,Hopper-v4,107.76157902674503,90.302
76242,reward,1,Hopper-v4,85.19104224798086,91.633
76301,reward,1,Hopper-v4,97.98461029386286,91.287
76361,reward,1,Hopper-v4,89.10767903445048,90.573
76402,reward,1,Hopper-v4,65.96644213284351,87.163
76457,reward,1,Hopper-v4,93.12193340542265,94.951
76507,reward,1,Hopper-v4,83.80647346499877,92.37
76524,reward,1,Hopper-v4,15.258808909291005,85.661
76602,reward,1,Hopper-v4,115.71176345722799,84.859
76658,reward,1,Hopper-v4,83.12222397531444,83.703
76709,reward,1,Hopper-v4,82.66951779932863,81.194
76720,reward,1,Hopper-v4,8.49691316430889,73.525
76757,reward,1,Hopper-v4,30.739434702486804,66.8
76885,reward,1,Hopper-v4,155.1534421611061,73.405
76957,reward,1,Hopper-v4,98.29097363758045,76.637
77040,reward,1,Hopper-v4,141.58569420196963,81.484
77068,reward,1,Hopper-v4,34.15865562741264,76.519
77078,reward,1,Hopper-v4,8.212890719864902,75.814
77172,reward,1,Hopper-v4,124.74554434753522,76.718
77261,reward,1,Hopper-v4,129.14507587367697,81.32
77357,reward,1,Hopper-v4,126.59251324573566,85.712
77404,reward,1,Hopper-v4,72.94151335843974,92.157
77491,reward,1,Hopper-v4,114.88445012877821,100.571
77550,reward,1,Hopper-v4,103.0056216186477,95.356
77618,reward,1,Hopper-v4,103.02701337786446,95.83
77666,reward,1,Hopper-v4,78.7208589899813,89.543
77704,reward,1,Hopper-v4,41.08037840277396,90.236
77715,reward,1,Hopper-v4,9.260920462159321,90.34
77861,reward,1,Hopper-v4,176.67623314044002,95.533
77960,reward,1,Hopper-v4,128.409033029449,95.46
78059,reward,1,Hopper-v4,124.0586528829148,95.206
78135,reward,1,Hopper-v4,108.4727100713835,98.76
78201,reward,1,Hopper-v4,105.00225844714242,97.771
78382,reward,1,Hopper-v4,213.66503650822185,108.837
78431,reward,1,Hopper-v4,82.64009340210887,106.799
78516,reward,1,Hopper-v4,133.3080431207562,112.257
78569,reward,1,Hopper-v4,83.16260140864429,116.466
78624,reward,1,Hopper-v4,48.43192022612386,120.383
78671,reward,1,Hopper-v4,29.035509903553766,105.619
78719,reward,1,Hopper-v4,74.99960486513868,100.278
78783,reward,1,Hopper-v4,96.93113907024247,97.565
78843,reward,1,Hopper-v4,90.89833271126517,95.807
78888,reward,1,Hopper-v4,72.34283456198887,92.542
78963,reward,1,Hopper-v4,101.36710120961943,81.312
79029,reward,1,Hopper-v4,93.59058009545535,82.407
79175,reward,1,Hopper-v4,179.91047394857526,87.067
79275,reward,1,Hopper-v4,125.16057490845697,91.267
79331,reward,1,Hopper-v4,84.04242417260959,94.828
79415,reward,1,Hopper-v4,118.69900791266626,103.794
79528,reward,1,Hopper-v4,141.7457780381467,110.469
79600,reward,1,Hopper-v4,108.54199394727065,111.63
79611,reward,1,Hopper-v4,8.32551334493916,103.373
79720,reward,1,Hopper-v4,129.54018359036863,109.092
79785,reward,1,Hopper-v4,92.22080936901268,108.178
79847,reward,1,Hopper-v4,99.82840585786423,108.802
79939,reward,1,Hopper-v4,132.83036984161188,104.094
80000,eval,1,Hopper-v4,Hopper-v4,113.095,1.0,0.0
80000,eval,1,Hopper-v4,Walker2d-v4,8.326,0.33952,16.197
80000,phase_summary,1,Hopper-v4,113.588,113.095,1.004357,0.0,1.07
80000,phase_start,2,Walker2d-v4,80000
80029,reward,2,Walker2d-v4,14.466399252973558,14.466
80042,reward,2,Walker2d-v4,0.6207147021887403,7.544
80053,reward,2,Walker2d-v4,-1.4729529102531354,4.538
80067,reward,2,Walker2d-v4,-0.277507365982396,3.334
80093,reward,2,Walker2d-v4,4.06439573583803,3.48
80123,reward,2,Walker2d-v4,7.130173647378517,4.089
80133,reward,2,Walker2d-v4,0.028984292487685748,3.509
80146,reward,2,Walker2d-v4,1.1100217978712472,3.209
80155,reward,2,Walker2d-v4,-1.5347517256802723,2.682
80176,reward,2,Walker2d-v4,3.93590598167214,2.807
80205,reward,2,Walker2d-v4,7.573916451391854,2.118
80218,reward,2,Walker2d-v4,-2.9585294570303917,1.76
80230,reward,2,Walker2d-v4,-1.39552132366663,1.768
80244,reward,2,Walker2d-v4,1.4172202537087926,1.937
80259,reward,2,Walker2d-v4,3.0369071861882215,1.834
80278,reward,2,Walker2d-v4,2.508239363077796,1.372
80290,reward,2,Walker2d-v4,1.4466180415654617,1.514
80306,reward,2,Walker2d-v4,-0.5001807266765157,1.353
80326,reward,2,Walker2d-v4,6.498619109081234,2.156
80336,reward,2,Walker2d-v4,-3.567703912243611,1.406
80356,reward,2,Walker2d-v4,0.46416305311299655,0.695
80374,reward,2,Walker2d-v4,-0.9238078552308704,0.898
80393,reward,2,Walker2d-v4,0.9345825429835015,1.131
80411,reward,2,Walker2d-v4,-2.1445671741368653,0.775
80428,reward,2,Walker2d-v4,-5.1381842847047,-0.042
80455,reward,2,Walker2d-v4,5.626505401955439,0.27
80487,reward,2,Walker2d-v4,11.995220617059994,1.324
80498,reward,2,Walker2d-v4,-0.6227579064172843,1.312
80512,reward,2,Walker2d-v4,-2.12313743439326,0.45
80526,reward,2,Walker2d-v4,2.1586495876624907,1.023
80537,reward,2,Walker2d-v4,1.846684683800345,1.161
80552,reward,2,Walker2d-v4,0.22114628794822144,1.275
80564,reward,2,Walker2d-v4,0.1254969813237522,1.195
80575,reward,2,Walker2d-v4,0.691133582997677,1.478
80604,reward,2,Walker2d-v4,-0.30712792636236275,1.961
80614,reward,2,Walker2d-v4,-1.180391600886482,1.28
80639,reward,2,Walker2d-v4,-4.8672813348863,-0.406
80662,reward,2,Walker2d-v4,-1.876227040295734,-0.531
80677,reward,2,Walker2d-v4,1.379114704323478,-0.181
80689,reward,2,Walker2d-v4,-2.376253128713466,-0.634
80727,reward,2,Walker2d-v4,1.7700497173869822,-0.642
80740,reward,2,Walker2d-v4,1.600686469910287,-0.504
80761,reward,2,Walker2d-v4,6.232133238854789,0.107
80786,reward,2,Walker2d-v4,2.6017633405875804,0.298
80804,reward,2,Walker2d-v4,7.381114553803494,1.066
80833,reward,2,Walker2d-v4,11.385948268658163,2.323
80854,reward,2,Walker2d-v4,1.2780826860209238,2.938
80879,reward,2,Walker2d-v4,9.570803735373364,4.082
80902,reward,2,Walker2d-v4,11.998993336622434,5.144
80913,reward,2,Walker2d-v4,-1.3513068619382826,5.247
80947,reward,2,Walker2d-v4,2.6109594636424074,5.331
81008,reward,2,Walker2d-v4,18.70197129621912,7.041
81026,reward,2,Walker2d-v4,-5.236510034331876,5.894
81068,reward,2,Walker2d-v4,15.371298685304435,7.171
81083,reward,2,Walker2d-v4,1.8790052284327317,6.621
81093,reward,2,Walker2d-v4,-0.8109398016095385,5.401
81115,reward,2,Walker2d-v4,-2.3438656265935176,5.039
81126,reward,2,Walker2d-v4,-2.8032406007378796,3.802
81138,reward,2,Walker2d-v4,-4.478888958117257,2.154
81150,reward,2,Walker2d-v4,-3.817734627648614,1.907
81175,reward,2,Walker2d-v4,8.680796118627473,2.514
81186,reward,2,Walker2d-v4,0.05533506650385722,0.65
81205,reward,2,Walker2d-v4,5.425939145104468,1.716
81227,reward,2,Walker2d-v4,4.90616263320245,0.669
81247,reward,2,Walker2d-v4,9.274893271405434,1.409
81269,reward,2,Walker2d-v4,0.7630986068889245,1.566
81277,reward,2,Walker2d-v4,-2.6870230406208617,1.532
81295,reward,2,Walker2d-v4,-1.0852333113075092,1.704
81312,reward,2,Walker2d-v4,3.8744123462397706,2.539
81341,reward,2,Walker2d-v4,18.00148725882523,4.721
81353,reward,2,Walker2d-v4,1.1641563545251803,3.969
81369,reward,2,Walker2d-v4,0.8588304653137064,4.05
81380,reward,2,Walker2d-v4,-0.4252396670107159,3.465
81395,reward,2,Walker2d-v4,0.08450408955529398,2.982
81418,reward,2,Walker2d-v4,6.380457773030401,2.693
81433,reward,2,Walker2d-v4,4.777511794752666,3.094
81445,reward,2,Walker2d-v4,-2.442952702824546,3.119
81465,reward,2,Walker2d-v4,7.319316010925219,3.959
81479,reward,2,Walker2d-v4,1.3242724080003399,3.704
81490,reward,2,Walker2d-v4,0.23638114821089085,1.928
81502,reward,2,Walker2d-v4,0.7138725235780734,1.883
81511,reward,2,Walker2d-v4,-0.9649587049480501,1.7
81545,reward,2,Walker2d-v4,19.313346518433384,3.674
81562,reward,2,Walker2d-v4,0.7119967961340374,3.737
81597,reward,2,Walker2d-v4,2.753083464773744,3.374
81637,reward,2,Walker2d-v4,12.49554404240427,4.146
81664,reward,2,Walker2d-v4,7.221212327726113,5.112
81675,reward,2,Walker2d-v4,-2.3567758140995396,4.145
81687,reward,2,Walker2d-v4,0.8063487173811872,4.093
81711,reward,2,Walker2d-v4,12.811685524955859,5.351
81730,reward,2,Walker2d-v4,-1.1191743781005485,5.167
81751,reward,2,Walker2d-v4,5.784491897325488,5.842
81763,reward,2,Walker2d-v4,-0.5176990618683568,3.859
81783,reward,2,Walker2d-v4,0.9367204870363688,3.882
81827,reward,2,Walker2d-v4,15.115633440681039,5.118
81839,reward,2,Walker2d-v4,1.515689215183567,4.02
81851,reward,2,Walker2d-v4,0.6323302340555083,3.361
81871,reward,2,Walker2d-v4,3.911110675298536,3.988
81887,reward,2,Walker2d-v4,-1.8428287938659451,3.723
81908,reward,2,Walker2d-v4,4.645967492551736,2.906
81919,reward,2,Walker2d-v4,-2.240611707081497,2.794
81942,reward,2,Walker2d-v4,6.424725004300427,2.858
81950,reward,2,Walker2d-v4,-1.6794010138515951,2.742
81963,reward,2,Walker2d-v4,0.057707199274239285,2.654
81975,reward,2,Walker2d-v4,1.5684673053005307,1.299
81985,reward,2,Walker2d-v4,-1.0897140850195666,1.039
81998,reward,2,Walker2d-v4,-0.22527947626997102,0.953
82022,reward,2,Walker2d-v4,3.353833800345744,0.897
82060,reward,2,Walker2d-v4,14.054346915651777,2.487
82072,reward,2,Walker2d-v4,-0.2051890302866246,2.002
82093,reward,2,Walker2d-v4,0.32721137904760766,2.259
82114,reward,2,Walker2d-v4,1.5889918497147109,1.775
82125,reward,2,Walker2d-v4,-0.17613288838577146,1.925
82149,reward,2,Walker2d-v4,0.4163684944740269,1.961
82164,reward,2,Walker2d-v4,1.6336581073627734,1.968
82176,reward,2,Walker2d-v4,-2.4272217607211948,1.834
82202,reward,2,Walker2d-v4,10.82251932530173,2.939
82217,reward,2,Walker2d-v4,-2.0981779624524926,2.394
82252,reward,2,Walker2d-v4,10.126041886134898,2.001
82268,reward,2,Walker2d-v4,0.6460312331394192,2.086
82286,reward,2,Walker2d-v4,2.0505022715384205,2.258
82305,reward,2,Walker2d-v4,3.280369590147802,2.427
82323,reward,2,Walker2d-v4,5.428727463775546,2.988
82334,reward,2,Walker2d-v4,-3.046117745664873,2.642
82350,reward,2,Walker2d-v4,-1.6879759643128782,2.309
82368,reward,2,Walker2d-v4,3.4633192632821617,2.899
82403,reward,2,Walker2d-v4,6.262202197999574,2.442
82413,reward,2,Walker2d-v4,0.8193121193126489,2.734
82430,reward,2,Walker2d-v4,1.9612649266498947,1.918
82447,reward,2,Walker2d-v4,-0.07707295332680952,1.845
82467,reward,2,Walker2d-v4,6.674814607049734,2.308
82481,reward,2,Walker2d-v4,4.907670077705514,2.471
82495,reward,2,Walker2d-v4,1.9551073383601376,2.123
82536,reward,2,Walker2d-v4,19.247897565571698,4.353
82580,reward,2,Walker2d-v4,17.57593277324139,6.279
82592,reward,2,Walker2d-v4,2.4187305046075456,6.175
82618,reward,2,Walker2d-v4,9.32761357007251,6.481
82641,reward,2,Walker2d-v4,-4.5314195910968325,5.946
82659,reward,2,Walker2d-v4,2.625454814079875,6.012
82683,reward,2,Walker2d-v4,4.649579241335286,6.485
82696,reward,2,Walker2d-v4,1.159009232412436,5.934
82737,reward,2,Walker2d-v4,17.53560363773691,7.196
82754,reward,2,Walker2d-v4,4.337905825422793,7.435
82764,reward,2,Walker2d-v4,-0.6759864861472445,5.442
82773,reward,2,Walker2d-v4,-1.511856116602378,3.533
82795,reward,2,Walker2d-v4,2.859217161315664,3.578
82815,reward,2,Walker2d-v4,6.821546186915725,3.327
82837,reward,2,Walker2d-v4,-1.9870955672229758,3.581
82859,reward,2,Walker2d-v4,0.30196899618111517,3.349
82870,reward,2,Walker2d-v4,-1.858903206348687,2.698
82888,reward,2,Walker2d-v4,0.5599916317274405,2.638
82908,reward,2,Walker2d-v4,5.220231930466796,1.407
82922,reward,2,Walker2d-v4,3.6884710242044014,1.342
82940,reward,2,Walker2d-v4,4.862396605401349,1.896
82981,reward,2,Walker2d-v4,22.30189650000428,4.277
82991,reward,2,Walker2d-v4,1.220417559588069,4.113
83000,reward,2,Walker2d-v4,0.06145564258205194,3.437
83019,reward,2,Walker2d-v4,-2.960906490828966,3.34
83037,reward,2,Walker2d-v4,2.264327759389854,3.536
83059,reward,2,Walker2d-v4,3.9805994721469222,4.12
83092,reward,2,Walker2d-v4,4.719060416646941,4.536
83104,reward,2,Walker2d-v4,-1.294529258320143,3.884
83115,reward,2,Walker2d-v4,-1.888839242374537,3.327
83136,reward,2,Walker2d-v4,2.905863967142363,3.131
83173,reward,2,Walker2d-v4,9.80045364523338,1.881
83195,reward,2,Walker2d-v4,7.523983148751654,2.511
83222,reward,2,Walker2d-v4,13.216090562904471,3.827
83234,reward,2,Walker2d-v4,-2.736438320780106,3.849
83266,reward,2,Walker2d-v4,12.350138281922789,4.858
83280,reward,2,Walker2d-v4,-1.9534285259592685,4.264
83291,reward,2,Walker2d-v4,-2.062312750492965,3.586
83306,reward,2,Walker2d-v4,2.3602817209615417,3.952
83327,reward,2,Walker2d-v4,4.919097504913848,4.632
83338,reward,2,Walker2d-v4,-1.9885440746958896,4.143
83357,reward,2,Walker2d-v4,4.087522770606368,3.572
83389,reward,2,Walker2d-v4,9.069618886416164,3.726
83400,reward,2,Walker2d-v4,0.09540513659980587,2.414
83415,reward,2,Walker2d-v4,0.48007243809456845,2.736
83431,reward,2,Walker2d-v4,4.882051692882497,1.989
83443,reward,2,Walker2d-v4,-0.7300413645355956,2.111
83463,reward,2,Walker2d-v4,3.705317759346746,2.688
83482,reward,2,Walker2d-v4,2.1174057847649626,2.664
83496,reward,2,Walker2d-v4,1.2755674893843307,2.299
83528,reward,2,Walker2d-v4,12.802407219214913,3.779
83542,reward,2,Walker2d-v4,3.3419294207702746,3.704
83553,reward,2,Walker2d-v4,-1.0090532417883944,2.696
83594,reward,2,Walker2d-v4,11.187851633471167,3.805
83607,reward,2,Walker2d-v4,0.9042017100557969,3.848
83630,reward,2,Walker2d-v4,7.973360682511286,4.157
83656,reward,2,Walker2d-v4,8.26259488575785,5.056
83685,reward,2,Walker2d-v4,12.77217693823411,5.963
83698,reward,2,Walker2d-v4,-3.312764935109029,5.42
83717,reward,2,Walker2d-v4,3.6558255149924967,5.658
83756,reward,2,Walker2d-v4,26.382589483852048,7.016
83770,reward,2,Walker2d-v4,0.4092769907179392,6.723
83786,reward,2,Walker2d-v4,5.048161892696402,7.328
83808,reward,2,Walker2d-v4,12.114872176823786,7.421
83841,reward,2,Walker2d-v4,3.549438256125173,7.686
83870,reward,2,Walker2d-v4,9.160835754418219,7.804
83900,reward,2,Walker2d-v4,4.2261698112518395,7.401
83928,reward,2,Walker2d-v4,8.812069413821717,7.005
83959,reward,2,Walker2d-v4,-0.1413337049598269,7.322
83973,reward,2,Walker2d-v4,0.8348013175268982,7.04
83988,reward,2,Walker2d-v4,2.9189833982999085,4.693
84025,reward,2,Walker2d-v4,19.149098328074327,6.567
84038,reward,2,Walker2d-v4,-0.9956879274333461,5.963
84054,reward,2,Walker2d-v4,2.7404998072576787,5.025
84069,reward,2,Walker2d-v4,0.49635870147118755,4.72
84082,reward,2,Walker2d-v4,1.4095040980459643,3.945
84102,reward,2,Walker2d-v4,0.08166847863322113,3.531
84119,reward,2,Walker2d-v4,3.341688166920659,2.984
84149,reward,2,Walker2d-v4,9.790262315698325,3.977
84166,reward,2,Walker2d-v4,4.465926858769996,4.34
84179,reward,2,Walker2d-v4,-0.22917625614078685,4.025
84195,reward,2,Walker2d-v4,1.108392765227047,2.221
84211,reward,2,Walker2d-v4,5.08756073963884,2.829
84223,reward,2,Walker2d-v4,2.835676199581389,2.839
84240,reward,2,Walker2d-v4,4.544976012460795,3.244
84253,reward,2,Walker2d-v4,3.532234148179689,3.456
84268,reward,2,Walker2d-v4,-3.52317889696766,3.095
84323,reward,2,Walker2d-v4,50.35062758758535,7.796
84343,reward,2,Walker2d-v4,8.648525407731713,7.682
84356,reward,2,Walker2d-v4,-0.0022781713904529433,7.235
84369,reward,2,Walker2d-v4,0.09952375681369019,7.268
84422,reward,2,Walker2d-v4,37.34245817958521,10.892
84435,reward,2,Walker2d-v4,3.338289822234854,10.717
84449,reward,2,Walker2d-v4,-3.02649424959782,10.13
84471,reward,2,Walker2d-v4,2.515581535687568,9.928
84487,reward,2,Walker2d-v4,4.166269446591462,9.991
84515,reward,2,Walker2d-v4,8.105481335156103,11.154
84531,reward,2,Walker2d-v4,0.6530583255553453,6.184
84573,reward,2,Walker2d-v4,12.416494653228785,6.561
84587,reward,2,Walker2d-v4,1.0038190718966384,6.661
84599,reward,2,Walker2d-v4,0.08424093614390782,6.66
84631,reward,2,Walker2d-v4,4.366503839943048,3.362
84664,reward,2,Walker2d-v4,1.020717807717775,3.131
84693,reward,2,Walker2d-v4,12.786714310950375,4.712
84710,reward,2,Walker2d-v4,4.985867744467819,4.959
84720,reward,2,Walker2d-v4,-1.2111317085329065,4.421
84747,reward,2,Walker2d-v4,5.6490365114492835,4.176
84757,reward,2,Walker2d-v4,-0.7472785115961502,4.035
84782,reward,2,Walker2d-v4,8.390689689115895,3.633
84820,reward,2,Walker2d-v4,15.077573122676084,5.04
84837,reward,2,Walker2d-v4,3.2034241984136793,5.352
84853,reward,2,Walker2d-v4,4.211138855705988,5.337
84867,reward,2,Walker2d-v4,2.8065194923836714,5.515
84879,reward,2,Walker2d-v4,2.5669567939242617,4.493
84917,reward,2,Walker2d-v4,-1.6882343563705526,3.826
84940,reward,2,Walker2d-v4,3.2474511582263688,4.272
84975,reward,2,Walker2d-v4,7.2836585372168,4.435
84987,reward,2,Walker2d-v4,-1.150255277884131,4.395
85006,reward,2,Walker2d-v4,5.205557244193269,4.076
85015,reward,2,Walker2d-v4,-0.5433641343628609,2.514
85025,reward,2,Walker2d-v4,-0.8115999965816665,2.113
85037,reward,2,Walker2d-v4,-3.846650077086475,1.307
85056,reward,2,Walker2d-v4,5.653056517551409,1.592
85083,reward,2,Walker2d-v4,13.003168431144406,2.635
85097,reward,2,Walker2d-v4,2.070815822842954,3.011
85107,reward,2,Walker2d-v4,0.48452398452363066,2.735
85126,reward,2,Walker2d-v4,8.242845735622836,2.831
85137,reward,2,Walker2d-v4,1.5054903447685066,3.096
85176,reward,2,Walker2d-v4,11.293178222373939,3.705
85206,reward,2,Walker2d-v4,9.592866204346244,4.719
85215,reward,2,Walker2d-v4,-1.826562410790899,4.617
85228,reward,2,Walker2d-v4,-8.095332910233255,4.192
85275,reward,2,Walker2d-v4,26.265336404974374,6.254
85289,reward,2,Walker2d-v4,-2.091724162699161,4.744
85315,reward,2,Walker2d-v4,3.141636317161038,4.851
85330,reward,2,Walker2d-v4,4.718495074800504,5.275
85366,reward,2,Walker2d-v4,17.655041539980807,6.216
85379,reward,2,Walker2d-v4,1.5416073877301506,6.219
85393,reward,2,Walker2d-v4,2.0756345807955325,5.298
85406,reward,2,Walker2d-v4,2.6186802102789644,4.6
85430,reward,2,Walker2d-v4,8.105896151908935,5.594
85443,reward,2,Walker2d-v4,2.472566259368807,6.65
85455,reward,2,Walker2d-v4,3.2509226608779,4.349
85479,reward,2,Walker2d-v4,4.259762478802535,4.984
85511,reward,2,Walker2d-v4,13.176779187527547,5.988
85549,reward,2,Walker2d-v4,0.921767461986305,5.608
85596,reward,2,Walker2d-v4,17.593253108286845,5.602
85617,reward,2,Walker2d-v4,9.052535289583904,6.353
85631,reward,2,Walker2d-v4,0.33929286501558564,6.179
85643,reward,2,Walker2d-v4,1.3589704020993325,6.053
85694,reward,2,Walker2d-v4,8.63783170132024,6.106
85706,reward,2,Walker2d-v4,0.27857111433604254,5.887
85724,reward,2,Walker2d-v4,1.2772714011174255,5.69
85739,reward,2,Walker2d-v4,4.033386955522283,5.667
85755,reward,2,Walker2d-v4,1.56967141852597,4.506
85768,reward,2,Walker2d-v4,2.8113511516791783,4.695
85786,reward,2,Walker2d-v4,5.057565185594228,3.442
85807,reward,2,Walker2d-v4,5.853147299540756,3.122
85822,reward,2,Walker2d-v4,1.40706961130402,3.228
85846,reward,2,Walker2d-v4,3.337183776222542,3.426
85882,reward,2,Walker2d-v4,3.0080648514845025,2.863
85931,reward,2,Walker2d-v4,23.688301632416877,5.204
85944,reward,2,Walker2d-v4,-1.2559430023358416,4.951
85973,reward,2,Walker2d-v4,11.912524506388168,5.739
86014,reward,2,Walker2d-v4,15.322203497484143,7.114
86037,reward,2,Walker2d-v4,3.852337846394133,7.218
86086,reward,2,Walker2d-v4,7.684229702682687,7.481
86104,reward,2,Walker2d-v4,5.801484027320923,7.476
86133,reward,2,Walker2d-v4,13.289933885177456,8.664
86162,reward,2,Walker2d-v4,3.949698188441095,8.725
86180,reward,2,Walker2d-v4,-0.9594797255665606,8.329
86212,reward,2,Walker2d-v4,17.70414357121281,7.73
86243,reward,2,Walker2d-v4,16.05154021751253,9.461
86261,reward,2,Walker2d-v4,4.100465514496074,8.68
86287,reward,2,Walker2d-v4,7.446697818268826,7.892
86302,reward,2,Walker2d-v4,4.987344419851595,8.006
86324,reward,2,Walker2d-v4,1.3167461393588002,7.369
86337,reward,2,Walker2d-v4,-0.883692657001508,6.7
86351,reward,2,Walker2d-v4,2.249606233458166,5.596
86370,reward,2,Walker2d-v4,8.156712328387817,6.017
86382,reward,2,Walker2d-v4,2.090731786991997,6.322
86390,reward,2,Walker2d-v4,-1.6198792278223026,4.39
86399,reward,2,Walker2d-v4,-0.5591773812082257,2.729
86421,reward,2,Walker2d-v4,4.196563570059942,2.738
86438,reward,2,Walker2d-v4,5.979660417143821,2.591
86451,reward,2,Walker2d-v4,2.594805042804923,2.352
86477,reward,2,Walker2d-v4,7.3919230361054,2.96
86487,reward,2,Walker2d-v4,0.3162439106915167,3.08
86520,reward,2,Walker2d-v4,1.4965330234973842,3.004
86537,reward,2,Walker2d-v4,6.012023838817044,2.79
86568,reward,2,Walker2d-v4,1.1655026769101264,2.697
86590,reward,2,Walker2d-v4,5.720192429980877,3.431
86613,reward,2,Walker2d-v4,0.7976232402600283,3.567
86628,reward,2,Walker2d-v4,0.13134608457342556,3.161
86650,reward,2,Walker2d-v4,6.746489688786735,3.237
86672,reward,2,Walker2d-v4,-1.1862988655768545,2.859
86690,reward,2,Walker2d-v4,4.598681100342147,2.58
86714,reward,2,Walker2d-v4,5.820997217783222,3.13
86728,reward,2,Walker2d-v4,-2.1603373723128203,2.765
86743,reward,2,Walker2d-v4,5.462952822301573,2.71
86761,reward,2,Walker2d-v4,3.2292464851552065,2.916
86795,reward,2,Walker2d-v4,8.12435988979955,3.157
86805,reward,2,Walker2d-v4,0.43508159059692497,3.12
86824,reward,2,Walker2d-v4,-3.293727592838248,2.778
86846,reward,2,Walker2d-v4,8.142439640979985,2.917
86862,reward,2,Walker2d-v4,3.1911526790397646,3.355
86893,reward,2,Walker2d-v4,9.214665352287941,3.817
86907,reward,2,Walker2d-v4,2.064795433377463,3.441
86918,reward,2,Walker2d-v4,1.8500201688074716,3.842
86937,reward,2,Walker2d-v4,4.3934421659196055,3.735
86953,reward,2,Walker2d-v4,3.7031021849274017,3.783
86974,reward,2,Walker2d-v4,5.388230092025873,3.509
86988,reward,2,Walker2d-v4,3.8286409337850946,3.848
86997,reward,2,Walker2d-v4,0.6354255050474743,4.241
87008,reward,2,Walker2d-v4,-2.559097842714702,3.171
87022,reward,2,Walker2d-v4,-1.8906471736997978,2.663
87039,reward,2,Walker2d-v4,4.972263999584892,2.239
87049,reward,2,Walker2d-v4,-1.5483141955418909,1.877
87078,reward,2,Walker2d-v4,10.26477652394414,2.719
87089,reward,2,Walker2d-v4,1.5376391181735911,2.433
87122,reward,2,Walker2d-v4,10.429601905177755,3.106
87133,reward,2,Walker2d-v4,-2.501174428349304,2.317
87163,reward,2,Walker2d-v4,5.031689765486767,2.437
87216,reward,2,Walker2d-v4,9.846565869854874,3.358
87227,reward,2,Walker2d-v4,0.28310712927560144,3.643
87267,reward,2,Walker2d-v4,15.321432206551018,5.364
87283,reward,2,Walker2d-v4,1.9107074076602761,5.058
87293,reward,2,Walker2d-v4,0.6273420551775757,5.275
87324,reward,2,Walker2d-v4,17.959962877684088,6.045
87348,reward,2,Walker2d-v4,11.06401059429723,6.997
87386,reward,2,Walker2d-v4,9.752976524396448,6.93
87402,reward,2,Walker2d-v4,3.9005631422620994,7.57
87425,reward,2,Walker2d-v4,6.904859853848386,7.757
87436,reward,2,Walker2d-v4,-0.2183806937467878,6.751
87471,reward,2,Walker2d-v4,13.143099767081477,8.037
87485,reward,2,Walker2d-v4,1.9952944647353952,6.704
87520,reward,2,Walker2d-v4,12.909952816745275,7.804
87535,reward,2,Walker2d-v4,1.7580479912647706,7.917
87579,reward,2,Walker2d-v4,20.547032973779764,8.176
87599,reward,2,Walker2d-v4,5.226429568813822,7.592
87616,reward,2,Walker2d-v4,1.1688938376006957,6.734
87629,reward,2,Walker2d-v4,4.1604065092855285,6.76
87647,reward,2,Walker2d-v4,6.5852436232804905,6.728
87658,reward,2,Walker2d-v4,-1.1046813662002226,6.639
87672,reward,2,Walker2d-v4,2.149971481784351,5.54
87699,reward,2,Walker2d-v4,17.15644805657017,7.056
87722,reward,2,Walker2d-v4,2.4498835085257786,6.01
87759,reward,2,Walker2d-v4,28.498194880948358,8.684
87771,reward,2,Walker2d-v4,1.4331600770027717,6.772
87786,reward,2,Walker2d-v4,2.54135121458867,6.504
87812,reward,2,Walker2d-v4,11.123560756765368,7.499
87830,reward,2,Walker2d-v4,8.165355648990355,7.9
87842,reward,2,Walker2d-v4,-0.2808625456368419,7.213
87856,reward,2,Walker2d-v4,3.3173644275307463,7.655
87868,reward,2,Walker2d-v4,-0.8986472976225681,7.351
87882,reward,2,Walker2d-v4,3.6189709198427513,5.997
87900,reward,2,Walker2d-v4,2.806015052856949,6.032
87919,reward,2,Walker2d-v4,6.063482623969563,3.789
87950,reward,2,Walker2d-v4,14.935784634657589,5.139
87962,reward,2,Walker2d-v4,2.319191098128597,5.117
87986,reward,2,Walker2d-v4,6.653043245044324,4.67
87999,reward,2,Walker2d-v4,2.7217474266005826,4.126
88013,reward,2,Walker2d-v4,2.2089242871261696,4.375
88024,reward,2,Walker2d-v4,-0.23456249680872132,4.019
88048,reward,2,Walker2d-v4,13.280431684458046,5.437
88064,reward,2,Walker2d-v4,1.1518364079321473,5.191
88081,reward,2,Walker2d-v4,4.305512788299817,5.341
88090,reward,2,Walker2d-v4,-4.378657607609311,4.296
88118,reward,2,Walker2d-v4,15.68680485599908,4.371
88134,reward,2,Walker2d-v4,3.5304726790474588,4.493
88142,reward,2,Walker2d-v4,-1.4036368656248421,3.687
88156,reward,2,Walker2d-v4,1.1770000026132226,3.532
88172,reward,2,Walker2d-v4,0.7991311014908387,3.391
88196,reward,2,Walker2d-v4,0.6208904143105394,3.477
88215,reward,2,Walker2d-v4,4.811555458393701,2.63
88242,reward,2,Walker2d-v4,-4.036096785571015,2.111
88279,reward,2,Walker2d-v4,23.758762739665215,4.057
88313,reward,2,Walker2d-v4,9.28186351551255,5.423
88330,reward,2,Walker2d-v4,-1.9050736333261258,3.663
88340,reward,2,Walker2d-v4,0.06988077450166608,3.317
88362,reward,2,Walker2d-v4,5.495247672056503,4.007
88377,reward,2,Walker2d-v4,0.5614443770747999,3.946
88400,reward,2,Walker2d-v4,0.1261045884350369,3.878
88413,reward,2,Walker2d-v4,-0.0899504572688401,3.807
88461,reward,2,Walker2d-v4,-1.9128703545408672,3.135
88475,reward,2,Walker2d-v4,-1.7727977883448935,3.361
88486,reward,2,Walker2d-v4,-4.046930605512758,0.581
88498,reward,2,Walker2d-v4,0.2354706147971144,-0.324
88516,reward,2,Walker2d-v4,1.8152730699360493,0.048
88528,reward,2,Walker2d-v4,-0.6480308072157608,-0.024
88567,reward,2,Walker2d-v4,24.955014278367237,1.922
88580,reward,2,Walker2d-v4,3.89480312156862,2.256
88592,reward,2,Walker2d-v4,-1.0997258632588196,2.133
88601,reward,2,Walker2d-v4,-1.5621810407667913,1.986
88626,reward,2,Walker2d-v4,1.5470303417794264,2.332
88663,reward,2,Walker2d-v4,6.862289824580015,3.195
88680,reward,2,Walker2d-v4,1.0999967597383042,3.71
88698,reward,2,Walker2d-v4,8.959600086702908,4.582
88714,reward,2,Walker2d-v4,3.1051573525620695,4.711
88727,reward,2,Walker2d-v4,3.1253930338435225,5.089
88740,reward,2,Walker2d-v4,-0.6303266211523098,2.53
88762,reward,2,Walker2d-v4,0.4294880415823763,2.184
88773,reward,2,Walker2d-v4,0.5021117748656263,2.344
88783,reward,2,Walker2d-v4,-1.9652415155887633,2.304
88806,reward,2,Walker2d-v4,0.9748336075018489,2.246
88820,reward,2,Walker2d-v4,-3.165366577626328,1.244
88830,reward,2,Walker2d-v4,-1.804550131295549,0.953
88843,reward,2,Walker2d-v4,-2.1770495504941496,-0.161
88855,reward,2,Walker2d-v4,-0.5669212890944586,-0.528
88875,reward,2,Walker2d-v4,8.824713435127755,0.042
88889,reward,2,Walker2d-v4,2.2505183149302614,0.33
88921,reward,2,Walker2d-v4,12.750681434711503,1.562
88944,reward,2,Walker2d-v4,2.0151182067272555,1.714
88960,reward,2,Walker2d-v4,3.182901667115404,2.228
88988,reward,2,Walker2d-v4,11.763319522800876,3.307
89011,reward,2,Walker2d-v4,8.218425505177002,4.446
89023,reward,2,Walker2d-v4,0.33039951877684803,4.659
89057,reward,2,Walker2d-v4,10.520411866234156,5.929
89070,reward,2,Walker2d-v4,-1.8571204303307853,5.8
89084,reward,2,Walker2d-v4,1.4009006228993945,5.058
89104,reward,2,Walker2d-v4,3.137287653610116,5.146
89114,reward,2,Walker2d-v4,-1.336118060659462,3.738
89126,reward,2,Walker2d-v4,0.48271182760523024,3.584
89135,reward,2,Walker2d-v4,-0.9412792978373548,3.172
89151,reward,2,Walker2d-v4,4.26947860931846,2.423
89171,reward,2,Walker2d-v4,2.5467235407425086,1.855
89182,reward,2,Walker2d-v4,-2.147041313330575,1.608
89195,reward,2,Walker2d-v4,-3.003672087992829,0.255
89204,reward,2,Walker2d-v4,-1.5023734049077921,0.291
89213,reward,2,Walker2d-v4,-0.3966737783952077,0.111
89240,reward,2,Walker2d-v4,8.358326421943934,0.633
89255,reward,2,Walker2d-v4,3.524355665392331,1.119
89264,reward,2,Walker2d-v4,0.3302391344113358,1.104
89279,reward,2,Walker2d-v4,1.777617044391378,1.376
89310,reward,2,Walker2d-v4,8.787974471555634,1.828
89330,reward,2,Walker2d-v4,2.7035023473969355,1.843
89358,reward,2,Walker2d-v4,3.865929710412444,2.445
89403,reward,2,Walker2d-v4,19.97991771257599,4.743
89421,reward,2,Walker2d-v4,0.5270150402987723,4.946
89442,reward,2,Walker2d-v4,4.641734867870699,5.45
89473,reward,2,Walker2d-v4,10.616048043907401,5.675
89485,reward,2,Walker2d-v4,-0.11588848760223769,5.311
89510,reward,2,Walker2d-v4,5.285070557896051,5.807
89527,reward,2,Walker2d-v4,1.8584792934466527,5.815
89542,reward,2,Walker2d-v4,0.4002730353127397,4.976
89566,reward,2,Walker2d-v4,2.500463189803318,4.956
89576,reward,2,Walker2d-v4,-0.10502427468390452,4.559
89596,reward,2,Walker2d-v4,9.707298073544461,3.532
89604,reward,2,Walker2d-v4,-2.363791241560503,3.242
89624,reward,2,Walker2d-v4,3.1141021034054885,3.09
89648,reward,2,Walker2d-v4,3.320309486692879,2.36
89659,reward,2,Walker2d-v4,1.5374376823674043,2.525
89681,reward,2,Walker2d-v4,-6.025236173679267,1.394
89690,reward,2,Walker2d-v4,-3.273178695262061,0.881
89705,reward,2,Walker2d-v4,4.389182328806346,1.28
89738,reward,2,Walker2d-v4,0.04709019429248573,1.035
89747,reward,2,Walker2d-v4,-1.461157003395329,0.899
89786,reward,2,Walker2d-v4,25.81209908692973,2.51
89797,reward,2,Walker2d-v4,-1.4034713779917443,2.606
89825,reward,2,Walker2d-v4,16.06535774963061,3.901
89859,reward,2,Walker2d-v4,6.386103016246552,4.207
89873,reward,2,Walker2d-v4,-6.491442014283987,3.405
89894,reward,2,Walker2d-v4,3.7044100455469193,4.377
89903,reward,2,Walker2d-v4,-0.2988768786519793,4.675
89911,reward,2,Walker2d-v4,-1.865833914489801,4.049
89940,reward,2,Walker2d-v4,-7.2610684315333405,3.319
89951,reward,2,Walker2d-v4,0.01570938067202099,3.466
89964,reward,2,Walker2d-v4,-0.9806922085628895,0.787
89987,reward,2,Walker2d-v4,5.202059116954972,1.448
89997,reward,2,Walker2d-v4,0.03680754588079649,-0.155
90000,eval,2,Walker2d-v4,Hopper-v4,303.62,1.0,0.0
90000,eval,2,Walker2d-v4,Walker2d-v4,1.42,0.057907,23.103
90021,reward,2,Walker2d-v4,7.057442493607198,-0.088
90039,reward,2,Walker2d-v4,-0.18046921545391137,0.543
90048,reward,2,Walker2d-v4,-1.7689928942733406,-0.004
90062,reward,2,Walker2d-v4,-2.117680833840157,-0.186
90090,reward,2,Walker2d-v4,8.861768646845206,0.886
90120,reward,2,Walker2d-v4,17.796479953378874,3.392
90142,reward,2,Walker2d-v4,2.204773707948752,3.611
90152,reward,2,Walker2d-v4,-0.45765304607322177,3.663
90168,reward,2,Walker2d-v4,-0.616665848007431,3.082
90180,reward,2,Walker2d-v4,-1.917809823029423,2.886
90220,reward,2,Walker2d-v4,18.311479619194667,4.012
90238,reward,2,Walker2d-v4,-2.180431056288434,3.812
90258,reward,2,Walker2d-v4,0.9428020337597283,4.083
90271,reward,2,Walker2d-v4,2.2906573870308837,4.524
90289,reward,2,Walker2d-v4,2.586970086411165,3.896
90299,reward,2,Walker2d-v4,-1.32740248383329,1.984
90317,reward,2,Walker2d-v4,3.8725779470004285,2.15
90330,reward,2,Walker2d-v4,4.013737357696046,2.598
90347,reward,2,Walker2d-v4,3.452383066178548,3.004
90364,reward,2,Walker2d-v4,-1.5945133510104794,3.037
90382,reward,2,Walker2d-v4,6.696168858162144,1.875
90394,reward,2,Walker2d-v4,0.6350889087716071,2.157
90404,reward,2,Walker2d-v4,-0.18247264655765405,2.044
90420,reward,2,Walker2d-v4,2.3408718640691024,2.049
90458,reward,2,Walker2d-v4,11.370667092919629,2.928
90475,reward,2,Walker2d-v4,0.9307703367677137,3.154
90488,reward,2,Walker2d-v4,3.376164906665055,3.104
90502,reward,2,Walker2d-v4,2.7004114436289424,2.973
90533,reward,2,Walker2d-v4,6.010366384364373,3.228
90543,reward,2,Walker2d-v4,-0.9140183350733928,3.296
90554,reward,2,Walker2d-v4,-0.8775562452150794,2.539
90563,reward,2,Walker2d-v4,-0.869433008644009,2.389
90574,reward,2,Walker2d-v4,1.6567400890229012,2.572
90601,reward,2,Walker2d-v4,0.3610944117634385,2.375
90611,reward,2,Walker2d-v4,-3.418356023120223,0.896
90629,reward,2,Walker2d-v4,-0.9813950007901635,0.704
90638,reward,2,Walker2d-v4,-3.3452003516349373,0.032
90666,reward,2,Walker2d-v4,0.3868324121287119,-0.199
90700,reward,2,Walker2d-v4,19.475850931185352,1.147
90723,reward,2,Walker2d-v4,4.303140729130906,1.669
90732,reward,2,Walker2d-v4,-0.8937991302767303,1.668
90745,reward,2,Walker2d-v4,-0.6296090574805822,1.692
90771,reward,2,Walker2d-v4,11.343800509221555,2.66
90782,reward,2,Walker2d-v4,-3.1043133267971474,2.314
90825,reward,2,Walker2d-v4,21.803193427768598,4.836
90835,reward,2,Walker2d-v4,-2.1388499087629365,4.72
90849,reward,2,Walker2d-v4,-1.3721856306582243,4.917
90862,reward,2,Walker2d-v4,-0.1846103307958218,4.86
90882,reward,2,Walker2d-v4,5.066266376548268,3.419
90891,reward,2,Walker2d-v4,-0.8923923415141737,2.9
90925,reward,2,Walker2d-v4,10.998328725201008,4.089
90938,reward,2,Walker2d-v4,-0.8139662043729005,4.071
90967,reward,2,Walker2d-v4,14.030215210839287,4.339
90993,reward,2,Walker2d-v4,0.5305318449093903,4.703
91012,reward,2,Walker2d-v4,2.9725721565198686,2.82
91024,reward,2,Walker2d-v4,1.1433554893711488,3.148
91044,reward,2,Walker2d-v4,4.971361612080397,3.782
91057,reward,2,Walker2d-v4,-2.134779561895821,3.587
91080,reward,2,Walker2d-v4,8.267882309501033,3.907
91093,reward,2,Walker2d-v4,-2.2388865452337647,3.773
91107,reward,2,Walker2d-v4,2.3704630644892193,2.91
91121,reward,2,Walker2d-v4,-1.531698761940741,2.838
91129,reward,2,Walker2d-v4,-1.0786709170276114,1.327
91156,reward,2,Walker2d-v4,5.488901632368035,1.823
91172,reward,2,Walker2d-v4,5.222461770746849,2.048
91214,reward,2,Walker2d-v4,10.08792557038023,2.942
91266,reward,2,Walker2d-v4,14.804131032854752,3.926
91280,reward,2,Walker2d-v4,2.713994739356877,4.411
91288,reward,2,Walker2d-v4,-1.0716742838048836,3.477
91303,reward,2,Walker2d-v4,2.628996135458613,3.963
91328,reward,2,Walker2d-v4,2.8988818940286905,4.016
91346,reward,2,Walker2d-v4,0.5632888178070279,4.226
91357,reward,2,Walker2d-v4,-4.3131227319785035,3.902
91374,reward,2,Walker2d-v4,1.9610104215734414,3.55
91384,reward,2,Walker2d-v4,-1.2637874242430092,2.901
91394,reward,2,Walker2d-v4,0.2837517460035317,1.921
91442,reward,2,Walker2d-v4,-4.759020121759271,-0.036
91468,reward,2,Walker2d-v4,7.078292143791819,0.401
91484,reward,2,Walker2d-v4,2.413501166113612,0.749
91494,reward,2,Walker2d-v4,-1.46422331820277,0.34
91519,reward,2,Walker2d-v4,10.11014794104621,1.061
91541,reward,2,Walker2d-v4,9.34936944626457,1.94
91563,reward,2,Walker2d-v4,4.812769349538539,2.852
91603,reward,2,Walker2d-v4,22.768150166129644,4.933
91612,reward,2,Walker2d-v4,-3.7281972634183527,4.686
91634,reward,2,Walker2d-v4,4.371119936434883,5.095
91645,reward,2,Walker2d-v4,0.5125408033276107,5.622
91675,reward,2,Walker2d-v4,11.026140608466196,6.017
91695,reward,2,Walker2d-v4,4.516690888433612,6.227
91737,reward,2,Walker2d-v4,22.94627819242518,8.669
91750,reward,2,Walker2d-v4,1.19158062119362,7.777
91764,reward,2,Walker2d-v4,1.1395863027739617,6.956
91776,reward,2,Walker2d-v4,0.4023505086742658,6.515
91787,reward,2,Walker2d-v4,2.2066206890616558,4.458
91824,reward,2,Walker2d-v4,6.513246313585469,5.483
91836,reward,2,Walker2d-v4,2.267364472225176,5.272
91856,reward,2,Walker2d-v4,1.8302320894706434,5.404
91885,reward,2,Walker2d-v4,8.120964855361926,5.113
91944,reward,2,Walker2d-v4,4.059292502375549,5.068
91960,reward,2,Walker2d-v4,-3.338872381153271,2.439
91988,reward,2,Walker2d-v4,2.1085984737934047,2.531
92007,reward,2,Walker2d-v4,1.495551506899685,2.567
92036,reward,2,Walker2d-v4,6.164180969082678,3.143
92068,reward,2,Walker2d-v4,20.148832021946834,4.937
92106,reward,2,Walker2d-v4,5.446050966171233,4.83
92126,reward,2,Walker2d-v4,12.863066711886338,5.89
92143,reward,2,Walker2d-v4,0.2658487360067301,5.733
92165,reward,2,Walker2d-v4,8.768505635506475,5.798
92190,reward,2,Walker2d-v4,10.326578771417603,6.425
92213,reward,2,Walker2d-v4,4.130743271108342,7.172
92227,reward,2,Walker2d-v4,4.183559439877177,7.379
92236,reward,2,Walker2d-v4,-1.4702349148226448,7.083
92249,reward,2,Walker2d-v4,0.514258231384658,6.518
92259,reward,2,Walker2d-v4,-1.2258367897513271,4.38
92271,reward,2,Walker2d-v4,-0.3036692823099637,3.805
92283,reward,2,Walker2d-v4,-0.690530284750422,2.45
92308,reward,2,Walker2d-v4,8.405414007172135,3.264
92323,reward,2,Walker2d-v4,1.0246509193409021,2.489
92352,reward,2,Walker2d-v4,11.40741264696794,2.598
92378,reward,2,Walker2d-v4,15.76954300641789,3.761
92409,reward,2,Walker2d-v4,10.53273926288378,4.396
92429,reward,2,Walker2d-v4,2.9717418886398765,4.841
92466,reward,2,Walker2d-v4,18.00835148684491,6.59
92493,reward,2,Walker2d-v4,3.0319455429314197,7.016
92511,reward,2,Walker2d-v4,1.134624975565927,7.16
92538,reward,2,Walker2d-v4,5.602733030573338,7.789
92593,reward,2,Walker2d-v4,39.85423495547805,10.934
92617,reward,2,Walker2d-v4,12.71251594340044,12.103
92639,reward,2,Walker2d-v4,2.3275274910471024,11.195
92666,reward,2,Walker2d-v4,0.4842206087243577,9.666
92694,reward,2,Walker2d-v4,1.9597295139534845,8.809
92715,reward,2,Walker2d-v4,6.532237970926254,9.165
92739,reward,2,Walker2d-v4,0.5095578143986186,7.415
92762,reward,2,Walker2d-v4,4.158447744138732,7.528
92781,reward,2,Walker2d-v4,0.5987115199236586,7.474
92811,reward,2,Walker2d-v4,6.843507119101698,7.598
92832,reward,2,Walker2d-v4,5.562839773578827,4.169
92845,reward,2,Walker2d-v4,-0.2515733884259368,2.873
92862,reward,2,Walker2d-v4,0.19062816106689284,2.659
92896,reward,2,Walker2d-v4,11.041378690961453,3.715
92921,reward,2,Walker2d-v4,1.316680886391342,3.65
92954,reward,2,Walker2d-v4,15.780285359815226,4.575
92966,reward,2,Walker2d-v4,1.9878540032191538,4.723
92981,reward,2,Walker2d-v4,3.5884531248895373,4.666
92996,reward,2,Walker2d-v4,6.008059913266463,5.207
93041,reward,2,Walker2d-v4,-4.545129162734872,4.068
93068,reward,2,Walker2d-v4,1.076350545134294,3.619
93103,reward,2,Walker2d-v4,13.249406499684827,4.969
93121,reward,2,Walker2d-v4,0.9640652261113787,5.047
93145,reward,2,Walker2d-v4,3.938369765658938,4.336
93184,reward,2,Walker2d-v4,13.148062738460757,5.52
93204,reward,2,Walker2d-v4,5.429509543903817,4.485
93231,reward,2,Walker2d-v4,7.914869920842966,5.077
93257,reward,2,Walker2d-v4,5.3612689621732486,5.254
93268,reward,2,Walker2d-v4,1.2318720649457826,4.777
93278,reward,2,Walker2d-v4,-1.1795361308231551,5.113
93311,reward,2,Walker2d-v4,10.646848317116499,6.07
93337,reward,2,Walker2d-v4,8.396868087366453,5.585
93369,reward,2,Walker2d-v4,3.9953032524104697,5.888
93392,reward,2,Walker2d-v4,12.924662715698444,6.787
93407,reward,2,Walker2d-v4,0.26303617065084794,5.498
93416,reward,2,Walker2d-v4,-4.521921834790357,4.503
93433,reward,2,Walker2d-v4,1.1836839052617014,3.83
93488,reward,2,Walker2d-v4,26.8095584592665,5.975
93513,reward,2,Walker2d-v4,-0.5965913765737918,5.792
93534,reward,2,Walker2d-v4,4.620965667526121,6.372
93544,reward,2,Walker2d-v4,-1.751751110953675,5.132
93554,reward,2,Walker2d-v4,-0.7060904983068643,4.222
93567,reward,2,Walker2d-v4,-7.890427671899383,3.034
93609,reward,2,Walker2d-v4,5.7746213477998225,2.319
93646,reward,2,Walker2d-v4,21.81313820287501,4.474
93676,reward,2,Walker2d-v4,1.1960802660986027,5.045
93691,reward,2,Walker2d-v4,6.00019554318896,5.527
93737,reward,2,Walker2d-v4,6.983717748275142,3.544
93754,reward,2,Walker2d-v4,4.13875542149875,4.018
93776,reward,2,Walker2d-v4,1.1981915878469376,3.676
93810,reward,2,Walker2d-v4,7.501263792906824,4.601
93850,reward,2,Walker2d-v4,12.45195007684831,5.917
93875,reward,2,Walker2d-v4,4.454059630387906,7.151
93910,reward,2,Walker2d-v4,15.003183482700575,8.074
93927,reward,2,Walker2d-v4,3.3608287042798026,6.229
93937,reward,2,Walker2d-v4,-0.5372754056289104,6.055
93952,reward,2,Walker2d-v4,-2.5024476196518908,5.205
93963,reward,2,Walker2d-v4,0.1560665686054874,4.522
93992,reward,2,Walker2d-v4,7.16830514305794,4.825
94036,reward,2,Walker2d-v4,29.48013455096932,7.654
94080,reward,2,Walker2d-v4,26.147858571413938,9.518
94092,reward,2,Walker2d-v4,2.1050590782362977,8.484
94130,reward,2,Walker2d-v4,13.258242298894586,9.364
94154,reward,2,Walker2d-v4,3.690162508631321,8.233
94176,reward,2,Walker2d-v4,-0.9906958771502785,7.798
94191,reward,2,Walker2d-v4,2.015931735984046,8.053
94211,reward,2,Walker2d-v4,1.6133085854808122,8.464
94230,reward,2,Walker2d-v4,3.738125618796613,8.823
94250,reward,2,Walker2d-v4,2.8585856597618604,8.392
94285,reward,2,Walker2d-v4,4.324109544704742,5.876
94299,reward,2,Walker2d-v4,-1.6047005750035532,3.101
94344,reward,2,Walker2d-v4,31.21240945576009,6.012
94395,reward,2,Walker2d-v4,-5.118395885572651,4.174
94434,reward,2,Walker2d-v4,18.413129150145036,5.646
94467,reward,2,Walker2d-v4,20.58328236851307,7.804
94489,reward,2,Walker2d-v4,7.3230809711991895,8.334
94509,reward,2,Walker2d-v4,-2.5736282145034592,7.916
94527,reward,2,Walker2d-v4,7.733173833578716,8.315
94538,reward,2,Walker2d-v4,2.8624061308621154,8.315
94564,reward,2,Walker2d-v4,-0.7088756223285093,7.812
94577,reward,2,Walker2d-v4,1.31307391393816,8.104
94622,reward,2,Walker2d-v4,14.378209480171211,6.421
94644,reward,2,Walker2d-v4,7.281424460411056,7.661
94667,reward,2,Walker2d-v4,1.3243218151764886,5.952
94697,reward,2,Walker2d-v4,6.967459506593364,4.59
94731,reward,2,Walker2d-v4,17.215136018027113,5.579
94769,reward,2,Walker2d-v4,13.689305778309574,7.206
94792,reward,2,Walker2d-v4,10.311591538240258,7.463
94816,reward,2,Walker2d-v4,0.4064635903500744,7.218
94838,reward,2,Walker2d-v4,1.4160940987074813,7.43
94864,reward,2,Walker2d-v4,5.670437868399802,7.866
94877,reward,2,Walker2d-v4,-0.09721047049521536,6.419
94906,reward,2,Walker2d-v4,9.585074564247464,6.649
94921,reward,2,Walker2d-v4,0.2561773008647392,6.542
94945,reward,2,Walker2d-v4,3.7031730238152725,6.216
94965,reward,2,Walker2d-v4,3.313747521365282,4.825
94985,reward,2,Walker2d-v4,3.2118068883957975,3.778
95040,reward,2,Walker2d-v4,21.00111750950596,4.847
95074,reward,2,Walker2d-v4,13.04591703235994,6.111
95092,reward,2,Walker2d-v4,-5.797408279001152,5.389
95112,reward,2,Walker2d-v4,7.204832484514032,5.543
95138,reward,2,Walker2d-v4,5.98297926757172,6.151
95152,reward,2,Walker2d-v4,3.0838196768464377,5.501
95164,reward,2,Walker2d-v4,-2.75894178087285,5.199
95186,reward,2,Walker2d-v4,4.289889083887219,5.258
95216,reward,2,Walker2d-v4,15.986054665578132,6.525
95228,reward,2,Walker2d-v4,-1.846856430042578,6.019
95251,reward,2,Walker2d-v4,1.2260061568211533,4.042
95296,reward,2,Walker2d-v4,10.398968632820203,3.777
95336,reward,2,Walker2d-v4,5.290509341592329,4.886
95361,reward,2,Walker2d-v4,3.048948525372946,4.47
95373,reward,2,Walker2d-v4,-0.10310754432095315,3.862
95391,reward,2,Walker2d-v4,5.188378034781523,4.072
95435,reward,2,Walker2d-v4,10.97498657298046,5.445
95472,reward,2,Walker2d-v4,27.171598572869854,7.734
95512,reward,2,Walker2d-v4,10.58236657236637,7.193
95544,reward,2,Walker2d-v4,13.892045720036108,8.767
95600,reward,2,Walker2d-v4,15.069346194478332,10.151
95625,reward,2,Walker2d-v4,4.676371672628198,9.579
95656,reward,2,Walker2d-v4,10.318764001805599,10.082
95693,reward,2,Walker2d-v4,2.173692307511752,9.994
95726,reward,2,Walker2d-v4,14.579869249787988,11.463
95749,reward,2,Walker2d-v4,4.739703354949517,11.418
95778,reward,2,Walker2d-v4,14.057939531450595,11.726
95820,reward,2,Walker2d-v4,14.703545225055297,10.479
95842,reward,2,Walker2d-v4,5.824349908385572,10.004
95876,reward,2,Walker2d-v4,12.895195899377903,9.904
95902,reward,2,Walker2d-v4,7.3736750112870855,9.134
95923,reward,2,Walker2d-v4,2.043099633493067,8.871
95942,reward,2,Walker2d-v4,2.363624148150358,8.075
95957,reward,2,Walker2d-v4,2.5162451800996672,8.11
95970,reward,2,Walker2d-v4,-2.365138676949063,6.415
95995,reward,2,Walker2d-v4,-2.1769522562725783,5.724
96029,reward,2,Walker2d-v4,1.496600107029359,4.467
96062,reward,2,Walker2d-v4,8.457202681061387,3.843
96074,reward,2,Walker2d-v4,-0.24824759489618997,3.236
96117,reward,2,Walker2d-v4,25.02893099494316,4.449
96166,reward,2,Walker2d-v4,35.976128916079865,7.309
96193,reward,2,Walker2d-v4,14.6843099935227,8.573
96208,reward,2,Walker2d-v4,1.0151967735119456,8.438
96247,reward,2,Walker2d-v4,16.72986049875449,9.86
96268,reward,2,Walker2d-v4,7.098201848228017,10.806
96299,reward,2,Walker2d-v4,5.282847249171802,11.552
96326,reward,2,Walker2d-v4,8.422787385519309,12.245
96351,reward,2,Walker2d-v4,6.810327051282031,12.08
96391,reward,2,Walker2d-v4,17.904320195644107,13.895
96415,reward,2,Walker2d-v4,4.573059968344016,11.85
96436,reward,2,Walker2d-v4,3.702845936513296,8.622
96492,reward,2,Walker2d-v4,18.16767551926224,8.971
96517,reward,2,Walker2d-v4,6.980906071604182,9.567
96547,reward,2,Walker2d-v4,1.565443247059849,8.051
96570,reward,2,Walker2d-v4,3.4853190754175163,7.69
96589,reward,2,Walker2d-v4,7.594671938948126,7.921
96617,reward,2,Walker2d-v4,10.813903133160535,8.16
96669,reward,2,Walker2d-v4,15.841446876544174,9.063
96682,reward,2,Walker2d-v4,1.0864967104327876,7.381
96701,reward,2,Walker2d-v4,1.7487998538330436,7.099
96742,reward,2,Walker2d-v4,15.96801640931348,8.325
96757,reward,2,Walker2d-v4,4.02616910723625,6.911
96786,reward,2,Walker2d-v4,10.606217215902262,7.274
96817,reward,2,Walker2d-v4,3.0018913989499465,7.417
96847,reward,2,Walker2d-v4,5.146300205868311,7.583
96877,reward,2,Walker2d-v4,16.034115776366132,8.427
96900,reward,2,Walker2d-v4,1.7685546228093734,7.523
96928,reward,2,Walker2d-v4,0.39801005799019584,5.978
96963,reward,2,Walker2d-v4,18.33719445947237,7.704
96996,reward,2,Walker2d-v4,2.4523414146350007,7.774
97006,reward,2,Walker2d-v4,-0.9899892283004775,6.078
97025,reward,2,Walker2d-v4,4.495528348908489,6.125
97048,reward,2,Walker2d-v4,2.6876442239636225,5.333
97073,reward,2,Walker2d-v4,3.9889030709197897,5.432
97093,reward,2,Walker2d-v4,2.4151747958227126,5.159
97122,reward,2,Walker2d-v4,16.571194701357495,5.212
97153,reward,2,Walker2d-v4,9.032916550156562,5.939
97193,reward,2,Walker2d-v4,18.040584953781842,7.703
97223,reward,2,Walker2d-v4,12.632328084084719,7.133
97247,reward,2,Walker2d-v4,5.081058161886564,7.396
97270,reward,2,Walker2d-v4,10.17959074397741,8.512
97286,reward,2,Walker2d-v4,0.9230201372667644,8.155
97301,reward,2,Walker2d-v4,6.077742726529148,8.494
97370,reward,2,Walker2d-v4,10.555198124712994,9.151
97439,reward,2,Walker2d-v4,26.520983856737384,11.561
97454,reward,2,Walker2d-v4,0.6515287279840942,9.969
97504,reward,2,Walker2d-v4,13.463771266536748,10.413
97545,reward,2,Walker2d-v4,7.9562257704595964,9.404
97571,reward,2,Walker2d-v4,4.9581423549628765,8.637
97581,reward,2,Walker2d-v4,1.3411078631696864,8.263
97639,reward,2,Walker2d-v4,35.69053691083666,10.814
97658,reward,2,Walker2d-v4,3.2730918280296444,11.049
97678,reward,2,Walker2d-v4,-0.39288285719181837,10.402
97702,reward,2,Walker2d-v4,5.474261793303398,9.894
97732,reward,2,Walker2d-v4,11.953144369269962,8.437
97751,reward,2,Walker2d-v4,2.4127483065620234,8.613
97791,reward,2,Walker2d-v4,15.8030867069306,8.847
97813,reward,2,Walker2d-v4,10.736380656892745,9.125
97849,reward,2,Walker2d-v4,12.9857402215874,9.928
97875,reward,2,Walker2d-v4,6.049756113098031,10.399
97909,reward,2,Walker2d-v4,21.006088749929557,8.93
97939,reward,2,Walker2d-v4,10.268624495098871,9.63
97966,reward,2,Walker2d-v4,6.335488383686318,10.303
97991,reward,2,Walker2d-v4,-1.2293520138924245,9.632
98030,reward,2,Walker2d-v4,19.62521322689581,10.399
98053,reward,2,Walker2d-v4,2.306481433414627,10.389
98103,reward,2,Walker2d-v4,26.870085036092007,11.495
98120,reward,2,Walker2d-v4,5.328406779838955,10.955
98146,reward,2,Walker2d-v4,2.4895610587689267,9.905
98172,reward,2,Walker2d-v4,5.112298605918787,9.811
98217,reward,2,Walker2d-v4,29.982754295337756,10.709
98240,reward,2,Walker2d-v4,-0.1061563209881693,9.671
98278,reward,2,Walker2d-v4,31.677373814713324,12.206
98310,reward,2,Walker2d-v4,2.431133664024675,12.572
98335,reward,2,Walker2d-v4,5.461532764892906,11.155
98380,reward,2,Walker2d-v4,7.64913739557577,11.69
98404,reward,2,Walker2d-v4,10.964929222957881,10.099
98420,reward,2,Walker2d-v4,2.8348144952177496,9.85
98437,reward,2,Walker2d-v4,0.5302818663704294,9.654
98462,reward,2,Walker2d-v4,6.051808411932191,9.748
98492,reward,2,Walker2d-v4,3.5888805230266856,7.108
98511,reward,2,Walker2d-v4,3.768501125886145,7.496
98520,reward,2,Walker2d-v4,-1.4942351927154671,4.179
98544,reward,2,Walker2d-v4,5.011416810630757,4.437
98594,reward,2,Walker2d-v4,23.758612901717353,6.266
98610,reward,2,Walker2d-v4,4.859402687930645,5.987
98636,reward,2,Walker2d-v4,9.285966657134145,5.82
98656,reward,2,Walker2d-v4,6.384636834881206,6.175
98683,reward,2,Walker2d-v4,-2.282238242233781,5.893
98713,reward,2,Walker2d-v4,1.0791812491653048,5.396
98741,reward,2,Walker2d-v4,3.2152184164320046,5.359
98761,reward,2,Walker2d-v4,9.649543768192451,5.947
98797,reward,2,Walker2d-v4,22.173050523368406,8.313
98815,reward,2,Walker2d-v4,3.1543277735848934,8.128
98847,reward,2,Walker2d-v4,13.560934320741932,7.108
98859,reward,2,Walker2d-v4,0.7698942342281254,6.699
98883,reward,2,Walker2d-v4,4.784258058864323,6.249
98937,reward,2,Walker2d-v4,21.223051966155445,7.733
98962,reward,2,Walker2d-v4,5.201030696949021,8.481
99019,reward,2,Walker2d-v4,4.5706051681479005,8.83
99053,reward,2,Walker2d-v4,8.635608308489036,9.372
99079,reward,2,Walker2d-v4,2.860295750843591,8.693
99101,reward,2,Walker2d-v4,7.108072650196716,7.187
99121,reward,2,Walker2d-v4,2.0148553553846145,7.073
99145,reward,2,Walker2d-v4,7.38684481176514,6.455
99171,reward,2,Walker2d-v4,4.450447189661721,6.824
99198,reward,2,Walker2d-v4,7.75676844706845,7.121
99216,reward,2,Walker2d-v4,-3.355191803735506,4.663
99243,reward,2,Walker2d-v4,4.216330752180488,4.564
99282,reward,2,Walker2d-v4,6.25878955444754,4.733
99295,reward,2,Walker2d-v4,-1.1957247890534575,3.75
99349,reward,2,Walker2d-v4,6.9763769637735065,4.162
99385,reward,2,Walker2d-v4,7.421045796343018,4.193
99417,reward,2,Walker2d-v4,1.8946816686603594,4.181
99446,reward,2,Walker2d-v4,2.4954633507523356,3.692
99479,reward,2,Walker2d-v4,13.175017677112661,4.564
99526,reward,2,Walker2d-v4,26.86453559230639,6.475
99547,reward,2,Walker2d-v4,7.3142999213461755,7.542
99561,reward,2,Walker2d-v4,-0.13388805463651776,7.107
99610,reward,2,Walker2d-v4,33.37938683809165,9.819
99640,reward,2,Walker2d-v4,11.784165587168028,11.117
99665,reward,2,Walker2d-v4,11.006239888761193,11.52
99691,reward,2,Walker2d-v4,5.83696915536814,11.362
99730,reward,2,Walker2d-v4,15.95671102462588,12.768
99751,reward,2,Walker2d-v4,10.304194652424302,13.549
99775,reward,2,Walker2d-v4,4.897400703361601,12.721
99822,reward,2,Walker2d-v4,31.348009339430686,13.169
99862,reward,2,Walker2d-v4,22.482035657572034,14.686
99891,reward,2,Walker2d-v4,5.421163913773758,15.242
99937,reward,2,Walker2d-v4,10.904064237252921,12.994
99960,reward,2,Walker2d-v4,2.986796321528405,12.114
99980,reward,2,Walker2d-v4,-4.461836453483153,10.568
100000,eval,2,Walker2d-v4,Hopper-v4,83.426,0.274771,220.194
100000,eval,2,Walker2d-v4,Walker2d-v4,228.444,1.0,0.0
100007,reward,2,Walker2d-v4,9.435705768359544,10.927
100035,reward,2,Walker2d-v4,9.986757908638879,10.33
100087,reward,2,Walker2d-v4,2.901428994152298,9.59
100099,reward,2,Walker2d-v4,-3.0114792593694304,8.799
100118,reward,2,Walker2d-v4,7.6129138320444625,6.426
100145,reward,2,Walker2d-v4,8.006714930779047,4.978
100188,reward,2,Walker2d-v4,11.852951073081714,5.621
100206,reward,2,Walker2d-v4,2.6723032748402717,4.798
100233,reward,2,Walker2d-v4,2.118546743064771,4.711
100277,reward,2,Walker2d-v4,18.705763837304115,7.028
100297,reward,2,Walker2d-v4,3.8390606474195996,6.468
100308,reward,2,Walker2d-v4,-3.060020773507551,5.164
100334,reward,2,Walker2d-v4,7.913717745006668,5.665
100362,reward,2,Walker2d-v4,1.6320828991905074,6.129
100389,reward,2,Walker2d-v4,6.303026537758887,5.998
100417,reward,2,Walker2d-v4,13.937437215637763,6.591
100464,reward,2,Walker2d-v4,19.29669673144044,7.336
100495,reward,2,Walker2d-v4,11.988004856961226,8.267
100527,reward,2,Walker2d-v4,3.2262522913652463,8.378
100559,reward,2,Walker2d-v4,13.691366020687708,7.877
100601,reward,2,Walker2d-v4,-0.8610861632820961,7.407
100637,reward,2,Walker2d-v4,9.961296801713786,8.709
100669,reward,2,Walker2d-v4,13.752741112952322,9.293
100696,reward,2,Walker2d-v4,1.8353654828918557,9.313
100746,reward,2,Walker2d-v4,24.930153492083434,11.176
100760,reward,2,Walker2d-v4,-2.1128090214354556,9.571
100788,reward,2,Walker2d-v4,6.04140344580243,8.245
100925,reward,2,Walker2d-v4,199.51902621928704,26.998
100969,reward,2,Walker2d-v4,15.573052190009605,28.233
101007,reward,2,Walker2d-v4,14.081996399264781,28.272
101030,reward,2,Walker2d-v4,11.102737379213846,29.468
101069,reward,2,Walker2d-v4,29.956047546486953,31.468
101123,reward,2,Walker2d-v4,21.29965043671447,32.223
101138,reward,2,Walker2d-v4,0.26364915892700647,32.065
101156,reward,2,Walker2d-v4,5.789937451172409,30.151
101191,reward,2,Walker2d-v4,10.16908253888668,31.38
101235,reward,2,Walker2d-v4,10.758924567871174,31.851
101274,reward,2,Walker2d-v4,16.782146866173644,13.578
101361,reward,2,Walker2d-v4,99.37608425263919,21.958
101385,reward,2,Walker2d-v4,5.378433528251198,21.088
101409,reward,2,Walker2d-v4,0.9294159354454663,20.07
101509,reward,2,Walker2d-v4,41.85222775024947,21.26
101562,reward,2,Walker2d-v4,58.090149723513676,24.939
101607,reward,2,Walker2d-v4,6.3431328810082634,25.547
101654,reward,2,Walker2d-v4,20.546627510238284,27.023
101670,reward,2,Walker2d-v4,0.8545378123175229,26.091
101700,reward,2,Walker2d-v4,1.1916810307629677,25.134
101731,reward,2,Walker2d-v4,15.06711303710773,24.963
101773,reward,2,Walker2d-v4,13.129991075272287,16.338
101802,reward,2,Walker2d-v4,5.468107242261638,16.347
101848,reward,2,Walker2d-v4,10.534804421302642,17.308
101877,reward,2,Walker2d-v4,9.85067768981559,14.108
101922,reward,2,Walker2d-v4,44.51834782905696,12.751
101946,reward,2,Walker2d-v4,3.528929706746693,12.469
101974,reward,2,Walker2d-v4,-2.3508444035022995,10.179
102001,reward,2,Walker2d-v4,5.7522238975263855,10.669
102067,reward,2,Walker2d-v4,8.311577836881813,11.381
102104,reward,2,Walker2d-v4,15.544376479657634,11.429
102131,reward,2,Walker2d-v4,8.395487468106332,10.955
102185,reward,2,Walker2d-v4,41.65334028264317,14.574
102212,reward,2,Walker2d-v4,9.70580025018621,14.491
102240,reward,2,Walker2d-v4,10.913548240749794,14.597
102270,reward,2,Walker2d-v4,11.340415141891242,11.279
102305,reward,2,Walker2d-v4,4.854844668491849,11.412
102392,reward,2,Walker2d-v4,23.22591600117911,13.97
102436,reward,2,Walker2d-v4,14.250044426522745,14.82
102487,reward,2,Walker2d-v4,22.620848859928227,16.25
102542,reward,2,Walker2d-v4,34.146435271823556,18.111
102650,reward,2,Walker2d-v4,69.43817016622023,24.215
102676,reward,2,Walker2d-v4,3.680920022016076,20.418
102715,reward,2,Walker2d-v4,8.55718768168626,20.303
102755,reward,2,Walker2d-v4,11.822721369610496,20.394
102805,reward,2,Walker2d-v4,8.524313661230638,20.112
102884,reward,2,Walker2d-v4,69.13580344534579,26.54
102907,reward,2,Walker2d-v4,4.975039271052303,24.715
102945,reward,2,Walker2d-v4,9.893725656910547,24.28
103020,reward,2,Walker2d-v4,26.482248448853973,24.666
103079,reward,2,Walker2d-v4,-1.6785548747760886,21.083
103128,reward,2,Walker2d-v4,12.072943419403538,15.347
103165,reward,2,Walker2d-v4,13.68839472906645,16.347
103230,reward,2,Walker2d-v4,40.068690790456586,19.499
103252,reward,2,Walker2d-v4,-0.988096194345573,18.217
103300,reward,2,Walker2d-v4,-3.376780739945785,17.027
103403,reward,2,Walker2d-v4,24.933660740785072,12.607
103418,reward,2,Walker2d-v4,1.0017246670176982,12.21
103450,reward,2,Walker2d-v4,6.084035170963405,11.829
103522,reward,2,Walker2d-v4,17.680936130411396,10.949
103542,reward,2,Walker2d-v4,4.844581771876681,11.601
103592,reward,2,Walker2d-v4,13.33466113278784,11.727
103628,reward,2,Walker2d-v4,24.13644403103132,12.772
103661,reward,2,Walker2d-v4,10.742669303564794,9.839
103698,reward,2,Walker2d-v4,4.116795832264848,10.35
103729,reward,2,Walker2d-v4,8.559739467453088,11.544
103760,reward,2,Walker2d-v4,7.767186147191897,9.827
103795,reward,2,Walker2d-v4,0.19464331265813928,9.746
103821,reward,2,Walker2d-v4,3.3339623284300726,9.471
103852,reward,2,Walker2d-v4,13.61280199148003,9.064
103871,reward,2,Walker2d-v4,4.744268151905036,9.054
103901,reward,2,Walker2d-v4,13.990103982213117,9.12
103922,reward,2,Walker2d-v4,-0.03734618336415596,6.702
104036,reward,2,Walker2d-v4,43.28081155849959,9.956
104060,reward,2,Walker2d-v4,11.105548214386719,10.655
104135,reward,2,Walker2d-v4,10.108294661827207,10.81
104151,reward,2,Walker2d-v4,3.840569484718916,10.417
104183,reward,2,Walker2d-v4,14.377627595539861,11.836
104220,reward,2,Walker2d-v4,12.262853192977301,12.729
104330,reward,2,Walker2d-v4,58.041212366121684,17.171
104348,reward,2,Walker2d-v4,5.577960419126397,17.255
104408,reward,2,Walker2d-v4,6.051188979944488,16.461
104447,reward,2,Walker2d-v4,13.313180392546576,17.796
104538,reward,2,Walker2d-v4,20.149045796187355,15.483
104589,reward,2,Walker2d-v4,6.650861639610811,15.037
104623,reward,2,Walker2d-v4,20.229284925069926,16.049
104641,reward,2,Walker2d-v4,-0.5494212348603029,15.61
104686,reward,2,Walker2d-v4,19.99351740417885,16.172
104708,reward,2,Walker2d-v4,2.56821190530238,15.203
104732,reward,2,Walker2d-v4,7.445374481921352,10.143
104756,reward,2,Walker2d-v4,7.856217744012759,10.371
104779,reward,2,Walker2d-v4,5.465061403471547,10.312
104803,reward,2,Walker2d-v4,6.3082532268371105,9.612
104833,reward,2,Walker2d-v4,13.324628304530567,8.929
104856,reward,2,Walker2d-v4,5.810132572693323,8.845
104889,reward,2,Walker2d-v4,6.812091312360388,7.503
104928,reward,2,Walker2d-v4,13.838776795608934,8.942
104959,reward,2,Walker2d-v4,4.623132444315329,7.405
105000,reward,2,Walker2d-v4,15.121357060428263,8.661
105044,reward,2,Walker2d-v4,9.71057902272328,8.887
105087,reward,2,Walker2d-v4,11.316321720798884,9.233
105135,reward,2,Walker2d-v4,30.13208308888899,11.7
105179,reward,2,Walker2d-v4,18.790033914816643,12.948
105209,reward,2,Walker2d-v4,11.920946475036336,12.808
105297,reward,2,Walker2d-v4,-10.830242763496699,11.144
105348,reward,2,Walker2d-v4,7.565883447916803,11.219
105392,reward,2,Walker2d-v4,9.386903285770451,10.774
105433,reward,2,Walker2d-v4,20.657264467663822,12.377
105484,reward,2,Walker2d-v4,-5.615726273854099,10.303
105561,reward,2,Walker2d-v4,0.6803491577182945,9.4
105584,reward,2,Walker2d-v4,7.659929024535263,9.035
105605,reward,2,Walker2d-v4,5.413910907272173,6.563
105621,reward,2,Walker2d-v4,4.153695791711042,5.099
105654,reward,2,Walker2d-v4,8.147173494346953,4.722
105715,reward,2,Walker2d-v4,4.189247234305187,6.224
105748,reward,2,Walker2d-v4,11.557445870507852,6.623
105781,reward,2,Walker2d-v4,9.82527671305095,6.667
105837,reward,2,Walker2d-v4,6.42020229865055,5.243
105867,reward,2,Walker2d-v4,12.00217794411774,7.005
105901,reward,2,Walker2d-v4,19.710994271121194,8.908
105979,reward,2,Walker2d-v4,40.52423112427173,12.194
106001,reward,2,Walker2d-v4,0.16257514233665493,11.669
106033,reward,2,Walker2d-v4,4.120598920808669,11.666
106062,reward,2,Walker2d-v4,7.527201570188016,11.604
106117,reward,2,Walker2d-v4,28.8603205573079,14.071
106166,reward,2,Walker2d-v4,21.45092966520554,15.06
106189,reward,2,Walker2d-v4,7.453416231685539,14.823
106217,reward,2,Walker2d-v4,-3.0655213668776113,13.875
106252,reward,2,Walker2d-v4,10.251036235498738,13.7
106275,reward,2,Walker2d-v4,5.184903410902753,12.247
106305,reward,2,Walker2d-v4,7.180692994482213,8.913
106392,reward,2,Walker2d-v4,-11.700636226982917,7.726
106463,reward,2,Walker2d-v4,43.94807684678933,11.709
106493,reward,2,Walker2d-v4,7.168836951018408,11.673
106523,reward,2,Walker2d-v4,4.412071510326031,9.228
106553,reward,2,Walker2d-v4,14.793818746211368,8.563
106611,reward,2,Walker2d-v4,31.72869538110969,10.99
106697,reward,2,Walker2d-v4,40.233566964160765,15.32
106766,reward,2,Walker2d-v4,59.803544518105085,20.275
106807,reward,2,Walker2d-v4,4.481479870292973,20.205
106850,reward,2,Walker2d-v4,3.17804865114258,19.805
106900,reward,2,Walker2d-v4,6.172623570974799,21.592
107028,reward,2,Walker2d-v4,26.370983188272877,19.834
107147,reward,2,Walker2d-v4,22.136867577432554,21.331
107190,reward,2,Walker2d-v4,14.737843512834303,22.364
107216,reward,2,Walker2d-v4,0.8041544568041997,20.965
107293,reward,2,Walker2d-v4,25.756472364247777,20.368
107320,reward,2,Walker2d-v4,6.646768831758954,17.009
107338,reward,2,Walker2d-v4,3.3314563615666604,11.362
107373,reward,2,Walker2d-v4,0.25426989560549984,10.939
107419,reward,2,Walker2d-v4,9.683082527536316,11.589
107444,reward,2,Walker2d-v4,6.682892794955256,11.64
107479,reward,2,Walker2d-v4,18.16333418564677,10.82
107500,reward,2,Walker2d-v4,6.207290376396049,9.227
107527,reward,2,Walker2d-v4,0.34135043203671,7.787
107567,reward,2,Walker2d-v4,20.636334158686743,9.77
107600,reward,2,Walker2d-v4,3.7035544578017374,7.565
107640,reward,2,Walker2d-v4,5.747961195580931,7.475
107676,reward,2,Walker2d-v4,3.7827761757809664,7.52
107699,reward,2,Walker2d-v4,3.3950532314099475,7.834
107781,reward,2,Walker2d-v4,14.372843555882838,8.303
107811,reward,2,Walker2d-v4,15.690568664751543,9.204
107843,reward,2,Walker2d-v4,17.656892105813384,9.153
107872,reward,2,Walker2d-v4,11.874346394343569,9.72
107886,reward,2,Walker2d-v4,-0.7279159067643632,9.613
107939,reward,2,Walker2d-v4,5.420943328205563,8.092
107958,reward,2,Walker2d-v4,5.399177691375823,8.261
107990,reward,2,Walker2d-v4,19.118201735820612,9.598
108007,reward,2,Walker2d-v4,0.7741721846179361,9.297
108024,reward,2,Walker2d-v4,3.7907429858938095,9.337
108047,reward,2,Walker2d-v4,2.499313845174876,8.15
108056,reward,2,Walker2d-v4,-1.6220551372763024,6.418
108082,reward,2,Walker2d-v4,8.909909009955538,5.544
108111,reward,2,Walker2d-v4,3.025022785846496,4.659
108227,reward,2,Walker2d-v4,130.08745680137145,17.74
108250,reward,2,Walker2d-v4,5.864048664756579,17.785
108268,reward,2,Walker2d-v4,-0.0469846431199763,17.24
108305,reward,2,Walker2d-v4,2.093229352257276,15.537
108335,reward,2,Walker2d-v4,9.973276021089815,16.457
108344,reward,2,Walker2d-v4,-4.597406020903575,15.619
108402,reward,2,Walker2d-v4,-14.149382500872914,13.954
108438,reward,2,Walker2d-v4,5.027616695727215,14.619
108480,reward,2,Walker2d-v4,4.5283335428498175,14.181
108521,reward,2,Walker2d-v4,12.192643486275685,15.097
108557,reward,2,Walker2d-v4,15.055464303036253,3.594
108595,reward,2,Walker2d-v4,12.035620615228392,4.211
108635,reward,2,Walker2d-v4,7.7456279955039715,4.991
108659,reward,2,Walker2d-v4,10.672587194773124,5.848
108708,reward,2,Walker2d-v4,27.303200539744925,7.581
108731,reward,2,Walker2d-v4,4.242227276018074,8.465
108766,reward,2,Walker2d-v4,4.726053837507127,10.353
108794,reward,2,Walker2d-v4,10.708311225159372,10.921
108835,reward,2,Walker2d-v4,13.940598567944551,11.862
108867,reward,2,Walker2d-v4,1.6824763581946578,10.811
108904,reward,2,Walker2d-v4,3.7019468072728223,9.676
108939,reward,2,Walker2d-v4,8.002342429421319,9.273
109002,reward,2,Walker2d-v4,12.416351864977571,9.74
109014,reward,2,Walker2d-v4,3.3814168376163027,9.01
109087,reward,2,Walker2d-v4,37.2048521619281,10.001
109145,reward,2,Walker2d-v4,10.559965512546238,10.632
109186,reward,2,Walker2d-v4,-1.8262875790546507,9.977
109226,reward,2,Walker2d-v4,23.888351896644636,11.295
109246,reward,2,Walker2d-v4,4.3952268431837425,10.341
109273,reward,2,Walker2d-v4,9.83187010323057,11.156
109288,reward,2,Walker2d-v4,2.4587009337993826,11.031
109342,reward,2,Walker2d-v4,14.373667445153862,11.668
109398,reward,2,Walker2d-v4,28.79946450646989,13.307
109433,reward,2,Walker2d-v4,13.554360712434631,14.324
109453,reward,2,Walker2d-v4,9.882340630477039,11.592
109478,reward,2,Walker2d-v4,6.830464196951174,11.219
109512,reward,2,Walker2d-v4,1.7449195039626666,11.576
109536,reward,2,Walker2d-v4,8.11118915680743,9.998
109622,reward,2,Walker2d-v4,14.031011267936682,10.962
109661,reward,2,Walker2d-v4,14.316519720905145,11.41
109718,reward,2,Walker2d-v4,23.988744157126018,13.563
109747,reward,2,Walker2d-v4,13.27771580034463,13.454
109800,reward,2,Walker2d-v4,26.636337483451975,13.237
109824,reward,2,Walker2d-v4,8.906131055713947,12.773
109868,reward,2,Walker2d-v4,0.18003681050848042,11.802
109930,reward,2,Walker2d-v4,4.4691858891736445,11.566
109952,reward,2,Walker2d-v4,3.448114924671428,11.736
109978,reward,2,Walker2d-v4,12.536394261101867,12.179
110000,eval,2,Walker2d-v4,Hopper-v4,73.817,0.243123,229.803
110000,eval,2,Walker2d-v4,Walker2d-v4,12.422,0.054378,216.021
110113,reward,2,Walker2d-v4,211.9509032062038,31.971
110163,reward,2,Walker2d-v4,40.13486611016863,34.553
110202,reward,2,Walker2d-v4,18.504658400694982,34.004
110235,reward,2,Walker2d-v4,22.07132942158182,34.884
110270,reward,2,Walker2d-v4,18.996554705041223,34.12
110316,reward,2,Walker2d-v4,16.605685780489797,34.89
110359,reward,2,Walker2d-v4,15.569715335951201,36.429
110376,reward,2,Walker2d-v4,4.172177974244439,36.399
110398,reward,2,Walker2d-v4,4.837370795828518,36.538
110449,reward,2,Walker2d-v4,3.759810510955753,35.66
110470,reward,2,Walker2d-v4,3.2086146255211414,14.786
110492,reward,2,Walker2d-v4,10.181550120784985,11.791
110582,reward,2,Walker2d-v4,45.99576517099136,14.54
110609,reward,2,Walker2d-v4,1.738033670276478,12.507
110650,reward,2,Walker2d-v4,12.005569154889836,11.807
110660,reward,2,Walker2d-v4,-0.05406706843395681,10.141
110691,reward,2,Walker2d-v4,-1.1195281616007204,8.473
110719,reward,2,Walker2d-v4,3.9385497947710686,8.449
110759,reward,2,Walker2d-v4,12.700635425213537,9.235
110778,reward,2,Walker2d-v4,7.200432458795104,9.58
110797,reward,2,Walker2d-v4,3.449000394388228,9.604
110843,reward,2,Walker2d-v4,16.26186484486287,10.212
110873,reward,2,Walker2d-v4,-0.9133111283413629,5.521
110964,reward,2,Walker2d-v4,-7.855396461254617,4.561
111013,reward,2,Walker2d-v4,26.428738375294387,6.004
111079,reward,2,Walker2d-v4,34.48976467871606,9.458
111108,reward,2,Walker2d-v4,3.487479089344818,9.919
111174,reward,2,Walker2d-v4,9.735925939714448,10.499
111235,reward,2,Walker2d-v4,76.14649097666825,16.843
111295,reward,2,Walker2d-v4,16.081670999367027,17.731
111329,reward,2,Walker2d-v4,25.013358033011166,19.888
111377,reward,2,Walker2d-v4,3.489617673220491,18.61
111389,reward,2,Walker2d-v4,1.007681238098161,18.803
111414,reward,2,Walker2d-v4,2.8111808498367408,19.869
111447,reward,2,Walker2d-v4,2.3588823724599193,17.462
111505,reward,2,Walker2d-v4,-4.669640952605272,13.546
111545,reward,2,Walker2d-v4,23.424543120623216,15.54
111575,reward,2,Walker2d-v4,11.129926968874123,15.679
111624,reward,2,Walker2d-v4,16.558594698700023,9.721
111707,reward,2,Walker2d-v4,32.295627642070265,11.342
111756,reward,2,Walker2d-v4,30.79603961468201,11.92
111789,reward,2,Walker2d-v4,3.998537836300122,11.971
111865,reward,2,Walker2d-v4,3.688467078735285,12.239
111943,reward,2,Walker2d-v4,67.56297512527404,18.714
111968,reward,2,Walker2d-v4,11.636979830891143,19.642
111995,reward,2,Walker2d-v4,16.337972445670562,21.743
112013,reward,2,Walker2d-v4,8.117718881704006,20.212
112038,reward,2,Walker2d-v4,8.71956657288991,19.971
112089,reward,2,Walker2d-v4,5.944499101453292,18.91
112119,reward,2,Walker2d-v4,22.58963364172822,17.939
112133,reward,2,Walker2d-v4,-0.5842476792839015,14.801
112167,reward,2,Walker2d-v4,22.924574594050924,16.694
112177,reward,2,Walker2d-v4,-1.7170544117233688,16.153
112236,reward,2,Walker2d-v4,33.00635690009663,12.698
112283,reward,2,Walker2d-v4,24.41702348975023,13.976
112303,reward,2,Walker2d-v4,8.515077367137454,13.193
112426,reward,2,Walker2d-v4,64.63705163642753,18.845
112461,reward,2,Walker2d-v4,20.060466586268262,19.979
112509,reward,2,Walker2d-v4,36.22492063283126,23.007
112542,reward,2,Walker2d-v4,-0.18452193995450572,20.73
112578,reward,2,Walker2d-v4,11.54879736539802,21.943
112619,reward,2,Walker2d-v4,14.835983010712692,21.134
112660,reward,2,Walker2d-v4,1.2913828071694606,21.435
112686,reward,2,Walker2d-v4,3.1303722540278356,18.448
112732,reward,2,Walker2d-v4,11.819389753213724,17.188
112754,reward,2,Walker2d-v4,15.263705260580288,17.863
112803,reward,2,Walker2d-v4,26.805008559902767,14.08
112856,reward,2,Walker2d-v4,16.019712726044652,13.675
112889,reward,2,Walker2d-v4,4.352755309201877,10.488
112928,reward,2,Walker2d-v4,15.76588377745213,12.083
112994,reward,2,Walker2d-v4,16.880578121556606,12.616
113042,reward,2,Walker2d-v4,25.992316638663347,13.732
113088,reward,2,Walker2d-v4,5.998895849133659,14.203
113174,reward,2,Walker2d-v4,14.949761994308227,15.385
113236,reward,2,Walker2d-v4,27.968669822336206,17.0
113284,reward,2,Walker2d-v4,8.66778917021289,16.34
113369,reward,2,Walker2d-v4,67.67948190242848,20.428
113424,reward,2,Walker2d-v4,-4.3690615964230455,18.389
113442,reward,2,Walker2d-v4,4.944383075442141,18.448
113510,reward,2,Walker2d-v4,23.878315712260346,19.259
113558,reward,2,Walker2d-v4,17.478360230040167,19.319
113589,reward,2,Walker2d-v4,12.48895203795073,17.969
113612,reward,2,Walker2d-v4,8.077205660792337,18.176
113658,reward,2,Walker2d-v4,32.541263188051396,19.936
113716,reward,2,Walker2d-v4,6.625911573495593,17.801
113755,reward,2,Walker2d-v4,17.154452235856002,18.65
113791,reward,2,Walker2d-v4,20.73111261138671,13.955
113806,reward,2,Walker2d-v4,0.7623379842267082,14.468
113829,reward,2,Walker2d-v4,5.8946819041968554,14.563
113879,reward,2,Walker2d-v4,13.373594911716829,13.513
113931,reward,2,Walker2d-v4,5.428649389469332,12.308
113979,reward,2,Walker2d-v4,-0.6094286954831287,10.998
114024,reward,2,Walker2d-v4,0.4908708838320157,10.239
114067,reward,2,Walker2d-v4,2.155573778794114,7.201
114123,reward,2,Walker2d-v4,-1.14771450018456,6.423
114187,reward,2,Walker2d-v4,4.294539039160943,5.137
114242,reward,2,Walker2d-v4,20.900005665458263,5.154
114306,reward,2,Walker2d-v4,-6.805854574433947,4.397
114328,reward,2,Walker2d-v4,6.435679691491045,4.452
114367,reward,2,Walker2d-v4,14.196417177661743,4.534
114429,reward,2,Walker2d-v4,32.381260699982455,7.229
114462,reward,2,Walker2d-v4,1.6195584923305668,7.452
114542,reward,2,Walker2d-v4,17.320972468154984,9.135
114602,reward,2,Walker2d-v4,19.46588386848234,10.866
114636,reward,2,Walker2d-v4,21.333255506529692,13.114
114668,reward,2,Walker2d-v4,4.901969442578498,13.175
114701,reward,2,Walker2d-v4,5.828561003956455,11.668
114766,reward,2,Walker2d-v4,24.31944899690898,14.78
114814,reward,2,Walker2d-v4,12.719663863000195,15.409
114897,reward,2,Walker2d-v4,59.45310494755784,19.934
114959,reward,2,Walker2d-v4,14.869849602391824,18.183
115014,reward,2,Walker2d-v4,29.18850341318545,20.94
115071,reward,2,Walker2d-v4,63.37525669314972,25.546
115098,reward,2,Walker2d-v4,11.604173923795233,24.759
115139,reward,2,Walker2d-v4,13.674869132345748,23.994
115171,reward,2,Walker2d-v4,18.34781968587045,25.338
115220,reward,2,Walker2d-v4,8.016134602749581,25.557
115425,reward,2,Walker2d-v4,78.81778058683237,31.007
115473,reward,2,Walker2d-v4,13.066260700082776,31.041
115519,reward,2,Walker2d-v4,40.86842821663371,29.183
115533,reward,2,Walker2d-v4,3.2559589845497525,28.022
115566,reward,2,Walker2d-v4,11.052723363642796,26.208
115606,reward,2,Walker2d-v4,13.60261848087945,21.231
115636,reward,2,Walker2d-v4,5.75376029734724,20.646
115657,reward,2,Walker2d-v4,9.191053654520895,20.197
115696,reward,2,Walker2d-v4,4.614637877929705,18.824
115776,reward,2,Walker2d-v4,1.3078756101372753,18.153
115806,reward,2,Walker2d-v4,13.827638813707274,11.654
115843,reward,2,Walker2d-v4,13.705200838365826,11.718
115954,reward,2,Walker2d-v4,-18.99046021683446,5.732
116017,reward,2,Walker2d-v4,38.8260463351504,9.289
116039,reward,2,Walker2d-v4,6.6262499660760295,8.846
116091,reward,2,Walker2d-v4,4.8851708801228355,7.975
116107,reward,2,Walker2d-v4,4.995501431439344,7.899
116128,reward,2,Walker2d-v4,7.845481642263838,7.764
116187,reward,2,Walker2d-v4,34.44780223193381,10.748
116244,reward,2,Walker2d-v4,46.47165864873646,15.264
116287,reward,2,Walker2d-v4,10.827671510874094,14.964
116352,reward,2,Walker2d-v4,34.75639125631198,17.069
116391,reward,2,Walker2d-v4,9.38323514902498,19.907
116442,reward,2,Walker2d-v4,14.813316018944967,17.505
116479,reward,2,Walker2d-v4,11.089986109119454,17.952
116500,reward,2,Walker2d-v4,10.545608768640003,18.518
116547,reward,2,Walker2d-v4,0.629738224512514,18.081
116593,reward,2,Walker2d-v4,17.535363046771526,19.05
116638,reward,2,Walker2d-v4,10.93854770410845,16.699
116654,reward,2,Walker2d-v4,-1.173632881291473,11.935
116704,reward,2,Walker2d-v4,22.77441664113533,13.129
116755,reward,2,Walker2d-v4,21.25032372425129,11.779
116771,reward,2,Walker2d-v4,4.325770935744188,11.273
116791,reward,2,Walker2d-v4,7.6953470395417725,10.561
116819,reward,2,Walker2d-v4,9.629662770877406,10.415
116883,reward,2,Walker2d-v4,14.569064732602461,10.817
116951,reward,2,Walker2d-v4,-0.7670833200367007,10.678
116997,reward,2,Walker2d-v4,22.804477736337912,11.205
117056,reward,2,Walker2d-v4,11.896558619229348,11.3
117170,reward,2,Walker2d-v4,19.52365985745758,13.37
117279,reward,2,Walker2d-v4,56.50390749200499,16.743
117354,reward,2,Walker2d-v4,-29.567344784487332,11.661
117440,reward,2,Walker2d-v4,10.968394874169144,12.326
117505,reward,2,Walker2d-v4,8.128185749024134,12.369
117617,reward,2,Walker2d-v4,35.31958305745846,14.938
117699,reward,2,Walker2d-v4,11.651875723069823,14.646
117740,reward,2,Walker2d-v4,6.418916370501706,15.365
117783,reward,2,Walker2d-v4,30.176179262367828,16.102
117877,reward,2,Walker2d-v4,-20.141607871925373,12.898
117922,reward,2,Walker2d-v4,24.083374756690212,13.354
118006,reward,2,Walker2d-v4,-14.810277078451103,6.223
118091,reward,2,Walker2d-v4,-10.902641303257933,8.089
118115,reward,2,Walker2d-v4,14.762106036204841,8.469
118163,reward,2,Walker2d-v4,-1.2608530091440404,7.53
118228,reward,2,Walker2d-v4,9.061903183555652,4.904
118273,reward,2,Walker2d-v4,21.70253657776583,5.909
118341,reward,2,Walker2d-v4,16.433101531194232,6.91
118376,reward,2,Walker2d-v4,17.29577966368349,5.622
118392,reward,2,Walker2d-v4,2.786200970089441,7.915
118444,reward,2,Walker2d-v4,16.283150026700323,7.135
118537,reward,2,Walker2d-v4,-24.5023976267201,6.166
118668,reward,2,Walker2d-v4,93.12738946512292,16.569
118765,reward,2,Walker2d-v4,-10.738339776717323,14.019
118798,reward,2,Walker2d-v4,17.555249925931776,15.9
118844,reward,2,Walker2d-v4,16.12627037421383,16.607
119046,reward,2,Walker2d-v4,264.74401112307794,40.911
119091,reward,2,Walker2d-v4,11.982482217145654,40.466
119180,reward,2,Walker2d-v4,11.213051360972809,39.858
119237,reward,2,Walker2d-v4,35.55567898632029,43.135
119433,reward,2,Walker2d-v4,216.96537053403156,63.203
119556,reward,2,Walker2d-v4,-43.78936467703197,61.274
119662,reward,2,Walker2d-v4,23.965002355698886,54.358
119707,reward,2,Walker2d-v4,6.914607003462738,56.123
119755,reward,2,Walker2d-v4,1.1044086651997325,54.478
119903,reward,2,Walker2d-v4,248.80293755839116,77.746
119961,reward,2,Walker2d-v4,14.471197889363538,52.719
120000,eval,2,Walker2d-v4,Hopper-v4,70.904,0.233529,232.716
120000,eval,2,Walker2d-v4,Walker2d-v4,1.679,0.007349,226.765
120023,reward,2,Walker2d-v4,8.21183466939505,52.341
120246,reward,2,Walker2d-v4,317.07913602855416,82.928
120301,reward,2,Walker2d-v4,3.965643301237683,79.769
120362,reward,2,Walker2d-v4,-3.781910015232385,57.694
120432,reward,2,Walker2d-v4,1.1057079889871915,62.184
120559,reward,2,Walker2d-v4,-0.38161217575080775,59.749
120658,reward,2,Walker2d-v4,60.42502428592793,65.1
120848,reward,2,Walker2d-v4,152.317637661332,80.222
120911,reward,2,Walker2d-v4,11.291003425386329,56.47
120962,reward,2,Walker2d-v4,17.04533609170849,56.728
121016,reward,2,Walker2d-v4,26.692050634037543,58.576
121070,reward,2,Walker2d-v4,-0.10006462191493837,26.858
121109,reward,2,Walker2d-v4,16.27856772621852,28.089
121150,reward,2,Walker2d-v4,3.67779117339337,28.835
121237,reward,2,Walker2d-v4,-12.805065584364538,27.444
121287,reward,2,Walker2d-v4,-6.1333918557612295,26.869
121392,reward,2,Walker2d-v4,68.09809542969796,27.636
121430,reward,2,Walker2d-v4,2.523563813256973,12.657
121476,reward,2,Walker2d-v4,7.879473295315264,12.316
121511,reward,2,Walker2d-v4,7.797032829570917,11.391
121552,reward,2,Walker2d-v4,4.836817691226324,9.205
121640,reward,2,Walker2d-v4,-16.49847024138674,7.565
121735,reward,2,Walker2d-v4,47.35398590282492,10.673
121805,reward,2,Walker2d-v4,22.201419913854636,12.525
121866,reward,2,Walker2d-v4,20.818911298580055,15.888
121898,reward,2,Walker2d-v4,0.30946610514736883,16.532
122032,reward,2,Walker2d-v4,201.04725144991767,29.827
122066,reward,2,Walker2d-v4,4.183351716686415,29.993
122125,reward,2,Walker2d-v4,-0.7058653876831458,29.134
122212,reward,2,Walker2d-v4,20.611080794207513,30.416
122301,reward,2,Walker2d-v4,2.5772124876724867,30.19
122350,reward,2,Walker2d-v4,-0.8346536346697946,31.756
122380,reward,2,Walker2d-v4,8.55521543035955,27.876
122458,reward,2,Walker2d-v4,0.42173900673958875,25.698
122524,reward,2,Walker2d-v4,18.891245739955625,25.506
122655,reward,2,Walker2d-v4,233.9972938520036,48.874
122732,reward,2,Walker2d-v4,56.894491019637556,34.459
122800,reward,2,Walker2d-v4,18.482290454212944,35.889
122841,reward,2,Walker2d-v4,6.579994608551912,36.618
122891,reward,2,Walker2d-v4,22.87529378664193,36.844
122950,reward,2,Walker2d-v4,11.03070812021096,37.689
122992,reward,2,Walker2d-v4,6.390369657079313,38.412
123076,reward,2,Walker2d-v4,5.160562443443445,38.072
123141,reward,2,Walker2d-v4,12.773200633315627,39.308
123274,reward,2,Walker2d-v4,52.150610727214904,42.633
123385,reward,2,Walker2d-v4,9.203236878132465,20.154
123489,reward,2,Walker2d-v4,-45.276469589347855,9.937
123531,reward,2,Walker2d-v4,6.8741095750702,8.776
123566,reward,2,Walker2d-v4,7.800360245356838,8.898
123634,reward,2,Walker2d-v4,7.765982322579953,7.387
123748,reward,2,Walker2d-v4,21.071516187078366,8.391
123794,reward,2,Walker2d-v4,5.018807075573183,8.254
123829,reward,2,Walker2d-v4,6.822056122085493,8.42
123879,reward,2,Walker2d-v4,1.9008408826296002,7.333
123993,reward,2,Walker2d-v4,-18.453001796910907,0.273
124042,reward,2,Walker2d-v4,3.9039536124392016,-0.257
124108,reward,2,Walker2d-v4,-10.32189879982468,3.238
124208,reward,2,Walker2d-v4,-27.27364187178276,-0.177
124264,reward,2,Walker2d-v4,15.828186990451398,0.626
124362,reward,2,Walker2d-v4,10.225817108473912,0.872
124527,reward,2,Walker2d-v4,4.156430148546711,-0.819
124615,reward,2,Walker2d-v4,-31.64678403017011,-4.486
124662,reward,2,Walker2d-v4,10.34690840380664,-4.133
124747,reward,2,Walker2d-v4,-10.022004075451736,-5.326
124787,reward,2,Walker2d-v4,27.112399370740842,-0.769
124958,reward,2,Walker2d-v4,286.1524571436426,27.456
125021,reward,2,Walker2d-v4,31.207961381041514,31.609
125043,reward,2,Walker2d-v4,10.136581488222228,35.35
125103,reward,2,Walker2d-v4,30.45371287174229,36.812
125267,reward,2,Walker2d-v4,137.21094959985064,49.511
125318,reward,2,Walker2d-v4,20.406216639498787,51.136
125391,reward,2,Walker2d-v4,10.500683951604543,55.351
125447,reward,2,Walker2d-v4,22.710880823899792,56.587
125487,reward,2,Walker2d-v4,9.895482292576819,58.579
125626,reward,2,Walker2d-v4,33.87889698679554,59.255
125712,reward,2,Walker2d-v4,-1.5605555387613146,30.484
125799,reward,2,Walker2d-v4,-0.7393343215492423,27.289
125883,reward,2,Walker2d-v4,27.363398390047113,29.012
125983,reward,2,Walker2d-v4,-15.24575045553008,24.442
126054,reward,2,Walker2d-v4,-11.045387781035,9.616
126185,reward,2,Walker2d-v4,234.205435710046,30.996
126252,reward,2,Walker2d-v4,-2.9530680678022776,29.651
126309,reward,2,Walker2d-v4,1.6449112340453589,27.544
126396,reward,2,Walker2d-v4,35.55216261997467,30.11
126493,reward,2,Walker2d-v4,-36.29540962620837,23.093
126571,reward,2,Walker2d-v4,-17.096650965200254,21.539
126635,reward,2,Walker2d-v4,27.227895379907913,24.336
126745,reward,2,Walker2d-v4,-10.080076328741708,20.591
126795,reward,2,Walker2d-v4,10.899919454175857,23.206
126897,reward,2,Walker2d-v4,-16.614790133566384,22.649
127033,reward,2,Walker2d-v4,175.7676167465258,16.805
127083,reward,2,Walker2d-v4,3.1649089806673163,17.417
127169,reward,2,Walker2d-v4,6.685615225831916,17.921
127191,reward,2,Walker2d-v4,6.091604915123148,14.975
127245,reward,2,Walker2d-v4,21.014745956631558,20.706
127458,reward,2,Walker2d-v4,347.9186335293414,57.208
127536,reward,2,Walker2d-v4,51.99910553599019,59.685
127634,reward,2,Walker2d-v4,-25.732002380162974,58.12
127694,reward,2,Walker2d-v4,4.684380698521828,57.498
127791,reward,2,Walker2d-v4,44.87148644328819,63.647
127881,reward,2,Walker2d-v4,-0.8620877572487378,45.984
128006,reward,2,Walker2d-v4,36.44317543505947,49.311
128067,reward,2,Walker2d-v4,18.996295587601875,50.543
128130,reward,2,Walker2d-v4,12.093330249212553,51.143
128254,reward,2,Walker2d-v4,36.22156911146221,52.663
128325,reward,2,Walker2d-v4,-12.630041825904247,16.609
128417,reward,2,Walker2d-v4,-7.424607989128752,10.666
128541,reward,2,Walker2d-v4,24.463472941832574,15.686
128653,reward,2,Walker2d-v4,-21.44592524815121,13.073
128734,reward,2,Walker2d-v4,-32.77856420312886,5.308
128878,reward,2,Walker2d-v4,7.487212733389102,6.143
128970,reward,2,Walker2d-v4,-4.877211280426527,2.011
129146,reward,2,Walker2d-v4,78.87528246776904,7.998
129335,reward,2,Walker2d-v4,256.21684831918253,32.411
129586,reward,2,Walker2d-v4,57.64205783613983,34.553
129625,reward,2,Walker2d-v4,31.480050405001776,38.964
129769,reward,2,Walker2d-v4,-11.141693480290407,38.592
129946,reward,2,Walker2d-v4,40.301237509116376,40.176
130000,eval,2,Walker2d-v4,Hopper-v4,67.847,0.223461,235.773
130000,eval,2,Walker2d-v4,Walker2d-v4,-6.757,-0.029578,235.201
130038,reward,2,Walker2d-v4,-24.37861742225134,39.883
130152,reward,2,Walker2d-v4,36.77172394787903,46.838
130253,reward,2,Walker2d-v4,-26.382110099043384,43.451
130515,reward,2,Walker2d-v4,414.5940188817348,85.398
130687,reward,2,Walker2d-v4,68.63101513690324,84.373
130732,reward,2,Walker2d-v4,17.792197620364657,60.531
130771,reward,2,Walker2d-v4,33.23442882249671,58.09
130920,reward,2,Walker2d-v4,-7.615403099003455,54.181
131041,reward,2,Walker2d-v4,200.96543217411227,75.391
131165,reward,2,Walker2d-v4,22.433466066833663,73.605
131343,reward,2,Walker2d-v4,95.82152021752088,85.625
131404,reward,2,Walker2d-v4,-7.017144618621668,81.246
131442,reward,2,Walker2d-v4,16.030995716429295,85.487
131583,reward,2,Walker2d-v4,-8.468297053518933,43.181
131682,reward,2,Walker2d-v4,-5.17281853582328,35.8
131827,reward,2,Walker2d-v4,54.53558059302422,39.475
131938,reward,2,Walker2d-v4,-29.61144733409666,33.19
132074,reward,2,Walker2d-v4,71.91530646963686,41.143
132131,reward,2,Walker2d-v4,11.946959893890822,22.241
132167,reward,2,Walker2d-v4,28.562089274950374,22.854
132205,reward,2,Walker2d-v4,3.4582151855466634,13.618
132255,reward,2,Walker2d-v4,7.725864570972092,15.092
132383,reward,2,Walker2d-v4,-0.5255371450753312,13.437
132480,reward,2,Walker2d-v4,-4.844655340774722,13.799
132543,reward,2,Walker2d-v4,22.680998929452784,16.584
132577,reward,2,Walker2d-v4,10.0424849533733,12.135
132647,reward,2,Walker2d-v4,3.1862754932873045,15.415
132732,reward,2,Walker2d-v4,0.5756138890701987,8.281
132869,reward,2,Walker2d-v4,136.09162394980154,20.695
132916,reward,2,Walker2d-v4,17.073248886141304,19.546
133021,reward,2,Walker2d-v4,24.217181565427207,21.622
133111,reward,2,Walker2d-v4,-11.714053057626515,19.678
133196,reward,2,Walker2d-v4,21.401649076388033,21.871
133321,reward,2,Walker2d-v4,3.2590221303329217,22.681
133438,reward,2,Walker2d-v4,80.73975188526803,28.487
133549,reward,2,Walker2d-v4,26.028995364022805,30.086
133636,reward,2,Walker2d-v4,53.9809107540263,35.165
133774,reward,2,Walker2d-v4,256.1357457720724,60.721
133953,reward,2,Walker2d-v4,275.24836830437863,74.637
134016,reward,2,Walker2d-v4,38.24043581508597,76.754
134193,reward,2,Walker2d-v4,32.967504618405826,77.629
134304,reward,2,Walker2d-v4,-21.67930733305248,76.632
134378,reward,2,Walker2d-v4,13.624369992891662,75.855
134484,reward,2,Walker2d-v4,-3.49161927308343,75.18
134643,reward,2,Walker2d-v4,28.267622704142347,69.932
134793,reward,2,Walker2d-v4,105.07472557550705,77.837
134879,reward,2,Walker2d-v4,-2.5778813568315324,72.181
135106,reward,2,Walker2d-v4,106.27233206174928,57.195
135212,reward,2,Walker2d-v4,17.178557910612916,31.388
135318,reward,2,Walker2d-v4,-7.042661437086442,26.859
135352,reward,2,Walker2d-v4,15.052218194836708,25.068
135445,reward,2,Walker2d-v4,10.75698668637638,28.311
135511,reward,2,Walker2d-v4,40.43449034483624,30.992
135572,reward,2,Walker2d-v4,40.73334364906103,35.415
135743,reward,2,Walker2d-v4,24.446527780089873,35.033
135847,reward,2,Walker2d-v4,9.118839235403122,25.437
135900,reward,2,Walker2d-v4,9.42792069180664,26.638
136010,reward,2,Walker2d-v4,46.246758440635574,20.635
136114,reward,2,Walker2d-v4,-32.12917998714682,15.705
136295,reward,2,Walker2d-v4,11.520073982712988,17.561
136454,reward,2,Walker2d-v4,17.75049921948786,17.831
136517,reward,2,Walker2d-v4,43.81211127927755,21.136
136768,reward,2,Walker2d-v4,58.24944553765319,22.918
136912,reward,2,Walker2d-v4,19.253576778532214,20.77
137046,reward,2,Walker2d-v4,81.82394955985767,26.507
137159,reward,2,Walker2d-v4,213.67513979342573,46.963
137438,reward,2,Walker2d-v4,52.85402670186049,51.306
137555,reward,2,Walker2d-v4,-8.655984445914678,45.815
137730,reward,2,Walker2d-v4,220.3032852525923,71.059
137773,reward,2,Walker2d-v4,14.650650775535928,71.372
137850,reward,2,Walker2d-v4,60.43734766803983,75.64
137953,reward,2,Walker2d-v4,5.391754235580241,71.798
138047,reward,2,Walker2d-v4,45.003468980173594,70.474
138088,reward,2,Walker2d-v4,24.062369649685355,70.955
138177,reward,2,Walker2d-v4,14.00934377601343,64.173
138440,reward,2,Walker2d-v4,94.12101904016379,52.218
138622,reward,2,Walker2d-v4,-12.783342919288264,45.654
138718,reward,2,Walker2d-v4,15.001663068141802,48.02
138852,reward,2,Walker2d-v4,38.70051876808204,29.859
138972,reward,2,Walker2d-v4,-21.256839838605046,26.269
139068,reward,2,Walker2d-v4,-5.411509945211541,19.684
139209,reward,2,Walker2d-v4,243.08221801579214,43.453
139317,reward,2,Walker2d-v4,53.5620677060252,44.309
139464,reward,2,Walker2d-v4,60.694130145472144,47.972
139645,reward,2,Walker2d-v4,31.909743000684884,49.762
139768,reward,2,Walker2d-v4,-2.5874228511017865,40.091
139996,reward,2,Walker2d-v4,38.08953062572941,45.178
140000,eval,2,Walker2d-v4,Hopper-v4,64.555,0.212617,239.065
140000,eval,2,Walker2d-v4,Walker2d-v4,254.743,1.0,0.0
140165,reward,2,Walker2d-v4,55.81203376856907,49.259
140391,reward,2,Walker2d-v4,60.60240462034451,51.45
140537,reward,2,Walker2d-v4,30.22922388613403,56.598
140700,reward,2,Walker2d-v4,-1.9051075679529328,56.949
140915,reward,2,Walker2d-v4,244.69994305550495,57.111
141130,reward,2,Walker2d-v4,275.17875215662417,79.272
141352,reward,2,Walker2d-v4,14.87292696386,74.69
141568,reward,2,Walker2d-v4,241.67855304722357,95.667
141681,reward,2,Walker2d-v4,38.13087831355991,99.739
141903,reward,2,Walker2d-v4,43.99955754144068,100.33
142073,reward,2,Walker2d-v4,33.76368332941634,98.125
142214,reward,2,Walker2d-v4,-18.61256925337756,90.204
142266,reward,2,Walker2d-v4,28.979161763828838,90.079
142296,reward,2,Walker2d-v4,17.110045084923232,91.98
142508,reward,2,Walker2d-v4,51.697367978564074,72.68
142619,reward,2,Walker2d-v4,13.332915820509179,46.495
142848,reward,2,Walker2d-v4,48.8919381191031,49.897
142919,reward,2,Walker2d-v4,46.04590877126553,30.334
143064,reward,2,Walker2d-v4,43.182644037512226,30.839
143196,reward,2,Walker2d-v4,22.069094228390252,28.646
143350,reward,2,Walker2d-v4,82.22459621745945,33.492
143378,reward,2,Walker2d-v4,15.804038835895138,36.934
143581,reward,2,Walker2d-v4,106.09750205981211,44.646
143752,reward,2,Walker2d-v4,74.34187642518161,50.369
144080,reward,2,Walker2d-v4,7.070655963727207,45.906
144215,reward,2,Walker2d-v4,35.41028382633572,48.114
144488,reward,2,Walker2d-v4,384.091336683793,81.634
144655,reward,2,Walker2d-v4,282.7303507567241,105.302
144810,reward,2,Walker2d-v4,143.10304594582095,115.294
144892,reward,2,Walker2d-v4,8.105546320256186,113.898
145027,reward,2,Walker2d-v4,12.357745722374899,106.911
145127,reward,2,Walker2d-v4,105.26339858142077,115.857
145236,reward,2,Walker2d-v4,13.327145589126976,106.58
145417,reward,2,Walker2d-v4,95.1695677194895,108.663
145538,reward,2,Walker2d-v4,59.43564281612857,113.899
145663,reward,2,Walker2d-v4,68.59928424053366,117.218
145686,reward,2,Walker2d-v4,8.608851914879946,79.67
145833,reward,2,Walker2d-v4,9.854415668508027,52.382
145889,reward,2,Walker2d-v4,38.91946201545458,41.964
146075,reward,2,Walker2d-v4,47.67209612312761,45.921
146278,reward,2,Walker2d-v4,65.49572735788954,51.235
146442,reward,2,Walker2d-v4,53.96006381709544,46.104
146650,reward,2,Walker2d-v4,94.90035220112024,54.262
146828,reward,2,Walker2d-v4,37.637688699040346,48.508
146915,reward,2,Walker2d-v4,39.665658306825165,46.531
147071,reward,2,Walker2d-v4,5.098786823523603,40.181
147207,reward,2,Walker2d-v4,184.65018459971205,57.785
147230,reward,2,Walker2d-v4,8.740991384492187,57.674
147404,reward,2,Walker2d-v4,279.7310568914007,81.755
147519,reward,2,Walker2d-v4,202.7594291922408,97.264
147634,reward,2,Walker2d-v4,-10.96423239997624,89.618
147774,reward,2,Walker2d-v4,140.17555010647058,98.24
147915,reward,2,Walker2d-v4,32.970263447598974,92.047
147975,reward,2,Walker2d-v4,45.59716072281228,92.842
148070,reward,2,Walker2d-v4,177.9543179165587,106.671
148304,reward,2,Walker2d-v4,326.9897582859968,138.86
148338,reward,2,Walker2d-v4,19.35682040280814,122.331
148524,reward,2,Walker2d-v4,113.2579232782834,132.783
148681,reward,2,Walker2d-v4,303.8871964095272,135.198
148779,reward,2,Walker2d-v4,68.93379466015024,121.816
148826,reward,2,Walker2d-v4,35.15664544766717,126.428
148937,reward,2,Walker2d-v4,6.721189124717735,113.083
149065,reward,2,Walker2d-v4,71.21782662882136,116.907
149123,reward,2,Walker2d-v4,45.10920386019636,116.858
149225,reward,2,Walker2d-v4,7.5578862253608206,99.819
149309,reward,2,Walker2d-v4,50.61472411403354,72.181
149448,reward,2,Walker2d-v4,23.175422930127574,72.563
149690,reward,2,Walker2d-v4,252.1983126049223,86.457
149739,reward,2,Walker2d-v4,25.30791302066135,58.599
149880,reward,2,Walker2d-v4,70.68746597566229,58.775
149995,reward,2,Walker2d-v4,207.3427140561145,75.993
150000,eval,2,Walker2d-v4,Hopper-v4,62.953,0.20734,240.667
150000,eval,2,Walker2d-v4,Walker2d-v4,275.019,1.0,0.0
150123,reward,2,Walker2d-v4,11.806212628053697,76.502
150229,reward,2,Walker2d-v4,-0.3820409512558096,69.342
150417,reward,2,Walker2d-v4,72.26629702434292,72.057
150655,reward,2,Walker2d-v4,300.7357041415355,101.375
150727,reward,2,Walker2d-v4,29.905772788318046,99.304
150896,reward,2,Walker2d-v4,107.13437307517393,107.7
151204,reward,2,Walker2d-v4,55.184913741710304,87.999
151311,reward,2,Walker2d-v4,2.1552257739057645,85.684
151479,reward,2,Walker2d-v4,118.5611741809018,90.471
151569,reward,2,Walker2d-v4,68.7732599020716,76.614
151671,reward,2,Walker2d-v4,4.5368633145947594,75.887
151788,reward,2,Walker2d-v4,179.47974379615695,93.873
151815,reward,2,Walker2d-v4,16.000723604181253,88.247
151987,reward,2,Walker2d-v4,30.340381393695072,61.207
152097,reward,2,Walker2d-v4,2.696257983090059,58.486
152290,reward,2,Walker2d-v4,59.59652114473373,53.733
152426,reward,2,Walker2d-v4,61.70993915077125,54.385
152799,reward,2,Walker2d-v4,259.217458111029,80.091
152952,reward,2,Walker2d-v4,49.011644818754704,73.136
153004,reward,2,Walker2d-v4,28.008759328515325,69.06
153177,reward,2,Walker2d-v4,43.40878184792357,72.947
153325,reward,2,Walker2d-v4,251.4824621323779,80.147
153439,reward,2,Walker2d-v4,11.076719062524031,79.655
153699,reward,2,Walker2d-v4,81.16036337314578,84.737
153874,reward,2,Walker2d-v4,31.59716556282339,87.627
153995,reward,2,Walker2d-v4,-17.089835288975223,79.958
154230,reward,2,Walker2d-v4,266.6235380328708,100.45
154345,reward,2,Walker2d-v4,-30.51662330769088,71.476
154438,reward,2,Walker2d-v4,-0.3670222843702582,66.538
154580,reward,2,Walker2d-v4,59.256588759094065,69.663
154778,reward,2,Walker2d-v4,73.02798766008455,72.625
155041,reward,2,Walker2d-v4,45.74208202570727,52.051
155247,reward,2,Walker2d-v4,50.08775083740249,55.952
155401,reward,2,Walker2d-v4,-6.404298157048191,47.196
155629,reward,2,Walker2d-v4,312.8134789633944,75.317
155734,reward,2,Walker2d-v4,-11.680109087475117,75.858
155828,reward,2,Walker2d-v4,17.92708919352718,50.989
155998,reward,2,Walker2d-v4,189.05018699474311,72.945
156222,reward,2,Walker2d-v4,95.10160456469201,82.492
156386,reward,2,Walker2d-v4,266.50073612891373,103.217
156596,reward,2,Walker2d-v4,47.54703920699586,100.669
156753,reward,2,Walker2d-v4,-15.96109157673402,94.498
156894,reward,2,Walker2d-v4,33.53392597963461,92.843
157006,reward,2,Walker2d-v4,14.803935629937396,94.964
157160,reward,2,Walker2d-v4,-16.150020502708756,62.067
157310,reward,2,Walker2d-v4,27.088160338642442,65.944
157558,reward,2,Walker2d-v4,146.65615253511564,78.817
157703,reward,2,Walker2d-v4,16.65898442437794,61.578
157958,reward,2,Walker2d-v4,146.1771690838224,66.685
158109,reward,2,Walker2d-v4,4.278645709421207,40.463
158437,reward,2,Walker2d-v4,112.17621240067716,46.926
158572,reward,2,Walker2d-v4,89.19854236702427,57.442
158733,reward,2,Walker2d-v4,252.53715479144535,79.342
158907,reward,2,Walker2d-v4,26.424204464612476,80.505
159119,reward,2,Walker2d-v4,308.0322297463244,112.923
159208,reward,2,Walker2d-v4,134.832138518563,123.697
159383,reward,2,Walker2d-v4,47.80933934157321,113.812
159593,reward,2,Walker2d-v4,312.4431298665666,143.391
159725,reward,2,Walker2d-v4,8.218987065820006,129.595
159854,reward,2,Walker2d-v4,34.235184414294594,132.591
160000,eval,2,Walker2d-v4,Hopper-v4,62.879,0.207097,240.741
160000,eval,2,Walker2d-v4,Walker2d-v4,279.379,1.0,0.0
160000,phase_summary,2,Walker2d-v4,63.694,113.095,0.563187,49.401,2.15
160000,phase_start,3,Hopper-v4,80000
160039,reward,3,Hopper-v4,63.18707671119351,63.187
160076,reward,3,Hopper-v4,60.69420219991383,61.941
160116,reward,3,Hopper-v4,64.90343834898495,62.928
160158,reward,3,Hopper-v4,70.46097837746404,64.811
160194,reward,3,Hopper-v4,59.02911299078074,63.655
160237,reward,3,Hopper-v4,71.4800759877209,64.959
160278,reward,3,Hopper-v4,67.47731416803533,65.319
160315,reward,3,Hopper-v4,59.139006533961144,64.546
160353,reward,3,Hopper-v4,63.24362979135006,64.402
160394,reward,3,Hopper-v4,68.38338582635964,64.8
160431,reward,3,Hopper-v4,60.044267609970696,64.486
160474,reward,3,Hopper-v4,70.89722963807647,65.506
160512,reward,3,Hopper-v4,62.87274139363865,65.303
160549,reward,3,Hopper-v4,59.62104405216746,64.219
160591,reward,3,Hopper-v4,68.74573840793404,65.19
160631,reward,3,Hopper-v4,65.05925673290731,64.548
160669,reward,3,Hopper-v4,61.68467857979204,63.969
160711,reward,3,Hopper-v4,68.32404898002298,64.888
160747,reward,3,Hopper-v4,58.566186780919075,64.42
160793,reward,3,Hopper-v4,76.45691066217093,65.227
160832,reward,3,Hopper-v4,64.13434435166778,65.636
160870,reward,3,Hopper-v4,61.86070514321153,64.733
160909,reward,3,Hopper-v4,63.59981753992131,64.805
160945,reward,3,Hopper-v4,58.981999984845736,64.741
160985,reward,3,Hopper-v4,65.72941320405553,64.44
161024,reward,3,Hopper-v4,63.391935683624375,64.273
161063,reward,3,Hopper-v4,63.42110097417074,64.447
161099,reward,3,Hopper-v4,58.554016199971,63.47
161139,reward,3,Hopper-v4,65.21487608832595,64.135
161177,reward,3,Hopper-v4,61.122369048276944,62.601
161214,reward,3,Hopper-v4,60.30331659015552,62.218
161255,reward,3,Hopper-v4,66.98214813529681,62.73
161297,reward,3,Hopper-v4,69.93141734715131,63.363
161334,reward,3,Hopper-v4,59.84507874635611,63.45
161374,reward,3,Hopper-v4,64.87453518638077,63.364
161413,reward,3,Hopper-v4,63.70673454926655,63.396
161452,reward,3,Hopper-v4,64.16857766119746,63.47
161487,reward,3,Hopper-v4,56.17187876963971,63.232
161526,reward,3,Hopper-v4,65.17779306474006,63.228
161563,reward,3,Hopper-v4,59.07430898106141,63.024
161600,reward,3,Hopper-v4,60.45832208319588,63.039
161640,reward,3,Hopper-v4,66.80981840834345,63.022
161681,reward,3,Hopper-v4,66.79732891203894,62.708
161723,reward,3,Hopper-v4,68.46823190128971,63.571
161759,reward,3,Hopper-v4,58.658160587077674,62.949
161804,reward,3,Hopper-v4,73.78342201972247,63.957
161844,reward,3,Hopper-v4,65.13509576229094,64.053
161879,reward,3,Hopper-v4,55.537959898300976,63.99
161920,reward,3,Hopper-v4,68.37110684910014,64.309
161961,reward,3,Hopper-v4,67.44856139945225,65.147
162000,reward,3,Hopper-v4,63.111489415144085,65.412
162040,reward,3,Hopper-v4,66.03951488313454,65.335
162081,reward,3,Hopper-v4,67.16839900533753,65.372
162121,reward,3,Hopper-v4,66.60831563468591,65.186
162160,reward,3,Hopper-v4,63.658523374365146,65.686
162199,reward,3,Hopper-v4,64.5125399094256,64.759
162236,reward,3,Hopper-v4,60.6285352614544,64.308
162274,reward,3,Hopper-v4,61.36384836969539,64.891
162311,reward,3,Hopper-v4,60.917957201775295,64.146
162351,reward,3,Hopper-v4,65.39995995537646,63.941
162391,reward,3,Hopper-v4,65.31231422961389,64.161
162429,reward,3,Hopper-v4,62.88524566875704,63.846
162465,reward,3,Hopper-v4,58.42572158505687,62.971
162507,reward,3,Hopper-v4,69.87489590549212,63.298
162547,reward,3,Hopper-v4,64.68289932247382,63.4
162587,reward,3,Hopper-v4,65.83895831887219,63.533
162619,reward,3,Hopper-v4,51.970016854675286,62.667
162659,reward,3,Hopper-v4,64.77598062675095,63.008
162694,reward,3,Hopper-v4,57.675930527511106,62.684
162738,reward,3,Hopper-v4,74.13359018784217,63.558
162770,reward,3,Hopper-v4,53.07560153932314,62.334
162808,reward,3,Hopper-v4,62.351959709388815,62.281
162843,reward,3,Hopper-v4,57.42558700391064,62.181
162880,reward,3,Hopper-v4,60.20857056015468,61.214
162917,reward,3,Hopper-v4,60.12653591536063,60.758
162958,reward,3,Hopper-v4,67.41736459278646,60.916
162999,reward,3,Hopper-v4,67.72951335532103,62.492
163040,reward,3,Hopper-v4,68.24963673048998,62.839
163084,reward,3,Hopper-v4,74.26256306644683,64.498
163126,reward,3,Hopper-v4,68.50297391375918,63.935
163163,reward,3,Hopper-v4,59.84715630492171,64.612
163198,reward,3,Hopper-v4,57.13662727869547,64.091
163233,reward,3,Hopper-v4,56.53411458028184,64.002
163273,reward,3,Hopper-v4,65.85895263219331,64.567
163316,reward,3,Hopper-v4,71.63192343954395,65.717
163357,reward,3,Hopper-v4,68.87513028755855,65.863
163396,reward,3,Hopper-v4,63.85060600668571,65.475
163440,reward,3,Hopper-v4,71.48504977719946,65.799
163478,reward,3,Hopper-v4,61.87593056312465,64.56
163520,reward,3,Hopper-v4,69.71558010783554,64.681
163553,reward,3,Hopper-v4,53.898210241628895,64.086
163589,reward,3,Hopper-v4,58.21870873933126,64.194
163626,reward,3,Hopper-v4,59.34043754573434,64.475
163663,reward,3,Hopper-v4,60.350334299694985,63.924
163698,reward,3,Hopper-v4,57.619738526377475,62.523
163737,reward,3,Hopper-v4,63.52617984149606,61.988
163773,reward,3,Hopper-v4,58.32801727742114,61.436
163812,reward,3,Hopper-v4,63.31016664332993,60.618
163857,reward,3,Hopper-v4,77.1116556405311,62.142
163894,reward,3,Hopper-v4,60.77862171446067,61.248
163934,reward,3,Hopper-v4,66.02536851291661,62.461
163975,reward,3,Hopper-v4,67.34125453181265,63.373
164014,reward,3,Hopper-v4,63.90557951478309,63.83
164055,reward,3,Hopper-v4,67.79935501338872,64.575
164098,reward,3,Hopper-v4,67.92343084893552,65.605
164136,reward,3,Hopper-v4,61.39397580315247,65.392
164173,reward,3,Hopper-v4,61.244656587595635,65.683
164212,reward,3,Hopper-v4,64.45474555078818,65.798
164249,reward,3,Hopper-v4,60.1568829235823,64.102
164287,reward,3,Hopper-v4,61.36156837493151,64.161
164326,reward,3,Hopper-v4,64.10542153906631,63.969
164361,reward,3,Hopper-v4,57.155220033080795,62.95
164403,reward,3,Hopper-v4,68.43505501099521,63.403
164441,reward,3,Hopper-v4,61.80281753138288,62.803
164479,reward,3,Hopper-v4,61.357033029827996,62.147
164522,reward,3,Hopper-v4,70.19731734846974,63.027
164557,reward,3,Hopper-v4,57.44412568723662,62.647
164599,reward,3,Hopper-v4,69.0182558625203,63.103
164640,reward,3,Hopper-v4,66.4818605052658,63.736
164677,reward,3,Hopper-v4,60.06603991519314,63.606
164713,reward,3,Hopper-v4,58.45345829026632,63.041
164751,reward,3,Hopper-v4,61.77250316646272,63.503
164790,reward,3,Hopper-v4,63.784355533673,63.038
164829,reward,3,Hopper-v4,64.44011673318705,63.302
164867,reward,3,Hopper-v4,61.79703851959539,63.346
164906,reward,3,Hopper-v4,63.32374075767137,62.658
164944,reward,3,Hopper-v4,61.3589520444778,63.05
164981,reward,3,Hopper-v4,60.22899226837444,62.171
165019,reward,3,Hopper-v4,61.51336795862998,61.674
165053,reward,3,Hopper-v4,55.065017761726345,61.174
165090,reward,3,Hopper-v4,60.544593335525825,61.383
165123,reward,3,Hopper-v4,53.80217539585725,60.586
165160,reward,3,Hopper-v4,60.06316906672839,60.214
165200,reward,3,Hopper-v4,64.38882444324929,60.209
165238,reward,3,Hopper-v4,62.24366545861085,60.253
165276,reward,3,Hopper-v4,61.637769201644424,60.085
165316,reward,3,Hopper-v4,65.57401110669531,60.506
165356,reward,3,Hopper-v4,63.66290596555913,60.85
165396,reward,3,Hopper-v4,64.559124677756,61.154
165433,reward,3,Hopper-v4,60.434523828876564,61.691
165470,reward,3,Hopper-v4,59.898935147835964,61.627
165508,reward,3,Hopper-v4,62.22032880734809,62.468
165545,reward,3,Hopper-v4,60.20730745711071,62.483
165582,reward,3,Hopper-v4,60.426448412539855,62.087
165616,reward,3,Hopper-v4,55.013219043446995,61.363
165656,reward,3,Hopper-v4,67.39346996562324,61.939
165695,reward,3,Hopper-v4,63.40302777353507,61.722
165734,reward,3,Hopper-v4,63.76680904286462,61.732
165768,reward,3,Hopper-v4,55.32264244986158,60.809
165805,reward,3,Hopper-v4,60.30361534876937,60.796
165847,reward,3,Hopper-v4,68.56775720425895,61.662
165881,reward,3,Hopper-v4,55.7791374872402,61.018
165919,reward,3,Hopper-v4,61.099310734384666,61.108
165957,reward,3,Hopper-v4,61.04417387342177,61.169
165998,reward,3,Hopper-v4,67.38717857760643,62.407
166035,reward,3,Hopper-v4,60.312079643374496,61.699
166075,reward,3,Hopper-v4,65.26312752912514,61.885
166112,reward,3,Hopper-v4,60.42308526469737,61.55
166152,reward,3,Hopper-v4,64.97034529824768,62.515
166191,reward,3,Hopper-v4,63.70174176375771,62.855
166226,reward,3,Hopper-v4,56.64351689509192,61.662
166265,reward,3,Hopper-v4,64.32706234535141,62.517
166305,reward,3,Hopper-v4,65.565081541098,62.964
166346,reward,3,Hopper-v4,66.63317249310644,63.523
166385,reward,3,Hopper-v4,63.52778734460772,63.137
166423,reward,3,Hopper-v4,62.98838334897023,63.404
166464,reward,3,Hopper-v4,67.49302820666632,63.627
166506,reward,3,Hopper-v4,67.19416098733483,64.304
166542,reward,3,Hopper-v4,58.34461307553031,63.642
166579,reward,3,Hopper-v4,60.56060379101212,63.328
166617,reward,3,Hopper-v4,62.03727971351306,63.867
166655,reward,3,Hopper-v4,62.17021845856236,63.651
166691,reward,3,Hopper-v4,59.41273010148928,63.036
166731,reward,3,Hopper-v4,65.20349459365508,62.893
166772,reward,3,Hopper-v4,66.66269052183365,63.207
166812,reward,3,Hopper-v4,65.56501105030789,63.464
166849,reward,3,Hopper-v4,60.5714462289929,62.772
166886,reward,3,Hopper-v4,59.96629936320123,62.049
166926,reward,3,Hopper-v4,65.58371921294368,62.773
166962,reward,3,Hopper-v4,59.16568188763772,62.634
166997,reward,3,Hopper-v4,56.94610415434489,62.125
167036,reward,3,Hopper-v4,63.63944584173227,62.272
167074,reward,3,Hopper-v4,61.67315433465632,62.498
167114,reward,3,Hopper-v4,66.34409971315564,62.612
167146,reward,3,Hopper-v4,52.079383184407284,61.153
167184,reward,3,Hopper-v4,61.649436505348184,60.762
167220,reward,3,Hopper-v4,58.224519579932426,60.527
167263,reward,3,Hopper-v4,71.46875366991893,61.677
167300,reward,3,Hopper-v4,60.67456578738858,61.187
167340,reward,3,Hopper-v4,65.30160899856587,61.8
167378,reward,3,Hopper-v4,62.84941198500913,62.39
167418,reward,3,Hopper-v4,64.70379654972467,62.497
167457,reward,3,Hopper-v4,64.17937180488494,62.747
167495,reward,3,Hopper-v4,61.66586921482703,62.28
167534,reward,3,Hopper-v4,63.69550564034015,63.441
167578,reward,3,Hopper-v4,72.20774211170003,64.497
167617,reward,3,Hopper-v4,63.715185679383595,65.046
167656,reward,3,Hopper-v4,63.64131267784174,64.263
167697,reward,3,Hopper-v4,67.17505534203598,64.913
167736,reward,3,Hopper-v4,63.41464239346824,64.725
167775,reward,3,Hopper-v4,63.550073282294875,64.795
167815,reward,3,Hopper-v4,66.75212905763263,65.0
167849,reward,3,Hopper-v4,55.799060542961314,64.162
167889,reward,3,Hopper-v4,65.4129389362693,64.536
167927,reward,3,Hopper-v4,60.928438866073826,64.26
167966,reward,3,Hopper-v4,63.22759626669375,63.362
168005,reward,3,Hopper-v4,63.359045702861216,63.326
168042,reward,3,Hopper-v4,60.806671172650994,63.043
168086,reward,3,Hopper-v4,71.97222183785514,63.522
168126,reward,3,Hopper-v4,64.42050428303766,63.623
168171,reward,3,Hopper-v4,69.97698164627819,64.266
168205,reward,3,Hopper-v4,55.408762866071946,63.131
168242,reward,3,Hopper-v4,60.26890245845236,63.578
168284,reward,3,Hopper-v4,69.25171432224018,63.962
168325,reward,3,Hopper-v4,66.05450029383906,64.475
168365,reward,3,Hopper-v4,66.07450871012972,64.759
168400,reward,3,Hopper-v4,57.25097871289961,64.149
168438,reward,3,Hopper-v4,61.84840613439115,64.253
168484,reward,3,Hopper-v4,79.59507859724204,65.015
168525,reward,3,Hopper-v4,67.01556014968875,65.275
168563,reward,3,Hopper-v4,61.93087942491603,64.47
168598,reward,3,Hopper-v4,56.928664606480126,64.622
168643,reward,3,Hopper-v4,75.44169953132882,66.139
168684,reward,3,Hopper-v4,66.72514284355657,65.887
168720,reward,3,Hopper-v4,58.78560818516451,65.16
168758,reward,3,Hopper-v4,62.08365904700676,64.761
168800,reward,3,Hopper-v4,68.91567273806557,65.927
168836,reward,3,Hopper-v4,58.34727206518031,65.577
168874,reward,3,Hopper-v4,61.5026080776814,63.768
168912,reward,3,Hopper-v4,61.791282610458005,63.245
168952,reward,3,Hopper-v4,64.77321412103385,63.529
168992,reward,3,Hopper-v4,65.36910477983548,64.374
169031,reward,3,Hopper-v4,64.02480522421645,63.232
169068,reward,3,Hopper-v4,60.61684742323302,62.621
169110,reward,3,Hopper-v4,68.62449259864974,63.605
169150,reward,3,Hopper-v4,65.57885958855974,63.954
169188,reward,3,Hopper-v4,62.33129138170503,63.296
169226,reward,3,Hopper-v4,61.87414357526725,63.649
169267,reward,3,Hopper-v4,67.07398784098677,64.206
169306,reward,3,Hopper-v4,64.03350667834317,64.43
169343,reward,3,Hopper-v4,60.23207877646922,63.976
169386,reward,3,Hopper-v4,70.00877690155673,64.44
169429,reward,3,Hopper-v4,72.05997548507342,65.243
169469,reward,3,Hopper-v4,65.64184261089541,65.746
169503,reward,3,Hopper-v4,55.83278743775384,64.467
169542,reward,3,Hopper-v4,63.20186197791119,64.229
169582,reward,3,Hopper-v4,65.08304090752152,64.504
169621,reward,3,Hopper-v4,63.62939541901138,64.68
169662,reward,3,Hopper-v4,66.33431208806863,64.606
169702,reward,3,Hopper-v4,64.8833078628143,64.691
169741,reward,3,Hopper-v4,63.92727235673449,65.06
169778,reward,3,Hopper-v4,59.94916984615622,64.054
169817,reward,3,Hopper-v4,63.60570575063998,63.209
169863,reward,3,Hopper-v4,71.7584508846567,63.821
169903,reward,3,Hopper-v4,64.4238415624727,64.68
169943,reward,3,Hopper-v4,65.61105024662162,64.921
169984,reward,3,Hopper-v4,66.83181076513023,65.095
170000,eval,3,Hopper-v4,Hopper-v4,63.165,0.20804,240.455
170000,eval,3,Hopper-v4,Walker2d-v4,262.798,0.940651,16.581
170021,reward,3,Hopper-v4,59.884589106090985,64.721
170062,reward,3,Hopper-v4,66.99750025567849,64.787
170100,reward,3,Hopper-v4,62.29600675489425,64.529
170141,reward,3,Hopper-v4,66.79312659918406,64.815
170180,reward,3,Hopper-v4,62.48155024563631,65.068
170222,reward,3,Hopper-v4,71.39693603340115,65.847
170256,reward,3,Hopper-v4,54.7403840131783,64.146
170295,reward,3,Hopper-v4,63.41188710657632,64.044
170338,reward,3,Hopper-v4,72.97489366842932,64.781
170380,reward,3,Hopper-v4,68.56117315332064,64.954
170424,reward,3,Hopper-v4,72.52833366633425,66.218
170465,reward,3,Hopper-v4,66.4954432940598,66.168
170504,reward,3,Hopper-v4,64.05082288202142,66.343
170541,reward,3,Hopper-v4,60.2829225536657,65.692
170578,reward,3,Hopper-v4,60.439535688477605,65.488
170611,reward,3,Hopper-v4,53.29519544938823,63.678
170649,reward,3,Hopper-v4,61.84000092441283,64.388
170688,reward,3,Hopper-v4,63.52711963398559,64.4
170727,reward,3,Hopper-v4,63.522811842466545,63.454
170767,reward,3,Hopper-v4,64.53014092484096,63.051
170808,reward,3,Hopper-v4,67.29024853172426,62.527
170846,reward,3,Hopper-v4,61.74223094470604,62.052
170885,reward,3,Hopper-v4,63.538021247087684,62.001
170922,reward,3,Hopper-v4,60.51324798762857,62.024
170960,reward,3,Hopper-v4,62.11292506234622,62.191
170996,reward,3,Hopper-v4,58.18668981107041,62.68
171039,reward,3,Hopper-v4,70.50475391338,63.547
171077,reward,3,Hopper-v4,62.63397953811579,63.458
171116,reward,3,Hopper-v4,63.26843556309494,63.432
171160,reward,3,Hopper-v4,71.62383133095999,64.141
171196,reward,3,Hopper-v4,59.059383244904616,63.318
171237,reward,3,Hopper-v4,67.31981598066992,63.876
171278,reward,3,Hopper-v4,66.64914970735879,64.187
171318,reward,3,Hopper-v4,65.01549679295867,64.637
171358,reward,3,Hopper-v4,66.80252382053722,65.106
171392,reward,3,Hopper-v4,54.90740883875551,64.778
171427,reward,3,Hopper-v4,55.895683635553056,63.318
171469,reward,3,Hopper-v4,68.78153028779883,63.932
171509,reward,3,Hopper-v4,65.4772794862985,64.153
171552,reward,3,Hopper-v4,70.60592712091427,64.051
171593,reward,3,Hopper-v4,67.27807769954399,64.873
171633,reward,3,Hopper-v4,64.97644165323186,64.639
171673,reward,3,Hopper-v4,64.03062608301819,64.377
171716,reward,3,Hopper-v4,71.1863654685762,64.994
171752,reward,3,Hopper-v4,58.50290863942172,64.164
171793,reward,3,Hopper-v4,67.15418016349057,65.389
171829,reward,3,Hopper-v4,58.775321837408725,65.677
171865,reward,3,Hopper-v4,58.123105876148415,64.611
171905,reward,3,Hopper-v4,66.47985662344598,64.711
171944,reward,3,Hopper-v4,63.44750697994389,63.995
171980,reward,3,Hopper-v4,58.906122766480266,63.158
172016,reward,3,Hopper-v4,58.467673513253025,62.507
172051,reward,3,Hopper-v4,58.33743427022302,61.938
172092,reward,3,Hopper-v4,66.53013390422872,61.472
172131,reward,3,Hopper-v4,63.60105943767121,61.982
172169,reward,3,Hopper-v4,62.932611336737224,61.56
172208,reward,3,Hopper-v4,63.17342599618657,62.0
172250,reward,3,Hopper-v4,69.04039529792061,63.092
172288,reward,3,Hopper-v4,61.40536001119161,62.584
172328,reward,3,Hopper-v4,65.4934156218872,62.789
172369,reward,3,Hopper-v4,68.5483324703975,63.753
172413,reward,3,Hopper-v4,72.74358534445449,65.181
172455,reward,3,Hopper-v4,68.92171114784901,66.239
172491,reward,3,Hopper-v4,58.80247442378306,65.466
172530,reward,3,Hopper-v4,63.294916181443114,65.436
172572,reward,3,Hopper-v4,68.38150610058537,65.981
172616,reward,3,Hopper-v4,71.7598392603458,66.839
172657,reward,3,Hopper-v4,66.21959699642325,66.557
172694,reward,3,Hopper-v4,59.94502572545012,66.411
172735,reward,3,Hopper-v4,68.88095928353597,66.75
172776,reward,3,Hopper-v4,66.82451600648875,66.577
172818,reward,3,Hopper-v4,68.71762668518988,66.175
172858,reward,3,Hopper-v4,65.32794033129282,65.815
172893,reward,3,Hopper-v4,56.466147793707236,65.582
172930,reward,3,Hopper-v4,59.59711489683906,65.212
172970,reward,3,Hopper-v4,64.58125387636599,64.832
173008,reward,3,Hopper-v4,62.585150113383875,63.915
173047,reward,3,Hopper-v4,63.35474309843852,63.628
173091,reward,3,Hopper-v4,72.24442556887394,64.858
173134,reward,3,Hopper-v4,70.16389350360603,64.986
173175,reward,3,Hopper-v4,67.16133963870547,65.02
173215,reward,3,Hopper-v4,64.96676778512956,64.645
173254,reward,3,Hopper-v4,62.965775372590784,64.409
173292,reward,3,Hopper-v4,61.215211421334374,64.884
173334,reward,3,Hopper-v4,68.96136311951551,65.82
173378,reward,3,Hopper-v4,73.06188975735563,66.668
173418,reward,3,Hopper-v4,64.66055949494725,66.876
173456,reward,3,Hopper-v4,62.41954538600399,66.782
173496,reward,3,Hopper-v4,67.2201953011337,66.28
173535,reward,3,Hopper-v4,62.12754407340527,65.476
173574,reward,3,Hopper-v4,63.58983393399172,65.119
173614,reward,3,Hopper-v4,65.60509979906865,65.183
173650,reward,3,Hopper-v4,58.83522614853456,64.77
173690,reward,3,Hopper-v4,65.47896536131053,65.196
173733,reward,3,Hopper-v4,71.17009529467708,65.417
173772,reward,3,Hopper-v4,63.48161128267094,64.459
173812,reward,3,Hopper-v4,65.08159319282606,64.501
173851,reward,3,Hopper-v4,63.4438843659417,64.603
173890,reward,3,Hopper-v4,64.35065524242881,64.316
173929,reward,3,Hopper-v4,63.489137274898106,64.453
173967,reward,3,Hopper-v4,62.13050162314205,64.307
174011,reward,3,Hopper-v4,73.44916483011592,65.091
174051,reward,3,Hopper-v4,64.58093895304137,65.666
174089,reward,3,Hopper-v4,61.154210606975404,65.233
174128,reward,3,Hopper-v4,63.53716805729535,64.47
174165,reward,3,Hopper-v4,60.1112887618565,64.133
174207,reward,3,Hopper-v4,70.44198575374597,64.669
174248,reward,3,Hopper-v4,67.71351417135494,65.096
174287,reward,3,Hopper-v4,64.66245061020165,65.127
174326,reward,3,Hopper-v4,64.04201750924052,65.182
174365,reward,3,Hopper-v4,63.4224802191451,65.312
174401,reward,3,Hopper-v4,57.59352084199657,63.726
174442,reward,3,Hopper-v4,66.32981501057137,63.901
174479,reward,3,Hopper-v4,60.14894146393607,63.8
174513,reward,3,Hopper-v4,54.943054396004705,62.941
174553,reward,3,Hopper-v4,65.47411113600822,63.477
174597,reward,3,Hopper-v4,74.78069534088822,63.911
174639,reward,3,Hopper-v4,68.5679109554202,63.996
174678,reward,3,Hopper-v4,63.61139017765412,63.891
174719,reward,3,Hopper-v4,67.00043841579891,64.187
174760,reward,3,Hopper-v4,68.51344791167529,64.696
174797,reward,3,Hopper-v4,60.53587515912238,64.991
174839,reward,3,Hopper-v4,69.10148514881467,65.268
174877,reward,3,Hopper-v4,61.85053609286913,65.438
174914,reward,3,Hopper-v4,60.01749355530689,65.945
174957,reward,3,Hopper-v4,71.94741503683966,66.593
174998,reward,3,Hopper-v4,67.09102601151264,65.824
175037,reward,3,Hopper-v4,63.83610498320016,65.351
175085,reward,3,Hopper-v4,84.24755019131163,67.414
175124,reward,3,Hopper-v4,62.374932582936836,66.952
175173,reward,3,Hopper-v4,84.67186233628163,68.567
175215,reward,3,Hopper-v4,68.6022892077021,69.374
175258,reward,3,Hopper-v4,70.54861773692215,69.519
175296,reward,3,Hopper-v4,60.99760497703556,69.433
175334,reward,3,Hopper-v4,61.92115139876716,69.624
175369,reward,3,Hopper-v4,57.57904890850574,68.187
175409,reward,3,Hopper-v4,65.77650229068502,68.056
175453,reward,3,Hopper-v4,74.90155087659217,69.162
175493,reward,3,Hopper-v4,65.29271100998245,67.267
175539,reward,3,Hopper-v4,76.27214243688391,68.656
175578,reward,3,Hopper-v4,63.265007403514396,66.516
175617,reward,3,Hopper-v4,63.5952649770895,66.015
175658,reward,3,Hopper-v4,66.54999237524822,65.615
175701,reward,3,Hopper-v4,70.37231641065497,66.553
175742,reward,3,Hopper-v4,66.59597853370435,67.02
175780,reward,3,Hopper-v4,61.83137617340982,67.445
175820,reward,3,Hopper-v4,65.2533146158647,67.393
175858,reward,3,Hopper-v4,61.25628629514174,66.028
175900,reward,3,Hopper-v4,68.52547933442877,66.352
175938,reward,3,Hopper-v4,60.96198589745071,64.821
175969,reward,3,Hopper-v4,51.014717573356556,63.596
176010,reward,3,Hopper-v4,66.09073452105284,63.845
176051,reward,3,Hopper-v4,66.13410983647147,63.804
176093,reward,3,Hopper-v4,69.269007873436,63.693
176130,reward,3,Hopper-v4,60.42136605753779,63.076
176169,reward,3,Hopper-v4,63.696647282928815,63.262
176208,reward,3,Hopper-v4,63.08130256130523,63.045
176251,reward,3,Hopper-v4,70.92350057904318,64.012
176291,reward,3,Hopper-v4,64.81388409639159,63.641
176327,reward,3,Hopper-v4,58.48808337139992,63.393
176368,reward,3,Hopper-v4,67.402275265186,65.032
176405,reward,3,Hopper-v4,59.085207775511066,64.332
176449,reward,3,Hopper-v4,71.52085729483521,64.87
176487,reward,3,Hopper-v4,61.85833249154797,64.129
176522,reward,3,Hopper-v4,57.62751312686199,63.85
176561,reward,3,Hopper-v4,62.720638275998084,63.752
176599,reward,3,Hopper-v4,62.23235690032645,63.667
176639,reward,3,Hopper-v4,64.54676226930101,63.03
176681,reward,3,Hopper-v4,68.92273449861833,63.44
176720,reward,3,Hopper-v4,63.92331214999004,63.984
176760,reward,3,Hopper-v4,65.5883755252691,63.803
176803,reward,3,Hopper-v4,69.9054232763357,64.885
176845,reward,3,Hopper-v4,68.63598570309841,64.596
176884,reward,3,Hopper-v4,63.65016412293673,64.775
176926,reward,3,Hopper-v4,70.23232048644867,66.036
176966,reward,3,Hopper-v4,65.02142064290649,66.266
177008,reward,3,Hopper-v4,69.65151669481992,67.008
177048,reward,3,Hopper-v4,65.11970590965292,67.065
177090,reward,3,Hopper-v4,68.46124779102678,67.019
177131,reward,3,Hopper-v4,67.0422717951944,67.331
177172,reward,3,Hopper-v4,66.70511993627227,67.443
177217,reward,3,Hopper-v4,75.23020373096416,67.975
177252,reward,3,Hopper-v4,56.22580062369518,66.734
177290,reward,3,Hopper-v4,61.68174231201686,66.537
177331,reward,3,Hopper-v4,68.7124696123464,66.385
177375,reward,3,Hopper-v4,72.14036837138872,67.097
177414,reward,3,Hopper-v4,63.25752592814357,66.458
177455,reward,3,Hopper-v4,66.79460574817232,66.625
177494,reward,3,Hopper-v4,63.28385767690238,66.107
177535,reward,3,Hopper-v4,66.84653297552637,66.088
177578,reward,3,Hopper-v4,70.99057809352523,66.516
177616,reward,3,Hopper-v4,61.93296976288627,65.187
177655,reward,3,Hopper-v4,64.01448337657973,65.966
177695,reward,3,Hopper-v4,65.81147534685438,66.378
177735,reward,3,Hopper-v4,65.49375202241755,66.057
177779,reward,3,Hopper-v4,70.85526033405252,65.928
177820,reward,3,Hopper-v4,67.31688092163341,66.334
177871,reward,3,Hopper-v4,89.47842458938119,68.602
177910,reward,3,Hopper-v4,64.04167725433386,68.678
177952,reward,3,Hopper-v4,68.95042737551165,68.889
177991,reward,3,Hopper-v4,62.817880179656335,68.071
178030,reward,3,Hopper-v4,64.20655022231296,68.299
178070,reward,3,Hopper-v4,65.11126970670811,68.408
178113,reward,3,Hopper-v4,70.20375033840395,68.848
178156,reward,3,Hopper-v4,70.54211070554031,69.352
178194,reward,3,Hopper-v4,61.8199616917418,68.449
178233,reward,3,Hopper-v4,63.32849884738181,68.05
178277,reward,3,Hopper-v4,72.15450585867174,66.318
178319,reward,3,Hopper-v4,69.20775773131223,66.834
178356,reward,3,Hopper-v4,60.11570225163162,65.951
178396,reward,3,Hopper-v4,64.98441115657053,66.167
178435,reward,3,Hopper-v4,63.58218960299492,66.105
178476,reward,3,Hopper-v4,66.37788625019569,66.232
178518,reward,3,Hopper-v4,68.71969052236105,66.083
178558,reward,3,Hopper-v4,65.54506398347537,65.584
178599,reward,3,Hopper-v4,67.33503730814947,66.135
178638,reward,3,Hopper-v4,63.37851336579475,66.14
178676,reward,3,Hopper-v4,61.099293720272335,65.035
178718,reward,3,Hopper-v4,68.94297876949204,65.008
178762,reward,3,Hopper-v4,71.7537983537091,66.172
178800,reward,3,Hopper-v4,61.257854027359436,65.799
178839,reward,3,Hopper-v4,63.88059130218302,65.829
178877,reward,3,Hopper-v4,61.118679693554355,65.303
178918,reward,3,Hopper-v4,67.45498297104285,65.177
178957,reward,3,Hopper-v4,63.73975961824709,64.996
179002,reward,3,Hopper-v4,75.93732544318455,65.856
179042,reward,3,Hopper-v4,65.41548794010984,66.06
179081,reward,3,Hopper-v4,63.76336633861762,66.326
179126,reward,3,Hopper-v4,75.88471174230263,67.021
179165,reward,3,Hopper-v4,63.48347882920585,66.194
179207,reward,3,Hopper-v4,68.83917081973783,66.952
179248,reward,3,Hopper-v4,66.66837121809671,67.231
179289,reward,3,Hopper-v4,66.99993625826335,67.819
179327,reward,3,Hopper-v4,61.71331221116582,67.244
179375,reward,3,Hopper-v4,80.08295556036329,68.879
179415,reward,3,Hopper-v4,65.85425630260875,67.871
179455,reward,3,Hopper-v4,65.00720251588758,67.83
179492,reward,3,Hopper-v4,60.43345887830148,67.497
179533,reward,3,Hopper-v4,66.90606559627595,66.599
179573,reward,3,Hopper-v4,64.76265610016893,66.727
179612,reward,3,Hopper-v4,63.73194039820808,66.216
179650,reward,3,Hopper-v4,61.222881164724,65.671
179689,reward,3,Hopper-v4,63.04010264688963,65.275
179729,reward,3,Hopper-v4,65.20928791808079,65.625
179769,reward,3,Hopper-v4,65.67869603474973,64.185
179808,reward,3,Hopper-v4,63.62163111760107,63.961
179847,reward,3,Hopper-v4,62.403050429339864,63.701
179888,reward,3,Hopper-v4,66.9915785981436,64.357
179926,reward,3,Hopper-v4,61.721725579220575,63.838
179963,reward,3,Hopper-v4,60.09359879166636,63.371
180000,eval,3,Hopper-v4,Hopper-v4,64.819,0.213489,238.8
180000,eval,3,Hopper-v4,Walker2d-v4,259.535,0.928973,19.843
180005,reward,3,Hopper-v4,68.99930966622644,63.898
180047,reward,3,Hopper-v4,68.56190410799152,64.632
180088,reward,3,Hopper-v4,66.40680751125792,64.969
180127,reward,3,Hopper-v4,63.102468592487114,64.758
180167,reward,3,Hopper-v4,65.1357959994325,64.704
180209,reward,3,Hopper-v4,68.56981016572966,65.199
180247,reward,3,Hopper-v4,61.82687980897402,65.141
180288,reward,3,Hopper-v4,66.83891352266544,65.126
180330,reward,3,Hopper-v4,68.0319647767176,65.757
180373,reward,3,Hopper-v4,70.07711059910059,66.755
180414,reward,3,Hopper-v4,67.30554951821355,66.586
180454,reward,3,Hopper-v4,65.0796845458576,66.237
180491,reward,3,Hopper-v4,59.82215053609984,65.579
180531,reward,3,Hopper-v4,64.84838885751903,65.754
180569,reward,3,Hopper-v4,61.66023939518922,65.406
180609,reward,3,Hopper-v4,65.55771993771488,65.105
180651,reward,3,Hopper-v4,68.50249216154705,65.772
180694,reward,3,Hopper-v4,71.16617262897128,66.205
180735,reward,3,Hopper-v4,66.67399855024787,66.069
180776,reward,3,Hopper-v4,67.59466552570582,65.821
180815,reward,3,Hopper-v4,63.994549374924574,65.49
180855,reward,3,Hopper-v4,65.53268220109918,65.535
180898,reward,3,Hopper-v4,71.13122049561082,66.666
180938,reward,3,Hopper-v4,65.12094713124273,66.693
180977,reward,3,Hopper-v4,63.30435329970929,66.858
181017,reward,3,Hopper-v4,65.39235571384967,66.841
181056,reward,3,Hopper-v4,63.13032343695325,66.304
181096,reward,3,Hopper-v4,65.3192727434777,65.719
181136,reward,3,Hopper-v4,64.97197215043526,65.549
181176,reward,3,Hopper-v4,65.12485155529843,65.302
181217,reward,3,Hopper-v4,67.24337061252193,65.627
181256,reward,3,Hopper-v4,63.283192496437174,65.402
181296,reward,3,Hopper-v4,65.1517535945217,64.804
181333,reward,3,Hopper-v4,59.55365904932583,64.248
181375,reward,3,Hopper-v4,68.90616571805604,64.808
181417,reward,3,Hopper-v4,68.2656398033758,65.095
181458,reward,3,Hopper-v4,66.56169122303204,65.438
181500,reward,3,Hopper-v4,68.56227251418878,65.762
181553,reward,3,Hopper-v4,77.52619659039313,67.018
181593,reward,3,Hopper-v4,65.00903585558842,67.006
181637,reward,3,Hopper-v4,73.36413035605881,67.618
181680,reward,3,Hopper-v4,69.86706666564692,68.277
181717,reward,3,Hopper-v4,59.89667824779251,67.751
181757,reward,3,Hopper-v4,64.75866235953156,68.272
181798,reward,3,Hopper-v4,66.81152660559944,68.062
181840,reward,3,Hopper-v4,68.50874190349512,68.087
181879,reward,3,Hopper-v4,62.96777598252699,67.727
181919,reward,3,Hopper-v4,64.86638155864104,67.358
181959,reward,3,Hopper-v4,64.23376238028592,66.028
182002,reward,3,Hopper-v4,70.32365490528069,66.56
182050,reward,3,Hopper-v4,80.46440749999206,67.27
182090,reward,3,Hopper-v4,65.0604728815114,66.789
182130,reward,3,Hopper-v4,65.47065476447388,67.347
182174,reward,3,Hopper-v4,72.35871822980616,68.107
182210,reward,3,Hopper-v4,57.86465646281745,67.212
182250,reward,3,Hopper-v4,65.13458182233967,66.875
182290,reward,3,Hopper-v4,65.75387500161345,67.153
182330,reward,3,Hopper-v4,64.85633923807137,67.152
182369,reward,3,Hopper-v4,63.63600377197644,67.092
182419,reward,3,Hopper-v4,90.32509628559572,69.092
182458,reward,3,Hopper-v4,62.78690010406241,67.325
182503,reward,3,Hopper-v4,75.99396279151063,68.418
182543,reward,3,Hopper-v4,65.42742602055615,68.414
182586,reward,3,Hopper-v4,70.82485396619512,68.26
182628,reward,3,Hopper-v4,68.30231306818753,69.304
182673,reward,3,Hopper-v4,71.33401221437244,69.924
182714,reward,3,Hopper-v4,66.80133869311118,70.029
182755,reward,3,Hopper-v4,66.38171216490603,70.181
182793,reward,3,Hopper-v4,61.520171503166466,69.97
182835,reward,3,Hopper-v4,68.00307219003282,67.738
182874,reward,3,Hopper-v4,63.257956473723866,67.785
182923,reward,3,Hopper-v4,80.34470293518152,68.22
182961,reward,3,Hopper-v4,62.20317530654044,67.897
182998,reward,3,Hopper-v4,60.16950018997666,66.832
183037,reward,3,Hopper-v4,62.94829258061205,66.296
183079,reward,3,Hopper-v4,68.95422853369449,66.058
183118,reward,3,Hopper-v4,62.75903393220332,65.654
183159,reward,3,Hopper-v4,66.7421432343713,65.69
183197,reward,3,Hopper-v4,62.03575797272219,65.742
183237,reward,3,Hopper-v4,65.07454988627958,65.449
183280,reward,3,Hopper-v4,70.12872528080206,66.136
183320,reward,3,Hopper-v4,64.70234562685759,64.572
183361,reward,3,Hopper-v4,66.73582726237403,65.025
183400,reward,3,Hopper-v4,63.25398109464123,65.333
183446,reward,3,Hopper-v4,77.0095026012336,66.74
183485,reward,3,Hopper-v4,63.075358562337975,66.152
183522,reward,3,Hopper-v4,59.728515080416166,65.849
183562,reward,3,Hopper-v4,65.22004752334504,65.696
183600,reward,3,Hopper-v4,61.98118179947168,65.691
183640,reward,3,Hopper-v4,66.63365946628538,65.847
183684,reward,3,Hopper-v4,72.12508394680167,66.047
183726,reward,3,Hopper-v4,69.77338123372817,66.554
183766,reward,3,Hopper-v4,65.01767950368877,66.382
183809,reward,3,Hopper-v4,70.20792102723455,67.077
183848,reward,3,Hopper-v4,64.34095378437468,65.81
183887,reward,3,Hopper-v4,61.85272245497418,65.688
183926,reward,3,Hopper-v4,63.40097580647627,66.055
183968,reward,3,Hopper-v4,68.02966824615461,66.336
184019,reward,3,Hopper-v4,76.04817466293667,67.743
184061,reward,3,Hopper-v4,68.65714592820314,67.945
184104,reward,3,Hopper-v4,69.94939312056107,67.728
184145,reward,3,Hopper-v4,67.18462814191,67.469
184185,reward,3,Hopper-v4,64.49453548326773,67.417
184226,reward,3,Hopper-v4,66.9956674456356,67.095
184265,reward,3,Hopper-v4,61.80484930501997,66.842
184301,reward,3,Hopper-v4,58.27127658633102,66.484
184342,reward,3,Hopper-v4,67.03575285873767,66.847
184381,reward,3,Hopper-v4,63.34022322919239,66.378
184423,reward,3,Hopper-v4,68.73785000864065,65.647
184465,reward,3,Hopper-v4,69.8672839025133,65.768
184505,reward,3,Hopper-v4,65.18335134004283,65.292
184547,reward,3,Hopper-v4,69.46776917894935,65.52
184587,reward,3,Hopper-v4,65.02037811191079,65.572
184634,reward,3,Hopper-v4,79.5136424379348,66.824
184672,reward,3,Hopper-v4,61.739176873249896,66.818
184715,reward,3,Hopper-v4,69.18445360051307,67.909
184756,reward,3,Hopper-v4,66.79324958305308,67.885
184796,reward,3,Hopper-v4,65.52072212182665,68.103
184838,reward,3,Hopper-v4,69.65488414970535,68.194
184879,reward,3,Hopper-v4,67.19201100240552,67.927
184917,reward,3,Hopper-v4,61.70082572362971,67.579
184960,reward,3,Hopper-v4,71.27319125840847,67.759
184999,reward,3,Hopper-v4,64.1394608621928,67.671
185043,reward,3,Hopper-v4,72.07065918260156,66.927
185083,reward,3,Hopper-v4,63.72152502129641,67.125
185121,reward,3,Hopper-v4,61.968538086935546,66.404
185164,reward,3,Hopper-v4,70.87189285873276,66.811
185207,reward,3,Hopper-v4,70.53105176694731,67.312
185244,reward,3,Hopper-v4,60.2235179773696,66.369
185288,reward,3,Hopper-v4,71.38124624693582,66.788
185332,reward,3,Hopper-v4,73.3678672682498,67.955
185372,reward,3,Hopper-v4,65.70551879771754,67.398
185413,reward,3,Hopper-v4,66.347019008947,67.619
185446,reward,3,Hopper-v4,53.696186316874986,65.781
185485,reward,3,Hopper-v4,62.983278649089,65.708
185530,reward,3,Hopper-v4,76.23849285173651,67.135
185571,reward,3,Hopper-v4,67.07839746965162,66.755
185615,reward,3,Hopper-v4,71.50379446240012,66.853
185655,reward,3,Hopper-v4,65.39751108155157,67.37
185698,reward,3,Hopper-v4,70.71712292156728,67.304
185740,reward,3,Hopper-v4,68.33653581650105,66.8
185780,reward,3,Hopper-v4,65.83425832390586,66.813
185820,reward,3,Hopper-v4,65.2885101943696,66.707
185862,reward,3,Hopper-v4,70.25804503953488,68.364
185903,reward,3,Hopper-v4,66.64542777056735,68.73
185944,reward,3,Hopper-v4,66.87721251626131,67.794
185986,reward,3,Hopper-v4,69.59233735323062,68.045
186025,reward,3,Hopper-v4,63.67055825230866,67.262
186066,reward,3,Hopper-v4,66.9979338315688,67.422
186115,reward,3,Hopper-v4,85.36094380980842,68.886
186154,reward,3,Hopper-v4,63.503575295772016,68.403
186194,reward,3,Hopper-v4,65.81988394907226,68.401
186234,reward,3,Hopper-v4,64.5912595989975,68.332
186276,reward,3,Hopper-v4,69.27135722845843,68.233
186315,reward,3,Hopper-v4,64.0078211450251,67.969
186357,reward,3,Hopper-v4,68.44799449169614,68.126
186396,reward,3,Hopper-v4,62.99929940098057,67.467
186435,reward,3,Hopper-v4,64.77209511733815,67.577
186477,reward,3,Hopper-v4,68.64095661851646,67.742
186516,reward,3,Hopper-v4,62.85805609496336,65.491
186556,reward,3,Hopper-v4,64.80824039117155,65.622
186599,reward,3,Hopper-v4,70.12879102037782,66.053
186641,reward,3,Hopper-v4,67.482244283314,66.342
186682,reward,3,Hopper-v4,66.65869787956655,66.08
186722,reward,3,Hopper-v4,65.30285342334082,66.21
186768,reward,3,Hopper-v4,78.65864840860837,67.231
186809,reward,3,Hopper-v4,67.83153712522144,67.714
186848,reward,3,Hopper-v4,63.08316377615421,67.545
186891,reward,3,Hopper-v4,70.24073101330845,67.705
186934,reward,3,Hopper-v4,70.39241475481592,68.459
186974,reward,3,Hopper-v4,64.39522538362499,68.417
187012,reward,3,Hopper-v4,61.28238644302354,67.533
187052,reward,3,Hopper-v4,64.7614357067072,67.261
187091,reward,3,Hopper-v4,63.92974911712791,66.988
187131,reward,3,Hopper-v4,64.99468321132984,66.957
187172,reward,3,Hopper-v4,67.45436659249621,65.837
187212,reward,3,Hopper-v4,64.58544196553758,65.512
187256,reward,3,Hopper-v4,71.78801969712038,66.382
187292,reward,3,Hopper-v4,58.94857364150247,65.253
187333,reward,3,Hopper-v4,67.10757339278805,64.925
187371,reward,3,Hopper-v4,61.34161468368041,64.619
187411,reward,3,Hopper-v4,63.75813056237576,64.867
187456,reward,3,Hopper-v4,73.22138676487991,65.713
187500,reward,3,Hopper-v4,71.90880920336436,66.511
187543,reward,3,Hopper-v4,71.21295565047245,67.133
187583,reward,3,Hopper-v4,65.54608684532249,66.942
187620,reward,3,Hopper-v4,60.161189662700764,66.499
187663,reward,3,Hopper-v4,70.39190083328917,66.36
187705,reward,3,Hopper-v4,68.65929910722991,67.331
187746,reward,3,Hopper-v4,66.12310455113878,67.232
187783,reward,3,Hopper-v4,59.961503983052644,67.094
187823,reward,3,Hopper-v4,65.30924646326089,67.25
187870,reward,3,Hopper-v4,72.07897165847558,67.135
187911,reward,3,Hopper-v4,67.12738329296472,66.657
187953,reward,3,Hopper-v4,68.75820686615609,66.412
187995,reward,3,Hopper-v4,69.77104429077461,66.834
188030,reward,3,Hopper-v4,57.13000002759145,66.531
188066,reward,3,Hopper-v4,58.05693378844044,65.298
188105,reward,3,Hopper-v4,63.364245636201716,64.768
188146,reward,3,Hopper-v4,66.87241603652058,64.843
188186,reward,3,Hopper-v4,65.20978428970427,65.368
188231,reward,3,Hopper-v4,75.86563525134959,66.423
188277,reward,3,Hopper-v4,77.01413597950186,66.917
188320,reward,3,Hopper-v4,70.75578432966155,67.28
188361,reward,3,Hopper-v4,66.72166988202927,67.076
188406,reward,3,Hopper-v4,73.59227813597012,67.458
188444,reward,3,Hopper-v4,61.67854046717474,67.913
188486,reward,3,Hopper-v4,68.36287470630644,68.944
188530,reward,3,Hopper-v4,72.29444202123781,69.837
188572,reward,3,Hopper-v4,68.88172019438325,70.038
188613,reward,3,Hopper-v4,66.92081810214911,70.209
188657,reward,3,Hopper-v4,71.55876825698783,69.778
188698,reward,3,Hopper-v4,66.47251845586186,68.724
188739,reward,3,Hopper-v4,67.07334011055632,68.356
188781,reward,3,Hopper-v4,68.48226377207303,68.532
188824,reward,3,Hopper-v4,69.27365210879223,68.1
188866,reward,3,Hopper-v4,68.25253756838468,68.757
188906,reward,3,Hopper-v4,65.57817299719613,68.479
188947,reward,3,Hopper-v4,66.40436650076089,67.89
188990,reward,3,Hopper-v4,72.12970201694908,68.215
189034,reward,3,Hopper-v4,70.98108033247087,68.621
189079,reward,3,Hopper-v4,73.23761968344397,68.789
189122,reward,3,Hopper-v4,69.44362121867721,69.086
189164,reward,3,Hopper-v4,68.76064258461238,69.254
189206,reward,3,Hopper-v4,68.53333853271977,69.259
189245,reward,3,Hopper-v4,63.25152388222615,68.657
189286,reward,3,Hopper-v4,66.7089424276704,68.503
189330,reward,3,Hopper-v4,71.70534195151129,69.116
189374,reward,3,Hopper-v4,72.75959666507343,69.751
189422,reward,3,Hopper-v4,80.80107030235165,70.618
189462,reward,3,Hopper-v4,64.89761183683743,70.01
189502,reward,3,Hopper-v4,65.6353571181439,69.25
189542,reward,3,Hopper-v4,65.3777679906947,68.843
189584,reward,3,Hopper-v4,69.47959474540568,68.915
189622,reward,3,Hopper-v4,62.043176270248736,68.266
189661,reward,3,Hopper-v4,63.579847020599566,68.299
189703,reward,3,Hopper-v4,68.72238470608224,68.5
189746,reward,3,Hopper-v4,70.25584930118862,68.355
189790,reward,3,Hopper-v4,71.94981330564357,68.274
189844,reward,3,Hopper-v4,95.28738935785543,69.723
189886,reward,3,Hopper-v4,69.27262928914189,70.16
189933,reward,3,Hopper-v4,79.16296327993302,71.513
189973,reward,3,Hopper-v4,64.9021377466852,71.466
190000,eval,3,Hopper-v4,Hopper-v4,66.357,0.218554,237.262
190000,eval,3,Hopper-v4,Walker2d-v4,246.234,0.881362,33.145
190016,reward,3,Hopper-v4,70.205807525963,71.538
190067,reward,3,Hopper-v4,90.01120151841226,74.335
190108,reward,3,Hopper-v4,66.4699069258161,74.624
190146,reward,3,Hopper-v4,61.92465768851498,73.944
190189,reward,3,Hopper-v4,69.75561550898834,73.894
190227,reward,3,Hopper-v4,61.78164266656614,72.877
190270,reward,3,Hopper-v4,69.8429519070735,70.333
190310,reward,3,Hopper-v4,65.02432239867082,69.908
190352,reward,3,Hopper-v4,69.21075224734871,68.913
190393,reward,3,Hopper-v4,66.94543295290568,69.117
190437,reward,3,Hopper-v4,71.31056284450321,69.228
190478,reward,3,Hopper-v4,65.96969953838433,66.824
190518,reward,3,Hopper-v4,66.34211774086938,66.811
190564,reward,3,Hopper-v4,79.07425506928583,68.526
190603,reward,3,Hopper-v4,63.41297120411092,67.891
190643,reward,3,Hopper-v4,64.82572368249987,68.196
190684,reward,3,Hopper-v4,67.02469295144802,67.914
190727,reward,3,Hopper-v4,71.30662143955806,68.542
190765,reward,3,Hopper-v4,61.23429767681984,67.745
190806,reward,3,Hopper-v4,67.55309708043862,67.805
190849,reward,3,Hopper-v4,71.46289348700094,67.821
190891,reward,3,Hopper-v4,68.77532740667235,68.101
190929,reward,3,Hopper-v4,62.14346824970063,67.681
190984,reward,3,Hopper-v4,99.53150188986439,69.727
191024,reward,3,Hopper-v4,64.59797900048925,69.846
191067,reward,3,Hopper-v4,69.47645171338489,70.311
191107,reward,3,Hopper-v4,65.61189502258398,70.169
191147,reward,3,Hopper-v4,66.89852727834587,69.729
191191,reward,3,Hopper-v4,71.92049179248663,70.797
191233,reward,3,Hopper-v4,68.57938794011096,70.9
191274,reward,3,Hopper-v4,66.53837444568315,70.407
191315,reward,3,Hopper-v4,66.36891560749183,70.167
191356,reward,3,Hopper-v4,66.63089792557695,70.615
191399,reward,3,Hopper-v4,69.9676219778045,67.659
191440,reward,3,Hopper-v4,66.05297988350709,67.805
191481,reward,3,Hopper-v4,66.33836946783734,67.491
191520,reward,3,Hopper-v4,63.26856137463536,67.256
191560,reward,3,Hopper-v4,65.17876110255176,67.084
191600,reward,3,Hopper-v4,64.98887870693092,66.391
191638,reward,3,Hopper-v4,61.636504671909016,65.697
191683,reward,3,Hopper-v4,73.04276104120898,66.347
191719,reward,3,Hopper-v4,58.003077052057755,65.511
191762,reward,3,Hopper-v4,69.91637988746471,65.839
191807,reward,3,Hopper-v4,74.03831310695975,66.246
191852,reward,3,Hopper-v4,73.41996782214868,66.983
191896,reward,3,Hopper-v4,71.24656107210012,67.474
191938,reward,3,Hopper-v4,68.67378476567494,68.014
191980,reward,3,Hopper-v4,68.82911372282734,68.38
192022,reward,3,Hopper-v4,69.37877878334025,68.819
192063,reward,3,Hopper-v4,66.5557768656219,69.31
192106,reward,3,Hopper-v4,70.29508410990377,69.036
192144,reward,3,Hopper-v4,61.56555600425676,69.392
192187,reward,3,Hopper-v4,69.91122031609319,69.391
192232,reward,3,Hopper-v4,74.64826648878109,69.452
192273,reward,3,Hopper-v4,67.31864335845923,68.842
192314,reward,3,Hopper-v4,65.87354918401488,68.305
192354,reward,3,Hopper-v4,65.47881625657143,67.985
192394,reward,3,Hopper-v4,65.5893247503759,67.662
192442,reward,3,Hopper-v4,80.45641377022358,68.769
192484,reward,3,Hopper-v4,68.49967767497887,68.964
192524,reward,3,Hopper-v4,65.23011340004304,68.457
192568,reward,3,Hopper-v4,73.22507708784956,69.623
192610,reward,3,Hopper-v4,68.19597416934191,69.452
192648,reward,3,Hopper-v4,61.39548619891005,68.126
192688,reward,3,Hopper-v4,63.51287869497859,67.746
192732,reward,3,Hopper-v4,71.6484458417713,68.323
192783,reward,3,Hopper-v4,75.94733508409888,69.37
192822,reward,3,Hopper-v4,62.45198969473943,69.056
192862,reward,3,Hopper-v4,64.5061399342704,67.461
192903,reward,3,Hopper-v4,67.94176572783019,67.406
192944,reward,3,Hopper-v4,65.82740023494068,67.465
192987,reward,3,Hopper-v4,70.30096919842295,67.173
193027,reward,3,Hopper-v4,64.80606306331742,66.834
193069,reward,3,Hopper-v4,68.79762723266573,67.574
193108,reward,3,Hopper-v4,63.50382114810775,67.573
193150,reward,3,Hopper-v4,68.52355741429975,67.261
193192,reward,3,Hopper-v4,68.63331044998765,66.529
193236,reward,3,Hopper-v4,72.05024555033317,67.489
193278,reward,3,Hopper-v4,68.17314689238866,67.856
193317,reward,3,Hopper-v4,63.80238177704145,67.442
193357,reward,3,Hopper-v4,64.95656695170794,67.355
193402,reward,3,Hopper-v4,73.20275471436216,67.645
193442,reward,3,Hopper-v4,64.50044312670738,67.614
193483,reward,3,Hopper-v4,67.7012893927514,67.505
193527,reward,3,Hopper-v4,70.94210231228257,68.249
193563,reward,3,Hopper-v4,58.52816554351691,67.249
193604,reward,3,Hopper-v4,67.00802895290371,67.087
193647,reward,3,Hopper-v4,69.39068513325442,66.821
193686,reward,3,Hopper-v4,63.172729823994466,66.321
193731,reward,3,Hopper-v4,74.07059446205076,67.347
193778,reward,3,Hopper-v4,78.85816293649782,68.737
193820,reward,3,Hopper-v4,69.201805088909,68.337
193861,reward,3,Hopper-v4,66.58977177092434,68.546
193902,reward,3,Hopper-v4,66.59744112329237,68.436
193946,reward,3,Hopper-v4,70.74458469328853,68.416
193990,reward,3,Hopper-v4,73.51546556331674,69.915
194031,reward,3,Hopper-v4,67.21682937977086,69.936
194071,reward,3,Hopper-v4,65.37429535363042,69.534
194108,reward,3,Hopper-v4,60.26253030159936,69.243
194147,reward,3,Hopper-v4,63.54952247316219,68.191
194188,reward,3,Hopper-v4,66.92413963653748,66.998
194230,reward,3,Hopper-v4,68.13790014319433,66.891
194271,reward,3,Hopper-v4,66.52248306556903,66.885
194310,reward,3,Hopper-v4,63.53805338490312,66.579
194350,reward,3,Hopper-v4,64.4818031050483,65.952
194391,reward,3,Hopper-v4,66.85335190450247,65.286
194435,reward,3,Hopper-v4,71.74115509227221,65.739
194483,reward,3,Hopper-v4,80.91084748092157,67.292
194524,reward,3,Hopper-v4,65.96852921286981,67.863
194565,reward,3,Hopper-v4,65.64419490658815,68.072
194610,reward,3,Hopper-v4,72.09183692953083,68.589
194652,reward,3,Hopper-v4,67.69101087632208,68.544
194687,reward,3,Hopper-v4,56.52676761728729,67.545
194729,reward,3,Hopper-v4,67.87074108057587,67.978
194770,reward,3,Hopper-v4,66.25828759462195,68.156
194811,reward,3,Hopper-v4,67.20151630604144,68.19
194853,reward,3,Hopper-v4,69.06425535720331,67.923
194896,reward,3,Hopper-v4,70.31693928446298,66.863
194944,reward,3,Hopper-v4,81.54471186565898,68.421
194981,reward,3,Hopper-v4,59.860194377325485,67.843
195025,reward,3,Hopper-v4,71.49158964797647,67.783
195068,reward,3,Hopper-v4,68.93572725071493,67.907
195112,reward,3,Hopper-v4,71.71087179237831,69.425
195154,reward,3,Hopper-v4,68.99644024969851,69.538
195199,reward,3,Hopper-v4,73.35444627804833,70.248
195243,reward,3,Hopper-v4,72.74139620353634,70.802
195282,reward,3,Hopper-v4,62.64645368998748,70.16
195319,reward,3,Hopper-v4,60.636650194713965,69.192
195360,reward,3,Hopper-v4,67.04275289652736,67.742
195408,reward,3,Hopper-v4,78.9355391122923,69.649
195451,reward,3,Hopper-v4,70.10788350787747,69.511
195502,reward,3,Hopper-v4,78.61351102767973,70.479
195545,reward,3,Hopper-v4,70.450183725227,70.353
195589,reward,3,Hopper-v4,72.34263447176593,70.687
195633,reward,3,Hopper-v4,71.49102550021108,70.501
195675,reward,3,Hopper-v4,68.47259937091793,70.074
195719,reward,3,Hopper-v4,71.29740055891415,70.939
195760,reward,3,Hopper-v4,66.64829482941879,71.54
195801,reward,3,Hopper-v4,66.55422286274825,71.491
195850,reward,3,Hopper-v4,83.41071719828865,71.939
195890,reward,3,Hopper-v4,64.25814744020357,71.354
195936,reward,3,Hopper-v4,76.86502835230213,71.179
195978,reward,3,Hopper-v4,68.45122190194712,70.979
196015,reward,3,Hopper-v4,60.541931369225395,69.799
196057,reward,3,Hopper-v4,69.45874578654094,69.596
196094,reward,3,Hopper-v4,60.451546228375136,68.794
196132,reward,3,Hopper-v4,62.01297374550442,67.865
196176,reward,3,Hopper-v4,71.50650048635116,68.351
196224,reward,3,Hopper-v4,79.26375031950592,69.622
196265,reward,3,Hopper-v4,66.79120212443081,67.96
196306,reward,3,Hopper-v4,66.15748187871075,68.15
196349,reward,3,Hopper-v4,69.64404942031462,67.428
196388,reward,3,Hopper-v4,63.43401757335752,66.926
196428,reward,3,Hopper-v4,64.20740969914928,67.293
196474,reward,3,Hopper-v4,76.08146348881353,67.955
196514,reward,3,Hopper-v4,64.70029906465471,68.38
196556,reward,3,Hopper-v4,70.39784478961711,69.218
196599,reward,3,Hopper-v4,69.52562850072641,69.02
196637,reward,3,Hopper-v4,61.86945633643816,67.281
196678,reward,3,Hopper-v4,66.53713118759067,67.255
196719,reward,3,Hopper-v4,66.50978024812925,67.291
196762,reward,3,Hopper-v4,69.63733543802971,67.29
196801,reward,3,Hopper-v4,63.356821980439776,67.282
196840,reward,3,Hopper-v4,62.95181066640297,67.157
196882,reward,3,Hopper-v4,68.64016690432331,66.413
196925,reward,3,Hopper-v4,69.81752368933091,66.924
196963,reward,3,Hopper-v4,61.94802639533316,66.079
196999,reward,3,Hopper-v4,57.56291173878333,64.883
197040,reward,3,Hopper-v4,66.82481059902287,65.379
197077,reward,3,Hopper-v4,59.32872392433302,64.658
197119,reward,3,Hopper-v4,67.50435147800147,64.757
197161,reward,3,Hopper-v4,69.40153385133532,64.734
197207,reward,3,Hopper-v4,76.53958973231458,66.052
197250,reward,3,Hopper-v4,69.27466834349484,66.684
197293,reward,3,Hopper-v4,69.9959598711915,66.82
197337,reward,3,Hopper-v4,72.60437218518629,67.098
197376,reward,3,Hopper-v4,63.387192601505774,67.242
197418,reward,3,Hopper-v4,68.69118014515604,68.355
197460,reward,3,Hopper-v4,68.45884231716383,68.519
197506,reward,3,Hopper-v4,78.21559639512348,70.407
197547,reward,3,Hopper-v4,67.09118883742288,70.366
197591,reward,3,Hopper-v4,71.67607239050682,70.593
197631,reward,3,Hopper-v4,63.5059144064489,69.29
197672,reward,3,Hopper-v4,66.5343172714996,69.016
197717,reward,3,Hopper-v4,76.28158467332551,69.645
197760,reward,3,Hopper-v4,70.15893632043267,69.4
197802,reward,3,Hopper-v4,68.30453082365234,69.892
197843,reward,3,Hopper-v4,66.866221460972,69.709
197884,reward,3,Hopper-v4,68.22974346450889,69.686
197926,reward,3,Hopper-v4,68.20584011542759,68.685
197967,reward,3,Hopper-v4,66.92669555504916,68.669
198016,reward,3,Hopper-v4,85.43803017915302,70.045
198053,reward,3,Hopper-v4,59.43872681354909,69.638
198093,reward,3,Hopper-v4,65.06995059626567,69.492
198139,reward,3,Hopper-v4,74.78415943647289,69.342
198178,reward,3,Hopper-v4,63.048109337626926,68.631
198214,reward,3,Hopper-v4,58.62610641591162,67.663
198255,reward,3,Hopper-v4,68.15331312958541,67.792
198298,reward,3,Hopper-v4,70.34097684338897,68.003
198338,reward,3,Hopper-v4,65.12880559376649,67.695
198380,reward,3,Hopper-v4,67.84210256735554,67.787
198419,reward,3,Hopper-v4,64.42616687056153,65.686
198459,reward,3,Hopper-v4,64.78549358287661,66.221
198499,reward,3,Hopper-v4,62.30012430845303,65.944
198542,reward,3,Hopper-v4,70.76055846018973,65.541
198585,reward,3,Hopper-v4,69.80196457575124,66.217
198628,reward,3,Hopper-v4,70.66409297335687,67.42
198668,reward,3,Hopper-v4,65.27119004152969,67.132
198710,reward,3,Hopper-v4,67.88274589287475,66.886
198748,reward,3,Hopper-v4,61.4144513877209,66.515
198789,reward,3,Hopper-v4,66.17867847574792,66.349
198831,reward,3,Hopper-v4,67.65112760872931,66.671
198876,reward,3,Hopper-v4,70.78777975552369,67.271
198924,reward,3,Hopper-v4,83.37355159219261,69.379
198960,reward,3,Hopper-v4,58.325516399068825,68.135
199001,reward,3,Hopper-v4,66.43075953838735,67.798
199039,reward,3,Hopper-v4,60.945352615955215,66.826
199081,reward,3,Hopper-v4,67.992739629113,67.098
199120,reward,3,Hopper-v4,63.82696078303435,66.693
199163,reward,3,Hopper-v4,69.9708952287741,67.548
199202,reward,3,Hopper-v4,64.3096970735515,67.361
199243,reward,3,Hopper-v4,66.36971746045091,67.233
199283,reward,3,Hopper-v4,64.23616555967025,66.578
199323,reward,3,Hopper-v4,64.46484821339625,64.687
199370,reward,3,Hopper-v4,76.24461771805453,66.479
199410,reward,3,Hopper-v4,64.70139775901507,66.306
199450,reward,3,Hopper-v4,65.45609633622345,66.757
199490,reward,3,Hopper-v4,64.26446448864112,66.384
199531,reward,3,Hopper-v4,66.41576671904023,66.643
199574,reward,3,Hopper-v4,70.42805858960857,66.689
199613,reward,3,Hopper-v4,63.327300129503115,66.591
199653,reward,3,Hopper-v4,64.74955278066633,66.429
199698,reward,3,Hopper-v4,73.53718908801419,67.359
199753,reward,3,Hopper-v4,101.17128082208079,71.03
199794,reward,3,Hopper-v4,66.61986346255298,70.067
199830,reward,3,Hopper-v4,58.37687915897747,69.435
199869,reward,3,Hopper-v4,63.91960358876198,69.281
199908,reward,3,Hopper-v4,63.029025807258556,69.157
199955,reward,3,Hopper-v4,78.35178582510353,70.351
199995,reward,3,Hopper-v4,64.75509639382668,69.784
200000,eval,3,Hopper-v4,Hopper-v4,68.233,0.22473,235.387
200000,eval,3,Hopper-v4,Walker2d-v4,249.451,0.892879,29.927
200035,reward,3,Hopper-v4,64.4005898941656,69.891
200093,reward,3,Hopper-v4,109.28988948239194,74.345
200136,reward,3,Hopper-v4,70.1371349318589,74.005
200180,reward,3,Hopper-v4,72.07142060660709,71.095
200219,reward,3,Hopper-v4,63.10755231334718,70.744
200262,reward,3,Hopper-v4,69.62247782220861,71.868
200302,reward,3,Hopper-v4,65.24326903567608,72.001
200344,reward,3,Hopper-v4,68.18039856747497,72.516
200383,reward,3,Hopper-v4,62.83532833731167,70.964
200429,reward,3,Hopper-v4,75.45995254071192,72.035
200471,reward,3,Hopper-v4,68.0939096494487,72.404
200509,reward,3,Hopper-v4,61.14737544964714,67.59
200549,reward,3,Hopper-v4,65.02739544818087,67.079
200587,reward,3,Hopper-v4,60.71960124261806,65.944
200628,reward,3,Hopper-v4,66.7576573816796,66.309
200669,reward,3,Hopper-v4,67.29137742440093,66.076
200711,reward,3,Hopper-v4,68.59812447992006,66.411
200751,reward,3,Hopper-v4,64.81574778420786,66.075
200794,reward,3,Hopper-v4,69.34952869465735,66.726
200836,reward,3,Hopper-v4,67.61810465606318,65.942
200878,reward,3,Hopper-v4,66.60991619393461,65.793
200917,reward,3,Hopper-v4,62.81588026020882,65.96
200958,reward,3,Hopper-v4,66.1959190348674,66.077
201003,reward,3,Hopper-v4,71.41487467656498,67.147
201052,reward,3,Hopper-v4,82.86971851629278,68.758
201090,reward,3,Hopper-v4,60.8822054326274,68.117
201134,reward,3,Hopper-v4,71.22976275899782,68.38
201177,reward,3,Hopper-v4,69.62301445708304,68.861
201217,reward,3,Hopper-v4,64.42270851272455,68.368
201260,reward,3,Hopper-v4,69.85580354995471,68.592
201305,reward,3,Hopper-v4,73.97017216694606,69.328
201350,reward,3,Hopper-v4,73.71198637630836,70.418
201392,reward,3,Hopper-v4,67.95931013805468,70.594
201436,reward,3,Hopper-v4,72.63453735997462,70.716
201475,reward,3,Hopper-v4,61.61513700750109,68.59
201519,reward,3,Hopper-v4,72.05181292357831,69.707
201563,reward,3,Hopper-v4,71.85403056084682,69.77
201606,reward,3,Hopper-v4,70.16919165178876,69.824
201649,reward,3,Hopper-v4,71.54554772834118,70.537
201692,reward,3,Hopper-v4,69.94666376553411,70.546
201742,reward,3,Hopper-v4,87.28750149020908,71.878
201782,reward,3,Hopper-v4,64.18460656301471,70.925
201827,reward,3,Hopper-v4,74.4448041130973,71.573
201870,reward,3,Hopper-v4,70.081716297347,71.318
201913,reward,3,Hopper-v4,70.13586238511287,72.17
201973,reward,3,Hopper-v4,113.36999200072037,76.302
202016,reward,3,Hopper-v4,69.68688593282647,76.085
202059,reward,3,Hopper-v4,69.91928514833303,76.06
202107,reward,3,Hopper-v4,82.64039482156669,77.17
202145,reward,3,Hopper-v4,56.68937463968462,75.844
202189,reward,3,Hopper-v4,70.17088364588896,74.132
202230,reward,3,Hopper-v4,66.75527990596615,74.389
202274,reward,3,Hopper-v4,72.17443501412288,74.162
202316,reward,3,Hopper-v4,67.19451196695506,73.874
202359,reward,3,Hopper-v4,70.12098131774782,73.872
202402,reward,3,Hopper-v4,69.91931982335905,69.527
202460,reward,3,Hopper-v4,82.8535081654506,70.844
202503,reward,3,Hopper-v4,69.67914215283136,70.82
202542,reward,3,Hopper-v4,62.489735704813235,68.805
202584,reward,3,Hopper-v4,68.48497679976617,69.984
202629,reward,3,Hopper-v4,73.43214100395069,70.31
202670,reward,3,Hopper-v4,66.41371471270081,70.276
202712,reward,3,Hopper-v4,68.40176520037507,69.899
202759,reward,3,Hopper-v4,75.86473108631726,70.766
202815,reward,3,Hopper-v4,102.6450747329096,74.018
202861,reward,3,Hopper-v4,74.58012854134928,74.484
202906,reward,3,Hopper-v4,74.3006883539006,73.629
202951,reward,3,Hopper-v4,72.80329622359591,73.942
202993,reward,3,Hopper-v4,68.29850798856991,74.523
203044,reward,3,Hopper-v4,89.80061106569215,76.654
203083,reward,3,Hopper-v4,63.44185749991191,75.655
203125,reward,3,Hopper-v4,68.41343267300489,75.855
203171,reward,3,Hopper-v4,76.12477837810475,76.627
203211,reward,3,Hopper-v4,64.54801759283245,75.496
203255,reward,3,Hopper-v4,71.33374735479562,72.365
203297,reward,3,Hopper-v4,68.43553058910382,71.75
203344,reward,3,Hopper-v4,72.93188555140016,71.613
203388,reward,3,Hopper-v4,72.37313081781889,71.57
203433,reward,3,Hopper-v4,72.22672915997526,71.963
203478,reward,3,Hopper-v4,73.21156876944629,70.304
203524,reward,3,Hopper-v4,74.48104319258404,71.408
203567,reward,3,Hopper-v4,69.5388481353956,71.521
203610,reward,3,Hopper-v4,69.73304586133533,70.881
203650,reward,3,Hopper-v4,63.062047275819026,70.733
203694,reward,3,Hopper-v4,71.78828181252874,70.778
203740,reward,3,Hopper-v4,75.26939839422627,71.462
203785,reward,3,Hopper-v4,75.54922253058497,71.723
203829,reward,3,Hopper-v4,72.46476793484035,71.732
203870,reward,3,Hopper-v4,66.46486394558288,71.156
203912,reward,3,Hopper-v4,68.60814818942879,70.696
203956,reward,3,Hopper-v4,71.81572821464248,70.429
203999,reward,3,Hopper-v4,70.20094886413344,70.496
204044,reward,3,Hopper-v4,72.88962521896171,70.811
204088,reward,3,Hopper-v4,71.94484827737976,71.7
204134,reward,3,Hopper-v4,76.24300914497398,72.145
204180,reward,3,Hopper-v4,77.04638538870235,72.323
204224,reward,3,Hopper-v4,71.79078368406347,71.947
204265,reward,3,Hopper-v4,66.0331470749344,71.304
204311,reward,3,Hopper-v4,75.74334782246102,72.232
204350,reward,3,Hopper-v4,63.47631470448607,71.718
204392,reward,3,Hopper-v4,69.08659594723639,71.446
204435,reward,3,Hopper-v4,69.94301795659399,71.42
204475,reward,3,Hopper-v4,64.96170011532568,70.627
204517,reward,3,Hopper-v4,67.86353136881796,70.219
204560,reward,3,Hopper-v4,69.40764625673896,69.535
204604,reward,3,Hopper-v4,72.9920633646802,69.13
204646,reward,3,Hopper-v4,68.3777005019377,68.789
204691,reward,3,Hopper-v4,75.0179628791438,69.687
204736,reward,3,Hopper-v4,73.8909945789824,69.502
204778,reward,3,Hopper-v4,68.6434130967216,70.018
204817,reward,3,Hopper-v4,60.977436306748324,69.208
204859,reward,3,Hopper-v4,67.9481313955558,69.008
204902,reward,3,Hopper-v4,70.20289826995143,69.532
204941,reward,3,Hopper-v4,61.7782035130821,68.924
204983,reward,3,Hopper-v4,67.34088463933816,68.717
205025,reward,3,Hopper-v4,67.70514629247474,68.188
205068,reward,3,Hopper-v4,70.28084713196849,68.379
205082,reward,3,Hopper-v4,13.763851696048256,62.253
205133,reward,3,Hopper-v4,87.16083515910222,63.58
205177,reward,3,Hopper-v4,71.40582501419844,63.856
205220,reward,3,Hopper-v4,69.75738708208583,64.734
205265,reward,3,Hopper-v4,74.67578494891097,65.407
205309,reward,3,Hopper-v4,71.79700030434437,65.567
205352,reward,3,Hopper-v4,70.3869920945975,66.427
205405,reward,3,Hopper-v4,84.29058252795652,68.122
205450,reward,3,Hopper-v4,74.05054338991869,68.757
205500,reward,3,Hopper-v4,83.51481948247829,70.08
205542,reward,3,Hopper-v4,67.38704752295396,75.443
205583,reward,3,Hopper-v4,67.26323911996731,73.453
205627,reward,3,Hopper-v4,70.79417995770498,73.392
205670,reward,3,Hopper-v4,70.02648047716386,73.419
205714,reward,3,Hopper-v4,71.63842281822997,73.115
205755,reward,3,Hopper-v4,65.64525478050642,72.5
205797,reward,3,Hopper-v4,68.14728902099748,72.276
205840,reward,3,Hopper-v4,69.11999622225834,70.759
205890,reward,3,Hopper-v4,85.17741013038192,71.871
205935,reward,3,Hopper-v4,74.95627238724128,71.016
205976,reward,3,Hopper-v4,66.5383662533834,70.931
206020,reward,3,Hopper-v4,71.19726633609079,71.324
206061,reward,3,Hopper-v4,66.54278163994934,70.899
206107,reward,3,Hopper-v4,76.79526325117551,71.576
206151,reward,3,Hopper-v4,72.67042102246364,71.679
206200,reward,3,Hopper-v4,83.30075038742451,73.445
206243,reward,3,Hopper-v4,70.8937997727282,73.719
206284,reward,3,Hopper-v4,67.02087627959213,73.509
206328,reward,3,Hopper-v4,72.86070738042189,72.278
206374,reward,3,Hopper-v4,76.90269903447155,72.472
206414,reward,3,Hopper-v4,64.7622004332588,72.295
206465,reward,3,Hopper-v4,89.28105080571238,74.103
206510,reward,3,Hopper-v4,73.06379121056673,74.755
206549,reward,3,Hopper-v4,61.849922914970094,73.261
206587,reward,3,Hopper-v4,60.66021416062018,72.06
206626,reward,3,Hopper-v4,62.08589610775353,69.938
206667,reward,3,Hopper-v4,66.25420385885734,69.474
206710,reward,3,Hopper-v4,70.30809250023984,69.803
206752,reward,3,Hopper-v4,68.48472123830727,69.365
206795,reward,3,Hopper-v4,69.74620093986512,68.65
206839,reward,3,Hopper-v4,72.30925537558794,69.404
206878,reward,3,Hopper-v4,63.50652703487419,66.827
206918,reward,3,Hopper-v4,63.37006788891794,65.858
206960,reward,3,Hopper-v4,68.20316299426779,66.493
207020,reward,3,Hopper-v4,82.72975556428125,68.7
207049,reward,3,Hopper-v4,38.68675361960207,66.36
207087,reward,3,Hopper-v4,60.32597130001261,65.767
207133,reward,3,Hopper-v4,77.28899148481251,66.465
207184,reward,3,Hopper-v4,87.70596289563372,68.387
207225,reward,3,Hopper-v4,64.72684585459643,67.885
207265,reward,3,Hopper-v4,65.84865770943283,67.239
207308,reward,3,Hopper-v4,69.49716776003035,67.838
207353,reward,3,Hopper-v4,74.90451161147001,68.992
207398,reward,3,Hopper-v4,75.125402037878,69.684
207443,reward,3,Hopper-v4,70.33319049891902,68.444
207489,reward,3,Hopper-v4,76.39975611885284,72.216
207529,reward,3,Hopper-v4,64.63159328051852,72.646
207573,reward,3,Hopper-v4,71.78665026600922,72.096
207614,reward,3,Hopper-v4,66.69523933957623,69.995
207655,reward,3,Hopper-v4,66.42958550613389,70.165
207699,reward,3,Hopper-v4,71.4249551184441,70.723
207743,reward,3,Hopper-v4,72.02636618296278,70.976
207797,reward,3,Hopper-v4,97.64915425148807,73.25
207837,reward,3,Hopper-v4,65.03774278243876,72.241
207882,reward,3,Hopper-v4,74.09199703110684,72.617
207925,reward,3,Hopper-v4,69.52502720068875,71.93
207968,reward,3,Hopper-v4,64.80564173759699,71.947
208012,reward,3,Hopper-v4,71.5626048871801,71.925
208051,reward,3,Hopper-v4,63.33794652056109,71.589
208065,reward,3,Hopper-v4,13.34917819991293,66.281
208077,reward,3,Hopper-v4,11.06432760099237,60.245
208128,reward,3,Hopper-v4,88.84483670901741,61.927
208172,reward,3,Hopper-v4,71.74742990914336,59.337
208216,reward,3,Hopper-v4,70.99048828317704,59.932
208262,reward,3,Hopper-v4,78.08254846517775,60.331
208299,reward,3,Hopper-v4,57.92711359780113,59.171
208341,reward,3,Hopper-v4,68.43567218632502,59.534
208386,reward,3,Hopper-v4,74.06499531008863,59.784
208444,reward,3,Hopper-v4,90.41875916014716,62.493
208490,reward,3,Hopper-v4,73.54140355841118,68.512
208534,reward,3,Hopper-v4,73.63227214400202,74.769
208576,reward,3,Hopper-v4,68.52010702324675,72.736
208615,reward,3,Hopper-v4,63.626094512791056,71.924
208657,reward,3,Hopper-v4,67.97339559653021,71.622
208698,reward,3,Hopper-v4,64.89907500576622,70.304
208741,reward,3,Hopper-v4,71.51022669995348,71.662
208787,reward,3,Hopper-v4,74.57472941697111,72.276
208835,reward,3,Hopper-v4,80.77957960285381,72.948
208886,reward,3,Hopper-v4,90.28445560991345,72.934
208929,reward,3,Hopper-v4,69.69538477678155,72.55
208968,reward,3,Hopper-v4,62.86064799134781,71.472
209010,reward,3,Hopper-v4,68.33826679043045,71.454
209054,reward,3,Hopper-v4,70.47633492276094,72.139
209094,reward,3,Hopper-v4,64.24035735272699,71.766
209139,reward,3,Hopper-v4,73.09105517929156,72.585
209183,reward,3,Hopper-v4,71.66342966823679,72.6
209229,reward,3,Hopper-v4,77.78135286127562,72.921
209280,reward,3,Hopper-v4,88.45941008972237,73.689
209322,reward,3,Hopper-v4,68.26629449007116,71.487
209361,reward,3,Hopper-v4,63.51115410322313,70.869
209408,reward,3,Hopper-v4,79.02459315728656,72.485
209451,reward,3,Hopper-v4,70.59527994429497,72.711
209499,reward,3,Hopper-v4,82.56362445231493,73.92
209542,reward,3,Hopper-v4,69.8666123291597,74.482
209582,reward,3,Hopper-v4,64.30237071308072,73.603
209627,reward,3,Hopper-v4,74.84759782066982,73.922
209677,reward,3,Hopper-v4,86.10562596796024,74.754
209721,reward,3,Hopper-v4,71.93441326708609,73.102
209776,reward,3,Hopper-v4,81.13765370160957,74.389
209819,reward,3,Hopper-v4,70.03694789170503,75.041
209863,reward,3,Hopper-v4,71.86348873979361,74.325
209906,reward,3,Hopper-v4,70.95272156164631,74.361
209965,reward,3,Hopper-v4,111.4923617888118,77.254
210000,eval,3,Hopper-v4,Hopper-v4,68.297,0.224942,235.323
210000,eval,3,Hopper-v4,Walker2d-v4,252.274,0.902982,27.105
210006,reward,3,Hopper-v4,66.39463284372275,76.907
210045,reward,3,Hopper-v4,62.98655794214729,76.775
210088,reward,3,Hopper-v4,69.50438102396069,76.241
210130,reward,3,Hopper-v4,68.33500513383613,74.464
210171,reward,3,Hopper-v4,65.696976562422,73.84
210216,reward,3,Hopper-v4,75.1881697808308,73.245
210258,reward,3,Hopper-v4,67.7747467838942,73.019
210270,reward,3,Hopper-v4,10.774366510052852,66.91
210309,reward,3,Hopper-v4,62.45047228020813,66.06
210352,reward,3,Hopper-v4,69.74144624253654,61.885
210395,reward,3,Hopper-v4,69.19146251916384,62.164
210440,reward,3,Hopper-v4,74.46255168092956,63.312
210482,reward,3,Hopper-v4,68.11734276949062,63.173
210522,reward,3,Hopper-v4,63.90331295864279,62.73
210565,reward,3,Hopper-v4,69.68470866791374,63.129
210616,reward,3,Hopper-v4,89.7197928570307,64.582
210665,reward,3,Hopper-v4,84.88614861317325,66.293
210711,reward,3,Hopper-v4,76.52661807436196,72.868
210748,reward,3,Hopper-v4,59.23092024321864,72.546
210792,reward,3,Hopper-v4,72.48775297547964,72.821
210831,reward,3,Hopper-v4,63.78589932299289,72.281
210871,reward,3,Hopper-v4,64.57355620576075,71.292
210913,reward,3,Hopper-v4,68.071632698865,71.287
210956,reward,3,Hopper-v4,69.52606805118769,71.849
211000,reward,3,Hopper-v4,72.31126688754951,72.112
211042,reward,3,Hopper-v4,67.77638357864345,69.918
211082,reward,3,Hopper-v4,65.18123375799998,67.947
211125,reward,3,Hopper-v4,70.31843024115618,67.326
211164,reward,3,Hopper-v4,63.01975310393136,67.705
211205,reward,3,Hopper-v4,66.94230229710591,67.151
211251,reward,3,Hopper-v4,75.54505830629576,68.327
211267,reward,3,Hopper-v4,16.54524181894255,63.524
211310,reward,3,Hopper-v4,69.67963074620906,63.685
211352,reward,3,Hopper-v4,68.40149707121736,63.572
211396,reward,3,Hopper-v4,72.42348301633244,63.583
211441,reward,3,Hopper-v4,73.15798417314156,64.121
211483,reward,3,Hopper-v4,67.31154011475738,64.334
211525,reward,3,Hopper-v4,67.12890480097293,64.016
211572,reward,3,Hopper-v4,75.33287454720406,65.247
211615,reward,3,Hopper-v4,70.49945238640386,65.603
211658,reward,3,Hopper-v4,69.93172523713383,65.041
211709,reward,3,Hopper-v4,89.14237321856385,72.301
211751,reward,3,Hopper-v4,67.94089703830352,72.127
211794,reward,3,Hopper-v4,71.9143298776708,72.478
211836,reward,3,Hopper-v4,68.34391506260576,72.07
211876,reward,3,Hopper-v4,64.0142697527288,71.156
211920,reward,3,Hopper-v4,71.55575149296382,71.58
211962,reward,3,Hopper-v4,67.07441804113239,71.575
212000,reward,3,Hopper-v4,59.72236463064916,70.014
212039,reward,3,Hopper-v4,62.115620896973006,69.176
212080,reward,3,Hopper-v4,65.90787816035564,68.773
212121,reward,3,Hopper-v4,66.50165928308438,66.509
212163,reward,3,Hopper-v4,67.54008094931189,66.469
212207,reward,3,Hopper-v4,72.4451518099557,66.522
212249,reward,3,Hopper-v4,67.91469006194562,66.479
212292,reward,3,Hopper-v4,70.36348379467348,67.114
212334,reward,3,Hopper-v4,67.17205961267261,66.676
212376,reward,3,Hopper-v4,68.75326318264376,66.844
212418,reward,3,Hopper-v4,67.94129460453368,67.666
212459,reward,3,Hopper-v4,67.47560443487743,68.202
212520,reward,3,Hopper-v4,111.25131424784257,72.736
212570,reward,3,Hopper-v4,85.7729592074803,74.663
212614,reward,3,Hopper-v4,73.25405580735561,75.234
212656,reward,3,Hopper-v4,68.45695015995474,74.836
212707,reward,3,Hopper-v4,86.53927780407155,76.698
212748,reward,3,Hopper-v4,65.99465229788656,76.261
212791,reward,3,Hopper-v4,68.48737285454837,76.393
212831,reward,3,Hopper-v4,64.39259342028338,75.957
212880,reward,3,Hopper-v4,84.10966271248654,77.573
212922,reward,3,Hopper-v4,67.93124747891788,77.619
212962,reward,3,Hopper-v4,64.54453472039097,72.948
213011,reward,3,Hopper-v4,81.3596756059629,72.507
213052,reward,3,Hopper-v4,66.24146821552974,71.806
213094,reward,3,Hopper-v4,68.3008153952282,71.79
213137,reward,3,Hopper-v4,71.02137735283438,70.238
213180,reward,3,Hopper-v4,67.68873368535272,70.408
213226,reward,3,Hopper-v4,72.48974356894219,70.808
213266,reward,3,Hopper-v4,63.805404335515206,70.749
213317,reward,3,Hopper-v4,90.74052810391042,71.412
213360,reward,3,Hopper-v4,69.54521952355461,71.574
213380,reward,3,Hopper-v4,21.690335545092402,67.288
213421,reward,3,Hopper-v4,67.33722966296239,65.886
213464,reward,3,Hopper-v4,71.03267400004977,66.365
213507,reward,3,Hopper-v4,69.39644410053336,66.475
213546,reward,3,Hopper-v4,62.989538187486204,65.672
213586,reward,3,Hopper-v4,64.65265026265696,65.368
213630,reward,3,Hopper-v4,70.59482470067906,65.178
213673,reward,3,Hopper-v4,69.13231846930643,65.711
213724,reward,3,Hopper-v4,89.89607775277186,65.627
213784,reward,3,Hopper-v4,112.9479489969144,69.967
213833,reward,3,Hopper-v4,84.48794589580585,76.247
213881,reward,3,Hopper-v4,81.07926240356058,77.621
213926,reward,3,Hopper-v4,73.37145826994124,77.855
213970,reward,3,Hopper-v4,73.08258604876984,78.223
214019,reward,3,Hopper-v4,75.83481193777861,79.508
214056,reward,3,Hopper-v4,59.08446635457929,78.951
214099,reward,3,Hopper-v4,69.8967043065501,78.881
214156,reward,3,Hopper-v4,103.54875500744546,82.323
214198,reward,3,Hopper-v4,68.12718624943328,80.146
214241,reward,3,Hopper-v4,64.9843476222173,75.35
214287,reward,3,Hopper-v4,77.56189814264623,74.657
214330,reward,3,Hopper-v4,69.94846627655366,73.544
214370,reward,3,Hopper-v4,64.41031649335682,72.648
214414,reward,3,Hopper-v4,72.51018448448993,72.591
214426,reward,3,Hopper-v4,10.705309055351604,66.078
214472,reward,3,Hopper-v4,77.48886621374126,67.918
214516,reward,3,Hopper-v4,72.23573180762841,68.152
214565,reward,3,Hopper-v4,83.84448632439944,66.182
214613,reward,3,Hopper-v4,74.73721326491928,66.843
214659,reward,3,Hopper-v4,75.76052315689793,67.92
214698,reward,3,Hopper-v4,61.871291543405974,66.351
214749,reward,3,Hopper-v4,88.46437073934028,68.203
214796,reward,3,Hopper-v4,78.14011896259707,69.576
214838,reward,3,Hopper-v4,68.97344912417456,69.222
214878,reward,3,Hopper-v4,63.77931615209377,74.53
214919,reward,3,Hopper-v4,66.52262621544838,73.433
214956,reward,3,Hopper-v4,58.45047041452332,72.054
214994,reward,3,Hopper-v4,61.57383761573672,69.827
215036,reward,3,Hopper-v4,69.04882777205442,69.258
215080,reward,3,Hopper-v4,70.8983286809848,68.772
215122,reward,3,Hopper-v4,68.71205470875671,69.456
215165,reward,3,Hopper-v4,69.72469551832333,67.582
215207,reward,3,Hopper-v4,68.33356127395787,66.602
215252,reward,3,Hopper-v4,74.86678886736664,67.191
215296,reward,3,Hopper-v4,72.24625580602317,68.038
215340,reward,3,Hopper-v4,72.47886267687899,68.633
215382,reward,3,Hopper-v4,67.94968328921094,69.583
215424,reward,3,Hopper-v4,68.9299068665649,70.319
215471,reward,3,Hopper-v4,79.3864897939733,71.353
215517,reward,3,Hopper-v4,70.06404330614903,71.269
215559,reward,3,Hopper-v4,68.40707118971149,71.239
215607,reward,3,Hopper-v4,81.92146970146916,72.458
215649,reward,3,Hopper-v4,68.43458921667496,72.469
215697,reward,3,Hopper-v4,82.48871177885376,73.231
215756,reward,3,Hopper-v4,109.16195921309672,76.922
215803,reward,3,Hopper-v4,79.22707393316176,77.597
215849,reward,3,Hopper-v4,76.4193304707154,78.444
215892,reward,3,Hopper-v4,69.23544386463031,78.475
215940,reward,3,Hopper-v4,80.82635531242964,78.619
215979,reward,3,Hopper-v4,62.972704739743314,77.909
216026,reward,3,Hopper-v4,79.8513315408338,79.054
216066,reward,3,Hopper-v4,63.47216011952164,77.209
216111,reward,3,Hopper-v4,75.38580555489166,77.904
216152,reward,3,Hopper-v4,66.1696452287942,76.272
216208,reward,3,Hopper-v4,100.42480842316456,75.398
216251,reward,3,Hopper-v4,68.21229148348331,74.297
216294,reward,3,Hopper-v4,70.08023706990025,73.663
216336,reward,3,Hopper-v4,68.19218838086105,73.559
216379,reward,3,Hopper-v4,70.87088193566733,72.563
216438,reward,3,Hopper-v4,111.2681887963149,77.393
216483,reward,3,Hopper-v4,74.36792668578306,76.844
216527,reward,3,Hopper-v4,72.92159559623798,77.789
216569,reward,3,Hopper-v4,67.69750563565677,77.021
216611,reward,3,Hopper-v4,67.98286934862432,77.202
216655,reward,3,Hopper-v4,71.5223865595415,74.312
216709,reward,3,Hopper-v4,97.05590649835266,77.196
216747,reward,3,Hopper-v4,60.96546853562794,76.284
216809,reward,3,Hopper-v4,121.49328987144729,81.615
216850,reward,3,Hopper-v4,67.19745036051918,81.247
216899,reward,3,Hopper-v4,77.32099602376923,77.853
216940,reward,3,Hopper-v4,66.14659678393289,77.03
216995,reward,3,Hopper-v4,81.5516077875095,77.893
217034,reward,3,Hopper-v4,63.37899548625011,77.462
217078,reward,3,Hopper-v4,74.23886098236459,78.087
217125,reward,3,Hopper-v4,78.77786546764986,78.813
217170,reward,3,Hopper-v4,74.63156997280625,76.57
217214,reward,3,Hopper-v4,71.27648820175123,77.601
217259,reward,3,Hopper-v4,73.3826613153879,72.79
217278,reward,3,Hopper-v4,20.710643893938865,68.142
217321,reward,3,Hopper-v4,69.74329021083295,67.384
217364,reward,3,Hopper-v4,71.14250763946654,67.883
217408,reward,3,Hopper-v4,72.13880393938686,66.942
217452,reward,3,Hopper-v4,71.02569610447628,67.707
217501,reward,3,Hopper-v4,84.01605963519299,68.685
217542,reward,3,Hopper-v4,66.71839865919087,67.479
217588,reward,3,Hopper-v4,76.80607880728704,67.696
217637,reward,3,Hopper-v4,78.8090901746025,68.449
217683,reward,3,Hopper-v4,77.20950131624078,68.832
217723,reward,3,Hopper-v4,64.62337837418723,73.223
217767,reward,3,Hopper-v4,71.0410542598776,73.353
217808,reward,3,Hopper-v4,66.48052258594109,72.887
217852,reward,3,Hopper-v4,71.39122770574183,72.812
217893,reward,3,Hopper-v4,65.96984271980801,72.307
217936,reward,3,Hopper-v4,70.46210922168174,70.951
217983,reward,3,Hopper-v4,78.95495284670699,72.175
218025,reward,3,Hopper-v4,68.748484604322,71.369
218068,reward,3,Hopper-v4,69.70598158599171,70.459
218111,reward,3,Hopper-v4,69.95391657552649,69.733
218152,reward,3,Hopper-v4,66.64970449699932,69.936
218198,reward,3,Hopper-v4,76.94838326654144,70.527
218240,reward,3,Hopper-v4,68.53786353113584,70.732
218282,reward,3,Hopper-v4,67.7528788022944,70.368
218323,reward,3,Hopper-v4,65.95190949554187,70.367
218365,reward,3,Hopper-v4,68.9912930271875,70.22
218404,reward,3,Hopper-v4,62.56315741951279,68.58
218448,reward,3,Hopper-v4,71.77856592928592,68.883
218491,reward,3,Hopper-v4,70.76233627765505,68.989
218538,reward,3,Hopper-v4,80.16999460252919,70.011
218580,reward,3,Hopper-v4,67.21257044457693,70.067
218623,reward,3,Hopper-v4,68.95313285564535,69.267
218663,reward,3,Hopper-v4,64.394035214646,68.853
218710,reward,3,Hopper-v4,79.74577172437036,70.052
218756,reward,3,Hopper-v4,75.75973743885478,71.033
218804,reward,3,Hopper-v4,80.08258883550616,72.142
218842,reward,3,Hopper-v4,61.47233265580429,72.033
218886,reward,3,Hopper-v4,72.20828430593473,72.076
218929,reward,3,Hopper-v4,69.63902950465888,71.964
218967,reward,3,Hopper-v4,61.19208426322596,70.066
219010,reward,3,Hopper-v4,69.54479995031653,70.299
219049,reward,3,Hopper-v4,62.37315838262653,69.641
219092,reward,3,Hopper-v4,70.13573432715707,70.215
219136,reward,3,Hopper-v4,72.09905373740153,69.451
219178,reward,3,Hopper-v4,69.261836303971,68.801
219221,reward,3,Hopper-v4,70.2097812092075,67.814
219266,reward,3,Hopper-v4,74.25915923547076,69.092
219308,reward,3,Hopper-v4,69.60887366442707,68.832
219349,reward,3,Hopper-v4,66.54515395548083,68.523
219390,reward,3,Hopper-v4,66.19335267932365,69.023
219435,reward,3,Hopper-v4,74.09533932909768,69.478
219478,reward,3,Hopper-v4,71.94593409406376,70.435
219532,reward,3,Hopper-v4,80.14975708186607,71.437
219575,reward,3,Hopper-v4,70.19883711950249,71.247
219616,reward,3,Hopper-v4,65.82181668551497,70.903
219662,reward,3,Hopper-v4,77.18056537220122,71.6
219707,reward,3,Hopper-v4,75.54510971692986,71.728
219745,reward,3,Hopper-v4,61.91809117744157,70.959
219790,reward,3,Hopper-v4,75.11503860655792,71.816
219834,reward,3,Hopper-v4,72.06313260847519,72.403
219875,reward,3,Hopper-v4,66.73453800332729,71.667
219919,reward,3,Hopper-v4,73.4553232537576,71.818
219962,reward,3,Hopper-v4,70.4185148361554,70.845
220000,eval,3,Hopper-v4,Hopper-v4,68.264,0.224834,235.356
220000,eval,3,Hopper-v4,Walker2d-v4,246.742,0.883179,32.637
220003,reward,3,Hopper-v4,66.82506776793103,70.508
220046,reward,3,Hopper-v4,69.56654656082831,70.882
220089,reward,3,Hopper-v4,70.0058421030385,70.165
220134,reward,3,Hopper-v4,74.38512705967368,70.049
220174,reward,3,Hopper-v4,65.51141179663477,70.408
220226,reward,3,Hopper-v4,91.68799564404694,72.065
220272,reward,3,Hopper-v4,76.77734642145202,72.537
220313,reward,3,Hopper-v4,66.48321935695336,72.512
220354,reward,3,Hopper-v4,66.99350055264307,71.865
220402,reward,3,Hopper-v4,80.78809732891455,72.902
220444,reward,3,Hopper-v4,67.54467789606718,72.974
220487,reward,3,Hopper-v4,69.66057836492058,72.984
220527,reward,3,Hopper-v4,64.22139736106992,72.405
220572,reward,3,Hopper-v4,74.39360734401328,72.406
220621,reward,3,Hopper-v4,82.15730320398973,74.071
220670,reward,3,Hopper-v4,87.05786837160552,73.608
220714,reward,3,Hopper-v4,72.3218368922501,73.162
220756,reward,3,Hopper-v4,68.72531447342641,73.386
220797,reward,3,Hopper-v4,65.36249713971844,73.223
220840,reward,3,Hopper-v4,71.34239234251514,72.279
220895,reward,3,Hopper-v4,83.19654862761465,73.844
220939,reward,3,Hopper-v4,71.18773393395563,73.997
220981,reward,3,Hopper-v4,68.47066678771996,74.422
221026,reward,3,Hopper-v4,75.42645048944107,74.525
221074,reward,3,Hopper-v4,79.88673179856167,74.298
221117,reward,3,Hopper-v4,70.1575276300938,72.608
221155,reward,3,Hopper-v4,61.67683998342403,71.543
221197,reward,3,Hopper-v4,69.10383724122427,71.581
221237,reward,3,Hopper-v4,65.19547945038761,71.564
221278,reward,3,Hopper-v4,66.9102248825595,71.121
221320,reward,3,Hopper-v4,69.16150863929239,69.718
221364,reward,3,Hopper-v4,71.63042135318966,69.762
221409,reward,3,Hopper-v4,75.36414413854784,70.451
221453,reward,3,Hopper-v4,73.56445709723805,70.265
221496,reward,3,Hopper-v4,70.79637545583309,69.356
221537,reward,3,Hopper-v4,66.5577961971195,68.996
221578,reward,3,Hopper-v4,65.86080344103293,69.415
221620,reward,3,Hopper-v4,64.09262827746956,68.913
221674,reward,3,Hopper-v4,94.75434922306894,71.869
221735,reward,3,Hopper-v4,114.14374724772641,76.593
221780,reward,3,Hopper-v4,76.12294207849432,77.289
221821,reward,3,Hopper-v4,66.20227199963932,76.746
221866,reward,3,Hopper-v4,73.06179178625958,76.516
221909,reward,3,Hopper-v4,69.8823749898877,76.148
221951,reward,3,Hopper-v4,68.80082466328045,75.948
221992,reward,3,Hopper-v4,66.60308707314742,75.952
222041,reward,3,Hopper-v4,82.24572367040383,77.591
222082,reward,3,Hopper-v4,67.16680307783587,77.898
222122,reward,3,Hopper-v4,64.49201438284611,74.872
222169,reward,3,Hopper-v4,77.96824872891726,71.255
222211,reward,3,Hopper-v4,67.97901630050434,70.44
222255,reward,3,Hopper-v4,71.40508836046199,70.96
222300,reward,3,Hopper-v4,76.04893026213212,71.259
222341,reward,3,Hopper-v4,66.24715105306466,70.896
222382,reward,3,Hopper-v4,67.3229809685079,70.748
222424,reward,3,Hopper-v4,68.38402549374239,70.926
222467,reward,3,Hopper-v4,69.77285043215475,69.679
222510,reward,3,Hopper-v4,69.99689901049777,69.962
222554,reward,3,Hopper-v4,71.80858194858361,70.693
222602,reward,3,Hopper-v4,82.40336753342793,71.137
222642,reward,3,Hopper-v4,64.7104953566941,70.81
222685,reward,3,Hopper-v4,69.46327192724598,70.616
222728,reward,3,Hopper-v4,70.41466962899108,70.052
222772,reward,3,Hopper-v4,72.08947648759842,70.637
222808,reward,3,Hopper-v4,57.31447367454551,69.636
222852,reward,3,Hopper-v4,71.50161016781075,69.948
222895,reward,3,Hopper-v4,69.49750943203642,69.92
222941,reward,3,Hopper-v4,75.3999766865671,70.46
222949,reward,3,Hopper-v4,6.421608298066143,63.922
223000,reward,3,Hopper-v4,89.11014540350817,64.592
223051,reward,3,Hopper-v4,79.09625370744467,66.031
223098,reward,3,Hopper-v4,78.09549091789614,66.894
223136,reward,3,Hopper-v4,60.18020971664523,65.871
223178,reward,3,Hopper-v4,68.03149968681376,65.465
223217,reward,3,Hopper-v4,62.668170253575944,66.0
223260,reward,3,Hopper-v4,70.25307743937452,65.875
223303,reward,3,Hopper-v4,69.57475013878212,65.883
223341,reward,3,Hopper-v4,61.02126858652707,64.445
223382,reward,3,Hopper-v4,66.26613412746188,70.43
223424,reward,3,Hopper-v4,67.69910882230366,68.289
223465,reward,3,Hopper-v4,65.7218012520215,66.951
223508,reward,3,Hopper-v4,70.0123944685552,66.143
223551,reward,3,Hopper-v4,70.0303318848645,67.128
223595,reward,3,Hopper-v4,66.9946425829714,67.024
223638,reward,3,Hopper-v4,69.7481206096834,67.732
223679,reward,3,Hopper-v4,66.34340767895578,67.341
223716,reward,3,Hopper-v4,59.628701925366286,66.347
223757,reward,3,Hopper-v4,66.67284736756787,66.912
223801,reward,3,Hopper-v4,71.26011078539416,67.411
223841,reward,3,Hopper-v4,65.2643428115101,67.168
223883,reward,3,Hopper-v4,68.261445111067,67.422
223926,reward,3,Hopper-v4,69.98162849923258,67.419
223976,reward,3,Hopper-v4,84.89019716314702,68.905
223996,reward,3,Hopper-v4,21.63734807012291,64.369
224035,reward,3,Hopper-v4,63.74694057804908,63.769
224076,reward,3,Hopper-v4,66.24164190111011,63.759
224117,reward,3,Hopper-v4,66.03936526114806,64.4
224179,reward,3,Hopper-v4,119.26533769165457,69.659
224228,reward,3,Hopper-v4,77.36776675435496,70.27
224270,reward,3,Hopper-v4,67.90350546491501,70.534
224314,reward,3,Hopper-v4,72.84232429527336,70.992
224357,reward,3,Hopper-v4,70.49755048379922,71.043
224402,reward,3,Hopper-v4,74.24602485306029,69.979
224444,reward,3,Hopper-v4,68.88987067658934,74.704
224487,reward,3,Hopper-v4,70.62241863720847,75.392
224526,reward,3,Hopper-v4,63.32172730946942,75.1
224566,reward,3,Hopper-v4,64.35933935222802,74.932
224618,reward,3,Hopper-v4,81.54679817510674,71.16
224662,reward,3,Hopper-v4,72.32226727341867,70.655
224705,reward,3,Hopper-v4,70.32419462932275,70.897
224765,reward,3,Hopper-v4,83.5674461301117,71.97
224805,reward,3,Hopper-v4,64.50546570510367,71.371
224845,reward,3,Hopper-v4,65.2685761141048,70.473
224887,reward,3,Hopper-v4,67.88149135527992,70.372
224929,reward,3,Hopper-v4,67.59391827959183,70.069
224980,reward,3,Hopper-v4,89.27682228714511,72.665
225025,reward,3,Hopper-v4,74.76900567173207,73.706
225063,reward,3,Hopper-v4,62.0592946936305,71.757
225104,reward,3,Hopper-v4,66.25749471362813,71.15
225145,reward,3,Hopper-v4,66.03440855844659,70.721
225186,reward,3,Hopper-v4,66.80277623467545,69.045
225228,reward,3,Hopper-v4,63.98502080514071,68.993
225266,reward,3,Hopper-v4,60.678465847001966,68.534
225316,reward,3,Hopper-v4,79.1898188753947,69.665
225356,reward,3,Hopper-v4,64.47162710115677,69.352
225395,reward,3,Hopper-v4,62.80311313505785,66.705
225437,reward,3,Hopper-v4,68.49219878531925,66.077
225453,reward,3,Hopper-v4,15.854553326458513,61.457
225498,reward,3,Hopper-v4,74.408421704775,62.272
225550,reward,3,Hopper-v4,83.3114843076753,64.0
225591,reward,3,Hopper-v4,67.39811345560427,64.059
225639,reward,3,Hopper-v4,82.53156748215446,65.914
225686,reward,3,Hopper-v4,79.25106024689094,67.771
225737,reward,3,Hopper-v4,91.06060953663064,68.958
225791,reward,3,Hopper-v4,97.366652682274,72.248
225831,reward,3,Hopper-v4,65.13699753986847,72.481
225874,reward,3,Hopper-v4,70.16257980826931,72.648
225925,reward,3,Hopper-v4,89.12735542439087,79.975
225961,reward,3,Hopper-v4,57.46033249080748,78.281
226002,reward,3,Hopper-v4,67.07743037511642,76.657
226050,reward,3,Hopper-v4,82.57308274846163,78.175
226091,reward,3,Hopper-v4,65.78360722948598,76.5
226110,reward,3,Hopper-v4,21.97077845543704,70.772
226149,reward,3,Hopper-v4,63.484912564741784,68.014
226190,reward,3,Hopper-v4,66.67791564290354,64.945
226240,reward,3,Hopper-v4,84.74516764953705,66.906
226291,reward,3,Hopper-v4,85.56289016349764,68.446
226325,reward,3,Hopper-v4,48.655365820509786,64.399
226377,reward,3,Hopper-v4,86.32046540545986,67.285
226425,reward,3,Hopper-v4,83.02597823141134,68.88
226464,reward,3,Hopper-v4,62.112729193752955,66.834
226504,reward,3,Hopper-v4,64.54340109419357,66.71
226541,reward,3,Hopper-v4,58.77909999383628,70.391
226579,reward,3,Hopper-v4,60.59702129700231,70.102
226624,reward,3,Hopper-v4,76.19643745073435,71.054
226663,reward,3,Hopper-v4,63.277406939416586,68.907
226700,reward,3,Hopper-v4,60.101541913751554,66.361
226744,reward,3,Hopper-v4,72.4038375461361,68.736
226788,reward,3,Hopper-v4,70.76752946370614,67.18
226849,reward,3,Hopper-v4,115.99142004013386,70.477
226901,reward,3,Hopper-v4,93.71979298160676,73.638
226943,reward,3,Hopper-v4,67.13480457555599,73.897
226984,reward,3,Hopper-v4,67.03831786448808,74.723
227024,reward,3,Hopper-v4,65.342661226168,75.197
227066,reward,3,Hopper-v4,67.80588222549376,74.358
227105,reward,3,Hopper-v4,62.153098988229765,74.246
227146,reward,3,Hopper-v4,67.20750244726219,74.956
227187,reward,3,Hopper-v4,67.74646877590436,74.491
227236,reward,3,Hopper-v4,83.01085100175194,75.715
227278,reward,3,Hopper-v4,68.41151984124197,70.957
227336,reward,3,Hopper-v4,105.83671553229586,72.169
227377,reward,3,Hopper-v4,68.84843413806844,72.34
227417,reward,3,Hopper-v4,64.60728141215358,72.097
227460,reward,3,Hopper-v4,70.73267528011593,72.636
227501,reward,3,Hopper-v4,67.0372638313356,72.559
227538,reward,3,Hopper-v4,59.907086740938844,72.335
227590,reward,3,Hopper-v4,94.4878929979522,75.063
227630,reward,3,Hopper-v4,60.4239686085298,74.33
227673,reward,3,Hopper-v4,69.79509589625967,73.009
227719,reward,3,Hopper-v4,75.45358806142859,73.713
227757,reward,3,Hopper-v4,60.89498460814082,69.219
227804,reward,3,Hopper-v4,81.2700212754395,70.461
227848,reward,3,Hopper-v4,72.42139387253216,71.242
227890,reward,3,Hopper-v4,68.54418886473647,71.024
227956,reward,3,Hopper-v4,130.74791753731137,77.395
227991,reward,3,Hopper-v4,57.251824290063695,77.129
228035,reward,3,Hopper-v4,72.20003955949203,74.9
228079,reward,3,Hopper-v4,71.0544250902143,75.963
228130,reward,3,Hopper-v4,89.3530166527988,77.919
228169,reward,3,Hopper-v4,64.19862080621583,76.794
228208,reward,3,Hopper-v4,62.57262807633457,76.961
228247,reward,3,Hopper-v4,62.717396532285875,75.106
228285,reward,3,Hopper-v4,61.311395040983484,73.995
228334,reward,3,Hopper-v4,83.9165245600058,75.532
228375,reward,3,Hopper-v4,66.31543606914356,69.089
228414,reward,3,Hopper-v4,63.47124327954416,69.711
228451,reward,3,Hopper-v4,60.30865555044199,68.522
228493,reward,3,Hopper-v4,68.0039211594127,68.217
228529,reward,3,Hopper-v4,57.93997058865631,65.076
228571,reward,3,Hopper-v4,68.03276940221906,65.459
228613,reward,3,Hopper-v4,69.88528439643339,66.19
228653,reward,3,Hopper-v4,64.49619594942725,66.368
228697,reward,3,Hopper-v4,71.43170258408863,67.38
228714,reward,3,Hopper-v4,18.220056696771827,60.811
228756,reward,3,Hopper-v4,68.46597415598771,61.026
228809,reward,3,Hopper-v4,94.8816622755068,64.167
228858,reward,3,Hopper-v4,86.87766223343203,66.824
228899,reward,3,Hopper-v4,66.6221167365076,66.685
228951,reward,3,Hopper-v4,92.32723470168354,70.124
229002,reward,3,Hopper-v4,89.28150224599523,72.249
229045,reward,3,Hopper-v4,72.18261705574315,72.479
229085,reward,3,Hopper-v4,64.04542983078701,72.434
229121,reward,3,Hopper-v4,52.12066010186602,70.502
229162,reward,3,Hopper-v4,66.79955965667389,75.36
229215,reward,3,Hopper-v4,95.09865088693256,78.024
229276,reward,3,Hopper-v4,117.69107251626605,80.305
229318,reward,3,Hopper-v4,69.32386899939566,78.549
229359,reward,3,Hopper-v4,68.53352881453401,78.74
229401,reward,3,Hopper-v4,66.94699567067919,76.202
229444,reward,3,Hopper-v4,69.8386777261867,74.258
229483,reward,3,Hopper-v4,62.638842355339044,73.304
229524,reward,3,Hopper-v4,66.54351417418124,73.554
229573,reward,3,Hopper-v4,86.1171116464293,76.953
229615,reward,3,Hopper-v4,69.58985738514636,77.232
229655,reward,3,Hopper-v4,63.21895223662507,74.044
229708,reward,3,Hopper-v4,90.31657706846251,71.307
229749,reward,3,Hopper-v4,67.17456818247558,71.092
229793,reward,3,Hopper-v4,73.68090444546537,71.607
229829,reward,3,Hopper-v4,54.23212934357059,70.335
229864,reward,3,Hopper-v4,49.57228862749269,68.308
229891,reward,3,Hopper-v4,35.39464815832432,65.584
229914,reward,3,Hopper-v4,28.97502794231699,61.827
229960,reward,3,Hopper-v4,76.00015376731497,60.816
230000,eval,3,Hopper-v4,Hopper-v4,65.269,0.214968,238.351
230000,eval,3,Hopper-v4,Walker2d-v4,248.38,0.889043,30.999
230023,reward,3,Hopper-v4,123.19080638881391,66.176
230061,reward,3,Hopper-v4,60.7166969921097,65.925
230080,reward,3,Hopper-v4,21.02205432781883,58.996
230122,reward,3,Hopper-v4,68.88418577984987,59.167
230161,reward,3,Hopper-v4,62.6503935421457,58.064
230186,reward,3,Hopper-v4,32.05988603870827,55.847
230226,reward,3,Hopper-v4,61.96094957732717,57.085
230301,reward,3,Hopper-v4,153.6507552115359,68.911
230341,reward,3,Hopper-v4,65.0481896090365,72.518
230362,reward,3,Hopper-v4,24.252805353210928,67.344
230391,reward,3,Hopper-v4,37.05089718116775,58.73
230420,reward,3,Hopper-v4,39.103302396655764,56.568
230460,reward,3,Hopper-v4,66.23546525908931,61.09
230540,reward,3,Hopper-v4,173.74915280661455,71.576
230586,reward,3,Hopper-v4,77.60739868371529,73.072
230628,reward,3,Hopper-v4,64.10841694231934,76.277
230670,reward,3,Hopper-v4,69.57899832809045,77.039
230710,reward,3,Hopper-v4,65.55167473514695,68.229
230752,reward,3,Hopper-v4,70.4854223025788,68.772
230784,reward,3,Hopper-v4,44.111359928065795,70.758
230823,reward,3,Hopper-v4,63.41028227498417,73.394
230860,reward,3,Hopper-v4,59.79957542318322,75.464
230898,reward,3,Hopper-v4,63.30944259570068,75.171
230942,reward,3,Hopper-v4,72.43576909094304,65.04
230970,reward,3,Hopper-v4,36.04874300400223,60.884
231012,reward,3,Hopper-v4,67.9702088678328,61.27
231035,reward,3,Hopper-v4,28.194462006749948,57.132
231074,reward,3,Hopper-v4,64.02988568491293,56.98
231090,reward,3,Hopper-v4,16.956464482724893,51.627
231138,reward,3,Hopper-v4,82.94134425870156,55.51
231183,reward,3,Hopper-v4,76.76128267942914,56.845
231224,reward,3,Hopper-v4,67.62200082416682,57.627
231293,reward,3,Hopper-v4,138.94934195077946,65.191
231326,reward,3,Hopper-v4,47.61588856062986,62.709
231368,reward,3,Hopper-v4,70.44064415263327,66.148
231416,reward,3,Hopper-v4,85.95849289593083,67.947
231445,reward,3,Hopper-v4,39.96521587470758,69.124
231470,reward,3,Hopper-v4,31.47918669945997,65.869
231508,reward,3,Hopper-v4,63.0143545970355,70.475
231564,reward,3,Hopper-v4,99.85504515479857,72.166
231579,reward,3,Hopper-v4,16.799734416909693,66.17
231620,reward,3,Hopper-v4,67.36226546009757,66.144
231666,reward,3,Hopper-v4,76.76946332153473,59.926
231706,reward,3,Hopper-v4,64.70792253335215,61.635
231716,reward,3,Hopper-v4,9.256367082971071,55.517
231762,reward,3,Hopper-v4,80.34364128869781,54.955
231770,reward,3,Hopper-v4,6.526162823498951,51.611
231783,reward,3,Hopper-v4,12.87394791025533,49.751
231803,reward,3,Hopper-v4,23.238657348490804,45.773
231850,reward,3,Hopper-v4,79.99423626823298,43.787
231888,reward,3,Hopper-v4,61.35653692602091,48.243
231927,reward,3,Hopper-v4,62.55685298771891,47.762
231969,reward,3,Hopper-v4,68.46461991001527,46.932
232024,reward,3,Hopper-v4,97.17628392753797,50.179
232039,reward,3,Hopper-v4,15.439274627959461,50.797
232064,reward,3,Hopper-v4,30.282337664163673,45.791
232105,reward,3,Hopper-v4,66.5404645658897,51.792
232146,reward,3,Hopper-v4,66.34563773771173,57.139
232192,reward,3,Hopper-v4,74.57554948993308,62.273
232230,reward,3,Hopper-v4,61.575702239770855,60.431
232268,reward,3,Hopper-v4,61.65809876138286,60.461
232307,reward,3,Hopper-v4,62.87495709829764,60.493
232345,reward,3,Hopper-v4,61.8901465987316,59.836
232388,reward,3,Hopper-v4,67.67758923781602,56.886
232458,reward,3,Hopper-v4,143.15297442993443,69.657
232507,reward,3,Hopper-v4,85.50921905569444,75.18
232533,reward,3,Hopper-v4,33.147417328627796,71.841
232606,reward,3,Hopper-v4,149.5983658235961,80.166
232660,reward,3,Hopper-v4,98.1771959604526,82.526
232697,reward,3,Hopper-v4,60.692668108478216,82.438
232740,reward,3,Hopper-v4,69.78736254260454,83.251
232780,reward,3,Hopper-v4,65.7988874601051,83.543
232824,reward,3,Hopper-v4,74.69122347385466,84.823
232870,reward,3,Hopper-v4,79.73980434123384,86.03
232902,reward,3,Hopper-v4,44.44834901420552,76.159
232944,reward,3,Hopper-v4,69.24996470453678,74.533
232992,reward,3,Hopper-v4,78.87282048462873,79.106
233043,reward,3,Hopper-v4,92.58832353412522,73.405
233088,reward,3,Hopper-v4,77.13745952329984,71.301
233141,reward,3,Hopper-v4,95.42872374388625,74.774
233188,reward,3,Hopper-v4,82.74937757208606,76.07
233240,reward,3,Hopper-v4,92.52071932813288,78.743
233302,reward,3,Hopper-v4,118.54101659058432,83.128
233354,reward,3,Hopper-v4,92.83592307360053,84.437
233396,reward,3,Hopper-v4,67.91269990999929,86.784
233439,reward,3,Hopper-v4,69.61986953882104,86.821
233496,reward,3,Hopper-v4,102.03964492731917,89.137
233561,reward,3,Hopper-v4,129.85640559231607,92.864
233580,reward,3,Hopper-v4,22.285090011897353,87.379
233589,reward,3,Hopper-v4,7.632203827872443,78.599
233617,reward,3,Hopper-v4,37.444202691136304,74.069
233635,reward,3,Hopper-v4,19.65941663698278,66.783
233671,reward,3,Hopper-v4,53.451017064144416,60.274
233722,reward,3,Hopper-v4,87.8103769365897,59.771
233734,reward,3,Hopper-v4,11.626033368283657,54.142
233788,reward,3,Hopper-v4,99.49568303123226,57.13
233800,reward,3,Hopper-v4,11.090004287814885,48.035
233822,reward,3,Hopper-v4,27.079362542017655,37.757
233868,reward,3,Hopper-v4,78.19653646182421,43.348
233913,reward,3,Hopper-v4,76.16738563156179,50.202
233966,reward,3,Hopper-v4,94.25267257348426,55.883
234007,reward,3,Hopper-v4,65.12318257965184,60.429
234042,reward,3,Hopper-v4,50.18918574536745,60.103
234053,reward,3,Hopper-v4,9.220984208884758,52.244
234064,reward,3,Hopper-v4,10.07099299670023,52.089
234116,reward,3,Hopper-v4,92.44169717975129,51.383
234151,reward,3,Hopper-v4,57.19517719385053,55.994
234190,reward,3,Hopper-v4,57.8686109832245,59.073
234205,reward,3,Hopper-v4,15.590721646370659,52.812
234263,reward,3,Hopper-v4,107.58153027691351,55.953
234288,reward,3,Hopper-v4,31.73981787617988,49.702
234329,reward,3,Hopper-v4,68.36470298972152,50.026
234351,reward,3,Hopper-v4,26.104675686884207,47.618
234392,reward,3,Hopper-v4,65.8939083087362,53.285
234431,reward,3,Hopper-v4,58.47115073426045,58.125
234472,reward,3,Hopper-v4,66.4935087977677,55.53
234527,reward,3,Hopper-v4,96.98600402561489,59.509
234571,reward,3,Hopper-v4,73.4239116903949,61.065
234633,reward,3,Hopper-v4,117.14525925863379,71.22
234652,reward,3,Hopper-v4,21.084749039305844,62.571
234681,reward,3,Hopper-v4,38.42722299783822,63.24
234724,reward,3,Hopper-v4,66.57388589037016,63.06
234735,reward,3,Hopper-v4,9.678486003623753,61.418
234804,reward,3,Hopper-v4,88.7722226269321,63.706
234865,reward,3,Hopper-v4,114.05857730592831,69.264
234903,reward,3,Hopper-v4,61.640407899118095,68.779
234940,reward,3,Hopper-v4,60.52746959424186,65.133
234979,reward,3,Hopper-v4,63.33899536987973,64.125
235019,reward,3,Hopper-v4,65.30321585782065,58.941
235061,reward,3,Hopper-v4,70.50076624887785,63.882
235111,reward,3,Hopper-v4,86.98614684289983,68.738
235174,reward,3,Hopper-v4,116.8670592197836,73.767
235224,reward,3,Hopper-v4,86.97449657594598,81.497
235265,reward,3,Hopper-v4,69.39135322470847,79.559
235305,reward,3,Hopper-v4,65.76070132725948,74.729
235345,reward,3,Hopper-v4,65.94640979748343,75.16
235358,reward,3,Hopper-v4,13.350796467497403,70.442
235406,reward,3,Hopper-v4,83.22204499618715,72.43
235473,reward,3,Hopper-v4,134.24717838298935,79.325
235501,reward,3,Hopper-v4,38.721618110889246,76.147
235544,reward,3,Hopper-v4,72.364028591713,74.685
235591,reward,3,Hopper-v4,80.46368773615399,71.044
235615,reward,3,Hopper-v4,28.887052052012155,65.235
235628,reward,3,Hopper-v4,11.41439173815726,59.438
235688,reward,3,Hopper-v4,109.88610252250616,63.85
235725,reward,3,Hopper-v4,59.350205661709595,63.191
235764,reward,3,Hopper-v4,62.85122648711716,68.141
235831,reward,3,Hopper-v4,126.69176393829237,72.488
235843,reward,3,Hopper-v4,11.044942504426366,60.168
235889,reward,3,Hopper-v4,80.49262152297032,64.345
235929,reward,3,Hopper-v4,64.205813182244,63.529
235940,reward,3,Hopper-v4,9.72965054785031,56.455
235959,reward,3,Hopper-v4,19.85564384063981,55.552
236004,reward,3,Hopper-v4,75.34673899628677,61.945
236017,reward,3,Hopper-v4,12.979876405344207,52.255
236056,reward,3,Hopper-v4,63.5622860232443,52.676
236102,reward,3,Hopper-v4,78.09873472684144,54.201
236144,reward,3,Hopper-v4,68.00008622361158,48.332
236188,reward,3,Hopper-v4,73.19190154305916,54.546
236237,reward,3,Hopper-v4,79.91117756690599,54.488
236265,reward,3,Hopper-v4,36.65003208945863,51.733
236311,reward,3,Hopper-v4,79.37202716170121,58.697
236332,reward,3,Hopper-v4,25.469542711106637,59.258
236351,reward,3,Hopper-v4,21.858188836193012,53.909
236394,reward,3,Hopper-v4,71.5545546202913,59.767
236442,reward,3,Hopper-v4,80.17118116080502,61.428
236486,reward,3,Hopper-v4,72.15915490862056,60.834
236528,reward,3,Hopper-v4,70.17850625648377,61.052
236559,reward,3,Hopper-v4,43.094353405894196,58.042
236575,reward,3,Hopper-v4,17.084914066976758,51.759
236628,reward,3,Hopper-v4,94.89971068566209,57.584
236668,reward,3,Hopper-v4,59.52111995212628,55.599
236715,reward,3,Hopper-v4,81.53157954529658,61.205
236741,reward,3,Hopper-v4,33.68817415736275,62.388
236785,reward,3,Hopper-v4,72.79018195196376,62.512
236795,reward,3,Hopper-v4,8.541588123455197,55.349
236839,reward,3,Hopper-v4,74.14657620141406,55.548
236889,reward,3,Hopper-v4,87.11483922170177,57.241
236926,reward,3,Hopper-v4,60.16940576387289,58.949
236968,reward,3,Hopper-v4,68.32428453168195,64.073
237011,reward,3,Hopper-v4,69.73206953245676,61.556
237055,reward,3,Hopper-v4,75.61175882527934,63.165
237115,reward,3,Hopper-v4,113.8481183815473,66.397
237138,reward,3,Hopper-v4,28.007752642155577,65.829
237180,reward,3,Hopper-v4,63.96130924581447,64.946
237215,reward,3,Hopper-v4,52.27625495662284,69.319
237248,reward,3,Hopper-v4,45.40758740969233,66.445
237294,reward,3,Hopper-v4,76.42085100349506,65.376
237333,reward,3,Hopper-v4,64.76647444058163,65.836
237378,reward,3,Hopper-v4,74.76091235075114,66.479
237433,reward,3,Hopper-v4,101.9075095385422,69.697
237460,reward,3,Hopper-v4,35.35761401673615,65.671
237476,reward,3,Hopper-v4,17.097898736627926,55.996
237525,reward,3,Hopper-v4,86.57795087785675,61.853
237565,reward,3,Hopper-v4,65.64958588545701,62.022
237619,reward,3,Hopper-v4,92.54954293545266,66.05
237637,reward,3,Hopper-v4,19.756441150790994,63.484
237679,reward,3,Hopper-v4,64.60636279614594,62.303
237717,reward,3,Hopper-v4,56.76524124696549,61.503
237772,reward,3,Hopper-v4,99.57580089051017,63.984
237849,reward,3,Hopper-v4,125.78144907222774,66.372
237899,reward,3,Hopper-v4,89.84821736053262,71.821
237951,reward,3,Hopper-v4,92.41599272738051,79.353
237974,reward,3,Hopper-v4,28.446466038911737,73.54
238014,reward,3,Hopper-v4,65.74410216386798,73.549
238061,reward,3,Hopper-v4,79.72806236316389,72.267
238093,reward,3,Hopper-v4,45.193585126356616,74.811
238134,reward,3,Hopper-v4,62.56570111599273,74.606
238189,reward,3,Hopper-v4,99.98722862191246,78.929
238206,reward,3,Hopper-v4,18.884918038818697,70.86
238229,reward,3,Hopper-v4,29.476550588630168,61.229
238271,reward,3,Hopper-v4,68.68347519145911,59.113
238321,reward,3,Hopper-v4,87.75619326349941,58.647
238372,reward,3,Hopper-v4,89.78600731394009,64.781
238417,reward,3,Hopper-v4,76.6365821725827,65.87
238461,reward,3,Hopper-v4,70.59781274424385,64.957
238509,reward,3,Hopper-v4,81.83187112053139,68.621
238571,reward,3,Hopper-v4,115.82201473829682,73.946
238593,reward,3,Hopper-v4,27.28743512618773,66.676
238611,reward,3,Hopper-v4,20.38772261585194,66.827
238652,reward,3,Hopper-v4,68.59847397314952,70.739
238694,reward,3,Hopper-v4,70.86338626063805,70.957
238708,reward,3,Hopper-v4,14.274968574577999,63.609
238757,reward,3,Hopper-v4,86.8164943495082,63.312
238809,reward,3,Hopper-v4,91.97421401136499,64.845
238834,reward,3,Hopper-v4,31.134675962773976,60.899
238907,reward,3,Hopper-v4,150.1679630633505,67.733
238953,reward,3,Hopper-v4,80.04104300624608,64.155
238971,reward,3,Hopper-v4,21.55025582015298,63.581
239006,reward,3,Hopper-v4,55.37475070185303,67.08
239044,reward,3,Hopper-v4,57.37153390237383,65.957
239090,reward,3,Hopper-v4,75.75931195583456,66.447
239145,reward,3,Hopper-v4,100.722147598769,75.091
239185,reward,3,Hopper-v4,61.09918912610257,72.52
239234,reward,3,Hopper-v4,84.41224670415161,71.763
239289,reward,3,Hopper-v4,99.65834361897002,78.616
239304,reward,3,Hopper-v4,15.684048580382216,65.167
239338,reward,3,Hopper-v4,50.53396239220664,62.217
239377,reward,3,Hopper-v4,58.99009528251176,65.961
239417,reward,3,Hopper-v4,67.2231489010412,67.145
239462,reward,3,Hopper-v4,77.8273743403039,69.191
239493,reward,3,Hopper-v4,44.76115157090145,66.091
239527,reward,3,Hopper-v4,55.739871142824754,61.593
239562,reward,3,Hopper-v4,56.63654609818452,61.147
239609,reward,3,Hopper-v4,81.6709461165285,60.873
239649,reward,3,Hopper-v4,66.44014895370583,57.551
239687,reward,3,Hopper-v4,62.24214444866571,62.207
239733,reward,3,Hopper-v4,77.5058345731304,64.904
239748,reward,3,Hopper-v4,16.881532890371172,60.693
239796,reward,3,Hopper-v4,79.01855191278166,61.872
239820,reward,3,Hopper-v4,30.828448400800536,57.173
239852,reward,3,Hopper-v4,45.87678960978192,57.284
239900,reward,3,Hopper-v4,84.73429767996087,60.184
239916,reward,3,Hopper-v4,17.56108179141802,56.276
239977,reward,3,Hopper-v4,104.57950118116274,58.567
240000,eval,3,Hopper-v4,Hopper-v4,106.276,0.350029,197.344
240000,eval,3,Hopper-v4,Walker2d-v4,260.902,0.933866,18.477
240000,phase_summary,3,Hopper-v4,105.46,113.095,0.93249,7.635,3.25
