step,tag
11,reward,1,5.766969922109916,5.767,PPO-LN-RegenReg,Hopper-v4,3
76,reward,2,103.84223801710141,54.805,PPO-LN-RegenReg,Hopper-v4,3
106,reward,3,46.86105532111972,52.157,PPO-LN-RegenReg,Hopper-v4,3
147,reward,4,55.53566006384885,53.001,PPO-LN-RegenReg,Hopper-v4,3
160,reward,5,8.398298729142637,44.081,PPO-LN-RegenReg,Hopper-v4,3
228,reward,6,64.57110142651571,47.496,PPO-LN-RegenReg,Hopper-v4,3
272,reward,7,68.02876341143993,50.429,PPO-LN-RegenReg,Hopper-v4,3
329,reward,8,100.02503041951867,56.629,PPO-LN-RegenReg,Hopper-v4,3
352,reward,9,28.73766407215136,53.53,PPO-LN-RegenReg,Hopper-v4,3
401,reward,10,82.34098451123553,56.411,PPO-LN-RegenReg,Hopper-v4,3
422,reward,11,6.6910924284818005,56.503,PPO-LN-RegenReg,Hopper-v4,3
465,reward,12,74.36297903460233,53.555,PPO-LN-RegenReg,Hopper-v4,3
532,reward,13,51.377108149340934,54.007,PPO-LN-RegenReg,Hopper-v4,3
551,reward,14,8.927882339094642,49.346,PPO-LN-RegenReg,Hopper-v4,3
564,reward,15,11.579512776469691,49.664,PPO-LN-RegenReg,Hopper-v4,3
574,reward,16,6.772667760804824,43.884,PPO-LN-RegenReg,Hopper-v4,3
592,reward,17,20.099792349998594,39.091,PPO-LN-RegenReg,Hopper-v4,3
655,reward,18,91.40116521631315,38.229,PPO-LN-RegenReg,Hopper-v4,3
712,reward,19,68.99609611645198,42.255,PPO-LN-RegenReg,Hopper-v4,3
736,reward,20,7.874830187994678,34.808,PPO-LN-RegenReg,Hopper-v4,3
761,reward,21,35.458879200634705,37.685,PPO-LN-RegenReg,Hopper-v4,3
783,reward,22,5.496375634216653,30.798,PPO-LN-RegenReg,Hopper-v4,3
840,reward,23,99.62931805371589,35.624,PPO-LN-RegenReg,Hopper-v4,3
867,reward,24,42.63570291839446,38.994,PPO-LN-RegenReg,Hopper-v4,3
887,reward,25,7.729326189251579,38.609,PPO-LN-RegenReg,Hopper-v4,3
906,reward,26,19.586593369419067,39.891,PPO-LN-RegenReg,Hopper-v4,3
926,reward,27,17.598263449773157,39.641,PPO-LN-RegenReg,Hopper-v4,3
938,reward,28,10.481939053102659,31.549,PPO-LN-RegenReg,Hopper-v4,3
953,reward,29,8.571190041448913,25.506,PPO-LN-RegenReg,Hopper-v4,3
976,reward,30,25.05389593946252,27.224,PPO-LN-RegenReg,Hopper-v4,3
996,reward,31,9.520413085041534,24.63,PPO-LN-RegenReg,Hopper-v4,3
1096,reward,32,145.71297166482685,38.652,PPO-LN-RegenReg,Hopper-v4,3
1142,reward,33,75.73934345045242,36.263,PPO-LN-RegenReg,Hopper-v4,3
1181,reward,34,41.05408840755303,36.105,PPO-LN-RegenReg,Hopper-v4,3
1251,reward,35,69.9190516976765,42.324,PPO-LN-RegenReg,Hopper-v4,3
1297,reward,36,73.92997218803148,47.758,PPO-LN-RegenReg,Hopper-v4,3
1349,reward,37,82.6435285251403,54.263,PPO-LN-RegenReg,Hopper-v4,3
1360,reward,38,9.45063408766449,54.16,PPO-LN-RegenReg,Hopper-v4,3
1379,reward,39,8.019006090403472,54.104,PPO-LN-RegenReg,Hopper-v4,3
1409,reward,40,39.30628178401383,55.53,PPO-LN-RegenReg,Hopper-v4,3
1431,reward,41,28.01447014392211,57.379,PPO-LN-RegenReg,Hopper-v4,3
1522,reward,42,128.2469419163715,55.632,PPO-LN-RegenReg,Hopper-v4,3
1550,reward,43,7.03027700987905,48.761,PPO-LN-RegenReg,Hopper-v4,3
1603,reward,44,80.92806629373715,52.749,PPO-LN-RegenReg,Hopper-v4,3
1624,reward,45,11.573175691700477,46.914,PPO-LN-RegenReg,Hopper-v4,3
1644,reward,46,7.491260078275443,40.27,PPO-LN-RegenReg,Hopper-v4,3
1669,reward,47,26.976704338663247,34.704,PPO-LN-RegenReg,Hopper-v4,3
1690,reward,48,29.257088700944475,36.684,PPO-LN-RegenReg,Hopper-v4,3
1740,reward,49,81.2483264247317,44.007,PPO-LN-RegenReg,Hopper-v4,3
1766,reward,50,8.167681008415357,40.893,PPO-LN-RegenReg,Hopper-v4,3
1777,reward,51,9.827063876044516,39.075,PPO-LN-RegenReg,Hopper-v4,3
1791,reward,52,5.296181778978847,26.78,PPO-LN-RegenReg,Hopper-v4,3
1825,reward,53,55.040529186462464,31.581,PPO-LN-RegenReg,Hopper-v4,3
1864,reward,54,65.73593671510471,30.061,PPO-LN-RegenReg,Hopper-v4,3
1881,reward,55,4.680401147052748,29.372,PPO-LN-RegenReg,Hopper-v4,3
1901,reward,56,29.573558308161044,31.58,PPO-LN-RegenReg,Hopper-v4,3
1936,reward,57,49.335807124169214,33.816,PPO-LN-RegenReg,Hopper-v4,3
1953,reward,58,5.990497204846635,31.49,PPO-LN-RegenReg,Hopper-v4,3
1980,reward,59,40.82469433659928,27.447,PPO-LN-RegenReg,Hopper-v4,3
1997,reward,60,6.152652788335743,27.246,PPO-LN-RegenReg,Hopper-v4,3
2017,reward,61,1.8220364370988,26.445,PPO-LN-RegenReg,Hopper-v4,3
2031,reward,62,13.871310160725697,27.303,PPO-LN-RegenReg,Hopper-v4,3
2049,reward,63,16.658455034243527,23.465,PPO-LN-RegenReg,Hopper-v4,3
2071,reward,64,12.596050435820372,18.151,PPO-LN-RegenReg,Hopper-v4,3
2096,reward,65,6.496921602093417,18.332,PPO-LN-RegenReg,Hopper-v4,3
2118,reward,66,16.615712632126073,17.036,PPO-LN-RegenReg,Hopper-v4,3
2153,reward,67,56.41862179798728,17.745,PPO-LN-RegenReg,Hopper-v4,3
2168,reward,68,10.93318688746148,18.239,PPO-LN-RegenReg,Hopper-v4,3
2190,reward,69,6.644338913717179,14.821,PPO-LN-RegenReg,Hopper-v4,3
2237,reward,70,68.2499079663913,21.031,PPO-LN-RegenReg,Hopper-v4,3
2293,reward,71,38.96380712856678,24.745,PPO-LN-RegenReg,Hopper-v4,3
2319,reward,72,37.119664699795834,27.07,PPO-LN-RegenReg,Hopper-v4,3
2367,reward,73,80.46445212717391,33.45,PPO-LN-RegenReg,Hopper-v4,3
2385,reward,74,17.833186530892675,33.974,PPO-LN-RegenReg,Hopper-v4,3
2426,reward,75,23.8727630075767,35.712,PPO-LN-RegenReg,Hopper-v4,3
2439,reward,76,12.178912670252572,35.268,PPO-LN-RegenReg,Hopper-v4,3
2461,reward,77,4.738878873178497,30.1,PPO-LN-RegenReg,Hopper-v4,3
2480,reward,78,7.847419068852362,29.791,PPO-LN-RegenReg,Hopper-v4,3
2498,reward,79,18.843894386588943,31.011,PPO-LN-RegenReg,Hopper-v4,3
2516,reward,80,5.348018659881703,24.721,PPO-LN-RegenReg,Hopper-v4,3
2527,reward,81,8.398823713740628,21.665,PPO-LN-RegenReg,Hopper-v4,3
2544,reward,82,7.301858298650277,18.683,PPO-LN-RegenReg,Hopper-v4,3
2565,reward,83,6.568028825511361,11.293,PPO-LN-RegenReg,Hopper-v4,3
2589,reward,84,26.145057683850638,12.124,PPO-LN-RegenReg,Hopper-v4,3
2680,reward,85,158.39966918031826,25.577,PPO-LN-RegenReg,Hopper-v4,3
2697,reward,86,18.202417760693383,26.179,PPO-LN-RegenReg,Hopper-v4,3
2708,reward,87,7.687401160018028,26.474,PPO-LN-RegenReg,Hopper-v4,3
2727,reward,88,2.163535159784285,25.906,PPO-LN-RegenReg,Hopper-v4,3
2750,reward,89,14.977592764022727,25.519,PPO-LN-RegenReg,Hopper-v4,3
2783,reward,90,49.63897407038252,29.948,PPO-LN-RegenReg,Hopper-v4,3
2801,reward,91,18.468277707046816,30.955,PPO-LN-RegenReg,Hopper-v4,3
2810,reward,92,6.129827961692697,30.838,PPO-LN-RegenReg,Hopper-v4,3
2834,reward,93,27.546073985165524,32.936,PPO-LN-RegenReg,Hopper-v4,3
2850,reward,94,18.088965665476525,32.13,PPO-LN-RegenReg,Hopper-v4,3
2867,reward,95,5.568482697121175,16.847,PPO-LN-RegenReg,Hopper-v4,3
2895,reward,96,22.440156725668466,17.271,PPO-LN-RegenReg,Hopper-v4,3
2913,reward,97,15.05154799211321,18.007,PPO-LN-RegenReg,Hopper-v4,3
2939,reward,98,9.496505941036338,18.741,PPO-LN-RegenReg,Hopper-v4,3
2958,reward,99,22.643628304251827,19.507,PPO-LN-RegenReg,Hopper-v4,3
2971,reward,100,4.437747202882998,14.987,PPO-LN-RegenReg,Hopper-v4,3
2979,reward,101,5.611914407327293,13.701,PPO-LN-RegenReg,Hopper-v4,3
3006,reward,102,38.30815683031664,16.919,PPO-LN-RegenReg,Hopper-v4,3
3019,reward,103,11.905696629729373,15.355,PPO-LN-RegenReg,Hopper-v4,3
3030,reward,104,7.195173787442576,14.266,PPO-LN-RegenReg,Hopper-v4,3
3107,reward,105,118.73405538018409,25.582,PPO-LN-RegenReg,Hopper-v4,3
3130,reward,106,3.9137357628227907,23.73,PPO-LN-RegenReg,Hopper-v4,3
3144,reward,107,5.612860577269608,22.786,PPO-LN-RegenReg,Hopper-v4,3
3163,reward,108,20.565837907397153,23.893,PPO-LN-RegenReg,Hopper-v4,3
3179,reward,109,17.16360801833314,23.345,PPO-LN-RegenReg,Hopper-v4,3
3198,reward,110,16.598667398330146,24.561,PPO-LN-RegenReg,Hopper-v4,3
3221,reward,111,8.26103126793949,24.826,PPO-LN-RegenReg,Hopper-v4,3
3286,reward,112,97.63290714471827,30.758,PPO-LN-RegenReg,Hopper-v4,3
3304,reward,113,3.162119561363609,29.884,PPO-LN-RegenReg,Hopper-v4,3
3323,reward,114,7.974732892983246,29.962,PPO-LN-RegenReg,Hopper-v4,3
3375,reward,115,81.03107434188293,26.192,PPO-LN-RegenReg,Hopper-v4,3
3393,reward,116,4.7760385128260925,26.278,PPO-LN-RegenReg,Hopper-v4,3
3408,reward,117,5.349652801316074,26.252,PPO-LN-RegenReg,Hopper-v4,3
3437,reward,118,15.565895638345575,25.752,PPO-LN-RegenReg,Hopper-v4,3
3450,reward,119,6.222120984808883,24.657,PPO-LN-RegenReg,Hopper-v4,3
3469,reward,120,12.327575120841603,24.23,PPO-LN-RegenReg,Hopper-v4,3
3484,reward,121,6.216711872676017,24.026,PPO-LN-RegenReg,Hopper-v4,3
3537,reward,122,55.12274246687607,19.775,PPO-LN-RegenReg,Hopper-v4,3
3569,reward,123,44.58058735776977,23.917,PPO-LN-RegenReg,Hopper-v4,3
3582,reward,124,7.496941764126046,23.869,PPO-LN-RegenReg,Hopper-v4,3
3594,reward,125,7.379358090239863,16.504,PPO-LN-RegenReg,Hopper-v4,3
3624,reward,126,21.469827651636713,18.173,PPO-LN-RegenReg,Hopper-v4,3
3639,reward,127,11.467687071371106,18.785,PPO-LN-RegenReg,Hopper-v4,3
3656,reward,128,8.825567388844235,18.111,PPO-LN-RegenReg,Hopper-v4,3
3705,reward,129,78.90800625023186,25.38,PPO-LN-RegenReg,Hopper-v4,3
3726,reward,130,4.884590143330944,24.635,PPO-LN-RegenReg,Hopper-v4,3
3749,reward,131,20.818006590013322,26.095,PPO-LN-RegenReg,Hopper-v4,3
3766,reward,132,11.773372517197963,21.76,PPO-LN-RegenReg,Hopper-v4,3
3805,reward,133,61.90464758253024,23.493,PPO-LN-RegenReg,Hopper-v4,3
3854,reward,134,86.63494215740579,31.407,PPO-LN-RegenReg,Hopper-v4,3
3920,reward,135,86.6736643513831,39.336,PPO-LN-RegenReg,Hopper-v4,3
3943,reward,136,9.08816065078408,38.098,PPO-LN-RegenReg,Hopper-v4,3
3961,reward,137,5.210288047405255,37.472,PPO-LN-RegenReg,Hopper-v4,3
3979,reward,138,9.646468479073098,37.554,PPO-LN-RegenReg,Hopper-v4,3
4024,reward,139,73.74268425673742,37.038,PPO-LN-RegenReg,Hopper-v4,3
4065,reward,140,37.796690013316976,40.329,PPO-LN-RegenReg,Hopper-v4,3
4098,reward,141,15.370466306256938,39.784,PPO-LN-RegenReg,Hopper-v4,3
4119,reward,142,20.20005823644588,40.627,PPO-LN-RegenReg,Hopper-v4,3
4149,reward,143,10.25267314325514,35.462,PPO-LN-RegenReg,Hopper-v4,3
4179,reward,144,19.31494312621978,28.73,PPO-LN-RegenReg,Hopper-v4,3
4217,reward,145,36.6664144537417,23.729,PPO-LN-RegenReg,Hopper-v4,3
4247,reward,146,50.20823852108239,27.841,PPO-LN-RegenReg,Hopper-v4,3
4321,reward,147,133.30499988692733,40.65,PPO-LN-RegenReg,Hopper-v4,3
4343,reward,148,32.35578842016757,42.921,PPO-LN-RegenReg,Hopper-v4,3
4359,reward,149,14.390813571498208,36.986,PPO-LN-RegenReg,Hopper-v4,3
4380,reward,150,8.265662670672022,34.033,PPO-LN-RegenReg,Hopper-v4,3
4397,reward,151,6.752604783260682,33.171,PPO-LN-RegenReg,Hopper-v4,3
4447,reward,152,77.04137698573605,38.855,PPO-LN-RegenReg,Hopper-v4,3
4467,reward,153,8.0172933308583,38.632,PPO-LN-RegenReg,Hopper-v4,3
4493,reward,154,16.446829303560204,38.345,PPO-LN-RegenReg,Hopper-v4,3
4527,reward,155,51.3181295724146,39.81,PPO-LN-RegenReg,Hopper-v4,3
4546,reward,156,19.295106921170742,36.719,PPO-LN-RegenReg,Hopper-v4,3
4572,reward,157,30.567695135880697,26.445,PPO-LN-RegenReg,Hopper-v4,3
4589,reward,158,5.7720271647471035,23.787,PPO-LN-RegenReg,Hopper-v4,3
4635,reward,159,75.66885100059419,29.915,PPO-LN-RegenReg,Hopper-v4,3
4651,reward,160,13.011256570683072,30.389,PPO-LN-RegenReg,Hopper-v4,3
4675,reward,161,13.701956402921255,31.084,PPO-LN-RegenReg,Hopper-v4,3
4688,reward,162,9.298097604959224,24.31,PPO-LN-RegenReg,Hopper-v4,3
4736,reward,163,61.09114584050872,29.617,PPO-LN-RegenReg,Hopper-v4,3
4784,reward,164,77.17773001842225,35.69,PPO-LN-RegenReg,Hopper-v4,3
4797,reward,165,7.973674301585813,31.356,PPO-LN-RegenReg,Hopper-v4,3
4819,reward,166,4.313571092607192,29.858,PPO-LN-RegenReg,Hopper-v4,3
4875,reward,167,80.72549921485889,34.873,PPO-LN-RegenReg,Hopper-v4,3
4899,reward,168,35.70629644340737,37.867,PPO-LN-RegenReg,Hopper-v4,3
4914,reward,169,9.727185322951007,31.273,PPO-LN-RegenReg,Hopper-v4,3
4965,reward,170,71.9762643375061,37.169,PPO-LN-RegenReg,Hopper-v4,3
4985,reward,171,29.683791170975464,38.767,PPO-LN-RegenReg,Hopper-v4,3
5025,reward,172,66.04225879449204,44.442,PPO-LN-RegenReg,Hopper-v4,3
5050,reward,173,5.31927308236175,38.865,PPO-LN-RegenReg,Hopper-v4,3
5067,reward,174,2.2435626391834855,31.371,PPO-LN-RegenReg,Hopper-v4,3
5097,reward,175,20.903896156788285,32.664,PPO-LN-RegenReg,Hopper-v4,3
5150,reward,176,72.29209102670477,39.462,PPO-LN-RegenReg,Hopper-v4,3
5190,reward,177,62.03637557708335,37.593,PPO-LN-RegenReg,Hopper-v4,3
5231,reward,178,69.97238937006028,41.02,PPO-LN-RegenReg,Hopper-v4,3
5253,reward,179,22.459508545743702,42.293,PPO-LN-RegenReg,Hopper-v4,3
5275,reward,180,12.390309589972,36.334,PPO-LN-RegenReg,Hopper-v4,3
5292,reward,181,11.03596958451245,34.47,PPO-LN-RegenReg,Hopper-v4,3
5312,reward,182,10.718952472375612,28.937,PPO-LN-RegenReg,Hopper-v4,3
5375,reward,183,97.5123967250743,38.157,PPO-LN-RegenReg,Hopper-v4,3
5417,reward,184,63.849640672264016,44.317,PPO-LN-RegenReg,Hopper-v4,3
5436,reward,185,8.19192992213767,43.046,PPO-LN-RegenReg,Hopper-v4,3
5458,reward,186,25.276333417915815,38.344,PPO-LN-RegenReg,Hopper-v4,3
5475,reward,187,7.899427173920018,32.931,PPO-LN-RegenReg,Hopper-v4,3
5490,reward,188,11.209913069232611,27.054,PPO-LN-RegenReg,Hopper-v4,3
5512,reward,189,7.579927429262242,25.566,PPO-LN-RegenReg,Hopper-v4,3
5537,reward,190,24.436106886764406,26.771,PPO-LN-RegenReg,Hopper-v4,3
5580,reward,191,44.528041415161894,30.12,PPO-LN-RegenReg,Hopper-v4,3
5595,reward,192,11.33061120205777,30.181,PPO-LN-RegenReg,Hopper-v4,3
5644,reward,193,76.3961846572496,28.07,PPO-LN-RegenReg,Hopper-v4,3
5662,reward,194,15.553616061050642,23.24,PPO-LN-RegenReg,Hopper-v4,3
5680,reward,195,18.070985150357384,24.228,PPO-LN-RegenReg,Hopper-v4,3
5700,reward,196,24.78804706647836,24.179,PPO-LN-RegenReg,Hopper-v4,3
5726,reward,197,23.003387557797062,25.69,PPO-LN-RegenReg,Hopper-v4,3
5771,reward,198,41.94344543327527,28.763,PPO-LN-RegenReg,Hopper-v4,3
5791,reward,199,0.23698454153518345,28.029,PPO-LN-RegenReg,Hopper-v4,3
5815,reward,200,35.35721050743267,29.121,PPO-LN-RegenReg,Hopper-v4,3
5835,reward,201,3.1028330661621135,24.978,PPO-LN-RegenReg,Hopper-v4,3
5856,reward,202,0.5734193081759666,23.903,PPO-LN-RegenReg,Hopper-v4,3
5890,reward,203,59.107137694653346,22.174,PPO-LN-RegenReg,Hopper-v4,3
5912,reward,204,19.146231191270278,22.533,PPO-LN-RegenReg,Hopper-v4,3
5937,reward,205,9.130253498355774,21.639,PPO-LN-RegenReg,Hopper-v4,3
5949,reward,206,8.83245627274834,20.043,PPO-LN-RegenReg,Hopper-v4,3
5994,reward,207,22.274769455455615,19.97,PPO-LN-RegenReg,Hopper-v4,3
6011,reward,208,15.261109792247892,17.302,PPO-LN-RegenReg,Hopper-v4,3
6044,reward,209,49.37131768164699,22.216,PPO-LN-RegenReg,Hopper-v4,3
6061,reward,210,16.8366888429105,20.364,PPO-LN-RegenReg,Hopper-v4,3
6083,reward,211,16.9010401042509,21.743,PPO-LN-RegenReg,Hopper-v4,3
6103,reward,212,22.169640363444106,23.903,PPO-LN-RegenReg,Hopper-v4,3
6124,reward,213,2.900518964070221,18.282,PPO-LN-RegenReg,Hopper-v4,3
6142,reward,214,7.645094985603118,17.132,PPO-LN-RegenReg,Hopper-v4,3
6158,reward,215,9.11469258382755,17.131,PPO-LN-RegenReg,Hopper-v4,3
6186,reward,216,37.549644897889394,20.002,PPO-LN-RegenReg,Hopper-v4,3
6216,reward,217,24.31656936303473,20.207,PPO-LN-RegenReg,Hopper-v4,3
6235,reward,218,20.391025032623016,20.72,PPO-LN-RegenReg,Hopper-v4,3
6308,reward,219,124.60698595230109,28.243,PPO-LN-RegenReg,Hopper-v4,3
6350,reward,220,68.60622014670497,33.42,PPO-LN-RegenReg,Hopper-v4,3
6383,reward,221,53.646705624741365,37.095,PPO-LN-RegenReg,Hopper-v4,3
6479,reward,222,98.26924407850619,44.705,PPO-LN-RegenReg,Hopper-v4,3
6490,reward,223,7.649373094912377,45.18,PPO-LN-RegenReg,Hopper-v4,3
6511,reward,224,8.688421938596077,45.284,PPO-LN-RegenReg,Hopper-v4,3
6520,reward,225,4.834513623022294,44.856,PPO-LN-RegenReg,Hopper-v4,3
6579,reward,226,81.78126076282133,49.279,PPO-LN-RegenReg,Hopper-v4,3
6646,reward,227,95.8019449122127,56.428,PPO-LN-RegenReg,Hopper-v4,3
6672,reward,228,32.90220707587407,57.679,PPO-LN-RegenReg,Hopper-v4,3
6709,reward,229,11.940147975338451,46.412,PPO-LN-RegenReg,Hopper-v4,3
6727,reward,230,7.029764991895042,40.254,PPO-LN-RegenReg,Hopper-v4,3
6774,reward,231,68.77223503532629,41.767,PPO-LN-RegenReg,Hopper-v4,3
6798,reward,232,29.806963847602,34.921,PPO-LN-RegenReg,Hopper-v4,3
6842,reward,233,67.28294650063314,40.884,PPO-LN-RegenReg,Hopper-v4,3
6859,reward,234,8.978263902523375,40.913,PPO-LN-RegenReg,Hopper-v4,3
6873,reward,235,4.255846800720354,40.855,PPO-LN-RegenReg,Hopper-v4,3
6900,reward,236,36.62521717347271,36.34,PPO-LN-RegenReg,Hopper-v4,3
6982,reward,237,125.23191385656237,39.283,PPO-LN-RegenReg,Hopper-v4,3
6997,reward,238,13.186032078553655,37.311,PPO-LN-RegenReg,Hopper-v4,3
7015,reward,239,5.194021090685597,36.636,PPO-LN-RegenReg,Hopper-v4,3
7024,reward,240,4.861371263419832,36.419,PPO-LN-RegenReg,Hopper-v4,3
7045,reward,241,4.227203373009095,29.965,PPO-LN-RegenReg,Hopper-v4,3
7066,reward,242,7.086557482052843,27.693,PPO-LN-RegenReg,Hopper-v4,3
7081,reward,243,5.764690534977171,21.541,PPO-LN-RegenReg,Hopper-v4,3
7101,reward,244,3.030188804410119,20.946,PPO-LN-RegenReg,Hopper-v4,3
7117,reward,245,11.176044223700396,21.638,PPO-LN-RegenReg,Hopper-v4,3
7134,reward,246,10.364753383567347,19.012,PPO-LN-RegenReg,Hopper-v4,3
7159,reward,247,35.8741527524145,10.077,PPO-LN-RegenReg,Hopper-v4,3
7219,reward,248,99.25646212178532,18.684,PPO-LN-RegenReg,Hopper-v4,3
7248,reward,249,29.166609374088143,21.081,PPO-LN-RegenReg,Hopper-v4,3
7265,reward,250,7.088115054815644,21.303,PPO-LN-RegenReg,Hopper-v4,3
7345,reward,251,134.47173730751123,34.328,PPO-LN-RegenReg,Hopper-v4,3
7380,reward,252,28.142300967758736,36.434,PPO-LN-RegenReg,Hopper-v4,3
7400,reward,253,3.324319539718007,36.189,PPO-LN-RegenReg,Hopper-v4,3
7441,reward,254,66.99535116033894,42.586,PPO-LN-RegenReg,Hopper-v4,3
7462,reward,255,7.817739167550779,42.25,PPO-LN-RegenReg,Hopper-v4,3
7479,reward,256,2.4808282468062064,41.462,PPO-LN-RegenReg,Hopper-v4,3
7492,reward,257,6.6436839656847715,38.539,PPO-LN-RegenReg,Hopper-v4,3
7511,reward,258,7.273651264583233,29.34,PPO-LN-RegenReg,Hopper-v4,3
7561,reward,259,73.8815727768709,33.812,PPO-LN-RegenReg,Hopper-v4,3
7581,reward,260,6.020604652408244,33.705,PPO-LN-RegenReg,Hopper-v4,3
7599,reward,261,21.187041353988697,22.377,PPO-LN-RegenReg,Hopper-v4,3
7634,reward,262,53.099175542897065,24.872,PPO-LN-RegenReg,Hopper-v4,3
7665,reward,263,19.50191746527251,26.49,PPO-LN-RegenReg,Hopper-v4,3
7699,reward,264,53.52385225763426,25.143,PPO-LN-RegenReg,Hopper-v4,3
7770,reward,265,106.81887522026186,35.043,PPO-LN-RegenReg,Hopper-v4,3
7815,reward,266,79.44056820269697,42.739,PPO-LN-RegenReg,Hopper-v4,3
7857,reward,267,69.20607311291977,48.995,PPO-LN-RegenReg,Hopper-v4,3
7879,reward,268,3.028051678329012,48.571,PPO-LN-RegenReg,Hopper-v4,3
7916,reward,269,42.71336716428796,45.454,PPO-LN-RegenReg,Hopper-v4,3
7934,reward,270,18.588329522389163,46.711,PPO-LN-RegenReg,Hopper-v4,3
7946,reward,271,7.7213741808979375,45.364,PPO-LN-RegenReg,Hopper-v4,3
7970,reward,272,6.689387967059993,40.723,PPO-LN-RegenReg,Hopper-v4,3
8000,reward,273,8.605680106300124,39.634,PPO-LN-RegenReg,Hopper-v4,3
8022,reward,274,4.886042973277906,34.77,PPO-LN-RegenReg,Hopper-v4,3
8033,reward,275,11.983516581226503,25.286,PPO-LN-RegenReg,Hopper-v4,3
8085,reward,276,83.22004358811019,25.664,PPO-LN-RegenReg,Hopper-v4,3
8124,reward,277,63.35894018695947,25.079,PPO-LN-RegenReg,Hopper-v4,3
8145,reward,278,24.51657116244219,27.228,PPO-LN-RegenReg,Hopper-v4,3
8157,reward,279,7.3366499453609615,23.691,PPO-LN-RegenReg,Hopper-v4,3
8178,reward,280,22.10509490690508,24.042,PPO-LN-RegenReg,Hopper-v4,3
8197,reward,281,10.310525770608816,24.301,PPO-LN-RegenReg,Hopper-v4,3
8217,reward,282,26.98876129631331,26.331,PPO-LN-RegenReg,Hopper-v4,3
8266,reward,283,85.03025464558985,33.974,PPO-LN-RegenReg,Hopper-v4,3
8371,reward,284,176.6432770711143,51.149,PPO-LN-RegenReg,Hopper-v4,3
8403,reward,285,17.260362686276373,51.677,PPO-LN-RegenReg,Hopper-v4,3
8425,reward,286,21.4598343862544,45.501,PPO-LN-RegenReg,Hopper-v4,3
8478,reward,287,84.78126176265825,47.643,PPO-LN-RegenReg,Hopper-v4,3
8557,reward,288,130.09242455161908,58.201,PPO-LN-RegenReg,Hopper-v4,3
8581,reward,289,40.96650279823345,61.564,PPO-LN-RegenReg,Hopper-v4,3
8590,reward,290,4.5051587929575065,59.804,PPO-LN-RegenReg,Hopper-v4,3
8644,reward,291,89.01950212443167,67.675,PPO-LN-RegenReg,Hopper-v4,3
8688,reward,292,68.14207837548153,71.79,PPO-LN-RegenReg,Hopper-v4,3
8697,reward,293,4.326658633909746,63.72,PPO-LN-RegenReg,Hopper-v4,3
8718,reward,294,21.913147626484154,48.247,PPO-LN-RegenReg,Hopper-v4,3
8761,reward,295,68.54691261607793,53.375,PPO-LN-RegenReg,Hopper-v4,3
8774,reward,296,7.848570857631579,52.014,PPO-LN-RegenReg,Hopper-v4,3
8788,reward,297,15.877894283141307,45.124,PPO-LN-RegenReg,Hopper-v4,3
8828,reward,298,60.241032399237014,38.139,PPO-LN-RegenReg,Hopper-v4,3
8902,reward,299,111.14682661191162,45.157,PPO-LN-RegenReg,Hopper-v4,3
8973,reward,300,99.01239177379398,54.608,PPO-LN-RegenReg,Hopper-v4,3
9049,reward,301,123.79829102898618,58.085,PPO-LN-RegenReg,Hopper-v4,3
9078,reward,302,37.86191296341889,55.057,PPO-LN-RegenReg,Hopper-v4,3
9092,reward,303,5.4969317724043485,55.174,PPO-LN-RegenReg,Hopper-v4,3
9109,reward,304,11.437705899729814,54.127,PPO-LN-RegenReg,Hopper-v4,3
9122,reward,305,5.244596027747008,47.797,PPO-LN-RegenReg,Hopper-v4,3
9156,reward,306,55.18412032776327,52.53,PPO-LN-RegenReg,Hopper-v4,3
9193,reward,307,63.50926738445433,57.293,PPO-LN-RegenReg,Hopper-v4,3
9204,reward,308,4.712556183240837,51.74,PPO-LN-RegenReg,Hopper-v4,3
9222,reward,309,22.77554801040865,42.903,PPO-LN-RegenReg,Hopper-v4,3
9236,reward,310,10.193338506855849,34.021,PPO-LN-RegenReg,Hopper-v4,3
9322,reward,311,119.57686729410871,33.599,PPO-LN-RegenReg,Hopper-v4,3
9358,reward,312,55.86670507801411,35.4,PPO-LN-RegenReg,Hopper-v4,3
9406,reward,313,79.44546965942425,42.795,PPO-LN-RegenReg,Hopper-v4,3
9423,reward,314,7.766179098357979,42.427,PPO-LN-RegenReg,Hopper-v4,3
9459,reward,315,55.34430775130605,47.437,PPO-LN-RegenReg,Hopper-v4,3
9475,reward,316,16.962535825043478,43.615,PPO-LN-RegenReg,Hopper-v4,3
9498,reward,317,8.143055494315872,38.079,PPO-LN-RegenReg,Hopper-v4,3
9511,reward,318,13.01000849412517,38.908,PPO-LN-RegenReg,Hopper-v4,3
9546,reward,319,54.429836339412944,42.074,PPO-LN-RegenReg,Hopper-v4,3
9593,reward,320,71.58470255282435,48.213,PPO-LN-RegenReg,Hopper-v4,3
9606,reward,321,6.18918361073986,36.874,PPO-LN-RegenReg,Hopper-v4,3
9647,reward,322,70.26767993077448,38.314,PPO-LN-RegenReg,Hopper-v4,3
9691,reward,323,72.1523682855369,37.585,PPO-LN-RegenReg,Hopper-v4,3
9729,reward,324,57.24417472802126,42.533,PPO-LN-RegenReg,Hopper-v4,3
9774,reward,325,66.61390587349821,43.66,PPO-LN-RegenReg,Hopper-v4,3
9817,reward,326,66.39405367373553,48.603,PPO-LN-RegenReg,Hopper-v4,3
9859,reward,327,68.80113895181366,54.669,PPO-LN-RegenReg,Hopper-v4,3
9921,reward,328,81.17409667232313,61.485,PPO-LN-RegenReg,Hopper-v4,3
9950,reward,329,34.23488788008671,59.466,PPO-LN-RegenReg,Hopper-v4,3
9995,reward,330,67.8566299864145,59.093,PPO-LN-RegenReg,Hopper-v4,3
10022,reward,331,9.869345606777888,59.461,PPO-LN-RegenReg,Hopper-v4,3
10035,reward,332,6.660117330435888,53.1,PPO-LN-RegenReg,Hopper-v4,3
10077,reward,333,66.25699142844208,52.511,PPO-LN-RegenReg,Hopper-v4,3
10118,reward,334,59.13408086535929,52.7,PPO-LN-RegenReg,Hopper-v4,3
10158,reward,335,65.0989289816661,52.548,PPO-LN-RegenReg,Hopper-v4,3
10177,reward,336,22.161123729535166,48.125,PPO-LN-RegenReg,Hopper-v4,3
10208,reward,337,9.522006483686848,42.197,PPO-LN-RegenReg,Hopper-v4,3
10225,reward,338,12.514354964746607,35.331,PPO-LN-RegenReg,Hopper-v4,3
10239,reward,339,5.466913578109806,32.454,PPO-LN-RegenReg,Hopper-v4,3
10252,reward,340,7.137564736938735,26.382,PPO-LN-RegenReg,Hopper-v4,3
10304,reward,341,87.76780155073885,34.172,PPO-LN-RegenReg,Hopper-v4,3
10328,reward,342,23.880736550162915,35.894,PPO-LN-RegenReg,Hopper-v4,3
10344,reward,343,3.8404402606485823,29.652,PPO-LN-RegenReg,Hopper-v4,3
10395,reward,344,90.81358015332869,32.82,PPO-LN-RegenReg,Hopper-v4,3
10438,reward,345,73.14525330977487,33.625,PPO-LN-RegenReg,Hopper-v4,3
10529,reward,346,124.96351677236447,43.905,PPO-LN-RegenReg,Hopper-v4,3
10620,reward,347,154.58952627208586,58.412,PPO-LN-RegenReg,Hopper-v4,3
10664,reward,348,73.79403756615626,64.54,PPO-LN-RegenReg,Hopper-v4,3
10688,reward,349,35.806349078955186,67.574,PPO-LN-RegenReg,Hopper-v4,3
10729,reward,350,66.72763965310146,73.533,PPO-LN-RegenReg,Hopper-v4,3
10780,reward,351,57.17049373182913,70.473,PPO-LN-RegenReg,Hopper-v4,3
10825,reward,352,71.9214715076555,75.277,PPO-LN-RegenReg,Hopper-v4,3
10845,reward,353,20.94822748062063,76.988,PPO-LN-RegenReg,Hopper-v4,3
10888,reward,354,72.66115467582931,75.173,PPO-LN-RegenReg,Hopper-v4,3
10926,reward,355,58.51743752588749,73.71,PPO-LN-RegenReg,Hopper-v4,3
10959,reward,356,54.442729845778736,66.658,PPO-LN-RegenReg,Hopper-v4,3
11005,reward,357,77.3530990453354,58.934,PPO-LN-RegenReg,Hopper-v4,3
11074,reward,358,54.2873418856804,56.984,PPO-LN-RegenReg,Hopper-v4,3
11096,reward,359,16.52489117410541,55.055,PPO-LN-RegenReg,Hopper-v4,3
11150,reward,360,91.16166109455294,57.499,PPO-LN-RegenReg,Hopper-v4,3
11166,reward,361,18.521023817818172,53.634,PPO-LN-RegenReg,Hopper-v4,3
11249,reward,362,116.73290931534895,58.115,PPO-LN-RegenReg,Hopper-v4,3
11292,reward,363,72.63045095081061,63.283,PPO-LN-RegenReg,Hopper-v4,3
11347,reward,364,86.37064309882368,64.654,PPO-LN-RegenReg,Hopper-v4,3
11366,reward,365,13.682275684503335,60.171,PPO-LN-RegenReg,Hopper-v4,3
11382,reward,366,9.73053443955444,55.699,PPO-LN-RegenReg,Hopper-v4,3
11397,reward,367,7.281191798541695,48.692,PPO-LN-RegenReg,Hopper-v4,3
11442,reward,368,69.41197978236546,50.205,PPO-LN-RegenReg,Hopper-v4,3
11460,reward,369,10.900202977217646,49.642,PPO-LN-RegenReg,Hopper-v4,3
11517,reward,370,60.721093156016515,46.598,PPO-LN-RegenReg,Hopper-v4,3
11526,reward,371,5.815603059730268,45.328,PPO-LN-RegenReg,Hopper-v4,3
11576,reward,372,85.38962409504505,42.193,PPO-LN-RegenReg,Hopper-v4,3
11589,reward,373,8.903598001138896,35.821,PPO-LN-RegenReg,Hopper-v4,3
11597,reward,374,4.948477644156855,27.678,PPO-LN-RegenReg,Hopper-v4,3
11635,reward,375,65.17894507824165,32.828,PPO-LN-RegenReg,Hopper-v4,3
11676,reward,376,65.54250796060597,38.409,PPO-LN-RegenReg,Hopper-v4,3
11690,reward,377,9.14670578276568,38.596,PPO-LN-RegenReg,Hopper-v4,3
11731,reward,378,71.21486306056123,38.776,PPO-LN-RegenReg,Hopper-v4,3
11770,reward,379,62.992643082996075,43.985,PPO-LN-RegenReg,Hopper-v4,3
11790,reward,380,6.905546343591043,38.604,PPO-LN-RegenReg,Hopper-v4,3
11854,reward,381,96.88517764782407,47.711,PPO-LN-RegenReg,Hopper-v4,3
11903,reward,382,79.9303566552239,47.165,PPO-LN-RegenReg,Hopper-v4,3
11956,reward,383,71.66463075670453,53.441,PPO-LN-RegenReg,Hopper-v4,3
12035,reward,384,75.67312672938719,60.513,PPO-LN-RegenReg,Hopper-v4,3
12057,reward,385,17.89269632203354,55.785,PPO-LN-RegenReg,Hopper-v4,3
12083,reward,386,11.845044784301185,50.415,PPO-LN-RegenReg,Hopper-v4,3
12132,reward,387,88.82733431182285,58.383,PPO-LN-RegenReg,Hopper-v4,3
12151,reward,388,8.715456396230424,52.133,PPO-LN-RegenReg,Hopper-v4,3
12169,reward,389,6.677798608491997,46.502,PPO-LN-RegenReg,Hopper-v4,3
12196,reward,390,35.58638509377476,49.37,PPO-LN-RegenReg,Hopper-v4,3
12213,reward,391,21.363339404098124,41.818,PPO-LN-RegenReg,Hopper-v4,3
12246,reward,392,56.07381347348069,39.432,PPO-LN-RegenReg,Hopper-v4,3
12278,reward,393,48.572928925258424,37.123,PPO-LN-RegenReg,Hopper-v4,3
12326,reward,394,79.77173968166113,37.533,PPO-LN-RegenReg,Hopper-v4,3
12369,reward,395,68.1870969665339,42.562,PPO-LN-RegenReg,Hopper-v4,3
12394,reward,396,6.020401962176915,41.98,PPO-LN-RegenReg,Hopper-v4,3
12405,reward,397,5.496739855791716,33.647,PPO-LN-RegenReg,Hopper-v4,3
12462,reward,398,86.51487269657986,41.427,PPO-LN-RegenReg,Hopper-v4,3
12501,reward,399,67.27061247427056,47.486,PPO-LN-RegenReg,Hopper-v4,3
12514,reward,400,6.827484983036735,44.61,PPO-LN-RegenReg,Hopper-v4,3
12569,reward,401,96.39620970274963,52.113,PPO-LN-RegenReg,Hopper-v4,3
12584,reward,402,9.20932580010735,47.427,PPO-LN-RegenReg,Hopper-v4,3
12654,reward,403,114.88702240154896,54.058,PPO-LN-RegenReg,Hopper-v4,3
12664,reward,404,5.483585907970402,46.629,PPO-LN-RegenReg,Hopper-v4,3
12677,reward,405,8.465741097008737,40.657,PPO-LN-RegenReg,Hopper-v4,3
12716,reward,406,65.25956402553498,46.581,PPO-LN-RegenReg,Hopper-v4,3
12729,reward,407,7.5809732776051995,46.79,PPO-LN-RegenReg,Hopper-v4,3
12753,reward,408,10.016559897296563,39.14,PPO-LN-RegenReg,Hopper-v4,3
12793,reward,409,40.10870121118876,36.424,PPO-LN-RegenReg,Hopper-v4,3
12827,reward,410,52.962659518879256,41.037,PPO-LN-RegenReg,Hopper-v4,3
12846,reward,411,14.449629063867096,32.842,PPO-LN-RegenReg,Hopper-v4,3
12871,reward,412,29.379665111582835,34.859,PPO-LN-RegenReg,Hopper-v4,3
12894,reward,413,11.786827621346818,24.549,PPO-LN-RegenReg,Hopper-v4,3
12909,reward,414,16.759965087279568,25.677,PPO-LN-RegenReg,Hopper-v4,3
12929,reward,415,23.448853983444447,27.175,PPO-LN-RegenReg,Hopper-v4,3
12963,reward,416,48.1648369699671,25.466,PPO-LN-RegenReg,Hopper-v4,3
13008,reward,417,78.31426390103796,32.539,PPO-LN-RegenReg,Hopper-v4,3
13021,reward,418,3.8750027363550403,31.925,PPO-LN-RegenReg,Hopper-v4,3
13063,reward,419,68.59809583736049,34.774,PPO-LN-RegenReg,Hopper-v4,3
13095,reward,420,50.27836616776705,34.506,PPO-LN-RegenReg,Hopper-v4,3
13111,reward,421,12.176237885167367,34.278,PPO-LN-RegenReg,Hopper-v4,3
13136,reward,422,34.59055499931252,34.799,PPO-LN-RegenReg,Hopper-v4,3
13176,reward,423,46.22876878354907,38.243,PPO-LN-RegenReg,Hopper-v4,3
13193,reward,424,1.0173591858901045,36.669,PPO-LN-RegenReg,Hopper-v4,3
13233,reward,425,60.91169036931126,40.416,PPO-LN-RegenReg,Hopper-v4,3
13275,reward,426,60.140080156653354,41.613,PPO-LN-RegenReg,Hopper-v4,3
13374,reward,427,155.8157523160564,49.363,PPO-LN-RegenReg,Hopper-v4,3
13399,reward,428,39.49123705588802,52.925,PPO-LN-RegenReg,Hopper-v4,3
13409,reward,429,6.077511794418938,46.673,PPO-LN-RegenReg,Hopper-v4,3
13423,reward,430,15.554254329108181,43.2,PPO-LN-RegenReg,Hopper-v4,3
13474,reward,431,82.95891543146547,50.279,PPO-LN-RegenReg,Hopper-v4,3
13492,reward,432,18.070312669680053,48.627,PPO-LN-RegenReg,Hopper-v4,3
13517,reward,433,30.505249446360963,47.054,PPO-LN-RegenReg,Hopper-v4,3
13599,reward,434,131.33916042746745,60.086,PPO-LN-RegenReg,Hopper-v4,3
13651,reward,435,46.43108347990309,58.638,PPO-LN-RegenReg,Hopper-v4,3
13683,reward,436,35.15461652032459,56.14,PPO-LN-RegenReg,Hopper-v4,3
13693,reward,437,4.862738437933065,41.045,PPO-LN-RegenReg,Hopper-v4,3
13751,reward,438,107.21317733961286,47.817,PPO-LN-RegenReg,Hopper-v4,3
13782,reward,439,15.469442061507054,48.756,PPO-LN-RegenReg,Hopper-v4,3
13826,reward,440,35.643393290131,50.765,PPO-LN-RegenReg,Hopper-v4,3
13924,reward,441,176.93268780834563,60.162,PPO-LN-RegenReg,Hopper-v4,3
13966,reward,442,64.81008437216069,64.836,PPO-LN-RegenReg,Hopper-v4,3
14006,reward,443,69.61712250764786,68.747,PPO-LN-RegenReg,Hopper-v4,3
14036,reward,444,48.996004971788565,60.513,PPO-LN-RegenReg,Hopper-v4,3
14054,reward,445,6.797871963650479,56.55,PPO-LN-RegenReg,Hopper-v4,3
14075,reward,446,26.872022707014345,55.721,PPO-LN-RegenReg,Hopper-v4,3
14089,reward,447,5.137204760447842,55.749,PPO-LN-RegenReg,Hopper-v4,3
14105,reward,448,14.25204657927355,46.453,PPO-LN-RegenReg,Hopper-v4,3
14118,reward,449,6.046529983315179,45.51,PPO-LN-RegenReg,Hopper-v4,3
14165,reward,450,54.606692185377284,47.407,PPO-LN-RegenReg,Hopper-v4,3
14194,reward,451,14.414701766719425,31.155,PPO-LN-RegenReg,Hopper-v4,3
14217,reward,452,10.615278239297874,25.736,PPO-LN-RegenReg,Hopper-v4,3
14230,reward,453,10.607634977484087,19.835,PPO-LN-RegenReg,Hopper-v4,3
14324,reward,454,126.1671649191377,27.552,PPO-LN-RegenReg,Hopper-v4,3
14339,reward,455,4.21309749206311,27.293,PPO-LN-RegenReg,Hopper-v4,3
14383,reward,456,51.486683313891724,29.755,PPO-LN-RegenReg,Hopper-v4,3
14409,reward,457,7.447507526626856,29.986,PPO-LN-RegenReg,Hopper-v4,3
14424,reward,458,4.124617840716682,28.973,PPO-LN-RegenReg,Hopper-v4,3
14443,reward,459,24.37086671068353,30.805,PPO-LN-RegenReg,Hopper-v4,3
14494,reward,460,68.0847258125255,32.153,PPO-LN-RegenReg,Hopper-v4,3
14547,reward,461,65.93668870632854,37.305,PPO-LN-RegenReg,Hopper-v4,3
14566,reward,462,10.976690570555894,37.342,PPO-LN-RegenReg,Hopper-v4,3
14582,reward,463,2.9750332150739838,36.578,PPO-LN-RegenReg,Hopper-v4,3
14615,reward,464,54.98502458962008,29.46,PPO-LN-RegenReg,Hopper-v4,3
14624,reward,465,6.129808474422213,29.652,PPO-LN-RegenReg,Hopper-v4,3
14643,reward,466,9.303141593639825,25.433,PPO-LN-RegenReg,Hopper-v4,3
14686,reward,467,61.61711322193822,30.85,PPO-LN-RegenReg,Hopper-v4,3
14720,reward,468,58.566004558699305,36.295,PPO-LN-RegenReg,Hopper-v4,3
14749,reward,469,50.15777090314388,38.873,PPO-LN-RegenReg,Hopper-v4,3
14804,reward,470,97.61750049381708,41.826,PPO-LN-RegenReg,Hopper-v4,3
14817,reward,471,6.587903186721262,35.892,PPO-LN-RegenReg,Hopper-v4,3
14849,reward,472,54.66426263094051,40.26,PPO-LN-RegenReg,Hopper-v4,3
14899,reward,473,71.83527715424843,47.146,PPO-LN-RegenReg,Hopper-v4,3
14932,reward,474,54.60286744877243,47.108,PPO-LN-RegenReg,Hopper-v4,3
14965,reward,475,33.671018609304944,49.862,PPO-LN-RegenReg,Hopper-v4,3
14985,reward,476,8.586711287134804,49.791,PPO-LN-RegenReg,Hopper-v4,3
15018,reward,477,51.96055648113489,48.825,PPO-LN-RegenReg,Hopper-v4,3
15060,reward,478,67.17713467805429,49.686,PPO-LN-RegenReg,Hopper-v4,3
15104,reward,479,62.56471165952269,50.927,PPO-LN-RegenReg,Hopper-v4,3
15117,reward,480,5.584297388049288,41.723,PPO-LN-RegenReg,Hopper-v4,3
15156,reward,481,62.9265370266198,47.357,PPO-LN-RegenReg,Hopper-v4,3
15202,reward,482,76.1509957254219,49.506,PPO-LN-RegenReg,Hopper-v4,3
15228,reward,483,37.57730089730348,46.08,PPO-LN-RegenReg,Hopper-v4,3
15264,reward,484,58.61473917517741,46.481,PPO-LN-RegenReg,Hopper-v4,3
15290,reward,485,45.2975747057116,47.644,PPO-LN-RegenReg,Hopper-v4,3
15342,reward,486,73.15452829729477,54.101,PPO-LN-RegenReg,Hopper-v4,3
15359,reward,487,8.50198553061884,49.755,PPO-LN-RegenReg,Hopper-v4,3
15376,reward,488,10.186468088566993,44.056,PPO-LN-RegenReg,Hopper-v4,3
15450,reward,489,102.34231223122814,48.034,PPO-LN-RegenReg,Hopper-v4,3
15466,reward,490,7.071765273728589,48.182,PPO-LN-RegenReg,Hopper-v4,3
15479,reward,491,7.27432683169259,42.617,PPO-LN-RegenReg,Hopper-v4,3
15533,reward,492,70.47613624649426,42.05,PPO-LN-RegenReg,Hopper-v4,3
15579,reward,493,61.34427124163576,44.426,PPO-LN-RegenReg,Hopper-v4,3
15594,reward,494,4.836037700611316,39.049,PPO-LN-RegenReg,Hopper-v4,3
15618,reward,495,19.507446312609897,36.47,PPO-LN-RegenReg,Hopper-v4,3
15641,reward,496,16.39336244513202,30.793,PPO-LN-RegenReg,Hopper-v4,3
15710,reward,497,108.8345769343154,40.827,PPO-LN-RegenReg,Hopper-v4,3
15763,reward,498,79.68255733237334,47.776,PPO-LN-RegenReg,Hopper-v4,3
15805,reward,499,66.77850656590348,44.22,PPO-LN-RegenReg,Hopper-v4,3
15822,reward,500,17.98657152211954,45.311,PPO-LN-RegenReg,Hopper-v4,3
15843,reward,501,8.598884166678104,45.444,PPO-LN-RegenReg,Hopper-v4,3
15956,reward,502,165.55624066574484,54.952,PPO-LN-RegenReg,Hopper-v4,3
15980,reward,503,10.988697220528227,49.916,PPO-LN-RegenReg,Hopper-v4,3
16011,reward,504,52.86778495635553,54.719,PPO-LN-RegenReg,Hopper-v4,3
16046,reward,505,47.41300431783515,57.51,PPO-LN-RegenReg,Hopper-v4,3
16079,reward,506,32.955171469925745,59.166,PPO-LN-RegenReg,Hopper-v4,3
16100,reward,507,5.8658613488489095,48.869,PPO-LN-RegenReg,Hopper-v4,3
16123,reward,508,8.809139979079271,41.782,PPO-LN-RegenReg,Hopper-v4,3
16133,reward,509,5.167432963136072,35.621,PPO-LN-RegenReg,Hopper-v4,3
16160,reward,510,45.03317436456956,38.326,PPO-LN-RegenReg,Hopper-v4,3
16190,reward,511,50.7539863048498,42.541,PPO-LN-RegenReg,Hopper-v4,3
16218,reward,512,9.822202948361333,26.968,PPO-LN-RegenReg,Hopper-v4,3
16254,reward,513,55.38834662456569,31.408,PPO-LN-RegenReg,Hopper-v4,3
16332,reward,514,105.73845501132811,36.695,PPO-LN-RegenReg,Hopper-v4,3
16352,reward,515,11.464999446246594,33.1,PPO-LN-RegenReg,Hopper-v4,3
16370,reward,516,20.282786056689478,31.833,PPO-LN-RegenReg,Hopper-v4,3
16432,reward,517,69.69695236005043,38.216,PPO-LN-RegenReg,Hopper-v4,3
16445,reward,518,7.677422018532468,38.103,PPO-LN-RegenReg,Hopper-v4,3
16499,reward,519,44.692609303455754,42.055,PPO-LN-RegenReg,Hopper-v4,3
16555,reward,520,54.28687670112773,42.98,PPO-LN-RegenReg,Hopper-v4,3
16593,reward,521,65.00907967127043,44.406,PPO-LN-RegenReg,Hopper-v4,3
16609,reward,522,10.564238714294051,44.48,PPO-LN-RegenReg,Hopper-v4,3
16647,reward,523,63.263616933483014,45.268,PPO-LN-RegenReg,Hopper-v4,3
16685,reward,524,63.588164344334785,41.053,PPO-LN-RegenReg,Hopper-v4,3
16757,reward,525,125.45079678167268,52.451,PPO-LN-RegenReg,Hopper-v4,3
16780,reward,526,6.009120793226592,51.024,PPO-LN-RegenReg,Hopper-v4,3
16878,reward,527,150.64721330923862,59.119,PPO-LN-RegenReg,Hopper-v4,3
16909,reward,528,52.49742342450849,63.601,PPO-LN-RegenReg,Hopper-v4,3
16981,reward,529,74.74087648459926,66.606,PPO-LN-RegenReg,Hopper-v4,3
17059,reward,530,96.50330948848391,70.827,PPO-LN-RegenReg,Hopper-v4,3
17106,reward,531,72.24224792090895,71.551,PPO-LN-RegenReg,Hopper-v4,3
17147,reward,532,64.48622052165298,76.943,PPO-LN-RegenReg,Hopper-v4,3
17186,reward,533,65.72226758379028,77.189,PPO-LN-RegenReg,Hopper-v4,3
17223,reward,534,63.35385391918395,77.165,PPO-LN-RegenReg,Hopper-v4,3
17287,reward,535,47.096725439974705,69.33,PPO-LN-RegenReg,Hopper-v4,3
17327,reward,536,62.61581267503942,74.991,PPO-LN-RegenReg,Hopper-v4,3
17381,reward,537,78.16411128449126,67.742,PPO-LN-RegenReg,Hopper-v4,3
17402,reward,538,3.1782530542654417,62.81,PPO-LN-RegenReg,Hopper-v4,3
17436,reward,539,52.77119974893956,60.613,PPO-LN-RegenReg,Hopper-v4,3
17485,reward,540,75.04687887460082,58.468,PPO-LN-RegenReg,Hopper-v4,3
17514,reward,541,35.04435339412915,54.748,PPO-LN-RegenReg,Hopper-v4,3
17570,reward,542,38.63462417573004,52.163,PPO-LN-RegenReg,Hopper-v4,3
17606,reward,543,57.79748758151224,51.37,PPO-LN-RegenReg,Hopper-v4,3
17645,reward,544,61.050703503858884,51.14,PPO-LN-RegenReg,Hopper-v4,3
17733,reward,545,144.40515841202105,60.871,PPO-LN-RegenReg,Hopper-v4,3
17803,reward,546,84.4537243595848,63.055,PPO-LN-RegenReg,Hopper-v4,3
17846,reward,547,75.99217611145679,62.837,PPO-LN-RegenReg,Hopper-v4,3
17922,reward,548,72.96351276131122,69.816,PPO-LN-RegenReg,Hopper-v4,3
17995,reward,549,120.89112114723414,76.628,PPO-LN-RegenReg,Hopper-v4,3
18054,reward,550,93.18919212620524,78.442,PPO-LN-RegenReg,Hopper-v4,3
18101,reward,551,52.90091006982935,80.228,PPO-LN-RegenReg,Hopper-v4,3
18128,reward,552,45.282881487262316,80.893,PPO-LN-RegenReg,Hopper-v4,3
18159,reward,553,22.931839973921907,77.406,PPO-LN-RegenReg,Hopper-v4,3
18206,reward,554,78.25587609372327,79.127,PPO-LN-RegenReg,Hopper-v4,3
18312,reward,555,192.5008632656557,83.936,PPO-LN-RegenReg,Hopper-v4,3
18344,reward,556,54.040281638946226,80.895,PPO-LN-RegenReg,Hopper-v4,3
18398,reward,557,90.72870794612113,82.369,PPO-LN-RegenReg,Hopper-v4,3
18455,reward,558,73.19105671894759,82.391,PPO-LN-RegenReg,Hopper-v4,3
18495,reward,559,65.57178444994601,76.859,PPO-LN-RegenReg,Hopper-v4,3
18554,reward,560,100.54781641534146,77.595,PPO-LN-RegenReg,Hopper-v4,3
18607,reward,561,92.48629095088015,81.554,PPO-LN-RegenReg,Hopper-v4,3
18626,reward,562,5.7936233645004265,77.605,PPO-LN-RegenReg,Hopper-v4,3
18641,reward,563,5.08253238327059,75.82,PPO-LN-RegenReg,Hopper-v4,3
18675,reward,564,56.97482047001243,73.692,PPO-LN-RegenReg,Hopper-v4,3
18725,reward,565,56.53558255911722,60.095,PPO-LN-RegenReg,Hopper-v4,3
18768,reward,566,72.38081369344074,61.929,PPO-LN-RegenReg,Hopper-v4,3
18823,reward,567,91.55224747078154,62.012,PPO-LN-RegenReg,Hopper-v4,3
18862,reward,568,64.9453675818798,61.187,PPO-LN-RegenReg,Hopper-v4,3
18883,reward,569,3.1367228602353228,54.944,PPO-LN-RegenReg,Hopper-v4,3
18912,reward,570,7.501588052654329,45.639,PPO-LN-RegenReg,Hopper-v4,3
18964,reward,571,75.19107725423358,43.909,PPO-LN-RegenReg,Hopper-v4,3
18978,reward,572,4.365216445878295,43.767,PPO-LN-RegenReg,Hopper-v4,3
19040,reward,573,106.6855781413769,53.927,PPO-LN-RegenReg,Hopper-v4,3
19125,reward,574,135.25470492055163,61.755,PPO-LN-RegenReg,Hopper-v4,3
19152,reward,575,38.27437181451301,59.929,PPO-LN-RegenReg,Hopper-v4,3
19241,reward,576,135.77901485969662,66.269,PPO-LN-RegenReg,Hopper-v4,3
19312,reward,577,96.25004562759497,66.738,PPO-LN-RegenReg,Hopper-v4,3
19366,reward,578,87.82867104742313,69.027,PPO-LN-RegenReg,Hopper-v4,3
19403,reward,579,64.93793219516327,75.207,PPO-LN-RegenReg,Hopper-v4,3
19439,reward,580,58.08977590638773,80.266,PPO-LN-RegenReg,Hopper-v4,3
19453,reward,581,7.734810068037805,73.52,PPO-LN-RegenReg,Hopper-v4,3
19504,reward,582,86.81092698579043,81.765,PPO-LN-RegenReg,Hopper-v4,3
19548,reward,583,70.31518504109991,78.128,PPO-LN-RegenReg,Hopper-v4,3
19558,reward,584,6.7999819483498465,65.282,PPO-LN-RegenReg,Hopper-v4,3
19606,reward,585,74.54427403345612,68.909,PPO-LN-RegenReg,Hopper-v4,3
19653,reward,586,69.88469416472208,62.32,PPO-LN-RegenReg,Hopper-v4,3
19681,reward,587,12.709175368776041,53.966,PPO-LN-RegenReg,Hopper-v4,3
19734,reward,588,72.12664552995321,52.395,PPO-LN-RegenReg,Hopper-v4,3
19789,reward,589,66.45472552804605,52.547,PPO-LN-RegenReg,Hopper-v4,3
19800,reward,590,7.41628686353247,47.48,PPO-LN-RegenReg,Hopper-v4,3
19853,reward,591,92.3019702835036,55.936,PPO-LN-RegenReg,Hopper-v4,3
19900,reward,592,75.2281033761691,54.778,PPO-LN-RegenReg,Hopper-v4,3
19935,reward,593,55.20381061285466,53.267,PPO-LN-RegenReg,Hopper-v4,3
19967,reward,594,55.479986035811436,58.135,PPO-LN-RegenReg,Hopper-v4,3
19982,reward,595,18.179894622411155,52.499,PPO-LN-RegenReg,Hopper-v4,3
20114,reward,596,122.87407196803376,57.797,PPO-LN-RegenReg,Hopper-v4,3
20124,reward,597,5.131901498438348,57.04,PPO-LN-RegenReg,Hopper-v4,3
20151,reward,598,47.38519552399622,54.566,PPO-LN-RegenReg,Hopper-v4,3
20200,reward,599,91.11796514384712,57.032,PPO-LN-RegenReg,Hopper-v4,3
20234,reward,600,58.739425973556955,62.164,PPO-LN-RegenReg,Hopper-v4,3
20274,reward,601,62.11650350168067,59.146,PPO-LN-RegenReg,Hopper-v4,3
20310,reward,602,19.14517521876858,53.537,PPO-LN-RegenReg,Hopper-v4,3
20352,reward,603,62.61094968183168,54.278,PPO-LN-RegenReg,Hopper-v4,3
20389,reward,604,65.22643765503405,55.253,PPO-LN-RegenReg,Hopper-v4,3
20444,reward,605,37.02051734260028,57.137,PPO-LN-RegenReg,Hopper-v4,3
20472,reward,606,48.06016616744712,49.655,PPO-LN-RegenReg,Hopper-v4,3
20508,reward,607,56.519047415648494,54.794,PPO-LN-RegenReg,Hopper-v4,3
20522,reward,608,7.99889312333677,50.856,PPO-LN-RegenReg,Hopper-v4,3
20559,reward,609,31.10065923408445,44.854,PPO-LN-RegenReg,Hopper-v4,3
20604,reward,610,44.28419059272229,43.408,PPO-LN-RegenReg,Hopper-v4,3
20621,reward,611,21.926242637685327,39.389,PPO-LN-RegenReg,Hopper-v4,3
20692,reward,612,94.52883801578264,46.928,PPO-LN-RegenReg,Hopper-v4,3
20737,reward,613,49.86282609356204,45.653,PPO-LN-RegenReg,Hopper-v4,3
20776,reward,614,67.47014525130889,45.877,PPO-LN-RegenReg,Hopper-v4,3
20813,reward,615,62.32533070501539,48.408,PPO-LN-RegenReg,Hopper-v4,3
20863,reward,616,78.2388922841382,51.426,PPO-LN-RegenReg,Hopper-v4,3
20898,reward,617,62.0344727287801,51.977,PPO-LN-RegenReg,Hopper-v4,3
20943,reward,618,76.36858734724923,58.814,PPO-LN-RegenReg,Hopper-v4,3
21010,reward,619,99.12296420664636,65.616,PPO-LN-RegenReg,Hopper-v4,3
21053,reward,620,62.182333923721,67.406,PPO-LN-RegenReg,Hopper-v4,3
21097,reward,621,68.02629072713462,72.016,PPO-LN-RegenReg,Hopper-v4,3
21140,reward,622,67.95293385311709,69.358,PPO-LN-RegenReg,Hopper-v4,3
21167,reward,623,32.569745797806554,67.629,PPO-LN-RegenReg,Hopper-v4,3
21204,reward,624,64.52529001315189,67.335,PPO-LN-RegenReg,Hopper-v4,3
21268,reward,625,37.619553132111086,64.864,PPO-LN-RegenReg,Hopper-v4,3
21279,reward,626,9.770419395951663,58.017,PPO-LN-RegenReg,Hopper-v4,3
21292,reward,627,7.894085704940019,52.603,PPO-LN-RegenReg,Hopper-v4,3
21317,reward,628,9.961186124254315,45.962,PPO-LN-RegenReg,Hopper-v4,3
21372,reward,629,102.06317729875377,46.257,PPO-LN-RegenReg,Hopper-v4,3
21416,reward,630,68.63894551934474,46.902,PPO-LN-RegenReg,Hopper-v4,3
21437,reward,631,10.872583897701963,41.187,PPO-LN-RegenReg,Hopper-v4,3
21474,reward,632,55.49180829696816,39.941,PPO-LN-RegenReg,Hopper-v4,3
21485,reward,633,7.488595569529068,37.433,PPO-LN-RegenReg,Hopper-v4,3
21532,reward,634,76.2862946987869,38.609,PPO-LN-RegenReg,Hopper-v4,3
21559,reward,635,6.6622547970760735,35.513,PPO-LN-RegenReg,Hopper-v4,3
21604,reward,636,71.6265212445102,41.699,PPO-LN-RegenReg,Hopper-v4,3
21644,reward,637,69.27434148800486,47.837,PPO-LN-RegenReg,Hopper-v4,3
21702,reward,638,73.89780063686791,54.23,PPO-LN-RegenReg,Hopper-v4,3
21772,reward,639,84.28180380920263,52.452,PPO-LN-RegenReg,Hopper-v4,3
21847,reward,640,124.14187185635721,58.002,PPO-LN-RegenReg,Hopper-v4,3
21888,reward,641,23.83538923966428,59.299,PPO-LN-RegenReg,Hopper-v4,3
21934,reward,642,73.71585270072606,61.121,PPO-LN-RegenReg,Hopper-v4,3
21969,reward,643,59.31507537688139,66.304,PPO-LN-RegenReg,Hopper-v4,3
22031,reward,644,73.06529221460814,65.982,PPO-LN-RegenReg,Hopper-v4,3
22072,reward,645,14.004107840897506,66.716,PPO-LN-RegenReg,Hopper-v4,3
22128,reward,646,87.34659699619033,68.288,PPO-LN-RegenReg,Hopper-v4,3
22151,reward,647,7.802998868227906,62.141,PPO-LN-RegenReg,Hopper-v4,3
22199,reward,648,72.10067172775746,61.961,PPO-LN-RegenReg,Hopper-v4,3
22218,reward,649,9.062884952754438,54.439,PPO-LN-RegenReg,Hopper-v4,3
22258,reward,650,69.17549883136547,48.942,PPO-LN-RegenReg,Hopper-v4,3
22312,reward,651,86.22311912217086,55.181,PPO-LN-RegenReg,Hopper-v4,3
22369,reward,652,95.76978594064867,57.387,PPO-LN-RegenReg,Hopper-v4,3
22432,reward,653,103.12936388356734,61.768,PPO-LN-RegenReg,Hopper-v4,3
22451,reward,654,19.50023463323031,56.412,PPO-LN-RegenReg,Hopper-v4,3
22469,reward,655,13.126270119356374,56.324,PPO-LN-RegenReg,Hopper-v4,3
22511,reward,656,70.91142721366263,54.68,PPO-LN-RegenReg,Hopper-v4,3
22598,reward,657,155.59102471473855,69.459,PPO-LN-RegenReg,Hopper-v4,3
22652,reward,658,97.43902591688526,71.993,PPO-LN-RegenReg,Hopper-v4,3
22697,reward,659,75.3683530824798,78.623,PPO-LN-RegenReg,Hopper-v4,3
22748,reward,660,73.53085495449368,79.059,PPO-LN-RegenReg,Hopper-v4,3
22800,reward,661,88.3364079297655,79.27,PPO-LN-RegenReg,Hopper-v4,3
22873,reward,662,130.1582925031277,82.709,PPO-LN-RegenReg,Hopper-v4,3
22894,reward,663,5.091894251550688,72.905,PPO-LN-RegenReg,Hopper-v4,3
22908,reward,664,14.589511977828295,72.414,PPO-LN-RegenReg,Hopper-v4,3
22986,reward,665,144.28976629448906,85.531,PPO-LN-RegenReg,Hopper-v4,3
23017,reward,666,50.85661169805596,83.525,PPO-LN-RegenReg,Hopper-v4,3
23076,reward,667,71.98035265135356,75.164,PPO-LN-RegenReg,Hopper-v4,3
23117,reward,668,68.12761177181969,72.233,PPO-LN-RegenReg,Hopper-v4,3
23162,reward,669,69.0025560091568,71.596,PPO-LN-RegenReg,Hopper-v4,3
23185,reward,670,20.982584561586627,66.342,PPO-LN-RegenReg,Hopper-v4,3
23235,reward,671,76.19669049667917,65.128,PPO-LN-RegenReg,Hopper-v4,3
23320,reward,672,135.93384189325474,65.705,PPO-LN-RegenReg,Hopper-v4,3
23356,reward,673,59.522830580741356,71.148,PPO-LN-RegenReg,Hopper-v4,3
23372,reward,674,8.800297919999855,70.569,PPO-LN-RegenReg,Hopper-v4,3
23424,reward,675,86.86075391053407,64.826,PPO-LN-RegenReg,Hopper-v4,3
23530,reward,676,166.69642728034958,76.41,PPO-LN-RegenReg,Hopper-v4,3
23574,reward,677,66.53777310554612,75.866,PPO-LN-RegenReg,Hopper-v4,3
23598,reward,678,12.044937331096232,70.258,PPO-LN-RegenReg,Hopper-v4,3
23609,reward,679,5.258796115903597,63.883,PPO-LN-RegenReg,Hopper-v4,3
23665,reward,680,95.41143519014109,71.326,PPO-LN-RegenReg,Hopper-v4,3
23689,reward,681,6.991095793527736,64.406,PPO-LN-RegenReg,Hopper-v4,3
23766,reward,682,70.07421610419033,57.82,PPO-LN-RegenReg,Hopper-v4,3
23840,reward,683,74.92176769313613,59.36,PPO-LN-RegenReg,Hopper-v4,3
23893,reward,684,61.92427084838193,64.672,PPO-LN-RegenReg,Hopper-v4,3
24007,reward,685,138.50320659480553,69.836,PPO-LN-RegenReg,Hopper-v4,3
24060,reward,686,82.15001291754423,61.382,PPO-LN-RegenReg,Hopper-v4,3
24072,reward,687,6.7520332468862305,55.403,PPO-LN-RegenReg,Hopper-v4,3
24110,reward,688,64.74780780070368,60.673,PPO-LN-RegenReg,Hopper-v4,3
24140,reward,689,49.27074747384843,65.075,PPO-LN-RegenReg,Hopper-v4,3
24187,reward,690,75.60736992780366,63.094,PPO-LN-RegenReg,Hopper-v4,3
24229,reward,691,68.06411315777187,69.202,PPO-LN-RegenReg,Hopper-v4,3
24275,reward,692,65.20600051904914,68.715,PPO-LN-RegenReg,Hopper-v4,3
24308,reward,693,55.770825458006215,66.8,PPO-LN-RegenReg,Hopper-v4,3
24346,reward,694,62.2638849462596,66.834,PPO-LN-RegenReg,Hopper-v4,3
24385,reward,695,65.30336716758738,59.514,PPO-LN-RegenReg,Hopper-v4,3
24428,reward,696,71.41389467755526,58.44,PPO-LN-RegenReg,Hopper-v4,3
24481,reward,697,80.97324625918802,65.862,PPO-LN-RegenReg,Hopper-v4,3
24525,reward,698,71.85721492102586,66.573,PPO-LN-RegenReg,Hopper-v4,3
24576,reward,699,49.844986224317616,66.63,PPO-LN-RegenReg,Hopper-v4,3
24603,reward,700,10.77424437570186,60.147,PPO-LN-RegenReg,Hopper-v4,3
24635,reward,701,54.026273875368304,58.743,PPO-LN-RegenReg,Hopper-v4,3
24647,reward,702,5.50691680035812,52.773,PPO-LN-RegenReg,Hopper-v4,3
24676,reward,703,48.66561771676673,52.063,PPO-LN-RegenReg,Hopper-v4,3
24719,reward,704,75.11418564219262,53.348,PPO-LN-RegenReg,Hopper-v4,3
24799,reward,705,97.57597187664027,56.575,PPO-LN-RegenReg,Hopper-v4,3
24822,reward,706,5.832379071122059,50.017,PPO-LN-RegenReg,Hopper-v4,3
24849,reward,707,44.752137439436,46.395,PPO-LN-RegenReg,Hopper-v4,3
24897,reward,708,73.85455179152747,46.595,PPO-LN-RegenReg,Hopper-v4,3
24913,reward,709,17.84698401510604,43.395,PPO-LN-RegenReg,Hopper-v4,3
24935,reward,710,4.861938787565936,42.804,PPO-LN-RegenReg,Hopper-v4,3
24943,reward,711,5.075493251654593,37.909,PPO-LN-RegenReg,Hopper-v4,3
25015,reward,712,52.27942165182475,42.586,PPO-LN-RegenReg,Hopper-v4,3
25062,reward,713,71.69413198561955,44.889,PPO-LN-RegenReg,Hopper-v4,3
25118,reward,714,97.61291332433035,47.139,PPO-LN-RegenReg,Hopper-v4,3
25152,reward,715,57.946336311995324,43.176,PPO-LN-RegenReg,Hopper-v4,3
25184,reward,716,54.96372681773166,48.089,PPO-LN-RegenReg,Hopper-v4,3
25216,reward,717,56.49850469002165,49.263,PPO-LN-RegenReg,Hopper-v4,3
25258,reward,718,63.485885674718745,48.227,PPO-LN-RegenReg,Hopper-v4,3
25314,reward,719,42.14743097019774,50.657,PPO-LN-RegenReg,Hopper-v4,3
25359,reward,720,75.31919442507879,57.702,PPO-LN-RegenReg,Hopper-v4,3
25400,reward,721,67.74748325020305,63.97,PPO-LN-RegenReg,Hopper-v4,3
25415,reward,722,9.735543020343467,59.715,PPO-LN-RegenReg,Hopper-v4,3
25436,reward,723,8.677582188110529,53.413,PPO-LN-RegenReg,Hopper-v4,3
25447,reward,724,7.211569042635192,44.373,PPO-LN-RegenReg,Hopper-v4,3
25459,reward,725,5.971283623951356,39.176,PPO-LN-RegenReg,Hopper-v4,3
25477,reward,726,3.197666765451986,33.999,PPO-LN-RegenReg,Hopper-v4,3
25533,reward,727,90.04280136148613,37.354,PPO-LN-RegenReg,Hopper-v4,3
25551,reward,728,5.41573888560975,31.547,PPO-LN-RegenReg,Hopper-v4,3
25578,reward,729,3.6720249737609567,27.699,PPO-LN-RegenReg,Hopper-v4,3
25592,reward,730,8.951771493780432,21.062,PPO-LN-RegenReg,Hopper-v4,3
25632,reward,731,66.57238243776318,20.945,PPO-LN-RegenReg,Hopper-v4,3
25690,reward,732,72.9151190296895,27.263,PPO-LN-RegenReg,Hopper-v4,3
25743,reward,733,32.62817496316561,29.658,PPO-LN-RegenReg,Hopper-v4,3
25765,reward,734,2.9320472645084603,29.23,PPO-LN-RegenReg,Hopper-v4,3
25802,reward,735,60.17599392857819,34.65,PPO-LN-RegenReg,Hopper-v4,3
25836,reward,736,22.389134845134578,36.57,PPO-LN-RegenReg,Hopper-v4,3
25869,reward,737,50.31042687788546,32.596,PPO-LN-RegenReg,Hopper-v4,3
25931,reward,738,29.09106149992965,34.964,PPO-LN-RegenReg,Hopper-v4,3
25965,reward,739,13.887613443631913,35.985,PPO-LN-RegenReg,Hopper-v4,3
25983,reward,740,24.009616155165922,37.491,PPO-LN-RegenReg,Hopper-v4,3
26018,reward,741,55.412893936655614,36.375,PPO-LN-RegenReg,Hopper-v4,3
26041,reward,742,39.72671498851911,33.056,PPO-LN-RegenReg,Hopper-v4,3
26094,reward,743,60.165958974510396,35.81,PPO-LN-RegenReg,Hopper-v4,3
26150,reward,744,57.27380655218691,41.244,PPO-LN-RegenReg,Hopper-v4,3
26203,reward,745,91.09741824762054,44.336,PPO-LN-RegenReg,Hopper-v4,3
26246,reward,746,71.76250037467547,49.274,PPO-LN-RegenReg,Hopper-v4,3
26262,reward,747,5.756773479462725,44.818,PPO-LN-RegenReg,Hopper-v4,3
26326,reward,748,102.03306840290112,52.113,PPO-LN-RegenReg,Hopper-v4,3
26336,reward,749,5.842820526519482,51.308,PPO-LN-RegenReg,Hopper-v4,3
26404,reward,750,51.53442853352895,54.061,PPO-LN-RegenReg,Hopper-v4,3
26453,reward,751,76.34801083190943,56.154,PPO-LN-RegenReg,Hopper-v4,3
26473,reward,752,2.3786374325006565,52.419,PPO-LN-RegenReg,Hopper-v4,3
26520,reward,753,78.96482247459826,54.299,PPO-LN-RegenReg,Hopper-v4,3
26590,reward,754,122.5500137420582,60.827,PPO-LN-RegenReg,Hopper-v4,3
26628,reward,755,62.96887918401022,58.014,PPO-LN-RegenReg,Hopper-v4,3
26654,reward,756,43.911525943961486,55.229,PPO-LN-RegenReg,Hopper-v4,3
26675,reward,757,21.68729028908443,56.822,PPO-LN-RegenReg,Hopper-v4,3
26720,reward,758,70.00145467856296,53.619,PPO-LN-RegenReg,Hopper-v4,3
26755,reward,759,57.252495694656076,58.76,PPO-LN-RegenReg,Hopper-v4,3
26804,reward,760,81.8027505004729,61.787,PPO-LN-RegenReg,Hopper-v4,3
26857,reward,761,58.668563522926306,60.019,PPO-LN-RegenReg,Hopper-v4,3
26911,reward,762,50.360952110587434,64.817,PPO-LN-RegenReg,Hopper-v4,3
27012,reward,763,114.59149832081721,68.38,PPO-LN-RegenReg,Hopper-v4,3
27032,reward,764,28.517880438762756,58.976,PPO-LN-RegenReg,Hopper-v4,3
27061,reward,765,8.160843717149195,53.496,PPO-LN-RegenReg,Hopper-v4,3
27095,reward,766,34.65850572616702,52.57,PPO-LN-RegenReg,Hopper-v4,3
27149,reward,767,49.08118962055289,55.31,PPO-LN-RegenReg,Hopper-v4,3
27162,reward,768,5.913600045029471,48.901,PPO-LN-RegenReg,Hopper-v4,3
27203,reward,769,62.3396447610907,49.41,PPO-LN-RegenReg,Hopper-v4,3
27225,reward,770,14.643917733814822,42.694,PPO-LN-RegenReg,Hopper-v4,3
27271,reward,771,76.64764620470889,44.492,PPO-LN-RegenReg,Hopper-v4,3
27310,reward,772,62.51559936090337,45.707,PPO-LN-RegenReg,Hopper-v4,3
27359,reward,773,75.09763177707646,41.758,PPO-LN-RegenReg,Hopper-v4,3
27394,reward,774,56.06673041683385,44.513,PPO-LN-RegenReg,Hopper-v4,3
27417,reward,775,7.967515795990215,44.493,PPO-LN-RegenReg,Hopper-v4,3
27430,reward,776,7.901742671519187,41.818,PPO-LN-RegenReg,Hopper-v4,3
27486,reward,777,61.51024903270925,43.06,PPO-LN-RegenReg,Hopper-v4,3
27515,reward,778,10.892956675499082,43.558,PPO-LN-RegenReg,Hopper-v4,3
27573,reward,779,105.76834592925263,47.901,PPO-LN-RegenReg,Hopper-v4,3
27615,reward,780,65.71892872133236,53.009,PPO-LN-RegenReg,Hopper-v4,3
27710,reward,781,144.82236259265707,59.826,PPO-LN-RegenReg,Hopper-v4,3
27743,reward,782,58.14597111386944,59.389,PPO-LN-RegenReg,Hopper-v4,3
27781,reward,783,60.496145331260465,57.929,PPO-LN-RegenReg,Hopper-v4,3
27798,reward,784,7.2644040427749275,53.049,PPO-LN-RegenReg,Hopper-v4,3
27839,reward,785,64.93824110075376,58.746,PPO-LN-RegenReg,Hopper-v4,3
27880,reward,786,34.91445896600138,61.447,PPO-LN-RegenReg,Hopper-v4,3
27928,reward,787,83.41722347804492,63.638,PPO-LN-RegenReg,Hopper-v4,3
27939,reward,788,10.6230034559183,63.611,PPO-LN-RegenReg,Hopper-v4,3
27951,reward,789,12.844449756648187,54.319,PPO-LN-RegenReg,Hopper-v4,3
27980,reward,790,6.08209065638116,48.355,PPO-LN-RegenReg,Hopper-v4,3
28001,reward,791,28.338830738374092,36.706,PPO-LN-RegenReg,Hopper-v4,3
28040,reward,792,64.18549916380928,37.31,PPO-LN-RegenReg,Hopper-v4,3
28075,reward,793,53.538423780312726,36.615,PPO-LN-RegenReg,Hopper-v4,3
28123,reward,794,79.5262209431466,43.841,PPO-LN-RegenReg,Hopper-v4,3
28140,reward,795,23.271445433652893,39.674,PPO-LN-RegenReg,Hopper-v4,3
28181,reward,796,66.70138002008923,42.853,PPO-LN-RegenReg,Hopper-v4,3
28210,reward,797,47.541233062763375,39.265,PPO-LN-RegenReg,Hopper-v4,3
28229,reward,798,6.436606542864309,38.847,PPO-LN-RegenReg,Hopper-v4,3
28275,reward,799,73.70391282489612,44.933,PPO-LN-RegenReg,Hopper-v4,3
28294,reward,800,1.912144890703655,44.516,PPO-LN-RegenReg,Hopper-v4,3
28304,reward,801,3.1978587225966626,42.001,PPO-LN-RegenReg,Hopper-v4,3
28360,reward,802,35.20735558340938,39.104,PPO-LN-RegenReg,Hopper-v4,3
28379,reward,803,4.607907219860671,34.211,PPO-LN-RegenReg,Hopper-v4,3
28396,reward,804,6.830820552020389,26.941,PPO-LN-RegenReg,Hopper-v4,3
28411,reward,805,15.558599272271332,26.17,PPO-LN-RegenReg,Hopper-v4,3
28421,reward,806,6.328217461030019,20.132,PPO-LN-RegenReg,Hopper-v4,3
28515,reward,807,110.47843790837612,26.426,PPO-LN-RegenReg,Hopper-v4,3
28548,reward,808,50.03344772310116,30.786,PPO-LN-RegenReg,Hopper-v4,3
28578,reward,809,48.68778689610191,28.284,PPO-LN-RegenReg,Hopper-v4,3
28599,reward,810,7.764068846611278,28.869,PPO-LN-RegenReg,Hopper-v4,3
28620,reward,811,7.383567009296812,29.288,PPO-LN-RegenReg,Hopper-v4,3
28679,reward,812,99.94716067950367,35.762,PPO-LN-RegenReg,Hopper-v4,3
28693,reward,813,8.554625251199047,36.157,PPO-LN-RegenReg,Hopper-v4,3
28750,reward,814,102.0760743230469,45.681,PPO-LN-RegenReg,Hopper-v4,3
28782,reward,815,53.44622570784324,49.47,PPO-LN-RegenReg,Hopper-v4,3
28848,reward,816,112.86052357126857,60.123,PPO-LN-RegenReg,Hopper-v4,3
28910,reward,817,120.38476766536778,61.114,PPO-LN-RegenReg,Hopper-v4,3
28922,reward,818,11.962257887872925,57.307,PPO-LN-RegenReg,Hopper-v4,3
28984,reward,819,110.21385144838865,63.459,PPO-LN-RegenReg,Hopper-v4,3
29017,reward,820,54.25868258950602,68.109,PPO-LN-RegenReg,Hopper-v4,3
29067,reward,821,87.62990647425771,76.133,PPO-LN-RegenReg,Hopper-v4,3
29096,reward,822,47.696107237805414,70.908,PPO-LN-RegenReg,Hopper-v4,3
29111,reward,823,3.848175957667793,70.438,PPO-LN-RegenReg,Hopper-v4,3
29128,reward,824,5.0867140166725475,60.739,PPO-LN-RegenReg,Hopper-v4,3
29224,reward,825,139.0278801421047,69.297,PPO-LN-RegenReg,Hopper-v4,3
29241,reward,826,12.853649197326158,59.296,PPO-LN-RegenReg,Hopper-v4,3
29252,reward,827,6.121971149506461,47.87,PPO-LN-RegenReg,Hopper-v4,3
29262,reward,828,5.226636040990079,47.196,PPO-LN-RegenReg,Hopper-v4,3
29294,reward,829,54.0990171360113,41.585,PPO-LN-RegenReg,Hopper-v4,3
29338,reward,830,74.05133663145324,43.564,PPO-LN-RegenReg,Hopper-v4,3
29376,reward,831,59.53465902808017,40.755,PPO-LN-RegenReg,Hopper-v4,3
29388,reward,832,7.9086416960754935,36.776,PPO-LN-RegenReg,Hopper-v4,3
29408,reward,833,4.082895820021309,36.799,PPO-LN-RegenReg,Hopper-v4,3
29421,reward,834,6.271508623725531,36.918,PPO-LN-RegenReg,Hopper-v4,3
29465,reward,835,68.49676874381221,29.865,PPO-LN-RegenReg,Hopper-v4,3
29515,reward,836,85.14170988362581,37.094,PPO-LN-RegenReg,Hopper-v4,3
29542,reward,837,45.60034814246239,41.041,PPO-LN-RegenReg,Hopper-v4,3
29582,reward,838,60.9493228917622,46.614,PPO-LN-RegenReg,Hopper-v4,3
29605,reward,839,4.354864091000973,41.639,PPO-LN-RegenReg,Hopper-v4,3
29641,reward,840,58.559557251457804,40.09,PPO-LN-RegenReg,Hopper-v4,3
29664,reward,841,34.13829838636198,37.55,PPO-LN-RegenReg,Hopper-v4,3
29680,reward,842,8.231764117099647,37.583,PPO-LN-RegenReg,Hopper-v4,3
29705,reward,843,36.95642700267383,40.87,PPO-LN-RegenReg,Hopper-v4,3
29746,reward,844,67.683545195039,47.011,PPO-LN-RegenReg,Hopper-v4,3
29773,reward,845,45.34513690819453,44.696,PPO-LN-RegenReg,Hopper-v4,3
29785,reward,846,2.532764753478811,36.435,PPO-LN-RegenReg,Hopper-v4,3
29804,reward,847,7.289425095198496,32.604,PPO-LN-RegenReg,Hopper-v4,3
29849,reward,848,63.8298400144232,32.892,PPO-LN-RegenReg,Hopper-v4,3
29862,reward,849,9.945597506936275,33.451,PPO-LN-RegenReg,Hopper-v4,3
29886,reward,850,15.901942755146608,29.185,PPO-LN-RegenReg,Hopper-v4,3
29916,reward,851,9.757282854116522,26.747,PPO-LN-RegenReg,Hopper-v4,3
29954,reward,852,62.413710614655926,32.166,PPO-LN-RegenReg,Hopper-v4,3
30007,reward,853,87.0710213292297,37.177,PPO-LN-RegenReg,Hopper-v4,3
30034,reward,854,45.600292796082805,34.969,PPO-LN-RegenReg,Hopper-v4,3
30084,reward,855,43.285879370625295,34.763,PPO-LN-RegenReg,Hopper-v4,3
30123,reward,856,62.87569797208977,40.797,PPO-LN-RegenReg,Hopper-v4,3
30136,reward,857,10.9392770821554,41.162,PPO-LN-RegenReg,Hopper-v4,3
30172,reward,858,33.89442933105018,38.169,PPO-LN-RegenReg,Hopper-v4,3
30183,reward,859,6.928719309341439,37.867,PPO-LN-RegenReg,Hopper-v4,3
30198,reward,860,9.602305959725584,37.237,PPO-LN-RegenReg,Hopper-v4,3
30238,reward,861,65.6669215421262,42.828,PPO-LN-RegenReg,Hopper-v4,3
30280,reward,862,23.79907768498413,38.966,PPO-LN-RegenReg,Hopper-v4,3
30322,reward,863,68.97523720465095,37.157,PPO-LN-RegenReg,Hopper-v4,3
30345,reward,864,39.22344560793405,36.519,PPO-LN-RegenReg,Hopper-v4,3
30408,reward,865,71.70125475726864,39.361,PPO-LN-RegenReg,Hopper-v4,3
30420,reward,866,6.713799568220881,33.744,PPO-LN-RegenReg,Hopper-v4,3
30564,reward,867,192.10702027513227,51.861,PPO-LN-RegenReg,Hopper-v4,3
30580,reward,868,17.910273446336873,50.263,PPO-LN-RegenReg,Hopper-v4,3
30626,reward,869,60.62369784996571,55.632,PPO-LN-RegenReg,Hopper-v4,3
30648,reward,870,17.367401117068173,56.409,PPO-LN-RegenReg,Hopper-v4,3
30709,reward,871,100.27149118804488,59.869,PPO-LN-RegenReg,Hopper-v4,3
30733,reward,872,34.67106821098295,60.956,PPO-LN-RegenReg,Hopper-v4,3
30753,reward,873,14.44833717889443,55.504,PPO-LN-RegenReg,Hopper-v4,3
30856,reward,874,134.3321457987844,65.015,PPO-LN-RegenReg,Hopper-v4,3
30874,reward,875,9.121077821483215,58.757,PPO-LN-RegenReg,Hopper-v4,3
30887,reward,876,7.319572685447683,58.817,PPO-LN-RegenReg,Hopper-v4,3
30925,reward,877,32.316752691594424,42.838,PPO-LN-RegenReg,Hopper-v4,3
30957,reward,878,53.67019250675242,46.414,PPO-LN-RegenReg,Hopper-v4,3
31015,reward,879,78.74138482686782,48.226,PPO-LN-RegenReg,Hopper-v4,3
31025,reward,880,5.311603225209209,47.02,PPO-LN-RegenReg,Hopper-v4,3
31037,reward,881,8.724409589115966,37.866,PPO-LN-RegenReg,Hopper-v4,3
31047,reward,882,5.570601765119664,34.956,PPO-LN-RegenReg,Hopper-v4,3
31084,reward,883,31.56351186006529,36.667,PPO-LN-RegenReg,Hopper-v4,3
31102,reward,884,8.3920321075753,24.073,PPO-LN-RegenReg,Hopper-v4,3
31155,reward,885,81.0317444968104,31.264,PPO-LN-RegenReg,Hopper-v4,3
31185,reward,886,50.434058374161765,35.576,PPO-LN-RegenReg,Hopper-v4,3
31195,reward,887,3.952191937507332,32.739,PPO-LN-RegenReg,Hopper-v4,3
31239,reward,888,66.75608388886832,34.048,PPO-LN-RegenReg,Hopper-v4,3
31321,reward,889,40.83025501290633,30.257,PPO-LN-RegenReg,Hopper-v4,3
31366,reward,890,76.42249616101623,37.368,PPO-LN-RegenReg,Hopper-v4,3
31394,reward,891,46.596908090385114,41.155,PPO-LN-RegenReg,Hopper-v4,3
31447,reward,892,32.57520601669407,43.855,PPO-LN-RegenReg,Hopper-v4,3
31489,reward,893,68.73438381796214,47.573,PPO-LN-RegenReg,Hopper-v4,3
31540,reward,894,80.19183404322293,54.753,PPO-LN-RegenReg,Hopper-v4,3
31549,reward,895,8.076495006617899,47.457,PPO-LN-RegenReg,Hopper-v4,3
31564,reward,896,16.466672046566007,44.06,PPO-LN-RegenReg,Hopper-v4,3
31594,reward,897,7.983737824179905,44.463,PPO-LN-RegenReg,Hopper-v4,3
31608,reward,898,12.975180770588587,39.085,PPO-LN-RegenReg,Hopper-v4,3
31623,reward,899,6.735905661370197,35.676,PPO-LN-RegenReg,Hopper-v4,3
31656,reward,900,55.05531871326776,33.539,PPO-LN-RegenReg,Hopper-v4,3
31666,reward,901,5.431717380659118,29.423,PPO-LN-RegenReg,Hopper-v4,3
31677,reward,902,11.732307390772833,27.338,PPO-LN-RegenReg,Hopper-v4,3
31719,reward,903,67.68411604100721,27.233,PPO-LN-RegenReg,Hopper-v4,3
31766,reward,904,82.38029131876787,27.452,PPO-LN-RegenReg,Hopper-v4,3
31816,reward,905,36.51476235355157,30.296,PPO-LN-RegenReg,Hopper-v4,3
31843,reward,906,30.760443038283245,31.725,PPO-LN-RegenReg,Hopper-v4,3
31871,reward,907,46.68232435215044,35.595,PPO-LN-RegenReg,Hopper-v4,3
31908,reward,908,11.028676794855153,35.401,PPO-LN-RegenReg,Hopper-v4,3
31937,reward,909,10.197061153193404,35.747,PPO-LN-RegenReg,Hopper-v4,3
31958,reward,910,7.857582102394153,31.027,PPO-LN-RegenReg,Hopper-v4,3
31973,reward,911,2.626807517865835,30.746,PPO-LN-RegenReg,Hopper-v4,3
32030,reward,912,79.55492524149528,37.529,PPO-LN-RegenReg,Hopper-v4,3
32057,reward,913,41.899037587484735,34.95,PPO-LN-RegenReg,Hopper-v4,3
32118,reward,914,53.221923168632834,32.034,PPO-LN-RegenReg,Hopper-v4,3
32175,reward,915,82.45300206100218,36.628,PPO-LN-RegenReg,Hopper-v4,3
32222,reward,916,77.55646015774235,41.308,PPO-LN-RegenReg,Hopper-v4,3
32272,reward,917,82.79251484510756,44.919,PPO-LN-RegenReg,Hopper-v4,3
32329,reward,918,56.04626886194608,49.421,PPO-LN-RegenReg,Hopper-v4,3
32355,reward,919,39.64689044499378,52.366,PPO-LN-RegenReg,Hopper-v4,3
32403,reward,920,74.1580934032332,58.996,PPO-LN-RegenReg,Hopper-v4,3
32414,reward,921,6.0847569905997165,59.341,PPO-LN-RegenReg,Hopper-v4,3
32458,reward,922,69.35424623975756,58.321,PPO-LN-RegenReg,Hopper-v4,3
32469,reward,923,5.4423340385639305,54.676,PPO-LN-RegenReg,Hopper-v4,3
32487,reward,924,25.169317888448838,51.87,PPO-LN-RegenReg,Hopper-v4,3
32533,reward,925,42.93860824313164,47.919,PPO-LN-RegenReg,Hopper-v4,3
32547,reward,926,17.205637575693746,41.884,PPO-LN-RegenReg,Hopper-v4,3
32569,reward,927,12.328636887474513,34.837,PPO-LN-RegenReg,Hopper-v4,3
32591,reward,928,30.072339592647122,32.24,PPO-LN-RegenReg,Hopper-v4,3
32621,reward,929,47.070162985523865,32.982,PPO-LN-RegenReg,Hopper-v4,3
32672,reward,930,82.27920927234312,33.795,PPO-LN-RegenReg,Hopper-v4,3
32692,reward,931,27.271933039482803,35.913,PPO-LN-RegenReg,Hopper-v4,3
32771,reward,932,63.9215449322016,35.37,PPO-LN-RegenReg,Hopper-v4,3
32809,reward,933,63.316806366572585,41.157,PPO-LN-RegenReg,Hopper-v4,3
32834,reward,934,8.362934074820398,39.477,PPO-LN-RegenReg,Hopper-v4,3
32847,reward,935,5.696740917119735,35.753,PPO-LN-RegenReg,Hopper-v4,3
32871,reward,936,7.745765736340293,34.807,PPO-LN-RegenReg,Hopper-v4,3
32890,reward,937,6.769534909281054,34.251,PPO-LN-RegenReg,Hopper-v4,3
32909,reward,938,6.253000254868267,31.869,PPO-LN-RegenReg,Hopper-v4,3
32922,reward,939,5.709492624462408,27.733,PPO-LN-RegenReg,Hopper-v4,3
33001,reward,940,152.02947241741566,34.708,PPO-LN-RegenReg,Hopper-v4,3
33046,reward,941,74.06607992188437,39.387,PPO-LN-RegenReg,Hopper-v4,3
33077,reward,942,14.21244344687306,34.416,PPO-LN-RegenReg,Hopper-v4,3
33125,reward,943,81.20105299397652,36.205,PPO-LN-RegenReg,Hopper-v4,3
33141,reward,944,21.09242409572184,37.478,PPO-LN-RegenReg,Hopper-v4,3
33213,reward,945,128.65474782614132,49.773,PPO-LN-RegenReg,Hopper-v4,3
33252,reward,946,66.81625528485345,55.68,PPO-LN-RegenReg,Hopper-v4,3
33265,reward,947,4.6930087813444015,55.473,PPO-LN-RegenReg,Hopper-v4,3
33280,reward,948,7.632073434262602,55.611,PPO-LN-RegenReg,Hopper-v4,3
33294,reward,949,3.373751430509751,55.377,PPO-LN-RegenReg,Hopper-v4,3
33323,reward,950,49.593732089449496,45.134,PPO-LN-RegenReg,Hopper-v4,3
33342,reward,951,2.1978938015085037,37.947,PPO-LN-RegenReg,Hopper-v4,3
33358,reward,952,2.3758935680676667,36.763,PPO-LN-RegenReg,Hopper-v4,3
33431,reward,953,128.24040300235998,41.467,PPO-LN-RegenReg,Hopper-v4,3
33474,reward,954,71.26077585645797,46.484,PPO-LN-RegenReg,Hopper-v4,3
33507,reward,955,52.71964395937413,38.89,PPO-LN-RegenReg,Hopper-v4,3
33539,reward,956,52.985683398526696,37.507,PPO-LN-RegenReg,Hopper-v4,3
33555,reward,957,5.893752460114431,37.627,PPO-LN-RegenReg,Hopper-v4,3
33566,reward,958,3.6854154917914865,37.233,PPO-LN-RegenReg,Hopper-v4,3
33620,reward,959,75.29162882922229,44.424,PPO-LN-RegenReg,Hopper-v4,3
33629,reward,960,5.707841358525851,40.036,PPO-LN-RegenReg,Hopper-v4,3
33659,reward,961,49.34805236000557,44.751,PPO-LN-RegenReg,Hopper-v4,3
33672,reward,962,6.569112690580241,45.17,PPO-LN-RegenReg,Hopper-v4,3
33685,reward,963,5.323909062506969,32.879,PPO-LN-RegenReg,Hopper-v4,3
33697,reward,964,5.13201372800625,26.266,PPO-LN-RegenReg,Hopper-v4,3
33712,reward,965,5.126770762102488,21.506,PPO-LN-RegenReg,Hopper-v4,3
33750,reward,966,62.98702540301449,22.507,PPO-LN-RegenReg,Hopper-v4,3
33807,reward,967,39.96422133073799,25.914,PPO-LN-RegenReg,Hopper-v4,3
33830,reward,968,3.64022217785386,25.909,PPO-LN-RegenReg,Hopper-v4,3
33859,reward,969,44.961915470967796,22.876,PPO-LN-RegenReg,Hopper-v4,3
33913,reward,970,77.5524378903243,30.061,PPO-LN-RegenReg,Hopper-v4,3
33926,reward,971,8.124838007033471,25.938,PPO-LN-RegenReg,Hopper-v4,3
33939,reward,972,6.7358618851804195,25.955,PPO-LN-RegenReg,Hopper-v4,3
33959,reward,973,4.204971776114168,25.843,PPO-LN-RegenReg,Hopper-v4,3
33978,reward,974,9.14821539441037,26.245,PPO-LN-RegenReg,Hopper-v4,3
33992,reward,975,2.01720472314984,25.934,PPO-LN-RegenReg,Hopper-v4,3
34016,reward,976,41.40414231470806,23.775,PPO-LN-RegenReg,Hopper-v4,3
34057,reward,977,66.8596402042558,26.465,PPO-LN-RegenReg,Hopper-v4,3
34103,reward,978,78.70914480167205,33.972,PPO-LN-RegenReg,Hopper-v4,3
34142,reward,979,64.96526344358942,35.972,PPO-LN-RegenReg,Hopper-v4,3
34157,reward,980,6.868750420242446,28.904,PPO-LN-RegenReg,Hopper-v4,3
34205,reward,981,30.92461146013015,31.184,PPO-LN-RegenReg,Hopper-v4,3
34218,reward,982,6.463585826688815,31.157,PPO-LN-RegenReg,Hopper-v4,3
34259,reward,983,67.7731500608543,37.513,PPO-LN-RegenReg,Hopper-v4,3
34270,reward,984,6.313884739081022,37.23,PPO-LN-RegenReg,Hopper-v4,3
34281,reward,985,5.471583728355545,37.575,PPO-LN-RegenReg,Hopper-v4,3
34296,reward,986,4.185818159261559,33.854,PPO-LN-RegenReg,Hopper-v4,3
34319,reward,987,5.915774434105924,27.759,PPO-LN-RegenReg,Hopper-v4,3
34371,reward,988,78.84808943570575,27.773,PPO-LN-RegenReg,Hopper-v4,3
34384,reward,989,4.390546570128197,21.716,PPO-LN-RegenReg,Hopper-v4,3
34436,reward,990,54.22452171499004,26.451,PPO-LN-RegenReg,Hopper-v4,3
34454,reward,991,4.267325608243244,23.785,PPO-LN-RegenReg,Hopper-v4,3
34474,reward,992,1.6165794273832614,23.301,PPO-LN-RegenReg,Hopper-v4,3
34517,reward,993,69.01806794808942,23.425,PPO-LN-RegenReg,Hopper-v4,3
34532,reward,994,5.318000115049627,23.326,PPO-LN-RegenReg,Hopper-v4,3
34554,reward,995,5.83958405934564,23.362,PPO-LN-RegenReg,Hopper-v4,3
34571,reward,996,3.8083635097429926,23.325,PPO-LN-RegenReg,Hopper-v4,3
34605,reward,997,57.56759255737727,28.49,PPO-LN-RegenReg,Hopper-v4,3
34635,reward,998,7.138123948723696,21.319,PPO-LN-RegenReg,Hopper-v4,3
34650,reward,999,4.758049240970794,21.356,PPO-LN-RegenReg,Hopper-v4,3
34673,reward,1000,3.7834633348963145,16.312,PPO-LN-RegenReg,Hopper-v4,3
34717,reward,1001,73.24118512799673,23.209,PPO-LN-RegenReg,Hopper-v4,3
34760,reward,1002,71.70969753620196,30.218,PPO-LN-RegenReg,Hopper-v4,3
34775,reward,1003,6.742996176398422,23.991,PPO-LN-RegenReg,Hopper-v4,3
34801,reward,1004,5.656244901253187,24.025,PPO-LN-RegenReg,Hopper-v4,3
34821,reward,1005,0.7529074549056598,23.516,PPO-LN-RegenReg,Hopper-v4,3
34844,reward,1006,33.7451720252463,26.51,PPO-LN-RegenReg,Hopper-v4,3
34865,reward,1007,4.978490532052979,21.251,PPO-LN-RegenReg,Hopper-v4,3
34933,reward,1008,50.40474584932811,25.577,PPO-LN-RegenReg,Hopper-v4,3
34976,reward,1009,69.12085648528172,32.014,PPO-LN-RegenReg,Hopper-v4,3
35000,reward,1010,39.595826755351126,35.595,PPO-LN-RegenReg,Hopper-v4,3
35038,reward,1011,58.29484147920129,34.1,PPO-LN-RegenReg,Hopper-v4,3
35087,reward,1012,73.35464051149283,34.265,PPO-LN-RegenReg,Hopper-v4,3
35107,reward,1013,16.95311316408866,35.286,PPO-LN-RegenReg,Hopper-v4,3
35121,reward,1014,6.585715038160459,35.379,PPO-LN-RegenReg,Hopper-v4,3
35159,reward,1015,60.387630550120804,41.342,PPO-LN-RegenReg,Hopper-v4,3
35172,reward,1016,6.293591179414826,38.597,PPO-LN-RegenReg,Hopper-v4,3
35194,reward,1017,2.2102382845048174,38.32,PPO-LN-RegenReg,Hopper-v4,3
35251,reward,1018,32.06894250016482,36.487,PPO-LN-RegenReg,Hopper-v4,3
35300,reward,1019,82.0352405938331,37.778,PPO-LN-RegenReg,Hopper-v4,3
35351,reward,1020,86.00325316932624,42.419,PPO-LN-RegenReg,Hopper-v4,3
35367,reward,1021,12.199986187148758,37.809,PPO-LN-RegenReg,Hopper-v4,3
35405,reward,1022,60.73936663530091,36.548,PPO-LN-RegenReg,Hopper-v4,3
35436,reward,1023,49.79771021148318,39.832,PPO-LN-RegenReg,Hopper-v4,3
35450,reward,1024,3.7570100061125595,39.549,PPO-LN-RegenReg,Hopper-v4,3
35478,reward,1025,49.29271225270905,38.44,PPO-LN-RegenReg,Hopper-v4,3
35511,reward,1026,53.750686718597294,43.186,PPO-LN-RegenReg,Hopper-v4,3
35529,reward,1027,2.674248979127144,43.232,PPO-LN-RegenReg,Hopper-v4,3
35561,reward,1028,51.64144613671438,45.189,PPO-LN-RegenReg,Hopper-v4,3
35590,reward,1029,38.75959013299174,40.862,PPO-LN-RegenReg,Hopper-v4,3
35647,reward,1030,40.646467237417745,36.326,PPO-LN-RegenReg,Hopper-v4,3
35693,reward,1031,79.30192285707982,43.036,PPO-LN-RegenReg,Hopper-v4,3
35746,reward,1032,49.68503298986249,41.931,PPO-LN-RegenReg,Hopper-v4,3
35756,reward,1033,5.985436184098431,37.549,PPO-LN-RegenReg,Hopper-v4,3
35769,reward,1034,3.27123556319188,37.501,PPO-LN-RegenReg,Hopper-v4,3
35788,reward,1035,1.7742658413769363,32.749,PPO-LN-RegenReg,Hopper-v4,3
35802,reward,1036,15.178907109349375,28.892,PPO-LN-RegenReg,Hopper-v4,3
35846,reward,1037,70.90800620723628,35.715,PPO-LN-RegenReg,Hopper-v4,3
35859,reward,1038,5.437488441563729,31.095,PPO-LN-RegenReg,Hopper-v4,3
35874,reward,1039,5.585884823827952,27.777,PPO-LN-RegenReg,Hopper-v4,3
35889,reward,1040,1.5958894507639185,23.872,PPO-LN-RegenReg,Hopper-v4,3
35911,reward,1041,5.6148850190556585,16.504,PPO-LN-RegenReg,Hopper-v4,3
35949,reward,1042,65.39601623465225,18.075,PPO-LN-RegenReg,Hopper-v4,3
35961,reward,1043,5.346729899153228,18.011,PPO-LN-RegenReg,Hopper-v4,3
36009,reward,1044,81.53054665333214,25.837,PPO-LN-RegenReg,Hopper-v4,3
36033,reward,1045,40.021180095108164,29.662,PPO-LN-RegenReg,Hopper-v4,3
36044,reward,1046,6.112729389545365,28.755,PPO-LN-RegenReg,Hopper-v4,3
36082,reward,1047,65.37760830766356,28.202,PPO-LN-RegenReg,Hopper-v4,3
36108,reward,1048,44.44257519722069,32.102,PPO-LN-RegenReg,Hopper-v4,3
36171,reward,1049,111.20610419160622,42.664,PPO-LN-RegenReg,Hopper-v4,3
36188,reward,1050,7.555435061630498,43.26,PPO-LN-RegenReg,Hopper-v4,3
36207,reward,1051,9.446605435883939,43.644,PPO-LN-RegenReg,Hopper-v4,3
36239,reward,1052,8.725029985445335,37.976,PPO-LN-RegenReg,Hopper-v4,3
36275,reward,1053,61.46399693369491,43.588,PPO-LN-RegenReg,Hopper-v4,3
36319,reward,1054,70.74480686205169,42.51,PPO-LN-RegenReg,Hopper-v4,3
36329,reward,1055,5.324011642573486,39.04,PPO-LN-RegenReg,Hopper-v4,3
36392,reward,1056,107.03309605942894,49.132,PPO-LN-RegenReg,Hopper-v4,3
36405,reward,1057,8.050462217495713,43.399,PPO-LN-RegenReg,Hopper-v4,3
36423,reward,1058,7.983641447991088,39.753,PPO-LN-RegenReg,Hopper-v4,3
36445,reward,1059,3.622500970572462,28.995,PPO-LN-RegenReg,Hopper-v4,3
36468,reward,1060,4.48573343450208,28.688,PPO-LN-RegenReg,Hopper-v4,3
36510,reward,1061,65.44213179424594,34.288,PPO-LN-RegenReg,Hopper-v4,3
36546,reward,1062,59.051048281840906,39.32,PPO-LN-RegenReg,Hopper-v4,3
36574,reward,1063,47.379828146020536,37.912,PPO-LN-RegenReg,Hopper-v4,3
36590,reward,1064,4.720440391805931,31.309,PPO-LN-RegenReg,Hopper-v4,3
36606,reward,1065,6.776220090773557,31.455,PPO-LN-RegenReg,Hopper-v4,3
36654,reward,1066,77.6294557937856,28.514,PPO-LN-RegenReg,Hopper-v4,3
36666,reward,1067,6.135203743133433,28.323,PPO-LN-RegenReg,Hopper-v4,3
36726,reward,1068,47.19237550515737,32.243,PPO-LN-RegenReg,Hopper-v4,3
36774,reward,1069,74.99970720535117,39.381,PPO-LN-RegenReg,Hopper-v4,3
36783,reward,1070,7.762553551441217,39.709,PPO-LN-RegenReg,Hopper-v4,3
36808,reward,1071,42.15411501709924,37.38,PPO-LN-RegenReg,Hopper-v4,3
36829,reward,1072,2.9953762856544217,31.775,PPO-LN-RegenReg,Hopper-v4,3
36856,reward,1073,6.509306170807772,27.687,PPO-LN-RegenReg,Hopper-v4,3
36907,reward,1074,88.22833341851265,36.038,PPO-LN-RegenReg,Hopper-v4,3
36934,reward,1075,7.913075597413696,36.152,PPO-LN-RegenReg,Hopper-v4,3
36957,reward,1076,22.02490080958699,30.591,PPO-LN-RegenReg,Hopper-v4,3
36974,reward,1077,7.572155926638591,30.735,PPO-LN-RegenReg,Hopper-v4,3
36985,reward,1078,6.720923579768534,26.688,PPO-LN-RegenReg,Hopper-v4,3
37010,reward,1079,4.552127459867948,19.643,PPO-LN-RegenReg,Hopper-v4,3
37077,reward,1080,57.09523618066201,24.577,PPO-LN-RegenReg,Hopper-v4,3
37107,reward,1081,50.066549387353184,25.368,PPO-LN-RegenReg,Hopper-v4,3
37122,reward,1082,4.964007106507705,25.565,PPO-LN-RegenReg,Hopper-v4,3
37134,reward,1083,5.8541765867982285,25.499,PPO-LN-RegenReg,Hopper-v4,3
37151,reward,1084,3.1560671677851815,16.992,PPO-LN-RegenReg,Hopper-v4,3
37244,reward,1085,136.70691924405673,29.871,PPO-LN-RegenReg,Hopper-v4,3
37253,reward,1086,4.278718264325523,28.097,PPO-LN-RegenReg,Hopper-v4,3
37272,reward,1087,2.0266768571914584,27.542,PPO-LN-RegenReg,Hopper-v4,3
37285,reward,1088,7.459618145705414,27.616,PPO-LN-RegenReg,Hopper-v4,3
37321,reward,1089,56.251083124515006,32.786,PPO-LN-RegenReg,Hopper-v4,3
37351,reward,1090,52.64835459529899,32.341,PPO-LN-RegenReg,Hopper-v4,3
37365,reward,1091,7.5589162061016495,28.09,PPO-LN-RegenReg,Hopper-v4,3
37378,reward,1092,7.137706687883285,28.308,PPO-LN-RegenReg,Hopper-v4,3
37443,reward,1093,112.66338043952535,38.989,PPO-LN-RegenReg,Hopper-v4,3
37470,reward,1094,45.923961198726765,43.266,PPO-LN-RegenReg,Hopper-v4,3
37534,reward,1095,43.49691906152709,33.945,PPO-LN-RegenReg,Hopper-v4,3
37551,reward,1096,6.384555586337915,34.155,PPO-LN-RegenReg,Hopper-v4,3
37569,reward,1097,5.046065805302473,34.457,PPO-LN-RegenReg,Hopper-v4,3
37584,reward,1098,1.609037173493404,33.872,PPO-LN-RegenReg,Hopper-v4,3
37598,reward,1099,15.334576349671686,29.78,PPO-LN-RegenReg,Hopper-v4,3
37639,reward,1100,60.35186188670852,30.551,PPO-LN-RegenReg,Hopper-v4,3
37658,reward,1101,2.8545996811524823,30.08,PPO-LN-RegenReg,Hopper-v4,3
37686,reward,1102,42.67205083663097,33.634,PPO-LN-RegenReg,Hopper-v4,3
37714,reward,1103,6.869930673243408,23.054,PPO-LN-RegenReg,Hopper-v4,3
37748,reward,1104,59.109039417368244,24.373,PPO-LN-RegenReg,Hopper-v4,3
37781,reward,1105,55.755237218027496,25.599,PPO-LN-RegenReg,Hopper-v4,3
37841,reward,1106,64.05950529592168,31.366,PPO-LN-RegenReg,Hopper-v4,3
37890,reward,1107,75.03508530728071,38.365,PPO-LN-RegenReg,Hopper-v4,3
37954,reward,1108,105.13630331262638,48.718,PPO-LN-RegenReg,Hopper-v4,3
37987,reward,1109,55.889230342609366,52.773,PPO-LN-RegenReg,Hopper-v4,3
38002,reward,1110,4.632682736647769,47.201,PPO-LN-RegenReg,Hopper-v4,3
38027,reward,1111,18.715063670058935,48.787,PPO-LN-RegenReg,Hopper-v4,3
38057,reward,1112,50.57910258930263,49.578,PPO-LN-RegenReg,Hopper-v4,3
38112,reward,1113,56.12272056850626,54.503,PPO-LN-RegenReg,Hopper-v4,3
38153,reward,1114,65.56467513788796,55.149,PPO-LN-RegenReg,Hopper-v4,3
38194,reward,1115,70.3088920309567,56.604,PPO-LN-RegenReg,Hopper-v4,3
38241,reward,1116,77.43639317358434,57.942,PPO-LN-RegenReg,Hopper-v4,3
38277,reward,1117,60.57911477351654,56.496,PPO-LN-RegenReg,Hopper-v4,3
38319,reward,1118,35.582842257291695,49.541,PPO-LN-RegenReg,Hopper-v4,3
38337,reward,1119,5.914389074009958,44.544,PPO-LN-RegenReg,Hopper-v4,3
38353,reward,1120,3.9637242145239258,44.477,PPO-LN-RegenReg,Hopper-v4,3
38399,reward,1121,68.17226292697443,49.422,PPO-LN-RegenReg,Hopper-v4,3
38420,reward,1122,5.753412976894639,44.94,PPO-LN-RegenReg,Hopper-v4,3
38466,reward,1123,65.16181532404272,45.844,PPO-LN-RegenReg,Hopper-v4,3
38476,reward,1124,4.137916293252304,39.701,PPO-LN-RegenReg,Hopper-v4,3
38491,reward,1125,6.989046982506328,33.369,PPO-LN-RegenReg,Hopper-v4,3
38541,reward,1126,87.36678113731665,34.362,PPO-LN-RegenReg,Hopper-v4,3
38567,reward,1127,39.59943328425766,32.264,PPO-LN-RegenReg,Hopper-v4,3
38578,reward,1128,6.156731730114586,29.322,PPO-LN-RegenReg,Hopper-v4,3
38613,reward,1129,57.04108688404788,34.434,PPO-LN-RegenReg,Hopper-v4,3
38622,reward,1130,6.508439454170555,34.689,PPO-LN-RegenReg,Hopper-v4,3
38645,reward,1131,14.092821064755565,29.281,PPO-LN-RegenReg,Hopper-v4,3
38661,reward,1132,4.937092753276142,29.199,PPO-LN-RegenReg,Hopper-v4,3
38724,reward,1133,114.05383137624347,34.088,PPO-LN-RegenReg,Hopper-v4,3
38778,reward,1134,86.97373993296085,42.372,PPO-LN-RegenReg,Hopper-v4,3
38841,reward,1135,28.153640147353038,44.488,PPO-LN-RegenReg,Hopper-v4,3
38866,reward,1136,5.512118059429712,36.303,PPO-LN-RegenReg,Hopper-v4,3
38880,reward,1137,4.928035425341274,32.836,PPO-LN-RegenReg,Hopper-v4,3
38900,reward,1138,4.7219343516773655,32.692,PPO-LN-RegenReg,Hopper-v4,3
38944,reward,1139,73.0908536867449,34.297,PPO-LN-RegenReg,Hopper-v4,3
38957,reward,1140,4.941168586784756,34.141,PPO-LN-RegenReg,Hopper-v4,3
38969,reward,1141,6.718002637011154,33.403,PPO-LN-RegenReg,Hopper-v4,3
39034,reward,1142,73.77930530930448,40.287,PPO-LN-RegenReg,Hopper-v4,3
39051,reward,1143,5.627805443260561,29.445,PPO-LN-RegenReg,Hopper-v4,3
39087,reward,1144,58.52284825240931,26.6,PPO-LN-RegenReg,Hopper-v4,3
39132,reward,1145,24.1463870540513,26.199,PPO-LN-RegenReg,Hopper-v4,3
39177,reward,1146,71.69019964583532,32.817,PPO-LN-RegenReg,Hopper-v4,3
39202,reward,1147,24.090574547637786,34.733,PPO-LN-RegenReg,Hopper-v4,3
39286,reward,1148,139.14158586118387,48.175,PPO-LN-RegenReg,Hopper-v4,3
39322,reward,1149,58.28185839510039,46.694,PPO-LN-RegenReg,Hopper-v4,3
39365,reward,1150,21.363920184234363,48.336,PPO-LN-RegenReg,Hopper-v4,3
39395,reward,1151,46.357767029622956,52.3,PPO-LN-RegenReg,Hopper-v4,3
39426,reward,1152,55.243078642442235,50.447,PPO-LN-RegenReg,Hopper-v4,3
39443,reward,1153,3.932601855078285,50.277,PPO-LN-RegenReg,Hopper-v4,3
39461,reward,1154,11.655873641859214,45.59,PPO-LN-RegenReg,Hopper-v4,3
39509,reward,1155,82.29264052241278,51.405,PPO-LN-RegenReg,Hopper-v4,3
39542,reward,1156,57.56689285044736,49.993,PPO-LN-RegenReg,Hopper-v4,3
39590,reward,1157,49.97304222901245,52.581,PPO-LN-RegenReg,Hopper-v4,3
39621,reward,1158,55.29444441242752,44.196,PPO-LN-RegenReg,Hopper-v4,3
39650,reward,1159,11.258525367043424,39.494,PPO-LN-RegenReg,Hopper-v4,3
39673,reward,1160,31.60513441494814,40.518,PPO-LN-RegenReg,Hopper-v4,3
39699,reward,1161,42.81415291178788,40.164,PPO-LN-RegenReg,Hopper-v4,3
39727,reward,1162,47.41833610830634,39.381,PPO-LN-RegenReg,Hopper-v4,3
39754,reward,1163,44.98514693910844,43.486,PPO-LN-RegenReg,Hopper-v4,3
39782,reward,1164,17.16027149665852,44.037,PPO-LN-RegenReg,Hopper-v4,3
39800,reward,1165,1.2877784582600467,35.936,PPO-LN-RegenReg,Hopper-v4,3
39811,reward,1166,5.203757566319193,30.7,PPO-LN-RegenReg,Hopper-v4,3
39867,reward,1167,44.894357222045414,30.192,PPO-LN-RegenReg,Hopper-v4,3
39886,reward,1168,3.783750067008002,25.041,PPO-LN-RegenReg,Hopper-v4,3
39904,reward,1169,21.283575175088103,26.044,PPO-LN-RegenReg,Hopper-v4,3
39951,reward,1170,80.36761974917117,30.92,PPO-LN-RegenReg,Hopper-v4,3
39978,reward,1171,29.582007021033757,29.597,PPO-LN-RegenReg,Hopper-v4,3
39998,reward,1172,3.7908151741937868,25.234,PPO-LN-RegenReg,Hopper-v4,3
40008,reward,1173,3.3606860248506103,21.071,PPO-LN-RegenReg,Hopper-v4,3
40046,reward,1174,62.05172035300778,25.561,PPO-LN-RegenReg,Hopper-v4,3
40057,reward,1175,3.8717238580222046,25.819,PPO-LN-RegenReg,Hopper-v4,3
40080,reward,1176,5.329862026801524,25.832,PPO-LN-RegenReg,Hopper-v4,3
40093,reward,1177,5.804841515435499,21.923,PPO-LN-RegenReg,Hopper-v4,3
40108,reward,1178,5.837584147913403,22.128,PPO-LN-RegenReg,Hopper-v4,3
40122,reward,1179,4.243815683032588,20.424,PPO-LN-RegenReg,Hopper-v4,3
40143,reward,1180,6.842085619330997,13.072,PPO-LN-RegenReg,Hopper-v4,3
40186,reward,1181,75.01914658993852,17.615,PPO-LN-RegenReg,Hopper-v4,3
40204,reward,1182,5.176924451402555,17.754,PPO-LN-RegenReg,Hopper-v4,3
40276,reward,1183,127.98411195659754,30.216,PPO-LN-RegenReg,Hopper-v4,3
40332,reward,1184,99.86456215095116,33.997,PPO-LN-RegenReg,Hopper-v4,3
40366,reward,1185,11.800523810482819,34.79,PPO-LN-RegenReg,Hopper-v4,3
40409,reward,1186,65.30255726182827,40.788,PPO-LN-RegenReg,Hopper-v4,3
40424,reward,1187,4.173671421269555,40.624,PPO-LN-RegenReg,Hopper-v4,3
40452,reward,1188,43.90233261558733,44.431,PPO-LN-RegenReg,Hopper-v4,3
40471,reward,1189,3.650858381490968,44.372,PPO-LN-RegenReg,Hopper-v4,3
40528,reward,1190,40.86174028079517,47.774,PPO-LN-RegenReg,Hopper-v4,3
40538,reward,1191,6.4716789098252425,40.919,PPO-LN-RegenReg,Hopper-v4,3
40551,reward,1192,6.223779800259695,41.024,PPO-LN-RegenReg,Hopper-v4,3
40574,reward,1193,7.8283727194029,29.008,PPO-LN-RegenReg,Hopper-v4,3
40586,reward,1194,3.7868747668919562,19.4,PPO-LN-RegenReg,Hopper-v4,3
40596,reward,1195,5.0842563944471175,18.729,PPO-LN-RegenReg,Hopper-v4,3
40635,reward,1196,63.68669758842314,18.567,PPO-LN-RegenReg,Hopper-v4,3
40655,reward,1197,0.6372325268330097,18.213,PPO-LN-RegenReg,Hopper-v4,3
40714,reward,1198,96.56951550624105,23.48,PPO-LN-RegenReg,Hopper-v4,3
40728,reward,1199,2.856739990587635,23.401,PPO-LN-RegenReg,Hopper-v4,3
40746,reward,1200,8.452323074995071,20.16,PPO-LN-RegenReg,Hopper-v4,3
40774,reward,1201,25.27577498741045,22.04,PPO-LN-RegenReg,Hopper-v4,3
40826,reward,1202,84.25722510636768,29.844,PPO-LN-RegenReg,Hopper-v4,3
40841,reward,1203,4.852251936338732,29.546,PPO-LN-RegenReg,Hopper-v4,3
40867,reward,1204,2.8947997660961353,29.457,PPO-LN-RegenReg,Hopper-v4,3
40895,reward,1205,47.088471308299056,33.657,PPO-LN-RegenReg,Hopper-v4,3
40955,reward,1206,58.24705156060274,33.113,PPO-LN-RegenReg,Hopper-v4,3
41020,reward,1207,58.41550250993715,38.891,PPO-LN-RegenReg,Hopper-v4,3
41043,reward,1208,3.396531915321953,29.574,PPO-LN-RegenReg,Hopper-v4,3
41057,reward,1209,3.9072385070098283,29.679,PPO-LN-RegenReg,Hopper-v4,3
41069,reward,1210,5.817335245669968,29.415,PPO-LN-RegenReg,Hopper-v4,3
41115,reward,1211,70.019372678314,33.89,PPO-LN-RegenReg,Hopper-v4,3
41145,reward,1212,51.97946609559403,30.662,PPO-LN-RegenReg,Hopper-v4,3
41157,reward,1213,4.40839667723376,30.617,PPO-LN-RegenReg,Hopper-v4,3
41200,reward,1214,71.0991633465017,37.438,PPO-LN-RegenReg,Hopper-v4,3
41224,reward,1215,5.069321277648287,33.236,PPO-LN-RegenReg,Hopper-v4,3
41239,reward,1216,3.48224836518469,27.759,PPO-LN-RegenReg,Hopper-v4,3
41261,reward,1217,0.9623688493924822,22.014,PPO-LN-RegenReg,Hopper-v4,3
41318,reward,1218,36.91267185603291,25.366,PPO-LN-RegenReg,Hopper-v4,3
41355,reward,1219,62.09159680783923,31.184,PPO-LN-RegenReg,Hopper-v4,3
41372,reward,1220,3.7078005368019715,30.973,PPO-LN-RegenReg,Hopper-v4,3
41393,reward,1221,7.796881915651737,24.751,PPO-LN-RegenReg,Hopper-v4,3
41408,reward,1222,2.793701121482397,19.832,PPO-LN-RegenReg,Hopper-v4,3
41426,reward,1223,2.83047328338937,19.675,PPO-LN-RegenReg,Hopper-v4,3
41436,reward,1224,6.205519855327322,13.185,PPO-LN-RegenReg,Hopper-v4,3
41451,reward,1225,6.673879989096049,13.346,PPO-LN-RegenReg,Hopper-v4,3
41600,reward,1226,140.99070445341565,27.097,PPO-LN-RegenReg,Hopper-v4,3
41616,reward,1227,3.4090887152458014,27.341,PPO-LN-RegenReg,Hopper-v4,3
41666,reward,1228,49.991190594874475,28.649,PPO-LN-RegenReg,Hopper-v4,3
41695,reward,1229,7.8258938479571505,23.223,PPO-LN-RegenReg,Hopper-v4,3
41741,reward,1230,27.42078207358232,25.594,PPO-LN-RegenReg,Hopper-v4,3
41752,reward,1231,5.742359721040701,25.388,PPO-LN-RegenReg,Hopper-v4,3
41768,reward,1232,3.0175930121876213,25.411,PPO-LN-RegenReg,Hopper-v4,3
41782,reward,1233,2.208763730389667,25.349,PPO-LN-RegenReg,Hopper-v4,3
41807,reward,1234,4.814930743791356,25.21,PPO-LN-RegenReg,Hopper-v4,3
41848,reward,1235,66.6214542321567,31.204,PPO-LN-RegenReg,Hopper-v4,3
41882,reward,1236,52.955499029719405,22.401,PPO-LN-RegenReg,Hopper-v4,3
41913,reward,1237,51.79181224827402,27.239,PPO-LN-RegenReg,Hopper-v4,3
41933,reward,1238,-0.8019210141644302,22.16,PPO-LN-RegenReg,Hopper-v4,3
41960,reward,1239,11.126828031219842,22.49,PPO-LN-RegenReg,Hopper-v4,3
41999,reward,1240,66.186726761056,26.366,PPO-LN-RegenReg,Hopper-v4,3
42017,reward,1241,6.419502707835087,26.434,PPO-LN-RegenReg,Hopper-v4,3
42035,reward,1242,4.4484621558482855,26.577,PPO-LN-RegenReg,Hopper-v4,3
42057,reward,1243,4.870258793810089,26.843,PPO-LN-RegenReg,Hopper-v4,3
42076,reward,1244,6.57778846421984,27.02,PPO-LN-RegenReg,Hopper-v4,3
42087,reward,1245,4.368491560088955,20.794,PPO-LN-RegenReg,Hopper-v4,3
42099,reward,1246,4.8203817464780645,15.981,PPO-LN-RegenReg,Hopper-v4,3
42118,reward,1247,1.8714003723788508,10.989,PPO-LN-RegenReg,Hopper-v4,3
42159,reward,1248,67.56958753165961,17.826,PPO-LN-RegenReg,Hopper-v4,3
42188,reward,1249,29.590960663537405,19.672,PPO-LN-RegenReg,Hopper-v4,3
42210,reward,1250,5.200175692670426,13.574,PPO-LN-RegenReg,Hopper-v4,3
42262,reward,1251,65.58273443921945,19.49,PPO-LN-RegenReg,Hopper-v4,3
42278,reward,1252,3.6342678948400184,19.409,PPO-LN-RegenReg,Hopper-v4,3
42348,reward,1253,123.62370632337407,31.284,PPO-LN-RegenReg,Hopper-v4,3
42368,reward,1254,0.6348142823243648,30.69,PPO-LN-RegenReg,Hopper-v4,3
42387,reward,1255,0.9271175813127814,30.346,PPO-LN-RegenReg,Hopper-v4,3
42407,reward,1256,7.034956400072248,30.567,PPO-LN-RegenReg,Hopper-v4,3
42429,reward,1257,4.797120493740908,30.86,PPO-LN-RegenReg,Hopper-v4,3
42456,reward,1258,9.531658651503385,25.056,PPO-LN-RegenReg,Hopper-v4,3
42474,reward,1259,0.9187982315440575,22.189,PPO-LN-RegenReg,Hopper-v4,3
42492,reward,1260,1.3415407581601015,21.803,PPO-LN-RegenReg,Hopper-v4,3
42502,reward,1261,4.339531811281033,15.678,PPO-LN-RegenReg,Hopper-v4,3
42522,reward,1262,6.984318166194257,16.013,PPO-LN-RegenReg,Hopper-v4,3
42566,reward,1263,73.1600920156073,10.967,PPO-LN-RegenReg,Hopper-v4,3
42580,reward,1264,4.110576403540337,11.315,PPO-LN-RegenReg,Hopper-v4,3
42590,reward,1265,5.409912886716472,11.763,PPO-LN-RegenReg,Hopper-v4,3
42630,reward,1266,60.87718297199781,17.147,PPO-LN-RegenReg,Hopper-v4,3
42644,reward,1267,3.4396847344507484,17.011,PPO-LN-RegenReg,Hopper-v4,3
42668,reward,1268,4.267162582765474,16.485,PPO-LN-RegenReg,Hopper-v4,3
42715,reward,1269,74.79210190237018,23.872,PPO-LN-RegenReg,Hopper-v4,3
42745,reward,1270,7.894858263652276,24.528,PPO-LN-RegenReg,Hopper-v4,3
42760,reward,1271,5.897277069722996,24.683,PPO-LN-RegenReg,Hopper-v4,3
42797,reward,1272,59.76944028729782,29.962,PPO-LN-RegenReg,Hopper-v4,3
42815,reward,1273,1.9714518708246676,22.843,PPO-LN-RegenReg,Hopper-v4,3
42851,reward,1274,60.33726994537797,28.466,PPO-LN-RegenReg,Hopper-v4,3
42899,reward,1275,79.3462193329116,35.859,PPO-LN-RegenReg,Hopper-v4,3
42929,reward,1276,42.43868793510376,34.015,PPO-LN-RegenReg,Hopper-v4,3
42953,reward,1277,3.5997530338238297,34.031,PPO-LN-RegenReg,Hopper-v4,3
43017,reward,1278,124.9796764308083,46.103,PPO-LN-RegenReg,Hopper-v4,3
43049,reward,1279,5.9861449537012925,39.222,PPO-LN-RegenReg,Hopper-v4,3
43065,reward,1280,3.1333975901239794,38.746,PPO-LN-RegenReg,Hopper-v4,3
43083,reward,1281,1.2670691055712244,38.283,PPO-LN-RegenReg,Hopper-v4,3
43104,reward,1282,3.6393030594678057,32.67,PPO-LN-RegenReg,Hopper-v4,3
43124,reward,1283,1.444386638176049,32.617,PPO-LN-RegenReg,Hopper-v4,3
43145,reward,1284,2.58002472994242,26.841,PPO-LN-RegenReg,Hopper-v4,3
43196,reward,1285,43.235698578248,23.23,PPO-LN-RegenReg,Hopper-v4,3
43237,reward,1286,64.94733025445872,25.481,PPO-LN-RegenReg,Hopper-v4,3
43258,reward,1287,5.120128968925042,25.633,PPO-LN-RegenReg,Hopper-v4,3
43295,reward,1288,58.64673821514672,19.0,PPO-LN-RegenReg,Hopper-v4,3
43315,reward,1289,7.129349954934131,19.114,PPO-LN-RegenReg,Hopper-v4,3
43334,reward,1290,3.542528496816498,19.155,PPO-LN-RegenReg,Hopper-v4,3
43361,reward,1291,5.2519007572462755,19.554,PPO-LN-RegenReg,Hopper-v4,3
43416,reward,1292,86.57789080329349,27.848,PPO-LN-RegenReg,Hopper-v4,3
43438,reward,1293,4.124308679116579,28.116,PPO-LN-RegenReg,Hopper-v4,3
43482,reward,1294,72.12464203430892,35.07,PPO-LN-RegenReg,Hopper-v4,3
43503,reward,1295,1.5934091252463511,30.906,PPO-LN-RegenReg,Hopper-v4,3
43525,reward,1296,3.6962909417157563,24.781,PPO-LN-RegenReg,Hopper-v4,3
43572,reward,1297,77.02201075731472,31.971,PPO-LN-RegenReg,Hopper-v4,3
43592,reward,1298,1.1896060301862765,26.225,PPO-LN-RegenReg,Hopper-v4,3
43661,reward,1299,34.20975932177822,28.933,PPO-LN-RegenReg,Hopper-v4,3
43690,reward,1300,47.642857732843616,33.343,PPO-LN-RegenReg,Hopper-v4,3
43702,reward,1301,5.030237009404227,33.321,PPO-LN-RegenReg,Hopper-v4,3
43718,reward,1302,2.6192182914440654,24.925,PPO-LN-RegenReg,Hopper-v4,3
43738,reward,1303,1.6704736291457087,24.68,PPO-LN-RegenReg,Hopper-v4,3
43780,reward,1304,67.42308764409692,24.21,PPO-LN-RegenReg,Hopper-v4,3
43799,reward,1305,9.001066279135182,24.95,PPO-LN-RegenReg,Hopper-v4,3
43820,reward,1306,3.446327794502315,24.925,PPO-LN-RegenReg,Hopper-v4,3
43843,reward,1307,3.0467928429150186,17.528,PPO-LN-RegenReg,Hopper-v4,3
43865,reward,1308,26.83192092393744,20.092,PPO-LN-RegenReg,Hopper-v4,3
43897,reward,1309,15.47712475505787,18.219,PPO-LN-RegenReg,Hopper-v4,3
43931,reward,1310,53.276626030384534,18.782,PPO-LN-RegenReg,Hopper-v4,3
43950,reward,1311,-0.6908396527431582,18.21,PPO-LN-RegenReg,Hopper-v4,3
43968,reward,1312,2.9749229601808747,18.246,PPO-LN-RegenReg,Hopper-v4,3
43982,reward,1313,7.1333786277518385,18.792,PPO-LN-RegenReg,Hopper-v4,3
43999,reward,1314,0.5590932479567539,12.106,PPO-LN-RegenReg,Hopper-v4,3
44010,reward,1315,4.416957422545368,11.647,PPO-LN-RegenReg,Hopper-v4,3
44059,reward,1316,80.91916154705346,19.395,PPO-LN-RegenReg,Hopper-v4,3
44072,reward,1317,5.487537792902341,19.639,PPO-LN-RegenReg,Hopper-v4,3
44110,reward,1318,63.21279279326803,23.277,PPO-LN-RegenReg,Hopper-v4,3
44146,reward,1319,59.98436457752269,27.727,PPO-LN-RegenReg,Hopper-v4,3
44245,reward,1320,135.17674236271606,35.917,PPO-LN-RegenReg,Hopper-v4,3
44269,reward,1321,41.21165773492605,40.108,PPO-LN-RegenReg,Hopper-v4,3
44328,reward,1322,48.169172571404964,44.627,PPO-LN-RegenReg,Hopper-v4,3
44354,reward,1323,4.028636762294746,44.317,PPO-LN-RegenReg,Hopper-v4,3
44380,reward,1324,4.5012034537770775,44.711,PPO-LN-RegenReg,Hopper-v4,3
44402,reward,1325,3.5919962294043644,44.628,PPO-LN-RegenReg,Hopper-v4,3
44437,reward,1326,10.722341705895374,37.609,PPO-LN-RegenReg,Hopper-v4,3
44451,reward,1327,4.5147879017483215,37.511,PPO-LN-RegenReg,Hopper-v4,3
44466,reward,1328,3.101079739831272,31.5,PPO-LN-RegenReg,Hopper-v4,3
44507,reward,1329,62.368023516570126,31.739,PPO-LN-RegenReg,Hopper-v4,3
44561,reward,1330,79.98006885680081,26.219,PPO-LN-RegenReg,Hopper-v4,3
44577,reward,1331,5.501376837172391,22.648,PPO-LN-RegenReg,Hopper-v4,3
44590,reward,1332,5.391861763817017,18.37,PPO-LN-RegenReg,Hopper-v4,3
44617,reward,1333,13.029665361006236,19.27,PPO-LN-RegenReg,Hopper-v4,3
44649,reward,1334,49.57452861566582,23.778,PPO-LN-RegenReg,Hopper-v4,3
44672,reward,1335,1.5806759023358499,23.576,PPO-LN-RegenReg,Hopper-v4,3
44691,reward,1336,0.3075656554186179,22.535,PPO-LN-RegenReg,Hopper-v4,3
44714,reward,1337,3.2791317495718166,22.411,PPO-LN-RegenReg,Hopper-v4,3
44744,reward,1338,2.961456374604715,22.397,PPO-LN-RegenReg,Hopper-v4,3
44759,reward,1339,5.210742471607265,16.682,PPO-LN-RegenReg,Hopper-v4,3
44829,reward,1340,57.48116641496722,14.432,PPO-LN-RegenReg,Hopper-v4,3
44872,reward,1341,69.26683216879776,20.808,PPO-LN-RegenReg,Hopper-v4,3
44905,reward,1342,51.501906750030685,25.419,PPO-LN-RegenReg,Hopper-v4,3
44918,reward,1343,4.784412025905906,24.595,PPO-LN-RegenReg,Hopper-v4,3
44959,reward,1344,69.06794733183412,26.544,PPO-LN-RegenReg,Hopper-v4,3
44969,reward,1345,5.126847035666558,26.899,PPO-LN-RegenReg,Hopper-v4,3
45064,reward,1346,68.42557042697494,33.711,PPO-LN-RegenReg,Hopper-v4,3
45081,reward,1347,1.7776360891828422,33.56,PPO-LN-RegenReg,Hopper-v4,3
45115,reward,1348,43.520220134032584,37.616,PPO-LN-RegenReg,Hopper-v4,3
45126,reward,1349,5.649416525996632,37.66,PPO-LN-RegenReg,Hopper-v4,3
45141,reward,1350,3.1076513145526192,32.223,PPO-LN-RegenReg,Hopper-v4,3
45156,reward,1351,7.636953299702372,26.06,PPO-LN-RegenReg,Hopper-v4,3
45173,reward,1352,2.2976839016430373,21.139,PPO-LN-RegenReg,Hopper-v4,3
45188,reward,1353,3.8515514288768027,21.046,PPO-LN-RegenReg,Hopper-v4,3
45207,reward,1354,-0.41825138020506447,14.098,PPO-LN-RegenReg,Hopper-v4,3
45223,reward,1355,2.722292854745902,13.857,PPO-LN-RegenReg,Hopper-v4,3
45247,reward,1356,1.3330584172067939,7.148,PPO-LN-RegenReg,Hopper-v4,3
45267,reward,1357,1.8254490665465517,7.153,PPO-LN-RegenReg,Hopper-v4,3
45350,reward,1358,137.0609719608681,16.507,PPO-LN-RegenReg,Hopper-v4,3
45368,reward,1359,3.81185954728426,16.323,PPO-LN-RegenReg,Hopper-v4,3
45432,reward,1360,116.2661282827939,27.639,PPO-LN-RegenReg,Hopper-v4,3
45467,reward,1361,57.46170241844585,32.621,PPO-LN-RegenReg,Hopper-v4,3
45525,reward,1362,93.64817208730445,41.756,PPO-LN-RegenReg,Hopper-v4,3
45565,reward,1363,65.955713701169,47.967,PPO-LN-RegenReg,Hopper-v4,3
45591,reward,1364,6.896614167794159,48.698,PPO-LN-RegenReg,Hopper-v4,3
45606,reward,1365,6.008828579151358,49.027,PPO-LN-RegenReg,Hopper-v4,3
45620,reward,1366,3.1224913735895514,49.206,PPO-LN-RegenReg,Hopper-v4,3
45642,reward,1367,5.31697639231635,49.555,PPO-LN-RegenReg,Hopper-v4,3
45705,reward,1368,33.972710114088656,39.246,PPO-LN-RegenReg,Hopper-v4,3
45727,reward,1369,4.480052487693721,39.313,PPO-LN-RegenReg,Hopper-v4,3
45741,reward,1370,3.852841050293555,28.072,PPO-LN-RegenReg,Hopper-v4,3
45760,reward,1371,1.9560116216123578,22.521,PPO-LN-RegenReg,Hopper-v4,3
45776,reward,1372,3.1953933981187825,13.476,PPO-LN-RegenReg,Hopper-v4,3
45805,reward,1373,48.77939373963647,11.758,PPO-LN-RegenReg,Hopper-v4,3
45859,reward,1374,94.26342313013325,20.495,PPO-LN-RegenReg,Hopper-v4,3
45883,reward,1375,3.5704588796192067,20.251,PPO-LN-RegenReg,Hopper-v4,3
45906,reward,1376,6.485027993253747,20.587,PPO-LN-RegenReg,Hopper-v4,3
45926,reward,1377,1.2707499518555216,20.183,PPO-LN-RegenReg,Hopper-v4,3
45956,reward,1378,9.448659907121305,17.73,PPO-LN-RegenReg,Hopper-v4,3
45984,reward,1379,5.444884146912273,17.827,PPO-LN-RegenReg,Hopper-v4,3
45998,reward,1380,5.743289515968936,18.016,PPO-LN-RegenReg,Hopper-v4,3
46039,reward,1381,68.47574198782857,24.668,PPO-LN-RegenReg,Hopper-v4,3
46049,reward,1382,4.141615944297673,24.762,PPO-LN-RegenReg,Hopper-v4,3
46063,reward,1383,5.539133668210679,20.438,PPO-LN-RegenReg,Hopper-v4,3
46082,reward,1384,1.4748808977019947,11.159,PPO-LN-RegenReg,Hopper-v4,3
46113,reward,1385,50.83598231067594,15.886,PPO-LN-RegenReg,Hopper-v4,3
46124,reward,1386,5.465532039558369,15.784,PPO-LN-RegenReg,Hopper-v4,3
46152,reward,1387,47.06112774461417,20.363,PPO-LN-RegenReg,Hopper-v4,3
46175,reward,1388,5.014459519574715,19.92,PPO-LN-RegenReg,Hopper-v4,3
46200,reward,1389,42.568478611212505,23.632,PPO-LN-RegenReg,Hopper-v4,3
46229,reward,1390,49.45161041502148,28.003,PPO-LN-RegenReg,Hopper-v4,3
46244,reward,1391,4.010449351325091,21.556,PPO-LN-RegenReg,Hopper-v4,3
46274,reward,1392,7.03781960343203,21.846,PPO-LN-RegenReg,Hopper-v4,3
46293,reward,1393,4.620968687711857,21.754,PPO-LN-RegenReg,Hopper-v4,3
46337,reward,1394,24.20593382519297,24.027,PPO-LN-RegenReg,Hopper-v4,3
46350,reward,1395,4.089455902200342,19.353,PPO-LN-RegenReg,Hopper-v4,3
46382,reward,1396,7.430837483832841,19.549,PPO-LN-RegenReg,Hopper-v4,3
46408,reward,1397,43.513939996199696,19.194,PPO-LN-RegenReg,Hopper-v4,3
46427,reward,1398,-0.5913680946915725,18.634,PPO-LN-RegenReg,Hopper-v4,3
46483,reward,1399,58.51921684921541,20.229,PPO-LN-RegenReg,Hopper-v4,3
46527,reward,1400,64.21876657814903,21.706,PPO-LN-RegenReg,Hopper-v4,3
46578,reward,1401,52.612216967873515,26.566,PPO-LN-RegenReg,Hopper-v4,3
46623,reward,1402,74.0153394874789,33.264,PPO-LN-RegenReg,Hopper-v4,3
46638,reward,1403,8.415994826317505,33.643,PPO-LN-RegenReg,Hopper-v4,3
46654,reward,1404,5.464768295659175,31.769,PPO-LN-RegenReg,Hopper-v4,3
46673,reward,1405,0.21532552327379673,31.382,PPO-LN-RegenReg,Hopper-v4,3
46689,reward,1406,1.6340515791079038,30.802,PPO-LN-RegenReg,Hopper-v4,3
46732,reward,1407,18.10015274857401,28.26,PPO-LN-RegenReg,Hopper-v4,3
46754,reward,1408,3.967001311863499,28.716,PPO-LN-RegenReg,Hopper-v4,3
46775,reward,1409,5.537040000828542,23.418,PPO-LN-RegenReg,Hopper-v4,3
46824,reward,1410,22.057729586720765,19.202,PPO-LN-RegenReg,Hopper-v4,3
46852,reward,1411,44.656607741585944,18.406,PPO-LN-RegenReg,Hopper-v4,3
46891,reward,1412,64.45272326606536,17.45,PPO-LN-RegenReg,Hopper-v4,3
46902,reward,1413,4.430863979812983,17.052,PPO-LN-RegenReg,Hopper-v4,3
46921,reward,1414,0.23136893829603888,16.528,PPO-LN-RegenReg,Hopper-v4,3
46942,reward,1415,2.042597713713747,16.711,PPO-LN-RegenReg,Hopper-v4,3
46962,reward,1416,7.186099930602005,17.266,PPO-LN-RegenReg,Hopper-v4,3
46987,reward,1417,3.6788202181055185,15.824,PPO-LN-RegenReg,Hopper-v4,3
47042,reward,1418,54.270704803988515,20.854,PPO-LN-RegenReg,Hopper-v4,3
47057,reward,1419,0.8324659043096709,20.384,PPO-LN-RegenReg,Hopper-v4,3
47080,reward,1420,2.348558116994068,18.413,PPO-LN-RegenReg,Hopper-v4,3
47101,reward,1421,5.274498515836633,14.475,PPO-LN-RegenReg,Hopper-v4,3
47143,reward,1422,68.66217291150993,14.896,PPO-LN-RegenReg,Hopper-v4,3
47177,reward,1423,58.411446056331066,20.294,PPO-LN-RegenReg,Hopper-v4,3
47191,reward,1424,6.737211056855555,20.944,PPO-LN-RegenReg,Hopper-v4,3
47212,reward,1425,2.7438593486896705,21.015,PPO-LN-RegenReg,Hopper-v4,3
47226,reward,1426,6.344910756317673,20.93,PPO-LN-RegenReg,Hopper-v4,3
47266,reward,1427,65.4343626058045,27.106,PPO-LN-RegenReg,Hopper-v4,3
47282,reward,1428,3.390147504132738,22.018,PPO-LN-RegenReg,Hopper-v4,3
47301,reward,1429,0.9644567155352659,22.031,PPO-LN-RegenReg,Hopper-v4,3
47313,reward,1430,5.162243120650109,22.313,PPO-LN-RegenReg,Hopper-v4,3
47357,reward,1431,68.46967957838507,28.632,PPO-LN-RegenReg,Hopper-v4,3
47376,reward,1432,6.3737021124855,22.403,PPO-LN-RegenReg,Hopper-v4,3
47400,reward,1433,4.108485152025138,16.973,PPO-LN-RegenReg,Hopper-v4,3
47458,reward,1434,105.50766930639415,26.85,PPO-LN-RegenReg,Hopper-v4,3
47493,reward,1435,58.514522275697615,32.427,PPO-LN-RegenReg,Hopper-v4,3
47518,reward,1436,2.5555891990129145,32.048,PPO-LN-RegenReg,Hopper-v4,3
47561,reward,1437,71.14140380501925,32.619,PPO-LN-RegenReg,Hopper-v4,3
47580,reward,1438,6.443995227788348,32.924,PPO-LN-RegenReg,Hopper-v4,3
47644,reward,1439,36.06729589131781,36.434,PPO-LN-RegenReg,Hopper-v4,3
47705,reward,1440,36.02840299100556,39.521,PPO-LN-RegenReg,Hopper-v4,3
47735,reward,1441,49.99077057435349,37.673,PPO-LN-RegenReg,Hopper-v4,3
47754,reward,1442,0.9349052730672214,37.129,PPO-LN-RegenReg,Hopper-v4,3
47778,reward,1443,1.888110813454574,36.907,PPO-LN-RegenReg,Hopper-v4,3
47815,reward,1444,59.7853306652159,32.335,PPO-LN-RegenReg,Hopper-v4,3
47827,reward,1445,5.582684793617937,27.042,PPO-LN-RegenReg,Hopper-v4,3
47859,reward,1446,55.03344804981263,32.29,PPO-LN-RegenReg,Hopper-v4,3
47895,reward,1447,57.64419408924816,30.94,PPO-LN-RegenReg,Hopper-v4,3
47931,reward,1448,57.196907246619666,36.015,PPO-LN-RegenReg,Hopper-v4,3
47995,reward,1449,46.638755096477546,37.072,PPO-LN-RegenReg,Hopper-v4,3
48025,reward,1450,50.84768577738652,38.554,PPO-LN-RegenReg,Hopper-v4,3
48053,reward,1451,4.070752184545513,33.962,PPO-LN-RegenReg,Hopper-v4,3
48073,reward,1452,2.6307795837288532,34.132,PPO-LN-RegenReg,Hopper-v4,3
48095,reward,1453,1.4788775927208773,34.091,PPO-LN-RegenReg,Hopper-v4,3
48122,reward,1454,44.732907684695626,32.586,PPO-LN-RegenReg,Hopper-v4,3
48142,reward,1455,5.892375959657368,32.617,PPO-LN-RegenReg,Hopper-v4,3
48186,reward,1456,69.90975103580698,34.104,PPO-LN-RegenReg,Hopper-v4,3
48205,reward,1457,5.412507826435109,28.881,PPO-LN-RegenReg,Hopper-v4,3
48226,reward,1458,28.223646158394455,25.984,PPO-LN-RegenReg,Hopper-v4,3
48259,reward,1459,53.761566505976155,26.696,PPO-LN-RegenReg,Hopper-v4,3
48293,reward,1460,58.81954808922363,27.493,PPO-LN-RegenReg,Hopper-v4,3
48369,reward,1461,84.18324397138564,35.505,PPO-LN-RegenReg,Hopper-v4,3
48420,reward,1462,83.37908160384679,43.579,PPO-LN-RegenReg,Hopper-v4,3
48438,reward,1463,2.7487522027000786,43.706,PPO-LN-RegenReg,Hopper-v4,3
48507,reward,1464,83.54489095600744,47.588,PPO-LN-RegenReg,Hopper-v4,3
48528,reward,1465,2.3044828881775064,47.229,PPO-LN-RegenReg,Hopper-v4,3
48565,reward,1466,60.97374891361844,46.335,PPO-LN-RegenReg,Hopper-v4,3
48606,reward,1467,67.02530808009715,52.496,PPO-LN-RegenReg,Hopper-v4,3
48625,reward,1468,3.579644836011928,50.032,PPO-LN-RegenReg,Hopper-v4,3
48680,reward,1469,94.5847495835472,54.114,PPO-LN-RegenReg,Hopper-v4,3
48716,reward,1470,58.51061340707596,54.083,PPO-LN-RegenReg,Hopper-v4,3
48741,reward,1471,6.323395772560915,46.297,PPO-LN-RegenReg,Hopper-v4,3
48758,reward,1472,6.796379891346271,38.639,PPO-LN-RegenReg,Hopper-v4,3
48808,reward,1473,28.36665155989564,41.201,PPO-LN-RegenReg,Hopper-v4,3
48821,reward,1474,5.889949245858639,33.435,PPO-LN-RegenReg,Hopper-v4,3
48847,reward,1475,4.179969100225836,33.623,PPO-LN-RegenReg,Hopper-v4,3
48869,reward,1476,1.2226801601243733,27.648,PPO-LN-RegenReg,Hopper-v4,3
48927,reward,1477,28.0249114381587,23.748,PPO-LN-RegenReg,Hopper-v4,3
48947,reward,1478,4.3822729344849005,23.828,PPO-LN-RegenReg,Hopper-v4,3
49006,reward,1479,32.67020010499723,17.637,PPO-LN-RegenReg,Hopper-v4,3
49038,reward,1480,53.08656880510302,17.094,PPO-LN-RegenReg,Hopper-v4,3
49061,reward,1481,3.6898345404109656,16.831,PPO-LN-RegenReg,Hopper-v4,3
49077,reward,1482,4.140191112705068,16.565,PPO-LN-RegenReg,Hopper-v4,3
49091,reward,1483,1.8570366976510544,13.914,PPO-LN-RegenReg,Hopper-v4,3
49149,reward,1484,40.5481577693785,17.38,PPO-LN-RegenReg,Hopper-v4,3
49194,reward,1485,76.60468951725619,24.623,PPO-LN-RegenReg,Hopper-v4,3
49222,reward,1486,46.778239762761714,29.178,PPO-LN-RegenReg,Hopper-v4,3
49268,reward,1487,73.480247991896,33.724,PPO-LN-RegenReg,Hopper-v4,3
49287,reward,1488,0.455474641835832,33.331,PPO-LN-RegenReg,Hopper-v4,3
49333,reward,1489,74.45880718866567,37.51,PPO-LN-RegenReg,Hopper-v4,3
49354,reward,1490,2.8895474114417192,32.49,PPO-LN-RegenReg,Hopper-v4,3
49395,reward,1491,67.56143508086419,38.877,PPO-LN-RegenReg,Hopper-v4,3
49442,reward,1492,78.67114435113724,46.33,PPO-LN-RegenReg,Hopper-v4,3
49492,reward,1493,86.4353820985517,54.788,PPO-LN-RegenReg,Hopper-v4,3
49531,reward,1494,64.69403253700676,57.203,PPO-LN-RegenReg,Hopper-v4,3
49567,reward,1495,56.37738613921964,55.18,PPO-LN-RegenReg,Hopper-v4,3
49597,reward,1496,50.50764776103498,55.553,PPO-LN-RegenReg,Hopper-v4,3
49667,reward,1497,46.90146159323267,52.895,PPO-LN-RegenReg,Hopper-v4,3
49683,reward,1498,4.4874341301215415,53.298,PPO-LN-RegenReg,Hopper-v4,3
49708,reward,1499,1.5904222685996057,46.012,PPO-LN-RegenReg,Hopper-v4,3
49750,reward,1500,70.87958021808848,52.811,PPO-LN-RegenReg,Hopper-v4,3
49796,reward,1501,74.07960737201908,53.462,PPO-LN-RegenReg,Hopper-v4,3
49821,reward,1502,2.3762528205601297,45.833,PPO-LN-RegenReg,Hopper-v4,3
49842,reward,1503,3.993003183445333,37.589,PPO-LN-RegenReg,Hopper-v4,3
49881,reward,1504,63.38025180941724,37.457,PPO-LN-RegenReg,Hopper-v4,3
49946,reward,1505,44.969123608042395,36.316,PPO-LN-RegenReg,Hopper-v4,3
49970,reward,1506,0.6817165877657776,31.334,PPO-LN-RegenReg,Hopper-v4,3
50003,reward,1507,57.097555201637746,32.353,PPO-LN-RegenReg,Hopper-v4,3
50033,reward,1508,49.43655796372401,36.848,PPO-LN-RegenReg,Hopper-v4,3
50058,reward,1509,3.6102925573785254,37.05,PPO-LN-RegenReg,Hopper-v4,3
50085,reward,1510,4.721645168151461,30.435,PPO-LN-RegenReg,Hopper-v4,3
50139,reward,1511,86.58633084052892,31.685,PPO-LN-RegenReg,Hopper-v4,3
50182,reward,1512,69.57549096204059,38.405,PPO-LN-RegenReg,Hopper-v4,3
50242,reward,1513,101.62766380485974,48.169,PPO-LN-RegenReg,Hopper-v4,3
50267,reward,1514,3.7928311560727135,42.21,PPO-LN-RegenReg,Hopper-v4,3
50291,reward,1515,3.003897201092449,38.013,PPO-LN-RegenReg,Hopper-v4,3
50307,reward,1516,5.473164278908403,38.493,PPO-LN-RegenReg,Hopper-v4,3
50336,reward,1517,48.20404180433067,37.603,PPO-LN-RegenReg,Hopper-v4,3
50360,reward,1518,1.3898808137880387,32.799,PPO-LN-RegenReg,Hopper-v4,3
50375,reward,1519,3.752197761335437,32.813,PPO-LN-RegenReg,Hopper-v4,3
50424,reward,1520,79.84121290079318,40.325,PPO-LN-RegenReg,Hopper-v4,3
50468,reward,1521,63.61776461351666,38.028,PPO-LN-RegenReg,Hopper-v4,3
50511,reward,1522,68.65894380604725,37.936,PPO-LN-RegenReg,Hopper-v4,3
50553,reward,1523,67.18125343078555,34.492,PPO-LN-RegenReg,Hopper-v4,3
50631,reward,1524,81.27811183635436,42.24,PPO-LN-RegenReg,Hopper-v4,3
50648,reward,1525,3.5120015442153014,42.291,PPO-LN-RegenReg,Hopper-v4,3
50671,reward,1526,2.884898794996697,42.032,PPO-LN-RegenReg,Hopper-v4,3
50717,reward,1527,72.76934070829682,44.489,PPO-LN-RegenReg,Hopper-v4,3
50734,reward,1528,0.27898433889373386,44.377,PPO-LN-RegenReg,Hopper-v4,3
50758,reward,1529,4.362371231878611,44.438,PPO-LN-RegenReg,Hopper-v4,3
50815,reward,1530,27.581107749999617,39.212,PPO-LN-RegenReg,Hopper-v4,3
50866,reward,1531,86.63090773208617,41.514,PPO-LN-RegenReg,Hopper-v4,3
50910,reward,1532,74.31114097085361,42.079,PPO-LN-RegenReg,Hopper-v4,3
50961,reward,1533,82.63195944326748,43.624,PPO-LN-RegenReg,Hopper-v4,3
51005,reward,1534,70.9031316798342,42.587,PPO-LN-RegenReg,Hopper-v4,3
51028,reward,1535,2.9693377882752032,42.532,PPO-LN-RegenReg,Hopper-v4,3
51053,reward,1536,3.323644774362965,42.576,PPO-LN-RegenReg,Hopper-v4,3
51075,reward,1537,1.0378692239516978,35.403,PPO-LN-RegenReg,Hopper-v4,3
51094,reward,1538,1.0638523960975397,35.482,PPO-LN-RegenReg,Hopper-v4,3
51110,reward,1539,3.408499985893209,35.386,PPO-LN-RegenReg,Hopper-v4,3
51182,reward,1540,77.83022758025575,40.411,PPO-LN-RegenReg,Hopper-v4,3
51207,reward,1541,21.301807526790924,33.878,PPO-LN-RegenReg,Hopper-v4,3
51223,reward,1542,3.210361027502571,26.768,PPO-LN-RegenReg,Hopper-v4,3
51335,reward,1543,121.58393788625625,30.663,PPO-LN-RegenReg,Hopper-v4,3
51388,reward,1544,87.28015430761833,32.301,PPO-LN-RegenReg,Hopper-v4,3
51433,reward,1545,72.37845734011115,39.242,PPO-LN-RegenReg,Hopper-v4,3
51457,reward,1546,4.119427429089674,39.321,PPO-LN-RegenReg,Hopper-v4,3
51474,reward,1547,3.2260576684793865,39.54,PPO-LN-RegenReg,Hopper-v4,3
51504,reward,1548,51.1872830289535,44.553,PPO-LN-RegenReg,Hopper-v4,3
51527,reward,1549,2.432041278453372,44.455,PPO-LN-RegenReg,Hopper-v4,3
51595,reward,1550,100.41718864060633,46.714,PPO-LN-RegenReg,Hopper-v4,3
51662,reward,1551,120.47942740694565,56.631,PPO-LN-RegenReg,Hopper-v4,3
51684,reward,1552,1.660193623948646,56.476,PPO-LN-RegenReg,Hopper-v4,3
51731,reward,1553,75.26671045545292,51.845,PPO-LN-RegenReg,Hopper-v4,3
51773,reward,1554,69.0103340614085,50.018,PPO-LN-RegenReg,Hopper-v4,3
51799,reward,1555,6.741744076981641,43.454,PPO-LN-RegenReg,Hopper-v4,3
51843,reward,1556,71.05625311097309,50.148,PPO-LN-RegenReg,Hopper-v4,3
51862,reward,1557,0.8713341497505296,49.912,PPO-LN-RegenReg,Hopper-v4,3
51886,reward,1558,1.1410432376407247,44.908,PPO-LN-RegenReg,Hopper-v4,3
51911,reward,1559,3.6379584974071073,45.028,PPO-LN-RegenReg,Hopper-v4,3
51928,reward,1560,0.03696187224026248,34.99,PPO-LN-RegenReg,Hopper-v4,3
51959,reward,1561,7.7688711337987035,23.719,PPO-LN-RegenReg,Hopper-v4,3
51977,reward,1562,7.442002651443314,24.297,PPO-LN-RegenReg,Hopper-v4,3
51997,reward,1563,1.5285097689799942,16.924,PPO-LN-RegenReg,Hopper-v4,3
52020,reward,1564,5.452812300933729,10.568,PPO-LN-RegenReg,Hopper-v4,3
52064,reward,1565,71.7792798539008,17.072,PPO-LN-RegenReg,Hopper-v4,3
52086,reward,1566,1.709667965066672,10.137,PPO-LN-RegenReg,Hopper-v4,3
52138,reward,1567,94.06871617345953,19.457,PPO-LN-RegenReg,Hopper-v4,3
52190,reward,1568,87.82934780266886,28.125,PPO-LN-RegenReg,Hopper-v4,3
52213,reward,1569,1.7377815717864857,27.935,PPO-LN-RegenReg,Hopper-v4,3
52247,reward,1570,54.99804182035411,33.432,PPO-LN-RegenReg,Hopper-v4,3
52271,reward,1571,2.2069278278501603,32.875,PPO-LN-RegenReg,Hopper-v4,3
52317,reward,1572,80.04747439752461,40.136,PPO-LN-RegenReg,Hopper-v4,3
52368,reward,1573,29.159166367088186,42.899,PPO-LN-RegenReg,Hopper-v4,3
52425,reward,1574,37.71658482542176,46.125,PPO-LN-RegenReg,Hopper-v4,3
52441,reward,1575,3.5603995117620304,39.303,PPO-LN-RegenReg,Hopper-v4,3
52480,reward,1576,46.87464141265726,43.82,PPO-LN-RegenReg,Hopper-v4,3
52520,reward,1577,63.4618529222291,40.759,PPO-LN-RegenReg,Hopper-v4,3
52555,reward,1578,9.760658716692156,32.952,PPO-LN-RegenReg,Hopper-v4,3
52570,reward,1579,2.4073782955255045,33.019,PPO-LN-RegenReg,Hopper-v4,3
52594,reward,1580,3.2650647416633536,27.846,PPO-LN-RegenReg,Hopper-v4,3
52632,reward,1581,59.49714475145831,33.575,PPO-LN-RegenReg,Hopper-v4,3
52696,reward,1582,111.28630467555544,36.699,PPO-LN-RegenReg,Hopper-v4,3
52719,reward,1583,3.43006900183667,34.126,PPO-LN-RegenReg,Hopper-v4,3
52756,reward,1584,57.504474619227224,36.105,PPO-LN-RegenReg,Hopper-v4,3
52778,reward,1585,2.2515482026675375,35.974,PPO-LN-RegenReg,Hopper-v4,3
52817,reward,1586,64.09399876313059,37.696,PPO-LN-RegenReg,Hopper-v4,3
52878,reward,1587,39.50304267452498,35.3,PPO-LN-RegenReg,Hopper-v4,3
52906,reward,1588,4.033882654383996,34.727,PPO-LN-RegenReg,Hopper-v4,3
52930,reward,1589,5.477966150340295,35.034,PPO-LN-RegenReg,Hopper-v4,3
52971,reward,1590,66.72564623723797,41.38,PPO-LN-RegenReg,Hopper-v4,3
52995,reward,1591,4.261294820035967,35.857,PPO-LN-RegenReg,Hopper-v4,3
53035,reward,1592,63.276321709292915,31.056,PPO-LN-RegenReg,Hopper-v4,3
53056,reward,1593,5.500414883504305,31.263,PPO-LN-RegenReg,Hopper-v4,3
53071,reward,1594,2.244804893186381,25.737,PPO-LN-RegenReg,Hopper-v4,3
53096,reward,1595,41.30295529747068,29.642,PPO-LN-RegenReg,Hopper-v4,3
53135,reward,1596,64.28163083950153,29.661,PPO-LN-RegenReg,Hopper-v4,3
53159,reward,1597,3.1995006984625354,26.03,PPO-LN-RegenReg,Hopper-v4,3
53178,reward,1598,-0.32874473991571573,25.594,PPO-LN-RegenReg,Hopper-v4,3
53220,reward,1599,67.14120872116928,31.761,PPO-LN-RegenReg,Hopper-v4,3
53256,reward,1600,10.712637489660281,26.159,PPO-LN-RegenReg,Hopper-v4,3
53300,reward,1601,74.18077015684521,33.151,PPO-LN-RegenReg,Hopper-v4,3
53325,reward,1602,3.156145117737891,27.139,PPO-LN-RegenReg,Hopper-v4,3
53370,reward,1603,72.82253567707052,33.871,PPO-LN-RegenReg,Hopper-v4,3
53413,reward,1604,69.27015888356462,40.574,PPO-LN-RegenReg,Hopper-v4,3
53466,reward,1605,44.71049850004686,40.915,PPO-LN-RegenReg,Hopper-v4,3
53526,reward,1606,100.82522722569577,44.569,PPO-LN-RegenReg,Hopper-v4,3
53570,reward,1607,71.48774899566656,51.398,PPO-LN-RegenReg,Hopper-v4,3
53641,reward,1608,118.53592527085948,63.284,PPO-LN-RegenReg,Hopper-v4,3
53670,reward,1609,21.62671074453314,58.733,PPO-LN-RegenReg,Hopper-v4,3
53696,reward,1610,5.392825915527248,58.201,PPO-LN-RegenReg,Hopper-v4,3
53733,reward,1611,64.16917268683348,57.2,PPO-LN-RegenReg,Hopper-v4,3
53815,reward,1612,145.62220506974046,71.446,PPO-LN-RegenReg,Hopper-v4,3
53857,reward,1613,65.57215108814071,70.721,PPO-LN-RegenReg,Hopper-v4,3
53880,reward,1614,4.81411138671002,64.276,PPO-LN-RegenReg,Hopper-v4,3
53928,reward,1615,79.08553326462216,67.713,PPO-LN-RegenReg,Hopper-v4,3
53946,reward,1616,1.0135959136979924,57.732,PPO-LN-RegenReg,Hopper-v4,3
53999,reward,1617,88.080758284822,59.391,PPO-LN-RegenReg,Hopper-v4,3
54030,reward,1618,7.384449578288147,48.276,PPO-LN-RegenReg,Hopper-v4,3
54056,reward,1619,4.1176021868411965,46.525,PPO-LN-RegenReg,Hopper-v4,3
54102,reward,1620,72.9645580094349,53.282,PPO-LN-RegenReg,Hopper-v4,3
54166,reward,1621,114.2452002672228,58.29,PPO-LN-RegenReg,Hopper-v4,3
54228,reward,1622,103.13214299534354,54.041,PPO-LN-RegenReg,Hopper-v4,3
54271,reward,1623,66.44080683499729,54.128,PPO-LN-RegenReg,Hopper-v4,3
54298,reward,1624,5.103818616346542,54.157,PPO-LN-RegenReg,Hopper-v4,3
54312,reward,1625,5.875348121173614,46.836,PPO-LN-RegenReg,Hopper-v4,3
54336,reward,1626,5.079849664097802,47.242,PPO-LN-RegenReg,Hopper-v4,3
54407,reward,1627,119.8318796704523,50.418,PPO-LN-RegenReg,Hopper-v4,3
54448,reward,1628,66.97277524293771,56.376,PPO-LN-RegenReg,Hopper-v4,3
54508,reward,1629,39.3671743677811,59.901,PPO-LN-RegenReg,Hopper-v4,3
54531,reward,1630,5.6140719791999985,53.166,PPO-LN-RegenReg,Hopper-v4,3
54553,reward,1631,3.587003289155579,42.1,PPO-LN-RegenReg,Hopper-v4,3
54568,reward,1632,6.3309847819685,32.42,PPO-LN-RegenReg,Hopper-v4,3
54620,reward,1633,78.62802475129611,33.639,PPO-LN-RegenReg,Hopper-v4,3
54660,reward,1634,62.4650675160233,39.375,PPO-LN-RegenReg,Hopper-v4,3
54684,reward,1635,4.524366965698076,39.24,PPO-LN-RegenReg,Hopper-v4,3
54732,reward,1636,81.76071151751546,46.908,PPO-LN-RegenReg,Hopper-v4,3
54757,reward,1637,2.907443824205002,35.216,PPO-LN-RegenReg,Hopper-v4,3
54797,reward,1638,66.56416696479178,35.175,PPO-LN-RegenReg,Hopper-v4,3
54822,reward,1639,6.451111167812755,31.883,PPO-LN-RegenReg,Hopper-v4,3
54860,reward,1640,62.37432513958502,37.559,PPO-LN-RegenReg,Hopper-v4,3
54899,reward,1641,60.82025023731335,43.283,PPO-LN-RegenReg,Hopper-v4,3
54914,reward,1642,3.453286875420466,42.995,PPO-LN-RegenReg,Hopper-v4,3
54933,reward,1643,4.664528422397613,35.599,PPO-LN-RegenReg,Hopper-v4,3
54977,reward,1644,70.05013855012595,36.357,PPO-LN-RegenReg,Hopper-v4,3
55006,reward,1645,49.11338108073106,40.816,PPO-LN-RegenReg,Hopper-v4,3
55032,reward,1646,44.48691558173067,37.089,PPO-LN-RegenReg,Hopper-v4,3
55069,reward,1647,63.882247052767596,43.186,PPO-LN-RegenReg,Hopper-v4,3
55117,reward,1648,68.03527030674795,43.333,PPO-LN-RegenReg,Hopper-v4,3
55164,reward,1649,79.75515967683005,50.664,PPO-LN-RegenReg,Hopper-v4,3
55201,reward,1650,58.7256741713835,50.299,PPO-LN-RegenReg,Hopper-v4,3
55233,reward,1651,50.22640525324568,49.239,PPO-LN-RegenReg,Hopper-v4,3
55263,reward,1652,49.365205682942594,53.83,PPO-LN-RegenReg,Hopper-v4,3
55318,reward,1653,60.75663556008528,59.44,PPO-LN-RegenReg,Hopper-v4,3
55360,reward,1654,66.11742626651576,59.046,PPO-LN-RegenReg,Hopper-v4,3
55390,reward,1655,50.36233250418,59.171,PPO-LN-RegenReg,Hopper-v4,3
55412,reward,1656,6.66868007108151,55.39,PPO-LN-RegenReg,Hopper-v4,3
55448,reward,1657,58.21853108731848,54.823,PPO-LN-RegenReg,Hopper-v4,3
55490,reward,1658,71.62343520926474,55.182,PPO-LN-RegenReg,Hopper-v4,3
55541,reward,1659,80.57687912426613,55.264,PPO-LN-RegenReg,Hopper-v4,3
55643,reward,1660,161.71729463968623,65.563,PPO-LN-RegenReg,Hopper-v4,3
55681,reward,1661,64.0363372782045,66.944,PPO-LN-RegenReg,Hopper-v4,3
55719,reward,1662,62.79541984269662,68.287,PPO-LN-RegenReg,Hopper-v4,3
55761,reward,1663,69.2109446101548,69.133,PPO-LN-RegenReg,Hopper-v4,3
55778,reward,1664,2.0607608971465528,62.727,PPO-LN-RegenReg,Hopper-v4,3
55812,reward,1665,55.40816208965825,63.232,PPO-LN-RegenReg,Hopper-v4,3
55845,reward,1666,56.39425549198214,68.204,PPO-LN-RegenReg,Hopper-v4,3
55877,reward,1667,49.198604082211666,67.302,PPO-LN-RegenReg,Hopper-v4,3
55909,reward,1668,4.816217025480417,60.621,PPO-LN-RegenReg,Hopper-v4,3
55925,reward,1669,5.872104160058868,53.151,PPO-LN-RegenReg,Hopper-v4,3
56034,reward,1670,185.27375038802478,55.507,PPO-LN-RegenReg,Hopper-v4,3
56079,reward,1671,64.94183097130643,55.597,PPO-LN-RegenReg,Hopper-v4,3
56100,reward,1672,1.0931320547118824,49.427,PPO-LN-RegenReg,Hopper-v4,3
56118,reward,1673,4.318725777747494,42.938,PPO-LN-RegenReg,Hopper-v4,3
56167,reward,1674,83.04172676535012,51.036,PPO-LN-RegenReg,Hopper-v4,3
56189,reward,1675,3.1868599055166453,45.814,PPO-LN-RegenReg,Hopper-v4,3
56211,reward,1676,2.2903337019217926,40.403,PPO-LN-RegenReg,Hopper-v4,3
56272,reward,1677,66.0045869000336,42.084,PPO-LN-RegenReg,Hopper-v4,3
56317,reward,1678,71.89003870978671,48.791,PPO-LN-RegenReg,Hopper-v4,3
56360,reward,1679,73.68275978084084,55.572,PPO-LN-RegenReg,Hopper-v4,3
56382,reward,1680,2.134017505181198,37.258,PPO-LN-RegenReg,Hopper-v4,3
56404,reward,1681,3.068628327612667,31.071,PPO-LN-RegenReg,Hopper-v4,3
56422,reward,1682,3.629255300583519,31.325,PPO-LN-RegenReg,Hopper-v4,3
56441,reward,1683,5.6156802686695375,31.454,PPO-LN-RegenReg,Hopper-v4,3
56492,reward,1684,90.90347194771253,32.241,PPO-LN-RegenReg,Hopper-v4,3
56509,reward,1685,2.5283185879114827,32.175,PPO-LN-RegenReg,Hopper-v4,3
56527,reward,1686,-0.7808043137566147,31.868,PPO-LN-RegenReg,Hopper-v4,3
56585,reward,1687,94.18752481359206,34.686,PPO-LN-RegenReg,Hopper-v4,3
56626,reward,1688,62.93896561180403,33.791,PPO-LN-RegenReg,Hopper-v4,3
56654,reward,1689,46.08142725571851,31.031,PPO-LN-RegenReg,Hopper-v4,3
56697,reward,1690,68.17496947764977,37.635,PPO-LN-RegenReg,Hopper-v4,3
56756,reward,1691,104.78129292894104,47.806,PPO-LN-RegenReg,Hopper-v4,3
56800,reward,1692,69.54224244040118,54.397,PPO-LN-RegenReg,Hopper-v4,3
56862,reward,1693,87.69501395611286,62.605,PPO-LN-RegenReg,Hopper-v4,3
56887,reward,1694,4.390228428941521,53.954,PPO-LN-RegenReg,Hopper-v4,3
56911,reward,1695,3.715685061735253,54.073,PPO-LN-RegenReg,Hopper-v4,3
56942,reward,1696,6.902574495155689,54.841,PPO-LN-RegenReg,Hopper-v4,3
56965,reward,1697,2.3454977152001217,45.657,PPO-LN-RegenReg,Hopper-v4,3
56993,reward,1698,45.1799274551866,43.881,PPO-LN-RegenReg,Hopper-v4,3
57044,reward,1699,72.66197439013094,46.539,PPO-LN-RegenReg,Hopper-v4,3
57079,reward,1700,57.25902960678396,45.447,PPO-LN-RegenReg,Hopper-v4,3
57096,reward,1701,1.7489967984821055,35.144,PPO-LN-RegenReg,Hopper-v4,3
57121,reward,1702,1.9089353430448237,28.381,PPO-LN-RegenReg,Hopper-v4,3
57152,reward,1703,46.03099397608034,24.214,PPO-LN-RegenReg,Hopper-v4,3
57166,reward,1704,4.168581169976655,24.192,PPO-LN-RegenReg,Hopper-v4,3
57197,reward,1705,51.80006558813504,29.001,PPO-LN-RegenReg,Hopper-v4,3
57225,reward,1706,46.89742073312011,33.0,PPO-LN-RegenReg,Hopper-v4,3
57265,reward,1707,63.29373731852452,39.095,PPO-LN-RegenReg,Hopper-v4,3
57284,reward,1708,5.0951150993786145,35.086,PPO-LN-RegenReg,Hopper-v4,3
57309,reward,1709,3.0194243592023327,28.122,PPO-LN-RegenReg,Hopper-v4,3
57331,reward,1710,6.693528923872263,23.066,PPO-LN-RegenReg,Hopper-v4,3
57373,reward,1711,69.03973675759622,29.795,PPO-LN-RegenReg,Hopper-v4,3
57391,reward,1712,5.375312062920841,30.141,PPO-LN-RegenReg,Hopper-v4,3
57413,reward,1713,5.040024961725088,26.042,PPO-LN-RegenReg,Hopper-v4,3
57450,reward,1714,59.704678355930085,31.596,PPO-LN-RegenReg,Hopper-v4,3
57495,reward,1715,71.4744339408762,33.563,PPO-LN-RegenReg,Hopper-v4,3
57514,reward,1716,3.7213780909255205,29.246,PPO-LN-RegenReg,Hopper-v4,3
57555,reward,1717,65.09078683732871,29.425,PPO-LN-RegenReg,Hopper-v4,3
57570,reward,1718,4.300496205279957,29.346,PPO-LN-RegenReg,Hopper-v4,3
57592,reward,1719,3.8638927681681654,29.43,PPO-LN-RegenReg,Hopper-v4,3
57616,reward,1720,1.9873048070229522,28.96,PPO-LN-RegenReg,Hopper-v4,3
57664,reward,1721,21.163661070209532,24.172,PPO-LN-RegenReg,Hopper-v4,3
57685,reward,1722,4.037450038229832,24.038,PPO-LN-RegenReg,Hopper-v4,3
57707,reward,1723,1.934721190186544,23.728,PPO-LN-RegenReg,Hopper-v4,3
57752,reward,1724,66.50824790546736,24.408,PPO-LN-RegenReg,Hopper-v4,3
57775,reward,1725,2.658455251515307,17.527,PPO-LN-RegenReg,Hopper-v4,3
57818,reward,1726,54.48001314003987,22.603,PPO-LN-RegenReg,Hopper-v4,3
57858,reward,1727,63.204788486075714,22.414,PPO-LN-RegenReg,Hopper-v4,3
57874,reward,1728,4.162883938145586,22.4,PPO-LN-RegenReg,Hopper-v4,3
57897,reward,1729,5.526584162598907,22.566,PPO-LN-RegenReg,Hopper-v4,3
57936,reward,1730,64.05264406999288,28.773,PPO-LN-RegenReg,Hopper-v4,3
57959,reward,1731,4.8236838008261405,27.139,PPO-LN-RegenReg,Hopper-v4,3
57978,reward,1732,0.34949784459206135,26.77,PPO-LN-RegenReg,Hopper-v4,3
58028,reward,1733,78.28184691284191,34.405,PPO-LN-RegenReg,Hopper-v4,3
58068,reward,1734,63.1703991576546,34.071,PPO-LN-RegenReg,Hopper-v4,3
58150,reward,1735,147.24842576160182,48.53,PPO-LN-RegenReg,Hopper-v4,3
58263,reward,1736,80.02230617801972,51.084,PPO-LN-RegenReg,Hopper-v4,3
58306,reward,1737,67.95193547832699,51.559,PPO-LN-RegenReg,Hopper-v4,3
58325,reward,1738,5.031199650738644,51.646,PPO-LN-RegenReg,Hopper-v4,3
58347,reward,1739,5.707600513858177,51.664,PPO-LN-RegenReg,Hopper-v4,3
58389,reward,1740,74.48588135129927,52.707,PPO-LN-RegenReg,Hopper-v4,3
58412,reward,1741,5.207696173411236,52.746,PPO-LN-RegenReg,Hopper-v4,3
58451,reward,1742,63.011333124482455,59.012,PPO-LN-RegenReg,Hopper-v4,3
58474,reward,1743,3.7093168462012187,51.555,PPO-LN-RegenReg,Hopper-v4,3
58497,reward,1744,1.5650050822285277,45.394,PPO-LN-RegenReg,Hopper-v4,3
58529,reward,1745,53.79112691650791,36.048,PPO-LN-RegenReg,Hopper-v4,3
58574,reward,1746,58.907225513962835,33.937,PPO-LN-RegenReg,Hopper-v4,3
58630,reward,1747,95.5038213598578,36.692,PPO-LN-RegenReg,Hopper-v4,3
58648,reward,1748,3.755986543067083,36.564,PPO-LN-RegenReg,Hopper-v4,3
58686,reward,1749,66.33332536615342,42.627,PPO-LN-RegenReg,Hopper-v4,3
58732,reward,1750,73.46095872001737,42.525,PPO-LN-RegenReg,Hopper-v4,3
58763,reward,1751,51.18650504862119,47.122,PPO-LN-RegenReg,Hopper-v4,3
58797,reward,1752,7.702512442326717,41.592,PPO-LN-RegenReg,Hopper-v4,3
58821,reward,1753,4.727976988057824,41.693,PPO-LN-RegenReg,Hopper-v4,3
58841,reward,1754,5.068310519997727,42.044,PPO-LN-RegenReg,Hopper-v4,3
58883,reward,1755,71.76276519442814,43.841,PPO-LN-RegenReg,Hopper-v4,3
58978,reward,1756,127.7666405867143,50.727,PPO-LN-RegenReg,Hopper-v4,3
59042,reward,1757,54.338201448960824,46.61,PPO-LN-RegenReg,Hopper-v4,3
59114,reward,1758,128.38980832565912,59.074,PPO-LN-RegenReg,Hopper-v4,3
59166,reward,1759,81.16178677115592,60.557,PPO-LN-RegenReg,Hopper-v4,3
59224,reward,1760,27.9818257961653,56.009,PPO-LN-RegenReg,Hopper-v4,3
59259,reward,1761,54.99083529882399,56.389,PPO-LN-RegenReg,Hopper-v4,3
59283,reward,1762,4.671761950137302,56.086,PPO-LN-RegenReg,Hopper-v4,3
59323,reward,1763,14.727764560804356,57.086,PPO-LN-RegenReg,Hopper-v4,3
59341,reward,1764,3.5020114677788365,56.929,PPO-LN-RegenReg,Hopper-v4,3
59376,reward,1765,10.306314968390009,50.784,PPO-LN-RegenReg,Hopper-v4,3
59406,reward,1766,4.398026921845705,38.447,PPO-LN-RegenReg,Hopper-v4,3
59440,reward,1767,55.94978561870111,38.608,PPO-LN-RegenReg,Hopper-v4,3
59497,reward,1768,85.20990342846437,34.29,PPO-LN-RegenReg,Hopper-v4,3
59531,reward,1769,52.42552803960533,31.416,PPO-LN-RegenReg,Hopper-v4,3
59603,reward,1770,122.55875706631556,40.874,PPO-LN-RegenReg,Hopper-v4,3
59621,reward,1771,1.9351891877950247,35.569,PPO-LN-RegenReg,Hopper-v4,3
59638,reward,1772,0.8244737589102262,35.184,PPO-LN-RegenReg,Hopper-v4,3
59670,reward,1773,53.80624035524453,39.092,PPO-LN-RegenReg,Hopper-v4,3
59710,reward,1774,67.1235988346903,45.454,PPO-LN-RegenReg,Hopper-v4,3
59762,reward,1775,88.9016110813642,53.313,PPO-LN-RegenReg,Hopper-v4,3
59802,reward,1776,51.79348596268965,58.053,PPO-LN-RegenReg,Hopper-v4,3
59847,reward,1777,31.4761765086327,55.605,PPO-LN-RegenReg,Hopper-v4,3
59894,reward,1778,71.73025441478336,54.258,PPO-LN-RegenReg,Hopper-v4,3
59919,reward,1779,1.7242858486955708,49.187,PPO-LN-RegenReg,Hopper-v4,3
59966,reward,1780,80.64605578760721,44.996,PPO-LN-RegenReg,Hopper-v4,3
59986,reward,1781,-0.27110447287818684,44.776,PPO-LN-RegenReg,Hopper-v4,3
60015,reward,1782,7.151409642656492,45.408,PPO-LN-RegenReg,Hopper-v4,3
60075,reward,1783,44.62801473288691,44.49,PPO-LN-RegenReg,Hopper-v4,3
60092,reward,1784,2.332721568462423,38.011,PPO-LN-RegenReg,Hopper-v4,3
60145,reward,1785,44.774416450983935,33.599,PPO-LN-RegenReg,Hopper-v4,3
60166,reward,1786,0.856850633146339,28.505,PPO-LN-RegenReg,Hopper-v4,3
60264,reward,1787,151.66025348129597,40.523,PPO-LN-RegenReg,Hopper-v4,3
60286,reward,1788,1.6811633760610594,33.518,PPO-LN-RegenReg,Hopper-v4,3
60322,reward,1789,55.17592555471218,38.864,PPO-LN-RegenReg,Hopper-v4,3
60344,reward,1790,0.9429496366332364,30.893,PPO-LN-RegenReg,Hopper-v4,3
60371,reward,1791,3.6025991847297196,31.281,PPO-LN-RegenReg,Hopper-v4,3
60388,reward,1792,2.437503758936254,30.809,PPO-LN-RegenReg,Hopper-v4,3
60423,reward,1793,55.8874004205307,31.935,PPO-LN-RegenReg,Hopper-v4,3
60470,reward,1794,75.70833862098827,39.273,PPO-LN-RegenReg,Hopper-v4,3
60541,reward,1795,136.56726121338966,48.452,PPO-LN-RegenReg,Hopper-v4,3
60564,reward,1796,1.7144787488330226,48.538,PPO-LN-RegenReg,Hopper-v4,3
60608,reward,1797,70.39985096421246,40.412,PPO-LN-RegenReg,Hopper-v4,3
60630,reward,1798,0.6699108018845596,40.311,PPO-LN-RegenReg,Hopper-v4,3
60686,reward,1799,79.81888260257278,42.775,PPO-LN-RegenReg,Hopper-v4,3
60705,reward,1800,2.401818683537514,42.921,PPO-LN-RegenReg,Hopper-v4,3
60753,reward,1801,81.57272316519646,50.718,PPO-LN-RegenReg,Hopper-v4,3
60781,reward,1802,46.84760804308666,55.159,PPO-LN-RegenReg,Hopper-v4,3
60818,reward,1803,22.918946512534966,51.862,PPO-LN-RegenReg,Hopper-v4,3
60862,reward,1804,19.198466001984734,46.211,PPO-LN-RegenReg,Hopper-v4,3
60908,reward,1805,66.90570212300551,39.245,PPO-LN-RegenReg,Hopper-v4,3
60952,reward,1806,74.72691786416496,46.546,PPO-LN-RegenReg,Hopper-v4,3
60975,reward,1807,2.9007523300657043,39.796,PPO-LN-RegenReg,Hopper-v4,3
60998,reward,1808,1.9917166853829764,39.928,PPO-LN-RegenReg,Hopper-v4,3
61020,reward,1809,2.793313766076208,32.226,PPO-LN-RegenReg,Hopper-v4,3
61044,reward,1810,1.9406006500826476,32.18,PPO-LN-RegenReg,Hopper-v4,3
61069,reward,1811,6.556188077442672,24.678,PPO-LN-RegenReg,Hopper-v4,3
61121,reward,1812,83.85289647767875,28.379,PPO-LN-RegenReg,Hopper-v4,3
61155,reward,1813,55.332441042725705,31.62,PPO-LN-RegenReg,Hopper-v4,3
61186,reward,1814,48.31145473567486,34.531,PPO-LN-RegenReg,Hopper-v4,3
61207,reward,1815,4.025359359907444,28.243,PPO-LN-RegenReg,Hopper-v4,3
61238,reward,1816,48.16244502480047,25.587,PPO-LN-RegenReg,Hopper-v4,3
61302,reward,1817,104.8274549606586,35.779,PPO-LN-RegenReg,Hopper-v4,3
61351,reward,1818,83.9808158794165,43.978,PPO-LN-RegenReg,Hopper-v4,3
61369,reward,1819,1.9605870683493025,43.895,PPO-LN-RegenReg,Hopper-v4,3
61385,reward,1820,2.8046077099817417,43.981,PPO-LN-RegenReg,Hopper-v4,3
61400,reward,1821,3.3090562076987013,43.657,PPO-LN-RegenReg,Hopper-v4,3
61456,reward,1822,36.50877915441791,38.922,PPO-LN-RegenReg,Hopper-v4,3
61487,reward,1823,25.84452472639137,35.974,PPO-LN-RegenReg,Hopper-v4,3
61505,reward,1824,1.1548989837992867,31.258,PPO-LN-RegenReg,Hopper-v4,3
61525,reward,1825,4.1191388354300225,31.267,PPO-LN-RegenReg,Hopper-v4,3
61565,reward,1826,22.51288385881563,28.702,PPO-LN-RegenReg,Hopper-v4,3
61604,reward,1827,61.13264390124083,24.333,PPO-LN-RegenReg,Hopper-v4,3
61648,reward,1828,70.2506557578625,22.96,PPO-LN-RegenReg,Hopper-v4,3
61674,reward,1829,44.96660460215633,27.26,PPO-LN-RegenReg,Hopper-v4,3
61726,reward,1830,84.05642771651151,35.386,PPO-LN-RegenReg,Hopper-v4,3
61747,reward,1831,2.0644376436088514,35.261,PPO-LN-RegenReg,Hopper-v4,3
61772,reward,1832,5.218649220033074,32.132,PPO-LN-RegenReg,Hopper-v4,3
61808,reward,1833,58.7736361795541,35.425,PPO-LN-RegenReg,Hopper-v4,3
61830,reward,1834,0.9321266030826143,35.403,PPO-LN-RegenReg,Hopper-v4,3
61853,reward,1835,3.8904800423509336,35.38,PPO-LN-RegenReg,Hopper-v4,3
61872,reward,1836,6.052553172068156,33.734,PPO-LN-RegenReg,Hopper-v4,3
61903,reward,1837,48.1455577731841,32.435,PPO-LN-RegenReg,Hopper-v4,3
61963,reward,1838,103.14117404641091,35.724,PPO-LN-RegenReg,Hopper-v4,3
62062,reward,1839,132.25981261625913,44.453,PPO-LN-RegenReg,Hopper-v4,3
62105,reward,1840,70.49470010250846,43.097,PPO-LN-RegenReg,Hopper-v4,3
62148,reward,1841,73.78519004257927,50.269,PPO-LN-RegenReg,Hopper-v4,3
62199,reward,1842,40.455130855617725,53.793,PPO-LN-RegenReg,Hopper-v4,3
62273,reward,1843,129.13049072881768,60.829,PPO-LN-RegenReg,Hopper-v4,3
62298,reward,1844,6.612759348849676,61.397,PPO-LN-RegenReg,Hopper-v4,3
62323,reward,1845,2.474565474900268,61.255,PPO-LN-RegenReg,Hopper-v4,3
62352,reward,1846,43.155003521627926,64.965,PPO-LN-RegenReg,Hopper-v4,3
62399,reward,1847,75.03319260141414,67.654,PPO-LN-RegenReg,Hopper-v4,3
62426,reward,1848,3.8002100270756713,57.72,PPO-LN-RegenReg,Hopper-v4,3
62468,reward,1849,65.78900416363246,51.073,PPO-LN-RegenReg,Hopper-v4,3
62542,reward,1850,138.99542911571976,57.923,PPO-LN-RegenReg,Hopper-v4,3
62555,reward,1851,8.017424567486618,51.346,PPO-LN-RegenReg,Hopper-v4,3
62589,reward,1852,54.68197531234066,52.769,PPO-LN-RegenReg,Hopper-v4,3
62629,reward,1853,60.582873584307904,45.914,PPO-LN-RegenReg,Hopper-v4,3
62668,reward,1854,61.18942533586044,51.372,PPO-LN-RegenReg,Hopper-v4,3
62679,reward,1855,5.5096082181318,51.675,PPO-LN-RegenReg,Hopper-v4,3
62693,reward,1856,5.481216233832593,47.908,PPO-LN-RegenReg,Hopper-v4,3
62732,reward,1857,13.214944514700637,41.726,PPO-LN-RegenReg,Hopper-v4,3
62796,reward,1858,62.25481031862563,47.572,PPO-LN-RegenReg,Hopper-v4,3
62815,reward,1859,4.970996857286724,41.49,PPO-LN-RegenReg,Hopper-v4,3
62856,reward,1860,66.21876022368389,34.212,PPO-LN-RegenReg,Hopper-v4,3
62878,reward,1861,0.8372506909506365,33.494,PPO-LN-RegenReg,Hopper-v4,3
62907,reward,1862,48.34024128674517,32.86,PPO-LN-RegenReg,Hopper-v4,3
62939,reward,1863,50.54509053434403,31.856,PPO-LN-RegenReg,Hopper-v4,3
62988,reward,1864,81.30031634983149,33.867,PPO-LN-RegenReg,Hopper-v4,3
63021,reward,1865,53.64198561145309,38.681,PPO-LN-RegenReg,Hopper-v4,3
63045,reward,1866,2.7890483027299013,38.411,PPO-LN-RegenReg,Hopper-v4,3
63070,reward,1867,2.7390978569432365,37.364,PPO-LN-RegenReg,Hopper-v4,3
63097,reward,1868,44.991062017681244,35.637,PPO-LN-RegenReg,Hopper-v4,3
63111,reward,1869,6.991990530669527,35.839,PPO-LN-RegenReg,Hopper-v4,3
63158,reward,1870,79.6717190341081,37.185,PPO-LN-RegenReg,Hopper-v4,3
63215,reward,1871,100.42431284643837,47.143,PPO-LN-RegenReg,Hopper-v4,3
63233,reward,1872,0.8731327397915578,42.397,PPO-LN-RegenReg,Hopper-v4,3
63276,reward,1873,73.92670712876102,44.735,PPO-LN-RegenReg,Hopper-v4,3
63315,reward,1874,54.12450853196041,42.017,PPO-LN-RegenReg,Hopper-v4,3
63335,reward,1875,2.4319217335138164,36.896,PPO-LN-RegenReg,Hopper-v4,3
63376,reward,1876,63.57831555717821,42.975,PPO-LN-RegenReg,Hopper-v4,3
63422,reward,1877,74.73351743100199,50.175,PPO-LN-RegenReg,Hopper-v4,3
63462,reward,1878,62.12684666594096,51.888,PPO-LN-RegenReg,Hopper-v4,3
63479,reward,1879,2.131882925716717,51.402,PPO-LN-RegenReg,Hopper-v4,3
63502,reward,1880,2.9170612942456673,43.727,PPO-LN-RegenReg,Hopper-v4,3
63520,reward,1881,6.784336164349709,34.363,PPO-LN-RegenReg,Hopper-v4,3
63539,reward,1882,-0.4643903927093471,34.229,PPO-LN-RegenReg,Hopper-v4,3
63579,reward,1883,67.32509390720925,33.569,PPO-LN-RegenReg,Hopper-v4,3
63619,reward,1884,63.11271698838426,34.468,PPO-LN-RegenReg,Hopper-v4,3
63639,reward,1885,7.673529295898304,34.992,PPO-LN-RegenReg,Hopper-v4,3
63663,reward,1886,2.4325054133671227,28.877,PPO-LN-RegenReg,Hopper-v4,3
63687,reward,1887,40.94387031914105,25.498,PPO-LN-RegenReg,Hopper-v4,3
63728,reward,1888,65.9339099128538,25.879,PPO-LN-RegenReg,Hopper-v4,3
63764,reward,1889,58.254932323763114,31.491,PPO-LN-RegenReg,Hopper-v4,3
63856,reward,1890,143.21611613869112,45.521,PPO-LN-RegenReg,Hopper-v4,3
63901,reward,1891,78.01111520395142,52.644,PPO-LN-RegenReg,Hopper-v4,3
63915,reward,1892,2.594876071172502,52.95,PPO-LN-RegenReg,Hopper-v4,3
64014,reward,1893,131.22676800575607,59.34,PPO-LN-RegenReg,Hopper-v4,3
64047,reward,1894,6.831041937961812,53.712,PPO-LN-RegenReg,Hopper-v4,3
64087,reward,1895,60.412101627294504,58.986,PPO-LN-RegenReg,Hopper-v4,3
64115,reward,1896,45.51438838450098,63.294,PPO-LN-RegenReg,Hopper-v4,3
64137,reward,1897,3.293987581141771,59.529,PPO-LN-RegenReg,Hopper-v4,3
64159,reward,1898,1.3003708448156208,53.066,PPO-LN-RegenReg,Hopper-v4,3
64179,reward,1899,1.7365337141600277,47.414,PPO-LN-RegenReg,Hopper-v4,3
64192,reward,1900,5.175621620939597,33.61,PPO-LN-RegenReg,Hopper-v4,3
64232,reward,1901,63.57791511803116,32.166,PPO-LN-RegenReg,Hopper-v4,3
64273,reward,1902,64.82612552063118,38.389,PPO-LN-RegenReg,Hopper-v4,3
64312,reward,1903,63.008995461521764,31.568,PPO-LN-RegenReg,Hopper-v4,3
64338,reward,1904,43.238480355700595,35.208,PPO-LN-RegenReg,Hopper-v4,3
64361,reward,1905,1.637064781900047,29.331,PPO-LN-RegenReg,Hopper-v4,3
64378,reward,1906,4.721340447355743,25.252,PPO-LN-RegenReg,Hopper-v4,3
64409,reward,1907,49.51840130275045,29.874,PPO-LN-RegenReg,Hopper-v4,3
64452,reward,1908,73.26392112296566,37.07,PPO-LN-RegenReg,Hopper-v4,3
64483,reward,1909,5.307964045913826,37.428,PPO-LN-RegenReg,Hopper-v4,3
64499,reward,1910,5.313800492342427,37.441,PPO-LN-RegenReg,Hopper-v4,3
64521,reward,1911,3.8838432202781203,31.472,PPO-LN-RegenReg,Hopper-v4,3
64547,reward,1912,4.391196684376802,25.429,PPO-LN-RegenReg,Hopper-v4,3
64588,reward,1913,64.44016490442158,25.572,PPO-LN-RegenReg,Hopper-v4,3
64606,reward,1914,-0.06176731113400691,21.242,PPO-LN-RegenReg,Hopper-v4,3
64626,reward,1915,1.3024449266502098,21.208,PPO-LN-RegenReg,Hopper-v4,3
64663,reward,1916,60.75535371383323,26.812,PPO-LN-RegenReg,Hopper-v4,3
64685,reward,1917,0.20829468213707747,21.881,PPO-LN-RegenReg,Hopper-v4,3
64725,reward,1918,58.576241188786604,20.412,PPO-LN-RegenReg,Hopper-v4,3
64743,reward,1919,1.903272107799391,20.071,PPO-LN-RegenReg,Hopper-v4,3
64781,reward,1920,61.480715488771025,25.688,PPO-LN-RegenReg,Hopper-v4,3
64871,reward,1921,122.485163989129,37.548,PPO-LN-RegenReg,Hopper-v4,3
64925,reward,1922,94.17679819901743,46.527,PPO-LN-RegenReg,Hopper-v4,3
65003,reward,1923,46.87102017349096,44.77,PPO-LN-RegenReg,Hopper-v4,3
65038,reward,1924,56.52883074602737,50.429,PPO-LN-RegenReg,Hopper-v4,3
65061,reward,1925,3.244625368392881,50.623,PPO-LN-RegenReg,Hopper-v4,3
65103,reward,1926,65.09223840518798,51.057,PPO-LN-RegenReg,Hopper-v4,3
65140,reward,1927,61.94195109409642,57.23,PPO-LN-RegenReg,Hopper-v4,3
65196,reward,1928,97.97864980741957,61.17,PPO-LN-RegenReg,Hopper-v4,3
65210,reward,1929,4.575000540069222,61.437,PPO-LN-RegenReg,Hopper-v4,3
65251,reward,1930,65.85595703523141,61.875,PPO-LN-RegenReg,Hopper-v4,3
65270,reward,1931,1.4567216506099054,49.772,PPO-LN-RegenReg,Hopper-v4,3
65293,reward,1932,2.477029720747592,40.602,PPO-LN-RegenReg,Hopper-v4,3
65314,reward,1933,5.305775612776015,36.446,PPO-LN-RegenReg,Hopper-v4,3
65349,reward,1934,56.132614552276856,36.406,PPO-LN-RegenReg,Hopper-v4,3
65422,reward,1935,122.40560789642814,48.322,PPO-LN-RegenReg,Hopper-v4,3
65474,reward,1936,54.88259953458327,47.301,PPO-LN-RegenReg,Hopper-v4,3
65493,reward,1937,11.335828203547237,42.241,PPO-LN-RegenReg,Hopper-v4,3
65518,reward,1938,4.6908095817068585,32.912,PPO-LN-RegenReg,Hopper-v4,3
65562,reward,1939,72.00332482049059,39.655,PPO-LN-RegenReg,Hopper-v4,3
65654,reward,1940,124.22943278786431,45.492,PPO-LN-RegenReg,Hopper-v4,3
65696,reward,1941,68.73127313796665,52.219,PPO-LN-RegenReg,Hopper-v4,3
65738,reward,1942,68.93962749095981,58.866,PPO-LN-RegenReg,Hopper-v4,3
65759,reward,1943,1.6064308256616586,58.496,PPO-LN-RegenReg,Hopper-v4,3
65799,reward,1944,64.54095483146975,59.337,PPO-LN-RegenReg,Hopper-v4,3
65870,reward,1945,78.07481708779515,54.904,PPO-LN-RegenReg,Hopper-v4,3
65949,reward,1946,126.25489238492027,62.041,PPO-LN-RegenReg,Hopper-v4,3
66072,reward,1947,188.33271286517908,79.74,PPO-LN-RegenReg,Hopper-v4,3
66112,reward,1948,66.43274346165508,85.915,PPO-LN-RegenReg,Hopper-v4,3
66135,reward,1949,4.425755689475043,79.157,PPO-LN-RegenReg,Hopper-v4,3
66185,reward,1950,85.85558542151347,75.319,PPO-LN-RegenReg,Hopper-v4,3
66208,reward,1951,6.707684212667411,69.117,PPO-LN-RegenReg,Hopper-v4,3
66279,reward,1952,102.59899658131228,72.483,PPO-LN-RegenReg,Hopper-v4,3
66298,reward,1953,2.243427943028678,72.547,PPO-LN-RegenReg,Hopper-v4,3
66420,reward,1954,106.79722100443817,76.772,PPO-LN-RegenReg,Hopper-v4,3
66459,reward,1955,62.23761136955872,75.189,PPO-LN-RegenReg,Hopper-v4,3
66519,reward,1956,41.65199214153412,66.728,PPO-LN-RegenReg,Hopper-v4,3
66564,reward,1957,22.898574132451976,50.185,PPO-LN-RegenReg,Hopper-v4,3
66572,reward,1958,4.155000826197776,43.957,PPO-LN-RegenReg,Hopper-v4,3
66617,reward,1959,75.20184481337634,51.035,PPO-LN-RegenReg,Hopper-v4,3
66638,reward,1960,1.046195955291979,42.554,PPO-LN-RegenReg,Hopper-v4,3
66684,reward,1961,73.27202719918147,49.21,PPO-LN-RegenReg,Hopper-v4,3
66724,reward,1962,65.9241426808398,45.543,PPO-LN-RegenReg,Hopper-v4,3
66760,reward,1963,57.983985322384584,51.117,PPO-LN-RegenReg,Hopper-v4,3
66780,reward,1964,4.3821589574516775,40.875,PPO-LN-RegenReg,Hopper-v4,3
66814,reward,1965,55.51401850302023,40.203,PPO-LN-RegenReg,Hopper-v4,3
66857,reward,1966,64.61045514291457,42.499,PPO-LN-RegenReg,Hopper-v4,3
66887,reward,1967,6.667249382142466,40.876,PPO-LN-RegenReg,Hopper-v4,3
66929,reward,1968,66.63613626758581,47.124,PPO-LN-RegenReg,Hopper-v4,3
66979,reward,1969,85.60240654458067,48.164,PPO-LN-RegenReg,Hopper-v4,3
67011,reward,1970,53.428199343153366,53.402,PPO-LN-RegenReg,Hopper-v4,3
67045,reward,1971,55.63272828704202,51.638,PPO-LN-RegenReg,Hopper-v4,3
67100,reward,1972,16.020533727619387,46.648,PPO-LN-RegenReg,Hopper-v4,3
67115,reward,1973,4.102370019947628,41.26,PPO-LN-RegenReg,Hopper-v4,3
67137,reward,1974,4.7184523483209615,41.293,PPO-LN-RegenReg,Hopper-v4,3
67156,reward,1975,2.6937709035353548,36.011,PPO-LN-RegenReg,Hopper-v4,3
67179,reward,1976,1.6829667980009937,29.718,PPO-LN-RegenReg,Hopper-v4,3
67220,reward,1977,63.37707373567863,35.389,PPO-LN-RegenReg,Hopper-v4,3
67241,reward,1978,31.40454630722996,31.866,PPO-LN-RegenReg,Hopper-v4,3
67273,reward,1979,29.920824947863736,26.298,PPO-LN-RegenReg,Hopper-v4,3
67306,reward,1980,52.247494503829394,26.18,PPO-LN-RegenReg,Hopper-v4,3
67344,reward,1981,61.05399149048821,26.722,PPO-LN-RegenReg,Hopper-v4,3
67384,reward,1982,60.84541296505786,31.205,PPO-LN-RegenReg,Hopper-v4,3
67426,reward,1983,65.42922377982954,37.337,PPO-LN-RegenReg,Hopper-v4,3
67440,reward,1984,4.288274972371569,37.294,PPO-LN-RegenReg,Hopper-v4,3
67474,reward,1985,56.591290415788066,42.684,PPO-LN-RegenReg,Hopper-v4,3
67494,reward,1986,6.678935210038224,43.184,PPO-LN-RegenReg,Hopper-v4,3
67532,reward,1987,60.55683712874369,42.902,PPO-LN-RegenReg,Hopper-v4,3
67545,reward,1988,7.035213405615213,40.465,PPO-LN-RegenReg,Hopper-v4,3
67593,reward,1989,85.09781168981213,45.982,PPO-LN-RegenReg,Hopper-v4,3
67671,reward,1990,93.39157471828237,50.097,PPO-LN-RegenReg,Hopper-v4,3
67704,reward,1991,46.74595146827342,48.666,PPO-LN-RegenReg,Hopper-v4,3
67746,reward,1992,68.04874198485848,49.386,PPO-LN-RegenReg,Hopper-v4,3
67794,reward,1993,35.215676541001926,46.365,PPO-LN-RegenReg,Hopper-v4,3
67846,reward,1994,88.45509973352854,54.782,PPO-LN-RegenReg,Hopper-v4,3
67867,reward,1995,4.67560896529203,49.59,PPO-LN-RegenReg,Hopper-v4,3
67931,reward,1996,90.32744506115728,57.955,PPO-LN-RegenReg,Hopper-v4,3
67970,reward,1997,61.11405897576543,58.011,PPO-LN-RegenReg,Hopper-v4,3
68009,reward,1998,63.20967360711427,63.628,PPO-LN-RegenReg,Hopper-v4,3
68047,reward,1999,54.29729028042594,60.548,PPO-LN-RegenReg,Hopper-v4,3
68089,reward,2000,63.295949585264694,57.539,PPO-LN-RegenReg,Hopper-v4,3
68191,reward,2001,94.78154987888189,62.342,PPO-LN-RegenReg,Hopper-v4,3
68234,reward,2002,65.97994890849024,62.135,PPO-LN-RegenReg,Hopper-v4,3
68249,reward,2003,6.161762213216166,59.23,PPO-LN-RegenReg,Hopper-v4,3
68291,reward,2004,71.58725456805044,57.543,PPO-LN-RegenReg,Hopper-v4,3
68330,reward,2005,62.092325046628694,63.285,PPO-LN-RegenReg,Hopper-v4,3
68367,reward,2006,56.3357790504672,59.886,PPO-LN-RegenReg,Hopper-v4,3
68429,reward,2007,59.32103926582269,59.706,PPO-LN-RegenReg,Hopper-v4,3
68482,reward,2008,92.2755418903594,62.613,PPO-LN-RegenReg,Hopper-v4,3
68523,reward,2009,68.10488789172742,63.994,PPO-LN-RegenReg,Hopper-v4,3
68536,reward,2010,4.420888983436028,58.106,PPO-LN-RegenReg,Hopper-v4,3
68578,reward,2011,68.02441758767785,55.43,PPO-LN-RegenReg,Hopper-v4,3
68598,reward,2012,1.4046076677554709,48.973,PPO-LN-RegenReg,Hopper-v4,3
68793,reward,2013,217.394078294027,70.096,PPO-LN-RegenReg,Hopper-v4,3
68832,reward,2014,9.956728194598963,63.933,PPO-LN-RegenReg,Hopper-v4,3
68890,reward,2015,98.47152465033906,67.571,PPO-LN-RegenReg,Hopper-v4,3
68931,reward,2016,38.02222602623761,65.74,PPO-LN-RegenReg,Hopper-v4,3
68965,reward,2017,53.04085822885934,65.112,PPO-LN-RegenReg,Hopper-v4,3
68980,reward,2018,6.647011597548067,56.549,PPO-LN-RegenReg,Hopper-v4,3
69000,reward,2019,2.9933459628520858,50.038,PPO-LN-RegenReg,Hopper-v4,3
69020,reward,2020,23.746708841371508,51.97,PPO-LN-RegenReg,Hopper-v4,3
69050,reward,2021,49.53100752239792,50.121,PPO-LN-RegenReg,Hopper-v4,3
69087,reward,2022,10.250134197899218,51.005,PPO-LN-RegenReg,Hopper-v4,3
69133,reward,2023,23.052469664205653,31.571,PPO-LN-RegenReg,Hopper-v4,3
69191,reward,2024,53.44983307056357,35.921,PPO-LN-RegenReg,Hopper-v4,3
69243,reward,2025,85.272216972565,34.601,PPO-LN-RegenReg,Hopper-v4,3
69283,reward,2026,64.96731988107265,37.295,PPO-LN-RegenReg,Hopper-v4,3
69363,reward,2027,85.35222525132943,40.526,PPO-LN-RegenReg,Hopper-v4,3
69385,reward,2028,0.8657994794604231,39.948,PPO-LN-RegenReg,Hopper-v4,3
69402,reward,2029,0.12412996437196866,39.661,PPO-LN-RegenReg,Hopper-v4,3
69423,reward,2030,3.556886259213929,37.642,PPO-LN-RegenReg,Hopper-v4,3
69459,reward,2031,59.813672713578484,38.67,PPO-LN-RegenReg,Hopper-v4,3
69485,reward,2032,3.09829456822083,37.955,PPO-LN-RegenReg,Hopper-v4,3
69537,reward,2033,36.319540052201305,39.282,PPO-LN-RegenReg,Hopper-v4,3
69602,reward,2034,65.32999793375942,40.47,PPO-LN-RegenReg,Hopper-v4,3
69647,reward,2035,76.47630138267178,39.59,PPO-LN-RegenReg,Hopper-v4,3
69690,reward,2036,66.54533597240679,39.748,PPO-LN-RegenReg,Hopper-v4,3
69733,reward,2037,65.63315234616184,37.776,PPO-LN-RegenReg,Hopper-v4,3
69768,reward,2038,36.938709721730014,41.384,PPO-LN-RegenReg,Hopper-v4,3
69791,reward,2039,4.874762034965736,41.859,PPO-LN-RegenReg,Hopper-v4,3
69814,reward,2040,22.458939015611243,43.749,PPO-LN-RegenReg,Hopper-v4,3
69863,reward,2041,82.48317150528084,46.016,PPO-LN-RegenReg,Hopper-v4,3
69902,reward,2042,63.201925209736316,52.026,PPO-LN-RegenReg,Hopper-v4,3
69938,reward,2043,24.45611961736321,50.84,PPO-LN-RegenReg,Hopper-v4,3
69996,reward,2044,40.825306472160186,48.389,PPO-LN-RegenReg,Hopper-v4,3
70146,reward,2045,221.72609673026443,62.914,PPO-LN-RegenReg,Hopper-v4,3
70191,reward,2046,72.836038891306,63.543,PPO-LN-RegenReg,Hopper-v4,3
70235,reward,2047,69.47961423604873,63.928,PPO-LN-RegenReg,Hopper-v4,3
70265,reward,2048,5.099544996541779,60.744,PPO-LN-RegenReg,Hopper-v4,3
70283,reward,2049,3.098680574394934,60.567,PPO-LN-RegenReg,Hopper-v4,3
70321,reward,2050,11.742190040171497,59.495,PPO-LN-RegenReg,Hopper-v4,3
70379,reward,2051,99.25497959161547,61.172,PPO-LN-RegenReg,Hopper-v4,3
70406,reward,2052,1.9741953142221225,55.049,PPO-LN-RegenReg,Hopper-v4,3
70449,reward,2053,67.01625153581394,59.305,PPO-LN-RegenReg,Hopper-v4,3
70487,reward,2054,61.16280064427175,61.339,PPO-LN-RegenReg,Hopper-v4,3
70505,reward,2055,11.972522451841858,40.364,PPO-LN-RegenReg,Hopper-v4,3
70538,reward,2056,53.98156548332331,38.478,PPO-LN-RegenReg,Hopper-v4,3
70584,reward,2057,74.24368907213484,38.955,PPO-LN-RegenReg,Hopper-v4,3
70632,reward,2058,77.12045026926238,46.157,PPO-LN-RegenReg,Hopper-v4,3
70680,reward,2059,36.36739616160214,49.484,PPO-LN-RegenReg,Hopper-v4,3
70727,reward,2060,27.525596751907173,51.062,PPO-LN-RegenReg,Hopper-v4,3
70766,reward,2061,63.70414733617723,47.507,PPO-LN-RegenReg,Hopper-v4,3
70795,reward,2062,6.712334714646275,47.981,PPO-LN-RegenReg,Hopper-v4,3
70848,reward,2063,73.03854334709466,48.583,PPO-LN-RegenReg,Hopper-v4,3
70889,reward,2064,67.63949611345801,49.231,PPO-LN-RegenReg,Hopper-v4,3
70932,reward,2065,69.90266947415842,55.024,PPO-LN-RegenReg,Hopper-v4,3
70969,reward,2066,58.893228971678575,55.515,PPO-LN-RegenReg,Hopper-v4,3
70996,reward,2067,26.57451523909228,50.748,PPO-LN-RegenReg,Hopper-v4,3
71011,reward,2068,4.502482920049201,43.486,PPO-LN-RegenReg,Hopper-v4,3
71027,reward,2069,8.947346814228602,40.744,PPO-LN-RegenReg,Hopper-v4,3
71061,reward,2070,51.481474709966626,43.14,PPO-LN-RegenReg,Hopper-v4,3
71104,reward,2071,70.69719471250441,43.839,PPO-LN-RegenReg,Hopper-v4,3
71153,reward,2072,78.61209242601412,51.029,PPO-LN-RegenReg,Hopper-v4,3
71168,reward,2073,2.0417186446074767,43.929,PPO-LN-RegenReg,Hopper-v4,3
71224,reward,2074,85.54491210040914,45.72,PPO-LN-RegenReg,Hopper-v4,3
71266,reward,2075,65.1319292139828,45.243,PPO-LN-RegenReg,Hopper-v4,3
71315,reward,2076,33.13213790280748,42.667,PPO-LN-RegenReg,Hopper-v4,3
71364,reward,2077,77.49949512479809,47.759,PPO-LN-RegenReg,Hopper-v4,3
71407,reward,2078,69.57382407454581,54.266,PPO-LN-RegenReg,Hopper-v4,3
71465,reward,2079,65.58697819534879,59.93,PPO-LN-RegenReg,Hopper-v4,3
71491,reward,2080,38.28654510644262,58.611,PPO-LN-RegenReg,Hopper-v4,3
71541,reward,2081,79.46756559396005,59.488,PPO-LN-RegenReg,Hopper-v4,3
71558,reward,2082,3.3740025130008755,51.964,PPO-LN-RegenReg,Hopper-v4,3
71596,reward,2083,55.25707610663437,57.285,PPO-LN-RegenReg,Hopper-v4,3
71640,reward,2084,70.55597425977773,55.787,PPO-LN-RegenReg,Hopper-v4,3
71654,reward,2085,7.525748709946354,50.026,PPO-LN-RegenReg,Hopper-v4,3
71695,reward,2086,68.28642443374217,53.541,PPO-LN-RegenReg,Hopper-v4,3
71718,reward,2087,4.929751956601031,46.284,PPO-LN-RegenReg,Hopper-v4,3
71765,reward,2088,23.467867219579638,41.674,PPO-LN-RegenReg,Hopper-v4,3
71779,reward,2089,4.7056063711545875,35.586,PPO-LN-RegenReg,Hopper-v4,3
71821,reward,2090,69.02315687922696,38.659,PPO-LN-RegenReg,Hopper-v4,3
71876,reward,2091,44.062920372023775,35.119,PPO-LN-RegenReg,Hopper-v4,3
71912,reward,2092,10.655316487838235,35.847,PPO-LN-RegenReg,Hopper-v4,3
71940,reward,2093,48.779757556981906,35.199,PPO-LN-RegenReg,Hopper-v4,3
71957,reward,2094,4.849094003421646,28.629,PPO-LN-RegenReg,Hopper-v4,3
72042,reward,2095,144.67810963877727,42.344,PPO-LN-RegenReg,Hopper-v4,3
72082,reward,2096,64.45893533619814,41.961,PPO-LN-RegenReg,Hopper-v4,3
72127,reward,2097,69.3788542188087,48.406,PPO-LN-RegenReg,Hopper-v4,3
72170,reward,2098,73.2294503882706,53.382,PPO-LN-RegenReg,Hopper-v4,3
72280,reward,2099,128.70429940973548,65.782,PPO-LN-RegenReg,Hopper-v4,3
72355,reward,2100,121.67974711136615,71.048,PPO-LN-RegenReg,Hopper-v4,3
72380,reward,2101,6.054989594770943,67.247,PPO-LN-RegenReg,Hopper-v4,3
72408,reward,2102,44.12988231274849,70.594,PPO-LN-RegenReg,Hopper-v4,3
72464,reward,2103,84.68257595510673,74.185,PPO-LN-RegenReg,Hopper-v4,3
72507,reward,2104,67.92084675982514,80.492,PPO-LN-RegenReg,Hopper-v4,3
72554,reward,2105,67.58705696162934,72.783,PPO-LN-RegenReg,Hopper-v4,3
72616,reward,2106,70.67949308603255,73.405,PPO-LN-RegenReg,Hopper-v4,3
72656,reward,2107,64.95910090861486,72.963,PPO-LN-RegenReg,Hopper-v4,3
72765,reward,2108,133.01580247707892,78.941,PPO-LN-RegenReg,Hopper-v4,3
72806,reward,2109,63.450319876300654,72.416,PPO-LN-RegenReg,Hopper-v4,3
72827,reward,2110,5.261478724169116,60.774,PPO-LN-RegenReg,Hopper-v4,3
72889,reward,2111,43.52533778538301,64.521,PPO-LN-RegenReg,Hopper-v4,3
72914,reward,2112,4.093551426556072,60.518,PPO-LN-RegenReg,Hopper-v4,3
72975,reward,2113,28.97960989537007,54.947,PPO-LN-RegenReg,Hopper-v4,3
73018,reward,2114,69.68503191747956,55.124,PPO-LN-RegenReg,Hopper-v4,3
73083,reward,2115,77.64339985042274,56.129,PPO-LN-RegenReg,Hopper-v4,3
73113,reward,2116,47.62616319916943,53.824,PPO-LN-RegenReg,Hopper-v4,3
73130,reward,2117,8.149659546328873,48.143,PPO-LN-RegenReg,Hopper-v4,3
73175,reward,2118,71.43082066538214,41.985,PPO-LN-RegenReg,Hopper-v4,3
73218,reward,2119,70.24141693353958,42.664,PPO-LN-RegenReg,Hopper-v4,3
73239,reward,2120,1.4500077498115507,42.282,PPO-LN-RegenReg,Hopper-v4,3
73265,reward,2121,4.443082108733174,38.374,PPO-LN-RegenReg,Hopper-v4,3
73312,reward,2122,76.9378592787766,45.659,PPO-LN-RegenReg,Hopper-v4,3
73335,reward,2123,3.679953998086461,43.129,PPO-LN-RegenReg,Hopper-v4,3
73355,reward,2124,2.8803056356143486,36.448,PPO-LN-RegenReg,Hopper-v4,3
73400,reward,2125,74.8897912880606,36.173,PPO-LN-RegenReg,Hopper-v4,3
73451,reward,2126,79.66532966657587,39.377,PPO-LN-RegenReg,Hopper-v4,3
73475,reward,2127,2.6973681880574536,38.832,PPO-LN-RegenReg,Hopper-v4,3
73499,reward,2128,3.4009390459225557,32.029,PPO-LN-RegenReg,Hopper-v4,3
73569,reward,2129,123.81424891814456,37.386,PPO-LN-RegenReg,Hopper-v4,3
73591,reward,2130,4.3222447934371155,37.673,PPO-LN-RegenReg,Hopper-v4,3
73643,reward,2131,70.32441892784864,44.261,PPO-LN-RegenReg,Hopper-v4,3
73690,reward,2132,68.68718631175187,43.436,PPO-LN-RegenReg,Hopper-v4,3
73714,reward,2133,4.799409606091267,43.548,PPO-LN-RegenReg,Hopper-v4,3
73737,reward,2134,7.2360104262770495,43.984,PPO-LN-RegenReg,Hopper-v4,3
73778,reward,2135,65.55195288180185,43.05,PPO-LN-RegenReg,Hopper-v4,3
73833,reward,2136,91.72398547671034,44.256,PPO-LN-RegenReg,Hopper-v4,3
73901,reward,2137,113.77175142487319,55.363,PPO-LN-RegenReg,Hopper-v4,3
73940,reward,2138,17.764308127860456,56.8,PPO-LN-RegenReg,Hopper-v4,3
73992,reward,2139,68.16434416589576,51.235,PPO-LN-RegenReg,Hopper-v4,3
74022,reward,2140,18.087462067427428,52.611,PPO-LN-RegenReg,Hopper-v4,3
74053,reward,2141,49.46013809672551,50.525,PPO-LN-RegenReg,Hopper-v4,3
74093,reward,2142,65.33686900217265,50.19,PPO-LN-RegenReg,Hopper-v4,3
74124,reward,2143,43.789269980135785,54.089,PPO-LN-RegenReg,Hopper-v4,3
74158,reward,2144,10.253481151860228,54.39,PPO-LN-RegenReg,Hopper-v4,3
74202,reward,2145,71.62778740601324,54.998,PPO-LN-RegenReg,Hopper-v4,3
74242,reward,2146,66.74132426328578,52.5,PPO-LN-RegenReg,Hopper-v4,3
74282,reward,2147,67.30670607832779,47.853,PPO-LN-RegenReg,Hopper-v4,3
74333,reward,2148,29.626196340117,49.039,PPO-LN-RegenReg,Hopper-v4,3
74364,reward,2149,45.732757442257515,46.796,PPO-LN-RegenReg,Hopper-v4,3
74385,reward,2150,1.1744541745372323,45.105,PPO-LN-RegenReg,Hopper-v4,3
74420,reward,2151,55.074031349150324,45.666,PPO-LN-RegenReg,Hopper-v4,3
74465,reward,2152,74.3892192281839,46.572,PPO-LN-RegenReg,Hopper-v4,3
74504,reward,2153,59.98105008560262,48.191,PPO-LN-RegenReg,Hopper-v4,3
74536,reward,2154,53.630970095489836,52.528,PPO-LN-RegenReg,Hopper-v4,3
74580,reward,2155,17.544277684187765,47.12,PPO-LN-RegenReg,Hopper-v4,3
74629,reward,2156,80.38309394847967,48.484,PPO-LN-RegenReg,Hopper-v4,3
74681,reward,2157,76.29393649016777,49.383,PPO-LN-RegenReg,Hopper-v4,3
74722,reward,2158,65.05464977288443,52.926,PPO-LN-RegenReg,Hopper-v4,3
74744,reward,2159,2.968642494461876,48.649,PPO-LN-RegenReg,Hopper-v4,3
74794,reward,2160,77.79841182778404,56.312,PPO-LN-RegenReg,Hopper-v4,3
74813,reward,2161,2.6635117965586357,51.071,PPO-LN-RegenReg,Hopper-v4,3
74914,reward,2162,145.57461588501957,58.189,PPO-LN-RegenReg,Hopper-v4,3
74945,reward,2163,42.85332352330399,56.477,PPO-LN-RegenReg,Hopper-v4,3
74982,reward,2164,58.34460248127507,56.948,PPO-LN-RegenReg,Hopper-v4,3
75045,reward,2165,75.7667207944138,62.77,PPO-LN-RegenReg,Hopper-v4,3
75083,reward,2166,62.45299442438866,60.977,PPO-LN-RegenReg,Hopper-v4,3
75136,reward,2167,77.91624273875208,61.139,PPO-LN-RegenReg,Hopper-v4,3
75225,reward,2168,119.82719070668877,66.617,PPO-LN-RegenReg,Hopper-v4,3
75270,reward,2169,73.20842616915237,73.641,PPO-LN-RegenReg,Hopper-v4,3
75310,reward,2170,57.918430781785815,71.653,PPO-LN-RegenReg,Hopper-v4,3
75343,reward,2171,51.33084247666029,76.519,PPO-LN-RegenReg,Hopper-v4,3
75380,reward,2172,56.65168231983042,67.627,PPO-LN-RegenReg,Hopper-v4,3
75410,reward,2173,6.343327627388336,63.976,PPO-LN-RegenReg,Hopper-v4,3
75510,reward,2174,151.7769124472795,73.319,PPO-LN-RegenReg,Hopper-v4,3
75598,reward,2175,142.02851437210344,79.945,PPO-LN-RegenReg,Hopper-v4,3
75665,reward,2176,41.105907409622986,77.811,PPO-LN-RegenReg,Hopper-v4,3
75685,reward,2177,4.589748993615704,70.478,PPO-LN-RegenReg,Hopper-v4,3
75722,reward,2178,58.98124596326249,64.394,PPO-LN-RegenReg,Hopper-v4,3
75833,reward,2179,140.34451424626732,71.107,PPO-LN-RegenReg,Hopper-v4,3
75876,reward,2180,66.94149155422872,72.009,PPO-LN-RegenReg,Hopper-v4,3
75902,reward,2181,43.02989294551778,71.179,PPO-LN-RegenReg,Hopper-v4,3
75952,reward,2182,81.2320684249641,73.637,PPO-LN-RegenReg,Hopper-v4,3
76000,reward,2183,78.26252075390404,80.829,PPO-LN-RegenReg,Hopper-v4,3
76015,reward,2184,3.9721899468986703,66.049,PPO-LN-RegenReg,Hopper-v4,3
76063,reward,2185,79.8123711385779,59.827,PPO-LN-RegenReg,Hopper-v4,3
76180,reward,2186,130.57288043725342,68.774,PPO-LN-RegenReg,Hopper-v4,3
76227,reward,2187,77.67514800561777,76.082,PPO-LN-RegenReg,Hopper-v4,3
76274,reward,2188,78.2473391370524,78.009,PPO-LN-RegenReg,Hopper-v4,3
76284,reward,2189,4.4157244257338615,64.416,PPO-LN-RegenReg,Hopper-v4,3
76306,reward,2190,2.8412994283349104,58.006,PPO-LN-RegenReg,Hopper-v4,3
76320,reward,2191,2.5140393902959137,53.955,PPO-LN-RegenReg,Hopper-v4,3
76364,reward,2192,71.42959178261077,52.974,PPO-LN-RegenReg,Hopper-v4,3
76401,reward,2193,54.61870635422429,50.61,PPO-LN-RegenReg,Hopper-v4,3
76416,reward,2194,6.055157373418961,50.818,PPO-LN-RegenReg,Hopper-v4,3
76467,reward,2195,37.23961888836835,46.561,PPO-LN-RegenReg,Hopper-v4,3
76512,reward,2196,66.24987269298175,40.129,PPO-LN-RegenReg,Hopper-v4,3
76539,reward,2197,45.35340041017516,36.896,PPO-LN-RegenReg,Hopper-v4,3
76557,reward,2198,1.6822328337283858,29.24,PPO-LN-RegenReg,Hopper-v4,3
76578,reward,2199,4.996104899620818,29.298,PPO-LN-RegenReg,Hopper-v4,3
76602,reward,2200,2.0784448488864435,29.222,PPO-LN-RegenReg,Hopper-v4,3
76617,reward,2201,17.122109265550076,30.683,PPO-LN-RegenReg,Hopper-v4,3
76648,reward,2202,50.584690500366044,28.598,PPO-LN-RegenReg,Hopper-v4,3
76701,reward,2203,29.310143581155874,26.067,PPO-LN-RegenReg,Hopper-v4,3
76743,reward,2204,67.59474375372744,32.221,PPO-LN-RegenReg,Hopper-v4,3
76860,reward,2205,180.91644625036412,46.589,PPO-LN-RegenReg,Hopper-v4,3
76898,reward,2206,62.709424629023495,46.235,PPO-LN-RegenReg,Hopper-v4,3
76914,reward,2207,3.4292473191377493,42.042,PPO-LN-RegenReg,Hopper-v4,3
76932,reward,2208,1.086056425262151,41.983,PPO-LN-RegenReg,Hopper-v4,3
76951,reward,2209,2.61237725282589,41.744,PPO-LN-RegenReg,Hopper-v4,3
76997,reward,2210,71.55628311677846,48.692,PPO-LN-RegenReg,Hopper-v4,3
77055,reward,2211,36.975202041283744,50.677,PPO-LN-RegenReg,Hopper-v4,3
77104,reward,2212,33.94545401333318,49.014,PPO-LN-RegenReg,Hopper-v4,3
77140,reward,2213,55.71565391312406,51.654,PPO-LN-RegenReg,Hopper-v4,3
77192,reward,2214,29.456388317888067,47.84,PPO-LN-RegenReg,Hopper-v4,3
77241,reward,2215,82.50873846605961,37.999,PPO-LN-RegenReg,Hopper-v4,3
77275,reward,2216,51.51338196152342,36.88,PPO-LN-RegenReg,Hopper-v4,3
77316,reward,2217,68.58580654353125,43.396,PPO-LN-RegenReg,Hopper-v4,3
77358,reward,2218,66.23075282710641,49.91,PPO-LN-RegenReg,Hopper-v4,3
77401,reward,2219,69.52766180835987,56.602,PPO-LN-RegenReg,Hopper-v4,3
77421,reward,2220,4.0930607937251215,49.855,PPO-LN-RegenReg,Hopper-v4,3
77446,reward,2221,3.1013077480306928,46.468,PPO-LN-RegenReg,Hopper-v4,3
77486,reward,2222,60.606314332596966,49.134,PPO-LN-RegenReg,Hopper-v4,3
77513,reward,2223,12.895715608211983,44.852,PPO-LN-RegenReg,Hopper-v4,3
77556,reward,2224,39.29660787488089,45.836,PPO-LN-RegenReg,Hopper-v4,3
77583,reward,2225,4.327733519217034,38.018,PPO-LN-RegenReg,Hopper-v4,3
77656,reward,2226,80.52342828838407,40.919,PPO-LN-RegenReg,Hopper-v4,3
77689,reward,2227,48.9689152060489,38.957,PPO-LN-RegenReg,Hopper-v4,3
77744,reward,2228,40.93746243254333,36.428,PPO-LN-RegenReg,Hopper-v4,3
77785,reward,2229,63.9313508112922,35.868,PPO-LN-RegenReg,Hopper-v4,3
77833,reward,2230,76.47838520621477,43.107,PPO-LN-RegenReg,Hopper-v4,3
77898,reward,2231,80.23980120460264,50.821,PPO-LN-RegenReg,Hopper-v4,3
77943,reward,2232,75.91302786434765,52.351,PPO-LN-RegenReg,Hopper-v4,3
77964,reward,2233,0.9908163342321905,51.161,PPO-LN-RegenReg,Hopper-v4,3
78001,reward,2234,56.38521256943365,52.87,PPO-LN-RegenReg,Hopper-v4,3
78079,reward,2235,33.03715530549585,55.741,PPO-LN-RegenReg,Hopper-v4,3
78098,reward,2236,2.398102417055473,47.928,PPO-LN-RegenReg,Hopper-v4,3
78119,reward,2237,2.614321255786459,43.293,PPO-LN-RegenReg,Hopper-v4,3
78162,reward,2238,69.08923102182,46.108,PPO-LN-RegenReg,Hopper-v4,3
78229,reward,2239,89.00628351787107,48.615,PPO-LN-RegenReg,Hopper-v4,3
78248,reward,2240,2.7126732957753568,41.239,PPO-LN-RegenReg,Hopper-v4,3
78261,reward,2241,5.136201958815903,33.728,PPO-LN-RegenReg,Hopper-v4,3
78307,reward,2242,76.39274292340333,33.776,PPO-LN-RegenReg,Hopper-v4,3
78328,reward,2243,4.313436624909368,34.109,PPO-LN-RegenReg,Hopper-v4,3
78390,reward,2244,100.24989372139578,38.495,PPO-LN-RegenReg,Hopper-v4,3
78465,reward,2245,139.95141830955023,49.186,PPO-LN-RegenReg,Hopper-v4,3
78486,reward,2246,0.7742191357734651,49.024,PPO-LN-RegenReg,Hopper-v4,3
78526,reward,2247,66.29348725603612,55.392,PPO-LN-RegenReg,Hopper-v4,3
78566,reward,2248,66.37690280134038,55.121,PPO-LN-RegenReg,Hopper-v4,3
78651,reward,2249,76.87671941443807,53.908,PPO-LN-RegenReg,Hopper-v4,3
78681,reward,2250,9.195098539390482,54.556,PPO-LN-RegenReg,Hopper-v4,3
78698,reward,2251,3.767322578156378,54.419,PPO-LN-RegenReg,Hopper-v4,3
78734,reward,2252,56.76496518077723,52.456,PPO-LN-RegenReg,Hopper-v4,3
78779,reward,2253,43.202645234600766,56.345,PPO-LN-RegenReg,Hopper-v4,3
78820,reward,2254,58.780531407575026,52.198,PPO-LN-RegenReg,Hopper-v4,3
78840,reward,2255,4.1691846568058235,38.62,PPO-LN-RegenReg,Hopper-v4,3
78856,reward,2256,3.820241248894889,38.925,PPO-LN-RegenReg,Hopper-v4,3
78888,reward,2257,47.425611994585516,37.038,PPO-LN-RegenReg,Hopper-v4,3
78920,reward,2258,52.08084649510394,35.608,PPO-LN-RegenReg,Hopper-v4,3
78965,reward,2259,63.12336533301639,34.233,PPO-LN-RegenReg,Hopper-v4,3
79013,reward,2260,17.514429370447942,35.065,PPO-LN-RegenReg,Hopper-v4,3
79054,reward,2261,61.98130961543048,40.886,PPO-LN-RegenReg,Hopper-v4,3
79102,reward,2262,81.22876259960066,43.333,PPO-LN-RegenReg,Hopper-v4,3
79153,reward,2263,79.9202075516769,47.004,PPO-LN-RegenReg,Hopper-v4,3
79234,reward,2264,137.81887617176156,54.908,PPO-LN-RegenReg,Hopper-v4,3
79276,reward,2265,14.161789895753417,55.908,PPO-LN-RegenReg,Hopper-v4,3
79313,reward,2266,55.60069964380512,61.086,PPO-LN-RegenReg,Hopper-v4,3
79365,reward,2267,88.43644816598244,65.187,PPO-LN-RegenReg,Hopper-v4,3
79408,reward,2268,66.62760155573835,66.641,PPO-LN-RegenReg,Hopper-v4,3
79445,reward,2269,59.98149350316498,66.327,PPO-LN-RegenReg,Hopper-v4,3
79495,reward,2270,80.70084400026506,72.646,PPO-LN-RegenReg,Hopper-v4,3
79549,reward,2271,66.7462107703547,73.122,PPO-LN-RegenReg,Hopper-v4,3
79660,reward,2272,151.62521260780935,80.162,PPO-LN-RegenReg,Hopper-v4,3
79680,reward,2273,4.8639682464078895,72.656,PPO-LN-RegenReg,Hopper-v4,3
79750,reward,2274,124.69171953267697,71.344,PPO-LN-RegenReg,Hopper-v4,3
79800,reward,2275,82.29571282586886,78.157,PPO-LN-RegenReg,Hopper-v4,3
79835,reward,2276,52.99103403625487,77.896,PPO-LN-RegenReg,Hopper-v4,3
79868,reward,2277,51.10508799033599,74.163,PPO-LN-RegenReg,Hopper-v4,3
79902,reward,2278,50.92736843605583,72.593,PPO-LN-RegenReg,Hopper-v4,3
79983,reward,2279,142.84802333358013,80.88,PPO-LN-RegenReg,Hopper-v4,3
80023,reward,2280,58.805388988155414,78.69,PPO-LN-RegenReg,Hopper-v4,3
80084,reward,2281,41.209607237538016,76.136,PPO-LN-RegenReg,Hopper-v4,3
80147,reward,2282,108.61345513648203,71.835,PPO-LN-RegenReg,Hopper-v4,3
80184,reward,2283,60.3094854601029,77.38,PPO-LN-RegenReg,Hopper-v4,3
80223,reward,2284,65.08473185094905,71.419,PPO-LN-RegenReg,Hopper-v4,3
80264,reward,2285,65.42059727365276,69.731,PPO-LN-RegenReg,Hopper-v4,3
80294,reward,2286,4.4641719207671535,64.879,PPO-LN-RegenReg,Hopper-v4,3
80384,reward,2287,167.68465359907705,76.537,PPO-LN-RegenReg,Hopper-v4,3
80423,reward,2288,63.38613976312365,77.783,PPO-LN-RegenReg,Hopper-v4,3
80472,reward,2289,45.839204076623496,68.082,PPO-LN-RegenReg,Hopper-v4,3
80498,reward,2290,5.514605165150072,62.753,PPO-LN-RegenReg,Hopper-v4,3
80531,reward,2291,49.26425204716191,63.558,PPO-LN-RegenReg,Hopper-v4,3
80570,reward,2292,67.0227060492368,59.399,PPO-LN-RegenReg,Hopper-v4,3
80593,reward,2293,2.2434072873109683,53.592,PPO-LN-RegenReg,Hopper-v4,3
80636,reward,2294,71.46757450879736,54.231,PPO-LN-RegenReg,Hopper-v4,3
80665,reward,2295,35.17976926799451,51.207,PPO-LN-RegenReg,Hopper-v4,3
80698,reward,2296,7.364404529739275,51.497,PPO-LN-RegenReg,Hopper-v4,3
80734,reward,2297,12.269121204233391,35.955,PPO-LN-RegenReg,Hopper-v4,3
80786,reward,2298,76.29010440710658,37.246,PPO-LN-RegenReg,Hopper-v4,3
80840,reward,2299,27.417345352531804,35.403,PPO-LN-RegenReg,Hopper-v4,3
80874,reward,2300,53.581117327448105,40.21,PPO-LN-RegenReg,Hopper-v4,3
80943,reward,2301,121.667507525114,47.45,PPO-LN-RegenReg,Hopper-v4,3
80957,reward,2302,3.216510294654183,41.07,PPO-LN-RegenReg,Hopper-v4,3
81001,reward,2303,68.47651802510443,47.693,PPO-LN-RegenReg,Hopper-v4,3
81034,reward,2304,52.626366740684695,45.809,PPO-LN-RegenReg,Hopper-v4,3
81076,reward,2305,71.61773066736633,49.453,PPO-LN-RegenReg,Hopper-v4,3
81115,reward,2306,59.49644186370706,54.666,PPO-LN-RegenReg,Hopper-v4,3
81221,reward,2307,180.1013433243082,71.449,PPO-LN-RegenReg,Hopper-v4,3
81261,reward,2308,63.213743475946714,70.141,PPO-LN-RegenReg,Hopper-v4,3
81297,reward,2309,43.50528417398792,71.75,PPO-LN-RegenReg,Hopper-v4,3
81427,reward,2310,248.74857437011804,91.267,PPO-LN-RegenReg,Hopper-v4,3
81486,reward,2311,104.13693040258127,89.514,PPO-LN-RegenReg,Hopper-v4,3
81531,reward,2312,77.60835574260506,96.953,PPO-LN-RegenReg,Hopper-v4,3
81583,reward,2313,84.60310467215486,98.566,PPO-LN-RegenReg,Hopper-v4,3
81612,reward,2314,7.345826984251133,94.038,PPO-LN-RegenReg,Hopper-v4,3
81645,reward,2315,54.12123233198565,92.288,PPO-LN-RegenReg,Hopper-v4,3
81686,reward,2316,67.99207579909263,93.138,PPO-LN-RegenReg,Hopper-v4,3
81727,reward,2317,65.47161221618514,81.675,PPO-LN-RegenReg,Hopper-v4,3
81748,reward,2318,3.088711949041569,75.662,PPO-LN-RegenReg,Hopper-v4,3
81791,reward,2319,70.06721538724831,78.318,PPO-LN-RegenReg,Hopper-v4,3
81882,reward,2320,165.2422826625957,69.968,PPO-LN-RegenReg,Hopper-v4,3
81919,reward,2321,55.87799555994603,65.142,PPO-LN-RegenReg,Hopper-v4,3
82020,reward,2322,152.56666362748584,72.638,PPO-LN-RegenReg,Hopper-v4,3
82064,reward,2323,33.680171806809305,67.545,PPO-LN-RegenReg,Hopper-v4,3
82110,reward,2324,76.21220661984165,74.432,PPO-LN-RegenReg,Hopper-v4,3
82130,reward,2325,20.455397053752723,71.065,PPO-LN-RegenReg,Hopper-v4,3
82180,reward,2326,60.551664250918634,70.321,PPO-LN-RegenReg,Hopper-v4,3
82236,reward,2327,85.2066579810398,72.295,PPO-LN-RegenReg,Hopper-v4,3
82315,reward,2328,78.13602229389502,79.8,PPO-LN-RegenReg,Hopper-v4,3
82353,reward,2329,43.5630524106365,77.149,PPO-LN-RegenReg,Hopper-v4,3
82394,reward,2330,62.75689624818079,66.901,PPO-LN-RegenReg,Hopper-v4,3
82447,reward,2331,59.88410271184272,67.301,PPO-LN-RegenReg,Hopper-v4,3
82491,reward,2332,74.46738696898367,59.491,PPO-LN-RegenReg,Hopper-v4,3
82534,reward,2333,68.7968407642472,63.003,PPO-LN-RegenReg,Hopper-v4,3
82589,reward,2334,42.962574036387096,59.678,PPO-LN-RegenReg,Hopper-v4,3
82654,reward,2335,36.53704445152865,61.286,PPO-LN-RegenReg,Hopper-v4,3
82698,reward,2336,49.4886189733526,60.18,PPO-LN-RegenReg,Hopper-v4,3
82762,reward,2337,76.6421560824617,59.323,PPO-LN-RegenReg,Hopper-v4,3
82786,reward,2338,4.114849747159534,51.921,PPO-LN-RegenReg,Hopper-v4,3
82823,reward,2339,52.898904340291566,52.855,PPO-LN-RegenReg,Hopper-v4,3
82878,reward,2340,62.46089541036708,52.825,PPO-LN-RegenReg,Hopper-v4,3
82919,reward,2341,60.575828902156026,52.895,PPO-LN-RegenReg,Hopper-v4,3
82960,reward,2342,64.47529141980004,51.895,PPO-LN-RegenReg,Hopper-v4,3
82986,reward,2343,11.042293884172295,46.12,PPO-LN-RegenReg,Hopper-v4,3
83040,reward,2344,40.42995997131185,45.867,PPO-LN-RegenReg,Hopper-v4,3
83080,reward,2345,65.62152600454772,48.775,PPO-LN-RegenReg,Hopper-v4,3
83134,reward,2346,88.1166789210947,52.638,PPO-LN-RegenReg,Hopper-v4,3
83200,reward,2347,56.186242180707474,50.592,PPO-LN-RegenReg,Hopper-v4,3
83262,reward,2348,90.6193783929141,59.243,PPO-LN-RegenReg,Hopper-v4,3
83366,reward,2349,152.77265330448185,69.23,PPO-LN-RegenReg,Hopper-v4,3
83440,reward,2350,125.45895725970747,75.53,PPO-LN-RegenReg,Hopper-v4,3
83472,reward,2351,49.6148428473375,74.434,PPO-LN-RegenReg,Hopper-v4,3
83511,reward,2352,63.150645055524755,74.301,PPO-LN-RegenReg,Hopper-v4,3
83524,reward,2353,3.1234940753853304,73.509,PPO-LN-RegenReg,Hopper-v4,3
83561,reward,2354,38.51061396471051,73.318,PPO-LN-RegenReg,Hopper-v4,3
83605,reward,2355,68.9170183375246,73.647,PPO-LN-RegenReg,Hopper-v4,3
83658,reward,2356,45.6037639017121,69.396,PPO-LN-RegenReg,Hopper-v4,3
83721,reward,2357,49.21856626189489,68.699,PPO-LN-RegenReg,Hopper-v4,3
83790,reward,2358,56.993827387945984,65.336,PPO-LN-RegenReg,Hopper-v4,3
83809,reward,2359,3.675343727903647,50.427,PPO-LN-RegenReg,Hopper-v4,3
83868,reward,2360,83.61669791016504,46.242,PPO-LN-RegenReg,Hopper-v4,3
83905,reward,2361,51.27822305073285,46.409,PPO-LN-RegenReg,Hopper-v4,3
83961,reward,2362,33.328810983071186,43.427,PPO-LN-RegenReg,Hopper-v4,3
84027,reward,2363,45.05873716702049,47.62,PPO-LN-RegenReg,Hopper-v4,3
84052,reward,2364,7.053917209912197,44.474,PPO-LN-RegenReg,Hopper-v4,3
84098,reward,2365,78.94225010737249,45.477,PPO-LN-RegenReg,Hopper-v4,3
84136,reward,2366,59.83905175407176,46.901,PPO-LN-RegenReg,Hopper-v4,3
84154,reward,2367,6.442429626095587,42.623,PPO-LN-RegenReg,Hopper-v4,3
84212,reward,2368,89.09688639614248,45.833,PPO-LN-RegenReg,Hopper-v4,3
84281,reward,2369,128.28087131850674,58.294,PPO-LN-RegenReg,Hopper-v4,3
84322,reward,2370,33.16516723212207,53.249,PPO-LN-RegenReg,Hopper-v4,3
84361,reward,2371,60.37205208833808,54.158,PPO-LN-RegenReg,Hopper-v4,3
84407,reward,2372,34.66873259892427,54.292,PPO-LN-RegenReg,Hopper-v4,3
84440,reward,2373,53.71666024288547,55.158,PPO-LN-RegenReg,Hopper-v4,3
84485,reward,2374,35.14755273119326,57.967,PPO-LN-RegenReg,Hopper-v4,3
84523,reward,2375,60.54371313490019,56.127,PPO-LN-RegenReg,Hopper-v4,3
84538,reward,2376,7.637122687470952,50.907,PPO-LN-RegenReg,Hopper-v4,3
84575,reward,2377,59.68834174468397,56.232,PPO-LN-RegenReg,Hopper-v4,3
84608,reward,2378,52.68250336659081,52.59,PPO-LN-RegenReg,Hopper-v4,3
84670,reward,2379,52.624626769688724,45.025,PPO-LN-RegenReg,Hopper-v4,3
84698,reward,2380,41.107833798822675,45.819,PPO-LN-RegenReg,Hopper-v4,3
84737,reward,2381,62.35422031567568,46.017,PPO-LN-RegenReg,Hopper-v4,3
84786,reward,2382,77.52352234905449,50.303,PPO-LN-RegenReg,Hopper-v4,3
84836,reward,2383,56.234741212126586,50.554,PPO-LN-RegenReg,Hopper-v4,3
84886,reward,2384,85.15805353351269,55.555,PPO-LN-RegenReg,Hopper-v4,3
84980,reward,2385,140.08377132298904,63.509,PPO-LN-RegenReg,Hopper-v4,3
85015,reward,2386,34.83614992671542,66.229,PPO-LN-RegenReg,Hopper-v4,3
85081,reward,2387,96.74849045757796,69.935,PPO-LN-RegenReg,Hopper-v4,3
85113,reward,2388,55.19493854713464,70.187,PPO-LN-RegenReg,Hopper-v4,3
85150,reward,2389,57.76266701978377,70.7,PPO-LN-RegenReg,Hopper-v4,3
85194,reward,2390,63.951563314757095,72.985,PPO-LN-RegenReg,Hopper-v4,3
85234,reward,2391,58.219246385077426,72.571,PPO-LN-RegenReg,Hopper-v4,3
85272,reward,2392,61.9571631139919,71.015,PPO-LN-RegenReg,Hopper-v4,3
85330,reward,2393,44.29659063269666,69.821,PPO-LN-RegenReg,Hopper-v4,3
85377,reward,2394,70.95632015396475,68.401,PPO-LN-RegenReg,Hopper-v4,3
85414,reward,2395,53.65285212412201,59.758,PPO-LN-RegenReg,Hopper-v4,3
85453,reward,2396,62.03068470348466,62.477,PPO-LN-RegenReg,Hopper-v4,3
85522,reward,2397,62.38746318881191,59.041,PPO-LN-RegenReg,Hopper-v4,3
85571,reward,2398,80.81723859360926,61.603,PPO-LN-RegenReg,Hopper-v4,3
85636,reward,2399,83.22288847736532,64.149,PPO-LN-RegenReg,Hopper-v4,3
85692,reward,2400,74.14614953515768,65.169,PPO-LN-RegenReg,Hopper-v4,3
85731,reward,2401,62.54446204227142,65.601,PPO-LN-RegenReg,Hopper-v4,3
85771,reward,2402,62.86127082440588,65.692,PPO-LN-RegenReg,Hopper-v4,3
85792,reward,2403,24.87888406118699,63.75,PPO-LN-RegenReg,Hopper-v4,3
85844,reward,2404,80.36693629538479,64.691,PPO-LN-RegenReg,Hopper-v4,3
85972,reward,2405,127.03969473197756,72.03,PPO-LN-RegenReg,Hopper-v4,3
86037,reward,2406,71.72411112174107,72.999,PPO-LN-RegenReg,Hopper-v4,3
86079,reward,2407,66.30669267403579,73.391,PPO-LN-RegenReg,Hopper-v4,3
86133,reward,2408,77.58123827866011,73.067,PPO-LN-RegenReg,Hopper-v4,3
86190,reward,2409,79.76752600645239,72.722,PPO-LN-RegenReg,Hopper-v4,3
86256,reward,2410,110.15921330643883,76.323,PPO-LN-RegenReg,Hopper-v4,3
86274,reward,2411,1.6426838450905368,70.233,PPO-LN-RegenReg,Hopper-v4,3
86325,reward,2412,59.39450866542596,69.886,PPO-LN-RegenReg,Hopper-v4,3
86378,reward,2413,52.23239748848404,72.622,PPO-LN-RegenReg,Hopper-v4,3
86432,reward,2414,96.36246346332149,74.221,PPO-LN-RegenReg,Hopper-v4,3
86496,reward,2415,79.32469744450844,69.45,PPO-LN-RegenReg,Hopper-v4,3
86557,reward,2416,60.68136021838025,68.345,PPO-LN-RegenReg,Hopper-v4,3
86599,reward,2417,59.79284518467203,67.694,PPO-LN-RegenReg,Hopper-v4,3
86635,reward,2418,58.57470638154147,65.793,PPO-LN-RegenReg,Hopper-v4,3
86677,reward,2419,63.69973989820685,64.186,PPO-LN-RegenReg,Hopper-v4,3
86721,reward,2420,18.34028538125863,55.005,PPO-LN-RegenReg,Hopper-v4,3
86743,reward,2421,6.00510149416496,55.441,PPO-LN-RegenReg,Hopper-v4,3
86817,reward,2422,68.15208280057306,56.317,PPO-LN-RegenReg,Hopper-v4,3
86841,reward,2423,2.4084384565808845,51.334,PPO-LN-RegenReg,Hopper-v4,3
86883,reward,2424,69.9814008930958,48.696,PPO-LN-RegenReg,Hopper-v4,3
86947,reward,2425,93.47395004381251,50.111,PPO-LN-RegenReg,Hopper-v4,3
86987,reward,2426,54.54848173350465,49.498,PPO-LN-RegenReg,Hopper-v4,3
87047,reward,2427,84.27721667700101,51.946,PPO-LN-RegenReg,Hopper-v4,3
87079,reward,2428,10.607688208934038,47.149,PPO-LN-RegenReg,Hopper-v4,3
87123,reward,2429,71.78795995635636,47.958,PPO-LN-RegenReg,Hopper-v4,3
87166,reward,2430,66.8854304155531,52.813,PPO-LN-RegenReg,Hopper-v4,3
87216,reward,2431,67.09420321734521,58.922,PPO-LN-RegenReg,Hopper-v4,3
87252,reward,2432,59.82582108599991,58.089,PPO-LN-RegenReg,Hopper-v4,3
87304,reward,2433,64.13267052460061,64.261,PPO-LN-RegenReg,Hopper-v4,3
87354,reward,2434,50.23993901472388,62.287,PPO-LN-RegenReg,Hopper-v4,3
87394,reward,2435,67.03172364605501,59.643,PPO-LN-RegenReg,Hopper-v4,3
87430,reward,2436,10.633616286915784,55.252,PPO-LN-RegenReg,Hopper-v4,3
87477,reward,2437,75.06269300608827,54.33,PPO-LN-RegenReg,Hopper-v4,3
87537,reward,2438,58.8633242964829,59.156,PPO-LN-RegenReg,Hopper-v4,3
87591,reward,2439,97.30303205524551,61.707,PPO-LN-RegenReg,Hopper-v4,3
87640,reward,2440,39.42451134384497,58.961,PPO-LN-RegenReg,Hopper-v4,3
87680,reward,2441,61.10364690247313,58.362,PPO-LN-RegenReg,Hopper-v4,3
87742,reward,2442,54.9164078285274,57.871,PPO-LN-RegenReg,Hopper-v4,3
87759,reward,2443,4.766510694349956,51.935,PPO-LN-RegenReg,Hopper-v4,3
87817,reward,2444,93.02274699700835,56.213,PPO-LN-RegenReg,Hopper-v4,3
87857,reward,2445,64.06911687648957,55.917,PPO-LN-RegenReg,Hopper-v4,3
87911,reward,2446,92.0369738122313,64.057,PPO-LN-RegenReg,Hopper-v4,3
87940,reward,2447,8.016866699619321,57.352,PPO-LN-RegenReg,Hopper-v4,3
87989,reward,2448,82.56792800621082,59.723,PPO-LN-RegenReg,Hopper-v4,3
88031,reward,2449,70.74375125320023,57.067,PPO-LN-RegenReg,Hopper-v4,3
88076,reward,2450,74.77922499141661,60.602,PPO-LN-RegenReg,Hopper-v4,3
88114,reward,2451,63.758028015508614,60.868,PPO-LN-RegenReg,Hopper-v4,3
88158,reward,2452,67.78305351109867,62.154,PPO-LN-RegenReg,Hopper-v4,3
88193,reward,2453,19.218193297239484,63.6,PPO-LN-RegenReg,Hopper-v4,3
88235,reward,2454,67.71438566728992,61.069,PPO-LN-RegenReg,Hopper-v4,3
88301,reward,2455,89.09217495623106,63.571,PPO-LN-RegenReg,Hopper-v4,3
88321,reward,2456,2.1953444948257657,54.587,PPO-LN-RegenReg,Hopper-v4,3
88349,reward,2457,10.148945274019992,54.8,PPO-LN-RegenReg,Hopper-v4,3
88414,reward,2458,70.7629659304069,53.62,PPO-LN-RegenReg,Hopper-v4,3
88499,reward,2459,90.53040002193772,55.598,PPO-LN-RegenReg,Hopper-v4,3
88556,reward,2460,39.382148332480305,52.059,PPO-LN-RegenReg,Hopper-v4,3
88611,reward,2461,70.90833704260632,52.774,PPO-LN-RegenReg,Hopper-v4,3
88671,reward,2462,61.41698213504406,52.137,PPO-LN-RegenReg,Hopper-v4,3
88783,reward,2463,118.82206464910331,62.097,PPO-LN-RegenReg,Hopper-v4,3
88855,reward,2464,83.66518135731086,63.692,PPO-LN-RegenReg,Hopper-v4,3
88897,reward,2465,61.918141742322256,60.975,PPO-LN-RegenReg,Hopper-v4,3
88963,reward,2466,112.73291925716066,72.029,PPO-LN-RegenReg,Hopper-v4,3
88997,reward,2467,24.606861208051594,73.475,PPO-LN-RegenReg,Hopper-v4,3
89013,reward,2468,3.698697883595511,66.768,PPO-LN-RegenReg,Hopper-v4,3
89056,reward,2469,68.31999962485632,64.547,PPO-LN-RegenReg,Hopper-v4,3
89097,reward,2470,61.32136760946287,66.741,PPO-LN-RegenReg,Hopper-v4,3
89120,reward,2471,4.77265321009533,60.127,PPO-LN-RegenReg,Hopper-v4,3
89159,reward,2472,61.644821942473456,60.15,PPO-LN-RegenReg,Hopper-v4,3
89191,reward,2473,53.637859702612104,53.632,PPO-LN-RegenReg,Hopper-v4,3
89213,reward,2474,5.1310795858116345,45.778,PPO-LN-RegenReg,Hopper-v4,3
89246,reward,2475,52.82027418414457,44.869,PPO-LN-RegenReg,Hopper-v4,3
89290,reward,2476,36.21762821270394,37.217,PPO-LN-RegenReg,Hopper-v4,3
89333,reward,2477,72.09363856182536,41.966,PPO-LN-RegenReg,Hopper-v4,3
89376,reward,2478,70.37522619126595,48.633,PPO-LN-RegenReg,Hopper-v4,3
89431,reward,2479,82.66845694968916,50.068,PPO-LN-RegenReg,Hopper-v4,3
89455,reward,2480,7.772212068964468,44.713,PPO-LN-RegenReg,Hopper-v4,3
89505,reward,2481,65.0874451361932,50.745,PPO-LN-RegenReg,Hopper-v4,3
89555,reward,2482,54.22506803505206,50.003,PPO-LN-RegenReg,Hopper-v4,3
89591,reward,2483,51.54224247427309,49.793,PPO-LN-RegenReg,Hopper-v4,3
89621,reward,2484,46.17937909269903,53.898,PPO-LN-RegenReg,Hopper-v4,3
89666,reward,2485,42.04973112083286,52.821,PPO-LN-RegenReg,Hopper-v4,3
89804,reward,2486,167.79380594918314,65.979,PPO-LN-RegenReg,Hopper-v4,3
89865,reward,2487,112.07693600086051,69.977,PPO-LN-RegenReg,Hopper-v4,3
89918,reward,2488,29.798723605671892,65.919,PPO-LN-RegenReg,Hopper-v4,3
89933,reward,2489,2.911409551177624,57.944,PPO-LN-RegenReg,Hopper-v4,3
89966,reward,2490,53.22137546982209,62.489,PPO-LN-RegenReg,Hopper-v4,3
89990,reward,2491,6.0212012288035455,56.582,PPO-LN-RegenReg,Hopper-v4,3
90010,reward,2492,1.205443502063732,51.28,PPO-LN-RegenReg,Hopper-v4,3
90058,reward,2493,78.15623352447109,53.941,PPO-LN-RegenReg,Hopper-v4,3
90102,reward,2494,72.16780602256516,56.54,PPO-LN-RegenReg,Hopper-v4,3
90150,reward,2495,76.84742271528782,60.02,PPO-LN-RegenReg,Hopper-v4,3
90184,reward,2496,52.50957635447943,48.492,PPO-LN-RegenReg,Hopper-v4,3
90219,reward,2497,56.02552083059749,42.886,PPO-LN-RegenReg,Hopper-v4,3
90259,reward,2498,63.84175585510527,46.291,PPO-LN-RegenReg,Hopper-v4,3
90300,reward,2499,68.30466351398123,52.83,PPO-LN-RegenReg,Hopper-v4,3
90355,reward,2500,32.05986323452588,50.714,PPO-LN-RegenReg,Hopper-v4,3
90410,reward,2501,43.33597942051989,54.445,PPO-LN-RegenReg,Hopper-v4,3
90452,reward,2502,66.50037640273669,60.975,PPO-LN-RegenReg,Hopper-v4,3
90497,reward,2503,41.28823073702679,57.288,PPO-LN-RegenReg,Hopper-v4,3
90546,reward,2504,80.54247844553127,58.126,PPO-LN-RegenReg,Hopper-v4,3
90612,reward,2505,124.74795826775346,62.916,PPO-LN-RegenReg,Hopper-v4,3
90657,reward,2506,70.14600827321385,64.679,PPO-LN-RegenReg,Hopper-v4,3
90708,reward,2507,85.12237976168704,67.589,PPO-LN-RegenReg,Hopper-v4,3
90731,reward,2508,29.342036225491753,64.139,PPO-LN-RegenReg,Hopper-v4,3
90768,reward,2509,59.2331171547229,63.232,PPO-LN-RegenReg,Hopper-v4,3
90805,reward,2510,60.88731947702582,66.115,PPO-LN-RegenReg,Hopper-v4,3
90836,reward,2511,21.626120929768792,63.944,PPO-LN-RegenReg,Hopper-v4,3
90893,reward,2512,64.43143083013288,63.737,PPO-LN-RegenReg,Hopper-v4,3
90915,reward,2513,2.9872678498081493,59.907,PPO-LN-RegenReg,Hopper-v4,3
90975,reward,2514,50.98599452254119,56.951,PPO-LN-RegenReg,Hopper-v4,3
91084,reward,2515,132.306450353109,57.707,PPO-LN-RegenReg,Hopper-v4,3
91127,reward,2516,72.15828371525984,57.908,PPO-LN-RegenReg,Hopper-v4,3
91206,reward,2517,69.96730971395492,56.393,PPO-LN-RegenReg,Hopper-v4,3
91297,reward,2518,129.78492844279782,66.437,PPO-LN-RegenReg,Hopper-v4,3
91333,reward,2519,53.856462500122475,65.899,PPO-LN-RegenReg,Hopper-v4,3
91390,reward,2520,58.56064805564961,65.666,PPO-LN-RegenReg,Hopper-v4,3
91495,reward,2521,160.7376229678057,79.578,PPO-LN-RegenReg,Hopper-v4,3
91570,reward,2522,134.04080436779648,86.539,PPO-LN-RegenReg,Hopper-v4,3
91606,reward,2523,53.16295225999474,91.556,PPO-LN-RegenReg,Hopper-v4,3
91640,reward,2524,52.11094823024358,91.669,PPO-LN-RegenReg,Hopper-v4,3
91679,reward,2525,61.88785811012335,84.627,PPO-LN-RegenReg,Hopper-v4,3
91716,reward,2526,59.38820498731091,83.35,PPO-LN-RegenReg,Hopper-v4,3
91744,reward,2527,10.373286883988554,77.39,PPO-LN-RegenReg,Hopper-v4,3
91866,reward,2528,195.77210200229467,83.989,PPO-LN-RegenReg,Hopper-v4,3
91900,reward,2529,50.46262150619556,83.65,PPO-LN-RegenReg,Hopper-v4,3
91957,reward,2530,53.22512757823793,83.116,PPO-LN-RegenReg,Hopper-v4,3
92053,reward,2531,107.78709756825833,77.821,PPO-LN-RegenReg,Hopper-v4,3
92089,reward,2532,57.90063827614054,70.207,PPO-LN-RegenReg,Hopper-v4,3
92138,reward,2533,71.14850146110848,72.006,PPO-LN-RegenReg,Hopper-v4,3
92305,reward,2534,213.2940465361014,88.124,PPO-LN-RegenReg,Hopper-v4,3
92411,reward,2535,161.42974331525068,98.078,PPO-LN-RegenReg,Hopper-v4,3
92483,reward,2536,126.86661855739784,104.826,PPO-LN-RegenReg,Hopper-v4,3
92528,reward,2537,75.53463316054173,111.342,PPO-LN-RegenReg,Hopper-v4,3
92576,reward,2538,80.97214064648703,99.862,PPO-LN-RegenReg,Hopper-v4,3
92614,reward,2539,60.392140609865415,100.855,PPO-LN-RegenReg,Hopper-v4,3
92664,reward,2540,48.95065830304297,100.428,PPO-LN-RegenReg,Hopper-v4,3
92713,reward,2541,30.45716445427766,92.695,PPO-LN-RegenReg,Hopper-v4,3
92750,reward,2542,60.56467711601703,92.961,PPO-LN-RegenReg,Hopper-v4,3
92799,reward,2543,70.28103443353204,92.874,PPO-LN-RegenReg,Hopper-v4,3
92815,reward,2544,17.90891306037824,73.336,PPO-LN-RegenReg,Hopper-v4,3
92839,reward,2545,36.642992922464245,60.857,PPO-LN-RegenReg,Hopper-v4,3
92876,reward,2546,59.08940407496873,54.079,PPO-LN-RegenReg,Hopper-v4,3
92976,reward,2547,188.82716150058695,65.409,PPO-LN-RegenReg,Hopper-v4,3
93018,reward,2548,56.74439402010083,62.986,PPO-LN-RegenReg,Hopper-v4,3
93114,reward,2549,157.59020896043052,72.706,PPO-LN-RegenReg,Hopper-v4,3
93168,reward,2550,84.7422346712995,76.285,PPO-LN-RegenReg,Hopper-v4,3
93201,reward,2551,55.31572995471917,78.771,PPO-LN-RegenReg,Hopper-v4,3
93229,reward,2552,42.77813703444912,76.992,PPO-LN-RegenReg,Hopper-v4,3
93272,reward,2553,65.29002469153532,76.493,PPO-LN-RegenReg,Hopper-v4,3
93305,reward,2554,51.21364694666685,79.823,PPO-LN-RegenReg,Hopper-v4,3
93343,reward,2555,59.107593981992146,82.07,PPO-LN-RegenReg,Hopper-v4,3
93382,reward,2556,62.56008629239826,82.417,PPO-LN-RegenReg,Hopper-v4,3
93416,reward,2557,54.48539863799441,68.983,PPO-LN-RegenReg,Hopper-v4,3
93466,reward,2558,61.206103680261954,69.429,PPO-LN-RegenReg,Hopper-v4,3
93510,reward,2559,71.49830167521635,60.82,PPO-LN-RegenReg,Hopper-v4,3
93553,reward,2560,63.91495485602213,58.737,PPO-LN-RegenReg,Hopper-v4,3
93585,reward,2561,45.562861460947936,57.762,PPO-LN-RegenReg,Hopper-v4,3
93627,reward,2562,64.97049732055352,59.981,PPO-LN-RegenReg,Hopper-v4,3
93642,reward,2563,9.316260338909819,54.384,PPO-LN-RegenReg,Hopper-v4,3
93668,reward,2564,7.164895243334732,49.979,PPO-LN-RegenReg,Hopper-v4,3
93694,reward,2565,35.04782511061976,47.573,PPO-LN-RegenReg,Hopper-v4,3
93743,reward,2566,76.42688582232697,48.959,PPO-LN-RegenReg,Hopper-v4,3
93778,reward,2567,55.05876067993094,49.017,PPO-LN-RegenReg,Hopper-v4,3
93827,reward,2568,82.45040581682592,51.141,PPO-LN-RegenReg,Hopper-v4,3
93859,reward,2569,43.90444968355307,48.382,PPO-LN-RegenReg,Hopper-v4,3
93900,reward,2570,17.260090535620602,43.716,PPO-LN-RegenReg,Hopper-v4,3
93945,reward,2571,74.20868650207451,46.581,PPO-LN-RegenReg,Hopper-v4,3
93994,reward,2572,79.84659441005341,48.068,PPO-LN-RegenReg,Hopper-v4,3
94036,reward,2573,67.24760516704579,53.862,PPO-LN-RegenReg,Hopper-v4,3
94105,reward,2574,113.64517220724949,64.51,PPO-LN-RegenReg,Hopper-v4,3
94142,reward,2575,60.30895586885869,67.036,PPO-LN-RegenReg,Hopper-v4,3
94194,reward,2576,70.11160838325648,66.404,PPO-LN-RegenReg,Hopper-v4,3
94225,reward,2577,49.55655013609714,65.854,PPO-LN-RegenReg,Hopper-v4,3
94269,reward,2578,70.86192481264919,64.695,PPO-LN-RegenReg,Hopper-v4,3
94297,reward,2579,42.88548492752505,64.593,PPO-LN-RegenReg,Hopper-v4,3
94423,reward,2580,259.7008138010027,88.837,PPO-LN-RegenReg,Hopper-v4,3
94444,reward,2581,28.40292146084797,84.257,PPO-LN-RegenReg,Hopper-v4,3
94504,reward,2582,93.5089190427423,85.623,PPO-LN-RegenReg,Hopper-v4,3
94528,reward,2583,35.41334917768556,82.44,PPO-LN-RegenReg,Hopper-v4,3
94541,reward,2584,14.119761813067475,72.487,PPO-LN-RegenReg,Hopper-v4,3
94587,reward,2585,74.42491413979116,73.899,PPO-LN-RegenReg,Hopper-v4,3
94614,reward,2586,34.34354896376547,70.322,PPO-LN-RegenReg,Hopper-v4,3
94690,reward,2587,128.04736455364193,78.171,PPO-LN-RegenReg,Hopper-v4,3
94716,reward,2588,33.11717427261263,74.396,PPO-LN-RegenReg,Hopper-v4,3
94754,reward,2589,28.60248706817649,72.968,PPO-LN-RegenReg,Hopper-v4,3
94790,reward,2590,49.9921558900307,51.997,PPO-LN-RegenReg,Hopper-v4,3
94825,reward,2591,21.1521730387304,51.272,PPO-LN-RegenReg,Hopper-v4,3
94877,reward,2592,87.47127678906774,50.668,PPO-LN-RegenReg,Hopper-v4,3
94915,reward,2593,62.192863941042035,53.346,PPO-LN-RegenReg,Hopper-v4,3
95016,reward,2594,165.9633272254732,68.531,PPO-LN-RegenReg,Hopper-v4,3
95064,reward,2595,74.52342126683689,68.541,PPO-LN-RegenReg,Hopper-v4,3
95101,reward,2596,56.392344142788986,70.745,PPO-LN-RegenReg,Hopper-v4,3
95144,reward,2597,71.38834513932943,65.08,PPO-LN-RegenReg,Hopper-v4,3
95213,reward,2598,123.94836500583459,74.163,PPO-LN-RegenReg,Hopper-v4,3
95262,reward,2599,26.808178844312827,73.983,PPO-LN-RegenReg,Hopper-v4,3
95311,reward,2600,79.4478771374693,76.929,PPO-LN-RegenReg,Hopper-v4,3
95347,reward,2601,57.81557307691857,80.595,PPO-LN-RegenReg,Hopper-v4,3
95387,reward,2602,31.304466679999166,74.978,PPO-LN-RegenReg,Hopper-v4,3
95441,reward,2603,44.309150194461026,73.19,PPO-LN-RegenReg,Hopper-v4,3
95519,reward,2604,45.36538163546651,61.13,PPO-LN-RegenReg,Hopper-v4,3
95553,reward,2605,54.81856294992425,59.16,PPO-LN-RegenReg,Hopper-v4,3
95591,reward,2606,64.20211173906927,59.941,PPO-LN-RegenReg,Hopper-v4,3
95682,reward,2607,131.92165282932956,65.994,PPO-LN-RegenReg,Hopper-v4,3
95733,reward,2608,84.66061836132627,62.065,PPO-LN-RegenReg,Hopper-v4,3
95786,reward,2609,94.58836923176237,68.843,PPO-LN-RegenReg,Hopper-v4,3
95831,reward,2610,44.50297781373051,65.349,PPO-LN-RegenReg,Hopper-v4,3
95872,reward,2611,48.613564818779196,64.429,PPO-LN-RegenReg,Hopper-v4,3
95901,reward,2612,41.92771973829218,65.491,PPO-LN-RegenReg,Hopper-v4,3
95950,reward,2613,76.174276598354,68.678,PPO-LN-RegenReg,Hopper-v4,3
96001,reward,2614,85.97854320987682,72.739,PPO-LN-RegenReg,Hopper-v4,3
96031,reward,2615,37.13036515532718,70.97,PPO-LN-RegenReg,Hopper-v4,3
96073,reward,2616,18.7320878715793,66.423,PPO-LN-RegenReg,Hopper-v4,3
96146,reward,2617,107.29678591800172,63.961,PPO-LN-RegenReg,Hopper-v4,3
96171,reward,2618,11.074388789508902,56.602,PPO-LN-RegenReg,Hopper-v4,3
96209,reward,2619,61.869509988799734,53.33,PPO-LN-RegenReg,Hopper-v4,3
96239,reward,2620,45.850063624923486,53.465,PPO-LN-RegenReg,Hopper-v4,3
96286,reward,2621,42.78085511296526,52.881,PPO-LN-RegenReg,Hopper-v4,3
96340,reward,2622,38.173258996058,52.506,PPO-LN-RegenReg,Hopper-v4,3
96422,reward,2623,96.45853436000226,54.534,PPO-LN-RegenReg,Hopper-v4,3
96460,reward,2624,57.59597870787849,51.696,PPO-LN-RegenReg,Hopper-v4,3
96483,reward,2625,20.623254952482238,50.045,PPO-LN-RegenReg,Hopper-v4,3
96529,reward,2626,40.34696028542644,52.207,PPO-LN-RegenReg,Hopper-v4,3
96583,reward,2627,84.52915369575268,49.93,PPO-LN-RegenReg,Hopper-v4,3
96623,reward,2628,15.840275991534883,50.407,PPO-LN-RegenReg,Hopper-v4,3
96641,reward,2629,9.828231847604327,45.203,PPO-LN-RegenReg,Hopper-v4,3
96670,reward,2630,8.748357223920175,41.492,PPO-LN-RegenReg,Hopper-v4,3
96711,reward,2631,67.05476751252456,43.92,PPO-LN-RegenReg,Hopper-v4,3
96766,reward,2632,52.41627864102158,45.344,PPO-LN-RegenReg,Hopper-v4,3
96798,reward,2633,52.81835522503417,40.98,PPO-LN-RegenReg,Hopper-v4,3
96837,reward,2634,62.796127582157695,41.5,PPO-LN-RegenReg,Hopper-v4,3
96903,reward,2635,59.76493331847813,45.414,PPO-LN-RegenReg,Hopper-v4,3
96947,reward,2636,69.36269314090391,48.316,PPO-LN-RegenReg,Hopper-v4,3
97049,reward,2637,180.2796951879793,57.891,PPO-LN-RegenReg,Hopper-v4,3
97093,reward,2638,69.81129160719823,63.288,PPO-LN-RegenReg,Hopper-v4,3
97203,reward,2639,106.34942938660774,72.94,PPO-LN-RegenReg,Hopper-v4,3
97251,reward,2640,72.22816504432637,79.288,PPO-LN-RegenReg,Hopper-v4,3
97288,reward,2641,58.21068594730999,78.404,PPO-LN-RegenReg,Hopper-v4,3
97313,reward,2642,4.870100051935942,73.649,PPO-LN-RegenReg,Hopper-v4,3
97360,reward,2643,21.041464462050122,70.471,PPO-LN-RegenReg,Hopper-v4,3
97419,reward,2644,66.00387389312847,70.792,PPO-LN-RegenReg,Hopper-v4,3
97489,reward,2645,117.0950148846566,76.525,PPO-LN-RegenReg,Hopper-v4,3
97531,reward,2646,67.55284996522298,76.344,PPO-LN-RegenReg,Hopper-v4,3
97578,reward,2647,75.33972875510436,65.85,PPO-LN-RegenReg,Hopper-v4,3
97598,reward,2648,28.67702903290497,61.737,PPO-LN-RegenReg,Hopper-v4,3
97631,reward,2649,7.820662763934605,51.884,PPO-LN-RegenReg,Hopper-v4,3
97657,reward,2650,41.37236997436356,48.798,PPO-LN-RegenReg,Hopper-v4,3
97752,reward,2651,142.7042867045671,57.248,PPO-LN-RegenReg,Hopper-v4,3
97816,reward,2652,48.821204340509055,61.643,PPO-LN-RegenReg,Hopper-v4,3
97862,reward,2653,80.79404663243787,67.618,PPO-LN-RegenReg,Hopper-v4,3
97905,reward,2654,70.92211712779336,68.11,PPO-LN-RegenReg,Hopper-v4,3
97944,reward,2655,62.78584884757777,62.679,PPO-LN-RegenReg,Hopper-v4,3
97962,reward,2656,21.41153436892387,58.065,PPO-LN-RegenReg,Hopper-v4,3
98054,reward,2657,130.0353998476252,63.534,PPO-LN-RegenReg,Hopper-v4,3
98107,reward,2658,89.09132849322873,69.576,PPO-LN-RegenReg,Hopper-v4,3
98149,reward,2659,44.41226750416163,73.235,PPO-LN-RegenReg,Hopper-v4,3
98197,reward,2660,84.47467871031445,77.545,PPO-LN-RegenReg,Hopper-v4,3
98250,reward,2661,90.0478875078858,72.28,PPO-LN-RegenReg,Hopper-v4,3
98274,reward,2662,25.08005421209591,69.906,PPO-LN-RegenReg,Hopper-v4,3
98305,reward,2663,47.05975992300525,66.532,PPO-LN-RegenReg,Hopper-v4,3
98353,reward,2664,74.81749957247257,66.922,PPO-LN-RegenReg,Hopper-v4,3
98400,reward,2665,75.27240323137967,68.17,PPO-LN-RegenReg,Hopper-v4,3
98446,reward,2666,74.23809620834373,73.453,PPO-LN-RegenReg,Hopper-v4,3
98538,reward,2667,129.36481995671693,73.386,PPO-LN-RegenReg,Hopper-v4,3
98681,reward,2668,173.10501753394576,81.787,PPO-LN-RegenReg,Hopper-v4,3
98700,reward,2669,1.2034236763500075,77.466,PPO-LN-RegenReg,Hopper-v4,3
98791,reward,2670,141.99147780119256,83.218,PPO-LN-RegenReg,Hopper-v4,3
98848,reward,2671,92.55542696416637,83.469,PPO-LN-RegenReg,Hopper-v4,3
98952,reward,2672,156.7322823179317,96.634,PPO-LN-RegenReg,Hopper-v4,3
99086,reward,2673,184.98822925326883,110.427,PPO-LN-RegenReg,Hopper-v4,3
99144,reward,2674,85.87618674617073,111.533,PPO-LN-RegenReg,Hopper-v4,3
99329,reward,2675,410.59252409022383,145.065,PPO-LN-RegenReg,Hopper-v4,3
99373,reward,2676,70.787346302997,144.72,PPO-LN-RegenReg,Hopper-v4,3
99433,reward,2677,102.88590301749086,142.072,PPO-LN-RegenReg,Hopper-v4,3
99498,reward,2678,107.60353482516095,135.522,PPO-LN-RegenReg,Hopper-v4,3
99660,reward,2679,230.66847512742663,158.468,PPO-LN-RegenReg,Hopper-v4,3
99729,reward,2680,117.64735876456984,156.034,PPO-LN-RegenReg,Hopper-v4,3
99803,reward,2681,134.99966854721848,160.278,PPO-LN-RegenReg,Hopper-v4,3
99849,reward,2682,71.78026179064257,151.783,PPO-LN-RegenReg,Hopper-v4,3
99905,reward,2683,66.35821251529103,139.92,PPO-LN-RegenReg,Hopper-v4,3
100034,reward,2684,145.14987800325576,145.847,PPO-LN-RegenReg,Hopper-v4,3
100109,reward,2685,126.66557713537463,117.455,PPO-LN-RegenReg,Hopper-v4,3
100146,reward,2686,64.57418744493185,116.833,PPO-LN-RegenReg,Hopper-v4,3
100209,reward,2687,86.27669735898978,115.172,PPO-LN-RegenReg,Hopper-v4,3
100251,reward,2688,70.09769181342867,111.422,PPO-LN-RegenReg,Hopper-v4,3
100312,reward,2689,111.33783857915253,99.489,PPO-LN-RegenReg,Hopper-v4,3
100356,reward,2690,69.75103478055,94.699,PPO-LN-RegenReg,Hopper-v4,3
100445,reward,2691,98.5683267839833,91.056,PPO-LN-RegenReg,Hopper-v4,3
100570,reward,2692,121.31094164834384,96.009,PPO-LN-RegenReg,Hopper-v4,3
100614,reward,2693,70.40930949743287,96.414,PPO-LN-RegenReg,Hopper-v4,3
100664,reward,2694,83.8431034131484,90.283,PPO-LN-RegenReg,Hopper-v4,3
100712,reward,2695,74.86235440134972,85.103,PPO-LN-RegenReg,Hopper-v4,3
100782,reward,2696,121.58602961743303,90.804,PPO-LN-RegenReg,Hopper-v4,3
100926,reward,2697,351.5050977839899,117.327,PPO-LN-RegenReg,Hopper-v4,3
101048,reward,2698,153.97619404634207,125.715,PPO-LN-RegenReg,Hopper-v4,3
101126,reward,2699,84.45960952376448,123.027,PPO-LN-RegenReg,Hopper-v4,3
101170,reward,2700,67.856941535816,122.838,PPO-LN-RegenReg,Hopper-v4,3
101321,reward,2701,215.78110875247154,134.559,PPO-LN-RegenReg,Hopper-v4,3
101359,reward,2702,11.88452043033322,123.616,PPO-LN-RegenReg,Hopper-v4,3
101405,reward,2703,74.31274082454952,124.007,PPO-LN-RegenReg,Hopper-v4,3
101458,reward,2704,90.74902514089086,124.697,PPO-LN-RegenReg,Hopper-v4,3
101533,reward,2705,122.30342380658193,129.441,PPO-LN-RegenReg,Hopper-v4,3
101584,reward,2706,85.26182607686104,125.809,PPO-LN-RegenReg,Hopper-v4,3
101616,reward,2707,57.41022335325494,96.4,PPO-LN-RegenReg,Hopper-v4,3
101733,reward,2708,197.88340103676097,100.79,PPO-LN-RegenReg,Hopper-v4,3
101776,reward,2709,71.22483185154817,99.467,PPO-LN-RegenReg,Hopper-v4,3
101813,reward,2710,60.8236284402624,98.763,PPO-LN-RegenReg,Hopper-v4,3
101847,reward,2711,55.12713065306703,82.698,PPO-LN-RegenReg,Hopper-v4,3
101866,reward,2712,3.1238748726366574,81.822,PPO-LN-RegenReg,Hopper-v4,3
101981,reward,2713,186.40506627338365,93.031,PPO-LN-RegenReg,Hopper-v4,3
102001,reward,2714,2.8565302268706603,84.242,PPO-LN-RegenReg,Hopper-v4,3
102075,reward,2715,130.01901647259876,85.014,PPO-LN-RegenReg,Hopper-v4,3
102129,reward,2716,94.19132935550498,85.907,PPO-LN-RegenReg,Hopper-v4,3
102194,reward,2717,109.38726584031738,91.104,PPO-LN-RegenReg,Hopper-v4,3
102392,reward,2718,284.64414398616606,99.78,PPO-LN-RegenReg,Hopper-v4,3
102438,reward,2719,74.2863256651325,100.086,PPO-LN-RegenReg,Hopper-v4,3
102490,reward,2720,92.41843859690883,103.246,PPO-LN-RegenReg,Hopper-v4,3
102539,reward,2721,72.79966257676703,105.013,PPO-LN-RegenReg,Hopper-v4,3
102609,reward,2722,129.75589301058497,117.676,PPO-LN-RegenReg,Hopper-v4,3
102673,reward,2723,49.004023840750264,103.936,PPO-LN-RegenReg,Hopper-v4,3
102738,reward,2724,96.51662039067398,113.302,PPO-LN-RegenReg,Hopper-v4,3
102875,reward,2725,217.94529542807408,122.095,PPO-LN-RegenReg,Hopper-v4,3
102933,reward,2726,93.58830774478804,122.035,PPO-LN-RegenReg,Hopper-v4,3
102972,reward,2727,67.67590897653301,117.863,PPO-LN-RegenReg,Hopper-v4,3
102994,reward,2728,17.296904098441058,91.129,PPO-LN-RegenReg,Hopper-v4,3
103081,reward,2729,83.00871251219856,92.001,PPO-LN-RegenReg,Hopper-v4,3
103172,reward,2730,48.97337450366259,87.656,PPO-LN-RegenReg,Hopper-v4,3
103215,reward,2731,65.78499470805409,86.955,PPO-LN-RegenReg,Hopper-v4,3
103270,reward,2732,94.76005773229912,83.455,PPO-LN-RegenReg,Hopper-v4,3
103343,reward,2733,129.7632427148058,91.531,PPO-LN-RegenReg,Hopper-v4,3
103406,reward,2734,107.4191524612805,92.622,PPO-LN-RegenReg,Hopper-v4,3
103448,reward,2735,67.01222109123897,77.528,PPO-LN-RegenReg,Hopper-v4,3
103519,reward,2736,118.2362263939083,79.993,PPO-LN-RegenReg,Hopper-v4,3
103574,reward,2737,51.89750518421237,78.415,PPO-LN-RegenReg,Hopper-v4,3
103641,reward,2738,126.8658626837107,89.372,PPO-LN-RegenReg,Hopper-v4,3
103757,reward,2739,140.91112983013937,95.162,PPO-LN-RegenReg,Hopper-v4,3
103846,reward,2740,109.14691759330096,101.18,PPO-LN-RegenReg,Hopper-v4,3
103909,reward,2741,109.09815920542768,105.511,PPO-LN-RegenReg,Hopper-v4,3
103972,reward,2742,112.26922677242825,107.262,PPO-LN-RegenReg,Hopper-v4,3
104064,reward,2743,127.32097640283389,107.018,PPO-LN-RegenReg,Hopper-v4,3
104100,reward,2744,56.30996646002121,101.907,PPO-LN-RegenReg,Hopper-v4,3
104162,reward,2745,108.1984777880052,106.025,PPO-LN-RegenReg,Hopper-v4,3
104262,reward,2746,163.8893882538402,110.591,PPO-LN-RegenReg,Hopper-v4,3
104310,reward,2747,77.11814525210592,113.113,PPO-LN-RegenReg,Hopper-v4,3
104332,reward,2748,3.1456956831922334,100.741,PPO-LN-RegenReg,Hopper-v4,3
104379,reward,2749,78.16124790391791,94.466,PPO-LN-RegenReg,Hopper-v4,3
104435,reward,2750,48.41282645069121,88.392,PPO-LN-RegenReg,Hopper-v4,3
104475,reward,2751,41.60818167801721,81.643,PPO-LN-RegenReg,Hopper-v4,3
104544,reward,2752,115.58504164892385,81.975,PPO-LN-RegenReg,Hopper-v4,3
104587,reward,2753,63.23997040930981,75.567,PPO-LN-RegenReg,Hopper-v4,3
104657,reward,2754,107.14587415064662,80.65,PPO-LN-RegenReg,Hopper-v4,3
104751,reward,2755,129.58303807183512,82.789,PPO-LN-RegenReg,Hopper-v4,3
104800,reward,2756,83.9175105787236,74.792,PPO-LN-RegenReg,Hopper-v4,3
104875,reward,2757,118.99273442692407,78.979,PPO-LN-RegenReg,Hopper-v4,3
104925,reward,2758,58.56522745396403,84.521,PPO-LN-RegenReg,Hopper-v4,3
104974,reward,2759,85.47620925506524,85.253,PPO-LN-RegenReg,Hopper-v4,3
105044,reward,2760,119.35165902927363,92.347,PPO-LN-RegenReg,Hopper-v4,3
105073,reward,2761,50.049433110330206,93.191,PPO-LN-RegenReg,Hopper-v4,3
105108,reward,2762,56.82767366268033,87.315,PPO-LN-RegenReg,Hopper-v4,3
105178,reward,2763,131.8197203183751,94.173,PPO-LN-RegenReg,Hopper-v4,3
105253,reward,2764,124.88907122111489,95.947,PPO-LN-RegenReg,Hopper-v4,3
105310,reward,2765,97.93862337598259,92.783,PPO-LN-RegenReg,Hopper-v4,3
105351,reward,2766,69.89916992350372,91.381,PPO-LN-RegenReg,Hopper-v4,3
105459,reward,2767,149.03732327092945,94.385,PPO-LN-RegenReg,Hopper-v4,3
105554,reward,2768,166.69272386916828,105.198,PPO-LN-RegenReg,Hopper-v4,3
105601,reward,2769,77.12358426804806,104.363,PPO-LN-RegenReg,Hopper-v4,3
105645,reward,2770,72.08274628969914,99.636,PPO-LN-RegenReg,Hopper-v4,3
105770,reward,2771,227.902262693453,117.421,PPO-LN-RegenReg,Hopper-v4,3
105830,reward,2772,97.36268288429699,121.475,PPO-LN-RegenReg,Hopper-v4,3
105859,reward,2773,48.227495185684596,113.116,PPO-LN-RegenReg,Hopper-v4,3
105938,reward,2774,128.378710768595,113.465,PPO-LN-RegenReg,Hopper-v4,3
105979,reward,2775,62.7804481353479,109.949,PPO-LN-RegenReg,Hopper-v4,3
106028,reward,2776,84.72961102479026,111.432,PPO-LN-RegenReg,Hopper-v4,3
106098,reward,2777,113.53781903581446,107.882,PPO-LN-RegenReg,Hopper-v4,3
106158,reward,2778,56.66495575347463,96.879,PPO-LN-RegenReg,Hopper-v4,3
106250,reward,2779,148.60679969001467,104.027,PPO-LN-RegenReg,Hopper-v4,3
106291,reward,2780,64.04292835358788,103.223,PPO-LN-RegenReg,Hopper-v4,3
106334,reward,2781,67.81202678022373,87.214,PPO-LN-RegenReg,Hopper-v4,3
106402,reward,2782,42.087703982224994,81.687,PPO-LN-RegenReg,Hopper-v4,3
106433,reward,2783,7.752797883406759,77.639,PPO-LN-RegenReg,Hopper-v4,3
106494,reward,2784,108.25611525135037,75.627,PPO-LN-RegenReg,Hopper-v4,3
106604,reward,2785,131.737604211856,82.523,PPO-LN-RegenReg,Hopper-v4,3
106668,reward,2786,120.55924564610432,86.106,PPO-LN-RegenReg,Hopper-v4,3
106739,reward,2787,115.96233037934554,86.348,PPO-LN-RegenReg,Hopper-v4,3
106802,reward,2788,109.45028333407095,91.627,PPO-LN-RegenReg,Hopper-v4,3
106857,reward,2789,81.74656793868722,84.941,PPO-LN-RegenReg,Hopper-v4,3
106922,reward,2790,119.29242247934688,90.466,PPO-LN-RegenReg,Hopper-v4,3
106986,reward,2791,117.08665687804057,95.393,PPO-LN-RegenReg,Hopper-v4,3
107049,reward,2792,108.9218950394856,102.077,PPO-LN-RegenReg,Hopper-v4,3
107102,reward,2793,92.2302367525028,110.524,PPO-LN-RegenReg,Hopper-v4,3
107146,reward,2794,77.46738372537718,107.445,PPO-LN-RegenReg,Hopper-v4,3
107215,reward,2795,119.62639611206194,106.234,PPO-LN-RegenReg,Hopper-v4,3
107264,reward,2796,80.36552940457814,102.215,PPO-LN-RegenReg,Hopper-v4,3
107315,reward,2797,83.79705422898493,98.998,PPO-LN-RegenReg,Hopper-v4,3
107384,reward,2798,125.22680834449388,100.576,PPO-LN-RegenReg,Hopper-v4,3
107434,reward,2799,89.04191163661021,101.306,PPO-LN-RegenReg,Hopper-v4,3
107450,reward,2800,19.593827683890385,91.336,PPO-LN-RegenReg,Hopper-v4,3
107512,reward,2801,112.1132861584419,90.838,PPO-LN-RegenReg,Hopper-v4,3
107565,reward,2802,93.94238756074726,89.34,PPO-LN-RegenReg,Hopper-v4,3
107614,reward,2803,86.59911860666035,88.777,PPO-LN-RegenReg,Hopper-v4,3
107672,reward,2804,98.38267626084195,90.869,PPO-LN-RegenReg,Hopper-v4,3
107739,reward,2805,117.11845774657867,90.618,PPO-LN-RegenReg,Hopper-v4,3
107816,reward,2806,140.2312990250127,96.605,PPO-LN-RegenReg,Hopper-v4,3
107879,reward,2807,106.00118272830395,98.825,PPO-LN-RegenReg,Hopper-v4,3
107910,reward,2808,52.24657738310987,91.527,PPO-LN-RegenReg,Hopper-v4,3
107994,reward,2809,151.78324906213226,97.801,PPO-LN-RegenReg,Hopper-v4,3
108097,reward,2810,122.38363792586496,108.08,PPO-LN-RegenReg,Hopper-v4,3
108174,reward,2811,138.05768797400015,110.675,PPO-LN-RegenReg,Hopper-v4,3
108244,reward,2812,119.29505353550562,113.21,PPO-LN-RegenReg,Hopper-v4,3
108343,reward,2813,75.34995005560911,112.085,PPO-LN-RegenReg,Hopper-v4,3
108374,reward,2814,51.46619042328324,107.393,PPO-LN-RegenReg,Hopper-v4,3
108428,reward,2815,93.13812328445168,104.995,PPO-LN-RegenReg,Hopper-v4,3
108485,reward,2816,101.44611877466563,101.117,PPO-LN-RegenReg,Hopper-v4,3
108561,reward,2817,134.03079358081195,103.92,PPO-LN-RegenReg,Hopper-v4,3
108623,reward,2818,102.25431504801671,108.921,PPO-LN-RegenReg,Hopper-v4,3
108682,reward,2819,97.11141241169346,103.453,PPO-LN-RegenReg,Hopper-v4,3
108819,reward,2820,153.99620560643012,106.615,PPO-LN-RegenReg,Hopper-v4,3
108853,reward,2821,58.976054470876306,98.706,PPO-LN-RegenReg,Hopper-v4,3
108913,reward,2822,110.0571789491314,97.783,PPO-LN-RegenReg,Hopper-v4,3
108949,reward,2823,58.62003084304157,96.11,PPO-LN-RegenReg,Hopper-v4,3
109018,reward,2824,93.35059538140436,100.298,PPO-LN-RegenReg,Hopper-v4,3
109085,reward,2825,106.07227854137116,101.591,PPO-LN-RegenReg,Hopper-v4,3
109120,reward,2826,59.942689824644546,97.441,PPO-LN-RegenReg,Hopper-v4,3
109177,reward,2827,97.70807882453168,93.809,PPO-LN-RegenReg,Hopper-v4,3
109351,reward,2828,133.8196370203693,96.965,PPO-LN-RegenReg,Hopper-v4,3
109434,reward,2829,142.5864018865915,101.513,PPO-LN-RegenReg,Hopper-v4,3
109473,reward,2830,58.17033661703835,91.93,PPO-LN-RegenReg,Hopper-v4,3
109516,reward,2831,73.0809491837309,93.341,PPO-LN-RegenReg,Hopper-v4,3
109576,reward,2832,109.85724191200644,93.321,PPO-LN-RegenReg,Hopper-v4,3
109612,reward,2833,60.11374179473356,93.47,PPO-LN-RegenReg,Hopper-v4,3
109699,reward,2834,135.7678762775568,97.712,PPO-LN-RegenReg,Hopper-v4,3
109755,reward,2835,90.6963389116982,96.174,PPO-LN-RegenReg,Hopper-v4,3
109870,reward,2836,152.00740260373414,105.381,PPO-LN-RegenReg,Hopper-v4,3
109935,reward,2837,106.69486200508382,106.279,PPO-LN-RegenReg,Hopper-v4,3
109997,reward,2838,107.38919395437723,103.636,PPO-LN-RegenReg,Hopper-v4,3
110098,reward,2839,89.96179067252996,98.374,PPO-LN-RegenReg,Hopper-v4,3
110164,reward,2840,116.10894820987113,104.168,PPO-LN-RegenReg,Hopper-v4,3
110271,reward,2841,194.61860885559005,116.322,PPO-LN-RegenReg,Hopper-v4,3
110335,reward,2842,108.30573008744561,116.166,PPO-LN-RegenReg,Hopper-v4,3
110403,reward,2843,116.79628733417584,121.835,PPO-LN-RegenReg,Hopper-v4,3
110444,reward,2844,72.76025912619208,115.534,PPO-LN-RegenReg,Hopper-v4,3
110557,reward,2845,169.92106117152798,123.456,PPO-LN-RegenReg,Hopper-v4,3
110607,reward,2846,47.92532767612194,113.048,PPO-LN-RegenReg,Hopper-v4,3
110648,reward,2847,69.35922552753955,109.315,PPO-LN-RegenReg,Hopper-v4,3
110684,reward,2848,61.898819336615674,104.766,PPO-LN-RegenReg,Hopper-v4,3
110782,reward,2849,165.5874541561892,112.328,PPO-LN-RegenReg,Hopper-v4,3
110851,reward,2850,116.77526887019076,112.395,PPO-LN-RegenReg,Hopper-v4,3
110966,reward,2851,80.2427243626601,100.957,PPO-LN-RegenReg,Hopper-v4,3
111028,reward,2852,102.03485370511453,100.33,PPO-LN-RegenReg,Hopper-v4,3
111103,reward,2853,135.3355194375691,102.184,PPO-LN-RegenReg,Hopper-v4,3
111182,reward,2854,120.99990980036951,107.008,PPO-LN-RegenReg,Hopper-v4,3
111273,reward,2855,174.04241149650107,107.42,PPO-LN-RegenReg,Hopper-v4,3
111343,reward,2856,121.9631913744228,114.824,PPO-LN-RegenReg,Hopper-v4,3
111378,reward,2857,62.25972817826296,114.114,PPO-LN-RegenReg,Hopper-v4,3
111445,reward,2858,113.75553924688498,119.3,PPO-LN-RegenReg,Hopper-v4,3
111515,reward,2859,113.42501291668705,114.083,PPO-LN-RegenReg,Hopper-v4,3
111560,reward,2860,81.02240734214595,110.508,PPO-LN-RegenReg,Hopper-v4,3
111588,reward,2861,48.80907650307477,107.365,PPO-LN-RegenReg,Hopper-v4,3
111658,reward,2862,112.97115717977596,108.458,PPO-LN-RegenReg,Hopper-v4,3
111719,reward,2863,83.89062316898115,103.314,PPO-LN-RegenReg,Hopper-v4,3
111748,reward,2864,49.04231213221367,96.118,PPO-LN-RegenReg,Hopper-v4,3
111846,reward,2865,153.83188157905386,94.097,PPO-LN-RegenReg,Hopper-v4,3
111924,reward,2866,145.0505428283747,96.406,PPO-LN-RegenReg,Hopper-v4,3
112102,reward,2867,227.2278301526249,112.903,PPO-LN-RegenReg,Hopper-v4,3
112177,reward,2868,130.81771489502358,114.609,PPO-LN-RegenReg,Hopper-v4,3
112233,reward,2869,98.85620565613634,113.152,PPO-LN-RegenReg,Hopper-v4,3
112307,reward,2870,127.556533472024,117.805,PPO-LN-RegenReg,Hopper-v4,3
112455,reward,2871,195.45804223011254,132.47,PPO-LN-RegenReg,Hopper-v4,3
112513,reward,2872,92.69528488883388,130.443,PPO-LN-RegenReg,Hopper-v4,3
112566,reward,2873,91.69012274013036,131.223,PPO-LN-RegenReg,Hopper-v4,3
112616,reward,2874,85.66550191278773,134.885,PPO-LN-RegenReg,Hopper-v4,3
112673,reward,2875,103.11329914388124,129.813,PPO-LN-RegenReg,Hopper-v4,3
112743,reward,2876,116.40675764248613,126.949,PPO-LN-RegenReg,Hopper-v4,3
112861,reward,2877,148.53589722733975,119.08,PPO-LN-RegenReg,Hopper-v4,3
112930,reward,2878,129.7764283898185,118.975,PPO-LN-RegenReg,Hopper-v4,3
113011,reward,2879,154.08672515126648,124.498,PPO-LN-RegenReg,Hopper-v4,3
113068,reward,2880,86.84541815358128,120.427,PPO-LN-RegenReg,Hopper-v4,3
113125,reward,2881,96.83203829510614,110.565,PPO-LN-RegenReg,Hopper-v4,3
113202,reward,2882,119.43552822439601,113.239,PPO-LN-RegenReg,Hopper-v4,3
113230,reward,2883,47.995214517162154,108.869,PPO-LN-RegenReg,Hopper-v4,3
113261,reward,2884,53.41179020387077,105.644,PPO-LN-RegenReg,Hopper-v4,3
113333,reward,2885,121.95383611824299,107.528,PPO-LN-RegenReg,Hopper-v4,3
113393,reward,2886,110.57846802352505,106.945,PPO-LN-RegenReg,Hopper-v4,3
113434,reward,2887,69.50637971108333,99.042,PPO-LN-RegenReg,Hopper-v4,3
113523,reward,2888,132.20651883203928,99.285,PPO-LN-RegenReg,Hopper-v4,3
113588,reward,2889,113.648195048845,95.241,PPO-LN-RegenReg,Hopper-v4,3
113623,reward,2890,61.05480126256113,92.662,PPO-LN-RegenReg,Hopper-v4,3
113774,reward,2891,172.80644068450877,100.26,PPO-LN-RegenReg,Hopper-v4,3
113833,reward,2892,103.9772660428733,98.714,PPO-LN-RegenReg,Hopper-v4,3
113861,reward,2893,46.92687243129865,98.607,PPO-LN-RegenReg,Hopper-v4,3
113916,reward,2894,92.28167867311892,102.494,PPO-LN-RegenReg,Hopper-v4,3
113943,reward,2895,44.713412922356724,94.77,PPO-LN-RegenReg,Hopper-v4,3
114002,reward,2896,106.71900803040957,94.384,PPO-LN-RegenReg,Hopper-v4,3
114085,reward,2897,149.18026948273987,102.351,PPO-LN-RegenReg,Hopper-v4,3
114149,reward,2898,103.48314160160672,99.479,PPO-LN-RegenReg,Hopper-v4,3
114288,reward,2899,149.50628774402946,103.065,PPO-LN-RegenReg,Hopper-v4,3
114331,reward,2900,71.8155214059863,104.141,PPO-LN-RegenReg,Hopper-v4,3
114376,reward,2901,66.0559798843262,93.466,PPO-LN-RegenReg,Hopper-v4,3
114440,reward,2902,110.57205490064729,94.125,PPO-LN-RegenReg,Hopper-v4,3
114490,reward,2903,86.51434482303121,98.084,PPO-LN-RegenReg,Hopper-v4,3
114511,reward,2904,27.608421524102408,91.617,PPO-LN-RegenReg,Hopper-v4,3
114576,reward,2905,55.450333397207686,92.691,PPO-LN-RegenReg,Hopper-v4,3
114667,reward,2906,124.7722278341064,94.496,PPO-LN-RegenReg,Hopper-v4,3
114720,reward,2907,87.7764796420686,88.355,PPO-LN-RegenReg,Hopper-v4,3
114774,reward,2908,90.06068985767389,87.013,PPO-LN-RegenReg,Hopper-v4,3
114855,reward,2909,135.971594823245,85.66,PPO-LN-RegenReg,Hopper-v4,3
114918,reward,2910,107.30372244828463,89.209,PPO-LN-RegenReg,Hopper-v4,3
115073,reward,2911,185.1695192209571,101.12,PPO-LN-RegenReg,Hopper-v4,3
115104,reward,2912,52.628042052920065,95.326,PPO-LN-RegenReg,Hopper-v4,3
115149,reward,2913,36.239161108572624,90.298,PPO-LN-RegenReg,Hopper-v4,3
115256,reward,2914,195.09006674407186,107.046,PPO-LN-RegenReg,Hopper-v4,3
115288,reward,2915,55.32760775576848,107.034,PPO-LN-RegenReg,Hopper-v4,3
115316,reward,2916,46.25634575983483,99.182,PPO-LN-RegenReg,Hopper-v4,3
115346,reward,2917,51.52928967347055,95.558,PPO-LN-RegenReg,Hopper-v4,3
115392,reward,2918,73.74074086902084,93.926,PPO-LN-RegenReg,Hopper-v4,3
115432,reward,2919,67.03423939178109,87.032,PPO-LN-RegenReg,Hopper-v4,3
115497,reward,2920,104.34062358622482,86.736,PPO-LN-RegenReg,Hopper-v4,3
115530,reward,2921,57.05830055956757,73.924,PPO-LN-RegenReg,Hopper-v4,3
115609,reward,2922,36.92391551711033,72.354,PPO-LN-RegenReg,Hopper-v4,3
115653,reward,2923,73.151531376923,76.045,PPO-LN-RegenReg,Hopper-v4,3
115711,reward,2924,96.85074563936915,66.221,PPO-LN-RegenReg,Hopper-v4,3
115757,reward,2925,76.1328326429557,68.302,PPO-LN-RegenReg,Hopper-v4,3
115802,reward,2926,78.04323824933087,71.481,PPO-LN-RegenReg,Hopper-v4,3
115888,reward,2927,152.17654023445968,81.545,PPO-LN-RegenReg,Hopper-v4,3
115951,reward,2928,37.23027897985706,77.894,PPO-LN-RegenReg,Hopper-v4,3
116012,reward,2929,109.19287443197176,82.11,PPO-LN-RegenReg,Hopper-v4,3
116047,reward,2930,58.703802908787104,77.546,PPO-LN-RegenReg,Hopper-v4,3
116118,reward,2931,120.69362708863976,83.91,PPO-LN-RegenReg,Hopper-v4,3
116236,reward,2932,143.2905403999808,94.547,PPO-LN-RegenReg,Hopper-v4,3
116279,reward,2933,68.40525461249634,94.072,PPO-LN-RegenReg,Hopper-v4,3
116326,reward,2934,81.66623790915057,92.554,PPO-LN-RegenReg,Hopper-v4,3
116394,reward,2935,112.11147800460645,96.151,PPO-LN-RegenReg,Hopper-v4,3
116471,reward,2936,32.31948976327691,91.579,PPO-LN-RegenReg,Hopper-v4,3
116537,reward,2937,112.756348910833,87.637,PPO-LN-RegenReg,Hopper-v4,3
116594,reward,2938,99.35582601540786,93.85,PPO-LN-RegenReg,Hopper-v4,3
116633,reward,2939,66.69923497013482,89.6,PPO-LN-RegenReg,Hopper-v4,3
116676,reward,2940,71.31272014628577,90.861,PPO-LN-RegenReg,Hopper-v4,3
116799,reward,2941,192.02813674989264,97.995,PPO-LN-RegenReg,Hopper-v4,3
116853,reward,2942,100.04377332986971,93.67,PPO-LN-RegenReg,Hopper-v4,3
116914,reward,2943,103.19624896398248,97.149,PPO-LN-RegenReg,Hopper-v4,3
116960,reward,2944,79.4519057091708,96.928,PPO-LN-RegenReg,Hopper-v4,3
116998,reward,2945,65.67310145662569,92.284,PPO-LN-RegenReg,Hopper-v4,3
117041,reward,2946,75.82674317884099,96.634,PPO-LN-RegenReg,Hopper-v4,3
117110,reward,2947,116.63609499331318,97.022,PPO-LN-RegenReg,Hopper-v4,3
117210,reward,2948,146.80790691490915,101.768,PPO-LN-RegenReg,Hopper-v4,3
117231,reward,2949,3.7210649234902524,95.47,PPO-LN-RegenReg,Hopper-v4,3
117267,reward,2950,63.90129243997464,94.729,PPO-LN-RegenReg,Hopper-v4,3
117315,reward,2951,81.17443102736966,83.643,PPO-LN-RegenReg,Hopper-v4,3
117356,reward,2952,69.33606534940257,80.572,PPO-LN-RegenReg,Hopper-v4,3
117463,reward,2953,141.63602044791566,84.416,PPO-LN-RegenReg,Hopper-v4,3
117532,reward,2954,123.06827995440196,88.778,PPO-LN-RegenReg,Hopper-v4,3
117571,reward,2955,63.74447699403916,88.585,PPO-LN-RegenReg,Hopper-v4,3
117625,reward,2956,87.61511755071919,89.764,PPO-LN-RegenReg,Hopper-v4,3
117656,reward,2957,51.20167754947483,83.221,PPO-LN-RegenReg,Hopper-v4,3
117725,reward,2958,116.42340857953437,80.182,PPO-LN-RegenReg,Hopper-v4,3
117761,reward,2959,62.690378390609446,86.079,PPO-LN-RegenReg,Hopper-v4,3
117816,reward,2960,92.76000113797782,88.965,PPO-LN-RegenReg,Hopper-v4,3
117851,reward,2961,61.03303815890446,86.951,PPO-LN-RegenReg,Hopper-v4,3
117904,reward,2962,92.34689535633257,89.252,PPO-LN-RegenReg,Hopper-v4,3
117983,reward,2963,110.65331182718916,86.154,PPO-LN-RegenReg,Hopper-v4,3
118169,reward,2964,245.59050805053155,98.406,PPO-LN-RegenReg,Hopper-v4,3
118190,reward,2965,36.32601543528986,95.664,PPO-LN-RegenReg,Hopper-v4,3
118224,reward,2966,58.62743158242749,92.765,PPO-LN-RegenReg,Hopper-v4,3
118397,reward,2967,225.1907900180213,110.164,PPO-LN-RegenReg,Hopper-v4,3
118461,reward,2968,32.04071113944718,101.726,PPO-LN-RegenReg,Hopper-v4,3
118484,reward,2969,1.9244092169551488,95.649,PPO-LN-RegenReg,Hopper-v4,3
118532,reward,2970,36.19314319523593,89.993,PPO-LN-RegenReg,Hopper-v4,3
118596,reward,2971,103.69545954326468,94.259,PPO-LN-RegenReg,Hopper-v4,3
118627,reward,2972,54.144233010112,90.439,PPO-LN-RegenReg,Hopper-v4,3
118664,reward,2973,60.83806296860423,85.457,PPO-LN-RegenReg,Hopper-v4,3
118692,reward,2974,48.84583396790139,65.783,PPO-LN-RegenReg,Hopper-v4,3
118724,reward,2975,55.310568260677506,67.681,PPO-LN-RegenReg,Hopper-v4,3
118792,reward,2976,115.08526039987787,73.327,PPO-LN-RegenReg,Hopper-v4,3
118833,reward,2977,68.2214401905085,57.63,PPO-LN-RegenReg,Hopper-v4,3
118871,reward,2978,65.99067067904787,61.025,PPO-LN-RegenReg,Hopper-v4,3
118941,reward,2979,114.80944735728,72.313,PPO-LN-RegenReg,Hopper-v4,3
119018,reward,2980,122.14126259538914,80.908,PPO-LN-RegenReg,Hopper-v4,3
119084,reward,2981,118.03299083238835,82.342,PPO-LN-RegenReg,Hopper-v4,3
119151,reward,2982,122.29592561340398,89.157,PPO-LN-RegenReg,Hopper-v4,3
119213,reward,2983,103.79354333407375,93.453,PPO-LN-RegenReg,Hopper-v4,3
119291,reward,2984,143.13185948713726,102.881,PPO-LN-RegenReg,Hopper-v4,3
119327,reward,2985,60.29255849097424,103.379,PPO-LN-RegenReg,Hopper-v4,3
119367,reward,2986,65.80798125489001,98.452,PPO-LN-RegenReg,Hopper-v4,3
119418,reward,2987,85.38620791019453,100.168,PPO-LN-RegenReg,Hopper-v4,3
119484,reward,2988,111.74598715568669,104.744,PPO-LN-RegenReg,Hopper-v4,3
119525,reward,2989,71.82364857482891,100.445,PPO-LN-RegenReg,Hopper-v4,3
119559,reward,2990,58.62480637867429,94.094,PPO-LN-RegenReg,Hopper-v4,3
119627,reward,2991,119.38413148333566,94.229,PPO-LN-RegenReg,Hopper-v4,3
119676,reward,2992,83.43843356839045,90.343,PPO-LN-RegenReg,Hopper-v4,3
119821,reward,2993,94.29726541657193,89.393,PPO-LN-RegenReg,Hopper-v4,3
119886,reward,2994,111.21768490659264,86.202,PPO-LN-RegenReg,Hopper-v4,3
119937,reward,2995,35.11724684065668,83.684,PPO-LN-RegenReg,Hopper-v4,3
119992,reward,2996,94.52313418934989,86.556,PPO-LN-RegenReg,Hopper-v4,3
120028,reward,2997,63.884117154913966,84.406,PPO-LN-RegenReg,Hopper-v4,3
120092,reward,2998,112.65453501055084,84.497,PPO-LN-RegenReg,Hopper-v4,3
120145,reward,2999,90.90326401072834,86.404,PPO-LN-RegenReg,Hopper-v4,3
120174,reward,3000,51.17698831324861,85.66,PPO-LN-RegenReg,Hopper-v4,3
120295,reward,3001,166.9400058101635,90.415,PPO-LN-RegenReg,Hopper-v4,3
120366,reward,3002,125.67658664692703,94.639,PPO-LN-RegenReg,Hopper-v4,3
120438,reward,3003,122.36638922518085,97.446,PPO-LN-RegenReg,Hopper-v4,3
120503,reward,3004,106.86270814221521,97.01,PPO-LN-RegenReg,Hopper-v4,3
120624,reward,3005,153.41180111693217,108.84,PPO-LN-RegenReg,Hopper-v4,3
120794,reward,3006,281.9873747247121,127.586,PPO-LN-RegenReg,Hopper-v4,3
120854,reward,3007,100.89257927465354,131.287,PPO-LN-RegenReg,Hopper-v4,3
120881,reward,3008,46.67981618423289,124.69,PPO-LN-RegenReg,Hopper-v4,3
120921,reward,3009,68.99536121407796,122.499,PPO-LN-RegenReg,Hopper-v4,3
120978,reward,3010,95.69459612929303,126.951,PPO-LN-RegenReg,Hopper-v4,3
121048,reward,3011,116.68926453817508,121.926,PPO-LN-RegenReg,Hopper-v4,3
121101,reward,3012,87.98839732635614,118.157,PPO-LN-RegenReg,Hopper-v4,3
121204,reward,3013,155.5501014988625,121.475,PPO-LN-RegenReg,Hopper-v4,3
121238,reward,3014,57.395188526185514,116.528,PPO-LN-RegenReg,Hopper-v4,3
121264,reward,3015,44.1183282076436,105.599,PPO-LN-RegenReg,Hopper-v4,3
121399,reward,3016,251.27961322920208,102.528,PPO-LN-RegenReg,Hopper-v4,3
121440,reward,3017,65.0361739237413,98.943,PPO-LN-RegenReg,Hopper-v4,3
121491,reward,3018,83.05178726491314,102.58,PPO-LN-RegenReg,Hopper-v4,3
121558,reward,3019,121.63389160525621,107.844,PPO-LN-RegenReg,Hopper-v4,3
121706,reward,3020,259.34403339359324,124.209,PPO-LN-RegenReg,Hopper-v4,3
121823,reward,3021,142.70932776990898,126.811,PPO-LN-RegenReg,Hopper-v4,3
121883,reward,3022,103.91311660433912,128.403,PPO-LN-RegenReg,Hopper-v4,3
121935,reward,3023,75.70546520148898,120.419,PPO-LN-RegenReg,Hopper-v4,3
121973,reward,3024,63.010280992981535,120.98,PPO-LN-RegenReg,Hopper-v4,3
122130,reward,3025,210.11718939828904,137.58,PPO-LN-RegenReg,Hopper-v4,3
122171,reward,3026,69.95821409431787,119.448,PPO-LN-RegenReg,Hopper-v4,3
122239,reward,3027,117.8741690495326,124.732,PPO-LN-RegenReg,Hopper-v4,3
122300,reward,3028,105.13765948063423,126.94,PPO-LN-RegenReg,Hopper-v4,3
122358,reward,3029,92.34135704009665,124.011,PPO-LN-RegenReg,Hopper-v4,3
122410,reward,3030,84.28080785740984,106.505,PPO-LN-RegenReg,Hopper-v4,3
122488,reward,3031,148.67206284159312,107.101,PPO-LN-RegenReg,Hopper-v4,3
122526,reward,3032,64.70598095731195,103.18,PPO-LN-RegenReg,Hopper-v4,3
122560,reward,3033,57.05337831496196,101.315,PPO-LN-RegenReg,Hopper-v4,3
122605,reward,3034,70.96116813453473,102.11,PPO-LN-RegenReg,Hopper-v4,3
122665,reward,3035,103.39885073863451,91.438,PPO-LN-RegenReg,Hopper-v4,3
122704,reward,3036,66.97963989814976,91.141,PPO-LN-RegenReg,Hopper-v4,3
122746,reward,3037,67.40245232675423,86.093,PPO-LN-RegenReg,Hopper-v4,3
122822,reward,3038,131.32524357390423,88.712,PPO-LN-RegenReg,Hopper-v4,3
122869,reward,3039,79.09440093133803,87.387,PPO-LN-RegenReg,Hopper-v4,3
122922,reward,3040,38.28744925587497,82.788,PPO-LN-RegenReg,Hopper-v4,3
122960,reward,3041,64.8022575488326,74.401,PPO-LN-RegenReg,Hopper-v4,3
123013,reward,3042,83.47779834600398,76.278,PPO-LN-RegenReg,Hopper-v4,3
123085,reward,3043,122.47937627958359,82.821,PPO-LN-RegenReg,Hopper-v4,3
123232,reward,3044,136.70069984623146,89.395,PPO-LN-RegenReg,Hopper-v4,3
123449,reward,3045,263.66067912024516,105.421,PPO-LN-RegenReg,Hopper-v4,3
123648,reward,3046,216.76763458557016,120.4,PPO-LN-RegenReg,Hopper-v4,3
123682,reward,3047,10.634050237588982,114.723,PPO-LN-RegenReg,Hopper-v4,3
123770,reward,3048,158.8086047080231,117.471,PPO-LN-RegenReg,Hopper-v4,3
123949,reward,3049,222.40098474306444,131.802,PPO-LN-RegenReg,Hopper-v4,3
124105,reward,3050,197.64359149250714,147.738,PPO-LN-RegenReg,Hopper-v4,3
124163,reward,3051,98.22287621794558,151.08,PPO-LN-RegenReg,Hopper-v4,3
124232,reward,3052,106.38599819683115,153.37,PPO-LN-RegenReg,Hopper-v4,3
124390,reward,3053,209.39485432108734,162.062,PPO-LN-RegenReg,Hopper-v4,3
124480,reward,3054,176.68179698068087,166.06,PPO-LN-RegenReg,Hopper-v4,3
124588,reward,3055,152.15597333753075,154.91,PPO-LN-RegenReg,Hopper-v4,3
124696,reward,3056,126.79196602145274,145.912,PPO-LN-RegenReg,Hopper-v4,3
124751,reward,3057,92.38702183678674,154.087,PPO-LN-RegenReg,Hopper-v4,3
124812,reward,3058,98.7742323527651,148.084,PPO-LN-RegenReg,Hopper-v4,3
124939,reward,3059,139.36459485981646,139.78,PPO-LN-RegenReg,Hopper-v4,3
125117,reward,3060,293.9546252973915,149.411,PPO-LN-RegenReg,Hopper-v4,3
125157,reward,3061,68.51444149171527,146.441,PPO-LN-RegenReg,Hopper-v4,3
125272,reward,3062,196.7184428254249,155.474,PPO-LN-RegenReg,Hopper-v4,3
125434,reward,3063,364.09365866935735,170.944,PPO-LN-RegenReg,Hopper-v4,3
125500,reward,3064,108.31688212239922,164.107,PPO-LN-RegenReg,Hopper-v4,3
125586,reward,3065,154.21052043173853,164.313,PPO-LN-RegenReg,Hopper-v4,3
125625,reward,3066,65.63430998755133,158.197,PPO-LN-RegenReg,Hopper-v4,3
125847,reward,3067,256.64970898711124,174.623,PPO-LN-RegenReg,Hopper-v4,3
125886,reward,3068,55.67082604433595,170.313,PPO-LN-RegenReg,Hopper-v4,3
125948,reward,3069,111.00165618086332,167.477,PPO-LN-RegenReg,Hopper-v4,3
126040,reward,3070,131.8829569831573,151.269,PPO-LN-RegenReg,Hopper-v4,3
126081,reward,3071,62.24673312710664,150.643,PPO-LN-RegenReg,Hopper-v4,3
126148,reward,3072,103.72812610468003,141.344,PPO-LN-RegenReg,Hopper-v4,3
126215,reward,3073,104.76769783710348,115.411,PPO-LN-RegenReg,Hopper-v4,3
126264,reward,3074,82.1898082266859,112.798,PPO-LN-RegenReg,Hopper-v4,3
126335,reward,3075,121.91358302318757,109.569,PPO-LN-RegenReg,Hopper-v4,3
126433,reward,3076,132.9362348634813,116.299,PPO-LN-RegenReg,Hopper-v4,3
126491,reward,3077,87.76691742882235,99.41,PPO-LN-RegenReg,Hopper-v4,3
126539,reward,3078,69.2082827359661,100.764,PPO-LN-RegenReg,Hopper-v4,3
126662,reward,3079,201.1108457604039,109.775,PPO-LN-RegenReg,Hopper-v4,3
126722,reward,3080,104.23825441287917,107.011,PPO-LN-RegenReg,Hopper-v4,3
126824,reward,3081,172.33821265517741,118.02,PPO-LN-RegenReg,Hopper-v4,3
127046,reward,3082,341.3362408704348,141.781,PPO-LN-RegenReg,Hopper-v4,3
127113,reward,3083,114.6026082684736,142.764,PPO-LN-RegenReg,Hopper-v4,3
127189,reward,3084,120.77273438724269,146.622,PPO-LN-RegenReg,Hopper-v4,3
127314,reward,3085,218.61194640517806,156.292,PPO-LN-RegenReg,Hopper-v4,3
127430,reward,3086,157.61117282438295,158.76,PPO-LN-RegenReg,Hopper-v4,3
127626,reward,3087,218.07447690854133,171.79,PPO-LN-RegenReg,Hopper-v4,3
127680,reward,3088,97.73268424653068,174.643,PPO-LN-RegenReg,Hopper-v4,3
127714,reward,3089,58.25438822603144,160.357,PPO-LN-RegenReg,Hopper-v4,3
127774,reward,3090,105.95046506850323,160.528,PPO-LN-RegenReg,Hopper-v4,3
127931,reward,3091,383.81693285297,181.676,PPO-LN-RegenReg,Hopper-v4,3
127962,reward,3092,55.12263669179779,153.055,PPO-LN-RegenReg,Hopper-v4,3
128043,reward,3093,131.62372066953526,154.757,PPO-LN-RegenReg,Hopper-v4,3
128083,reward,3094,60.18645001906704,148.698,PPO-LN-RegenReg,Hopper-v4,3
128269,reward,3095,203.21261967705436,147.159,PPO-LN-RegenReg,Hopper-v4,3
128377,reward,3096,136.34400268575874,145.032,PPO-LN-RegenReg,Hopper-v4,3
128553,reward,3097,265.3647678183921,149.761,PPO-LN-RegenReg,Hopper-v4,3
128596,reward,3098,74.262005284883,147.414,PPO-LN-RegenReg,Hopper-v4,3
128754,reward,3099,236.99021746413476,165.287,PPO-LN-RegenReg,Hopper-v4,3
128809,reward,3100,97.85774245641167,164.478,PPO-LN-RegenReg,Hopper-v4,3
128861,reward,3101,91.99430150758563,135.296,PPO-LN-RegenReg,Hopper-v4,3
129003,reward,3102,232.2082778851318,153.004,PPO-LN-RegenReg,Hopper-v4,3
129059,reward,3103,96.70208750919429,149.512,PPO-LN-RegenReg,Hopper-v4,3
129230,reward,3104,186.7169704499424,162.165,PPO-LN-RegenReg,Hopper-v4,3
129297,reward,3105,108.31228728330497,152.675,PPO-LN-RegenReg,Hopper-v4,3
129448,reward,3106,248.54368209677355,163.895,PPO-LN-RegenReg,Hopper-v4,3
129583,reward,3107,196.26972118155413,156.986,PPO-LN-RegenReg,Hopper-v4,3
129649,reward,3108,104.26442753241905,159.986,PPO-LN-RegenReg,Hopper-v4,3
129721,reward,3109,138.2946490591892,150.116,PPO-LN-RegenReg,Hopper-v4,3
129762,reward,3110,70.85327623713496,147.416,PPO-LN-RegenReg,Hopper-v4,3
129797,reward,3111,57.57126108293259,143.974,PPO-LN-RegenReg,Hopper-v4,3
129857,reward,3112,101.40558152762871,130.893,PPO-LN-RegenReg,Hopper-v4,3
129923,reward,3113,111.33340217169633,132.357,PPO-LN-RegenReg,Hopper-v4,3
130010,reward,3114,163.1151513192635,129.996,PPO-LN-RegenReg,Hopper-v4,3
130045,reward,3115,52.37835778934638,124.403,PPO-LN-RegenReg,Hopper-v4,3
130146,reward,3116,178.42618233767038,117.391,PPO-LN-RegenReg,Hopper-v4,3
130229,reward,3117,146.64547775149353,112.429,PPO-LN-RegenReg,Hopper-v4,3
130277,reward,3118,88.53487918742167,110.856,PPO-LN-RegenReg,Hopper-v4,3
130314,reward,3119,56.190708489269575,102.645,PPO-LN-RegenReg,Hopper-v4,3
130390,reward,3120,132.37026223202977,108.797,PPO-LN-RegenReg,Hopper-v4,3
130462,reward,3121,131.7794380966917,116.218,PPO-LN-RegenReg,Hopper-v4,3
130530,reward,3122,62.44925117827026,112.322,PPO-LN-RegenReg,Hopper-v4,3
130591,reward,3123,95.03052809228728,110.692,PPO-LN-RegenReg,Hopper-v4,3
130655,reward,3124,114.99222655561042,105.88,PPO-LN-RegenReg,Hopper-v4,3
130738,reward,3125,116.26646097588794,112.269,PPO-LN-RegenReg,Hopper-v4,3
130805,reward,3126,111.71517569757687,105.597,PPO-LN-RegenReg,Hopper-v4,3
130875,reward,3127,110.50749107925552,101.984,PPO-LN-RegenReg,Hopper-v4,3
130968,reward,3128,204.2897682013527,113.559,PPO-LN-RegenReg,Hopper-v4,3
131040,reward,3129,127.6859371146637,120.709,PPO-LN-RegenReg,Hopper-v4,3
131105,reward,3130,105.46803586025706,118.018,PPO-LN-RegenReg,Hopper-v4,3
131151,reward,3131,80.25772369864787,112.866,PPO-LN-RegenReg,Hopper-v4,3
131216,reward,3132,105.27527206367908,117.149,PPO-LN-RegenReg,Hopper-v4,3
131261,reward,3133,75.81702772689891,115.228,PPO-LN-RegenReg,Hopper-v4,3
131301,reward,3134,71.72095495986288,110.9,PPO-LN-RegenReg,Hopper-v4,3
131461,reward,3135,278.45827391809723,127.12,PPO-LN-RegenReg,Hopper-v4,3
131628,reward,3136,320.0315895997038,147.951,PPO-LN-RegenReg,Hopper-v4,3
131658,reward,3137,47.59451121959837,141.66,PPO-LN-RegenReg,Hopper-v4,3
131718,reward,3138,46.851949760783526,125.916,PPO-LN-RegenReg,Hopper-v4,3
131864,reward,3139,314.1313942948231,144.561,PPO-LN-RegenReg,Hopper-v4,3
131900,reward,3140,64.61547487867895,140.475,PPO-LN-RegenReg,Hopper-v4,3
131979,reward,3141,129.93128049539303,145.443,PPO-LN-RegenReg,Hopper-v4,3
132092,reward,3142,96.17905586846763,144.533,PPO-LN-RegenReg,Hopper-v4,3
132216,reward,3143,169.87370670321002,153.939,PPO-LN-RegenReg,Hopper-v4,3
132469,reward,3144,344.22993692039074,181.19,PPO-LN-RegenReg,Hopper-v4,3
132507,reward,3145,67.79851342274209,160.124,PPO-LN-RegenReg,Hopper-v4,3
132579,reward,3146,123.4651642797847,140.467,PPO-LN-RegenReg,Hopper-v4,3
132728,reward,3147,239.4411986632157,159.652,PPO-LN-RegenReg,Hopper-v4,3
132776,reward,3148,81.45499147381315,163.112,PPO-LN-RegenReg,Hopper-v4,3
132871,reward,3149,151.84230625418954,146.883,PPO-LN-RegenReg,Hopper-v4,3
133101,reward,3150,301.6884847135563,170.59,PPO-LN-RegenReg,Hopper-v4,3
133189,reward,3151,138.4925065517421,171.447,PPO-LN-RegenReg,Hopper-v4,3
133278,reward,3152,140.86078766531827,175.915,PPO-LN-RegenReg,Hopper-v4,3
133441,reward,3153,307.103391353852,189.638,PPO-LN-RegenReg,Hopper-v4,3
133623,reward,3154,208.30258425834268,176.045,PPO-LN-RegenReg,Hopper-v4,3
133653,reward,3155,4.6829672986121365,169.733,PPO-LN-RegenReg,Hopper-v4,3
133792,reward,3156,285.72290795104266,185.959,PPO-LN-RegenReg,Hopper-v4,3
133854,reward,3157,101.5874531493805,172.174,PPO-LN-RegenReg,Hopper-v4,3
133952,reward,3158,178.55432751810514,181.884,PPO-LN-RegenReg,Hopper-v4,3
133991,reward,3159,58.04097128957921,172.504,PPO-LN-RegenReg,Hopper-v4,3
134074,reward,3160,133.99521183689743,155.734,PPO-LN-RegenReg,Hopper-v4,3
134123,reward,3161,78.76318495703265,149.761,PPO-LN-RegenReg,Hopper-v4,3
134233,reward,3162,232.72800217313363,158.948,PPO-LN-RegenReg,Hopper-v4,3
134292,reward,3163,103.4263427487998,138.58,PPO-LN-RegenReg,Hopper-v4,3
134370,reward,3164,142.91058286162996,132.041,PPO-LN-RegenReg,Hopper-v4,3
134438,reward,3165,120.86242415253044,143.659,PPO-LN-RegenReg,Hopper-v4,3
134530,reward,3166,160.26203532016874,131.113,PPO-LN-RegenReg,Hopper-v4,3
134566,reward,3167,55.80698183361505,126.535,PPO-LN-RegenReg,Hopper-v4,3
134747,reward,3168,362.47840064342813,144.927,PPO-LN-RegenReg,Hopper-v4,3
134823,reward,3169,117.7854917211732,150.902,PPO-LN-RegenReg,Hopper-v4,3
134873,reward,3170,83.74850103511999,145.877,PPO-LN-RegenReg,Hopper-v4,3
134910,reward,3171,63.74601197384015,144.375,PPO-LN-RegenReg,Hopper-v4,3
135068,reward,3172,302.8317785867125,151.386,PPO-LN-RegenReg,Hopper-v4,3
135428,reward,3173,733.9620104377062,214.439,PPO-LN-RegenReg,Hopper-v4,3
135543,reward,3174,214.20449613877364,221.569,PPO-LN-RegenReg,Hopper-v4,3
135619,reward,3175,130.68978632155688,222.552,PPO-LN-RegenReg,Hopper-v4,3
135710,reward,3176,188.56491151226803,225.382,PPO-LN-RegenReg,Hopper-v4,3
135741,reward,3177,47.24114800682115,224.525,PPO-LN-RegenReg,Hopper-v4,3
135836,reward,3178,154.74447319890774,203.752,PPO-LN-RegenReg,Hopper-v4,3
135975,reward,3179,235.5737689576483,215.531,PPO-LN-RegenReg,Hopper-v4,3
136049,reward,3180,118.96604032716522,219.052,PPO-LN-RegenReg,Hopper-v4,3
136217,reward,3181,191.16983120209343,231.795,PPO-LN-RegenReg,Hopper-v4,3
136315,reward,3182,164.28808651955885,217.94,PPO-LN-RegenReg,Hopper-v4,3
136358,reward,3183,72.06479027007778,151.751,PPO-LN-RegenReg,Hopper-v4,3
136461,reward,3184,77.48345076230109,138.079,PPO-LN-RegenReg,Hopper-v4,3
136577,reward,3185,130.64714016314366,138.074,PPO-LN-RegenReg,Hopper-v4,3
136698,reward,3186,207.95642586024616,140.014,PPO-LN-RegenReg,Hopper-v4,3
136835,reward,3187,145.6592960140727,149.855,PPO-LN-RegenReg,Hopper-v4,3
136874,reward,3188,69.72202776015516,141.353,PPO-LN-RegenReg,Hopper-v4,3
137103,reward,3189,495.4440591612479,167.34,PPO-LN-RegenReg,Hopper-v4,3
137261,reward,3190,357.77307400245417,191.221,PPO-LN-RegenReg,Hopper-v4,3
137332,reward,3191,80.39229696867088,180.143,PPO-LN-RegenReg,Hopper-v4,3
137371,reward,3192,65.08856061156209,170.223,PPO-LN-RegenReg,Hopper-v4,3
137428,reward,3193,78.71950163525288,170.889,PPO-LN-RegenReg,Hopper-v4,3
137466,reward,3194,68.03177227237856,169.943,PPO-LN-RegenReg,Hopper-v4,3
137507,reward,3195,72.32883815771883,164.112,PPO-LN-RegenReg,Hopper-v4,3
137713,reward,3196,528.03785044103,196.12,PPO-LN-RegenReg,Hopper-v4,3
137855,reward,3197,215.7479768723092,203.129,PPO-LN-RegenReg,Hopper-v4,3
137896,reward,3198,62.191010538126335,202.375,PPO-LN-RegenReg,Hopper-v4,3
137982,reward,3199,162.09801356671667,169.041,PPO-LN-RegenReg,Hopper-v4,3
138063,reward,3200,154.31155337360758,148.695,PPO-LN-RegenReg,Hopper-v4,3
138103,reward,3201,64.96349231922085,147.152,PPO-LN-RegenReg,Hopper-v4,3
138322,reward,3202,297.49629336152583,170.393,PPO-LN-RegenReg,Hopper-v4,3
138545,reward,3203,301.6092970090052,192.682,PPO-LN-RegenReg,Hopper-v4,3
138624,reward,3204,102.35266724090712,196.114,PPO-LN-RegenReg,Hopper-v4,3
138691,reward,3205,112.80134582032422,200.161,PPO-LN-RegenReg,Hopper-v4,3
138711,reward,3206,28.80189097537744,150.237,PPO-LN-RegenReg,Hopper-v4,3
138777,reward,3207,94.24568736318035,138.087,PPO-LN-RegenReg,Hopper-v4,3
138872,reward,3208,171.38584344277456,149.007,PPO-LN-RegenReg,Hopper-v4,3
138944,reward,3209,96.5335761111871,142.45,PPO-LN-RegenReg,Hopper-v4,3
139052,reward,3210,146.91439812392017,141.71,PPO-LN-RegenReg,Hopper-v4,3
139233,reward,3211,187.20983197205845,153.935,PPO-LN-RegenReg,Hopper-v4,3
139295,reward,3212,99.97830944441056,134.183,PPO-LN-RegenReg,Hopper-v4,3
139346,reward,3213,82.95466037008325,112.318,PPO-LN-RegenReg,Hopper-v4,3
139388,reward,3214,73.88155605899735,109.471,PPO-LN-RegenReg,Hopper-v4,3
139453,reward,3215,103.7939424615792,108.57,PPO-LN-RegenReg,Hopper-v4,3
139494,reward,3216,69.63546123435856,112.653,PPO-LN-RegenReg,Hopper-v4,3
139527,reward,3217,58.23316423765076,109.052,PPO-LN-RegenReg,Hopper-v4,3
139634,reward,3218,186.11771794092692,110.525,PPO-LN-RegenReg,Hopper-v4,3
139733,reward,3219,171.1404194785534,117.986,PPO-LN-RegenReg,Hopper-v4,3
139845,reward,3220,188.3083672619659,122.125,PPO-LN-RegenReg,Hopper-v4,3
139955,reward,3221,187.31349337538978,122.136,PPO-LN-RegenReg,Hopper-v4,3
139996,reward,3222,64.66116447156934,118.604,PPO-LN-RegenReg,Hopper-v4,3
140097,reward,3223,138.8443070408617,124.193,PPO-LN-RegenReg,Hopper-v4,3
140125,reward,3224,43.46392825072345,121.151,PPO-LN-RegenReg,Hopper-v4,3
140381,reward,3225,376.8627464212142,148.458,PPO-LN-RegenReg,Hopper-v4,3
140417,reward,3226,55.62346830515192,147.057,PPO-LN-RegenReg,Hopper-v4,3
140586,reward,3227,317.4467127180215,172.978,PPO-LN-RegenReg,Hopper-v4,3
140834,reward,3228,631.22140872983,217.489,PPO-LN-RegenReg,Hopper-v4,3
140873,reward,3229,68.7436131500944,207.249,PPO-LN-RegenReg,Hopper-v4,3
140914,reward,3230,73.04584585789073,195.723,PPO-LN-RegenReg,Hopper-v4,3
141145,reward,3231,351.1006197599572,212.101,PPO-LN-RegenReg,Hopper-v4,3
141195,reward,3232,81.47466161990681,213.783,PPO-LN-RegenReg,Hopper-v4,3
141263,reward,3233,110.91344893166689,210.99,PPO-LN-RegenReg,Hopper-v4,3
141335,reward,3234,115.9484633899806,218.238,PPO-LN-RegenReg,Hopper-v4,3
141404,reward,3235,120.20763771465265,192.573,PPO-LN-RegenReg,Hopper-v4,3
141474,reward,3236,120.01201272524924,199.011,PPO-LN-RegenReg,Hopper-v4,3
141721,reward,3237,344.41877716004234,201.709,PPO-LN-RegenReg,Hopper-v4,3
141835,reward,3238,191.33842496420354,157.72,PPO-LN-RegenReg,Hopper-v4,3
141900,reward,3239,111.47285971525676,161.993,PPO-LN-RegenReg,Hopper-v4,3
141949,reward,3240,84.5158024405054,163.14,PPO-LN-RegenReg,Hopper-v4,3
142103,reward,3241,366.0836112234747,164.639,PPO-LN-RegenReg,Hopper-v4,3
142239,reward,3242,187.04995668956852,175.196,PPO-LN-RegenReg,Hopper-v4,3
142297,reward,3243,93.99942140843022,173.505,PPO-LN-RegenReg,Hopper-v4,3
142377,reward,3244,154.93069146178678,177.403,PPO-LN-RegenReg,Hopper-v4,3
142417,reward,3245,59.31793707805009,171.314,PPO-LN-RegenReg,Hopper-v4,3
142499,reward,3246,158.7158821422818,175.184,PPO-LN-RegenReg,Hopper-v4,3
142570,reward,3247,134.10926800267436,154.153,PPO-LN-RegenReg,Hopper-v4,3
142618,reward,3248,84.31608589393414,143.451,PPO-LN-RegenReg,Hopper-v4,3
142658,reward,3249,67.8953300557359,139.093,PPO-LN-RegenReg,Hopper-v4,3
142847,reward,3250,264.16991143446654,157.059,PPO-LN-RegenReg,Hopper-v4,3
142892,reward,3251,73.70018340026178,127.82,PPO-LN-RegenReg,Hopper-v4,3
142965,reward,3252,129.32551829246844,122.048,PPO-LN-RegenReg,Hopper-v4,3
143015,reward,3253,81.1731818573098,120.765,PPO-LN-RegenReg,Hopper-v4,3
143139,reward,3254,191.99785648263924,124.472,PPO-LN-RegenReg,Hopper-v4,3
143225,reward,3255,106.92555945397771,129.233,PPO-LN-RegenReg,Hopper-v4,3
143241,reward,3256,21.615161811383864,115.523,PPO-LN-RegenReg,Hopper-v4,3
143383,reward,3257,243.24891077434407,126.437,PPO-LN-RegenReg,Hopper-v4,3
143440,reward,3258,91.03556470071788,127.109,PPO-LN-RegenReg,Hopper-v4,3
143488,reward,3259,83.87022278481122,128.706,PPO-LN-RegenReg,Hopper-v4,3
143544,reward,3260,101.18702876738229,112.408,PPO-LN-RegenReg,Hopper-v4,3
143629,reward,3261,159.48151750185207,120.986,PPO-LN-RegenReg,Hopper-v4,3
143702,reward,3262,136.36228410172458,121.69,PPO-LN-RegenReg,Hopper-v4,3
143738,reward,3263,63.13190542851074,119.886,PPO-LN-RegenReg,Hopper-v4,3
143814,reward,3264,134.79134179526352,114.165,PPO-LN-RegenReg,Hopper-v4,3
143888,reward,3265,132.0545261294775,116.678,PPO-LN-RegenReg,Hopper-v4,3
143928,reward,3266,67.93968109972641,121.31,PPO-LN-RegenReg,Hopper-v4,3
143988,reward,3267,89.70126381771846,105.956,PPO-LN-RegenReg,Hopper-v4,3
144033,reward,3268,78.17180932464075,104.669,PPO-LN-RegenReg,Hopper-v4,3
144109,reward,3269,136.87559914630032,109.97,PPO-LN-RegenReg,Hopper-v4,3
144173,reward,3270,106.57254120943084,110.508,PPO-LN-RegenReg,Hopper-v4,3
144218,reward,3271,78.25343806635156,102.385,PPO-LN-RegenReg,Hopper-v4,3
144290,reward,3272,139.60295260295175,102.71,PPO-LN-RegenReg,Hopper-v4,3
144366,reward,3273,130.6281608594969,109.459,PPO-LN-RegenReg,Hopper-v4,3
144427,reward,3274,90.5426312069362,105.034,PPO-LN-RegenReg,Hopper-v4,3
144506,reward,3275,141.88278852829237,106.017,PPO-LN-RegenReg,Hopper-v4,3
144699,reward,3276,373.8950789412077,136.613,PPO-LN-RegenReg,Hopper-v4,3
144825,reward,3277,247.19294502680532,152.362,PPO-LN-RegenReg,Hopper-v4,3
144936,reward,3278,189.07252924497763,163.452,PPO-LN-RegenReg,Hopper-v4,3
145031,reward,3279,174.9277481595974,167.257,PPO-LN-RegenReg,Hopper-v4,3
145138,reward,3280,208.33254939691986,177.433,PPO-LN-RegenReg,Hopper-v4,3
145179,reward,3281,62.799471751960844,175.888,PPO-LN-RegenReg,Hopper-v4,3
145232,reward,3282,93.66216039573901,171.294,PPO-LN-RegenReg,Hopper-v4,3
145278,reward,3283,80.8525121056009,166.316,PPO-LN-RegenReg,Hopper-v4,3
145333,reward,3284,99.6697994954562,167.229,PPO-LN-RegenReg,Hopper-v4,3
145378,reward,3285,71.97076206439479,160.238,PPO-LN-RegenReg,Hopper-v4,3
145440,reward,3286,107.2623682199469,133.574,PPO-LN-RegenReg,Hopper-v4,3
145477,reward,3287,63.45738015353541,115.201,PPO-LN-RegenReg,Hopper-v4,3
145515,reward,3288,64.26973358245603,102.72,PPO-LN-RegenReg,Hopper-v4,3
145653,reward,3289,264.98090852531806,111.726,PPO-LN-RegenReg,Hopper-v4,3
145738,reward,3290,111.42773571004481,102.035,PPO-LN-RegenReg,Hopper-v4,3
145891,reward,3291,222.27219588588878,117.983,PPO-LN-RegenReg,Hopper-v4,3
145932,reward,3292,72.7801718557538,115.894,PPO-LN-RegenReg,Hopper-v4,3
146041,reward,3293,170.0758883838865,124.817,PPO-LN-RegenReg,Hopper-v4,3
146083,reward,3294,72.89231697121755,122.139,PPO-LN-RegenReg,Hopper-v4,3
146144,reward,3295,97.19400702446633,124.661,PPO-LN-RegenReg,Hopper-v4,3
146291,reward,3296,328.16157827523216,146.751,PPO-LN-RegenReg,Hopper-v4,3
146422,reward,3297,217.54328087890454,162.16,PPO-LN-RegenReg,Hopper-v4,3
146462,reward,3298,71.50039198687514,162.883,PPO-LN-RegenReg,Hopper-v4,3
146497,reward,3299,58.30140291553839,142.215,PPO-LN-RegenReg,Hopper-v4,3
146562,reward,3300,104.9721276399494,141.569,PPO-LN-RegenReg,Hopper-v4,3
146737,reward,3301,354.3306421520404,154.775,PPO-LN-RegenReg,Hopper-v4,3
146858,reward,3302,181.83746790516017,165.681,PPO-LN-RegenReg,Hopper-v4,3
146933,reward,3303,119.84835347757537,160.658,PPO-LN-RegenReg,Hopper-v4,3
147050,reward,3304,165.7769406903364,169.947,PPO-LN-RegenReg,Hopper-v4,3
147109,reward,3305,94.74287653196818,169.702,PPO-LN-RegenReg,Hopper-v4,3
147136,reward,3306,45.95474812106741,141.481,PPO-LN-RegenReg,Hopper-v4,3
147172,reward,3307,62.217917591619404,125.948,PPO-LN-RegenReg,Hopper-v4,3
147211,reward,3308,62.490463855386444,125.047,PPO-LN-RegenReg,Hopper-v4,3
147280,reward,3309,108.16444320332332,130.034,PPO-LN-RegenReg,Hopper-v4,3
147355,reward,3310,127.96998740601092,132.333,PPO-LN-RegenReg,Hopper-v4,3
147412,reward,3311,91.84818741417881,106.085,PPO-LN-RegenReg,Hopper-v4,3
147456,reward,3312,74.50929503801949,95.352,PPO-LN-RegenReg,Hopper-v4,3
147510,reward,3313,91.4793155788192,92.515,PPO-LN-RegenReg,Hopper-v4,3
147614,reward,3314,177.38576154083887,93.676,PPO-LN-RegenReg,Hopper-v4,3
147628,reward,3315,12.548985219998768,85.457,PPO-LN-RegenReg,Hopper-v4,3
147741,reward,3316,218.9544515181989,102.757,PPO-LN-RegenReg,Hopper-v4,3
147781,reward,3317,68.23470724009431,103.359,PPO-LN-RegenReg,Hopper-v4,3
147855,reward,3318,124.62049068259806,109.572,PPO-LN-RegenReg,Hopper-v4,3
147910,reward,3319,93.32315099400665,108.087,PPO-LN-RegenReg,Hopper-v4,3
147981,reward,3320,107.28560796774576,106.019,PPO-LN-RegenReg,Hopper-v4,3
148125,reward,3321,306.228590732638,127.457,PPO-LN-RegenReg,Hopper-v4,3
148185,reward,3322,91.20807202124769,129.127,PPO-LN-RegenReg,Hopper-v4,3
148306,reward,3323,228.62292237621185,142.841,PPO-LN-RegenReg,Hopper-v4,3
148340,reward,3324,52.77335452416434,130.38,PPO-LN-RegenReg,Hopper-v4,3
148444,reward,3325,190.0451754497833,148.13,PPO-LN-RegenReg,Hopper-v4,3
148476,reward,3326,55.07804679078629,131.742,PPO-LN-RegenReg,Hopper-v4,3
148591,reward,3327,202.28926056798872,145.147,PPO-LN-RegenReg,Hopper-v4,3
148629,reward,3328,64.5165381995072,139.137,PPO-LN-RegenReg,Hopper-v4,3
148726,reward,3329,159.4601461519652,145.751,PPO-LN-RegenReg,Hopper-v4,3
148802,reward,3330,122.09127901912606,147.231,PPO-LN-RegenReg,Hopper-v4,3
148844,reward,3331,64.98084208522485,123.107,PPO-LN-RegenReg,Hopper-v4,3
148979,reward,3332,177.07507686509922,131.693,PPO-LN-RegenReg,Hopper-v4,3
149190,reward,3333,333.6912717398195,142.2,PPO-LN-RegenReg,Hopper-v4,3
149256,reward,3334,121.98926314729036,149.122,PPO-LN-RegenReg,Hopper-v4,3
149293,reward,3335,57.03509892491279,135.821,PPO-LN-RegenReg,Hopper-v4,3
149338,reward,3336,69.65803353931621,137.279,PPO-LN-RegenReg,Hopper-v4,3
149390,reward,3337,86.86295659937292,125.736,PPO-LN-RegenReg,Hopper-v4,3
149418,reward,3338,47.08819101093492,123.993,PPO-LN-RegenReg,Hopper-v4,3
149493,reward,3339,116.94934864919001,119.742,PPO-LN-RegenReg,Hopper-v4,3
149541,reward,3340,77.3126127559079,115.264,PPO-LN-RegenReg,Hopper-v4,3
149633,reward,3341,178.26273082135918,126.592,PPO-LN-RegenReg,Hopper-v4,3
149702,reward,3342,121.26246579367185,121.011,PPO-LN-RegenReg,Hopper-v4,3
149870,reward,3343,163.56042733253076,103.998,PPO-LN-RegenReg,Hopper-v4,3
149942,reward,3344,126.667325363576,104.466,PPO-LN-RegenReg,Hopper-v4,3
150041,reward,3345,161.14357933005743,114.877,PPO-LN-RegenReg,Hopper-v4,3
150177,reward,3346,140.44174330431719,121.955,PPO-LN-RegenReg,Hopper-v4,3
150330,reward,3347,254.1560037879889,138.684,PPO-LN-RegenReg,Hopper-v4,3
150379,reward,3348,75.04226690542217,141.48,PPO-LN-RegenReg,Hopper-v4,3
150550,reward,3349,247.4704796203846,154.532,PPO-LN-RegenReg,Hopper-v4,3
150612,reward,3350,97.54227618729459,156.555,PPO-LN-RegenReg,Hopper-v4,3
150673,reward,3351,91.60495395483451,147.889,PPO-LN-RegenReg,Hopper-v4,3
150862,reward,3352,177.69766353068093,153.533,PPO-LN-RegenReg,Hopper-v4,3
150901,reward,3353,70.32616130409309,144.209,PPO-LN-RegenReg,Hopper-v4,3
150968,reward,3354,99.27370865359816,141.47,PPO-LN-RegenReg,Hopper-v4,3
151155,reward,3355,311.4139714625729,156.497,PPO-LN-RegenReg,Hopper-v4,3
151231,reward,3356,99.03566062848182,152.356,PPO-LN-RegenReg,Hopper-v4,3
151367,reward,3357,230.46389472060682,149.987,PPO-LN-RegenReg,Hopper-v4,3
151549,reward,3358,241.5644736688313,166.639,PPO-LN-RegenReg,Hopper-v4,3
151609,reward,3359,104.52495929320744,152.345,PPO-LN-RegenReg,Hopper-v4,3
151782,reward,3360,426.353371925392,185.226,PPO-LN-RegenReg,Hopper-v4,3
151898,reward,3361,194.6985413611454,195.535,PPO-LN-RegenReg,Hopper-v4,3
151977,reward,3362,139.1976557021473,191.685,PPO-LN-RegenReg,Hopper-v4,3
152128,reward,3363,251.4711928668173,209.8,PPO-LN-RegenReg,Hopper-v4,3
152312,reward,3364,213.08071190504614,221.18,PPO-LN-RegenReg,Hopper-v4,3
152389,reward,3365,117.69826043917713,201.809,PPO-LN-RegenReg,Hopper-v4,3
152491,reward,3366,172.15300993119442,209.121,PPO-LN-RegenReg,Hopper-v4,3
152578,reward,3367,146.43167704029108,200.717,PPO-LN-RegenReg,Hopper-v4,3
152640,reward,3368,105.3777126164895,187.099,PPO-LN-RegenReg,Hopper-v4,3
152661,reward,3369,27.21779003929761,179.368,PPO-LN-RegenReg,Hopper-v4,3
152682,reward,3370,31.70791143738515,139.903,PPO-LN-RegenReg,Hopper-v4,3
152721,reward,3371,64.2042303643449,126.854,PPO-LN-RegenReg,Hopper-v4,3
152788,reward,3372,119.65084247643347,124.899,PPO-LN-RegenReg,Hopper-v4,3
152885,reward,3373,170.22910699199062,116.775,PPO-LN-RegenReg,Hopper-v4,3
152956,reward,3374,116.8029497965841,107.147,PPO-LN-RegenReg,Hopper-v4,3
153019,reward,3375,103.26561103537146,105.704,PPO-LN-RegenReg,Hopper-v4,3
153048,reward,3376,45.2526982786783,93.014,PPO-LN-RegenReg,Hopper-v4,3
153210,reward,3377,205.58403799176259,98.929,PPO-LN-RegenReg,Hopper-v4,3
153360,reward,3378,185.27261355358428,106.919,PPO-LN-RegenReg,Hopper-v4,3
153425,reward,3379,114.93513944036145,115.691,PPO-LN-RegenReg,Hopper-v4,3
153450,reward,3380,37.80661083020963,116.3,PPO-LN-RegenReg,Hopper-v4,3
153504,reward,3381,85.04862784911171,118.385,PPO-LN-RegenReg,Hopper-v4,3
153725,reward,3382,301.14723485682117,136.534,PPO-LN-RegenReg,Hopper-v4,3
153762,reward,3383,60.99804020893208,125.611,PPO-LN-RegenReg,Hopper-v4,3
153806,reward,3384,64.68223532793537,120.399,PPO-LN-RegenReg,Hopper-v4,3
153910,reward,3385,123.75327898399938,122.448,PPO-LN-RegenReg,Hopper-v4,3
154059,reward,3386,323.28670603761043,150.251,PPO-LN-RegenReg,Hopper-v4,3
154164,reward,3387,176.29868756651143,147.323,PPO-LN-RegenReg,Hopper-v4,3
154232,reward,3388,125.85492323565656,141.381,PPO-LN-RegenReg,Hopper-v4,3
154318,reward,3389,128.32759402576383,142.72,PPO-LN-RegenReg,Hopper-v4,3
154421,reward,3390,148.40269276303349,153.78,PPO-LN-RegenReg,Hopper-v4,3
154471,reward,3391,78.90968197342859,153.166,PPO-LN-RegenReg,Hopper-v4,3
154698,reward,3392,398.18882392313,162.87,PPO-LN-RegenReg,Hopper-v4,3
154743,reward,3393,75.01413456323773,164.272,PPO-LN-RegenReg,Hopper-v4,3
154902,reward,3394,254.98111474730186,183.302,PPO-LN-RegenReg,Hopper-v4,3
154929,reward,3395,42.214409253687315,175.148,PPO-LN-RegenReg,Hopper-v4,3
154996,reward,3396,111.07224024125367,153.926,PPO-LN-RegenReg,Hopper-v4,3
155054,reward,3397,99.17763782708106,146.214,PPO-LN-RegenReg,Hopper-v4,3
155154,reward,3398,146.96022603214763,148.325,PPO-LN-RegenReg,Hopper-v4,3
155202,reward,3399,81.23115605687232,143.615,PPO-LN-RegenReg,Hopper-v4,3
155229,reward,3400,37.62779493508181,132.538,PPO-LN-RegenReg,Hopper-v4,3
155275,reward,3401,74.1082570191197,132.058,PPO-LN-RegenReg,Hopper-v4,3
155485,reward,3402,513.8073068835416,143.619,PPO-LN-RegenReg,Hopper-v4,3
155539,reward,3403,79.23001366371044,144.041,PPO-LN-RegenReg,Hopper-v4,3
155584,reward,3404,79.28245704569359,126.471,PPO-LN-RegenReg,Hopper-v4,3
155718,reward,3405,169.96848686619742,139.247,PPO-LN-RegenReg,Hopper-v4,3
155745,reward,3406,37.223728537655546,131.862,PPO-LN-RegenReg,Hopper-v4,3
155908,reward,3407,352.0824781934246,157.152,PPO-LN-RegenReg,Hopper-v4,3
156084,reward,3408,186.54189971492417,161.11,PPO-LN-RegenReg,Hopper-v4,3
156211,reward,3409,153.53034570404589,168.34,PPO-LN-RegenReg,Hopper-v4,3
156253,reward,3410,67.73432614029274,171.351,PPO-LN-RegenReg,Hopper-v4,3
156487,reward,3411,428.0979115854908,206.75,PPO-LN-RegenReg,Hopper-v4,3
156642,reward,3412,157.4747359448682,171.117,PPO-LN-RegenReg,Hopper-v4,3
156685,reward,3413,72.181100652738,170.412,PPO-LN-RegenReg,Hopper-v4,3
156891,reward,3414,446.07684136136356,207.091,PPO-LN-RegenReg,Hopper-v4,3
156993,reward,3415,135.87332951577295,203.682,PPO-LN-RegenReg,Hopper-v4,3
157120,reward,3416,225.80019688577747,222.539,PPO-LN-RegenReg,Hopper-v4,3
157291,reward,3417,414.9389201755538,228.825,PPO-LN-RegenReg,Hopper-v4,3
157322,reward,3418,50.54754493011036,215.226,PPO-LN-RegenReg,Hopper-v4,3
157372,reward,3419,87.16240535553388,208.589,PPO-LN-RegenReg,Hopper-v4,3
157437,reward,3420,116.0148433665349,213.417,PPO-LN-RegenReg,Hopper-v4,3
157474,reward,3421,57.51148820913916,176.358,PPO-LN-RegenReg,Hopper-v4,3
157621,reward,3422,208.59814560299174,181.47,PPO-LN-RegenReg,Hopper-v4,3
157672,reward,3423,84.90901396868213,182.743,PPO-LN-RegenReg,Hopper-v4,3
157750,reward,3424,111.40873118555008,149.276,PPO-LN-RegenReg,Hopper-v4,3
157880,reward,3425,280.42914990484667,163.732,PPO-LN-RegenReg,Hopper-v4,3
157962,reward,3426,151.7679222522159,156.329,PPO-LN-RegenReg,Hopper-v4,3
158022,reward,3427,97.10787717280537,124.546,PPO-LN-RegenReg,Hopper-v4,3
158068,reward,3428,79.07854639098603,127.399,PPO-LN-RegenReg,Hopper-v4,3
158127,reward,3429,106.35509904424643,129.318,PPO-LN-RegenReg,Hopper-v4,3
158221,reward,3430,185.35063268918782,136.252,PPO-LN-RegenReg,Hopper-v4,3
158273,reward,3431,91.29381112600672,139.63,PPO-LN-RegenReg,Hopper-v4,3
158317,reward,3432,80.83851095843148,126.854,PPO-LN-RegenReg,Hopper-v4,3
158360,reward,3433,63.91690682582105,124.755,PPO-LN-RegenReg,Hopper-v4,3
158523,reward,3434,350.4557205200961,148.659,PPO-LN-RegenReg,Hopper-v4,3
158697,reward,3435,242.18549320435653,144.835,PPO-LN-RegenReg,Hopper-v4,3
158857,reward,3436,257.25145412895785,155.383,PPO-LN-RegenReg,Hopper-v4,3
158907,reward,3437,74.87290787735925,153.16,PPO-LN-RegenReg,Hopper-v4,3
158975,reward,3438,125.4958150114228,157.802,PPO-LN-RegenReg,Hopper-v4,3
159121,reward,3439,212.6477542186771,168.431,PPO-LN-RegenReg,Hopper-v4,3
159216,reward,3440,145.46745467666943,164.443,PPO-LN-RegenReg,Hopper-v4,3
159364,reward,3441,227.1847837340168,178.032,PPO-LN-RegenReg,Hopper-v4,3
159511,reward,3442,311.19931144173614,201.068,PPO-LN-RegenReg,Hopper-v4,3
159715,reward,3443,374.1672005940294,232.093,PPO-LN-RegenReg,Hopper-v4,3
159834,reward,3444,199.41136111023403,216.988,PPO-LN-RegenReg,Hopper-v4,3
159852,reward,3445,26.315795192647716,195.401,PPO-LN-RegenReg,Hopper-v4,3
159982,reward,3446,244.6136395809248,194.138,PPO-LN-RegenReg,Hopper-v4,3
160074,reward,3447,169.93465216062833,203.644,PPO-LN-RegenReg,Hopper-v4,3
160204,reward,3448,168.56142460359004,207.95,PPO-LN-RegenReg,Hopper-v4,3
160267,reward,3449,112.4337477707134,197.929,PPO-LN-RegenReg,Hopper-v4,3
160304,reward,3450,61.646390219395855,189.547,PPO-LN-RegenReg,Hopper-v4,3
160382,reward,3451,116.84363603251809,178.513,PPO-LN-RegenReg,Hopper-v4,3
160429,reward,3452,75.13617793579935,154.906,PPO-LN-RegenReg,Hopper-v4,3
160524,reward,3453,129.56830163943732,130.447,PPO-LN-RegenReg,Hopper-v4,3
160605,reward,3454,138.66022994831025,124.371,PPO-LN-RegenReg,Hopper-v4,3
160734,reward,3455,239.3693787660175,145.677,PPO-LN-RegenReg,Hopper-v4,3
160875,reward,3456,282.0970651512071,149.425,PPO-LN-RegenReg,Hopper-v4,3
160956,reward,3457,122.98760402551417,144.73,PPO-LN-RegenReg,Hopper-v4,3
161005,reward,3458,82.62202925025139,136.136,PPO-LN-RegenReg,Hopper-v4,3
161064,reward,3459,105.61505294453241,135.455,PPO-LN-RegenReg,Hopper-v4,3
161119,reward,3460,95.59744410724349,138.85,PPO-LN-RegenReg,Hopper-v4,3
161239,reward,3461,153.29427108515063,142.495,PPO-LN-RegenReg,Hopper-v4,3
161394,reward,3462,283.2709764245847,163.308,PPO-LN-RegenReg,Hopper-v4,3
161415,reward,3463,29.487411916672606,153.3,PPO-LN-RegenReg,Hopper-v4,3
161501,reward,3464,105.00934455193537,149.935,PPO-LN-RegenReg,Hopper-v4,3
161557,reward,3465,99.09798473122018,135.908,PPO-LN-RegenReg,Hopper-v4,3
161597,reward,3466,68.15942237448878,114.514,PPO-LN-RegenReg,Hopper-v4,3
161837,reward,3467,323.2286939813503,134.538,PPO-LN-RegenReg,Hopper-v4,3
161904,reward,3468,101.6868153099662,136.445,PPO-LN-RegenReg,Hopper-v4,3
161955,reward,3469,78.86250532357865,133.769,PPO-LN-RegenReg,Hopper-v4,3
162020,reward,3470,113.5550392615343,135.565,PPO-LN-RegenReg,Hopper-v4,3
162042,reward,3471,31.588759581471873,123.395,PPO-LN-RegenReg,Hopper-v4,3
162114,reward,3472,128.58237771568935,107.926,PPO-LN-RegenReg,Hopper-v4,3
162145,reward,3473,48.55450233342358,109.833,PPO-LN-RegenReg,Hopper-v4,3
162172,reward,3474,40.121300233872454,103.344,PPO-LN-RegenReg,Hopper-v4,3
162260,reward,3475,168.22846879229084,110.257,PPO-LN-RegenReg,Hopper-v4,3
162353,reward,3476,181.6144986612967,121.602,PPO-LN-RegenReg,Hopper-v4,3
162404,reward,3477,56.547128352320506,94.934,PPO-LN-RegenReg,Hopper-v4,3
162468,reward,3478,107.45627110191231,95.511,PPO-LN-RegenReg,Hopper-v4,3
162482,reward,3479,14.751256481157519,89.1,PPO-LN-RegenReg,Hopper-v4,3
162528,reward,3480,76.00907389146059,85.345,PPO-LN-RegenReg,Hopper-v4,3
162614,reward,3481,126.69213331365444,94.856,PPO-LN-RegenReg,Hopper-v4,3
162698,reward,3482,141.98833729135032,96.196,PPO-LN-RegenReg,Hopper-v4,3
162804,reward,3483,113.65805798097901,102.707,PPO-LN-RegenReg,Hopper-v4,3
162882,reward,3484,116.61454491965824,110.356,PPO-LN-RegenReg,Hopper-v4,3
162921,reward,3485,64.91226555872097,100.024,PPO-LN-RegenReg,Hopper-v4,3
162965,reward,3486,67.14610138530946,88.578,PPO-LN-RegenReg,Hopper-v4,3
163031,reward,3487,73.52474017525023,90.275,PPO-LN-RegenReg,Hopper-v4,3
163109,reward,3488,120.9470823021374,91.624,PPO-LN-RegenReg,Hopper-v4,3
163153,reward,3489,73.07654048255412,97.457,PPO-LN-RegenReg,Hopper-v4,3
163215,reward,3490,95.22181753447123,99.378,PPO-LN-RegenReg,Hopper-v4,3
163395,reward,3491,212.10371400032918,107.919,PPO-LN-RegenReg,Hopper-v4,3
163459,reward,3492,99.6406594403344,103.685,PPO-LN-RegenReg,Hopper-v4,3
163530,reward,3493,114.99753128810002,103.818,PPO-LN-RegenReg,Hopper-v4,3
163596,reward,3494,121.73801579271644,104.331,PPO-LN-RegenReg,Hopper-v4,3
163635,reward,3495,62.6063505489542,104.1,PPO-LN-RegenReg,Hopper-v4,3
163782,reward,3496,220.50201422405422,119.436,PPO-LN-RegenReg,Hopper-v4,3
163841,reward,3497,95.7304023776368,121.656,PPO-LN-RegenReg,Hopper-v4,3
163959,reward,3498,215.09513943137003,131.071,PPO-LN-RegenReg,Hopper-v4,3
164015,reward,3499,94.70856951244764,133.234,PPO-LN-RegenReg,Hopper-v4,3
164139,reward,3500,167.32393506485565,140.445,PPO-LN-RegenReg,Hopper-v4,3
164238,reward,3501,185.6100002692147,137.795,PPO-LN-RegenReg,Hopper-v4,3
164268,reward,3502,49.78624317265723,132.81,PPO-LN-RegenReg,Hopper-v4,3
164493,reward,3503,553.982912527926,176.708,PPO-LN-RegenReg,Hopper-v4,3
164518,reward,3504,2.0053184424623183,164.735,PPO-LN-RegenReg,Hopper-v4,3
164613,reward,3505,121.7535928588052,170.65,PPO-LN-RegenReg,Hopper-v4,3
164679,reward,3506,105.71284690522315,159.171,PPO-LN-RegenReg,Hopper-v4,3
164721,reward,3507,73.50524094538372,156.948,PPO-LN-RegenReg,Hopper-v4,3
164807,reward,3508,109.92100428621279,146.431,PPO-LN-RegenReg,Hopper-v4,3
164885,reward,3509,131.61125544292844,150.121,PPO-LN-RegenReg,Hopper-v4,3
164946,reward,3510,101.34915586420168,143.524,PPO-LN-RegenReg,Hopper-v4,3
164968,reward,3511,33.32011595395611,128.295,PPO-LN-RegenReg,Hopper-v4,3
164995,reward,3512,38.39548953652979,127.156,PPO-LN-RegenReg,Hopper-v4,3
165019,reward,3513,35.7300703131078,75.33,PPO-LN-RegenReg,Hopper-v4,3
165195,reward,3514,272.29460116637614,102.359,PPO-LN-RegenReg,Hopper-v4,3
165300,reward,3515,202.9296910289624,110.477,PPO-LN-RegenReg,Hopper-v4,3
165522,reward,3516,306.5603969022626,130.562,PPO-LN-RegenReg,Hopper-v4,3
165549,reward,3517,42.55327530599667,127.467,PPO-LN-RegenReg,Hopper-v4,3
165634,reward,3518,128.8336130598597,129.358,PPO-LN-RegenReg,Hopper-v4,3
165701,reward,3519,111.80689400725385,127.377,PPO-LN-RegenReg,Hopper-v4,3
165800,reward,3520,189.9276911547598,136.235,PPO-LN-RegenReg,Hopper-v4,3
165854,reward,3521,43.13689818979234,137.217,PPO-LN-RegenReg,Hopper-v4,3
165982,reward,3522,176.47224794419188,151.025,PPO-LN-RegenReg,Hopper-v4,3
166132,reward,3523,276.92169584125196,175.144,PPO-LN-RegenReg,Hopper-v4,3
166243,reward,3524,126.80072853707371,160.594,PPO-LN-RegenReg,Hopper-v4,3
166318,reward,3525,114.00293630668928,151.702,PPO-LN-RegenReg,Hopper-v4,3
166351,reward,3526,57.16809002843479,126.762,PPO-LN-RegenReg,Hopper-v4,3
166577,reward,3527,387.7341150018381,161.28,PPO-LN-RegenReg,Hopper-v4,3
166592,reward,3528,19.702359775144743,150.367,PPO-LN-RegenReg,Hopper-v4,3
166655,reward,3529,108.37851978606214,150.025,PPO-LN-RegenReg,Hopper-v4,3
166728,reward,3530,115.37015466586324,142.569,PPO-LN-RegenReg,Hopper-v4,3
166864,reward,3531,161.59810583895072,154.415,PPO-LN-RegenReg,Hopper-v4,3
166890,reward,3532,40.58565495661114,140.826,PPO-LN-RegenReg,Hopper-v4,3
167029,reward,3533,171.50247364607648,130.284,PPO-LN-RegenReg,Hopper-v4,3
167182,reward,3534,255.3829660969436,143.143,PPO-LN-RegenReg,Hopper-v4,3
167371,reward,3535,232.40412508327432,154.983,PPO-LN-RegenReg,Hopper-v4,3
167581,reward,3536,462.79505430668047,195.545,PPO-LN-RegenReg,Hopper-v4,3
167730,reward,3537,206.2085085364219,177.393,PPO-LN-RegenReg,Hopper-v4,3
167819,reward,3538,142.53661678884936,189.676,PPO-LN-RegenReg,Hopper-v4,3
167899,reward,3539,145.34076362881072,193.372,PPO-LN-RegenReg,Hopper-v4,3
167956,reward,3540,104.42176028713153,192.278,PPO-LN-RegenReg,Hopper-v4,3
168060,reward,3541,176.6124222714393,193.779,PPO-LN-RegenReg,Hopper-v4,3
168183,reward,3542,233.32175809752292,213.053,PPO-LN-RegenReg,Hopper-v4,3
168206,reward,3543,34.36349167340527,199.339,PPO-LN-RegenReg,Hopper-v4,3
168250,reward,3544,68.00635629606195,180.601,PPO-LN-RegenReg,Hopper-v4,3
168364,reward,3545,213.36783383768858,178.697,PPO-LN-RegenReg,Hopper-v4,3
168397,reward,3546,55.821369825508356,138.0,PPO-LN-RegenReg,Hopper-v4,3
168485,reward,3547,106.58097397481319,128.037,PPO-LN-RegenReg,Hopper-v4,3
168539,reward,3548,81.5709679446833,121.941,PPO-LN-RegenReg,Hopper-v4,3
168613,reward,3549,111.36184927719178,118.543,PPO-LN-RegenReg,Hopper-v4,3
168698,reward,3550,136.0175692723228,121.702,PPO-LN-RegenReg,Hopper-v4,3
168838,reward,3551,193.40063002107271,123.381,PPO-LN-RegenReg,Hopper-v4,3
168894,reward,3552,97.16823090197462,109.766,PPO-LN-RegenReg,Hopper-v4,3
168985,reward,3553,159.84619443073518,122.314,PPO-LN-RegenReg,Hopper-v4,3
169013,reward,3554,36.76673666136925,119.19,PPO-LN-RegenReg,Hopper-v4,3
169105,reward,3555,154.02122331486729,113.256,PPO-LN-RegenReg,Hopper-v4,3
169150,reward,3556,79.09562961928528,115.583,PPO-LN-RegenReg,Hopper-v4,3
169235,reward,3557,108.74236782680828,115.799,PPO-LN-RegenReg,Hopper-v4,3
169326,reward,3558,141.7258936613123,121.815,PPO-LN-RegenReg,Hopper-v4,3
169388,reward,3559,112.92388171180507,121.971,PPO-LN-RegenReg,Hopper-v4,3
169481,reward,3560,178.8741373837263,126.256,PPO-LN-RegenReg,Hopper-v4,3
169605,reward,3561,176.43518944104116,124.56,PPO-LN-RegenReg,Hopper-v4,3
169733,reward,3562,159.28963344096857,130.772,PPO-LN-RegenReg,Hopper-v4,3
169806,reward,3563,122.58430673750384,127.046,PPO-LN-RegenReg,Hopper-v4,3
169897,reward,3564,110.99036756981154,134.468,PPO-LN-RegenReg,Hopper-v4,3
170011,reward,3565,235.31520756970224,142.598,PPO-LN-RegenReg,Hopper-v4,3
170069,reward,3566,86.67574785531168,143.356,PPO-LN-RegenReg,Hopper-v4,3
170164,reward,3567,162.322801151394,148.714,PPO-LN-RegenReg,Hopper-v4,3
170203,reward,3568,64.85859399138367,141.027,PPO-LN-RegenReg,Hopper-v4,3
170222,reward,3569,27.417674376046236,132.476,PPO-LN-RegenReg,Hopper-v4,3
170259,reward,3570,67.05146774851471,121.294,PPO-LN-RegenReg,Hopper-v4,3
170305,reward,3571,67.21936811667157,110.373,PPO-LN-RegenReg,Hopper-v4,3
170356,reward,3572,86.0401500274943,103.048,PPO-LN-RegenReg,Hopper-v4,3
170523,reward,3573,222.97169317131917,113.086,PPO-LN-RegenReg,Hopper-v4,3
170580,reward,3574,97.07256359553047,111.695,PPO-LN-RegenReg,Hopper-v4,3
170664,reward,3575,147.55522076152255,102.919,PPO-LN-RegenReg,Hopper-v4,3
170738,reward,3576,140.654311411563,108.316,PPO-LN-RegenReg,Hopper-v4,3
170780,reward,3577,68.44468280379674,98.929,PPO-LN-RegenReg,Hopper-v4,3
170965,reward,3578,439.1404873456273,136.357,PPO-LN-RegenReg,Hopper-v4,3
171011,reward,3579,78.4599569838789,141.461,PPO-LN-RegenReg,Hopper-v4,3
171265,reward,3580,692.4896339782557,204.005,PPO-LN-RegenReg,Hopper-v4,3
171409,reward,3581,177.43653410693042,215.027,PPO-LN-RegenReg,Hopper-v4,3
171504,reward,3582,148.9823955550001,221.321,PPO-LN-RegenReg,Hopper-v4,3
171524,reward,3583,27.041421451105503,201.728,PPO-LN-RegenReg,Hopper-v4,3
171550,reward,3584,39.72950697023831,195.993,PPO-LN-RegenReg,Hopper-v4,3
171709,reward,3585,348.82959924470924,216.121,PPO-LN-RegenReg,Hopper-v4,3
171748,reward,3586,63.63908501374211,208.419,PPO-LN-RegenReg,Hopper-v4,3
171832,reward,3587,147.2135943300999,216.296,PPO-LN-RegenReg,Hopper-v4,3
171903,reward,3588,102.07606689569583,182.59,PPO-LN-RegenReg,Hopper-v4,3
171968,reward,3589,94.31628336361608,184.175,PPO-LN-RegenReg,Hopper-v4,3
172001,reward,3590,57.44459019152111,120.671,PPO-LN-RegenReg,Hopper-v4,3
172104,reward,3591,167.00188285475548,119.627,PPO-LN-RegenReg,Hopper-v4,3
172185,reward,3592,118.28933807737987,116.558,PPO-LN-RegenReg,Hopper-v4,3
172350,reward,3593,251.35662875940048,138.99,PPO-LN-RegenReg,Hopper-v4,3
172437,reward,3594,118.64742396676394,146.881,PPO-LN-RegenReg,Hopper-v4,3
172525,reward,3595,122.75870450310617,124.274,PPO-LN-RegenReg,Hopper-v4,3
172571,reward,3596,80.74058198521315,125.985,PPO-LN-RegenReg,Hopper-v4,3
172651,reward,3597,122.53924484995909,123.517,PPO-LN-RegenReg,Hopper-v4,3
172827,reward,3598,249.26168588897406,138.236,PPO-LN-RegenReg,Hopper-v4,3
172909,reward,3599,153.9233978436955,144.196,PPO-LN-RegenReg,Hopper-v4,3
172966,reward,3600,79.77650834454552,146.43,PPO-LN-RegenReg,Hopper-v4,3
173086,reward,3601,233.56223755037541,153.086,PPO-LN-RegenReg,Hopper-v4,3
173201,reward,3602,131.69181271580578,154.426,PPO-LN-RegenReg,Hopper-v4,3
173270,reward,3603,111.53547825207971,140.444,PPO-LN-RegenReg,Hopper-v4,3
173367,reward,3604,172.83451518584752,145.862,PPO-LN-RegenReg,Hopper-v4,3
173584,reward,3605,311.04667102425907,164.691,PPO-LN-RegenReg,Hopper-v4,3
173626,reward,3606,72.09870238472246,163.827,PPO-LN-RegenReg,Hopper-v4,3
173674,reward,3607,79.73035298697464,159.546,PPO-LN-RegenReg,Hopper-v4,3
173793,reward,3608,205.19344464345193,155.139,PPO-LN-RegenReg,Hopper-v4,3
173952,reward,3609,226.98074359843423,162.445,PPO-LN-RegenReg,Hopper-v4,3
174039,reward,3610,142.00577149833433,168.668,PPO-LN-RegenReg,Hopper-v4,3
174291,reward,3611,444.20279359474483,189.732,PPO-LN-RegenReg,Hopper-v4,3
174428,reward,3612,250.5480108820201,201.618,PPO-LN-RegenReg,Hopper-v4,3
174482,reward,3613,90.99002493531732,199.563,PPO-LN-RegenReg,Hopper-v4,3
174531,reward,3614,81.29229637098155,190.409,PPO-LN-RegenReg,Hopper-v4,3
174632,reward,3615,172.3432360264577,176.539,PPO-LN-RegenReg,Hopper-v4,3
174675,reward,3616,39.68990262491597,173.298,PPO-LN-RegenReg,Hopper-v4,3
174834,reward,3617,202.655599660789,185.59,PPO-LN-RegenReg,Hopper-v4,3
174872,reward,3618,58.52033452078693,170.923,PPO-LN-RegenReg,Hopper-v4,3
174960,reward,3619,143.11395043772552,162.536,PPO-LN-RegenReg,Hopper-v4,3
175038,reward,3620,119.46414258062082,160.282,PPO-LN-RegenReg,Hopper-v4,3
175086,reward,3621,83.82746674459749,124.244,PPO-LN-RegenReg,Hopper-v4,3
175174,reward,3622,148.18404984347973,114.008,PPO-LN-RegenReg,Hopper-v4,3
175207,reward,3623,56.66109790019571,110.575,PPO-LN-RegenReg,Hopper-v4,3
175382,reward,3624,204.9503813263923,122.941,PPO-LN-RegenReg,Hopper-v4,3
175451,reward,3625,95.07613736815372,115.214,PPO-LN-RegenReg,Hopper-v4,3
175546,reward,3626,145.3945278690858,125.785,PPO-LN-RegenReg,Hopper-v4,3
175609,reward,3627,114.48010567174731,116.967,PPO-LN-RegenReg,Hopper-v4,3
175702,reward,3628,157.02510717231286,126.818,PPO-LN-RegenReg,Hopper-v4,3
175769,reward,3629,117.12256249980513,124.219,PPO-LN-RegenReg,Hopper-v4,3
175842,reward,3630,93.76843685296897,121.649,PPO-LN-RegenReg,Hopper-v4,3
175942,reward,3631,159.47575294433932,129.214,PPO-LN-RegenReg,Hopper-v4,3
175984,reward,3632,69.20654289960633,121.316,PPO-LN-RegenReg,Hopper-v4,3
176032,reward,3633,82.62477075113476,123.912,PPO-LN-RegenReg,Hopper-v4,3
176059,reward,3634,39.48907632311788,107.366,PPO-LN-RegenReg,Hopper-v4,3
176118,reward,3635,100.0209052136795,107.861,PPO-LN-RegenReg,Hopper-v4,3
176250,reward,3636,206.7138882330169,113.993,PPO-LN-RegenReg,Hopper-v4,3
176306,reward,3637,95.69551285606171,112.114,PPO-LN-RegenReg,Hopper-v4,3
176386,reward,3638,153.41633143732378,111.753,PPO-LN-RegenReg,Hopper-v4,3
176433,reward,3639,83.55190366919065,108.396,PPO-LN-RegenReg,Hopper-v4,3
176557,reward,3640,123.40935879962517,111.36,PPO-LN-RegenReg,Hopper-v4,3
176704,reward,3641,245.5225698615545,119.965,PPO-LN-RegenReg,Hopper-v4,3
176809,reward,3642,171.60861607244433,130.205,PPO-LN-RegenReg,Hopper-v4,3
176935,reward,3643,210.07153490499377,142.95,PPO-LN-RegenReg,Hopper-v4,3
177167,reward,3644,336.24531831166126,172.626,PPO-LN-RegenReg,Hopper-v4,3
177212,reward,3645,74.02322023964196,170.026,PPO-LN-RegenReg,Hopper-v4,3
177361,reward,3646,309.0052963066185,180.255,PPO-LN-RegenReg,Hopper-v4,3
177551,reward,3647,305.0924053929178,201.195,PPO-LN-RegenReg,Hopper-v4,3
177643,reward,3648,145.76656792823607,200.43,PPO-LN-RegenReg,Hopper-v4,3
177725,reward,3649,114.01031870680607,203.476,PPO-LN-RegenReg,Hopper-v4,3
177770,reward,3650,73.98525874491774,198.533,PPO-LN-RegenReg,Hopper-v4,3
177817,reward,3651,76.70115243340157,181.651,PPO-LN-RegenReg,Hopper-v4,3
177890,reward,3652,122.65715526231531,176.756,PPO-LN-RegenReg,Hopper-v4,3
177949,reward,3653,105.9349701113441,166.342,PPO-LN-RegenReg,Hopper-v4,3
178028,reward,3654,114.1631355658177,144.134,PPO-LN-RegenReg,Hopper-v4,3
178181,reward,3655,192.4883609178325,155.98,PPO-LN-RegenReg,Hopper-v4,3
178411,reward,3656,556.7594749886806,180.756,PPO-LN-RegenReg,Hopper-v4,3
178482,reward,3657,93.30727614143261,159.577,PPO-LN-RegenReg,Hopper-v4,3
178825,reward,3658,478.0452656463695,192.805,PPO-LN-RegenReg,Hopper-v4,3
178893,reward,3659,109.23990188815132,192.328,PPO-LN-RegenReg,Hopper-v4,3
179042,reward,3660,204.81416170423876,205.411,PPO-LN-RegenReg,Hopper-v4,3
179057,reward,3661,19.31526470748941,199.672,PPO-LN-RegenReg,Hopper-v4,3
179193,reward,3662,200.8451811853516,207.491,PPO-LN-RegenReg,Hopper-v4,3
179309,reward,3663,224.68114264567342,219.366,PPO-LN-RegenReg,Hopper-v4,3
179353,reward,3664,72.2408663990081,215.174,PPO-LN-RegenReg,Hopper-v4,3
179386,reward,3665,56.75637571260973,201.6,PPO-LN-RegenReg,Hopper-v4,3
179525,reward,3666,175.4406557767109,163.469,PPO-LN-RegenReg,Hopper-v4,3
179599,reward,3667,124.78311706900743,166.616,PPO-LN-RegenReg,Hopper-v4,3
179852,reward,3668,525.2988552796157,171.342,PPO-LN-RegenReg,Hopper-v4,3
179894,reward,3669,64.78291025657076,166.896,PPO-LN-RegenReg,Hopper-v4,3
179973,reward,3670,134.5535697630821,159.87,PPO-LN-RegenReg,Hopper-v4,3
180017,reward,3671,76.12398579856703,165.551,PPO-LN-RegenReg,Hopper-v4,3
180285,reward,3672,601.0030580232607,205.566,PPO-LN-RegenReg,Hopper-v4,3
180381,reward,3673,80.03528857758712,191.102,PPO-LN-RegenReg,Hopper-v4,3
180470,reward,3674,143.54345031588696,198.232,PPO-LN-RegenReg,Hopper-v4,3
180694,reward,3675,399.339034268329,232.49,PPO-LN-RegenReg,Hopper-v4,3
180736,reward,3676,72.84002498691824,222.23,PPO-LN-RegenReg,Hopper-v4,3
180903,reward,3677,369.0396457875077,246.656,PPO-LN-RegenReg,Hopper-v4,3
181031,reward,3678,143.71131509613355,208.497,PPO-LN-RegenReg,Hopper-v4,3
181073,reward,3679,66.54435525924539,208.673,PPO-LN-RegenReg,Hopper-v4,3
181168,reward,3680,160.30949867881031,211.249,PPO-LN-RegenReg,Hopper-v4,3
181225,reward,3681,94.18542064487819,213.055,PPO-LN-RegenReg,Hopper-v4,3
181518,reward,3682,433.09012075928655,196.264,PPO-LN-RegenReg,Hopper-v4,3
181668,reward,3683,193.37796105504592,207.598,PPO-LN-RegenReg,Hopper-v4,3
181719,reward,3684,86.49364967599331,201.893,PPO-LN-RegenReg,Hopper-v4,3
181842,reward,3685,254.64211366949132,187.423,PPO-LN-RegenReg,Hopper-v4,3
181992,reward,3686,186.80699032852834,198.82,PPO-LN-RegenReg,Hopper-v4,3
182039,reward,3687,76.80484709003618,169.597,PPO-LN-RegenReg,Hopper-v4,3
182113,reward,3688,99.3642574182045,165.162,PPO-LN-RegenReg,Hopper-v4,3
182158,reward,3689,76.18207856236884,166.126,PPO-LN-RegenReg,Hopper-v4,3
182228,reward,3690,99.27513561266818,160.022,PPO-LN-RegenReg,Hopper-v4,3
182325,reward,3691,159.1468433126479,166.518,PPO-LN-RegenReg,Hopper-v4,3
182376,reward,3692,82.24686567767095,131.434,PPO-LN-RegenReg,Hopper-v4,3
182479,reward,3693,133.4915984740478,125.445,PPO-LN-RegenReg,Hopper-v4,3
182519,reward,3694,68.94439692488379,123.691,PPO-LN-RegenReg,Hopper-v4,3
182792,reward,3695,389.61411594850046,137.188,PPO-LN-RegenReg,Hopper-v4,3
182837,reward,3696,75.63324709069099,126.07,PPO-LN-RegenReg,Hopper-v4,3
182882,reward,3697,74.58772435299072,125.849,PPO-LN-RegenReg,Hopper-v4,3
182923,reward,3698,66.85555347852858,122.598,PPO-LN-RegenReg,Hopper-v4,3
182955,reward,3699,54.277164944565655,120.407,PPO-LN-RegenReg,Hopper-v4,3
183062,reward,3700,123.78496409189461,122.858,PPO-LN-RegenReg,Hopper-v4,3
183151,reward,3701,144.6021010724328,121.404,PPO-LN-RegenReg,Hopper-v4,3
183186,reward,3702,14.269579544433386,114.606,PPO-LN-RegenReg,Hopper-v4,3
183247,reward,3703,95.04167378387439,110.761,PPO-LN-RegenReg,Hopper-v4,3
183510,reward,3704,430.586165363101,146.925,PPO-LN-RegenReg,Hopper-v4,3
183565,reward,3705,90.51201347120127,117.015,PPO-LN-RegenReg,Hopper-v4,3
183742,reward,3706,215.1792203169052,130.97,PPO-LN-RegenReg,Hopper-v4,3
183754,reward,3707,12.148052641871486,124.726,PPO-LN-RegenReg,Hopper-v4,3
183802,reward,3708,79.06088494107988,125.946,PPO-LN-RegenReg,Hopper-v4,3
183906,reward,3709,154.3662685874248,135.955,PPO-LN-RegenReg,Hopper-v4,3
183944,reward,3710,60.9770183510033,129.674,PPO-LN-RegenReg,Hopper-v4,3
184031,reward,3711,116.95143142684387,126.909,PPO-LN-RegenReg,Hopper-v4,3
184166,reward,3712,189.76680680013712,144.459,PPO-LN-RegenReg,Hopper-v4,3
184311,reward,3713,217.89248149858147,156.744,PPO-LN-RegenReg,Hopper-v4,3
184371,reward,3714,103.37424201908986,124.023,PPO-LN-RegenReg,Hopper-v4,3
184573,reward,3715,283.0001737440964,143.272,PPO-LN-RegenReg,Hopper-v4,3
184706,reward,3716,159.904923853499,137.744,PPO-LN-RegenReg,Hopper-v4,3
184816,reward,3717,194.17055662194454,155.946,PPO-LN-RegenReg,Hopper-v4,3
184894,reward,3718,133.7213922533139,161.413,PPO-LN-RegenReg,Hopper-v4,3
184948,reward,3719,90.42088101643814,155.018,PPO-LN-RegenReg,Hopper-v4,3
184980,reward,3720,48.7950992836481,153.8,PPO-LN-RegenReg,Hopper-v4,3
185050,reward,3721,123.40571621999918,154.445,PPO-LN-RegenReg,Hopper-v4,3
185121,reward,3722,100.25835161281867,145.494,PPO-LN-RegenReg,Hopper-v4,3
185240,reward,3723,136.57191046698074,137.362,PPO-LN-RegenReg,Hopper-v4,3
185283,reward,3724,73.15941461825402,134.341,PPO-LN-RegenReg,Hopper-v4,3
185432,reward,3725,186.50667509284173,124.691,PPO-LN-RegenReg,Hopper-v4,3
185513,reward,3726,139.7915452989646,122.68,PPO-LN-RegenReg,Hopper-v4,3
185559,reward,3727,76.5018964594581,110.913,PPO-LN-RegenReg,Hopper-v4,3
185625,reward,3728,117.13740062597367,109.255,PPO-LN-RegenReg,Hopper-v4,3
185830,reward,3729,355.6723032434874,135.78,PPO-LN-RegenReg,Hopper-v4,3
186031,reward,3730,430.7814937653287,173.979,PPO-LN-RegenReg,Hopper-v4,3
186129,reward,3731,125.81285268374526,174.219,PPO-LN-RegenReg,Hopper-v4,3
186219,reward,3732,157.8808594551694,179.982,PPO-LN-RegenReg,Hopper-v4,3
186251,reward,3733,48.80323397523409,171.205,PPO-LN-RegenReg,Hopper-v4,3
186533,reward,3734,642.2553514033056,228.114,PPO-LN-RegenReg,Hopper-v4,3
186635,reward,3735,178.99861148361833,227.364,PPO-LN-RegenReg,Hopper-v4,3
186681,reward,3736,81.25823198554308,221.51,PPO-LN-RegenReg,Hopper-v4,3
186717,reward,3737,62.153164686960785,220.075,PPO-LN-RegenReg,Hopper-v4,3
186946,reward,3738,330.2506705130071,241.387,PPO-LN-RegenReg,Hopper-v4,3
187043,reward,3739,165.54618912188917,222.374,PPO-LN-RegenReg,Hopper-v4,3
187162,reward,3740,211.79607691907464,200.476,PPO-LN-RegenReg,Hopper-v4,3
187201,reward,3741,65.10368893307871,194.405,PPO-LN-RegenReg,Hopper-v4,3
187292,reward,3742,144.65099268755253,193.082,PPO-LN-RegenReg,Hopper-v4,3
187383,reward,3743,105.23638093264702,198.725,PPO-LN-RegenReg,Hopper-v4,3
187515,reward,3744,232.8155169412638,157.781,PPO-LN-RegenReg,Hopper-v4,3
187600,reward,3745,120.85175934929352,151.966,PPO-LN-RegenReg,Hopper-v4,3
187705,reward,3746,123.97439411817533,156.238,PPO-LN-RegenReg,Hopper-v4,3
187879,reward,3747,280.3454161307089,178.057,PPO-LN-RegenReg,Hopper-v4,3
187992,reward,3748,223.84230829135072,167.416,PPO-LN-RegenReg,Hopper-v4,3
188046,reward,3749,81.59645491012421,159.021,PPO-LN-RegenReg,Hopper-v4,3
188066,reward,3750,28.692436077296108,140.711,PPO-LN-RegenReg,Hopper-v4,3
188224,reward,3751,243.76265272632202,158.577,PPO-LN-RegenReg,Hopper-v4,3
188373,reward,3752,262.2914168348115,170.341,PPO-LN-RegenReg,Hopper-v4,3
188464,reward,3753,122.18227906598756,172.035,PPO-LN-RegenReg,Hopper-v4,3
188526,reward,3754,87.5303527702446,157.507,PPO-LN-RegenReg,Hopper-v4,3
188678,reward,3755,308.30356235654097,176.252,PPO-LN-RegenReg,Hopper-v4,3
188787,reward,3756,104.35648083638037,174.29,PPO-LN-RegenReg,Hopper-v4,3
188963,reward,3757,396.64896182081844,185.921,PPO-LN-RegenReg,Hopper-v4,3
189028,reward,3758,113.96764881525598,174.933,PPO-LN-RegenReg,Hopper-v4,3
189124,reward,3759,146.13118939596362,181.387,PPO-LN-RegenReg,Hopper-v4,3
189260,reward,3760,299.5890242059449,208.476,PPO-LN-RegenReg,Hopper-v4,3
189316,reward,3761,40.23670001904955,188.124,PPO-LN-RegenReg,Hopper-v4,3
189410,reward,3762,126.6973418428223,174.564,PPO-LN-RegenReg,Hopper-v4,3
189451,reward,3763,70.32827392975481,169.379,PPO-LN-RegenReg,Hopper-v4,3
189521,reward,3764,132.61365692160484,173.887,PPO-LN-RegenReg,Hopper-v4,3
189597,reward,3765,81.74757694750438,151.232,PPO-LN-RegenReg,Hopper-v4,3
189653,reward,3766,96.57734228069693,150.454,PPO-LN-RegenReg,Hopper-v4,3
189835,reward,3767,320.37134852928546,142.826,PPO-LN-RegenReg,Hopper-v4,3
189902,reward,3768,136.58755595181185,145.088,PPO-LN-RegenReg,Hopper-v4,3
190008,reward,3769,152.67241758710273,145.742,PPO-LN-RegenReg,Hopper-v4,3
190071,reward,3770,101.44422920619101,125.928,PPO-LN-RegenReg,Hopper-v4,3
190112,reward,3771,69.65424096494823,128.869,PPO-LN-RegenReg,Hopper-v4,3
190181,reward,3772,83.62934878848286,124.563,PPO-LN-RegenReg,Hopper-v4,3
190315,reward,3773,203.59648108769503,137.889,PPO-LN-RegenReg,Hopper-v4,3
190581,reward,3774,626.7697835331234,187.305,PPO-LN-RegenReg,Hopper-v4,3
190686,reward,3775,139.38330217812398,193.069,PPO-LN-RegenReg,Hopper-v4,3
190813,reward,3776,195.7785356762729,202.989,PPO-LN-RegenReg,Hopper-v4,3
190881,reward,3777,112.89823998029205,182.241,PPO-LN-RegenReg,Hopper-v4,3
190905,reward,3778,35.64882044272369,172.148,PPO-LN-RegenReg,Hopper-v4,3
191057,reward,3779,227.03781280276988,179.584,PPO-LN-RegenReg,Hopper-v4,3
191102,reward,3780,79.04091006410802,177.344,PPO-LN-RegenReg,Hopper-v4,3
191139,reward,3781,57.77194315842534,176.156,PPO-LN-RegenReg,Hopper-v4,3
191277,reward,3782,209.95976187626866,188.789,PPO-LN-RegenReg,Hopper-v4,3
191441,reward,3783,377.007592304486,206.13,PPO-LN-RegenReg,Hopper-v4,3
191579,reward,3784,193.06040248667856,162.759,PPO-LN-RegenReg,Hopper-v4,3
191822,reward,3785,422.05705082316507,191.026,PPO-LN-RegenReg,Hopper-v4,3
191957,reward,3786,232.50819763503623,194.699,PPO-LN-RegenReg,Hopper-v4,3
192134,reward,3787,193.57091794456352,202.766,PPO-LN-RegenReg,Hopper-v4,3
192271,reward,3788,211.76440280499037,220.378,PPO-LN-RegenReg,Hopper-v4,3
192360,reward,3789,127.39286568286623,210.413,PPO-LN-RegenReg,Hopper-v4,3
192557,reward,3790,297.8286402889416,232.292,PPO-LN-RegenReg,Hopper-v4,3
192698,reward,3791,304.97216524973334,257.012,PPO-LN-RegenReg,Hopper-v4,3
192716,reward,3792,20.775132667288453,238.094,PPO-LN-RegenReg,Hopper-v4,3
192765,reward,3793,62.12340892915544,206.605,PPO-LN-RegenReg,Hopper-v4,3
193006,reward,3794,509.49219653503224,238.248,PPO-LN-RegenReg,Hopper-v4,3
193146,reward,3795,252.27533603617243,221.27,PPO-LN-RegenReg,Hopper-v4,3
193446,reward,3796,557.3626624462055,253.756,PPO-LN-RegenReg,Hopper-v4,3
193537,reward,3797,113.20022611358516,245.719,PPO-LN-RegenReg,Hopper-v4,3
193672,reward,3798,179.44223401830595,242.486,PPO-LN-RegenReg,Hopper-v4,3
193752,reward,3799,126.05773117783596,242.353,PPO-LN-RegenReg,Hopper-v4,3
193851,reward,3800,134.37150236554814,226.007,PPO-LN-RegenReg,Hopper-v4,3
194019,reward,3801,269.8639426831312,222.496,PPO-LN-RegenReg,Hopper-v4,3
194120,reward,3802,170.30994315283976,237.45,PPO-LN-RegenReg,Hopper-v4,3
194246,reward,3803,225.86865912530652,253.824,PPO-LN-RegenReg,Hopper-v4,3
194297,reward,3804,43.44953750118095,207.22,PPO-LN-RegenReg,Hopper-v4,3
194378,reward,3805,168.5305900724941,198.846,PPO-LN-RegenReg,Hopper-v4,3
194503,reward,3806,166.6403921413003,159.773,PPO-LN-RegenReg,Hopper-v4,3
194701,reward,3807,333.54143071939234,181.808,PPO-LN-RegenReg,Hopper-v4,3
194824,reward,3808,160.4706386839837,179.91,PPO-LN-RegenReg,Hopper-v4,3
194941,reward,3809,165.82389573477988,183.887,PPO-LN-RegenReg,Hopper-v4,3
195121,reward,3810,335.51333205039253,204.001,PPO-LN-RegenReg,Hopper-v4,3
195379,reward,3811,332.8138163705224,210.296,PPO-LN-RegenReg,Hopper-v4,3
195460,reward,3812,119.32465321716614,205.198,PPO-LN-RegenReg,Hopper-v4,3
195556,reward,3813,121.08508917475376,194.719,PPO-LN-RegenReg,Hopper-v4,3
195763,reward,3814,362.6592267504959,226.64,PPO-LN-RegenReg,Hopper-v4,3
195839,reward,3815,108.63864385757422,220.651,PPO-LN-RegenReg,Hopper-v4,3
195986,reward,3816,299.89941457633165,233.977,PPO-LN-RegenReg,Hopper-v4,3
196086,reward,3817,143.74810775751595,214.998,PPO-LN-RegenReg,Hopper-v4,3
196182,reward,3818,126.81972738199273,211.633,PPO-LN-RegenReg,Hopper-v4,3
196297,reward,3819,193.04699358532346,214.355,PPO-LN-RegenReg,Hopper-v4,3
196415,reward,3820,154.96449290961846,196.3,PPO-LN-RegenReg,Hopper-v4,3
196459,reward,3821,77.37966986558267,170.757,PPO-LN-RegenReg,Hopper-v4,3
196540,reward,3822,81.2271630374031,166.947,PPO-LN-RegenReg,Hopper-v4,3
196601,reward,3823,106.93165845238812,165.532,PPO-LN-RegenReg,Hopper-v4,3
196662,reward,3824,97.23868074688842,138.989,PPO-LN-RegenReg,Hopper-v4,3
196861,reward,3825,454.7445121055627,173.6,PPO-LN-RegenReg,Hopper-v4,3
196942,reward,3826,135.9216511394076,157.202,PPO-LN-RegenReg,Hopper-v4,3
197069,reward,3827,224.03378576481907,165.231,PPO-LN-RegenReg,Hopper-v4,3
197156,reward,3828,162.913044264918,168.84,PPO-LN-RegenReg,Hopper-v4,3
197218,reward,3829,69.23238150217249,156.459,PPO-LN-RegenReg,Hopper-v4,3
197392,reward,3830,413.601825062589,182.322,PPO-LN-RegenReg,Hopper-v4,3
197507,reward,3831,147.2725401974323,189.312,PPO-LN-RegenReg,Hopper-v4,3
197631,reward,3832,325.4051843146016,213.73,PPO-LN-RegenReg,Hopper-v4,3
197722,reward,3833,119.62531815795019,214.999,PPO-LN-RegenReg,Hopper-v4,3
197854,reward,3834,158.05298059037062,221.08,PPO-LN-RegenReg,Hopper-v4,3
197915,reward,3835,113.26827829245433,186.933,PPO-LN-RegenReg,Hopper-v4,3
198139,reward,3836,436.25066742517606,216.966,PPO-LN-RegenReg,Hopper-v4,3
198200,reward,3837,108.62268283925013,205.424,PPO-LN-RegenReg,Hopper-v4,3
198247,reward,3838,72.23403085868121,196.357,PPO-LN-RegenReg,Hopper-v4,3
198342,reward,3839,192.79206971765132,208.713,PPO-LN-RegenReg,Hopper-v4,3
198438,reward,3840,131.10557895545273,180.463,PPO-LN-RegenReg,Hopper-v4,3
198502,reward,3841,87.84547902704684,174.52,PPO-LN-RegenReg,Hopper-v4,3
198576,reward,3842,79.4691125931978,149.927,PPO-LN-RegenReg,Hopper-v4,3
198667,reward,3843,145.34533660302324,152.499,PPO-LN-RegenReg,Hopper-v4,3
198734,reward,3844,52.24657902201999,141.918,PPO-LN-RegenReg,Hopper-v4,3
198828,reward,3845,145.76927402011182,145.168,PPO-LN-RegenReg,Hopper-v4,3
198909,reward,3846,150.4010812274361,116.583,PPO-LN-RegenReg,Hopper-v4,3
199031,reward,3847,149.9158561816447,120.712,PPO-LN-RegenReg,Hopper-v4,3
199116,reward,3848,131.09426713581288,126.598,PPO-LN-RegenReg,Hopper-v4,3
199213,reward,3849,141.76771903540734,121.496,PPO-LN-RegenReg,Hopper-v4,3
199409,reward,3850,359.9711256459838,144.383,PPO-LN-RegenReg,Hopper-v4,3
199527,reward,3851,186.78859038804782,154.277,PPO-LN-RegenReg,Hopper-v4,3
199613,reward,3852,160.73543802657332,162.404,PPO-LN-RegenReg,Hopper-v4,3
199717,reward,3853,176.92837209602484,165.562,PPO-LN-RegenReg,Hopper-v4,3
199789,reward,3854,113.18045160272102,171.655,PPO-LN-RegenReg,Hopper-v4,3
199839,reward,3855,87.64460211548871,165.843,PPO-LN-RegenReg,Hopper-v4,3
199897,reward,3856,55.67046646997993,156.37,PPO-LN-RegenReg,Hopper-v4,3
199949,reward,3857,93.27921599926803,150.706,PPO-LN-RegenReg,Hopper-v4,3
200039,reward,3858,115.45578557361137,149.142,PPO-LN-RegenReg,Hopper-v4,3
200130,reward,3859,127.03587505357481,147.669,PPO-LN-RegenReg,Hopper-v4,3
200232,reward,3860,207.36053234174568,132.408,PPO-LN-RegenReg,Hopper-v4,3
200299,reward,3861,138.83383454491903,127.612,PPO-LN-RegenReg,Hopper-v4,3
200367,reward,3862,77.33122623936025,119.272,PPO-LN-RegenReg,Hopper-v4,3
200524,reward,3863,319.48056835286326,133.527,PPO-LN-RegenReg,Hopper-v4,3
200696,reward,3864,232.43632087085234,145.453,PPO-LN-RegenReg,Hopper-v4,3
200791,reward,3865,170.4378007238641,153.732,PPO-LN-RegenReg,Hopper-v4,3
200856,reward,3866,80.89923681273011,156.255,PPO-LN-RegenReg,Hopper-v4,3
200963,reward,3867,182.4700645998089,165.174,PPO-LN-RegenReg,Hopper-v4,3
201072,reward,3868,252.61171868792883,178.89,PPO-LN-RegenReg,Hopper-v4,3
201233,reward,3869,366.4468751762189,202.831,PPO-LN-RegenReg,Hopper-v4,3
201317,reward,3870,157.93435410306472,197.888,PPO-LN-RegenReg,Hopper-v4,3
201422,reward,3871,152.9593671526348,199.301,PPO-LN-RegenReg,Hopper-v4,3
201609,reward,3872,338.6010603097309,225.428,PPO-LN-RegenReg,Hopper-v4,3
201685,reward,3873,109.207931701882,204.4,PPO-LN-RegenReg,Hopper-v4,3
201815,reward,3874,189.55832527216967,200.113,PPO-LN-RegenReg,Hopper-v4,3
201886,reward,3875,78.22802903911027,190.892,PPO-LN-RegenReg,Hopper-v4,3
202131,reward,3876,606.8736454004346,243.489,PPO-LN-RegenReg,Hopper-v4,3
202303,reward,3877,397.9698944879947,265.039,PPO-LN-RegenReg,Hopper-v4,3
202409,reward,3878,200.8387145505154,259.862,PPO-LN-RegenReg,Hopper-v4,3
202510,reward,3879,187.50831815814698,241.968,PPO-LN-RegenReg,Hopper-v4,3
202523,reward,3880,13.526594392007967,227.527,PPO-LN-RegenReg,Hopper-v4,3
202672,reward,3881,272.70420775383593,239.502,PPO-LN-RegenReg,Hopper-v4,3
202796,reward,3882,226.37048969419462,228.279,PPO-LN-RegenReg,Hopper-v4,3
202844,reward,3883,83.90111125874894,225.748,PPO-LN-RegenReg,Hopper-v4,3
202921,reward,3884,135.52750839020578,220.345,PPO-LN-RegenReg,Hopper-v4,3
202972,reward,3885,88.44318546623481,221.366,PPO-LN-RegenReg,Hopper-v4,3
203035,reward,3886,53.65473485774229,166.044,PPO-LN-RegenReg,Hopper-v4,3
203162,reward,3887,215.68860654153445,147.816,PPO-LN-RegenReg,Hopper-v4,3
203252,reward,3888,147.1411257815353,142.447,PPO-LN-RegenReg,Hopper-v4,3
203292,reward,3889,68.30174832150612,130.526,PPO-LN-RegenReg,Hopper-v4,3
203435,reward,3890,284.8185731038498,157.655,PPO-LN-RegenReg,Hopper-v4,3
203558,reward,3891,330.7428103941743,163.459,PPO-LN-RegenReg,Hopper-v4,3
203684,reward,3892,302.6682234272782,171.089,PPO-LN-RegenReg,Hopper-v4,3
203769,reward,3893,133.59652345840294,176.058,PPO-LN-RegenReg,Hopper-v4,3
203862,reward,3894,125.54667940415814,175.06,PPO-LN-RegenReg,Hopper-v4,3
203904,reward,3895,61.282942680544245,172.344,PPO-LN-RegenReg,Hopper-v4,3
204074,reward,3896,306.39615114633733,197.618,PPO-LN-RegenReg,Hopper-v4,3
204233,reward,3897,249.1091832694605,200.96,PPO-LN-RegenReg,Hopper-v4,3
204331,reward,3898,152.22227055631362,201.469,PPO-LN-RegenReg,Hopper-v4,3
204409,reward,3899,119.17035062689455,206.555,PPO-LN-RegenReg,Hopper-v4,3
204489,reward,3900,151.6025003426313,193.234,PPO-LN-RegenReg,Hopper-v4,3
204535,reward,3901,78.6187369905611,168.021,PPO-LN-RegenReg,Hopper-v4,3
204733,reward,3902,338.93274052353144,171.648,PPO-LN-RegenReg,Hopper-v4,3
204822,reward,3903,126.57045692395069,170.945,PPO-LN-RegenReg,Hopper-v4,3
204924,reward,3904,159.98612467858013,174.389,PPO-LN-RegenReg,Hopper-v4,3
205098,reward,3905,459.2557687798065,214.186,PPO-LN-RegenReg,Hopper-v4,3
205154,reward,3906,92.60908472702793,192.808,PPO-LN-RegenReg,Hopper-v4,3
205213,reward,3907,107.91498470354074,178.688,PPO-LN-RegenReg,Hopper-v4,3
205278,reward,3908,114.81043795846239,174.947,PPO-LN-RegenReg,Hopper-v4,3
205332,reward,3909,88.1354899277145,171.844,PPO-LN-RegenReg,Hopper-v4,3
205445,reward,3910,93.72876753057068,166.056,PPO-LN-RegenReg,Hopper-v4,3
205531,reward,3911,93.86795381190636,167.581,PPO-LN-RegenReg,Hopper-v4,3
205620,reward,3912,158.3302397033514,149.521,PPO-LN-RegenReg,Hopper-v4,3
205718,reward,3913,130.04554133536823,149.868,PPO-LN-RegenReg,Hopper-v4,3
205816,reward,3914,160.86238256252167,149.956,PPO-LN-RegenReg,Hopper-v4,3
205908,reward,3915,155.4955345869225,119.58,PPO-LN-RegenReg,Hopper-v4,3
206076,reward,3916,414.21606382112867,151.741,PPO-LN-RegenReg,Hopper-v4,3
206154,reward,3917,109.86981532394219,151.936,PPO-LN-RegenReg,Hopper-v4,3
206353,reward,3918,315.8232364195817,172.038,PPO-LN-RegenReg,Hopper-v4,3
206371,reward,3919,23.206798226353218,165.545,PPO-LN-RegenReg,Hopper-v4,3
206433,reward,3920,104.37632268160246,166.609,PPO-LN-RegenReg,Hopper-v4,3
206479,reward,3921,76.18776901129246,164.841,PPO-LN-RegenReg,Hopper-v4,3
206526,reward,3922,79.52017245975007,156.96,PPO-LN-RegenReg,Hopper-v4,3
206642,reward,3923,243.26880755823544,168.283,PPO-LN-RegenReg,Hopper-v4,3
206738,reward,3924,112.31360187609909,163.428,PPO-LN-RegenReg,Hopper-v4,3
206890,reward,3925,214.94166659262788,169.372,PPO-LN-RegenReg,Hopper-v4,3
207032,reward,3926,245.22148845965722,152.473,PPO-LN-RegenReg,Hopper-v4,3
207129,reward,3927,113.66490682711185,152.852,PPO-LN-RegenReg,Hopper-v4,3
207183,reward,3928,98.30174449908262,131.1,PPO-LN-RegenReg,Hopper-v4,3
207272,reward,3929,106.19834776583807,139.399,PPO-LN-RegenReg,Hopper-v4,3
207332,reward,3930,115.08818011186617,140.471,PPO-LN-RegenReg,Hopper-v4,3
207410,reward,3931,145.8763975727967,147.44,PPO-LN-RegenReg,Hopper-v4,3
207534,reward,3932,245.53330102552698,164.041,PPO-LN-RegenReg,Hopper-v4,3
207584,reward,3933,32.306483527625566,142.945,PPO-LN-RegenReg,Hopper-v4,3
207688,reward,3934,198.65228993903185,151.578,PPO-LN-RegenReg,Hopper-v4,3
207756,reward,3935,139.18425528540865,144.003,PPO-LN-RegenReg,Hopper-v4,3
207856,reward,3936,145.85504031930648,134.066,PPO-LN-RegenReg,Hopper-v4,3
208058,reward,3937,359.8335589302492,158.683,PPO-LN-RegenReg,Hopper-v4,3
208122,reward,3938,116.37704247722206,160.49,PPO-LN-RegenReg,Hopper-v4,3
208243,reward,3939,297.4955675628054,179.62,PPO-LN-RegenReg,Hopper-v4,3
208311,reward,3940,126.36433848390196,180.748,PPO-LN-RegenReg,Hopper-v4,3
208375,reward,3941,110.31477543416545,177.192,PPO-LN-RegenReg,Hopper-v4,3
208524,reward,3942,222.80564686204247,174.919,PPO-LN-RegenReg,Hopper-v4,3
208603,reward,3943,162.97774409247162,187.986,PPO-LN-RegenReg,Hopper-v4,3
208699,reward,3944,144.62842229424905,182.584,PPO-LN-RegenReg,Hopper-v4,3
208853,reward,3945,309.081880779452,199.573,PPO-LN-RegenReg,Hopper-v4,3
208940,reward,3946,132.55000603071812,198.243,PPO-LN-RegenReg,Hopper-v4,3
208986,reward,3947,76.50017612801403,169.91,PPO-LN-RegenReg,Hopper-v4,3
209094,reward,3948,221.1152801843091,180.383,PPO-LN-RegenReg,Hopper-v4,3
209270,reward,3949,361.87392037195855,186.821,PPO-LN-RegenReg,Hopper-v4,3
209314,reward,3950,73.83320468922797,181.568,PPO-LN-RegenReg,Hopper-v4,3
209492,reward,3951,301.06422968405417,200.643,PPO-LN-RegenReg,Hopper-v4,3
209559,reward,3952,57.36218902791646,184.099,PPO-LN-RegenReg,Hopper-v4,3
209790,reward,3953,309.1435817376257,198.715,PPO-LN-RegenReg,Hopper-v4,3
209845,reward,3954,102.36360547050221,194.489,PPO-LN-RegenReg,Hopper-v4,3
209913,reward,3955,91.38735187546101,172.719,PPO-LN-RegenReg,Hopper-v4,3
209977,reward,3956,120.28286555009095,171.493,PPO-LN-RegenReg,Hopper-v4,3
210045,reward,3957,65.32867252277826,170.375,PPO-LN-RegenReg,Hopper-v4,3
210204,reward,3958,367.84761863115847,185.049,PPO-LN-RegenReg,Hopper-v4,3
210266,reward,3959,85.78624984002285,157.44,PPO-LN-RegenReg,Hopper-v4,3
210287,reward,3960,1.443777310022682,150.201,PPO-LN-RegenReg,Hopper-v4,3
210321,reward,3961,7.453509580061393,120.84,PPO-LN-RegenReg,Hopper-v4,3
210470,reward,3962,350.8797335016477,150.192,PPO-LN-RegenReg,Hopper-v4,3
210632,reward,3963,373.8369759926593,156.661,PPO-LN-RegenReg,Hopper-v4,3
210721,reward,3964,117.26603533458731,158.151,PPO-LN-RegenReg,Hopper-v4,3
210853,reward,3965,288.835124416533,177.896,PPO-LN-RegenReg,Hopper-v4,3
210896,reward,3966,74.73840945485647,173.342,PPO-LN-RegenReg,Hopper-v4,3
210981,reward,3967,130.51284711655612,179.86,PPO-LN-RegenReg,Hopper-v4,3
211052,reward,3968,111.00858076044248,154.176,PPO-LN-RegenReg,Hopper-v4,3
211203,reward,3969,248.94018485404717,170.492,PPO-LN-RegenReg,Hopper-v4,3
211365,reward,3970,389.34214797662264,209.281,PPO-LN-RegenReg,Hopper-v4,3
211496,reward,3971,212.89892012717436,229.826,PPO-LN-RegenReg,Hopper-v4,3
211553,reward,3972,98.72301067129557,204.61,PPO-LN-RegenReg,Hopper-v4,3
211610,reward,3973,103.95922485089434,177.622,PPO-LN-RegenReg,Hopper-v4,3
211746,reward,3974,302.49399206533207,196.145,PPO-LN-RegenReg,Hopper-v4,3
211788,reward,3975,22.577320434442164,169.519,PPO-LN-RegenReg,Hopper-v4,3
211925,reward,3976,260.84041049032726,188.13,PPO-LN-RegenReg,Hopper-v4,3
212012,reward,3977,73.41141239825737,182.42,PPO-LN-RegenReg,Hopper-v4,3
212062,reward,3978,81.39342562831573,179.458,PPO-LN-RegenReg,Hopper-v4,3
212129,reward,3979,131.96673212229595,167.761,PPO-LN-RegenReg,Hopper-v4,3
212288,reward,3980,384.7034831019372,167.297,PPO-LN-RegenReg,Hopper-v4,3
212335,reward,3981,79.15448271068244,153.922,PPO-LN-RegenReg,Hopper-v4,3
212391,reward,3982,48.834923361748096,148.934,PPO-LN-RegenReg,Hopper-v4,3
212441,reward,3983,45.064334502342106,143.044,PPO-LN-RegenReg,Hopper-v4,3
212553,reward,3984,149.37553532207545,127.732,PPO-LN-RegenReg,Hopper-v4,3
212657,reward,3985,142.8074240913133,139.755,PPO-LN-RegenReg,Hopper-v4,3
212713,reward,3986,86.12538415141155,122.284,PPO-LN-RegenReg,Hopper-v4,3
212921,reward,3987,379.1374617556667,152.856,PPO-LN-RegenReg,Hopper-v4,3
213014,reward,3988,135.1445818602848,158.231,PPO-LN-RegenReg,Hopper-v4,3
213045,reward,3989,12.970277895524521,146.332,PPO-LN-RegenReg,Hopper-v4,3
213137,reward,3990,183.5823630666942,126.22,PPO-LN-RegenReg,Hopper-v4,3
213277,reward,3991,282.5332943577714,146.558,PPO-LN-RegenReg,Hopper-v4,3
213359,reward,3992,95.81066866267932,151.255,PPO-LN-RegenReg,Hopper-v4,3
213450,reward,3993,196.57541360606305,166.406,PPO-LN-RegenReg,Hopper-v4,3
213529,reward,3994,140.46404005916617,165.515,PPO-LN-RegenReg,Hopper-v4,3
213654,reward,3995,255.4713512881411,176.781,PPO-LN-RegenReg,Hopper-v4,3
213733,reward,3996,139.1078290670195,182.08,PPO-LN-RegenReg,Hopper-v4,3
213791,reward,3997,98.21274922955298,153.987,PPO-LN-RegenReg,Hopper-v4,3
213950,reward,3998,251.8502913607291,165.658,PPO-LN-RegenReg,Hopper-v4,3
214143,reward,3999,249.7443389954479,189.335,PPO-LN-RegenReg,Hopper-v4,3
214271,reward,4000,301.58579981474526,201.136,PPO-LN-RegenReg,Hopper-v4,3
214430,reward,4001,349.62439227855583,207.845,PPO-LN-RegenReg,Hopper-v4,3
214506,reward,4002,137.55098085097833,212.019,PPO-LN-RegenReg,Hopper-v4,3
214586,reward,4003,115.37220369464163,203.898,PPO-LN-RegenReg,Hopper-v4,3
214634,reward,4004,80.9176616556081,197.944,PPO-LN-RegenReg,Hopper-v4,3
214750,reward,4005,221.5030584707447,194.547,PPO-LN-RegenReg,Hopper-v4,3
214815,reward,4006,103.70682027359467,191.007,PPO-LN-RegenReg,Hopper-v4,3
214960,reward,4007,259.9822406475798,207.184,PPO-LN-RegenReg,Hopper-v4,3
215059,reward,4008,187.26019202038538,200.725,PPO-LN-RegenReg,Hopper-v4,3
215190,reward,4009,200.6280683964749,195.813,PPO-LN-RegenReg,Hopper-v4,3
215294,reward,4010,212.5637637367105,186.911,PPO-LN-RegenReg,Hopper-v4,3
215341,reward,4011,77.36510426856411,159.685,PPO-LN-RegenReg,Hopper-v4,3
215440,reward,4012,184.76000214957352,164.406,PPO-LN-RegenReg,Hopper-v4,3
215562,reward,4013,238.08638982070326,176.677,PPO-LN-RegenReg,Hopper-v4,3
215669,reward,4014,164.296893904836,185.015,PPO-LN-RegenReg,Hopper-v4,3
215798,reward,4015,263.3712648660694,189.202,PPO-LN-RegenReg,Hopper-v4,3
215976,reward,4016,363.10629970069687,215.142,PPO-LN-RegenReg,Hopper-v4,3
216035,reward,4017,84.32509344041435,197.576,PPO-LN-RegenReg,Hopper-v4,3
216128,reward,4018,135.26748617204026,192.377,PPO-LN-RegenReg,Hopper-v4,3
216195,reward,4019,103.27120779010018,182.641,PPO-LN-RegenReg,Hopper-v4,3
216218,reward,4020,2.176113663380817,161.603,PPO-LN-RegenReg,Hopper-v4,3
216326,reward,4021,153.92251589960364,169.258,PPO-LN-RegenReg,Hopper-v4,3
216442,reward,4022,237.59200069697553,174.542,PPO-LN-RegenReg,Hopper-v4,3
216520,reward,4023,168.494647188463,167.582,PPO-LN-RegenReg,Hopper-v4,3
216590,reward,4024,146.2267359993977,165.775,PPO-LN-RegenReg,Hopper-v4,3
216697,reward,4025,171.85194812685748,156.623,PPO-LN-RegenReg,Hopper-v4,3
216838,reward,4026,279.24519132636607,148.237,PPO-LN-RegenReg,Hopper-v4,3
216914,reward,4027,86.92744906204697,148.498,PPO-LN-RegenReg,Hopper-v4,3
217079,reward,4028,246.73442721681744,159.644,PPO-LN-RegenReg,Hopper-v4,3
217294,reward,4029,521.2857960995324,201.446,PPO-LN-RegenReg,Hopper-v4,3
217443,reward,4030,179.55570190884126,219.184,PPO-LN-RegenReg,Hopper-v4,3
217520,reward,4031,151.04036526675844,218.895,PPO-LN-RegenReg,Hopper-v4,3
217608,reward,4032,129.03785693728494,208.04,PPO-LN-RegenReg,Hopper-v4,3
217661,reward,4033,82.91708154784153,199.482,PPO-LN-RegenReg,Hopper-v4,3
217935,reward,4034,668.1429669254779,251.674,PPO-LN-RegenReg,Hopper-v4,3
218262,reward,4035,638.0521149076955,298.294,PPO-LN-RegenReg,Hopper-v4,3
218365,reward,4036,199.37854847241522,290.307,PPO-LN-RegenReg,Hopper-v4,3
218519,reward,4037,275.5562848694397,309.17,PPO-LN-RegenReg,Hopper-v4,3
218692,reward,4038,392.5039629932278,323.747,PPO-LN-RegenReg,Hopper-v4,3
218785,reward,4039,107.4593176288401,282.364,PPO-LN-RegenReg,Hopper-v4,3
218816,reward,4040,54.04442381049752,269.813,PPO-LN-RegenReg,Hopper-v4,3
218927,reward,4041,247.60469205680735,279.47,PPO-LN-RegenReg,Hopper-v4,3
219080,reward,4042,207.38891678335088,287.305,PPO-LN-RegenReg,Hopper-v4,3
219244,reward,4043,275.2939604170695,306.543,PPO-LN-RegenReg,Hopper-v4,3
219321,reward,4044,154.7392523897646,255.202,PPO-LN-RegenReg,Hopper-v4,3
219378,reward,4045,98.88865946871304,201.286,PPO-LN-RegenReg,Hopper-v4,3
219554,reward,4046,352.55987340099097,216.604,PPO-LN-RegenReg,Hopper-v4,3
219680,reward,4047,266.75433771793445,215.724,PPO-LN-RegenReg,Hopper-v4,3
219819,reward,4048,294.07348495778064,205.881,PPO-LN-RegenReg,Hopper-v4,3
220016,reward,4049,346.2469122126704,229.759,PPO-LN-RegenReg,Hopper-v4,3
220100,reward,4050,117.76851445884684,236.132,PPO-LN-RegenReg,Hopper-v4,3
220211,reward,4051,166.21988507574346,227.993,PPO-LN-RegenReg,Hopper-v4,3
220298,reward,4052,147.2863457706618,221.983,PPO-LN-RegenReg,Hopper-v4,3
220420,reward,4053,129.14762684388378,207.368,PPO-LN-RegenReg,Hopper-v4,3
220544,reward,4054,287.72590637400504,220.667,PPO-LN-RegenReg,Hopper-v4,3
220633,reward,4055,214.83440369737704,232.262,PPO-LN-RegenReg,Hopper-v4,3
220685,reward,4056,91.30190507291633,206.136,PPO-LN-RegenReg,Hopper-v4,3
220735,reward,4057,88.30279168163639,188.291,PPO-LN-RegenReg,Hopper-v4,3
220848,reward,4058,182.39377536289427,177.123,PPO-LN-RegenReg,Hopper-v4,3
220894,reward,4059,81.44989224554607,150.643,PPO-LN-RegenReg,Hopper-v4,3
220939,reward,4060,78.00605840164864,146.667,PPO-LN-RegenReg,Hopper-v4,3
221020,reward,4061,158.07356965450228,145.852,PPO-LN-RegenReg,Hopper-v4,3
221092,reward,4062,135.7322734845675,144.697,PPO-LN-RegenReg,Hopper-v4,3
221276,reward,4063,371.46850614846727,168.929,PPO-LN-RegenReg,Hopper-v4,3
221447,reward,4064,392.6762489706569,179.424,PPO-LN-RegenReg,Hopper-v4,3
221613,reward,4065,274.05898458265995,185.346,PPO-LN-RegenReg,Hopper-v4,3
221727,reward,4066,213.85734494281874,197.602,PPO-LN-RegenReg,Hopper-v4,3
221815,reward,4067,139.3997887092396,202.712,PPO-LN-RegenReg,Hopper-v4,3
221881,reward,4068,87.6133645072841,193.234,PPO-LN-RegenReg,Hopper-v4,3
222071,reward,4069,321.0123490674707,217.19,PPO-LN-RegenReg,Hopper-v4,3
222185,reward,4070,150.56568780759744,224.446,PPO-LN-RegenReg,Hopper-v4,3
222273,reward,4071,140.6044254356576,222.699,PPO-LN-RegenReg,Hopper-v4,3
222430,reward,4072,345.63950778674916,243.69,PPO-LN-RegenReg,Hopper-v4,3
222645,reward,4073,383.04685254901966,244.847,PPO-LN-RegenReg,Hopper-v4,3
222726,reward,4074,149.34060484652835,220.514,PPO-LN-RegenReg,Hopper-v4,3
222800,reward,4075,114.80379273229511,204.588,PPO-LN-RegenReg,Hopper-v4,3
222874,reward,4076,111.54180349260211,194.357,PPO-LN-RegenReg,Hopper-v4,3
223024,reward,4077,305.3367744851226,210.951,PPO-LN-RegenReg,Hopper-v4,3
223201,reward,4078,416.7498828185546,243.864,PPO-LN-RegenReg,Hopper-v4,3
223315,reward,4079,258.4804934476387,237.611,PPO-LN-RegenReg,Hopper-v4,3
223422,reward,4080,217.51338078952364,244.306,PPO-LN-RegenReg,Hopper-v4,3
223561,reward,4081,276.23167560674153,257.868,PPO-LN-RegenReg,Hopper-v4,3
223601,reward,4082,69.43527850850376,230.248,PPO-LN-RegenReg,Hopper-v4,3
223761,reward,4083,329.84916816806674,224.928,PPO-LN-RegenReg,Hopper-v4,3
223915,reward,4084,198.5113887761875,229.845,PPO-LN-RegenReg,Hopper-v4,3
224042,reward,4085,279.9067719076497,246.356,PPO-LN-RegenReg,Hopper-v4,3
224068,reward,4086,35.49651185693236,238.751,PPO-LN-RegenReg,Hopper-v4,3
224138,reward,4087,111.06970463983721,219.324,PPO-LN-RegenReg,Hopper-v4,3
224185,reward,4088,80.51659794840317,185.701,PPO-LN-RegenReg,Hopper-v4,3
224260,reward,4089,142.14799655528495,174.068,PPO-LN-RegenReg,Hopper-v4,3
224406,reward,4090,246.8522758252784,177.002,PPO-LN-RegenReg,Hopper-v4,3
224612,reward,4091,485.02903385818456,197.881,PPO-LN-RegenReg,Hopper-v4,3
224692,reward,4092,137.10634346077737,204.649,PPO-LN-RegenReg,Hopper-v4,3
224781,reward,4093,180.00979823505784,189.665,PPO-LN-RegenReg,Hopper-v4,3
224863,reward,4094,82.81745245216867,178.095,PPO-LN-RegenReg,Hopper-v4,3
224973,reward,4095,198.81004256027623,169.986,PPO-LN-RegenReg,Hopper-v4,3
225044,reward,4096,63.61415110328824,172.797,PPO-LN-RegenReg,Hopper-v4,3
225271,reward,4097,428.22659104829324,204.513,PPO-LN-RegenReg,Hopper-v4,3
225360,reward,4098,131.180733258915,209.579,PPO-LN-RegenReg,Hopper-v4,3
225446,reward,4099,89.64748084637442,204.329,PPO-LN-RegenReg,Hopper-v4,3
225517,reward,4100,138.73012484653526,193.517,PPO-LN-RegenReg,Hopper-v4,3
225584,reward,4101,118.29643372919348,156.844,PPO-LN-RegenReg,Hopper-v4,3
225710,reward,4102,280.18641450048733,171.152,PPO-LN-RegenReg,Hopper-v4,3
225791,reward,4103,117.73623768340298,164.925,PPO-LN-RegenReg,Hopper-v4,3
225877,reward,4104,195.5931551005272,176.202,PPO-LN-RegenReg,Hopper-v4,3
225952,reward,4105,150.95566861554,171.417,PPO-LN-RegenReg,Hopper-v4,3
226081,reward,4106,133.5362356478713,178.409,PPO-LN-RegenReg,Hopper-v4,3
226164,reward,4107,154.71276058346862,151.058,PPO-LN-RegenReg,Hopper-v4,3
226253,reward,4108,148.38203610629265,152.778,PPO-LN-RegenReg,Hopper-v4,3
226350,reward,4109,99.7731815077561,153.79,PPO-LN-RegenReg,Hopper-v4,3
226395,reward,4110,30.651010937214796,142.982,PPO-LN-RegenReg,Hopper-v4,3
226549,reward,4111,343.9507487450928,165.548,PPO-LN-RegenReg,Hopper-v4,3
226632,reward,4112,158.732605341897,153.402,PPO-LN-RegenReg,Hopper-v4,3
226719,reward,4113,196.7832302246314,161.307,PPO-LN-RegenReg,Hopper-v4,3
226777,reward,4114,29.093457755782694,144.657,PPO-LN-RegenReg,Hopper-v4,3
226899,reward,4115,245.15564094363705,154.077,PPO-LN-RegenReg,Hopper-v4,3
226953,reward,4116,85.5756808770163,149.281,PPO-LN-RegenReg,Hopper-v4,3
227031,reward,4117,140.90374790433074,147.9,PPO-LN-RegenReg,Hopper-v4,3
227208,reward,4118,187.39896270209175,151.802,PPO-LN-RegenReg,Hopper-v4,3
227357,reward,4119,228.55834939531786,164.68,PPO-LN-RegenReg,Hopper-v4,3
227452,reward,4120,132.1244699532777,174.828,PPO-LN-RegenReg,Hopper-v4,3
227559,reward,4121,237.81064445445926,164.214,PPO-LN-RegenReg,Hopper-v4,3
227658,reward,4122,207.18429386041765,169.059,PPO-LN-RegenReg,Hopper-v4,3
227732,reward,4123,86.95437014762213,158.076,PPO-LN-RegenReg,Hopper-v4,3
227779,reward,4124,71.36242712534565,162.303,PPO-LN-RegenReg,Hopper-v4,3
227977,reward,4125,359.3638066539019,173.724,PPO-LN-RegenReg,Hopper-v4,3
228002,reward,4126,29.054430193325256,168.072,PPO-LN-RegenReg,Hopper-v4,3
228100,reward,4127,190.5111766130856,173.032,PPO-LN-RegenReg,Hopper-v4,3
228143,reward,4128,71.90123587429838,161.483,PPO-LN-RegenReg,Hopper-v4,3
228240,reward,4129,180.65825215903988,156.693,PPO-LN-RegenReg,Hopper-v4,3
228315,reward,4130,148.87651491702044,158.368,PPO-LN-RegenReg,Hopper-v4,3
228468,reward,4131,295.32168297628454,164.119,PPO-LN-RegenReg,Hopper-v4,3
228537,reward,4132,91.1749721418003,152.518,PPO-LN-RegenReg,Hopper-v4,3
228615,reward,4133,172.02084111898657,161.025,PPO-LN-RegenReg,Hopper-v4,3
228715,reward,4134,136.0676285254211,167.495,PPO-LN-RegenReg,Hopper-v4,3
228895,reward,4135,420.0376458880373,173.562,PPO-LN-RegenReg,Hopper-v4,3
229010,reward,4136,233.08721685679296,193.966,PPO-LN-RegenReg,Hopper-v4,3
229230,reward,4137,324.17535427313425,207.332,PPO-LN-RegenReg,Hopper-v4,3
229334,reward,4138,141.77384055861856,214.319,PPO-LN-RegenReg,Hopper-v4,3
229499,reward,4139,415.1476444135627,237.768,PPO-LN-RegenReg,Hopper-v4,3
229636,reward,4140,195.13017880806535,242.394,PPO-LN-RegenReg,Hopper-v4,3
229721,reward,4141,182.90181370406935,231.152,PPO-LN-RegenReg,Hopper-v4,3
229843,reward,4142,280.5500368168503,250.089,PPO-LN-RegenReg,Hopper-v4,3
229936,reward,4143,182.02190696184428,251.089,PPO-LN-RegenReg,Hopper-v4,3
230116,reward,4144,301.3286901744554,267.615,PPO-LN-RegenReg,Hopper-v4,3
230158,reward,4145,37.79444748584428,229.391,PPO-LN-RegenReg,Hopper-v4,3
230224,reward,4146,134.44427544195315,219.527,PPO-LN-RegenReg,Hopper-v4,3
230300,reward,4147,157.80424978990462,202.89,PPO-LN-RegenReg,Hopper-v4,3
230421,reward,4148,222.27521028339572,210.94,PPO-LN-RegenReg,Hopper-v4,3
230519,reward,4149,203.44157151320732,189.769,PPO-LN-RegenReg,Hopper-v4,3
230601,reward,4150,143.8745124323553,184.644,PPO-LN-RegenReg,Hopper-v4,3
230824,reward,4151,533.2674337761993,219.68,PPO-LN-RegenReg,Hopper-v4,3
230885,reward,4152,113.2298072338276,202.948,PPO-LN-RegenReg,Hopper-v4,3
230959,reward,4153,148.57003780782776,199.603,PPO-LN-RegenReg,Hopper-v4,3
231158,reward,4154,377.9484567276539,207.265,PPO-LN-RegenReg,Hopper-v4,3
231344,reward,4155,450.72672417638296,248.558,PPO-LN-RegenReg,Hopper-v4,3
231416,reward,4156,68.45679372804067,241.959,PPO-LN-RegenReg,Hopper-v4,3
231528,reward,4157,212.04588417112475,247.384,PPO-LN-RegenReg,Hopper-v4,3
231649,reward,4158,244.87017587954512,249.643,PPO-LN-RegenReg,Hopper-v4,3
231683,reward,4159,12.464816771149469,230.545,PPO-LN-RegenReg,Hopper-v4,3
231801,reward,4160,238.50288902777152,240.008,PPO-LN-RegenReg,Hopper-v4,3
231953,reward,4161,348.7441857842452,221.556,PPO-LN-RegenReg,Hopper-v4,3
232072,reward,4162,226.2840960030797,232.861,PPO-LN-RegenReg,Hopper-v4,3
232127,reward,4163,95.25777712191308,227.53,PPO-LN-RegenReg,Hopper-v4,3
232172,reward,4164,75.54754711866579,197.29,PPO-LN-RegenReg,Hopper-v4,3
232273,reward,4165,242.14459607584422,176.432,PPO-LN-RegenReg,Hopper-v4,3
232326,reward,4166,86.17312865888152,178.204,PPO-LN-RegenReg,Hopper-v4,3
232400,reward,4167,149.07463364768978,171.906,PPO-LN-RegenReg,Hopper-v4,3
232482,reward,4168,156.60481929394945,163.08,PPO-LN-RegenReg,Hopper-v4,3
232570,reward,4169,167.1180586029239,178.545,PPO-LN-RegenReg,Hopper-v4,3
232642,reward,4170,144.4129201306804,169.136,PPO-LN-RegenReg,Hopper-v4,3
232823,reward,4171,372.33093470560686,171.495,PPO-LN-RegenReg,Hopper-v4,3
232921,reward,4172,161.19278206576504,164.986,PPO-LN-RegenReg,Hopper-v4,3
232986,reward,4173,128.09570988722803,168.27,PPO-LN-RegenReg,Hopper-v4,3
233042,reward,4174,100.56068349273411,170.771,PPO-LN-RegenReg,Hopper-v4,3
233173,reward,4175,252.15251509651154,171.772,PPO-LN-RegenReg,Hopper-v4,3
233277,reward,4176,173.820949166369,180.536,PPO-LN-RegenReg,Hopper-v4,3
233382,reward,4177,160.2718698026648,181.656,PPO-LN-RegenReg,Hopper-v4,3
233530,reward,4178,382.20573808949683,204.216,PPO-LN-RegenReg,Hopper-v4,3
233745,reward,4179,445.49884029620387,232.054,PPO-LN-RegenReg,Hopper-v4,3
233963,reward,4180,422.6868840001549,259.882,PPO-LN-RegenReg,Hopper-v4,3
234057,reward,4181,208.36404465889538,243.485,PPO-LN-RegenReg,Hopper-v4,3
234233,reward,4182,375.96886796194434,264.963,PPO-LN-RegenReg,Hopper-v4,3
234281,reward,4183,82.52545807533956,260.406,PPO-LN-RegenReg,Hopper-v4,3
234440,reward,4184,414.323605162944,291.782,PPO-LN-RegenReg,Hopper-v4,3
234597,reward,4185,389.905055838968,305.557,PPO-LN-RegenReg,Hopper-v4,3
234778,reward,4186,413.49803102062333,329.525,PPO-LN-RegenReg,Hopper-v4,3
234819,reward,4187,70.55988292891765,320.554,PPO-LN-RegenReg,Hopper-v4,3
234915,reward,4188,84.00422589449424,290.733,PPO-LN-RegenReg,Hopper-v4,3
235026,reward,4189,214.9709306805603,267.681,PPO-LN-RegenReg,Hopper-v4,3
235141,reward,4190,223.44146802665136,247.756,PPO-LN-RegenReg,Hopper-v4,3
235235,reward,4191,131.28224596430584,240.048,PPO-LN-RegenReg,Hopper-v4,3
235303,reward,4192,139.22916105528958,216.374,PPO-LN-RegenReg,Hopper-v4,3
235367,reward,4193,121.1871736425038,220.24,PPO-LN-RegenReg,Hopper-v4,3
235453,reward,4194,169.42856398798136,195.751,PPO-LN-RegenReg,Hopper-v4,3
235578,reward,4195,248.61105484927597,181.621,PPO-LN-RegenReg,Hopper-v4,3
235646,reward,4196,133.64231448103408,153.636,PPO-LN-RegenReg,Hopper-v4,3
235708,reward,4197,115.71639553811902,158.151,PPO-LN-RegenReg,Hopper-v4,3
235752,reward,4198,73.07504184456695,157.058,PPO-LN-RegenReg,Hopper-v4,3
235849,reward,4199,208.55315673842955,156.417,PPO-LN-RegenReg,Hopper-v4,3
235945,reward,4200,200.38981470567072,154.111,PPO-LN-RegenReg,Hopper-v4,3
236061,reward,4201,208.27729603673563,161.811,PPO-LN-RegenReg,Hopper-v4,3
236154,reward,4202,165.61321826059734,164.449,PPO-LN-RegenReg,Hopper-v4,3
236217,reward,4203,122.04336737803129,164.535,PPO-LN-RegenReg,Hopper-v4,3
236296,reward,4204,134.74719632505713,161.067,PPO-LN-RegenReg,Hopper-v4,3
236395,reward,4205,126.89273134916883,148.895,PPO-LN-RegenReg,Hopper-v4,3
236450,reward,4206,72.38308778260509,142.769,PPO-LN-RegenReg,Hopper-v4,3
236481,reward,4207,51.51406429715289,136.349,PPO-LN-RegenReg,Hopper-v4,3
236566,reward,4208,109.28054873141164,139.969,PPO-LN-RegenReg,Hopper-v4,3
236631,reward,4209,79.06125365765047,127.02,PPO-LN-RegenReg,Hopper-v4,3
236693,reward,4210,118.2117652701451,118.802,PPO-LN-RegenReg,Hopper-v4,3
236781,reward,4211,146.7745817634984,112.652,PPO-LN-RegenReg,Hopper-v4,3
236948,reward,4212,318.4422849991921,127.935,PPO-LN-RegenReg,Hopper-v4,3
237013,reward,4213,104.60232541581139,126.191,PPO-LN-RegenReg,Hopper-v4,3
237117,reward,4214,186.392900871408,131.356,PPO-LN-RegenReg,Hopper-v4,3
237272,reward,4215,302.40083271329695,148.906,PPO-LN-RegenReg,Hopper-v4,3
237348,reward,4216,155.30018130461204,157.198,PPO-LN-RegenReg,Hopper-v4,3
237495,reward,4217,175.3198609129987,169.579,PPO-LN-RegenReg,Hopper-v4,3
237608,reward,4218,231.71076470013145,181.822,PPO-LN-RegenReg,Hopper-v4,3
237759,reward,4219,344.7075834595796,208.386,PPO-LN-RegenReg,Hopper-v4,3
237812,reward,4220,87.37855523668102,205.303,PPO-LN-RegenReg,Hopper-v4,3
237914,reward,4221,208.931489625304,211.519,PPO-LN-RegenReg,Hopper-v4,3
238049,reward,4222,313.2892175376904,211.003,PPO-LN-RegenReg,Hopper-v4,3
238143,reward,4223,174.12285393661392,217.955,PPO-LN-RegenReg,Hopper-v4,3
238296,reward,4224,320.3758174396026,231.354,PPO-LN-RegenReg,Hopper-v4,3
238346,reward,4225,41.15668632260311,205.229,PPO-LN-RegenReg,Hopper-v4,3
238482,reward,4226,268.1092937402729,216.51,PPO-LN-RegenReg,Hopper-v4,3
238536,reward,4227,92.15013823598203,208.193,PPO-LN-RegenReg,Hopper-v4,3
238637,reward,4228,190.78544743934444,204.101,PPO-LN-RegenReg,Hopper-v4,3
238751,reward,4229,221.81657771558756,191.812,PPO-LN-RegenReg,Hopper-v4,3
238826,reward,4230,148.0766443313804,197.881,PPO-LN-RegenReg,Hopper-v4,3
238933,reward,4231,207.11761166120255,197.7,PPO-LN-RegenReg,Hopper-v4,3
239042,reward,4232,237.23431579582808,190.095,PPO-LN-RegenReg,Hopper-v4,3
239113,reward,4233,132.6312033827441,185.945,PPO-LN-RegenReg,Hopper-v4,3
239318,reward,4234,363.5528406748201,190.263,PPO-LN-RegenReg,Hopper-v4,3
239394,reward,4235,158.18639470254288,201.966,PPO-LN-RegenReg,Hopper-v4,3
239541,reward,4236,288.5487408146677,204.01,PPO-LN-RegenReg,Hopper-v4,3
239586,reward,4237,38.445138581853854,198.639,PPO-LN-RegenReg,Hopper-v4,3
239721,reward,4238,326.31014761067377,212.192,PPO-LN-RegenReg,Hopper-v4,3
239842,reward,4239,219.91295383634315,212.002,PPO-LN-RegenReg,Hopper-v4,3
239983,reward,4240,342.0020260191288,231.394,PPO-LN-RegenReg,Hopper-v4,3
240064,reward,4241,139.56921516477075,224.639,PPO-LN-RegenReg,Hopper-v4,3
240142,reward,4242,125.82045794618003,213.498,PPO-LN-RegenReg,Hopper-v4,3
240203,reward,4243,54.12584616849067,205.647,PPO-LN-RegenReg,Hopper-v4,3
240350,reward,4244,319.8925702754076,201.281,PPO-LN-RegenReg,Hopper-v4,3
240461,reward,4245,111.17510299894334,196.58,PPO-LN-RegenReg,Hopper-v4,3
240537,reward,4246,152.69188019494317,182.995,PPO-LN-RegenReg,Hopper-v4,3
240602,reward,4247,120.70117762212551,191.22,PPO-LN-RegenReg,Hopper-v4,3
240675,reward,4248,150.13180751547796,173.602,PPO-LN-RegenReg,Hopper-v4,3
240811,reward,4249,295.2461196778864,181.136,PPO-LN-RegenReg,Hopper-v4,3
240902,reward,4250,182.31092933389698,165.167,PPO-LN-RegenReg,Hopper-v4,3
240973,reward,4251,118.28932628326231,163.039,PPO-LN-RegenReg,Hopper-v4,3
241029,reward,4252,99.95535529224286,160.452,PPO-LN-RegenReg,Hopper-v4,3
241178,reward,4253,251.0143579014892,180.141,PPO-LN-RegenReg,Hopper-v4,3
241261,reward,4254,163.804605686672,164.532,PPO-LN-RegenReg,Hopper-v4,3
241314,reward,4255,96.26328411565093,163.041,PPO-LN-RegenReg,Hopper-v4,3
241378,reward,4256,124.53562370149935,160.225,PPO-LN-RegenReg,Hopper-v4,3
241463,reward,4257,121.39827113241385,160.295,PPO-LN-RegenReg,Hopper-v4,3
241553,reward,4258,207.71370922812648,166.053,PPO-LN-RegenReg,Hopper-v4,3
241675,reward,4259,232.53878299361526,159.782,PPO-LN-RegenReg,Hopper-v4,3
241799,reward,4260,260.85697301566626,167.637,PPO-LN-RegenReg,Hopper-v4,3
241925,reward,4261,241.18970449277538,179.927,PPO-LN-RegenReg,Hopper-v4,3
242057,reward,4262,269.50068866748893,196.882,PPO-LN-RegenReg,Hopper-v4,3
242130,reward,4263,147.37453407831345,186.518,PPO-LN-RegenReg,Hopper-v4,3
242222,reward,4264,200.94672692096702,190.232,PPO-LN-RegenReg,Hopper-v4,3
242275,reward,4265,95.39909618605019,190.145,PPO-LN-RegenReg,Hopper-v4,3
242374,reward,4266,234.3143985330916,201.123,PPO-LN-RegenReg,Hopper-v4,3
242487,reward,4267,209.2898088274352,209.912,PPO-LN-RegenReg,Hopper-v4,3
242642,reward,4268,169.02662265734236,206.044,PPO-LN-RegenReg,Hopper-v4,3
242722,reward,4269,158.7506942063886,198.665,PPO-LN-RegenReg,Hopper-v4,3
242844,reward,4270,230.25089847754546,195.604,PPO-LN-RegenReg,Hopper-v4,3
242892,reward,4271,83.1027970766946,179.796,PPO-LN-RegenReg,Hopper-v4,3
242998,reward,4272,185.20213878845624,171.366,PPO-LN-RegenReg,Hopper-v4,3
243030,reward,4273,37.288672850849785,160.357,PPO-LN-RegenReg,Hopper-v4,3
243195,reward,4274,410.9301911513672,181.356,PPO-LN-RegenReg,Hopper-v4,3
243277,reward,4275,107.25050100171649,182.541,PPO-LN-RegenReg,Hopper-v4,3
243327,reward,4276,91.31318414476631,168.241,PPO-LN-RegenReg,Hopper-v4,3
243509,reward,4277,296.2818836659365,176.94,PPO-LN-RegenReg,Hopper-v4,3
243562,reward,4278,98.70840474647122,169.908,PPO-LN-RegenReg,Hopper-v4,3
243635,reward,4279,147.25788541388994,168.759,PPO-LN-RegenReg,Hopper-v4,3
243752,reward,4280,279.97103519754916,173.731,PPO-LN-RegenReg,Hopper-v4,3
243930,reward,4281,318.3782355040504,197.258,PPO-LN-RegenReg,Hopper-v4,3
244030,reward,4282,127.08648152085529,191.447,PPO-LN-RegenReg,Hopper-v4,3
244183,reward,4283,280.6169547030868,215.779,PPO-LN-RegenReg,Hopper-v4,3
244236,reward,4284,98.10159267145747,184.497,PPO-LN-RegenReg,Hopper-v4,3
244351,reward,4285,226.1178449880762,196.383,PPO-LN-RegenReg,Hopper-v4,3
244448,reward,4286,204.31074674419182,207.683,PPO-LN-RegenReg,Hopper-v4,3
244567,reward,4287,241.7678445045508,202.232,PPO-LN-RegenReg,Hopper-v4,3
244752,reward,4288,420.02879584481934,234.364,PPO-LN-RegenReg,Hopper-v4,3
244924,reward,4289,390.7227211992774,258.71,PPO-LN-RegenReg,Hopper-v4,3
244983,reward,4290,107.34851241677129,241.448,PPO-LN-RegenReg,Hopper-v4,3
245078,reward,4291,178.04821052450995,227.415,PPO-LN-RegenReg,Hopper-v4,3
245169,reward,4292,171.5432165175268,231.861,PPO-LN-RegenReg,Hopper-v4,3
245261,reward,4293,193.9843875002572,223.197,PPO-LN-RegenReg,Hopper-v4,3
245337,reward,4294,152.16327065291415,228.604,PPO-LN-RegenReg,Hopper-v4,3
245463,reward,4295,301.04965077164076,236.097,PPO-LN-RegenReg,Hopper-v4,3
245625,reward,4296,210.01357535035567,236.667,PPO-LN-RegenReg,Hopper-v4,3
245827,reward,4297,371.5412702711383,249.644,PPO-LN-RegenReg,Hopper-v4,3
245897,reward,4298,130.44946325304258,220.686,PPO-LN-RegenReg,Hopper-v4,3
245943,reward,4299,80.81257119936812,189.695,PPO-LN-RegenReg,Hopper-v4,3
246096,reward,4300,267.9810859034298,205.759,PPO-LN-RegenReg,Hopper-v4,3
246205,reward,4301,186.02849337919196,206.557,PPO-LN-RegenReg,Hopper-v4,3
246240,reward,4302,36.66418538157398,193.069,PPO-LN-RegenReg,Hopper-v4,3
246305,reward,4303,124.09890170504343,186.08,PPO-LN-RegenReg,Hopper-v4,3
246358,reward,4304,97.66007091585962,180.63,PPO-LN-RegenReg,Hopper-v4,3
246482,reward,4305,216.4176779611817,172.167,PPO-LN-RegenReg,Hopper-v4,3
246565,reward,4306,183.49858448005858,169.515,PPO-LN-RegenReg,Hopper-v4,3
246738,reward,4307,391.83842824025885,171.545,PPO-LN-RegenReg,Hopper-v4,3
246844,reward,4308,213.04526166046486,179.805,PPO-LN-RegenReg,Hopper-v4,3
246992,reward,4309,246.95290989872151,196.419,PPO-LN-RegenReg,Hopper-v4,3
247168,reward,4310,401.46721317254475,209.767,PPO-LN-RegenReg,Hopper-v4,3
247303,reward,4311,185.49670095885853,209.714,PPO-LN-RegenReg,Hopper-v4,3
247518,reward,4312,497.4392702988292,255.792,PPO-LN-RegenReg,Hopper-v4,3
247598,reward,4313,171.5080667286938,260.532,PPO-LN-RegenReg,Hopper-v4,3
247672,reward,4314,107.81572518473672,261.548,PPO-LN-RegenReg,Hopper-v4,3
247789,reward,4315,179.7569841792269,257.882,PPO-LN-RegenReg,Hopper-v4,3
247846,reward,4316,100.23783028544626,249.556,PPO-LN-RegenReg,Hopper-v4,3
247985,reward,4317,339.2498842973972,244.297,PPO-LN-RegenReg,Hopper-v4,3
248153,reward,4318,388.0068183472699,261.793,PPO-LN-RegenReg,Hopper-v4,3
248256,reward,4319,158.14028401149065,252.912,PPO-LN-RegenReg,Hopper-v4,3
248331,reward,4320,152.7727604341512,228.042,PPO-LN-RegenReg,Hopper-v4,3
248507,reward,4321,453.97582372262934,254.89,PPO-LN-RegenReg,Hopper-v4,3
248623,reward,4322,135.3821658169467,218.685,PPO-LN-RegenReg,Hopper-v4,3
248795,reward,4323,405.47605307716157,242.081,PPO-LN-RegenReg,Hopper-v4,3
248904,reward,4324,153.29848811711756,246.63,PPO-LN-RegenReg,Hopper-v4,3
248996,reward,4325,188.12153511521745,247.466,PPO-LN-RegenReg,Hopper-v4,3
249107,reward,4326,119.10284104666043,249.353,PPO-LN-RegenReg,Hopper-v4,3
249216,reward,4327,202.67390728998217,235.695,PPO-LN-RegenReg,Hopper-v4,3
249343,reward,4328,206.6528886341539,217.56,PPO-LN-RegenReg,Hopper-v4,3
249469,reward,4329,319.23934455615193,233.67,PPO-LN-RegenReg,Hopper-v4,3
249568,reward,4330,156.78440010651448,234.071,PPO-LN-RegenReg,Hopper-v4,3
249673,reward,4331,208.57688681978453,209.531,PPO-LN-RegenReg,Hopper-v4,3
249751,reward,4332,75.5647634827812,203.549,PPO-LN-RegenReg,Hopper-v4,3
249914,reward,4333,369.9744857495761,199.999,PPO-LN-RegenReg,Hopper-v4,3
249998,reward,4334,111.15576561732269,195.785,PPO-LN-RegenReg,Hopper-v4,3
250153,reward,4335,358.60917053430313,212.833,PPO-LN-RegenReg,Hopper-v4,3
250289,reward,4336,209.52349805667149,221.876,PPO-LN-RegenReg,Hopper-v4,3
250430,reward,4337,254.5529926946468,227.063,PPO-LN-RegenReg,Hopper-v4,3
250608,reward,4338,299.3440265271613,236.333,PPO-LN-RegenReg,Hopper-v4,3
250806,reward,4339,411.2877594955834,245.537,PPO-LN-RegenReg,Hopper-v4,3
250879,reward,4340,93.44183682512748,239.203,PPO-LN-RegenReg,Hopper-v4,3
251015,reward,4341,262.2851547956003,244.574,PPO-LN-RegenReg,Hopper-v4,3
251078,reward,4342,96.8969980327539,246.707,PPO-LN-RegenReg,Hopper-v4,3
251288,reward,4343,541.5607373675633,263.866,PPO-LN-RegenReg,Hopper-v4,3
251424,reward,4344,355.78094908708897,288.328,PPO-LN-RegenReg,Hopper-v4,3
251562,reward,4345,258.82171285736166,278.35,PPO-LN-RegenReg,Hopper-v4,3
251687,reward,4346,177.45814492802884,275.143,PPO-LN-RegenReg,Hopper-v4,3
251894,reward,4347,529.5924824204606,302.647,PPO-LN-RegenReg,Hopper-v4,3
252026,reward,4348,295.8893899099606,302.302,PPO-LN-RegenReg,Hopper-v4,3
252156,reward,4349,216.79775299285296,282.853,PPO-LN-RegenReg,Hopper-v4,3
252199,reward,4350,67.73907132308696,280.282,PPO-LN-RegenReg,Hopper-v4,3
252323,reward,4351,162.53282619141572,270.307,PPO-LN-RegenReg,Hopper-v4,3
252411,reward,4352,128.39776097994124,273.457,PPO-LN-RegenReg,Hopper-v4,3
252484,reward,4353,87.5314830322208,228.054,PPO-LN-RegenReg,Hopper-v4,3
252532,reward,4354,80.6570633443082,200.542,PPO-LN-RegenReg,Hopper-v4,3
252671,reward,4355,283.1430771994948,202.974,PPO-LN-RegenReg,Hopper-v4,3
252805,reward,4356,222.9395513001245,207.522,PPO-LN-RegenReg,Hopper-v4,3
252918,reward,4357,194.8425265588724,174.047,PPO-LN-RegenReg,Hopper-v4,3
253089,reward,4358,351.4365582739762,179.602,PPO-LN-RegenReg,Hopper-v4,3
253196,reward,4359,187.95057831426334,176.717,PPO-LN-RegenReg,Hopper-v4,3
253257,reward,4360,62.198455817596724,176.163,PPO-LN-RegenReg,Hopper-v4,3
253365,reward,4361,238.88396601893888,183.798,PPO-LN-RegenReg,Hopper-v4,3
253479,reward,4362,143.9229694036366,185.351,PPO-LN-RegenReg,Hopper-v4,3
253639,reward,4363,371.73122886733415,213.771,PPO-LN-RegenReg,Hopper-v4,3
253875,reward,4364,466.97175666618745,252.402,PPO-LN-RegenReg,Hopper-v4,3
253978,reward,4365,183.72139630802866,242.46,PPO-LN-RegenReg,Hopper-v4,3
254132,reward,4366,272.922449247231,247.458,PPO-LN-RegenReg,Hopper-v4,3
254250,reward,4367,173.04377779253494,245.278,PPO-LN-RegenReg,Hopper-v4,3
254313,reward,4368,118.47385601689591,221.982,PPO-LN-RegenReg,Hopper-v4,3
254515,reward,4369,320.2008922326391,235.207,PPO-LN-RegenReg,Hopper-v4,3
254639,reward,4370,181.96462680859844,247.184,PPO-LN-RegenReg,Hopper-v4,3
254715,reward,4371,136.34150020421683,236.929,PPO-LN-RegenReg,Hopper-v4,3
254792,reward,4372,148.56011715765152,237.393,PPO-LN-RegenReg,Hopper-v4,3
254955,reward,4373,291.2070628388495,229.341,PPO-LN-RegenReg,Hopper-v4,3
255092,reward,4374,320.6219551265025,214.706,PPO-LN-RegenReg,Hopper-v4,3
255185,reward,4375,196.15929470839984,215.95,PPO-LN-RegenReg,Hopper-v4,3
255327,reward,4376,272.35715739594104,215.893,PPO-LN-RegenReg,Hopper-v4,3
255540,reward,4377,441.42051313651905,242.731,PPO-LN-RegenReg,Hopper-v4,3
255705,reward,4378,413.839024624955,272.267,PPO-LN-RegenReg,Hopper-v4,3
255804,reward,4379,198.98377265633013,260.146,PPO-LN-RegenReg,Hopper-v4,3
255898,reward,4380,170.35401740664236,258.984,PPO-LN-RegenReg,Hopper-v4,3
255995,reward,4381,214.22163282665537,266.772,PPO-LN-RegenReg,Hopper-v4,3
256114,reward,4382,308.2653742540187,282.743,PPO-LN-RegenReg,Hopper-v4,3
256223,reward,4383,230.06711348477054,276.629,PPO-LN-RegenReg,Hopper-v4,3
256365,reward,4384,249.60650302944745,269.527,PPO-LN-RegenReg,Hopper-v4,3
256481,reward,4385,200.78298430573503,269.99,PPO-LN-RegenReg,Hopper-v4,3
256629,reward,4386,234.41172536068262,266.195,PPO-LN-RegenReg,Hopper-v4,3
256794,reward,4387,276.16301009032526,249.67,PPO-LN-RegenReg,Hopper-v4,3
256902,reward,4388,185.65881466137805,226.851,PPO-LN-RegenReg,Hopper-v4,3
257082,reward,4389,457.195777724383,252.673,PPO-LN-RegenReg,Hopper-v4,3
257182,reward,4390,183.70746511252025,254.008,PPO-LN-RegenReg,Hopper-v4,3
257260,reward,4391,134.73905681699173,246.06,PPO-LN-RegenReg,Hopper-v4,3
257355,reward,4392,173.54274940525414,232.588,PPO-LN-RegenReg,Hopper-v4,3
257465,reward,4393,197.1274639840257,229.294,PPO-LN-RegenReg,Hopper-v4,3
257610,reward,4394,282.50901771872805,232.584,PPO-LN-RegenReg,Hopper-v4,3
257689,reward,4395,149.38019013183217,227.444,PPO-LN-RegenReg,Hopper-v4,3
257754,reward,4396,126.08843658709463,216.611,PPO-LN-RegenReg,Hopper-v4,3
257842,reward,4397,163.8096283192284,205.376,PPO-LN-RegenReg,Hopper-v4,3
257937,reward,4398,136.24513262941707,200.434,PPO-LN-RegenReg,Hopper-v4,3
258128,reward,4399,379.3851121320762,192.653,PPO-LN-RegenReg,Hopper-v4,3
258267,reward,4400,220.54771817661475,196.337,PPO-LN-RegenReg,Hopper-v4,3
258425,reward,4401,407.94752266796655,223.658,PPO-LN-RegenReg,Hopper-v4,3
258538,reward,4402,207.43535851850643,227.048,PPO-LN-RegenReg,Hopper-v4,3
258585,reward,4403,78.54242250274,215.189,PPO-LN-RegenReg,Hopper-v4,3
258686,reward,4404,142.21356911500357,201.16,PPO-LN-RegenReg,Hopper-v4,3
258786,reward,4405,160.2940583728422,202.251,PPO-LN-RegenReg,Hopper-v4,3
258925,reward,4406,234.50244793181102,213.092,PPO-LN-RegenReg,Hopper-v4,3
258971,reward,4407,38.14634626909463,200.526,PPO-LN-RegenReg,Hopper-v4,3
259042,reward,4408,143.27680983900703,201.229,PPO-LN-RegenReg,Hopper-v4,3
259133,reward,4409,174.65878494646276,180.757,PPO-LN-RegenReg,Hopper-v4,3
259330,reward,4410,374.4046500974604,196.142,PPO-LN-RegenReg,Hopper-v4,3
259432,reward,4411,202.5551762421482,175.603,PPO-LN-RegenReg,Hopper-v4,3
259583,reward,4412,203.20215744328462,175.18,PPO-LN-RegenReg,Hopper-v4,3
259710,reward,4413,228.68608326186813,190.194,PPO-LN-RegenReg,Hopper-v4,3
259833,reward,4414,131.77214981989204,189.15,PPO-LN-RegenReg,Hopper-v4,3
259992,reward,4415,292.52833378022206,202.373,PPO-LN-RegenReg,Hopper-v4,3
260172,reward,4416,330.7871812316709,212.002,PPO-LN-RegenReg,Hopper-v4,3
260281,reward,4417,159.7684731911329,224.164,PPO-LN-RegenReg,Hopper-v4,3
260464,reward,4418,416.03152691189615,251.439,PPO-LN-RegenReg,Hopper-v4,3
260530,reward,4419,127.66761662817494,246.74,PPO-LN-RegenReg,Hopper-v4,3
260649,reward,4420,274.012001658249,236.701,PPO-LN-RegenReg,Hopper-v4,3
260708,reward,4421,72.45908255093158,223.691,PPO-LN-RegenReg,Hopper-v4,3
260927,reward,4422,442.6357194325004,247.635,PPO-LN-RegenReg,Hopper-v4,3
261069,reward,4423,303.95543899455026,255.162,PPO-LN-RegenReg,Hopper-v4,3
261146,reward,4424,141.4789422567173,256.132,PPO-LN-RegenReg,Hopper-v4,3
261227,reward,4425,87.8943289201821,235.669,PPO-LN-RegenReg,Hopper-v4,3
261286,reward,4426,64.79661268398365,209.07,PPO-LN-RegenReg,Hopper-v4,3
261333,reward,4427,63.49066958682369,199.442,PPO-LN-RegenReg,Hopper-v4,3
261452,reward,4428,242.5803147384518,182.097,PPO-LN-RegenReg,Hopper-v4,3
261525,reward,4429,154.38153231576396,184.768,PPO-LN-RegenReg,Hopper-v4,3
261597,reward,4430,146.07653198214524,171.975,PPO-LN-RegenReg,Hopper-v4,3
261662,reward,4431,124.7588587379373,177.205,PPO-LN-RegenReg,Hopper-v4,3
261732,reward,4432,59.10071337879391,138.851,PPO-LN-RegenReg,Hopper-v4,3
261809,reward,4433,160.54585932310673,124.51,PPO-LN-RegenReg,Hopper-v4,3
261987,reward,4434,357.7181094697219,146.134,PPO-LN-RegenReg,Hopper-v4,3
262095,reward,4435,263.14431849462136,163.659,PPO-LN-RegenReg,Hopper-v4,3
262173,reward,4436,153.65081772315796,172.545,PPO-LN-RegenReg,Hopper-v4,3
262362,reward,4437,383.380998710829,204.534,PPO-LN-RegenReg,Hopper-v4,3
262473,reward,4438,234.65839170213903,203.742,PPO-LN-RegenReg,Hopper-v4,3
262586,reward,4439,186.57144236405387,206.961,PPO-LN-RegenReg,Hopper-v4,3
262657,reward,4440,138.48235510636212,206.201,PPO-LN-RegenReg,Hopper-v4,3
262857,reward,4441,388.53567155461195,232.579,PPO-LN-RegenReg,Hopper-v4,3
262943,reward,4442,178.76037725258678,244.545,PPO-LN-RegenReg,Hopper-v4,3
263040,reward,4443,163.20684655621542,244.811,PPO-LN-RegenReg,Hopper-v4,3
263109,reward,4444,137.23828366343847,222.763,PPO-LN-RegenReg,Hopper-v4,3
263219,reward,4445,190.59932806967672,215.508,PPO-LN-RegenReg,Hopper-v4,3
263320,reward,4446,201.512072928444,220.295,PPO-LN-RegenReg,Hopper-v4,3
263424,reward,4447,194.87591659739013,201.444,PPO-LN-RegenReg,Hopper-v4,3
263507,reward,4448,161.45016797967205,194.123,PPO-LN-RegenReg,Hopper-v4,3
263600,reward,4449,209.98223786003192,196.464,PPO-LN-RegenReg,Hopper-v4,3
263687,reward,4450,145.17893092142737,197.134,PPO-LN-RegenReg,Hopper-v4,3
263749,reward,4451,119.21246089237216,170.202,PPO-LN-RegenReg,Hopper-v4,3
263800,reward,4452,91.04588357401262,161.43,PPO-LN-RegenReg,Hopper-v4,3
263867,reward,4453,133.3489834593506,158.444,PPO-LN-RegenReg,Hopper-v4,3
263988,reward,4454,209.37394030565795,165.658,PPO-LN-RegenReg,Hopper-v4,3
264060,reward,4455,83.74036571986997,154.972,PPO-LN-RegenReg,Hopper-v4,3
264128,reward,4456,123.44651501501481,147.166,PPO-LN-RegenReg,Hopper-v4,3
264196,reward,4457,131.57628559672037,140.836,PPO-LN-RegenReg,Hopper-v4,3
264358,reward,4458,331.9859933045197,157.889,PPO-LN-RegenReg,Hopper-v4,3
264915,reward,4459,734.0983253806312,210.301,PPO-LN-RegenReg,Hopper-v4,3
264985,reward,4460,142.51151516931574,210.034,PPO-LN-RegenReg,Hopper-v4,3
265054,reward,4461,141.7728715388101,212.29,PPO-LN-RegenReg,Hopper-v4,3
265143,reward,4462,108.18229542692933,214.004,PPO-LN-RegenReg,Hopper-v4,3
265290,reward,4463,324.1003888873997,233.079,PPO-LN-RegenReg,Hopper-v4,3
265492,reward,4464,365.79121127762926,248.721,PPO-LN-RegenReg,Hopper-v4,3
265707,reward,4465,472.67482329280983,287.614,PPO-LN-RegenReg,Hopper-v4,3
265795,reward,4466,164.75730016564933,291.745,PPO-LN-RegenReg,Hopper-v4,3
265891,reward,4467,127.06863015259519,291.294,PPO-LN-RegenReg,Hopper-v4,3
265969,reward,4468,147.24584791197952,272.82,PPO-LN-RegenReg,Hopper-v4,3
266057,reward,4469,182.90371030220325,217.701,PPO-LN-RegenReg,Hopper-v4,3
266140,reward,4470,163.4878433323192,219.798,PPO-LN-RegenReg,Hopper-v4,3
266214,reward,4471,151.58462104142924,220.78,PPO-LN-RegenReg,Hopper-v4,3
266298,reward,4472,167.22669464562912,226.684,PPO-LN-RegenReg,Hopper-v4,3
266363,reward,4473,125.73595191691079,206.848,PPO-LN-RegenReg,Hopper-v4,3
266469,reward,4474,174.84497767861254,187.753,PPO-LN-RegenReg,Hopper-v4,3
266495,reward,4475,31.05610190894342,143.591,PPO-LN-RegenReg,Hopper-v4,3
266588,reward,4476,132.19202041301557,140.335,PPO-LN-RegenReg,Hopper-v4,3
266655,reward,4477,137.87150637498982,141.415,PPO-LN-RegenReg,Hopper-v4,3
266716,reward,4478,93.27997129132989,136.018,PPO-LN-RegenReg,Hopper-v4,3
266989,reward,4479,354.7301915703022,153.201,PPO-LN-RegenReg,Hopper-v4,3
267088,reward,4480,134.01721751347057,150.254,PPO-LN-RegenReg,Hopper-v4,3
267239,reward,4481,284.4396757619689,163.539,PPO-LN-RegenReg,Hopper-v4,3
267405,reward,4482,307.8502035833341,177.602,PPO-LN-RegenReg,Hopper-v4,3
267501,reward,4483,213.36596423348175,186.365,PPO-LN-RegenReg,Hopper-v4,3
267574,reward,4484,96.77882954998051,178.558,PPO-LN-RegenReg,Hopper-v4,3
267678,reward,4485,195.31640026251773,194.984,PPO-LN-RegenReg,Hopper-v4,3
267729,reward,4486,89.4254826159809,190.708,PPO-LN-RegenReg,Hopper-v4,3
267939,reward,4487,474.9564567703711,224.416,PPO-LN-RegenReg,Hopper-v4,3
268034,reward,4488,166.4276825154089,231.731,PPO-LN-RegenReg,Hopper-v4,3
268203,reward,4489,371.99197383181576,233.457,PPO-LN-RegenReg,Hopper-v4,3
268347,reward,4490,266.8148490260823,246.737,PPO-LN-RegenReg,Hopper-v4,3
268429,reward,4491,148.01822043164924,233.095,PPO-LN-RegenReg,Hopper-v4,3
268598,reward,4492,438.35391529891166,246.145,PPO-LN-RegenReg,Hopper-v4,3
268684,reward,4493,177.8157743351054,242.59,PPO-LN-RegenReg,Hopper-v4,3
268790,reward,4494,111.09008688493921,244.021,PPO-LN-RegenReg,Hopper-v4,3
268944,reward,4495,318.75611019160095,256.365,PPO-LN-RegenReg,Hopper-v4,3
269084,reward,4496,168.58210807226558,264.281,PPO-LN-RegenReg,Hopper-v4,3
269304,reward,4497,494.8826597461058,266.273,PPO-LN-RegenReg,Hopper-v4,3
269458,reward,4498,333.46851437672893,282.977,PPO-LN-RegenReg,Hopper-v4,3
269553,reward,4499,168.18056040351775,262.596,PPO-LN-RegenReg,Hopper-v4,3
269616,reward,4500,114.26373587919059,247.341,PPO-LN-RegenReg,Hopper-v4,3
269779,reward,4501,398.9124743372408,272.431,PPO-LN-RegenReg,Hopper-v4,3
269885,reward,4502,201.37179505409796,248.732,PPO-LN-RegenReg,Hopper-v4,3
270139,reward,4503,496.5420520457732,280.605,PPO-LN-RegenReg,Hopper-v4,3
270232,reward,4504,143.3148383960681,283.827,PPO-LN-RegenReg,Hopper-v4,3
270381,reward,4505,376.4950136382329,289.601,PPO-LN-RegenReg,Hopper-v4,3
270472,reward,4506,213.73193564641102,294.116,PPO-LN-RegenReg,Hopper-v4,3
270541,reward,4507,137.629463870762,258.391,PPO-LN-RegenReg,Hopper-v4,3
270659,reward,4508,205.94902384349353,245.639,PPO-LN-RegenReg,Hopper-v4,3
270763,reward,4509,224.7178697918237,251.293,PPO-LN-RegenReg,Hopper-v4,3
270822,reward,4510,111.50585759987231,251.017,PPO-LN-RegenReg,Hopper-v4,3
270881,reward,4511,111.16093378643019,222.242,PPO-LN-RegenReg,Hopper-v4,3
270939,reward,4512,105.4007425531631,212.645,PPO-LN-RegenReg,Hopper-v4,3
271019,reward,4513,151.48130142678642,178.139,PPO-LN-RegenReg,Hopper-v4,3
271179,reward,4514,357.1462480044469,199.522,PPO-LN-RegenReg,Hopper-v4,3
271275,reward,4515,178.77576116586295,179.75,PPO-LN-RegenReg,Hopper-v4,3
271373,reward,4516,190.83279761034626,177.46,PPO-LN-RegenReg,Hopper-v4,3
271439,reward,4517,127.59235934291425,176.456,PPO-LN-RegenReg,Hopper-v4,3
271530,reward,4518,154.48615418327245,171.31,PPO-LN-RegenReg,Hopper-v4,3
271775,reward,4519,455.7906877282731,194.417,PPO-LN-RegenReg,Hopper-v4,3
271840,reward,4520,127.46837487196996,196.014,PPO-LN-RegenReg,Hopper-v4,3
271958,reward,4521,220.19644051177033,206.917,PPO-LN-RegenReg,Hopper-v4,3
272043,reward,4522,144.39340740135677,210.816,PPO-LN-RegenReg,Hopper-v4,3
272139,reward,4523,190.86305037238964,214.755,PPO-LN-RegenReg,Hopper-v4,3
272332,reward,4524,449.8789618772707,224.028,PPO-LN-RegenReg,Hopper-v4,3
272399,reward,4525,131.77910800985228,219.328,PPO-LN-RegenReg,Hopper-v4,3
272488,reward,4526,155.30083050151853,215.775,PPO-LN-RegenReg,Hopper-v4,3
272571,reward,4527,185.89589861061376,221.605,PPO-LN-RegenReg,Hopper-v4,3
272636,reward,4528,121.23993671171253,218.281,PPO-LN-RegenReg,Hopper-v4,3
272758,reward,4529,246.5463734098507,197.356,PPO-LN-RegenReg,Hopper-v4,3
272818,reward,4530,114.58208871139819,196.068,PPO-LN-RegenReg,Hopper-v4,3
272880,reward,4531,105.20277833086209,184.568,PPO-LN-RegenReg,Hopper-v4,3
272936,reward,4532,97.67221406153087,179.896,PPO-LN-RegenReg,Hopper-v4,3
273005,reward,4533,139.41718042558284,174.752,PPO-LN-RegenReg,Hopper-v4,3
273195,reward,4534,387.25626894438193,168.489,PPO-LN-RegenReg,Hopper-v4,3
273297,reward,4535,180.27185946273525,173.339,PPO-LN-RegenReg,Hopper-v4,3
273391,reward,4536,160.77988759263766,173.886,PPO-LN-RegenReg,Hopper-v4,3
273473,reward,4537,170.8265922706748,172.38,PPO-LN-RegenReg,Hopper-v4,3
273761,reward,4538,675.1511794533984,227.771,PPO-LN-RegenReg,Hopper-v4,3
273941,reward,4539,418.8356214523633,245.0,PPO-LN-RegenReg,Hopper-v4,3
274074,reward,4540,322.6552974378764,265.807,PPO-LN-RegenReg,Hopper-v4,3
274174,reward,4541,217.29001360164926,277.016,PPO-LN-RegenReg,Hopper-v4,3
274257,reward,4542,144.1154605758335,281.66,PPO-LN-RegenReg,Hopper-v4,3
274333,reward,4543,155.31649451570482,283.25,PPO-LN-RegenReg,Hopper-v4,3
274396,reward,4544,122.4105181256975,256.765,PPO-LN-RegenReg,Hopper-v4,3
274463,reward,4545,130.3381779300709,251.772,PPO-LN-RegenReg,Hopper-v4,3
274521,reward,4546,107.97821284995457,246.492,PPO-LN-RegenReg,Hopper-v4,3
274662,reward,4547,241.60612672898495,253.57,PPO-LN-RegenReg,Hopper-v4,3
274737,reward,4548,122.3685374677607,198.291,PPO-LN-RegenReg,Hopper-v4,3
274841,reward,4549,200.657171358142,176.474,PPO-LN-RegenReg,Hopper-v4,3
274912,reward,4550,130.40751625126086,157.249,PPO-LN-RegenReg,Hopper-v4,3
275003,reward,4551,161.72910490358188,151.693,PPO-LN-RegenReg,Hopper-v4,3
275072,reward,4552,127.35193602213347,150.016,PPO-LN-RegenReg,Hopper-v4,3
275235,reward,4553,283.7208330331935,162.857,PPO-LN-RegenReg,Hopper-v4,3
275358,reward,4554,234.30311110803848,174.046,PPO-LN-RegenReg,Hopper-v4,3
275477,reward,4555,222.05398422498533,183.218,PPO-LN-RegenReg,Hopper-v4,3
275570,reward,4556,154.9863259852825,187.918,PPO-LN-RegenReg,Hopper-v4,3
275629,reward,4557,110.20075798915914,174.778,PPO-LN-RegenReg,Hopper-v4,3
275749,reward,4558,223.23411917729112,184.864,PPO-LN-RegenReg,Hopper-v4,3
275830,reward,4559,119.25661292889795,176.724,PPO-LN-RegenReg,Hopper-v4,3
275911,reward,4560,134.2841250549554,177.112,PPO-LN-RegenReg,Hopper-v4,3
276051,reward,4561,342.9677421846144,195.236,PPO-LN-RegenReg,Hopper-v4,3
276180,reward,4562,229.30039254100473,205.431,PPO-LN-RegenReg,Hopper-v4,3
276277,reward,4563,190.82849044830718,196.142,PPO-LN-RegenReg,Hopper-v4,3
276420,reward,4564,309.1480283512969,203.626,PPO-LN-RegenReg,Hopper-v4,3
276553,reward,4565,345.94154351426465,216.015,PPO-LN-RegenReg,Hopper-v4,3
276649,reward,4566,185.7193226864838,219.088,PPO-LN-RegenReg,Hopper-v4,3
276763,reward,4567,227.0362226595652,230.772,PPO-LN-RegenReg,Hopper-v4,3
276899,reward,4568,298.2998170982403,238.278,PPO-LN-RegenReg,Hopper-v4,3
276955,reward,4569,103.68929678024232,236.721,PPO-LN-RegenReg,Hopper-v4,3
277144,reward,4570,430.4560891934135,266.339,PPO-LN-RegenReg,Hopper-v4,3
277260,reward,4571,269.21333873326904,258.963,PPO-LN-RegenReg,Hopper-v4,3
277313,reward,4572,96.3776435114398,245.671,PPO-LN-RegenReg,Hopper-v4,3
277509,reward,4573,500.96875652435693,276.685,PPO-LN-RegenReg,Hopper-v4,3
277570,reward,4574,111.92462942201615,256.963,PPO-LN-RegenReg,Hopper-v4,3
277660,reward,4575,177.16481231503045,240.085,PPO-LN-RegenReg,Hopper-v4,3
277731,reward,4576,136.92942532762854,235.206,PPO-LN-RegenReg,Hopper-v4,3
277821,reward,4577,160.1742251944694,228.52,PPO-LN-RegenReg,Hopper-v4,3
277909,reward,4578,181.4816469196919,216.838,PPO-LN-RegenReg,Hopper-v4,3
278061,reward,4579,348.2360697253328,241.293,PPO-LN-RegenReg,Hopper-v4,3
278149,reward,4580,199.41102650275369,218.188,PPO-LN-RegenReg,Hopper-v4,3
278256,reward,4581,182.29253709397275,209.496,PPO-LN-RegenReg,Hopper-v4,3
278329,reward,4582,150.6772306774415,214.926,PPO-LN-RegenReg,Hopper-v4,3
278427,reward,4583,188.73400357227155,183.703,PPO-LN-RegenReg,Hopper-v4,3
278556,reward,4584,210.2910827523103,193.539,PPO-LN-RegenReg,Hopper-v4,3
278660,reward,4585,233.82528612723624,199.205,PPO-LN-RegenReg,Hopper-v4,3
278751,reward,4586,161.27333567083105,201.64,PPO-LN-RegenReg,Hopper-v4,3
278818,reward,4587,132.16262945079356,198.838,PPO-LN-RegenReg,Hopper-v4,3
278952,reward,4588,158.90976359540514,196.581,PPO-LN-RegenReg,Hopper-v4,3
279102,reward,4589,322.84374246066284,194.042,PPO-LN-RegenReg,Hopper-v4,3
279220,reward,4590,143.19205570278623,188.42,PPO-LN-RegenReg,Hopper-v4,3
279368,reward,4591,209.4412344549904,191.135,PPO-LN-RegenReg,Hopper-v4,3
279490,reward,4592,261.5239551413809,202.22,PPO-LN-RegenReg,Hopper-v4,3
279606,reward,4593,172.70245206576558,200.617,PPO-LN-RegenReg,Hopper-v4,3
279822,reward,4594,572.9783092284486,236.885,PPO-LN-RegenReg,Hopper-v4,3
279924,reward,4595,158.71053346848694,229.374,PPO-LN-RegenReg,Hopper-v4,3
280009,reward,4596,155.13969279131945,228.76,PPO-LN-RegenReg,Hopper-v4,3
280076,reward,4597,100.55206075122332,225.599,PPO-LN-RegenReg,Hopper-v4,3
280198,reward,4598,210.358682947768,230.744,PPO-LN-RegenReg,Hopper-v4,3
280262,reward,4599,114.00948213936087,209.861,PPO-LN-RegenReg,Hopper-v4,3
280416,reward,4600,210.07060795128052,216.549,PPO-LN-RegenReg,Hopper-v4,3
280484,reward,4601,127.31668020863837,208.336,PPO-LN-RegenReg,Hopper-v4,3
280590,reward,4602,203.04521735459994,202.488,PPO-LN-RegenReg,Hopper-v4,3
280638,reward,4603,63.61327399955358,191.579,PPO-LN-RegenReg,Hopper-v4,3
280766,reward,4604,216.0752664205813,155.889,PPO-LN-RegenReg,Hopper-v4,3
280814,reward,4605,36.57126087901621,143.675,PPO-LN-RegenReg,Hopper-v4,3
280855,reward,4606,66.47263122773111,134.809,PPO-LN-RegenReg,Hopper-v4,3
280998,reward,4607,245.35938506309108,149.289,PPO-LN-RegenReg,Hopper-v4,3
281182,reward,4608,274.8660545152852,155.74,PPO-LN-RegenReg,Hopper-v4,3
281496,reward,4609,628.8372572710912,207.223,PPO-LN-RegenReg,Hopper-v4,3
281617,reward,4610,200.3073017855938,206.246,PPO-LN-RegenReg,Hopper-v4,3
281738,reward,4611,188.08359138378043,212.323,PPO-LN-RegenReg,Hopper-v4,3
281802,reward,4612,122.98290265856684,204.317,PPO-LN-RegenReg,Hopper-v4,3
282018,reward,4613,356.34014312304373,233.59,PPO-LN-RegenReg,Hopper-v4,3
282199,reward,4614,290.63776582644203,241.046,PPO-LN-RegenReg,Hopper-v4,3
282408,reward,4615,415.3063523124873,278.919,PPO-LN-RegenReg,Hopper-v4,3
282506,reward,4616,156.29453569943502,287.902,PPO-LN-RegenReg,Hopper-v4,3
282573,reward,4617,129.54581689571975,276.32,PPO-LN-RegenReg,Hopper-v4,3
282626,reward,4618,93.16807003415236,258.15,PPO-LN-RegenReg,Hopper-v4,3
282801,reward,4619,395.8666796992747,234.853,PPO-LN-RegenReg,Hopper-v4,3
282965,reward,4620,323.75358832910877,247.198,PPO-LN-RegenReg,Hopper-v4,3
283031,reward,4621,131.5131946437971,241.541,PPO-LN-RegenReg,Hopper-v4,3
283236,reward,4622,527.99806627985,282.042,PPO-LN-RegenReg,Hopper-v4,3
283391,reward,4623,230.1869651219764,269.427,PPO-LN-RegenReg,Hopper-v4,3
283505,reward,4624,161.7563966994598,256.539,PPO-LN-RegenReg,Hopper-v4,3
283571,reward,4625,112.04831608453546,226.213,PPO-LN-RegenReg,Hopper-v4,3
283713,reward,4626,293.63193001615946,239.947,PPO-LN-RegenReg,Hopper-v4,3
283788,reward,4627,153.5388612189461,242.346,PPO-LN-RegenReg,Hopper-v4,3
283864,reward,4628,95.58740396727787,242.588,PPO-LN-RegenReg,Hopper-v4,3
283927,reward,4629,87.33227009986045,211.735,PPO-LN-RegenReg,Hopper-v4,3
283990,reward,4630,104.79674082977456,189.839,PPO-LN-RegenReg,Hopper-v4,3
284132,reward,4631,308.25348451729803,207.513,PPO-LN-RegenReg,Hopper-v4,3
284220,reward,4632,127.91252329540261,167.504,PPO-LN-RegenReg,Hopper-v4,3
284324,reward,4633,165.2816827392727,161.014,PPO-LN-RegenReg,Hopper-v4,3
284410,reward,4634,173.4676883629265,162.185,PPO-LN-RegenReg,Hopper-v4,3
284476,reward,4635,124.54358319752832,163.435,PPO-LN-RegenReg,Hopper-v4,3
284588,reward,4636,211.95353115418493,155.267,PPO-LN-RegenReg,Hopper-v4,3
284641,reward,4637,92.70687654811516,149.184,PPO-LN-RegenReg,Hopper-v4,3
284682,reward,4638,51.2727390978647,144.752,PPO-LN-RegenReg,Hopper-v4,3
284855,reward,4639,409.4235148164352,176.961,PPO-LN-RegenReg,Hopper-v4,3
284962,reward,4640,204.3768144829762,186.919,PPO-LN-RegenReg,Hopper-v4,3
285063,reward,4641,149.59819670518007,171.054,PPO-LN-RegenReg,Hopper-v4,3
285132,reward,4642,135.25141691450125,171.788,PPO-LN-RegenReg,Hopper-v4,3
285363,reward,4643,430.2787226858111,198.287,PPO-LN-RegenReg,Hopper-v4,3
285423,reward,4644,96.6755559932957,190.608,PPO-LN-RegenReg,Hopper-v4,3
285601,reward,4645,398.09534436508375,217.963,PPO-LN-RegenReg,Hopper-v4,3
285659,reward,4646,106.6392957395313,207.432,PPO-LN-RegenReg,Hopper-v4,3
285794,reward,4647,184.45384266287664,216.607,PPO-LN-RegenReg,Hopper-v4,3
285876,reward,4648,137.52500107689346,225.232,PPO-LN-RegenReg,Hopper-v4,3
286012,reward,4649,251.412157622577,209.431,PPO-LN-RegenReg,Hopper-v4,3
286068,reward,4650,95.48208965675866,198.541,PPO-LN-RegenReg,Hopper-v4,3
286175,reward,4651,167.3600021037058,200.317,PPO-LN-RegenReg,Hopper-v4,3
286290,reward,4652,97.19607794055555,196.512,PPO-LN-RegenReg,Hopper-v4,3
286397,reward,4653,137.46262057201182,167.23,PPO-LN-RegenReg,Hopper-v4,3
286533,reward,4654,145.02616489299257,172.065,PPO-LN-RegenReg,Hopper-v4,3
286670,reward,4655,156.9487260882629,147.951,PPO-LN-RegenReg,Hopper-v4,3
286938,reward,4656,597.5779371776154,197.044,PPO-LN-RegenReg,Hopper-v4,3
287010,reward,4657,131.1712091183513,191.716,PPO-LN-RegenReg,Hopper-v4,3
287076,reward,4658,113.64937808504342,189.329,PPO-LN-RegenReg,Hopper-v4,3
287154,reward,4659,73.69614510404381,171.557,PPO-LN-RegenReg,Hopper-v4,3
287253,reward,4660,125.9357605654756,174.602,PPO-LN-RegenReg,Hopper-v4,3
287354,reward,4661,129.42038926860164,170.808,PPO-LN-RegenReg,Hopper-v4,3
287435,reward,4662,151.55130862794493,176.244,PPO-LN-RegenReg,Hopper-v4,3
287497,reward,4663,47.31555244842178,167.229,PPO-LN-RegenReg,Hopper-v4,3
287563,reward,4664,118.15966126157316,164.543,PPO-LN-RegenReg,Hopper-v4,3
287723,reward,4665,204.4739407578185,169.295,PPO-LN-RegenReg,Hopper-v4,3
288021,reward,4666,656.8674979960971,175.224,PPO-LN-RegenReg,Hopper-v4,3
288246,reward,4667,344.0188911297093,196.509,PPO-LN-RegenReg,Hopper-v4,3
288362,reward,4668,146.6535612501468,199.809,PPO-LN-RegenReg,Hopper-v4,3
288562,reward,4669,230.67174355542468,215.507,PPO-LN-RegenReg,Hopper-v4,3
288650,reward,4670,106.00272559021376,213.514,PPO-LN-RegenReg,Hopper-v4,3
288769,reward,4671,153.7793434765924,215.949,PPO-LN-RegenReg,Hopper-v4,3
289019,reward,4672,533.6095783613991,254.155,PPO-LN-RegenReg,Hopper-v4,3
289137,reward,4673,155.15210970133074,264.939,PPO-LN-RegenReg,Hopper-v4,3
289180,reward,4674,57.85529127808861,258.908,PPO-LN-RegenReg,Hopper-v4,3
289330,reward,4675,201.8309343550206,258.644,PPO-LN-RegenReg,Hopper-v4,3
289417,reward,4676,144.25178880177452,207.383,PPO-LN-RegenReg,Hopper-v4,3
289519,reward,4677,176.66593759344056,190.647,PPO-LN-RegenReg,Hopper-v4,3
289748,reward,4678,567.2270863620379,232.705,PPO-LN-RegenReg,Hopper-v4,3
289831,reward,4679,86.73440780882244,218.311,PPO-LN-RegenReg,Hopper-v4,3
289978,reward,4680,274.21414416926063,235.132,PPO-LN-RegenReg,Hopper-v4,3
290044,reward,4681,114.20659384160481,231.175,PPO-LN-RegenReg,Hopper-v4,3
290161,reward,4682,144.66414169330602,192.28,PPO-LN-RegenReg,Hopper-v4,3
290270,reward,4683,131.39661724060718,189.905,PPO-LN-RegenReg,Hopper-v4,3
290381,reward,4684,157.43106072670332,199.862,PPO-LN-RegenReg,Hopper-v4,3
290565,reward,4685,483.20964857290585,228.0,PPO-LN-RegenReg,Hopper-v4,3
290651,reward,4686,93.06400488315879,222.881,PPO-LN-RegenReg,Hopper-v4,3
290716,reward,4687,40.577538767152255,209.273,PPO-LN-RegenReg,Hopper-v4,3
290895,reward,4688,312.09161295062273,183.759,PPO-LN-RegenReg,Hopper-v4,3
291156,reward,4689,501.88285857462586,225.274,PPO-LN-RegenReg,Hopper-v4,3
291242,reward,4690,102.98216845355967,208.151,PPO-LN-RegenReg,Hopper-v4,3
291301,reward,4691,106.64824439609316,207.395,PPO-LN-RegenReg,Hopper-v4,3
291433,reward,4692,200.34770898237704,212.963,PPO-LN-RegenReg,Hopper-v4,3
291560,reward,4693,178.15833061726173,217.639,PPO-LN-RegenReg,Hopper-v4,3
291744,reward,4694,385.03106494711307,240.399,PPO-LN-RegenReg,Hopper-v4,3
291870,reward,4695,190.24114026660038,211.102,PPO-LN-RegenReg,Hopper-v4,3
292161,reward,4696,440.41069711815595,245.837,PPO-LN-RegenReg,Hopper-v4,3
292244,reward,4697,128.84482921563992,254.664,PPO-LN-RegenReg,Hopper-v4,3
292406,reward,4698,255.67907068842467,249.023,PPO-LN-RegenReg,Hopper-v4,3
292454,reward,4699,82.09748456042172,207.044,PPO-LN-RegenReg,Hopper-v4,3
292559,reward,4700,141.902776721902,210.936,PPO-LN-RegenReg,Hopper-v4,3
292673,reward,4701,206.569974307133,220.928,PPO-LN-RegenReg,Hopper-v4,3
292745,reward,4702,96.26353926251089,210.52,PPO-LN-RegenReg,Hopper-v4,3
292818,reward,4703,75.86432276722277,200.29,PPO-LN-RegenReg,Hopper-v4,3
292884,reward,4704,94.7293842162966,171.26,PPO-LN-RegenReg,Hopper-v4,3
293145,reward,4705,404.60899151071465,192.697,PPO-LN-RegenReg,Hopper-v4,3
293267,reward,4706,174.5373542627866,166.11,PPO-LN-RegenReg,Hopper-v4,3
293349,reward,4707,135.3126650499661,166.757,PPO-LN-RegenReg,Hopper-v4,3
293509,reward,4708,297.58327494535257,170.947,PPO-LN-RegenReg,Hopper-v4,3
293609,reward,4709,108.01014068356636,173.538,PPO-LN-RegenReg,Hopper-v4,3
293706,reward,4710,165.03522225982303,175.851,PPO-LN-RegenReg,Hopper-v4,3
293896,reward,4711,248.67877836138285,180.062,PPO-LN-RegenReg,Hopper-v4,3
294099,reward,4712,352.26280963440144,205.662,PPO-LN-RegenReg,Hopper-v4,3
294202,reward,4713,138.75993735071833,211.952,PPO-LN-RegenReg,Hopper-v4,3
294400,reward,4714,397.7220631868023,242.251,PPO-LN-RegenReg,Hopper-v4,3
294586,reward,4715,418.8274490117592,243.673,PPO-LN-RegenReg,Hopper-v4,3
294707,reward,4716,150.24363993398876,241.244,PPO-LN-RegenReg,Hopper-v4,3
294853,reward,4717,292.66685941190656,256.979,PPO-LN-RegenReg,Hopper-v4,3
295016,reward,4718,394.28139443630397,266.649,PPO-LN-RegenReg,Hopper-v4,3
295124,reward,4719,151.97778744932228,271.046,PPO-LN-RegenReg,Hopper-v4,3
295186,reward,4720,86.7121533660565,263.213,PPO-LN-RegenReg,Hopper-v4,3
295241,reward,4721,49.4214250657246,243.288,PPO-LN-RegenReg,Hopper-v4,3
295345,reward,4722,92.29942002607964,217.291,PPO-LN-RegenReg,Hopper-v4,3
295397,reward,4723,51.72395479305895,208.588,PPO-LN-RegenReg,Hopper-v4,3
295474,reward,4724,115.97551854338428,180.413,PPO-LN-RegenReg,Hopper-v4,3
295535,reward,4725,92.1973916333384,147.75,PPO-LN-RegenReg,Hopper-v4,3
295649,reward,4726,169.145530281125,149.64,PPO-LN-RegenReg,Hopper-v4,3
295735,reward,4727,104.16668093505545,130.79,PPO-LN-RegenReg,Hopper-v4,3
295795,reward,4728,79.62051931577496,99.324,PPO-LN-RegenReg,Hopper-v4,3
295883,reward,4729,115.31650963547635,95.658,PPO-LN-RegenReg,Hopper-v4,3
296085,reward,4730,311.9368415086025,118.18,PPO-LN-RegenReg,Hopper-v4,3
296162,reward,4731,108.19940011104491,124.058,PPO-LN-RegenReg,Hopper-v4,3
296340,reward,4732,414.7841122609789,156.307,PPO-LN-RegenReg,Hopper-v4,3
296449,reward,4733,161.3947292140305,167.274,PPO-LN-RegenReg,Hopper-v4,3
296586,reward,4734,219.98312306049166,177.674,PPO-LN-RegenReg,Hopper-v4,3
296682,reward,4735,162.529664492229,184.708,PPO-LN-RegenReg,Hopper-v4,3
296716,reward,4736,51.50536682058996,172.944,PPO-LN-RegenReg,Hopper-v4,3
296815,reward,4737,151.68313947346934,177.695,PPO-LN-RegenReg,Hopper-v4,3
296929,reward,4738,151.53916807098156,184.887,PPO-LN-RegenReg,Hopper-v4,3
297009,reward,4739,114.48244735579053,184.804,PPO-LN-RegenReg,Hopper-v4,3
297096,reward,4740,117.64342680036691,165.374,PPO-LN-RegenReg,Hopper-v4,3
297152,reward,4741,64.7175066679094,161.026,PPO-LN-RegenReg,Hopper-v4,3
297279,reward,4742,206.59478649858195,140.207,PPO-LN-RegenReg,Hopper-v4,3
297366,reward,4743,117.8468986968885,135.853,PPO-LN-RegenReg,Hopper-v4,3
297515,reward,4744,288.5349754218876,142.708,PPO-LN-RegenReg,Hopper-v4,3
297562,reward,4745,39.37203092436948,130.392,PPO-LN-RegenReg,Hopper-v4,3
297664,reward,4746,126.25907469869084,137.867,PPO-LN-RegenReg,Hopper-v4,3
297720,reward,4747,56.92879604622174,128.392,PPO-LN-RegenReg,Hopper-v4,3
297800,reward,4748,123.76227638257306,125.614,PPO-LN-RegenReg,Hopper-v4,3
297857,reward,4749,75.9703104807457,121.763,PPO-LN-RegenReg,Hopper-v4,3
297910,reward,4750,82.88041583151123,118.287,PPO-LN-RegenReg,Hopper-v4,3
297994,reward,4751,137.0962336690173,125.525,PPO-LN-RegenReg,Hopper-v4,3
298187,reward,4752,441.639954939169,149.029,PPO-LN-RegenReg,Hopper-v4,3
298258,reward,4753,68.05057988850365,144.049,PPO-LN-RegenReg,Hopper-v4,3
298326,reward,4754,100.82351801081705,125.278,PPO-LN-RegenReg,Hopper-v4,3
298449,reward,4755,178.84924243655215,139.226,PPO-LN-RegenReg,Hopper-v4,3
298535,reward,4756,90.8583654863871,135.686,PPO-LN-RegenReg,Hopper-v4,3
298706,reward,4757,316.85441559921844,161.679,PPO-LN-RegenReg,Hopper-v4,3
298771,reward,4758,54.85511623438822,154.788,PPO-LN-RegenReg,Hopper-v4,3
298833,reward,4759,80.89136823814353,155.28,PPO-LN-RegenReg,Hopper-v4,3
298911,reward,4760,129.60486540004442,159.952,PPO-LN-RegenReg,Hopper-v4,3
299032,reward,4761,195.21592989972345,165.764,PPO-LN-RegenReg,Hopper-v4,3
299097,reward,4762,91.43757681253057,130.744,PPO-LN-RegenReg,Hopper-v4,3
299199,reward,4763,120.38395365861797,135.977,PPO-LN-RegenReg,Hopper-v4,3
299280,reward,4764,119.89602265490551,137.885,PPO-LN-RegenReg,Hopper-v4,3
299443,reward,4765,282.6790483093316,148.268,PPO-LN-RegenReg,Hopper-v4,3
299484,reward,4766,54.968831459559254,144.679,PPO-LN-RegenReg,Hopper-v4,3
299536,reward,4767,56.0096672916773,118.594,PPO-LN-RegenReg,Hopper-v4,3
299712,reward,4768,396.08986936316956,152.718,PPO-LN-RegenReg,Hopper-v4,3
299765,reward,4769,43.10126572457726,148.939,PPO-LN-RegenReg,Hopper-v4,3
299895,reward,4770,208.4803431515622,156.826,PPO-LN-RegenReg,Hopper-v4,3
300052,reward,4771,388.1387523543101,176.119,PPO-LN-RegenReg,Hopper-v4,3
300177,reward,4772,158.34638655804184,182.809,PPO-LN-RegenReg,Hopper-v4,3
300220,reward,4773,65.54997082351326,177.326,PPO-LN-RegenReg,Hopper-v4,3
300427,reward,4774,478.98334423940395,213.235,PPO-LN-RegenReg,Hopper-v4,3
300498,reward,4775,91.81586448534863,194.148,PPO-LN-RegenReg,Hopper-v4,3
300619,reward,4776,164.0693840408785,205.058,PPO-LN-RegenReg,Hopper-v4,3
300663,reward,4777,61.29232897791445,205.587,PPO-LN-RegenReg,Hopper-v4,3
300789,reward,4778,147.5482234297651,180.733,PPO-LN-RegenReg,Hopper-v4,3
300859,reward,4779,79.74035883441101,184.396,PPO-LN-RegenReg,Hopper-v4,3
300936,reward,4780,127.34229676099886,176.283,PPO-LN-RegenReg,Hopper-v4,3
301166,reward,4781,434.110483275869,180.88,PPO-LN-RegenReg,Hopper-v4,3
301301,reward,4782,263.1827712723684,191.364,PPO-LN-RegenReg,Hopper-v4,3
301392,reward,4783,140.1368224897583,198.822,PPO-LN-RegenReg,Hopper-v4,3
301446,reward,4784,69.88171845438681,157.912,PPO-LN-RegenReg,Hopper-v4,3
301543,reward,4785,114.54892359516265,160.185,PPO-LN-RegenReg,Hopper-v4,3
301686,reward,4786,190.3059029693576,162.809,PPO-LN-RegenReg,Hopper-v4,3
301717,reward,4787,25.89326874732946,159.269,PPO-LN-RegenReg,Hopper-v4,3
301837,reward,4788,147.22548825662213,159.237,PPO-LN-RegenReg,Hopper-v4,3
301901,reward,4789,50.46703341572157,156.309,PPO-LN-RegenReg,Hopper-v4,3
302076,reward,4790,383.3868835273768,181.914,PPO-LN-RegenReg,Hopper-v4,3
302147,reward,4791,78.7750352227684,146.38,PPO-LN-RegenReg,Hopper-v4,3
302315,reward,4792,185.74671517607487,138.637,PPO-LN-RegenReg,Hopper-v4,3
302365,reward,4793,58.89177558460454,130.512,PPO-LN-RegenReg,Hopper-v4,3
302476,reward,4794,199.68508716172366,143.493,PPO-LN-RegenReg,Hopper-v4,3
302590,reward,4795,201.75613773311392,152.213,PPO-LN-RegenReg,Hopper-v4,3
302784,reward,4796,319.97179957994024,165.18,PPO-LN-RegenReg,Hopper-v4,3
302907,reward,4797,145.67762849153323,177.158,PPO-LN-RegenReg,Hopper-v4,3
303004,reward,4798,125.34476787969811,174.97,PPO-LN-RegenReg,Hopper-v4,3
303060,reward,4799,65.6298092437827,176.487,PPO-LN-RegenReg,Hopper-v4,3
303152,reward,4800,104.59894005156535,148.608,PPO-LN-RegenReg,Hopper-v4,3
303234,reward,4801,106.8299429686952,151.413,PPO-LN-RegenReg,Hopper-v4,3
303340,reward,4802,197.96785657067153,152.635,PPO-LN-RegenReg,Hopper-v4,3
303459,reward,4803,180.3611072870024,164.782,PPO-LN-RegenReg,Hopper-v4,3
303538,reward,4804,88.90117002275426,153.704,PPO-LN-RegenReg,Hopper-v4,3
303636,reward,4805,157.39158668031666,149.267,PPO-LN-RegenReg,Hopper-v4,3
303793,reward,4806,362.1509926522979,153.485,PPO-LN-RegenReg,Hopper-v4,3
303909,reward,4807,228.3448270158347,161.752,PPO-LN-RegenReg,Hopper-v4,3
304032,reward,4808,156.56202350914006,164.874,PPO-LN-RegenReg,Hopper-v4,3
304159,reward,4809,207.3081852460424,179.042,PPO-LN-RegenReg,Hopper-v4,3
304244,reward,4810,100.14548026388223,178.596,PPO-LN-RegenReg,Hopper-v4,3
304297,reward,4811,52.460580759604184,173.159,PPO-LN-RegenReg,Hopper-v4,3
304383,reward,4812,88.92777843062971,162.255,PPO-LN-RegenReg,Hopper-v4,3
304462,reward,4813,94.07818507422584,153.627,PPO-LN-RegenReg,Hopper-v4,3
304524,reward,4814,73.35326793215263,152.072,PPO-LN-RegenReg,Hopper-v4,3
304639,reward,4815,166.6314973452193,152.996,PPO-LN-RegenReg,Hopper-v4,3
304736,reward,4816,144.80795477400696,131.262,PPO-LN-RegenReg,Hopper-v4,3
304800,reward,4817,102.9812392899166,118.726,PPO-LN-RegenReg,Hopper-v4,3
304912,reward,4818,204.45338604889105,123.515,PPO-LN-RegenReg,Hopper-v4,3
304980,reward,4819,93.68725232303113,112.153,PPO-LN-RegenReg,Hopper-v4,3
305041,reward,4820,64.91598561598893,108.63,PPO-LN-RegenReg,Hopper-v4,3
305144,reward,4821,112.19211877271763,114.603,PPO-LN-RegenReg,Hopper-v4,3
305185,reward,4822,37.52944841582865,109.463,PPO-LN-RegenReg,Hopper-v4,3
305275,reward,4823,145.34257580518926,114.589,PPO-LN-RegenReg,Hopper-v4,3
305338,reward,4824,70.43225143900527,114.297,PPO-LN-RegenReg,Hopper-v4,3
305405,reward,4825,58.687471716398626,103.503,PPO-LN-RegenReg,Hopper-v4,3
305456,reward,4826,49.84011383447922,94.006,PPO-LN-RegenReg,Hopper-v4,3
305568,reward,4827,94.17055617903272,93.125,PPO-LN-RegenReg,Hopper-v4,3
305641,reward,4828,65.66425836292564,79.246,PPO-LN-RegenReg,Hopper-v4,3
305848,reward,4829,214.43873312677607,91.321,PPO-LN-RegenReg,Hopper-v4,3
306009,reward,4830,171.1167537136701,101.941,PPO-LN-RegenReg,Hopper-v4,3
306159,reward,4831,153.95028195789848,106.117,PPO-LN-RegenReg,Hopper-v4,3
306228,reward,4832,111.27444830911003,113.492,PPO-LN-RegenReg,Hopper-v4,3
306311,reward,4833,80.53168795920126,107.011,PPO-LN-RegenReg,Hopper-v4,3
306448,reward,4834,161.99323685697757,116.167,PPO-LN-RegenReg,Hopper-v4,3
306538,reward,4835,147.71936292570567,125.07,PPO-LN-RegenReg,Hopper-v4,3
306591,reward,4836,44.34745550335542,124.521,PPO-LN-RegenReg,Hopper-v4,3
306646,reward,4837,68.0545049752814,121.909,PPO-LN-RegenReg,Hopper-v4,3
306673,reward,4838,4.135710245221744,115.756,PPO-LN-RegenReg,Hopper-v4,3
306775,reward,4839,137.51432833228435,108.064,PPO-LN-RegenReg,Hopper-v4,3
306838,reward,4840,61.1548587474391,97.068,PPO-LN-RegenReg,Hopper-v4,3
306877,reward,4841,45.167341769787065,86.189,PPO-LN-RegenReg,Hopper-v4,3
306942,reward,4842,87.76566027070203,83.838,PPO-LN-RegenReg,Hopper-v4,3
306983,reward,4843,42.35711300612458,80.021,PPO-LN-RegenReg,Hopper-v4,3
307032,reward,4844,38.929490108742435,67.715,PPO-LN-RegenReg,Hopper-v4,3
307120,reward,4845,101.91438693403738,63.134,PPO-LN-RegenReg,Hopper-v4,3
307166,reward,4846,53.81831202861769,64.081,PPO-LN-RegenReg,Hopper-v4,3
307272,reward,4847,170.49953977890283,74.326,PPO-LN-RegenReg,Hopper-v4,3
307347,reward,4848,125.0387107346284,86.416,PPO-LN-RegenReg,Hopper-v4,3
307448,reward,4849,147.5549400286378,87.42,PPO-LN-RegenReg,Hopper-v4,3
307505,reward,4850,81.61172742751707,89.466,PPO-LN-RegenReg,Hopper-v4,3
307568,reward,4851,86.06672982303968,93.556,PPO-LN-RegenReg,Hopper-v4,3
307635,reward,4852,56.839294107699025,90.463,PPO-LN-RegenReg,Hopper-v4,3
307759,reward,4853,142.7440379039373,100.502,PPO-LN-RegenReg,Hopper-v4,3
307837,reward,4854,102.72351141078178,106.881,PPO-LN-RegenReg,Hopper-v4,3
307959,reward,4855,172.57037869818197,113.947,PPO-LN-RegenReg,Hopper-v4,3
308003,reward,4856,56.134036097739134,114.178,PPO-LN-RegenReg,Hopper-v4,3
308099,reward,4857,132.81157844747568,110.409,PPO-LN-RegenReg,Hopper-v4,3
308161,reward,4858,82.18786867978089,106.124,PPO-LN-RegenReg,Hopper-v4,3
308286,reward,4859,180.56048785291782,109.425,PPO-LN-RegenReg,Hopper-v4,3
308372,reward,4860,129.07193891215348,114.171,PPO-LN-RegenReg,Hopper-v4,3
308477,reward,4861,179.8223639072362,123.547,PPO-LN-RegenReg,Hopper-v4,3
308603,reward,4862,218.786433626364,139.741,PPO-LN-RegenReg,Hopper-v4,3
308666,reward,4863,77.89269633947524,133.256,PPO-LN-RegenReg,Hopper-v4,3
308761,reward,4864,155.40401517080133,138.524,PPO-LN-RegenReg,Hopper-v4,3
308844,reward,4865,123.03361540436008,133.571,PPO-LN-RegenReg,Hopper-v4,3
308882,reward,4866,53.052204098108035,133.262,PPO-LN-RegenReg,Hopper-v4,3
308954,reward,4867,131.01328140259287,133.082,PPO-LN-RegenReg,Hopper-v4,3
308997,reward,4868,57.69172855153626,130.633,PPO-LN-RegenReg,Hopper-v4,3
309093,reward,4869,129.80518227062493,125.557,PPO-LN-RegenReg,Hopper-v4,3
309208,reward,4870,169.09177184337722,129.559,PPO-LN-RegenReg,Hopper-v4,3
309371,reward,4871,129.014943023943,124.479,PPO-LN-RegenReg,Hopper-v4,3
309423,reward,4872,49.82174991950032,107.582,PPO-LN-RegenReg,Hopper-v4,3
309515,reward,4873,128.06469729809703,112.599,PPO-LN-RegenReg,Hopper-v4,3
309627,reward,4874,156.87118223396513,112.746,PPO-LN-RegenReg,Hopper-v4,3
309744,reward,4875,212.98551435178146,121.741,PPO-LN-RegenReg,Hopper-v4,3
309872,reward,4876,209.6880430777416,137.405,PPO-LN-RegenReg,Hopper-v4,3
309932,reward,4877,65.2599743001008,130.829,PPO-LN-RegenReg,Hopper-v4,3
310008,reward,4878,95.65449727703127,134.626,PPO-LN-RegenReg,Hopper-v4,3
310070,reward,4879,89.20305354143628,130.566,PPO-LN-RegenReg,Hopper-v4,3
310135,reward,4880,59.95384351783949,119.652,PPO-LN-RegenReg,Hopper-v4,3
310210,reward,4881,73.89058150740034,114.139,PPO-LN-RegenReg,Hopper-v4,3
310314,reward,4882,116.8744369140262,120.845,PPO-LN-RegenReg,Hopper-v4,3
310463,reward,4883,300.6420830079004,138.102,PPO-LN-RegenReg,Hopper-v4,3
310577,reward,4884,182.0531131625441,140.621,PPO-LN-RegenReg,Hopper-v4,3
310643,reward,4885,70.34160926630986,126.356,PPO-LN-RegenReg,Hopper-v4,3
310753,reward,4886,159.01040124671638,121.288,PPO-LN-RegenReg,Hopper-v4,3
310907,reward,4887,274.232343543619,142.186,PPO-LN-RegenReg,Hopper-v4,3
311000,reward,4888,81.98587488806527,140.819,PPO-LN-RegenReg,Hopper-v4,3
311116,reward,4889,103.06199761675703,142.205,PPO-LN-RegenReg,Hopper-v4,3
311180,reward,4890,68.97869868521552,143.107,PPO-LN-RegenReg,Hopper-v4,3
311295,reward,4891,162.3677530800124,151.955,PPO-LN-RegenReg,Hopper-v4,3
311465,reward,4892,300.54437595486837,170.322,PPO-LN-RegenReg,Hopper-v4,3
311523,reward,4893,64.78931840614487,146.737,PPO-LN-RegenReg,Hopper-v4,3
311631,reward,4894,142.9649201985162,142.828,PPO-LN-RegenReg,Hopper-v4,3
311810,reward,4895,395.96976680107673,175.391,PPO-LN-RegenReg,Hopper-v4,3
311942,reward,4896,281.63766732886404,187.653,PPO-LN-RegenReg,Hopper-v4,3
312030,reward,4897,113.63272896901763,171.593,PPO-LN-RegenReg,Hopper-v4,3
312126,reward,4898,145.221232048129,177.917,PPO-LN-RegenReg,Hopper-v4,3
312207,reward,4899,132.29216805126802,180.84,PPO-LN-RegenReg,Hopper-v4,3
312316,reward,4900,122.99703780521749,186.242,PPO-LN-RegenReg,Hopper-v4,3
312353,reward,4901,24.239988698218987,172.429,PPO-LN-RegenReg,Hopper-v4,3
312375,reward,4902,24.871919759039166,144.862,PPO-LN-RegenReg,Hopper-v4,3
312461,reward,4903,91.94798484501148,147.578,PPO-LN-RegenReg,Hopper-v4,3
312659,reward,4904,398.81444551034616,173.162,PPO-LN-RegenReg,Hopper-v4,3
312845,reward,4905,203.1439587699592,153.88,PPO-LN-RegenReg,Hopper-v4,3
312956,reward,4906,89.30713504002556,134.647,PPO-LN-RegenReg,Hopper-v4,3
313055,reward,4907,168.6193615894088,140.146,PPO-LN-RegenReg,Hopper-v4,3
313126,reward,4908,65.30262052627394,132.154,PPO-LN-RegenReg,Hopper-v4,3
313215,reward,4909,133.21921008709927,132.246,PPO-LN-RegenReg,Hopper-v4,3
313300,reward,4910,121.59865644957563,132.107,PPO-LN-RegenReg,Hopper-v4,3
313424,reward,4911,218.5485244323489,151.537,PPO-LN-RegenReg,Hopper-v4,3
313565,reward,4912,225.7904982938437,171.629,PPO-LN-RegenReg,Hopper-v4,3
313623,reward,4913,85.27075188535255,170.962,PPO-LN-RegenReg,Hopper-v4,3
313777,reward,4914,202.4107572914048,151.321,PPO-LN-RegenReg,Hopper-v4,3
313937,reward,4915,359.0320253447719,166.91,PPO-LN-RegenReg,Hopper-v4,3
314100,reward,4916,363.9934685490311,194.379,PPO-LN-RegenReg,Hopper-v4,3
314154,reward,4917,78.28020601262334,185.345,PPO-LN-RegenReg,Hopper-v4,3
314332,reward,4918,458.2902284738928,224.643,PPO-LN-RegenReg,Hopper-v4,3
314400,reward,4919,70.44766057038525,218.366,PPO-LN-RegenReg,Hopper-v4,3
314494,reward,4920,116.00686175387023,217.807,PPO-LN-RegenReg,Hopper-v4,3
314575,reward,4921,83.00453671361721,204.253,PPO-LN-RegenReg,Hopper-v4,3
314649,reward,4922,107.53931053119871,192.428,PPO-LN-RegenReg,Hopper-v4,3
314711,reward,4923,63.3638918839559,190.237,PPO-LN-RegenReg,Hopper-v4,3
314786,reward,4924,115.60523908374367,181.556,PPO-LN-RegenReg,Hopper-v4,3
314862,reward,4925,98.27153218475108,155.48,PPO-LN-RegenReg,Hopper-v4,3
314938,reward,4926,97.04601815871024,128.786,PPO-LN-RegenReg,Hopper-v4,3
315021,reward,4927,127.23589097823965,133.681,PPO-LN-RegenReg,Hopper-v4,3
315067,reward,4928,69.18172816052244,94.77,PPO-LN-RegenReg,Hopper-v4,3
315112,reward,4929,66.41793791648367,94.367,PPO-LN-RegenReg,Hopper-v4,3
315259,reward,4930,324.52375731811526,115.219,PPO-LN-RegenReg,Hopper-v4,3
315322,reward,4931,84.90340529072687,115.409,PPO-LN-RegenReg,Hopper-v4,3
315458,reward,4932,269.6665621830431,131.622,PPO-LN-RegenReg,Hopper-v4,3
315679,reward,4933,422.29450797785904,167.515,PPO-LN-RegenReg,Hopper-v4,3
315806,reward,4934,220.44153757459765,177.998,PPO-LN-RegenReg,Hopper-v4,3
315838,reward,4935,49.90038516757556,173.161,PPO-LN-RegenReg,Hopper-v4,3
315921,reward,4936,154.28909966240633,178.885,PPO-LN-RegenReg,Hopper-v4,3
316003,reward,4937,84.92481425549896,174.654,PPO-LN-RegenReg,Hopper-v4,3
316051,reward,4938,61.069786787549525,173.843,PPO-LN-RegenReg,Hopper-v4,3
316100,reward,4939,78.62426676495943,175.064,PPO-LN-RegenReg,Hopper-v4,3
316183,reward,4940,143.62121938921393,156.974,PPO-LN-RegenReg,Hopper-v4,3
316282,reward,4941,184.2455722333252,166.908,PPO-LN-RegenReg,Hopper-v4,3
316409,reward,4942,200.50127107336178,159.991,PPO-LN-RegenReg,Hopper-v4,3
316573,reward,4943,246.24743864727594,142.387,PPO-LN-RegenReg,Hopper-v4,3
316666,reward,4944,124.62793774969036,132.805,PPO-LN-RegenReg,Hopper-v4,3
316754,reward,4945,160.3423521969935,143.849,PPO-LN-RegenReg,Hopper-v4,3
316836,reward,4946,100.47344112969517,138.468,PPO-LN-RegenReg,Hopper-v4,3
317053,reward,4947,321.77796417669896,162.153,PPO-LN-RegenReg,Hopper-v4,3
317098,reward,4948,38.39260576545173,159.885,PPO-LN-RegenReg,Hopper-v4,3
317167,reward,4949,71.01903553470763,159.125,PPO-LN-RegenReg,Hopper-v4,3
317350,reward,4950,375.9313030885689,182.356,PPO-LN-RegenReg,Hopper-v4,3
317481,reward,4951,190.55897804238012,182.987,PPO-LN-RegenReg,Hopper-v4,3
317545,reward,4952,85.77304450561573,171.514,PPO-LN-RegenReg,Hopper-v4,3
317591,reward,4953,63.217649194948876,153.211,PPO-LN-RegenReg,Hopper-v4,3
317649,reward,4954,77.55003520453522,148.504,PPO-LN-RegenReg,Hopper-v4,3
317709,reward,4955,50.818105274642996,137.551,PPO-LN-RegenReg,Hopper-v4,3
317800,reward,4956,140.460597044232,141.55,PPO-LN-RegenReg,Hopper-v4,3
317875,reward,4957,135.71457214205896,122.944,PPO-LN-RegenReg,Hopper-v4,3
318015,reward,4958,350.7307977860265,154.177,PPO-LN-RegenReg,Hopper-v4,3
318193,reward,4959,390.76338939010344,186.152,PPO-LN-RegenReg,Hopper-v4,3
318257,reward,4960,98.32914157432194,158.392,PPO-LN-RegenReg,Hopper-v4,3
318332,reward,4961,104.44675192911006,149.78,PPO-LN-RegenReg,Hopper-v4,3
318416,reward,4962,113.89406331306314,152.593,PPO-LN-RegenReg,Hopper-v4,3
318596,reward,4963,379.08268465770374,184.179,PPO-LN-RegenReg,Hopper-v4,3
318725,reward,4964,212.41084483811215,197.665,PPO-LN-RegenReg,Hopper-v4,3
318875,reward,4965,281.42601091987973,220.726,PPO-LN-RegenReg,Hopper-v4,3
319000,reward,4966,207.195070437501,227.399,PPO-LN-RegenReg,Hopper-v4,3
319062,reward,4967,67.28999306960347,220.557,PPO-LN-RegenReg,Hopper-v4,3
319192,reward,4968,219.95017840059577,207.479,PPO-LN-RegenReg,Hopper-v4,3
319282,reward,4969,109.27463501009531,179.33,PPO-LN-RegenReg,Hopper-v4,3
319361,reward,4970,93.74503074573282,178.872,PPO-LN-RegenReg,Hopper-v4,3
319435,reward,4971,90.09007062118765,177.436,PPO-LN-RegenReg,Hopper-v4,3
319544,reward,4972,170.45750611718776,183.092,PPO-LN-RegenReg,Hopper-v4,3
319616,reward,4973,100.10992269131887,155.195,PPO-LN-RegenReg,Hopper-v4,3
319716,reward,4974,132.92791406386178,147.247,PPO-LN-RegenReg,Hopper-v4,3
319787,reward,4975,66.27714521581552,125.732,PPO-LN-RegenReg,Hopper-v4,3
319849,reward,4976,69.46581372985102,111.959,PPO-LN-RegenReg,Hopper-v4,3
319962,reward,4977,205.2443055386896,125.754,PPO-LN-RegenReg,Hopper-v4,3
320176,reward,4978,235.9451455246343,127.354,PPO-LN-RegenReg,Hopper-v4,3
320217,reward,4979,27.793830129130992,119.206,PPO-LN-RegenReg,Hopper-v4,3
320287,reward,4980,60.725283298938194,115.904,PPO-LN-RegenReg,Hopper-v4,3
320444,reward,4981,398.9990272016302,146.795,PPO-LN-RegenReg,Hopper-v4,3
320496,reward,4982,78.8393469867408,137.633,PPO-LN-RegenReg,Hopper-v4,3
320574,reward,4983,139.40928405181918,141.563,PPO-LN-RegenReg,Hopper-v4,3
320711,reward,4984,351.5168533245833,163.422,PPO-LN-RegenReg,Hopper-v4,3
320864,reward,4985,241.72094089936846,180.966,PPO-LN-RegenReg,Hopper-v4,3
320919,reward,4986,85.1857307480202,182.538,PPO-LN-RegenReg,Hopper-v4,3
321087,reward,4987,183.91940220230418,180.405,PPO-LN-RegenReg,Hopper-v4,3
321161,reward,4988,72.41669047679079,164.053,PPO-LN-RegenReg,Hopper-v4,3
321336,reward,4989,465.113181279716,207.785,PPO-LN-RegenReg,Hopper-v4,3
321400,reward,4990,81.52163301628454,209.864,PPO-LN-RegenReg,Hopper-v4,3
321517,reward,4991,236.3311163343796,193.597,PPO-LN-RegenReg,Hopper-v4,3
321677,reward,4992,345.7639895726449,220.29,PPO-LN-RegenReg,Hopper-v4,3
321752,reward,4993,129.7848095535438,219.327,PPO-LN-RegenReg,Hopper-v4,3
321830,reward,4994,118.39993323898396,196.016,PPO-LN-RegenReg,Hopper-v4,3
322000,reward,4995,364.0532061442304,208.249,PPO-LN-RegenReg,Hopper-v4,3
322072,reward,4996,90.95967624820426,208.826,PPO-LN-RegenReg,Hopper-v4,3
322192,reward,4997,166.01523342420793,207.036,PPO-LN-RegenReg,Hopper-v4,3
322267,reward,4998,117.69900190792055,211.564,PPO-LN-RegenReg,Hopper-v4,3
322401,reward,4999,166.22856960663123,181.676,PPO-LN-RegenReg,Hopper-v4,3
322478,reward,5000,103.88369024761847,183.912,PPO-LN-RegenReg,Hopper-v4,3
322580,reward,5001,157.33287079487053,176.012,PPO-LN-RegenReg,Hopper-v4,3
322677,reward,5002,113.81306528267208,152.817,PPO-LN-RegenReg,Hopper-v4,3
322726,reward,5003,72.5087228579277,147.089,PPO-LN-RegenReg,Hopper-v4,3
322794,reward,5004,116.67033473253913,146.916,PPO-LN-RegenReg,Hopper-v4,3
322865,reward,5005,115.90914011742267,122.102,PPO-LN-RegenReg,Hopper-v4,3
322953,reward,5006,130.35945282484764,126.042,PPO-LN-RegenReg,Hopper-v4,3
323018,reward,5007,101.08791422722851,119.549,PPO-LN-RegenReg,Hopper-v4,3
323126,reward,5008,180.44890217178582,125.824,PPO-LN-RegenReg,Hopper-v4,3
323196,reward,5009,101.66936437540325,119.368,PPO-LN-RegenReg,Hopper-v4,3
323327,reward,5010,196.04283005442494,128.584,PPO-LN-RegenReg,Hopper-v4,3
323408,reward,5011,72.61776810985998,120.113,PPO-LN-RegenReg,Hopper-v4,3
323488,reward,5012,80.58495434776133,116.79,PPO-LN-RegenReg,Hopper-v4,3
323571,reward,5013,136.62808055642964,123.202,PPO-LN-RegenReg,Hopper-v4,3
323641,reward,5014,100.09048412075228,121.544,PPO-LN-RegenReg,Hopper-v4,3
323715,reward,5015,90.74801256425202,119.028,PPO-LN-RegenReg,Hopper-v4,3
323800,reward,5016,117.25978957051866,117.718,PPO-LN-RegenReg,Hopper-v4,3
323850,reward,5017,37.126725711418416,111.322,PPO-LN-RegenReg,Hopper-v4,3
323908,reward,5018,82.56257754327963,101.533,PPO-LN-RegenReg,Hopper-v4,3
324064,reward,5019,381.79072129695345,129.545,PPO-LN-RegenReg,Hopper-v4,3
324220,reward,5020,381.64467698773916,148.105,PPO-LN-RegenReg,Hopper-v4,3
324300,reward,5021,108.00900633319782,151.645,PPO-LN-RegenReg,Hopper-v4,3
324377,reward,5022,117.31494627328844,155.318,PPO-LN-RegenReg,Hopper-v4,3
324428,reward,5023,67.24476593794489,148.379,PPO-LN-RegenReg,Hopper-v4,3
324504,reward,5024,99.6731382023893,148.337,PPO-LN-RegenReg,Hopper-v4,3
324558,reward,5025,53.52274009850783,144.615,PPO-LN-RegenReg,Hopper-v4,3
324608,reward,5026,78.83607894105958,140.773,PPO-LN-RegenReg,Hopper-v4,3
324690,reward,5027,148.54442124023652,151.914,PPO-LN-RegenReg,Hopper-v4,3
324731,reward,5028,64.22790541983734,150.081,PPO-LN-RegenReg,Hopper-v4,3
324791,reward,5029,62.94333445993063,118.196,PPO-LN-RegenReg,Hopper-v4,3
324884,reward,5030,169.18580566523158,96.95,PPO-LN-RegenReg,Hopper-v4,3
324950,reward,5031,84.11259651984693,94.561,PPO-LN-RegenReg,Hopper-v4,3
325057,reward,5032,192.9213729156275,102.121,PPO-LN-RegenReg,Hopper-v4,3
325121,reward,5033,92.80835437358103,104.678,PPO-LN-RegenReg,Hopper-v4,3
325192,reward,5034,104.3292223421354,105.143,PPO-LN-RegenReg,Hopper-v4,3
325289,reward,5035,104.19430773335097,110.21,PPO-LN-RegenReg,Hopper-v4,3
325436,reward,5036,197.99252066132024,122.126,PPO-LN-RegenReg,Hopper-v4,3
325539,reward,5037,145.83291217041167,121.855,PPO-LN-RegenReg,Hopper-v4,3
325642,reward,5038,175.23096714107197,132.955,PPO-LN-RegenReg,Hopper-v4,3
325799,reward,5039,256.0027473324133,152.261,PPO-LN-RegenReg,Hopper-v4,3
325887,reward,5040,114.47972972724112,146.79,PPO-LN-RegenReg,Hopper-v4,3
325954,reward,5041,95.26649145463381,147.906,PPO-LN-RegenReg,Hopper-v4,3
326037,reward,5042,99.65373088046617,138.579,PPO-LN-RegenReg,Hopper-v4,3
326112,reward,5043,117.37233815420493,141.035,PPO-LN-RegenReg,Hopper-v4,3
326235,reward,5044,227.7116359265898,153.374,PPO-LN-RegenReg,Hopper-v4,3
326295,reward,5045,79.60353773385641,150.915,PPO-LN-RegenReg,Hopper-v4,3
326442,reward,5046,294.3953644599214,160.555,PPO-LN-RegenReg,Hopper-v4,3
326556,reward,5047,225.81834128147898,168.553,PPO-LN-RegenReg,Hopper-v4,3
326664,reward,5048,110.8298186558045,162.113,PPO-LN-RegenReg,Hopper-v4,3
326760,reward,5049,150.725561836709,151.586,PPO-LN-RegenReg,Hopper-v4,3
326883,reward,5050,230.7694703707677,163.215,PPO-LN-RegenReg,Hopper-v4,3
327011,reward,5051,255.3846681950158,179.226,PPO-LN-RegenReg,Hopper-v4,3
327073,reward,5052,118.19301788298283,181.08,PPO-LN-RegenReg,Hopper-v4,3
327152,reward,5053,126.52699728192478,181.996,PPO-LN-RegenReg,Hopper-v4,3
327280,reward,5054,227.89616429460443,182.014,PPO-LN-RegenReg,Hopper-v4,3
327364,reward,5055,135.94741392999276,187.649,PPO-LN-RegenReg,Hopper-v4,3
327458,reward,5056,145.39237781353972,172.748,PPO-LN-RegenReg,Hopper-v4,3
327682,reward,5057,411.12486175890854,191.279,PPO-LN-RegenReg,Hopper-v4,3
327748,reward,5058,120.68363488500341,192.264,PPO-LN-RegenReg,Hopper-v4,3
327908,reward,5059,354.6738864083474,212.659,PPO-LN-RegenReg,Hopper-v4,3
328106,reward,5060,353.38381688870817,224.921,PPO-LN-RegenReg,Hopper-v4,3
328161,reward,5061,56.209895777024556,205.003,PPO-LN-RegenReg,Hopper-v4,3
328296,reward,5062,208.1320089025177,213.997,PPO-LN-RegenReg,Hopper-v4,3
328490,reward,5063,385.0474248361591,239.849,PPO-LN-RegenReg,Hopper-v4,3
328603,reward,5064,195.394757592377,236.599,PPO-LN-RegenReg,Hopper-v4,3
328620,reward,5065,22.731571966010755,225.277,PPO-LN-RegenReg,Hopper-v4,3
328697,reward,5066,133.6989135645002,224.108,PPO-LN-RegenReg,Hopper-v4,3
328813,reward,5067,216.60968609234376,204.657,PPO-LN-RegenReg,Hopper-v4,3
328873,reward,5068,110.34210313281773,203.622,PPO-LN-RegenReg,Hopper-v4,3
329006,reward,5069,367.8392620423818,204.939,PPO-LN-RegenReg,Hopper-v4,3
329096,reward,5070,176.24058831621883,187.225,PPO-LN-RegenReg,Hopper-v4,3
329243,reward,5071,311.7641375197038,212.78,PPO-LN-RegenReg,Hopper-v4,3
329341,reward,5072,140.38106094933988,206.005,PPO-LN-RegenReg,Hopper-v4,3
329518,reward,5073,360.2908559226209,203.529,PPO-LN-RegenReg,Hopper-v4,3
329642,reward,5074,196.4166589538491,203.631,PPO-LN-RegenReg,Hopper-v4,3
329735,reward,5075,108.67042887587975,212.225,PPO-LN-RegenReg,Hopper-v4,3
329802,reward,5076,112.7511530117993,210.131,PPO-LN-RegenReg,Hopper-v4,3
329895,reward,5077,206.69236719843227,209.139,PPO-LN-RegenReg,Hopper-v4,3
329943,reward,5078,49.36148379144218,203.041,PPO-LN-RegenReg,Hopper-v4,3
330135,reward,5079,488.76757284958137,215.134,PPO-LN-RegenReg,Hopper-v4,3
330299,reward,5080,404.3842307745412,237.948,PPO-LN-RegenReg,Hopper-v4,3
330358,reward,5081,87.94068784202555,215.566,PPO-LN-RegenReg,Hopper-v4,3
330495,reward,5082,212.52953799694515,222.78,PPO-LN-RegenReg,Hopper-v4,3
330608,reward,5083,192.28897720112494,205.98,PPO-LN-RegenReg,Hopper-v4,3
330667,reward,5084,85.63276187938187,194.902,PPO-LN-RegenReg,Hopper-v4,3
330710,reward,5085,63.85572392801241,190.42,PPO-LN-RegenReg,Hopper-v4,3
330832,reward,5086,250.5275319840183,204.198,PPO-LN-RegenReg,Hopper-v4,3
331009,reward,5087,428.58238892064264,226.387,PPO-LN-RegenReg,Hopper-v4,3
331090,reward,5088,107.73848163142735,232.225,PPO-LN-RegenReg,Hopper-v4,3
331183,reward,5089,126.09448000916115,195.957,PPO-LN-RegenReg,Hopper-v4,3
331328,reward,5090,353.1349128596565,190.833,PPO-LN-RegenReg,Hopper-v4,3
331471,reward,5091,368.77998065814626,218.916,PPO-LN-RegenReg,Hopper-v4,3
331643,reward,5092,472.82082779204023,244.946,PPO-LN-RegenReg,Hopper-v4,3
331759,reward,5093,199.83745789290364,245.7,PPO-LN-RegenReg,Hopper-v4,3
331968,reward,5094,459.36486178657805,283.074,PPO-LN-RegenReg,Hopper-v4,3
332126,reward,5095,349.13996409699473,311.602,PPO-LN-RegenReg,Hopper-v4,3
332217,reward,5096,153.2428143164304,301.874,PPO-LN-RegenReg,Hopper-v4,3
332349,reward,5097,275.4589641119785,286.561,PPO-LN-RegenReg,Hopper-v4,3
332483,reward,5098,255.4682924790823,301.334,PPO-LN-RegenReg,Hopper-v4,3
332696,reward,5099,412.79905753320713,330.005,PPO-LN-RegenReg,Hopper-v4,3
332831,reward,5100,309.9578125530255,325.687,PPO-LN-RegenReg,Hopper-v4,3
332976,reward,5101,346.17089891777766,323.426,PPO-LN-RegenReg,Hopper-v4,3
333037,reward,5102,114.7182545626064,287.616,PPO-LN-RegenReg,Hopper-v4,3
333190,reward,5103,366.73596773536644,304.306,PPO-LN-RegenReg,Hopper-v4,3
333340,reward,5104,229.15697996309171,281.285,PPO-LN-RegenReg,Hopper-v4,3
333524,reward,5105,340.06440554945266,280.377,PPO-LN-RegenReg,Hopper-v4,3
333624,reward,5106,239.25245676955365,288.978,PPO-LN-RegenReg,Hopper-v4,3
333755,reward,5107,175.08510627640715,278.941,PPO-LN-RegenReg,Hopper-v4,3
333907,reward,5108,256.4388317485349,279.038,PPO-LN-RegenReg,Hopper-v4,3
334080,reward,5109,318.9787108920073,269.656,PPO-LN-RegenReg,Hopper-v4,3
334182,reward,5110,163.22230466104685,254.982,PPO-LN-RegenReg,Hopper-v4,3
334324,reward,5111,154.88352189269906,235.854,PPO-LN-RegenReg,Hopper-v4,3
334470,reward,5112,198.44597985750644,244.226,PPO-LN-RegenReg,Hopper-v4,3
334572,reward,5113,150.7885489945104,222.632,PPO-LN-RegenReg,Hopper-v4,3
334784,reward,5114,334.7438477194235,233.19,PPO-LN-RegenReg,Hopper-v4,3
334878,reward,5115,149.9063240998265,214.175,PPO-LN-RegenReg,Hopper-v4,3
334983,reward,5116,192.59414594219254,209.509,PPO-LN-RegenReg,Hopper-v4,3
335037,reward,5117,89.30489912631899,200.931,PPO-LN-RegenReg,Hopper-v4,3
335091,reward,5118,78.30965038299101,183.118,PPO-LN-RegenReg,Hopper-v4,3
335107,reward,5119,19.822509964006173,153.202,PPO-LN-RegenReg,Hopper-v4,3
335227,reward,5120,247.76720876223266,161.657,PPO-LN-RegenReg,Hopper-v4,3
335410,reward,5121,416.8208195162285,187.85,PPO-LN-RegenReg,Hopper-v4,3
335528,reward,5122,144.45724334150916,182.452,PPO-LN-RegenReg,Hopper-v4,3
335573,reward,5123,58.88893179099452,173.262,PPO-LN-RegenReg,Hopper-v4,3
335728,reward,5124,377.8647501796862,177.574,PPO-LN-RegenReg,Hopper-v4,3
335941,reward,5125,439.47464870360795,206.53,PPO-LN-RegenReg,Hopper-v4,3
336088,reward,5126,257.38191677675565,213.009,PPO-LN-RegenReg,Hopper-v4,3
336160,reward,5127,101.4195684226987,214.221,PPO-LN-RegenReg,Hopper-v4,3
336254,reward,5128,172.2738771979688,223.617,PPO-LN-RegenReg,Hopper-v4,3
336334,reward,5129,109.7481401630899,232.61,PPO-LN-RegenReg,Hopper-v4,3
336488,reward,5130,309.41832219044636,238.775,PPO-LN-RegenReg,Hopper-v4,3
336550,reward,5131,70.61234059029445,204.154,PPO-LN-RegenReg,Hopper-v4,3
336677,reward,5132,174.89557616198252,207.198,PPO-LN-RegenReg,Hopper-v4,3
336740,reward,5133,69.64065067681666,208.273,PPO-LN-RegenReg,Hopper-v4,3
336825,reward,5134,115.95751930985573,182.082,PPO-LN-RegenReg,Hopper-v4,3
336904,reward,5135,113.28588726402273,149.463,PPO-LN-RegenReg,Hopper-v4,3
336958,reward,5136,80.73726452381013,131.799,PPO-LN-RegenReg,Hopper-v4,3
337074,reward,5137,189.65501850530313,140.622,PPO-LN-RegenReg,Hopper-v4,3
337211,reward,5138,328.3413315728165,156.229,PPO-LN-RegenReg,Hopper-v4,3
337342,reward,5139,309.94775059543923,176.249,PPO-LN-RegenReg,Hopper-v4,3
337477,reward,5140,283.30898329872355,173.638,PPO-LN-RegenReg,Hopper-v4,3
337648,reward,5141,420.85685371938683,208.663,PPO-LN-RegenReg,Hopper-v4,3
337765,reward,5142,185.40944046021363,209.714,PPO-LN-RegenReg,Hopper-v4,3
337901,reward,5143,326.5377303961248,235.404,PPO-LN-RegenReg,Hopper-v4,3
337990,reward,5144,147.50451867026717,238.558,PPO-LN-RegenReg,Hopper-v4,3
338098,reward,5145,176.2004693942164,244.85,PPO-LN-RegenReg,Hopper-v4,3
338232,reward,5146,197.5152990250483,256.528,PPO-LN-RegenReg,Hopper-v4,3
338299,reward,5147,106.31349671817307,248.194,PPO-LN-RegenReg,Hopper-v4,3
338363,reward,5148,72.00803831157765,222.56,PPO-LN-RegenReg,Hopper-v4,3
338417,reward,5149,76.23495753124593,199.189,PPO-LN-RegenReg,Hopper-v4,3
338540,reward,5150,282.76556451862274,199.135,PPO-LN-RegenReg,Hopper-v4,3
338662,reward,5151,266.8297518239645,183.732,PPO-LN-RegenReg,Hopper-v4,3
338881,reward,5152,501.6151608388979,215.352,PPO-LN-RegenReg,Hopper-v4,3
339009,reward,5153,248.0428387094941,207.503,PPO-LN-RegenReg,Hopper-v4,3
339170,reward,5154,368.8733916705956,229.64,PPO-LN-RegenReg,Hopper-v4,3
339333,reward,5155,324.0427109167802,244.424,PPO-LN-RegenReg,Hopper-v4,3
339384,reward,5156,73.89124021632432,232.062,PPO-LN-RegenReg,Hopper-v4,3
339552,reward,5157,388.028664212956,260.233,PPO-LN-RegenReg,Hopper-v4,3
339636,reward,5158,159.27778125892812,268.96,PPO-LN-RegenReg,Hopper-v4,3
339764,reward,5159,216.26339794446068,282.963,PPO-LN-RegenReg,Hopper-v4,3
339934,reward,5160,373.53882061858246,292.04,PPO-LN-RegenReg,Hopper-v4,3
340034,reward,5161,183.5829092872003,283.716,PPO-LN-RegenReg,Hopper-v4,3
340218,reward,5162,397.2860855119598,273.283,PPO-LN-RegenReg,Hopper-v4,3
340295,reward,5163,96.75959071794234,258.154,PPO-LN-RegenReg,Hopper-v4,3
340381,reward,5164,173.0124096365173,238.568,PPO-LN-RegenReg,Hopper-v4,3
340426,reward,5165,67.39899600477219,212.904,PPO-LN-RegenReg,Hopper-v4,3
340560,reward,5166,371.53003948934327,242.668,PPO-LN-RegenReg,Hopper-v4,3
340681,reward,5167,215.47205496511882,225.412,PPO-LN-RegenReg,Hopper-v4,3
340725,reward,5168,63.60558681740911,215.845,PPO-LN-RegenReg,Hopper-v4,3
340892,reward,5169,373.36452571381585,231.555,PPO-LN-RegenReg,Hopper-v4,3
340950,reward,5170,80.65599613613723,202.267,PPO-LN-RegenReg,Hopper-v4,3
341061,reward,5171,206.801365014352,204.589,PPO-LN-RegenReg,Hopper-v4,3
341187,reward,5172,256.70505672812703,190.531,PPO-LN-RegenReg,Hopper-v4,3
341315,reward,5173,245.9282722170424,205.447,PPO-LN-RegenReg,Hopper-v4,3
341425,reward,5174,234.85807283923234,211.632,PPO-LN-RegenReg,Hopper-v4,3
341495,reward,5175,113.34471031802066,216.227,PPO-LN-RegenReg,Hopper-v4,3
341529,reward,5176,54.29108633914024,184.503,PPO-LN-RegenReg,Hopper-v4,3
341668,reward,5177,293.4842977712169,192.304,PPO-LN-RegenReg,Hopper-v4,3
341777,reward,5178,191.5891460329213,205.102,PPO-LN-RegenReg,Hopper-v4,3
341937,reward,5179,359.03478145652446,203.669,PPO-LN-RegenReg,Hopper-v4,3
341993,reward,5180,90.77760071210396,204.681,PPO-LN-RegenReg,Hopper-v4,3
342073,reward,5181,132.4419188354925,197.245,PPO-LN-RegenReg,Hopper-v4,3
342140,reward,5182,98.5444882110857,181.429,PPO-LN-RegenReg,Hopper-v4,3
342238,reward,5183,151.05529452409465,171.942,PPO-LN-RegenReg,Hopper-v4,3
342400,reward,5184,396.4931527450535,188.106,PPO-LN-RegenReg,Hopper-v4,3
342547,reward,5185,288.4340323604152,205.615,PPO-LN-RegenReg,Hopper-v4,3
342685,reward,5186,303.85111994738435,230.571,PPO-LN-RegenReg,Hopper-v4,3
342820,reward,5187,292.9967535662493,230.522,PPO-LN-RegenReg,Hopper-v4,3
342931,reward,5188,208.04465066370946,232.167,PPO-LN-RegenReg,Hopper-v4,3
342994,reward,5189,94.48106006790123,205.712,PPO-LN-RegenReg,Hopper-v4,3
343179,reward,5190,369.50156063292155,233.584,PPO-LN-RegenReg,Hopper-v4,3
343231,reward,5191,53.963218269298764,225.737,PPO-LN-RegenReg,Hopper-v4,3
343330,reward,5192,126.14756395868793,228.497,PPO-LN-RegenReg,Hopper-v4,3
343409,reward,5193,104.31904399541287,223.823,PPO-LN-RegenReg,Hopper-v4,3
343576,reward,5194,395.68698072295024,223.743,PPO-LN-RegenReg,Hopper-v4,3
343683,reward,5195,167.52361543853866,211.652,PPO-LN-RegenReg,Hopper-v4,3
343796,reward,5196,174.9951651691328,198.766,PPO-LN-RegenReg,Hopper-v4,3
343919,reward,5197,277.6818165451876,197.234,PPO-LN-RegenReg,Hopper-v4,3
344005,reward,5198,121.71630674754849,188.602,PPO-LN-RegenReg,Hopper-v4,3
344120,reward,5199,220.53804975539384,201.207,PPO-LN-RegenReg,Hopper-v4,3
344213,reward,5200,159.47384765307308,180.205,PPO-LN-RegenReg,Hopper-v4,3
344308,reward,5201,181.46672702878848,192.955,PPO-LN-RegenReg,Hopper-v4,3
344419,reward,5202,206.3936974376455,200.98,PPO-LN-RegenReg,Hopper-v4,3
344475,reward,5203,73.51473119297336,197.899,PPO-LN-RegenReg,Hopper-v4,3
344556,reward,5204,78.78756690393159,166.209,PPO-LN-RegenReg,Hopper-v4,3
344712,reward,5205,351.4515841521255,184.602,PPO-LN-RegenReg,Hopper-v4,3
344824,reward,5206,239.92501426592807,191.095,PPO-LN-RegenReg,Hopper-v4,3
344989,reward,5207,340.5478354187651,197.382,PPO-LN-RegenReg,Hopper-v4,3
345078,reward,5208,162.6247963219867,201.472,PPO-LN-RegenReg,Hopper-v4,3
345095,reward,5209,22.609740828426137,181.68,PPO-LN-RegenReg,Hopper-v4,3
345295,reward,5210,419.4794873348792,207.68,PPO-LN-RegenReg,Hopper-v4,3
345388,reward,5211,116.74490898402674,201.208,PPO-LN-RegenReg,Hopper-v4,3
345507,reward,5212,191.24269273232008,199.693,PPO-LN-RegenReg,Hopper-v4,3
345590,reward,5213,161.9387700354566,208.535,PPO-LN-RegenReg,Hopper-v4,3
345767,reward,5214,352.82389609028775,235.939,PPO-LN-RegenReg,Hopper-v4,3
345870,reward,5215,200.8324299757515,220.877,PPO-LN-RegenReg,Hopper-v4,3
345998,reward,5216,263.5960841675333,223.244,PPO-LN-RegenReg,Hopper-v4,3
346081,reward,5217,109.24399065968461,200.114,PPO-LN-RegenReg,Hopper-v4,3
346218,reward,5218,188.04384893245387,202.656,PPO-LN-RegenReg,Hopper-v4,3
346257,reward,5219,62.59069492310049,206.654,PPO-LN-RegenReg,Hopper-v4,3
346346,reward,5220,110.09561032410514,175.715,PPO-LN-RegenReg,Hopper-v4,3
346452,reward,5221,159.13964448188835,179.955,PPO-LN-RegenReg,Hopper-v4,3
346595,reward,5222,302.030067646386,191.034,PPO-LN-RegenReg,Hopper-v4,3
346776,reward,5223,409.929258220497,215.833,PPO-LN-RegenReg,Hopper-v4,3
346859,reward,5224,109.1651481750485,191.467,PPO-LN-RegenReg,Hopper-v4,3
346931,reward,5225,109.07815001104763,182.291,PPO-LN-RegenReg,Hopper-v4,3
346992,reward,5226,98.82778763292421,165.814,PPO-LN-RegenReg,Hopper-v4,3
347056,reward,5227,110.96565858981491,165.987,PPO-LN-RegenReg,Hopper-v4,3
347102,reward,5228,34.6155308743697,150.644,PPO-LN-RegenReg,Hopper-v4,3
347225,reward,5229,227.00662201714982,167.085,PPO-LN-RegenReg,Hopper-v4,3
347349,reward,5230,221.3344996711303,178.209,PPO-LN-RegenReg,Hopper-v4,3
347464,reward,5231,221.10829232883944,184.406,PPO-LN-RegenReg,Hopper-v4,3
347522,reward,5232,92.68407029887271,163.472,PPO-LN-RegenReg,Hopper-v4,3
347649,reward,5233,211.4018794888317,143.619,PPO-LN-RegenReg,Hopper-v4,3
347778,reward,5234,341.8703474697565,166.889,PPO-LN-RegenReg,Hopper-v4,3
347925,reward,5235,261.85573680207443,182.167,PPO-LN-RegenReg,Hopper-v4,3
348048,reward,5236,210.13782079723168,193.298,PPO-LN-RegenReg,Hopper-v4,3
348100,reward,5237,70.70472401359366,189.272,PPO-LN-RegenReg,Hopper-v4,3
348227,reward,5238,246.54590273383303,210.465,PPO-LN-RegenReg,Hopper-v4,3
348298,reward,5239,92.23876463035731,196.988,PPO-LN-RegenReg,Hopper-v4,3
348390,reward,5240,195.32742304930215,194.387,PPO-LN-RegenReg,Hopper-v4,3
348440,reward,5241,79.74048429265483,180.251,PPO-LN-RegenReg,Hopper-v4,3
348503,reward,5242,83.98076096888911,179.38,PPO-LN-RegenReg,Hopper-v4,3
348617,reward,5243,217.35621468421203,179.976,PPO-LN-RegenReg,Hopper-v4,3
348696,reward,5244,107.04724533237346,156.494,PPO-LN-RegenReg,Hopper-v4,3
348769,reward,5245,111.94379332461683,141.502,PPO-LN-RegenReg,Hopper-v4,3
348883,reward,5246,196.81804603994655,140.17,PPO-LN-RegenReg,Hopper-v4,3
348931,reward,5247,71.03402401874474,140.203,PPO-LN-RegenReg,Hopper-v4,3
348996,reward,5248,101.05292794384475,125.654,PPO-LN-RegenReg,Hopper-v4,3
349081,reward,5249,152.62177432807232,131.692,PPO-LN-RegenReg,Hopper-v4,3
349219,reward,5250,245.606259970445,136.72,PPO-LN-RegenReg,Hopper-v4,3
349326,reward,5251,188.9145515254872,147.638,PPO-LN-RegenReg,Hopper-v4,3
349507,reward,5252,350.01188308576013,174.241,PPO-LN-RegenReg,Hopper-v4,3
349587,reward,5253,125.283787304117,165.033,PPO-LN-RegenReg,Hopper-v4,3
349679,reward,5254,144.40889483846564,168.77,PPO-LN-RegenReg,Hopper-v4,3
349731,reward,5255,79.52983066859905,165.528,PPO-LN-RegenReg,Hopper-v4,3
349912,reward,5256,454.29415530384773,191.276,PPO-LN-RegenReg,Hopper-v4,3
349959,reward,5257,71.11981413472053,191.284,PPO-LN-RegenReg,Hopper-v4,3
350035,reward,5258,112.81244639499789,192.46,PPO-LN-RegenReg,Hopper-v4,3
350114,reward,5259,108.70149083058432,188.068,PPO-LN-RegenReg,Hopper-v4,3
350316,reward,5260,193.1112057351805,182.819,PPO-LN-RegenReg,Hopper-v4,3
350409,reward,5261,169.02144807286405,180.829,PPO-LN-RegenReg,Hopper-v4,3
350480,reward,5262,95.6058855724961,155.389,PPO-LN-RegenReg,Hopper-v4,3
350541,reward,5263,95.8361327010552,152.444,PPO-LN-RegenReg,Hopper-v4,3
350665,reward,5264,179.9486863975532,155.998,PPO-LN-RegenReg,Hopper-v4,3
350735,reward,5265,115.30880783916018,159.576,PPO-LN-RegenReg,Hopper-v4,3
350809,reward,5266,112.40576287664827,125.387,PPO-LN-RegenReg,Hopper-v4,3
350873,reward,5267,92.86895130139287,127.562,PPO-LN-RegenReg,Hopper-v4,3
350946,reward,5268,121.28492352083511,128.409,PPO-LN-RegenReg,Hopper-v4,3
351058,reward,5269,211.40567763999172,138.68,PPO-LN-RegenReg,Hopper-v4,3
351128,reward,5270,98.66637500787922,129.235,PPO-LN-RegenReg,Hopper-v4,3
351261,reward,5271,264.53162379822805,138.786,PPO-LN-RegenReg,Hopper-v4,3
351421,reward,5272,384.1879682524536,167.644,PPO-LN-RegenReg,Hopper-v4,3
351471,reward,5273,72.50736742825856,165.312,PPO-LN-RegenReg,Hopper-v4,3
351530,reward,5274,86.11826904518203,155.929,PPO-LN-RegenReg,Hopper-v4,3
351600,reward,5275,110.81176903067953,155.479,PPO-LN-RegenReg,Hopper-v4,3
351751,reward,5276,366.56817600351474,180.895,PPO-LN-RegenReg,Hopper-v4,3
351923,reward,5277,384.46321853624494,210.055,PPO-LN-RegenReg,Hopper-v4,3
352010,reward,5278,153.74339875008997,213.3,PPO-LN-RegenReg,Hopper-v4,3
352167,reward,5279,313.948299367405,223.555,PPO-LN-RegenReg,Hopper-v4,3
352248,reward,5280,131.73172643990145,226.861,PPO-LN-RegenReg,Hopper-v4,3
352294,reward,5281,71.86554432002283,207.595,PPO-LN-RegenReg,Hopper-v4,3
352430,reward,5282,214.7778861870762,190.654,PPO-LN-RegenReg,Hopper-v4,3
352530,reward,5283,189.0254886482163,202.305,PPO-LN-RegenReg,Hopper-v4,3
352646,reward,5284,249.1652641771949,218.61,PPO-LN-RegenReg,Hopper-v4,3
352805,reward,5285,317.81588680309574,239.31,PPO-LN-RegenReg,Hopper-v4,3
352909,reward,5286,218.8567435210399,224.539,PPO-LN-RegenReg,Hopper-v4,3
353128,reward,5287,430.29899549650946,229.123,PPO-LN-RegenReg,Hopper-v4,3
353168,reward,5288,65.06480955655317,220.255,PPO-LN-RegenReg,Hopper-v4,3
353247,reward,5289,135.50678569380793,202.411,PPO-LN-RegenReg,Hopper-v4,3
353372,reward,5290,251.67541131844033,214.405,PPO-LN-RegenReg,Hopper-v4,3
353499,reward,5291,252.6274556547306,232.481,PPO-LN-RegenReg,Hopper-v4,3
353546,reward,5292,69.94080399877673,217.998,PPO-LN-RegenReg,Hopper-v4,3
353606,reward,5293,91.83945449380626,208.279,PPO-LN-RegenReg,Hopper-v4,3
353744,reward,5294,243.55639743471386,207.718,PPO-LN-RegenReg,Hopper-v4,3
353875,reward,5295,267.910870611608,202.728,PPO-LN-RegenReg,Hopper-v4,3
354021,reward,5296,333.02987366315,214.145,PPO-LN-RegenReg,Hopper-v4,3
354133,reward,5297,177.84606780079812,188.9,PPO-LN-RegenReg,Hopper-v4,3
354188,reward,5298,93.20179082218874,191.713,PPO-LN-RegenReg,Hopper-v4,3
354259,reward,5299,112.3167509544536,189.394,PPO-LN-RegenReg,Hopper-v4,3
354409,reward,5300,280.3984890260996,192.267,PPO-LN-RegenReg,Hopper-v4,3
354480,reward,5301,126.66672981135093,179.671,PPO-LN-RegenReg,Hopper-v4,3
354615,reward,5302,219.03317100036588,194.58,PPO-LN-RegenReg,Hopper-v4,3
354657,reward,5303,68.26578608902156,192.223,PPO-LN-RegenReg,Hopper-v4,3
354750,reward,5304,113.11045669402681,179.178,PPO-LN-RegenReg,Hopper-v4,3
354797,reward,5305,73.22972259401648,159.71,PPO-LN-RegenReg,Hopper-v4,3
354847,reward,5306,76.01983127892431,134.009,PPO-LN-RegenReg,Hopper-v4,3
354891,reward,5307,67.33470907738266,122.958,PPO-LN-RegenReg,Hopper-v4,3
354956,reward,5308,102.2855163877477,123.866,PPO-LN-RegenReg,Hopper-v4,3
355065,reward,5309,163.87490255123367,129.022,PPO-LN-RegenReg,Hopper-v4,3
355168,reward,5310,160.90830910764885,117.073,PPO-LN-RegenReg,Hopper-v4,3
355217,reward,5311,79.34483012367288,112.341,PPO-LN-RegenReg,Hopper-v4,3
355328,reward,5312,193.7540308462289,109.813,PPO-LN-RegenReg,Hopper-v4,3
355396,reward,5313,105.4755632617089,113.534,PPO-LN-RegenReg,Hopper-v4,3
355449,reward,5314,82.03651807139848,110.426,PPO-LN-RegenReg,Hopper-v4,3
355567,reward,5315,250.9142973142369,128.195,PPO-LN-RegenReg,Hopper-v4,3
355612,reward,5316,66.69917168268059,127.263,PPO-LN-RegenReg,Hopper-v4,3
355708,reward,5317,187.1052328264602,139.24,PPO-LN-RegenReg,Hopper-v4,3
355763,reward,5318,86.95644320991843,137.707,PPO-LN-RegenReg,Hopper-v4,3
355805,reward,5319,70.0350010612151,128.323,PPO-LN-RegenReg,Hopper-v4,3
355884,reward,5320,160.20565095620373,128.253,PPO-LN-RegenReg,Hopper-v4,3
355925,reward,5321,62.98420743977878,126.617,PPO-LN-RegenReg,Hopper-v4,3
355989,reward,5322,111.23571507042737,118.365,PPO-LN-RegenReg,Hopper-v4,3
356032,reward,5323,66.63033728041744,114.48,PPO-LN-RegenReg,Hopper-v4,3
356093,reward,5324,89.96330303283675,115.273,PPO-LN-RegenReg,Hopper-v4,3
356195,reward,5325,194.89454774460816,109.671,PPO-LN-RegenReg,Hopper-v4,3
356283,reward,5326,139.30039385949695,116.931,PPO-LN-RegenReg,Hopper-v4,3
356372,reward,5327,139.38449735903163,112.159,PPO-LN-RegenReg,Hopper-v4,3
356440,reward,5328,119.29111648470118,115.392,PPO-LN-RegenReg,Hopper-v4,3
356482,reward,5329,68.26207338373491,115.215,PPO-LN-RegenReg,Hopper-v4,3
356545,reward,5330,101.61962848287853,109.357,PPO-LN-RegenReg,Hopper-v4,3
356590,reward,5331,70.6991807234135,110.128,PPO-LN-RegenReg,Hopper-v4,3
356650,reward,5332,97.43734726244429,108.748,PPO-LN-RegenReg,Hopper-v4,3
356732,reward,5333,160.0346108141383,118.089,PPO-LN-RegenReg,Hopper-v4,3
356792,reward,5334,91.79651178830444,118.272,PPO-LN-RegenReg,Hopper-v4,3
356905,reward,5335,165.654611360756,115.348,PPO-LN-RegenReg,Hopper-v4,3
357025,reward,5336,208.86444617652205,122.304,PPO-LN-RegenReg,Hopper-v4,3
357066,reward,5337,62.48362440525431,114.614,PPO-LN-RegenReg,Hopper-v4,3
357180,reward,5338,215.9292130582009,124.278,PPO-LN-RegenReg,Hopper-v4,3
357221,reward,5339,59.553812275084205,123.407,PPO-LN-RegenReg,Hopper-v4,3
357318,reward,5340,198.70390157448847,133.116,PPO-LN-RegenReg,Hopper-v4,3
357465,reward,5341,239.83595001345464,150.029,PPO-LN-RegenReg,Hopper-v4,3
357550,reward,5342,141.3639726323711,154.422,PPO-LN-RegenReg,Hopper-v4,3
357608,reward,5343,100.60229832743182,148.479,PPO-LN-RegenReg,Hopper-v4,3
357651,reward,5344,65.10365742587543,145.81,PPO-LN-RegenReg,Hopper-v4,3
357765,reward,5345,171.67429412830168,146.412,PPO-LN-RegenReg,Hopper-v4,3
357832,reward,5346,119.91915853325281,137.517,PPO-LN-RegenReg,Hopper-v4,3
357954,reward,5347,230.63769584327036,154.332,PPO-LN-RegenReg,Hopper-v4,3
358038,reward,5348,156.65087727756634,148.405,PPO-LN-RegenReg,Hopper-v4,3
358145,reward,5349,161.64945658712193,158.614,PPO-LN-RegenReg,Hopper-v4,3
358276,reward,5350,301.60103381892736,168.904,PPO-LN-RegenReg,Hopper-v4,3
358328,reward,5351,77.12929239668372,152.633,PPO-LN-RegenReg,Hopper-v4,3
358454,reward,5352,288.3648893688718,167.333,PPO-LN-RegenReg,Hopper-v4,3
358536,reward,5353,151.11609576426633,172.385,PPO-LN-RegenReg,Hopper-v4,3
358606,reward,5354,98.63637978178309,175.738,PPO-LN-RegenReg,Hopper-v4,3
358717,reward,5355,211.35040167581127,179.706,PPO-LN-RegenReg,Hopper-v4,3
358775,reward,5356,104.33490653251492,178.147,PPO-LN-RegenReg,Hopper-v4,3
358822,reward,5357,73.2311275953342,162.406,PPO-LN-RegenReg,Hopper-v4,3
358891,reward,5358,105.15434633492303,157.257,PPO-LN-RegenReg,Hopper-v4,3
359016,reward,5359,185.724240218132,159.664,PPO-LN-RegenReg,Hopper-v4,3
359119,reward,5360,186.60644812923098,148.165,PPO-LN-RegenReg,Hopper-v4,3
359158,reward,5361,59.95701213517883,146.448,PPO-LN-RegenReg,Hopper-v4,3
359201,reward,5362,64.92733805377313,124.104,PPO-LN-RegenReg,Hopper-v4,3
359278,reward,5363,158.07621329515635,124.8,PPO-LN-RegenReg,Hopper-v4,3
359369,reward,5364,142.17514071995024,129.154,PPO-LN-RegenReg,Hopper-v4,3
359484,reward,5365,199.17121123917988,127.936,PPO-LN-RegenReg,Hopper-v4,3
359558,reward,5366,85.10845733758474,126.013,PPO-LN-RegenReg,Hopper-v4,3
359601,reward,5367,68.19062146962729,125.509,PPO-LN-RegenReg,Hopper-v4,3
359711,reward,5368,210.2801240204871,136.022,PPO-LN-RegenReg,Hopper-v4,3
359769,reward,5369,88.4176974530351,126.291,PPO-LN-RegenReg,Hopper-v4,3
359848,reward,5370,139.2643974798319,121.557,PPO-LN-RegenReg,Hopper-v4,3
359953,reward,5371,207.1440026215503,136.276,PPO-LN-RegenReg,Hopper-v4,3
360013,reward,5372,107.81002807428499,140.564,PPO-LN-RegenReg,Hopper-v4,3
360088,reward,5373,143.62328078664322,139.118,PPO-LN-RegenReg,Hopper-v4,3
360228,reward,5374,317.3501349401762,156.636,PPO-LN-RegenReg,Hopper-v4,3
360273,reward,5375,71.32689314237028,143.852,PPO-LN-RegenReg,Hopper-v4,3
360316,reward,5376,69.13466260129505,142.254,PPO-LN-RegenReg,Hopper-v4,3
360349,reward,5377,49.946023922352154,140.43,PPO-LN-RegenReg,Hopper-v4,3
360451,reward,5378,188.9814203160377,138.3,PPO-LN-RegenReg,Hopper-v4,3
360530,reward,5379,147.2000106041476,144.178,PPO-LN-RegenReg,Hopper-v4,3
360652,reward,5380,222.98958187163007,152.551,PPO-LN-RegenReg,Hopper-v4,3
360749,reward,5381,142.52332177657817,146.089,PPO-LN-RegenReg,Hopper-v4,3
360872,reward,5382,215.51148740182185,156.859,PPO-LN-RegenReg,Hopper-v4,3
360922,reward,5383,75.38592507052329,150.035,PPO-LN-RegenReg,Hopper-v4,3
360981,reward,5384,87.61305416582266,127.061,PPO-LN-RegenReg,Hopper-v4,3
361045,reward,5385,83.72134924818461,128.301,PPO-LN-RegenReg,Hopper-v4,3
361087,reward,5386,63.783636566836655,127.766,PPO-LN-RegenReg,Hopper-v4,3
361125,reward,5387,58.035235736983424,128.575,PPO-LN-RegenReg,Hopper-v4,3
361172,reward,5388,61.187912864327856,115.795,PPO-LN-RegenReg,Hopper-v4,3
361329,reward,5389,257.4210379576714,126.817,PPO-LN-RegenReg,Hopper-v4,3
361418,reward,5390,145.16080724370246,119.034,PPO-LN-RegenReg,Hopper-v4,3
361479,reward,5391,99.11136321689848,114.693,PPO-LN-RegenReg,Hopper-v4,3
361655,reward,5392,431.20750708943143,136.263,PPO-LN-RegenReg,Hopper-v4,3
361736,reward,5393,107.53328245640334,139.478,PPO-LN-RegenReg,Hopper-v4,3
361784,reward,5394,74.29237291018732,138.145,PPO-LN-RegenReg,Hopper-v4,3
361846,reward,5395,95.41602027197106,139.315,PPO-LN-RegenReg,Hopper-v4,3
361970,reward,5396,215.13214670214734,154.45,PPO-LN-RegenReg,Hopper-v4,3
362070,reward,5397,150.71061165745098,163.717,PPO-LN-RegenReg,Hopper-v4,3
362171,reward,5398,171.4098052059647,174.739,PPO-LN-RegenReg,Hopper-v4,3
362230,reward,5399,85.80650980777506,157.578,PPO-LN-RegenReg,Hopper-v4,3
362385,reward,5400,304.0360315697586,173.466,PPO-LN-RegenReg,Hopper-v4,3
362496,reward,5401,162.64499587869227,179.819,PPO-LN-RegenReg,Hopper-v4,3
362580,reward,5402,146.27218969498273,151.325,PPO-LN-RegenReg,Hopper-v4,3
362717,reward,5403,223.58562556508153,162.931,PPO-LN-RegenReg,Hopper-v4,3
362826,reward,5404,162.79729587323052,171.781,PPO-LN-RegenReg,Hopper-v4,3
362923,reward,5405,164.69969794904992,178.709,PPO-LN-RegenReg,Hopper-v4,3
363026,reward,5406,146.24377297159643,171.821,PPO-LN-RegenReg,Hopper-v4,3
363182,reward,5407,342.5563624950261,191.005,PPO-LN-RegenReg,Hopper-v4,3
363324,reward,5408,225.96593685260243,196.461,PPO-LN-RegenReg,Hopper-v4,3
363403,reward,5409,110.17064002891009,198.897,PPO-LN-RegenReg,Hopper-v4,3
363501,reward,5410,186.91849199772173,187.186,PPO-LN-RegenReg,Hopper-v4,3
363588,reward,5411,150.95753662233722,186.017,PPO-LN-RegenReg,Hopper-v4,3
363648,reward,5412,96.61160271860237,181.051,PPO-LN-RegenReg,Hopper-v4,3
363711,reward,5413,79.17726004725023,166.61,PPO-LN-RegenReg,Hopper-v4,3
363830,reward,5414,163.77101921518874,166.707,PPO-LN-RegenReg,Hopper-v4,3
363898,reward,5415,105.99348814778519,160.837,PPO-LN-RegenReg,Hopper-v4,3
364027,reward,5416,274.5986123295713,173.672,PPO-LN-RegenReg,Hopper-v4,3
364174,reward,5417,330.01918698580675,172.418,PPO-LN-RegenReg,Hopper-v4,3
364322,reward,5418,281.85753443648076,178.008,PPO-LN-RegenReg,Hopper-v4,3
364478,reward,5419,311.72563982741804,198.163,PPO-LN-RegenReg,Hopper-v4,3
364562,reward,5420,137.3701549027139,193.208,PPO-LN-RegenReg,Hopper-v4,3
364697,reward,5421,252.1859115532946,203.331,PPO-LN-RegenReg,Hopper-v4,3
364781,reward,5422,138.5914749083006,207.529,PPO-LN-RegenReg,Hopper-v4,3
364833,reward,5423,73.72393967804892,206.984,PPO-LN-RegenReg,Hopper-v4,3
364894,reward,5424,103.74976374938223,200.982,PPO-LN-RegenReg,Hopper-v4,3
364970,reward,5425,126.62760123473461,203.045,PPO-LN-RegenReg,Hopper-v4,3
365009,reward,5426,62.88241722052737,181.873,PPO-LN-RegenReg,Hopper-v4,3
365117,reward,5427,173.99752395603412,166.271,PPO-LN-RegenReg,Hopper-v4,3
365254,reward,5428,242.93941737395184,162.379,PPO-LN-RegenReg,Hopper-v4,3
365341,reward,5429,159.36686299373628,147.144,PPO-LN-RegenReg,Hopper-v4,3
365447,reward,5430,166.2634812436996,150.033,PPO-LN-RegenReg,Hopper-v4,3
365514,reward,5431,90.52769767340062,133.867,PPO-LN-RegenReg,Hopper-v4,3
365571,reward,5432,66.338870729964,126.642,PPO-LN-RegenReg,Hopper-v4,3
365652,reward,5433,100.92043018164134,129.361,PPO-LN-RegenReg,Hopper-v4,3
365849,reward,5434,397.06634687451515,158.693,PPO-LN-RegenReg,Hopper-v4,3
365904,reward,5435,83.37045883843798,154.367,PPO-LN-RegenReg,Hopper-v4,3
365974,reward,5436,110.96442437974804,159.176,PPO-LN-RegenReg,Hopper-v4,3
366071,reward,5437,135.8083145831597,155.357,PPO-LN-RegenReg,Hopper-v4,3
366204,reward,5438,279.5023499981958,159.013,PPO-LN-RegenReg,Hopper-v4,3
366242,reward,5439,49.25493318935013,148.002,PPO-LN-RegenReg,Hopper-v4,3
366315,reward,5440,115.65532850103244,142.941,PPO-LN-RegenReg,Hopper-v4,3
366422,reward,5441,166.25735465288994,150.514,PPO-LN-RegenReg,Hopper-v4,3
366604,reward,5442,344.7763336518791,178.358,PPO-LN-RegenReg,Hopper-v4,3
366695,reward,5443,123.02657969977028,180.568,PPO-LN-RegenReg,Hopper-v4,3
366739,reward,5444,70.83594273725836,147.945,PPO-LN-RegenReg,Hopper-v4,3
366804,reward,5445,103.93014230688608,150.001,PPO-LN-RegenReg,Hopper-v4,3
366876,reward,5446,108.45626160328322,149.75,PPO-LN-RegenReg,Hopper-v4,3
366942,reward,5447,116.85980695938643,147.856,PPO-LN-RegenReg,Hopper-v4,3
367035,reward,5448,120.85890937679758,131.991,PPO-LN-RegenReg,Hopper-v4,3
367082,reward,5449,67.03023354343304,133.769,PPO-LN-RegenReg,Hopper-v4,3
367137,reward,5450,75.64537350983049,129.768,PPO-LN-RegenReg,Hopper-v4,3
367199,reward,5451,102.25455348520254,123.367,PPO-LN-RegenReg,Hopper-v4,3
367268,reward,5452,109.36715888765166,99.826,PPO-LN-RegenReg,Hopper-v4,3
367363,reward,5453,158.2178251051483,103.346,PPO-LN-RegenReg,Hopper-v4,3
367524,reward,5454,355.7615338003491,131.838,PPO-LN-RegenReg,Hopper-v4,3
367600,reward,5455,127.59409393203835,134.205,PPO-LN-RegenReg,Hopper-v4,3
367699,reward,5456,163.24660794715118,139.684,PPO-LN-RegenReg,Hopper-v4,3
367780,reward,5457,166.12999685463006,144.611,PPO-LN-RegenReg,Hopper-v4,3
367908,reward,5458,242.79569219314038,156.804,PPO-LN-RegenReg,Hopper-v4,3
368004,reward,5459,137.47916163477285,163.849,PPO-LN-RegenReg,Hopper-v4,3
368050,reward,5460,68.74380679554488,163.159,PPO-LN-RegenReg,Hopper-v4,3
368105,reward,5461,77.88032533704754,160.722,PPO-LN-RegenReg,Hopper-v4,3
368304,reward,5462,382.31877747979183,188.017,PPO-LN-RegenReg,Hopper-v4,3
368347,reward,5463,63.82261000605715,178.577,PPO-LN-RegenReg,Hopper-v4,3
368432,reward,5464,96.01201311204811,152.602,PPO-LN-RegenReg,Hopper-v4,3
368517,reward,5465,118.3010947012392,151.673,PPO-LN-RegenReg,Hopper-v4,3
368580,reward,5466,97.37950401418442,145.086,PPO-LN-RegenReg,Hopper-v4,3
368638,reward,5467,91.34971756434278,137.608,PPO-LN-RegenReg,Hopper-v4,3
368782,reward,5468,330.83871881070326,146.413,PPO-LN-RegenReg,Hopper-v4,3
368877,reward,5469,150.2887093456451,147.694,PPO-LN-RegenReg,Hopper-v4,3
368943,reward,5470,88.93382672169497,149.713,PPO-LN-RegenReg,Hopper-v4,3
369010,reward,5471,105.86483900476411,152.511,PPO-LN-RegenReg,Hopper-v4,3
369143,reward,5472,266.4202935892368,140.921,PPO-LN-RegenReg,Hopper-v4,3
369231,reward,5473,140.63641805737862,148.603,PPO-LN-RegenReg,Hopper-v4,3
369323,reward,5474,154.0614615685885,154.407,PPO-LN-RegenReg,Hopper-v4,3
369410,reward,5475,152.43675132214568,157.821,PPO-LN-RegenReg,Hopper-v4,3
369510,reward,5476,165.61002746155575,164.644,PPO-LN-RegenReg,Hopper-v4,3
369632,reward,5477,239.33291630194228,179.442,PPO-LN-RegenReg,Hopper-v4,3
369696,reward,5478,99.00211547461386,156.259,PPO-LN-RegenReg,Hopper-v4,3
369779,reward,5479,144.79732077672298,155.71,PPO-LN-RegenReg,Hopper-v4,3
369915,reward,5480,301.2387476151707,176.94,PPO-LN-RegenReg,Hopper-v4,3
369990,reward,5481,130.29815875349104,179.383,PPO-LN-RegenReg,Hopper-v4,3
370079,reward,5482,147.6259208720236,167.504,PPO-LN-RegenReg,Hopper-v4,3
370140,reward,5483,106.21505070331713,164.062,PPO-LN-RegenReg,Hopper-v4,3
370208,reward,5484,106.64070100746784,159.32,PPO-LN-RegenReg,Hopper-v4,3
370288,reward,5485,136.61002747928484,157.737,PPO-LN-RegenReg,Hopper-v4,3
370363,reward,5486,113.6130272677984,152.537,PPO-LN-RegenReg,Hopper-v4,3
370435,reward,5487,115.16273810857292,140.12,PPO-LN-RegenReg,Hopper-v4,3
370545,reward,5488,234.95476889255798,153.716,PPO-LN-RegenReg,Hopper-v4,3
370602,reward,5489,85.74941426971121,147.811,PPO-LN-RegenReg,Hopper-v4,3
370736,reward,5490,224.58802897617338,140.146,PPO-LN-RegenReg,Hopper-v4,3
370755,reward,5491,25.319047557503016,129.648,PPO-LN-RegenReg,Hopper-v4,3
370884,reward,5492,265.41654913068174,141.427,PPO-LN-RegenReg,Hopper-v4,3
370957,reward,5493,118.10120982526718,142.616,PPO-LN-RegenReg,Hopper-v4,3
371055,reward,5494,169.07740849915064,148.859,PPO-LN-RegenReg,Hopper-v4,3
371141,reward,5495,131.2111341767397,148.319,PPO-LN-RegenReg,Hopper-v4,3
371268,reward,5496,286.44040117741804,165.602,PPO-LN-RegenReg,Hopper-v4,3
371406,reward,5497,269.1199410687578,180.998,PPO-LN-RegenReg,Hopper-v4,3
371465,reward,5498,93.39353765447804,166.842,PPO-LN-RegenReg,Hopper-v4,3
371531,reward,5499,97.58997526813177,168.026,PPO-LN-RegenReg,Hopper-v4,3
371570,reward,5500,61.69426893710556,151.736,PPO-LN-RegenReg,Hopper-v4,3
371623,reward,5501,86.8882970598677,157.893,PPO-LN-RegenReg,Hopper-v4,3
371688,reward,5502,92.86102087528224,140.638,PPO-LN-RegenReg,Hopper-v4,3
371755,reward,5503,95.63450684494778,138.391,PPO-LN-RegenReg,Hopper-v4,3
371810,reward,5504,70.44961142373616,128.528,PPO-LN-RegenReg,Hopper-v4,3
371940,reward,5505,210.50419434004252,136.458,PPO-LN-RegenReg,Hopper-v4,3
372061,reward,5506,221.47436087391307,129.961,PPO-LN-RegenReg,Hopper-v4,3
372200,reward,5507,266.51108136183313,129.7,PPO-LN-RegenReg,Hopper-v4,3
372258,reward,5508,92.5713924244951,129.618,PPO-LN-RegenReg,Hopper-v4,3
372338,reward,5509,140.45044968856848,133.904,PPO-LN-RegenReg,Hopper-v4,3
372431,reward,5510,158.49200838077306,143.584,PPO-LN-RegenReg,Hopper-v4,3
372518,reward,5511,154.09444265068203,150.304,PPO-LN-RegenReg,Hopper-v4,3
372678,reward,5512,253.4604084010372,166.364,PPO-LN-RegenReg,Hopper-v4,3
372750,reward,5513,126.39533314257982,169.44,PPO-LN-RegenReg,Hopper-v4,3
372807,reward,5514,88.33405928558527,171.229,PPO-LN-RegenReg,Hopper-v4,3
372853,reward,5515,68.97042296371386,157.075,PPO-LN-RegenReg,Hopper-v4,3
372911,reward,5516,88.18631417351453,143.747,PPO-LN-RegenReg,Hopper-v4,3
372980,reward,5517,105.30889936817823,127.626,PPO-LN-RegenReg,Hopper-v4,3
373075,reward,5518,146.65281112675277,133.035,PPO-LN-RegenReg,Hopper-v4,3
373169,reward,5519,163.89808455907786,135.379,PPO-LN-RegenReg,Hopper-v4,3
373220,reward,5520,52.882922933354706,124.818,PPO-LN-RegenReg,Hopper-v4,3
373340,reward,5521,202.8128626840497,129.69,PPO-LN-RegenReg,Hopper-v4,3
373401,reward,5522,106.28855915735478,114.973,PPO-LN-RegenReg,Hopper-v4,3
373527,reward,5523,275.8591022561643,129.919,PPO-LN-RegenReg,Hopper-v4,3
373629,reward,5524,189.31036090987118,140.017,PPO-LN-RegenReg,Hopper-v4,3
373706,reward,5525,116.52994722577044,144.773,PPO-LN-RegenReg,Hopper-v4,3
373766,reward,5526,97.69172502489309,145.724,PPO-LN-RegenReg,Hopper-v4,3
373818,reward,5527,81.71860799491331,143.364,PPO-LN-RegenReg,Hopper-v4,3
373970,reward,5528,319.77138539167703,160.676,PPO-LN-RegenReg,Hopper-v4,3
374073,reward,5529,194.5609813997613,163.743,PPO-LN-RegenReg,Hopper-v4,3
374193,reward,5530,190.45532091044248,177.5,PPO-LN-RegenReg,Hopper-v4,3
374321,reward,5531,248.85036765719315,182.104,PPO-LN-RegenReg,Hopper-v4,3
374529,reward,5532,479.6897753384666,219.444,PPO-LN-RegenReg,Hopper-v4,3
374638,reward,5533,201.60122260441278,212.018,PPO-LN-RegenReg,Hopper-v4,3
374739,reward,5534,163.5553258594352,209.442,PPO-LN-RegenReg,Hopper-v4,3
374838,reward,5535,136.69097277247656,211.459,PPO-LN-RegenReg,Hopper-v4,3
374939,reward,5536,189.89711218953872,220.679,PPO-LN-RegenReg,Hopper-v4,3
375053,reward,5537,224.15657379955863,234.923,PPO-LN-RegenReg,Hopper-v4,3
375179,reward,5538,261.5316336585104,229.099,PPO-LN-RegenReg,Hopper-v4,3
375223,reward,5539,70.11510553003328,216.654,PPO-LN-RegenReg,Hopper-v4,3
375317,reward,5540,143.05603674501285,211.914,PPO-LN-RegenReg,Hopper-v4,3
375351,reward,5541,52.2984629001487,192.259,PPO-LN-RegenReg,Hopper-v4,3
375399,reward,5542,73.78522901741054,151.669,PPO-LN-RegenReg,Hopper-v4,3
375439,reward,5543,63.92724439184325,137.901,PPO-LN-RegenReg,Hopper-v4,3
375514,reward,5544,141.93819465675148,135.74,PPO-LN-RegenReg,Hopper-v4,3
375634,reward,5545,229.81496410894763,145.052,PPO-LN-RegenReg,Hopper-v4,3
375814,reward,5546,365.2516454732766,162.588,PPO-LN-RegenReg,Hopper-v4,3
375987,reward,5547,342.91615242738703,174.463,PPO-LN-RegenReg,Hopper-v4,3
376042,reward,5548,90.5665688505345,157.367,PPO-LN-RegenReg,Hopper-v4,3
376131,reward,5549,130.802207316656,163.436,PPO-LN-RegenReg,Hopper-v4,3
376232,reward,5550,154.60239746128275,164.59,PPO-LN-RegenReg,Hopper-v4,3
376329,reward,5551,146.2532220307738,173.986,PPO-LN-RegenReg,Hopper-v4,3
376428,reward,5552,190.96064684086087,185.703,PPO-LN-RegenReg,Hopper-v4,3
376621,reward,5553,374.34210520050027,216.745,PPO-LN-RegenReg,Hopper-v4,3
376700,reward,5554,122.8347585505427,214.834,PPO-LN-RegenReg,Hopper-v4,3
376778,reward,5555,138.0855018764841,205.662,PPO-LN-RegenReg,Hopper-v4,3
376846,reward,5556,108.6351625611378,180.0,PPO-LN-RegenReg,Hopper-v4,3
376965,reward,5557,197.91393598341452,165.5,PPO-LN-RegenReg,Hopper-v4,3
377090,reward,5558,242.50706784701867,180.694,PPO-LN-RegenReg,Hopper-v4,3
377230,reward,5559,321.3526371000785,199.749,PPO-LN-RegenReg,Hopper-v4,3
377310,reward,5560,128.46755749584128,197.135,PPO-LN-RegenReg,Hopper-v4,3
377351,reward,5561,64.34200577740667,188.944,PPO-LN-RegenReg,Hopper-v4,3
377428,reward,5562,140.5804534435263,183.906,PPO-LN-RegenReg,Hopper-v4,3
377540,reward,5563,238.61386361879386,170.333,PPO-LN-RegenReg,Hopper-v4,3
377653,reward,5564,211.2263511437612,179.172,PPO-LN-RegenReg,Hopper-v4,3
377753,reward,5565,192.16507935079588,184.58,PPO-LN-RegenReg,Hopper-v4,3
377798,reward,5566,69.55818617466215,180.673,PPO-LN-RegenReg,Hopper-v4,3
377913,reward,5567,202.77499715305535,181.159,PPO-LN-RegenReg,Hopper-v4,3
378017,reward,5568,198.4105898441517,176.749,PPO-LN-RegenReg,Hopper-v4,3
378142,reward,5569,285.1830093676822,173.132,PPO-LN-RegenReg,Hopper-v4,3
378227,reward,5570,163.01921992881552,176.587,PPO-LN-RegenReg,Hopper-v4,3
378351,reward,5571,242.52177838726612,194.405,PPO-LN-RegenReg,Hopper-v4,3
378410,reward,5572,97.22632560393977,190.07,PPO-LN-RegenReg,Hopper-v4,3
378463,reward,5573,83.51943796721332,174.56,PPO-LN-RegenReg,Hopper-v4,3
378563,reward,5574,206.28569136576036,174.066,PPO-LN-RegenReg,Hopper-v4,3
378671,reward,5575,236.791087999811,178.529,PPO-LN-RegenReg,Hopper-v4,3
378755,reward,5576,172.12494501558362,188.786,PPO-LN-RegenReg,Hopper-v4,3
378826,reward,5577,131.28302390054327,181.637,PPO-LN-RegenReg,Hopper-v4,3
378957,reward,5578,246.1431527340642,186.41,PPO-LN-RegenReg,Hopper-v4,3
379067,reward,5579,270.60513957488257,184.952,PPO-LN-RegenReg,Hopper-v4,3
379196,reward,5580,271.5285889664783,195.803,PPO-LN-RegenReg,Hopper-v4,3
379241,reward,5581,71.54994821539381,178.706,PPO-LN-RegenReg,Hopper-v4,3
379335,reward,5582,180.91021712782188,187.074,PPO-LN-RegenReg,Hopper-v4,3
379454,reward,5583,246.8539689800394,203.408,PPO-LN-RegenReg,Hopper-v4,3
379584,reward,5584,285.14358943114956,211.293,PPO-LN-RegenReg,Hopper-v4,3
379727,reward,5585,317.44083136368744,219.358,PPO-LN-RegenReg,Hopper-v4,3
379800,reward,5586,133.50799054641314,215.497,PPO-LN-RegenReg,Hopper-v4,3
379922,reward,5587,306.57377936489473,233.026,PPO-LN-RegenReg,Hopper-v4,3
379976,reward,5588,77.29552085994469,216.141,PPO-LN-RegenReg,Hopper-v4,3
380114,reward,5589,280.9673506048641,217.177,PPO-LN-RegenReg,Hopper-v4,3
380159,reward,5590,71.9736378424806,197.222,PPO-LN-RegenReg,Hopper-v4,3
380268,reward,5591,203.47639017326924,210.414,PPO-LN-RegenReg,Hopper-v4,3
380333,reward,5592,107.27360379448955,203.051,PPO-LN-RegenReg,Hopper-v4,3
380445,reward,5593,190.13494314297188,197.379,PPO-LN-RegenReg,Hopper-v4,3
380487,reward,5594,66.72558298337646,175.537,PPO-LN-RegenReg,Hopper-v4,3
380606,reward,5595,275.04294931048867,171.297,PPO-LN-RegenReg,Hopper-v4,3
380694,reward,5596,186.45438533926796,176.592,PPO-LN-RegenReg,Hopper-v4,3
380828,reward,5597,253.71372771961035,171.306,PPO-LN-RegenReg,Hopper-v4,3
380897,reward,5598,96.55273853253594,173.232,PPO-LN-RegenReg,Hopper-v4,3
381028,reward,5599,285.70282239767783,173.705,PPO-LN-RegenReg,Hopper-v4,3
381134,reward,5600,223.81513238959454,188.889,PPO-LN-RegenReg,Hopper-v4,3
381222,reward,5601,139.2105018615055,182.463,PPO-LN-RegenReg,Hopper-v4,3
381306,reward,5602,130.4179806988137,184.777,PPO-LN-RegenReg,Hopper-v4,3
381425,reward,5603,258.43676224342664,191.607,PPO-LN-RegenReg,Hopper-v4,3
381533,reward,5604,144.03676780922584,199.338,PPO-LN-RegenReg,Hopper-v4,3
381706,reward,5605,367.6846615936219,208.603,PPO-LN-RegenReg,Hopper-v4,3
381759,reward,5606,89.8597720727028,198.943,PPO-LN-RegenReg,Hopper-v4,3
381808,reward,5607,72.81285856368788,180.853,PPO-LN-RegenReg,Hopper-v4,3
381862,reward,5608,93.76558379071494,180.574,PPO-LN-RegenReg,Hopper-v4,3
381986,reward,5609,246.25494488341948,176.629,PPO-LN-RegenReg,Hopper-v4,3
382121,reward,5610,248.26121511270648,179.074,PPO-LN-RegenReg,Hopper-v4,3
382198,reward,5611,115.16297646915233,176.669,PPO-LN-RegenReg,Hopper-v4,3
382340,reward,5612,287.3241652824757,192.36,PPO-LN-RegenReg,Hopper-v4,3
382476,reward,5613,262.27786390950575,192.744,PPO-LN-RegenReg,Hopper-v4,3
382578,reward,5614,194.431050713167,197.784,PPO-LN-RegenReg,Hopper-v4,3
382732,reward,5615,353.83484661329,196.399,PPO-LN-RegenReg,Hopper-v4,3
382816,reward,5616,134.5740988181424,200.87,PPO-LN-RegenReg,Hopper-v4,3
382893,reward,5617,131.22293505543036,206.711,PPO-LN-RegenReg,Hopper-v4,3
383025,reward,5618,254.5066556994965,222.785,PPO-LN-RegenReg,Hopper-v4,3
383150,reward,5619,296.6421789414777,227.824,PPO-LN-RegenReg,Hopper-v4,3
383241,reward,5620,192.80238588798386,222.278,PPO-LN-RegenReg,Hopper-v4,3
383286,reward,5621,72.98821525330428,218.06,PPO-LN-RegenReg,Hopper-v4,3
383416,reward,5622,286.3973748876022,217.968,PPO-LN-RegenReg,Hopper-v4,3
383463,reward,5623,74.0735297019975,199.147,PPO-LN-RegenReg,Hopper-v4,3
383575,reward,5624,181.41771539152654,197.846,PPO-LN-RegenReg,Hopper-v4,3
383624,reward,5625,74.65687016305839,169.928,PPO-LN-RegenReg,Hopper-v4,3
383715,reward,5626,195.54501167471605,176.025,PPO-LN-RegenReg,Hopper-v4,3
383868,reward,5627,334.97103725932135,196.4,PPO-LN-RegenReg,Hopper-v4,3
383913,reward,5628,73.35337300923082,178.285,PPO-LN-RegenReg,Hopper-v4,3
384052,reward,5629,295.5103710769822,178.172,PPO-LN-RegenReg,Hopper-v4,3
384187,reward,5630,276.8848095806169,186.58,PPO-LN-RegenReg,Hopper-v4,3
384233,reward,5631,74.79565234390193,186.761,PPO-LN-RegenReg,Hopper-v4,3
384290,reward,5632,88.69335141708729,166.99,PPO-LN-RegenReg,Hopper-v4,3
384410,reward,5633,269.86183420038526,186.569,PPO-LN-RegenReg,Hopper-v4,3
384513,reward,5634,179.96184048381554,186.423,PPO-LN-RegenReg,Hopper-v4,3
384565,reward,5635,79.76823084952764,186.935,PPO-LN-RegenReg,Hopper-v4,3
384658,reward,5636,190.68576945896766,186.449,PPO-LN-RegenReg,Hopper-v4,3
384696,reward,5637,59.1810716843459,158.87,PPO-LN-RegenReg,Hopper-v4,3
384836,reward,5638,299.6092591327027,181.495,PPO-LN-RegenReg,Hopper-v4,3
384947,reward,5639,230.03937984725343,174.948,PPO-LN-RegenReg,Hopper-v4,3
385039,reward,5640,151.26090186694404,162.386,PPO-LN-RegenReg,Hopper-v4,3
385164,reward,5641,281.3328316153951,183.039,PPO-LN-RegenReg,Hopper-v4,3
385251,reward,5642,185.41491006179683,192.712,PPO-LN-RegenReg,Hopper-v4,3
385370,reward,5643,265.2768868307328,192.253,PPO-LN-RegenReg,Hopper-v4,3
385472,reward,5644,194.81786788334207,193.739,PPO-LN-RegenReg,Hopper-v4,3
385539,reward,5645,109.43243849691648,196.705,PPO-LN-RegenReg,Hopper-v4,3
385688,reward,5646,340.0512860784691,211.642,PPO-LN-RegenReg,Hopper-v4,3
385783,reward,5647,194.49559537438745,225.173,PPO-LN-RegenReg,Hopper-v4,3
385899,reward,5648,197.78544062725,214.991,PPO-LN-RegenReg,Hopper-v4,3
386026,reward,5649,275.2438261210183,219.511,PPO-LN-RegenReg,Hopper-v4,3
386117,reward,5650,191.58275615356007,223.543,PPO-LN-RegenReg,Hopper-v4,3
386229,reward,5651,253.9151450245409,220.802,PPO-LN-RegenReg,Hopper-v4,3
386338,reward,5652,255.3586736008173,227.796,PPO-LN-RegenReg,Hopper-v4,3
386421,reward,5653,172.55870608635263,218.524,PPO-LN-RegenReg,Hopper-v4,3
386551,reward,5654,303.7803269156983,229.42,PPO-LN-RegenReg,Hopper-v4,3
386673,reward,5655,216.8210698155494,240.159,PPO-LN-RegenReg,Hopper-v4,3
386794,reward,5656,333.0578398149783,239.46,PPO-LN-RegenReg,Hopper-v4,3
386938,reward,5657,330.9799579033073,253.108,PPO-LN-RegenReg,Hopper-v4,3
387047,reward,5658,209.99497037509065,254.329,PPO-LN-RegenReg,Hopper-v4,3
387164,reward,5659,227.30307133783214,249.535,PPO-LN-RegenReg,Hopper-v4,3
387263,reward,5660,189.6028572591292,249.337,PPO-LN-RegenReg,Hopper-v4,3
387383,reward,5661,245.84089519936094,248.53,PPO-LN-RegenReg,Hopper-v4,3
387483,reward,5662,192.36479085373645,242.23,PPO-LN-RegenReg,Hopper-v4,3
387523,reward,5663,67.96740376052652,231.771,PPO-LN-RegenReg,Hopper-v4,3
387636,reward,5664,288.0393655913906,230.197,PPO-LN-RegenReg,Hopper-v4,3
387728,reward,5665,182.05717396495345,226.721,PPO-LN-RegenReg,Hopper-v4,3
387842,reward,5666,250.91169939109145,218.506,PPO-LN-RegenReg,Hopper-v4,3
387976,reward,5667,256.3807048494726,211.046,PPO-LN-RegenReg,Hopper-v4,3
388089,reward,5668,206.15586939631737,210.662,PPO-LN-RegenReg,Hopper-v4,3
388229,reward,5669,349.2573300163255,222.858,PPO-LN-RegenReg,Hopper-v4,3
388265,reward,5670,53.7352886073988,209.271,PPO-LN-RegenReg,Hopper-v4,3
388364,reward,5671,198.9254918161278,204.58,PPO-LN-RegenReg,Hopper-v4,3
388490,reward,5672,312.98122503525934,216.641,PPO-LN-RegenReg,Hopper-v4,3
388571,reward,5673,163.3408546327562,226.179,PPO-LN-RegenReg,Hopper-v4,3
388617,reward,5674,77.54221454230183,205.129,PPO-LN-RegenReg,Hopper-v4,3
388749,reward,5675,296.5378358344806,216.577,PPO-LN-RegenReg,Hopper-v4,3
388810,reward,5676,103.69480601518511,201.855,PPO-LN-RegenReg,Hopper-v4,3
388941,reward,5677,284.8069484065746,204.698,PPO-LN-RegenReg,Hopper-v4,3
389077,reward,5678,247.79919469920122,208.862,PPO-LN-RegenReg,Hopper-v4,3
389152,reward,5679,138.59979114689446,187.796,PPO-LN-RegenReg,Hopper-v4,3
389241,reward,5680,150.8067068682268,197.504,PPO-LN-RegenReg,Hopper-v4,3
389359,reward,5681,236.69106591760104,201.28,PPO-LN-RegenReg,Hopper-v4,3
389466,reward,5682,202.63124639954813,190.245,PPO-LN-RegenReg,Hopper-v4,3
389588,reward,5683,279.64127835763594,201.875,PPO-LN-RegenReg,Hopper-v4,3
389654,reward,5684,110.41747732173155,205.163,PPO-LN-RegenReg,Hopper-v4,3
389747,reward,5685,178.86215247638867,193.395,PPO-LN-RegenReg,Hopper-v4,3
389883,reward,5686,288.07119682865573,211.833,PPO-LN-RegenReg,Hopper-v4,3
390019,reward,5687,296.1703888025423,212.969,PPO-LN-RegenReg,Hopper-v4,3
390148,reward,5688,275.6158113077171,215.751,PPO-LN-RegenReg,Hopper-v4,3
390260,reward,5689,213.72674733065742,223.263,PPO-LN-RegenReg,Hopper-v4,3
390383,reward,5690,266.5600283434579,234.839,PPO-LN-RegenReg,Hopper-v4,3
390499,reward,5691,234.88249885025093,234.658,PPO-LN-RegenReg,Hopper-v4,3
390594,reward,5692,197.92746876771656,234.188,PPO-LN-RegenReg,Hopper-v4,3
390670,reward,5693,150.94975585800938,221.318,PPO-LN-RegenReg,Hopper-v4,3
390805,reward,5694,318.9760402020667,242.174,PPO-LN-RegenReg,Hopper-v4,3
390935,reward,5695,302.67920176906506,254.556,PPO-LN-RegenReg,Hopper-v4,3
391054,reward,5696,227.4831876944674,248.497,PPO-LN-RegenReg,Hopper-v4,3
391093,reward,5697,61.50821233490135,225.031,PPO-LN-RegenReg,Hopper-v4,3
391155,reward,5698,102.62690975406291,207.732,PPO-LN-RegenReg,Hopper-v4,3
391273,reward,5699,265.7115966437545,212.93,PPO-LN-RegenReg,Hopper-v4,3
391385,reward,5700,250.43175670246032,211.318,PPO-LN-RegenReg,Hopper-v4,3
391535,reward,5701,334.78735768087495,221.308,PPO-LN-RegenReg,Hopper-v4,3
391637,reward,5702,176.7083157467879,219.186,PPO-LN-RegenReg,Hopper-v4,3
391703,reward,5703,116.73701314120058,215.765,PPO-LN-RegenReg,Hopper-v4,3
391808,reward,5704,205.13492236698934,204.381,PPO-LN-RegenReg,Hopper-v4,3
391966,reward,5705,332.2023524957736,207.333,PPO-LN-RegenReg,Hopper-v4,3
392065,reward,5706,234.4117970835578,208.026,PPO-LN-RegenReg,Hopper-v4,3
392204,reward,5707,281.33375941278354,230.009,PPO-LN-RegenReg,Hopper-v4,3
392267,reward,5708,111.40390186787565,230.886,PPO-LN-RegenReg,Hopper-v4,3
392391,reward,5709,300.27173690884484,234.342,PPO-LN-RegenReg,Hopper-v4,3
392510,reward,5710,238.7051762514365,233.17,PPO-LN-RegenReg,Hopper-v4,3
392634,reward,5711,257.70470214899655,225.461,PPO-LN-RegenReg,Hopper-v4,3
392723,reward,5712,175.67385061727538,225.358,PPO-LN-RegenReg,Hopper-v4,3
392764,reward,5713,59.35464023560341,219.62,PPO-LN-RegenReg,Hopper-v4,3
392908,reward,5714,329.3983491402771,232.046,PPO-LN-RegenReg,Hopper-v4,3
393035,reward,5715,327.2293652478016,231.549,PPO-LN-RegenReg,Hopper-v4,3
393086,reward,5716,85.62390486439713,216.67,PPO-LN-RegenReg,Hopper-v4,3
393183,reward,5717,177.84843799261583,206.321,PPO-LN-RegenReg,Hopper-v4,3
393323,reward,5718,240.243237196161,219.205,PPO-LN-RegenReg,Hopper-v4,3
393367,reward,5719,61.46330080468989,195.324,PPO-LN-RegenReg,Hopper-v4,3
393424,reward,5720,87.56712504918698,180.211,PPO-LN-RegenReg,Hopper-v4,3
393532,reward,5721,213.71038276237493,175.811,PPO-LN-RegenReg,Hopper-v4,3
393647,reward,5722,250.26335149166013,183.27,PPO-LN-RegenReg,Hopper-v4,3
393733,reward,5723,158.25305311599584,193.16,PPO-LN-RegenReg,Hopper-v4,3
393828,reward,5724,171.3852412791599,177.359,PPO-LN-RegenReg,Hopper-v4,3
393950,reward,5725,281.0542713408783,172.741,PPO-LN-RegenReg,Hopper-v4,3
394075,reward,5726,290.8827783162893,193.267,PPO-LN-RegenReg,Hopper-v4,3
394174,reward,5727,181.85704843739012,193.668,PPO-LN-RegenReg,Hopper-v4,3
394336,reward,5728,342.82240541073725,203.926,PPO-LN-RegenReg,Hopper-v4,3
394436,reward,5729,195.01683805997348,217.281,PPO-LN-RegenReg,Hopper-v4,3
394567,reward,5730,279.59875119102696,236.484,PPO-LN-RegenReg,Hopper-v4,3
394791,reward,5731,410.4287084247843,256.156,PPO-LN-RegenReg,Hopper-v4,3
394939,reward,5732,336.1185987317867,264.742,PPO-LN-RegenReg,Hopper-v4,3
395073,reward,5733,241.75532015030214,273.092,PPO-LN-RegenReg,Hopper-v4,3
395126,reward,5734,83.38205361320367,264.292,PPO-LN-RegenReg,Hopper-v4,3
395173,reward,5735,77.8349845337244,243.97,PPO-LN-RegenReg,Hopper-v4,3
395246,reward,5736,132.9127973647988,228.173,PPO-LN-RegenReg,Hopper-v4,3
395382,reward,5737,317.66341213980763,241.753,PPO-LN-RegenReg,Hopper-v4,3
395529,reward,5738,307.28467263693665,238.2,PPO-LN-RegenReg,Hopper-v4,3
395581,reward,5739,84.18607569896702,227.117,PPO-LN-RegenReg,Hopper-v4,3
395706,reward,5740,251.70151656719747,224.327,PPO-LN-RegenReg,Hopper-v4,3
395809,reward,5741,226.05878593448884,205.89,PPO-LN-RegenReg,Hopper-v4,3
395900,reward,5742,158.8784178729087,188.166,PPO-LN-RegenReg,Hopper-v4,3
395951,reward,5743,82.24034101786363,172.214,PPO-LN-RegenReg,Hopper-v4,3
396095,reward,5744,303.45580967139375,194.222,PPO-LN-RegenReg,Hopper-v4,3
396201,reward,5745,195.7830889660634,206.016,PPO-LN-RegenReg,Hopper-v4,3
396357,reward,5746,290.48700656153954,221.774,PPO-LN-RegenReg,Hopper-v4,3
396509,reward,5747,337.653363650525,223.773,PPO-LN-RegenReg,Hopper-v4,3
396625,reward,5748,219.32812539109145,214.977,PPO-LN-RegenReg,Hopper-v4,3
396686,reward,5749,109.09453336004603,217.468,PPO-LN-RegenReg,Hopper-v4,3
396802,reward,5750,290.856964701013,221.384,PPO-LN-RegenReg,Hopper-v4,3
396925,reward,5751,285.7437933050763,227.352,PPO-LN-RegenReg,Hopper-v4,3
397026,reward,5752,230.77827351953874,234.542,PPO-LN-RegenReg,Hopper-v4,3
397119,reward,5753,155.36241294128743,241.854,PPO-LN-RegenReg,Hopper-v4,3
397193,reward,5754,138.96660554108558,225.405,PPO-LN-RegenReg,Hopper-v4,3
397279,reward,5755,150.17299795000366,220.844,PPO-LN-RegenReg,Hopper-v4,3
397345,reward,5756,115.77894204779275,203.374,PPO-LN-RegenReg,Hopper-v4,3
397451,reward,5757,198.33126133034014,189.441,PPO-LN-RegenReg,Hopper-v4,3
397512,reward,5758,111.89094931849719,178.698,PPO-LN-RegenReg,Hopper-v4,3
397619,reward,5759,209.67140578883723,188.755,PPO-LN-RegenReg,Hopper-v4,3
397724,reward,5760,234.2982358232453,183.099,PPO-LN-RegenReg,Hopper-v4,3
397891,reward,5761,390.8504714243091,193.61,PPO-LN-RegenReg,Hopper-v4,3
398038,reward,5762,304.1569441112099,200.948,PPO-LN-RegenReg,Hopper-v4,3
398137,reward,5763,192.76890347093865,204.689,PPO-LN-RegenReg,Hopper-v4,3
398334,reward,5764,395.8675902640952,230.379,PPO-LN-RegenReg,Hopper-v4,3
398450,reward,5765,230.3738336907896,238.399,PPO-LN-RegenReg,Hopper-v4,3
398582,reward,5766,293.3959406853737,256.161,PPO-LN-RegenReg,Hopper-v4,3
398709,reward,5767,303.122682424361,266.64,PPO-LN-RegenReg,Hopper-v4,3
398859,reward,5768,325.68514740312185,288.019,PPO-LN-RegenReg,Hopper-v4,3
398910,reward,5769,74.84459683788226,274.536,PPO-LN-RegenReg,Hopper-v4,3
399026,reward,5770,221.67981687039338,273.275,PPO-LN-RegenReg,Hopper-v4,3
399104,reward,5771,127.47404969294274,246.937,PPO-LN-RegenReg,Hopper-v4,3
399160,reward,5772,93.03448909934932,225.825,PPO-LN-RegenReg,Hopper-v4,3
399305,reward,5773,225.74920714885232,229.123,PPO-LN-RegenReg,Hopper-v4,3
399391,reward,5774,160.1370166823085,205.55,PPO-LN-RegenReg,Hopper-v4,3
399496,reward,5775,194.57001488234133,201.969,PPO-LN-RegenReg,Hopper-v4,3
399634,reward,5776,334.39475372787535,206.069,PPO-LN-RegenReg,Hopper-v4,3
399730,reward,5777,175.0197978189836,193.259,PPO-LN-RegenReg,Hopper-v4,3
399849,reward,5778,254.6956314124863,186.16,PPO-LN-RegenReg,Hopper-v4,3
399975,reward,5779,285.5427125745209,207.23,PPO-LN-RegenReg,Hopper-v4,3
400076,reward,5780,237.29840987531156,208.792,PPO-LN-RegenReg,Hopper-v4,3
400238,reward,5781,357.7992816255923,231.824,PPO-LN-RegenReg,Hopper-v4,3
400357,reward,5782,228.8038377767388,245.401,PPO-LN-RegenReg,Hopper-v4,3
400469,reward,5783,213.4608185035865,244.172,PPO-LN-RegenReg,Hopper-v4,3
400602,reward,5784,242.99749290495203,252.458,PPO-LN-RegenReg,Hopper-v4,3
400668,reward,5785,118.7842066541362,244.88,PPO-LN-RegenReg,Hopper-v4,3
400739,reward,5786,136.49065875501717,225.089,PPO-LN-RegenReg,Hopper-v4,3
400827,reward,5787,180.60271237550143,225.648,PPO-LN-RegenReg,Hopper-v4,3
400922,reward,5788,176.6187467845845,217.84,PPO-LN-RegenReg,Hopper-v4,3
401020,reward,5789,191.15821722143212,208.401,PPO-LN-RegenReg,Hopper-v4,3
401131,reward,5790,207.95344769653215,205.467,PPO-LN-RegenReg,Hopper-v4,3
401234,reward,5791,208.3220013960476,190.519,PPO-LN-RegenReg,Hopper-v4,3
401279,reward,5792,73.27771872562862,174.967,PPO-LN-RegenReg,Hopper-v4,3
401413,reward,5793,290.4841015891712,182.669,PPO-LN-RegenReg,Hopper-v4,3
401548,reward,5794,270.2310948035089,185.392,PPO-LN-RegenReg,Hopper-v4,3
401650,reward,5795,143.22905282531812,187.837,PPO-LN-RegenReg,Hopper-v4,3
401761,reward,5796,192.25096665188215,193.413,PPO-LN-RegenReg,Hopper-v4,3
401859,reward,5797,239.75136548720076,199.328,PPO-LN-RegenReg,Hopper-v4,3
401970,reward,5798,144.1868690595352,196.084,PPO-LN-RegenReg,Hopper-v4,3
402041,reward,5799,117.91216422975552,188.76,PPO-LN-RegenReg,Hopper-v4,3
402174,reward,5800,306.7068931270459,198.635,PPO-LN-RegenReg,Hopper-v4,3
402300,reward,5801,268.29455214803085,204.632,PPO-LN-RegenReg,Hopper-v4,3
402422,reward,5802,274.40468494771727,224.745,PPO-LN-RegenReg,Hopper-v4,3
402538,reward,5803,262.1291277055243,221.91,PPO-LN-RegenReg,Hopper-v4,3
402624,reward,5804,191.4482017328122,214.031,PPO-LN-RegenReg,Hopper-v4,3
402780,reward,5805,352.4229793234476,234.951,PPO-LN-RegenReg,Hopper-v4,3
402907,reward,5806,276.751075391421,243.401,PPO-LN-RegenReg,Hopper-v4,3
403027,reward,5807,304.80189027241204,249.906,PPO-LN-RegenReg,Hopper-v4,3
403148,reward,5808,267.8715120049794,262.274,PPO-LN-RegenReg,Hopper-v4,3
403274,reward,5809,262.45788833624476,276.729,PPO-LN-RegenReg,Hopper-v4,3
403339,reward,5810,106.20361656239598,256.679,PPO-LN-RegenReg,Hopper-v4,3
403388,reward,5811,80.23037971518119,237.872,PPO-LN-RegenReg,Hopper-v4,3
403486,reward,5812,182.0815411884966,228.64,PPO-LN-RegenReg,Hopper-v4,3
403557,reward,5813,61.2239034939011,208.549,PPO-LN-RegenReg,Hopper-v4,3
403690,reward,5814,291.15328238282774,218.52,PPO-LN-RegenReg,Hopper-v4,3
403804,reward,5815,239.06183486089444,207.184,PPO-LN-RegenReg,Hopper-v4,3
403883,reward,5816,148.5343933710375,194.362,PPO-LN-RegenReg,Hopper-v4,3
403930,reward,5817,73.11200434224348,171.193,PPO-LN-RegenReg,Hopper-v4,3
403962,reward,5818,51.41829464714604,149.548,PPO-LN-RegenReg,Hopper-v4,3
404087,reward,5819,271.8525302750996,150.487,PPO-LN-RegenReg,Hopper-v4,3
404198,reward,5820,246.20153463717324,164.487,PPO-LN-RegenReg,Hopper-v4,3
404377,reward,5821,357.46310184397925,192.21,PPO-LN-RegenReg,Hopper-v4,3
404486,reward,5822,218.86240999455688,195.888,PPO-LN-RegenReg,Hopper-v4,3
404588,reward,5823,221.86025733308014,211.952,PPO-LN-RegenReg,Hopper-v4,3
404699,reward,5824,230.5746040277955,205.894,PPO-LN-RegenReg,Hopper-v4,3
404792,reward,5825,178.48896914417983,199.837,PPO-LN-RegenReg,Hopper-v4,3
404905,reward,5826,226.81604270884543,207.665,PPO-LN-RegenReg,Hopper-v4,3
405039,reward,5827,273.3686860717435,227.691,PPO-LN-RegenReg,Hopper-v4,3
405104,reward,5828,95.88146610010389,232.137,PPO-LN-RegenReg,Hopper-v4,3
405211,reward,5829,204.88484055207584,225.44,PPO-LN-RegenReg,Hopper-v4,3
405258,reward,5830,72.33044972560694,208.053,PPO-LN-RegenReg,Hopper-v4,3
405327,reward,5831,105.71032060944448,182.878,PPO-LN-RegenReg,Hopper-v4,3
405444,reward,5832,258.9770999283956,186.889,PPO-LN-RegenReg,Hopper-v4,3
405600,reward,5833,285.89002720872855,193.292,PPO-LN-RegenReg,Hopper-v4,3
405696,reward,5834,147.53707291711146,184.988,PPO-LN-RegenReg,Hopper-v4,3
405801,reward,5835,239.6744598642439,191.107,PPO-LN-RegenReg,Hopper-v4,3
405853,reward,5836,77.39440929180967,176.165,PPO-LN-RegenReg,Hopper-v4,3
405901,reward,5837,71.65613940211368,155.994,PPO-LN-RegenReg,Hopper-v4,3
405981,reward,5838,134.34188314620775,159.84,PPO-LN-RegenReg,Hopper-v4,3
406066,reward,5839,143.35390375060402,153.687,PPO-LN-RegenReg,Hopper-v4,3
406134,reward,5840,115.63865157249138,158.017,PPO-LN-RegenReg,Hopper-v4,3
406267,reward,5841,254.84741677879987,172.931,PPO-LN-RegenReg,Hopper-v4,3
406345,reward,5842,111.49472548348862,158.183,PPO-LN-RegenReg,Hopper-v4,3
406446,reward,5843,213.03780120399884,150.898,PPO-LN-RegenReg,Hopper-v4,3
406495,reward,5844,72.4054890095282,143.384,PPO-LN-RegenReg,Hopper-v4,3
406603,reward,5845,258.10076389449154,145.227,PPO-LN-RegenReg,Hopper-v4,3
406697,reward,5846,157.90216542362836,153.278,PPO-LN-RegenReg,Hopper-v4,3
406754,reward,5847,94.00563451990908,155.513,PPO-LN-RegenReg,Hopper-v4,3
406901,reward,5848,289.96879081868883,171.076,PPO-LN-RegenReg,Hopper-v4,3
406972,reward,5849,98.08716794559139,166.549,PPO-LN-RegenReg,Hopper-v4,3
407126,reward,5850,295.3361417972218,184.519,PPO-LN-RegenReg,Hopper-v4,3
407173,reward,5851,78.93312782767205,166.927,PPO-LN-RegenReg,Hopper-v4,3
407285,reward,5852,215.1967330781971,177.297,PPO-LN-RegenReg,Hopper-v4,3
407354,reward,5853,115.85543886416376,167.579,PPO-LN-RegenReg,Hopper-v4,3
407402,reward,5854,62.555417159378706,166.594,PPO-LN-RegenReg,Hopper-v4,3
407477,reward,5855,126.87799117244337,153.472,PPO-LN-RegenReg,Hopper-v4,3
407569,reward,5856,190.46024118576395,156.728,PPO-LN-RegenReg,Hopper-v4,3
407633,reward,5857,92.16322557951617,156.543,PPO-LN-RegenReg,Hopper-v4,3
407676,reward,5858,65.94782340615222,134.141,PPO-LN-RegenReg,Hopper-v4,3
407719,reward,5859,67.30421126320688,131.063,PPO-LN-RegenReg,Hopper-v4,3
407763,reward,5860,67.11881400158761,108.241,PPO-LN-RegenReg,Hopper-v4,3
407851,reward,5861,168.7701737716655,117.225,PPO-LN-RegenReg,Hopper-v4,3
407961,reward,5862,253.69688494726694,121.075,PPO-LN-RegenReg,Hopper-v4,3
408081,reward,5863,235.9781129272391,133.087,PPO-LN-RegenReg,Hopper-v4,3
408151,reward,5864,103.39720123917165,137.171,PPO-LN-RegenReg,Hopper-v4,3
408244,reward,5865,177.81072128489728,142.265,PPO-LN-RegenReg,Hopper-v4,3
408314,reward,5866,120.90387895349548,135.309,PPO-LN-RegenReg,Hopper-v4,3
408374,reward,5867,98.36157959319023,135.929,PPO-LN-RegenReg,Hopper-v4,3
408431,reward,5868,95.3055855299024,138.865,PPO-LN-RegenReg,Hopper-v4,3
408510,reward,5869,157.0520225911776,147.839,PPO-LN-RegenReg,Hopper-v4,3
408632,reward,5870,234.9581312588994,164.623,PPO-LN-RegenReg,Hopper-v4,3
408713,reward,5871,117.78558026406338,159.525,PPO-LN-RegenReg,Hopper-v4,3
408770,reward,5872,91.96474753462013,143.352,PPO-LN-RegenReg,Hopper-v4,3
408831,reward,5873,101.65503868550567,129.919,PPO-LN-RegenReg,Hopper-v4,3
408933,reward,5874,203.53148204672704,139.933,PPO-LN-RegenReg,Hopper-v4,3
409034,reward,5875,185.15927047827034,140.668,PPO-LN-RegenReg,Hopper-v4,3
409171,reward,5876,284.4905328036632,157.026,PPO-LN-RegenReg,Hopper-v4,3
409276,reward,5877,199.491072829151,167.139,PPO-LN-RegenReg,Hopper-v4,3
409397,reward,5878,270.3332920084776,184.642,PPO-LN-RegenReg,Hopper-v4,3
409520,reward,5879,268.4792640483714,195.785,PPO-LN-RegenReg,Hopper-v4,3
409566,reward,5880,74.09631715171263,179.699,PPO-LN-RegenReg,Hopper-v4,3
409656,reward,5881,202.28786374632207,188.149,PPO-LN-RegenReg,Hopper-v4,3
409757,reward,5882,221.85260235824666,201.138,PPO-LN-RegenReg,Hopper-v4,3
409803,reward,5883,75.89501629655828,198.562,PPO-LN-RegenReg,Hopper-v4,3
409933,reward,5884,306.2311428718735,208.832,PPO-LN-RegenReg,Hopper-v4,3
410034,reward,5885,166.85291644408912,207.001,PPO-LN-RegenReg,Hopper-v4,3
410151,reward,5886,243.8113330249722,202.933,PPO-LN-RegenReg,Hopper-v4,3
410249,reward,5887,227.34223941653033,205.718,PPO-LN-RegenReg,Hopper-v4,3
410373,reward,5888,255.2722464384513,204.212,PPO-LN-RegenReg,Hopper-v4,3
410514,reward,5889,300.22516497278303,207.387,PPO-LN-RegenReg,Hopper-v4,3
410571,reward,5890,94.23784244035649,209.401,PPO-LN-RegenReg,Hopper-v4,3
410675,reward,5891,238.57162705139285,213.029,PPO-LN-RegenReg,Hopper-v4,3
410720,reward,5892,75.16476401569423,198.36,PPO-LN-RegenReg,Hopper-v4,3
410828,reward,5893,268.0943553116018,217.58,PPO-LN-RegenReg,Hopper-v4,3
410947,reward,5894,264.55240454815925,213.412,PPO-LN-RegenReg,Hopper-v4,3
411032,reward,5895,148.39893848033964,211.567,PPO-LN-RegenReg,Hopper-v4,3
411155,reward,5896,263.3447790077213,213.52,PPO-LN-RegenReg,Hopper-v4,3
411242,reward,5897,191.79560932245317,209.966,PPO-LN-RegenReg,Hopper-v4,3
411359,reward,5898,228.59652386028915,207.298,PPO-LN-RegenReg,Hopper-v4,3
411445,reward,5899,176.49333569446884,194.925,PPO-LN-RegenReg,Hopper-v4,3
411536,reward,5900,186.40301222638283,204.142,PPO-LN-RegenReg,Hopper-v4,3
411605,reward,5901,98.37045607373672,190.121,PPO-LN-RegenReg,Hopper-v4,3
411663,reward,5902,94.83128151270856,192.088,PPO-LN-RegenReg,Hopper-v4,3
411735,reward,5903,118.56601498375635,177.135,PPO-LN-RegenReg,Hopper-v4,3
411837,reward,5904,191.2711605941577,169.807,PPO-LN-RegenReg,Hopper-v4,3
411944,reward,5905,200.53642366399444,175.021,PPO-LN-RegenReg,Hopper-v4,3
412053,reward,5906,239.40246213281753,172.627,PPO-LN-RegenReg,Hopper-v4,3
412146,reward,5907,190.8756235858051,172.535,PPO-LN-RegenReg,Hopper-v4,3
412273,reward,5908,261.5425169968958,175.829,PPO-LN-RegenReg,Hopper-v4,3
412383,reward,5909,215.01475377493398,179.681,PPO-LN-RegenReg,Hopper-v4,3
412486,reward,5910,245.44073757207454,185.585,PPO-LN-RegenReg,Hopper-v4,3
412559,reward,5911,135.8644493916081,189.335,PPO-LN-RegenReg,Hopper-v4,3
412670,reward,5912,223.03027531364586,202.154,PPO-LN-RegenReg,Hopper-v4,3
412754,reward,5913,168.82855609852444,207.181,PPO-LN-RegenReg,Hopper-v4,3
412873,reward,5914,174.60338325393442,205.514,PPO-LN-RegenReg,Hopper-v4,3
412975,reward,5915,241.7709733301877,209.637,PPO-LN-RegenReg,Hopper-v4,3
413027,reward,5916,91.89618384465588,194.887,PPO-LN-RegenReg,Hopper-v4,3
413067,reward,5917,62.50698923056507,182.05,PPO-LN-RegenReg,Hopper-v4,3
413121,reward,5918,90.3177287244438,164.927,PPO-LN-RegenReg,Hopper-v4,3
413205,reward,5919,184.10966791730766,161.837,PPO-LN-RegenReg,Hopper-v4,3
413310,reward,5920,180.2670194622385,155.32,PPO-LN-RegenReg,Hopper-v4,3
413363,reward,5921,84.94093584968891,150.227,PPO-LN-RegenReg,Hopper-v4,3
413489,reward,5922,306.43728519769485,158.568,PPO-LN-RegenReg,Hopper-v4,3
413641,reward,5923,325.47671862925847,174.233,PPO-LN-RegenReg,Hopper-v4,3
413693,reward,5924,79.13896947389111,164.686,PPO-LN-RegenReg,Hopper-v4,3
413830,reward,5925,268.60838551015087,167.37,PPO-LN-RegenReg,Hopper-v4,3
413895,reward,5926,119.79437147490145,170.16,PPO-LN-RegenReg,Hopper-v4,3
414006,reward,5927,239.79597391897303,187.889,PPO-LN-RegenReg,Hopper-v4,3
414122,reward,5928,230.6446744263437,201.921,PPO-LN-RegenReg,Hopper-v4,3
414227,reward,5929,201.70119904997458,203.681,PPO-LN-RegenReg,Hopper-v4,3
414310,reward,5930,150.65639537010256,200.719,PPO-LN-RegenReg,Hopper-v4,3
414423,reward,5931,201.11194304681428,212.337,PPO-LN-RegenReg,Hopper-v4,3
414514,reward,5932,183.95047239448525,200.088,PPO-LN-RegenReg,Hopper-v4,3
414623,reward,5933,206.05102616888072,188.145,PPO-LN-RegenReg,Hopper-v4,3
414689,reward,5934,121.6613160963276,192.398,PPO-LN-RegenReg,Hopper-v4,3
414782,reward,5935,175.60839065985226,183.098,PPO-LN-RegenReg,Hopper-v4,3
414871,reward,5936,138.6881579252823,184.987,PPO-LN-RegenReg,Hopper-v4,3
414939,reward,5937,113.37360421760648,172.345,PPO-LN-RegenReg,Hopper-v4,3
415050,reward,5938,210.27811776975008,170.308,PPO-LN-RegenReg,Hopper-v4,3
415161,reward,5939,266.986291439259,176.837,PPO-LN-RegenReg,Hopper-v4,3
415207,reward,5940,75.53203458732962,169.324,PPO-LN-RegenReg,Hopper-v4,3
415282,reward,5941,117.07301805206606,160.92,PPO-LN-RegenReg,Hopper-v4,3
415411,reward,5942,246.720730144276,167.197,PPO-LN-RegenReg,Hopper-v4,3
415513,reward,5943,220.5626321775202,168.648,PPO-LN-RegenReg,Hopper-v4,3
415572,reward,5944,96.98944142697295,166.181,PPO-LN-RegenReg,Hopper-v4,3
415676,reward,5945,197.83195365496994,168.404,PPO-LN-RegenReg,Hopper-v4,3
415823,reward,5946,321.6581332475956,186.701,PPO-LN-RegenReg,Hopper-v4,3
415971,reward,5947,246.81235235587877,200.044,PPO-LN-RegenReg,Hopper-v4,3
416070,reward,5948,210.02350039842153,200.019,PPO-LN-RegenReg,Hopper-v4,3
416174,reward,5949,188.32949781421095,192.153,PPO-LN-RegenReg,Hopper-v4,3
416249,reward,5950,128.32168911384838,197.432,PPO-LN-RegenReg,Hopper-v4,3
416350,reward,5951,240.5411519162617,209.779,PPO-LN-RegenReg,Hopper-v4,3
416420,reward,5952,106.90173089957254,195.797,PPO-LN-RegenReg,Hopper-v4,3
416460,reward,5953,61.02795720343502,179.844,PPO-LN-RegenReg,Hopper-v4,3
416589,reward,5954,239.3398313101972,194.079,PPO-LN-RegenReg,Hopper-v4,3
416699,reward,5955,215.08775570354976,195.804,PPO-LN-RegenReg,Hopper-v4,3
416772,reward,5956,147.3466862108847,178.373,PPO-LN-RegenReg,Hopper-v4,3
416863,reward,5957,172.9516367041375,170.987,PPO-LN-RegenReg,Hopper-v4,3
416971,reward,5958,246.10163569447943,174.595,PPO-LN-RegenReg,Hopper-v4,3
417053,reward,5959,177.89180182037376,173.551,PPO-LN-RegenReg,Hopper-v4,3
417146,reward,5960,184.0359413157585,179.123,PPO-LN-RegenReg,Hopper-v4,3
417243,reward,5961,163.05042418923256,171.374,PPO-LN-RegenReg,Hopper-v4,3
417286,reward,5962,66.84651329530877,167.368,PPO-LN-RegenReg,Hopper-v4,3
417379,reward,5963,151.41365687883882,176.407,PPO-LN-RegenReg,Hopper-v4,3
417509,reward,5964,258.44610564349455,178.317,PPO-LN-RegenReg,Hopper-v4,3
417606,reward,5965,216.00229517099945,178.409,PPO-LN-RegenReg,Hopper-v4,3
417722,reward,5966,198.2686593111302,183.501,PPO-LN-RegenReg,Hopper-v4,3
417855,reward,5967,258.0396885976952,192.01,PPO-LN-RegenReg,Hopper-v4,3
417941,reward,5968,184.17124220372062,185.817,PPO-LN-RegenReg,Hopper-v4,3
418073,reward,5969,257.4064090936126,193.768,PPO-LN-RegenReg,Hopper-v4,3
418173,reward,5970,212.0337881527627,196.568,PPO-LN-RegenReg,Hopper-v4,3
418291,reward,5971,244.33124223002997,204.696,PPO-LN-RegenReg,Hopper-v4,3
418423,reward,5972,274.76666982679006,225.488,PPO-LN-RegenReg,Hopper-v4,3
418514,reward,5973,205.16568718175492,230.863,PPO-LN-RegenReg,Hopper-v4,3
418614,reward,5974,199.59637442299464,224.978,PPO-LN-RegenReg,Hopper-v4,3
418765,reward,5975,296.312512516377,233.009,PPO-LN-RegenReg,Hopper-v4,3
418899,reward,5976,263.6651113876392,239.549,PPO-LN-RegenReg,Hopper-v4,3
419034,reward,5977,298.3544938384195,243.58,PPO-LN-RegenReg,Hopper-v4,3
419135,reward,5978,209.67390273767322,246.131,PPO-LN-RegenReg,Hopper-v4,3
419235,reward,5979,192.11634941849198,239.602,PPO-LN-RegenReg,Hopper-v4,3
419381,reward,5980,326.91641345600704,251.09,PPO-LN-RegenReg,Hopper-v4,3
419519,reward,5981,285.10153938374555,255.167,PPO-LN-RegenReg,Hopper-v4,3
419618,reward,5982,208.7926724441584,248.57,PPO-LN-RegenReg,Hopper-v4,3
419727,reward,5983,236.88114722000128,251.741,PPO-LN-RegenReg,Hopper-v4,3
419781,reward,5984,85.13736953343742,240.295,PPO-LN-RegenReg,Hopper-v4,3
419870,reward,5985,200.09014815485762,230.673,PPO-LN-RegenReg,Hopper-v4,3
419988,reward,5986,235.08022167076572,227.814,PPO-LN-RegenReg,Hopper-v4,3
420052,reward,5987,114.70653652860766,209.45,PPO-LN-RegenReg,Hopper-v4,3
420152,reward,5988,243.11895202100723,212.794,PPO-LN-RegenReg,Hopper-v4,3
420293,reward,5989,287.3681794307327,222.319,PPO-LN-RegenReg,Hopper-v4,3
420371,reward,5990,157.19268242528017,205.347,PPO-LN-RegenReg,Hopper-v4,3
420489,reward,5991,297.3872693843137,206.576,PPO-LN-RegenReg,Hopper-v4,3
420574,reward,5992,166.94001960847692,202.39,PPO-LN-RegenReg,Hopper-v4,3
420608,reward,5993,55.440415834568,184.246,PPO-LN-RegenReg,Hopper-v4,3
420725,reward,5994,238.50471782809083,199.583,PPO-LN-RegenReg,Hopper-v4,3
420844,reward,5995,199.47557510779777,199.521,PPO-LN-RegenReg,Hopper-v4,3
420958,reward,5996,186.0200872441593,194.615,PPO-LN-RegenReg,Hopper-v4,3
421092,reward,5997,354.2672761969427,218.572,PPO-LN-RegenReg,Hopper-v4,3
421262,reward,5998,345.8586560847449,228.845,PPO-LN-RegenReg,Hopper-v4,3
421316,reward,5999,93.09452018432094,209.418,PPO-LN-RegenReg,Hopper-v4,3
421437,reward,6000,228.40252166613038,216.539,PPO-LN-RegenReg,Hopper-v4,3
421569,reward,6001,291.62223786141436,215.963,PPO-LN-RegenReg,Hopper-v4,3
421709,reward,6002,270.5067230592604,226.319,PPO-LN-RegenReg,Hopper-v4,3
421796,reward,6003,174.6971687271143,238.245,PPO-LN-RegenReg,Hopper-v4,3
421883,reward,6004,192.0789776917774,233.602,PPO-LN-RegenReg,Hopper-v4,3
421981,reward,6005,202.6135701163065,233.916,PPO-LN-RegenReg,Hopper-v4,3
422090,reward,6006,273.79344952821657,242.694,PPO-LN-RegenReg,Hopper-v4,3
422190,reward,6007,212.73212648160583,228.54,PPO-LN-RegenReg,Hopper-v4,3
422248,reward,6008,103.99190667398737,204.353,PPO-LN-RegenReg,Hopper-v4,3
422344,reward,6009,215.67561985021868,216.611,PPO-LN-RegenReg,Hopper-v4,3
422459,reward,6010,236.71078759512827,217.442,PPO-LN-RegenReg,Hopper-v4,3
422565,reward,6011,241.55853189622425,212.436,PPO-LN-RegenReg,Hopper-v4,3
422648,reward,6012,158.75811610163,201.261,PPO-LN-RegenReg,Hopper-v4,3
422755,reward,6013,233.3421807180606,207.126,PPO-LN-RegenReg,Hopper-v4,3
422841,reward,6014,191.3209209622129,207.05,PPO-LN-RegenReg,Hopper-v4,3
422965,reward,6015,261.54239284396493,212.943,PPO-LN-RegenReg,Hopper-v4,3
423053,reward,6016,197.84976027362913,205.348,PPO-LN-RegenReg,Hopper-v4,3
423140,reward,6017,191.44370642941166,203.219,PPO-LN-RegenReg,Hopper-v4,3
423207,reward,6018,119.7260871608563,204.793,PPO-LN-RegenReg,Hopper-v4,3
423293,reward,6019,174.6264511263513,200.688,PPO-LN-RegenReg,Hopper-v4,3
423414,reward,6020,248.8863990412438,201.905,PPO-LN-RegenReg,Hopper-v4,3
423505,reward,6021,206.0170192964617,198.351,PPO-LN-RegenReg,Hopper-v4,3
423611,reward,6022,219.94784929225946,204.47,PPO-LN-RegenReg,Hopper-v4,3
423719,reward,6023,260.1827560163726,207.154,PPO-LN-RegenReg,Hopper-v4,3
423829,reward,6024,229.8213007442723,211.004,PPO-LN-RegenReg,Hopper-v4,3
423976,reward,6025,290.32450242802486,213.883,PPO-LN-RegenReg,Hopper-v4,3
424075,reward,6026,198.0657327688883,213.904,PPO-LN-RegenReg,Hopper-v4,3
424198,reward,6027,242.85679089315613,219.045,PPO-LN-RegenReg,Hopper-v4,3
424300,reward,6028,215.45112014857366,228.618,PPO-LN-RegenReg,Hopper-v4,3
424395,reward,6029,226.27111962032535,233.782,PPO-LN-RegenReg,Hopper-v4,3
424509,reward,6030,288.16719304708937,237.711,PPO-LN-RegenReg,Hopper-v4,3
424584,reward,6031,150.9352302936962,232.202,PPO-LN-RegenReg,Hopper-v4,3
424681,reward,6032,210.46732876624614,231.254,PPO-LN-RegenReg,Hopper-v4,3
424792,reward,6033,212.3334791401878,226.469,PPO-LN-RegenReg,Hopper-v4,3
424876,reward,6034,140.15555409051677,217.503,PPO-LN-RegenReg,Hopper-v4,3
424926,reward,6035,80.67814694077622,196.538,PPO-LN-RegenReg,Hopper-v4,3
425051,reward,6036,282.1029234601802,204.942,PPO-LN-RegenReg,Hopper-v4,3
425182,reward,6037,268.83126395203067,207.539,PPO-LN-RegenReg,Hopper-v4,3
425290,reward,6038,240.77602313202482,210.072,PPO-LN-RegenReg,Hopper-v4,3
425410,reward,6039,258.4564524602553,213.29,PPO-LN-RegenReg,Hopper-v4,3
425509,reward,6040,237.06571539209966,208.18,PPO-LN-RegenReg,Hopper-v4,3
425611,reward,6041,201.43782806599427,213.23,PPO-LN-RegenReg,Hopper-v4,3
425700,reward,6042,200.82054615691294,212.266,PPO-LN-RegenReg,Hopper-v4,3
425774,reward,6043,122.18817742527546,203.251,PPO-LN-RegenReg,Hopper-v4,3
425903,reward,6044,299.2891671122763,219.165,PPO-LN-RegenReg,Hopper-v4,3
425967,reward,6045,109.41013853205429,222.038,PPO-LN-RegenReg,Hopper-v4,3
426012,reward,6046,72.02829497373138,201.03,PPO-LN-RegenReg,Hopper-v4,3
426134,reward,6047,244.68484336160148,198.616,PPO-LN-RegenReg,Hopper-v4,3
426236,reward,6048,230.38729240256055,197.577,PPO-LN-RegenReg,Hopper-v4,3
426341,reward,6049,212.05475333638284,192.937,PPO-LN-RegenReg,Hopper-v4,3
426429,reward,6050,190.65426564592818,188.296,PPO-LN-RegenReg,Hopper-v4,3
426546,reward,6051,236.12563894555137,191.764,PPO-LN-RegenReg,Hopper-v4,3
426634,reward,6052,202.49499003784928,191.932,PPO-LN-RegenReg,Hopper-v4,3
426758,reward,6053,235.4012246921986,203.253,PPO-LN-RegenReg,Hopper-v4,3
426826,reward,6054,120.08279690000194,185.332,PPO-LN-RegenReg,Hopper-v4,3
426883,reward,6055,89.9445924730313,183.386,PPO-LN-RegenReg,Hopper-v4,3
426992,reward,6056,216.41936093725724,197.825,PPO-LN-RegenReg,Hopper-v4,3
427094,reward,6057,197.42521084183187,193.099,PPO-LN-RegenReg,Hopper-v4,3
427200,reward,6058,171.28056948322512,187.188,PPO-LN-RegenReg,Hopper-v4,3
427317,reward,6059,223.58523970996683,188.341,PPO-LN-RegenReg,Hopper-v4,3
427409,reward,6060,206.8630886038219,189.962,PPO-LN-RegenReg,Hopper-v4,3
427553,reward,6061,313.18602701819,197.668,PPO-LN-RegenReg,Hopper-v4,3
427606,reward,6062,80.37320121134795,185.456,PPO-LN-RegenReg,Hopper-v4,3
427704,reward,6063,186.41378077252816,180.557,PPO-LN-RegenReg,Hopper-v4,3
427805,reward,6064,200.8641116303235,188.636,PPO-LN-RegenReg,Hopper-v4,3
427869,reward,6065,116.07100229371648,191.248,PPO-LN-RegenReg,Hopper-v4,3
427960,reward,6066,171.27853121067557,186.734,PPO-LN-RegenReg,Hopper-v4,3
428072,reward,6067,208.0438464619102,187.796,PPO-LN-RegenReg,Hopper-v4,3
428186,reward,6068,259.4989281962762,196.618,PPO-LN-RegenReg,Hopper-v4,3
428245,reward,6069,95.8624067139542,183.845,PPO-LN-RegenReg,Hopper-v4,3
428391,reward,6070,294.6037102684881,192.62,PPO-LN-RegenReg,Hopper-v4,3
428479,reward,6071,127.4876931600653,174.05,PPO-LN-RegenReg,Hopper-v4,3
428562,reward,6072,180.99983577804323,184.112,PPO-LN-RegenReg,Hopper-v4,3
428703,reward,6073,269.24696367817705,192.396,PPO-LN-RegenReg,Hopper-v4,3
428789,reward,6074,182.36170390383595,190.545,PPO-LN-RegenReg,Hopper-v4,3
428874,reward,6075,188.60542136848431,197.799,PPO-LN-RegenReg,Hopper-v4,3
428971,reward,6076,200.85656756688502,200.757,PPO-LN-RegenReg,Hopper-v4,3
429093,reward,6077,256.3674863017929,205.589,PPO-LN-RegenReg,Hopper-v4,3
429149,reward,6078,88.37453416651549,188.477,PPO-LN-RegenReg,Hopper-v4,3
429253,reward,6079,201.00864457414824,198.991,PPO-LN-RegenReg,Hopper-v4,3
429361,reward,6080,229.81187725744854,192.512,PPO-LN-RegenReg,Hopper-v4,3
429455,reward,6081,202.42556765635283,200.006,PPO-LN-RegenReg,Hopper-v4,3
429559,reward,6082,216.9665749073915,203.603,PPO-LN-RegenReg,Hopper-v4,3
429611,reward,6083,82.6860210376194,184.946,PPO-LN-RegenReg,Hopper-v4,3
429710,reward,6084,203.86831324431327,187.097,PPO-LN-RegenReg,Hopper-v4,3
429816,reward,6085,203.11932903720782,188.548,PPO-LN-RegenReg,Hopper-v4,3
429866,reward,6086,92.36043432122595,177.699,PPO-LN-RegenReg,Hopper-v4,3
429917,reward,6087,84.57705213405573,160.52,PPO-LN-RegenReg,Hopper-v4,3
430017,reward,6088,236.92148807536532,175.375,PPO-LN-RegenReg,Hopper-v4,3
430112,reward,6089,187.99522503468432,174.073,PPO-LN-RegenReg,Hopper-v4,3
430237,reward,6090,312.0115264192962,182.293,PPO-LN-RegenReg,Hopper-v4,3
430324,reward,6091,155.79879986022843,177.63,PPO-LN-RegenReg,Hopper-v4,3
430426,reward,6092,206.87742111574303,176.622,PPO-LN-RegenReg,Hopper-v4,3
430537,reward,6093,247.7736573692341,193.13,PPO-LN-RegenReg,Hopper-v4,3
430626,reward,6094,162.1909756731737,188.963,PPO-LN-RegenReg,Hopper-v4,3
430694,reward,6095,99.6852509041465,178.619,PPO-LN-RegenReg,Hopper-v4,3
430787,reward,6096,205.55476466692022,189.939,PPO-LN-RegenReg,Hopper-v4,3
430911,reward,6097,270.78320785729915,208.559,PPO-LN-RegenReg,Hopper-v4,3
431011,reward,6098,152.51641144329054,200.119,PPO-LN-RegenReg,Hopper-v4,3
431111,reward,6099,224.4173019065928,203.761,PPO-LN-RegenReg,Hopper-v4,3
431207,reward,6100,186.68821545159594,191.229,PPO-LN-RegenReg,Hopper-v4,3
431277,reward,6101,135.8252750714949,189.231,PPO-LN-RegenReg,Hopper-v4,3
431314,reward,6102,58.67587366653991,174.411,PPO-LN-RegenReg,Hopper-v4,3
431419,reward,6103,215.0634199403437,171.14,PPO-LN-RegenReg,Hopper-v4,3
431515,reward,6104,199.2280267336391,174.844,PPO-LN-RegenReg,Hopper-v4,3
431611,reward,6105,205.6363516867852,185.439,PPO-LN-RegenReg,Hopper-v4,3
431665,reward,6106,75.46786570048,172.43,PPO-LN-RegenReg,Hopper-v4,3
431745,reward,6107,165.39681676458088,161.892,PPO-LN-RegenReg,Hopper-v4,3
431833,reward,6108,195.29842782161953,166.17,PPO-LN-RegenReg,Hopper-v4,3
431895,reward,6109,107.40837437281775,154.469,PPO-LN-RegenReg,Hopper-v4,3
432009,reward,6110,273.53167133714254,163.153,PPO-LN-RegenReg,Hopper-v4,3
432117,reward,6111,241.14839240793853,173.686,PPO-LN-RegenReg,Hopper-v4,3
432215,reward,6112,200.8402635729843,187.902,PPO-LN-RegenReg,Hopper-v4,3
432323,reward,6113,207.57783967135452,187.153,PPO-LN-RegenReg,Hopper-v4,3
432463,reward,6114,286.9464938422958,195.925,PPO-LN-RegenReg,Hopper-v4,3
432562,reward,6115,221.76542746896752,197.538,PPO-LN-RegenReg,Hopper-v4,3
432621,reward,6116,106.60643414956701,200.652,PPO-LN-RegenReg,Hopper-v4,3
432739,reward,6117,232.00786861700482,207.313,PPO-LN-RegenReg,Hopper-v4,3
432810,reward,6118,132.60895292234179,201.044,PPO-LN-RegenReg,Hopper-v4,3
432866,reward,6119,65.97215937045362,196.901,PPO-LN-RegenReg,Hopper-v4,3
432979,reward,6120,276.6607462849543,197.213,PPO-LN-RegenReg,Hopper-v4,3
433024,reward,6121,63.31613589340309,179.43,PPO-LN-RegenReg,Hopper-v4,3
433101,reward,6122,148.39121990289013,174.185,PPO-LN-RegenReg,Hopper-v4,3
433194,reward,6123,213.75387093174027,174.803,PPO-LN-RegenReg,Hopper-v4,3
433277,reward,6124,176.16218672477012,163.725,PPO-LN-RegenReg,Hopper-v4,3
433371,reward,6125,206.38247603346517,162.186,PPO-LN-RegenReg,Hopper-v4,3
433415,reward,6126,70.12777437444056,158.538,PPO-LN-RegenReg,Hopper-v4,3
433457,reward,6127,66.81517779100848,142.019,PPO-LN-RegenReg,Hopper-v4,3
433570,reward,6128,291.6693560720626,157.925,PPO-LN-RegenReg,Hopper-v4,3
433679,reward,6129,260.09254709107813,177.337,PPO-LN-RegenReg,Hopper-v4,3
433769,reward,6130,206.83289865454003,170.354,PPO-LN-RegenReg,Hopper-v4,3
433839,reward,6131,133.09756528612158,177.333,PPO-LN-RegenReg,Hopper-v4,3
433941,reward,6132,214.00717877997243,183.894,PPO-LN-RegenReg,Hopper-v4,3
434011,reward,6133,130.31512724400673,175.55,PPO-LN-RegenReg,Hopper-v4,3
434129,reward,6134,226.69640053193095,180.604,PPO-LN-RegenReg,Hopper-v4,3
434174,reward,6135,70.00963890579013,166.966,PPO-LN-RegenReg,Hopper-v4,3
434270,reward,6136,225.55731654003944,182.509,PPO-LN-RegenReg,Hopper-v4,3
434332,reward,6137,113.97150344785281,187.225,PPO-LN-RegenReg,Hopper-v4,3
434432,reward,6138,214.81797206121047,179.54,PPO-LN-RegenReg,Hopper-v4,3
434465,reward,6139,47.28303549630947,158.259,PPO-LN-RegenReg,Hopper-v4,3
434524,reward,6140,88.78772570247747,146.454,PPO-LN-RegenReg,Hopper-v4,3
434627,reward,6141,202.30232921608507,153.375,PPO-LN-RegenReg,Hopper-v4,3
434721,reward,6142,201.93474744192082,152.168,PPO-LN-RegenReg,Hopper-v4,3
434824,reward,6143,217.97084121598496,160.933,PPO-LN-RegenReg,Hopper-v4,3
434930,reward,6144,212.07976516532764,159.471,PPO-LN-RegenReg,Hopper-v4,3
435042,reward,6145,229.15933991022294,175.386,PPO-LN-RegenReg,Hopper-v4,3
435159,reward,6146,244.34688763746536,177.265,PPO-LN-RegenReg,Hopper-v4,3
435277,reward,6147,249.97514082751036,190.866,PPO-LN-RegenReg,Hopper-v4,3
435410,reward,6148,271.40853832697684,196.525,PPO-LN-RegenReg,Hopper-v4,3
435500,reward,6149,194.48783935615063,211.245,PPO-LN-RegenReg,Hopper-v4,3
435595,reward,6150,215.3043912388348,223.897,PPO-LN-RegenReg,Hopper-v4,3
435726,reward,6151,301.80996926619486,233.848,PPO-LN-RegenReg,Hopper-v4,3
435774,reward,6152,75.26869912735546,221.181,PPO-LN-RegenReg,Hopper-v4,3
435881,reward,6153,270.298166840729,226.414,PPO-LN-RegenReg,Hopper-v4,3
435980,reward,6154,226.7071859072802,227.877,PPO-LN-RegenReg,Hopper-v4,3
436089,reward,6155,233.57088648102436,228.318,PPO-LN-RegenReg,Hopper-v4,3
436184,reward,6156,212.17149323449206,225.1,PPO-LN-RegenReg,Hopper-v4,3
436282,reward,6157,215.45677481767802,221.648,PPO-LN-RegenReg,Hopper-v4,3
436390,reward,6158,235.51232443870745,218.059,PPO-LN-RegenReg,Hopper-v4,3
436500,reward,6159,239.7796548319636,222.588,PPO-LN-RegenReg,Hopper-v4,3
436592,reward,6160,205.07894816378789,221.565,PPO-LN-RegenReg,Hopper-v4,3
436712,reward,6161,242.9748005310752,215.682,PPO-LN-RegenReg,Hopper-v4,3
436805,reward,6162,212.4628022483394,229.401,PPO-LN-RegenReg,Hopper-v4,3
436876,reward,6163,139.99726976624237,216.371,PPO-LN-RegenReg,Hopper-v4,3
436923,reward,6164,69.69983824257264,200.67,PPO-LN-RegenReg,Hopper-v4,3
437011,reward,6165,199.54452329085643,197.268,PPO-LN-RegenReg,Hopper-v4,3
437059,reward,6166,74.9813331844398,183.549,PPO-LN-RegenReg,Hopper-v4,3
437142,reward,6167,183.2880848260169,180.332,PPO-LN-RegenReg,Hopper-v4,3
437264,reward,6168,246.88206640814485,181.469,PPO-LN-RegenReg,Hopper-v4,3
437360,reward,6169,207.89076459916888,178.28,PPO-LN-RegenReg,Hopper-v4,3
437462,reward,6170,210.21721535991145,178.794,PPO-LN-RegenReg,Hopper-v4,3
437524,reward,6171,114.59847483337775,165.956,PPO-LN-RegenReg,Hopper-v4,3
437617,reward,6172,211.150071134462,165.825,PPO-LN-RegenReg,Hopper-v4,3
437722,reward,6173,248.96625903755816,176.722,PPO-LN-RegenReg,Hopper-v4,3
437865,reward,6174,334.6629674563193,203.218,PPO-LN-RegenReg,Hopper-v4,3
437977,reward,6175,229.59738786165582,206.223,PPO-LN-RegenReg,Hopper-v4,3
438029,reward,6176,91.3851223372468,207.864,PPO-LN-RegenReg,Hopper-v4,3
438115,reward,6177,178.67809063350646,207.403,PPO-LN-RegenReg,Hopper-v4,3
438213,reward,6178,218.42922033675893,204.558,PPO-LN-RegenReg,Hopper-v4,3
438307,reward,6179,210.6807329908555,204.837,PPO-LN-RegenReg,Hopper-v4,3
438354,reward,6180,71.01100599393178,190.916,PPO-LN-RegenReg,Hopper-v4,3
438392,reward,6181,61.54207403647144,185.61,PPO-LN-RegenReg,Hopper-v4,3
438495,reward,6182,222.9288252820391,186.788,PPO-LN-RegenReg,Hopper-v4,3
438586,reward,6183,202.00227579824835,182.092,PPO-LN-RegenReg,Hopper-v4,3
438695,reward,6184,256.07311727803256,174.233,PPO-LN-RegenReg,Hopper-v4,3
438790,reward,6185,208.6065576770464,172.134,PPO-LN-RegenReg,Hopper-v4,3
438888,reward,6186,193.63977151273988,182.359,PPO-LN-RegenReg,Hopper-v4,3
438936,reward,6187,72.34678342045187,171.726,PPO-LN-RegenReg,Hopper-v4,3
439032,reward,6188,201.3506367989575,170.018,PPO-LN-RegenReg,Hopper-v4,3
439128,reward,6189,196.80562262575532,168.631,PPO-LN-RegenReg,Hopper-v4,3
439226,reward,6190,225.5008617600501,184.08,PPO-LN-RegenReg,Hopper-v4,3
439316,reward,6191,202.4535719271812,198.171,PPO-LN-RegenReg,Hopper-v4,3
439419,reward,6192,227.7736499980951,198.655,PPO-LN-RegenReg,Hopper-v4,3
439508,reward,6193,204.54189145627785,198.909,PPO-LN-RegenReg,Hopper-v4,3
439631,reward,6194,310.94979663971606,204.397,PPO-LN-RegenReg,Hopper-v4,3
439707,reward,6195,145.74793075161222,198.111,PPO-LN-RegenReg,Hopper-v4,3
439795,reward,6196,188.04344154602174,197.551,PPO-LN-RegenReg,Hopper-v4,3
439932,reward,6197,303.21566144723306,220.638,PPO-LN-RegenReg,Hopper-v4,3
440015,reward,6198,189.3478633765733,219.438,PPO-LN-RegenReg,Hopper-v4,3
440086,reward,6199,141.59775528334742,213.917,PPO-LN-RegenReg,Hopper-v4,3
440198,reward,6200,219.36456065335378,213.304,PPO-LN-RegenReg,Hopper-v4,3
440299,reward,6201,214.44657185321418,214.503,PPO-LN-RegenReg,Hopper-v4,3
440363,reward,6202,102.92308011725395,202.018,PPO-LN-RegenReg,Hopper-v4,3
440456,reward,6203,215.17445768750747,203.081,PPO-LN-RegenReg,Hopper-v4,3
440549,reward,6204,212.23105880382738,193.209,PPO-LN-RegenReg,Hopper-v4,3
440646,reward,6205,210.69742362812244,199.704,PPO-LN-RegenReg,Hopper-v4,3
440759,reward,6206,284.62473694352184,209.362,PPO-LN-RegenReg,Hopper-v4,3
440849,reward,6207,208.07270386012416,199.848,PPO-LN-RegenReg,Hopper-v4,3
440921,reward,6208,142.0747299925309,195.121,PPO-LN-RegenReg,Hopper-v4,3
441025,reward,6209,219.04180549665605,202.865,PPO-LN-RegenReg,Hopper-v4,3
441123,reward,6210,182.64376592653912,199.193,PPO-LN-RegenReg,Hopper-v4,3
441206,reward,6211,184.10706199779716,196.159,PPO-LN-RegenReg,Hopper-v4,3
441291,reward,6212,180.25579803000787,203.892,PPO-LN-RegenReg,Hopper-v4,3
441377,reward,6213,192.7505633033818,201.65,PPO-LN-RegenReg,Hopper-v4,3
441451,reward,6214,133.1982555322549,193.747,PPO-LN-RegenReg,Hopper-v4,3
441558,reward,6215,226.45420940515982,195.322,PPO-LN-RegenReg,Hopper-v4,3
441612,reward,6216,86.25119812224837,175.485,PPO-LN-RegenReg,Hopper-v4,3
441659,reward,6217,70.00246166075539,161.678,PPO-LN-RegenReg,Hopper-v4,3
441752,reward,6218,211.34825941748196,168.605,PPO-LN-RegenReg,Hopper-v4,3
441801,reward,6219,84.15068102289693,155.116,PPO-LN-RegenReg,Hopper-v4,3
441903,reward,6220,220.8289732726799,158.935,PPO-LN-RegenReg,Hopper-v4,3
441987,reward,6221,181.2932408477386,158.653,PPO-LN-RegenReg,Hopper-v4,3
442023,reward,6222,55.27613846753038,146.155,PPO-LN-RegenReg,Hopper-v4,3
442126,reward,6223,211.10446342231143,147.991,PPO-LN-RegenReg,Hopper-v4,3
442250,reward,6224,297.79573298624064,164.451,PPO-LN-RegenReg,Hopper-v4,3
442355,reward,6225,215.99891918160023,163.405,PPO-LN-RegenReg,Hopper-v4,3
442449,reward,6226,176.57465467325193,172.437,PPO-LN-RegenReg,Hopper-v4,3
442491,reward,6227,65.58320296718318,171.995,PPO-LN-RegenReg,Hopper-v4,3
442527,reward,6228,59.18282522572388,156.779,PPO-LN-RegenReg,Hopper-v4,3
442624,reward,6229,220.26875997829092,170.391,PPO-LN-RegenReg,Hopper-v4,3
442726,reward,6230,229.74418433379356,171.282,PPO-LN-RegenReg,Hopper-v4,3
442805,reward,6231,157.46538198437815,168.899,PPO-LN-RegenReg,Hopper-v4,3
442845,reward,6232,62.966867767434415,169.668,PPO-LN-RegenReg,Hopper-v4,3
442963,reward,6233,281.0097530951106,176.659,PPO-LN-RegenReg,Hopper-v4,3
443052,reward,6234,196.32432966809986,166.512,PPO-LN-RegenReg,Hopper-v4,3
443115,reward,6235,105.27723288797323,155.44,PPO-LN-RegenReg,Hopper-v4,3
443180,reward,6236,117.32105216011982,149.514,PPO-LN-RegenReg,Hopper-v4,3
443281,reward,6237,217.57891346553782,164.714,PPO-LN-RegenReg,Hopper-v4,3
443354,reward,6238,144.11426343023538,173.207,PPO-LN-RegenReg,Hopper-v4,3
443422,reward,6239,133.4393241430351,164.524,PPO-LN-RegenReg,Hopper-v4,3
443511,reward,6240,203.01983528083073,161.852,PPO-LN-RegenReg,Hopper-v4,3
443591,reward,6241,159.0740985343007,162.013,PPO-LN-RegenReg,Hopper-v4,3
443679,reward,6242,190.71830011583802,174.788,PPO-LN-RegenReg,Hopper-v4,3
443775,reward,6243,224.80571630871458,169.167,PPO-LN-RegenReg,Hopper-v4,3
443826,reward,6244,85.73445081727704,158.108,PPO-LN-RegenReg,Hopper-v4,3
443916,reward,6245,203.49650249721492,167.93,PPO-LN-RegenReg,Hopper-v4,3
444006,reward,6246,204.53940990816318,176.652,PPO-LN-RegenReg,Hopper-v4,3
444054,reward,6247,76.13658988137168,162.508,PPO-LN-RegenReg,Hopper-v4,3
444146,reward,6248,208.78907599309346,168.975,PPO-LN-RegenReg,Hopper-v4,3
444238,reward,6249,210.02837234830795,176.634,PPO-LN-RegenReg,Hopper-v4,3
444327,reward,6250,195.5457928679885,175.887,PPO-LN-RegenReg,Hopper-v4,3
444419,reward,6251,194.08125615342078,179.388,PPO-LN-RegenReg,Hopper-v4,3
444511,reward,6252,211.0975593026505,181.425,PPO-LN-RegenReg,Hopper-v4,3
444608,reward,6253,195.8136443071301,178.526,PPO-LN-RegenReg,Hopper-v4,3
444697,reward,6254,195.82715122505033,189.536,PPO-LN-RegenReg,Hopper-v4,3
444795,reward,6255,212.8059308911724,190.466,PPO-LN-RegenReg,Hopper-v4,3
444883,reward,6256,187.2967742802542,188.742,PPO-LN-RegenReg,Hopper-v4,3
444977,reward,6257,197.60761902465126,200.889,PPO-LN-RegenReg,Hopper-v4,3
445065,reward,6258,198.71535975942504,199.882,PPO-LN-RegenReg,Hopper-v4,3
445176,reward,6259,220.45901193727533,200.925,PPO-LN-RegenReg,Hopper-v4,3
445275,reward,6260,231.122115321692,204.483,PPO-LN-RegenReg,Hopper-v4,3
445366,reward,6261,209.46992030669514,206.022,PPO-LN-RegenReg,Hopper-v4,3
445472,reward,6262,210.97156539376692,206.009,PPO-LN-RegenReg,Hopper-v4,3
445566,reward,6263,203.73612312781054,206.801,PPO-LN-RegenReg,Hopper-v4,3
445619,reward,6264,81.59466275378898,195.378,PPO-LN-RegenReg,Hopper-v4,3
445679,reward,6265,108.86158991783628,184.983,PPO-LN-RegenReg,Hopper-v4,3
445726,reward,6266,72.78157489732686,173.532,PPO-LN-RegenReg,Hopper-v4,3
445790,reward,6267,124.12739581070726,166.184,PPO-LN-RegenReg,Hopper-v4,3
445885,reward,6268,201.22843424304668,166.435,PPO-LN-RegenReg,Hopper-v4,3
445980,reward,6269,214.09720733051012,165.799,PPO-LN-RegenReg,Hopper-v4,3
446078,reward,6270,220.44931041033385,164.732,PPO-LN-RegenReg,Hopper-v4,3
446187,reward,6271,222.40446118001887,166.025,PPO-LN-RegenReg,Hopper-v4,3
446269,reward,6272,175.59526247902016,162.488,PPO-LN-RegenReg,Hopper-v4,3
446368,reward,6273,191.26849606139066,161.241,PPO-LN-RegenReg,Hopper-v4,3
446460,reward,6274,212.5465794928445,174.336,PPO-LN-RegenReg,Hopper-v4,3
446556,reward,6275,210.79845712487125,184.53,PPO-LN-RegenReg,Hopper-v4,3
446675,reward,6276,293.92505904960785,206.644,PPO-LN-RegenReg,Hopper-v4,3
446786,reward,6277,213.1990881192232,215.551,PPO-LN-RegenReg,Hopper-v4,3
446867,reward,6278,135.34211125173826,208.963,PPO-LN-RegenReg,Hopper-v4,3
446943,reward,6279,130.04193057003778,200.557,PPO-LN-RegenReg,Hopper-v4,3
447042,reward,6280,223.20420909594785,200.833,PPO-LN-RegenReg,Hopper-v4,3
447129,reward,6281,195.2834428325553,198.12,PPO-LN-RegenReg,Hopper-v4,3
447214,reward,6282,188.9746555022882,199.458,PPO-LN-RegenReg,Hopper-v4,3
447310,reward,6283,211.7499241068938,201.507,PPO-LN-RegenReg,Hopper-v4,3
447406,reward,6284,225.64031003744682,202.816,PPO-LN-RegenReg,Hopper-v4,3
447498,reward,6285,215.5828610145124,203.294,PPO-LN-RegenReg,Hopper-v4,3
447606,reward,6286,211.50386315179873,195.052,PPO-LN-RegenReg,Hopper-v4,3
447696,reward,6287,194.67871111304052,193.2,PPO-LN-RegenReg,Hopper-v4,3
447796,reward,6288,214.28736326971358,201.095,PPO-LN-RegenReg,Hopper-v4,3
447885,reward,6289,201.42009641205064,208.233,PPO-LN-RegenReg,Hopper-v4,3
447989,reward,6290,210.71597318603864,206.984,PPO-LN-RegenReg,Hopper-v4,3
448098,reward,6291,243.89921757558457,211.845,PPO-LN-RegenReg,Hopper-v4,3
448136,reward,6292,50.22446023791016,197.97,PPO-LN-RegenReg,Hopper-v4,3
448259,reward,6293,253.78361794654083,202.174,PPO-LN-RegenReg,Hopper-v4,3
448341,reward,6294,184.34355591881476,198.044,PPO-LN-RegenReg,Hopper-v4,3
448449,reward,6295,223.83177171989954,198.869,PPO-LN-RegenReg,Hopper-v4,3
448540,reward,6296,208.02415332011032,198.521,PPO-LN-RegenReg,Hopper-v4,3
448661,reward,6297,231.6204318176275,202.215,PPO-LN-RegenReg,Hopper-v4,3
448751,reward,6298,202.06696834921186,200.993,PPO-LN-RegenReg,Hopper-v4,3
448782,reward,6299,44.08731588676739,185.26,PPO-LN-RegenReg,Hopper-v4,3
448878,reward,6300,221.33960073186967,186.322,PPO-LN-RegenReg,Hopper-v4,3
448916,reward,6301,60.41676470876892,167.974,PPO-LN-RegenReg,Hopper-v4,3
448978,reward,6302,100.0454416606845,172.956,PPO-LN-RegenReg,Hopper-v4,3
449066,reward,6303,192.2917490615413,166.807,PPO-LN-RegenReg,Hopper-v4,3
449140,reward,6304,138.0418723583944,162.177,PPO-LN-RegenReg,Hopper-v4,3
449241,reward,6305,220.87366163524436,161.881,PPO-LN-RegenReg,Hopper-v4,3
449331,reward,6306,205.82379943075225,161.661,PPO-LN-RegenReg,Hopper-v4,3
449425,reward,6307,208.8981388759023,159.389,PPO-LN-RegenReg,Hopper-v4,3
449528,reward,6308,223.5248214477015,161.534,PPO-LN-RegenReg,Hopper-v4,3
449652,reward,6309,233.73087868361625,180.499,PPO-LN-RegenReg,Hopper-v4,3
449743,reward,6310,206.757964547909,179.041,PPO-LN-RegenReg,Hopper-v4,3
449793,reward,6311,82.81334420300065,181.28,PPO-LN-RegenReg,Hopper-v4,3
449893,reward,6312,221.40794601613044,193.416,PPO-LN-RegenReg,Hopper-v4,3
449980,reward,6313,196.7628817383302,193.864,PPO-LN-RegenReg,Hopper-v4,3
450076,reward,6314,210.85820522709034,201.145,PPO-LN-RegenReg,Hopper-v4,3
450130,reward,6315,89.43846305505602,188.002,PPO-LN-RegenReg,Hopper-v4,3
450238,reward,6316,262.6181262033445,193.681,PPO-LN-RegenReg,Hopper-v4,3
450349,reward,6317,231.6244191205785,195.954,PPO-LN-RegenReg,Hopper-v4,3
450435,reward,6318,195.92707017179953,193.194,PPO-LN-RegenReg,Hopper-v4,3
450494,reward,6319,104.64582157722667,180.285,PPO-LN-RegenReg,Hopper-v4,3
450591,reward,6320,190.00352287924494,178.61,PPO-LN-RegenReg,Hopper-v4,3
450671,reward,6321,177.80563575271282,188.109,PPO-LN-RegenReg,Hopper-v4,3
450755,reward,6322,177.539900725862,183.722,PPO-LN-RegenReg,Hopper-v4,3
450843,reward,6323,199.6430453688025,184.01,PPO-LN-RegenReg,Hopper-v4,3
450953,reward,6324,255.00762148662417,188.425,PPO-LN-RegenReg,Hopper-v4,3
451043,reward,6325,206.21186376063,200.103,PPO-LN-RegenReg,Hopper-v4,3
451126,reward,6326,184.31384987944998,192.272,PPO-LN-RegenReg,Hopper-v4,3
451169,reward,6327,68.0156468329036,175.911,PPO-LN-RegenReg,Hopper-v4,3
451279,reward,6328,257.3980258101548,182.058,PPO-LN-RegenReg,Hopper-v4,3
451363,reward,6329,182.6468401759016,189.859,PPO-LN-RegenReg,Hopper-v4,3
451457,reward,6330,195.52595949154633,190.411,PPO-LN-RegenReg,Hopper-v4,3
451554,reward,6331,217.4422093001679,194.374,PPO-LN-RegenReg,Hopper-v4,3
451665,reward,6332,229.0440270589461,199.525,PPO-LN-RegenReg,Hopper-v4,3
451756,reward,6333,200.71964333446613,199.633,PPO-LN-RegenReg,Hopper-v4,3
451843,reward,6334,194.9461562208367,193.626,PPO-LN-RegenReg,Hopper-v4,3
451921,reward,6335,162.13380123961014,189.219,PPO-LN-RegenReg,Hopper-v4,3
452020,reward,6336,220.09041543861798,192.796,PPO-LN-RegenReg,Hopper-v4,3
452131,reward,6337,274.0373305266936,213.398,PPO-LN-RegenReg,Hopper-v4,3
452237,reward,6338,224.57670620654454,210.116,PPO-LN-RegenReg,Hopper-v4,3
452338,reward,6339,205.68607415049385,212.42,PPO-LN-RegenReg,Hopper-v4,3
452394,reward,6340,96.46417529511835,202.514,PPO-LN-RegenReg,Hopper-v4,3
452481,reward,6341,195.02183490418292,200.272,PPO-LN-RegenReg,Hopper-v4,3
452593,reward,6342,217.50722816841684,199.118,PPO-LN-RegenReg,Hopper-v4,3
452683,reward,6343,202.21614933940322,199.268,PPO-LN-RegenReg,Hopper-v4,3
452811,reward,6344,296.1959514845288,209.393,PPO-LN-RegenReg,Hopper-v4,3
452913,reward,6345,201.81339651846133,213.361,PPO-LN-RegenReg,Hopper-v4,3
453019,reward,6346,237.8483058891563,215.137,PPO-LN-RegenReg,Hopper-v4,3
453136,reward,6347,239.74274243041285,211.707,PPO-LN-RegenReg,Hopper-v4,3
453190,reward,6348,94.56594312843842,198.706,PPO-LN-RegenReg,Hopper-v4,3
453285,reward,6349,203.93768338403382,198.531,PPO-LN-RegenReg,Hopper-v4,3
453387,reward,6350,233.84721150077664,212.27,PPO-LN-RegenReg,Hopper-v4,3
453482,reward,6351,212.83411911253936,214.051,PPO-LN-RegenReg,Hopper-v4,3
453567,reward,6352,179.74861385741983,210.275,PPO-LN-RegenReg,Hopper-v4,3
453656,reward,6353,198.68962144808845,209.922,PPO-LN-RegenReg,Hopper-v4,3
453740,reward,6354,184.24428303469048,198.727,PPO-LN-RegenReg,Hopper-v4,3
453822,reward,6355,181.21615994014806,196.667,PPO-LN-RegenReg,Hopper-v4,3
453883,reward,6356,108.32431975777567,183.715,PPO-LN-RegenReg,Hopper-v4,3
453947,reward,6357,104.16465908962272,170.157,PPO-LN-RegenReg,Hopper-v4,3
454052,reward,6358,259.5892341793668,186.66,PPO-LN-RegenReg,Hopper-v4,3
454112,reward,6359,104.47941330542392,176.714,PPO-LN-RegenReg,Hopper-v4,3
454149,reward,6360,59.84944618062148,159.314,PPO-LN-RegenReg,Hopper-v4,3
454243,reward,6361,215.31147320799562,159.562,PPO-LN-RegenReg,Hopper-v4,3
454287,reward,6362,61.77942457875297,147.765,PPO-LN-RegenReg,Hopper-v4,3
454382,reward,6363,192.0927929817995,147.105,PPO-LN-RegenReg,Hopper-v4,3
454490,reward,6364,260.9888937036151,154.78,PPO-LN-RegenReg,Hopper-v4,3
454584,reward,6365,212.01174753974186,157.859,PPO-LN-RegenReg,Hopper-v4,3
454692,reward,6366,232.71587161764725,170.298,PPO-LN-RegenReg,Hopper-v4,3
454742,reward,6367,84.70352383284111,168.352,PPO-LN-RegenReg,Hopper-v4,3
454826,reward,6368,159.35498720647712,158.329,PPO-LN-RegenReg,Hopper-v4,3
454916,reward,6369,204.78755872580098,168.36,PPO-LN-RegenReg,Hopper-v4,3
455007,reward,6370,211.59320181553122,183.534,PPO-LN-RegenReg,Hopper-v4,3
455111,reward,6371,226.48040782059098,184.651,PPO-LN-RegenReg,Hopper-v4,3
455159,reward,6372,80.54623157335311,186.528,PPO-LN-RegenReg,Hopper-v4,3
455201,reward,6373,65.11221748882072,173.829,PPO-LN-RegenReg,Hopper-v4,3
455258,reward,6374,96.98375779568995,157.429,PPO-LN-RegenReg,Hopper-v4,3
455308,reward,6375,80.7104119002671,144.299,PPO-LN-RegenReg,Hopper-v4,3
455403,reward,6376,210.84824571651544,142.112,PPO-LN-RegenReg,Hopper-v4,3
455451,reward,6377,79.2518987812469,141.567,PPO-LN-RegenReg,Hopper-v4,3
455544,reward,6378,203.1562016161567,145.947,PPO-LN-RegenReg,Hopper-v4,3
455626,reward,6379,184.37430073087813,143.906,PPO-LN-RegenReg,Hopper-v4,3
455727,reward,6380,211.6931793813917,143.916,PPO-LN-RegenReg,Hopper-v4,3
455833,reward,6381,223.35611478587967,143.603,PPO-LN-RegenReg,Hopper-v4,3
455935,reward,6382,213.49477444707347,156.898,PPO-LN-RegenReg,Hopper-v4,3
456013,reward,6383,143.412546793603,164.728,PPO-LN-RegenReg,Hopper-v4,3
456101,reward,6384,187.9202067600791,173.822,PPO-LN-RegenReg,Hopper-v4,3
456210,reward,6385,224.57044761024707,188.208,PPO-LN-RegenReg,Hopper-v4,3
456295,reward,6386,182.67974683427826,185.391,PPO-LN-RegenReg,Hopper-v4,3
456380,reward,6387,192.49315549526614,196.715,PPO-LN-RegenReg,Hopper-v4,3
456476,reward,6388,218.60892327023151,198.26,PPO-LN-RegenReg,Hopper-v4,3
456555,reward,6389,159.40031995597425,195.763,PPO-LN-RegenReg,Hopper-v4,3
456647,reward,6390,205.1811705014856,195.112,PPO-LN-RegenReg,Hopper-v4,3
456735,reward,6391,196.5190224084159,192.428,PPO-LN-RegenReg,Hopper-v4,3
456824,reward,6392,199.0014558078088,190.979,PPO-LN-RegenReg,Hopper-v4,3
456924,reward,6393,221.3747021703225,198.775,PPO-LN-RegenReg,Hopper-v4,3
457023,reward,6394,229.91336202860708,202.974,PPO-LN-RegenReg,Hopper-v4,3
457060,reward,6395,50.002973252429115,185.517,PPO-LN-RegenReg,Hopper-v4,3
457141,reward,6396,144.30823794572814,181.68,PPO-LN-RegenReg,Hopper-v4,3
457259,reward,6397,268.60087838690254,189.291,PPO-LN-RegenReg,Hopper-v4,3
457370,reward,6398,212.93019754860924,188.723,PPO-LN-RegenReg,Hopper-v4,3
457466,reward,6399,222.3771212909863,195.021,PPO-LN-RegenReg,Hopper-v4,3
457569,reward,6400,206.62517572800786,195.165,PPO-LN-RegenReg,Hopper-v4,3
457667,reward,6401,214.70062954306962,196.983,PPO-LN-RegenReg,Hopper-v4,3
457742,reward,6402,135.92630130566366,190.676,PPO-LN-RegenReg,Hopper-v4,3
457793,reward,6403,85.95867556605035,177.134,PPO-LN-RegenReg,Hopper-v4,3
457898,reward,6404,222.07327298186152,176.35,PPO-LN-RegenReg,Hopper-v4,3
457989,reward,6405,200.509536950812,191.401,PPO-LN-RegenReg,Hopper-v4,3
458080,reward,6406,210.23127816671655,197.993,PPO-LN-RegenReg,Hopper-v4,3
458165,reward,6407,174.42065304630196,188.575,PPO-LN-RegenReg,Hopper-v4,3
458204,reward,6408,62.69756823803218,173.552,PPO-LN-RegenReg,Hopper-v4,3
458297,reward,6409,205.3706741804774,171.851,PPO-LN-RegenReg,Hopper-v4,3
458398,reward,6410,216.8551944106142,172.874,PPO-LN-RegenReg,Hopper-v4,3
458496,reward,6411,195.61476927844384,170.966,PPO-LN-RegenReg,Hopper-v4,3
458579,reward,6412,185.38984559886276,175.912,PPO-LN-RegenReg,Hopper-v4,3
458662,reward,6413,180.04357667062206,185.321,PPO-LN-RegenReg,Hopper-v4,3
458766,reward,6414,238.66576159049586,186.98,PPO-LN-RegenReg,Hopper-v4,3
458852,reward,6415,187.46175303202926,185.675,PPO-LN-RegenReg,Hopper-v4,3
458956,reward,6416,224.49956048686212,187.102,PPO-LN-RegenReg,Hopper-v4,3
459054,reward,6417,208.63262515952533,190.523,PPO-LN-RegenReg,Hopper-v4,3
459132,reward,6418,158.71267516233996,200.125,PPO-LN-RegenReg,Hopper-v4,3
459230,reward,6419,186.45344255901702,198.233,PPO-LN-RegenReg,Hopper-v4,3
459319,reward,6420,200.81944710254604,196.629,PPO-LN-RegenReg,Hopper-v4,3
459400,reward,6421,174.8072272434344,194.549,PPO-LN-RegenReg,Hopper-v4,3
459458,reward,6422,92.26063743640148,185.236,PPO-LN-RegenReg,Hopper-v4,3
459551,reward,6423,182.80874321683788,185.512,PPO-LN-RegenReg,Hopper-v4,3
459673,reward,6424,238.32141586005176,185.478,PPO-LN-RegenReg,Hopper-v4,3
459729,reward,6425,92.09283081441188,175.941,PPO-LN-RegenReg,Hopper-v4,3
459766,reward,6426,62.03383764825559,159.694,PPO-LN-RegenReg,Hopper-v4,3
459855,reward,6427,206.2189379168546,159.453,PPO-LN-RegenReg,Hopper-v4,3
459998,reward,6428,267.12015668392905,170.294,PPO-LN-RegenReg,Hopper-v4,3
460058,reward,6429,104.57329114461515,162.106,PPO-LN-RegenReg,Hopper-v4,3
460149,reward,6430,204.27126506612797,162.451,PPO-LN-RegenReg,Hopper-v4,3
460284,reward,6431,254.99811734161506,170.47,PPO-LN-RegenReg,Hopper-v4,3
460369,reward,6432,185.58409457312,179.802,PPO-LN-RegenReg,Hopper-v4,3
460458,reward,6433,157.899264013562,177.311,PPO-LN-RegenReg,Hopper-v4,3
460560,reward,6434,256.523031635536,179.131,PPO-LN-RegenReg,Hopper-v4,3
460646,reward,6435,189.55190655818498,188.877,PPO-LN-RegenReg,Hopper-v4,3
460737,reward,6436,193.62685454385277,202.037,PPO-LN-RegenReg,Hopper-v4,3
460822,reward,6437,178.94450265052657,199.309,PPO-LN-RegenReg,Hopper-v4,3
460898,reward,6438,150.76865133820266,187.674,PPO-LN-RegenReg,Hopper-v4,3
460980,reward,6439,179.12388755689105,195.129,PPO-LN-RegenReg,Hopper-v4,3
461086,reward,6440,208.65050647578775,195.567,PPO-LN-RegenReg,Hopper-v4,3
461133,reward,6441,74.69133909970274,177.536,PPO-LN-RegenReg,Hopper-v4,3
461220,reward,6442,194.23604957381156,178.402,PPO-LN-RegenReg,Hopper-v4,3
461277,reward,6443,92.6986677491431,171.882,PPO-LN-RegenReg,Hopper-v4,3
461305,reward,6444,34.22237015202105,149.651,PPO-LN-RegenReg,Hopper-v4,3
461355,reward,6445,76.70858663600188,138.367,PPO-LN-RegenReg,Hopper-v4,3
461431,reward,6446,147.0927224003126,133.714,PPO-LN-RegenReg,Hopper-v4,3
461495,reward,6447,112.18914130018203,127.038,PPO-LN-RegenReg,Hopper-v4,3
461589,reward,6448,179.93312117784575,129.955,PPO-LN-RegenReg,Hopper-v4,3
461702,reward,6449,201.39706011823435,132.182,PPO-LN-RegenReg,Hopper-v4,3
461749,reward,6450,80.31991687727283,119.349,PPO-LN-RegenReg,Hopper-v4,3
461839,reward,6451,200.603321122989,131.94,PPO-LN-RegenReg,Hopper-v4,3
461956,reward,6452,250.43609233712777,137.56,PPO-LN-RegenReg,Hopper-v4,3
461999,reward,6453,71.59529481119775,135.45,PPO-LN-RegenReg,Hopper-v4,3
462090,reward,6454,211.21431177773133,153.149,PPO-LN-RegenReg,Hopper-v4,3
462173,reward,6455,179.79565934267399,163.458,PPO-LN-RegenReg,Hopper-v4,3
462259,reward,6456,176.8159254245702,166.43,PPO-LN-RegenReg,Hopper-v4,3
462346,reward,6457,194.83257912441593,174.694,PPO-LN-RegenReg,Hopper-v4,3
462355,reward,6458,7.720579377525062,157.473,PPO-LN-RegenReg,Hopper-v4,3
462458,reward,6459,234.4447165815168,160.778,PPO-LN-RegenReg,Hopper-v4,3
462541,reward,6460,180.54815832279317,170.801,PPO-LN-RegenReg,Hopper-v4,3
462630,reward,6461,198.7259307956435,170.613,PPO-LN-RegenReg,Hopper-v4,3
462715,reward,6462,190.14328624440117,164.584,PPO-LN-RegenReg,Hopper-v4,3
462821,reward,6463,210.26493103733145,178.451,PPO-LN-RegenReg,Hopper-v4,3
462942,reward,6464,241.69972437568893,181.499,PPO-LN-RegenReg,Hopper-v4,3
462992,reward,6465,79.77406895853565,171.497,PPO-LN-RegenReg,Hopper-v4,3
463079,reward,6466,168.95754581057767,170.711,PPO-LN-RegenReg,Hopper-v4,3
463152,reward,6467,141.49059314885145,165.377,PPO-LN-RegenReg,Hopper-v4,3
463241,reward,6468,203.05603852898417,184.91,PPO-LN-RegenReg,Hopper-v4,3
463310,reward,6469,113.52953898826931,172.819,PPO-LN-RegenReg,Hopper-v4,3
463409,reward,6470,197.39035796605407,174.503,PPO-LN-RegenReg,Hopper-v4,3
463499,reward,6471,164.06251423836932,171.037,PPO-LN-RegenReg,Hopper-v4,3
463546,reward,6472,73.46199284620002,159.369,PPO-LN-RegenReg,Hopper-v4,3
463608,reward,6473,106.41159349658108,148.983,PPO-LN-RegenReg,Hopper-v4,3
463707,reward,6474,189.3517223308525,143.749,PPO-LN-RegenReg,Hopper-v4,3
463749,reward,6475,72.15452207822018,142.987,PPO-LN-RegenReg,Hopper-v4,3
463827,reward,6476,142.25858135571445,140.317,PPO-LN-RegenReg,Hopper-v4,3
463944,reward,6477,233.50130452103815,149.518,PPO-LN-RegenReg,Hopper-v4,3
464034,reward,6478,204.11228188413978,149.623,PPO-LN-RegenReg,Hopper-v4,3
464119,reward,6479,179.75153606492745,156.246,PPO-LN-RegenReg,Hopper-v4,3
464226,reward,6480,229.45221692765273,159.452,PPO-LN-RegenReg,Hopper-v4,3
464276,reward,6481,85.88455035919606,151.634,PPO-LN-RegenReg,Hopper-v4,3
464363,reward,6482,177.5014376991095,162.038,PPO-LN-RegenReg,Hopper-v4,3
464456,reward,6483,210.26911136410203,172.424,PPO-LN-RegenReg,Hopper-v4,3
464513,reward,6484,87.62277633527079,162.251,PPO-LN-RegenReg,Hopper-v4,3
464599,reward,6485,190.7233777875986,174.108,PPO-LN-RegenReg,Hopper-v4,3
464705,reward,6486,207.6966301644087,180.652,PPO-LN-RegenReg,Hopper-v4,3
464795,reward,6487,202.989022326869,177.6,PPO-LN-RegenReg,Hopper-v4,3
464887,reward,6488,190.0729835243617,176.196,PPO-LN-RegenReg,Hopper-v4,3
465015,reward,6489,265.602294238687,184.781,PPO-LN-RegenReg,Hopper-v4,3
465086,reward,6490,107.62374269711724,172.599,PPO-LN-RegenReg,Hopper-v4,3
465175,reward,6491,178.9004847416174,181.9,PPO-LN-RegenReg,Hopper-v4,3
465270,reward,6492,206.15003181299804,184.765,PPO-LN-RegenReg,Hopper-v4,3
465316,reward,6493,76.04942258185143,171.343,PPO-LN-RegenReg,Hopper-v4,3
465359,reward,6494,66.36550230658841,169.217,PPO-LN-RegenReg,Hopper-v4,3
465459,reward,6495,226.82111098923795,172.827,PPO-LN-RegenReg,Hopper-v4,3
465548,reward,6496,203.97345645989597,172.455,PPO-LN-RegenReg,Hopper-v4,3
465654,reward,6497,224.3485192022093,174.591,PPO-LN-RegenReg,Hopper-v4,3
465737,reward,6498,183.59923661846688,173.943,PPO-LN-RegenReg,Hopper-v4,3
465787,reward,6499,84.30185435249848,155.813,PPO-LN-RegenReg,Hopper-v4,3
465871,reward,6500,180.0661829191207,163.058,PPO-LN-RegenReg,Hopper-v4,3
465951,reward,6501,174.20050588550777,162.588,PPO-LN-RegenReg,Hopper-v4,3
465985,reward,6502,53.9001229649119,147.363,PPO-LN-RegenReg,Hopper-v4,3
466091,reward,6503,256.40966969031075,165.399,PPO-LN-RegenReg,Hopper-v4,3
466126,reward,6504,57.21303820198463,164.483,PPO-LN-RegenReg,Hopper-v4,3
466193,reward,6505,128.20542202425898,154.622,PPO-LN-RegenReg,Hopper-v4,3
466276,reward,6506,181.26332026071742,152.351,PPO-LN-RegenReg,Hopper-v4,3
466337,reward,6507,104.42535304675768,140.358,PPO-LN-RegenReg,Hopper-v4,3
466435,reward,6508,201.13846626105325,142.112,PPO-LN-RegenReg,Hopper-v4,3
466529,reward,6509,212.62236431517175,154.944,PPO-LN-RegenReg,Hopper-v4,3
466623,reward,6510,177.90853637034078,154.729,PPO-LN-RegenReg,Hopper-v4,3
466715,reward,6511,204.87269328051082,157.796,PPO-LN-RegenReg,Hopper-v4,3
466849,reward,6512,271.31289609167186,179.537,PPO-LN-RegenReg,Hopper-v4,3
466926,reward,6513,146.0962436796894,168.506,PPO-LN-RegenReg,Hopper-v4,3
467028,reward,6514,223.63771197626193,185.148,PPO-LN-RegenReg,Hopper-v4,3
467076,reward,6515,82.6798022275811,180.596,PPO-LN-RegenReg,Hopper-v4,3
467160,reward,6516,179.8693308175293,180.456,PPO-LN-RegenReg,Hopper-v4,3
467247,reward,6517,183.38014127655066,188.352,PPO-LN-RegenReg,Hopper-v4,3
467330,reward,6518,176.33098123764466,185.871,PPO-LN-RegenReg,Hopper-v4,3
467413,reward,6519,178.5912461658197,182.468,PPO-LN-RegenReg,Hopper-v4,3
467485,reward,6520,133.45832089361556,178.023,PPO-LN-RegenReg,Hopper-v4,3
467530,reward,6521,72.63983295498326,164.8,PPO-LN-RegenReg,Hopper-v4,3
467609,reward,6522,156.0370913032188,153.272,PPO-LN-RegenReg,Hopper-v4,3
467656,reward,6523,74.50417493586426,146.113,PPO-LN-RegenReg,Hopper-v4,3
467766,reward,6524,215.64209930374304,145.313,PPO-LN-RegenReg,Hopper-v4,3
467863,reward,6525,204.75961333749433,157.521,PPO-LN-RegenReg,Hopper-v4,3
467924,reward,6526,109.2980924319327,150.464,PPO-LN-RegenReg,Hopper-v4,3
467984,reward,6527,111.54642690380933,143.281,PPO-LN-RegenReg,Hopper-v4,3
468077,reward,6528,176.88942178923006,143.337,PPO-LN-RegenReg,Hopper-v4,3
468116,reward,6529,63.442740953395806,131.822,PPO-LN-RegenReg,Hopper-v4,3
468237,reward,6530,232.60857449799173,141.737,PPO-LN-RegenReg,Hopper-v4,3
468329,reward,6531,131.7422766166694,147.647,PPO-LN-RegenReg,Hopper-v4,3
468436,reward,6532,208.77374339466527,152.921,PPO-LN-RegenReg,Hopper-v4,3
468522,reward,6533,151.48958249142092,160.619,PPO-LN-RegenReg,Hopper-v4,3
468620,reward,6534,186.8067838935959,157.736,PPO-LN-RegenReg,Hopper-v4,3
468670,reward,6535,87.10348119842963,145.97,PPO-LN-RegenReg,Hopper-v4,3
468755,reward,6536,188.23468271001806,153.864,PPO-LN-RegenReg,Hopper-v4,3
468841,reward,6537,174.9884696236395,160.208,PPO-LN-RegenReg,Hopper-v4,3
468926,reward,6538,182.37085241920033,160.756,PPO-LN-RegenReg,Hopper-v4,3
468977,reward,6539,80.13114392281796,162.425,PPO-LN-RegenReg,Hopper-v4,3
469050,reward,6540,122.97328146696547,151.461,PPO-LN-RegenReg,Hopper-v4,3
469110,reward,6541,104.29912241477165,148.717,PPO-LN-RegenReg,Hopper-v4,3
469200,reward,6542,199.55162724933493,147.795,PPO-LN-RegenReg,Hopper-v4,3
469305,reward,6543,219.94955658127003,154.641,PPO-LN-RegenReg,Hopper-v4,3
469396,reward,6544,190.94414972577886,155.055,PPO-LN-RegenReg,Hopper-v4,3
469456,reward,6545,102.18377161193754,156.563,PPO-LN-RegenReg,Hopper-v4,3
469549,reward,6546,204.3181018902847,158.171,PPO-LN-RegenReg,Hopper-v4,3
469607,reward,6547,97.09373124499913,150.382,PPO-LN-RegenReg,Hopper-v4,3
469689,reward,6548,147.90744561859447,146.935,PPO-LN-RegenReg,Hopper-v4,3
469791,reward,6549,232.23445298918568,162.146,PPO-LN-RegenReg,Hopper-v4,3
469890,reward,6550,191.02506085435502,168.951,PPO-LN-RegenReg,Hopper-v4,3
469982,reward,6551,187.67592095938718,177.288,PPO-LN-RegenReg,Hopper-v4,3
470048,reward,6552,114.61451929868558,168.795,PPO-LN-RegenReg,Hopper-v4,3
470133,reward,6553,177.4789762785581,164.548,PPO-LN-RegenReg,Hopper-v4,3
470176,reward,6554,72.89858378716123,152.743,PPO-LN-RegenReg,Hopper-v4,3
470262,reward,6555,175.17893056725214,160.043,PPO-LN-RegenReg,Hopper-v4,3
470351,reward,6556,201.35598566180767,159.746,PPO-LN-RegenReg,Hopper-v4,3
470440,reward,6557,198.02656705889908,169.84,PPO-LN-RegenReg,Hopper-v4,3
470539,reward,6558,195.63513570120352,174.612,PPO-LN-RegenReg,Hopper-v4,3
470578,reward,6559,63.34431355789386,157.723,PPO-LN-RegenReg,Hopper-v4,3
470665,reward,6560,176.16894249738394,156.238,PPO-LN-RegenReg,Hopper-v4,3
470755,reward,6561,202.48788801554983,157.719,PPO-LN-RegenReg,Hopper-v4,3
470817,reward,6562,112.631990570717,157.521,PPO-LN-RegenReg,Hopper-v4,3
470901,reward,6563,179.7917019655549,157.752,PPO-LN-RegenReg,Hopper-v4,3
470987,reward,6564,190.1134278853273,169.473,PPO-LN-RegenReg,Hopper-v4,3
471071,reward,6565,171.59167989260752,169.115,PPO-LN-RegenReg,Hopper-v4,3
471162,reward,6566,171.48975996875507,166.128,PPO-LN-RegenReg,Hopper-v4,3
471256,reward,6567,207.87727052765942,167.113,PPO-LN-RegenReg,Hopper-v4,3
471367,reward,6568,218.22499637490287,169.372,PPO-LN-RegenReg,Hopper-v4,3
471457,reward,6569,202.97326740662248,183.335,PPO-LN-RegenReg,Hopper-v4,3
471576,reward,6570,231.04251289938964,188.822,PPO-LN-RegenReg,Hopper-v4,3
471683,reward,6571,202.15141774301998,188.789,PPO-LN-RegenReg,Hopper-v4,3
471784,reward,6572,177.14065109729006,195.24,PPO-LN-RegenReg,Hopper-v4,3
471857,reward,6573,115.28515123300487,188.789,PPO-LN-RegenReg,Hopper-v4,3
471940,reward,6574,180.49318953810675,187.827,PPO-LN-RegenReg,Hopper-v4,3
471976,reward,6575,56.538982333367,176.322,PPO-LN-RegenReg,Hopper-v4,3
472083,reward,6576,209.27389307101794,180.1,PPO-LN-RegenReg,Hopper-v4,3
472126,reward,6577,68.26869896696246,166.139,PPO-LN-RegenReg,Hopper-v4,3
472206,reward,6578,173.09530076095353,161.626,PPO-LN-RegenReg,Hopper-v4,3
472292,reward,6579,190.4483786179952,160.374,PPO-LN-RegenReg,Hopper-v4,3
472387,reward,6580,207.01628913177734,157.971,PPO-LN-RegenReg,Hopper-v4,3
472473,reward,6581,167.65777634970516,154.522,PPO-LN-RegenReg,Hopper-v4,3
472511,reward,6582,58.243598684141574,142.632,PPO-LN-RegenReg,Hopper-v4,3
472594,reward,6583,175.12799149647768,148.616,PPO-LN-RegenReg,Hopper-v4,3
472701,reward,6584,210.23675818651427,151.591,PPO-LN-RegenReg,Hopper-v4,3
472753,reward,6585,88.25087965602718,154.762,PPO-LN-RegenReg,Hopper-v4,3
472813,reward,6586,105.30332247364389,144.365,PPO-LN-RegenReg,Hopper-v4,3
472908,reward,6587,189.6900336721807,156.507,PPO-LN-RegenReg,Hopper-v4,3
472964,reward,6588,98.30485136998286,149.028,PPO-LN-RegenReg,Hopper-v4,3
473070,reward,6589,193.09755925691553,149.293,PPO-LN-RegenReg,Hopper-v4,3
473169,reward,6590,186.00534393872823,147.192,PPO-LN-RegenReg,Hopper-v4,3
473257,reward,6591,138.00771758629867,144.227,PPO-LN-RegenReg,Hopper-v4,3
473306,reward,6592,79.19131080377235,146.322,PPO-LN-RegenReg,Hopper-v4,3
473400,reward,6593,181.94112472597882,147.003,PPO-LN-RegenReg,Hopper-v4,3
473489,reward,6594,191.95296342930249,145.175,PPO-LN-RegenReg,Hopper-v4,3
473561,reward,6595,120.71043896222176,148.42,PPO-LN-RegenReg,Hopper-v4,3
473611,reward,6596,84.9487455053603,146.385,PPO-LN-RegenReg,Hopper-v4,3
473701,reward,6597,199.46664944330888,147.363,PPO-LN-RegenReg,Hopper-v4,3
473786,reward,6598,169.7942032009489,154.512,PPO-LN-RegenReg,Hopper-v4,3
473860,reward,6599,136.2774470014456,148.83,PPO-LN-RegenReg,Hopper-v4,3
473945,reward,6600,179.14166411660435,148.143,PPO-LN-RegenReg,Hopper-v4,3
474056,reward,6601,234.06921234958375,157.749,PPO-LN-RegenReg,Hopper-v4,3
474163,reward,6602,210.19876682950994,170.85,PPO-LN-RegenReg,Hopper-v4,3
474252,reward,6603,171.041225524714,169.76,PPO-LN-RegenReg,Hopper-v4,3
474330,reward,6604,136.8597621846852,164.251,PPO-LN-RegenReg,Hopper-v4,3
474427,reward,6605,211.86086844700287,173.366,PPO-LN-RegenReg,Hopper-v4,3
474514,reward,6606,193.35214080409338,184.206,PPO-LN-RegenReg,Hopper-v4,3
474608,reward,6607,229.55256921651716,187.215,PPO-LN-RegenReg,Hopper-v4,3
474664,reward,6608,93.37579255846329,179.573,PPO-LN-RegenReg,Hopper-v4,3
474702,reward,6609,62.21475219789993,172.167,PPO-LN-RegenReg,Hopper-v4,3
474789,reward,6610,189.49412210149086,173.202,PPO-LN-RegenReg,Hopper-v4,3
474883,reward,6611,181.832669773847,167.978,PPO-LN-RegenReg,Hopper-v4,3
474974,reward,6612,197.29056619880814,166.687,PPO-LN-RegenReg,Hopper-v4,3
475012,reward,6613,62.84593008877188,155.868,PPO-LN-RegenReg,Hopper-v4,3
475098,reward,6614,178.9052178895284,160.072,PPO-LN-RegenReg,Hopper-v4,3
475202,reward,6615,211.5619457611977,160.043,PPO-LN-RegenReg,Hopper-v4,3
475288,reward,6616,176.70688548757423,158.378,PPO-LN-RegenReg,Hopper-v4,3
475376,reward,6617,180.6527390413122,153.488,PPO-LN-RegenReg,Hopper-v4,3
475457,reward,6618,180.62346662618572,162.213,PPO-LN-RegenReg,Hopper-v4,3
475533,reward,6619,161.18660544296978,172.11,PPO-LN-RegenReg,Hopper-v4,3
475614,reward,6620,182.36651070469688,171.397,PPO-LN-RegenReg,Hopper-v4,3
475721,reward,6621,218.86264173614478,175.1,PPO-LN-RegenReg,Hopper-v4,3
475828,reward,6622,239.2993509229965,179.301,PPO-LN-RegenReg,Hopper-v4,3
475916,reward,6623,191.4514649580364,192.162,PPO-LN-RegenReg,Hopper-v4,3
475988,reward,6624,141.37377156552236,188.409,PPO-LN-RegenReg,Hopper-v4,3
476091,reward,6625,192.92871698878628,186.545,PPO-LN-RegenReg,Hopper-v4,3
476169,reward,6626,167.4690626631061,185.621,PPO-LN-RegenReg,Hopper-v4,3
476273,reward,6627,197.25276178602343,187.281,PPO-LN-RegenReg,Hopper-v4,3
476368,reward,6628,205.9827536319258,189.817,PPO-LN-RegenReg,Hopper-v4,3
476452,reward,6629,180.80098101656978,191.779,PPO-LN-RegenReg,Hopper-v4,3
476539,reward,6630,170.02409073074057,190.545,PPO-LN-RegenReg,Hopper-v4,3
476621,reward,6631,176.44904031071755,186.303,PPO-LN-RegenReg,Hopper-v4,3
476708,reward,6632,195.6885311193858,181.942,PPO-LN-RegenReg,Hopper-v4,3
476810,reward,6633,194.85365723598343,182.282,PPO-LN-RegenReg,Hopper-v4,3
476901,reward,6634,203.93761602270536,188.539,PPO-LN-RegenReg,Hopper-v4,3
476991,reward,6635,204.08132403823123,189.654,PPO-LN-RegenReg,Hopper-v4,3
477073,reward,6636,153.15753440233317,188.223,PPO-LN-RegenReg,Hopper-v4,3
477149,reward,6637,131.9118001756229,181.689,PPO-LN-RegenReg,Hopper-v4,3
477244,reward,6638,198.15559050066543,180.906,PPO-LN-RegenReg,Hopper-v4,3
477322,reward,6639,140.50661788395448,176.877,PPO-LN-RegenReg,Hopper-v4,3
477407,reward,6640,183.40828600197773,178.215,PPO-LN-RegenReg,Hopper-v4,3
477491,reward,6641,183.35210441371993,178.905,PPO-LN-RegenReg,Hopper-v4,3
477578,reward,6642,185.7040860046828,177.907,PPO-LN-RegenReg,Hopper-v4,3
477640,reward,6643,116.56097310270847,170.078,PPO-LN-RegenReg,Hopper-v4,3
477747,reward,6644,220.94587744074445,171.778,PPO-LN-RegenReg,Hopper-v4,3
477858,reward,6645,212.23915036819454,172.594,PPO-LN-RegenReg,Hopper-v4,3
477942,reward,6646,180.3950295390447,175.318,PPO-LN-RegenReg,Hopper-v4,3
478025,reward,6647,179.8677991388362,180.114,PPO-LN-RegenReg,Hopper-v4,3
478123,reward,6648,192.52345237881946,179.55,PPO-LN-RegenReg,Hopper-v4,3
478226,reward,6649,199.9881372290977,185.498,PPO-LN-RegenReg,Hopper-v4,3
478317,reward,6650,193.51109390044178,186.509,PPO-LN-RegenReg,Hopper-v4,3
478402,reward,6651,186.07089486941004,186.781,PPO-LN-RegenReg,Hopper-v4,3
478469,reward,6652,119.94683121321762,180.205,PPO-LN-RegenReg,Hopper-v4,3
478555,reward,6653,163.07197216770885,184.856,PPO-LN-RegenReg,Hopper-v4,3
478612,reward,6654,93.90822960513984,172.152,PPO-LN-RegenReg,Hopper-v4,3
478704,reward,6655,205.69874579603098,171.498,PPO-LN-RegenReg,Hopper-v4,3
478773,reward,6656,135.2274768216674,166.981,PPO-LN-RegenReg,Hopper-v4,3
478864,reward,6657,177.27571856864486,166.722,PPO-LN-RegenReg,Hopper-v4,3
478960,reward,6658,213.24084560994794,168.794,PPO-LN-RegenReg,Hopper-v4,3
479049,reward,6659,198.4373003441898,168.639,PPO-LN-RegenReg,Hopper-v4,3
479078,reward,6660,48.37221212101442,154.125,PPO-LN-RegenReg,Hopper-v4,3
479173,reward,6661,147.43873881975395,150.262,PPO-LN-RegenReg,Hopper-v4,3
479279,reward,6662,208.49131831582474,159.116,PPO-LN-RegenReg,Hopper-v4,3
479387,reward,6663,187.59525989847353,161.569,PPO-LN-RegenReg,Hopper-v4,3
479475,reward,6664,162.48297729580463,168.426,PPO-LN-RegenReg,Hopper-v4,3
479565,reward,6665,197.2199409637241,167.578,PPO-LN-RegenReg,Hopper-v4,3
479640,reward,6666,137.2689318611017,167.782,PPO-LN-RegenReg,Hopper-v4,3
479741,reward,6667,209.6620816567449,171.021,PPO-LN-RegenReg,Hopper-v4,3
479781,reward,6668,64.83355709628032,156.18,PPO-LN-RegenReg,Hopper-v4,3
479819,reward,6669,61.16516189249714,142.453,PPO-LN-RegenReg,Hopper-v4,3
479903,reward,6670,161.36787972313726,153.753,PPO-LN-RegenReg,Hopper-v4,3
479988,reward,6671,189.8637815999476,157.995,PPO-LN-RegenReg,Hopper-v4,3
480088,reward,6672,218.13561799706136,158.96,PPO-LN-RegenReg,Hopper-v4,3
480183,reward,6673,211.74474541887275,161.374,PPO-LN-RegenReg,Hopper-v4,3
480269,reward,6674,193.23253168034557,164.449,PPO-LN-RegenReg,Hopper-v4,3
480360,reward,6675,208.89900969330313,165.617,PPO-LN-RegenReg,Hopper-v4,3
480453,reward,6676,179.9952545617256,169.89,PPO-LN-RegenReg,Hopper-v4,3
480509,reward,6677,97.75322318904443,158.699,PPO-LN-RegenReg,Hopper-v4,3
480602,reward,6678,211.18551856705741,173.334,PPO-LN-RegenReg,Hopper-v4,3
480700,reward,6679,240.96733277155857,191.314,PPO-LN-RegenReg,Hopper-v4,3
480785,reward,6680,187.0896910525298,193.887,PPO-LN-RegenReg,Hopper-v4,3
480874,reward,6681,186.80879086615337,193.581,PPO-LN-RegenReg,Hopper-v4,3
480944,reward,6682,130.18009079098502,184.786,PPO-LN-RegenReg,Hopper-v4,3
481039,reward,6683,204.77005211277606,184.088,PPO-LN-RegenReg,Hopper-v4,3
481138,reward,6684,202.6587702769074,185.031,PPO-LN-RegenReg,Hopper-v4,3
481221,reward,6685,182.9563059601515,182.437,PPO-LN-RegenReg,Hopper-v4,3
481341,reward,6686,228.42063913363944,187.279,PPO-LN-RegenReg,Hopper-v4,3
481425,reward,6687,183.83285305960584,195.887,PPO-LN-RegenReg,Hopper-v4,3
481484,reward,6688,97.19535177998495,184.488,PPO-LN-RegenReg,Hopper-v4,3
481538,reward,6689,90.54920948516096,169.446,PPO-LN-RegenReg,Hopper-v4,3
481631,reward,6690,189.93676109596777,169.731,PPO-LN-RegenReg,Hopper-v4,3
481715,reward,6691,181.5632657008955,169.206,PPO-LN-RegenReg,Hopper-v4,3
481791,reward,6692,132.9574770353112,169.484,PPO-LN-RegenReg,Hopper-v4,3
481833,reward,6693,67.10106624617474,155.717,PPO-LN-RegenReg,Hopper-v4,3
481931,reward,6694,189.36655768364557,154.388,PPO-LN-RegenReg,Hopper-v4,3
482017,reward,6695,190.98440277417788,155.191,PPO-LN-RegenReg,Hopper-v4,3
482109,reward,6696,199.28075849686,152.277,PPO-LN-RegenReg,Hopper-v4,3
482209,reward,6697,220.28429186679085,155.922,PPO-LN-RegenReg,Hopper-v4,3
482324,reward,6698,254.90527515701856,171.693,PPO-LN-RegenReg,Hopper-v4,3
482398,reward,6699,133.75380837074073,176.013,PPO-LN-RegenReg,Hopper-v4,3
482460,reward,6700,117.40119552837592,168.76,PPO-LN-RegenReg,Hopper-v4,3
482549,reward,6701,203.23507604138436,170.927,PPO-LN-RegenReg,Hopper-v4,3
482606,reward,6702,93.2842566304437,166.96,PPO-LN-RegenReg,Hopper-v4,3
482664,reward,6703,92.04053083387697,169.454,PPO-LN-RegenReg,Hopper-v4,3
482761,reward,6704,212.25883803522353,171.743,PPO-LN-RegenReg,Hopper-v4,3
482862,reward,6705,191.0565269915643,171.75,PPO-LN-RegenReg,Hopper-v4,3
482946,reward,6706,182.50193304562126,170.072,PPO-LN-RegenReg,Hopper-v4,3
483028,reward,6707,179.94607137420164,166.038,PPO-LN-RegenReg,Hopper-v4,3
483104,reward,6708,154.89975786696854,156.038,PPO-LN-RegenReg,Hopper-v4,3
483189,reward,6709,181.37697521738974,160.8,PPO-LN-RegenReg,Hopper-v4,3
483245,reward,6710,89.6918422568321,158.029,PPO-LN-RegenReg,Hopper-v4,3
483369,reward,6711,233.75900232532024,161.082,PPO-LN-RegenReg,Hopper-v4,3
483458,reward,6712,199.41709855078005,171.695,PPO-LN-RegenReg,Hopper-v4,3
483560,reward,6713,189.28230761733266,181.419,PPO-LN-RegenReg,Hopper-v4,3
483642,reward,6714,169.97782183788047,177.191,PPO-LN-RegenReg,Hopper-v4,3
483747,reward,6715,215.64678734233544,179.65,PPO-LN-RegenReg,Hopper-v4,3
483837,reward,6716,201.18832918689822,181.519,PPO-LN-RegenReg,Hopper-v4,3
483945,reward,6717,221.21869664932646,185.646,PPO-LN-RegenReg,Hopper-v4,3
484045,reward,6718,196.46273385316198,189.802,PPO-LN-RegenReg,Hopper-v4,3
484171,reward,6719,256.13493070807084,197.278,PPO-LN-RegenReg,Hopper-v4,3
484256,reward,6720,189.11742836788312,207.221,PPO-LN-RegenReg,Hopper-v4,3
484375,reward,6721,265.9855753486858,210.443,PPO-LN-RegenReg,Hopper-v4,3
484477,reward,6722,197.63300894186776,210.265,PPO-LN-RegenReg,Hopper-v4,3
484575,reward,6723,221.7416691564599,213.511,PPO-LN-RegenReg,Hopper-v4,3
484677,reward,6724,205.358041050533,217.049,PPO-LN-RegenReg,Hopper-v4,3
484717,reward,6725,64.20877184804027,201.905,PPO-LN-RegenReg,Hopper-v4,3
484800,reward,6726,182.5195566150769,200.038,PPO-LN-RegenReg,Hopper-v4,3
484907,reward,6727,209.7645777589093,198.893,PPO-LN-RegenReg,Hopper-v4,3
485019,reward,6728,230.10006297275203,202.256,PPO-LN-RegenReg,Hopper-v4,3
485073,reward,6729,88.49805633350087,185.493,PPO-LN-RegenReg,Hopper-v4,3
485138,reward,6730,101.02893413132684,176.684,PPO-LN-RegenReg,Hopper-v4,3
485196,reward,6731,102.531632206163,160.338,PPO-LN-RegenReg,Hopper-v4,3
485293,reward,6732,213.23101792928912,161.898,PPO-LN-RegenReg,Hopper-v4,3
485376,reward,6733,177.707992130833,157.495,PPO-LN-RegenReg,Hopper-v4,3
485486,reward,6734,210.48961076233377,158.008,PPO-LN-RegenReg,Hopper-v4,3
485611,reward,6735,272.17309138047676,178.804,PPO-LN-RegenReg,Hopper-v4,3
485702,reward,6736,207.98584721787608,181.351,PPO-LN-RegenReg,Hopper-v4,3
485779,reward,6737,159.56082813988772,176.331,PPO-LN-RegenReg,Hopper-v4,3
485877,reward,6738,228.96866340680512,176.218,PPO-LN-RegenReg,Hopper-v4,3
485968,reward,6739,171.59953637748617,184.528,PPO-LN-RegenReg,Hopper-v4,3
486012,reward,6740,63.455415090612874,180.77,PPO-LN-RegenReg,Hopper-v4,3
486069,reward,6741,100.36282467465843,180.553,PPO-LN-RegenReg,Hopper-v4,3
486114,reward,6742,72.03353515198057,166.434,PPO-LN-RegenReg,Hopper-v4,3
486221,reward,6743,226.47409036813073,171.31,PPO-LN-RegenReg,Hopper-v4,3
486308,reward,6744,196.972775699962,169.959,PPO-LN-RegenReg,Hopper-v4,3
486380,reward,6745,143.1993376324825,157.061,PPO-LN-RegenReg,Hopper-v4,3
486482,reward,6746,207.93306615994211,157.056,PPO-LN-RegenReg,Hopper-v4,3
486525,reward,6747,72.46276329798826,148.346,PPO-LN-RegenReg,Hopper-v4,3
486572,reward,6748,78.13181087246403,133.263,PPO-LN-RegenReg,Hopper-v4,3
486659,reward,6749,192.9143015367698,135.394,PPO-LN-RegenReg,Hopper-v4,3
486719,reward,6750,96.18031739008009,138.666,PPO-LN-RegenReg,Hopper-v4,3
486772,reward,6751,82.82839840988366,136.913,PPO-LN-RegenReg,Hopper-v4,3
486866,reward,6752,190.5400220271815,148.764,PPO-LN-RegenReg,Hopper-v4,3
486953,reward,6753,197.22551134388866,145.839,PPO-LN-RegenReg,Hopper-v4,3
487040,reward,6754,195.69065539104926,145.711,PPO-LN-RegenReg,Hopper-v4,3
487124,reward,6755,183.36040313703944,149.727,PPO-LN-RegenReg,Hopper-v4,3
487213,reward,6756,196.97994914200683,148.631,PPO-LN-RegenReg,Hopper-v4,3
487280,reward,6757,127.09668950897695,154.095,PPO-LN-RegenReg,Hopper-v4,3
487342,reward,6758,118.84024222358403,158.166,PPO-LN-RegenReg,Hopper-v4,3
487387,reward,6759,73.19391373978675,146.194,PPO-LN-RegenReg,Hopper-v4,3
487481,reward,6760,176.34392829455237,154.21,PPO-LN-RegenReg,Hopper-v4,3
487566,reward,6761,184.4993696363285,164.377,PPO-LN-RegenReg,Hopper-v4,3
487630,reward,6762,115.26361539200607,156.849,PPO-LN-RegenReg,Hopper-v4,3
487687,reward,6763,93.19964208445784,146.447,PPO-LN-RegenReg,Hopper-v4,3
487774,reward,6764,196.74573522120892,146.552,PPO-LN-RegenReg,Hopper-v4,3
487870,reward,6765,196.95496781159147,147.912,PPO-LN-RegenReg,Hopper-v4,3
487962,reward,6766,210.49676904183318,149.263,PPO-LN-RegenReg,Hopper-v4,3
487989,reward,6767,42.558666488177735,140.81,PPO-LN-RegenReg,Hopper-v4,3
488023,reward,6768,45.34947597549332,133.461,PPO-LN-RegenReg,Hopper-v4,3
488117,reward,6769,200.88138155452134,146.229,PPO-LN-RegenReg,Hopper-v4,3
488175,reward,6770,91.91390113287119,137.786,PPO-LN-RegenReg,Hopper-v4,3
488270,reward,6771,178.6528119427598,137.202,PPO-LN-RegenReg,Hopper-v4,3
488357,reward,6772,192.08238526487085,144.884,PPO-LN-RegenReg,Hopper-v4,3
488403,reward,6773,66.30474735238685,142.194,PPO-LN-RegenReg,Hopper-v4,3
488509,reward,6774,223.45538315297898,144.865,PPO-LN-RegenReg,Hopper-v4,3
488594,reward,6775,178.76385984892596,143.046,PPO-LN-RegenReg,Hopper-v4,3
488643,reward,6776,76.40766355000412,129.637,PPO-LN-RegenReg,Hopper-v4,3
488689,reward,6777,69.44651971139388,132.326,PPO-LN-RegenReg,Hopper-v4,3
488780,reward,6778,205.5205209582548,148.343,PPO-LN-RegenReg,Hopper-v4,3
488851,reward,6779,144.2964479420402,142.684,PPO-LN-RegenReg,Hopper-v4,3
488968,reward,6780,260.0714238371336,159.5,PPO-LN-RegenReg,Hopper-v4,3
489032,reward,6781,104.14932931454094,152.05,PPO-LN-RegenReg,Hopper-v4,3
489066,reward,6782,48.35510712023792,137.677,PPO-LN-RegenReg,Hopper-v4,3
489153,reward,6783,196.5066935974919,150.697,PPO-LN-RegenReg,Hopper-v4,3
489235,reward,6784,176.91902678392637,146.044,PPO-LN-RegenReg,Hopper-v4,3
489343,reward,6785,214.54050538607686,149.621,PPO-LN-RegenReg,Hopper-v4,3
489372,reward,6786,38.33124779092287,145.814,PPO-LN-RegenReg,Hopper-v4,3
489464,reward,6787,211.05339032563128,159.974,PPO-LN-RegenReg,Hopper-v4,3
489550,reward,6788,192.988732606603,158.721,PPO-LN-RegenReg,Hopper-v4,3
489644,reward,6789,205.78462893096358,164.87,PPO-LN-RegenReg,Hopper-v4,3
489736,reward,6790,206.38680774347597,159.502,PPO-LN-RegenReg,Hopper-v4,3
489832,reward,6791,216.76381175155157,170.763,PPO-LN-RegenReg,Hopper-v4,3
489880,reward,6792,77.41564034641904,173.669,PPO-LN-RegenReg,Hopper-v4,3
489941,reward,6793,108.94875305467332,164.913,PPO-LN-RegenReg,Hopper-v4,3
490011,reward,6794,127.09080773548408,159.93,PPO-LN-RegenReg,Hopper-v4,3
490076,reward,6795,121.5461895046444,150.631,PPO-LN-RegenReg,Hopper-v4,3
490190,reward,6796,249.3625497622274,171.734,PPO-LN-RegenReg,Hopper-v4,3
490277,reward,6797,176.06125760307526,168.235,PPO-LN-RegenReg,Hopper-v4,3
490369,reward,6798,208.2679607045071,169.763,PPO-LN-RegenReg,Hopper-v4,3
490470,reward,6799,198.74867571756147,169.059,PPO-LN-RegenReg,Hopper-v4,3
490545,reward,6800,125.38388493882958,160.959,PPO-LN-RegenReg,Hopper-v4,3
490606,reward,6801,98.87882318765917,149.17,PPO-LN-RegenReg,Hopper-v4,3
490691,reward,6802,187.13265685515742,160.142,PPO-LN-RegenReg,Hopper-v4,3
490796,reward,6803,207.76575965737516,170.024,PPO-LN-RegenReg,Hopper-v4,3
490850,reward,6804,83.86923885298349,165.702,PPO-LN-RegenReg,Hopper-v4,3
490908,reward,6805,109.61252621056124,164.508,PPO-LN-RegenReg,Hopper-v4,3
490977,reward,6806,132.7096119456478,152.843,PPO-LN-RegenReg,Hopper-v4,3
491067,reward,6807,205.69390201823782,155.806,PPO-LN-RegenReg,Hopper-v4,3
491160,reward,6808,195.69935456775687,154.549,PPO-LN-RegenReg,Hopper-v4,3
491279,reward,6809,226.0529085863208,157.28,PPO-LN-RegenReg,Hopper-v4,3
491320,reward,6810,65.90533647814726,151.332,PPO-LN-RegenReg,Hopper-v4,3
491397,reward,6811,159.04608039976637,157.349,PPO-LN-RegenReg,Hopper-v4,3
491470,reward,6812,136.96735433283078,152.332,PPO-LN-RegenReg,Hopper-v4,3
491519,reward,6813,80.7358685997798,139.629,PPO-LN-RegenReg,Hopper-v4,3
491580,reward,6814,113.4208573401727,142.584,PPO-LN-RegenReg,Hopper-v4,3
491632,reward,6815,87.31600835028969,140.355,PPO-LN-RegenReg,Hopper-v4,3
491686,reward,6816,87.39159669965552,135.823,PPO-LN-RegenReg,Hopper-v4,3
491722,reward,6817,59.20625031507692,121.174,PPO-LN-RegenReg,Hopper-v4,3
491796,reward,6818,137.3291478274802,115.337,PPO-LN-RegenReg,Hopper-v4,3
491837,reward,6819,65.86247466870788,99.318,PPO-LN-RegenReg,Hopper-v4,3
491917,reward,6820,147.72335884150687,107.5,PPO-LN-RegenReg,Hopper-v4,3
492024,reward,6821,234.65321683855217,115.061,PPO-LN-RegenReg,Hopper-v4,3
492114,reward,6822,208.3358609083234,122.197,PPO-LN-RegenReg,Hopper-v4,3
492178,reward,6823,123.63884701340662,126.488,PPO-LN-RegenReg,Hopper-v4,3
492272,reward,6824,218.46203611444457,136.992,PPO-LN-RegenReg,Hopper-v4,3
492337,reward,6825,110.21541052737179,139.282,PPO-LN-RegenReg,Hopper-v4,3
492417,reward,6826,162.38191245803247,146.781,PPO-LN-RegenReg,Hopper-v4,3
492466,reward,6827,77.90229368989263,148.65,PPO-LN-RegenReg,Hopper-v4,3
492522,reward,6828,100.13093286704338,144.931,PPO-LN-RegenReg,Hopper-v4,3
492614,reward,6829,208.15903832203355,159.16,PPO-LN-RegenReg,Hopper-v4,3
492707,reward,6830,216.84052082537522,166.072,PPO-LN-RegenReg,Hopper-v4,3
492783,reward,6831,155.44842682577413,158.152,PPO-LN-RegenReg,Hopper-v4,3
492875,reward,6832,210.17490864162087,158.335,PPO-LN-RegenReg,Hopper-v4,3
492936,reward,6833,108.31451014924316,156.803,PPO-LN-RegenReg,Hopper-v4,3
493000,reward,6834,119.89244632777609,146.946,PPO-LN-RegenReg,Hopper-v4,3
493094,reward,6835,216.35077180325627,157.56,PPO-LN-RegenReg,Hopper-v4,3
493197,reward,6836,158.98199977030092,157.22,PPO-LN-RegenReg,Hopper-v4,3
493302,reward,6837,213.4439171592867,170.774,PPO-LN-RegenReg,Hopper-v4,3
493402,reward,6838,197.96550897531841,180.557,PPO-LN-RegenReg,Hopper-v4,3
493448,reward,6839,71.82460617304345,166.924,PPO-LN-RegenReg,Hopper-v4,3
493523,reward,6840,148.77511389893064,160.117,PPO-LN-RegenReg,Hopper-v4,3
493646,reward,6841,236.59944670353087,168.232,PPO-LN-RegenReg,Hopper-v4,3
493689,reward,6842,67.00478276900026,153.915,PPO-LN-RegenReg,Hopper-v4,3
493746,reward,6843,91.32898483951573,152.217,PPO-LN-RegenReg,Hopper-v4,3
493801,reward,6844,92.57166197679642,149.485,PPO-LN-RegenReg,Hopper-v4,3
493851,reward,6845,78.78443498066122,135.728,PPO-LN-RegenReg,Hopper-v4,3
493900,reward,6846,83.69751480617138,128.2,PPO-LN-RegenReg,Hopper-v4,3
493970,reward,6847,129.44362738221713,119.8,PPO-LN-RegenReg,Hopper-v4,3
494064,reward,6848,158.5073467591711,115.854,PPO-LN-RegenReg,Hopper-v4,3
494157,reward,6849,160.3134749792883,124.703,PPO-LN-RegenReg,Hopper-v4,3
494252,reward,6850,195.39166175765868,129.364,PPO-LN-RegenReg,Hopper-v4,3
494320,reward,6851,113.04682133387355,117.009,PPO-LN-RegenReg,Hopper-v4,3
494413,reward,6852,210.18841961882055,131.327,PPO-LN-RegenReg,Hopper-v4,3
494479,reward,6853,98.65347877564466,132.06,PPO-LN-RegenReg,Hopper-v4,3
494588,reward,6854,227.45446812469518,145.548,PPO-LN-RegenReg,Hopper-v4,3
494692,reward,6855,169.02194559176613,154.572,PPO-LN-RegenReg,Hopper-v4,3
494783,reward,6856,200.41515052151314,166.244,PPO-LN-RegenReg,Hopper-v4,3
494917,reward,6857,256.14590864316233,178.914,PPO-LN-RegenReg,Hopper-v4,3
495022,reward,6858,203.63080280428207,183.426,PPO-LN-RegenReg,Hopper-v4,3
495134,reward,6859,213.54772879718746,188.75,PPO-LN-RegenReg,Hopper-v4,3
495206,reward,6860,115.16497259574905,180.727,PPO-LN-RegenReg,Hopper-v4,3
495265,reward,6861,98.3686418225949,179.259,PPO-LN-RegenReg,Hopper-v4,3
495367,reward,6862,241.75643996389763,182.416,PPO-LN-RegenReg,Hopper-v4,3
495449,reward,6863,173.1584253773472,189.866,PPO-LN-RegenReg,Hopper-v4,3
495518,reward,6864,130.4992736940621,180.171,PPO-LN-RegenReg,Hopper-v4,3
495619,reward,6865,216.13095676309393,184.882,PPO-LN-RegenReg,Hopper-v4,3
495703,reward,6866,186.10286781093922,183.451,PPO-LN-RegenReg,Hopper-v4,3
495753,reward,6867,70.8833549681476,164.924,PPO-LN-RegenReg,Hopper-v4,3
495817,reward,6868,124.14260361122432,156.976,PPO-LN-RegenReg,Hopper-v4,3
495857,reward,6869,63.64048879565974,141.985,PPO-LN-RegenReg,Hopper-v4,3
495899,reward,6870,64.66942946385225,136.935,PPO-LN-RegenReg,Hopper-v4,3
495995,reward,6871,191.57992073391108,146.256,PPO-LN-RegenReg,Hopper-v4,3
496104,reward,6872,288.8651366560939,150.967,PPO-LN-RegenReg,Hopper-v4,3
496152,reward,6873,61.62091122866934,139.813,PPO-LN-RegenReg,Hopper-v4,3
496243,reward,6874,201.08657287360433,146.872,PPO-LN-RegenReg,Hopper-v4,3
496294,reward,6875,79.24688508729875,133.184,PPO-LN-RegenReg,Hopper-v4,3
496382,reward,6876,196.1305486787716,134.187,PPO-LN-RegenReg,Hopper-v4,3
496492,reward,6877,228.3038922079076,149.929,PPO-LN-RegenReg,Hopper-v4,3
496556,reward,6878,103.66352413625032,147.881,PPO-LN-RegenReg,Hopper-v4,3
496640,reward,6879,155.09170810303132,157.026,PPO-LN-RegenReg,Hopper-v4,3
496714,reward,6880,145.92656261625672,165.152,PPO-LN-RegenReg,Hopper-v4,3
496787,reward,6881,149.9852621183539,160.992,PPO-LN-RegenReg,Hopper-v4,3
496871,reward,6882,187.63220121802576,150.869,PPO-LN-RegenReg,Hopper-v4,3
496962,reward,6883,167.1804033772303,161.425,PPO-LN-RegenReg,Hopper-v4,3
497029,reward,6884,119.97990069000134,153.314,PPO-LN-RegenReg,Hopper-v4,3
497142,reward,6885,221.44862292719824,167.534,PPO-LN-RegenReg,Hopper-v4,3
497230,reward,6886,200.46895405934038,167.968,PPO-LN-RegenReg,Hopper-v4,3
497330,reward,6887,211.5506523003266,166.293,PPO-LN-RegenReg,Hopper-v4,3
497429,reward,6888,144.93052988009129,170.419,PPO-LN-RegenReg,Hopper-v4,3
497541,reward,6889,220.9871955005025,177.009,PPO-LN-RegenReg,Hopper-v4,3
497622,reward,6890,170.01038815052738,179.417,PPO-LN-RegenReg,Hopper-v4,3
497675,reward,6891,96.62634459113505,174.082,PPO-LN-RegenReg,Hopper-v4,3
497800,reward,6892,244.20986626378703,179.739,PPO-LN-RegenReg,Hopper-v4,3
497935,reward,6893,238.43033144654646,186.864,PPO-LN-RegenReg,Hopper-v4,3
498015,reward,6894,155.82563646507566,190.449,PPO-LN-RegenReg,Hopper-v4,3
498115,reward,6895,230.32687044145217,191.337,PPO-LN-RegenReg,Hopper-v4,3
498190,reward,6896,154.93096353485726,186.783,PPO-LN-RegenReg,Hopper-v4,3
498267,reward,6897,121.66315396105911,177.794,PPO-LN-RegenReg,Hopper-v4,3
498355,reward,6898,194.34381399825597,182.735,PPO-LN-RegenReg,Hopper-v4,3
498425,reward,6899,118.54739994417008,172.491,PPO-LN-RegenReg,Hopper-v4,3
498526,reward,6900,210.593676573415,176.55,PPO-LN-RegenReg,Hopper-v4,3
498581,reward,6901,87.10404196582282,175.598,PPO-LN-RegenReg,Hopper-v4,3
498672,reward,6902,189.52440963283954,170.129,PPO-LN-RegenReg,Hopper-v4,3
498746,reward,6903,143.09311693162414,160.595,PPO-LN-RegenReg,Hopper-v4,3
498816,reward,6904,138.77345412962478,158.89,PPO-LN-RegenReg,Hopper-v4,3
498933,reward,6905,243.9934304154746,160.257,PPO-LN-RegenReg,Hopper-v4,3
499068,reward,6906,256.0740622917973,170.371,PPO-LN-RegenReg,Hopper-v4,3
499137,reward,6907,116.56589660516987,169.861,PPO-LN-RegenReg,Hopper-v4,3
499252,reward,6908,232.30594689331963,173.658,PPO-LN-RegenReg,Hopper-v4,3
499342,reward,6909,151.07469499759864,176.91,PPO-LN-RegenReg,Hopper-v4,3
499439,reward,6910,177.00089155503258,173.551,PPO-LN-RegenReg,Hopper-v4,3
499497,reward,6911,94.03604338470248,174.244,PPO-LN-RegenReg,Hopper-v4,3
499580,reward,6912,159.03229749191854,171.195,PPO-LN-RegenReg,Hopper-v4,3
499624,reward,6913,69.48799757404129,163.834,PPO-LN-RegenReg,Hopper-v4,3
499739,reward,6914,248.23950509935494,174.781,PPO-LN-RegenReg,Hopper-v4,3
499789,reward,6915,86.50451228610808,159.032,PPO-LN-RegenReg,Hopper-v4,3
499864,reward,6916,129.57790615110986,146.383,PPO-LN-RegenReg,Hopper-v4,3
499951,reward,6917,198.4378231214398,154.57,PPO-LN-RegenReg,Hopper-v4,3
