step,tag
0,phase_start,1,Walker2d-v4,80000
22,reward,1,Walker2d-v4,2.7119583472437823,2.712
35,reward,1,Walker2d-v4,-8.657110641996141,-2.973
46,reward,1,Walker2d-v4,-2.362367575985067,-2.769
60,reward,1,Walker2d-v4,-2.716244297926835,-2.756
76,reward,1,Walker2d-v4,1.6351409067812088,-1.878
98,reward,1,Walker2d-v4,-8.171987354995348,-2.927
122,reward,1,Walker2d-v4,-1.421940491629635,-2.712
142,reward,1,Walker2d-v4,2.6560730471241056,-2.041
152,reward,1,Walker2d-v4,0.39690360083261256,-1.77
164,reward,1,Walker2d-v4,1.7155540363475237,-1.421
178,reward,1,Walker2d-v4,4.8315199996107205,-1.209
188,reward,1,Walker2d-v4,0.1910091557002478,-0.325
207,reward,1,Walker2d-v4,-6.947132606275068,-0.783
230,reward,1,Walker2d-v4,5.715482629967751,0.06
244,reward,1,Walker2d-v4,0.00897177676257277,-0.103
258,reward,1,Walker2d-v4,-8.465965986811145,-0.132
269,reward,1,Walker2d-v4,-4.419925862066307,-0.432
284,reward,1,Walker2d-v4,-7.276126661130621,-1.425
300,reward,1,Walker2d-v4,-5.563221068182646,-2.021
313,reward,1,Walker2d-v4,1.9920034753308447,-1.993
325,reward,1,Walker2d-v4,-2.1112161469267483,-2.688
348,reward,1,Walker2d-v4,-5.202000933838504,-3.227
359,reward,1,Walker2d-v4,-1.2178550751687498,-2.654
371,reward,1,Walker2d-v4,-2.4078856275476337,-3.466
387,reward,1,Walker2d-v4,-5.208483497813813,-3.988
402,reward,1,Walker2d-v4,-3.568098205619891,-3.498
426,reward,1,Walker2d-v4,-4.716613319954594,-3.528
447,reward,1,Walker2d-v4,-2.866676434120424,-3.087
455,reward,1,Walker2d-v4,-3.54869453483832,-2.886
482,reward,1,Walker2d-v4,5.9736390231745435,-2.487
502,reward,1,Walker2d-v4,-1.2673252621150826,-2.403
529,reward,1,Walker2d-v4,-4.867387673046065,-2.37
542,reward,1,Walker2d-v4,-0.358311015588172,-2.284
558,reward,1,Walker2d-v4,2.820221511884602,-1.761
569,reward,1,Walker2d-v4,0.5580056807068288,-1.184
600,reward,1,Walker2d-v4,7.641250712511779,-0.063
620,reward,1,Walker2d-v4,4.373718878994764,0.846
645,reward,1,Walker2d-v4,-2.917826357606799,0.841
660,reward,1,Walker2d-v4,-2.5577276608758828,0.94
679,reward,1,Walker2d-v4,-1.5853801207195763,0.184
697,reward,1,Walker2d-v4,-7.677067605371019,-0.457
719,reward,1,Walker2d-v4,-13.645043276878226,-1.335
755,reward,1,Walker2d-v4,-2.666638895322745,-1.566
783,reward,1,Walker2d-v4,5.555880671941098,-1.292
799,reward,1,Walker2d-v4,-1.7974060659372888,-1.528
814,reward,1,Walker2d-v4,-5.535959206389562,-2.845
825,reward,1,Walker2d-v4,-7.439380612156036,-4.027
851,reward,1,Walker2d-v4,6.539734710500614,-3.081
869,reward,1,Walker2d-v4,7.529049070867544,-2.072
878,reward,1,Walker2d-v4,-0.8833091691989456,-2.002
892,reward,1,Walker2d-v4,-1.5445625375533676,-1.389
920,reward,1,Walker2d-v4,9.996264579207217,0.975
932,reward,1,Walker2d-v4,-2.906648235616787,0.951
946,reward,1,Walker2d-v4,-2.799888448837496,0.116
970,reward,1,Walker2d-v4,-2.955538221204101,-0.0
997,reward,1,Walker2d-v4,-4.1779557092505115,0.136
1020,reward,1,Walker2d-v4,3.6188834874756184,1.242
1029,reward,1,Walker2d-v4,-1.810353918505558,0.407
1038,reward,1,Walker2d-v4,-4.004775739057706,-0.747
1067,reward,1,Walker2d-v4,-1.258604634727161,-0.784
1106,reward,1,Walker2d-v4,-1.019555334739973,-0.732
1121,reward,1,Walker2d-v4,-7.85970617904845,-2.517
1138,reward,1,Walker2d-v4,5.555706046791952,-1.671
1153,reward,1,Walker2d-v4,1.5972800564675795,-1.231
1176,reward,1,Walker2d-v4,-5.257192854280337,-1.462
1190,reward,1,Walker2d-v4,3.7211827759442775,-0.672
1204,reward,1,Walker2d-v4,-1.358052119205214,-1.169
1216,reward,1,Walker2d-v4,-3.6569563653619594,-1.354
1242,reward,1,Walker2d-v4,-6.269508246039194,-1.581
1253,reward,1,Walker2d-v4,-0.0536116113122318,-1.46
1265,reward,1,Walker2d-v4,-0.6413810889584053,-1.422
1301,reward,1,Walker2d-v4,10.417595874801059,0.406
1312,reward,1,Walker2d-v4,-3.059989040929162,-0.456
1329,reward,1,Walker2d-v4,-8.508888495257697,-1.467
1344,reward,1,Walker2d-v4,-3.5827588855077157,-1.299
1366,reward,1,Walker2d-v4,4.786104123394064,-1.193
1380,reward,1,Walker2d-v4,2.90530104678707,-0.766
1392,reward,1,Walker2d-v4,-3.666931409116761,-0.767
1405,reward,1,Walker2d-v4,-0.4810450089878373,-0.189
1433,reward,1,Walker2d-v4,-1.070750301411994,-0.29
1450,reward,1,Walker2d-v4,-3.045741259275397,-0.531
1473,reward,1,Walker2d-v4,-1.4791213262662053,-1.72
1490,reward,1,Walker2d-v4,7.301041840288255,-0.684
1510,reward,1,Walker2d-v4,-13.271069945790527,-1.16
1534,reward,1,Walker2d-v4,9.100784065864413,0.108
1549,reward,1,Walker2d-v4,1.2242678588992562,-0.248
1563,reward,1,Walker2d-v4,0.3914221202909224,-0.5
1589,reward,1,Walker2d-v4,4.875365019615781,0.355
1606,reward,1,Walker2d-v4,-11.342084146750697,-0.732
1623,reward,1,Walker2d-v4,1.5391903634572992,-0.471
1646,reward,1,Walker2d-v4,3.238903497664933,0.158
1663,reward,1,Walker2d-v4,0.035321411158769966,0.309
1685,reward,1,Walker2d-v4,-7.635267125444255,-1.184
1709,reward,1,Walker2d-v4,7.948353279762641,0.938
1723,reward,1,Walker2d-v4,2.4151142232824423,0.269
1732,reward,1,Walker2d-v4,-2.023020797404201,-0.056
1744,reward,1,Walker2d-v4,-3.6692030481607443,-0.462
1768,reward,1,Walker2d-v4,-3.2798488119084954,-1.277
1808,reward,1,Walker2d-v4,11.08706602915771,0.966
1822,reward,1,Walker2d-v4,-1.7668218295619385,0.635
1837,reward,1,Walker2d-v4,-1.7162173690598876,0.14
1851,reward,1,Walker2d-v4,0.4007011736927024,0.176
1871,reward,1,Walker2d-v4,3.1316677199023966,1.253
1880,reward,1,Walker2d-v4,-5.008732078283091,-0.043
1922,reward,1,Walker2d-v4,13.975309800301519,1.113
1932,reward,1,Walker2d-v4,-2.5798570133034184,1.057
1949,reward,1,Walker2d-v4,2.7975798736730395,1.704
1975,reward,1,Walker2d-v4,-7.925166859877641,1.24
1989,reward,1,Walker2d-v4,-0.4049020944316739,0.09
2011,reward,1,Walker2d-v4,-0.6304561324588178,0.204
2022,reward,1,Walker2d-v4,-0.447564445008267,0.331
2041,reward,1,Walker2d-v4,-8.063295625416409,-0.516
2060,reward,1,Walker2d-v4,2.867716806656648,-0.542
2073,reward,1,Walker2d-v4,-1.8908310160247255,-0.23
2090,reward,1,Walker2d-v4,5.30644320033053,-1.097
2107,reward,1,Walker2d-v4,-9.402500937382976,-1.779
2129,reward,1,Walker2d-v4,-0.506970992666455,-2.11
2156,reward,1,Walker2d-v4,8.699988183275625,-0.447
2169,reward,1,Walker2d-v4,0.29817617859864876,-0.377
2182,reward,1,Walker2d-v4,-1.5789029232317529,-0.472
2198,reward,1,Walker2d-v4,-3.8365609106912815,-0.811
2210,reward,1,Walker2d-v4,-3.4825125550868603,-0.353
2226,reward,1,Walker2d-v4,2.4072655888633667,-0.399
2238,reward,1,Walker2d-v4,-0.9758947307721226,-0.307
2247,reward,1,Walker2d-v4,-0.5816040009900807,-0.896
2257,reward,1,Walker2d-v4,-2.287806594206396,-0.184
2275,reward,1,Walker2d-v4,-1.0419875334213269,-0.238
2284,reward,1,Walker2d-v4,-5.572788108734007,-1.665
2299,reward,1,Walker2d-v4,2.475051206962204,-1.448
2313,reward,1,Walker2d-v4,-5.535150379895301,-1.843
2333,reward,1,Walker2d-v4,-4.202576149509746,-1.88
2350,reward,1,Walker2d-v4,-7.875846372397256,-2.319
2365,reward,1,Walker2d-v4,3.1430564145080897,-2.246
2382,reward,1,Walker2d-v4,1.004234171996981,-2.048
2393,reward,1,Walker2d-v4,-3.563241801157345,-2.346
2423,reward,1,Walker2d-v4,-12.531391678461281,-3.37
2435,reward,1,Walker2d-v4,-0.4984493905094818,-3.316
2446,reward,1,Walker2d-v4,-1.8146380858335789,-2.94
2460,reward,1,Walker2d-v4,-8.22361840489209,-4.01
2467,reward,1,Walker2d-v4,-2.6725324863261744,-3.724
2480,reward,1,Walker2d-v4,0.7282471823638325,-3.23
2503,reward,1,Walker2d-v4,-2.845238295454835,-2.727
2513,reward,1,Walker2d-v4,0.9207510111556105,-2.95
2527,reward,1,Walker2d-v4,3.386872902096732,-2.711
2560,reward,1,Walker2d-v4,3.632648912009137,-1.992
2586,reward,1,Walker2d-v4,9.91695378334613,0.253
2594,reward,1,Walker2d-v4,-5.060454051100415,-0.203
2610,reward,1,Walker2d-v4,1.495111669805756,0.128
2625,reward,1,Walker2d-v4,-2.976320131790324,0.653
2637,reward,1,Walker2d-v4,-1.8599454784065026,0.734
2652,reward,1,Walker2d-v4,3.1140465907706343,0.972
2665,reward,1,Walker2d-v4,2.252192741816441,1.482
2680,reward,1,Walker2d-v4,-4.275680174586355,0.963
2699,reward,1,Walker2d-v4,-6.231755775689006,0.001
2736,reward,1,Walker2d-v4,-4.661529910910172,-0.829
2745,reward,1,Walker2d-v4,0.24812150261928867,-1.796
2790,reward,1,Walker2d-v4,15.024956926821655,0.213
2815,reward,1,Walker2d-v4,-4.8839991419421995,-0.425
2834,reward,1,Walker2d-v4,-6.0227533159342475,-0.73
2848,reward,1,Walker2d-v4,-5.179775048925144,-1.062
2859,reward,1,Walker2d-v4,1.1291209879033506,-1.26
2877,reward,1,Walker2d-v4,-1.8003248354970387,-1.665
2899,reward,1,Walker2d-v4,-2.4014877538861032,-1.478
2917,reward,1,Walker2d-v4,-3.031780898956648,-1.158
2930,reward,1,Walker2d-v4,1.0475789298529499,-0.587
2947,reward,1,Walker2d-v4,-4.488206190572387,-1.061
2980,reward,1,Walker2d-v4,3.9581723552020653,-2.167
3004,reward,1,Walker2d-v4,3.1955449376711864,-1.359
3021,reward,1,Walker2d-v4,-4.684286517388628,-1.226
3044,reward,1,Walker2d-v4,-6.522225180066757,-1.36
3072,reward,1,Walker2d-v4,-3.723839229569217,-1.845
3097,reward,1,Walker2d-v4,-3.012362445027613,-1.966
3113,reward,1,Walker2d-v4,-6.618777157964193,-2.388
3126,reward,1,Walker2d-v4,1.8193110161469783,-1.903
3145,reward,1,Walker2d-v4,-5.3108991163904715,-2.539
3160,reward,1,Walker2d-v4,-4.884393376403176,-2.578
3170,reward,1,Walker2d-v4,-4.096224223764822,-3.384
3196,reward,1,Walker2d-v4,1.6526405459195426,-3.538
3229,reward,1,Walker2d-v4,11.786707576530263,-1.891
3254,reward,1,Walker2d-v4,-3.033050712038327,-1.542
3271,reward,1,Walker2d-v4,-4.988404784686042,-1.669
3281,reward,1,Walker2d-v4,-0.29942761191267164,-1.397
3294,reward,1,Walker2d-v4,-0.49309591257423024,-0.785
3319,reward,1,Walker2d-v4,-0.04932382166547322,-0.972
3339,reward,1,Walker2d-v4,5.4950628748132635,0.109
3349,reward,1,Walker2d-v4,-4.21408064527569,0.176
3358,reward,1,Walker2d-v4,-0.8187994116537538,0.504
3376,reward,1,Walker2d-v4,1.6237729409556882,0.501
3393,reward,1,Walker2d-v4,5.641094469053552,-0.114
3433,reward,1,Walker2d-v4,10.907436399000563,1.28
3454,reward,1,Walker2d-v4,-8.386994576560031,0.941
3483,reward,1,Walker2d-v4,1.455936608097498,1.116
3520,reward,1,Walker2d-v4,4.574410528436557,1.623
3531,reward,1,Walker2d-v4,1.6413077642801543,1.792
3564,reward,1,Walker2d-v4,-0.8069983041083246,1.162
3574,reward,1,Walker2d-v4,-0.5179027409930774,1.531
3592,reward,1,Walker2d-v4,4.38463430885087,2.052
3603,reward,1,Walker2d-v4,-0.08370433378841358,1.881
3625,reward,1,Walker2d-v4,14.043391834284693,2.721
3652,reward,1,Walker2d-v4,8.75686415931371,2.506
3676,reward,1,Walker2d-v4,-6.114255238724019,2.733
3693,reward,1,Walker2d-v4,-9.150997844913547,1.673
3719,reward,1,Walker2d-v4,-8.155017903614684,0.4
3730,reward,1,Walker2d-v4,-3.7603729017227723,-0.14
3751,reward,1,Walker2d-v4,-0.5537260190702489,-0.115
3777,reward,1,Walker2d-v4,-2.179462100413242,-0.281
3788,reward,1,Walker2d-v4,-5.516007782205711,-1.271
3804,reward,1,Walker2d-v4,1.795746207601146,-1.083
3848,reward,1,Walker2d-v4,1.0675266724969108,-2.381
3862,reward,1,Walker2d-v4,-1.3289109927300973,-3.39
3879,reward,1,Walker2d-v4,-2.948076848859777,-3.073
3900,reward,1,Walker2d-v4,1.9929156683490445,-1.959
3917,reward,1,Walker2d-v4,3.957769511528549,-0.747
3928,reward,1,Walker2d-v4,-1.4369454944412081,-0.515
3945,reward,1,Walker2d-v4,4.959636909342023,0.036
3964,reward,1,Walker2d-v4,-1.6862708731998153,0.086
3975,reward,1,Walker2d-v4,-6.558268791595738,-0.018
4011,reward,1,Walker2d-v4,6.03064574396375,0.405
4030,reward,1,Walker2d-v4,-5.496311767229731,-0.251
4053,reward,1,Walker2d-v4,1.792722599222285,0.061
4067,reward,1,Walker2d-v4,5.180068660140736,0.874
4089,reward,1,Walker2d-v4,-6.378603078189805,0.036
4096,loss,1,Walker2d-v4,-0.09654513746500015,0.2127366065979004,0.5298774838447571,8.513874053955078,0.07437751442193985
4114,reward,1,Walker2d-v4,-7.635246516160718,-1.123
4141,reward,1,Walker2d-v4,0.17785080637750095,-0.961
4173,reward,1,Walker2d-v4,8.45978206866956,-0.611
4199,reward,1,Walker2d-v4,2.364992578607618,-0.206
4222,reward,1,Walker2d-v4,-3.6876169493415625,0.081
4271,reward,1,Walker2d-v4,17.233980395183888,1.201
4284,reward,1,Walker2d-v4,-2.054578310962227,1.545
4304,reward,1,Walker2d-v4,7.591966166726792,2.125
4320,reward,1,Walker2d-v4,2.423831217753624,1.85
4327,reward,1,Walker2d-v4,-2.00258243096703,2.287
4358,reward,1,Walker2d-v4,9.819648309820064,4.033
4389,reward,1,Walker2d-v4,-2.1357098619017236,3.801
4416,reward,1,Walker2d-v4,10.406215945115036,3.996
4433,reward,1,Walker2d-v4,-3.670574759417908,3.392
4455,reward,1,Walker2d-v4,-0.003735732333858599,3.761
4489,reward,1,Walker2d-v4,13.108063576954127,3.348
4506,reward,1,Walker2d-v4,-9.47430189572259,2.606
4532,reward,1,Walker2d-v4,4.927295988152489,2.34
4570,reward,1,Walker2d-v4,3.6041895320266937,2.458
4582,reward,1,Walker2d-v4,-4.920764776342433,2.166
4598,reward,1,Walker2d-v4,-2.26329840584003,0.958
4613,reward,1,Walker2d-v4,-1.2513009660034777,1.046
4639,reward,1,Walker2d-v4,4.964908510152712,0.502
4654,reward,1,Walker2d-v4,-0.6406559079551741,0.805
4697,reward,1,Walker2d-v4,22.370086567831333,3.042
4708,reward,1,Walker2d-v4,-4.945135287975952,1.237
4717,reward,1,Walker2d-v4,-1.5181143053152262,2.033
4732,reward,1,Walker2d-v4,-5.212924338327105,1.019
4754,reward,1,Walker2d-v4,5.178700578937271,1.176
4772,reward,1,Walker2d-v4,-3.6439658569101057,1.304
4813,reward,1,Walker2d-v4,1.5614473033304954,1.686
4822,reward,1,Walker2d-v4,-0.5426878394834327,1.757
4841,reward,1,Walker2d-v4,2.716694466199015,1.532
4851,reward,1,Walker2d-v4,-0.2087530354125935,1.576
4861,reward,1,Walker2d-v4,-0.36193171398661605,-0.698
4890,reward,1,Walker2d-v4,-1.9414408488231518,-0.397
4909,reward,1,Walker2d-v4,7.917254055093536,0.546
4921,reward,1,Walker2d-v4,3.01541322214061,1.369
4953,reward,1,Walker2d-v4,13.617615521508714,2.213
4995,reward,1,Walker2d-v4,10.100908844169755,3.587
5020,reward,1,Walker2d-v4,13.23110305466391,4.754
5052,reward,1,Walker2d-v4,0.26454643939503186,4.835
5064,reward,1,Walker2d-v4,-1.1314510946465344,4.45
5096,reward,1,Walker2d-v4,0.8765513480919103,4.559
5119,reward,1,Walker2d-v4,-2.3731472467115395,4.358
5140,reward,1,Walker2d-v4,0.8206031331176413,4.634
5190,reward,1,Walker2d-v4,16.21985330736743,5.464
5211,reward,1,Walker2d-v4,-7.5175962678605135,4.411
5249,reward,1,Walker2d-v4,12.61373863769581,4.311
5267,reward,1,Walker2d-v4,-1.8220176625324176,3.118
5286,reward,1,Walker2d-v4,3.5872161036502694,2.154
5310,reward,1,Walker2d-v4,-3.4628579397074986,1.781
5337,reward,1,Walker2d-v4,0.43267267871829573,1.938
5374,reward,1,Walker2d-v4,7.208042284986671,2.571
5405,reward,1,Walker2d-v4,2.052995511924907,3.013
5424,reward,1,Walker2d-v4,-1.9682626583505438,2.734
5465,reward,1,Walker2d-v4,-7.821536676335217,0.33
5484,reward,1,Walker2d-v4,-6.944960137087234,0.388
5505,reward,1,Walker2d-v4,-4.251151338603914,-1.299
5525,reward,1,Walker2d-v4,2.684406130996483,-0.848
5560,reward,1,Walker2d-v4,-8.134709024046924,-2.021
5577,reward,1,Walker2d-v4,-0.12230463653643131,-1.686
5616,reward,1,Walker2d-v4,-5.1287785361653055,-2.243
5638,reward,1,Walker2d-v4,-8.367688743383074,-3.8
5649,reward,1,Walker2d-v4,-0.3673076315504473,-4.042
5683,reward,1,Walker2d-v4,5.268303149560382,-3.319
5719,reward,1,Walker2d-v4,7.5888470833625465,-1.778
5733,reward,1,Walker2d-v4,2.500913728388235,-0.833
5755,reward,1,Walker2d-v4,-2.8571119293357476,-0.694
5764,reward,1,Walker2d-v4,-3.431796879119428,-1.305
5795,reward,1,Walker2d-v4,-3.1222332240677755,-0.804
5819,reward,1,Walker2d-v4,-7.694623748820154,-1.561
5839,reward,1,Walker2d-v4,0.45171195361845484,-1.003
5849,reward,1,Walker2d-v4,-6.070463759723097,-0.773
5865,reward,1,Walker2d-v4,-0.8859384031286024,-0.825
5898,reward,1,Walker2d-v4,-1.6606610835148947,-1.518
5914,reward,1,Walker2d-v4,-0.1995790729808471,-2.297
5935,reward,1,Walker2d-v4,-7.685728691128446,-3.316
5955,reward,1,Walker2d-v4,-5.334892989443825,-3.563
5966,reward,1,Walker2d-v4,-1.5684898590801655,-3.377
6014,reward,1,Walker2d-v4,35.177183392797495,0.453
6028,reward,1,Walker2d-v4,2.6107250637599497,1.483
6062,reward,1,Walker2d-v4,-11.576750437355557,0.281
6093,reward,1,Walker2d-v4,6.284708789186058,1.516
6103,reward,1,Walker2d-v4,-3.759493450887304,1.229
6114,reward,1,Walker2d-v4,1.778461104271672,1.573
6126,reward,1,Walker2d-v4,-0.5450036679796334,1.538
6136,reward,1,Walker2d-v4,-1.7653835740426853,2.13
6153,reward,1,Walker2d-v4,-6.579444399768006,2.006
6165,reward,1,Walker2d-v4,-4.189966107893195,1.744
6188,reward,1,Walker2d-v4,3.245410457273866,-1.45
6214,reward,1,Walker2d-v4,-2.5298065381114747,-1.964
6241,reward,1,Walker2d-v4,-3.4379178725975326,-1.15
6274,reward,1,Walker2d-v4,0.7744356355542664,-1.701
6298,reward,1,Walker2d-v4,3.057596144494164,-1.019
6310,reward,1,Walker2d-v4,-3.940852774810282,-1.591
6330,reward,1,Walker2d-v4,3.457816010656877,-1.191
6350,reward,1,Walker2d-v4,-2.3154788335146153,-1.246
6365,reward,1,Walker2d-v4,-0.45909143649658857,-0.634
6393,reward,1,Walker2d-v4,0.813016905605438,-0.133
6426,reward,1,Walker2d-v4,-3.6133757997599405,-0.819
6439,reward,1,Walker2d-v4,-4.2275074683258325,-0.989
6467,reward,1,Walker2d-v4,-13.86118360600449,-2.031
6500,reward,1,Walker2d-v4,5.85034852559284,-1.524
6529,reward,1,Walker2d-v4,4.916575290345883,-1.338
6547,reward,1,Walker2d-v4,-1.079166568907892,-1.052
6574,reward,1,Walker2d-v4,-8.726188194818409,-2.27
6585,reward,1,Walker2d-v4,-2.398434714012479,-2.279
6611,reward,1,Walker2d-v4,4.130774627026996,-1.82
6622,reward,1,Walker2d-v4,-3.051353667925732,-2.206
6640,reward,1,Walker2d-v4,-6.485813891609935,-2.493
6653,reward,1,Walker2d-v4,2.382993915845263,-1.832
6664,reward,1,Walker2d-v4,-4.030742780206078,-0.849
6697,reward,1,Walker2d-v4,2.317469305758914,-1.202
6713,reward,1,Walker2d-v4,0.27832133413372073,-1.666
6736,reward,1,Walker2d-v4,-3.9585885438853254,-1.954
6773,reward,1,Walker2d-v4,18.362487391223677,0.755
6787,reward,1,Walker2d-v4,3.694540690382662,1.364
6802,reward,1,Walker2d-v4,-4.028430665398422,0.548
6834,reward,1,Walker2d-v4,-6.234609594776844,0.23
6854,reward,1,Walker2d-v4,4.14299523652715,1.293
6879,reward,1,Walker2d-v4,10.515905452232397,2.106
6927,reward,1,Walker2d-v4,32.47946362568964,5.757
6940,reward,1,Walker2d-v4,-0.8649642331787216,5.439
6960,reward,1,Walker2d-v4,-2.489532699654121,5.162
6985,reward,1,Walker2d-v4,-14.316169902555664,4.126
7007,reward,1,Walker2d-v4,3.050912851837569,2.595
7032,reward,1,Walker2d-v4,0.3878858828344889,2.264
7048,reward,1,Walker2d-v4,-3.5577822747750485,2.311
7068,reward,1,Walker2d-v4,8.504746250052806,3.785
7097,reward,1,Walker2d-v4,-0.2971315522176696,3.341
7111,reward,1,Walker2d-v4,-2.541813355349305,2.036
7143,reward,1,Walker2d-v4,-6.663141301876643,-1.879
7175,reward,1,Walker2d-v4,12.647615981994974,-0.527
7189,reward,1,Walker2d-v4,3.5773376872905454,0.079
7217,reward,1,Walker2d-v4,-3.0832994373065894,1.203
7229,reward,1,Walker2d-v4,-2.8864187795735177,0.609
7253,reward,1,Walker2d-v4,-3.5176004709516002,0.218
7275,reward,1,Walker2d-v4,-4.8668669281502135,0.087
7290,reward,1,Walker2d-v4,-7.327954338427302,-1.496
7310,reward,1,Walker2d-v4,-0.6841971330939529,-1.535
7322,reward,1,Walker2d-v4,-0.8793286582598836,-1.368
7336,reward,1,Walker2d-v4,1.4285304177363034,-0.559
7353,reward,1,Walker2d-v4,0.5922050446457561,-1.765
7370,reward,1,Walker2d-v4,-1.6307852671227638,-2.286
7393,reward,1,Walker2d-v4,0.011325845273248758,-1.976
7408,reward,1,Walker2d-v4,-0.3408059815208122,-1.722
7419,reward,1,Walker2d-v4,-1.378186798429113,-1.508
7440,reward,1,Walker2d-v4,-2.240709359486316,-1.245
7456,reward,1,Walker2d-v4,-3.993892137559646,-0.912
7488,reward,1,Walker2d-v4,5.908501014610987,-0.252
7500,reward,1,Walker2d-v4,-1.5633293854532422,-0.321
7523,reward,1,Walker2d-v4,2.8264486970576037,-0.181
7538,reward,1,Walker2d-v4,-7.6875597792251,-1.009
7570,reward,1,Walker2d-v4,10.730519138463087,0.227
7588,reward,1,Walker2d-v4,5.922980600108,0.818
7601,reward,1,Walker2d-v4,-2.101332109749606,0.642
7621,reward,1,Walker2d-v4,2.793132916071867,1.059
7642,reward,1,Walker2d-v4,6.377311255257796,1.921
7675,reward,1,Walker2d-v4,17.062300064981937,4.027
7688,reward,1,Walker2d-v4,-0.8638172726727411,3.35
7724,reward,1,Walker2d-v4,3.2348436204859805,3.829
7780,reward,1,Walker2d-v4,10.726398170873406,4.619
7827,reward,1,Walker2d-v4,-1.5284502722794115,5.235
7848,reward,1,Walker2d-v4,3.3482998224482183,4.497
7883,reward,1,Walker2d-v4,-2.5217910786337665,3.653
7895,reward,1,Walker2d-v4,0.1622755665171275,3.879
7910,reward,1,Walker2d-v4,-2.2636184854339088,3.373
7920,reward,1,Walker2d-v4,-4.141985177880024,2.321
7936,reward,1,Walker2d-v4,-5.8381630556368425,0.031
7950,reward,1,Walker2d-v4,-1.0061779827237416,0.017
7965,reward,1,Walker2d-v4,4.104942915168741,0.104
8001,reward,1,Walker2d-v4,10.740848920598419,0.106
8012,reward,1,Walker2d-v4,-0.404494283333355,0.218
8028,reward,1,Walker2d-v4,0.2835284230795694,-0.088
8041,reward,1,Walker2d-v4,2.1925503521473395,0.383
8066,reward,1,Walker2d-v4,-10.305720817458127,-0.664
8129,reward,1,Walker2d-v4,46.158214520333004,4.178
8150,reward,1,Walker2d-v4,0.5199417435200004,4.645
8180,reward,1,Walker2d-v4,9.773698326699908,6.206
8192,loss,1,Walker2d-v4,-0.06797110289335251,0.2494695484638214,0.5020436644554138,8.503396034240723,0.10653979331254959
8210,reward,1,Walker2d-v4,9.372509829309584,7.244
8228,reward,1,Walker2d-v4,9.224046260129747,7.756
8258,reward,1,Walker2d-v4,3.3235293373848016,7.014
8281,reward,1,Walker2d-v4,-2.544067687630132,6.8
8321,reward,1,Walker2d-v4,10.602818261336907,7.832
8349,reward,1,Walker2d-v4,0.5146394835178754,7.664
8360,reward,1,Walker2d-v4,-1.1259790059125256,8.582
8404,reward,1,Walker2d-v4,-7.369637791483884,3.229
8420,reward,1,Walker2d-v4,1.2942694968468742,3.307
8447,reward,1,Walker2d-v4,9.573144075719167,3.287
8460,reward,1,Walker2d-v4,3.990141011328883,2.748
8489,reward,1,Walker2d-v4,-2.2139624936563416,1.604
8532,reward,1,Walker2d-v4,4.62130424504633,1.734
8620,reward,1,Walker2d-v4,-17.78418383249767,0.21
8648,reward,1,Walker2d-v4,7.053486354080236,-0.145
8668,reward,1,Walker2d-v4,-1.650396787388586,-0.361
8692,reward,1,Walker2d-v4,11.395706296325729,0.891
8703,reward,1,Walker2d-v4,-0.2348841023204351,1.604
8721,reward,1,Walker2d-v4,4.0458408263761925,1.88
8749,reward,1,Walker2d-v4,-9.118867803948984,0.01
8762,reward,1,Walker2d-v4,-6.587456721306884,-1.047
8785,reward,1,Walker2d-v4,-0.96097248920107,-0.922
8814,reward,1,Walker2d-v4,-3.6997568124430718,-1.754
8825,reward,1,Walker2d-v4,0.24280161626706076,0.049
8837,reward,1,Walker2d-v4,-3.202355696066361,-0.977
8863,reward,1,Walker2d-v4,8.603620343829704,0.048
8907,reward,1,Walker2d-v4,5.654062724456221,-0.526
8935,reward,1,Walker2d-v4,3.851959265154391,-0.117
8950,reward,1,Walker2d-v4,4.113758586958497,-0.11
8968,reward,1,Walker2d-v4,-0.9665392813080422,0.705
9006,reward,1,Walker2d-v4,-1.3070611868981867,1.233
9024,reward,1,Walker2d-v4,-13.732278640199034,-0.044
9045,reward,1,Walker2d-v4,-2.9082394528981736,0.035
9057,reward,1,Walker2d-v4,-0.26045494191977814,-0.015
9081,reward,1,Walker2d-v4,0.7053445753638099,0.375
9093,reward,1,Walker2d-v4,0.4117205617800863,-0.444
9104,reward,1,Walker2d-v4,1.071145742646487,-0.902
9126,reward,1,Walker2d-v4,-2.614957077671705,-1.549
9139,reward,1,Walker2d-v4,-2.1615301708549266,-2.176
9169,reward,1,Walker2d-v4,-4.9807335622299,-2.578
9186,reward,1,Walker2d-v4,6.175156628363932,-1.829
9195,reward,1,Walker2d-v4,-0.28925062946070534,-0.485
9210,reward,1,Walker2d-v4,1.0963829994123098,-0.085
9229,reward,1,Walker2d-v4,3.9248317193257107,0.334
9255,reward,1,Walker2d-v4,-3.274555773445708,-0.064
9283,reward,1,Walker2d-v4,3.410422363042974,0.236
9297,reward,1,Walker2d-v4,3.625766332181866,0.491
9336,reward,1,Walker2d-v4,-0.057993377250627365,0.747
9365,reward,1,Walker2d-v4,8.454788469508406,1.808
9386,reward,1,Walker2d-v4,-7.0015894529042795,1.606
9414,reward,1,Walker2d-v4,3.873320636314194,1.376
9431,reward,1,Walker2d-v4,5.434529623386489,1.949
9463,reward,1,Walker2d-v4,13.05165890355923,3.144
9488,reward,1,Walker2d-v4,-1.7594677029887311,2.576
9510,reward,1,Walker2d-v4,-4.804560700139604,2.423
9544,reward,1,Walker2d-v4,13.610372194245505,3.443
9554,reward,1,Walker2d-v4,-0.6113057571923979,3.019
9564,reward,1,Walker2d-v4,-3.71909633486118,2.653
9594,reward,1,Walker2d-v4,-2.2175148262992677,1.586
9623,reward,1,Walker2d-v4,-3.613792022834697,1.924
9653,reward,1,Walker2d-v4,9.114165735016778,2.448
9681,reward,1,Walker2d-v4,1.4193003459637719,2.047
9695,reward,1,Walker2d-v4,2.1140753250034097,0.953
9729,reward,1,Walker2d-v4,-0.5721069841593376,1.072
9754,reward,1,Walker2d-v4,2.8046938804834034,1.833
9774,reward,1,Walker2d-v4,-6.941804250364473,-0.222
9811,reward,1,Walker2d-v4,-7.486531315434356,-0.91
9843,reward,1,Walker2d-v4,0.9245873342540437,-0.445
9872,reward,1,Walker2d-v4,3.3191360779574195,0.108
9895,reward,1,Walker2d-v4,-4.368408460463822,0.033
9905,reward,1,Walker2d-v4,-2.81699211300045,-1.16
9931,reward,1,Walker2d-v4,8.464080228378025,-0.456
9953,reward,1,Walker2d-v4,3.7996747213996285,-0.287
9965,reward,1,Walker2d-v4,1.0992542255887972,-0.12
9986,reward,1,Walker2d-v4,2.9701448432006954,-0.104
10000,eval,1,Walker2d-v4,Walker2d-v4,23.818,1.0,0.0
10000,eval,1,Walker2d-v4,HalfCheetah-v4,364.802,1.0,0.0
10025,reward,1,Walker2d-v4,-6.911433689448707,-0.101
10038,reward,1,Walker2d-v4,1.3877190034842877,0.787
10055,reward,1,Walker2d-v4,2.1456469587081783,0.909
10076,reward,1,Walker2d-v4,-4.303043917417138,0.147
10096,reward,1,Walker2d-v4,2.133748701075352,0.797
10112,reward,1,Walker2d-v4,-5.8014543888025205,0.498
10144,reward,1,Walker2d-v4,10.565129570314205,0.709
10170,reward,1,Walker2d-v4,-1.689303944386799,0.16
10191,reward,1,Walker2d-v4,-12.552697945293222,-1.206
10217,reward,1,Walker2d-v4,0.3764974971317422,-1.465
10252,reward,1,Walker2d-v4,14.0078102187156,0.627
10287,reward,1,Walker2d-v4,-2.1322046785743973,0.275
10306,reward,1,Walker2d-v4,4.276428033042349,0.488
10329,reward,1,Walker2d-v4,-1.330992530359521,0.785
10384,reward,1,Walker2d-v4,14.62613268298026,2.035
10417,reward,1,Walker2d-v4,7.386685736464445,3.353
10458,reward,1,Walker2d-v4,-4.174042116629828,1.879
10500,reward,1,Walker2d-v4,19.2322080881998,3.972
10518,reward,1,Walker2d-v4,-2.908346999530454,4.936
10530,reward,1,Walker2d-v4,0.2036509232710555,4.919
10541,reward,1,Walker2d-v4,-4.189686615291233,3.099
10566,reward,1,Walker2d-v4,1.3003001244096803,3.442
10592,reward,1,Walker2d-v4,8.825338829851852,3.897
10609,reward,1,Walker2d-v4,-3.533454862910803,3.677
10642,reward,1,Walker2d-v4,-3.552017342562597,1.859
10670,reward,1,Walker2d-v4,-2.9814507551252243,0.822
10707,reward,1,Walker2d-v4,-7.595629157921355,0.48
10750,reward,1,Walker2d-v4,-1.4369827877878878,-1.587
10766,reward,1,Walker2d-v4,-1.8012123779155265,-1.476
10787,reward,1,Walker2d-v4,5.036413711936394,-0.993
10810,reward,1,Walker2d-v4,7.314140247333779,0.158
10839,reward,1,Walker2d-v4,-1.4812384017476958,-0.121
10878,reward,1,Walker2d-v4,-7.97511140037046,-1.801
10900,reward,1,Walker2d-v4,-9.313989801056486,-2.379
10917,reward,1,Walker2d-v4,4.60422591296539,-1.563
10941,reward,1,Walker2d-v4,6.703130032884481,-0.595
10952,reward,1,Walker2d-v4,1.0550002725982166,0.27
10982,reward,1,Walker2d-v4,5.679349013862916,0.982
10998,reward,1,Walker2d-v4,4.265376131761066,1.589
11020,reward,1,Walker2d-v4,5.335500002609093,1.619
11028,reward,1,Walker2d-v4,-4.062562740544698,0.481
11056,reward,1,Walker2d-v4,-0.7315084818323536,0.556
11096,reward,1,Walker2d-v4,4.344539786263831,1.788
11127,reward,1,Walker2d-v4,9.163581247540103,3.636
11152,reward,1,Walker2d-v4,-12.104311078531058,1.965
11174,reward,1,Walker2d-v4,-11.16654368271637,0.178
11206,reward,1,Walker2d-v4,-10.405928029456925,-0.968
11230,reward,1,Walker2d-v4,-2.2278383706164666,-1.759
11255,reward,1,Walker2d-v4,10.342237507797158,-1.151
11276,reward,1,Walker2d-v4,7.754034733321634,-0.909
11289,reward,1,Walker2d-v4,-1.4785967449401232,-0.651
11302,reward,1,Walker2d-v4,0.7329292135845892,-0.505
11314,reward,1,Walker2d-v4,-1.9821863217849331,-1.137
11378,reward,1,Walker2d-v4,-12.751716448048827,-3.329
11404,reward,1,Walker2d-v4,1.3549266421743458,-1.983
11453,reward,1,Walker2d-v4,5.182118286292467,-0.348
11468,reward,1,Walker2d-v4,7.377341577052723,1.43
11500,reward,1,Walker2d-v4,7.693686401978691,2.422
11524,reward,1,Walker2d-v4,7.826072927374544,2.171
11556,reward,1,Walker2d-v4,15.396233571228624,2.935
11619,reward,1,Walker2d-v4,1.8311601225746585,3.266
11634,reward,1,Walker2d-v4,0.5674648697061537,3.25
11643,reward,1,Walker2d-v4,-4.434883430075459,3.004
11655,reward,1,Walker2d-v4,-0.6939900646249773,4.21
11698,reward,1,Walker2d-v4,14.131902162272572,5.488
11735,reward,1,Walker2d-v4,9.691226587178157,5.939
11754,reward,1,Walker2d-v4,-3.583129714433107,4.843
11771,reward,1,Walker2d-v4,-2.926875269417649,3.781
11815,reward,1,Walker2d-v4,5.041321084791191,3.502
11842,reward,1,Walker2d-v4,9.019598729439082,2.864
11859,reward,1,Walker2d-v4,-9.245988630129993,1.757
11887,reward,1,Walker2d-v4,-5.802277786389315,1.12
11924,reward,1,Walker2d-v4,12.627497186056305,2.826
11949,reward,1,Walker2d-v4,-1.1810945970743627,2.777
12005,reward,1,Walker2d-v4,2.005321447607574,1.565
12034,reward,1,Walker2d-v4,-3.2744209422145887,0.268
12061,reward,1,Walker2d-v4,2.081042795683399,0.834
12082,reward,1,Walker2d-v4,-2.9634527992538335,0.831
12119,reward,1,Walker2d-v4,20.748452653897747,2.401
12128,reward,1,Walker2d-v4,-2.2471305945423063,1.275
12160,reward,1,Walker2d-v4,-2.7941899291720587,1.92
12204,reward,1,Walker2d-v4,1.2825408941596579,2.628
12214,reward,1,Walker2d-v4,-4.2948947232968155,0.936
12231,reward,1,Walker2d-v4,-15.315466308105139,-0.477
12256,reward,1,Walker2d-v4,10.35953351704008,0.358
12288,loss,1,Walker2d-v4,-0.07068637013435364,0.44908952713012695,0.6311730742454529,8.488224029541016,0.08503378182649612
12289,reward,1,Walker2d-v4,-10.849133662596032,-0.399
12299,reward,1,Walker2d-v4,1.2030972975754535,-0.487
12312,reward,1,Walker2d-v4,2.6031193191397364,0.07
12335,reward,1,Walker2d-v4,1.6855679772609318,-1.837
12355,reward,1,Walker2d-v4,-1.854081570153928,-1.797
12370,reward,1,Walker2d-v4,2.415756571161672,-1.276
12383,reward,1,Walker2d-v4,0.25262740324039323,-1.379
12396,reward,1,Walker2d-v4,-0.6288305336681057,-1.013
12457,reward,1,Walker2d-v4,1.9012116057983488,0.709
12475,reward,1,Walker2d-v4,6.140064451727741,0.287
12510,reward,1,Walker2d-v4,20.768845980458234,3.449
12527,reward,1,Walker2d-v4,-9.269696889495144,2.401
12553,reward,1,Walker2d-v4,-3.0536374551163075,1.836
12581,reward,1,Walker2d-v4,8.538742174220726,2.521
12594,reward,1,Walker2d-v4,-2.652046759164937,2.441
12607,reward,1,Walker2d-v4,2.290468428957133,2.429
12618,reward,1,Walker2d-v4,-4.014550603657512,2.002
12641,reward,1,Walker2d-v4,8.716760818540354,2.937
12652,reward,1,Walker2d-v4,0.441118410460972,2.791
12674,reward,1,Walker2d-v4,10.339174445827135,3.211
12686,reward,1,Walker2d-v4,0.5222995935385473,1.186
12713,reward,1,Walker2d-v4,3.5858776257147236,2.471
12728,reward,1,Walker2d-v4,4.115028778986139,3.188
12739,reward,1,Walker2d-v4,-3.0635131185848463,2.028
12750,reward,1,Walker2d-v4,1.8136243202669016,2.475
12761,reward,1,Walker2d-v4,1.472725913642476,2.393
12779,reward,1,Walker2d-v4,-6.330628849289809,2.161
12792,reward,1,Walker2d-v4,3.517081908507629,1.641
12809,reward,1,Walker2d-v4,3.5383012524848785,1.951
12824,reward,1,Walker2d-v4,0.928786181579295,1.01
12835,reward,1,Walker2d-v4,-4.495997360100565,0.508
12882,reward,1,Walker2d-v4,21.739984488759397,2.324
12895,reward,1,Walker2d-v4,-0.3697792570812335,1.875
12920,reward,1,Walker2d-v4,-0.927917611701607,2.089
12951,reward,1,Walker2d-v4,-2.573126047847727,1.65
12962,reward,1,Walker2d-v4,-2.1469733282794934,1.288
12992,reward,1,Walker2d-v4,-6.255333102845864,1.296
13002,reward,1,Walker2d-v4,-0.9117122307659677,0.853
13014,reward,1,Walker2d-v4,2.9512377312460423,0.794
13026,reward,1,Walker2d-v4,-2.5479548890006964,0.446
13039,reward,1,Walker2d-v4,0.3947690488807316,0.935
13048,reward,1,Walker2d-v4,-2.282566180907867,-1.467
13057,reward,1,Walker2d-v4,-1.9076145341597794,-1.621
13093,reward,1,Walker2d-v4,11.832006971573467,-0.345
13108,reward,1,Walker2d-v4,4.759770351326659,0.389
13121,reward,1,Walker2d-v4,1.3466835144548956,0.738
13133,reward,1,Walker2d-v4,2.5452045906720064,1.618
13179,reward,1,Walker2d-v4,3.0179762461117576,2.011
13189,reward,1,Walker2d-v4,-2.0108318085518917,1.515
13214,reward,1,Walker2d-v4,2.921604036798729,2.062
13240,reward,1,Walker2d-v4,8.894855109639462,2.912
13257,reward,1,Walker2d-v4,6.897012033363317,3.83
13283,reward,1,Walker2d-v4,8.958887149949,4.916
13318,reward,1,Walker2d-v4,4.432954567211027,4.176
13342,reward,1,Walker2d-v4,6.9157501074906556,4.392
13360,reward,1,Walker2d-v4,-9.658730531984707,3.291
13396,reward,1,Walker2d-v4,-6.840818023445658,2.353
13408,reward,1,Walker2d-v4,-0.5222297445066135,1.999
13432,reward,1,Walker2d-v4,-3.383441839776762,1.862
13449,reward,1,Walker2d-v4,1.463457311880378,1.716
13463,reward,1,Walker2d-v4,2.1032467927342093,1.037
13485,reward,1,Walker2d-v4,6.7493741725749565,1.022
13504,reward,1,Walker2d-v4,-4.971417618214118,-0.371
13547,reward,1,Walker2d-v4,25.8976978539038,1.775
13569,reward,1,Walker2d-v4,-4.898233672916248,0.594
13588,reward,1,Walker2d-v4,-1.1193309813306862,1.448
13611,reward,1,Walker2d-v4,1.9782104247113936,2.33
13625,reward,1,Walker2d-v4,4.355277018588262,2.817
13637,reward,1,Walker2d-v4,-2.0736724676659426,2.948
13661,reward,1,Walker2d-v4,-1.1696455431363442,2.685
13675,reward,1,Walker2d-v4,2.62845233789218,2.738
13694,reward,1,Walker2d-v4,3.183485943592726,2.381
13719,reward,1,Walker2d-v4,-2.1085858489463645,2.667
13744,reward,1,Walker2d-v4,4.52958565632148,0.531
13762,reward,1,Walker2d-v4,-2.0770976257341203,0.813
13785,reward,1,Walker2d-v4,9.17817729406849,1.842
13846,reward,1,Walker2d-v4,13.102745115065773,2.955
13860,reward,1,Walker2d-v4,2.276019448487913,2.747
13877,reward,1,Walker2d-v4,2.510985108319457,3.205
13899,reward,1,Walker2d-v4,4.090618651374272,3.731
13950,reward,1,Walker2d-v4,7.250416837661194,4.194
13973,reward,1,Walker2d-v4,2.586250249939572,4.134
13987,reward,1,Walker2d-v4,2.8728357697676667,4.632
14012,reward,1,Walker2d-v4,-1.077511103970273,4.071
14021,reward,1,Walker2d-v4,1.0760512006147616,4.387
14038,reward,1,Walker2d-v4,-9.683392825650214,2.501
14059,reward,1,Walker2d-v4,4.9630833186909085,1.687
14098,reward,1,Walker2d-v4,3.2224399435646247,1.781
14112,reward,1,Walker2d-v4,1.8033356310782485,1.71
14132,reward,1,Walker2d-v4,2.208784898154423,1.522
14153,reward,1,Walker2d-v4,1.3382833225723436,0.931
14180,reward,1,Walker2d-v4,5.38913464490014,1.211
14211,reward,1,Walker2d-v4,-5.603589388391768,0.364
14241,reward,1,Walker2d-v4,2.96820389163305,0.768
14306,reward,1,Walker2d-v4,24.469626957848924,3.108
14331,reward,1,Walker2d-v4,-0.6092358828339746,4.015
14359,reward,1,Walker2d-v4,4.151009612608443,3.934
14382,reward,1,Walker2d-v4,-4.447715351741304,3.167
14409,reward,1,Walker2d-v4,11.257724247759342,4.112
14423,reward,1,Walker2d-v4,-0.6683380126142349,3.825
14459,reward,1,Walker2d-v4,7.719726618193056,4.463
14483,reward,1,Walker2d-v4,9.943179277204905,4.918
14517,reward,1,Walker2d-v4,-6.624485583259558,4.816
14542,reward,1,Walker2d-v4,8.22714523197104,5.342
14559,reward,1,Walker2d-v4,2.153207573340401,3.11
14598,reward,1,Walker2d-v4,-2.159580176266451,2.955
14616,reward,1,Walker2d-v4,5.126478796624573,3.053
14632,reward,1,Walker2d-v4,4.8038397594013,3.978
14644,reward,1,Walker2d-v4,0.132071165417724,2.865
14690,reward,1,Walker2d-v4,-5.624365001501232,2.37
14731,reward,1,Walker2d-v4,7.994607536482275,2.397
14767,reward,1,Walker2d-v4,5.808403861782082,1.984
14778,reward,1,Walker2d-v4,1.812151018449833,2.827
14807,reward,1,Walker2d-v4,3.681669467378874,2.373
14827,reward,1,Walker2d-v4,3.7610519581008504,2.534
14855,reward,1,Walker2d-v4,-4.955150054037573,2.254
14873,reward,1,Walker2d-v4,-1.1134074097125393,1.63
14908,reward,1,Walker2d-v4,-5.27948916364719,0.622
14932,reward,1,Walker2d-v4,8.275090618047873,1.436
14947,reward,1,Walker2d-v4,0.8534599658767077,2.084
14961,reward,1,Walker2d-v4,3.169426828530553,1.601
14988,reward,1,Walker2d-v4,-0.1095448262721681,1.01
15017,reward,1,Walker2d-v4,-2.8825912901323107,0.54
15027,reward,1,Walker2d-v4,1.3450573590759292,0.306
15046,reward,1,Walker2d-v4,-0.30076310871932144,-0.1
15065,reward,1,Walker2d-v4,6.230783996589219,1.019
15086,reward,1,Walker2d-v4,4.808609029004611,1.611
15102,reward,1,Walker2d-v4,1.8724296043654862,2.326
15113,reward,1,Walker2d-v4,-3.5933719914675244,1.139
15129,reward,1,Walker2d-v4,5.318888375556382,1.586
15142,reward,1,Walker2d-v4,-2.6198252045709465,1.007
15157,reward,1,Walker2d-v4,4.848632455697068,1.503
15166,reward,1,Walker2d-v4,-1.301954043762326,1.661
15179,reward,1,Walker2d-v4,0.8004885261706712,1.606
15209,reward,1,Walker2d-v4,9.615030770298457,2.598
15227,reward,1,Walker2d-v4,-12.865940365779318,0.688
15235,reward,1,Walker2d-v4,-2.5013903628872654,-0.043
15262,reward,1,Walker2d-v4,5.0619435947916305,0.276
15283,reward,1,Walker2d-v4,9.301834504615346,1.566
15294,reward,1,Walker2d-v4,-1.4989674655129652,0.884
15355,reward,1,Walker2d-v4,-8.849642826941967,0.261
15369,reward,1,Walker2d-v4,0.1605477727754101,-0.208
15378,reward,1,Walker2d-v4,-1.1591495726803793,-0.194
15392,reward,1,Walker2d-v4,0.60907704425886,-0.213
15404,reward,1,Walker2d-v4,3.7593976603881742,-0.798
15421,reward,1,Walker2d-v4,-1.5497126008468327,0.333
15462,reward,1,Walker2d-v4,-1.5084535912095725,0.433
15477,reward,1,Walker2d-v4,-0.630064860522465,-0.137
15500,reward,1,Walker2d-v4,-2.2802380014158974,-1.295
15519,reward,1,Walker2d-v4,6.365086955050967,-0.508
15559,reward,1,Walker2d-v4,32.69265970171668,3.646
15574,reward,1,Walker2d-v4,2.030301898333591,3.833
15594,reward,1,Walker2d-v4,7.828944048127853,4.732
15606,reward,1,Walker2d-v4,-4.555449870484152,4.215
15623,reward,1,Walker2d-v4,3.51142405146961,4.19
15637,reward,1,Walker2d-v4,-0.5052008519095819,4.295
15660,reward,1,Walker2d-v4,9.568981300067705,5.403
15688,reward,1,Walker2d-v4,13.126057264736847,6.778
15698,reward,1,Walker2d-v4,0.9339311520255871,7.1
15722,reward,1,Walker2d-v4,-6.6335453649478255,5.8
15749,reward,1,Walker2d-v4,15.963304721188443,4.127
15766,reward,1,Walker2d-v4,3.5967877604695104,4.284
15781,reward,1,Walker2d-v4,2.980085906992569,3.799
15791,reward,1,Walker2d-v4,-1.0758659709402598,4.147
15826,reward,1,Walker2d-v4,-2.866121373368756,3.509
15842,reward,1,Walker2d-v4,1.0266342933486896,3.662
15872,reward,1,Walker2d-v4,-8.589797701719682,1.846
15882,reward,1,Walker2d-v4,0.7995310917951142,0.613
15907,reward,1,Walker2d-v4,7.489230368588069,1.269
15922,reward,1,Walker2d-v4,5.390730980464641,2.471
15965,reward,1,Walker2d-v4,2.006636707739726,1.076
16014,reward,1,Walker2d-v4,4.077988843318584,1.124
16028,reward,1,Walker2d-v4,2.4687130545452343,1.073
16054,reward,1,Walker2d-v4,1.8232441225017166,1.363
16077,reward,1,Walker2d-v4,11.123365014167117,2.762
16120,reward,1,Walker2d-v4,11.65240957129234,3.824
16143,reward,1,Walker2d-v4,-0.5957430309644154,4.624
16153,reward,1,Walker2d-v4,-2.5216705955164174,4.291
16161,reward,1,Walker2d-v4,-1.9221233277703456,3.35
16191,reward,1,Walker2d-v4,-7.045350162756424,2.107
16201,reward,1,Walker2d-v4,-2.133304668474972,1.693
16222,reward,1,Walker2d-v4,2.6149408471517326,1.546
16238,reward,1,Walker2d-v4,7.113880739010455,2.011
16256,reward,1,Walker2d-v4,-5.175857451538263,1.311
16268,reward,1,Walker2d-v4,1.9703818940198543,0.396
16288,reward,1,Walker2d-v4,6.649169948100091,-0.105
16307,reward,1,Walker2d-v4,-5.630571730806178,-0.608
16319,reward,1,Walker2d-v4,1.2434366346659456,-0.232
16364,reward,1,Walker2d-v4,2.6187488578174585,0.223
16384,loss,1,Walker2d-v4,-0.06659732013940811,0.7158954739570618,0.7652812600135803,8.474997520446777,0.05610723793506622
16387,reward,1,Walker2d-v4,-11.803994417596044,-0.253
16423,reward,1,Walker2d-v4,5.032063705013757,0.463
16439,reward,1,Walker2d-v4,4.51257025538239,0.653
16471,reward,1,Walker2d-v4,6.155826008351255,0.557
16482,reward,1,Walker2d-v4,-2.2948777337482635,0.845
16501,reward,1,Walker2d-v4,6.22454004530834,1.271
16514,reward,1,Walker2d-v4,2.8485698889078113,0.891
16526,reward,1,Walker2d-v4,-0.12287443224833638,1.441
16552,reward,1,Walker2d-v4,8.806462979171561,2.198
16574,reward,1,Walker2d-v4,2.492197067211938,2.185
16600,reward,1,Walker2d-v4,2.973018827438011,3.663
16615,reward,1,Walker2d-v4,5.0376767878134165,3.663
16626,reward,1,Walker2d-v4,-0.48204122170374997,3.164
16667,reward,1,Walker2d-v4,5.583736971569801,3.107
16678,reward,1,Walker2d-v4,-4.204030500599792,2.916
16702,reward,1,Walker2d-v4,8.48453473430671,3.142
16716,reward,1,Walker2d-v4,3.165264567401156,3.173
16725,reward,1,Walker2d-v4,-0.47912783349668486,3.138
16737,reward,1,Walker2d-v4,-3.413438141995252,1.916
16769,reward,1,Walker2d-v4,10.649717949290356,2.732
16782,reward,1,Walker2d-v4,2.4823652309951614,2.682
16830,reward,1,Walker2d-v4,21.682336968720783,4.347
16855,reward,1,Walker2d-v4,3.5801745053113887,4.753
16877,reward,1,Walker2d-v4,3.0216262625287893,4.497
16937,reward,1,Walker2d-v4,29.41961149048248,7.859
16952,reward,1,Walker2d-v4,3.280752053147789,7.339
16971,reward,1,Walker2d-v4,3.7578558783587317,7.398
16988,reward,1,Walker2d-v4,3.8970182748910034,7.836
17022,reward,1,Walker2d-v4,7.951935085201761,8.972
17066,reward,1,Walker2d-v4,28.035429534967324,10.711
17081,reward,1,Walker2d-v4,-9.584941894920512,9.504
17110,reward,1,Walker2d-v4,2.480123439714092,7.584
17125,reward,1,Walker2d-v4,0.5875106751940227,7.285
17138,reward,1,Walker2d-v4,3.200413992362363,7.303
17172,reward,1,Walker2d-v4,10.972599132353409,5.458
17209,reward,1,Walker2d-v4,7.3536526544916105,5.865
17224,reward,1,Walker2d-v4,4.872883797598514,5.977
17268,reward,1,Walker2d-v4,5.548626281354597,6.142
17316,reward,1,Walker2d-v4,-12.476561774867143,4.099
17357,reward,1,Walker2d-v4,7.731776281205352,2.069
17397,reward,1,Walker2d-v4,19.862302702660386,5.013
17408,reward,1,Walker2d-v4,-4.21653743264279,4.344
17447,reward,1,Walker2d-v4,17.10286497271746,5.995
17471,reward,1,Walker2d-v4,9.051301710526204,6.58
17497,reward,1,Walker2d-v4,-0.1382587585033921,5.469
17548,reward,1,Walker2d-v4,12.270395620337293,5.961
17559,reward,1,Walker2d-v4,1.1426377014888014,5.588
17573,reward,1,Walker2d-v4,4.164206538774485,5.449
17602,reward,1,Walker2d-v4,-3.516912650449475,6.345
17641,reward,1,Walker2d-v4,4.434728372296071,6.016
17669,reward,1,Walker2d-v4,11.209973115013572,5.15
17686,reward,1,Walker2d-v4,2.0423633582060554,5.776
17699,reward,1,Walker2d-v4,3.277825107752219,4.394
17729,reward,1,Walker2d-v4,-2.2922863437885264,3.259
17743,reward,1,Walker2d-v4,2.4887357407991497,3.522
17768,reward,1,Walker2d-v4,3.1539702567723498,2.611
17780,reward,1,Walker2d-v4,-0.2837548056558623,2.468
17810,reward,1,Walker2d-v4,9.636546500185542,3.015
17838,reward,1,Walker2d-v4,2.4862685625628638,3.615
17851,reward,1,Walker2d-v4,1.8337297702885555,3.355
17867,reward,1,Walker2d-v4,3.9083190230465545,2.625
17894,reward,1,Walker2d-v4,0.660278293764726,2.487
17911,reward,1,Walker2d-v4,7.989288373007708,2.958
17926,reward,1,Walker2d-v4,-4.888692742244384,2.698
17957,reward,1,Walker2d-v4,1.3716979746275828,2.587
17987,reward,1,Walker2d-v4,5.491018463755224,2.82
18019,reward,1,Walker2d-v4,-4.049162480123643,2.444
18041,reward,1,Walker2d-v4,9.16363007903446,2.397
18077,reward,1,Walker2d-v4,1.729082254235993,2.321
18098,reward,1,Walker2d-v4,4.627635545319404,2.6
18117,reward,1,Walker2d-v4,12.827590069818378,3.492
18168,reward,1,Walker2d-v4,-2.487801716276209,3.177
18179,reward,1,Walker2d-v4,-1.3404335064440516,2.244
18212,reward,1,Walker2d-v4,2.2725496310034266,2.961
18229,reward,1,Walker2d-v4,3.0183275173718322,3.125
18251,reward,1,Walker2d-v4,10.536820513270873,3.63
18262,reward,1,Walker2d-v4,-0.3275901994368655,4.002
18289,reward,1,Walker2d-v4,0.8751681263982278,3.173
18310,reward,1,Walker2d-v4,4.784572757607749,3.479
18333,reward,1,Walker2d-v4,0.16297901440655282,3.032
18390,reward,1,Walker2d-v4,33.37541543597025,5.087
18419,reward,1,Walker2d-v4,6.420552179168564,5.978
18435,reward,1,Walker2d-v4,2.1891167442210193,6.331
18474,reward,1,Walker2d-v4,10.420366950536089,7.146
18500,reward,1,Walker2d-v4,4.986811914184165,7.342
18524,reward,1,Walker2d-v4,4.707423407424813,6.759
18535,reward,1,Walker2d-v4,0.5382821783855218,6.846
18566,reward,1,Walker2d-v4,9.793921690540978,7.738
18574,reward,1,Walker2d-v4,-3.5653937714968746,6.903
18620,reward,1,Walker2d-v4,13.36417182552896,8.223
18637,reward,1,Walker2d-v4,4.0702424408978874,5.293
18686,reward,1,Walker2d-v4,4.713333784070437,5.122
18697,reward,1,Walker2d-v4,-0.3366244067688846,4.869
18723,reward,1,Walker2d-v4,11.062329323766745,4.933
18766,reward,1,Walker2d-v4,-5.879946682723085,3.847
18779,reward,1,Walker2d-v4,-0.914774074496161,3.285
18820,reward,1,Walker2d-v4,19.121502558484597,5.143
18846,reward,1,Walker2d-v4,3.1907168791464393,4.483
18855,reward,1,Walker2d-v4,-0.7092328197462241,4.768
18872,reward,1,Walker2d-v4,1.5703029888817128,3.589
18934,reward,1,Walker2d-v4,25.731667089860764,5.755
18966,reward,1,Walker2d-v4,11.09058819679533,6.393
18991,reward,1,Walker2d-v4,10.516736611855045,7.478
19018,reward,1,Walker2d-v4,9.458117815895088,7.318
19040,reward,1,Walker2d-v4,-2.7640473947633275,7.629
19068,reward,1,Walker2d-v4,0.7495365584341542,7.796
19101,reward,1,Walker2d-v4,1.5007091251204898,6.034
19133,reward,1,Walker2d-v4,14.076333089815437,7.122
19176,reward,1,Walker2d-v4,4.915497220247682,7.685
19200,reward,1,Walker2d-v4,3.047523135235068,7.832
19236,reward,1,Walker2d-v4,4.0816815677627405,5.667
19268,reward,1,Walker2d-v4,9.63637062082556,5.522
19294,reward,1,Walker2d-v4,5.553119429812102,5.025
19304,reward,1,Walker2d-v4,0.8685119710650255,4.167
19332,reward,1,Walker2d-v4,12.63838788936644,5.707
19368,reward,1,Walker2d-v4,7.9661302306563915,6.428
19423,reward,1,Walker2d-v4,10.426482028196412,7.321
19455,reward,1,Walker2d-v4,14.243535782963598,7.338
19470,reward,1,Walker2d-v4,1.054336909125996,6.952
19512,reward,1,Walker2d-v4,4.90438559183942,7.137
19531,reward,1,Walker2d-v4,0.13103552403291885,6.742
19567,reward,1,Walker2d-v4,0.21416365496628198,5.8
19599,reward,1,Walker2d-v4,1.9920241154346123,5.444
19629,reward,1,Walker2d-v4,10.756788443690343,6.433
19653,reward,1,Walker2d-v4,0.6530259047013749,5.234
19665,reward,1,Walker2d-v4,1.6416895752886052,4.602
19681,reward,1,Walker2d-v4,3.2181032126413625,3.881
19715,reward,1,Walker2d-v4,1.3843191580924898,2.595
19759,reward,1,Walker2d-v4,7.322602699176304,3.222
19769,reward,1,Walker2d-v4,-0.9535590237411125,2.636
19795,reward,1,Walker2d-v4,12.510816730268843,3.874
19814,reward,1,Walker2d-v4,5.322315173322722,4.385
19825,reward,1,Walker2d-v4,-3.8084903420968947,3.805
19838,reward,1,Walker2d-v4,0.6062310948230056,2.79
19847,reward,1,Walker2d-v4,-1.14735243920086,2.61
19864,reward,1,Walker2d-v4,0.3839791362893804,2.484
19897,reward,1,Walker2d-v4,17.866168758715805,3.949
19921,reward,1,Walker2d-v4,-0.5935894467277709,3.751
19944,reward,1,Walker2d-v4,12.11676640623271,4.23
20000,eval,1,Walker2d-v4,Walker2d-v4,14.754,0.619451,9.064
20000,eval,1,Walker2d-v4,HalfCheetah-v4,312.701,0.857179,52.101
20017,reward,1,Walker2d-v4,22.415081685553805,6.567
20048,reward,1,Walker2d-v4,10.99382668395743,6.415
20061,reward,1,Walker2d-v4,-5.648512993058533,5.318
20082,reward,1,Walker2d-v4,13.484550937344599,7.048
20105,reward,1,Walker2d-v4,4.217827423971953,7.409
20126,reward,1,Walker2d-v4,3.6481827209743587,7.888
20189,reward,1,Walker2d-v4,11.395866629678506,8.99
20210,reward,1,Walker2d-v4,9.047948196909603,8.108
20249,reward,1,Walker2d-v4,12.215550895086517,9.389
20262,reward,1,Walker2d-v4,0.13511004447700325,8.191
20283,reward,1,Walker2d-v4,-3.9709100585890633,5.552
20299,reward,1,Walker2d-v4,7.6941054459521485,5.222
20312,reward,1,Walker2d-v4,-0.35152621320187594,5.752
20331,reward,1,Walker2d-v4,4.7169929357642655,4.875
20343,reward,1,Walker2d-v4,-0.6963435406788095,4.383
20378,reward,1,Walker2d-v4,5.517539607533526,4.57
20414,reward,1,Walker2d-v4,-0.13170540381826124,3.418
20452,reward,1,Walker2d-v4,9.606625781014635,3.474
20480,loss,1,Walker2d-v4,-0.06630603969097137,1.0598704814910889,0.8910986185073853,8.464606285095215,0.11949840188026428
20484,reward,1,Walker2d-v4,10.1559001524888,3.268
20500,reward,1,Walker2d-v4,-5.1774558371115855,2.736
20521,reward,1,Walker2d-v4,10.962737811851458,4.23
20556,reward,1,Walker2d-v4,6.553542753733697,4.116
20603,reward,1,Walker2d-v4,-8.316284238295275,3.319
20619,reward,1,Walker2d-v4,1.1740794978559976,2.965
20627,reward,1,Walker2d-v4,-2.7831292707531405,2.756
20656,reward,1,Walker2d-v4,21.591393718027753,4.364
20685,reward,1,Walker2d-v4,3.9695424536095576,4.774
20712,reward,1,Walker2d-v4,-4.211131960647898,3.392
20746,reward,1,Walker2d-v4,26.91758098653833,5.068
20765,reward,1,Walker2d-v4,3.1686835646733154,5.903
20815,reward,1,Walker2d-v4,20.740953964241896,6.881
20839,reward,1,Walker2d-v4,5.988609158918031,6.824
20851,reward,1,Walker2d-v4,1.362687514339002,7.792
20879,reward,1,Walker2d-v4,-9.738590424547901,6.701
20910,reward,1,Walker2d-v4,9.600421911499055,7.939
20924,reward,1,Walker2d-v4,3.9951437387417927,6.179
20937,reward,1,Walker2d-v4,3.5419348330589573,6.137
20968,reward,1,Walker2d-v4,17.527722993118967,8.311
20981,reward,1,Walker2d-v4,2.1493112435275314,5.834
21005,reward,1,Walker2d-v4,7.118964331113097,6.229
21050,reward,1,Walker2d-v4,12.938958906847112,5.449
21080,reward,1,Walker2d-v4,8.898733971683326,5.74
21113,reward,1,Walker2d-v4,1.814577553727003,5.785
21146,reward,1,Walker2d-v4,11.613841513270543,7.92
21169,reward,1,Walker2d-v4,7.731301973519488,7.733
21187,reward,1,Walker2d-v4,3.731312313116935,7.707
21202,reward,1,Walker2d-v4,0.1518240783254362,7.368
21240,reward,1,Walker2d-v4,17.38997372250893,7.354
21253,reward,1,Walker2d-v4,0.8303957611297752,7.222
21269,reward,1,Walker2d-v4,3.1419336200911037,6.824
21282,reward,1,Walker2d-v4,-0.4287295834932534,5.488
21308,reward,1,Walker2d-v4,7.060052105901171,5.304
21352,reward,1,Walker2d-v4,9.723262553534905,6.095
21362,reward,1,Walker2d-v4,-0.25809978204074135,4.907
21374,reward,1,Walker2d-v4,-2.0027036867925703,3.934
21385,reward,1,Walker2d-v4,0.7371266883334158,3.635
21415,reward,1,Walker2d-v4,6.939234682145397,4.313
21430,reward,1,Walker2d-v4,2.7215553608240537,2.846
21447,reward,1,Walker2d-v4,-0.9204141198107663,2.671
21479,reward,1,Walker2d-v4,6.732805084074315,3.03
21523,reward,1,Walker2d-v4,-4.870142697834359,2.586
21536,reward,1,Walker2d-v4,-1.3424193841038803,1.746
21593,reward,1,Walker2d-v4,10.187142365331626,1.792
21605,reward,1,Walker2d-v4,1.662776708420221,1.984
21637,reward,1,Walker2d-v4,20.394697938096918,4.224
21681,reward,1,Walker2d-v4,15.573590017107028,5.708
21708,reward,1,Walker2d-v4,12.32327239758995,6.246
21718,reward,1,Walker2d-v4,1.0022861136701533,6.074
21732,reward,1,Walker2d-v4,1.2271275054709054,6.289
21764,reward,1,Walker2d-v4,4.812089465190196,6.097
21799,reward,1,Walker2d-v4,0.9809349738904487,6.682
21809,reward,1,Walker2d-v4,-4.192701247194646,6.397
21823,reward,1,Walker2d-v4,3.2031688983006448,5.699
21835,reward,1,Walker2d-v4,-4.593285843493734,5.073
21861,reward,1,Walker2d-v4,2.8585050566300785,3.319
21904,reward,1,Walker2d-v4,14.293851494321226,3.192
21932,reward,1,Walker2d-v4,9.641118116995042,2.923
21952,reward,1,Walker2d-v4,3.4193825276108223,3.165
21971,reward,1,Walker2d-v4,1.2220366566186889,3.165
21985,reward,1,Walker2d-v4,-0.07350525445157685,2.676
22017,reward,1,Walker2d-v4,14.06232702155555,3.984
22032,reward,1,Walker2d-v4,3.740621858624815,4.777
22055,reward,1,Walker2d-v4,-0.6954005282659681,4.388
22085,reward,1,Walker2d-v4,11.887937478036042,6.036
22116,reward,1,Walker2d-v4,12.141642243394326,6.964
22128,reward,1,Walker2d-v4,-0.732813339315141,5.461
22137,reward,1,Walker2d-v4,-0.13650797751429655,4.484
22172,reward,1,Walker2d-v4,7.237254980542322,4.865
22186,reward,1,Walker2d-v4,0.7033355948895664,4.813
22213,reward,1,Walker2d-v4,10.902998106301535,5.911
22242,reward,1,Walker2d-v4,8.113575774360484,5.316
22277,reward,1,Walker2d-v4,6.956819894424243,5.638
22291,reward,1,Walker2d-v4,2.79687389967198,5.987
22299,reward,1,Walker2d-v4,-0.370075371305725,4.761
22319,reward,1,Walker2d-v4,3.4443425202635454,3.892
22355,reward,1,Walker2d-v4,-3.501039265916983,3.615
22370,reward,1,Walker2d-v4,1.6659170864941932,3.795
22379,reward,1,Walker2d-v4,-3.2049060783952044,2.751
22425,reward,1,Walker2d-v4,10.08141780736816,3.689
22433,reward,1,Walker2d-v4,-2.0972043916440755,2.389
22460,reward,1,Walker2d-v4,-2.447376828376748,1.332
22486,reward,1,Walker2d-v4,7.34895378324799,1.372
22517,reward,1,Walker2d-v4,4.173262119984634,1.509
22529,reward,1,Walker2d-v4,-1.5343279075535439,1.393
22555,reward,1,Walker2d-v4,1.9313625183264294,1.242
22590,reward,1,Walker2d-v4,17.28384865085655,3.32
22605,reward,1,Walker2d-v4,2.9940274696344797,3.453
22633,reward,1,Walker2d-v4,3.6305978209947467,4.136
22643,reward,1,Walker2d-v4,-3.2220481400917738,2.806
22654,reward,1,Walker2d-v4,-0.8905603183016226,2.927
22672,reward,1,Walker2d-v4,5.429799071397481,3.714
22687,reward,1,Walker2d-v4,2.744271978634944,3.254
22706,reward,1,Walker2d-v4,-4.227435391394926,2.414
22743,reward,1,Walker2d-v4,14.056096452373383,3.973
22767,reward,1,Walker2d-v4,12.802169535544603,5.06
22777,reward,1,Walker2d-v4,-0.3123445822748747,3.3
22815,reward,1,Walker2d-v4,17.918699339594475,4.793
22880,reward,1,Walker2d-v4,-4.475259707181682,3.982
22892,reward,1,Walker2d-v4,0.38624922398640393,4.343
22907,reward,1,Walker2d-v4,5.9055922516552375,5.023
22931,reward,1,Walker2d-v4,-1.8887054799086556,4.291
22948,reward,1,Walker2d-v4,3.533186438508463,4.37
22983,reward,1,Walker2d-v4,12.930970429853495,6.086
22994,reward,1,Walker2d-v4,0.41878130299312866,4.722
23009,reward,1,Walker2d-v4,-1.111393506279997,3.331
23019,reward,1,Walker2d-v4,0.1779778216758352,3.38
23033,reward,1,Walker2d-v4,0.7266977972231699,1.66
23054,reward,1,Walker2d-v4,0.7929654233283153,2.187
23075,reward,1,Walker2d-v4,3.666808935108454,2.515
23105,reward,1,Walker2d-v4,8.460376524677725,2.771
23123,reward,1,Walker2d-v4,6.453469346635921,3.605
23144,reward,1,Walker2d-v4,0.5933193528439318,3.311
23158,reward,1,Walker2d-v4,3.5496397895999583,2.373
23195,reward,1,Walker2d-v4,8.819098665394156,3.213
23218,reward,1,Walker2d-v4,3.348677283676102,3.659
23230,reward,1,Walker2d-v4,1.6903452254603069,3.81
23270,reward,1,Walker2d-v4,7.807674514407373,4.518
23279,reward,1,Walker2d-v4,-2.2972252498024304,4.209
23299,reward,1,Walker2d-v4,2.9549402026162754,4.138
23333,reward,1,Walker2d-v4,15.829029685759714,4.875
23365,reward,1,Walker2d-v4,4.238403309469319,4.653
23422,reward,1,Walker2d-v4,19.313835101012057,6.525
23442,reward,1,Walker2d-v4,10.875366230625152,7.258
23472,reward,1,Walker2d-v4,13.852276097564808,7.761
23493,reward,1,Walker2d-v4,-0.1120537869164211,7.415
23511,reward,1,Walker2d-v4,7.662052468341746,8.012
23547,reward,1,Walker2d-v4,3.6732689934603338,7.599
23556,reward,1,Walker2d-v4,-0.6704452996109944,7.762
23582,reward,1,Walker2d-v4,-1.1406200706299108,7.352
23596,reward,1,Walker2d-v4,2.690790412256409,6.038
23611,reward,1,Walker2d-v4,-0.3238360725441667,5.582
23630,reward,1,Walker2d-v4,4.189647655753699,4.07
23641,reward,1,Walker2d-v4,1.2556423331859536,3.108
23653,reward,1,Walker2d-v4,0.7030916537026732,1.793
23667,reward,1,Walker2d-v4,-3.41355536548742,1.463
23692,reward,1,Walker2d-v4,4.500046860904245,1.146
23707,reward,1,Walker2d-v4,-1.772625087887184,0.602
23721,reward,1,Walker2d-v4,4.7384497403374315,1.143
23735,reward,1,Walker2d-v4,2.513398287123952,1.508
23793,reward,1,Walker2d-v4,4.690495794159225,1.708
23805,reward,1,Walker2d-v4,2.51722121592156,1.992
23839,reward,1,Walker2d-v4,13.733531858929885,2.947
23872,reward,1,Walker2d-v4,5.822142328833569,3.403
23882,reward,1,Walker2d-v4,-2.441585883517896,3.089
23896,reward,1,Walker2d-v4,0.6856549802520813,3.499
23926,reward,1,Walker2d-v4,-0.2500616509732052,3.024
23937,reward,1,Walker2d-v4,-4.597280059317767,2.741
23950,reward,1,Walker2d-v4,-0.7322317736886006,2.194
23992,reward,1,Walker2d-v4,21.040867123598368,4.047
24006,reward,1,Walker2d-v4,0.5393886599011242,3.632
24016,reward,1,Walker2d-v4,1.4776340233514613,3.528
24028,reward,1,Walker2d-v4,-0.18704027014092883,2.136
24056,reward,1,Walker2d-v4,9.38056542021698,2.492
24102,reward,1,Walker2d-v4,33.96766632636311,6.133
24121,reward,1,Walker2d-v4,1.92566902571279,6.257
24146,reward,1,Walker2d-v4,7.325498202105263,7.014
24185,reward,1,Walker2d-v4,16.91742358291895,9.166
24235,reward,1,Walker2d-v4,16.80978271642337,10.92
24248,reward,1,Walker2d-v4,-3.492563895711805,8.466
24263,reward,1,Walker2d-v4,1.6113797690691087,8.574
24287,reward,1,Walker2d-v4,0.35528992238099577,8.461
24297,reward,1,Walker2d-v4,0.06796197453696928,8.487
24306,reward,1,Walker2d-v4,-1.0904646626998142,7.44
24317,reward,1,Walker2d-v4,-4.460415053446865,3.597
24341,reward,1,Walker2d-v4,2.387035952693121,3.643
24352,reward,1,Walker2d-v4,-1.2129986425343218,2.789
24376,reward,1,Walker2d-v4,8.297155823684824,1.927
24387,reward,1,Walker2d-v4,-3.2553311357618964,-0.079
24406,reward,1,Walker2d-v4,3.254685379966847,0.595
24430,reward,1,Walker2d-v4,-0.21243122928625824,0.413
24448,reward,1,Walker2d-v4,2.7355608575575374,0.651
24472,reward,1,Walker2d-v4,1.4420962249194351,0.788
24485,reward,1,Walker2d-v4,1.8934722122868388,1.087
24502,reward,1,Walker2d-v4,-3.2686699269848543,1.206
24514,reward,1,Walker2d-v4,2.692972424785617,1.237
24529,reward,1,Walker2d-v4,0.7491911349474378,1.433
24542,reward,1,Walker2d-v4,1.3845257023510822,0.742
24576,loss,1,Walker2d-v4,-0.04996209591627121,1.407780647277832,1.0536599159240723,8.458518028259277,0.08495072275400162
24604,reward,1,Walker2d-v4,42.36654003890699,5.304
24639,reward,1,Walker2d-v4,8.44342406336443,5.823
24675,reward,1,Walker2d-v4,1.4109054133982712,5.985
24730,reward,1,Walker2d-v4,13.135608164759644,7.025
24743,reward,1,Walker2d-v4,2.6324077310355314,7.144
24754,reward,1,Walker2d-v4,1.6108335446232565,7.116
24777,reward,1,Walker2d-v4,-1.1901927953621594,7.324
24865,reward,1,Walker2d-v4,63.05694958523114,13.36
24895,reward,1,Walker2d-v4,-12.900589708323547,11.995
24925,reward,1,Walker2d-v4,7.3639450318060025,12.593
24973,reward,1,Walker2d-v4,-0.23382567171509328,8.333
25005,reward,1,Walker2d-v4,11.953755862914306,8.684
25016,reward,1,Walker2d-v4,2.5008279900582875,8.793
25033,reward,1,Walker2d-v4,5.8419649430609,8.064
25048,reward,1,Walker2d-v4,2.110822559496704,8.011
25078,reward,1,Walker2d-v4,16.222545065293357,9.473
25099,reward,1,Walker2d-v4,9.528680500704938,10.545
25117,reward,1,Walker2d-v4,7.093019565910436,4.948
25127,reward,1,Walker2d-v4,-0.6361104545950353,6.175
25161,reward,1,Walker2d-v4,12.92346638592635,6.731
25180,reward,1,Walker2d-v4,6.516479490302136,7.406
25213,reward,1,Walker2d-v4,1.9065312759965138,6.401
25240,reward,1,Walker2d-v4,12.724497897894526,7.423
25282,reward,1,Walker2d-v4,13.563732539762649,8.195
25306,reward,1,Walker2d-v4,14.339627326941757,9.418
25321,reward,1,Walker2d-v4,3.1619382456244374,8.112
25331,reward,1,Walker2d-v4,0.033865594774743046,7.163
25383,reward,1,Walker2d-v4,28.13117315573463,9.267
25412,reward,1,Walker2d-v4,2.570580079063291,9.587
25444,reward,1,Walker2d-v4,22.369016099075083,10.532
25498,reward,1,Walker2d-v4,26.178250013314898,12.498
25512,reward,1,Walker2d-v4,2.4699003939498496,12.554
25536,reward,1,Walker2d-v4,4.464544030996138,11.728
25565,reward,1,Walker2d-v4,6.1618908877113885,10.988
25577,reward,1,Walker2d-v4,0.5921813497461165,9.613
25587,reward,1,Walker2d-v4,1.3073191010553789,9.428
25597,reward,1,Walker2d-v4,-1.1548858855110227,9.309
25629,reward,1,Walker2d-v4,3.109244563054538,6.807
25643,reward,1,Walker2d-v4,3.9772496532564983,6.947
25678,reward,1,Walker2d-v4,2.5392250232943887,4.964
25760,reward,1,Walker2d-v4,79.2087984871172,10.268
25773,reward,1,Walker2d-v4,1.7251189080908071,10.193
25789,reward,1,Walker2d-v4,1.7808219511048868,9.925
25816,reward,1,Walker2d-v4,13.233768796917875,10.632
25843,reward,1,Walker2d-v4,12.548793181213822,11.828
25869,reward,1,Walker2d-v4,11.794602361106053,12.876
25902,reward,1,Walker2d-v4,7.507366458975819,13.742
25971,reward,1,Walker2d-v4,3.502127526435009,13.782
26006,reward,1,Walker2d-v4,12.576350159126056,14.642
26060,reward,1,Walker2d-v4,17.989295039566116,16.187
26104,reward,1,Walker2d-v4,10.013110976614678,9.267
26138,reward,1,Walker2d-v4,8.944287425197512,9.989
26161,reward,1,Walker2d-v4,4.625916271273271,10.274
26195,reward,1,Walker2d-v4,0.5915214018515204,9.009
26208,reward,1,Walker2d-v4,0.7825458617233535,7.833
26218,reward,1,Walker2d-v4,-0.2222226857371874,6.631
26253,reward,1,Walker2d-v4,-6.516291334090837,5.229
26279,reward,1,Walker2d-v4,6.151522214929806,5.494
26297,reward,1,Walker2d-v4,4.30552017670351,4.667
26311,reward,1,Walker2d-v4,3.9982492375451804,3.267
26339,reward,1,Walker2d-v4,8.6368934166808,3.13
26385,reward,1,Walker2d-v4,13.209769778838822,3.556
26399,reward,1,Walker2d-v4,3.5588322563960086,3.45
26415,reward,1,Walker2d-v4,2.795352658186183,3.67
26425,reward,1,Walker2d-v4,-1.5128461021868835,3.44
26478,reward,1,Walker2d-v4,42.39065804306057,7.702
26524,reward,1,Walker2d-v4,35.42401514843146,11.896
26568,reward,1,Walker2d-v4,-7.09680685091406,10.571
26629,reward,1,Walker2d-v4,30.52621105045519,13.193
26676,reward,1,Walker2d-v4,20.461288644878735,14.839
26704,reward,1,Walker2d-v4,-0.2937165019395498,13.946
26735,reward,1,Walker2d-v4,15.61059144073178,14.186
26745,reward,1,Walker2d-v4,-0.4367180049255346,13.787
26782,reward,1,Walker2d-v4,11.114668215761508,14.619
26811,reward,1,Walker2d-v4,7.50421786585004,15.52
26828,reward,1,Walker2d-v4,1.1732743228204563,11.399
26869,reward,1,Walker2d-v4,5.891609342995732,8.445
26914,reward,1,Walker2d-v4,18.07264596363386,10.962
26933,reward,1,Walker2d-v4,2.0233278113429423,8.112
26973,reward,1,Walker2d-v4,11.89926194530196,7.256
27025,reward,1,Walker2d-v4,8.142456069879984,8.1
27048,reward,1,Walker2d-v4,7.462598515317093,7.285
27058,reward,1,Walker2d-v4,0.21587853286402603,7.35
27099,reward,1,Walker2d-v4,14.591977113831028,7.698
27111,reward,1,Walker2d-v4,0.3200895186494618,6.979
27167,reward,1,Walker2d-v4,47.18787877709024,11.581
27196,reward,1,Walker2d-v4,11.566222935261463,12.148
27205,reward,1,Walker2d-v4,-2.392334285749687,10.102
27240,reward,1,Walker2d-v4,4.992105421927282,10.399
27266,reward,1,Walker2d-v4,4.171465141480251,9.626
27300,reward,1,Walker2d-v4,8.113972994798594,9.623
27313,reward,1,Walker2d-v4,3.263611600216488,9.203
27351,reward,1,Walker2d-v4,13.825322365199323,10.564
27364,reward,1,Walker2d-v4,2.6199798936319647,9.367
27380,reward,1,Walker2d-v4,-1.249541809842428,9.21
27426,reward,1,Walker2d-v4,9.61254375861853,5.452
27440,reward,1,Walker2d-v4,4.2507232684591845,4.721
27472,reward,1,Walker2d-v4,7.078531146716257,5.668
27487,reward,1,Walker2d-v4,0.5893256397352178,5.228
27503,reward,1,Walker2d-v4,5.3805044493550245,5.348
27514,reward,1,Walker2d-v4,0.2419340929830449,4.561
27557,reward,1,Walker2d-v4,12.066063274647025,5.442
27593,reward,1,Walker2d-v4,20.06460543214175,6.065
27626,reward,1,Walker2d-v4,0.43985797491621514,5.847
27646,reward,1,Walker2d-v4,5.781691022398181,6.551
27680,reward,1,Walker2d-v4,3.4954360168528185,5.939
27719,reward,1,Walker2d-v4,31.78833801343194,8.693
27753,reward,1,Walker2d-v4,3.572163377757872,8.342
27803,reward,1,Walker2d-v4,8.734574338510129,9.157
27821,reward,1,Walker2d-v4,6.8857286445317385,9.307
27836,reward,1,Walker2d-v4,-1.2475721516336367,9.158
27846,reward,1,Walker2d-v4,-0.833904334814324,7.868
27881,reward,1,Walker2d-v4,6.04709051125236,6.466
27892,reward,1,Walker2d-v4,2.173090513434323,6.64
27912,reward,1,Walker2d-v4,9.751295417169713,7.037
27959,reward,1,Walker2d-v4,15.38350831179789,8.225
28023,reward,1,Walker2d-v4,10.042477287740125,6.051
28038,reward,1,Walker2d-v4,-0.36463577770287803,5.657
28062,reward,1,Walker2d-v4,6.775763180738816,5.461
28073,reward,1,Walker2d-v4,1.789532905814002,4.952
28081,reward,1,Walker2d-v4,-5.851688277648567,4.491
28117,reward,1,Walker2d-v4,18.21119629832298,6.396
28147,reward,1,Walker2d-v4,9.730971893598085,6.764
28174,reward,1,Walker2d-v4,0.8022043335845248,6.627
28206,reward,1,Walker2d-v4,16.57423223150779,7.309
28215,reward,1,Walker2d-v4,-0.6090243923610106,5.71
28230,reward,1,Walker2d-v4,3.8503080016827607,5.091
28241,reward,1,Walker2d-v4,1.8986253382956773,5.317
28260,reward,1,Walker2d-v4,7.849080139255091,5.425
28284,reward,1,Walker2d-v4,8.898472710054715,6.135
28295,reward,1,Walker2d-v4,0.3895684758796344,6.76
28325,reward,1,Walker2d-v4,4.54429442732093,5.393
28350,reward,1,Walker2d-v4,5.200204316266751,4.94
28369,reward,1,Walker2d-v4,4.518596567565619,5.311
28393,reward,1,Walker2d-v4,-1.076137470286488,3.546
28427,reward,1,Walker2d-v4,0.7748496425833504,3.685
28455,reward,1,Walker2d-v4,0.8375971439815004,3.384
28484,reward,1,Walker2d-v4,20.067119950451325,5.2
28515,reward,1,Walker2d-v4,12.217286665976953,5.637
28531,reward,1,Walker2d-v4,4.83851440594544,5.231
28560,reward,1,Walker2d-v4,10.342964056139579,6.227
28585,reward,1,Walker2d-v4,6.003844478430657,6.372
28609,reward,1,Walker2d-v4,-5.65863339456652,5.287
28645,reward,1,Walker2d-v4,16.48684476387295,6.483
28672,loss,1,Walker2d-v4,-0.05432802438735962,1.4360061883926392,1.0142037868499756,8.457015037536621,0.0728081539273262
28723,reward,1,Walker2d-v4,18.217606834561963,8.413
28751,reward,1,Walker2d-v4,21.267781559132803,10.462
28800,reward,1,Walker2d-v4,13.286179249096708,11.707
28837,reward,1,Walker2d-v4,16.755796774144613,11.376
28881,reward,1,Walker2d-v4,13.83896790139727,11.538
28909,reward,1,Walker2d-v4,14.886214354111335,12.543
28947,reward,1,Walker2d-v4,6.6249631423458455,12.171
29004,reward,1,Walker2d-v4,9.897750039697744,12.56
29029,reward,1,Walker2d-v4,2.0980403211263594,13.336
29062,reward,1,Walker2d-v4,5.59847348020211,12.247
29112,reward,1,Walker2d-v4,2.4969521556902494,10.675
29155,reward,1,Walker2d-v4,16.91442993646413,10.24
29168,reward,1,Walker2d-v4,2.8425127393478613,9.195
29241,reward,1,Walker2d-v4,58.85540540026193,13.405
29275,reward,1,Walker2d-v4,17.673296034151544,13.789
29399,reward,1,Walker2d-v4,79.51800545778968,20.252
29437,reward,1,Walker2d-v4,6.6042591327292905,20.25
29458,reward,1,Walker2d-v4,10.307108176517007,20.291
29473,reward,1,Walker2d-v4,4.892253399450053,20.57
29508,reward,1,Walker2d-v4,-1.2860340437401654,19.882
29528,reward,1,Walker2d-v4,7.016848850080221,20.334
29551,reward,1,Walker2d-v4,1.2230876030043174,18.765
29612,reward,1,Walker2d-v4,6.762165599037204,19.157
29622,reward,1,Walker2d-v4,-1.097308179014839,13.161
29657,reward,1,Walker2d-v4,11.184456750830337,12.512
29702,reward,1,Walker2d-v4,9.948297724824076,5.556
29743,reward,1,Walker2d-v4,14.322683386805208,6.327
29785,reward,1,Walker2d-v4,28.91355916961109,8.188
29813,reward,1,Walker2d-v4,10.619775674707789,8.761
29843,reward,1,Walker2d-v4,9.503803204495027,9.84
29862,reward,1,Walker2d-v4,9.525416787354134,10.091
29905,reward,1,Walker2d-v4,3.768922274483096,10.345
29930,reward,1,Walker2d-v4,15.597761226354056,11.229
29963,reward,1,Walker2d-v4,1.9448717774231452,11.533
29977,reward,1,Walker2d-v4,5.439058555443723,10.958
30000,eval,1,Walker2d-v4,Walker2d-v4,178.59,1.0,0.0
30000,eval,1,Walker2d-v4,HalfCheetah-v4,468.853,1.0,0.0
30027,reward,1,Walker2d-v4,12.852711914561835,11.249
30070,reward,1,Walker2d-v4,14.91743248385082,11.308
30142,reward,1,Walker2d-v4,21.140601916490823,10.531
30171,reward,1,Walker2d-v4,3.967462804873569,9.866
30199,reward,1,Walker2d-v4,8.860320102715677,9.801
30241,reward,1,Walker2d-v4,20.468114440874448,10.896
30269,reward,1,Walker2d-v4,5.235003581047316,11.042
30288,reward,1,Walker2d-v4,6.432101173296498,10.126
30299,reward,1,Walker2d-v4,2.2233050279802797,10.154
30326,reward,1,Walker2d-v4,12.669804790412833,10.877
30378,reward,1,Walker2d-v4,11.825732509448052,10.774
30393,reward,1,Walker2d-v4,2.111115261513221,9.493
30432,reward,1,Walker2d-v4,12.180695278649832,8.597
30470,reward,1,Walker2d-v4,6.361452156632573,8.837
30483,reward,1,Walker2d-v4,1.1199942532634601,8.063
30517,reward,1,Walker2d-v4,17.53302815997078,7.769
30583,reward,1,Walker2d-v4,0.8379004920988398,7.33
30621,reward,1,Walker2d-v4,31.994924150988915,9.886
30633,reward,1,Walker2d-v4,0.3806223012100791,9.702
30665,reward,1,Walker2d-v4,1.105529953298564,8.545
30715,reward,1,Walker2d-v4,14.082216617877526,8.771
30731,reward,1,Walker2d-v4,4.43497351812821,9.003
30785,reward,1,Walker2d-v4,26.092371235764794,10.394
30806,reward,1,Walker2d-v4,6.752886230545121,10.433
30830,reward,1,Walker2d-v4,2.950207309794819,10.616
30891,reward,1,Walker2d-v4,43.4254492329624,13.206
30983,reward,1,Walker2d-v4,47.54204806914137,17.876
31062,reward,1,Walker2d-v4,4.586622306076859,15.135
31090,reward,1,Walker2d-v4,9.6004106182312,16.057
31151,reward,1,Walker2d-v4,-1.952391413899975,15.751
31189,reward,1,Walker2d-v4,23.04404504064792,16.648
31226,reward,1,Walker2d-v4,15.142009042155156,17.718
31266,reward,1,Walker2d-v4,15.913379556618658,16.7
31341,reward,1,Walker2d-v4,86.60332354805058,24.686
31402,reward,1,Walker2d-v4,21.995300578712147,26.59
31413,reward,1,Walker2d-v4,2.3001840073098814,22.477
31423,reward,1,Walker2d-v4,0.7251559605743443,17.796
31505,reward,1,Walker2d-v4,67.04518889420848,24.042
31531,reward,1,Walker2d-v4,13.626130254691597,24.444
31576,reward,1,Walker2d-v4,8.423338274742079,25.482
31587,reward,1,Walker2d-v4,-0.2780521437566372,23.15
31647,reward,1,Walker2d-v4,62.362727301140325,27.872
31717,reward,1,Walker2d-v4,8.179862951785918,27.098
31751,reward,1,Walker2d-v4,5.024284720124276,18.94
31807,reward,1,Walker2d-v4,15.77783480323001,18.319
31868,reward,1,Walker2d-v4,5.291956274250895,18.618
31894,reward,1,Walker2d-v4,8.388786438251689,19.384
31949,reward,1,Walker2d-v4,5.766066133560912,13.256
31999,reward,1,Walker2d-v4,24.709228447759024,14.365
32108,reward,1,Walker2d-v4,82.96614597118148,21.819
32126,reward,1,Walker2d-v4,2.2068196039960224,22.067
32165,reward,1,Walker2d-v4,11.72954742020784,17.004
32224,reward,1,Walker2d-v4,17.359994556410832,17.922
32255,reward,1,Walker2d-v4,0.7684701319021259,17.496
32270,reward,1,Walker2d-v4,-0.9756708857122924,15.821
32308,reward,1,Walker2d-v4,23.430097023370774,17.635
32338,reward,1,Walker2d-v4,9.123925624399902,17.708
32381,reward,1,Walker2d-v4,20.518734033381666,19.184
32464,reward,1,Walker2d-v4,-24.89909218926838,14.223
32527,reward,1,Walker2d-v4,0.9679240338492666,6.023
32560,reward,1,Walker2d-v4,19.318279946155585,7.734
32595,reward,1,Walker2d-v4,12.04122739371763,7.765
32633,reward,1,Walker2d-v4,17.270246320844056,7.756
32655,reward,1,Walker2d-v4,12.89949570912823,8.97
32682,reward,1,Walker2d-v4,3.222383303566864,9.389
32721,reward,1,Walker2d-v4,25.085891460046028,9.555
32761,reward,1,Walker2d-v4,11.970461022594248,9.84
32768,loss,1,Walker2d-v4,-0.046312421560287476,1.4826589822769165,1.0603704452514648,8.453726768493652,0.08534061163663864
32829,reward,1,Walker2d-v4,16.90912273186209,9.479
32901,reward,1,Walker2d-v4,31.733035714630876,15.142
32918,reward,1,Walker2d-v4,4.819274757074237,15.527
32934,reward,1,Walker2d-v4,3.6957708458691974,13.965
32977,reward,1,Walker2d-v4,19.426902018883812,14.703
33042,reward,1,Walker2d-v4,10.875198926817768,14.064
33108,reward,1,Walker2d-v4,-15.87699112280835,11.186
33148,reward,1,Walker2d-v4,25.97288255002656,13.461
33186,reward,1,Walker2d-v4,14.555695981444009,12.408
33264,reward,1,Walker2d-v4,6.373100981569324,11.848
33281,reward,1,Walker2d-v4,3.428496129681564,10.5
33321,reward,1,Walker2d-v4,5.643764373220815,7.891
33369,reward,1,Walker2d-v4,27.281551671486348,10.138
33410,reward,1,Walker2d-v4,18.64373992176687,11.632
33504,reward,1,Walker2d-v4,31.74572362808258,12.864
33529,reward,1,Walker2d-v4,13.383566985430004,13.115
33556,reward,1,Walker2d-v4,7.376720444465501,15.441
33608,reward,1,Walker2d-v4,32.94740651709643,16.138
33662,reward,1,Walker2d-v4,44.11529750419654,19.094
33729,reward,1,Walker2d-v4,26.270846913952102,21.084
33777,reward,1,Walker2d-v4,26.65952191156977,23.407
33831,reward,1,Walker2d-v4,10.578372327353405,23.9
33855,reward,1,Walker2d-v4,4.57716469836217,21.63
33885,reward,1,Walker2d-v4,11.435879723020523,20.909
33901,reward,1,Walker2d-v4,4.965013717641366,18.231
33911,reward,1,Walker2d-v4,-0.3146862790685845,16.861
33929,reward,1,Walker2d-v4,1.1855897699851128,16.242
33975,reward,1,Walker2d-v4,30.780406066521454,16.025
34017,reward,1,Walker2d-v4,19.290853311752524,13.543
34075,reward,1,Walker2d-v4,43.22147765021916,15.238
34111,reward,1,Walker2d-v4,11.160686348805521,13.688
34157,reward,1,Walker2d-v4,16.905448198208692,14.321
34200,reward,1,Walker2d-v4,27.15159827116061,16.578
34286,reward,1,Walker2d-v4,56.78741780345188,21.113
34331,reward,1,Walker2d-v4,23.09260036086436,22.926
34386,reward,1,Walker2d-v4,13.77553133473819,24.335
34434,reward,1,Walker2d-v4,31.657744837950318,27.382
34459,reward,1,Walker2d-v4,15.234127329380863,25.828
34503,reward,1,Walker2d-v4,27.85931874366908,26.685
34537,reward,1,Walker2d-v4,19.913993576816697,24.354
34585,reward,1,Walker2d-v4,27.890967014514924,26.027
34623,reward,1,Walker2d-v4,15.213084606125122,25.858
34679,reward,1,Walker2d-v4,23.451392615829462,25.488
34711,reward,1,Walker2d-v4,10.33362411388482,20.842
34724,reward,1,Walker2d-v4,2.7292717532227333,18.806
34774,reward,1,Walker2d-v4,25.756505715669036,20.004
34803,reward,1,Walker2d-v4,9.648290198444933,17.803
34835,reward,1,Walker2d-v4,14.49998386801718,17.73
34858,reward,1,Walker2d-v4,15.954389524791068,16.539
34934,reward,1,Walker2d-v4,65.78292039435166,21.126
34981,reward,1,Walker2d-v4,17.497888021047636,20.087
35044,reward,1,Walker2d-v4,29.375289692934732,21.503
35088,reward,1,Walker2d-v4,35.2111297754317,22.679
35148,reward,1,Walker2d-v4,17.17114466190544,23.363
35203,reward,1,Walker2d-v4,33.50435905546191,26.44
35306,reward,1,Walker2d-v4,8.107156565718252,24.675
35322,reward,1,Walker2d-v4,2.5311501258046856,23.964
35362,reward,1,Walker2d-v4,19.6552300217259,24.479
35397,reward,1,Walker2d-v4,24.839425356749015,25.368
35490,reward,1,Walker2d-v4,26.224174619145572,21.412
35524,reward,1,Walker2d-v4,4.708795644397745,20.133
35618,reward,1,Walker2d-v4,10.102345328482029,18.205
35666,reward,1,Walker2d-v4,25.597092567692094,17.244
35702,reward,1,Walker2d-v4,17.792680820625666,17.306
35767,reward,1,Walker2d-v4,24.939867231717884,16.45
35776,reward,1,Walker2d-v4,-1.9082467017206,15.448
35814,reward,1,Walker2d-v4,13.801689254972807,16.575
35876,reward,1,Walker2d-v4,27.023013104300386,17.312
35919,reward,1,Walker2d-v4,22.46129625730499,17.074
35947,reward,1,Walker2d-v4,14.785435248991615,15.93
35980,reward,1,Walker2d-v4,5.975034102568069,16.057
36031,reward,1,Walker2d-v4,29.64985751804853,18.012
36047,reward,1,Walker2d-v4,-0.766926640468754,15.375
36085,reward,1,Walker2d-v4,8.333082902033787,14.429
36144,reward,1,Walker2d-v4,14.716706298564384,13.407
36204,reward,1,Walker2d-v4,9.41926842011016,14.54
36277,reward,1,Walker2d-v4,14.036257501961003,14.563
36307,reward,1,Walker2d-v4,13.735163524924904,13.235
36390,reward,1,Walker2d-v4,34.92760776666581,14.481
36421,reward,1,Walker2d-v4,10.797521432940421,14.082
36465,reward,1,Walker2d-v4,19.70431773091908,15.455
36504,reward,1,Walker2d-v4,17.884615097208272,14.279
36566,reward,1,Walker2d-v4,43.14384631856153,18.67
36627,reward,1,Walker2d-v4,30.380199474765547,20.875
36650,reward,1,Walker2d-v4,14.111744464869524,20.814
36699,reward,1,Walker2d-v4,38.998896449017884,23.772
36750,reward,1,Walker2d-v4,13.233996830598985,23.692
36816,reward,1,Walker2d-v4,31.55300917443041,25.474
36864,loss,1,Walker2d-v4,-0.04937243089079857,1.6673991680145264,1.141597032546997,8.44891357421875,0.06295772641897202
36872,reward,1,Walker2d-v4,15.482755212922864,23.529
36927,reward,1,Walker2d-v4,23.964742664384453,24.846
36949,reward,1,Walker2d-v4,5.8300156502736336,23.458
37045,reward,1,Walker2d-v4,-35.51420219931412,18.119
37061,reward,1,Walker2d-v4,4.790564507635329,14.283
37159,reward,1,Walker2d-v4,92.69370359066127,20.515
37280,reward,1,Walker2d-v4,60.282752866198344,25.132
37343,reward,1,Walker2d-v4,-9.70612987955795,20.261
37357,reward,1,Walker2d-v4,3.7322756928092593,19.311
37432,reward,1,Walker2d-v4,10.49223162519969,17.205
37489,reward,1,Walker2d-v4,21.66062252137164,17.823
37520,reward,1,Walker2d-v4,6.83322301408698,16.11
37531,reward,1,Walker2d-v4,1.1641859284500442,15.643
37575,reward,1,Walker2d-v4,23.946967886187657,21.589
37596,reward,1,Walker2d-v4,14.675810951898882,22.578
37669,reward,1,Walker2d-v4,18.78586190149916,15.187
37692,reward,1,Walker2d-v4,10.526227237346335,10.211
37728,reward,1,Walker2d-v4,6.476612615607708,11.829
37767,reward,1,Walker2d-v4,17.27744997585883,13.184
37850,reward,1,Walker2d-v4,-16.807400679728982,10.454
37902,reward,1,Walker2d-v4,28.021824566572448,11.09
37981,reward,1,Walker2d-v4,29.773386297689473,13.384
38049,reward,1,Walker2d-v4,18.794638657519283,15.147
38131,reward,1,Walker2d-v4,72.2686468835416,19.979
38199,reward,1,Walker2d-v4,15.532569088003982,20.065
38231,reward,1,Walker2d-v4,13.719315380132983,19.558
38308,reward,1,Walker2d-v4,19.378225542371304,20.444
38327,reward,1,Walker2d-v4,9.185283866543049,20.714
38362,reward,1,Walker2d-v4,18.4377136804868,20.83
38417,reward,1,Walker2d-v4,34.25303824852966,25.936
38447,reward,1,Walker2d-v4,19.607369403681464,25.095
38516,reward,1,Walker2d-v4,44.58020524850433,26.576
38573,reward,1,Walker2d-v4,38.69027133357364,28.565
38603,reward,1,Walker2d-v4,12.1927336242055,22.558
38672,reward,1,Walker2d-v4,2.8083682423154643,21.285
38695,reward,1,Walker2d-v4,13.003071178300335,21.214
38709,reward,1,Walker2d-v4,2.998668056553772,19.576
38813,reward,1,Walker2d-v4,52.944989193643366,23.952
38882,reward,1,Walker2d-v4,19.746091445456386,24.082
38986,reward,1,Walker2d-v4,26.396403774794283,23.297
39048,reward,1,Walker2d-v4,7.340570134345208,22.07
39105,reward,1,Walker2d-v4,48.71148470391199,22.483
39164,reward,1,Walker2d-v4,21.79494119207426,20.794
39273,reward,1,Walker2d-v4,-3.0411450849341763,19.27
39306,reward,1,Walker2d-v4,13.793531747010018,20.369
39367,reward,1,Walker2d-v4,28.635344573123422,21.932
39377,reward,1,Walker2d-v4,1.4293274485046843,21.775
39437,reward,1,Walker2d-v4,37.8033805101475,20.261
39501,reward,1,Walker2d-v4,35.69230087108201,21.856
39575,reward,1,Walker2d-v4,85.27780311543513,27.744
39605,reward,1,Walker2d-v4,21.975030520344173,29.207
39686,reward,1,Walker2d-v4,18.98051187027616,26.234
39773,reward,1,Walker2d-v4,72.33669558630304,31.288
39819,reward,1,Walker2d-v4,1.7929481405177283,31.772
39881,reward,1,Walker2d-v4,21.97294382594812,32.59
39991,reward,1,Walker2d-v4,27.31399478179477,32.457
40000,eval,1,Walker2d-v4,Walker2d-v4,-32.222,-0.180424,210.812
40000,eval,1,Walker2d-v4,HalfCheetah-v4,322.13,0.68706,146.723
40033,reward,1,Walker2d-v4,10.041958306104716,33.319
40052,reward,1,Walker2d-v4,7.017994691007983,30.24
40071,reward,1,Walker2d-v4,5.072008435893057,27.178
40172,reward,1,Walker2d-v4,-33.96141634556032,15.254
40256,reward,1,Walker2d-v4,0.06476486398345482,13.063
40361,reward,1,Walker2d-v4,-21.54505828944157,9.011
40444,reward,1,Walker2d-v4,42.14037485894989,5.991
40501,reward,1,Walker2d-v4,-1.752556609876327,5.637
40584,reward,1,Walker2d-v4,36.97382862265666,7.137
40693,reward,1,Walker2d-v4,1.9042467670246346,4.596
40770,reward,1,Walker2d-v4,17.41997681474064,5.333
40797,reward,1,Walker2d-v4,19.785861206488725,6.61
40853,reward,1,Walker2d-v4,22.96443728645855,8.399
40903,reward,1,Walker2d-v4,3.447173341231424,12.14
40960,loss,1,Walker2d-v4,-0.05254695191979408,1.430249571800232,1.0846160650253296,8.441657066345215,0.0714016854763031
40976,reward,1,Walker2d-v4,56.120242504381046,17.746
41067,reward,1,Walker2d-v4,6.347879188474916,20.535
41097,reward,1,Walker2d-v4,9.829484313712987,17.304
41163,reward,1,Walker2d-v4,-12.386940045822175,16.241
41234,reward,1,Walker2d-v4,-2.8050443083637955,12.263
41274,reward,1,Walker2d-v4,12.246569137966649,13.297
41377,reward,1,Walker2d-v4,-41.94622862034458,7.36
41489,reward,1,Walker2d-v4,-22.67829481831591,3.114
41640,reward,1,Walker2d-v4,198.56146845164227,20.674
41750,reward,1,Walker2d-v4,-3.314645490313966,19.997
41796,reward,1,Walker2d-v4,15.422463589201335,15.928
41894,reward,1,Walker2d-v4,-10.497872962882198,14.243
41999,reward,1,Walker2d-v4,-62.153410872595536,7.045
42020,reward,1,Walker2d-v4,6.075260775246975,8.891
42084,reward,1,Walker2d-v4,7.500196483467471,9.922
42157,reward,1,Walker2d-v4,-12.89878235134754,7.407
42253,reward,1,Walker2d-v4,-22.633470287671738,9.338
42284,reward,1,Walker2d-v4,17.095367059713,13.316
42360,reward,1,Walker2d-v4,1.3779529838483358,-6.403
42394,reward,1,Walker2d-v4,7.0240850901606375,-5.369
42454,reward,1,Walker2d-v4,10.956747992999144,-5.815
42493,reward,1,Walker2d-v4,13.766360286970567,-3.389
42582,reward,1,Walker2d-v4,-31.859716463819876,-0.36
42674,reward,1,Walker2d-v4,27.608432417514663,1.794
42770,reward,1,Walker2d-v4,-21.790910325751998,-1.135
42837,reward,1,Walker2d-v4,-1.0525811532533964,0.049
42984,reward,1,Walker2d-v4,29.664127350188178,5.279
43071,reward,1,Walker2d-v4,-46.317369897558635,-1.062
43113,reward,1,Walker2d-v4,18.614617338630087,0.661
43223,reward,1,Walker2d-v4,-60.384635027997895,-6.079
43331,reward,1,Walker2d-v4,-29.22535538090039,-10.098
43420,reward,1,Walker2d-v4,19.972543033257065,-9.477
43485,reward,1,Walker2d-v4,-1.2149243415256308,-6.413
43539,reward,1,Walker2d-v4,22.552670664589048,-6.918
43569,reward,1,Walker2d-v4,6.718699195785243,-4.067
43658,reward,1,Walker2d-v4,3.112465460848318,-3.651
43725,reward,1,Walker2d-v4,-8.347897145507186,-7.452
43788,reward,1,Walker2d-v4,9.755427017714958,-1.845
43876,reward,1,Walker2d-v4,-24.61850391318509,-6.168
43999,reward,1,Walker2d-v4,121.16959013142736,11.987
44103,reward,1,Walker2d-v4,-40.551636662873804,10.855
44207,reward,1,Walker2d-v4,-38.28319697010835,5.029
44311,reward,1,Walker2d-v4,-35.78886576088201,1.572
44398,reward,1,Walker2d-v4,16.615615832448004,0.978
44483,reward,1,Walker2d-v4,11.966365590377858,1.503
44554,reward,1,Walker2d-v4,-15.330175612093525,-0.341
44590,reward,1,Walker2d-v4,15.428261822083732,2.036
44666,reward,1,Walker2d-v4,45.612382018015836,5.622
44737,reward,1,Walker2d-v4,14.567840975730126,9.541
44828,reward,1,Walker2d-v4,-55.89747171518547,-8.166
44904,reward,1,Walker2d-v4,21.660696967115822,-1.945
45019,reward,1,Walker2d-v4,-29.696529082190544,-1.086
45056,loss,1,Walker2d-v4,-0.035321157425642014,2.045830726623535,1.3136649131774902,8.432456970214844,0.052309080958366394
45199,reward,1,Walker2d-v4,10.612040591662511,3.554
45308,reward,1,Walker2d-v4,-68.4457619568564,-4.952
45448,reward,1,Walker2d-v4,-36.99419921626359,-9.848
45585,reward,1,Walker2d-v4,-65.72360222895685,-14.888
45687,reward,1,Walker2d-v4,78.30122441745502,-8.6
45779,reward,1,Walker2d-v4,-13.574863032522671,-14.519
45940,reward,1,Walker2d-v4,62.02399600421989,-9.773
46070,reward,1,Walker2d-v4,50.665625966489756,0.883
46101,reward,1,Walker2d-v4,21.824288970416116,0.899
46162,reward,1,Walker2d-v4,28.810360624883657,6.75
46275,reward,1,Walker2d-v4,78.99500745791316,13.588
46294,reward,1,Walker2d-v4,5.989667864100273,21.032
46304,reward,1,Walker2d-v4,-0.6554381909160594,24.666
46400,reward,1,Walker2d-v4,-3.9938072058654996,30.839
46534,reward,1,Walker2d-v4,-20.856650329430494,20.923
46621,reward,1,Walker2d-v4,-12.279411380022484,21.052
46773,reward,1,Walker2d-v4,-36.34156793437151,11.216
46840,reward,1,Walker2d-v4,-9.271014739688354,5.222
46956,reward,1,Walker2d-v4,-80.48910674284878,-5.009
47142,reward,1,Walker2d-v4,-3.000039897219455,-8.19
47238,reward,1,Walker2d-v4,-34.663098898468355,-19.556
47332,reward,1,Walker2d-v4,-21.072641467679766,-22.262
47374,reward,1,Walker2d-v4,10.378411779153685,-21.159
47465,reward,1,Walker2d-v4,26.269698157219935,-18.133
47484,reward,1,Walker2d-v4,1.5191891565943347,-15.895
47553,reward,1,Walker2d-v4,-2.0800559971688415,-14.875
47680,reward,1,Walker2d-v4,-51.54986234416383,-16.396
47884,reward,1,Walker2d-v4,-72.99467422261363,-22.768
48053,reward,1,Walker2d-v4,-53.20096255278321,-20.039
48152,reward,1,Walker2d-v4,-16.498739672772498,-21.389
48203,reward,1,Walker2d-v4,5.75481928688496,-17.347
48306,reward,1,Walker2d-v4,-27.03779269660749,-17.944
48410,reward,1,Walker2d-v4,-47.77588664777586,-23.759
48467,reward,1,Walker2d-v4,-9.629266158479892,-27.349
48494,reward,1,Walker2d-v4,17.530844001228683,-25.748
48541,reward,1,Walker2d-v4,9.849472886418532,-24.555
48595,reward,1,Walker2d-v4,-2.562200494990592,-19.656
48675,reward,1,Walker2d-v4,-11.174373546430754,-13.474
48776,reward,1,Walker2d-v4,14.605245015492107,-6.694
48940,reward,1,Walker2d-v4,-3.8130313121180923,-5.425
49046,reward,1,Walker2d-v4,-45.235395521712064,-10.524
49152,loss,1,Walker2d-v4,-0.03479508310556412,2.442687511444092,1.38491690158844,8.425978660583496,0.0662732943892479
49155,reward,1,Walker2d-v4,21.167502132283047,-5.704
49305,reward,1,Walker2d-v4,-42.52268051400914,-5.178
49397,reward,1,Walker2d-v4,-14.392969713658804,-5.655
49501,reward,1,Walker2d-v4,-46.23440518483052,-12.031
49591,reward,1,Walker2d-v4,-18.59364135872222,-14.876
49705,reward,1,Walker2d-v4,-36.936599127577935,-18.313
49842,reward,1,Walker2d-v4,32.184766419777816,-13.977
49956,reward,1,Walker2d-v4,49.521879334718875,-10.485
50000,eval,1,Walker2d-v4,Walker2d-v4,-84.963,-0.475743,263.552
50000,eval,1,Walker2d-v4,HalfCheetah-v4,-67.406,-0.143768,536.259
50028,reward,1,Walker2d-v4,12.794633760655277,-8.825
50125,reward,1,Walker2d-v4,-8.465585799758035,-5.148
50214,reward,1,Walker2d-v4,-29.527284640686656,-10.217
50421,reward,1,Walker2d-v4,130.26509092766727,7.062
50560,reward,1,Walker2d-v4,-69.51374438547492,1.55
50654,reward,1,Walker2d-v4,-38.93189867398501,2.28
50776,reward,1,Walker2d-v4,-8.195841403277768,3.32
50922,reward,1,Walker2d-v4,-55.62969071366486,1.45
51034,reward,1,Walker2d-v4,116.65784586729,9.898
51140,reward,1,Walker2d-v4,-71.80569111102643,-2.235
51320,reward,1,Walker2d-v4,1.2749929018344845,-3.387
51416,reward,1,Walker2d-v4,-36.52160449629541,-6.193
51553,reward,1,Walker2d-v4,180.65115274679334,14.825
51689,reward,1,Walker2d-v4,-71.71514830227062,-5.373
51772,reward,1,Walker2d-v4,-28.24853484106971,-1.246
51841,reward,1,Walker2d-v4,0.9299377396806885,2.74
51977,reward,1,Walker2d-v4,191.0538654927981,22.665
52117,reward,1,Walker2d-v4,-87.65687699199418,19.462
52258,reward,1,Walker2d-v4,-56.49662130606232,2.147
52374,reward,1,Walker2d-v4,-23.554588763940465,6.972
52485,reward,1,Walker2d-v4,-9.099168891093575,5.934
52702,reward,1,Walker2d-v4,-145.34545792326446,-4.948
52809,reward,1,Walker2d-v4,-54.41502637784759,-28.455
52958,reward,1,Walker2d-v4,-57.795874349381414,-27.063
53034,reward,1,Walker2d-v4,-2.4727657023917557,-24.485
53135,reward,1,Walker2d-v4,-43.88379058838808,-28.967
53248,loss,1,Walker2d-v4,-0.047530077397823334,2.720270872116089,1.545710563659668,8.421334266662598,0.03484798222780228
53255,reward,1,Walker2d-v4,-60.683153188307,-54.14
53379,reward,1,Walker2d-v4,-13.279421533079905,-46.703
53493,reward,1,Walker2d-v4,-53.721776581766036,-46.425
53563,reward,1,Walker2d-v4,-22.330087268430685,-46.303
53674,reward,1,Walker2d-v4,-66.98799365686641,-52.092
53832,reward,1,Walker2d-v4,-11.784667059492378,-38.735
53944,reward,1,Walker2d-v4,-33.77292086517939,-36.671
54104,reward,1,Walker2d-v4,-10.58935374878541,-31.951
54273,reward,1,Walker2d-v4,20.392895145471194,-29.664
54356,reward,1,Walker2d-v4,-22.86486283028004,-27.562
54529,reward,1,Walker2d-v4,-62.69184843896175,-27.763
54728,reward,1,Walker2d-v4,-17.64043967942998,-28.199
54886,reward,1,Walker2d-v4,-33.94188862698213,-26.221
55006,reward,1,Walker2d-v4,-64.71061476749927,-30.459
55110,reward,1,Walker2d-v4,-46.80809035160905,-28.441
55223,reward,1,Walker2d-v4,-55.23629228218793,-32.786
55372,reward,1,Walker2d-v4,-53.38288270860338,-34.747
55571,reward,1,Walker2d-v4,-5.692432505813526,-34.258
55712,reward,1,Walker2d-v4,0.27367110540654416,-36.27
55816,reward,1,Walker2d-v4,148.15569233988035,-19.168
55916,reward,1,Walker2d-v4,-16.85398783461428,-14.584
55977,reward,1,Walker2d-v4,-4.5233704100885515,-13.272
56054,reward,1,Walker2d-v4,0.4525883940006128,-9.833
56173,reward,1,Walker2d-v4,1.726245867219756,-3.189
56282,reward,1,Walker2d-v4,188.2008318444215,20.312
56417,reward,1,Walker2d-v4,-14.549256129156255,24.381
56519,reward,1,Walker2d-v4,-10.405069012577252,28.678
56655,reward,1,Walker2d-v4,-63.950641163903946,22.853
56764,reward,1,Walker2d-v4,5.757104888124138,23.401
56892,reward,1,Walker2d-v4,-33.30969491638975,5.254
56999,reward,1,Walker2d-v4,-33.327957307487104,3.607
57119,reward,1,Walker2d-v4,-33.38753953927806,0.721
57256,reward,1,Walker2d-v4,39.92229854941691,4.668
57344,loss,1,Walker2d-v4,-0.02803826704621315,3.507906913757324,1.6494148969650269,8.4176025390625,0.0288256723433733
57447,reward,1,Walker2d-v4,-32.26292624458952,1.269
57561,reward,1,Walker2d-v4,9.157511953587171,-16.636
57659,reward,1,Walker2d-v4,-22.49283182777436,-17.43
57771,reward,1,Walker2d-v4,-5.812510070792307,-16.971
57911,reward,1,Walker2d-v4,210.7176068525089,10.496
58032,reward,1,Walker2d-v4,4.856278068097317,10.406
58210,reward,1,Walker2d-v4,-32.484115365933256,10.489
58332,reward,1,Walker2d-v4,-28.123842661936198,11.009
58489,reward,1,Walker2d-v4,178.79727930968184,32.227
58586,reward,1,Walker2d-v4,-68.45955368752321,21.389
58719,reward,1,Walker2d-v4,-21.5686603935167,22.459
58814,reward,1,Walker2d-v4,2.766795737509157,21.82
58952,reward,1,Walker2d-v4,-28.462118357441707,21.223
59165,reward,1,Walker2d-v4,56.89792092890823,27.494
59389,reward,1,Walker2d-v4,301.87003441240154,36.609
59529,reward,1,Walker2d-v4,234.53751110986244,59.577
59654,reward,1,Walker2d-v4,179.34655202398636,80.76
59777,reward,1,Walker2d-v4,-35.66961945598825,80.006
59883,reward,1,Walker2d-v4,-13.899291454318632,60.736
60000,eval,1,Walker2d-v4,Walker2d-v4,-3.533,-0.019781,182.122
60000,eval,1,Walker2d-v4,HalfCheetah-v4,-278.455,-0.593906,747.308
60078,reward,1,Walker2d-v4,-1.3239453287150544,67.45
60177,reward,1,Walker2d-v4,-21.259269320179516,67.48
60297,reward,1,Walker2d-v4,-8.009251761574394,66.403
60398,reward,1,Walker2d-v4,-51.120359902672035,64.137
60498,reward,1,Walker2d-v4,175.9037550387263,76.038
60591,reward,1,Walker2d-v4,-28.441206376720295,43.006
60813,reward,1,Walker2d-v4,219.9829136951066,41.551
60955,reward,1,Walker2d-v4,14.34306322128103,25.051
61086,reward,1,Walker2d-v4,-22.652770201109618,26.352
61216,reward,1,Walker2d-v4,-76.77139210544098,20.065
61326,reward,1,Walker2d-v4,3.649815684291714,20.563
61440,loss,1,Walker2d-v4,-0.026755888015031815,2.6557412147521973,1.5560240745544434,8.415538787841797,0.019800154492259026
61567,reward,1,Walker2d-v4,125.75837504512813,35.264
61657,reward,1,Walker2d-v4,-15.100631105656463,34.555
61769,reward,1,Walker2d-v4,-4.841698039974636,39.183
61800,reward,1,Walker2d-v4,13.918469309358755,22.984
61914,reward,1,Walker2d-v4,21.088440524352908,27.937
62079,reward,1,Walker2d-v4,-50.289879378117014,0.91
62248,reward,1,Walker2d-v4,-19.6863345313921,-2.493
62416,reward,1,Walker2d-v4,238.6182694691033,23.634
62529,reward,1,Walker2d-v4,-22.746430962524755,29.037
62802,reward,1,Walker2d-v4,114.02418983813575,40.074
62946,reward,1,Walker2d-v4,8.45789749369801,28.344
63126,reward,1,Walker2d-v4,28.745687336718905,32.729
63232,reward,1,Walker2d-v4,17.545464806155355,34.968
63393,reward,1,Walker2d-v4,-18.84546652191893,31.691
63512,reward,1,Walker2d-v4,-2.0341823092823774,29.379
63633,reward,1,Walker2d-v4,22.257775450388213,36.634
63730,reward,1,Walker2d-v4,-16.82937988986088,36.919
63901,reward,1,Walker2d-v4,-25.961545254940514,10.461
64001,reward,1,Walker2d-v4,-31.73674441091024,9.562
64197,reward,1,Walker2d-v4,49.00383432408744,3.06
64290,reward,1,Walker2d-v4,-31.83994995724257,-0.969
64514,reward,1,Walker2d-v4,261.85312982070093,22.341
64767,reward,1,Walker2d-v4,74.99687117603008,28.086
64861,reward,1,Walker2d-v4,-25.708834771540403,27.4
64993,reward,1,Walker2d-v4,-29.275740428273682,24.676
65139,reward,1,Walker2d-v4,-31.843068746409458,19.266
65322,reward,1,Walker2d-v4,33.92778153132524,24.342
65536,loss,1,Walker2d-v4,-0.026607446372509003,4.210782051086426,1.7188388109207153,8.414719581604004,0.0313991978764534
65588,reward,1,Walker2d-v4,310.58923275852993,57.997
65723,reward,1,Walker2d-v4,-0.19197190406256937,61.151
65850,reward,1,Walker2d-v4,-56.34987899327799,50.616
65981,reward,1,Walker2d-v4,-10.320378427838222,52.768
66131,reward,1,Walker2d-v4,-18.334110665462312,24.749
66293,reward,1,Walker2d-v4,-32.7365185561104,13.976
66381,reward,1,Walker2d-v4,3.917264194932127,16.938
66623,reward,1,Walker2d-v4,32.61933585089964,23.128
66754,reward,1,Walker2d-v4,6.07404483366986,26.919
66853,reward,1,Walker2d-v4,-23.982655020964387,21.128
67043,reward,1,Walker2d-v4,6.421979782798586,-9.288
67162,reward,1,Walker2d-v4,-15.069332656650415,-10.776
67311,reward,1,Walker2d-v4,-43.53270261633428,-9.494
67422,reward,1,Walker2d-v4,-19.87051736573228,-10.449
67674,reward,1,Walker2d-v4,71.4634014313625,-1.47
67801,reward,1,Walker2d-v4,-20.029362037282436,-0.199
68009,reward,1,Walker2d-v4,65.93992404225767,6.003
68111,reward,1,Walker2d-v4,-47.06176981954706,-1.965
68448,reward,1,Walker2d-v4,103.34647370435896,7.763
68594,reward,1,Walker2d-v4,1.6972248546225246,10.331
68700,reward,1,Walker2d-v4,-21.646213658651163,7.524
68861,reward,1,Walker2d-v4,11.795514520531698,10.21
69000,reward,1,Walker2d-v4,32.682862158861106,17.832
69090,reward,1,Walker2d-v4,49.464308801358385,24.765
69217,reward,1,Walker2d-v4,-13.134418024414646,16.305
69365,reward,1,Walker2d-v4,23.10614859933295,20.619
69533,reward,1,Walker2d-v4,42.96237248615963,18.321
69632,loss,1,Walker2d-v4,-0.02112949639558792,5.086317539215088,1.934667944908142,8.41446590423584,0.01138389389961958
69691,reward,1,Walker2d-v4,43.48880272511445,27.376
69876,reward,1,Walker2d-v4,3.2634249060632685,17.368
70000,eval,1,Walker2d-v4,Walker2d-v4,14.302,0.080082,164.288
70000,eval,1,Walker2d-v4,HalfCheetah-v4,-219.306,-0.46775,688.159
70153,reward,1,Walker2d-v4,109.28344940519162,28.127
70313,reward,1,Walker2d-v4,7.046787544403443,30.996
70488,reward,1,Walker2d-v4,-19.532928297092887,27.863
70664,reward,1,Walker2d-v4,251.69765331226282,49.765
70785,reward,1,Walker2d-v4,-47.36378810955422,40.082
70947,reward,1,Walker2d-v4,38.47679149809895,45.243
71064,reward,1,Walker2d-v4,-7.772346788380441,42.155
71184,reward,1,Walker2d-v4,-11.641238753043215,36.695
71329,reward,1,Walker2d-v4,-15.2756177281303,30.818
71502,reward,1,Walker2d-v4,1.9174030289890962,30.684
71683,reward,1,Walker2d-v4,-13.076230592475266,18.448
71811,reward,1,Walker2d-v4,-39.12252479659989,13.831
71981,reward,1,Walker2d-v4,-2.861570285936928,15.498
72091,reward,1,Walker2d-v4,-45.40938010092609,-14.213
72211,reward,1,Walker2d-v4,-22.217275897024727,-11.698
72350,reward,1,Walker2d-v4,192.299038169518,3.684
72549,reward,1,Walker2d-v4,231.56320159176235,27.618
72759,reward,1,Walker2d-v4,8.212092287342028,29.603
72885,reward,1,Walker2d-v4,40.195977016899214,35.15
72988,reward,1,Walker2d-v4,-20.752085026327418,32.883
73103,reward,1,Walker2d-v4,-55.925848053225224,28.598
73313,reward,1,Walker2d-v4,74.76249817755442,39.987
73438,reward,1,Walker2d-v4,12.880669089067325,41.561
73532,reward,1,Walker2d-v4,-21.600123566768495,43.942
73634,reward,1,Walker2d-v4,-11.963486596286508,44.967
73728,loss,1,Walker2d-v4,-0.03767731040716171,3.3654215335845947,1.606237530708313,8.412615776062012,0.028278488665819168
73735,reward,1,Walker2d-v4,-62.026977507874065,19.535
73846,reward,1,Walker2d-v4,-27.16436811522914,-6.338
73960,reward,1,Walker2d-v4,-23.770268973145946,-9.536
74190,reward,1,Walker2d-v4,36.11574362138918,-9.944
74368,reward,1,Walker2d-v4,-6.953303212364418,-8.565
74502,reward,1,Walker2d-v4,7.28079734057806,-2.244
74682,reward,1,Walker2d-v4,296.44336845404536,19.924
74802,reward,1,Walker2d-v4,3.9736872310233795,19.034
74920,reward,1,Walker2d-v4,-15.448632288651552,19.649
75022,reward,1,Walker2d-v4,-27.318209206607722,18.113
75224,reward,1,Walker2d-v4,21.79777004585899,26.496
75525,reward,1,Walker2d-v4,92.94101425882482,38.506
75645,reward,1,Walker2d-v4,-38.17077716114341,37.066
75758,reward,1,Walker2d-v4,-1.7001225867704135,33.285
75964,reward,1,Walker2d-v4,99.68973511731951,43.949
76190,reward,1,Walker2d-v4,283.082207310804,71.529
76288,reward,1,Walker2d-v4,16.250179605953036,43.51
76412,reward,1,Walker2d-v4,-47.41643868412344,38.371
76620,reward,1,Walker2d-v4,10.346542581610255,40.95
76718,reward,1,Walker2d-v4,-33.00172014926417,40.382
76875,reward,1,Walker2d-v4,1.6055033454774446,38.363
76963,reward,1,Walker2d-v4,-34.281153666334255,25.64
77235,reward,1,Walker2d-v4,326.5306335332988,62.111
77327,reward,1,Walker2d-v4,-49.29975698289386,57.351
77492,reward,1,Walker2d-v4,21.308438424168287,49.512
77590,reward,1,Walker2d-v4,-40.41972227473437,17.162
77704,reward,1,Walker2d-v4,-37.041588851849085,11.833
77801,reward,1,Walker2d-v4,-10.289372362730932,15.546
77824,loss,1,Walker2d-v4,-0.023116828873753548,4.553727626800537,1.8165732622146606,8.409477233886719,0.013872845098376274
77949,reward,1,Walker2d-v4,-15.634631288172844,12.948
78070,reward,1,Walker2d-v4,-18.542227080014776,14.394
78205,reward,1,Walker2d-v4,13.900910455657074,15.623
78409,reward,1,Walker2d-v4,-30.929803714455563,15.958
78527,reward,1,Walker2d-v4,-40.74159976875173,-20.769
78719,reward,1,Walker2d-v4,32.189590988514944,-12.62
78889,reward,1,Walker2d-v4,30.36085417577383,-11.715
78990,reward,1,Walker2d-v4,-7.378717107722185,-8.411
79242,reward,1,Walker2d-v4,42.42004891845673,-0.464
79457,reward,1,Walker2d-v4,43.77742456573716,4.942
79593,reward,1,Walker2d-v4,-10.374408604817733,5.468
79756,reward,1,Walker2d-v4,-6.159327215618804,6.706
79936,reward,1,Walker2d-v4,11.447847442135519,6.461
80000,eval,1,Walker2d-v4,Walker2d-v4,17.062,0.095539,161.527
80000,eval,1,Walker2d-v4,HalfCheetah-v4,-348.747,-0.743831,817.6
80000,phase_summary,1,Walker2d-v4,17.711,178.59,0.09917,160.879,1.22
80000,phase_start,2,HalfCheetah-v4,80000
81000,reward,2,HalfCheetah-v4,-385.9248960956029,-385.925
82000,reward,2,HalfCheetah-v4,-173.7764497282902,-279.851
83000,reward,2,HalfCheetah-v4,-330.030276670346,-296.577
84000,reward,2,HalfCheetah-v4,-403.9834111717382,-323.429
84096,loss,2,HalfCheetah-v4,-0.013743050396442413,108.83927154541016,9.91679573059082,8.40770435333252,0.01711910404264927
85000,reward,2,HalfCheetah-v4,-273.74909733915354,-313.493
86000,reward,2,HalfCheetah-v4,-297.20492465074483,-310.778
87000,reward,2,HalfCheetah-v4,-375.49032032212295,-320.023
88000,reward,2,HalfCheetah-v4,-241.74016586653542,-310.237
88192,loss,2,HalfCheetah-v4,-0.006039098836481571,43.258174896240234,7.252040386199951,8.407188415527344,0.002865454414859414
89000,reward,2,HalfCheetah-v4,-373.2229041356598,-317.236
90000,eval,2,HalfCheetah-v4,Walker2d-v4,28.453,0.159321,150.137
90000,eval,2,HalfCheetah-v4,HalfCheetah-v4,-343.002,-0.731577,811.855
90000,reward,2,HalfCheetah-v4,-423.068303457427,-327.819
91000,reward,2,HalfCheetah-v4,-370.9432320203583,-326.321
92000,reward,2,HalfCheetah-v4,-493.02144156036957,-358.245
92288,loss,2,HalfCheetah-v4,-0.012584995478391647,26.01519775390625,4.837925910949707,8.407207489013672,0.0037941692862659693
93000,reward,2,HalfCheetah-v4,-418.98995183046804,-367.141
94000,reward,2,HalfCheetah-v4,-366.0569763617831,-363.349
95000,reward,2,HalfCheetah-v4,-396.42483250934106,-375.616
96000,reward,2,HalfCheetah-v4,-363.90658726195255,-382.286
96384,loss,2,HalfCheetah-v4,-0.015803227201104164,15.532472610473633,4.06809139251709,8.407279014587402,0.005142665468156338
97000,reward,2,HalfCheetah-v4,-296.65474110089474,-374.403
98000,reward,2,HalfCheetah-v4,-251.1798782648124,-375.347
99000,reward,2,HalfCheetah-v4,-279.13431817054675,-365.938
100000,eval,2,HalfCheetah-v4,Walker2d-v4,26.967,0.150999,151.623
100000,eval,2,HalfCheetah-v4,HalfCheetah-v4,-268.574,-0.572833,737.427
100000,reward,2,HalfCheetah-v4,-366.7950201564102,-360.311
100480,loss,2,HalfCheetah-v4,-0.023700278252363205,12.12818717956543,3.4242725372314453,8.407092094421387,0.012907944619655609
101000,reward,2,HalfCheetah-v4,-376.080749721038,-360.824
102000,reward,2,HalfCheetah-v4,-221.86858431229325,-333.709
103000,reward,2,HalfCheetah-v4,-388.013046449548,-330.611
104000,reward,2,HalfCheetah-v4,-396.43869160123256,-333.65
104576,loss,2,HalfCheetah-v4,-0.053143516182899475,5.674168109893799,2.185771942138672,8.406548500061035,0.04098372533917427
105000,reward,2,HalfCheetah-v4,-312.44068260640597,-325.251
106000,reward,2,HalfCheetah-v4,-407.19850910664144,-329.58
107000,reward,2,HalfCheetah-v4,-398.9290912208692,-339.808
108000,reward,2,HalfCheetah-v4,-369.73106949673746,-351.663
108672,loss,2,HalfCheetah-v4,-0.046551402658224106,4.216117858886719,2.0211286544799805,8.40499210357666,0.024730615317821503
109000,reward,2,HalfCheetah-v4,-363.2728545808742,-360.077
110000,eval,2,HalfCheetah-v4,Walker2d-v4,24.072,0.134791,154.517
110000,eval,2,HalfCheetah-v4,HalfCheetah-v4,-382.684,-0.816213,851.537
110000,reward,2,HalfCheetah-v4,-342.94248723402063,-357.692
111000,reward,2,HalfCheetah-v4,-331.3296781497444,-353.216
112000,reward,2,HalfCheetah-v4,-332.5506424745404,-364.285
112768,loss,2,HalfCheetah-v4,-0.03335612267255783,3.636711597442627,1.9534456729888916,8.402966499328613,0.030749158933758736
113000,reward,2,HalfCheetah-v4,-112.32524359882524,-336.716
114000,reward,2,HalfCheetah-v4,-426.96310609346335,-339.768
115000,reward,2,HalfCheetah-v4,-356.14159317756906,-344.138
116000,reward,2,HalfCheetah-v4,-382.3099464267241,-341.65
116864,loss,2,HalfCheetah-v4,-0.05056916922330856,2.094294548034668,1.2887517213821411,8.401415824890137,0.05131485313177109
117000,reward,2,HalfCheetah-v4,-440.1234310160264,-345.769
118000,reward,2,HalfCheetah-v4,-456.33103345165705,-354.429
119000,reward,2,HalfCheetah-v4,-248.83019304596596,-342.985
120000,eval,2,HalfCheetah-v4,Walker2d-v4,15.733,0.088096,162.857
120000,eval,2,HalfCheetah-v4,HalfCheetah-v4,-435.139,-0.928092,903.992
120000,reward,2,HalfCheetah-v4,-497.0970277897016,-358.4
120960,loss,2,HalfCheetah-v4,-0.06125966086983681,1.3622852563858032,1.0878477096557617,8.399359703063965,0.05692771077156067
121000,reward,2,HalfCheetah-v4,-400.9534793932191,-365.363
122000,reward,2,HalfCheetah-v4,-417.19655984324385,-373.827
123000,reward,2,HalfCheetah-v4,-416.11340437988116,-404.206
124000,reward,2,HalfCheetah-v4,-231.00285751249342,-384.61
125000,reward,2,HalfCheetah-v4,-467.9010180832516,-395.786
125056,loss,2,HalfCheetah-v4,-0.05067061632871628,1.6359148025512695,1.248378872871399,8.392425537109375,0.07170888036489487
126000,reward,2,HalfCheetah-v4,-446.19874312126973,-402.175
127000,reward,2,HalfCheetah-v4,-433.8054279966069,-401.543
128000,reward,2,HalfCheetah-v4,-288.3127384337862,-384.741
129000,reward,2,HalfCheetah-v4,-343.86486903547086,-394.245
129152,loss,2,HalfCheetah-v4,-0.06587062776088715,1.2408757209777832,1.0176215171813965,8.38240909576416,0.08468534052371979
130000,eval,2,HalfCheetah-v4,Walker2d-v4,148.131,0.829447,30.459
130000,eval,2,HalfCheetah-v4,HalfCheetah-v4,-276.069,-0.588819,744.923
130000,reward,2,HalfCheetah-v4,-434.4044837158876,-387.975
131000,reward,2,HalfCheetah-v4,-404.36369087172596,-388.316
132000,reward,2,HalfCheetah-v4,-521.0748244073098,-398.704
133000,reward,2,HalfCheetah-v4,-427.80303293373925,-399.873
133248,loss,2,HalfCheetah-v4,-0.05994834750890732,1.241850733757019,1.0744673013687134,8.378876686096191,0.05672641843557358
134000,reward,2,HalfCheetah-v4,-437.0083556812855,-420.474
135000,reward,2,HalfCheetah-v4,-451.31743943878655,-418.815
136000,reward,2,HalfCheetah-v4,-311.4805465264916,-405.344
137000,reward,2,HalfCheetah-v4,-379.155960497701,-399.879
137344,loss,2,HalfCheetah-v4,-0.060348011553287506,1.9030797481536865,1.1922458410263062,8.379740715026855,0.13262954354286194
138000,reward,2,HalfCheetah-v4,-515.8937026544496,-422.637
139000,reward,2,HalfCheetah-v4,-422.7519886739711,-430.525
140000,eval,2,HalfCheetah-v4,Walker2d-v4,275.84,1.0,0.0
140000,eval,2,HalfCheetah-v4,HalfCheetah-v4,-312.713,-0.666974,781.566
140000,reward,2,HalfCheetah-v4,-538.6419822378547,-440.949
141000,reward,2,HalfCheetah-v4,-329.2548587854745,-433.438
141440,loss,2,HalfCheetah-v4,-0.045696258544921875,2.4410643577575684,1.3926329612731934,8.375713348388672,0.05860613286495209
142000,reward,2,HalfCheetah-v4,-531.918408632156,-434.523
143000,reward,2,HalfCheetah-v4,-465.25050816201394,-438.267
144000,reward,2,HalfCheetah-v4,-435.61842439880655,-438.128
145000,reward,2,HalfCheetah-v4,-342.8917725360425,-427.286
145536,loss,2,HalfCheetah-v4,-0.04357897490262985,2.223325252532959,1.402877926826477,8.371430397033691,0.04232477769255638
146000,reward,2,HalfCheetah-v4,-520.7988987822517,-448.218
147000,reward,2,HalfCheetah-v4,-369.6988999374328,-447.272
148000,reward,2,HalfCheetah-v4,-508.68864636769416,-446.551
149000,reward,2,HalfCheetah-v4,-294.34811004019247,-433.711
149632,loss,2,HalfCheetah-v4,-0.033418040722608566,2.5614840984344482,1.3848962783813477,8.366753578186035,0.028265981003642082
150000,eval,2,HalfCheetah-v4,Walker2d-v4,298.073,1.0,0.0
150000,eval,2,HalfCheetah-v4,HalfCheetah-v4,-88.41,-0.188566,557.263
150000,reward,2,HalfCheetah-v4,-257.78467534294,-405.625
151000,reward,2,HalfCheetah-v4,-429.20858935619765,-415.621
152000,reward,2,HalfCheetah-v4,-470.75907461584603,-409.505
153000,reward,2,HalfCheetah-v4,-569.2965628292966,-419.909
153728,loss,2,HalfCheetah-v4,-0.06003901734948158,2.134996175765991,1.3622105121612549,8.360481262207031,0.07554197311401367
154000,reward,2,HalfCheetah-v4,-509.621283139234,-427.31
155000,reward,2,HalfCheetah-v4,-384.12855365438435,-431.433
156000,reward,2,HalfCheetah-v4,-460.25896303476264,-425.379
157000,reward,2,HalfCheetah-v4,-478.7190434656199,-436.281
157824,loss,2,HalfCheetah-v4,-0.053335562348365784,2.1838552951812744,1.3208062648773193,8.35465145111084,0.08155543357133865
158000,reward,2,HalfCheetah-v4,-679.0205734432903,-453.315
159000,reward,2,HalfCheetah-v4,-454.28516251202313,-469.308
160000,eval,2,HalfCheetah-v4,Walker2d-v4,-7.37,-0.024726,305.443
160000,eval,2,HalfCheetah-v4,HalfCheetah-v4,-602.476,-1.285,1071.329
160000,reward,2,HalfCheetah-v4,-385.0068354974027,-482.03
160000,phase_summary,2,HalfCheetah-v4,3.682,178.59,0.020619,174.907,2.28
160000,phase_start,3,Walker2d-v4,80000
160015,reward,3,Walker2d-v4,6.194958977008877,6.195
160112,reward,3,Walker2d-v4,60.2557366474397,33.225
160159,reward,3,Walker2d-v4,15.336851493277715,27.263
160190,reward,3,Walker2d-v4,18.58619784377174,25.093
160233,reward,3,Walker2d-v4,4.6659905410215545,21.008
160262,reward,3,Walker2d-v4,8.539904652664724,18.93
160289,reward,3,Walker2d-v4,18.256980012200625,18.834
160316,reward,3,Walker2d-v4,4.711797302661673,17.069
160380,reward,3,Walker2d-v4,61.038420419035894,21.954
160426,reward,3,Walker2d-v4,22.332469170545355,21.992
160463,reward,3,Walker2d-v4,24.794748210792367,23.852
160522,reward,3,Walker2d-v4,29.94015224493767,20.82
160553,reward,3,Walker2d-v4,10.868526961035021,20.374
160577,reward,3,Walker2d-v4,13.768743133214617,19.892
160603,reward,3,Walker2d-v4,10.553793268508517,20.481
160666,reward,3,Walker2d-v4,8.47218533682344,20.474
160705,reward,3,Walker2d-v4,13.879657434287717,20.036
160747,reward,3,Walker2d-v4,10.94911839116853,20.66
160762,reward,3,Walker2d-v4,7.9330608565321015,15.349
160799,reward,3,Walker2d-v4,5.264190888467652,13.642
160834,reward,3,Walker2d-v4,17.730134621881774,12.936
160875,reward,3,Walker2d-v4,10.420693637052185,10.984
160942,reward,3,Walker2d-v4,2.636174384509416,10.161
160994,reward,3,Walker2d-v4,7.555817789273245,9.539
161040,reward,3,Walker2d-v4,21.944600508645443,10.679
161112,reward,3,Walker2d-v4,26.318313211918355,12.463
161165,reward,3,Walker2d-v4,39.363400167441014,15.012
161252,reward,3,Walker2d-v4,3.1756868211244775,14.234
161283,reward,3,Walker2d-v4,21.11342895440145,15.552
161319,reward,3,Walker2d-v4,20.094748064300205,17.035
161336,reward,3,Walker2d-v4,5.788696763048775,15.841
161387,reward,3,Walker2d-v4,24.898227539273908,17.289
161440,reward,3,Walker2d-v4,18.847471660747907,18.91
161480,reward,3,Walker2d-v4,31.489564178629262,21.303
161517,reward,3,Walker2d-v4,4.072599680712319,19.516
161544,reward,3,Walker2d-v4,7.6987043653765745,17.654
161572,reward,3,Walker2d-v4,18.21897845775327,15.54
161610,reward,3,Walker2d-v4,12.77996814334389,16.5
161726,reward,3,Walker2d-v4,-11.597361671507976,13.229
161765,reward,3,Walker2d-v4,22.279537835930046,13.448
161781,reward,3,Walker2d-v4,8.08795868201709,13.678
161824,reward,3,Walker2d-v4,28.55094047534004,14.043
161905,reward,3,Walker2d-v4,46.93998711400916,16.852
161927,reward,3,Walker2d-v4,11.56812178525371,14.86
161973,reward,3,Walker2d-v4,28.303906876635775,17.283
161989,reward,3,Walker2d-v4,8.790084000851191,17.392
162010,reward,3,Walker2d-v4,12.955122994641604,16.866
162059,reward,3,Walker2d-v4,35.17678579491356,19.106
162108,reward,3,Walker2d-v4,13.257435394136907,21.591
162142,reward,3,Walker2d-v4,17.837545636610724,21.147
162162,reward,3,Walker2d-v4,8.343850322946139,21.172
162192,reward,3,Walker2d-v4,17.69960873887888,20.087
162217,reward,3,Walker2d-v4,9.205038511335863,16.314
162283,reward,3,Walker2d-v4,3.9783446215649163,15.555
162331,reward,3,Walker2d-v4,36.552435089448295,16.38
162388,reward,3,Walker2d-v4,13.57241882254153,16.858
162424,reward,3,Walker2d-v4,23.7419333168404,17.937
162449,reward,3,Walker2d-v4,12.444828855199972,15.663
162492,reward,3,Walker2d-v4,14.35901787087231,15.774
162513,reward,3,Walker2d-v4,13.324553796069518,15.322
162562,reward,3,Walker2d-v4,25.952696764947476,17.083
162595,reward,3,Walker2d-v4,28.312953446906725,18.144
162648,reward,3,Walker2d-v4,13.127929384988265,18.537
162687,reward,3,Walker2d-v4,24.864047429648306,20.625
162705,reward,3,Walker2d-v4,4.783478711747602,17.448
162748,reward,3,Walker2d-v4,25.862242103590244,18.677
162769,reward,3,Walker2d-v4,14.668401083921857,17.77
162799,reward,3,Walker2d-v4,6.805680630956235,17.206
162835,reward,3,Walker2d-v4,12.503791984348103,17.021
162895,reward,3,Walker2d-v4,10.0165375022973,16.69
162970,reward,3,Walker2d-v4,-14.605238382016884,12.634
163024,reward,3,Walker2d-v4,2.725771513324839,10.075
163052,reward,3,Walker2d-v4,18.623158003632657,10.625
163107,reward,3,Walker2d-v4,27.44470582052571,10.883
163135,reward,3,Walker2d-v4,15.024238046948588,11.907
163180,reward,3,Walker2d-v4,7.157794604974209,10.036
163237,reward,3,Walker2d-v4,37.44890578954507,12.315
163282,reward,3,Walker2d-v4,30.9667951943172,14.731
163314,reward,3,Walker2d-v4,25.837573721411395,16.064
163350,reward,3,Walker2d-v4,25.5761991766028,17.62
163429,reward,3,Walker2d-v4,8.577146704792396,19.938
163472,reward,3,Walker2d-v4,48.43834548599108,24.509
163566,reward,3,Walker2d-v4,38.89519269662056,26.537
163617,reward,3,Walker2d-v4,42.2892569733989,28.021
163633,reward,3,Walker2d-v4,6.229715489174348,27.142
163665,reward,3,Walker2d-v4,12.87687780715605,27.714
163682,reward,3,Walker2d-v4,5.752592031806402,24.544
163737,reward,3,Walker2d-v4,19.762269171497504,23.424
163771,reward,3,Walker2d-v4,15.391715820625414,22.379
163791,reward,3,Walker2d-v4,8.860206940266,20.707
163839,reward,3,Walker2d-v4,42.5047505287165,24.1
163901,reward,3,Walker2d-v4,24.086194646599942,21.665
163958,reward,3,Walker2d-v4,8.793345715282296,18.655
164022,reward,3,Walker2d-v4,8.7521767084528,15.301
164079,reward,3,Walker2d-v4,24.63786014318835,17.142
164096,loss,3,Walker2d-v4,-0.053766459226608276,1.5509803295135498,1.1078695058822632,8.352397918701172,0.0752628892660141
164160,reward,3,Walker2d-v4,-16.51987686896872,14.202
164203,reward,3,Walker2d-v4,35.7416515867193,17.201
164357,reward,3,Walker2d-v4,44.38326310634228,19.663
164388,reward,3,Walker2d-v4,10.418752358761738,19.166
164440,reward,3,Walker2d-v4,25.66348043492197,20.846
164530,reward,3,Walker2d-v4,3.776596627014363,16.973
164567,reward,3,Walker2d-v4,18.784358748183774,16.443
164648,reward,3,Walker2d-v4,17.60298608593314,17.324
164727,reward,3,Walker2d-v4,66.9845635140982,23.147
164762,reward,3,Walker2d-v4,11.02157724698767,21.786
164790,reward,3,Walker2d-v4,16.106702678569697,25.048
164935,reward,3,Walker2d-v4,57.519559815133285,27.226
165021,reward,3,Walker2d-v4,-18.692207325088862,20.919
165048,reward,3,Walker2d-v4,9.66798598263826,20.844
165128,reward,3,Walker2d-v4,62.97518877389493,24.575
165238,reward,3,Walker2d-v4,75.32594843424508,31.73
165370,reward,3,Walker2d-v4,30.209129101975297,32.872
165467,reward,3,Walker2d-v4,-9.738715067375345,30.138
165614,reward,3,Walker2d-v4,158.85352344194467,39.325
165731,reward,3,Walker2d-v4,19.220189909944395,40.145
165769,reward,3,Walker2d-v4,28.746332030379882,41.409
165863,reward,3,Walker2d-v4,-25.327657374082136,33.124
165882,reward,3,Walker2d-v4,11.492121914745601,36.142
165941,reward,3,Walker2d-v4,24.959437637770893,37.672
166015,reward,3,Walker2d-v4,-10.230351637146054,30.351
166062,reward,3,Walker2d-v4,48.34993313553357,27.653
166146,reward,3,Walker2d-v4,-4.375124528493279,24.195
166200,reward,3,Walker2d-v4,45.137938845641614,29.683
166244,reward,3,Walker2d-v4,15.347841621834355,15.332
166331,reward,3,Walker2d-v4,49.87515686238027,18.398
166364,reward,3,Walker2d-v4,18.7919123403903,17.402
166498,reward,3,Walker2d-v4,17.382769362016298,21.673
166626,reward,3,Walker2d-v4,2.9745855546091504,20.821
166645,reward,3,Walker2d-v4,10.579107207728875,19.383
166737,reward,3,Walker2d-v4,53.17228409954462,25.724
166816,reward,3,Walker2d-v4,0.023518476842929292,20.891
166877,reward,3,Walker2d-v4,36.86846064237171,25.015
167039,reward,3,Walker2d-v4,25.093473753679948,23.011
167157,reward,3,Walker2d-v4,62.47323727055926,27.723
167241,reward,3,Walker2d-v4,-35.95518258658298,19.14
167307,reward,3,Walker2d-v4,21.109838452448418,19.372
167348,reward,3,Walker2d-v4,21.86013963527664,19.82
167502,reward,3,Walker2d-v4,-23.90683971108994,17.132
167565,reward,3,Walker2d-v4,58.81039879472528,21.955
167645,reward,3,Walker2d-v4,101.80839586980606,26.819
167687,reward,3,Walker2d-v4,12.454396246155383,28.062
167766,reward,3,Walker2d-v4,16.07930413146803,25.983
167786,reward,3,Walker2d-v4,11.066631463663452,24.58
167822,reward,3,Walker2d-v4,17.673394685654987,20.1
167850,reward,3,Walker2d-v4,17.505416978009208,25.446
167877,reward,3,Walker2d-v4,16.320773136611898,24.967
167896,reward,3,Walker2d-v4,10.526034496479564,23.834
167930,reward,3,Walker2d-v4,18.412984132802954,28.066
167969,reward,3,Walker2d-v4,21.886202156761335,24.373
168038,reward,3,Walker2d-v4,93.07482257790024,23.5
168146,reward,3,Walker2d-v4,39.30957299430045,26.186
168192,loss,3,Walker2d-v4,-0.045431025326251984,1.233245611190796,1.0850141048431396,8.345596313476562,0.09960098564624786
168228,reward,3,Walker2d-v4,3.764960287959335,24.954
168321,reward,3,Walker2d-v4,20.29317086029068,25.877
168428,reward,3,Walker2d-v4,28.155193577833252,26.925
168540,reward,3,Walker2d-v4,75.7451770635099,32.749
168585,reward,3,Walker2d-v4,27.096592807395186,33.826
168680,reward,3,Walker2d-v4,103.31652124022496,43.106
168799,reward,3,Walker2d-v4,-13.590795317629054,39.905
168885,reward,3,Walker2d-v4,48.94276208567816,42.611
169003,reward,3,Walker2d-v4,80.90123609612209,41.393
169053,reward,3,Walker2d-v4,16.847455835226423,39.147
169198,reward,3,Walker2d-v4,27.32354628247969,41.503
169233,reward,3,Walker2d-v4,20.091212973131803,41.483
169311,reward,3,Walker2d-v4,71.64376479951984,45.832
169420,reward,3,Walker2d-v4,-13.281895137799612,36.929
169539,reward,3,Walker2d-v4,14.389848961104123,35.658
169625,reward,3,Walker2d-v4,-5.94941490561418,24.732
169830,reward,3,Walker2d-v4,223.76182903789538,48.467
169982,reward,3,Walker2d-v4,81.53855247621924,51.727
170000,eval,3,Walker2d-v4,Walker2d-v4,16.135,0.054131,281.938
170000,eval,3,Walker2d-v4,HalfCheetah-v4,-514.583,-1.097536,983.436
170128,reward,3,Walker2d-v4,1.2037782945719897,43.757
170241,reward,3,Walker2d-v4,-25.394305081382058,39.533
170332,reward,3,Walker2d-v4,34.275603736175576,40.228
170435,reward,3,Walker2d-v4,59.59548851444218,44.178
170613,reward,3,Walker2d-v4,13.488113102781945,38.363
170706,reward,3,Walker2d-v4,21.683628919194124,41.859
170888,reward,3,Walker2d-v4,-37.93085717135917,36.627
170992,reward,3,Walker2d-v4,40.39580480732359,41.262
171111,reward,3,Walker2d-v4,25.34883270781529,21.42
171274,reward,3,Walker2d-v4,220.3782828843141,35.304
171295,reward,3,Walker2d-v4,12.533415076790353,36.437
171403,reward,3,Walker2d-v4,19.091168047868127,40.886
171465,reward,3,Walker2d-v4,54.55760478903881,42.914
171596,reward,3,Walker2d-v4,87.87491361122392,45.742
171643,reward,3,Walker2d-v4,7.932249826978941,45.187
171744,reward,3,Walker2d-v4,-19.957133445161816,41.022
171846,reward,3,Walker2d-v4,41.347123703369704,48.95
171949,reward,3,Walker2d-v4,71.41972041901695,52.053
172074,reward,3,Walker2d-v4,-65.07138714856083,43.011
172173,reward,3,Walker2d-v4,71.396235162584,28.112
172288,loss,3,Walker2d-v4,-0.05664045363664627,1.315797209739685,1.1352653503417969,8.333939552307129,0.09924481809139252
172353,reward,3,Walker2d-v4,-26.80974114906639,24.178
172476,reward,3,Walker2d-v4,11.574549452212652,23.426
172585,reward,3,Walker2d-v4,156.13474228607484,33.584
172682,reward,3,Walker2d-v4,11.138438318950001,25.91
173053,reward,3,Walker2d-v4,104.21403301960883,35.539
173154,reward,3,Walker2d-v4,-9.536539954524205,36.581
173387,reward,3,Walker2d-v4,311.5580847397703,63.602
173601,reward,3,Walker2d-v4,85.35002849814391,64.995
173705,reward,3,Walker2d-v4,-22.98358375478959,69.204
174019,reward,3,Walker2d-v4,150.72833714802707,77.137
174165,reward,3,Walker2d-v4,57.433766000685885,85.561
174280,reward,3,Walker2d-v4,66.86364050324467,91.09
174358,reward,3,Walker2d-v4,49.393654625267246,80.416
174468,reward,3,Walker2d-v4,125.49809308084563,91.852
174595,reward,3,Walker2d-v4,-28.050318308942398,78.626
174752,reward,3,Walker2d-v4,-61.40611362618721,73.439
174819,reward,3,Walker2d-v4,52.083348545943736,47.491
175000,reward,3,Walker2d-v4,111.97093648131512,50.153
175179,reward,3,Walker2d-v4,34.70524015268554,55.922
175332,reward,3,Walker2d-v4,8.62291602067443,41.712
175380,reward,3,Walker2d-v4,31.550812910811686,39.123
175606,reward,3,Walker2d-v4,309.0615766992395,63.343
175804,reward,3,Walker2d-v4,37.41184566050589,62.145
175934,reward,3,Walker2d-v4,11.001712244040771,50.695
175958,reward,3,Walker2d-v4,13.411932948876107,54.841
176060,reward,3,Walker2d-v4,74.93185477484771,68.475
176309,reward,3,Walker2d-v4,102.77876605035928,73.545
176384,loss,3,Walker2d-v4,-0.03193892538547516,1.629888892173767,1.261991262435913,8.323410034179688,0.04791857302188873
176461,reward,3,Walker2d-v4,188.65873160544265,81.214
176666,reward,3,Walker2d-v4,181.68627901281187,95.912
176831,reward,3,Walker2d-v4,97.31689798472826,104.781
177009,reward,3,Walker2d-v4,-11.27717136294198,100.498
177265,reward,3,Walker2d-v4,92.75567775278505,78.868
177355,reward,3,Walker2d-v4,164.00359306457483,91.527
177529,reward,3,Walker2d-v4,42.56989009205026,94.684
177766,reward,3,Walker2d-v4,79.06074375345882,101.249
177890,reward,3,Walker2d-v4,6.932849797049359,94.449
178138,reward,3,Walker2d-v4,121.26065520513485,96.297
178193,reward,3,Walker2d-v4,33.432946699619556,80.774
178238,reward,3,Walker2d-v4,36.42944999754579,66.249
178404,reward,3,Walker2d-v4,-11.616901129438716,55.355
178508,reward,3,Walker2d-v4,106.01381523927081,67.084
178674,reward,3,Walker2d-v4,270.3291201463521,84.842
178818,reward,3,Walker2d-v4,39.76226439372621,72.417
179011,reward,3,Walker2d-v4,65.82963902761922,74.743
179136,reward,3,Walker2d-v4,35.95562099101422,70.433
179243,reward,3,Walker2d-v4,21.576282965335363,71.897
179355,reward,3,Walker2d-v4,16.496985300698036,61.421
179564,reward,3,Walker2d-v4,84.30217837790431,66.508
179734,reward,3,Walker2d-v4,73.38405157974091,70.203
180000,eval,3,Walker2d-v4,Walker2d-v4,265.137,0.889502,32.936
180000,eval,3,Walker2d-v4,HalfCheetah-v4,-262.078,-0.558978,730.932
180046,reward,3,Walker2d-v4,401.7724541527617,111.542
180225,reward,3,Walker2d-v4,42.47483761957395,105.188
180376,reward,3,Walker2d-v4,104.2174295643088,88.577
180412,reward,3,Walker2d-v4,32.83894706062016,87.885
180480,loss,3,Walker2d-v4,-0.04430569335818291,2.1636314392089844,1.4067209959030151,8.31551456451416,0.05591949075460434
180590,reward,3,Walker2d-v4,314.1689970225791,112.719
180999,reward,3,Walker2d-v4,213.6418372200958,130.487
181122,reward,3,Walker2d-v4,-5.343561790342735,127.795
181303,reward,3,Walker2d-v4,266.9297229380344,152.839
181579,reward,3,Walker2d-v4,146.69676451821567,159.078
181677,reward,3,Walker2d-v4,39.35165135107497,155.675
181873,reward,3,Walker2d-v4,66.80827902705114,122.178
182040,reward,3,Walker2d-v4,83.43087763509897,126.274
182363,reward,3,Walker2d-v4,159.3022399116377,131.783
182563,reward,3,Walker2d-v4,339.7793124940538,162.477
182664,reward,3,Walker2d-v4,-5.484394776874104,130.511
182816,reward,3,Walker2d-v4,37.42293209258251,112.889
182958,reward,3,Walker2d-v4,263.19067029021187,139.743
183124,reward,3,Walker2d-v4,37.45431058775419,116.795
183368,reward,3,Walker2d-v4,54.06963844378647,107.533
183545,reward,3,Walker2d-v4,-7.4913345187218265,102.848
183617,reward,3,Walker2d-v4,63.20118911105543,102.488
183802,reward,3,Walker2d-v4,292.0049623477942,123.345
184027,reward,3,Walker2d-v4,306.42456058216015,138.057
184049,reward,3,Walker2d-v4,13.955154558154574,105.475
184237,reward,3,Walker2d-v4,243.24225243421262,130.347
184333,reward,3,Walker2d-v4,-2.001651938248102,126.405
184462,reward,3,Walker2d-v4,4.198394343955645,100.506
184576,loss,3,Walker2d-v4,-0.020703651010990143,2.2430474758148193,1.4115490913391113,8.310359001159668,0.021762927994132042
184682,reward,3,Walker2d-v4,78.5874743631086,104.619
184898,reward,3,Walker2d-v4,79.1346846370861,107.126
185020,reward,3,Walker2d-v4,-17.693112511238372,106.105
185231,reward,3,Walker2d-v4,60.03260810820962,105.789
185400,reward,3,Walker2d-v4,-28.853867353703027,73.703
185581,reward,3,Walker2d-v4,36.34089327202741,46.694
185808,reward,3,Walker2d-v4,332.5807985356525,78.557
186080,reward,3,Walker2d-v4,384.75988801732933,92.709
186273,reward,3,Walker2d-v4,295.4783459420859,122.457
186408,reward,3,Walker2d-v4,23.15793526434004,124.353
186566,reward,3,Walker2d-v4,274.285823989953,143.922
186904,reward,3,Walker2d-v4,153.95867327667523,151.405
187050,reward,3,Walker2d-v4,29.42191207891732,156.116
187137,reward,3,Walker2d-v4,5.122179056482165,150.625
187274,reward,3,Walker2d-v4,23.37408264469693,155.848
187391,reward,3,Walker2d-v4,-27.478337775176946,149.466
187531,reward,3,Walker2d-v4,32.061981493743964,119.414
187811,reward,3,Walker2d-v4,413.66947718022936,122.305
187952,reward,3,Walker2d-v4,7.56389008776558,93.514
188065,reward,3,Walker2d-v4,14.502812585385598,92.648
188335,reward,3,Walker2d-v4,94.20235808595288,74.64
188494,reward,3,Walker2d-v4,242.7295144301967,83.517
188672,loss,3,Walker2d-v4,-0.02514493837952614,2.398294448852539,1.5014688968658447,8.307572364807129,0.02358035184442997
188816,reward,3,Walker2d-v4,309.92007151952333,111.567
188881,reward,3,Walker2d-v4,55.47606430641208,116.602
189193,reward,3,Walker2d-v4,88.4132233199111,123.106
189363,reward,3,Walker2d-v4,38.11698519647354,129.666
189514,reward,3,Walker2d-v4,148.13955472078908,141.273
189659,reward,3,Walker2d-v4,106.43773862147914,110.55
189785,reward,3,Walker2d-v4,215.08698645984154,131.303
190000,eval,3,Walker2d-v4,Walker2d-v4,44.17,0.148186,253.903
190000,eval,3,Walker2d-v4,HalfCheetah-v4,-109.107,-0.232711,577.96
190029,reward,3,Walker2d-v4,54.52869008672486,135.305
190106,reward,3,Walker2d-v4,16.478311215449956,127.533
190245,reward,3,Walker2d-v4,-2.3171400591489384,103.028
190462,reward,3,Walker2d-v4,58.754413269301175,77.911
190644,reward,3,Walker2d-v4,312.6811829547702,103.632
191071,reward,3,Walker2d-v4,200.896757910416,114.88
191285,reward,3,Walker2d-v4,340.9355240932152,145.162
191589,reward,3,Walker2d-v4,394.5141115356419,169.8
191775,reward,3,Walker2d-v4,-0.0291478855551075,159.153
191945,reward,3,Walker2d-v4,32.28872943064383,140.873
192140,reward,3,Walker2d-v4,299.1808716776634,165.338
192308,reward,3,Walker2d-v4,286.7270598763014,192.363
192568,reward,3,Walker2d-v4,345.1604173328057,227.111
192768,loss,3,Walker2d-v4,-0.026192177087068558,3.4780666828155518,1.6837416887283325,8.307061195373535,0.028787044808268547
192809,reward,3,Walker2d-v4,299.318455780348,251.167
192983,reward,3,Walker2d-v4,8.286883697998134,220.728
193111,reward,3,Walker2d-v4,-22.730733041322534,198.365
193287,reward,3,Walker2d-v4,84.75627989546257,172.747
193438,reward,3,Walker2d-v4,-33.48146979684752,129.948
193573,reward,3,Walker2d-v4,252.58489142399853,155.209
193719,reward,3,Walker2d-v4,-14.843407147363724,150.496
193888,reward,3,Walker2d-v4,33.93985878340115,123.972
193997,reward,3,Walker2d-v4,-0.6365804066890175,95.235
194172,reward,3,Walker2d-v4,-3.0485094123145586,60.415
194291,reward,3,Walker2d-v4,-21.068684035314288,28.376
194536,reward,3,Walker2d-v4,319.0026833909513,59.447
194651,reward,3,Walker2d-v4,-18.681693171090448,59.852
194933,reward,3,Walker2d-v4,346.2483383047268,86.002
195048,reward,3,Walker2d-v4,24.260725831171936,91.776
195248,reward,3,Walker2d-v4,299.82823911585945,96.5
195307,reward,3,Walker2d-v4,50.85787907133997,103.07
195455,reward,3,Walker2d-v4,35.73023660740542,103.249
195674,reward,3,Walker2d-v4,58.803230123061184,109.193
195891,reward,3,Walker2d-v4,75.47940760930217,117.046
196200,reward,3,Walker2d-v4,113.34614116053457,130.488
196448,reward,3,Walker2d-v4,14.876355869201896,100.075
196757,reward,3,Walker2d-v4,123.30705433019324,114.274
196864,loss,3,Walker2d-v4,-0.04854918643832207,2.233186721801758,1.36757230758667,8.306242942810059,0.05289072543382645
196918,reward,3,Walker2d-v4,25.730864598318064,82.222
197006,reward,3,Walker2d-v4,169.28502022173615,96.724
197257,reward,3,Walker2d-v4,70.615310474596,73.803
197453,reward,3,Walker2d-v4,327.58456137103,101.476
197691,reward,3,Walker2d-v4,98.66904362876203,107.77
197936,reward,3,Walker2d-v4,50.891240110572575,106.978
198079,reward,3,Walker2d-v4,229.89240024466707,122.42
198230,reward,3,Walker2d-v4,24.312717462334387,113.516
198476,reward,3,Walker2d-v4,358.70138165932957,147.899
198633,reward,3,Walker2d-v4,301.7925780916666,165.748
198803,reward,3,Walker2d-v4,276.7623388488816,190.851
199070,reward,3,Walker2d-v4,107.51654087255368,184.674
199228,reward,3,Walker2d-v4,20.507305225710713,179.663
199362,reward,3,Walker2d-v4,15.377698021556682,148.442
199577,reward,3,Walker2d-v4,77.24417080221079,146.3
199913,reward,3,Walker2d-v4,130.0999355229495,154.221
200000,eval,3,Walker2d-v4,Walker2d-v4,73.456,0.246438,224.617
200000,eval,3,Walker2d-v4,HalfCheetah-v4,-213.858,-0.45613,682.711
200192,reward,3,Walker2d-v4,418.019396621275,173.033
200408,reward,3,Walker2d-v4,346.937838821688,205.296
200681,reward,3,Walker2d-v4,413.7309912238472,210.799
200838,reward,3,Walker2d-v4,16.488370921408126,182.268
200960,loss,3,Walker2d-v4,-0.016516048461198807,3.0956101417541504,1.6009454727172852,8.303889274597168,0.022371802479028702
201152,reward,3,Walker2d-v4,450.623632621229,199.655
201349,reward,3,Walker2d-v4,317.8969614074219,220.693
201504,reward,3,Walker2d-v4,265.2869076769347,245.171
201809,reward,3,Walker2d-v4,402.3770214222817,283.871
202054,reward,3,Walker2d-v4,386.29652779268855,314.776
202264,reward,3,Walker2d-v4,351.31315140766,336.897
202648,reward,3,Walker2d-v4,503.8531856239487,345.48
202824,reward,3,Walker2d-v4,313.87886833909585,342.175
202948,reward,3,Walker2d-v4,232.79346250942822,324.081
203115,reward,3,Walker2d-v4,18.265551365083287,324.259
203292,reward,3,Walker2d-v4,44.10032485740235,283.606
203568,reward,3,Walker2d-v4,369.34634508854816,288.751
203793,reward,3,Walker2d-v4,298.4390409481029,292.066
204048,reward,3,Walker2d-v4,332.14117237157166,285.043
204282,reward,3,Walker2d-v4,339.65303687226407,280.378
204446,reward,3,Walker2d-v4,280.1622487970684,273.263
204732,reward,3,Walker2d-v4,442.4727886731055,267.125
204849,reward,3,Walker2d-v4,8.102370709577691,236.548
205047,reward,3,Walker2d-v4,316.8108875221342,244.949
205056,loss,3,Walker2d-v4,-0.01943875476717949,3.493626832962036,1.657244324684143,8.302325248718262,0.023179735988378525
205222,reward,3,Walker2d-v4,280.02865596060866,271.126
205546,reward,3,Walker2d-v4,196.38729131423844,286.354
205687,reward,3,Walker2d-v4,259.3679543685214,275.357
205831,reward,3,Walker2d-v4,254.69680271842395,270.982
205970,reward,3,Walker2d-v4,263.53264181911663,264.121
206139,reward,3,Walker2d-v4,33.4005703719528,233.496
206405,reward,3,Walker2d-v4,155.50088720374845,221.03
206618,reward,3,Walker2d-v4,134.78585189827348,190.261
206822,reward,3,Walker2d-v4,312.97740815354825,220.749
207081,reward,3,Walker2d-v4,115.87310063730766,200.655
207256,reward,3,Walker2d-v4,55.17816524235691,178.17
207456,reward,3,Walker2d-v4,327.51372675518303,191.283
207665,reward,3,Walker2d-v4,322.89678170011786,197.636
207847,reward,3,Walker2d-v4,309.7833275638815,203.144
208162,reward,3,Walker2d-v4,437.52869248890204,220.544
208329,reward,3,Walker2d-v4,293.86613189965743,246.59
208502,reward,3,Walker2d-v4,280.86110659093254,259.126
208799,reward,3,Walker2d-v4,440.91758654990076,289.74
209051,reward,3,Walker2d-v4,379.1910401067811,296.361
209152,loss,3,Walker2d-v4,-0.018371399492025375,2.745181083679199,1.704271912574768,8.301178932189941,0.01134070660918951
209192,reward,3,Walker2d-v4,240.81424071142064,308.855
209335,reward,3,Walker2d-v4,253.33953348455466,328.671
209857,reward,3,Walker2d-v4,281.9908693403736,324.119
210000,eval,3,Walker2d-v4,Walker2d-v4,264.24,0.886496,33.833
210000,eval,3,Walker2d-v4,HalfCheetah-v4,-136.794,-0.291763,605.647
210010,reward,3,Walker2d-v4,255.63008213807532,317.392
210417,reward,3,Walker2d-v4,495.06965321729956,335.921
210576,reward,3,Walker2d-v4,283.00857009135933,320.469
210998,reward,3,Walker2d-v4,539.5739826263591,345.04
211245,reward,3,Walker2d-v4,382.7636722862293,355.23
211428,reward,3,Walker2d-v4,22.651604483959126,313.403
211797,reward,3,Walker2d-v4,225.46817391811973,298.031
212067,reward,3,Walker2d-v4,98.09454521460698,283.759
212250,reward,3,Walker2d-v4,303.73285648320973,288.798
212412,reward,3,Walker2d-v4,292.61360362390417,289.861
212671,reward,3,Walker2d-v4,120.30628629240628,276.328
212824,reward,3,Walker2d-v4,190.48783506773904,245.87
213084,reward,3,Walker2d-v4,155.27162594411598,233.096
213248,loss,3,Walker2d-v4,-0.015288079157471657,4.347115993499756,1.848949670791626,8.299714088439941,0.015969648957252502
213290,reward,3,Walker2d-v4,320.4960627100469,211.189
213639,reward,3,Walker2d-v4,465.2326286932727,219.436
213798,reward,3,Walker2d-v4,285.032207459913,245.674
214236,reward,3,Walker2d-v4,498.7219920026607,272.999
214530,reward,3,Walker2d-v4,88.94990839053406,272.085
214810,reward,3,Walker2d-v4,397.8646278894654,281.498
214937,reward,3,Walker2d-v4,-9.195819403165064,251.317
215196,reward,3,Walker2d-v4,346.8465633212591,273.971
215389,reward,3,Walker2d-v4,283.10974261051393,283.233
215562,reward,3,Walker2d-v4,27.795199874507933,270.485
216004,reward,3,Walker2d-v4,291.2667622731116,267.562
216184,reward,3,Walker2d-v4,282.1349628545676,249.253
216286,reward,3,Walker2d-v4,198.86305137056632,240.636
216431,reward,3,Walker2d-v4,204.65867526859682,211.229
216673,reward,3,Walker2d-v4,334.8888845492842,235.823
216908,reward,3,Walker2d-v4,310.5689895666472,227.094
217090,reward,3,Walker2d-v4,55.857668446244446,233.599
217203,reward,3,Walker2d-v4,184.36320297519305,217.351
217344,loss,3,Walker2d-v4,-0.030982639640569687,3.855346918106079,1.6609505414962769,8.297836303710938,0.02944422885775566
217412,reward,3,Walker2d-v4,335.28852392306436,222.569
217557,reward,3,Walker2d-v4,203.1412148173095,240.103
217705,reward,3,Walker2d-v4,265.240363415208,237.501
217927,reward,3,Walker2d-v4,345.5283785628467,243.84
218141,reward,3,Walker2d-v4,337.3511924514976,257.689
218384,reward,3,Walker2d-v4,363.73373179063066,273.596
218830,reward,3,Walker2d-v4,267.48414926379587,266.856
218938,reward,3,Walker2d-v4,-16.17334599740324,234.182
219070,reward,3,Walker2d-v4,236.98874139129774,252.295
219230,reward,3,Walker2d-v4,254.61083372332473,259.319
219420,reward,3,Walker2d-v4,19.63493389187136,227.754
219705,reward,3,Walker2d-v4,115.17910794035797,218.958
219941,reward,3,Walker2d-v4,91.98599112460063,201.632
220000,eval,3,Walker2d-v4,Walker2d-v4,247.52,0.8304,50.553
220000,eval,3,Walker2d-v4,HalfCheetah-v4,-248.401,-0.529805,717.254
220271,reward,3,Walker2d-v4,179.70428506729505,185.05
220450,reward,3,Walker2d-v4,59.44971619372155,157.26
220578,reward,3,Walker2d-v4,232.482751483938,144.135
220807,reward,3,Walker2d-v4,353.62403557065085,152.749
221064,reward,3,Walker2d-v4,353.0227523208301,189.668
221223,reward,3,Walker2d-v4,-2.0548021562167516,165.764
221440,loss,3,Walker2d-v4,-0.024633124470710754,2.7030632495880127,1.722170352935791,8.29592227935791,0.02631453052163124
221441,reward,3,Walker2d-v4,334.6658117740039,173.769
221744,reward,3,Walker2d-v4,419.3070802346375,213.737
221929,reward,3,Walker2d-v4,291.4666278744561,231.365
222185,reward,3,Walker2d-v4,148.25784004792325,236.993
222363,reward,3,Walker2d-v4,287.6465739454441,247.787
222557,reward,3,Walker2d-v4,329.3559396819015,274.777
222684,reward,3,Walker2d-v4,254.7208115108381,277.001
222884,reward,3,Walker2d-v4,280.9987233270474,269.739
223049,reward,3,Walker2d-v4,287.76124477379204,263.213
223174,reward,3,Walker2d-v4,233.00963918625897,286.719
223328,reward,3,Walker2d-v4,269.50603698401443,280.203
223511,reward,3,Walker2d-v4,320.286080041893,270.301
223641,reward,3,Walker2d-v4,13.926391623322496,242.547
223842,reward,3,Walker2d-v4,302.06212356875085,257.927
224022,reward,3,Walker2d-v4,310.99024574195187,260.262
224287,reward,3,Walker2d-v4,38.97437474820024,231.224
224584,reward,3,Walker2d-v4,148.1190088428338,220.563
224702,reward,3,Walker2d-v4,196.51372766960034,212.115
224820,reward,3,Walker2d-v4,219.12293720629498,205.251
224954,reward,3,Walker2d-v4,238.20481254675207,205.771
225212,reward,3,Walker2d-v4,365.14359204091693,215.334
225471,reward,3,Walker2d-v4,107.58137662781692,194.064
225536,loss,3,Walker2d-v4,-0.027546124532818794,2.728239059448242,1.5524848699569702,8.293407440185547,0.01881564036011696
225693,reward,3,Walker2d-v4,336.23666753872317,226.295
225896,reward,3,Walker2d-v4,68.82527298376992,202.971
226045,reward,3,Walker2d-v4,263.0608216487145,198.178
226195,reward,3,Walker2d-v4,245.15143494855258,218.796
226369,reward,3,Walker2d-v4,48.068901346063335,208.791
226572,reward,3,Walker2d-v4,339.01959352347285,223.042
226752,reward,3,Walker2d-v4,300.7815702291507,231.207
227081,reward,3,Walker2d-v4,432.452838723362,250.632
227190,reward,3,Walker2d-v4,179.45034401808022,232.063
227487,reward,3,Walker2d-v4,395.9201968693994,260.897
227651,reward,3,Walker2d-v4,292.1292833262024,256.486
227804,reward,3,Walker2d-v4,275.00031540897163,277.104
228021,reward,3,Walker2d-v4,355.23414732925994,286.321
228223,reward,3,Walker2d-v4,318.65265354696885,293.671
228403,reward,3,Walker2d-v4,41.87100641108788,293.051
228533,reward,3,Walker2d-v4,238.61715961819837,283.011
228729,reward,3,Walker2d-v4,316.3424861694069,284.567
228914,reward,3,Walker2d-v4,317.32715010435265,273.054
229106,reward,3,Walker2d-v4,301.7319380895041,285.283
229346,reward,3,Walker2d-v4,120.55964673968846,257.747
229493,reward,3,Walker2d-v4,257.8446388451231,254.318
229632,loss,3,Walker2d-v4,-0.01653374917805195,4.2542338371276855,1.7187343835830688,8.291034698486328,0.01842993125319481
229653,reward,3,Walker2d-v4,284.9361246598549,255.312
229903,reward,3,Walker2d-v4,106.64508867052324,230.453
230000,eval,3,Walker2d-v4,Walker2d-v4,291.349,0.977442,6.724
230000,eval,3,Walker2d-v4,HalfCheetah-v4,-228.68,-0.487744,697.534
230218,reward,3,Walker2d-v4,424.95272798059784,241.083
230376,reward,3,Walker2d-v4,40.6037866449676,240.956
230521,reward,3,Walker2d-v4,257.83186062184666,242.878
230697,reward,3,Walker2d-v4,266.76459110291864,237.92
230853,reward,3,Walker2d-v4,270.11235979359344,233.198
231250,reward,3,Walker2d-v4,537.5409778262523,256.779
231440,reward,3,Walker2d-v4,316.22819983068405,276.346
231672,reward,3,Walker2d-v4,373.96894418660065,287.958
231811,reward,3,Walker2d-v4,235.35174550939345,283.0
232188,reward,3,Walker2d-v4,432.43804203070175,315.579
232384,reward,3,Walker2d-v4,314.4826253901103,304.532
232793,reward,3,Walker2d-v4,271.5549288486628,327.627
232938,reward,3,Walker2d-v4,233.91655190430785,325.236
233233,reward,3,Walker2d-v4,85.85774326509109,307.145
233475,reward,3,Walker2d-v4,376.06392978075473,317.74
233698,reward,3,Walker2d-v4,356.2711261303692,299.613
233728,loss,3,Walker2d-v4,-0.0188884437084198,4.753121376037598,1.670783281326294,8.289642333984375,0.011714833788573742
233869,reward,3,Walker2d-v4,275.2712538050094,295.518
234222,reward,3,Walker2d-v4,468.63933549912286,304.985
234510,reward,3,Walker2d-v4,136.4993797882044,295.099
234812,reward,3,Walker2d-v4,145.16980332916935,266.373
235023,reward,3,Walker2d-v4,296.94339335416333,264.619
235276,reward,3,Walker2d-v4,318.8033859435373,269.344
235697,reward,3,Walker2d-v4,474.4969298809986,293.402
235951,reward,3,Walker2d-v4,388.2040760465579,323.636
236246,reward,3,Walker2d-v4,392.0872350678915,325.239
236445,reward,3,Walker2d-v4,284.26085653256524,318.038
236632,reward,3,Walker2d-v4,70.58723959746325,297.569
236738,reward,3,Walker2d-v4,7.8034522191050275,251.486
236980,reward,3,Walker2d-v4,349.48374379992777,272.784
237093,reward,3,Walker2d-v4,7.384329201787115,259.005
237267,reward,3,Walker2d-v4,290.49746031930596,258.361
237551,reward,3,Walker2d-v4,365.84473938266365,263.065
237702,reward,3,Walker2d-v4,281.70537912488703,243.786
237824,loss,3,Walker2d-v4,-0.021489374339580536,2.841017961502075,1.5459486246109009,8.287894248962402,0.03270208090543747
237857,reward,3,Walker2d-v4,275.77143283896015,232.543
238141,reward,3,Walker2d-v4,152.41967029073365,208.576
238303,reward,3,Walker2d-v4,275.3422996242333,207.684
238462,reward,3,Walker2d-v4,270.8789616727814,227.713
238740,reward,3,Walker2d-v4,137.65310734972567,240.698
238944,reward,3,Walker2d-v4,90.53821692904268,214.804
239105,reward,3,Walker2d-v4,22.87789704704301,216.353
239257,reward,3,Walker2d-v4,272.26454856415637,214.53
239446,reward,3,Walker2d-v4,84.06577674618339,186.352
239764,reward,3,Walker2d-v4,168.70652549771546,175.052
239922,reward,3,Walker2d-v4,254.09835514083258,172.885
240000,eval,3,Walker2d-v4,Walker2d-v4,293.803,0.985676,4.27
240000,eval,3,Walker2d-v4,HalfCheetah-v4,-329.639,-0.703074,798.492
240000,phase_summary,3,Walker2d-v4,304.802,178.59,1.706717,0.0,3.35
