step,tag
0,phase_start,1,Walker2d-v4,80000
17,reward,1,Walker2d-v4,-5.046934553701137,-5.047
39,reward,1,Walker2d-v4,1.9216361200645025,-1.563
92,reward,1,Walker2d-v4,13.63251876284579,3.502
109,reward,1,Walker2d-v4,-1.0778853593194397,2.357
120,reward,1,Walker2d-v4,-5.220391420896159,0.842
142,reward,1,Walker2d-v4,3.252631351086466,1.244
164,reward,1,Walker2d-v4,-7.0077038417118365,0.065
186,reward,1,Walker2d-v4,-5.771479165078599,-0.665
199,reward,1,Walker2d-v4,-0.08486033709318452,-0.6
212,reward,1,Walker2d-v4,3.149151304104625,-0.225
239,reward,1,Walker2d-v4,3.141518860703308,0.594
301,reward,1,Walker2d-v4,16.27905073390256,2.029
326,reward,1,Walker2d-v4,-3.740175217404415,0.292
339,reward,1,Walker2d-v4,1.5940432696712303,0.559
377,reward,1,Walker2d-v4,17.124999727890078,2.794
387,reward,1,Walker2d-v4,0.2585181579439748,2.494
404,reward,1,Walker2d-v4,1.5510678570432561,3.35
426,reward,1,Walker2d-v4,-2.676917304143911,3.66
452,reward,1,Walker2d-v4,7.195456027317746,4.388
469,reward,1,Walker2d-v4,-6.601954266407903,3.413
485,reward,1,Walker2d-v4,-8.534882257524844,2.245
500,reward,1,Walker2d-v4,-1.6900889732232516,0.448
541,reward,1,Walker2d-v4,10.322571314190679,1.854
559,reward,1,Walker2d-v4,-7.899436505805124,0.905
590,reward,1,Walker2d-v4,11.850598884395218,0.377
612,reward,1,Walker2d-v4,1.013267640592322,0.453
622,reward,1,Walker2d-v4,-1.822673475506875,0.116
635,reward,1,Walker2d-v4,-0.31983974777782365,0.351
673,reward,1,Walker2d-v4,2.4325357320966634,-0.125
693,reward,1,Walker2d-v4,-5.852806501184881,-0.05
702,reward,1,Walker2d-v4,-2.356205357012047,0.568
724,reward,1,Walker2d-v4,-3.2926658046282267,0.408
735,reward,1,Walker2d-v4,2.6425450525239906,-0.36
753,reward,1,Walker2d-v4,-6.904044916187695,-0.261
778,reward,1,Walker2d-v4,6.707611675374498,-0.775
796,reward,1,Walker2d-v4,-12.928181198434025,-2.169
805,reward,1,Walker2d-v4,-2.5623534837111874,-2.243
834,reward,1,Walker2d-v4,-9.091217845967968,-3.12
889,reward,1,Walker2d-v4,32.17577926019524,-0.146
905,reward,1,Walker2d-v4,0.4933822725596251,0.488
923,reward,1,Walker2d-v4,1.7168003569444201,0.896
940,reward,1,Walker2d-v4,7.835606669040464,2.009
953,reward,1,Walker2d-v4,-3.3183435685491127,1.413
967,reward,1,Walker2d-v4,2.910481384077024,2.394
977,reward,1,Walker2d-v4,-4.586958183299478,1.264
1009,reward,1,Walker2d-v4,11.302165904926866,3.688
1041,reward,1,Walker2d-v4,0.13189129957508183,3.957
1073,reward,1,Walker2d-v4,5.723273074172512,5.438
1089,reward,1,Walker2d-v4,0.32080036022940894,2.253
1102,reward,1,Walker2d-v4,1.4964169110262575,2.353
1129,reward,1,Walker2d-v4,9.093492255105597,3.091
1139,reward,1,Walker2d-v4,-1.7115254950709298,2.136
1151,reward,1,Walker2d-v4,-2.503825452557619,2.218
1187,reward,1,Walker2d-v4,-5.247358500169426,1.402
1205,reward,1,Walker2d-v4,0.1215838665747484,1.873
1227,reward,1,Walker2d-v4,1.060998319432342,0.849
1253,reward,1,Walker2d-v4,-9.908993809413944,-0.156
1292,reward,1,Walker2d-v4,22.801985417840452,1.552
1306,reward,1,Walker2d-v4,1.7904516487858173,1.699
1320,reward,1,Walker2d-v4,1.0254474749916198,1.652
1353,reward,1,Walker2d-v4,3.4558877280983897,1.088
1374,reward,1,Walker2d-v4,2.462298606395893,1.506
1403,reward,1,Walker2d-v4,2.833074186551082,2.04
1436,reward,1,Walker2d-v4,-4.29132170775585,2.135
1464,reward,1,Walker2d-v4,7.529130421199121,2.876
1482,reward,1,Walker2d-v4,-10.77351909498561,1.692
1501,reward,1,Walker2d-v4,-2.296676530351293,2.454
1525,reward,1,Walker2d-v4,-1.3259780788124522,0.041
1538,reward,1,Walker2d-v4,-0.06718918691128106,-0.145
1552,reward,1,Walker2d-v4,3.6215518937368794,0.115
1573,reward,1,Walker2d-v4,1.0345972237327987,-0.127
1607,reward,1,Walker2d-v4,18.73929830728415,1.5
1618,reward,1,Walker2d-v4,-6.362584944126799,0.581
1636,reward,1,Walker2d-v4,2.3696513743697847,1.247
1660,reward,1,Walker2d-v4,-1.7997299032573753,0.314
1682,reward,1,Walker2d-v4,2.1008554983970167,1.601
1702,reward,1,Walker2d-v4,0.5012955804615752,1.881
1723,reward,1,Walker2d-v4,6.205576195533043,2.634
1747,reward,1,Walker2d-v4,10.602724527944531,3.701
1777,reward,1,Walker2d-v4,1.0831133106293542,3.447
1790,reward,1,Walker2d-v4,1.4799230418424216,3.492
1810,reward,1,Walker2d-v4,0.5778862210808315,1.676
1826,reward,1,Walker2d-v4,-2.8228857009276984,2.03
1839,reward,1,Walker2d-v4,4.049983714369671,2.198
1858,reward,1,Walker2d-v4,-0.44982202369623925,2.333
1879,reward,1,Walker2d-v4,-0.3835742053757867,2.084
1896,reward,1,Walker2d-v4,-11.12454237769105,0.922
1906,reward,1,Walker2d-v4,0.49551330964723417,0.351
1938,reward,1,Walker2d-v4,-0.8338613174972753,-0.793
1976,reward,1,Walker2d-v4,22.631180809646505,1.362
2002,reward,1,Walker2d-v4,-0.7830394177150393,1.136
2056,reward,1,Walker2d-v4,13.611032355216011,2.439
2078,reward,1,Walker2d-v4,-1.8611738546434806,2.535
2098,reward,1,Walker2d-v4,-8.809793511376746,1.249
2117,reward,1,Walker2d-v4,0.8635273915845443,1.381
2155,reward,1,Walker2d-v4,10.959974286657891,2.515
2165,reward,1,Walker2d-v4,-1.740029070958705,3.453
2188,reward,1,Walker2d-v4,-7.428704228428989,2.661
2201,reward,1,Walker2d-v4,-3.81133502561634,2.363
2224,reward,1,Walker2d-v4,-0.6662424811151184,0.033
2251,reward,1,Walker2d-v4,9.343471268394685,1.046
2274,reward,1,Walker2d-v4,-0.8242319401718796,-0.397
2299,reward,1,Walker2d-v4,-2.49976612643282,-0.461
2309,reward,1,Walker2d-v4,-3.303090485431486,0.089
2327,reward,1,Walker2d-v4,-9.461886148951175,-0.943
2357,reward,1,Walker2d-v4,5.222233076931882,-1.517
2376,reward,1,Walker2d-v4,-2.5485129951201237,-1.598
2420,reward,1,Walker2d-v4,-1.5705496609462026,-1.012
2434,reward,1,Walker2d-v4,-0.7896759951318466,-0.71
2468,reward,1,Walker2d-v4,-6.803717297456323,-1.324
2478,reward,1,Walker2d-v4,-1.9329070910740649,-2.451
2503,reward,1,Walker2d-v4,-5.038103487738126,-2.873
2520,reward,1,Walker2d-v4,4.753755967389903,-2.147
2535,reward,1,Walker2d-v4,-6.067464759871802,-2.424
2545,reward,1,Walker2d-v4,-2.7803535793997254,-1.756
2562,reward,1,Walker2d-v4,-2.332616573550874,-2.511
2574,reward,1,Walker2d-v4,0.7555221959968839,-2.181
2609,reward,1,Walker2d-v4,8.817831707329724,-1.142
2632,reward,1,Walker2d-v4,2.3940538227849704,-0.823
2651,reward,1,Walker2d-v4,5.817208616323012,0.439
2665,reward,1,Walker2d-v4,4.382986652196664,1.07
2674,reward,1,Walker2d-v4,-0.9069412990462788,1.483
2701,reward,1,Walker2d-v4,-7.273923354959073,0.281
2713,reward,1,Walker2d-v4,-4.370254476516791,0.45
2743,reward,1,Walker2d-v4,12.216087250885664,1.95
2758,reward,1,Walker2d-v4,0.5798744618786649,2.241
2810,reward,1,Walker2d-v4,1.738072985180881,2.339
2825,reward,1,Walker2d-v4,1.2216605192112733,1.58
2835,reward,1,Walker2d-v4,-1.9198458101801568,1.148
2850,reward,1,Walker2d-v4,2.422970587864987,0.809
2889,reward,1,Walker2d-v4,5.325593583425027,0.903
2915,reward,1,Walker2d-v4,-1.827387183982831,0.811
2929,reward,1,Walker2d-v4,-2.3115837688309195,1.308
2962,reward,1,Walker2d-v4,5.09259639473337,2.254
2976,reward,1,Walker2d-v4,3.5995518248163574,1.392
3001,reward,1,Walker2d-v4,-2.90594684378246,1.044
3032,reward,1,Walker2d-v4,2.501971630784767,1.12
3071,reward,1,Walker2d-v4,-6.791809741626998,0.319
3085,reward,1,Walker2d-v4,0.3811665661552237,0.549
3104,reward,1,Walker2d-v4,-2.7210561440271444,0.034
3126,reward,1,Walker2d-v4,0.3035249679686274,-0.468
3149,reward,1,Walker2d-v4,-8.591005113166425,-1.144
3190,reward,1,Walker2d-v4,23.26557599019153,1.413
3213,reward,1,Walker2d-v4,-5.284777409974718,0.376
3236,reward,1,Walker2d-v4,0.6955175842937861,0.085
3271,reward,1,Walker2d-v4,0.49348946314449305,0.425
3292,reward,1,Walker2d-v4,11.00164054073705,1.275
3312,reward,1,Walker2d-v4,-6.148344255663594,1.34
3338,reward,1,Walker2d-v4,-7.745734842871067,0.527
3373,reward,1,Walker2d-v4,3.34925028372621,1.134
3386,reward,1,Walker2d-v4,2.723284641965425,1.376
3399,reward,1,Walker2d-v4,-10.55541677235557,1.179
3425,reward,1,Walker2d-v4,-1.9941013193413542,-1.347
3438,reward,1,Walker2d-v4,4.212243289846944,-0.397
3468,reward,1,Walker2d-v4,12.219992313146822,0.756
3505,reward,1,Walker2d-v4,11.889499421074438,1.895
3527,reward,1,Walker2d-v4,-7.004948127714367,0.095
3541,reward,1,Walker2d-v4,-3.0029060272673758,0.409
3559,reward,1,Walker2d-v4,5.67970143086452,1.752
3583,reward,1,Walker2d-v4,-0.970721974984952,1.32
3593,reward,1,Walker2d-v4,-5.707429059855492,0.477
3612,reward,1,Walker2d-v4,3.0524496589182766,1.837
3625,reward,1,Walker2d-v4,-0.5339460018354724,1.983
3634,reward,1,Walker2d-v4,-4.428224072933836,1.119
3646,reward,1,Walker2d-v4,-4.828488956652609,-0.586
3692,reward,1,Walker2d-v4,21.042639373971745,0.33
3718,reward,1,Walker2d-v4,-4.4206745879787555,0.588
3767,reward,1,Walker2d-v4,-3.477953856437445,0.541
3788,reward,1,Walker2d-v4,2.526843546532353,0.225
3808,reward,1,Walker2d-v4,-0.6828846478580912,0.254
3827,reward,1,Walker2d-v4,3.6963300872193536,1.195
3843,reward,1,Walker2d-v4,0.4886296648331103,0.938
3856,reward,1,Walker2d-v4,-1.6685015081746353,0.825
3876,reward,1,Walker2d-v4,9.96023660547918,2.264
3906,reward,1,Walker2d-v4,8.544877716271557,3.601
3929,reward,1,Walker2d-v4,1.6868666148434304,1.665
3944,reward,1,Walker2d-v4,-6.2590934306179555,1.482
3956,reward,1,Walker2d-v4,1.6216363980461548,1.991
3999,reward,1,Walker2d-v4,1.165277089286493,1.855
4027,reward,1,Walker2d-v4,6.604051982798827,2.584
4060,reward,1,Walker2d-v4,17.49750253940783,3.964
4075,reward,1,Walker2d-v4,-9.385091910406159,2.977
4096,loss,1,Walker2d-v4,-0.09654967486858368,0.18365880846977234,0.5290266871452332,8.512615203857422,0.07524663209915161
4110,reward,1,Walker2d-v4,5.672670576098852,3.711
4144,reward,1,Walker2d-v4,17.026201329866325,4.417
4178,reward,1,Walker2d-v4,5.226006825720059,4.086
4191,reward,1,Walker2d-v4,-1.560171440007159,3.761
4220,reward,1,Walker2d-v4,-2.22789675310249,4.164
4230,reward,1,Walker2d-v4,-4.407190617901027,3.561
4248,reward,1,Walker2d-v4,-4.794072867534966,2.965
4270,reward,1,Walker2d-v4,-5.135328275813146,1.791
4303,reward,1,Walker2d-v4,1.2886437983073542,0.17
4349,reward,1,Walker2d-v4,-1.1696120500735592,0.992
4363,reward,1,Walker2d-v4,-1.742082377488032,0.25
4373,reward,1,Walker2d-v4,0.8987309243408073,-1.362
4407,reward,1,Walker2d-v4,2.4459147163276764,-1.64
4419,reward,1,Walker2d-v4,1.6964338887840849,-1.315
4427,reward,1,Walker2d-v4,-2.044587441374939,-1.296
4453,reward,1,Walker2d-v4,2.4720953589520165,-0.608
4482,reward,1,Walker2d-v4,16.21316577154798,1.492
4501,reward,1,Walker2d-v4,2.5666719500827413,2.263
4518,reward,1,Walker2d-v4,-3.444578447378005,1.789
4541,reward,1,Walker2d-v4,1.1369833094800086,2.02
4556,reward,1,Walker2d-v4,5.331110587582451,2.727
4576,reward,1,Walker2d-v4,6.54492155147489,3.292
4638,reward,1,Walker2d-v4,-12.995790319788725,1.748
4667,reward,1,Walker2d-v4,4.369853003068298,2.015
4712,reward,1,Walker2d-v4,-6.69704808670289,1.55
4724,reward,1,Walker2d-v4,1.5387870070417557,1.456
4748,reward,1,Walker2d-v4,6.993545325883685,0.534
4763,reward,1,Walker2d-v4,1.498975475598761,0.428
4789,reward,1,Walker2d-v4,7.373766703025514,1.51
4836,reward,1,Walker2d-v4,4.112482711353948,1.807
4888,reward,1,Walker2d-v4,0.5897155435583686,1.333
4922,reward,1,Walker2d-v4,7.3608622620421045,1.415
4938,reward,1,Walker2d-v4,5.648748344698656,3.279
4955,reward,1,Walker2d-v4,5.988737930085476,3.441
5013,reward,1,Walker2d-v4,8.340359944084677,4.945
5035,reward,1,Walker2d-v4,-3.5934671695915648,4.431
5049,reward,1,Walker2d-v4,3.9021832205921805,4.122
5109,reward,1,Walker2d-v4,24.306273201705384,6.403
5136,reward,1,Walker2d-v4,0.0778818850116747,5.673
5171,reward,1,Walker2d-v4,13.522389293873342,6.614
5216,reward,1,Walker2d-v4,18.50738484186159,8.406
5241,reward,1,Walker2d-v4,3.5293039726540743,8.023
5259,reward,1,Walker2d-v4,1.9839621700513792,7.657
5293,reward,1,Walker2d-v4,14.412562334034385,8.499
5313,reward,1,Walker2d-v4,-9.215452280809291,6.743
5339,reward,1,Walker2d-v4,-1.8019861235264574,6.922
5352,reward,1,Walker2d-v4,-0.23182655070753144,6.509
5368,reward,1,Walker2d-v4,-1.4421065951605045,3.934
5391,reward,1,Walker2d-v4,1.9572529821377893,4.122
5412,reward,1,Walker2d-v4,-0.5040938552520686,2.72
5443,reward,1,Walker2d-v4,6.3695624056541424,1.506
5458,reward,1,Walker2d-v4,1.1679351174036718,1.27
5475,reward,1,Walker2d-v4,-7.112782080877055,0.36
5496,reward,1,Walker2d-v4,-2.4024133395373264,-1.322
5512,reward,1,Walker2d-v4,1.4936574712162716,-0.251
5533,reward,1,Walker2d-v4,3.017940614083186,0.231
5594,reward,1,Walker2d-v4,2.983326123096193,0.553
5614,reward,1,Walker2d-v4,-5.485474041373404,0.148
5632,reward,1,Walker2d-v4,8.81470006472474,0.834
5669,reward,1,Walker2d-v4,8.546641193040186,1.739
5711,reward,1,Walker2d-v4,8.292778923131339,1.932
5733,reward,1,Walker2d-v4,0.7285336105892501,1.888
5800,reward,1,Walker2d-v4,24.19827824541142,5.019
5829,reward,1,Walker2d-v4,8.632350137264718,6.122
5875,reward,1,Walker2d-v4,1.3708781403400832,6.11
5909,reward,1,Walker2d-v4,4.660786797228426,6.274
5940,reward,1,Walker2d-v4,19.96856009277356,7.973
6003,reward,1,Walker2d-v4,-11.825961725355945,7.339
6034,reward,1,Walker2d-v4,12.631746980704149,7.72
6066,reward,1,Walker2d-v4,8.997875546435303,7.766
6077,reward,1,Walker2d-v4,-0.3314546312347554,6.903
6099,reward,1,Walker2d-v4,1.0791038075297554,6.938
6107,reward,1,Walker2d-v4,-3.36536211925672,4.182
6122,reward,1,Walker2d-v4,4.028930270529676,3.722
6143,reward,1,Walker2d-v4,5.468686367921006,4.131
6170,reward,1,Walker2d-v4,-2.3506386319126324,3.43
6191,reward,1,Walker2d-v4,4.91111313002275,1.924
6212,reward,1,Walker2d-v4,-9.59398959054278,2.148
6235,reward,1,Walker2d-v4,10.534817630453414,1.938
6252,reward,1,Walker2d-v4,4.566057621000812,1.495
6281,reward,1,Walker2d-v4,-2.743190227892392,1.254
6313,reward,1,Walker2d-v4,-0.4890938988352669,1.097
6326,reward,1,Walker2d-v4,3.8152534369746256,1.815
6335,reward,1,Walker2d-v4,0.402625062906689,1.452
6347,reward,1,Walker2d-v4,2.136241546500038,1.119
6364,reward,1,Walker2d-v4,-11.333894403903798,0.221
6390,reward,1,Walker2d-v4,-9.644771090142088,-1.235
6410,reward,1,Walker2d-v4,5.6972380429870935,0.294
6435,reward,1,Walker2d-v4,-5.892375586126768,-1.349
6469,reward,1,Walker2d-v4,1.2593517851258784,-1.679
6517,reward,1,Walker2d-v4,13.09115972227106,-0.096
6541,reward,1,Walker2d-v4,-4.312736448265056,-0.478
6563,reward,1,Walker2d-v4,6.618044780985331,-0.198
6608,reward,1,Walker2d-v4,5.01582338844179,0.263
6642,reward,1,Walker2d-v4,-3.861786858153501,-0.336
6701,reward,1,Walker2d-v4,23.752950985707827,3.172
6735,reward,1,Walker2d-v4,5.503212439896945,4.687
6779,reward,1,Walker2d-v4,17.189759423868765,5.836
6849,reward,1,Walker2d-v4,-7.341193873712838,5.691
6960,reward,1,Walker2d-v4,85.07119749285637,14.073
6987,reward,1,Walker2d-v4,-0.17431161265627226,12.746
6996,reward,1,Walker2d-v4,-1.222718850332206,13.055
7035,reward,1,Walker2d-v4,34.42691357313679,15.836
7055,reward,1,Walker2d-v4,7.219053030331447,16.056
7067,reward,1,Walker2d-v4,-0.6494495579486526,16.378
7090,reward,1,Walker2d-v4,-6.434113683274821,13.359
7116,reward,1,Walker2d-v4,-1.0317238127231487,12.705
7139,reward,1,Walker2d-v4,-1.034714079813536,10.883
7190,reward,1,Walker2d-v4,0.32682919240079955,11.65
7220,reward,1,Walker2d-v4,7.659706993320601,3.909
7246,reward,1,Walker2d-v4,12.006926753690214,5.127
7262,reward,1,Walker2d-v4,-0.3815296965864896,5.211
7273,reward,1,Walker2d-v4,-3.323878227965103,1.436
7301,reward,1,Walker2d-v4,-3.0855668846611177,0.405
7341,reward,1,Walker2d-v4,-3.8920642750111596,0.081
7358,reward,1,Walker2d-v4,4.402630654019335,1.165
7379,reward,1,Walker2d-v4,-4.837767444782692,0.784
7396,reward,1,Walker2d-v4,-4.5429354148044725,0.433
7429,reward,1,Walker2d-v4,22.295214232487467,2.63
7448,reward,1,Walker2d-v4,3.178599680321892,2.182
7484,reward,1,Walker2d-v4,0.8391779670145332,1.065
7501,reward,1,Walker2d-v4,4.444976553847193,1.548
7514,reward,1,Walker2d-v4,-2.4935892037611964,1.631
7535,reward,1,Walker2d-v4,6.159286503669115,2.555
7557,reward,1,Walker2d-v4,3.812735212533961,3.326
7581,reward,1,Walker2d-v4,1.1703664584134603,3.003
7639,reward,1,Walker2d-v4,22.911385552504957,5.778
7687,reward,1,Walker2d-v4,12.298183141321857,7.462
7700,reward,1,Walker2d-v4,0.6290550395227903,5.295
7732,reward,1,Walker2d-v4,13.12430739665649,6.29
7787,reward,1,Walker2d-v4,-6.444590763652117,5.561
7820,reward,1,Walker2d-v4,2.0671839228118967,5.323
7853,reward,1,Walker2d-v4,-5.6505985169907715,5.008
7871,reward,1,Walker2d-v4,2.891218554274049,4.681
7906,reward,1,Walker2d-v4,5.205357160607519,4.82
7936,reward,1,Walker2d-v4,-3.1593866561258626,4.387
7953,reward,1,Walker2d-v4,2.756853331463004,2.372
7982,reward,1,Walker2d-v4,-5.430046591559234,0.599
8001,reward,1,Walker2d-v4,1.2173768421511566,0.658
8048,reward,1,Walker2d-v4,8.087618408953764,0.154
8096,reward,1,Walker2d-v4,20.22511687572714,2.821
8115,reward,1,Walker2d-v4,-1.3064338785443832,2.484
8141,reward,1,Walker2d-v4,-5.233271678291054,2.525
8154,reward,1,Walker2d-v4,-3.2812577153997133,1.908
8166,reward,1,Walker2d-v4,-1.7399163073787896,1.214
8192,loss,1,Walker2d-v4,-0.07161969691514969,0.3041345477104187,0.5207390785217285,8.506417274475098,0.1021716296672821
8210,reward,1,Walker2d-v4,18.57442696584653,3.387
8230,reward,1,Walker2d-v4,-0.4879401506987967,3.063
8260,reward,1,Walker2d-v4,-11.501619510449272,2.455
8304,reward,1,Walker2d-v4,-1.6933369359244885,2.164
8323,reward,1,Walker2d-v4,6.174965233483499,1.973
8342,reward,1,Walker2d-v4,6.842060193242881,0.635
8383,reward,1,Walker2d-v4,4.862006264010114,1.252
8416,reward,1,Walker2d-v4,13.21232208972755,3.096
8466,reward,1,Walker2d-v4,1.1919943687727592,3.543
8579,reward,1,Walker2d-v4,1.9574375636641514,3.913
8608,reward,1,Walker2d-v4,11.897290361677525,3.246
8651,reward,1,Walker2d-v4,6.681623628142728,3.962
8663,reward,1,Walker2d-v4,1.9295532963316953,5.306
8682,reward,1,Walker2d-v4,8.704258310834522,6.345
8700,reward,1,Walker2d-v4,2.962155415378658,6.024
8737,reward,1,Walker2d-v4,17.034042876410233,7.043
8746,reward,1,Walker2d-v4,-0.6762193437410805,6.489
8784,reward,1,Walker2d-v4,13.135099221307632,6.482
8824,reward,1,Walker2d-v4,-9.325483033150746,5.43
8854,reward,1,Walker2d-v4,2.5826826802339684,5.493
8885,reward,1,Walker2d-v4,1.3428237797609952,4.437
8909,reward,1,Walker2d-v4,-0.40383832617113524,3.729
8942,reward,1,Walker2d-v4,-5.340475945022201,3.002
9010,reward,1,Walker2d-v4,-4.055963404220671,1.725
9043,reward,1,Walker2d-v4,12.938396067593585,2.723
9130,reward,1,Walker2d-v4,68.42728805632584,7.862
9199,reward,1,Walker2d-v4,21.058266017927366,10.036
9228,reward,1,Walker2d-v4,-10.797379426092721,7.643
9281,reward,1,Walker2d-v4,31.426517570722886,11.718
9294,reward,1,Walker2d-v4,3.2968448890968887,11.789
9338,reward,1,Walker2d-v4,-3.8906856926770983,11.266
9357,reward,1,Walker2d-v4,2.242225203425997,11.531
9380,reward,1,Walker2d-v4,4.9218715809055755,12.557
9407,reward,1,Walker2d-v4,-9.965986017943516,11.966
9456,reward,1,Walker2d-v4,3.3349793835932555,11.005
9476,reward,1,Walker2d-v4,-0.8509946023276264,4.078
9515,reward,1,Walker2d-v4,8.36313525361077,2.808
9574,reward,1,Walker2d-v4,10.263781003740249,4.914
9584,reward,1,Walker2d-v4,-0.6168242212284555,1.71
9618,reward,1,Walker2d-v4,8.844561750782225,2.265
9676,reward,1,Walker2d-v4,3.7994162960237854,3.034
9691,reward,1,Walker2d-v4,3.6176837894335256,3.171
9708,reward,1,Walker2d-v4,3.395563374978852,3.019
9747,reward,1,Walker2d-v4,5.9331930737119105,4.608
9790,reward,1,Walker2d-v4,11.517075734233014,5.427
9831,reward,1,Walker2d-v4,26.60383708890413,8.172
9874,reward,1,Walker2d-v4,11.912704072050579,8.527
9934,reward,1,Walker2d-v4,-2.9785103195512668,7.203
9950,reward,1,Walker2d-v4,1.060686975281556,7.371
9961,reward,1,Walker2d-v4,1.1551935747794575,6.602
10000,eval,1,Walker2d-v4,Walker2d-v4,8.564,1.0,0.0
10000,eval,1,Walker2d-v4,HalfCheetah-v4,-89.034,-89034082.494199,0.0
10000,reward,1,Walker2d-v4,13.708497388557337,7.593
10037,reward,1,Walker2d-v4,5.822595967798804,7.813
10072,reward,1,Walker2d-v4,2.833145749400892,7.757
10089,reward,1,Walker2d-v4,-5.566451386295766,6.607
10131,reward,1,Walker2d-v4,19.546841845487577,7.41
10163,reward,1,Walker2d-v4,4.926898557229404,5.242
10187,reward,1,Walker2d-v4,6.236265165559935,4.675
10207,reward,1,Walker2d-v4,9.276468764620567,5.9
10256,reward,1,Walker2d-v4,-1.3500195247717086,5.659
10269,reward,1,Walker2d-v4,2.6239606355681864,5.806
10292,reward,1,Walker2d-v4,-0.167898724433434,4.418
10325,reward,1,Walker2d-v4,0.8587774680725184,3.922
10349,reward,1,Walker2d-v4,8.347690364144597,4.473
10365,reward,1,Walker2d-v4,5.3904189716038795,5.569
10387,reward,1,Walker2d-v4,7.605694781566493,4.375
10432,reward,1,Walker2d-v4,1.1119282068336978,3.993
10459,reward,1,Walker2d-v4,9.066438580696621,4.276
10470,reward,1,Walker2d-v4,2.2268982298038567,3.571
10526,reward,1,Walker2d-v4,16.32923512551189,5.339
10558,reward,1,Walker2d-v4,6.956035947939871,5.773
10589,reward,1,Walker2d-v4,7.447954067401212,6.534
10645,reward,1,Walker2d-v4,0.5808579084876584,6.506
10663,reward,1,Walker2d-v4,7.0496434352474635,6.377
10686,reward,1,Walker2d-v4,-4.7646918300328425,5.361
10730,reward,1,Walker2d-v4,6.995795257241951,5.3
10772,reward,1,Walker2d-v4,9.91271746606545,6.18
10811,reward,1,Walker2d-v4,0.5491608505763583,5.328
10857,reward,1,Walker2d-v4,0.3443269085945433,5.14
10869,reward,1,Walker2d-v4,2.1577977857383774,3.723
10907,reward,1,Walker2d-v4,-5.491621070950552,2.478
10932,reward,1,Walker2d-v4,-17.141844709623285,0.019
10971,reward,1,Walker2d-v4,5.576146845221122,0.519
11028,reward,1,Walker2d-v4,39.050941653730305,3.719
11080,reward,1,Walker2d-v4,-3.9354888007588307,3.802
11092,reward,1,Walker2d-v4,2.449516562835469,3.347
11138,reward,1,Walker2d-v4,3.3286972058649535,2.689
11172,reward,1,Walker2d-v4,0.06957418652928937,2.641
11207,reward,1,Walker2d-v4,-1.065959363611565,2.5
11230,reward,1,Walker2d-v4,8.028390557167818,3.087
11244,reward,1,Walker2d-v4,1.2289155873109203,3.759
11291,reward,1,Walker2d-v4,3.965177561171326,5.87
11310,reward,1,Walker2d-v4,-3.099729614434458,5.002
11332,reward,1,Walker2d-v4,8.258633904689756,1.923
11361,reward,1,Walker2d-v4,-1.6824680487697325,2.148
11380,reward,1,Walker2d-v4,8.508858297077712,2.754
11410,reward,1,Walker2d-v4,-8.274431703273336,1.594
11437,reward,1,Walker2d-v4,-6.145768604055938,0.972
11462,reward,1,Walker2d-v4,14.870988722889141,2.566
11474,reward,1,Walker2d-v4,0.8210524954201166,1.845
11500,reward,1,Walker2d-v4,7.749865290276439,2.497
11572,reward,1,Walker2d-v4,15.02086076337782,3.603
11592,reward,1,Walker2d-v4,11.608113033020153,5.074
11631,reward,1,Walker2d-v4,1.6951328273633974,4.417
11672,reward,1,Walker2d-v4,9.63885838027525,5.549
11691,reward,1,Walker2d-v4,10.364354923835315,5.735
11742,reward,1,Walker2d-v4,3.7848251540716618,6.941
11787,reward,1,Walker2d-v4,-4.993456879440856,7.056
11827,reward,1,Walker2d-v4,2.2356647767052413,5.793
11870,reward,1,Walker2d-v4,10.66499826612641,6.777
11885,reward,1,Walker2d-v4,1.288973146986128,6.131
11937,reward,1,Walker2d-v4,-0.18444968465185674,4.61
11988,reward,1,Walker2d-v4,25.559377305266647,6.005
12078,reward,1,Walker2d-v4,-10.896911767755718,4.746
12104,reward,1,Walker2d-v4,10.0069021806114,4.783
12119,reward,1,Walker2d-v4,4.546863781696306,4.201
12139,reward,1,Walker2d-v4,2.60845400693863,4.084
12167,reward,1,Walker2d-v4,11.07090300746848,5.69
12216,reward,1,Walker2d-v4,-4.58201889255751,5.008
12245,reward,1,Walker2d-v4,13.703974183831194,5.312
12263,reward,1,Walker2d-v4,1.8586655353651453,5.369
12288,loss,1,Walker2d-v4,-0.06445968151092529,0.4588842988014221,0.6439390778541565,8.498522758483887,0.10351373255252838
12307,reward,1,Walker2d-v4,15.615873114999236,6.949
12326,reward,1,Walker2d-v4,3.785273116884314,4.772
12343,reward,1,Walker2d-v4,7.2832567610463235,6.59
12366,reward,1,Walker2d-v4,7.387326424924106,6.328
12426,reward,1,Walker2d-v4,1.4231060338926642,6.015
12465,reward,1,Walker2d-v4,-9.532396815232719,4.801
12510,reward,1,Walker2d-v4,12.733532883978949,4.968
12552,reward,1,Walker2d-v4,-1.4932805656068637,5.277
12569,reward,1,Walker2d-v4,5.116195472540838,4.418
12602,reward,1,Walker2d-v4,21.57824296857451,6.39
12714,reward,1,Walker2d-v4,0.10256906573863311,4.838
12725,reward,1,Walker2d-v4,-5.507797294424348,3.909
12736,reward,1,Walker2d-v4,1.890303445145602,3.37
12764,reward,1,Walker2d-v4,-1.2798297801644167,2.503
12796,reward,1,Walker2d-v4,2.5657822960124577,2.617
12818,reward,1,Walker2d-v4,4.423597704239243,4.013
12908,reward,1,Walker2d-v4,-28.706786835646028,-0.131
12943,reward,1,Walker2d-v4,15.532461129118225,1.571
12981,reward,1,Walker2d-v4,-3.0515999047616242,0.755
12994,reward,1,Walker2d-v4,3.6331109936900825,-1.04
13031,reward,1,Walker2d-v4,-3.4161558713612323,-1.392
13073,reward,1,Walker2d-v4,3.4759112293427155,-0.493
13096,reward,1,Walker2d-v4,4.173479590279275,-0.265
13115,reward,1,Walker2d-v4,2.4243583104603945,0.105
13146,reward,1,Walker2d-v4,-2.0855967187535667,-0.36
13205,reward,1,Walker2d-v4,2.331366587042667,-0.569
13222,reward,1,Walker2d-v4,3.655181453730556,2.667
13253,reward,1,Walker2d-v4,7.781422345685461,1.892
13294,reward,1,Walker2d-v4,0.19427638386857937,2.217
13318,reward,1,Walker2d-v4,0.13646022370262667,1.867
13343,reward,1,Walker2d-v4,6.83707784834108,2.892
13359,reward,1,Walker2d-v4,5.958642320425758,3.141
13409,reward,1,Walker2d-v4,7.099116972777579,3.433
13469,reward,1,Walker2d-v4,-22.87279573886749,0.904
13505,reward,1,Walker2d-v4,13.835132467687659,2.496
13529,reward,1,Walker2d-v4,10.421863072905492,3.305
13538,reward,1,Walker2d-v4,-1.5924805687858177,2.78
13548,reward,1,Walker2d-v4,-2.8215396105091752,1.72
13574,reward,1,Walker2d-v4,6.971110219722354,2.397
13595,reward,1,Walker2d-v4,0.7386221283271626,2.457
13617,reward,1,Walker2d-v4,2.7578570672974356,2.05
13654,reward,1,Walker2d-v4,-9.048801760003709,0.549
13678,reward,1,Walker2d-v4,-5.491627231604123,-0.71
13723,reward,1,Walker2d-v4,0.5793349653869604,1.635
13762,reward,1,Walker2d-v4,8.983609030473541,1.15
13787,reward,1,Walker2d-v4,0.6891296646767412,0.177
13857,reward,1,Walker2d-v4,3.0944633705966074,0.645
13921,reward,1,Walker2d-v4,-10.702895549975816,-0.143
13976,reward,1,Walker2d-v4,22.36398372152598,1.396
13993,reward,1,Walker2d-v4,5.293881132739334,1.852
14030,reward,1,Walker2d-v4,3.9229192334024345,1.968
14061,reward,1,Walker2d-v4,-5.988482210330164,2.274
14097,reward,1,Walker2d-v4,6.921485674314601,3.516
14106,reward,1,Walker2d-v4,-2.037606868657482,3.254
14121,reward,1,Walker2d-v4,3.967620281568614,2.752
14136,reward,1,Walker2d-v4,4.911007071223376,3.175
14149,reward,1,Walker2d-v4,1.318717907941411,2.997
14193,reward,1,Walker2d-v4,19.825685496019997,6.05
14237,reward,1,Walker2d-v4,2.205733383173644,4.034
14249,reward,1,Walker2d-v4,0.7753475359445579,3.582
14316,reward,1,Walker2d-v4,24.082740812416002,5.598
14365,reward,1,Walker2d-v4,-1.89457925560416,6.008
14397,reward,1,Walker2d-v4,16.328407197014787,6.948
14445,reward,1,Walker2d-v4,6.440994039057767,7.796
14484,reward,1,Walker2d-v4,-1.2892410010422524,7.27
14557,reward,1,Walker2d-v4,7.189856186708469,7.498
14600,reward,1,Walker2d-v4,-9.912300525212078,6.375
14625,reward,1,Walker2d-v4,10.935021865058737,5.486
14687,reward,1,Walker2d-v4,-0.4114914636765916,5.224
14735,reward,1,Walker2d-v4,10.094941214935783,6.156
14755,reward,1,Walker2d-v4,-1.492256335098448,3.599
14789,reward,1,Walker2d-v4,-2.183789784105995,3.57
14848,reward,1,Walker2d-v4,20.831586729939936,4.02
14862,reward,1,Walker2d-v4,-2.647869465690683,3.111
14881,reward,1,Walker2d-v4,3.7090779018173703,3.611
14897,reward,1,Walker2d-v4,0.9497722294251818,2.987
14920,reward,1,Walker2d-v4,0.43173501072034537,4.022
14936,reward,1,Walker2d-v4,1.5862458580865615,3.087
14964,reward,1,Walker2d-v4,14.073115172399117,4.535
15011,reward,1,Walker2d-v4,-1.2960411692896496,3.396
15088,reward,1,Walker2d-v4,-27.04844214720681,0.841
15099,reward,1,Walker2d-v4,-2.231062758328762,0.836
15164,reward,1,Walker2d-v4,10.238232206201443,-0.224
15232,reward,1,Walker2d-v4,30.719519732837657,3.113
15266,reward,1,Walker2d-v4,12.31168037639102,3.973
15312,reward,1,Walker2d-v4,-3.166783090543945,3.562
15357,reward,1,Walker2d-v4,-1.307313603519769,3.388
15373,reward,1,Walker2d-v4,4.344904443974289,3.664
15417,reward,1,Walker2d-v4,-2.4536523935694716,2.011
15431,reward,1,Walker2d-v4,2.5433233508766246,2.395
15507,reward,1,Walker2d-v4,-11.526216744835658,3.947
15531,reward,1,Walker2d-v4,4.831382265908727,4.654
15544,reward,1,Walker2d-v4,-3.4710854916051064,3.283
15597,reward,1,Walker2d-v4,12.387368031712072,1.449
15633,reward,1,Walker2d-v4,13.885011752901738,1.607
15651,reward,1,Walker2d-v4,4.6161101898392385,2.385
15685,reward,1,Walker2d-v4,-7.7014053723907425,1.746
15704,reward,1,Walker2d-v4,-2.173814076422466,1.094
15763,reward,1,Walker2d-v4,0.8206169603034326,1.421
15824,reward,1,Walker2d-v4,23.495044938188567,3.516
15906,reward,1,Walker2d-v4,-11.569156597395782,3.512
15937,reward,1,Walker2d-v4,6.342503880297383,3.663
15954,reward,1,Walker2d-v4,0.4067473465189777,4.051
15971,reward,1,Walker2d-v4,2.4986513275633224,3.062
16047,reward,1,Walker2d-v4,10.280011470799668,2.702
16074,reward,1,Walker2d-v4,5.218597447298719,2.762
16100,reward,1,Walker2d-v4,4.732084039867181,4.005
16136,reward,1,Walker2d-v4,5.408129175737044,4.763
16203,reward,1,Walker2d-v4,-13.562609343808685,3.325
16257,reward,1,Walker2d-v4,3.0786104322446883,1.283
16278,reward,1,Walker2d-v4,-1.5475419113418623,2.286
16303,reward,1,Walker2d-v4,8.62881465398394,2.514
16328,reward,1,Walker2d-v4,12.869979561171313,3.76
16378,reward,1,Walker2d-v4,3.5980541927481484,3.87
16384,loss,1,Walker2d-v4,-0.06603071093559265,0.7066169381141663,0.7521775960922241,8.490923881530762,0.08420716971158981
16503,reward,1,Walker2d-v4,-0.5742198419982547,2.785
16590,reward,1,Walker2d-v4,-35.16873370505398,-1.254
16743,reward,1,Walker2d-v4,23.01961235605614,0.575
16785,reward,1,Walker2d-v4,6.513825771612089,0.686
16873,reward,1,Walker2d-v4,-34.042808638507296,-1.362
16940,reward,1,Walker2d-v4,20.045713756875596,0.334
16992,reward,1,Walker2d-v4,5.479812105156208,1.037
17040,reward,1,Walker2d-v4,-3.4522057833995863,-0.171
17064,reward,1,Walker2d-v4,8.320040275782599,-0.626
17129,reward,1,Walker2d-v4,-13.552487264100876,-2.341
17160,reward,1,Walker2d-v4,19.850842188853917,-0.299
17201,reward,1,Walker2d-v4,15.214600303270581,4.74
17267,reward,1,Walker2d-v4,1.4311512038704413,2.581
17295,reward,1,Walker2d-v4,2.770877634649166,2.207
17418,reward,1,Walker2d-v4,49.70446424302128,10.581
17442,reward,1,Walker2d-v4,10.859108833929463,9.663
17486,reward,1,Walker2d-v4,0.68656871384178,9.183
17565,reward,1,Walker2d-v4,-38.19117238777298,5.709
17620,reward,1,Walker2d-v4,3.238546371480731,5.201
17679,reward,1,Walker2d-v4,-2.6963986639335618,6.287
17705,reward,1,Walker2d-v4,6.284153730998395,4.93
17748,reward,1,Walker2d-v4,0.013922332547656513,3.41
17812,reward,1,Walker2d-v4,11.138763920365752,4.381
17895,reward,1,Walker2d-v4,-43.40222312872719,-0.236
17921,reward,1,Walker2d-v4,8.060435595245682,-4.401
17966,reward,1,Walker2d-v4,-5.2953783357294055,-6.016
18020,reward,1,Walker2d-v4,-11.366103578653348,-7.222
18069,reward,1,Walker2d-v4,-0.7001056330191135,-3.472
18182,reward,1,Walker2d-v4,-17.707276808768324,-5.567
18201,reward,1,Walker2d-v4,10.735006033004318,-4.224
18243,reward,1,Walker2d-v4,7.82696923958994,-4.07
18256,reward,1,Walker2d-v4,1.4304349863965347,-3.928
18286,reward,1,Walker2d-v4,-6.47013592599894,-5.689
18375,reward,1,Walker2d-v4,5.870135963684824,-0.762
18417,reward,1,Walker2d-v4,9.01607791203902,-0.666
18437,reward,1,Walker2d-v4,-3.9618046259243127,-0.533
18508,reward,1,Walker2d-v4,6.424374314888677,1.246
18559,reward,1,Walker2d-v4,-5.320139805140716,0.784
18604,reward,1,Walker2d-v4,-6.157206590160923,1.939
18651,reward,1,Walker2d-v4,-0.272131455349677,0.839
18695,reward,1,Walker2d-v4,12.463604256574204,1.302
18724,reward,1,Walker2d-v4,2.550998863286111,1.414
18818,reward,1,Walker2d-v4,7.065007292868608,2.768
18853,reward,1,Walker2d-v4,-1.2262233844582417,2.058
18884,reward,1,Walker2d-v4,11.256296606525972,2.282
18907,reward,1,Walker2d-v4,7.578769789000107,3.436
18992,reward,1,Walker2d-v4,68.55022672215657,9.649
19000,reward,1,Walker2d-v4,-3.0781056390664805,9.873
19079,reward,1,Walker2d-v4,-14.877750724877792,9.001
19155,reward,1,Walker2d-v4,-14.553315250893464,7.573
19271,reward,1,Walker2d-v4,-6.580147452040582,5.669
19335,reward,1,Walker2d-v4,-9.223940593918837,4.491
19364,reward,1,Walker2d-v4,9.89058110980148,4.774
19407,reward,1,Walker2d-v4,3.5482209911718927,5.251
19442,reward,1,Walker2d-v4,2.4746273229896842,4.373
19462,reward,1,Walker2d-v4,2.17352225184587,3.832
19488,reward,1,Walker2d-v4,10.300421726826059,-1.993
19530,reward,1,Walker2d-v4,10.392969699854145,-0.645
19566,reward,1,Walker2d-v4,21.661352103225717,3.008
19616,reward,1,Walker2d-v4,-6.7290528168727475,3.791
19693,reward,1,Walker2d-v4,-20.39103069838432,2.41
19758,reward,1,Walker2d-v4,24.125739776197726,5.745
19774,reward,1,Walker2d-v4,0.5451424113420316,4.81
19846,reward,1,Walker2d-v4,4.284390551062534,4.884
19892,reward,1,Walker2d-v4,3.211494930830848,4.957
19990,reward,1,Walker2d-v4,-14.647480985161486,3.275
20000,eval,1,Walker2d-v4,Walker2d-v4,-33.825,-3.949596,42.389
20000,eval,1,Walker2d-v4,HalfCheetah-v4,-175.053,-175053153.368971,86.019
20049,reward,1,Walker2d-v4,-12.388395112621724,1.007
20135,reward,1,Walker2d-v4,-26.263090582743924,-2.659
20165,reward,1,Walker2d-v4,-5.776407287941122,-5.403
20201,reward,1,Walker2d-v4,10.691498991269317,-3.661
20237,reward,1,Walker2d-v4,5.659631925036188,-1.056
20277,reward,1,Walker2d-v4,3.740479032403277,-3.094
20345,reward,1,Walker2d-v4,-10.277769724474139,-4.177
20394,reward,1,Walker2d-v4,-6.692822937630045,-5.274
20448,reward,1,Walker2d-v4,-4.0025939912424615,-5.996
20480,loss,1,Walker2d-v4,-0.05626285821199417,0.9327262043952942,0.8687770366668701,8.475617408752441,0.06587816029787064
20521,reward,1,Walker2d-v4,-7.214046605144746,-5.252
20531,reward,1,Walker2d-v4,-1.7207965505526144,-4.186
20588,reward,1,Walker2d-v4,-0.3981324197976459,-1.599
20641,reward,1,Walker2d-v4,-2.9684540145956237,-1.318
20684,reward,1,Walker2d-v4,9.907913715876655,-1.397
20725,reward,1,Walker2d-v4,-10.136124514152181,-2.976
20814,reward,1,Walker2d-v4,-1.6244484829235666,-3.513
20850,reward,1,Walker2d-v4,11.610853115612322,-1.324
20924,reward,1,Walker2d-v4,-14.861914678569812,-2.141
20973,reward,1,Walker2d-v4,-6.410704344777633,-2.382
21030,reward,1,Walker2d-v4,1.9636023096649162,-1.464
21046,reward,1,Walker2d-v4,2.208734218986643,-1.071
21078,reward,1,Walker2d-v4,12.622142386602679,0.231
21133,reward,1,Walker2d-v4,2.5749288617217467,0.785
21192,reward,1,Walker2d-v4,-2.088039601743122,-0.414
21230,reward,1,Walker2d-v4,3.2849567992725026,0.928
21279,reward,1,Walker2d-v4,10.74685341828612,2.165
21313,reward,1,Walker2d-v4,11.704270562661744,2.174
21345,reward,1,Walker2d-v4,2.540116215413664,3.915
21453,reward,1,Walker2d-v4,-18.697436227867374,2.686
21468,reward,1,Walker2d-v4,0.7460136346422153,2.564
21585,reward,1,Walker2d-v4,-51.60719704821965,-2.817
21631,reward,1,Walker2d-v4,25.150191110639543,-1.565
21677,reward,1,Walker2d-v4,13.334097265480832,-0.489
21722,reward,1,Walker2d-v4,16.673293437564947,1.388
21772,reward,1,Walker2d-v4,24.05943505872789,3.465
21791,reward,1,Walker2d-v4,-3.059584527229295,2.084
21984,reward,1,Walker2d-v4,248.94947744061665,25.809
22049,reward,1,Walker2d-v4,14.045552323705843,26.959
22106,reward,1,Walker2d-v4,-7.799838348554902,28.049
22187,reward,1,Walker2d-v4,-26.508448641923934,25.324
22240,reward,1,Walker2d-v4,12.712889559273211,31.756
22328,reward,1,Walker2d-v4,39.29428175905219,33.17
22425,reward,1,Walker2d-v4,-48.80202557849283,26.957
22509,reward,1,Walker2d-v4,-27.110741770380905,22.578
22554,reward,1,Walker2d-v4,-9.529426465255833,19.219
22630,reward,1,Walker2d-v4,6.1687282272674935,20.142
22644,reward,1,Walker2d-v4,1.790170641280086,-4.574
22688,reward,1,Walker2d-v4,0.3358830688207757,-5.945
22788,reward,1,Walker2d-v4,-46.825343051633325,-9.847
22848,reward,1,Walker2d-v4,-11.45474506647657,-8.342
22875,reward,1,Walker2d-v4,4.359786484396706,-9.177
22954,reward,1,Walker2d-v4,-32.01113248484011,-16.308
23000,reward,1,Walker2d-v4,0.11612060304902183,-11.416
23065,reward,1,Walker2d-v4,-1.1034581535263865,-8.815
23149,reward,1,Walker2d-v4,-14.606962339305245,-9.323
23242,reward,1,Walker2d-v4,26.967062760735836,-7.243
23295,reward,1,Walker2d-v4,-11.740617322086706,-8.596
23380,reward,1,Walker2d-v4,-23.33648932915891,-10.964
23408,reward,1,Walker2d-v4,3.8057312413700695,-5.9
23487,reward,1,Walker2d-v4,-15.256206880175215,-6.281
23546,reward,1,Walker2d-v4,5.503042710277121,-6.166
23622,reward,1,Walker2d-v4,-23.058950248576174,-5.271
23638,reward,1,Walker2d-v4,4.397735494378804,-4.843
23707,reward,1,Walker2d-v4,-2.966357201414731,-5.029
23771,reward,1,Walker2d-v4,4.683055555441149,-3.1
23805,reward,1,Walker2d-v4,10.325501739696762,-4.764
23867,reward,1,Walker2d-v4,-8.337371179034466,-4.424
23926,reward,1,Walker2d-v4,-2.0198782557736883,-2.292
23970,reward,1,Walker2d-v4,-1.8199396821894616,-2.855
24044,reward,1,Walker2d-v4,-13.74340865031271,-2.704
24103,reward,1,Walker2d-v4,-0.9151005369779348,-3.345
24150,reward,1,Walker2d-v4,-5.650926065705725,-1.605
24211,reward,1,Walker2d-v4,6.105211515409925,-1.434
24286,reward,1,Walker2d-v4,-22.658978155001506,-3.403
24332,reward,1,Walker2d-v4,2.143283550929835,-3.657
24388,reward,1,Walker2d-v4,13.321540244434,-3.358
24460,reward,1,Walker2d-v4,-11.690593340479925,-3.693
24576,loss,1,Walker2d-v4,-0.0614062063395977,0.8076099157333374,0.8657540678977966,8.456584930419922,0.06846825778484344
24581,reward,1,Walker2d-v4,5.069482310975679,-2.984
24639,reward,1,Walker2d-v4,-7.045161848058623,-3.506
24720,reward,1,Walker2d-v4,-32.378258704808836,-5.37
24783,reward,1,Walker2d-v4,-10.470744998094247,-6.326
24870,reward,1,Walker2d-v4,-26.988721387306466,-8.459
24960,reward,1,Walker2d-v4,-19.271226106773213,-10.997
25107,reward,1,Walker2d-v4,-10.498234622137431,-9.781
25193,reward,1,Walker2d-v4,-16.447408957814208,-11.64
25278,reward,1,Walker2d-v4,-16.73566791401923,-14.646
25375,reward,1,Walker2d-v4,-33.63044154525078,-16.84
25417,reward,1,Walker2d-v4,11.00874294083399,-16.246
25478,reward,1,Walker2d-v4,-1.1850745345008802,-15.66
25565,reward,1,Walker2d-v4,66.01477070169278,-5.82
25668,reward,1,Walker2d-v4,-35.931460865154236,-8.366
25768,reward,1,Walker2d-v4,-13.964922207837619,-7.064
25842,reward,1,Walker2d-v4,-3.378386660805403,-5.475
25978,reward,1,Walker2d-v4,56.111099421917025,1.186
26071,reward,1,Walker2d-v4,-28.996188761271846,-0.069
26163,reward,1,Walker2d-v4,-6.2452093542280815,0.98
26234,reward,1,Walker2d-v4,-20.1793959099202,2.325
26320,reward,1,Walker2d-v4,-39.71589666098145,-2.747
26411,reward,1,Walker2d-v4,-40.81173271613116,-6.71
26499,reward,1,Walker2d-v4,-16.998043003466236,-15.011
26601,reward,1,Walker2d-v4,-49.34866064818763,-16.353
26677,reward,1,Walker2d-v4,-10.302890924493344,-15.987
26795,reward,1,Walker2d-v4,20.86829950337717,-13.562
26873,reward,1,Walker2d-v4,-27.118149652561968,-21.885
26906,reward,1,Walker2d-v4,12.100595794826818,-17.775
26990,reward,1,Walker2d-v4,12.173586518597002,-15.933
27090,reward,1,Walker2d-v4,-32.5774760829924,-17.173
27183,reward,1,Walker2d-v4,32.71082751440164,-9.93
27269,reward,1,Walker2d-v4,-4.562689620623441,-6.305
27334,reward,1,Walker2d-v4,9.574049159835187,-3.648
27435,reward,1,Walker2d-v4,-5.575009595478442,0.729
27522,reward,1,Walker2d-v4,-2.3025253835341783,1.529
27548,reward,1,Walker2d-v4,11.961747049679248,0.638
27639,reward,1,Walker2d-v4,-23.498091022640853,1.001
27711,reward,1,Walker2d-v4,-25.464236045404565,-2.756
27773,reward,1,Walker2d-v4,6.6689938796859725,-3.306
27848,reward,1,Walker2d-v4,-1.0894868513182137,-0.158
27919,reward,1,Walker2d-v4,41.493182020642756,0.721
28029,reward,1,Walker2d-v4,-9.325908346099995,0.244
28121,reward,1,Walker2d-v4,-0.6350391786815308,-0.777
28202,reward,1,Walker2d-v4,42.871959529390296,4.068
28293,reward,1,Walker2d-v4,-16.751860284204888,2.623
28372,reward,1,Walker2d-v4,-6.603010898905656,0.767
28472,reward,1,Walker2d-v4,-63.06532100273545,-3.19
28586,reward,1,Walker2d-v4,-46.219313791703236,-5.266
28672,loss,1,Walker2d-v4,-0.05079982429742813,1.1575247049331665,0.987238347530365,8.444657325744629,0.07960080355405807
28707,reward,1,Walker2d-v4,-1.7903928399360596,-6.112
28786,reward,1,Walker2d-v4,-33.793415842752665,-9.382
28931,reward,1,Walker2d-v4,-14.954883372910537,-15.027
29006,reward,1,Walker2d-v4,-14.845271247156521,-15.579
29114,reward,1,Walker2d-v4,-15.765728414956321,-17.092
29164,reward,1,Walker2d-v4,-4.419822928105235,-21.821
29258,reward,1,Walker2d-v4,-17.47725543245205,-21.893
29374,reward,1,Walker2d-v4,94.9465526771752,-11.738
29477,reward,1,Walker2d-v4,-5.990516229542638,-6.031
29588,reward,1,Walker2d-v4,16.649599799214865,0.256
29645,reward,1,Walker2d-v4,7.749339407367729,1.21
29778,reward,1,Walker2d-v4,-48.97962680410696,-0.309
29815,reward,1,Walker2d-v4,6.874549028550659,1.874
29893,reward,1,Walker2d-v4,-23.853541541415858,0.973
30000,eval,1,Walker2d-v4,Walker2d-v4,-21.856,-2.552026,30.42
30000,eval,1,Walker2d-v4,HalfCheetah-v4,-720.951,-720950904.083128,631.917
30017,reward,1,Walker2d-v4,-3.2711430707243645,2.223
30052,reward,1,Walker2d-v4,12.228335416306379,3.888
30112,reward,1,Walker2d-v4,37.035925444064176,9.339
30240,reward,1,Walker2d-v4,-41.74350638047029,-4.33
30335,reward,1,Walker2d-v4,-12.964848345628374,-5.027
30397,reward,1,Walker2d-v4,-0.1921000440594871,-6.712
30470,reward,1,Walker2d-v4,-23.316117950043573,-9.818
30572,reward,1,Walker2d-v4,-42.57269151529922,-9.178
30623,reward,1,Walker2d-v4,22.65649533294586,-7.599
30725,reward,1,Walker2d-v4,-52.84951500366763,-10.499
30791,reward,1,Walker2d-v4,-2.5720364965569464,-10.429
30883,reward,1,Walker2d-v4,-5.855525905007215,-12.237
30984,reward,1,Walker2d-v4,-37.602083480856166,-19.701
31068,reward,1,Walker2d-v4,-49.567933590063774,-20.484
31158,reward,1,Walker2d-v4,-20.656188529122492,-21.253
31242,reward,1,Walker2d-v4,-17.854846415410584,-23.019
31285,reward,1,Walker2d-v4,17.40555003155745,-18.947
31458,reward,1,Walker2d-v4,14.731308344081022,-13.216
31564,reward,1,Walker2d-v4,-42.437787768713015,-19.726
31683,reward,1,Walker2d-v4,-21.448640933199083,-16.586
31786,reward,1,Walker2d-v4,-43.51787611967075,-20.68
31862,reward,1,Walker2d-v4,6.4587668045271815,-19.449
31964,reward,1,Walker2d-v4,20.70159520594,-13.619
32067,reward,1,Walker2d-v4,-44.82378983777099,-13.144
32084,reward,1,Walker2d-v4,1.7861575113933064,-10.9
32186,reward,1,Walker2d-v4,8.939868401915197,-8.22
32253,reward,1,Walker2d-v4,-11.15311844003933,-11.076
32369,reward,1,Walker2d-v4,-42.74061697906643,-16.824
32457,reward,1,Walker2d-v4,-19.5303532472974,-14.533
32529,reward,1,Walker2d-v4,6.056506103049204,-11.782
32629,reward,1,Walker2d-v4,-44.07401235384978,-11.838
32753,reward,1,Walker2d-v4,4.598440329068702,-12.024
32768,loss,1,Walker2d-v4,-0.0457780584692955,1.4273618459701538,1.1099915504455566,8.43789005279541,0.048628948628902435
32857,reward,1,Walker2d-v4,-17.475842280722755,-15.842
32931,reward,1,Walker2d-v4,-10.784071842301314,-12.438
33044,reward,1,Walker2d-v4,-26.671600314346655,-15.283
33127,reward,1,Walker2d-v4,59.66542161048173,-10.211
33272,reward,1,Walker2d-v4,-37.766969624900604,-12.872
33427,reward,1,Walker2d-v4,14.872049455212178,-7.111
33508,reward,1,Walker2d-v4,-21.775878965126292,-7.336
33593,reward,1,Walker2d-v4,36.78618824493311,-4.263
33631,reward,1,Walker2d-v4,16.002643526693355,1.745
33711,reward,1,Walker2d-v4,-30.24068595016521,-1.739
33770,reward,1,Walker2d-v4,41.79778565787923,4.188
33848,reward,1,Walker2d-v4,18.28209103416506,7.095
33966,reward,1,Walker2d-v4,-25.549054661831086,7.207
34060,reward,1,Walker2d-v4,-54.0217464767092,-4.161
34149,reward,1,Walker2d-v4,-41.95212954977728,-4.58
34218,reward,1,Walker2d-v4,-11.251052761589778,-7.192
34292,reward,1,Walker2d-v4,43.093268041255,-0.705
34356,reward,1,Walker2d-v4,-0.3171739672364404,-4.416
34490,reward,1,Walker2d-v4,-31.29807332646274,-9.146
34688,reward,1,Walker2d-v4,36.38868862863285,-2.483
34712,reward,1,Walker2d-v4,9.333260576808641,-5.729
34774,reward,1,Walker2d-v4,13.235564581698412,-6.234
34813,reward,1,Walker2d-v4,12.379972423247773,-2.441
34945,reward,1,Walker2d-v4,-52.85598929159653,-2.324
35036,reward,1,Walker2d-v4,-31.727689658131865,-1.302
35166,reward,1,Walker2d-v4,-20.55862349374485,-2.233
35264,reward,1,Walker2d-v4,-57.670336108465094,-12.309
35285,reward,1,Walker2d-v4,7.491099968345911,-11.528
35386,reward,1,Walker2d-v4,-9.388729082316123,-9.337
35483,reward,1,Walker2d-v4,-33.83797311906761,-16.36
35568,reward,1,Walker2d-v4,9.391422109919525,-16.354
35657,reward,1,Walker2d-v4,-29.492679034668495,-20.627
35772,reward,1,Walker2d-v4,-2.4710742852234544,-22.112
35888,reward,1,Walker2d-v4,7.360205916734866,-16.09
35979,reward,1,Walker2d-v4,-21.09015496594255,-15.027
36049,reward,1,Walker2d-v4,-0.15259334602418972,-12.986
36151,reward,1,Walker2d-v4,-15.00133459082981,-8.719
36293,reward,1,Walker2d-v4,7.945979564126824,-8.674
36379,reward,1,Walker2d-v4,14.388524053207927,-6.296
36481,reward,1,Walker2d-v4,-1.8394686701635807,-3.096
36562,reward,1,Walker2d-v4,20.055122240645964,-2.03
36634,reward,1,Walker2d-v4,-9.179886343977714,0.002
36755,reward,1,Walker2d-v4,3.824140606995559,0.631
36864,loss,1,Walker2d-v4,-0.037039320915937424,2.243584156036377,1.3217815160751343,8.429991722106934,0.05934550613164902
36864,sbp,1,Walker2d-v4,event,0.589139,0.65,1.952958,0.012917,0.364656,0.0,0.0,0.13085,0.266275,3.0,0.009063,13,0.009063,0.0,0,0,0,0.0,1
36868,reward,1,Walker2d-v4,-16.80728810016848,-1.786
36946,reward,1,Walker2d-v4,26.57456548300477,2.981
37009,reward,1,Walker2d-v4,3.7448217623317723,3.371
37135,reward,1,Walker2d-v4,-10.604960967737606,3.81
37206,reward,1,Walker2d-v4,9.83561581144884,3.999
37330,reward,1,Walker2d-v4,-42.361915727531986,-1.676
37439,reward,1,Walker2d-v4,-10.586653298661783,-2.551
37578,reward,1,Walker2d-v4,37.75608921581177,-0.781
37738,reward,1,Walker2d-v4,-8.494302260645139,-0.712
37838,reward,1,Walker2d-v4,-37.292456635969415,-4.824
37963,reward,1,Walker2d-v4,-25.35043082017671,-5.678
38172,reward,1,Walker2d-v4,78.57241655233676,-0.478
38272,reward,1,Walker2d-v4,-54.3062106726209,-6.283
38321,reward,1,Walker2d-v4,-1.6106688038201429,-5.384
38441,reward,1,Walker2d-v4,27.963425050479792,-3.571
38558,reward,1,Walker2d-v4,-39.53062662372627,-3.288
38570,reward,1,Walker2d-v4,1.1358265158321266,-2.116
38667,reward,1,Walker2d-v4,-36.26121899189014,-9.517
38681,reward,1,Walker2d-v4,3.9158144175204326,-8.276
38779,reward,1,Walker2d-v4,33.117111295561784,-1.235
38879,reward,1,Walker2d-v4,-28.244874247106594,-1.525
38983,reward,1,Walker2d-v4,0.13629789228081535,-9.369
39117,reward,1,Walker2d-v4,147.3377944069356,10.796
39218,reward,1,Walker2d-v4,21.8184690764402,13.139
39274,reward,1,Walker2d-v4,14.91937407451918,11.834
39340,reward,1,Walker2d-v4,47.57368831000528,20.545
39427,reward,1,Walker2d-v4,12.805465248759306,21.712
39498,reward,1,Walker2d-v4,14.626100814200326,26.801
39644,reward,1,Walker2d-v4,25.792713742642512,28.988
39669,reward,1,Walker2d-v4,8.765425930020104,26.553
39775,reward,1,Walker2d-v4,-34.26785250447036,25.951
39904,reward,1,Walker2d-v4,-32.773998013643755,22.66
40000,eval,1,Walker2d-v4,Walker2d-v4,-18.021,-2.104177,26.585
40000,eval,1,Walker2d-v4,HalfCheetah-v4,-972.165,-972164712.239227,883.131
40015,reward,1,Walker2d-v4,-45.11531740286782,3.414
40098,reward,1,Walker2d-v4,-16.180194161031526,-0.385
40186,reward,1,Walker2d-v4,-10.78082632473963,-2.955
40287,reward,1,Walker2d-v4,-47.95964788888244,-12.509
40415,reward,1,Walker2d-v4,-36.28225524264732,-17.418
40503,reward,1,Walker2d-v4,11.257685114755159,-17.754
40607,reward,1,Walker2d-v4,-16.969441410887473,-22.031
40678,reward,1,Walker2d-v4,38.34928167026283,-19.072
40809,reward,1,Walker2d-v4,35.54363097826638,-12.091
40957,reward,1,Walker2d-v4,199.67057705365406,11.153
40960,loss,1,Walker2d-v4,-0.0591953806579113,2.205549478530884,1.278226613998413,8.435873985290527,0.05858960747718811
41119,reward,1,Walker2d-v4,11.366736224227015,16.802
41184,reward,1,Walker2d-v4,4.226765842461169,18.842
41303,reward,1,Walker2d-v4,-33.103237198955924,16.61
41457,reward,1,Walker2d-v4,58.72795017271943,27.279
41533,reward,1,Walker2d-v4,29.661120367598095,33.873
41603,reward,1,Walker2d-v4,11.594048258480809,33.907
41683,reward,1,Walker2d-v4,28.37417182269572,38.441
41766,reward,1,Walker2d-v4,41.53479481624928,38.76
41870,reward,1,Walker2d-v4,-6.5273805718312685,34.553
41960,reward,1,Walker2d-v4,-19.14134412201327,12.671
42024,reward,1,Walker2d-v4,9.558843222394165,12.491
42113,reward,1,Walker2d-v4,16.70330858708903,13.738
42212,reward,1,Walker2d-v4,-30.745945375297342,13.974
42289,reward,1,Walker2d-v4,-21.6977036998581,5.931
42471,reward,1,Walker2d-v4,-35.87779390629113,-0.623
42600,reward,1,Walker2d-v4,-20.21946956092934,-3.804
42716,reward,1,Walker2d-v4,-79.58211032579945,-14.599
42778,reward,1,Walker2d-v4,15.715248191114812,-17.181
42979,reward,1,Walker2d-v4,-26.815909198480625,-19.21
43025,reward,1,Walker2d-v4,19.01217071151035,-15.395
43137,reward,1,Walker2d-v4,64.28260192527901,-9.923
43233,reward,1,Walker2d-v4,-13.169495704542516,-12.91
43334,reward,1,Walker2d-v4,-43.06799615239899,-14.142
43450,reward,1,Walker2d-v4,-20.37051869402113,-14.009
43583,reward,1,Walker2d-v4,-9.093282081891367,-11.331
43702,reward,1,Walker2d-v4,-25.234575818265615,-11.832
43721,reward,1,Walker2d-v4,9.2604224567174,-2.948
43763,reward,1,Walker2d-v4,24.858796482273007,-2.034
43883,reward,1,Walker2d-v4,-12.267685927588788,-0.579
43970,reward,1,Walker2d-v4,13.71448681982374,-1.109
44082,reward,1,Walker2d-v4,-23.87321303663203,-9.924
44181,reward,1,Walker2d-v4,-29.21101828551,-11.528
44215,reward,1,Walker2d-v4,19.050279933898008,-5.317
44305,reward,1,Walker2d-v4,24.375458797608882,-0.842
44389,reward,1,Walker2d-v4,-11.093059541626943,-1.042
44506,reward,1,Walker2d-v4,31.547747951352445,4.636
44613,reward,1,Walker2d-v4,-32.95071108322971,0.415
44656,reward,1,Walker2d-v4,12.912293024245901,-0.78
44722,reward,1,Walker2d-v4,29.486949223356525,3.396
44811,reward,1,Walker2d-v4,-20.141513018636207,0.01
44947,reward,1,Walker2d-v4,-19.816258084847924,0.416
45045,reward,1,Walker2d-v4,-14.476570668680747,1.889
45056,loss,1,Walker2d-v4,-0.06022007018327713,2.0917913913726807,1.2894388437271118,8.430006980895996,0.06633113324642181
45083,reward,1,Walker2d-v4,4.3696736184396165,0.421
45177,reward,1,Walker2d-v4,-56.91828733535573,-7.708
45384,reward,1,Walker2d-v4,74.0657249807072,0.808
45484,reward,1,Walker2d-v4,-17.316816850890675,-4.079
45617,reward,1,Walker2d-v4,12.143866337335842,0.431
45634,reward,1,Walker2d-v4,3.8817221879336925,-0.472
45669,reward,1,Walker2d-v4,27.008334835307572,-0.72
45819,reward,1,Walker2d-v4,23.22630819610675,3.617
45920,reward,1,Walker2d-v4,5.407157934765807,6.139
46027,reward,1,Walker2d-v4,-13.920448105387374,6.195
46133,reward,1,Walker2d-v4,-11.386668308992743,4.619
46227,reward,1,Walker2d-v4,-25.647343421127445,7.746
46354,reward,1,Walker2d-v4,-12.927560328947,-0.953
46422,reward,1,Walker2d-v4,-14.140555307510814,-0.636
46504,reward,1,Walker2d-v4,-0.20288820282704556,-1.87
46571,reward,1,Walker2d-v4,18.979504042320173,-0.36
46681,reward,1,Walker2d-v4,-46.3407100434163,-7.695
46798,reward,1,Walker2d-v4,6.729461851856853,-9.345
46850,reward,1,Walker2d-v4,8.184112777764351,-9.067
46864,sbp,1,Walker2d-v4,event,0.576809,0.65,1.868143,0.013957,0.494575,1.127149,0.298528,0.209274,0.481969,4.0,0.008941,28,0.006915,0.004503,64,64,0,2.065928,1
46971,reward,1,Walker2d-v4,-21.652908796600947,-9.841
47154,reward,1,Walker2d-v4,93.21942663215766,0.62
47285,reward,1,Walker2d-v4,-4.255030302789202,2.759
47403,reward,1,Walker2d-v4,4.2868516737053195,4.481
47485,reward,1,Walker2d-v4,-6.1467912481248606,5.28
47516,reward,1,Walker2d-v4,17.933223665272973,7.094
47599,reward,1,Walker2d-v4,-31.337520957576174,2.062
47657,reward,1,Walker2d-v4,11.750317453446288,7.871
47755,reward,1,Walker2d-v4,26.5468280214523,9.853
47929,reward,1,Walker2d-v4,14.021431501232172,10.437
47952,reward,1,Walker2d-v4,11.532441544425376,13.755
48074,reward,1,Walker2d-v4,18.42977094814637,6.276
48222,reward,1,Walker2d-v4,30.63957971214983,9.766
48379,reward,1,Walker2d-v4,-21.078909170263596,7.229
48424,reward,1,Walker2d-v4,19.055344304965107,9.749
48571,reward,1,Walker2d-v4,-43.66962176754676,3.589
48781,reward,1,Walker2d-v4,128.64752122021306,19.587
48934,reward,1,Walker2d-v4,22.632395220297234,20.676
49076,reward,1,Walker2d-v4,-3.1927299652477465,17.702
49152,loss,1,Walker2d-v4,-0.07154688984155655,2.6324024200439453,1.3801054954528809,8.433151245117188,0.08463723957538605
49359,reward,1,Walker2d-v4,231.5800043251185,39.458
49479,reward,1,Walker2d-v4,9.651593803760282,39.269
49648,reward,1,Walker2d-v4,-25.06991443588602,34.92
49775,reward,1,Walker2d-v4,-9.719488642880052,30.884
49889,reward,1,Walker2d-v4,-30.250189463284112,29.966
49984,reward,1,Walker2d-v4,13.652078084709139,29.426
50000,eval,1,Walker2d-v4,Walker2d-v4,37.738,1.0,0.0
50000,eval,1,Walker2d-v4,HalfCheetah-v4,-1306.022,-1306022472.626318,1216.988
50059,reward,1,Walker2d-v4,-4.539446066295243,33.339
50075,reward,1,Walker2d-v4,5.802831472387648,21.055
50196,reward,1,Walker2d-v4,-35.32282681369424,15.259
50287,reward,1,Walker2d-v4,-15.248418021662903,14.054
50402,reward,1,Walker2d-v4,-4.067234708187838,-9.511
50535,reward,1,Walker2d-v4,-14.88089115488937,-11.964
50706,reward,1,Walker2d-v4,1.4502728885332306,-9.312
50833,reward,1,Walker2d-v4,26.506896203554444,-5.69
50930,reward,1,Walker2d-v4,-21.074925999912157,-4.772
50979,reward,1,Walker2d-v4,28.42325025334719,-3.295
51131,reward,1,Walker2d-v4,24.157923433709342,-0.425
51146,reward,1,Walker2d-v4,4.931669140451138,-0.512
51282,reward,1,Walker2d-v4,4.055028912716661,3.425
51385,reward,1,Walker2d-v4,-3.1475884265403558,4.635
51439,reward,1,Walker2d-v4,1.1920060950662705,5.161
51474,reward,1,Walker2d-v4,21.85590356728416,8.835
51544,reward,1,Walker2d-v4,2.7344494992145765,8.963
51624,reward,1,Walker2d-v4,0.8699989665125432,6.4
51747,reward,1,Walker2d-v4,-9.935893142196212,7.514
51948,reward,1,Walker2d-v4,-11.057349111550469,3.566
52062,reward,1,Walker2d-v4,49.21552876921333,6.071
52218,reward,1,Walker2d-v4,9.226781441818948,6.501
52308,reward,1,Walker2d-v4,-24.284178169650108,3.667
52424,reward,1,Walker2d-v4,-45.93120991904325,-0.611
52503,reward,1,Walker2d-v4,-25.438169111367294,-3.274
52597,reward,1,Walker2d-v4,-8.253419690718564,-6.285
52665,reward,1,Walker2d-v4,33.41522607771114,-3.217
52834,reward,1,Walker2d-v4,78.37569189128631,4.533
52859,reward,1,Walker2d-v4,3.259696364386501,5.853
52992,reward,1,Walker2d-v4,-58.36467235115971,1.122
53095,reward,1,Walker2d-v4,-14.574826090851447,-5.257
53248,loss,1,Walker2d-v4,-0.06786350160837173,2.3329551219940186,1.374452829360962,8.426766395568848,0.07026972621679306
53306,reward,1,Walker2d-v4,9.011159175571255,-5.278
53332,reward,1,Walker2d-v4,11.922538156834586,-1.658
53492,reward,1,Walker2d-v4,31.50654959803379,6.086
53750,reward,1,Walker2d-v4,159.30883980915556,24.561
53912,reward,1,Walker2d-v4,-40.023382345105816,21.384
54066,reward,1,Walker2d-v4,-19.254697438424444,16.117
54199,reward,1,Walker2d-v4,-10.426058528375613,7.237
54271,reward,1,Walker2d-v4,26.840073608641283,9.595
54353,reward,1,Walker2d-v4,49.06746361553435,20.338
54471,reward,1,Walker2d-v4,22.946653723091103,24.09
54590,reward,1,Walker2d-v4,-8.37255975448652,22.352
54747,reward,1,Walker2d-v4,16.152127621942263,22.775
54874,reward,1,Walker2d-v4,-43.33522945237059,15.29
55076,reward,1,Walker2d-v4,64.68559656206116,5.828
55190,reward,1,Walker2d-v4,-20.633674135708496,7.767
55202,reward,1,Walker2d-v4,2.8298356215825713,9.975
55300,reward,1,Walker2d-v4,10.015205800067337,12.02
55423,reward,1,Walker2d-v4,-24.10256543727582,6.925
55574,reward,1,Walker2d-v4,3.349750086348623,2.354
55691,reward,1,Walker2d-v4,-13.77615761122895,-1.319
55822,reward,1,Walker2d-v4,5.604419400982354,0.079
55941,reward,1,Walker2d-v4,-3.7523181854901346,-1.912
56099,reward,1,Walker2d-v4,11.24135257612944,3.546
56252,reward,1,Walker2d-v4,-42.71434175913292,-7.194
56367,reward,1,Walker2d-v4,3.6610799670149583,-4.764
56551,reward,1,Walker2d-v4,16.7214697117965,-3.375
56620,reward,1,Walker2d-v4,31.534929977960427,-1.223
56854,reward,1,Walker2d-v4,108.91893772623088,12.079
56864,sbp,1,Walker2d-v4,event,0.563686,0.65,1.908969,0.014997,0.624585,1.131418,0.330425,0.224666,0.548535,4.0,0.01288,60,0.005198,0.01707,128,64,0,2.479913,1
57002,reward,1,Walker2d-v4,4.282030594216563,12.172
57036,reward,1,Walker2d-v4,24.575826118697613,16.007
57128,reward,1,Walker2d-v4,17.218828933273816,17.169
57236,reward,1,Walker2d-v4,16.848282418631076,19.229
57260,reward,1,Walker2d-v4,15.892239103426926,19.694
57344,loss,1,Walker2d-v4,-0.06293107569217682,3.0354809761047363,1.4209061861038208,8.425865173339844,0.08861196041107178
57419,reward,1,Walker2d-v4,270.11931087144484,50.977
57490,reward,1,Walker2d-v4,16.061367333756326,52.217
57616,reward,1,Walker2d-v4,-22.526749016212566,48.293
57725,reward,1,Walker2d-v4,-6.300969982773014,44.509
57881,reward,1,Walker2d-v4,-6.604960441205243,32.957
57991,reward,1,Walker2d-v4,-10.640318738644659,31.464
58156,reward,1,Walker2d-v4,37.65568509178861,32.772
58286,reward,1,Walker2d-v4,-11.96493372343307,29.854
58472,reward,1,Walker2d-v4,48.97129602901511,33.066
58618,reward,1,Walker2d-v4,-7.905422379887977,30.686
58711,reward,1,Walker2d-v4,0.5843235050001367,3.733
58945,reward,1,Walker2d-v4,314.0998041779691,33.537
59082,reward,1,Walker2d-v4,-32.58714096706516,32.531
59217,reward,1,Walker2d-v4,1.380173457898822,33.299
59367,reward,1,Walker2d-v4,26.191127506010588,36.578
59503,reward,1,Walker2d-v4,1.7306297095095604,37.816
59601,reward,1,Walker2d-v4,46.23704318673588,38.674
59726,reward,1,Walker2d-v4,-12.699061209663551,38.6
59839,reward,1,Walker2d-v4,-6.822360411665304,33.021
60000,eval,1,Walker2d-v4,Walker2d-v4,53.456,1.0,0.0
60000,eval,1,Walker2d-v4,HalfCheetah-v4,-856.794,-856793725.885282,767.76
60210,reward,1,Walker2d-v4,157.4854444362887,49.56
60258,reward,1,Walker2d-v4,2.9326815858018636,49.795
60273,reward,1,Walker2d-v4,1.939810617348578,18.579
60391,reward,1,Walker2d-v4,-47.29844774616976,17.108
60535,reward,1,Walker2d-v4,129.223044409682,29.892
60674,reward,1,Walker2d-v4,-15.13623254432256,25.759
60807,reward,1,Walker2d-v4,-0.24743548725951792,25.561
60973,reward,1,Walker2d-v4,53.684687135025975,26.306
61138,reward,1,Walker2d-v4,-8.04989108342981,26.771
61281,reward,1,Walker2d-v4,5.053724109812016,27.959
61408,reward,1,Walker2d-v4,-15.597451899638553,10.65
61440,loss,1,Walker2d-v4,-0.07534169405698776,4.231739521026611,1.7089089155197144,8.421730995178223,0.13901439309120178
61580,reward,1,Walker2d-v4,106.88235257080903,21.045
61690,reward,1,Walker2d-v4,-54.792797285406316,15.372
61816,reward,1,Walker2d-v4,10.679911226354493,21.17
61920,reward,1,Walker2d-v4,-24.564177232937173,5.791
62027,reward,1,Walker2d-v4,1.6688538919793667,7.472
62182,reward,1,Walker2d-v4,21.12411146741788,9.609
62354,reward,1,Walker2d-v4,-40.25428494397164,0.215
62545,reward,1,Walker2d-v4,9.663845760012842,1.986
62763,reward,1,Walker2d-v4,50.070289514271536,6.488
62914,reward,1,Walker2d-v4,7.241700198385534,8.772
63002,reward,1,Walker2d-v4,23.318122700680565,0.416
63105,reward,1,Walker2d-v4,4.141041563679475,6.309
63225,reward,1,Walker2d-v4,-5.24547589377441,4.716
63272,reward,1,Walker2d-v4,14.038238506240459,8.577
63385,reward,1,Walker2d-v4,-3.4250873062880856,8.067
63517,reward,1,Walker2d-v4,4.508336075177624,6.406
63627,reward,1,Walker2d-v4,-7.00995749537546,9.73
63735,reward,1,Walker2d-v4,46.811108020082266,13.445
63854,reward,1,Walker2d-v4,-33.75065857602073,5.063
63983,reward,1,Walker2d-v4,1.4006454498817007,4.479
64108,reward,1,Walker2d-v4,-28.820870437172943,-0.735
64290,reward,1,Walker2d-v4,-16.09776739394975,-2.759
64414,reward,1,Walker2d-v4,0.6907162843401335,-2.166
64574,reward,1,Walker2d-v4,47.493903084935404,1.18
64687,reward,1,Walker2d-v4,33.85353829130128,4.908
64810,reward,1,Walker2d-v4,-18.78227412249292,2.579
64922,reward,1,Walker2d-v4,-5.169596649626717,2.763
65101,reward,1,Walker2d-v4,36.73498336066013,1.755
65226,reward,1,Walker2d-v4,11.591076754096267,6.289
65343,reward,1,Walker2d-v4,-24.377847331488198,3.712
65452,reward,1,Walker2d-v4,-3.362533607392035,6.257
65536,loss,1,Walker2d-v4,-0.06107538938522339,4.3178911209106445,1.6726362705230713,8.417597770690918,0.057879358530044556
65557,reward,1,Walker2d-v4,-26.19177454956059,5.248
65742,reward,1,Walker2d-v4,45.9412716543037,9.773
65904,reward,1,Walker2d-v4,11.939023818958326,6.218
66025,reward,1,Walker2d-v4,-19.69498212360028,0.863
66222,reward,1,Walker2d-v4,74.37134166662062,10.178
66345,reward,1,Walker2d-v4,-22.448119529814196,8.45
66482,reward,1,Walker2d-v4,-22.53436735141538,2.523
66648,reward,1,Walker2d-v4,23.90735329237707,3.755
66745,reward,1,Walker2d-v4,-28.567924137071333,3.336
66864,sbp,1,Walker2d-v4,event,0.544318,0.65,2.139711,0.016832,0.854023,1.138119,0.254762,0.22135,0.579399,4.0,0.020297,60,0.007571,0.028281,192,64,0,2.862831,1
67054,reward,1,Walker2d-v4,121.8022196413273,15.852
67253,reward,1,Walker2d-v4,132.2456487103954,31.696
67370,reward,1,Walker2d-v4,-4.57314659763767,26.645
67492,reward,1,Walker2d-v4,-16.833538518980856,23.767
67635,reward,1,Walker2d-v4,19.408082956881472,27.678
67823,reward,1,Walker2d-v4,76.51055029442911,27.892
67973,reward,1,Walker2d-v4,29.396704085295763,33.076
68099,reward,1,Walker2d-v4,-1.5326437153760089,35.176
68218,reward,1,Walker2d-v4,14.965121966446256,34.282
68402,reward,1,Walker2d-v4,8.643560635787482,38.003
68571,reward,1,Walker2d-v4,-1.307994290880424,25.692
68698,reward,1,Walker2d-v4,35.78714420022281,16.046
68898,reward,1,Walker2d-v4,343.4541615075973,50.849
69038,reward,1,Walker2d-v4,2.2639861203885356,52.759
69160,reward,1,Walker2d-v4,-41.18161714720801,46.7
69348,reward,1,Walker2d-v4,28.797982788358137,41.929
69565,reward,1,Walker2d-v4,13.1450157258335,40.303
69632,loss,1,Walker2d-v4,-0.06148512661457062,3.4688143730163574,1.5862278938293457,8.423301696777344,0.05861945450305939
69648,reward,1,Walker2d-v4,-9.922609335955956,39.464
69679,reward,1,Walker2d-v4,15.337512461933448,39.502
69810,reward,1,Walker2d-v4,7.241359344462879,39.361
69845,reward,1,Walker2d-v4,17.541404396855317,41.246
69938,reward,1,Walker2d-v4,-24.0552824316609,35.262
70000,eval,1,Walker2d-v4,Walker2d-v4,47.121,0.881488,6.335
70000,eval,1,Walker2d-v4,HalfCheetah-v4,-443.439,-443438876.654021,354.405
70067,reward,1,Walker2d-v4,-0.7441131052049017,0.842
70146,reward,1,Walker2d-v4,-8.616123974658404,-0.246
70255,reward,1,Walker2d-v4,8.987038894195766,4.771
70508,reward,1,Walker2d-v4,102.76078267575691,12.167
70557,reward,1,Walker2d-v4,24.212282642225084,13.274
70705,reward,1,Walker2d-v4,43.146663894457575,18.581
70864,reward,1,Walker2d-v4,6.328171293915993,17.68
71033,reward,1,Walker2d-v4,33.95563482114765,20.352
71119,reward,1,Walker2d-v4,34.42636704363901,22.04
71227,reward,1,Walker2d-v4,6.603436174490821,25.106
71335,reward,1,Walker2d-v4,-8.528858805928422,24.328
71449,reward,1,Walker2d-v4,67.7511242812423,31.964
71677,reward,1,Walker2d-v4,86.0075620060392,39.666
71859,reward,1,Walker2d-v4,317.75723280653773,61.166
71911,reward,1,Walker2d-v4,31.029204476813195,61.848
72053,reward,1,Walker2d-v4,-7.712960574899608,56.762
72210,reward,1,Walker2d-v4,26.219355472509438,58.751
72309,reward,1,Walker2d-v4,30.412494357297305,58.396
72389,reward,1,Walker2d-v4,53.13193921440822,60.267
72510,reward,1,Walker2d-v4,30.31523561118888,62.638
72641,reward,1,Walker2d-v4,18.80965881606533,65.372
72738,reward,1,Walker2d-v4,67.4962390984436,65.347
72902,reward,1,Walker2d-v4,33.795218963913854,60.125
73038,reward,1,Walker2d-v4,27.91921215354162,31.142
73178,reward,1,Walker2d-v4,7.374373685046074,28.776
73302,reward,1,Walker2d-v4,-20.327983889961715,27.515
73570,reward,1,Walker2d-v4,117.96006146646071,36.689
73680,reward,1,Walker2d-v4,0.042805292767396086,33.652
73728,loss,1,Walker2d-v4,-0.06131114065647125,3.9497218132019043,1.6387102603912354,8.42043399810791,0.06622739881277084
73792,reward,1,Walker2d-v4,28.260364299470446,31.165
73953,reward,1,Walker2d-v4,16.16785800099778,29.75
74064,reward,1,Walker2d-v4,-5.341766204552249,27.335
74182,reward,1,Walker2d-v4,8.389620542970516,21.424
74273,reward,1,Walker2d-v4,-12.489492044978398,16.796
74466,reward,1,Walker2d-v4,68.18411652347358,20.822
74639,reward,1,Walker2d-v4,31.968564829637323,23.281
74768,reward,1,Walker2d-v4,29.316622448860826,28.246
74898,reward,1,Walker2d-v4,39.88789199997736,20.439
75020,reward,1,Walker2d-v4,32.9000857671214,23.724
75137,reward,1,Walker2d-v4,-28.126929655625258,18.086
75290,reward,1,Walker2d-v4,15.380789753540329,18.007
75407,reward,1,Walker2d-v4,-10.40531621496659,17.501
75529,reward,1,Walker2d-v4,10.097508049925418,17.671
75656,reward,1,Walker2d-v4,49.96983406970076,23.917
75857,reward,1,Walker2d-v4,70.45419637513145,24.144
75947,reward,1,Walker2d-v4,-5.179668236542374,20.43
76108,reward,1,Walker2d-v4,32.2923153828861,20.727
76235,reward,1,Walker2d-v4,18.518851276207418,18.59
76387,reward,1,Walker2d-v4,31.611872647032133,18.461
76565,reward,1,Walker2d-v4,28.615193757199997,24.136
76685,reward,1,Walker2d-v4,11.080033104036513,23.705
76790,reward,1,Walker2d-v4,11.571398006868488,25.903
76864,sbp,1,Walker2d-v4,event,0.529403,0.65,2.019105,0.017413,0.926664,1.141086,0.410524,0.226381,0.599533,4.0,0.014278,60,0.005354,0.019831,256,64,0,3.017311,1
76974,reward,1,Walker2d-v4,27.752915304151877,27.669
77201,reward,1,Walker2d-v4,43.36328369528355,27.008
77587,reward,1,Walker2d-v4,128.8048110351233,32.843
77732,reward,1,Walker2d-v4,1.122242394980168,33.473
77824,loss,1,Walker2d-v4,-0.06097927689552307,3.9204437732696533,1.7657362222671509,8.422348976135254,0.06691349297761917
78000,reward,1,Walker2d-v4,37.81505885658648,34.026
78167,reward,1,Walker2d-v4,259.9186223565461,58.166
78251,reward,1,Walker2d-v4,41.85453084434372,59.19
78382,reward,1,Walker2d-v4,-2.998139633894357,56.028
78527,reward,1,Walker2d-v4,-3.5261497245746036,54.568
78755,reward,1,Walker2d-v4,41.64222857337009,57.575
78864,reward,1,Walker2d-v4,-26.210930322377433,52.179
78961,reward,1,Walker2d-v4,-21.548540285696582,45.687
79104,reward,1,Walker2d-v4,1.8439749539399979,32.991
79220,reward,1,Walker2d-v4,158.78036892942163,48.757
79343,reward,1,Walker2d-v4,38.384789092564695,48.814
79449,reward,1,Walker2d-v4,-25.548027258062586,20.267
79560,reward,1,Walker2d-v4,9.720441550859354,17.054
79667,reward,1,Walker2d-v4,5.25211929336926,17.879
79798,reward,1,Walker2d-v4,-23.76702953310233,15.855
79932,reward,1,Walker2d-v4,-0.4628403236362981,11.644
80000,eval,1,Walker2d-v4,Walker2d-v4,325.566,1.0,0.0
80000,eval,1,Walker2d-v4,HalfCheetah-v4,-423.743,-423743179.023052,334.709
80000,phase_summary,1,Walker2d-v4,326.117,325.566,1.001694,0.0,4.38
80000,phase_start,2,HalfCheetah-v4,80000
81000,reward,2,HalfCheetah-v4,-351.4962101106065,-351.496
82000,reward,2,HalfCheetah-v4,-309.08402583963397,-330.29
83000,reward,2,HalfCheetah-v4,-375.3695896592706,-345.317
84000,reward,2,HalfCheetah-v4,-574.5314145476809,-402.62
84096,loss,2,HalfCheetah-v4,-0.0014448403380811214,87.64460754394531,9.950887680053711,8.420878410339355,0.030212946236133575
85000,reward,2,HalfCheetah-v4,-368.45738808957344,-395.788
86000,reward,2,HalfCheetah-v4,-444.35022068942993,-403.881
87000,reward,2,HalfCheetah-v4,-415.57424669736207,-405.552
88000,reward,2,HalfCheetah-v4,-397.1526448492505,-404.502
88192,loss,2,HalfCheetah-v4,-0.03338009864091873,51.64460754394531,6.522301197052002,8.42044734954834,0.015076449140906334
89000,reward,2,HalfCheetah-v4,-520.3995720670949,-417.379
90000,eval,2,HalfCheetah-v4,Walker2d-v4,373.334,1.0,0.0
90000,eval,2,HalfCheetah-v4,HalfCheetah-v4,-369.998,-369997617.315965,280.964
90000,reward,2,HalfCheetah-v4,-417.18272115952084,-417.36
91000,reward,2,HalfCheetah-v4,-471.8503710102599,-429.395
92000,reward,2,HalfCheetah-v4,-274.9656172524056,-425.983
92288,loss,2,HalfCheetah-v4,-0.04537422955036163,29.174638748168945,5.355937957763672,8.420210838317871,0.02502335049211979
93000,reward,2,HalfCheetah-v4,-367.27140747102317,-425.174
94000,reward,2,HalfCheetah-v4,-433.21065759664396,-411.041
95000,reward,2,HalfCheetah-v4,-392.4429414044839,-413.44
96000,reward,2,HalfCheetah-v4,-433.351821604557,-412.34
96384,loss,2,HalfCheetah-v4,-0.023321783170104027,20.465755462646484,5.050814628601074,8.420027732849121,0.01408033724874258
97000,reward,2,HalfCheetah-v4,-465.89047825636845,-417.372
98000,reward,2,HalfCheetah-v4,-455.70046612455513,-423.227
99000,reward,2,HalfCheetah-v4,-328.70197354557894,-404.057
100000,eval,2,HalfCheetah-v4,Walker2d-v4,367.749,0.98504,5.585
100000,eval,2,HalfCheetah-v4,HalfCheetah-v4,-1324.328,-1324328059.333009,1235.294
100000,reward,2,HalfCheetah-v4,-512.1023881143748,-413.549
100480,loss,2,HalfCheetah-v4,-0.032538093626499176,16.072689056396484,4.086584568023682,8.420066833496094,0.02312104031443596
101000,reward,2,HalfCheetah-v4,-365.406009133633,-402.904
102000,reward,2,HalfCheetah-v4,-381.05238756827055,-413.513
103000,reward,2,HalfCheetah-v4,-431.0557604031401,-419.891
104000,reward,2,HalfCheetah-v4,-328.2192134718826,-409.392
104576,loss,2,HalfCheetah-v4,-0.06419164687395096,9.390375137329102,2.6520984172821045,8.419949531555176,0.06931237876415253
105000,reward,2,HalfCheetah-v4,-259.27846486169346,-396.076
106000,reward,2,HalfCheetah-v4,-421.45877403066254,-394.887
107000,reward,2,HalfCheetah-v4,-462.74034359848145,-394.572
108000,reward,2,HalfCheetah-v4,-364.4344291268324,-385.445
108672,loss,2,HalfCheetah-v4,-0.08203393220901489,4.670588493347168,2.029844284057617,8.418841361999512,0.08435577899217606
109000,reward,2,HalfCheetah-v4,-350.97638986560764,-387.672
110000,eval,2,HalfCheetah-v4,Walker2d-v4,298.038,0.798315,75.296
110000,eval,2,HalfCheetah-v4,HalfCheetah-v4,-870.973,-870972976.471379,781.939
110000,reward,2,HalfCheetah-v4,-341.43265875931456,-370.605
111000,reward,2,HalfCheetah-v4,-386.47827045743895,-372.713
112000,reward,2,HalfCheetah-v4,-363.21976289568624,-370.929
112768,loss,2,HalfCheetah-v4,-0.07831503450870514,3.7585177421569824,1.977345585823059,8.416565895080566,0.05661902204155922
113000,reward,2,HalfCheetah-v4,-254.03299315185626,-353.227
114000,reward,2,HalfCheetah-v4,-279.1303503488707,-348.318
115000,reward,2,HalfCheetah-v4,-345.0826049390461,-356.899
116000,reward,2,HalfCheetah-v4,-412.36861838629363,-355.99
116864,loss,2,HalfCheetah-v4,-0.08213739842176437,3.7035727500915527,1.669558048248291,8.415106773376465,0.04561077803373337
116864,sbp,2,HalfCheetah-v4,force,0.537503,0.65,0.5579,0.007902,-0.262191,0.0,0.0,0.172186,0.464067,2.0,0.010114,60,0.002626,0.01664,256,0,0,3.058501,1
117000,reward,2,HalfCheetah-v4,-397.9350373695334,-349.509
118000,reward,2,HalfCheetah-v4,-335.6622596857873,-346.632
119000,reward,2,HalfCheetah-v4,-378.9040033385649,-349.425
120000,eval,2,HalfCheetah-v4,Walker2d-v4,297.917,0.797991,75.417
120000,eval,2,HalfCheetah-v4,HalfCheetah-v4,-737.155,-737154524.868972,648.12
120000,reward,2,HalfCheetah-v4,-290.8379306204315,-344.365
120960,loss,2,HalfCheetah-v4,-0.12005427479743958,2.0568583011627197,1.1856497526168823,8.418416023254395,0.14217866957187653
121000,reward,2,HalfCheetah-v4,-345.60114555267535,-340.277
122000,reward,2,HalfCheetah-v4,-401.43349852091046,-344.099
123000,reward,2,HalfCheetah-v4,-501.87507544108075,-368.883
124000,reward,2,HalfCheetah-v4,-189.31891400763925,-359.902
125000,reward,2,HalfCheetah-v4,-425.079395513032,-367.902
125056,loss,2,HalfCheetah-v4,-0.11970430612564087,1.9157789945602417,1.274666666984558,8.41323184967041,0.18451347947120667
126000,reward,2,HalfCheetah-v4,-347.1711313841709,-361.382
127000,reward,2,HalfCheetah-v4,-380.3656559671139,-359.625
128000,reward,2,HalfCheetah-v4,-384.29467390237795,-364.488
129000,reward,2,HalfCheetah-v4,-303.2254453231002,-356.92
129152,loss,2,HalfCheetah-v4,-0.11588059365749359,1.4458527565002441,1.1982395648956299,8.407536506652832,0.1547790914773941
130000,eval,2,HalfCheetah-v4,Walker2d-v4,-25.738,-0.068941,399.072
130000,eval,2,HalfCheetah-v4,HalfCheetah-v4,-619.709,-619708849.301271,530.675
130000,reward,2,HalfCheetah-v4,-340.3542399271967,-361.872
131000,reward,2,HalfCheetah-v4,-335.0697913593566,-360.819
132000,reward,2,HalfCheetah-v4,-376.0833911976563,-358.284
133000,reward,2,HalfCheetah-v4,-372.089357389236,-345.305
133248,loss,2,HalfCheetah-v4,-0.11333554983139038,1.4297748804092407,1.1434565782546997,8.403560638427734,0.17991892993450165
134000,reward,2,HalfCheetah-v4,-388.2756846519696,-365.201
135000,reward,2,HalfCheetah-v4,-463.8040967531779,-369.073
136000,reward,2,HalfCheetah-v4,-308.4397475681067,-365.2
137000,reward,2,HalfCheetah-v4,-391.12412997982625,-366.276
137344,loss,2,HalfCheetah-v4,-0.12047739326953888,1.4385051727294922,1.0372740030288696,8.400359153747559,0.21016725897789001
138000,reward,2,HalfCheetah-v4,-286.470192613244,-356.494
139000,reward,2,HalfCheetah-v4,-433.7076280695199,-369.542
140000,eval,2,HalfCheetah-v4,Walker2d-v4,-136.91,-0.366723,510.245
140000,eval,2,HalfCheetah-v4,HalfCheetah-v4,-360.739,-360739268.004861,271.705
140000,reward,2,HalfCheetah-v4,-447.817103379377,-380.288
141000,reward,2,HalfCheetah-v4,-413.6407974467055,-388.145
141440,loss,2,HalfCheetah-v4,-0.12292122095823288,1.4229891300201416,1.1259530782699585,8.394186973571777,0.1261986941099167
142000,reward,2,HalfCheetah-v4,-452.2815004722569,-395.765
143000,reward,2,HalfCheetah-v4,-449.49901375898065,-403.506
144000,reward,2,HalfCheetah-v4,-352.16390754309174,-399.895
145000,reward,2,HalfCheetah-v4,-556.2375695377137,-409.138
145536,loss,2,HalfCheetah-v4,-0.10404830425977707,2.0236473083496094,1.3273894786834717,8.38597583770752,0.14301732182502747
146000,reward,2,HalfCheetah-v4,-422.1383292428814,-420.508
147000,reward,2,HalfCheetah-v4,-631.5411463453161,-444.55
148000,reward,2,HalfCheetah-v4,-422.6065173591717,-458.163
149000,reward,2,HalfCheetah-v4,-432.69325344208505,-458.062
149632,loss,2,HalfCheetah-v4,-0.10326819866895676,1.9985711574554443,1.3493406772613525,8.380972862243652,0.0889362096786499
150000,eval,2,HalfCheetah-v4,Walker2d-v4,-116.18,-0.311197,489.515
150000,eval,2,HalfCheetah-v4,HalfCheetah-v4,-514.553,-514553175.66458,425.519
150000,reward,2,HalfCheetah-v4,-386.06854877083265,-451.887
151000,reward,2,HalfCheetah-v4,-374.3352189315859,-447.957
152000,reward,2,HalfCheetah-v4,-478.9875522615243,-450.627
153000,reward,2,HalfCheetah-v4,-574.0330817067859,-463.081
153728,loss,2,HalfCheetah-v4,-0.09416643530130386,1.771860957145691,1.289303183555603,8.378090858459473,0.10658714175224304
154000,reward,2,HalfCheetah-v4,-380.5601231338741,-465.92
155000,reward,2,HalfCheetah-v4,-420.2343816101747,-452.32
156000,reward,2,HalfCheetah-v4,-456.5981297189588,-455.766
156864,sbp,2,HalfCheetah-v4,force,0.479806,0.65,3.084823,0.009004,-0.124531,1.129334,0.277223,0.274759,0.646765,2.0,0.025587,60,0.00688,0.041572,320,64,0,3.078521,1
157000,reward,2,HalfCheetah-v4,-390.8073474323567,-431.692
157824,loss,2,HalfCheetah-v4,-0.07450138032436371,2.560173749923706,1.751094937324524,8.401467323303223,0.09665760397911072
158000,reward,2,HalfCheetah-v4,-372.5579271776726,-426.688
159000,reward,2,HalfCheetah-v4,-314.3850167114558,-414.857
160000,eval,2,HalfCheetah-v4,Walker2d-v4,26.812,0.071817,346.522
160000,eval,2,HalfCheetah-v4,HalfCheetah-v4,-414.61,-414610310.7364,325.576
160000,reward,2,HalfCheetah-v4,-328.81278321689666,-409.131
160000,phase_summary,2,HalfCheetah-v4,9.143,325.566,0.028084,316.422,7.84
160000,phase_start,3,Walker2d-v4,80000
160050,reward,3,Walker2d-v4,18.136299446492956,18.136
160144,reward,3,Walker2d-v4,-14.465309958632663,1.835
160162,reward,3,Walker2d-v4,8.506450037256998,4.059
160316,reward,3,Walker2d-v4,18.806235307276694,7.746
160368,reward,3,Walker2d-v4,25.079288606746474,11.213
160391,reward,3,Walker2d-v4,16.15921243244344,12.037
160541,reward,3,Walker2d-v4,17.42234971268498,12.806
160590,reward,3,Walker2d-v4,17.571608810396977,13.402
160660,reward,3,Walker2d-v4,58.20821133256655,18.38
160787,reward,3,Walker2d-v4,-57.61305895200473,10.781
160910,reward,3,Walker2d-v4,-31.226222537937883,5.845
161071,reward,3,Walker2d-v4,188.202972146184,26.112
161196,reward,3,Walker2d-v4,22.75675401307227,27.537
161292,reward,3,Walker2d-v4,56.14130080340007,31.27
161326,reward,3,Walker2d-v4,7.925809288352023,29.555
161475,reward,3,Walker2d-v4,22.614558450489746,30.2
161520,reward,3,Walker2d-v4,18.059036224341195,30.264
161785,reward,3,Walker2d-v4,69.47409551934847,35.454
161946,reward,3,Walker2d-v4,2.0022626912374535,29.834
162082,reward,3,Walker2d-v4,27.907550752160457,38.386
162193,reward,3,Walker2d-v4,-20.602580687192443,39.448
162275,reward,3,Walker2d-v4,41.23196925872972,24.751
162394,reward,3,Walker2d-v4,-8.696795070061068,21.606
162509,reward,3,Walker2d-v4,-5.384860141510339,15.453
162637,reward,3,Walker2d-v4,33.42154879737293,18.003
162754,reward,3,Walker2d-v4,-17.254389073531954,14.016
162859,reward,3,Walker2d-v4,-14.267763010092914,10.783
163070,reward,3,Walker2d-v4,2.5384438581291864,4.09
163191,reward,3,Walker2d-v4,22.973445255602748,6.187
163217,reward,3,Walker2d-v4,11.492768719245134,4.545
163299,reward,3,Walker2d-v4,3.582001417807267,6.964
163403,reward,3,Walker2d-v4,27.393167422117013,5.58
163461,reward,3,Walker2d-v4,23.517144074225143,8.801
163537,reward,3,Walker2d-v4,20.017448403298392,11.341
163574,reward,3,Walker2d-v4,16.75463048384784,9.675
163666,reward,3,Walker2d-v4,-1.556295273521739,11.244
163734,reward,3,Walker2d-v4,-14.250567575094387,11.246
163829,reward,3,Walker2d-v4,33.69562080734633,14.362
163973,reward,3,Walker2d-v4,15.807562699627411,13.645
164058,reward,3,Walker2d-v4,-20.713401136322375,10.425
164096,loss,3,Walker2d-v4,-0.08330082148313522,1.1644200086593628,0.9824678301811218,8.399374961853027,0.09281991422176361
164101,reward,3,Walker2d-v4,33.49565376751339,13.416
164239,reward,3,Walker2d-v4,219.68574419596663,32.645
164406,reward,3,Walker2d-v4,37.06045171431052,34.0
164605,reward,3,Walker2d-v4,67.64813775346967,38.763
164694,reward,3,Walker2d-v4,54.06756571183696,42.494
164752,reward,3,Walker2d-v4,9.885603243181126,43.638
164822,reward,3,Walker2d-v4,13.610001771190882,46.424
164878,reward,3,Walker2d-v4,26.86464138806402,45.741
164956,reward,3,Walker2d-v4,39.517675032443975,48.112
165037,reward,3,Walker2d-v4,-8.187572996908866,49.365
165211,reward,3,Walker2d-v4,24.481519387558563,48.463
165250,reward,3,Walker2d-v4,13.4974416797393,27.845
165349,reward,3,Walker2d-v4,-19.17579143087173,22.221
165490,reward,3,Walker2d-v4,4.8848221457368926,15.945
165514,reward,3,Walker2d-v4,10.960895590290372,11.634
165580,reward,3,Walker2d-v4,16.103169513575562,12.256
165667,reward,3,Walker2d-v4,27.97602821603603,13.692
165775,reward,3,Walker2d-v4,-1.270537818540912,10.879
165894,reward,3,Walker2d-v4,43.42697031945917,11.27
166035,reward,3,Walker2d-v4,-5.597969075900098,11.529
166072,reward,3,Walker2d-v4,6.4890228827833205,9.729
166133,reward,3,Walker2d-v4,26.061292750213948,10.986
166308,reward,3,Walker2d-v4,17.039122953589917,14.607
166452,reward,3,Walker2d-v4,16.47649899327561,15.766
166645,reward,3,Walker2d-v4,56.660931079910256,20.336
166758,reward,3,Walker2d-v4,-10.87277057726625,17.639
166880,reward,3,Walker2d-v4,-26.097646836168472,12.231
167062,reward,3,Walker2d-v4,29.480897696692168,15.307
167187,reward,3,Walker2d-v4,85.46238387951429,19.51
167258,reward,3,Walker2d-v4,43.83554917544383,24.454
167390,reward,3,Walker2d-v4,145.44817979971705,38.349
167504,reward,3,Walker2d-v4,-10.872069527895864,34.656
167591,reward,3,Walker2d-v4,-27.426597305340124,30.21
167639,reward,3,Walker2d-v4,19.583761391502538,30.52
167805,reward,3,Walker2d-v4,234.85553344371954,48.34
167921,reward,3,Walker2d-v4,-38.704860632469,45.557
168064,reward,3,Walker2d-v4,-10.742365956920729,47.092
168192,loss,3,Walker2d-v4,-0.09107857197523117,0.9877942800521851,1.0354697704315186,8.394035339355469,0.12427060306072235
168207,reward,3,Walker2d-v4,195.04117558639902,63.648
168296,reward,3,Walker2d-v4,-20.047307102728993,53.097
168432,reward,3,Walker2d-v4,87.36678916791273,57.45
168502,reward,3,Walker2d-v4,38.67933105700072,46.773
168629,reward,3,Walker2d-v4,-9.349177486700944,46.926
168709,reward,3,Walker2d-v4,40.47695878841765,53.716
168801,reward,3,Walker2d-v4,28.34246404819632,54.592
168924,reward,3,Walker2d-v4,146.25175597496326,45.731
169058,reward,3,Walker2d-v4,31.168987808079148,52.719
169077,reward,3,Walker2d-v4,5.250935551641671,54.318
169136,reward,3,Walker2d-v4,19.691824670596166,36.783
169307,reward,3,Walker2d-v4,22.241211117901592,41.012
169385,reward,3,Walker2d-v4,69.02334195860249,39.178
169401,reward,3,Walker2d-v4,5.511069614879881,35.861
169453,reward,3,Walker2d-v4,14.268201310998105,38.223
169522,reward,3,Walker2d-v4,-3.1681383219286374,33.858
169537,reward,3,Walker2d-v4,5.0540246647703,31.529
169584,reward,3,Walker2d-v4,30.276816067492284,19.932
169665,reward,3,Walker2d-v4,55.24966097501109,22.34
169742,reward,3,Walker2d-v4,36.591351729879776,25.474
169796,reward,3,Walker2d-v4,28.571886266891923,26.362
169941,reward,3,Walker2d-v4,104.16586667110683,34.554
170000,eval,3,Walker2d-v4,Walker2d-v4,22.022,0.058988,351.312
170000,eval,3,Walker2d-v4,HalfCheetah-v4,-432.214,-432214392.396388,343.18
170040,reward,3,Walker2d-v4,57.455250612807724,33.398
170146,reward,3,Walker2d-v4,70.84684236085786,39.931
170373,reward,3,Walker2d-v4,256.85551228861334,64.19
170388,reward,3,Walker2d-v4,5.473247045439719,65.054
170415,reward,3,Walker2d-v4,14.058820933973479,65.955
170479,reward,3,Walker2d-v4,41.40001006212724,67.067
170510,reward,3,Walker2d-v4,21.848303396364358,63.727
170540,reward,3,Walker2d-v4,12.630852452706543,61.331
170567,reward,3,Walker2d-v4,17.256392842456158,60.199
170601,reward,3,Walker2d-v4,21.224702813739142,51.905
170747,reward,3,Walker2d-v4,127.61961055415665,58.921
170888,reward,3,Walker2d-v4,164.63200595332705,68.3
171062,reward,3,Walker2d-v4,-7.134405229743564,41.901
171207,reward,3,Walker2d-v4,138.04729152827247,55.158
171222,reward,3,Walker2d-v4,5.714398119376695,54.324
171332,reward,3,Walker2d-v4,28.400779463620204,53.024
171524,reward,3,Walker2d-v4,48.90907182679891,55.73
171727,reward,3,Walker2d-v4,31.46916144174283,57.614
171963,reward,3,Walker2d-v4,132.46804932182008,69.135
172026,reward,3,Walker2d-v4,20.273543482832924,69.04
172068,reward,3,Walker2d-v4,26.489896497669637,58.927
172098,reward,3,Walker2d-v4,16.75778995051465,44.14
172151,reward,3,Walker2d-v4,11.72741131409878,46.026
172258,reward,3,Walker2d-v4,20.62393241091074,34.283
172288,loss,3,Walker2d-v4,-0.10216985642910004,1.1867437362670898,1.0686835050582886,8.384066581726074,0.10840223729610443
172340,reward,3,Walker2d-v4,4.823807509121625,34.194
172390,reward,3,Walker2d-v4,15.56775963210101,32.911
172490,reward,3,Walker2d-v4,29.7943929851131,31.0
172625,reward,3,Walker2d-v4,99.5102113727118,37.804
172693,reward,3,Walker2d-v4,55.37485374135148,30.094
172829,reward,3,Walker2d-v4,-24.845541794434464,25.582
172911,reward,3,Walker2d-v4,-1.063586983215086,22.827
173001,reward,3,Walker2d-v4,30.184343686726155,24.17
173022,reward,3,Walker2d-v4,8.181645557356928,23.815
173162,reward,3,Walker2d-v4,-20.643166234506342,19.688
173228,reward,3,Walker2d-v4,19.15792693687999,21.122
173394,reward,3,Walker2d-v4,148.3041877244892,34.396
173448,reward,3,Walker2d-v4,29.875299244935785,34.404
173515,reward,3,Walker2d-v4,35.01222892951148,27.954
173666,reward,3,Walker2d-v4,63.180153063147266,28.734
173720,reward,3,Walker2d-v4,27.39409609776764,33.958
173779,reward,3,Walker2d-v4,38.91061899742966,37.956
173898,reward,3,Walker2d-v4,-9.191202490422077,34.018
173938,reward,3,Walker2d-v4,20.047984510204827,35.205
174106,reward,3,Walker2d-v4,91.15879294792194,46.385
174159,reward,3,Walker2d-v4,36.52894520029998,48.122
174242,reward,3,Walker2d-v4,6.014734461985855,33.893
174525,reward,3,Walker2d-v4,146.58689215881904,45.564
174590,reward,3,Walker2d-v4,45.86741872684038,46.65
174671,reward,3,Walker2d-v4,48.80959337500377,45.213
174785,reward,3,Walker2d-v4,203.98656507130295,62.872
174933,reward,3,Walker2d-v4,180.15792561859027,76.997
174960,reward,3,Walker2d-v4,16.712099124786345,79.587
175109,reward,3,Walker2d-v4,144.4568601063601,92.028
175238,reward,3,Walker2d-v4,26.143511836850415,85.526
175341,reward,3,Walker2d-v4,-7.255046139253661,81.148
175368,reward,3,Walker2d-v4,15.346479792270655,82.081
175404,reward,3,Walker2d-v4,14.970479221470082,68.92
175507,reward,3,Walker2d-v4,80.01278726553433,72.334
175591,reward,3,Walker2d-v4,-21.18568575726364,65.335
175778,reward,3,Walker2d-v4,57.50239089374963,50.686
175875,reward,3,Walker2d-v4,15.599759660046464,34.23
176019,reward,3,Walker2d-v4,25.199519926243443,35.079
176127,reward,3,Walker2d-v4,-8.709333242969244,19.762
176219,reward,3,Walker2d-v4,62.82944518859439,23.431
176314,reward,3,Walker2d-v4,48.2026096837186,28.977
176384,loss,3,Walker2d-v4,-0.07686230540275574,1.636279582977295,1.1921144723892212,8.373368263244629,0.1361459493637085
176421,reward,3,Walker2d-v4,29.15095301019591,30.357
176547,reward,3,Walker2d-v4,-25.90899263868771,26.269
176642,reward,3,Walker2d-v4,-3.089353929256896,17.959
176667,reward,3,Walker2d-v4,11.36892037185798,21.215
176794,reward,3,Walker2d-v4,-5.080264304438426,14.956
176897,reward,3,Walker2d-v4,-17.35031422695239,11.661
177054,reward,3,Walker2d-v4,32.3476365014672,12.376
177066,reward,3,Walker2d-v4,1.700068374154354,13.417
177177,reward,3,Walker2d-v4,27.145605742559503,9.849
177284,reward,3,Walker2d-v4,33.5160831949521,8.38
177389,reward,3,Walker2d-v4,41.343887817399846,9.599
177429,reward,3,Walker2d-v4,24.856026390856385,14.676
177581,reward,3,Walker2d-v4,33.72562943942286,18.357
177760,reward,3,Walker2d-v4,36.0955966534064,20.83
177770,reward,3,Walker2d-v4,-1.0860886396264688,21.229
177880,reward,3,Walker2d-v4,-23.574074322952033,20.607
178080,reward,3,Walker2d-v4,102.61748072458639,27.634
178165,reward,3,Walker2d-v4,71.40450004635053,34.604
178205,reward,3,Walker2d-v4,19.233147860728756,33.813
178268,reward,3,Walker2d-v4,22.79121437703397,32.741
178367,reward,3,Walker2d-v4,-25.86780812811167,26.02
178569,reward,3,Walker2d-v4,45.353650066037396,28.069
178731,reward,3,Walker2d-v4,31.299120957874436,27.827
178980,reward,3,Walker2d-v4,323.83552835243063,56.601
179111,reward,3,Walker2d-v4,214.76122630897527,78.185
179290,reward,3,Walker2d-v4,0.835359046116857,80.626
179329,reward,3,Walker2d-v4,31.018096288731304,73.466
179430,reward,3,Walker2d-v4,52.85700055747435,71.612
179538,reward,3,Walker2d-v4,60.77844022522762,75.766
179664,reward,3,Walker2d-v4,99.91090029330756,83.478
179827,reward,3,Walker2d-v4,-9.907366836703183,85.074
180000,eval,3,Walker2d-v4,Walker2d-v4,316.63,0.848114,56.704
180000,eval,3,Walker2d-v4,HalfCheetah-v4,-254.687,-254686821.561387,165.653
180004,reward,3,Walker2d-v4,281.321686614551,108.671
180121,reward,3,Walker2d-v4,-36.522504639294205,101.889
180198,reward,3,Walker2d-v4,55.45367651468315,75.051
180323,reward,3,Walker2d-v4,16.126796868573035,55.187
180480,loss,3,Walker2d-v4,-0.0827990248799324,1.5918060541152954,1.2359321117401123,8.36574935913086,0.10473883897066116
180486,reward,3,Walker2d-v4,-2.9251021604549354,54.811
180686,reward,3,Walker2d-v4,279.48465525157474,79.658
180705,reward,3,Walker2d-v4,9.313553615748678,75.303
180830,reward,3,Walker2d-v4,32.62116916803381,72.488
180874,reward,3,Walker2d-v4,33.794525235636115,65.876
180995,reward,3,Walker2d-v4,82.352217581858,75.102
181048,reward,3,Walker2d-v4,44.568801452856434,51.427
181164,reward,3,Walker2d-v4,61.89148892592237,61.268
181219,reward,3,Walker2d-v4,36.62597415738484,59.385
181447,reward,3,Walker2d-v4,31.997467101004357,60.972
181619,reward,3,Walker2d-v4,113.08786544856675,72.574
181641,reward,3,Walker2d-v4,9.637473031524761,45.589
181731,reward,3,Walker2d-v4,12.684683284896161,45.926
181864,reward,3,Walker2d-v4,8.662493095630925,43.53
181895,reward,3,Walker2d-v4,15.824876225688122,41.733
182039,reward,3,Walker2d-v4,11.226367505451698,34.621
182239,reward,3,Walker2d-v4,66.30119334877637,36.794
182491,reward,3,Walker2d-v4,138.20746462842627,44.426
182528,reward,3,Walker2d-v4,21.990468923365675,42.962
182661,reward,3,Walker2d-v4,125.57726314293733,52.32
182786,reward,3,Walker2d-v4,87.6699706270568,49.778
182912,reward,3,Walker2d-v4,8.050799360958994,49.62
182949,reward,3,Walker2d-v4,22.573284934266447,50.608
183083,reward,3,Walker2d-v4,7.8782849640162675,50.53
183123,reward,3,Walker2d-v4,25.359996443852598,51.484
183243,reward,3,Walker2d-v4,-4.672390645723516,49.894
183346,reward,3,Walker2d-v4,-11.611367068269558,42.102
183608,reward,3,Walker2d-v4,95.8090721532185,37.863
183755,reward,3,Walker2d-v4,63.86913732144514,42.05
183878,reward,3,Walker2d-v4,-9.78481373746125,28.514
184046,reward,3,Walker2d-v4,207.48768624113322,40.496
184321,reward,3,Walker2d-v4,201.3483111012007,59.826
184484,reward,3,Walker2d-v4,14.932920717542391,59.062
184576,loss,3,Walker2d-v4,-0.07010738551616669,2.361085891723633,1.3993120193481445,8.359007835388184,0.08921974897384644
184594,reward,3,Walker2d-v4,47.26324876858849,63.0
184649,reward,3,Walker2d-v4,27.311784122676514,63.195
184722,reward,3,Walker2d-v4,41.72266268445125,67.835
184873,reward,3,Walker2d-v4,241.10327349092435,93.106
184998,reward,3,Walker2d-v4,0.7759714218907858,83.603
185213,reward,3,Walker2d-v4,55.56464988964336,82.773
185351,reward,3,Walker2d-v4,36.62229234576631,87.413
185426,reward,3,Walker2d-v4,11.305608405288654,67.795
185555,reward,3,Walker2d-v4,32.536620459023595,50.914
185755,reward,3,Walker2d-v4,38.29744688270908,53.25
185871,reward,3,Walker2d-v4,-6.758252433229026,47.848
185992,reward,3,Walker2d-v4,20.032797254990985,47.12
186024,reward,3,Walker2d-v4,25.621072374031545,45.51
186106,reward,3,Walker2d-v4,36.280576057344405,25.028
186230,reward,3,Walker2d-v4,4.786781842551772,25.429
186320,reward,3,Walker2d-v4,51.828741358416735,25.055
186465,reward,3,Walker2d-v4,-35.64117878838799,17.829
186500,reward,3,Walker2d-v4,14.463751576544635,18.145
186608,reward,3,Walker2d-v4,74.29059290151646,22.32
186691,reward,3,Walker2d-v4,2.3022680199855547,18.721
186842,reward,3,Walker2d-v4,-31.781388225592384,16.218
187039,reward,3,Walker2d-v4,79.62349368684897,22.177
187055,reward,3,Walker2d-v4,6.5682670929608005,20.272
187234,reward,3,Walker2d-v4,261.2441056427203,42.769
187345,reward,3,Walker2d-v4,31.45029269423865,45.435
187457,reward,3,Walker2d-v4,73.70849407637454,47.623
187530,reward,3,Walker2d-v4,45.21483194987589,55.708
187619,reward,3,Walker2d-v4,61.028328076115145,60.365
187639,reward,3,Walker2d-v4,5.663167008349269,53.502
187693,reward,3,Walker2d-v4,11.060131614722103,54.378
187718,reward,3,Walker2d-v4,15.34120157105572,59.09
187795,reward,3,Walker2d-v4,25.557270831018066,53.684
188017,reward,3,Walker2d-v4,49.29695362599905,57.956
188152,reward,3,Walker2d-v4,-7.741268869023614,31.058
188343,reward,3,Walker2d-v4,281.4723837295016,56.06
188481,reward,3,Walker2d-v4,213.1400369439222,70.003
188534,reward,3,Walker2d-v4,33.24709356795923,68.807
188672,loss,3,Walker2d-v4,-0.07645092904567719,2.6402499675750732,1.4215143918991089,8.354247093200684,0.11424295604228973
188695,reward,3,Walker2d-v4,39.38486839440418,66.642
188832,reward,3,Walker2d-v4,228.38565894856754,88.914
188959,reward,3,Walker2d-v4,7.701883363173141,88.579
189233,reward,3,Walker2d-v4,129.96730562106842,100.041
189367,reward,3,Walker2d-v4,13.46317960891913,98.832
189382,reward,3,Walker2d-v4,2.5102296529243278,94.153
189415,reward,3,Walker2d-v4,22.187117179672928,97.146
189649,reward,3,Walker2d-v4,80.03961123828155,77.003
189833,reward,3,Walker2d-v4,144.32693588301848,70.121
189886,reward,3,Walker2d-v4,49.262359668781066,71.723
190000,eval,3,Walker2d-v4,Walker2d-v4,284.715,0.762628,88.619
190000,eval,3,Walker2d-v4,HalfCheetah-v4,-299.602,-299601687.770586,210.568
190011,reward,3,Walker2d-v4,94.28164052124369,77.213
190157,reward,3,Walker2d-v4,270.34024018887845,81.408
190203,reward,3,Walker2d-v4,6.484692138924926,81.286
190450,reward,3,Walker2d-v4,397.2523974899635,108.015
190598,reward,3,Walker2d-v4,271.51862702405583,133.82
190748,reward,3,Walker2d-v4,119.399303101837,145.509
190930,reward,3,Walker2d-v4,0.11740340002961247,143.302
191107,reward,3,Walker2d-v4,253.69749660699472,160.668
191149,reward,3,Walker2d-v4,34.83328392014214,149.719
191281,reward,3,Walker2d-v4,1.400141316562983,144.933
191421,reward,3,Walker2d-v4,217.1484416368975,157.219
191536,reward,3,Walker2d-v4,-5.1839883187903535,129.667
191660,reward,3,Walker2d-v4,-10.3366012933938,127.985
191727,reward,3,Walker2d-v4,62.754410989043095,94.535
191847,reward,3,Walker2d-v4,20.927221528721375,69.476
192090,reward,3,Walker2d-v4,313.80643958895115,88.916
192579,reward,3,Walker2d-v4,378.64532483175515,126.769
192755,reward,3,Walker2d-v4,36.164422622487194,105.016
192768,loss,3,Walker2d-v4,-0.0553666427731514,3.210291862487793,1.7032371759414673,8.350872993469238,0.061286281794309616
192884,reward,3,Walker2d-v4,12.486146468782247,102.781
193009,reward,3,Walker2d-v4,11.0933407596709,103.751
193167,reward,3,Walker2d-v4,15.749827361402444,83.611
193344,reward,3,Walker2d-v4,25.722669299788002,86.701
193569,reward,3,Walker2d-v4,76.42355438151989,95.377
193687,reward,3,Walker2d-v4,-5.145103680329171,88.587
193884,reward,3,Walker2d-v4,49.22661640019174,91.417
194119,reward,3,Walker2d-v4,26.774298361008505,62.714
194207,reward,3,Walker2d-v4,87.19384270906407,33.569
194384,reward,3,Walker2d-v4,67.43409408950295,36.696
194652,reward,3,Walker2d-v4,343.0763716962506,69.755
194794,reward,3,Walker2d-v4,202.26949261484862,88.873
195018,reward,3,Walker2d-v4,78.47075947714488,95.145
195105,reward,3,Walker2d-v4,40.3131017061621,96.604
195323,reward,3,Walker2d-v4,138.83580040519328,102.845
195452,reward,3,Walker2d-v4,-20.805161865161786,101.279
195663,reward,3,Walker2d-v4,79.45755398529501,104.302
195830,reward,3,Walker2d-v4,66.96145578668907,108.321
195999,reward,3,Walker2d-v4,14.649610978906857,101.066
196065,reward,3,Walker2d-v4,29.607162533826084,97.284
196199,reward,3,Walker2d-v4,69.06400838286592,69.882
196341,reward,3,Walker2d-v4,251.05248304972042,74.761
196541,reward,3,Walker2d-v4,271.1107375054007,94.025
196579,reward,3,Walker2d-v4,26.911278947186844,92.684
196680,reward,3,Walker2d-v4,-16.607163405319938,77.14
196838,reward,3,Walker2d-v4,-24.67098198736474,76.754
196864,loss,3,Walker2d-v4,-0.05853758007287979,3.6867551803588867,1.6674206256866455,8.347245216369629,0.04453060030937195
196864,sbp,3,Walker2d-v4,force,0.406969,0.65,2.691941,0.011619,0.202391,0.0,0.0,0.175503,0.484342,3.0,0.014973,60,0.003332,0.02587,320,0,0,3.094505,1
197021,reward,3,Walker2d-v4,12.544377351734685,70.062
197193,reward,3,Walker2d-v4,43.285601124254505,67.695
197308,reward,3,Walker2d-v4,-13.068735939698708,64.923
197507,reward,3,Walker2d-v4,39.39436344215422,65.902
197825,reward,3,Walker2d-v4,397.91978614917946,98.787
198066,reward,3,Walker2d-v4,51.1262329412399,78.795
198312,reward,3,Walker2d-v4,79.77369336812944,59.661
198410,reward,3,Walker2d-v4,-19.07313910138309,55.062
198652,reward,3,Walker2d-v4,74.9496650863667,64.218
198711,reward,3,Walker2d-v4,14.169396340284946,68.102
198814,reward,3,Walker2d-v4,48.26122819339895,71.674
198962,reward,3,Walker2d-v4,-2.537154487740846,67.092
199281,reward,3,Walker2d-v4,116.19446358659926,80.018
199413,reward,3,Walker2d-v4,-33.2623924087146,72.752
199584,reward,3,Walker2d-v4,34.32547717584311,36.393
199771,reward,3,Walker2d-v4,28.56182741269229,34.136
199896,reward,3,Walker2d-v4,60.48260032152111,32.207
200000,eval,3,Walker2d-v4,Walker2d-v4,289.363,0.775077,83.971
200000,eval,3,Walker2d-v4,HalfCheetah-v4,-338.095,-338095028.481179,249.061
200045,reward,3,Walker2d-v4,246.2569489580375,58.74
200176,reward,3,Walker2d-v4,224.83961390386455,73.729
200301,reward,3,Walker2d-v4,-25.613260270509016,69.751
200397,reward,3,Walker2d-v4,-26.346121539519398,62.29
200622,reward,3,Walker2d-v4,97.07895036223125,72.252
200785,reward,3,Walker2d-v4,26.41791019712313,63.274
200960,loss,3,Walker2d-v4,-0.05162177234888077,4.524092197418213,1.866523265838623,8.370453834533691,0.05472280830144882
201028,reward,3,Walker2d-v4,104.267586430636,77.027
201177,reward,3,Walker2d-v4,38.87870686536847,77.482
201334,reward,3,Walker2d-v4,54.083855577379964,80.035
201521,reward,3,Walker2d-v4,48.74038886833159,78.86
201738,reward,3,Walker2d-v4,88.57514742166308,63.092
201906,reward,3,Walker2d-v4,274.4791700547329,68.056
202261,reward,3,Walker2d-v4,161.13017103823793,86.731
202439,reward,3,Walker2d-v4,13.98499219991219,90.764
202561,reward,3,Walker2d-v4,-9.278185458710363,80.128
202759,reward,3,Walker2d-v4,4.125189779525318,77.899
203010,reward,3,Walker2d-v4,33.66555686331943,70.838
203275,reward,3,Walker2d-v4,53.26227222780844,72.277
203706,reward,3,Walker2d-v4,299.30127887063725,96.799
203842,reward,3,Walker2d-v4,17.99611609542973,93.724
204032,reward,3,Walker2d-v4,56.952190492780204,90.562
204176,reward,3,Walker2d-v4,32.39432168973489,66.353
204283,reward,3,Walker2d-v4,-3.2423712422116835,49.916
204520,reward,3,Walker2d-v4,361.92926424170486,84.711
204651,reward,3,Walker2d-v4,202.5420424597954,105.893
204928,reward,3,Walker2d-v4,137.97901122328537,119.278
205056,loss,3,Walker2d-v4,-0.0737391859292984,3.787224292755127,1.7534558773040771,8.366837501525879,0.054598916321992874
205129,reward,3,Walker2d-v4,62.56468150509723,122.168
205320,reward,3,Walker2d-v4,55.950638465989506,122.437
205485,reward,3,Walker2d-v4,35.153103132651005,96.022
205626,reward,3,Walker2d-v4,12.373736827325487,95.46
205860,reward,3,Walker2d-v4,325.0252893915055,122.267
206046,reward,3,Walker2d-v4,19.717742468682868,120.999
206132,reward,3,Walker2d-v4,75.3094301081001,128.854
206261,reward,3,Walker2d-v4,9.176720990427217,93.579
206598,reward,3,Walker2d-v4,203.57332241325025,93.682
206699,reward,3,Walker2d-v4,-17.168236863778983,78.168
206808,reward,3,Walker2d-v4,56.87301112126203,77.598
207087,reward,3,Walker2d-v4,145.01079665101395,86.504
207225,reward,3,Walker2d-v4,-10.385966898245929,81.951
207345,reward,3,Walker2d-v4,5.6833530708960875,81.282
207478,reward,3,Walker2d-v4,-18.625163165113314,46.917
207691,reward,3,Walker2d-v4,73.9636937014353,52.341
207817,reward,3,Walker2d-v4,1.3176134954647014,44.942
208099,reward,3,Walker2d-v4,103.45906214226832,54.37
208187,reward,3,Walker2d-v4,-10.887236312617421,32.924
208310,reward,3,Walker2d-v4,-24.297691440906426,32.211
208501,reward,3,Walker2d-v4,36.85491644624217,30.209
208646,reward,3,Walker2d-v4,249.525230374648,40.661
208801,reward,3,Walker2d-v4,-12.889310957523413,40.41
208999,reward,3,Walker2d-v4,38.10804372338169,43.653
209102,reward,3,Walker2d-v4,-6.885806058947179,44.827
209152,loss,3,Walker2d-v4,-0.05562324449419975,3.1304728984832764,1.5701873302459717,8.364378929138184,0.10146050900220871
209299,reward,3,Walker2d-v4,59.40260961502223,43.371
209403,reward,3,Walker2d-v4,-13.284099732222078,41.911
209595,reward,3,Walker2d-v4,74.05678765034035,38.97
209694,reward,3,Walker2d-v4,-19.87539145056912,38.072
210000,eval,3,Walker2d-v4,Walker2d-v4,291.434,0.780625,81.9
210000,eval,3,Walker2d-v4,HalfCheetah-v4,-430.747,-430747161.537441,341.713
210052,reward,3,Walker2d-v4,208.0676616408167,61.308
210208,reward,3,Walker2d-v4,294.6495295561971,87.088
210342,reward,3,Walker2d-v4,4.055517482229706,62.541
210470,reward,3,Walker2d-v4,-1.9197947858435982,63.638
210636,reward,3,Walker2d-v4,27.496877114238604,62.576
210781,reward,3,Walker2d-v4,27.003722952732844,65.965
210959,reward,3,Walker2d-v4,35.782047439293066,63.603
211113,reward,3,Walker2d-v4,9.920021589734946,65.924
211356,reward,3,Walker2d-v4,67.18520194572494,65.237
211569,reward,3,Walker2d-v4,60.2291286428695,73.247
211698,reward,3,Walker2d-v4,-4.05041488394758,52.035
211962,reward,3,Walker2d-v4,63.752124305815286,28.945
212131,reward,3,Walker2d-v4,31.674779203153967,31.707
212465,reward,3,Walker2d-v4,152.59752574147458,47.159
212646,reward,3,Walker2d-v4,260.3924264051336,70.449
212858,reward,3,Walker2d-v4,258.1333206367109,93.562
213017,reward,3,Walker2d-v4,21.7847631214172,92.162
213151,reward,3,Walker2d-v4,27.187886670518207,93.889
213248,loss,3,Walker2d-v4,-0.044070787727832794,6.345081329345703,1.9734309911727905,8.36291217803955,0.05560970678925514
213414,reward,3,Walker2d-v4,101.12274559575866,97.282
213649,reward,3,Walker2d-v4,352.6322766851646,126.523
214014,reward,3,Walker2d-v4,171.49697215593923,144.077
214222,reward,3,Walker2d-v4,81.36523621579677,145.839
214461,reward,3,Walker2d-v4,54.79490395369405,148.151
214683,reward,3,Walker2d-v4,305.0082659903343,163.392
214916,reward,3,Walker2d-v4,74.54558847444913,144.807
215191,reward,3,Walker2d-v4,167.24940824301498,135.719
215338,reward,3,Walker2d-v4,40.11162742301039,137.551
215464,reward,3,Walker2d-v4,-4.259857629670398,134.407
215665,reward,3,Walker2d-v4,94.21973346480968,133.716
215836,reward,3,Walker2d-v4,296.83314781147993,128.137
216042,reward,3,Walker2d-v4,72.2052335578442,118.207
216301,reward,3,Walker2d-v4,376.62773678719986,147.734
216560,reward,3,Walker2d-v4,92.60424186886588,151.515
216843,reward,3,Walker2d-v4,137.45605061157667,134.759
217010,reward,3,Walker2d-v4,29.055512341325198,130.21
217187,reward,3,Walker2d-v4,41.611941228077065,117.647
217344,loss,3,Walker2d-v4,-0.05548927187919617,5.289991855621338,1.9287164211273193,8.361470222473145,0.044559307396411896
217344,sbp,3,Walker2d-v4,event,0.388916,0.65,2.190043,0.012817,0.352143,0.0,0.0,0.184899,0.481161,3.0,0.010102,60,0.002055,0.017882,320,0,0,3.205254,1
217357,reward,3,Walker2d-v4,265.0707634308972,140.142
217486,reward,3,Walker2d-v4,56.226514270938566,146.191
217601,reward,3,Walker2d-v4,1.6375007701503046,136.933
217712,reward,3,Walker2d-v4,-11.192920733025426,106.13
217803,reward,3,Walker2d-v4,-22.68988805846075,96.641
218042,reward,3,Walker2d-v4,54.04785378251943,64.383
218186,reward,3,Walker2d-v4,-20.26811915827949,53.096
218374,reward,3,Walker2d-v4,98.68280279981863,49.218
218535,reward,3,Walker2d-v4,19.639559715629154,48.277
218707,reward,3,Walker2d-v4,46.50738872341816,48.766
219035,reward,3,Walker2d-v4,424.6845682150569,64.728
219247,reward,3,Walker2d-v4,10.762923942848058,60.181
219492,reward,3,Walker2d-v4,91.87880632891702,69.205
219669,reward,3,Walker2d-v4,28.07819800891391,73.132
219846,reward,3,Walker2d-v4,289.6979743059667,104.371
220000,eval,3,Walker2d-v4,Walker2d-v4,286.911,0.768511,86.423
220000,eval,3,Walker2d-v4,HalfCheetah-v4,-373.129,-373128823.703433,284.095
220131,reward,3,Walker2d-v4,155.53239801221648,114.52
220264,reward,3,Walker2d-v4,218.8203577738413,138.428
220511,reward,3,Walker2d-v4,316.82321814606155,160.243
220665,reward,3,Walker2d-v4,269.33899154681285,185.212
220858,reward,3,Walker2d-v4,304.6997608650916,211.032
221050,reward,3,Walker2d-v4,73.23224847377108,175.886
221258,reward,3,Walker2d-v4,86.44701624477989,183.455
221394,reward,3,Walker2d-v4,-26.991099711419405,171.568
221440,loss,3,Walker2d-v4,-0.06808650493621826,7.592372894287109,2.1561012268066406,8.377381324768066,0.055853068828582764
221523,reward,3,Walker2d-v4,3.1043474237349935,169.071
221750,reward,3,Walker2d-v4,12.095285887287378,141.31
221821,reward,3,Walker2d-v4,57.02328911081431,131.459
221967,reward,3,Walker2d-v4,4.871660766866238,110.064
222126,reward,3,Walker2d-v4,24.027927489203403,80.785
222213,reward,3,Walker2d-v4,-3.3555831840758583,53.515
222441,reward,3,Walker2d-v4,79.49738227157547,30.995
222553,reward,3,Walker2d-v4,11.305765845733466,24.803
222628,reward,3,Walker2d-v4,42.86991748658347,20.445
222832,reward,3,Walker2d-v4,360.81264907960684,59.225
222983,reward,3,Walker2d-v4,227.05899578726292,81.621
223155,reward,3,Walker2d-v4,63.77233742149026,86.788
223349,reward,3,Walker2d-v4,30.911297348620206,84.177
223510,reward,3,Walker2d-v4,29.53958634939312,86.644
223721,reward,3,Walker2d-v4,60.83351086820968,90.325
223808,reward,3,Walker2d-v4,19.567403745325755,92.617
223950,reward,3,Walker2d-v4,14.398071507319163,86.107
224074,reward,3,Walker2d-v4,54.81768791589741,90.458
224090,reward,3,Walker2d-v4,7.813985804728408,86.953
224341,reward,3,Walker2d-v4,109.67387484815093,61.839
224653,reward,3,Walker2d-v4,132.17836716671846,52.351
224850,reward,3,Walker2d-v4,35.04749407387297,49.478
225062,reward,3,Walker2d-v4,308.2767618419746,77.215
225141,reward,3,Walker2d-v4,3.435190205201012,74.604
225243,reward,3,Walker2d-v4,97.38485549262111,78.259
225333,reward,3,Walker2d-v4,-2.318105316798317,76.071
225461,reward,3,Walker2d-v4,23.005605460928724,76.932
225536,loss,3,Walker2d-v4,-0.0615047812461853,6.591379165649414,2.008470296859741,8.375579833984375,0.059989191591739655
225642,reward,3,Walker2d-v4,-9.051690441377838,70.545
225938,reward,3,Walker2d-v4,95.30306550648817,79.294
226073,reward,3,Walker2d-v4,-20.06703546254154,66.319
226227,reward,3,Walker2d-v4,239.4424766275044,77.046
226423,reward,3,Walker2d-v4,-8.703123696676142,72.671
226538,reward,3,Walker2d-v4,-1.6518681629702578,41.678
226662,reward,3,Walker2d-v4,61.92774064970122,47.527
226864,reward,3,Walker2d-v4,33.24013684072395,41.113
227005,reward,3,Walker2d-v4,13.517982921972152,42.696
227066,reward,3,Walker2d-v4,47.80560428603381,45.176
227344,sbp,3,Walker2d-v4,event,0.382148,0.65,2.024963,0.013361,0.420171,1.191043,0.264581,0.264971,0.636184,3.0,0.01334,60,0.004064,0.020613,384,64,0,3.551061,1
227367,reward,3,Walker2d-v4,409.90839920526287,87.072
227452,reward,3,Walker2d-v4,38.693001795248286,81.411
227572,reward,3,Walker2d-v4,-32.46336223530912,80.172
227601,reward,3,Walker2d-v4,15.012389102861992,57.729
227805,reward,3,Walker2d-v4,75.76691564463933,66.176
227947,reward,3,Walker2d-v4,-11.717095234767825,65.169
228207,reward,3,Walker2d-v4,395.01662468786776,98.478
228305,reward,3,Walker2d-v4,51.253292950499,100.279
228430,reward,3,Walker2d-v4,-6.2177468589944045,98.306
228482,reward,3,Walker2d-v4,31.657180108534487,96.691
228688,reward,3,Walker2d-v4,307.67462248513885,86.468
228932,reward,3,Walker2d-v4,51.09259588832374,87.708
228991,reward,3,Walker2d-v4,57.02060423024479,96.656
229183,reward,3,Walker2d-v4,128.81197625877292,108.036
229354,reward,3,Walker2d-v4,-1.454757054585964,100.314
229516,reward,3,Walker2d-v4,31.69142912442841,104.655
229632,loss,3,Walker2d-v4,-0.07233890891075134,6.123592853546143,1.8892780542373657,8.38546085357666,0.076930932700634
229675,reward,3,Walker2d-v4,16.82827138723898,66.836
229830,reward,3,Walker2d-v4,-9.39673772547798,60.771
229999,reward,3,Walker2d-v4,23.944612133839126,63.787
230000,eval,3,Walker2d-v4,Walker2d-v4,311.966,0.835622,61.368
230000,eval,3,Walker2d-v4,HalfCheetah-v4,-194.365,-194364675.184736,105.331
230140,reward,3,Walker2d-v4,235.80218309479918,84.201
230234,reward,3,Walker2d-v4,1.7726795289018975,53.611
230390,reward,3,Walker2d-v4,38.16780207858403,52.319
230541,reward,3,Walker2d-v4,247.687739483352,71.386
230756,reward,3,Walker2d-v4,97.9250651351225,68.297
230986,reward,3,Walker2d-v4,54.75130306423066,73.917
231147,reward,3,Walker2d-v4,255.2460269882085,96.273
231371,reward,3,Walker2d-v4,346.7147206501453,129.262
231546,reward,3,Walker2d-v4,287.8793606592579,158.989
231786,reward,3,Walker2d-v4,138.40000914648363,170.435
231978,reward,3,Walker2d-v4,298.9912114178772,176.754
232202,reward,3,Walker2d-v4,100.11284954771125,186.588
232408,reward,3,Walker2d-v4,67.78028240624847,189.549
232680,reward,3,Walker2d-v4,72.37196770191522,172.017
232812,reward,3,Walker2d-v4,-28.984892160309087,159.326
232919,reward,3,Walker2d-v4,-5.326764010465537,153.318
232946,reward,3,Walker2d-v4,14.568759434457963,129.251
233119,reward,3,Walker2d-v4,24.41444607494524,97.021
233347,reward,3,Walker2d-v4,23.12560859614558,70.545
233459,reward,3,Walker2d-v4,-21.79210190224132,54.526
233651,reward,3,Walker2d-v4,89.29743672605893,33.557
233728,loss,3,Walker2d-v4,-0.06961455941200256,5.438226222991943,1.9455626010894775,8.384674072265625,0.10293681919574738
233819,reward,3,Walker2d-v4,11.49756726922622,24.695
234036,reward,3,Walker2d-v4,87.53186878755942,26.67
234215,reward,3,Walker2d-v4,41.694142841781684,23.603
234341,reward,3,Walker2d-v4,104.80359084862603,36.981
234522,reward,3,Walker2d-v4,45.88068471172488,42.102
234765,reward,3,Walker2d-v4,80.13479750686886,48.659
234992,reward,3,Walker2d-v4,120.60437896771937,58.278
235192,reward,3,Walker2d-v4,41.92025106588211,60.157
235658,reward,3,Walker2d-v4,556.051573621945,117.942
235797,reward,3,Walker2d-v4,-0.5344075545427178,108.958
236115,reward,3,Walker2d-v4,191.95718390786996,127.004
236345,reward,3,Walker2d-v4,69.06441736200794,125.158
236455,reward,3,Walker2d-v4,3.2206485465177117,121.31
236595,reward,3,Walker2d-v4,-6.071103113398185,110.223
236881,reward,3,Walker2d-v4,80.32133303258107,113.667
236926,reward,3,Walker2d-v4,29.038395883757556,108.557
237077,reward,3,Walker2d-v4,12.618946124542251,97.759
237281,reward,3,Walker2d-v4,52.392461683614286,98.806
237344,sbp,3,Walker2d-v4,event,0.378522,0.65,2.138919,0.013735,0.466862,1.195391,0.252223,0.278921,0.632447,4.0,0.021109,60,0.007097,0.031139,448,64,0,3.73154,1
237430,reward,3,Walker2d-v4,-18.600399067596584,41.341
237601,reward,3,Walker2d-v4,234.43699843080498,64.838
237771,reward,3,Walker2d-v4,-4.435735546391749,45.199
237801,reward,3,Walker2d-v4,18.963372115872648,40.188
237824,loss,3,Walker2d-v4,-0.06193069368600845,9.482986450195312,2.210987091064453,8.39345645904541,0.07420957088470459
238040,reward,3,Walker2d-v4,97.65538225222377,49.632
238402,reward,3,Walker2d-v4,246.60646917743978,74.9
238623,reward,3,Walker2d-v4,371.92388542671847,104.06
238947,reward,3,Walker2d-v4,208.36204048335313,121.992
238988,reward,3,Walker2d-v4,20.663078377715216,122.797
239046,reward,3,Walker2d-v4,45.81915426539323,122.139
239188,reward,3,Walker2d-v4,80.77874735349565,132.077
239315,reward,3,Walker2d-v4,226.16376099998206,131.25
239510,reward,3,Walker2d-v4,279.4478772283757,159.638
239571,reward,3,Walker2d-v4,47.47660144563718,162.49
239752,reward,3,Walker2d-v4,38.3025949951121,156.554
239888,reward,3,Walker2d-v4,5.122063710654464,132.406
239968,reward,3,Walker2d-v4,71.06765642218564,102.32
240000,eval,3,Walker2d-v4,Walker2d-v4,290.836,0.779023,82.498
240000,eval,3,Walker2d-v4,HalfCheetah-v4,-340.03,-340029807.200575,250.996
240000,phase_summary,3,Walker2d-v4,291.644,325.566,0.895809,33.921,12.78
