step,tag
18,reward,1,9.459750183917853,9.46,P3O-dyn+AdaReset+HardDistill,Hopper-v4,0
32,reward,2,7.6182111836655935,8.539,P3O-dyn+AdaReset+HardDistill,Hopper-v4,0
46,reward,3,10.070494053927318,9.049,P3O-dyn+AdaReset+HardDistill,Hopper-v4,0
74,reward,4,25.314571577669124,13.116,P3O-dyn+AdaReset+HardDistill,Hopper-v4,0
90,reward,5,7.970464154652997,12.087,P3O-dyn+AdaReset+HardDistill,Hopper-v4,0
114,reward,6,24.42901344944011,14.144,P3O-dyn+AdaReset+HardDistill,Hopper-v4,0
133,reward,7,8.91940557838273,13.397,P3O-dyn+AdaReset+HardDistill,Hopper-v4,0
152,reward,8,11.023624268020436,13.101,P3O-dyn+AdaReset+HardDistill,Hopper-v4,0
174,reward,9,9.291182782918515,12.677,P3O-dyn+AdaReset+HardDistill,Hopper-v4,0
203,reward,10,10.645136201582634,12.474,P3O-dyn+AdaReset+HardDistill,Hopper-v4,0
219,reward,11,10.967394520248474,12.625,P3O-dyn+AdaReset+HardDistill,Hopper-v4,0
228,reward,12,6.698248692319287,12.533,P3O-dyn+AdaReset+HardDistill,Hopper-v4,0
244,reward,13,14.453839638789955,12.971,P3O-dyn+AdaReset+HardDistill,Hopper-v4,0
266,reward,14,22.20245756597688,12.66,P3O-dyn+AdaReset+HardDistill,Hopper-v4,0
289,reward,15,12.503841854441283,13.113,P3O-dyn+AdaReset+HardDistill,Hopper-v4,0
304,reward,16,7.530437666800179,11.424,P3O-dyn+AdaReset+HardDistill,Hopper-v4,0
333,reward,17,11.090365299534511,11.641,P3O-dyn+AdaReset+HardDistill,Hopper-v4,0
348,reward,18,10.278742553627726,11.566,P3O-dyn+AdaReset+HardDistill,Hopper-v4,0
405,reward,19,80.16890511808352,18.654,P3O-dyn+AdaReset+HardDistill,Hopper-v4,0
429,reward,20,18.84737066332358,19.474,P3O-dyn+AdaReset+HardDistill,Hopper-v4,0
452,reward,21,14.917607813694843,19.869,P3O-dyn+AdaReset+HardDistill,Hopper-v4,0
472,reward,22,10.838901483938251,20.283,P3O-dyn+AdaReset+HardDistill,Hopper-v4,0
492,reward,23,18.882299828089867,20.726,P3O-dyn+AdaReset+HardDistill,Hopper-v4,0
503,reward,24,5.390176081407366,19.045,P3O-dyn+AdaReset+HardDistill,Hopper-v4,0
522,reward,25,11.603420811315491,18.955,P3O-dyn+AdaReset+HardDistill,Hopper-v4,0
538,reward,26,7.566255023205315,18.958,P3O-dyn+AdaReset+HardDistill,Hopper-v4,0
594,reward,27,44.05420692329443,22.255,P3O-dyn+AdaReset+HardDistill,Hopper-v4,0
605,reward,28,4.7918838207893835,21.706,P3O-dyn+AdaReset+HardDistill,Hopper-v4,0
624,reward,29,13.446283554457265,15.034,P3O-dyn+AdaReset+HardDistill,Hopper-v4,0
642,reward,30,10.53413715031408,14.203,P3O-dyn+AdaReset+HardDistill,Hopper-v4,0
663,reward,31,12.52068662903362,13.963,P3O-dyn+AdaReset+HardDistill,Hopper-v4,0
686,reward,32,7.349307561777244,13.614,P3O-dyn+AdaReset+HardDistill,Hopper-v4,0
700,reward,33,10.237541443890995,12.749,P3O-dyn+AdaReset+HardDistill,Hopper-v4,0
716,reward,34,9.252219334233967,13.136,P3O-dyn+AdaReset+HardDistill,Hopper-v4,0
730,reward,35,6.382028709990896,12.613,P3O-dyn+AdaReset+HardDistill,Hopper-v4,0
755,reward,36,16.518795873180668,13.509,P3O-dyn+AdaReset+HardDistill,Hopper-v4,0
770,reward,37,9.38386758595571,10.042,P3O-dyn+AdaReset+HardDistill,Hopper-v4,0
778,reward,38,6.328110370154842,10.195,P3O-dyn+AdaReset+HardDistill,Hopper-v4,0
791,reward,39,7.155140141127058,9.566,P3O-dyn+AdaReset+HardDistill,Hopper-v4,0
817,reward,40,28.421155892309503,11.355,P3O-dyn+AdaReset+HardDistill,Hopper-v4,0
832,reward,41,13.044290200055825,11.407,P3O-dyn+AdaReset+HardDistill,Hopper-v4,0
873,reward,42,26.8958450823815,13.362,P3O-dyn+AdaReset+HardDistill,Hopper-v4,0
901,reward,43,34.882395360701665,15.826,P3O-dyn+AdaReset+HardDistill,Hopper-v4,0
967,reward,44,122.02602526966491,27.104,P3O-dyn+AdaReset+HardDistill,Hopper-v4,0
979,reward,45,7.664261831582277,27.232,P3O-dyn+AdaReset+HardDistill,Hopper-v4,0
1011,reward,46,24.008702066787684,27.981,P3O-dyn+AdaReset+HardDistill,Hopper-v4,0
1034,reward,47,17.208287120077458,28.763,P3O-dyn+AdaReset+HardDistill,Hopper-v4,0
1073,reward,48,30.237120481970855,31.154,P3O-dyn+AdaReset+HardDistill,Hopper-v4,0
1118,reward,49,20.86697021864976,32.526,P3O-dyn+AdaReset+HardDistill,Hopper-v4,0
1130,reward,50,11.110318085196207,30.794,P3O-dyn+AdaReset+HardDistill,Hopper-v4,0
1147,reward,51,15.20825598087568,31.011,P3O-dyn+AdaReset+HardDistill,Hopper-v4,0
1158,reward,52,9.255513771501299,29.247,P3O-dyn+AdaReset+HardDistill,Hopper-v4,0
1172,reward,53,9.29427184446063,26.688,P3O-dyn+AdaReset+HardDistill,Hopper-v4,0
1193,reward,54,14.869044146181423,15.972,P3O-dyn+AdaReset+HardDistill,Hopper-v4,0
1203,reward,55,8.837299514576554,16.09,P3O-dyn+AdaReset+HardDistill,Hopper-v4,0
1216,reward,56,8.354590414081954,14.524,P3O-dyn+AdaReset+HardDistill,Hopper-v4,0
1252,reward,57,13.830981163984832,14.186,P3O-dyn+AdaReset+HardDistill,Hopper-v4,0
1269,reward,58,11.975858686726834,12.36,P3O-dyn+AdaReset+HardDistill,Hopper-v4,0
1306,reward,59,33.46037383004491,13.62,P3O-dyn+AdaReset+HardDistill,Hopper-v4,0
1319,reward,60,10.050209300109106,13.514,P3O-dyn+AdaReset+HardDistill,Hopper-v4,0
1336,reward,61,12.132982706983338,13.206,P3O-dyn+AdaReset+HardDistill,Hopper-v4,0
1362,reward,62,8.457441333314119,13.126,P3O-dyn+AdaReset+HardDistill,Hopper-v4,0
1397,reward,63,30.813819943113224,15.278,P3O-dyn+AdaReset+HardDistill,Hopper-v4,0
1405,reward,64,5.5900632990915895,14.35,P3O-dyn+AdaReset+HardDistill,Hopper-v4,0
1425,reward,65,9.64574654138789,14.431,P3O-dyn+AdaReset+HardDistill,Hopper-v4,0
1443,reward,66,14.742488663017848,15.07,P3O-dyn+AdaReset+HardDistill,Hopper-v4,0
1459,reward,67,10.789752699968727,14.766,P3O-dyn+AdaReset+HardDistill,Hopper-v4,0
1501,reward,68,29.763577313070837,16.545,P3O-dyn+AdaReset+HardDistill,Hopper-v4,0
1516,reward,69,7.462095698687927,13.945,P3O-dyn+AdaReset+HardDistill,Hopper-v4,0
1542,reward,70,18.597202318001063,14.8,P3O-dyn+AdaReset+HardDistill,Hopper-v4,0
1554,reward,71,2.977255653584673,13.884,P3O-dyn+AdaReset+HardDistill,Hopper-v4,0
1576,reward,72,12.291975001327184,14.267,P3O-dyn+AdaReset+HardDistill,Hopper-v4,0
1596,reward,73,9.954940045378716,12.182,P3O-dyn+AdaReset+HardDistill,Hopper-v4,0
1622,reward,74,16.23737698459119,13.246,P3O-dyn+AdaReset+HardDistill,Hopper-v4,0
1631,reward,75,5.857955630471054,12.867,P3O-dyn+AdaReset+HardDistill,Hopper-v4,0
1646,reward,76,6.732295351237833,12.066,P3O-dyn+AdaReset+HardDistill,Hopper-v4,0
1660,reward,77,10.14290089739289,12.002,P3O-dyn+AdaReset+HardDistill,Hopper-v4,0
1669,reward,78,5.662034460549279,9.592,P3O-dyn+AdaReset+HardDistill,Hopper-v4,0
1691,reward,79,18.242218970952013,10.67,P3O-dyn+AdaReset+HardDistill,Hopper-v4,0
1712,reward,80,11.413149373289876,9.951,P3O-dyn+AdaReset+HardDistill,Hopper-v4,0
1722,reward,81,8.004981418929898,10.454,P3O-dyn+AdaReset+HardDistill,Hopper-v4,0
1770,reward,82,27.488047280914262,11.974,P3O-dyn+AdaReset+HardDistill,Hopper-v4,0
1784,reward,83,11.118500498829125,12.09,P3O-dyn+AdaReset+HardDistill,Hopper-v4,0
1805,reward,84,20.007669555756863,12.467,P3O-dyn+AdaReset+HardDistill,Hopper-v4,0
1817,reward,85,7.951188681266966,12.676,P3O-dyn+AdaReset+HardDistill,Hopper-v4,0
1830,reward,86,7.797001489843974,12.783,P3O-dyn+AdaReset+HardDistill,Hopper-v4,0
1872,reward,87,17.388360940432293,13.507,P3O-dyn+AdaReset+HardDistill,Hopper-v4,0
1886,reward,88,6.224433344648116,13.564,P3O-dyn+AdaReset+HardDistill,Hopper-v4,0
1904,reward,89,8.532661348983732,12.593,P3O-dyn+AdaReset+HardDistill,Hopper-v4,0
1944,reward,90,30.51302473273923,14.503,P3O-dyn+AdaReset+HardDistill,Hopper-v4,0
1969,reward,91,8.38454562573617,14.541,P3O-dyn+AdaReset+HardDistill,Hopper-v4,0
1996,reward,92,16.813018666143464,13.473,P3O-dyn+AdaReset+HardDistill,Hopper-v4,0
2007,reward,93,7.59234198840072,13.12,P3O-dyn+AdaReset+HardDistill,Hopper-v4,0
2022,reward,94,10.454471230457827,12.165,P3O-dyn+AdaReset+HardDistill,Hopper-v4,0
2065,reward,95,22.727258937827912,13.643,P3O-dyn+AdaReset+HardDistill,Hopper-v4,0
2095,reward,96,35.10099128809886,16.373,P3O-dyn+AdaReset+HardDistill,Hopper-v4,0
2115,reward,97,10.46049953105778,15.68,P3O-dyn+AdaReset+HardDistill,Hopper-v4,0
2129,reward,98,6.401343336803847,15.698,P3O-dyn+AdaReset+HardDistill,Hopper-v4,0
2142,reward,99,5.916908109438669,15.436,P3O-dyn+AdaReset+HardDistill,Hopper-v4,0
2159,reward,100,11.71045957923309,13.556,P3O-dyn+AdaReset+HardDistill,Hopper-v4,0
2200,reward,101,37.99790703813623,16.518,P3O-dyn+AdaReset+HardDistill,Hopper-v4,0
2230,reward,102,33.11658789695994,18.148,P3O-dyn+AdaReset+HardDistill,Hopper-v4,0
2241,reward,103,6.869645979472957,18.076,P3O-dyn+AdaReset+HardDistill,Hopper-v4,0
2256,reward,104,13.513962982960502,18.382,P3O-dyn+AdaReset+HardDistill,Hopper-v4,0
2280,reward,105,18.44262596814774,17.953,P3O-dyn+AdaReset+HardDistill,Hopper-v4,0
2298,reward,106,16.25418267167538,16.068,P3O-dyn+AdaReset+HardDistill,Hopper-v4,0
2336,reward,107,48.85582006606527,19.908,P3O-dyn+AdaReset+HardDistill,Hopper-v4,0
2345,reward,108,6.628412622524718,19.931,P3O-dyn+AdaReset+HardDistill,Hopper-v4,0
2358,reward,109,5.689289947982432,19.908,P3O-dyn+AdaReset+HardDistill,Hopper-v4,0
2376,reward,110,10.182177138082983,19.755,P3O-dyn+AdaReset+HardDistill,Hopper-v4,0
2414,reward,111,25.89824525558313,18.545,P3O-dyn+AdaReset+HardDistill,Hopper-v4,0
2434,reward,112,6.794714116257942,15.913,P3O-dyn+AdaReset+HardDistill,Hopper-v4,0
2460,reward,113,12.190946308213224,16.445,P3O-dyn+AdaReset+HardDistill,Hopper-v4,0
2493,reward,114,24.734310381265274,17.567,P3O-dyn+AdaReset+HardDistill,Hopper-v4,0
2508,reward,115,11.124852321970721,16.835,P3O-dyn+AdaReset+HardDistill,Hopper-v4,0
2530,reward,116,11.68653324708606,16.379,P3O-dyn+AdaReset+HardDistill,Hopper-v4,0
2562,reward,117,28.87122796957886,14.38,P3O-dyn+AdaReset+HardDistill,Hopper-v4,0
2587,reward,118,13.074704975508524,15.025,P3O-dyn+AdaReset+HardDistill,Hopper-v4,0
2606,reward,119,12.242306521006359,15.68,P3O-dyn+AdaReset+HardDistill,Hopper-v4,0
2621,reward,120,5.520685699015685,15.214,P3O-dyn+AdaReset+HardDistill,Hopper-v4,0
2638,reward,121,7.49491579541771,13.374,P3O-dyn+AdaReset+HardDistill,Hopper-v4,0
2701,reward,122,114.7065944100018,24.165,P3O-dyn+AdaReset+HardDistill,Hopper-v4,0
2719,reward,123,7.2471806933690734,23.67,P3O-dyn+AdaReset+HardDistill,Hopper-v4,0
2730,reward,124,6.728365380392051,21.87,P3O-dyn+AdaReset+HardDistill,Hopper-v4,0
2744,reward,125,9.85904694518107,21.743,P3O-dyn+AdaReset+HardDistill,Hopper-v4,0
2755,reward,126,9.697970229665215,21.544,P3O-dyn+AdaReset+HardDistill,Hopper-v4,0
2786,reward,127,31.694875951390348,21.827,P3O-dyn+AdaReset+HardDistill,Hopper-v4,0
2814,reward,128,10.274289400105435,21.547,P3O-dyn+AdaReset+HardDistill,Hopper-v4,0
2831,reward,129,15.528585523580533,21.875,P3O-dyn+AdaReset+HardDistill,Hopper-v4,0
2863,reward,130,24.4636207727732,23.77,P3O-dyn+AdaReset+HardDistill,Hopper-v4,0
2883,reward,131,12.875984595021686,24.308,P3O-dyn+AdaReset+HardDistill,Hopper-v4,0
2917,reward,132,35.57463115653326,16.394,P3O-dyn+AdaReset+HardDistill,Hopper-v4,0
2939,reward,133,21.24127838834031,17.794,P3O-dyn+AdaReset+HardDistill,Hopper-v4,0
2987,reward,134,20.20427611986739,19.141,P3O-dyn+AdaReset+HardDistill,Hopper-v4,0
3005,reward,135,15.7985631863154,19.735,P3O-dyn+AdaReset+HardDistill,Hopper-v4,0
3019,reward,136,8.72478860961049,19.638,P3O-dyn+AdaReset+HardDistill,Hopper-v4,0
3098,reward,137,75.07726452600457,23.976,P3O-dyn+AdaReset+HardDistill,Hopper-v4,0
3152,reward,138,60.8021928391347,29.029,P3O-dyn+AdaReset+HardDistill,Hopper-v4,0
3174,reward,139,9.327326725234078,28.409,P3O-dyn+AdaReset+HardDistill,Hopper-v4,0
3195,reward,140,12.563769517515293,27.219,P3O-dyn+AdaReset+HardDistill,Hopper-v4,0
3220,reward,141,5.371632592589025,26.469,P3O-dyn+AdaReset+HardDistill,Hopper-v4,0
3236,reward,142,10.883203146039866,23.999,P3O-dyn+AdaReset+HardDistill,Hopper-v4,0
3249,reward,143,8.677432830176482,22.743,P3O-dyn+AdaReset+HardDistill,Hopper-v4,0
3269,reward,144,7.695614411542414,21.492,P3O-dyn+AdaReset+HardDistill,Hopper-v4,0
3284,reward,145,9.516777342089373,20.864,P3O-dyn+AdaReset+HardDistill,Hopper-v4,0
3300,reward,146,15.066346519677733,21.498,P3O-dyn+AdaReset+HardDistill,Hopper-v4,0
3328,reward,147,12.030184149769351,15.193,P3O-dyn+AdaReset+HardDistill,Hopper-v4,0
3362,reward,148,11.23555251736154,10.237,P3O-dyn+AdaReset+HardDistill,Hopper-v4,0
3380,reward,149,15.799968362830754,10.884,P3O-dyn+AdaReset+HardDistill,Hopper-v4,0
3415,reward,150,37.48778480469478,13.376,P3O-dyn+AdaReset+HardDistill,Hopper-v4,0
3426,reward,151,5.0190890105360015,13.341,P3O-dyn+AdaReset+HardDistill,Hopper-v4,0
3447,reward,152,3.4172861960790857,12.595,P3O-dyn+AdaReset+HardDistill,Hopper-v4,0
3458,reward,153,7.3563635321485785,12.462,P3O-dyn+AdaReset+HardDistill,Hopper-v4,0
3475,reward,154,10.755518058605999,12.768,P3O-dyn+AdaReset+HardDistill,Hopper-v4,0
3487,reward,155,4.771657743682724,12.294,P3O-dyn+AdaReset+HardDistill,Hopper-v4,0
3504,reward,156,5.105895599188132,11.298,P3O-dyn+AdaReset+HardDistill,Hopper-v4,0
3538,reward,157,14.758773264860286,11.571,P3O-dyn+AdaReset+HardDistill,Hopper-v4,0
3550,reward,158,7.1280184066523695,11.16,P3O-dyn+AdaReset+HardDistill,Hopper-v4,0
3561,reward,159,9.322392285839825,10.512,P3O-dyn+AdaReset+HardDistill,Hopper-v4,0
3587,reward,160,10.566903836670157,7.82,P3O-dyn+AdaReset+HardDistill,Hopper-v4,0
3598,reward,161,5.911054416365303,7.909,P3O-dyn+AdaReset+HardDistill,Hopper-v4,0
3615,reward,162,11.827730526123798,8.75,P3O-dyn+AdaReset+HardDistill,Hopper-v4,0
3635,reward,163,9.94596072963933,9.009,P3O-dyn+AdaReset+HardDistill,Hopper-v4,0
3652,reward,164,15.120184264984294,9.446,P3O-dyn+AdaReset+HardDistill,Hopper-v4,0
3663,reward,165,9.602451017147601,9.929,P3O-dyn+AdaReset+HardDistill,Hopper-v4,0
3680,reward,166,11.907442037402154,10.609,P3O-dyn+AdaReset+HardDistill,Hopper-v4,0
3693,reward,167,9.241058141915577,10.057,P3O-dyn+AdaReset+HardDistill,Hopper-v4,0
3715,reward,168,11.37295404695407,10.482,P3O-dyn+AdaReset+HardDistill,Hopper-v4,0
3739,reward,169,10.98927305023777,10.649,P3O-dyn+AdaReset+HardDistill,Hopper-v4,0
3758,reward,170,16.799171596509364,11.272,P3O-dyn+AdaReset+HardDistill,Hopper-v4,0
3794,reward,171,21.227580683618502,12.803,P3O-dyn+AdaReset+HardDistill,Hopper-v4,0
3805,reward,172,8.597788122199828,12.48,P3O-dyn+AdaReset+HardDistill,Hopper-v4,0
3832,reward,173,24.17343449266792,13.903,P3O-dyn+AdaReset+HardDistill,Hopper-v4,0
3851,reward,174,14.339510842590311,13.825,P3O-dyn+AdaReset+HardDistill,Hopper-v4,0
3864,reward,175,3.6474256839651202,13.23,P3O-dyn+AdaReset+HardDistill,Hopper-v4,0
3876,reward,176,9.763926431953031,13.015,P3O-dyn+AdaReset+HardDistill,Hopper-v4,0
3904,reward,177,15.095235615029933,13.601,P3O-dyn+AdaReset+HardDistill,Hopper-v4,0
3984,reward,178,98.0982411979349,22.273,P3O-dyn+AdaReset+HardDistill,Hopper-v4,0
4000,reward,179,8.98755536574455,22.073,P3O-dyn+AdaReset+HardDistill,Hopper-v4,0
4019,reward,180,11.222450154328671,21.515,P3O-dyn+AdaReset+HardDistill,Hopper-v4,0
4042,reward,181,28.103999522820466,22.203,P3O-dyn+AdaReset+HardDistill,Hopper-v4,0
4057,reward,182,11.917495703392936,22.535,P3O-dyn+AdaReset+HardDistill,Hopper-v4,0
4069,reward,183,7.381833394980378,20.856,P3O-dyn+AdaReset+HardDistill,Hopper-v4,0
4078,reward,184,5.927217728023492,20.015,P3O-dyn+AdaReset+HardDistill,Hopper-v4,0
4101,reward,185,10.436891177246236,20.693,P3O-dyn+AdaReset+HardDistill,Hopper-v4,0
4120,reward,186,7.5779057259608855,20.475,P3O-dyn+AdaReset+HardDistill,Hopper-v4,0
4149,reward,187,24.562505258849203,21.422,P3O-dyn+AdaReset+HardDistill,Hopper-v4,0
4169,reward,188,8.18498609399474,12.43,P3O-dyn+AdaReset+HardDistill,Hopper-v4,0
4202,reward,189,36.354785708956335,15.167,P3O-dyn+AdaReset+HardDistill,Hopper-v4,0
4220,reward,190,5.455432544191439,14.59,P3O-dyn+AdaReset+HardDistill,Hopper-v4,0
4243,reward,191,12.407244132352835,13.021,P3O-dyn+AdaReset+HardDistill,Hopper-v4,0
4258,reward,192,10.570277362923198,12.886,P3O-dyn+AdaReset+HardDistill,Hopper-v4,0
4271,reward,193,7.714282524102199,12.919,P3O-dyn+AdaReset+HardDistill,Hopper-v4,0
4283,reward,194,7.751657160284328,13.102,P3O-dyn+AdaReset+HardDistill,Hopper-v4,0
4297,reward,195,8.613756017278758,12.919,P3O-dyn+AdaReset+HardDistill,Hopper-v4,0
4316,reward,196,14.923654227020613,13.654,P3O-dyn+AdaReset+HardDistill,Hopper-v4,0
4330,reward,197,13.882664279222512,12.586,P3O-dyn+AdaReset+HardDistill,Hopper-v4,0
4373,reward,198,53.098088495313625,17.077,P3O-dyn+AdaReset+HardDistill,Hopper-v4,0
4395,reward,199,22.78202035361794,15.72,P3O-dyn+AdaReset+HardDistill,Hopper-v4,0
4433,reward,200,27.66128465089678,17.94,P3O-dyn+AdaReset+HardDistill,Hopper-v4,0
4454,reward,201,8.40969560044669,17.541,P3O-dyn+AdaReset+HardDistill,Hopper-v4,0
4511,reward,202,85.32116250926008,25.016,P3O-dyn+AdaReset+HardDistill,Hopper-v4,0
4519,reward,203,4.932269833160644,24.738,P3O-dyn+AdaReset+HardDistill,Hopper-v4,0
4537,reward,204,13.06836662024434,25.269,P3O-dyn+AdaReset+HardDistill,Hopper-v4,0
4574,reward,205,15.307017055373537,25.939,P3O-dyn+AdaReset+HardDistill,Hopper-v4,0
4585,reward,206,5.920800855929675,25.038,P3O-dyn+AdaReset+HardDistill,Hopper-v4,0
4643,reward,207,36.098783660770735,27.26,P3O-dyn+AdaReset+HardDistill,Hopper-v4,0
4660,reward,208,10.30860079639729,22.981,P3O-dyn+AdaReset+HardDistill,Hopper-v4,0
4696,reward,209,13.715889414538037,22.074,P3O-dyn+AdaReset+HardDistill,Hopper-v4,0
4724,reward,210,10.698034134328271,20.378,P3O-dyn+AdaReset+HardDistill,Hopper-v4,0
4740,reward,211,6.751454244884792,20.212,P3O-dyn+AdaReset+HardDistill,Hopper-v4,0
4765,reward,212,12.36984926755244,12.917,P3O-dyn+AdaReset+HardDistill,Hopper-v4,0
4775,reward,213,6.338775726279894,13.058,P3O-dyn+AdaReset+HardDistill,Hopper-v4,0
4794,reward,214,7.286029141014381,12.48,P3O-dyn+AdaReset+HardDistill,Hopper-v4,0
4808,reward,215,5.957204940698986,11.545,P3O-dyn+AdaReset+HardDistill,Hopper-v4,0
4869,reward,216,63.46714005940727,17.299,P3O-dyn+AdaReset+HardDistill,Hopper-v4,0
4893,reward,217,10.968886910244928,14.786,P3O-dyn+AdaReset+HardDistill,Hopper-v4,0
4907,reward,218,11.916555231175197,14.947,P3O-dyn+AdaReset+HardDistill,Hopper-v4,0
4917,reward,219,8.135092563171053,14.389,P3O-dyn+AdaReset+HardDistill,Hopper-v4,0
4934,reward,220,8.776787906811288,14.197,P3O-dyn+AdaReset+HardDistill,Hopper-v4,0
4962,reward,221,25.456699574750008,16.067,P3O-dyn+AdaReset+HardDistill,Hopper-v4,0
4983,reward,222,12.320284790888033,16.062,P3O-dyn+AdaReset+HardDistill,Hopper-v4,0
5017,reward,223,25.66555152081778,17.995,P3O-dyn+AdaReset+HardDistill,Hopper-v4,0
5041,reward,224,25.991659024817448,19.866,P3O-dyn+AdaReset+HardDistill,Hopper-v4,0
5059,reward,225,9.95978537619999,20.266,P3O-dyn+AdaReset+HardDistill,Hopper-v4,0
5080,reward,226,18.297182444375686,15.749,P3O-dyn+AdaReset+HardDistill,Hopper-v4,0
5093,reward,227,11.514142660483419,15.803,P3O-dyn+AdaReset+HardDistill,Hopper-v4,0
5111,reward,228,15.245848183308032,16.136,P3O-dyn+AdaReset+HardDistill,Hopper-v4,0
5121,reward,229,7.0277616223600194,16.026,P3O-dyn+AdaReset+HardDistill,Hopper-v4,0
5135,reward,230,11.294140987878446,16.277,P3O-dyn+AdaReset+HardDistill,Hopper-v4,0
5146,reward,231,4.55657145556005,14.187,P3O-dyn+AdaReset+HardDistill,Hopper-v4,0
5158,reward,232,7.177104353954408,13.673,P3O-dyn+AdaReset+HardDistill,Hopper-v4,0
5190,reward,233,15.027601395818152,12.609,P3O-dyn+AdaReset+HardDistill,Hopper-v4,0
5215,reward,234,25.845924011474608,12.595,P3O-dyn+AdaReset+HardDistill,Hopper-v4,0
5234,reward,235,15.779727354578986,13.177,P3O-dyn+AdaReset+HardDistill,Hopper-v4,0
5251,reward,236,10.490368888378818,12.396,P3O-dyn+AdaReset+HardDistill,Hopper-v4,0
5268,reward,237,14.602428865611389,12.705,P3O-dyn+AdaReset+HardDistill,Hopper-v4,0
5283,reward,238,11.351288684103867,12.315,P3O-dyn+AdaReset+HardDistill,Hopper-v4,0
5293,reward,239,6.438169872495144,12.256,P3O-dyn+AdaReset+HardDistill,Hopper-v4,0
5318,reward,240,12.615251801050714,12.388,P3O-dyn+AdaReset+HardDistill,Hopper-v4,0
5339,reward,241,9.886996810034432,12.921,P3O-dyn+AdaReset+HardDistill,Hopper-v4,0
5357,reward,242,14.933576661477884,13.697,P3O-dyn+AdaReset+HardDistill,Hopper-v4,0
5374,reward,243,16.800561788577852,13.874,P3O-dyn+AdaReset+HardDistill,Hopper-v4,0
5392,reward,244,6.3193207289762725,11.922,P3O-dyn+AdaReset+HardDistill,Hopper-v4,0
5404,reward,245,7.857655819044774,11.13,P3O-dyn+AdaReset+HardDistill,Hopper-v4,0
5423,reward,246,12.986939923929345,11.379,P3O-dyn+AdaReset+HardDistill,Hopper-v4,0
5436,reward,247,10.405498115016512,10.96,P3O-dyn+AdaReset+HardDistill,Hopper-v4,0
5452,reward,248,13.361381695436512,11.161,P3O-dyn+AdaReset+HardDistill,Hopper-v4,0
5472,reward,249,17.254201723188324,12.242,P3O-dyn+AdaReset+HardDistill,Hopper-v4,0
5510,reward,250,36.79101409152035,14.66,P3O-dyn+AdaReset+HardDistill,Hopper-v4,0
5519,reward,251,6.107459082747088,14.282,P3O-dyn+AdaReset+HardDistill,Hopper-v4,0
5545,reward,252,29.22792459707961,15.711,P3O-dyn+AdaReset+HardDistill,Hopper-v4,0
5558,reward,253,7.8333836207053835,14.814,P3O-dyn+AdaReset+HardDistill,Hopper-v4,0
5575,reward,254,12.234321431799396,15.406,P3O-dyn+AdaReset+HardDistill,Hopper-v4,0
5603,reward,255,24.609891658233586,17.081,P3O-dyn+AdaReset+HardDistill,Hopper-v4,0
5620,reward,256,16.93372880850172,17.476,P3O-dyn+AdaReset+HardDistill,Hopper-v4,0
5642,reward,257,23.160499692082528,18.751,P3O-dyn+AdaReset+HardDistill,Hopper-v4,0
5653,reward,258,6.750328101636407,18.09,P3O-dyn+AdaReset+HardDistill,Hopper-v4,0
5665,reward,259,8.45412073985277,17.21,P3O-dyn+AdaReset+HardDistill,Hopper-v4,0
5685,reward,260,11.097039621664472,14.641,P3O-dyn+AdaReset+HardDistill,Hopper-v4,0
5694,reward,261,5.554746380734938,14.586,P3O-dyn+AdaReset+HardDistill,Hopper-v4,0
5710,reward,262,10.636579380728218,12.726,P3O-dyn+AdaReset+HardDistill,Hopper-v4,0
5740,reward,263,30.605111793735606,15.004,P3O-dyn+AdaReset+HardDistill,Hopper-v4,0
5766,reward,264,21.642957357231918,15.945,P3O-dyn+AdaReset+HardDistill,Hopper-v4,0
5776,reward,265,5.058407869160398,13.989,P3O-dyn+AdaReset+HardDistill,Hopper-v4,0
5798,reward,266,4.661981832749242,12.762,P3O-dyn+AdaReset+HardDistill,Hopper-v4,0
5819,reward,267,20.258718806546693,12.472,P3O-dyn+AdaReset+HardDistill,Hopper-v4,0
5829,reward,268,5.3655045886695305,12.334,P3O-dyn+AdaReset+HardDistill,Hopper-v4,0
5843,reward,269,7.9540401741910385,12.284,P3O-dyn+AdaReset+HardDistill,Hopper-v4,0
5854,reward,270,9.686309260756326,12.142,P3O-dyn+AdaReset+HardDistill,Hopper-v4,0
5883,reward,271,16.26266540608184,13.213,P3O-dyn+AdaReset+HardDistill,Hopper-v4,0
5914,reward,272,5.546229758095448,12.704,P3O-dyn+AdaReset+HardDistill,Hopper-v4,0
5938,reward,273,3.2009257439336842,9.964,P3O-dyn+AdaReset+HardDistill,Hopper-v4,0
5991,reward,274,53.1290736942589,13.112,P3O-dyn+AdaReset+HardDistill,Hopper-v4,0
6009,reward,275,17.91144260118429,14.398,P3O-dyn+AdaReset+HardDistill,Hopper-v4,0
6057,reward,276,27.351093714794757,16.667,P3O-dyn+AdaReset+HardDistill,Hopper-v4,0
6074,reward,277,11.914620175751812,15.832,P3O-dyn+AdaReset+HardDistill,Hopper-v4,0
6112,reward,278,24.44317204064239,17.74,P3O-dyn+AdaReset+HardDistill,Hopper-v4,0
6127,reward,279,8.213351289222054,17.766,P3O-dyn+AdaReset+HardDistill,Hopper-v4,0
6159,reward,280,26.877710097838854,19.485,P3O-dyn+AdaReset+HardDistill,Hopper-v4,0
6219,reward,281,48.493953205385445,22.708,P3O-dyn+AdaReset+HardDistill,Hopper-v4,0
6237,reward,282,9.843794223411898,23.138,P3O-dyn+AdaReset+HardDistill,Hopper-v4,0
6250,reward,283,11.289290796312141,23.947,P3O-dyn+AdaReset+HardDistill,Hopper-v4,0
6272,reward,284,4.374091485412132,19.071,P3O-dyn+AdaReset+HardDistill,Hopper-v4,0
6301,reward,285,11.908150783487688,18.471,P3O-dyn+AdaReset+HardDistill,Hopper-v4,0
6312,reward,286,6.568229816636562,16.393,P3O-dyn+AdaReset+HardDistill,Hopper-v4,0
6330,reward,287,12.10622465915009,16.412,P3O-dyn+AdaReset+HardDistill,Hopper-v4,0
6359,reward,288,11.594854982097594,15.127,P3O-dyn+AdaReset+HardDistill,Hopper-v4,0
6372,reward,289,11.086286775423186,15.414,P3O-dyn+AdaReset+HardDistill,Hopper-v4,0
6388,reward,290,15.065949784480216,14.233,P3O-dyn+AdaReset+HardDistill,Hopper-v4,0
6410,reward,291,15.77446066939913,10.961,P3O-dyn+AdaReset+HardDistill,Hopper-v4,0
6433,reward,292,7.288960751169655,10.706,P3O-dyn+AdaReset+HardDistill,Hopper-v4,0
6453,reward,293,8.057316764877417,10.382,P3O-dyn+AdaReset+HardDistill,Hopper-v4,0
6467,reward,294,11.539426359854334,11.099,P3O-dyn+AdaReset+HardDistill,Hopper-v4,0
6480,reward,295,8.704894604911448,10.779,P3O-dyn+AdaReset+HardDistill,Hopper-v4,0
6502,reward,296,8.049878451264581,10.927,P3O-dyn+AdaReset+HardDistill,Hopper-v4,0
6515,reward,297,6.3267730647276075,10.349,P3O-dyn+AdaReset+HardDistill,Hopper-v4,0
6544,reward,298,37.9372990992701,12.983,P3O-dyn+AdaReset+HardDistill,Hopper-v4,0
6558,reward,299,12.650779474399755,13.14,P3O-dyn+AdaReset+HardDistill,Hopper-v4,0
6577,reward,300,9.012190309104202,12.534,P3O-dyn+AdaReset+HardDistill,Hopper-v4,0
6599,reward,301,8.477682968790903,11.805,P3O-dyn+AdaReset+HardDistill,Hopper-v4,0
6615,reward,302,9.842203116052435,12.06,P3O-dyn+AdaReset+HardDistill,Hopper-v4,0
6630,reward,303,11.518421203264777,12.406,P3O-dyn+AdaReset+HardDistill,Hopper-v4,0
6647,reward,304,6.282139957831877,11.88,P3O-dyn+AdaReset+HardDistill,Hopper-v4,0
6675,reward,305,21.61092072795643,13.171,P3O-dyn+AdaReset+HardDistill,Hopper-v4,0
6693,reward,306,5.309104475875085,12.897,P3O-dyn+AdaReset+HardDistill,Hopper-v4,0
6703,reward,307,5.840377652708632,12.848,P3O-dyn+AdaReset+HardDistill,Hopper-v4,0
6719,reward,308,12.418607199434625,10.296,P3O-dyn+AdaReset+HardDistill,Hopper-v4,0
6745,reward,309,16.046004175694975,10.636,P3O-dyn+AdaReset+HardDistill,Hopper-v4,0
6759,reward,310,7.217941089322283,10.456,P3O-dyn+AdaReset+HardDistill,Hopper-v4,0
6770,reward,311,3.142192783355604,9.923,P3O-dyn+AdaReset+HardDistill,Hopper-v4,0
6789,reward,312,8.688292564835264,9.807,P3O-dyn+AdaReset+HardDistill,Hopper-v4,0
6834,reward,313,49.11207365529115,13.567,P3O-dyn+AdaReset+HardDistill,Hopper-v4,0
6851,reward,314,4.2152305780608685,13.36,P3O-dyn+AdaReset+HardDistill,Hopper-v4,0
6869,reward,315,6.8928108016624385,11.888,P3O-dyn+AdaReset+HardDistill,Hopper-v4,0
6893,reward,316,21.959998321429293,13.553,P3O-dyn+AdaReset+HardDistill,Hopper-v4,0
6904,reward,317,8.231566365064042,13.792,P3O-dyn+AdaReset+HardDistill,Hopper-v4,0
6912,reward,318,4.326675129322353,12.983,P3O-dyn+AdaReset+HardDistill,Hopper-v4,0
6937,reward,319,22.447320431909755,13.623,P3O-dyn+AdaReset+HardDistill,Hopper-v4,0
6952,reward,320,8.06994590869542,13.709,P3O-dyn+AdaReset+HardDistill,Hopper-v4,0
6993,reward,321,38.409805650296505,17.235,P3O-dyn+AdaReset+HardDistill,Hopper-v4,0
7016,reward,322,6.2078079138904,16.987,P3O-dyn+AdaReset+HardDistill,Hopper-v4,0
7026,reward,323,7.516956696364483,12.828,P3O-dyn+AdaReset+HardDistill,Hopper-v4,0
7034,reward,324,5.6044872407579565,12.967,P3O-dyn+AdaReset+HardDistill,Hopper-v4,0
7056,reward,325,8.465407460443332,13.124,P3O-dyn+AdaReset+HardDistill,Hopper-v4,0
7076,reward,326,9.428454701907517,11.871,P3O-dyn+AdaReset+HardDistill,Hopper-v4,0
7094,reward,327,8.729092966111345,11.921,P3O-dyn+AdaReset+HardDistill,Hopper-v4,0
7109,reward,328,12.561283121775457,12.744,P3O-dyn+AdaReset+HardDistill,Hopper-v4,0
7126,reward,329,13.102512168011677,11.81,P3O-dyn+AdaReset+HardDistill,Hopper-v4,0
7137,reward,330,8.50630672212741,11.853,P3O-dyn+AdaReset+HardDistill,Hopper-v4,0
7161,reward,331,29.782786303705585,10.991,P3O-dyn+AdaReset+HardDistill,Hopper-v4,0
7185,reward,332,17.624614142361686,12.132,P3O-dyn+AdaReset+HardDistill,Hopper-v4,0
7202,reward,333,14.92186593252253,12.873,P3O-dyn+AdaReset+HardDistill,Hopper-v4,0
7234,reward,334,16.275205290785728,13.94,P3O-dyn+AdaReset+HardDistill,Hopper-v4,0
7245,reward,335,9.068334279533847,14.0,P3O-dyn+AdaReset+HardDistill,Hopper-v4,0
7266,reward,336,12.088927551995946,14.266,P3O-dyn+AdaReset+HardDistill,Hopper-v4,0
7280,reward,337,12.562419420579882,14.649,P3O-dyn+AdaReset+HardDistill,Hopper-v4,0
7301,reward,338,24.508295505390667,15.844,P3O-dyn+AdaReset+HardDistill,Hopper-v4,0
7313,reward,339,5.709775310389229,15.105,P3O-dyn+AdaReset+HardDistill,Hopper-v4,0
7325,reward,340,9.703858430332746,15.225,P3O-dyn+AdaReset+HardDistill,Hopper-v4,0
7332,reward,341,5.2112395076902,12.767,P3O-dyn+AdaReset+HardDistill,Hopper-v4,0
7343,reward,342,7.5224990527005575,11.757,P3O-dyn+AdaReset+HardDistill,Hopper-v4,0
7370,reward,343,26.843583526425547,12.949,P3O-dyn+AdaReset+HardDistill,Hopper-v4,0
7390,reward,344,13.169946662657237,12.639,P3O-dyn+AdaReset+HardDistill,Hopper-v4,0
7417,reward,345,15.4548493898842,13.278,P3O-dyn+AdaReset+HardDistill,Hopper-v4,0
7431,reward,346,14.05743886066334,13.474,P3O-dyn+AdaReset+HardDistill,Hopper-v4,0
7460,reward,347,9.497949702392924,13.168,P3O-dyn+AdaReset+HardDistill,Hopper-v4,0
7477,reward,348,10.194073424667085,11.737,P3O-dyn+AdaReset+HardDistill,Hopper-v4,0
7501,reward,349,17.451643435274597,12.911,P3O-dyn+AdaReset+HardDistill,Hopper-v4,0
7510,reward,350,5.7921096422852285,12.52,P3O-dyn+AdaReset+HardDistill,Hopper-v4,0
7521,reward,351,8.618996685186522,12.86,P3O-dyn+AdaReset+HardDistill,Hopper-v4,0
7536,reward,352,12.114699314892661,13.32,P3O-dyn+AdaReset+HardDistill,Hopper-v4,0
7553,reward,353,9.915091023570715,11.627,P3O-dyn+AdaReset+HardDistill,Hopper-v4,0
7582,reward,354,25.92102411084018,12.902,P3O-dyn+AdaReset+HardDistill,Hopper-v4,0
7596,reward,355,6.640206226336702,12.02,P3O-dyn+AdaReset+HardDistill,Hopper-v4,0
7618,reward,356,21.305387885016597,12.745,P3O-dyn+AdaReset+HardDistill,Hopper-v4,0
7637,reward,357,20.09000814608457,13.804,P3O-dyn+AdaReset+HardDistill,Hopper-v4,0
7649,reward,358,5.340935729040758,13.319,P3O-dyn+AdaReset+HardDistill,Hopper-v4,0
7672,reward,359,21.054745665186033,13.679,P3O-dyn+AdaReset+HardDistill,Hopper-v4,0
7717,reward,360,29.11888204336571,16.012,P3O-dyn+AdaReset+HardDistill,Hopper-v4,0
7730,reward,361,8.299704313565881,15.98,P3O-dyn+AdaReset+HardDistill,Hopper-v4,0
7756,reward,362,10.717629300832868,15.84,P3O-dyn+AdaReset+HardDistill,Hopper-v4,0
7775,reward,363,6.05500595156026,15.454,P3O-dyn+AdaReset+HardDistill,Hopper-v4,0
7811,reward,364,34.96399832858223,16.359,P3O-dyn+AdaReset+HardDistill,Hopper-v4,0
7826,reward,365,10.771094094212891,16.772,P3O-dyn+AdaReset+HardDistill,Hopper-v4,0
7839,reward,366,10.926884891253614,15.734,P3O-dyn+AdaReset+HardDistill,Hopper-v4,0
7866,reward,367,7.022740162619018,14.427,P3O-dyn+AdaReset+HardDistill,Hopper-v4,0
7880,reward,368,9.903174665965098,14.883,P3O-dyn+AdaReset+HardDistill,Hopper-v4,0
7897,reward,369,16.816905570203584,14.46,P3O-dyn+AdaReset+HardDistill,Hopper-v4,0
7907,reward,370,8.317370342553632,12.379,P3O-dyn+AdaReset+HardDistill,Hopper-v4,0
7920,reward,371,7.5501639963491725,12.304,P3O-dyn+AdaReset+HardDistill,Hopper-v4,0
7939,reward,372,17.249017079037266,12.958,P3O-dyn+AdaReset+HardDistill,Hopper-v4,0
7951,reward,373,6.8067828552638,13.033,P3O-dyn+AdaReset+HardDistill,Hopper-v4,0
7960,reward,374,6.636963306969947,10.2,P3O-dyn+AdaReset+HardDistill,Hopper-v4,0
7971,reward,375,3.811464827492321,9.504,P3O-dyn+AdaReset+HardDistill,Hopper-v4,0
7983,reward,376,7.2337082765060154,9.135,P3O-dyn+AdaReset+HardDistill,Hopper-v4,0
8001,reward,377,11.259917311216551,9.559,P3O-dyn+AdaReset+HardDistill,Hopper-v4,0
8021,reward,378,5.092007131851398,9.077,P3O-dyn+AdaReset+HardDistill,Hopper-v4,0
8036,reward,379,8.0215522294294,8.198,P3O-dyn+AdaReset+HardDistill,Hopper-v4,0
8053,reward,380,10.272326919090656,8.393,P3O-dyn+AdaReset+HardDistill,Hopper-v4,0
8065,reward,381,5.034456639758568,8.142,P3O-dyn+AdaReset+HardDistill,Hopper-v4,0
8082,reward,382,10.834370674750138,7.5,P3O-dyn+AdaReset+HardDistill,Hopper-v4,0
8095,reward,383,7.9057187278824665,7.61,P3O-dyn+AdaReset+HardDistill,Hopper-v4,0
8111,reward,384,6.67933853086642,7.614,P3O-dyn+AdaReset+HardDistill,Hopper-v4,0
8121,reward,385,7.548726518478159,7.988,P3O-dyn+AdaReset+HardDistill,Hopper-v4,0
8163,reward,386,26.1180557802909,9.877,P3O-dyn+AdaReset+HardDistill,Hopper-v4,0
8176,reward,387,6.777007170669115,9.428,P3O-dyn+AdaReset+HardDistill,Hopper-v4,0
8189,reward,388,7.511422514655628,9.67,P3O-dyn+AdaReset+HardDistill,Hopper-v4,0
8192,loss,-0.031473223119974136,0.10499214380979538,P3O-dyn+AdaReset+HardDistill,Hopper-v4,0
8260,reward,389,88.84142276494556,17.752,P3O-dyn+AdaReset+HardDistill,Hopper-v4,0
8297,reward,390,57.215758287485464,22.447,P3O-dyn+AdaReset+HardDistill,Hopper-v4,0
8312,reward,391,9.497655988684496,22.893,P3O-dyn+AdaReset+HardDistill,Hopper-v4,0
8325,reward,392,4.76624756112535,22.286,P3O-dyn+AdaReset+HardDistill,Hopper-v4,0
8340,reward,393,10.96862294526009,22.592,P3O-dyn+AdaReset+HardDistill,Hopper-v4,0
8387,reward,394,45.458689408245746,26.47,P3O-dyn+AdaReset+HardDistill,Hopper-v4,0
8396,reward,395,6.39991706897532,26.355,P3O-dyn+AdaReset+HardDistill,Hopper-v4,0
8409,reward,396,10.91796938638464,24.835,P3O-dyn+AdaReset+HardDistill,Hopper-v4,0
8445,reward,397,14.762082371880192,25.634,P3O-dyn+AdaReset+HardDistill,Hopper-v4,0
8459,reward,398,8.863115221810924,25.769,P3O-dyn+AdaReset+HardDistill,Hopper-v4,0
8482,reward,399,21.9672621415015,19.082,P3O-dyn+AdaReset+HardDistill,Hopper-v4,0
8499,reward,400,16.295698596852,14.99,P3O-dyn+AdaReset+HardDistill,Hopper-v4,0
8566,reward,401,105.55974646812321,24.596,P3O-dyn+AdaReset+HardDistill,Hopper-v4,0
8591,reward,402,16.70117890946194,25.789,P3O-dyn+AdaReset+HardDistill,Hopper-v4,0
8611,reward,403,19.924055971741257,26.685,P3O-dyn+AdaReset+HardDistill,Hopper-v4,0
8630,reward,404,11.50508776984651,23.29,P3O-dyn+AdaReset+HardDistill,Hopper-v4,0
8652,reward,405,10.596861034738303,23.709,P3O-dyn+AdaReset+HardDistill,Hopper-v4,0
8674,reward,406,19.62013805961102,24.58,P3O-dyn+AdaReset+HardDistill,Hopper-v4,0
8693,reward,407,17.467476281144556,24.85,P3O-dyn+AdaReset+HardDistill,Hopper-v4,0
8720,reward,408,2.833840583970872,24.247,P3O-dyn+AdaReset+HardDistill,Hopper-v4,0
8741,reward,409,19.95674499076342,24.046,P3O-dyn+AdaReset+HardDistill,Hopper-v4,0
8781,reward,410,52.73709105258836,27.69,P3O-dyn+AdaReset+HardDistill,Hopper-v4,0
8794,reward,411,10.270450430171913,18.161,P3O-dyn+AdaReset+HardDistill,Hopper-v4,0
8817,reward,412,22.9140809019481,18.783,P3O-dyn+AdaReset+HardDistill,Hopper-v4,0
8831,reward,413,8.107200584669757,17.601,P3O-dyn+AdaReset+HardDistill,Hopper-v4,0
8847,reward,414,4.705783238245065,16.921,P3O-dyn+AdaReset+HardDistill,Hopper-v4,0
8858,reward,415,7.8737027513319635,16.649,P3O-dyn+AdaReset+HardDistill,Hopper-v4,0
8873,reward,416,5.4630890227896085,15.233,P3O-dyn+AdaReset+HardDistill,Hopper-v4,0
8897,reward,417,20.842415407207334,15.57,P3O-dyn+AdaReset+HardDistill,Hopper-v4,0
8924,reward,418,26.88700746228164,17.976,P3O-dyn+AdaReset+HardDistill,Hopper-v4,0
8933,reward,419,6.290858407724546,16.609,P3O-dyn+AdaReset+HardDistill,Hopper-v4,0
8952,reward,420,4.5671229294381,11.792,P3O-dyn+AdaReset+HardDistill,Hopper-v4,0
8981,reward,421,22.27635579663623,12.993,P3O-dyn+AdaReset+HardDistill,Hopper-v4,0
9006,reward,422,10.822846909699788,11.784,P3O-dyn+AdaReset+HardDistill,Hopper-v4,0
9021,reward,423,7.576986640862383,11.731,P3O-dyn+AdaReset+HardDistill,Hopper-v4,0
9048,reward,424,9.974383668024302,12.257,P3O-dyn+AdaReset+HardDistill,Hopper-v4,0
9062,reward,425,9.368761061896077,12.407,P3O-dyn+AdaReset+HardDistill,Hopper-v4,0
9094,reward,426,14.066352253004807,13.267,P3O-dyn+AdaReset+HardDistill,Hopper-v4,0
9111,reward,427,11.11845001858751,12.295,P3O-dyn+AdaReset+HardDistill,Hopper-v4,0
9136,reward,428,13.021467511574487,10.908,P3O-dyn+AdaReset+HardDistill,Hopper-v4,0
9161,reward,429,24.60816658269145,12.74,P3O-dyn+AdaReset+HardDistill,Hopper-v4,0
9218,reward,430,49.55872246565053,17.239,P3O-dyn+AdaReset+HardDistill,Hopper-v4,0
9234,reward,431,12.607065688062043,16.272,P3O-dyn+AdaReset+HardDistill,Hopper-v4,0
9267,reward,432,32.664666340819636,18.457,P3O-dyn+AdaReset+HardDistill,Hopper-v4,0
9291,reward,433,16.379494334787058,19.337,P3O-dyn+AdaReset+HardDistill,Hopper-v4,0
9338,reward,434,69.1172623496229,25.251,P3O-dyn+AdaReset+HardDistill,Hopper-v4,0
9361,reward,435,12.658973991998813,25.58,P3O-dyn+AdaReset+HardDistill,Hopper-v4,0
9415,reward,436,51.538928147411355,29.327,P3O-dyn+AdaReset+HardDistill,Hopper-v4,0
9443,reward,437,25.125717059179777,30.728,P3O-dyn+AdaReset+HardDistill,Hopper-v4,0
9471,reward,438,25.37800177916832,31.964,P3O-dyn+AdaReset+HardDistill,Hopper-v4,0
9503,reward,439,26.430836490700713,32.146,P3O-dyn+AdaReset+HardDistill,Hopper-v4,0
9516,reward,440,10.304256311429715,28.221,P3O-dyn+AdaReset+HardDistill,Hopper-v4,0
9538,reward,441,21.373465704935665,29.097,P3O-dyn+AdaReset+HardDistill,Hopper-v4,0
9585,reward,442,38.41690358490268,29.672,P3O-dyn+AdaReset+HardDistill,Hopper-v4,0
9604,reward,443,18.758496139909663,29.91,P3O-dyn+AdaReset+HardDistill,Hopper-v4,0
9645,reward,444,10.252977078214926,24.024,P3O-dyn+AdaReset+HardDistill,Hopper-v4,0
9681,reward,445,22.6098409878567,25.019,P3O-dyn+AdaReset+HardDistill,Hopper-v4,0
9701,reward,446,10.990148558436385,20.964,P3O-dyn+AdaReset+HardDistill,Hopper-v4,0
9717,reward,447,5.942856365098962,19.046,P3O-dyn+AdaReset+HardDistill,Hopper-v4,0
9736,reward,448,10.101167515991037,17.518,P3O-dyn+AdaReset+HardDistill,Hopper-v4,0
9771,reward,449,39.12516188681175,18.788,P3O-dyn+AdaReset+HardDistill,Hopper-v4,0
9781,reward,450,6.013558990490137,18.358,P3O-dyn+AdaReset+HardDistill,Hopper-v4,0
9829,reward,451,71.09808772619506,23.331,P3O-dyn+AdaReset+HardDistill,Hopper-v4,0
9846,reward,452,8.011860424328614,20.29,P3O-dyn+AdaReset+HardDistill,Hopper-v4,0
9860,reward,453,8.370384264755806,19.252,P3O-dyn+AdaReset+HardDistill,Hopper-v4,0
9880,reward,454,18.47938541018196,20.074,P3O-dyn+AdaReset+HardDistill,Hopper-v4,0
9900,reward,455,3.2819968953084038,18.141,P3O-dyn+AdaReset+HardDistill,Hopper-v4,0
9927,reward,456,26.660516162178016,19.708,P3O-dyn+AdaReset+HardDistill,Hopper-v4,0
9942,reward,457,9.546656547962074,20.069,P3O-dyn+AdaReset+HardDistill,Hopper-v4,0
9972,reward,458,15.737046130454798,20.632,P3O-dyn+AdaReset+HardDistill,Hopper-v4,0
10000,speed,751.68,0.22,P3O-dyn+AdaReset+HardDistill,Hopper-v4,0
10012,reward,459,50.41811166963102,21.762,P3O-dyn+AdaReset+HardDistill,Hopper-v4,0
10033,reward,460,9.347719591141107,22.095,P3O-dyn+AdaReset+HardDistill,Hopper-v4,0
10086,reward,461,35.170540639058416,18.502,P3O-dyn+AdaReset+HardDistill,Hopper-v4,0
10118,reward,462,35.99478058464472,21.301,P3O-dyn+AdaReset+HardDistill,Hopper-v4,0
10163,reward,463,69.25133676718873,27.389,P3O-dyn+AdaReset+HardDistill,Hopper-v4,0
10187,reward,464,24.464110192001684,27.987,P3O-dyn+AdaReset+HardDistill,Hopper-v4,0
10224,reward,465,39.32190770545885,31.591,P3O-dyn+AdaReset+HardDistill,Hopper-v4,0
10247,reward,466,11.278177185332689,30.053,P3O-dyn+AdaReset+HardDistill,Hopper-v4,0
10272,reward,467,24.077608794422634,31.506,P3O-dyn+AdaReset+HardDistill,Hopper-v4,0
10287,reward,468,13.57442354332482,31.29,P3O-dyn+AdaReset+HardDistill,Hopper-v4,0
10304,reward,469,17.424261897446428,27.99,P3O-dyn+AdaReset+HardDistill,Hopper-v4,0
10341,reward,470,34.83710423859575,30.539,P3O-dyn+AdaReset+HardDistill,Hopper-v4,0
10358,reward,471,8.391489624228104,27.862,P3O-dyn+AdaReset+HardDistill,Hopper-v4,0
10374,reward,472,7.346474975441061,24.997,P3O-dyn+AdaReset+HardDistill,Hopper-v4,0
10393,reward,473,19.35280566277561,20.007,P3O-dyn+AdaReset+HardDistill,Hopper-v4,0
10413,reward,474,17.737423940429217,19.334,P3O-dyn+AdaReset+HardDistill,Hopper-v4,0
10428,reward,475,9.01673493783354,16.304,P3O-dyn+AdaReset+HardDistill,Hopper-v4,0
10480,reward,476,58.07722791383965,20.984,P3O-dyn+AdaReset+HardDistill,Hopper-v4,0
10499,reward,477,14.295423859208363,20.005,P3O-dyn+AdaReset+HardDistill,Hopper-v4,0
10523,reward,478,15.423143611823637,20.19,P3O-dyn+AdaReset+HardDistill,Hopper-v4,0
10535,reward,479,5.193989510755255,18.967,P3O-dyn+AdaReset+HardDistill,Hopper-v4,0
10551,reward,480,13.316113770866934,16.815,P3O-dyn+AdaReset+HardDistill,Hopper-v4,0
10577,reward,481,14.852138828802527,17.461,P3O-dyn+AdaReset+HardDistill,Hopper-v4,0
10598,reward,482,17.73548146410289,18.5,P3O-dyn+AdaReset+HardDistill,Hopper-v4,0
10614,reward,483,12.194072037765178,17.784,P3O-dyn+AdaReset+HardDistill,Hopper-v4,0
10640,reward,484,28.8169620999161,18.892,P3O-dyn+AdaReset+HardDistill,Hopper-v4,0
10674,reward,485,49.462462355035555,22.937,P3O-dyn+AdaReset+HardDistill,Hopper-v4,0
10714,reward,486,24.201731722384004,19.549,P3O-dyn+AdaReset+HardDistill,Hopper-v4,0
10734,reward,487,9.38662409358821,19.058,P3O-dyn+AdaReset+HardDistill,Hopper-v4,0
10773,reward,488,49.233489481358326,22.439,P3O-dyn+AdaReset+HardDistill,Hopper-v4,0
10798,reward,489,19.788732386317974,23.899,P3O-dyn+AdaReset+HardDistill,Hopper-v4,0
10807,reward,490,6.769667984560846,23.244,P3O-dyn+AdaReset+HardDistill,Hopper-v4,0
10822,reward,491,9.203552957471238,22.679,P3O-dyn+AdaReset+HardDistill,Hopper-v4,0
10836,reward,492,7.481376014715746,21.654,P3O-dyn+AdaReset+HardDistill,Hopper-v4,0
10880,reward,493,61.419404040428944,26.576,P3O-dyn+AdaReset+HardDistill,Hopper-v4,0
10901,reward,494,16.04190086152938,25.299,P3O-dyn+AdaReset+HardDistill,Hopper-v4,0
10919,reward,495,8.409297139977523,21.194,P3O-dyn+AdaReset+HardDistill,Hopper-v4,0
10947,reward,496,29.72630552216049,21.746,P3O-dyn+AdaReset+HardDistill,Hopper-v4,0
10961,reward,497,8.995669668620216,21.707,P3O-dyn+AdaReset+HardDistill,Hopper-v4,0
10974,reward,498,10.043250658018948,17.788,P3O-dyn+AdaReset+HardDistill,Hopper-v4,0
10991,reward,499,16.18460639113974,17.428,P3O-dyn+AdaReset+HardDistill,Hopper-v4,0
11018,reward,500,30.93414495277138,19.844,P3O-dyn+AdaReset+HardDistill,Hopper-v4,0
11042,reward,501,20.16855231824222,20.94,P3O-dyn+AdaReset+HardDistill,Hopper-v4,0
11061,reward,502,13.648283651677229,21.557,P3O-dyn+AdaReset+HardDistill,Hopper-v4,0
11074,reward,503,10.248579217649185,16.44,P3O-dyn+AdaReset+HardDistill,Hopper-v4,0
11093,reward,504,10.919246440628697,15.928,P3O-dyn+AdaReset+HardDistill,Hopper-v4,0
11111,reward,505,8.730249620806518,15.96,P3O-dyn+AdaReset+HardDistill,Hopper-v4,0
11126,reward,506,7.185733116915152,13.706,P3O-dyn+AdaReset+HardDistill,Hopper-v4,0
11144,reward,507,10.517876749521122,13.858,P3O-dyn+AdaReset+HardDistill,Hopper-v4,0
11162,reward,508,11.886395463563733,14.042,P3O-dyn+AdaReset+HardDistill,Hopper-v4,0
11183,reward,509,6.871870555462767,13.111,P3O-dyn+AdaReset+HardDistill,Hopper-v4,0
11209,reward,510,28.695207076204085,12.887,P3O-dyn+AdaReset+HardDistill,Hopper-v4,0
11230,reward,511,5.985286838500584,11.469,P3O-dyn+AdaReset+HardDistill,Hopper-v4,0
11245,reward,512,11.338697402298498,11.238,P3O-dyn+AdaReset+HardDistill,Hopper-v4,0
11264,reward,513,12.378135190840432,11.451,P3O-dyn+AdaReset+HardDistill,Hopper-v4,0
11293,reward,514,24.10606504529289,12.77,P3O-dyn+AdaReset+HardDistill,Hopper-v4,0
11322,reward,515,30.275977020519722,14.924,P3O-dyn+AdaReset+HardDistill,Hopper-v4,0
11420,reward,516,134.37632395927133,27.643,P3O-dyn+AdaReset+HardDistill,Hopper-v4,0
11466,reward,517,80.20020669326131,34.611,P3O-dyn+AdaReset+HardDistill,Hopper-v4,0
11493,reward,518,18.225331682938112,35.245,P3O-dyn+AdaReset+HardDistill,Hopper-v4,0
11508,reward,519,8.753272106007767,35.433,P3O-dyn+AdaReset+HardDistill,Hopper-v4,0
11516,reward,520,5.646582575880115,33.129,P3O-dyn+AdaReset+HardDistill,Hopper-v4,0
11529,reward,521,4.290438676307751,32.959,P3O-dyn+AdaReset+HardDistill,Hopper-v4,0
11577,reward,522,47.46071010539812,36.571,P3O-dyn+AdaReset+HardDistill,Hopper-v4,0
11595,reward,523,15.383060291824497,36.872,P3O-dyn+AdaReset+HardDistill,Hopper-v4,0
11602,reward,524,4.33402377595436,34.895,P3O-dyn+AdaReset+HardDistill,Hopper-v4,0
11620,reward,525,13.211302864041974,33.188,P3O-dyn+AdaReset+HardDistill,Hopper-v4,0
11656,reward,526,50.518309624295696,24.802,P3O-dyn+AdaReset+HardDistill,Hopper-v4,0
11667,reward,527,7.215219362925033,17.504,P3O-dyn+AdaReset+HardDistill,Hopper-v4,0
11692,reward,528,16.658267782753548,17.347,P3O-dyn+AdaReset+HardDistill,Hopper-v4,0
11721,reward,529,13.466398817238979,17.818,P3O-dyn+AdaReset+HardDistill,Hopper-v4,0
11740,reward,530,20.166184695796723,19.27,P3O-dyn+AdaReset+HardDistill,Hopper-v4,0
11772,reward,531,26.220034754706607,21.463,P3O-dyn+AdaReset+HardDistill,Hopper-v4,0
11797,reward,532,13.21644959360955,18.039,P3O-dyn+AdaReset+HardDistill,Hopper-v4,0
11806,reward,533,6.214116528563876,17.122,P3O-dyn+AdaReset+HardDistill,Hopper-v4,0
11829,reward,534,12.820920970624917,17.971,P3O-dyn+AdaReset+HardDistill,Hopper-v4,0
11848,reward,535,14.940250654745439,18.144,P3O-dyn+AdaReset+HardDistill,Hopper-v4,0
11862,reward,536,11.53227516023969,14.245,P3O-dyn+AdaReset+HardDistill,Hopper-v4,0
11904,reward,537,57.851577860908485,19.309,P3O-dyn+AdaReset+HardDistill,Hopper-v4,0
11922,reward,538,12.987998731426561,18.942,P3O-dyn+AdaReset+HardDistill,Hopper-v4,0
11954,reward,539,26.460860717341856,20.241,P3O-dyn+AdaReset+HardDistill,Hopper-v4,0
11969,reward,540,6.108325011529265,18.835,P3O-dyn+AdaReset+HardDistill,Hopper-v4,0
11992,reward,541,24.962822111639415,18.71,P3O-dyn+AdaReset+HardDistill,Hopper-v4,0
12038,reward,542,59.67526963298745,23.355,P3O-dyn+AdaReset+HardDistill,Hopper-v4,0
12059,reward,543,14.65557208504179,24.2,P3O-dyn+AdaReset+HardDistill,Hopper-v4,0
12071,reward,544,9.620676262614904,23.88,P3O-dyn+AdaReset+HardDistill,Hopper-v4,0
12099,reward,545,30.062759755333605,25.392,P3O-dyn+AdaReset+HardDistill,Hopper-v4,0
12109,reward,546,8.231016298817323,25.062,P3O-dyn+AdaReset+HardDistill,Hopper-v4,0
12128,reward,547,12.207219736554064,20.497,P3O-dyn+AdaReset+HardDistill,Hopper-v4,0
12145,reward,548,10.265801298066588,20.225,P3O-dyn+AdaReset+HardDistill,Hopper-v4,0
12165,reward,549,16.116883630426358,19.191,P3O-dyn+AdaReset+HardDistill,Hopper-v4,0
12187,reward,550,11.39763230996225,19.72,P3O-dyn+AdaReset+HardDistill,Hopper-v4,0
12214,reward,551,27.248197779127203,19.948,P3O-dyn+AdaReset+HardDistill,Hopper-v4,0
12234,reward,552,15.48828069306153,15.529,P3O-dyn+AdaReset+HardDistill,Hopper-v4,0
12248,reward,553,10.575439303002895,15.121,P3O-dyn+AdaReset+HardDistill,Hopper-v4,0
12258,reward,554,6.849392991815743,14.844,P3O-dyn+AdaReset+HardDistill,Hopper-v4,0
12270,reward,555,8.851105185225052,12.723,P3O-dyn+AdaReset+HardDistill,Hopper-v4,0
12313,reward,556,26.11054340648411,14.511,P3O-dyn+AdaReset+HardDistill,Hopper-v4,0
12348,reward,557,19.342738673437832,15.225,P3O-dyn+AdaReset+HardDistill,Hopper-v4,0
12362,reward,558,8.629343848245048,15.061,P3O-dyn+AdaReset+HardDistill,Hopper-v4,0
12400,reward,559,38.45699000353295,17.295,P3O-dyn+AdaReset+HardDistill,Hopper-v4,0
12414,reward,560,9.080311963055554,17.063,P3O-dyn+AdaReset+HardDistill,Hopper-v4,0
12438,reward,561,14.013179237190025,15.74,P3O-dyn+AdaReset+HardDistill,Hopper-v4,0
12452,reward,562,7.6802738022785295,14.959,P3O-dyn+AdaReset+HardDistill,Hopper-v4,0
12472,reward,563,16.44504800014313,15.546,P3O-dyn+AdaReset+HardDistill,Hopper-v4,0
12518,reward,564,59.5906159431882,20.82,P3O-dyn+AdaReset+HardDistill,Hopper-v4,0
12531,reward,565,8.82180434212232,20.817,P3O-dyn+AdaReset+HardDistill,Hopper-v4,0
12556,reward,566,12.226777938385231,19.429,P3O-dyn+AdaReset+HardDistill,Hopper-v4,0
12598,reward,567,28.55198933619095,20.35,P3O-dyn+AdaReset+HardDistill,Hopper-v4,0
12628,reward,568,22.402028884713992,21.727,P3O-dyn+AdaReset+HardDistill,Hopper-v4,0
12683,reward,569,72.75196974452827,25.156,P3O-dyn+AdaReset+HardDistill,Hopper-v4,0
12695,reward,570,10.167128057770869,25.265,P3O-dyn+AdaReset+HardDistill,Hopper-v4,0
12722,reward,571,10.046110613204997,24.868,P3O-dyn+AdaReset+HardDistill,Hopper-v4,0
12740,reward,572,17.13360034187819,25.814,P3O-dyn+AdaReset+HardDistill,Hopper-v4,0
12761,reward,573,5.439780211223964,24.713,P3O-dyn+AdaReset+HardDistill,Hopper-v4,0
12792,reward,574,11.237851714551033,19.878,P3O-dyn+AdaReset+HardDistill,Hopper-v4,0
12818,reward,575,14.297087134689225,20.425,P3O-dyn+AdaReset+HardDistill,Hopper-v4,0
12838,reward,576,15.614420995665576,20.764,P3O-dyn+AdaReset+HardDistill,Hopper-v4,0
12851,reward,577,6.354139731426657,18.544,P3O-dyn+AdaReset+HardDistill,Hopper-v4,0
12881,reward,578,13.744225171952651,17.679,P3O-dyn+AdaReset+HardDistill,Hopper-v4,0
12902,reward,579,13.19733530647224,11.723,P3O-dyn+AdaReset+HardDistill,Hopper-v4,0
12932,reward,580,9.657194870736935,11.672,P3O-dyn+AdaReset+HardDistill,Hopper-v4,0
12956,reward,581,13.141414507073238,11.982,P3O-dyn+AdaReset+HardDistill,Hopper-v4,0
12999,reward,582,30.40894293185679,13.309,P3O-dyn+AdaReset+HardDistill,Hopper-v4,0
13024,reward,583,21.078674159875963,14.873,P3O-dyn+AdaReset+HardDistill,Hopper-v4,0
13046,reward,584,22.896793428062452,16.039,P3O-dyn+AdaReset+HardDistill,Hopper-v4,0
13095,reward,585,44.109046598476155,19.02,P3O-dyn+AdaReset+HardDistill,Hopper-v4,0
13114,reward,586,11.600072482946885,18.619,P3O-dyn+AdaReset+HardDistill,Hopper-v4,0
13141,reward,587,26.415387431193462,20.625,P3O-dyn+AdaReset+HardDistill,Hopper-v4,0
13165,reward,588,22.620669546231632,21.513,P3O-dyn+AdaReset+HardDistill,Hopper-v4,0
13191,reward,589,20.724493646337905,22.265,P3O-dyn+AdaReset+HardDistill,Hopper-v4,0
13203,reward,590,9.893172093063077,22.289,P3O-dyn+AdaReset+HardDistill,Hopper-v4,0
13218,reward,591,7.3938408982459585,21.714,P3O-dyn+AdaReset+HardDistill,Hopper-v4,0
13233,reward,592,10.50815126662026,19.724,P3O-dyn+AdaReset+HardDistill,Hopper-v4,0
13286,reward,593,33.51137195256641,20.967,P3O-dyn+AdaReset+HardDistill,Hopper-v4,0
13307,reward,594,11.343156653047668,19.812,P3O-dyn+AdaReset+HardDistill,Hopper-v4,0
13340,reward,595,44.12829125593511,19.814,P3O-dyn+AdaReset+HardDistill,Hopper-v4,0
13376,reward,596,19.1719326505513,20.571,P3O-dyn+AdaReset+HardDistill,Hopper-v4,0
13442,reward,597,58.22735039403865,23.752,P3O-dyn+AdaReset+HardDistill,Hopper-v4,0
13478,reward,598,16.367755339641228,23.127,P3O-dyn+AdaReset+HardDistill,Hopper-v4,0
13487,reward,599,6.465769431812533,21.701,P3O-dyn+AdaReset+HardDistill,Hopper-v4,0
13526,reward,600,12.060476797935822,21.918,P3O-dyn+AdaReset+HardDistill,Hopper-v4,0
13540,reward,601,10.13984507848545,22.192,P3O-dyn+AdaReset+HardDistill,Hopper-v4,0
13550,reward,602,8.003699101804576,21.942,P3O-dyn+AdaReset+HardDistill,Hopper-v4,0
13564,reward,603,6.9308015824978915,19.284,P3O-dyn+AdaReset+HardDistill,Hopper-v4,0
13586,reward,604,20.1536171136966,20.165,P3O-dyn+AdaReset+HardDistill,Hopper-v4,0
13613,reward,605,17.141590352145666,17.466,P3O-dyn+AdaReset+HardDistill,Hopper-v4,0
13630,reward,606,5.341958674871509,16.083,P3O-dyn+AdaReset+HardDistill,Hopper-v4,0
13661,reward,607,28.74477690464683,13.135,P3O-dyn+AdaReset+HardDistill,Hopper-v4,0
13670,reward,608,5.91573966343491,12.09,P3O-dyn+AdaReset+HardDistill,Hopper-v4,0
13719,reward,609,51.82188596408537,16.625,P3O-dyn+AdaReset+HardDistill,Hopper-v4,0
13756,reward,610,15.270252403940766,16.946,P3O-dyn+AdaReset+HardDistill,Hopper-v4,0
13769,reward,611,4.981430493569697,16.431,P3O-dyn+AdaReset+HardDistill,Hopper-v4,0
13798,reward,612,18.23678434879074,17.454,P3O-dyn+AdaReset+HardDistill,Hopper-v4,0
13808,reward,613,5.059407724311911,17.267,P3O-dyn+AdaReset+HardDistill,Hopper-v4,0
13818,reward,614,6.080398304476248,15.859,P3O-dyn+AdaReset+HardDistill,Hopper-v4,0
13828,reward,615,7.2920126508296494,14.874,P3O-dyn+AdaReset+HardDistill,Hopper-v4,0
13842,reward,616,10.192969370287548,15.36,P3O-dyn+AdaReset+HardDistill,Hopper-v4,0
13860,reward,617,14.077808163164857,13.893,P3O-dyn+AdaReset+HardDistill,Hopper-v4,0
13879,reward,618,15.223409532971871,14.824,P3O-dyn+AdaReset+HardDistill,Hopper-v4,0
13905,reward,619,25.445702079604793,12.186,P3O-dyn+AdaReset+HardDistill,Hopper-v4,0
13917,reward,620,7.209206375810588,11.38,P3O-dyn+AdaReset+HardDistill,Hopper-v4,0
13956,reward,621,39.76943708857846,14.859,P3O-dyn+AdaReset+HardDistill,Hopper-v4,0
13985,reward,622,15.213637191281315,14.556,P3O-dyn+AdaReset+HardDistill,Hopper-v4,0
14071,reward,623,128.24580671596405,26.875,P3O-dyn+AdaReset+HardDistill,Hopper-v4,0
14089,reward,624,8.446331410460484,27.112,P3O-dyn+AdaReset+HardDistill,Hopper-v4,0
14114,reward,625,12.830890703881636,27.666,P3O-dyn+AdaReset+HardDistill,Hopper-v4,0
14142,reward,626,39.6398928865553,30.61,P3O-dyn+AdaReset+HardDistill,Hopper-v4,0
14153,reward,627,8.567594324963785,30.059,P3O-dyn+AdaReset+HardDistill,Hopper-v4,0
14166,reward,628,11.910494720755642,29.728,P3O-dyn+AdaReset+HardDistill,Hopper-v4,0
14216,reward,629,63.190283038676625,33.502,P3O-dyn+AdaReset+HardDistill,Hopper-v4,0
14234,reward,630,13.2813626740825,34.11,P3O-dyn+AdaReset+HardDistill,Hopper-v4,0
14293,reward,631,82.4220907088735,38.375,P3O-dyn+AdaReset+HardDistill,Hopper-v4,0
14308,reward,632,6.128198628542522,37.466,P3O-dyn+AdaReset+HardDistill,Hopper-v4,0
14335,reward,633,33.66729463760625,28.008,P3O-dyn+AdaReset+HardDistill,Hopper-v4,0
14351,reward,634,8.72442836215835,28.036,P3O-dyn+AdaReset+HardDistill,Hopper-v4,0
14378,reward,635,22.43701025797597,28.997,P3O-dyn+AdaReset+HardDistill,Hopper-v4,0
14404,reward,636,28.34119912941212,27.867,P3O-dyn+AdaReset+HardDistill,Hopper-v4,0
14422,reward,637,17.644707724316298,28.775,P3O-dyn+AdaReset+HardDistill,Hopper-v4,0
14446,reward,638,11.678901919868647,28.752,P3O-dyn+AdaReset+HardDistill,Hopper-v4,0
14469,reward,639,29.318393745349066,25.364,P3O-dyn+AdaReset+HardDistill,Hopper-v4,0
14497,reward,640,13.928028395374572,25.429,P3O-dyn+AdaReset+HardDistill,Hopper-v4,0
14527,reward,641,30.596412411302662,20.246,P3O-dyn+AdaReset+HardDistill,Hopper-v4,0
14570,reward,642,39.148783223085545,23.549,P3O-dyn+AdaReset+HardDistill,Hopper-v4,0
14687,reward,643,219.40326361761387,42.122,P3O-dyn+AdaReset+HardDistill,Hopper-v4,0
14709,reward,644,14.795998717956696,42.729,P3O-dyn+AdaReset+HardDistill,Hopper-v4,0
14726,reward,645,6.086717692575926,41.094,P3O-dyn+AdaReset+HardDistill,Hopper-v4,0
14740,reward,646,7.4398080604341565,39.004,P3O-dyn+AdaReset+HardDistill,Hopper-v4,0
14767,reward,647,20.094977907313634,39.249,P3O-dyn+AdaReset+HardDistill,Hopper-v4,0
14784,reward,648,14.642282813751867,39.545,P3O-dyn+AdaReset+HardDistill,Hopper-v4,0
14798,reward,649,6.928220696862665,37.306,P3O-dyn+AdaReset+HardDistill,Hopper-v4,0
14825,reward,650,26.409364485179367,38.555,P3O-dyn+AdaReset+HardDistill,Hopper-v4,0
14916,reward,651,167.7819074775793,52.273,P3O-dyn+AdaReset+HardDistill,Hopper-v4,0
14928,reward,652,5.707795717452311,48.929,P3O-dyn+AdaReset+HardDistill,Hopper-v4,0
14985,reward,653,59.10123613123227,32.899,P3O-dyn+AdaReset+HardDistill,Hopper-v4,0
15021,reward,654,23.557369992969488,33.775,P3O-dyn+AdaReset+HardDistill,Hopper-v4,0
15050,reward,655,26.61202843263975,35.827,P3O-dyn+AdaReset+HardDistill,Hopper-v4,0
15071,reward,656,23.041844982136443,37.388,P3O-dyn+AdaReset+HardDistill,Hopper-v4,0
15084,reward,657,6.733800378968304,36.052,P3O-dyn+AdaReset+HardDistill,Hopper-v4,0
15123,reward,658,28.353426215959963,37.423,P3O-dyn+AdaReset+HardDistill,Hopper-v4,0
15154,reward,659,8.629084498560662,37.593,P3O-dyn+AdaReset+HardDistill,Hopper-v4,0
15188,reward,660,50.62636400934168,40.014,P3O-dyn+AdaReset+HardDistill,Hopper-v4,0
15208,reward,661,22.636645989097058,25.5,P3O-dyn+AdaReset+HardDistill,Hopper-v4,0
15223,reward,662,7.213884410788593,25.651,P3O-dyn+AdaReset+HardDistill,Hopper-v4,0
15264,reward,663,34.589454697764246,23.199,P3O-dyn+AdaReset+HardDistill,Hopper-v4,0
15274,reward,664,4.937154065718325,21.337,P3O-dyn+AdaReset+HardDistill,Hopper-v4,0
15285,reward,665,6.623550824206371,19.339,P3O-dyn+AdaReset+HardDistill,Hopper-v4,0
15303,reward,666,5.113544844398949,17.546,P3O-dyn+AdaReset+HardDistill,Hopper-v4,0
15318,reward,667,10.941595135647203,17.966,P3O-dyn+AdaReset+HardDistill,Hopper-v4,0
15335,reward,668,3.766667591208471,15.508,P3O-dyn+AdaReset+HardDistill,Hopper-v4,0
15354,reward,669,15.675864901632288,16.212,P3O-dyn+AdaReset+HardDistill,Hopper-v4,0
15366,reward,670,11.735135911401331,12.323,P3O-dyn+AdaReset+HardDistill,Hopper-v4,0
15376,reward,671,6.653123688190683,10.725,P3O-dyn+AdaReset+HardDistill,Hopper-v4,0
15389,reward,672,12.687563295173316,11.272,P3O-dyn+AdaReset+HardDistill,Hopper-v4,0
15411,reward,673,13.070470171384354,9.12,P3O-dyn+AdaReset+HardDistill,Hopper-v4,0
15441,reward,674,15.319368086074606,10.159,P3O-dyn+AdaReset+HardDistill,Hopper-v4,0
15470,reward,675,30.937814248276556,12.59,P3O-dyn+AdaReset+HardDistill,Hopper-v4,0
15489,reward,676,21.535378893963152,14.232,P3O-dyn+AdaReset+HardDistill,Hopper-v4,0
15504,reward,677,13.970697241501336,14.535,P3O-dyn+AdaReset+HardDistill,Hopper-v4,0
15532,reward,678,14.461926733647264,15.605,P3O-dyn+AdaReset+HardDistill,Hopper-v4,0
15608,reward,679,94.38148965200647,23.475,P3O-dyn+AdaReset+HardDistill,Hopper-v4,0
15634,reward,680,23.37674849727023,24.639,P3O-dyn+AdaReset+HardDistill,Hopper-v4,0
15652,reward,681,10.041987845316353,24.978,P3O-dyn+AdaReset+HardDistill,Hopper-v4,0
15677,reward,682,17.130176566493027,25.423,P3O-dyn+AdaReset+HardDistill,Hopper-v4,0
15697,reward,683,22.48942252502252,26.365,P3O-dyn+AdaReset+HardDistill,Hopper-v4,0
15735,reward,684,25.609579868861132,27.394,P3O-dyn+AdaReset+HardDistill,Hopper-v4,0
15752,reward,685,10.053566794591955,25.305,P3O-dyn+AdaReset+HardDistill,Hopper-v4,0
15807,reward,686,64.17353888175515,29.569,P3O-dyn+AdaReset+HardDistill,Hopper-v4,0
15817,reward,687,7.930053174214213,28.965,P3O-dyn+AdaReset+HardDistill,Hopper-v4,0
15830,reward,688,11.877868535777223,28.706,P3O-dyn+AdaReset+HardDistill,Hopper-v4,0
15852,reward,689,22.354169642102995,21.504,P3O-dyn+AdaReset+HardDistill,Hopper-v4,0
15860,reward,690,4.420833765080793,19.608,P3O-dyn+AdaReset+HardDistill,Hopper-v4,0
15891,reward,691,31.867428989513034,21.791,P3O-dyn+AdaReset+HardDistill,Hopper-v4,0
15935,reward,692,68.65281790133716,26.943,P3O-dyn+AdaReset+HardDistill,Hopper-v4,0
15957,reward,693,17.35787989961281,26.43,P3O-dyn+AdaReset+HardDistill,Hopper-v4,0
15992,reward,694,46.73851159796048,28.543,P3O-dyn+AdaReset+HardDistill,Hopper-v4,0
16012,reward,695,7.562456043658575,28.294,P3O-dyn+AdaReset+HardDistill,Hopper-v4,0
16023,reward,696,7.039349345821493,22.58,P3O-dyn+AdaReset+HardDistill,Hopper-v4,0
16061,reward,697,27.092537234672285,24.496,P3O-dyn+AdaReset+HardDistill,Hopper-v4,0
16090,reward,698,21.740530959926122,25.483,P3O-dyn+AdaReset+HardDistill,Hopper-v4,0
16106,reward,699,15.223180455782538,24.77,P3O-dyn+AdaReset+HardDistill,Hopper-v4,0
16134,reward,700,20.74494777925858,26.402,P3O-dyn+AdaReset+HardDistill,Hopper-v4,0
16154,reward,701,17.894750476353735,25.005,P3O-dyn+AdaReset+HardDistill,Hopper-v4,0
16182,reward,702,24.971960321437592,20.637,P3O-dyn+AdaReset+HardDistill,Hopper-v4,0
16196,reward,703,11.673064727091388,20.068,P3O-dyn+AdaReset+HardDistill,Hopper-v4,0
16239,reward,704,40.449050334422225,19.439,P3O-dyn+AdaReset+HardDistill,Hopper-v4,0
16259,reward,705,6.831531109196313,19.366,P3O-dyn+AdaReset+HardDistill,Hopper-v4,0
16284,reward,706,22.372754919978938,20.899,P3O-dyn+AdaReset+HardDistill,Hopper-v4,0
16316,reward,707,29.69225754524156,21.159,P3O-dyn+AdaReset+HardDistill,Hopper-v4,0
16342,reward,708,28.839349622386607,21.869,P3O-dyn+AdaReset+HardDistill,Hopper-v4,0
16360,reward,709,19.0077516020789,22.248,P3O-dyn+AdaReset+HardDistill,Hopper-v4,0
16373,reward,710,11.13457156113493,21.287,P3O-dyn+AdaReset+HardDistill,Hopper-v4,0
16384,loss,-0.029715880751609802,0.14602454006671906,P3O-dyn+AdaReset+HardDistill,Hopper-v4,0
16404,reward,711,28.956439713690376,22.393,P3O-dyn+AdaReset+HardDistill,Hopper-v4,0
16429,reward,712,22.729759868450977,22.169,P3O-dyn+AdaReset+HardDistill,Hopper-v4,0
16446,reward,713,13.195066720770729,22.321,P3O-dyn+AdaReset+HardDistill,Hopper-v4,0
16462,reward,714,12.932902427600297,19.569,P3O-dyn+AdaReset+HardDistill,Hopper-v4,0
16486,reward,715,21.890309148579185,21.075,P3O-dyn+AdaReset+HardDistill,Hopper-v4,0
16500,reward,716,6.781702164070104,19.516,P3O-dyn+AdaReset+HardDistill,Hopper-v4,0
16516,reward,717,9.15254953317626,17.462,P3O-dyn+AdaReset+HardDistill,Hopper-v4,0
16525,reward,718,7.114720536337237,15.29,P3O-dyn+AdaReset+HardDistill,Hopper-v4,0
16547,reward,719,20.59295204605023,15.448,P3O-dyn+AdaReset+HardDistill,Hopper-v4,0
16595,reward,720,56.37837636220164,19.972,P3O-dyn+AdaReset+HardDistill,Hopper-v4,0
16613,reward,721,11.120170312148243,18.189,P3O-dyn+AdaReset+HardDistill,Hopper-v4,0
16626,reward,722,4.166877926633385,16.333,P3O-dyn+AdaReset+HardDistill,Hopper-v4,0
16670,reward,723,42.10650890629494,19.224,P3O-dyn+AdaReset+HardDistill,Hopper-v4,0
16686,reward,724,7.481627078572144,18.679,P3O-dyn+AdaReset+HardDistill,Hopper-v4,0
16709,reward,725,12.972847986766087,17.787,P3O-dyn+AdaReset+HardDistill,Hopper-v4,0
16717,reward,726,4.709968314514911,17.58,P3O-dyn+AdaReset+HardDistill,Hopper-v4,0
16728,reward,727,5.951925027419728,17.26,P3O-dyn+AdaReset+HardDistill,Hopper-v4,0
16742,reward,728,11.968028210847354,17.745,P3O-dyn+AdaReset+HardDistill,Hopper-v4,0
16763,reward,729,7.57332201806345,16.443,P3O-dyn+AdaReset+HardDistill,Hopper-v4,0
16788,reward,730,28.12119969794371,13.617,P3O-dyn+AdaReset+HardDistill,Hopper-v4,0
16898,reward,731,220.2228485769579,34.528,P3O-dyn+AdaReset+HardDistill,Hopper-v4,0
16919,reward,732,3.9106714297600043,34.502,P3O-dyn+AdaReset+HardDistill,Hopper-v4,0
16933,reward,733,8.388692783395403,31.13,P3O-dyn+AdaReset+HardDistill,Hopper-v4,0
16971,reward,734,49.91096046511268,35.373,P3O-dyn+AdaReset+HardDistill,Hopper-v4,0
16992,reward,735,16.960677268092635,35.772,P3O-dyn+AdaReset+HardDistill,Hopper-v4,0
17002,reward,736,7.167252305150397,36.018,P3O-dyn+AdaReset+HardDistill,Hopper-v4,0
17022,reward,737,17.284312980265305,37.151,P3O-dyn+AdaReset+HardDistill,Hopper-v4,0
17044,reward,738,20.988025324143113,38.053,P3O-dyn+AdaReset+HardDistill,Hopper-v4,0
17070,reward,739,10.125607779709005,38.308,P3O-dyn+AdaReset+HardDistill,Hopper-v4,0
17092,reward,740,21.782710659250057,37.674,P3O-dyn+AdaReset+HardDistill,Hopper-v4,0
17108,reward,741,9.290935225798773,16.581,P3O-dyn+AdaReset+HardDistill,Hopper-v4,0
17126,reward,742,12.025185323146259,17.392,P3O-dyn+AdaReset+HardDistill,Hopper-v4,0
17157,reward,743,20.469769342613596,18.601,P3O-dyn+AdaReset+HardDistill,Hopper-v4,0
17182,reward,744,27.60265014719,16.37,P3O-dyn+AdaReset+HardDistill,Hopper-v4,0
17212,reward,745,36.977728411774,18.371,P3O-dyn+AdaReset+HardDistill,Hopper-v4,0
17234,reward,746,23.494655692558425,20.004,P3O-dyn+AdaReset+HardDistill,Hopper-v4,0
17250,reward,747,12.118130771632964,19.488,P3O-dyn+AdaReset+HardDistill,Hopper-v4,0
17274,reward,748,25.479442111430274,19.937,P3O-dyn+AdaReset+HardDistill,Hopper-v4,0
17287,reward,749,11.126314621974641,20.037,P3O-dyn+AdaReset+HardDistill,Hopper-v4,0
17305,reward,750,11.996801741050787,19.058,P3O-dyn+AdaReset+HardDistill,Hopper-v4,0
17329,reward,751,22.844557970985818,20.414,P3O-dyn+AdaReset+HardDistill,Hopper-v4,0
17345,reward,752,5.751018765274543,19.786,P3O-dyn+AdaReset+HardDistill,Hopper-v4,0
17362,reward,753,10.260544047565187,18.765,P3O-dyn+AdaReset+HardDistill,Hopper-v4,0
17386,reward,754,14.870073538354092,17.492,P3O-dyn+AdaReset+HardDistill,Hopper-v4,0
17412,reward,755,25.611384142671284,16.355,P3O-dyn+AdaReset+HardDistill,Hopper-v4,0
17424,reward,756,8.568764374834387,14.863,P3O-dyn+AdaReset+HardDistill,Hopper-v4,0
17438,reward,757,2.7831297638451424,13.929,P3O-dyn+AdaReset+HardDistill,Hopper-v4,0
17449,reward,758,7.530933942855748,12.134,P3O-dyn+AdaReset+HardDistill,Hopper-v4,0
17483,reward,759,31.487706470804103,14.17,P3O-dyn+AdaReset+HardDistill,Hopper-v4,0
17497,reward,760,2.396284422594623,13.21,P3O-dyn+AdaReset+HardDistill,Hopper-v4,0
17526,reward,761,31.901439957009103,14.116,P3O-dyn+AdaReset+HardDistill,Hopper-v4,0
17554,reward,762,32.95616521206913,16.837,P3O-dyn+AdaReset+HardDistill,Hopper-v4,0
17588,reward,763,37.16308567453493,19.527,P3O-dyn+AdaReset+HardDistill,Hopper-v4,0
17615,reward,764,4.8597865407310055,18.526,P3O-dyn+AdaReset+HardDistill,Hopper-v4,0
17631,reward,765,12.348255176150351,17.2,P3O-dyn+AdaReset+HardDistill,Hopper-v4,0
17682,reward,766,71.6018791237475,23.503,P3O-dyn+AdaReset+HardDistill,Hopper-v4,0
17700,reward,767,11.434743430239482,24.368,P3O-dyn+AdaReset+HardDistill,Hopper-v4,0
17716,reward,768,14.103471191276764,25.025,P3O-dyn+AdaReset+HardDistill,Hopper-v4,0
17735,reward,769,12.463266828030688,23.123,P3O-dyn+AdaReset+HardDistill,Hopper-v4,0
17746,reward,770,7.182216489157348,23.601,P3O-dyn+AdaReset+HardDistill,Hopper-v4,0
17769,reward,771,13.842478505320575,21.796,P3O-dyn+AdaReset+HardDistill,Hopper-v4,0
17781,reward,772,9.052063473159645,19.405,P3O-dyn+AdaReset+HardDistill,Hopper-v4,0
17805,reward,773,7.318441988094649,16.421,P3O-dyn+AdaReset+HardDistill,Hopper-v4,0
17823,reward,774,11.97351461588327,17.132,P3O-dyn+AdaReset+HardDistill,Hopper-v4,0
17840,reward,775,3.94949563471698,16.292,P3O-dyn+AdaReset+HardDistill,Hopper-v4,0
17861,reward,776,4.167746932284282,9.549,P3O-dyn+AdaReset+HardDistill,Hopper-v4,0
17876,reward,777,6.67635794235892,9.073,P3O-dyn+AdaReset+HardDistill,Hopper-v4,0
17906,reward,778,22.544037205445964,9.917,P3O-dyn+AdaReset+HardDistill,Hopper-v4,0
17943,reward,779,50.53859002060213,13.724,P3O-dyn+AdaReset+HardDistill,Hopper-v4,0
17954,reward,780,5.459858973997797,13.552,P3O-dyn+AdaReset+HardDistill,Hopper-v4,0
17978,reward,781,21.8487114821611,14.353,P3O-dyn+AdaReset+HardDistill,Hopper-v4,0
17989,reward,782,5.736501710808989,14.021,P3O-dyn+AdaReset+HardDistill,Hopper-v4,0
18009,reward,783,13.852320146638718,14.675,P3O-dyn+AdaReset+HardDistill,Hopper-v4,0
18033,reward,784,14.124214103508473,14.89,P3O-dyn+AdaReset+HardDistill,Hopper-v4,0
18041,reward,785,4.76804793559979,14.972,P3O-dyn+AdaReset+HardDistill,Hopper-v4,0
18059,reward,786,14.296654236194104,15.985,P3O-dyn+AdaReset+HardDistill,Hopper-v4,0
18117,reward,787,85.78335774908007,23.895,P3O-dyn+AdaReset+HardDistill,Hopper-v4,0
18129,reward,788,4.175036472576128,22.058,P3O-dyn+AdaReset+HardDistill,Hopper-v4,0
18153,reward,789,14.621996956359705,18.467,P3O-dyn+AdaReset+HardDistill,Hopper-v4,0
18175,reward,790,25.364734057418048,20.457,P3O-dyn+AdaReset+HardDistill,Hopper-v4,0
18188,reward,791,5.899482296477535,18.862,P3O-dyn+AdaReset+HardDistill,Hopper-v4,0
18218,reward,792,13.402002649582844,19.629,P3O-dyn+AdaReset+HardDistill,Hopper-v4,0
18274,reward,793,48.61727328708001,23.105,P3O-dyn+AdaReset+HardDistill,Hopper-v4,0
18285,reward,794,7.439773870362229,22.437,P3O-dyn+AdaReset+HardDistill,Hopper-v4,0
18295,reward,795,7.4668462795958055,22.707,P3O-dyn+AdaReset+HardDistill,Hopper-v4,0
18321,reward,796,33.131887709458226,24.59,P3O-dyn+AdaReset+HardDistill,Hopper-v4,0
18369,reward,797,50.00114341135688,21.012,P3O-dyn+AdaReset+HardDistill,Hopper-v4,0
18388,reward,798,17.25296155716201,22.32,P3O-dyn+AdaReset+HardDistill,Hopper-v4,0
18404,reward,799,9.285015688195996,21.786,P3O-dyn+AdaReset+HardDistill,Hopper-v4,0
18441,reward,800,24.33935453459276,21.684,P3O-dyn+AdaReset+HardDistill,Hopper-v4,0
18460,reward,801,9.98053579204251,22.092,P3O-dyn+AdaReset+HardDistill,Hopper-v4,0
18489,reward,802,31.06164228334315,23.858,P3O-dyn+AdaReset+HardDistill,Hopper-v4,0
18519,reward,803,34.999497929695096,22.496,P3O-dyn+AdaReset+HardDistill,Hopper-v4,0
18539,reward,804,6.253719472567862,22.377,P3O-dyn+AdaReset+HardDistill,Hopper-v4,0
18559,reward,805,17.235388276000226,23.354,P3O-dyn+AdaReset+HardDistill,Hopper-v4,0
18618,reward,806,105.24889315740585,30.566,P3O-dyn+AdaReset+HardDistill,Hopper-v4,0
18634,reward,807,3.6927158929781925,25.935,P3O-dyn+AdaReset+HardDistill,Hopper-v4,0
18656,reward,808,11.311283259405318,25.341,P3O-dyn+AdaReset+HardDistill,Hopper-v4,0
18666,reward,809,8.830390696755181,25.295,P3O-dyn+AdaReset+HardDistill,Hopper-v4,0
18688,reward,810,16.404954958394953,24.502,P3O-dyn+AdaReset+HardDistill,Hopper-v4,0
18707,reward,811,13.764805357215927,24.88,P3O-dyn+AdaReset+HardDistill,Hopper-v4,0
18748,reward,812,63.390973000514286,28.113,P3O-dyn+AdaReset+HardDistill,Hopper-v4,0
18755,reward,813,4.937848778319812,25.107,P3O-dyn+AdaReset+HardDistill,Hopper-v4,0
18774,reward,814,5.026810920300149,24.984,P3O-dyn+AdaReset+HardDistill,Hopper-v4,0
18794,reward,815,5.875643162061722,23.848,P3O-dyn+AdaReset+HardDistill,Hopper-v4,0
18810,reward,816,11.680024332177267,14.492,P3O-dyn+AdaReset+HardDistill,Hopper-v4,0
18828,reward,817,12.45984415508199,15.368,P3O-dyn+AdaReset+HardDistill,Hopper-v4,0
18847,reward,818,17.29136253633605,15.966,P3O-dyn+AdaReset+HardDistill,Hopper-v4,0
18871,reward,819,23.448714085173894,17.428,P3O-dyn+AdaReset+HardDistill,Hopper-v4,0
18912,reward,820,35.69459876291901,19.357,P3O-dyn+AdaReset+HardDistill,Hopper-v4,0
18937,reward,821,14.531540534076184,19.434,P3O-dyn+AdaReset+HardDistill,Hopper-v4,0
18953,reward,822,14.704047642205472,14.565,P3O-dyn+AdaReset+HardDistill,Hopper-v4,0
18969,reward,823,5.534651909509424,14.625,P3O-dyn+AdaReset+HardDistill,Hopper-v4,0
18987,reward,824,7.285103631222077,14.851,P3O-dyn+AdaReset+HardDistill,Hopper-v4,0
19017,reward,825,19.76486832601383,16.239,P3O-dyn+AdaReset+HardDistill,Hopper-v4,0
19033,reward,826,15.235408284031406,16.595,P3O-dyn+AdaReset+HardDistill,Hopper-v4,0
19043,reward,827,6.839568154854909,16.033,P3O-dyn+AdaReset+HardDistill,Hopper-v4,0
19066,reward,828,7.10143125133528,15.014,P3O-dyn+AdaReset+HardDistill,Hopper-v4,0
19086,reward,829,7.2507274320690485,13.394,P3O-dyn+AdaReset+HardDistill,Hopper-v4,0
19140,reward,830,34.28978252654948,13.254,P3O-dyn+AdaReset+HardDistill,Hopper-v4,0
19159,reward,831,16.95817292204596,13.496,P3O-dyn+AdaReset+HardDistill,Hopper-v4,0
19175,reward,832,5.860791861754364,12.612,P3O-dyn+AdaReset+HardDistill,Hopper-v4,0
19195,reward,833,16.2949109883079,13.688,P3O-dyn+AdaReset+HardDistill,Hopper-v4,0
19244,reward,834,63.7873500460435,19.338,P3O-dyn+AdaReset+HardDistill,Hopper-v4,0
19265,reward,835,10.951189772672393,18.457,P3O-dyn+AdaReset+HardDistill,Hopper-v4,0
19284,reward,836,11.460919510134428,18.079,P3O-dyn+AdaReset+HardDistill,Hopper-v4,0
19316,reward,837,43.63555071478582,21.759,P3O-dyn+AdaReset+HardDistill,Hopper-v4,0
19337,reward,838,13.141582378543266,22.363,P3O-dyn+AdaReset+HardDistill,Hopper-v4,0
19359,reward,839,12.052858956414497,22.843,P3O-dyn+AdaReset+HardDistill,Hopper-v4,0
19369,reward,840,6.968284790273116,20.111,P3O-dyn+AdaReset+HardDistill,Hopper-v4,0
19389,reward,841,10.85576127493654,19.501,P3O-dyn+AdaReset+HardDistill,Hopper-v4,0
19404,reward,842,9.666775888125498,19.882,P3O-dyn+AdaReset+HardDistill,Hopper-v4,0
19423,reward,843,19.447372125341,20.197,P3O-dyn+AdaReset+HardDistill,Hopper-v4,0
19449,reward,844,22.62485866124027,16.081,P3O-dyn+AdaReset+HardDistill,Hopper-v4,0
19478,reward,845,10.317244657414978,16.017,P3O-dyn+AdaReset+HardDistill,Hopper-v4,0
19580,reward,846,195.74834795856407,34.446,P3O-dyn+AdaReset+HardDistill,Hopper-v4,0
19611,reward,847,43.12143120384635,34.394,P3O-dyn+AdaReset+HardDistill,Hopper-v4,0
19625,reward,848,5.847310621375165,33.665,P3O-dyn+AdaReset+HardDistill,Hopper-v4,0
19641,reward,849,5.903561315694076,33.05,P3O-dyn+AdaReset+HardDistill,Hopper-v4,0
19669,reward,850,13.599219183173197,33.713,P3O-dyn+AdaReset+HardDistill,Hopper-v4,0
19687,reward,851,5.344473115558282,33.162,P3O-dyn+AdaReset+HardDistill,Hopper-v4,0
19709,reward,852,20.5480768347684,34.25,P3O-dyn+AdaReset+HardDistill,Hopper-v4,0
19729,reward,853,14.431061710712807,33.749,P3O-dyn+AdaReset+HardDistill,Hopper-v4,0
19755,reward,854,20.356069652232645,33.522,P3O-dyn+AdaReset+HardDistill,Hopper-v4,0
19774,reward,855,9.558233274019452,33.446,P3O-dyn+AdaReset+HardDistill,Hopper-v4,0
19785,reward,856,7.426620778789375,14.614,P3O-dyn+AdaReset+HardDistill,Hopper-v4,0
19803,reward,857,10.499498047433159,11.351,P3O-dyn+AdaReset+HardDistill,Hopper-v4,0
19878,reward,858,107.12735376943729,21.479,P3O-dyn+AdaReset+HardDistill,Hopper-v4,0
19936,reward,859,104.7579461731302,31.365,P3O-dyn+AdaReset+HardDistill,Hopper-v4,0
19972,reward,860,20.432863143445882,32.048,P3O-dyn+AdaReset+HardDistill,Hopper-v4,0
20000,speed,758.84,0.44,P3O-dyn+AdaReset+HardDistill,Hopper-v4,0
20000,reward,861,19.08927028269376,33.423,P3O-dyn+AdaReset+HardDistill,Hopper-v4,0
20017,reward,862,7.675254617955602,32.135,P3O-dyn+AdaReset+HardDistill,Hopper-v4,0
20143,reward,863,224.40005037818665,53.132,P3O-dyn+AdaReset+HardDistill,Hopper-v4,0
20161,reward,864,12.490950467926126,52.346,P3O-dyn+AdaReset+HardDistill,Hopper-v4,0
20178,reward,865,11.403379127824403,52.53,P3O-dyn+AdaReset+HardDistill,Hopper-v4,0
20192,reward,866,10.359265487820723,52.824,P3O-dyn+AdaReset+HardDistill,Hopper-v4,0
20224,reward,867,33.715173800417226,55.145,P3O-dyn+AdaReset+HardDistill,Hopper-v4,0
20247,reward,868,19.265048128899522,46.359,P3O-dyn+AdaReset+HardDistill,Hopper-v4,0
20277,reward,869,9.559389577038926,36.839,P3O-dyn+AdaReset+HardDistill,Hopper-v4,0
20296,reward,870,15.01013456215876,36.297,P3O-dyn+AdaReset+HardDistill,Hopper-v4,0
20310,reward,871,8.74528999829475,35.262,P3O-dyn+AdaReset+HardDistill,Hopper-v4,0
20334,reward,872,22.256656473662805,36.721,P3O-dyn+AdaReset+HardDistill,Hopper-v4,0
20355,reward,873,6.85297450864845,14.966,P3O-dyn+AdaReset+HardDistill,Hopper-v4,0
20373,reward,874,9.611110470806345,14.678,P3O-dyn+AdaReset+HardDistill,Hopper-v4,0
20422,reward,875,63.790064362066204,19.917,P3O-dyn+AdaReset+HardDistill,Hopper-v4,0
20445,reward,876,25.20080418800233,21.401,P3O-dyn+AdaReset+HardDistill,Hopper-v4,0
20466,reward,877,17.257070590934735,19.755,P3O-dyn+AdaReset+HardDistill,Hopper-v4,0
20487,reward,878,24.30991595622442,20.259,P3O-dyn+AdaReset+HardDistill,Hopper-v4,0
20507,reward,879,24.522420561066312,21.756,P3O-dyn+AdaReset+HardDistill,Hopper-v4,0
20552,reward,880,61.37871151359839,26.393,P3O-dyn+AdaReset+HardDistill,Hopper-v4,0
20573,reward,881,10.980377898626427,26.616,P3O-dyn+AdaReset+HardDistill,Hopper-v4,0
20604,reward,882,12.213433174201821,25.612,P3O-dyn+AdaReset+HardDistill,Hopper-v4,0
20620,reward,883,3.2955144219774946,25.256,P3O-dyn+AdaReset+HardDistill,Hopper-v4,0
20645,reward,884,26.61070288304358,26.956,P3O-dyn+AdaReset+HardDistill,Hopper-v4,0
20657,reward,885,9.599605602645013,21.537,P3O-dyn+AdaReset+HardDistill,Hopper-v4,0
20666,reward,886,6.73806322472718,19.691,P3O-dyn+AdaReset+HardDistill,Hopper-v4,0
20695,reward,887,27.918418962595958,20.757,P3O-dyn+AdaReset+HardDistill,Hopper-v4,0
20708,reward,888,11.096726733112854,19.435,P3O-dyn+AdaReset+HardDistill,Hopper-v4,0
20720,reward,889,8.305452486568178,17.814,P3O-dyn+AdaReset+HardDistill,Hopper-v4,0
20743,reward,890,8.422103510423394,12.518,P3O-dyn+AdaReset+HardDistill,Hopper-v4,0
20774,reward,891,13.10129261309292,12.73,P3O-dyn+AdaReset+HardDistill,Hopper-v4,0
20799,reward,892,31.87990979277022,14.697,P3O-dyn+AdaReset+HardDistill,Hopper-v4,0
20831,reward,893,20.788259777580556,16.446,P3O-dyn+AdaReset+HardDistill,Hopper-v4,0
20861,reward,894,37.901045386567006,17.575,P3O-dyn+AdaReset+HardDistill,Hopper-v4,0
20875,reward,895,5.401598807938481,17.155,P3O-dyn+AdaReset+HardDistill,Hopper-v4,0
20898,reward,896,15.826584347516743,18.064,P3O-dyn+AdaReset+HardDistill,Hopper-v4,0
20968,reward,897,105.35200987520209,25.807,P3O-dyn+AdaReset+HardDistill,Hopper-v4,0
21002,reward,898,15.276135139725001,26.225,P3O-dyn+AdaReset+HardDistill,Hopper-v4,0
21027,reward,899,26.715073461670674,28.066,P3O-dyn+AdaReset+HardDistill,Hopper-v4,0
21057,reward,900,38.24016892671068,31.048,P3O-dyn+AdaReset+HardDistill,Hopper-v4,0
21068,reward,901,7.972522217147071,30.535,P3O-dyn+AdaReset+HardDistill,Hopper-v4,0
21103,reward,902,35.26330858468773,30.874,P3O-dyn+AdaReset+HardDistill,Hopper-v4,0
21126,reward,903,3.10861070546055,29.106,P3O-dyn+AdaReset+HardDistill,Hopper-v4,0
21150,reward,904,10.466809639102946,26.362,P3O-dyn+AdaReset+HardDistill,Hopper-v4,0
21170,reward,905,11.010805074731866,26.923,P3O-dyn+AdaReset+HardDistill,Hopper-v4,0
21188,reward,906,6.29281666130274,25.97,P3O-dyn+AdaReset+HardDistill,Hopper-v4,0
21199,reward,907,5.126253259547742,15.947,P3O-dyn+AdaReset+HardDistill,Hopper-v4,0
21220,reward,908,15.019556822212014,15.922,P3O-dyn+AdaReset+HardDistill,Hopper-v4,0
21242,reward,909,22.855722929862008,15.536,P3O-dyn+AdaReset+HardDistill,Hopper-v4,0
21316,reward,910,96.83766299150258,21.395,P3O-dyn+AdaReset+HardDistill,Hopper-v4,0
21402,reward,911,139.05793744418204,34.504,P3O-dyn+AdaReset+HardDistill,Hopper-v4,0
21417,reward,912,8.108988321031577,31.789,P3O-dyn+AdaReset+HardDistill,Hopper-v4,0
21434,reward,913,5.715094774888124,32.049,P3O-dyn+AdaReset+HardDistill,Hopper-v4,0
21449,reward,914,9.038051662206001,31.906,P3O-dyn+AdaReset+HardDistill,Hopper-v4,0
21467,reward,915,15.105320926609474,32.316,P3O-dyn+AdaReset+HardDistill,Hopper-v4,0
21485,reward,916,10.826723376188836,32.769,P3O-dyn+AdaReset+HardDistill,Hopper-v4,0
21502,reward,917,9.048985628414863,33.161,P3O-dyn+AdaReset+HardDistill,Hopper-v4,0
21579,reward,918,125.03239838886287,44.163,P3O-dyn+AdaReset+HardDistill,Hopper-v4,0
21605,reward,919,13.719700813527599,43.249,P3O-dyn+AdaReset+HardDistill,Hopper-v4,0
21641,reward,920,40.63315718243375,37.629,P3O-dyn+AdaReset+HardDistill,Hopper-v4,0
21655,reward,921,6.656660457723432,24.389,P3O-dyn+AdaReset+HardDistill,Hopper-v4,0
21681,reward,922,8.086507238639273,24.386,P3O-dyn+AdaReset+HardDistill,Hopper-v4,0
21784,reward,923,200.3920251797079,43.854,P3O-dyn+AdaReset+HardDistill,Hopper-v4,0
21820,reward,924,55.3320519346678,48.483,P3O-dyn+AdaReset+HardDistill,Hopper-v4,0
21830,reward,925,7.896953308008016,47.763,P3O-dyn+AdaReset+HardDistill,Hopper-v4,0
21864,reward,926,29.50553027068839,49.63,P3O-dyn+AdaReset+HardDistill,Hopper-v4,0
21895,reward,927,14.783754634506238,50.204,P3O-dyn+AdaReset+HardDistill,Hopper-v4,0
21916,reward,928,4.259307834934363,38.127,P3O-dyn+AdaReset+HardDistill,Hopper-v4,0
21951,reward,929,27.720926619034184,39.527,P3O-dyn+AdaReset+HardDistill,Hopper-v4,0
21968,reward,930,10.318019216949997,36.495,P3O-dyn+AdaReset+HardDistill,Hopper-v4,0
21990,reward,931,22.46620911902509,38.076,P3O-dyn+AdaReset+HardDistill,Hopper-v4,0
22008,reward,932,5.477912078346264,37.815,P3O-dyn+AdaReset+HardDistill,Hopper-v4,0
22030,reward,933,9.29909651258275,18.706,P3O-dyn+AdaReset+HardDistill,Hopper-v4,0
22111,reward,934,161.73412429386988,29.346,P3O-dyn+AdaReset+HardDistill,Hopper-v4,0
22141,reward,935,29.2153511721216,31.478,P3O-dyn+AdaReset+HardDistill,Hopper-v4,0
22159,reward,936,12.069261360419516,29.734,P3O-dyn+AdaReset+HardDistill,Hopper-v4,0
22180,reward,937,12.149886724336344,29.471,P3O-dyn+AdaReset+HardDistill,Hopper-v4,0
22196,reward,938,11.94986764611884,30.24,P3O-dyn+AdaReset+HardDistill,Hopper-v4,0
22269,reward,939,109.88600989641999,38.457,P3O-dyn+AdaReset+HardDistill,Hopper-v4,0
22296,reward,940,33.692781656367146,40.794,P3O-dyn+AdaReset+HardDistill,Hopper-v4,0
22320,reward,941,23.118075255295164,40.859,P3O-dyn+AdaReset+HardDistill,Hopper-v4,0
22347,reward,942,7.726977391701949,41.084,P3O-dyn+AdaReset+HardDistill,Hopper-v4,0
22383,reward,943,39.17849322645712,44.072,P3O-dyn+AdaReset+HardDistill,Hopper-v4,0
22440,reward,944,93.71146671424226,37.27,P3O-dyn+AdaReset+HardDistill,Hopper-v4,0
22472,reward,945,23.257522735339226,36.674,P3O-dyn+AdaReset+HardDistill,Hopper-v4,0
22483,reward,946,7.896030130225638,36.257,P3O-dyn+AdaReset+HardDistill,Hopper-v4,0
22508,reward,947,9.198025373642302,35.962,P3O-dyn+AdaReset+HardDistill,Hopper-v4,0
22527,reward,948,11.6723917048447,35.934,P3O-dyn+AdaReset+HardDistill,Hopper-v4,0
22596,reward,949,105.64979710083962,35.51,P3O-dyn+AdaReset+HardDistill,Hopper-v4,0
22633,reward,950,12.281714770144049,33.369,P3O-dyn+AdaReset+HardDistill,Hopper-v4,0
22652,reward,951,9.005695739322686,31.958,P3O-dyn+AdaReset+HardDistill,Hopper-v4,0
22683,reward,952,31.198540497105263,34.305,P3O-dyn+AdaReset+HardDistill,Hopper-v4,0
22709,reward,953,25.694577300146744,32.957,P3O-dyn+AdaReset+HardDistill,Hopper-v4,0
22734,reward,954,6.245207600108232,24.21,P3O-dyn+AdaReset+HardDistill,Hopper-v4,0
22792,reward,955,60.764963527526355,27.961,P3O-dyn+AdaReset+HardDistill,Hopper-v4,0
22811,reward,956,13.853996492979302,28.556,P3O-dyn+AdaReset+HardDistill,Hopper-v4,0
22847,reward,957,44.184789076099634,32.055,P3O-dyn+AdaReset+HardDistill,Hopper-v4,0
22867,reward,958,13.105573740148401,32.198,P3O-dyn+AdaReset+HardDistill,Hopper-v4,0
22882,reward,959,6.84117268366478,22.318,P3O-dyn+AdaReset+HardDistill,Hopper-v4,0
22903,reward,960,9.615508116767213,22.051,P3O-dyn+AdaReset+HardDistill,Hopper-v4,0
22922,reward,961,14.045685527185137,22.555,P3O-dyn+AdaReset+HardDistill,Hopper-v4,0
22942,reward,962,10.964871315090221,20.532,P3O-dyn+AdaReset+HardDistill,Hopper-v4,0
22965,reward,963,10.298855847071247,18.992,P3O-dyn+AdaReset+HardDistill,Hopper-v4,0
22979,reward,964,5.532804448624362,18.921,P3O-dyn+AdaReset+HardDistill,Hopper-v4,0
22989,reward,965,7.6083230438523435,13.605,P3O-dyn+AdaReset+HardDistill,Hopper-v4,0
23009,reward,966,14.303921291087184,13.65,P3O-dyn+AdaReset+HardDistill,Hopper-v4,0
23029,reward,967,16.210430965794536,10.853,P3O-dyn+AdaReset+HardDistill,Hopper-v4,0
23044,reward,968,11.138772596998301,10.656,P3O-dyn+AdaReset+HardDistill,Hopper-v4,0
23078,reward,969,22.74528365381154,12.246,P3O-dyn+AdaReset+HardDistill,Hopper-v4,0
23094,reward,970,13.42136365067877,12.627,P3O-dyn+AdaReset+HardDistill,Hopper-v4,0
23124,reward,971,6.637505166966853,11.886,P3O-dyn+AdaReset+HardDistill,Hopper-v4,0
23155,reward,972,42.17107143289391,15.007,P3O-dyn+AdaReset+HardDistill,Hopper-v4,0
23169,reward,973,8.40899482442759,14.818,P3O-dyn+AdaReset+HardDistill,Hopper-v4,0
23203,reward,974,38.45091285279228,18.11,P3O-dyn+AdaReset+HardDistill,Hopper-v4,0
23212,reward,975,6.245500263590106,17.973,P3O-dyn+AdaReset+HardDistill,Hopper-v4,0
23236,reward,976,23.998739582878482,18.943,P3O-dyn+AdaReset+HardDistill,Hopper-v4,0
23256,reward,977,7.918793435676461,18.114,P3O-dyn+AdaReset+HardDistill,Hopper-v4,0
23301,reward,978,45.41379986464459,21.541,P3O-dyn+AdaReset+HardDistill,Hopper-v4,0
23319,reward,979,14.14840759627051,20.682,P3O-dyn+AdaReset+HardDistill,Hopper-v4,0
23334,reward,980,8.692455162528699,20.209,P3O-dyn+AdaReset+HardDistill,Hopper-v4,0
23356,reward,981,10.334428323526339,20.578,P3O-dyn+AdaReset+HardDistill,Hopper-v4,0
23365,reward,982,6.434573652207073,17.005,P3O-dyn+AdaReset+HardDistill,Hopper-v4,0
23378,reward,983,6.757183071642196,16.839,P3O-dyn+AdaReset+HardDistill,Hopper-v4,0
23390,reward,984,7.72902848166608,13.767,P3O-dyn+AdaReset+HardDistill,Hopper-v4,0
23410,reward,985,13.331334972162901,14.476,P3O-dyn+AdaReset+HardDistill,Hopper-v4,0
23435,reward,986,16.95917222357551,13.772,P3O-dyn+AdaReset+HardDistill,Hopper-v4,0
23456,reward,987,14.954709111413477,14.476,P3O-dyn+AdaReset+HardDistill,Hopper-v4,0
23474,reward,988,19.090179031782124,11.843,P3O-dyn+AdaReset+HardDistill,Hopper-v4,0
23485,reward,989,7.68146842631186,11.196,P3O-dyn+AdaReset+HardDistill,Hopper-v4,0
23502,reward,990,13.9828267426982,11.725,P3O-dyn+AdaReset+HardDistill,Hopper-v4,0
23517,reward,991,5.625364210363635,11.255,P3O-dyn+AdaReset+HardDistill,Hopper-v4,0
23531,reward,992,11.611769002364033,11.772,P3O-dyn+AdaReset+HardDistill,Hopper-v4,0
23546,reward,993,10.33061604528251,12.13,P3O-dyn+AdaReset+HardDistill,Hopper-v4,0
23567,reward,994,17.201978660844357,13.077,P3O-dyn+AdaReset+HardDistill,Hopper-v4,0
23586,reward,995,8.788003744644447,12.623,P3O-dyn+AdaReset+HardDistill,Hopper-v4,0
23620,reward,996,24.644552655803107,13.391,P3O-dyn+AdaReset+HardDistill,Hopper-v4,0
23716,reward,997,175.76869429878562,29.473,P3O-dyn+AdaReset+HardDistill,Hopper-v4,0
23739,reward,998,11.43505998140667,28.707,P3O-dyn+AdaReset+HardDistill,Hopper-v4,0
23760,reward,999,7.661352599153191,28.705,P3O-dyn+AdaReset+HardDistill,Hopper-v4,0
23794,reward,1000,39.31713477672059,31.238,P3O-dyn+AdaReset+HardDistill,Hopper-v4,0
23821,reward,1001,24.688939430402197,33.145,P3O-dyn+AdaReset+HardDistill,Hopper-v4,0
23842,reward,1002,21.434009900652892,34.127,P3O-dyn+AdaReset+HardDistill,Hopper-v4,0
23883,reward,1003,52.35485259833604,38.329,P3O-dyn+AdaReset+HardDistill,Hopper-v4,0
23904,reward,1004,4.335243055285875,37.043,P3O-dyn+AdaReset+HardDistill,Hopper-v4,0
23949,reward,1005,49.71466911707543,41.135,P3O-dyn+AdaReset+HardDistill,Hopper-v4,0
23966,reward,1006,9.800004606708661,39.651,P3O-dyn+AdaReset+HardDistill,Hopper-v4,0
23995,reward,1007,27.551609742252506,24.829,P3O-dyn+AdaReset+HardDistill,Hopper-v4,0
24055,reward,1008,71.72905380817018,30.859,P3O-dyn+AdaReset+HardDistill,Hopper-v4,0
24080,reward,1009,28.400509050134993,32.933,P3O-dyn+AdaReset+HardDistill,Hopper-v4,0
24098,reward,1010,16.95088161285342,30.696,P3O-dyn+AdaReset+HardDistill,Hopper-v4,0
24122,reward,1011,15.70457578218226,29.798,P3O-dyn+AdaReset+HardDistill,Hopper-v4,0
24145,reward,1012,9.654651719788573,28.62,P3O-dyn+AdaReset+HardDistill,Hopper-v4,0
24162,reward,1013,5.234656639400489,23.908,P3O-dyn+AdaReset+HardDistill,Hopper-v4,0
24193,reward,1014,22.378665206927966,25.712,P3O-dyn+AdaReset+HardDistill,Hopper-v4,0
24209,reward,1015,8.578424976780843,21.598,P3O-dyn+AdaReset+HardDistill,Hopper-v4,0
24224,reward,1016,12.001853608058553,21.818,P3O-dyn+AdaReset+HardDistill,Hopper-v4,0
24233,reward,1017,7.264015330500606,19.79,P3O-dyn+AdaReset+HardDistill,Hopper-v4,0
24264,reward,1018,34.64000113165486,16.081,P3O-dyn+AdaReset+HardDistill,Hopper-v4,0
24318,reward,1019,79.22513285880237,21.163,P3O-dyn+AdaReset+HardDistill,Hopper-v4,0
24334,reward,1020,11.804399010545353,20.649,P3O-dyn+AdaReset+HardDistill,Hopper-v4,0
24378,reward,1021,59.32054813120369,25.01,P3O-dyn+AdaReset+HardDistill,Hopper-v4,0
24396,reward,1022,15.372823584559077,25.582,P3O-dyn+AdaReset+HardDistill,Hopper-v4,0
24415,reward,1023,3.288706304992299,25.387,P3O-dyn+AdaReset+HardDistill,Hopper-v4,0
24436,reward,1024,9.178038916258707,24.067,P3O-dyn+AdaReset+HardDistill,Hopper-v4,0
24450,reward,1025,7.026876632777556,23.912,P3O-dyn+AdaReset+HardDistill,Hopper-v4,0
24468,reward,1026,15.866728645999627,24.299,P3O-dyn+AdaReset+HardDistill,Hopper-v4,0
24483,reward,1027,11.310418249794923,24.703,P3O-dyn+AdaReset+HardDistill,Hopper-v4,0
24495,reward,1028,5.034171803928662,21.743,P3O-dyn+AdaReset+HardDistill,Hopper-v4,0
24514,reward,1029,8.989866497759053,14.719,P3O-dyn+AdaReset+HardDistill,Hopper-v4,0
24533,reward,1030,21.93839271104303,15.733,P3O-dyn+AdaReset+HardDistill,Hopper-v4,0
24548,reward,1031,13.053182747251082,11.106,P3O-dyn+AdaReset+HardDistill,Hopper-v4,0
24575,reward,1032,10.93059125835151,10.662,P3O-dyn+AdaReset+HardDistill,Hopper-v4,0
24576,loss,-0.020122986286878586,0.47416478395462036,P3O-dyn+AdaReset+HardDistill,Hopper-v4,0
24593,reward,1033,17.143189307910593,12.047,P3O-dyn+AdaReset+HardDistill,Hopper-v4,0
24647,reward,1034,79.41381337543638,19.071,P3O-dyn+AdaReset+HardDistill,Hopper-v4,0
24670,reward,1035,20.133814808753012,20.381,P3O-dyn+AdaReset+HardDistill,Hopper-v4,0
24697,reward,1036,31.679476053691523,21.963,P3O-dyn+AdaReset+HardDistill,Hopper-v4,0
24735,reward,1037,36.75520406350793,24.507,P3O-dyn+AdaReset+HardDistill,Hopper-v4,0
24746,reward,1038,8.541230840958088,24.858,P3O-dyn+AdaReset+HardDistill,Hopper-v4,0
24770,reward,1039,26.448377283396404,26.604,P3O-dyn+AdaReset+HardDistill,Hopper-v4,0
24814,reward,1040,21.510586586901965,26.561,P3O-dyn+AdaReset+HardDistill,Hopper-v4,0
24839,reward,1041,16.4592804674921,26.902,P3O-dyn+AdaReset+HardDistill,Hopper-v4,0
24862,reward,1042,24.92000413499977,28.3,P3O-dyn+AdaReset+HardDistill,Hopper-v4,0
24898,reward,1043,15.877212710241523,28.174,P3O-dyn+AdaReset+HardDistill,Hopper-v4,0
24942,reward,1044,47.644880914825045,24.997,P3O-dyn+AdaReset+HardDistill,Hopper-v4,0
24974,reward,1045,40.81720620548765,27.065,P3O-dyn+AdaReset+HardDistill,Hopper-v4,0
25005,reward,1046,18.114896619619344,25.709,P3O-dyn+AdaReset+HardDistill,Hopper-v4,0
25026,reward,1047,14.3764855741589,23.471,P3O-dyn+AdaReset+HardDistill,Hopper-v4,0
25067,reward,1048,60.792404868655055,28.696,P3O-dyn+AdaReset+HardDistill,Hopper-v4,0
25088,reward,1049,23.119620736582263,28.363,P3O-dyn+AdaReset+HardDistill,Hopper-v4,0
25102,reward,1050,9.143318560587339,27.127,P3O-dyn+AdaReset+HardDistill,Hopper-v4,0
25114,reward,1051,9.78660378543031,26.459,P3O-dyn+AdaReset+HardDistill,Hopper-v4,0
25140,reward,1052,28.21421512391656,26.789,P3O-dyn+AdaReset+HardDistill,Hopper-v4,0
25156,reward,1053,15.475142634123623,26.748,P3O-dyn+AdaReset+HardDistill,Hopper-v4,0
25187,reward,1054,10.802238874539622,23.064,P3O-dyn+AdaReset+HardDistill,Hopper-v4,0
25230,reward,1055,42.26400140543901,23.209,P3O-dyn+AdaReset+HardDistill,Hopper-v4,0
25251,reward,1056,15.916767452905386,22.989,P3O-dyn+AdaReset+HardDistill,Hopper-v4,0
25299,reward,1057,68.54623058252274,28.406,P3O-dyn+AdaReset+HardDistill,Hopper-v4,0
25323,reward,1058,21.761023217658572,24.503,P3O-dyn+AdaReset+HardDistill,Hopper-v4,0
25381,reward,1059,85.41259974740562,30.732,P3O-dyn+AdaReset+HardDistill,Hopper-v4,0
25398,reward,1060,11.62976907327165,30.981,P3O-dyn+AdaReset+HardDistill,Hopper-v4,0
25452,reward,1061,79.23114858741268,37.925,P3O-dyn+AdaReset+HardDistill,Hopper-v4,0
25483,reward,1062,39.23007329040946,39.027,P3O-dyn+AdaReset+HardDistill,Hopper-v4,0
25499,reward,1063,10.78717100280319,38.558,P3O-dyn+AdaReset+HardDistill,Hopper-v4,0
25515,reward,1064,12.320457929198154,38.71,P3O-dyn+AdaReset+HardDistill,Hopper-v4,0
25534,reward,1065,12.162220176647129,35.7,P3O-dyn+AdaReset+HardDistill,Hopper-v4,0
25613,reward,1066,125.9135269286346,46.699,P3O-dyn+AdaReset+HardDistill,Hopper-v4,0
25649,reward,1067,36.4501438058495,43.49,P3O-dyn+AdaReset+HardDistill,Hopper-v4,0
25673,reward,1068,22.62024366513307,43.576,P3O-dyn+AdaReset+HardDistill,Hopper-v4,0
25691,reward,1069,12.193064522686296,36.254,P3O-dyn+AdaReset+HardDistill,Hopper-v4,0
25729,reward,1070,49.37024201817648,40.028,P3O-dyn+AdaReset+HardDistill,Hopper-v4,0
25759,reward,1071,33.80800982509594,35.486,P3O-dyn+AdaReset+HardDistill,Hopper-v4,0
25810,reward,1072,30.792940957012707,34.642,P3O-dyn+AdaReset+HardDistill,Hopper-v4,0
25826,reward,1073,7.112215659373902,34.274,P3O-dyn+AdaReset+HardDistill,Hopper-v4,0
25857,reward,1074,16.612048287647703,34.703,P3O-dyn+AdaReset+HardDistill,Hopper-v4,0
25891,reward,1075,42.40480679917619,37.728,P3O-dyn+AdaReset+HardDistill,Hopper-v4,0
25993,reward,1076,167.40591506941857,41.877,P3O-dyn+AdaReset+HardDistill,Hopper-v4,0
26052,reward,1077,109.82044473934126,49.214,P3O-dyn+AdaReset+HardDistill,Hopper-v4,0
26065,reward,1078,10.970199633808637,48.049,P3O-dyn+AdaReset+HardDistill,Hopper-v4,0
26088,reward,1079,20.181167414934034,48.848,P3O-dyn+AdaReset+HardDistill,Hopper-v4,0
26124,reward,1080,50.90126468737554,49.001,P3O-dyn+AdaReset+HardDistill,Hopper-v4,0
26144,reward,1081,15.005476814477035,47.121,P3O-dyn+AdaReset+HardDistill,Hopper-v4,0
26184,reward,1082,52.15338695007527,49.257,P3O-dyn+AdaReset+HardDistill,Hopper-v4,0
26210,reward,1083,24.973907175448442,51.043,P3O-dyn+AdaReset+HardDistill,Hopper-v4,0
26255,reward,1084,57.040917927411044,55.086,P3O-dyn+AdaReset+HardDistill,Hopper-v4,0
26281,reward,1085,20.335600772023277,52.879,P3O-dyn+AdaReset+HardDistill,Hopper-v4,0
26306,reward,1086,26.317939407094922,38.77,P3O-dyn+AdaReset+HardDistill,Hopper-v4,0
26331,reward,1087,14.855305097126259,29.274,P3O-dyn+AdaReset+HardDistill,Hopper-v4,0
26445,reward,1088,232.38723416349038,51.415,P3O-dyn+AdaReset+HardDistill,Hopper-v4,0
26491,reward,1089,81.65698052586855,57.563,P3O-dyn+AdaReset+HardDistill,Hopper-v4,0
26530,reward,1090,53.52214021683067,57.825,P3O-dyn+AdaReset+HardDistill,Hopper-v4,0
26558,reward,1091,32.44292180555435,59.569,P3O-dyn+AdaReset+HardDistill,Hopper-v4,0
26591,reward,1092,40.414056709370584,58.395,P3O-dyn+AdaReset+HardDistill,Hopper-v4,0
26614,reward,1093,13.027055418385059,57.2,P3O-dyn+AdaReset+HardDistill,Hopper-v4,0
26641,reward,1094,18.957062049205987,53.392,P3O-dyn+AdaReset+HardDistill,Hopper-v4,0
26667,reward,1095,14.503572400859754,52.808,P3O-dyn+AdaReset+HardDistill,Hopper-v4,0
26698,reward,1096,9.50638627242665,51.127,P3O-dyn+AdaReset+HardDistill,Hopper-v4,0
26717,reward,1097,15.767626006842713,51.219,P3O-dyn+AdaReset+HardDistill,Hopper-v4,0
26763,reward,1098,62.66715458696411,34.246,P3O-dyn+AdaReset+HardDistill,Hopper-v4,0
26792,reward,1099,35.69476371513823,29.65,P3O-dyn+AdaReset+HardDistill,Hopper-v4,0
26822,reward,1100,32.48119607585098,27.546,P3O-dyn+AdaReset+HardDistill,Hopper-v4,0
26855,reward,1101,41.901754326070446,28.492,P3O-dyn+AdaReset+HardDistill,Hopper-v4,0
26960,reward,1102,190.2867090135645,43.479,P3O-dyn+AdaReset+HardDistill,Hopper-v4,0
26984,reward,1103,26.62720961435503,44.839,P3O-dyn+AdaReset+HardDistill,Hopper-v4,0
26997,reward,1104,8.920874292456194,43.836,P3O-dyn+AdaReset+HardDistill,Hopper-v4,0
27018,reward,1105,10.496322293844312,43.435,P3O-dyn+AdaReset+HardDistill,Hopper-v4,0
27032,reward,1106,10.765881580784294,43.561,P3O-dyn+AdaReset+HardDistill,Hopper-v4,0
27090,reward,1107,76.45862650360989,49.63,P3O-dyn+AdaReset+HardDistill,Hopper-v4,0
27114,reward,1108,5.450903322458609,43.908,P3O-dyn+AdaReset+HardDistill,Hopper-v4,0
27143,reward,1109,11.555745187902026,41.495,P3O-dyn+AdaReset+HardDistill,Hopper-v4,0
27212,reward,1110,105.09817877884656,48.756,P3O-dyn+AdaReset+HardDistill,Hopper-v4,0
27237,reward,1111,19.710460560064405,46.537,P3O-dyn+AdaReset+HardDistill,Hopper-v4,0
27259,reward,1112,22.88581564613607,29.797,P3O-dyn+AdaReset+HardDistill,Hopper-v4,0
27308,reward,1113,33.208168404887246,30.455,P3O-dyn+AdaReset+HardDistill,Hopper-v4,0
27334,reward,1114,21.611370877026324,31.724,P3O-dyn+AdaReset+HardDistill,Hopper-v4,0
27365,reward,1115,30.085241815224556,33.683,P3O-dyn+AdaReset+HardDistill,Hopper-v4,0
27388,reward,1116,17.3549931164658,34.342,P3O-dyn+AdaReset+HardDistill,Hopper-v4,0
27416,reward,1117,16.389284204059653,28.335,P3O-dyn+AdaReset+HardDistill,Hopper-v4,0
27437,reward,1118,12.371760434818087,29.027,P3O-dyn+AdaReset+HardDistill,Hopper-v4,0
27469,reward,1119,26.05899967255783,30.477,P3O-dyn+AdaReset+HardDistill,Hopper-v4,0
27485,reward,1120,12.51956431612392,21.22,P3O-dyn+AdaReset+HardDistill,Hopper-v4,0
27509,reward,1121,25.30090242836648,21.779,P3O-dyn+AdaReset+HardDistill,Hopper-v4,0
27527,reward,1122,12.987694840154871,20.789,P3O-dyn+AdaReset+HardDistill,Hopper-v4,0
27561,reward,1123,43.73164289579006,21.841,P3O-dyn+AdaReset+HardDistill,Hopper-v4,0
27591,reward,1124,29.80348282013066,22.66,P3O-dyn+AdaReset+HardDistill,Hopper-v4,0
27610,reward,1125,10.907949878338375,20.743,P3O-dyn+AdaReset+HardDistill,Hopper-v4,0
27694,reward,1126,106.60966181603145,29.668,P3O-dyn+AdaReset+HardDistill,Hopper-v4,0
27817,reward,1127,240.81395980213685,52.111,P3O-dyn+AdaReset+HardDistill,Hopper-v4,0
27844,reward,1128,14.314810882321032,52.305,P3O-dyn+AdaReset+HardDistill,Hopper-v4,0
27861,reward,1129,14.016797299453124,51.101,P3O-dyn+AdaReset+HardDistill,Hopper-v4,0
27896,reward,1130,36.71767594721227,53.52,P3O-dyn+AdaReset+HardDistill,Hopper-v4,0
27921,reward,1131,12.260977490936147,52.216,P3O-dyn+AdaReset+HardDistill,Hopper-v4,0
27944,reward,1132,22.30090474566248,53.148,P3O-dyn+AdaReset+HardDistill,Hopper-v4,0
27995,reward,1133,72.24529986725692,55.999,P3O-dyn+AdaReset+HardDistill,Hopper-v4,0
28018,reward,1134,21.411937833486032,55.16,P3O-dyn+AdaReset+HardDistill,Hopper-v4,0
28046,reward,1135,16.286838964813704,55.698,P3O-dyn+AdaReset+HardDistill,Hopper-v4,0
28068,reward,1136,11.367677844805769,46.174,P3O-dyn+AdaReset+HardDistill,Hopper-v4,0
28099,reward,1137,24.34219434895773,24.527,P3O-dyn+AdaReset+HardDistill,Hopper-v4,0
28117,reward,1138,15.58436124056362,24.653,P3O-dyn+AdaReset+HardDistill,Hopper-v4,0
28154,reward,1139,26.580605401816403,25.91,P3O-dyn+AdaReset+HardDistill,Hopper-v4,0
28182,reward,1140,10.146212499598366,23.253,P3O-dyn+AdaReset+HardDistill,Hopper-v4,0
28208,reward,1141,29.73039412563496,25.0,P3O-dyn+AdaReset+HardDistill,Hopper-v4,0
28234,reward,1142,19.580427158781806,24.728,P3O-dyn+AdaReset+HardDistill,Hopper-v4,0
28262,reward,1143,36.87752738618497,21.191,P3O-dyn+AdaReset+HardDistill,Hopper-v4,0
28279,reward,1144,8.175330040336574,19.867,P3O-dyn+AdaReset+HardDistill,Hopper-v4,0
28314,reward,1145,34.98190807252633,21.737,P3O-dyn+AdaReset+HardDistill,Hopper-v4,0
28370,reward,1146,66.33316397867914,27.233,P3O-dyn+AdaReset+HardDistill,Hopper-v4,0
28469,reward,1147,194.86725603715763,44.286,P3O-dyn+AdaReset+HardDistill,Hopper-v4,0
28500,reward,1148,36.452768881611576,46.373,P3O-dyn+AdaReset+HardDistill,Hopper-v4,0
28519,reward,1149,15.332735836377962,45.248,P3O-dyn+AdaReset+HardDistill,Hopper-v4,0
28552,reward,1150,14.595411830193967,45.693,P3O-dyn+AdaReset+HardDistill,Hopper-v4,0
28569,reward,1151,12.868930912350486,44.007,P3O-dyn+AdaReset+HardDistill,Hopper-v4,0
28618,reward,1152,69.31470098040197,48.98,P3O-dyn+AdaReset+HardDistill,Hopper-v4,0
28662,reward,1153,58.9752394096348,51.19,P3O-dyn+AdaReset+HardDistill,Hopper-v4,0
28678,reward,1154,12.504194119345925,51.623,P3O-dyn+AdaReset+HardDistill,Hopper-v4,0
28692,reward,1155,12.721706257636852,49.397,P3O-dyn+AdaReset+HardDistill,Hopper-v4,0
28713,reward,1156,19.77365877294764,44.741,P3O-dyn+AdaReset+HardDistill,Hopper-v4,0
28779,reward,1157,92.44348535546939,34.498,P3O-dyn+AdaReset+HardDistill,Hopper-v4,0
28799,reward,1158,18.730877020901076,32.726,P3O-dyn+AdaReset+HardDistill,Hopper-v4,0
28826,reward,1159,17.799680638883004,32.973,P3O-dyn+AdaReset+HardDistill,Hopper-v4,0
28840,reward,1160,7.585046819844306,32.272,P3O-dyn+AdaReset+HardDistill,Hopper-v4,0
28862,reward,1161,21.30921653624883,33.116,P3O-dyn+AdaReset+HardDistill,Hopper-v4,0
28902,reward,1162,55.38379851921118,31.723,P3O-dyn+AdaReset+HardDistill,Hopper-v4,0
28937,reward,1163,47.50366238688033,30.576,P3O-dyn+AdaReset+HardDistill,Hopper-v4,0
28961,reward,1164,14.535451117876445,30.779,P3O-dyn+AdaReset+HardDistill,Hopper-v4,0
28993,reward,1165,23.88446362365028,31.895,P3O-dyn+AdaReset+HardDistill,Hopper-v4,0
29023,reward,1166,24.064627558961874,32.324,P3O-dyn+AdaReset+HardDistill,Hopper-v4,0
29055,reward,1167,28.886417895487863,25.968,P3O-dyn+AdaReset+HardDistill,Hopper-v4,0
29066,reward,1168,5.999727544197043,24.695,P3O-dyn+AdaReset+HardDistill,Hopper-v4,0
29081,reward,1169,11.817355956364745,24.097,P3O-dyn+AdaReset+HardDistill,Hopper-v4,0
29107,reward,1170,32.27421228106172,26.566,P3O-dyn+AdaReset+HardDistill,Hopper-v4,0
29153,reward,1171,69.1573620693982,31.351,P3O-dyn+AdaReset+HardDistill,Hopper-v4,0
29173,reward,1172,15.891913721785532,27.402,P3O-dyn+AdaReset+HardDistill,Hopper-v4,0
29226,reward,1173,63.47661039799265,28.999,P3O-dyn+AdaReset+HardDistill,Hopper-v4,0
29251,reward,1174,24.11523894306526,29.957,P3O-dyn+AdaReset+HardDistill,Hopper-v4,0
29300,reward,1175,34.74875365856782,31.043,P3O-dyn+AdaReset+HardDistill,Hopper-v4,0
29323,reward,1176,19.380509100523273,30.575,P3O-dyn+AdaReset+HardDistill,Hopper-v4,0
29356,reward,1177,26.100265352955795,30.296,P3O-dyn+AdaReset+HardDistill,Hopper-v4,0
29383,reward,1178,23.324282278272726,32.029,P3O-dyn+AdaReset+HardDistill,Hopper-v4,0
29412,reward,1179,32.56919859046486,34.104,P3O-dyn+AdaReset+HardDistill,Hopper-v4,0
29435,reward,1180,9.160162055392895,31.792,P3O-dyn+AdaReset+HardDistill,Hopper-v4,0
29455,reward,1181,18.000340379702116,26.677,P3O-dyn+AdaReset+HardDistill,Hopper-v4,0
29485,reward,1182,33.71480399396931,28.459,P3O-dyn+AdaReset+HardDistill,Hopper-v4,0
29577,reward,1183,154.87522602552423,37.599,P3O-dyn+AdaReset+HardDistill,Hopper-v4,0
29607,reward,1184,36.38859956577472,38.826,P3O-dyn+AdaReset+HardDistill,Hopper-v4,0
29642,reward,1185,40.694826667002395,39.421,P3O-dyn+AdaReset+HardDistill,Hopper-v4,0
29657,reward,1186,10.187868253013459,38.502,P3O-dyn+AdaReset+HardDistill,Hopper-v4,0
29681,reward,1187,22.359968244031215,38.128,P3O-dyn+AdaReset+HardDistill,Hopper-v4,0
29714,reward,1188,37.70375876744307,39.565,P3O-dyn+AdaReset+HardDistill,Hopper-v4,0
29735,reward,1189,10.38529132611928,37.347,P3O-dyn+AdaReset+HardDistill,Hopper-v4,0
29762,reward,1190,16.617106634763218,38.093,P3O-dyn+AdaReset+HardDistill,Hopper-v4,0
29782,reward,1191,19.184148239011492,38.211,P3O-dyn+AdaReset+HardDistill,Hopper-v4,0
29807,reward,1192,25.57210137882645,37.397,P3O-dyn+AdaReset+HardDistill,Hopper-v4,0
29822,reward,1193,9.922991086929589,22.902,P3O-dyn+AdaReset+HardDistill,Hopper-v4,0
29849,reward,1194,10.451495254531652,20.308,P3O-dyn+AdaReset+HardDistill,Hopper-v4,0
29932,reward,1195,134.8113568997676,29.72,P3O-dyn+AdaReset+HardDistill,Hopper-v4,0
29981,reward,1196,70.47917055179339,35.749,P3O-dyn+AdaReset+HardDistill,Hopper-v4,0
30000,speed,755.29,0.66,P3O-dyn+AdaReset+HardDistill,Hopper-v4,0
30018,reward,1197,42.99370723222493,37.812,P3O-dyn+AdaReset+HardDistill,Hopper-v4,0
30052,reward,1198,39.426688530353466,37.984,P3O-dyn+AdaReset+HardDistill,Hopper-v4,0
30089,reward,1199,33.984586271399095,40.344,P3O-dyn+AdaReset+HardDistill,Hopper-v4,0
30113,reward,1200,23.2389527885314,41.007,P3O-dyn+AdaReset+HardDistill,Hopper-v4,0
30142,reward,1201,28.40926184806394,41.929,P3O-dyn+AdaReset+HardDistill,Hopper-v4,0
30171,reward,1202,7.644947920350473,40.136,P3O-dyn+AdaReset+HardDistill,Hopper-v4,0
30193,reward,1203,19.36451678912179,41.08,P3O-dyn+AdaReset+HardDistill,Hopper-v4,0
30217,reward,1204,17.460025898353614,41.781,P3O-dyn+AdaReset+HardDistill,Hopper-v4,0
30250,reward,1205,43.32005425537669,32.632,P3O-dyn+AdaReset+HardDistill,Hopper-v4,0
30270,reward,1206,12.470893632366616,26.831,P3O-dyn+AdaReset+HardDistill,Hopper-v4,0
30292,reward,1207,22.377457287320862,24.77,P3O-dyn+AdaReset+HardDistill,Hopper-v4,0
30319,reward,1208,14.324810637409355,22.26,P3O-dyn+AdaReset+HardDistill,Hopper-v4,0
30351,reward,1209,41.7415805431911,23.035,P3O-dyn+AdaReset+HardDistill,Hopper-v4,0
30375,reward,1210,23.766659854928562,23.088,P3O-dyn+AdaReset+HardDistill,Hopper-v4,0
30406,reward,1211,14.080073548325958,21.655,P3O-dyn+AdaReset+HardDistill,Hopper-v4,0
30424,reward,1212,11.222054576237124,22.013,P3O-dyn+AdaReset+HardDistill,Hopper-v4,0
30495,reward,1213,99.19899294385523,29.996,P3O-dyn+AdaReset+HardDistill,Hopper-v4,0
30519,reward,1214,17.453632574179533,29.996,P3O-dyn+AdaReset+HardDistill,Hopper-v4,0
30552,reward,1215,37.879402970814155,29.452,P3O-dyn+AdaReset+HardDistill,Hopper-v4,0
30580,reward,1216,22.804361635029146,30.485,P3O-dyn+AdaReset+HardDistill,Hopper-v4,0
30603,reward,1217,16.196727573912113,29.867,P3O-dyn+AdaReset+HardDistill,Hopper-v4,0
30647,reward,1218,37.779442739727,32.212,P3O-dyn+AdaReset+HardDistill,Hopper-v4,0
30681,reward,1219,41.062287651739716,32.144,P3O-dyn+AdaReset+HardDistill,Hopper-v4,0
30732,reward,1220,48.68610217366443,34.636,P3O-dyn+AdaReset+HardDistill,Hopper-v4,0
30826,reward,1221,185.8621788043385,51.815,P3O-dyn+AdaReset+HardDistill,Hopper-v4,0
30856,reward,1222,33.645479257159586,54.057,P3O-dyn+AdaReset+HardDistill,Hopper-v4,0
30868,reward,1223,10.544195838486473,45.191,P3O-dyn+AdaReset+HardDistill,Hopper-v4,0
30939,reward,1224,65.23202793067998,49.969,P3O-dyn+AdaReset+HardDistill,Hopper-v4,0
30968,reward,1225,32.049839119302774,49.386,P3O-dyn+AdaReset+HardDistill,Hopper-v4,0
30994,reward,1226,8.50824235678957,47.957,P3O-dyn+AdaReset+HardDistill,Hopper-v4,0
31026,reward,1227,22.605163165906173,48.597,P3O-dyn+AdaReset+HardDistill,Hopper-v4,0
31053,reward,1228,27.438124540233318,47.563,P3O-dyn+AdaReset+HardDistill,Hopper-v4,0
31135,reward,1229,117.60768265900565,55.218,P3O-dyn+AdaReset+HardDistill,Hopper-v4,0
31151,reward,1230,9.50861265950757,51.3,P3O-dyn+AdaReset+HardDistill,Hopper-v4,0
31164,reward,1231,12.029009580086141,33.917,P3O-dyn+AdaReset+HardDistill,Hopper-v4,0
31186,reward,1232,25.37520912731707,33.09,P3O-dyn+AdaReset+HardDistill,Hopper-v4,0
31202,reward,1233,10.82255132838142,33.118,P3O-dyn+AdaReset+HardDistill,Hopper-v4,0
31235,reward,1234,9.98504486605877,27.593,P3O-dyn+AdaReset+HardDistill,Hopper-v4,0
31255,reward,1235,22.880971790255934,26.676,P3O-dyn+AdaReset+HardDistill,Hopper-v4,0
31335,reward,1236,145.10702598746224,40.336,P3O-dyn+AdaReset+HardDistill,Hopper-v4,0
31347,reward,1237,7.660909995885411,38.842,P3O-dyn+AdaReset+HardDistill,Hopper-v4,0
31369,reward,1238,13.25187750278554,37.423,P3O-dyn+AdaReset+HardDistill,Hopper-v4,0
31420,reward,1239,82.19369386564465,33.881,P3O-dyn+AdaReset+HardDistill,Hopper-v4,0
31471,reward,1240,76.12986061857777,40.544,P3O-dyn+AdaReset+HardDistill,Hopper-v4,0
31489,reward,1241,6.256166053666942,39.966,P3O-dyn+AdaReset+HardDistill,Hopper-v4,0
31525,reward,1242,10.557069782503067,38.485,P3O-dyn+AdaReset+HardDistill,Hopper-v4,0
31574,reward,1243,32.87584485713294,40.69,P3O-dyn+AdaReset+HardDistill,Hopper-v4,0
31592,reward,1244,19.58033691161295,41.649,P3O-dyn+AdaReset+HardDistill,Hopper-v4,0
31650,reward,1245,67.9422571751664,46.156,P3O-dyn+AdaReset+HardDistill,Hopper-v4,0
31668,reward,1246,16.314021035999478,33.276,P3O-dyn+AdaReset+HardDistill,Hopper-v4,0
31683,reward,1247,10.781541048200232,33.588,P3O-dyn+AdaReset+HardDistill,Hopper-v4,0
31765,reward,1248,141.42457417581386,46.406,P3O-dyn+AdaReset+HardDistill,Hopper-v4,0
31789,reward,1249,24.363684246186672,40.623,P3O-dyn+AdaReset+HardDistill,Hopper-v4,0
31798,reward,1250,6.399959360434321,33.65,P3O-dyn+AdaReset+HardDistill,Hopper-v4,0
31816,reward,1251,16.13141195501377,34.637,P3O-dyn+AdaReset+HardDistill,Hopper-v4,0
31843,reward,1252,11.446747696118914,34.726,P3O-dyn+AdaReset+HardDistill,Hopper-v4,0
31870,reward,1253,17.929491410722946,33.231,P3O-dyn+AdaReset+HardDistill,Hopper-v4,0
31902,reward,1254,26.477794964595315,33.921,P3O-dyn+AdaReset+HardDistill,Hopper-v4,0
31965,reward,1255,89.70919632898031,36.098,P3O-dyn+AdaReset+HardDistill,Hopper-v4,0
32005,reward,1256,50.37222850928322,39.504,P3O-dyn+AdaReset+HardDistill,Hopper-v4,0
32071,reward,1257,86.69117446079797,47.095,P3O-dyn+AdaReset+HardDistill,Hopper-v4,0
32138,reward,1258,111.8845256583829,44.141,P3O-dyn+AdaReset+HardDistill,Hopper-v4,0
32169,reward,1259,10.583602857614746,42.763,P3O-dyn+AdaReset+HardDistill,Hopper-v4,0
32196,reward,1260,28.632769287173048,44.986,P3O-dyn+AdaReset+HardDistill,Hopper-v4,0
32221,reward,1261,19.845895139915505,45.357,P3O-dyn+AdaReset+HardDistill,Hopper-v4,0
32254,reward,1262,44.22058250035596,48.635,P3O-dyn+AdaReset+HardDistill,Hopper-v4,0
32271,reward,1263,11.60224372974278,48.002,P3O-dyn+AdaReset+HardDistill,Hopper-v4,0
32290,reward,1264,9.61707638379978,46.316,P3O-dyn+AdaReset+HardDistill,Hopper-v4,0
32306,reward,1265,11.591765897231225,38.504,P3O-dyn+AdaReset+HardDistill,Hopper-v4,0
32356,reward,1266,72.8579933590103,40.753,P3O-dyn+AdaReset+HardDistill,Hopper-v4,0
32397,reward,1267,54.51478388006072,37.535,P3O-dyn+AdaReset+HardDistill,Hopper-v4,0
32451,reward,1268,60.02115235811057,32.349,P3O-dyn+AdaReset+HardDistill,Hopper-v4,0
32481,reward,1269,30.30458457629554,34.321,P3O-dyn+AdaReset+HardDistill,Hopper-v4,0
32500,reward,1270,19.095863529877573,33.367,P3O-dyn+AdaReset+HardDistill,Hopper-v4,0
32522,reward,1271,6.133370331052246,31.996,P3O-dyn+AdaReset+HardDistill,Hopper-v4,0
32554,reward,1272,40.68040192925606,31.642,P3O-dyn+AdaReset+HardDistill,Hopper-v4,0
32590,reward,1273,48.43801164894164,35.326,P3O-dyn+AdaReset+HardDistill,Hopper-v4,0
32612,reward,1274,20.94757964545389,36.459,P3O-dyn+AdaReset+HardDistill,Hopper-v4,0
32648,reward,1275,17.13681764859006,37.013,P3O-dyn+AdaReset+HardDistill,Hopper-v4,0
32671,reward,1276,22.663464098021645,31.994,P3O-dyn+AdaReset+HardDistill,Hopper-v4,0
32692,reward,1277,16.58637579481878,28.201,P3O-dyn+AdaReset+HardDistill,Hopper-v4,0
32751,reward,1278,69.13180665431166,29.112,P3O-dyn+AdaReset+HardDistill,Hopper-v4,0
32768,loss,-0.010735739022493362,0.5651269555091858,P3O-dyn+AdaReset+HardDistill,Hopper-v4,0
32788,reward,1279,41.211422085326696,30.203,P3O-dyn+AdaReset+HardDistill,Hopper-v4,0
32823,reward,1280,43.09416802841113,32.602,P3O-dyn+AdaReset+HardDistill,Hopper-v4,0
32844,reward,1281,12.766526152180655,33.266,P3O-dyn+AdaReset+HardDistill,Hopper-v4,0
32865,reward,1282,20.316068156132626,31.229,P3O-dyn+AdaReset+HardDistill,Hopper-v4,0
32880,reward,1283,11.71038702738539,27.556,P3O-dyn+AdaReset+HardDistill,Hopper-v4,0
32895,reward,1284,13.491692862511748,26.811,P3O-dyn+AdaReset+HardDistill,Hopper-v4,0
32938,reward,1285,24.678512586395833,27.565,P3O-dyn+AdaReset+HardDistill,Hopper-v4,0
32961,reward,1286,16.893275427310417,26.988,P3O-dyn+AdaReset+HardDistill,Hopper-v4,0
32978,reward,1287,13.81503366005242,26.711,P3O-dyn+AdaReset+HardDistill,Hopper-v4,0
33011,reward,1288,41.56959758612993,23.955,P3O-dyn+AdaReset+HardDistill,Hopper-v4,0
33029,reward,1289,8.944202055768239,20.728,P3O-dyn+AdaReset+HardDistill,Hopper-v4,0
33049,reward,1290,18.067233148991193,18.225,P3O-dyn+AdaReset+HardDistill,Hopper-v4,0
33086,reward,1291,32.73022434148959,20.222,P3O-dyn+AdaReset+HardDistill,Hopper-v4,0
33106,reward,1292,17.785035033072578,19.969,P3O-dyn+AdaReset+HardDistill,Hopper-v4,0
33151,reward,1293,61.96572068991556,24.994,P3O-dyn+AdaReset+HardDistill,Hopper-v4,0
33198,reward,1294,67.45179239815825,30.39,P3O-dyn+AdaReset+HardDistill,Hopper-v4,0
33257,reward,1295,88.07305852988472,36.73,P3O-dyn+AdaReset+HardDistill,Hopper-v4,0
33298,reward,1296,38.21331760690615,38.862,P3O-dyn+AdaReset+HardDistill,Hopper-v4,0
33313,reward,1297,6.151132027695995,38.095,P3O-dyn+AdaReset+HardDistill,Hopper-v4,0
33328,reward,1298,10.752743452178581,35.013,P3O-dyn+AdaReset+HardDistill,Hopper-v4,0
33373,reward,1299,68.82001167460133,41.001,P3O-dyn+AdaReset+HardDistill,Hopper-v4,0
33404,reward,1300,38.17979444575628,43.012,P3O-dyn+AdaReset+HardDistill,Hopper-v4,0
33521,reward,1301,229.11651675444438,62.651,P3O-dyn+AdaReset+HardDistill,Hopper-v4,0
33543,reward,1302,17.79393540727862,62.652,P3O-dyn+AdaReset+HardDistill,Hopper-v4,0
33565,reward,1303,22.14006191127308,58.669,P3O-dyn+AdaReset+HardDistill,Hopper-v4,0
33647,reward,1304,118.77087406686181,63.801,P3O-dyn+AdaReset+HardDistill,Hopper-v4,0
33723,reward,1305,118.84871979104227,66.879,P3O-dyn+AdaReset+HardDistill,Hopper-v4,0
33779,reward,1306,84.31323516425073,71.489,P3O-dyn+AdaReset+HardDistill,Hopper-v4,0
33822,reward,1307,35.972306488991734,74.471,P3O-dyn+AdaReset+HardDistill,Hopper-v4,0
33848,reward,1308,20.04634860082177,75.4,P3O-dyn+AdaReset+HardDistill,Hopper-v4,0
33863,reward,1309,12.175985860588995,69.736,P3O-dyn+AdaReset+HardDistill,Hopper-v4,0
33927,reward,1310,70.10311918687418,72.928,P3O-dyn+AdaReset+HardDistill,Hopper-v4,0
33997,reward,1311,109.53986957105532,60.97,P3O-dyn+AdaReset+HardDistill,Hopper-v4,0
34040,reward,1312,59.16279871897914,65.107,P3O-dyn+AdaReset+HardDistill,Hopper-v4,0
34087,reward,1313,65.30872769382971,69.424,P3O-dyn+AdaReset+HardDistill,Hopper-v4,0
34118,reward,1314,15.373503773433397,59.084,P3O-dyn+AdaReset+HardDistill,Hopper-v4,0
34140,reward,1315,17.138189968659304,48.913,P3O-dyn+AdaReset+HardDistill,Hopper-v4,0
34170,reward,1316,29.009117241684116,43.383,P3O-dyn+AdaReset+HardDistill,Hopper-v4,0
34221,reward,1317,44.555808388228364,44.241,P3O-dyn+AdaReset+HardDistill,Hopper-v4,0
34240,reward,1318,11.06646398946875,43.343,P3O-dyn+AdaReset+HardDistill,Hopper-v4,0
34263,reward,1319,15.124418464882522,43.638,P3O-dyn+AdaReset+HardDistill,Hopper-v4,0
34351,reward,1320,175.55557693730344,54.183,P3O-dyn+AdaReset+HardDistill,Hopper-v4,0
34382,reward,1321,35.28552542330525,46.758,P3O-dyn+AdaReset+HardDistill,Hopper-v4,0
34450,reward,1322,98.65219124823341,50.707,P3O-dyn+AdaReset+HardDistill,Hopper-v4,0
34481,reward,1323,36.235901891033876,47.8,P3O-dyn+AdaReset+HardDistill,Hopper-v4,0
34497,reward,1324,10.098627519597796,47.272,P3O-dyn+AdaReset+HardDistill,Hopper-v4,0
34529,reward,1325,38.66658591163934,49.425,P3O-dyn+AdaReset+HardDistill,Hopper-v4,0
34552,reward,1326,12.350511325421676,47.759,P3O-dyn+AdaReset+HardDistill,Hopper-v4,0
34599,reward,1327,58.602281524602994,49.164,P3O-dyn+AdaReset+HardDistill,Hopper-v4,0
34656,reward,1328,103.53538495432569,58.411,P3O-dyn+AdaReset+HardDistill,Hopper-v4,0
34737,reward,1329,76.43523695686802,64.542,P3O-dyn+AdaReset+HardDistill,Hopper-v4,0
34794,reward,1330,87.08553110426314,55.695,P3O-dyn+AdaReset+HardDistill,Hopper-v4,0
34815,reward,1331,19.755944407632857,54.142,P3O-dyn+AdaReset+HardDistill,Hopper-v4,0
34835,reward,1332,21.989582823793324,46.476,P3O-dyn+AdaReset+HardDistill,Hopper-v4,0
34855,reward,1333,19.021534827348145,44.754,P3O-dyn+AdaReset+HardDistill,Hopper-v4,0
34876,reward,1334,19.05935914186898,45.65,P3O-dyn+AdaReset+HardDistill,Hopper-v4,0
34904,reward,1335,26.026764143085074,44.386,P3O-dyn+AdaReset+HardDistill,Hopper-v4,0
34923,reward,1336,18.259666413181623,44.977,P3O-dyn+AdaReset+HardDistill,Hopper-v4,0
34982,reward,1337,54.607134797218755,44.578,P3O-dyn+AdaReset+HardDistill,Hopper-v4,0
35007,reward,1338,23.502394476500438,36.574,P3O-dyn+AdaReset+HardDistill,Hopper-v4,0
35029,reward,1339,21.623207404074616,31.093,P3O-dyn+AdaReset+HardDistill,Hopper-v4,0
35046,reward,1340,13.432675211548709,23.728,P3O-dyn+AdaReset+HardDistill,Hopper-v4,0
35058,reward,1341,7.675917382601909,22.52,P3O-dyn+AdaReset+HardDistill,Hopper-v4,0
35079,reward,1342,18.45152503769152,22.166,P3O-dyn+AdaReset+HardDistill,Hopper-v4,0
35104,reward,1343,15.933709318383494,21.857,P3O-dyn+AdaReset+HardDistill,Hopper-v4,0
35137,reward,1344,40.789782163859186,24.03,P3O-dyn+AdaReset+HardDistill,Hopper-v4,0
35153,reward,1345,13.01595722301101,22.729,P3O-dyn+AdaReset+HardDistill,Hopper-v4,0
35173,reward,1346,18.70104226838197,22.773,P3O-dyn+AdaReset+HardDistill,Hopper-v4,0
35190,reward,1347,12.495242923112704,18.562,P3O-dyn+AdaReset+HardDistill,Hopper-v4,0
35220,reward,1348,32.7383419226185,19.486,P3O-dyn+AdaReset+HardDistill,Hopper-v4,0
35242,reward,1349,17.051026583835966,19.029,P3O-dyn+AdaReset+HardDistill,Hopper-v4,0
35259,reward,1350,15.013380066955415,19.187,P3O-dyn+AdaReset+HardDistill,Hopper-v4,0
35364,reward,1351,200.85020069836904,38.504,P3O-dyn+AdaReset+HardDistill,Hopper-v4,0
35384,reward,1352,17.81432289673108,38.44,P3O-dyn+AdaReset+HardDistill,Hopper-v4,0
35402,reward,1353,16.618189593420468,38.509,P3O-dyn+AdaReset+HardDistill,Hopper-v4,0
35455,reward,1354,80.09311286906014,42.439,P3O-dyn+AdaReset+HardDistill,Hopper-v4,0
35471,reward,1355,7.791742252986256,41.917,P3O-dyn+AdaReset+HardDistill,Hopper-v4,0
35519,reward,1356,68.60411653478182,46.907,P3O-dyn+AdaReset+HardDistill,Hopper-v4,0
35529,reward,1357,6.630710092950007,46.321,P3O-dyn+AdaReset+HardDistill,Hopper-v4,0
35557,reward,1358,36.73733140475085,46.72,P3O-dyn+AdaReset+HardDistill,Hopper-v4,0
35582,reward,1359,26.39012111755185,47.654,P3O-dyn+AdaReset+HardDistill,Hopper-v4,0
35604,reward,1360,22.327545313019563,48.386,P3O-dyn+AdaReset+HardDistill,Hopper-v4,0
35649,reward,1361,70.05563095199443,35.306,P3O-dyn+AdaReset+HardDistill,Hopper-v4,0
35672,reward,1362,25.0843375165705,36.033,P3O-dyn+AdaReset+HardDistill,Hopper-v4,0
35688,reward,1363,11.601550873209742,35.532,P3O-dyn+AdaReset+HardDistill,Hopper-v4,0
35724,reward,1364,47.635433221829494,32.286,P3O-dyn+AdaReset+HardDistill,Hopper-v4,0
35814,reward,1365,181.90333741962556,49.697,P3O-dyn+AdaReset+HardDistill,Hopper-v4,0
35837,reward,1366,17.2885808379274,44.565,P3O-dyn+AdaReset+HardDistill,Hopper-v4,0
35856,reward,1367,16.571959556211496,45.56,P3O-dyn+AdaReset+HardDistill,Hopper-v4,0
35878,reward,1368,20.870634203818522,43.973,P3O-dyn+AdaReset+HardDistill,Hopper-v4,0
35905,reward,1369,30.32656283864243,44.367,P3O-dyn+AdaReset+HardDistill,Hopper-v4,0
35930,reward,1370,28.158741858046582,44.95,P3O-dyn+AdaReset+HardDistill,Hopper-v4,0
36020,reward,1371,182.91363953207153,56.235,P3O-dyn+AdaReset+HardDistill,Hopper-v4,0
36052,reward,1372,14.852356964805974,55.212,P3O-dyn+AdaReset+HardDistill,Hopper-v4,0
36078,reward,1373,30.367124079137795,57.089,P3O-dyn+AdaReset+HardDistill,Hopper-v4,0
36104,reward,1374,9.496442730848955,53.275,P3O-dyn+AdaReset+HardDistill,Hopper-v4,0
36135,reward,1375,39.29219138186106,39.014,P3O-dyn+AdaReset+HardDistill,Hopper-v4,0
36227,reward,1376,162.28262208260887,53.513,P3O-dyn+AdaReset+HardDistill,Hopper-v4,0
36243,reward,1377,10.701075435845159,52.926,P3O-dyn+AdaReset+HardDistill,Hopper-v4,0
36317,reward,1378,108.66901216289577,61.706,P3O-dyn+AdaReset+HardDistill,Hopper-v4,0
36336,reward,1379,17.61320377074177,60.435,P3O-dyn+AdaReset+HardDistill,Hopper-v4,0
36373,reward,1380,26.12260519427594,60.231,P3O-dyn+AdaReset+HardDistill,Hopper-v4,0
36393,reward,1381,14.871548597843384,43.427,P3O-dyn+AdaReset+HardDistill,Hopper-v4,0
36426,reward,1382,40.223548495492196,45.964,P3O-dyn+AdaReset+HardDistill,Hopper-v4,0
36450,reward,1383,7.799528290923979,43.707,P3O-dyn+AdaReset+HardDistill,Hopper-v4,0
36520,reward,1384,113.37803144324852,54.095,P3O-dyn+AdaReset+HardDistill,Hopper-v4,0
36545,reward,1385,18.608449982293074,52.027,P3O-dyn+AdaReset+HardDistill,Hopper-v4,0
36610,reward,1386,101.15444891865795,45.914,P3O-dyn+AdaReset+HardDistill,Hopper-v4,0
36669,reward,1387,90.59241696648935,53.903,P3O-dyn+AdaReset+HardDistill,Hopper-v4,0
36695,reward,1388,28.101874712892457,45.847,P3O-dyn+AdaReset+HardDistill,Hopper-v4,0
36737,reward,1389,58.4867657150676,49.934,P3O-dyn+AdaReset+HardDistill,Hopper-v4,0
36759,reward,1390,14.784998061222721,48.8,P3O-dyn+AdaReset+HardDistill,Hopper-v4,0
36785,reward,1391,25.728510969550157,49.886,P3O-dyn+AdaReset+HardDistill,Hopper-v4,0
36804,reward,1392,17.39079195126655,47.603,P3O-dyn+AdaReset+HardDistill,Hopper-v4,0
36826,reward,1393,14.948062822388192,48.317,P3O-dyn+AdaReset+HardDistill,Hopper-v4,0
36851,reward,1394,26.197123208072064,39.599,P3O-dyn+AdaReset+HardDistill,Hopper-v4,0
36876,reward,1395,30.23409482783658,40.762,P3O-dyn+AdaReset+HardDistill,Hopper-v4,0
36895,reward,1396,17.402570966823408,32.387,P3O-dyn+AdaReset+HardDistill,Hopper-v4,0
36930,reward,1397,44.96233362476851,27.824,P3O-dyn+AdaReset+HardDistill,Hopper-v4,0
36956,reward,1398,20.6199134712044,27.076,P3O-dyn+AdaReset+HardDistill,Hopper-v4,0
36979,reward,1399,19.20104359397149,23.147,P3O-dyn+AdaReset+HardDistill,Hopper-v4,0
37003,reward,1400,23.833847719290446,24.052,P3O-dyn+AdaReset+HardDistill,Hopper-v4,0
37033,reward,1401,34.98067075288128,24.977,P3O-dyn+AdaReset+HardDistill,Hopper-v4,0
37044,reward,1402,9.322201459276034,24.17,P3O-dyn+AdaReset+HardDistill,Hopper-v4,0
37066,reward,1403,12.100567682114054,23.885,P3O-dyn+AdaReset+HardDistill,Hopper-v4,0
37091,reward,1404,26.5304939152146,23.919,P3O-dyn+AdaReset+HardDistill,Hopper-v4,0
37113,reward,1405,18.002230153223564,22.696,P3O-dyn+AdaReset+HardDistill,Hopper-v4,0
37130,reward,1406,10.998009231889982,22.055,P3O-dyn+AdaReset+HardDistill,Hopper-v4,0
37164,reward,1407,44.45156022492765,22.004,P3O-dyn+AdaReset+HardDistill,Hopper-v4,0
37185,reward,1408,19.474029921867263,21.889,P3O-dyn+AdaReset+HardDistill,Hopper-v4,0
37232,reward,1409,54.20830417897473,25.39,P3O-dyn+AdaReset+HardDistill,Hopper-v4,0
37243,reward,1410,9.015684810080145,23.908,P3O-dyn+AdaReset+HardDistill,Hopper-v4,0
37283,reward,1411,53.688101511939585,25.779,P3O-dyn+AdaReset+HardDistill,Hopper-v4,0
37337,reward,1412,66.97029502547602,31.544,P3O-dyn+AdaReset+HardDistill,Hopper-v4,0
37355,reward,1413,18.548471127742694,32.189,P3O-dyn+AdaReset+HardDistill,Hopper-v4,0
37370,reward,1414,10.12412358678176,30.548,P3O-dyn+AdaReset+HardDistill,Hopper-v4,0
37404,reward,1415,43.197263333150616,33.068,P3O-dyn+AdaReset+HardDistill,Hopper-v4,0
37422,reward,1416,16.23694004749988,33.591,P3O-dyn+AdaReset+HardDistill,Hopper-v4,0
37444,reward,1417,21.725382050471453,31.319,P3O-dyn+AdaReset+HardDistill,Hopper-v4,0
37488,reward,1418,29.840305272852042,32.355,P3O-dyn+AdaReset+HardDistill,Hopper-v4,0
37516,reward,1419,32.510355111664204,30.186,P3O-dyn+AdaReset+HardDistill,Hopper-v4,0
37560,reward,1420,47.49604659959512,34.034,P3O-dyn+AdaReset+HardDistill,Hopper-v4,0
37579,reward,1421,11.505759046175678,29.815,P3O-dyn+AdaReset+HardDistill,Hopper-v4,0
37609,reward,1422,36.11737861598245,26.73,P3O-dyn+AdaReset+HardDistill,Hopper-v4,0
37651,reward,1423,29.6862342943698,27.844,P3O-dyn+AdaReset+HardDistill,Hopper-v4,0
37670,reward,1424,17.763304095990982,28.608,P3O-dyn+AdaReset+HardDistill,Hopper-v4,0
37774,reward,1425,181.80603029351414,42.469,P3O-dyn+AdaReset+HardDistill,Hopper-v4,0
37822,reward,1426,55.32232869574053,46.377,P3O-dyn+AdaReset+HardDistill,Hopper-v4,0
37831,reward,1427,6.361682907638284,44.841,P3O-dyn+AdaReset+HardDistill,Hopper-v4,0
37858,reward,1428,29.33173323186256,44.79,P3O-dyn+AdaReset+HardDistill,Hopper-v4,0
37964,reward,1429,187.24396450586164,60.263,P3O-dyn+AdaReset+HardDistill,Hopper-v4,0
37991,reward,1430,30.167901049022866,58.531,P3O-dyn+AdaReset+HardDistill,Hopper-v4,0
38027,reward,1431,49.69640228387648,62.35,P3O-dyn+AdaReset+HardDistill,Hopper-v4,0
38064,reward,1432,35.02850338552355,62.241,P3O-dyn+AdaReset+HardDistill,Hopper-v4,0
38112,reward,1433,43.86830332364397,63.659,P3O-dyn+AdaReset+HardDistill,Hopper-v4,0
38136,reward,1434,24.403086923203237,64.323,P3O-dyn+AdaReset+HardDistill,Hopper-v4,0
38193,reward,1435,67.46486013764145,52.889,P3O-dyn+AdaReset+HardDistill,Hopper-v4,0
38218,reward,1436,27.075700905309375,50.064,P3O-dyn+AdaReset+HardDistill,Hopper-v4,0
38243,reward,1437,27.84726301915927,52.213,P3O-dyn+AdaReset+HardDistill,Hopper-v4,0
38277,reward,1438,31.313031486229878,52.411,P3O-dyn+AdaReset+HardDistill,Hopper-v4,0
38296,reward,1439,1.6777182612015853,33.854,P3O-dyn+AdaReset+HardDistill,Hopper-v4,0
38315,reward,1440,17.18262123968662,32.556,P3O-dyn+AdaReset+HardDistill,Hopper-v4,0
38348,reward,1441,41.37752981062232,31.724,P3O-dyn+AdaReset+HardDistill,Hopper-v4,0
38383,reward,1442,23.889470238118392,30.61,P3O-dyn+AdaReset+HardDistill,Hopper-v4,0
38422,reward,1443,42.177411048181156,30.441,P3O-dyn+AdaReset+HardDistill,Hopper-v4,0
38441,reward,1444,17.05013622859825,29.706,P3O-dyn+AdaReset+HardDistill,Hopper-v4,0
38476,reward,1445,46.93403337200363,27.652,P3O-dyn+AdaReset+HardDistill,Hopper-v4,0
38491,reward,1446,9.045028223184982,25.849,P3O-dyn+AdaReset+HardDistill,Hopper-v4,0
38527,reward,1447,40.40834393107396,27.106,P3O-dyn+AdaReset+HardDistill,Hopper-v4,0
38542,reward,1448,11.267349729632782,25.101,P3O-dyn+AdaReset+HardDistill,Hopper-v4,0
38569,reward,1449,22.21949240373103,27.155,P3O-dyn+AdaReset+HardDistill,Hopper-v4,0
38636,reward,1450,101.13024047502918,35.55,P3O-dyn+AdaReset+HardDistill,Hopper-v4,0
38651,reward,1451,11.07235208647895,32.519,P3O-dyn+AdaReset+HardDistill,Hopper-v4,0
38678,reward,1452,31.21288383361495,33.252,P3O-dyn+AdaReset+HardDistill,Hopper-v4,0
38700,reward,1453,16.731837833541274,30.707,P3O-dyn+AdaReset+HardDistill,Hopper-v4,0
38727,reward,1454,7.73053338127035,29.775,P3O-dyn+AdaReset+HardDistill,Hopper-v4,0
38745,reward,1455,15.030280275420917,26.585,P3O-dyn+AdaReset+HardDistill,Hopper-v4,0
38829,reward,1456,127.4331258969755,38.424,P3O-dyn+AdaReset+HardDistill,Hopper-v4,0
38850,reward,1457,20.88380499650615,36.471,P3O-dyn+AdaReset+HardDistill,Hopper-v4,0
38882,reward,1458,38.495162578005406,39.194,P3O-dyn+AdaReset+HardDistill,Hopper-v4,0
38907,reward,1459,30.342269794556138,40.006,P3O-dyn+AdaReset+HardDistill,Hopper-v4,0
38944,reward,1460,33.72718274615115,33.266,P3O-dyn+AdaReset+HardDistill,Hopper-v4,0
38995,reward,1461,72.22527498149432,39.381,P3O-dyn+AdaReset+HardDistill,Hopper-v4,0
39024,reward,1462,15.893994987367453,37.849,P3O-dyn+AdaReset+HardDistill,Hopper-v4,0
39049,reward,1463,27.036476661351657,38.88,P3O-dyn+AdaReset+HardDistill,Hopper-v4,0
39157,reward,1464,228.67349322663068,60.974,P3O-dyn+AdaReset+HardDistill,Hopper-v4,0
39182,reward,1465,23.762438112480137,61.847,P3O-dyn+AdaReset+HardDistill,Hopper-v4,0
39199,reward,1466,9.453949477412847,50.049,P3O-dyn+AdaReset+HardDistill,Hopper-v4,0
39228,reward,1467,23.891008894513163,50.35,P3O-dyn+AdaReset+HardDistill,Hopper-v4,0
39283,reward,1468,53.987262896587666,51.899,P3O-dyn+AdaReset+HardDistill,Hopper-v4,0
39343,reward,1469,77.87746766746383,56.653,P3O-dyn+AdaReset+HardDistill,Hopper-v4,0
39406,reward,1470,92.55549024363549,62.536,P3O-dyn+AdaReset+HardDistill,Hopper-v4,0
39452,reward,1471,64.24649435643666,61.738,P3O-dyn+AdaReset+HardDistill,Hopper-v4,0
39475,reward,1472,21.465287518670625,62.295,P3O-dyn+AdaReset+HardDistill,Hopper-v4,0
39581,reward,1473,200.30905698100065,79.622,P3O-dyn+AdaReset+HardDistill,Hopper-v4,0
39615,reward,1474,42.80494155340026,61.035,P3O-dyn+AdaReset+HardDistill,Hopper-v4,0
39658,reward,1475,55.043874414459,64.163,P3O-dyn+AdaReset+HardDistill,Hopper-v4,0
39702,reward,1476,62.020694966004875,69.42,P3O-dyn+AdaReset+HardDistill,Hopper-v4,0
39722,reward,1477,18.645115893082462,68.896,P3O-dyn+AdaReset+HardDistill,Hopper-v4,0
39764,reward,1478,43.28849054347508,67.826,P3O-dyn+AdaReset+HardDistill,Hopper-v4,0
39839,reward,1479,113.22449309203407,71.36,P3O-dyn+AdaReset+HardDistill,Hopper-v4,0
39863,reward,1480,14.039551491590531,63.509,P3O-dyn+AdaReset+HardDistill,Hopper-v4,0
39898,reward,1481,45.053479920316875,61.589,P3O-dyn+AdaReset+HardDistill,Hopper-v4,0
39915,reward,1482,13.823097536231732,60.825,P3O-dyn+AdaReset+HardDistill,Hopper-v4,0
39934,reward,1483,16.758749522341294,42.47,P3O-dyn+AdaReset+HardDistill,Hopper-v4,0
39982,reward,1484,69.91111278486116,45.181,P3O-dyn+AdaReset+HardDistill,Hopper-v4,0
40000,speed,776.7,0.88,P3O-dyn+AdaReset+HardDistill,Hopper-v4,0
40041,reward,1485,86.70906133163807,48.347,P3O-dyn+AdaReset+HardDistill,Hopper-v4,0
40052,reward,1486,8.102321865568546,42.956,P3O-dyn+AdaReset+HardDistill,Hopper-v4,0
40125,reward,1487,103.4373806873034,51.435,P3O-dyn+AdaReset+HardDistill,Hopper-v4,0
40187,reward,1488,100.41730227598983,57.148,P3O-dyn+AdaReset+HardDistill,Hopper-v4,0
40202,reward,1489,12.295039261971276,47.055,P3O-dyn+AdaReset+HardDistill,Hopper-v4,0
40250,reward,1490,67.52395353070197,52.403,P3O-dyn+AdaReset+HardDistill,Hopper-v4,0
40281,reward,1491,38.244681796983336,51.722,P3O-dyn+AdaReset+HardDistill,Hopper-v4,0
40326,reward,1492,58.69549530553818,56.21,P3O-dyn+AdaReset+HardDistill,Hopper-v4,0
40362,reward,1493,46.5743319002248,59.191,P3O-dyn+AdaReset+HardDistill,Hopper-v4,0
40386,reward,1494,17.797265614849312,53.98,P3O-dyn+AdaReset+HardDistill,Hopper-v4,0
40412,reward,1495,29.88397900823744,48.297,P3O-dyn+AdaReset+HardDistill,Hopper-v4,0
40467,reward,1496,79.97602337985002,55.485,P3O-dyn+AdaReset+HardDistill,Hopper-v4,0
40490,reward,1497,26.749615257917913,47.816,P3O-dyn+AdaReset+HardDistill,Hopper-v4,0
40523,reward,1498,29.419163215396434,40.716,P3O-dyn+AdaReset+HardDistill,Hopper-v4,0
40598,reward,1499,128.02389503026092,52.289,P3O-dyn+AdaReset+HardDistill,Hopper-v4,0
40688,reward,1500,185.542277074344,64.091,P3O-dyn+AdaReset+HardDistill,Hopper-v4,0
40725,reward,1501,36.345756392242095,63.901,P3O-dyn+AdaReset+HardDistill,Hopper-v4,0
40742,reward,1502,16.11175476300971,59.642,P3O-dyn+AdaReset+HardDistill,Hopper-v4,0
40760,reward,1503,15.600639810921088,56.545,P3O-dyn+AdaReset+HardDistill,Hopper-v4,0
40793,reward,1504,25.31033556257907,57.296,P3O-dyn+AdaReset+HardDistill,Hopper-v4,0
40832,reward,1505,49.02206614890501,59.21,P3O-dyn+AdaReset+HardDistill,Hopper-v4,0
40853,reward,1506,11.594734107192549,52.372,P3O-dyn+AdaReset+HardDistill,Hopper-v4,0
40925,reward,1507,96.71747791754666,59.369,P3O-dyn+AdaReset+HardDistill,Hopper-v4,0
40951,reward,1508,30.968903210466014,59.524,P3O-dyn+AdaReset+HardDistill,Hopper-v4,0
40960,loss,-0.017103072255849838,1.135683298110962,P3O-dyn+AdaReset+HardDistill,Hopper-v4,0
41027,reward,1509,125.65318463116434,59.287,P3O-dyn+AdaReset+HardDistill,Hopper-v4,0
41044,reward,1510,13.546991908188614,42.087,P3O-dyn+AdaReset+HardDistill,Hopper-v4,0
41057,reward,1511,9.695913622268451,39.422,P3O-dyn+AdaReset+HardDistill,Hopper-v4,0
41116,reward,1512,47.971551513510015,42.608,P3O-dyn+AdaReset+HardDistill,Hopper-v4,0
41137,reward,1513,20.746160717216874,43.123,P3O-dyn+AdaReset+HardDistill,Hopper-v4,0
41221,reward,1514,117.84566491358468,52.376,P3O-dyn+AdaReset+HardDistill,Hopper-v4,0
41256,reward,1515,39.73200291838585,51.447,P3O-dyn+AdaReset+HardDistill,Hopper-v4,0
41281,reward,1516,27.921996694979516,53.08,P3O-dyn+AdaReset+HardDistill,Hopper-v4,0
41310,reward,1517,34.20842247477153,46.829,P3O-dyn+AdaReset+HardDistill,Hopper-v4,0
41378,reward,1518,109.3261073293716,54.665,P3O-dyn+AdaReset+HardDistill,Hopper-v4,0
41396,reward,1519,17.42397115148862,43.842,P3O-dyn+AdaReset+HardDistill,Hopper-v4,0
41500,reward,1520,159.02274374268154,58.389,P3O-dyn+AdaReset+HardDistill,Hopper-v4,0
41539,reward,1521,37.32762219931511,61.153,P3O-dyn+AdaReset+HardDistill,Hopper-v4,0
41612,reward,1522,117.315575907915,68.087,P3O-dyn+AdaReset+HardDistill,Hopper-v4,0
41629,reward,1523,15.065436156561598,67.519,P3O-dyn+AdaReset+HardDistill,Hopper-v4,0
41720,reward,1524,126.22020003835677,68.356,P3O-dyn+AdaReset+HardDistill,Hopper-v4,0
41738,reward,1525,15.877064628706158,65.971,P3O-dyn+AdaReset+HardDistill,Hopper-v4,0
41754,reward,1526,6.985034243416397,63.877,P3O-dyn+AdaReset+HardDistill,Hopper-v4,0
41767,reward,1527,10.50611384875273,61.507,P3O-dyn+AdaReset+HardDistill,Hopper-v4,0
41795,reward,1528,26.750331797167366,53.249,P3O-dyn+AdaReset+HardDistill,Hopper-v4,0
41817,reward,1529,22.088701199309728,53.716,P3O-dyn+AdaReset+HardDistill,Hopper-v4,0
41849,reward,1530,39.495476634697084,41.763,P3O-dyn+AdaReset+HardDistill,Hopper-v4,0
41864,reward,1531,13.372368084289764,39.368,P3O-dyn+AdaReset+HardDistill,Hopper-v4,0
41888,reward,1532,26.15717444224374,30.252,P3O-dyn+AdaReset+HardDistill,Hopper-v4,0
41981,reward,1533,180.9639555287017,46.842,P3O-dyn+AdaReset+HardDistill,Hopper-v4,0
42050,reward,1534,104.88931473379803,44.709,P3O-dyn+AdaReset+HardDistill,Hopper-v4,0
42162,reward,1535,208.03382857355948,63.924,P3O-dyn+AdaReset+HardDistill,Hopper-v4,0
42208,reward,1536,32.26343480566132,66.452,P3O-dyn+AdaReset+HardDistill,Hopper-v4,0
42245,reward,1537,48.802505382130924,70.282,P3O-dyn+AdaReset+HardDistill,Hopper-v4,0
42274,reward,1538,27.206576018351406,70.327,P3O-dyn+AdaReset+HardDistill,Hopper-v4,0
42312,reward,1539,48.54484827511669,72.973,P3O-dyn+AdaReset+HardDistill,Hopper-v4,0
42326,reward,1540,10.157244092905524,70.039,P3O-dyn+AdaReset+HardDistill,Hopper-v4,0
42355,reward,1541,33.10171189017887,72.012,P3O-dyn+AdaReset+HardDistill,Hopper-v4,0
42381,reward,1542,31.3982711892893,72.536,P3O-dyn+AdaReset+HardDistill,Hopper-v4,0
42398,reward,1543,13.78341571314924,55.818,P3O-dyn+AdaReset+HardDistill,Hopper-v4,0
42426,reward,1544,6.970137498275288,46.026,P3O-dyn+AdaReset+HardDistill,Hopper-v4,0
42460,reward,1545,38.2121172183412,29.044,P3O-dyn+AdaReset+HardDistill,Hopper-v4,0
42496,reward,1546,47.609688693666605,30.579,P3O-dyn+AdaReset+HardDistill,Hopper-v4,0
42567,reward,1547,108.59529269240728,36.558,P3O-dyn+AdaReset+HardDistill,Hopper-v4,0
42597,reward,1548,26.812055591831154,36.518,P3O-dyn+AdaReset+HardDistill,Hopper-v4,0
42621,reward,1549,25.444992082575023,34.208,P3O-dyn+AdaReset+HardDistill,Hopper-v4,0
42680,reward,1550,90.44283099408547,42.237,P3O-dyn+AdaReset+HardDistill,Hopper-v4,0
42704,reward,1551,23.899664427403035,41.317,P3O-dyn+AdaReset+HardDistill,Hopper-v4,0
42740,reward,1552,46.26287639313232,42.803,P3O-dyn+AdaReset+HardDistill,Hopper-v4,0
42757,reward,1553,14.038523510089902,42.829,P3O-dyn+AdaReset+HardDistill,Hopper-v4,0
42780,reward,1554,23.399532220922556,44.472,P3O-dyn+AdaReset+HardDistill,Hopper-v4,0
42800,reward,1555,15.078949649692495,42.158,P3O-dyn+AdaReset+HardDistill,Hopper-v4,0
42823,reward,1556,11.57185367517239,38.555,P3O-dyn+AdaReset+HardDistill,Hopper-v4,0
42851,reward,1557,22.099895135457377,29.905,P3O-dyn+AdaReset+HardDistill,Hopper-v4,0
42883,reward,1558,40.46244538727333,31.27,P3O-dyn+AdaReset+HardDistill,Hopper-v4,0
42903,reward,1559,11.369614418144732,29.863,P3O-dyn+AdaReset+HardDistill,Hopper-v4,0
42922,reward,1560,17.729888862568007,22.591,P3O-dyn+AdaReset+HardDistill,Hopper-v4,0
42961,reward,1561,55.28027049801359,25.729,P3O-dyn+AdaReset+HardDistill,Hopper-v4,0
42979,reward,1562,16.38709649649887,22.742,P3O-dyn+AdaReset+HardDistill,Hopper-v4,0
43051,reward,1563,119.6255271722987,33.301,P3O-dyn+AdaReset+HardDistill,Hopper-v4,0
43200,reward,1564,275.62291622006694,58.523,P3O-dyn+AdaReset+HardDistill,Hopper-v4,0
43225,reward,1565,11.805099544235983,58.195,P3O-dyn+AdaReset+HardDistill,Hopper-v4,0
43264,reward,1566,51.8241956082109,62.221,P3O-dyn+AdaReset+HardDistill,Hopper-v4,0
43305,reward,1567,54.39132802312057,65.45,P3O-dyn+AdaReset+HardDistill,Hopper-v4,0
43333,reward,1568,30.802422935720955,64.484,P3O-dyn+AdaReset+HardDistill,Hopper-v4,0
43449,reward,1569,212.67606004315084,84.614,P3O-dyn+AdaReset+HardDistill,Hopper-v4,0
43482,reward,1570,40.31497986402079,86.873,P3O-dyn+AdaReset+HardDistill,Hopper-v4,0
43534,reward,1571,36.47296145820651,84.992,P3O-dyn+AdaReset+HardDistill,Hopper-v4,0
43553,reward,1572,11.908683940782197,84.544,P3O-dyn+AdaReset+HardDistill,Hopper-v4,0
43620,reward,1573,111.91141871250758,83.773,P3O-dyn+AdaReset+HardDistill,Hopper-v4,0
43643,reward,1574,24.577303874330603,58.668,P3O-dyn+AdaReset+HardDistill,Hopper-v4,0
43664,reward,1575,18.526791642567762,59.341,P3O-dyn+AdaReset+HardDistill,Hopper-v4,0
43689,reward,1576,28.028049035751014,56.961,P3O-dyn+AdaReset+HardDistill,Hopper-v4,0
43738,reward,1577,69.43664298436813,58.466,P3O-dyn+AdaReset+HardDistill,Hopper-v4,0
43775,reward,1578,47.672220698518466,60.153,P3O-dyn+AdaReset+HardDistill,Hopper-v4,0
43798,reward,1579,15.873913580633419,40.472,P3O-dyn+AdaReset+HardDistill,Hopper-v4,0
43906,reward,1580,198.6822821531874,56.309,P3O-dyn+AdaReset+HardDistill,Hopper-v4,0
43941,reward,1581,46.785392415915794,57.34,P3O-dyn+AdaReset+HardDistill,Hopper-v4,0
43971,reward,1582,33.3782688911687,59.487,P3O-dyn+AdaReset+HardDistill,Hopper-v4,0
44044,reward,1583,121.9950685445609,60.496,P3O-dyn+AdaReset+HardDistill,Hopper-v4,0
44170,reward,1584,215.17820351891564,79.556,P3O-dyn+AdaReset+HardDistill,Hopper-v4,0
44195,reward,1585,28.53294391066843,80.556,P3O-dyn+AdaReset+HardDistill,Hopper-v4,0
44223,reward,1586,21.00193989094373,79.854,P3O-dyn+AdaReset+HardDistill,Hopper-v4,0
44238,reward,1587,12.09316095574078,74.119,P3O-dyn+AdaReset+HardDistill,Hopper-v4,0
44306,reward,1588,103.82992219943229,79.735,P3O-dyn+AdaReset+HardDistill,Hopper-v4,0
44333,reward,1589,26.372227710316245,80.785,P3O-dyn+AdaReset+HardDistill,Hopper-v4,0
44363,reward,1590,33.705909193764924,64.287,P3O-dyn+AdaReset+HardDistill,Hopper-v4,0
44459,reward,1591,187.03969550446192,78.313,P3O-dyn+AdaReset+HardDistill,Hopper-v4,0
44477,reward,1592,13.531550122352575,76.328,P3O-dyn+AdaReset+HardDistill,Hopper-v4,0
44510,reward,1593,41.55328945326477,68.284,P3O-dyn+AdaReset+HardDistill,Hopper-v4,0
44538,reward,1594,33.124243787379235,50.078,P3O-dyn+AdaReset+HardDistill,Hopper-v4,0
44570,reward,1595,28.60532395471911,50.086,P3O-dyn+AdaReset+HardDistill,Hopper-v4,0
44596,reward,1596,27.12188242922573,50.698,P3O-dyn+AdaReset+HardDistill,Hopper-v4,0
44634,reward,1597,51.106322388382836,54.599,P3O-dyn+AdaReset+HardDistill,Hopper-v4,0
44650,reward,1598,13.286603012129058,45.545,P3O-dyn+AdaReset+HardDistill,Hopper-v4,0
44696,reward,1599,57.74913476709824,48.682,P3O-dyn+AdaReset+HardDistill,Hopper-v4,0
44722,reward,1600,17.464237995238623,47.058,P3O-dyn+AdaReset+HardDistill,Hopper-v4,0
44776,reward,1601,82.03648104051965,36.558,P3O-dyn+AdaReset+HardDistill,Hopper-v4,0
44801,reward,1602,28.127417789569826,38.017,P3O-dyn+AdaReset+HardDistill,Hopper-v4,0
44883,reward,1603,133.57443250623723,47.22,P3O-dyn+AdaReset+HardDistill,Hopper-v4,0
44925,reward,1604,19.996119562900954,45.907,P3O-dyn+AdaReset+HardDistill,Hopper-v4,0
45010,reward,1605,160.77904387618037,59.124,P3O-dyn+AdaReset+HardDistill,Hopper-v4,0
45127,reward,1606,196.03435477813548,76.015,P3O-dyn+AdaReset+HardDistill,Hopper-v4,0
45174,reward,1607,64.59038193807278,77.364,P3O-dyn+AdaReset+HardDistill,Hopper-v4,0
45249,reward,1608,143.45772575295692,90.381,P3O-dyn+AdaReset+HardDistill,Hopper-v4,0
45275,reward,1609,33.13721878997673,87.92,P3O-dyn+AdaReset+HardDistill,Hopper-v4,0
45323,reward,1610,39.61829189725568,90.135,P3O-dyn+AdaReset+HardDistill,Hopper-v4,0
45437,reward,1611,213.77602095335402,103.309,P3O-dyn+AdaReset+HardDistill,Hopper-v4,0
45470,reward,1612,40.630116479085736,104.559,P3O-dyn+AdaReset+HardDistill,Hopper-v4,0
45504,reward,1613,43.40163801200838,95.542,P3O-dyn+AdaReset+HardDistill,Hopper-v4,0
45534,reward,1614,36.529455286368545,97.195,P3O-dyn+AdaReset+HardDistill,Hopper-v4,0
45569,reward,1615,29.930662872568906,84.111,P3O-dyn+AdaReset+HardDistill,Hopper-v4,0
45594,reward,1616,29.283854312843957,67.436,P3O-dyn+AdaReset+HardDistill,Hopper-v4,0
45610,reward,1617,10.144085894544853,61.991,P3O-dyn+AdaReset+HardDistill,Hopper-v4,0
45675,reward,1618,102.73936954944001,57.919,P3O-dyn+AdaReset+HardDistill,Hopper-v4,0
45690,reward,1619,10.98810759739454,55.704,P3O-dyn+AdaReset+HardDistill,Hopper-v4,0
45718,reward,1620,33.27533870664612,55.07,P3O-dyn+AdaReset+HardDistill,Hopper-v4,0
45758,reward,1621,56.86708279234814,39.379,P3O-dyn+AdaReset+HardDistill,Hopper-v4,0
45767,reward,1622,5.930804255924095,35.909,P3O-dyn+AdaReset+HardDistill,Hopper-v4,0
45799,reward,1623,40.811571204863036,35.65,P3O-dyn+AdaReset+HardDistill,Hopper-v4,0
45822,reward,1624,21.726214774264335,34.17,P3O-dyn+AdaReset+HardDistill,Hopper-v4,0
45838,reward,1625,11.435000919550847,32.32,P3O-dyn+AdaReset+HardDistill,Hopper-v4,0
45862,reward,1626,25.256377956439053,31.917,P3O-dyn+AdaReset+HardDistill,Hopper-v4,0
45901,reward,1627,52.1597180623705,36.119,P3O-dyn+AdaReset+HardDistill,Hopper-v4,0
45941,reward,1628,47.5575861476238,30.601,P3O-dyn+AdaReset+HardDistill,Hopper-v4,0
45962,reward,1629,22.281368613263997,31.73,P3O-dyn+AdaReset+HardDistill,Hopper-v4,0
45982,reward,1630,18.375302201788625,30.24,P3O-dyn+AdaReset+HardDistill,Hopper-v4,0
46022,reward,1631,54.56297431348782,30.01,P3O-dyn+AdaReset+HardDistill,Hopper-v4,0
46066,reward,1632,48.799643842884365,34.297,P3O-dyn+AdaReset+HardDistill,Hopper-v4,0
46093,reward,1633,30.47852883248983,33.263,P3O-dyn+AdaReset+HardDistill,Hopper-v4,0
46135,reward,1634,57.696471303924746,36.86,P3O-dyn+AdaReset+HardDistill,Hopper-v4,0
46170,reward,1635,50.34244888763185,40.751,P3O-dyn+AdaReset+HardDistill,Hopper-v4,0
46237,reward,1636,103.31849594559702,48.557,P3O-dyn+AdaReset+HardDistill,Hopper-v4,0
46288,reward,1637,75.77981662035437,50.919,P3O-dyn+AdaReset+HardDistill,Hopper-v4,0
46319,reward,1638,18.308353063037163,47.994,P3O-dyn+AdaReset+HardDistill,Hopper-v4,0
46333,reward,1639,9.633790694018266,46.73,P3O-dyn+AdaReset+HardDistill,Hopper-v4,0
46353,reward,1640,20.066807291779085,46.899,P3O-dyn+AdaReset+HardDistill,Hopper-v4,0
46377,reward,1641,27.456744581998496,44.188,P3O-dyn+AdaReset+HardDistill,Hopper-v4,0
46395,reward,1642,16.548313671226204,40.963,P3O-dyn+AdaReset+HardDistill,Hopper-v4,0
46420,reward,1643,27.396992285905704,40.655,P3O-dyn+AdaReset+HardDistill,Hopper-v4,0
46458,reward,1644,49.79054222840339,39.864,P3O-dyn+AdaReset+HardDistill,Hopper-v4,0
46476,reward,1645,16.228405287322257,36.453,P3O-dyn+AdaReset+HardDistill,Hopper-v4,0
46500,reward,1646,22.224520075757177,28.343,P3O-dyn+AdaReset+HardDistill,Hopper-v4,0
46596,reward,1647,152.77324633880045,36.043,P3O-dyn+AdaReset+HardDistill,Hopper-v4,0
46627,reward,1648,38.83436710550248,38.095,P3O-dyn+AdaReset+HardDistill,Hopper-v4,0
46644,reward,1649,12.589490489194928,38.391,P3O-dyn+AdaReset+HardDistill,Hopper-v4,0
46665,reward,1650,17.064700155866205,38.091,P3O-dyn+AdaReset+HardDistill,Hopper-v4,0
46687,reward,1651,23.547202603514084,37.7,P3O-dyn+AdaReset+HardDistill,Hopper-v4,0
46710,reward,1652,22.47956201598804,38.293,P3O-dyn+AdaReset+HardDistill,Hopper-v4,0
46722,reward,1653,8.689450918735623,36.422,P3O-dyn+AdaReset+HardDistill,Hopper-v4,0
46741,reward,1654,15.40071758212481,32.983,P3O-dyn+AdaReset+HardDistill,Hopper-v4,0
46787,reward,1655,39.190837809583975,35.279,P3O-dyn+AdaReset+HardDistill,Hopper-v4,0
46817,reward,1656,33.64581660489501,36.422,P3O-dyn+AdaReset+HardDistill,Hopper-v4,0
46834,reward,1657,13.45674043915538,22.49,P3O-dyn+AdaReset+HardDistill,Hopper-v4,0
46946,reward,1658,186.7573922669172,37.282,P3O-dyn+AdaReset+HardDistill,Hopper-v4,0
47001,reward,1659,83.42739201836147,44.366,P3O-dyn+AdaReset+HardDistill,Hopper-v4,0
47041,reward,1660,46.09262329697313,47.269,P3O-dyn+AdaReset+HardDistill,Hopper-v4,0
47082,reward,1661,54.59017001171157,50.373,P3O-dyn+AdaReset+HardDistill,Hopper-v4,0
47102,reward,1662,19.20900743472059,50.046,P3O-dyn+AdaReset+HardDistill,Hopper-v4,0
47128,reward,1663,21.15389278507985,51.292,P3O-dyn+AdaReset+HardDistill,Hopper-v4,0
47144,reward,1664,12.645832125517934,51.017,P3O-dyn+AdaReset+HardDistill,Hopper-v4,0
47190,reward,1665,65.72552454901326,53.67,P3O-dyn+AdaReset+HardDistill,Hopper-v4,0
47254,reward,1666,89.31361127824528,59.237,P3O-dyn+AdaReset+HardDistill,Hopper-v4,0
47273,reward,1667,18.772954404583242,59.769,P3O-dyn+AdaReset+HardDistill,Hopper-v4,0
47293,reward,1668,21.13863667407469,43.207,P3O-dyn+AdaReset+HardDistill,Hopper-v4,0
47418,reward,1669,214.5303521259306,56.317,P3O-dyn+AdaReset+HardDistill,Hopper-v4,0
47443,reward,1670,20.595583476605153,53.768,P3O-dyn+AdaReset+HardDistill,Hopper-v4,0
47461,reward,1671,17.062583542048266,50.015,P3O-dyn+AdaReset+HardDistill,Hopper-v4,0
47495,reward,1672,42.827305834199336,52.377,P3O-dyn+AdaReset+HardDistill,Hopper-v4,0
47603,reward,1673,228.06647821733628,73.068,P3O-dyn+AdaReset+HardDistill,Hopper-v4,0
47611,reward,1674,5.387228848601758,72.342,P3O-dyn+AdaReset+HardDistill,Hopper-v4,0
47641,reward,1675,35.69395131967429,69.339,P3O-dyn+AdaReset+HardDistill,Hopper-v4,0
47659,reward,1676,17.617739406304008,62.169,P3O-dyn+AdaReset+HardDistill,Hopper-v4,0
47684,reward,1677,21.77837282996942,62.47,P3O-dyn+AdaReset+HardDistill,Hopper-v4,0
47705,reward,1678,21.532155824951985,62.509,P3O-dyn+AdaReset+HardDistill,Hopper-v4,0
47719,reward,1679,13.22226858104595,42.378,P3O-dyn+AdaReset+HardDistill,Hopper-v4,0
47753,reward,1680,31.61032065333143,43.48,P3O-dyn+AdaReset+HardDistill,Hopper-v4,0
47805,reward,1681,91.42196956259467,50.916,P3O-dyn+AdaReset+HardDistill,Hopper-v4,0
47846,reward,1682,55.73802491805412,52.207,P3O-dyn+AdaReset+HardDistill,Hopper-v4,0
47881,reward,1683,41.97290775669124,33.597,P3O-dyn+AdaReset+HardDistill,Hopper-v4,0
47900,reward,1684,18.475294513258607,34.906,P3O-dyn+AdaReset+HardDistill,Hopper-v4,0
47928,reward,1685,34.01475175538749,34.738,P3O-dyn+AdaReset+HardDistill,Hopper-v4,0
48036,reward,1686,218.65012560959119,54.842,P3O-dyn+AdaReset+HardDistill,Hopper-v4,0
48062,reward,1687,31.44026239082692,55.808,P3O-dyn+AdaReset+HardDistill,Hopper-v4,0
48077,reward,1688,12.442389431148518,54.899,P3O-dyn+AdaReset+HardDistill,Hopper-v4,0
48094,reward,1689,14.325204505853522,55.009,P3O-dyn+AdaReset+HardDistill,Hopper-v4,0
48199,reward,1690,191.9294236444062,71.041,P3O-dyn+AdaReset+HardDistill,Hopper-v4,0
48219,reward,1691,11.865152624617668,63.085,P3O-dyn+AdaReset+HardDistill,Hopper-v4,0
48241,reward,1692,18.313572324937564,59.343,P3O-dyn+AdaReset+HardDistill,Hopper-v4,0
48278,reward,1693,47.73851016544123,59.919,P3O-dyn+AdaReset+HardDistill,Hopper-v4,0
48296,reward,1694,16.36996614980498,59.709,P3O-dyn+AdaReset+HardDistill,Hopper-v4,0
48317,reward,1695,21.268216035009463,58.434,P3O-dyn+AdaReset+HardDistill,Hopper-v4,0
48341,reward,1696,26.873483892401335,39.257,P3O-dyn+AdaReset+HardDistill,Hopper-v4,0
48413,reward,1697,104.6426748554282,46.577,P3O-dyn+AdaReset+HardDistill,Hopper-v4,0
48455,reward,1698,28.83542349181951,48.216,P3O-dyn+AdaReset+HardDistill,Hopper-v4,0
48521,reward,1699,95.62789972634339,56.346,P3O-dyn+AdaReset+HardDistill,Hopper-v4,0
48543,reward,1700,14.82936889772977,38.636,P3O-dyn+AdaReset+HardDistill,Hopper-v4,0
48568,reward,1701,18.58318303652297,39.308,P3O-dyn+AdaReset+HardDistill,Hopper-v4,0
48591,reward,1702,26.153750858287545,40.092,P3O-dyn+AdaReset+HardDistill,Hopper-v4,0
48700,reward,1703,193.8913687742422,54.708,P3O-dyn+AdaReset+HardDistill,Hopper-v4,0
48780,reward,1704,139.16084806631096,66.987,P3O-dyn+AdaReset+HardDistill,Hopper-v4,0
48799,reward,1705,13.742490800053119,66.234,P3O-dyn+AdaReset+HardDistill,Hopper-v4,0
48824,reward,1706,25.34565838134452,66.081,P3O-dyn+AdaReset+HardDistill,Hopper-v4,0
48850,reward,1707,19.82379876365108,57.599,P3O-dyn+AdaReset+HardDistill,Hopper-v4,0
48869,reward,1708,17.782425895150148,56.494,P3O-dyn+AdaReset+HardDistill,Hopper-v4,0
48889,reward,1709,18.797392149170552,48.811,P3O-dyn+AdaReset+HardDistill,Hopper-v4,0
48988,reward,1710,188.01381907255202,66.129,P3O-dyn+AdaReset+HardDistill,Hopper-v4,0
49055,reward,1711,107.61415943561892,75.033,P3O-dyn+AdaReset+HardDistill,Hopper-v4,0
49079,reward,1712,22.49172234209832,74.666,P3O-dyn+AdaReset+HardDistill,Hopper-v4,0
49105,reward,1713,28.11536310313391,58.089,P3O-dyn+AdaReset+HardDistill,Hopper-v4,0
49123,reward,1714,14.344295777278937,45.607,P3O-dyn+AdaReset+HardDistill,Hopper-v4,0
49152,loss,-0.0055381422862410545,1.400817632675171,P3O-dyn+AdaReset+HardDistill,Hopper-v4,0
49216,reward,1715,138.96306025217402,58.129,P3O-dyn+AdaReset+HardDistill,Hopper-v4,0
49295,reward,1716,166.36689810360414,72.231,P3O-dyn+AdaReset+HardDistill,Hopper-v4,0
49320,reward,1717,27.57245366017441,73.006,P3O-dyn+AdaReset+HardDistill,Hopper-v4,0
49343,reward,1718,26.407049943181796,73.869,P3O-dyn+AdaReset+HardDistill,Hopper-v4,0
49370,reward,1719,22.518980594897666,74.241,P3O-dyn+AdaReset+HardDistill,Hopper-v4,0
49468,reward,1720,200.1153333189073,75.451,P3O-dyn+AdaReset+HardDistill,Hopper-v4,0
49543,reward,1721,140.25687076519037,78.715,P3O-dyn+AdaReset+HardDistill,Hopper-v4,0
49564,reward,1722,20.291227183362093,78.495,P3O-dyn+AdaReset+HardDistill,Hopper-v4,0
49615,reward,1723,85.1781538172352,84.201,P3O-dyn+AdaReset+HardDistill,Hopper-v4,0
49636,reward,1724,20.24508834164539,84.792,P3O-dyn+AdaReset+HardDistill,Hopper-v4,0
49649,reward,1725,9.094092544682539,71.805,P3O-dyn+AdaReset+HardDistill,Hopper-v4,0
49681,reward,1726,38.57322026681781,59.025,P3O-dyn+AdaReset+HardDistill,Hopper-v4,0
49717,reward,1727,44.619602116687595,60.73,P3O-dyn+AdaReset+HardDistill,Hopper-v4,0
49826,reward,1728,214.40596073791784,79.53,P3O-dyn+AdaReset+HardDistill,Hopper-v4,0
49911,reward,1729,147.06045717656502,91.984,P3O-dyn+AdaReset+HardDistill,Hopper-v4,0
49947,reward,1730,45.743047746011825,76.547,P3O-dyn+AdaReset+HardDistill,Hopper-v4,0
49969,reward,1731,22.15768730238934,64.737,P3O-dyn+AdaReset+HardDistill,Hopper-v4,0
49993,reward,1732,19.44349961182717,64.652,P3O-dyn+AdaReset+HardDistill,Hopper-v4,0
50000,speed,773.83,1.09,P3O-dyn+AdaReset+HardDistill,Hopper-v4,0
50000,sbp,0.4,0.5523,0.5348,P3O-dyn+AdaReset+HardDistill,Hopper-v4,0,0.01191,1,0.904971,0.770027,0.016398,0.013872,4.255291,4.25806,0.175245,0.182075,0.000651,0.239102,1.076343,0.002775,0.001089,1
50020,reward,1733,30.31503477484546,59.166,P3O-dyn+AdaReset+HardDistill,Hopper-v4,0
50058,reward,1734,52.04349041861008,62.346,P3O-dyn+AdaReset+HardDistill,Hopper-v4,0
50168,reward,1735,201.42764501768636,81.579,P3O-dyn+AdaReset+HardDistill,Hopper-v4,0
50261,reward,1736,185.81023782105441,96.303,P3O-dyn+AdaReset+HardDistill,Hopper-v4,0
50308,reward,1737,75.65874039834976,99.407,P3O-dyn+AdaReset+HardDistill,Hopper-v4,0
50333,reward,1738,26.532767361880737,80.619,P3O-dyn+AdaReset+HardDistill,Hopper-v4,0
50375,reward,1739,67.37093471422679,72.65,P3O-dyn+AdaReset+HardDistill,Hopper-v4,0
50405,reward,1740,24.331795781661715,70.509,P3O-dyn+AdaReset+HardDistill,Hopper-v4,0
50478,reward,1741,130.0915119559715,81.303,P3O-dyn+AdaReset+HardDistill,Hopper-v4,0
50550,reward,1742,101.62662857619168,89.521,P3O-dyn+AdaReset+HardDistill,Hopper-v4,0
50582,reward,1743,34.25007624340255,89.914,P3O-dyn+AdaReset+HardDistill,Hopper-v4,0
50649,reward,1744,85.33141284357764,93.243,P3O-dyn+AdaReset+HardDistill,Hopper-v4,0
50731,reward,1745,155.48810135380438,88.649,P3O-dyn+AdaReset+HardDistill,Hopper-v4,0
50790,reward,1746,106.44115221980255,80.712,P3O-dyn+AdaReset+HardDistill,Hopper-v4,0
50903,reward,1747,203.69768931710686,93.516,P3O-dyn+AdaReset+HardDistill,Hopper-v4,0
51017,reward,1748,205.34389961150114,111.397,P3O-dyn+AdaReset+HardDistill,Hopper-v4,0
51034,reward,1749,14.416584916781666,106.102,P3O-dyn+AdaReset+HardDistill,Hopper-v4,0
51058,reward,1750,26.759340524798155,106.345,P3O-dyn+AdaReset+HardDistill,Hopper-v4,0
51099,reward,1751,55.92108166801092,98.928,P3O-dyn+AdaReset+HardDistill,Hopper-v4,0
51147,reward,1752,68.83072289661855,95.648,P3O-dyn+AdaReset+HardDistill,Hopper-v4,0
51259,reward,1753,205.46018850547034,112.769,P3O-dyn+AdaReset+HardDistill,Hopper-v4,0
51301,reward,1754,61.702999158726925,110.406,P3O-dyn+AdaReset+HardDistill,Hopper-v4,0
51326,reward,1755,15.590207262106158,96.416,P3O-dyn+AdaReset+HardDistill,Hopper-v4,0
51397,reward,1756,137.1280038690599,99.485,P3O-dyn+AdaReset+HardDistill,Hopper-v4,0
51458,reward,1757,89.01409551010275,88.017,P3O-dyn+AdaReset+HardDistill,Hopper-v4,0
51481,reward,1758,25.248265095716796,70.007,P3O-dyn+AdaReset+HardDistill,Hopper-v4,0
51586,reward,1759,213.74735150321413,89.94,P3O-dyn+AdaReset+HardDistill,Hopper-v4,0
51629,reward,1760,61.10731285640518,93.375,P3O-dyn+AdaReset+HardDistill,Hopper-v4,0
51692,reward,1761,124.62055040219936,100.245,P3O-dyn+AdaReset+HardDistill,Hopper-v4,0
51774,reward,1762,131.1063800687381,106.473,P3O-dyn+AdaReset+HardDistill,Hopper-v4,0
51870,reward,1763,186.0412311147098,104.531,P3O-dyn+AdaReset+HardDistill,Hopper-v4,0
51890,reward,1764,20.878236219168443,100.448,P3O-dyn+AdaReset+HardDistill,Hopper-v4,0
51969,reward,1765,127.78187016348873,111.667,P3O-dyn+AdaReset+HardDistill,Hopper-v4,0
52009,reward,1766,36.27794649401172,101.582,P3O-dyn+AdaReset+HardDistill,Hopper-v4,0
52101,reward,1767,168.78563577814776,109.559,P3O-dyn+AdaReset+HardDistill,Hopper-v4,0
52188,reward,1768,166.61380484046725,123.696,P3O-dyn+AdaReset+HardDistill,Hopper-v4,0
52281,reward,1769,184.14504507269513,120.736,P3O-dyn+AdaReset+HardDistill,Hopper-v4,0
52361,reward,1770,161.07378361725367,130.732,P3O-dyn+AdaReset+HardDistill,Hopper-v4,0
52389,reward,1771,27.410747165487432,121.011,P3O-dyn+AdaReset+HardDistill,Hopper-v4,0
52468,reward,1772,144.8561400090528,122.386,P3O-dyn+AdaReset+HardDistill,Hopper-v4,0
52554,reward,1773,179.89251364539822,121.772,P3O-dyn+AdaReset+HardDistill,Hopper-v4,0
52605,reward,1774,91.95305462111824,128.879,P3O-dyn+AdaReset+HardDistill,Hopper-v4,0
52703,reward,1775,187.4191055968718,134.843,P3O-dyn+AdaReset+HardDistill,Hopper-v4,0
52729,reward,1776,20.686768250860922,133.284,P3O-dyn+AdaReset+HardDistill,Hopper-v4,0
52804,reward,1777,149.63933608562795,131.369,P3O-dyn+AdaReset+HardDistill,Hopper-v4,0
52877,reward,1778,141.3870716936606,128.846,P3O-dyn+AdaReset+HardDistill,Hopper-v4,0
53002,reward,1779,218.40331567676742,132.272,P3O-dyn+AdaReset+HardDistill,Hopper-v4,0
53077,reward,1780,138.28967176933506,129.994,P3O-dyn+AdaReset+HardDistill,Hopper-v4,0
53122,reward,1781,63.33428748224564,133.586,P3O-dyn+AdaReset+HardDistill,Hopper-v4,0
53161,reward,1782,54.51993165100429,124.553,P3O-dyn+AdaReset+HardDistill,Hopper-v4,0
53282,reward,1783,239.52183706045085,130.515,P3O-dyn+AdaReset+HardDistill,Hopper-v4,0
53385,reward,1784,235.97555439212564,144.918,P3O-dyn+AdaReset+HardDistill,Hopper-v4,0
53415,reward,1785,36.341866821710475,129.81,P3O-dyn+AdaReset+HardDistill,Hopper-v4,0
53528,reward,1786,227.33916824650987,150.475,P3O-dyn+AdaReset+HardDistill,Hopper-v4,0
53600,reward,1787,135.1099154384448,149.022,P3O-dyn+AdaReset+HardDistill,Hopper-v4,0
53725,reward,1788,215.51208584356263,156.435,P3O-dyn+AdaReset+HardDistill,Hopper-v4,0
53800,reward,1789,144.9264708149752,149.087,P3O-dyn+AdaReset+HardDistill,Hopper-v4,0
53911,reward,1790,202.94955265689669,155.553,P3O-dyn+AdaReset+HardDistill,Hopper-v4,0
53999,reward,1791,171.81781963630934,166.401,P3O-dyn+AdaReset+HardDistill,Hopper-v4,0
54074,reward,1792,144.27066520278453,175.376,P3O-dyn+AdaReset+HardDistill,Hopper-v4,0
54136,reward,1793,118.47169881903692,163.271,P3O-dyn+AdaReset+HardDistill,Hopper-v4,0
54176,reward,1794,54.58408649047188,145.132,P3O-dyn+AdaReset+HardDistill,Hopper-v4,0
54216,reward,1795,57.34210545946293,147.232,P3O-dyn+AdaReset+HardDistill,Hopper-v4,0
54226,reward,1796,8.428821174534077,125.341,P3O-dyn+AdaReset+HardDistill,Hopper-v4,0
54263,reward,1797,41.762771082863246,116.007,P3O-dyn+AdaReset+HardDistill,Hopper-v4,0
54281,reward,1798,18.265772133651815,96.282,P3O-dyn+AdaReset+HardDistill,Hopper-v4,0
54308,reward,1799,34.30707128901561,85.22,P3O-dyn+AdaReset+HardDistill,Hopper-v4,0
54326,reward,1800,15.546998876605283,66.48,P3O-dyn+AdaReset+HardDistill,Hopper-v4,0
54423,reward,1801,184.1364856299486,67.712,P3O-dyn+AdaReset+HardDistill,Hopper-v4,0
54504,reward,1802,148.42509035879976,68.127,P3O-dyn+AdaReset+HardDistill,Hopper-v4,0
54518,reward,1803,13.08778715577382,57.589,P3O-dyn+AdaReset+HardDistill,Hopper-v4,0
54578,reward,1804,90.44322826781486,61.175,P3O-dyn+AdaReset+HardDistill,Hopper-v4,0
54604,reward,1805,27.433826598417745,58.184,P3O-dyn+AdaReset+HardDistill,Hopper-v4,0
54715,reward,1806,251.22456195540738,82.463,P3O-dyn+AdaReset+HardDistill,Hopper-v4,0
54824,reward,1807,174.756779248293,95.763,P3O-dyn+AdaReset+HardDistill,Hopper-v4,0
54858,reward,1808,42.59113572698166,98.195,P3O-dyn+AdaReset+HardDistill,Hopper-v4,0
54899,reward,1809,54.97537010299865,100.262,P3O-dyn+AdaReset+HardDistill,Hopper-v4,0
54974,reward,1810,134.11654902698265,112.119,P3O-dyn+AdaReset+HardDistill,Hopper-v4,0
54998,reward,1811,27.071146083636663,96.413,P3O-dyn+AdaReset+HardDistill,Hopper-v4,0
55016,reward,1812,15.739952609655584,83.144,P3O-dyn+AdaReset+HardDistill,Hopper-v4,0
55055,reward,1813,33.279479917753704,85.163,P3O-dyn+AdaReset+HardDistill,Hopper-v4,0
55156,reward,1814,206.60949310746534,96.78,P3O-dyn+AdaReset+HardDistill,Hopper-v4,0
55193,reward,1815,49.27692454447986,98.964,P3O-dyn+AdaReset+HardDistill,Hopper-v4,0
55302,reward,1816,205.21646085929368,94.363,P3O-dyn+AdaReset+HardDistill,Hopper-v4,0
55386,reward,1817,167.15014357880645,93.603,P3O-dyn+AdaReset+HardDistill,Hopper-v4,0
55492,reward,1818,203.01140644978506,109.645,P3O-dyn+AdaReset+HardDistill,Hopper-v4,0
55520,reward,1819,33.32709632861443,107.48,P3O-dyn+AdaReset+HardDistill,Hopper-v4,0
55580,reward,1820,67.62449426662113,100.831,P3O-dyn+AdaReset+HardDistill,Hopper-v4,0
55660,reward,1821,131.46147917943523,111.27,P3O-dyn+AdaReset+HardDistill,Hopper-v4,0
55670,reward,1822,8.289272296093772,110.525,P3O-dyn+AdaReset+HardDistill,Hopper-v4,0
55749,reward,1823,154.4447807840849,122.641,P3O-dyn+AdaReset+HardDistill,Hopper-v4,0
55768,reward,1824,16.286929513760324,103.609,P3O-dyn+AdaReset+HardDistill,Hopper-v4,0
55882,reward,1825,253.55838769313306,124.037,P3O-dyn+AdaReset+HardDistill,Hopper-v4,0
55955,reward,1826,144.8774658338176,118.003,P3O-dyn+AdaReset+HardDistill,Hopper-v4,0
55983,reward,1827,20.64186874413685,103.352,P3O-dyn+AdaReset+HardDistill,Hopper-v4,0
56006,reward,1828,25.6096668667349,85.612,P3O-dyn+AdaReset+HardDistill,Hopper-v4,0
56039,reward,1829,39.29615449115616,86.209,P3O-dyn+AdaReset+HardDistill,Hopper-v4,0
56058,reward,1830,21.36586111234314,81.583,P3O-dyn+AdaReset+HardDistill,Hopper-v4,0
56092,reward,1831,30.035440091384512,71.441,P3O-dyn+AdaReset+HardDistill,Hopper-v4,0
56148,reward,1832,76.17831732832217,78.229,P3O-dyn+AdaReset+HardDistill,Hopper-v4,0
56254,reward,1833,203.9346159533492,83.178,P3O-dyn+AdaReset+HardDistill,Hopper-v4,0
56358,reward,1834,203.25315533848917,101.875,P3O-dyn+AdaReset+HardDistill,Hopper-v4,0
56456,reward,1835,175.71522745865335,94.091,P3O-dyn+AdaReset+HardDistill,Hopper-v4,0
56478,reward,1836,14.074936159783164,81.011,P3O-dyn+AdaReset+HardDistill,Hopper-v4,0
56523,reward,1837,50.80771580760998,84.027,P3O-dyn+AdaReset+HardDistill,Hopper-v4,0
56556,reward,1838,42.027733014136224,85.669,P3O-dyn+AdaReset+HardDistill,Hopper-v4,0
56647,reward,1839,180.11911303060106,99.751,P3O-dyn+AdaReset+HardDistill,Hopper-v4,0
56724,reward,1840,129.19638481228972,110.534,P3O-dyn+AdaReset+HardDistill,Hopper-v4,0
56808,reward,1841,168.93989480200935,124.425,P3O-dyn+AdaReset+HardDistill,Hopper-v4,0
56875,reward,1842,123.51620825193103,129.158,P3O-dyn+AdaReset+HardDistill,Hopper-v4,0
56938,reward,1843,90.6061186791424,117.826,P3O-dyn+AdaReset+HardDistill,Hopper-v4,0
57032,reward,1844,174.20285873795547,114.921,P3O-dyn+AdaReset+HardDistill,Hopper-v4,0
57050,reward,1845,17.92782282017405,99.142,P3O-dyn+AdaReset+HardDistill,Hopper-v4,0
57092,reward,1846,60.7592330538095,103.81,P3O-dyn+AdaReset+HardDistill,Hopper-v4,0
57123,reward,1847,28.248415317213535,101.554,P3O-dyn+AdaReset+HardDistill,Hopper-v4,0
57235,reward,1848,188.86627560074808,116.238,P3O-dyn+AdaReset+HardDistill,Hopper-v4,0
57256,reward,1849,21.306774794888533,100.357,P3O-dyn+AdaReset+HardDistill,Hopper-v4,0
57344,loss,0.004108702763915062,1.0761381387710571,P3O-dyn+AdaReset+HardDistill,Hopper-v4,0
57374,reward,1850,213.16762734320747,108.754,P3O-dyn+AdaReset+HardDistill,Hopper-v4,0
57418,reward,1851,74.53368960167427,99.314,P3O-dyn+AdaReset+HardDistill,Hopper-v4,0
57466,reward,1852,83.40898428624858,95.303,P3O-dyn+AdaReset+HardDistill,Hopper-v4,0
57567,reward,1853,186.92439886156234,104.935,P3O-dyn+AdaReset+HardDistill,Hopper-v4,0
57648,reward,1854,146.82405640093526,102.197,P3O-dyn+AdaReset+HardDistill,Hopper-v4,0
57730,reward,1855,143.52346199450471,114.756,P3O-dyn+AdaReset+HardDistill,Hopper-v4,0
57789,reward,1856,109.07266857415385,119.588,P3O-dyn+AdaReset+HardDistill,Hopper-v4,0
57815,reward,1857,20.596140233481897,118.822,P3O-dyn+AdaReset+HardDistill,Hopper-v4,0
57850,reward,1858,45.55468914715308,104.491,P3O-dyn+AdaReset+HardDistill,Hopper-v4,0
57884,reward,1859,43.92105121935483,106.753,P3O-dyn+AdaReset+HardDistill,Hopper-v4,0
57892,reward,1860,5.699967132929337,86.006,P3O-dyn+AdaReset+HardDistill,Hopper-v4,0
58012,reward,1861,248.60813766277576,103.413,P3O-dyn+AdaReset+HardDistill,Hopper-v4,0
58102,reward,1862,150.81725108647677,110.154,P3O-dyn+AdaReset+HardDistill,Hopper-v4,0
58167,reward,1863,120.00053319434849,103.462,P3O-dyn+AdaReset+HardDistill,Hopper-v4,0
58279,reward,1864,206.29827615612115,109.409,P3O-dyn+AdaReset+HardDistill,Hopper-v4,0
58321,reward,1865,60.06326550991479,101.063,P3O-dyn+AdaReset+HardDistill,Hopper-v4,0
58401,reward,1866,172.6827586770753,107.424,P3O-dyn+AdaReset+HardDistill,Hopper-v4,0
58482,reward,1867,160.45492822570063,121.41,P3O-dyn+AdaReset+HardDistill,Hopper-v4,0
58539,reward,1868,102.72727260381235,127.127,P3O-dyn+AdaReset+HardDistill,Hopper-v4,0
58588,reward,1869,86.71786224626955,131.407,P3O-dyn+AdaReset+HardDistill,Hopper-v4,0
58640,reward,1870,88.49655675009465,139.687,P3O-dyn+AdaReset+HardDistill,Hopper-v4,0
58670,reward,1871,21.395167194911462,116.965,P3O-dyn+AdaReset+HardDistill,Hopper-v4,0
58742,reward,1872,152.84169837342867,117.168,P3O-dyn+AdaReset+HardDistill,Hopper-v4,0
58773,reward,1873,26.57889552006484,107.826,P3O-dyn+AdaReset+HardDistill,Hopper-v4,0
58820,reward,1874,80.75158591070993,95.271,P3O-dyn+AdaReset+HardDistill,Hopper-v4,0
58876,reward,1875,101.70523983195835,99.435,P3O-dyn+AdaReset+HardDistill,Hopper-v4,0
58956,reward,1876,150.65979843203604,97.233,P3O-dyn+AdaReset+HardDistill,Hopper-v4,0
59006,reward,1877,85.26783698216646,89.714,P3O-dyn+AdaReset+HardDistill,Hopper-v4,0
59066,reward,1878,107.81033414030628,90.222,P3O-dyn+AdaReset+HardDistill,Hopper-v4,0
59137,reward,1879,115.58422108860589,93.109,P3O-dyn+AdaReset+HardDistill,Hopper-v4,0
59217,reward,1880,164.3272878460053,100.692,P3O-dyn+AdaReset+HardDistill,Hopper-v4,0
59323,reward,1881,190.76890548895932,117.63,P3O-dyn+AdaReset+HardDistill,Hopper-v4,0
59399,reward,1882,131.6698431642255,115.512,P3O-dyn+AdaReset+HardDistill,Hopper-v4,0
59468,reward,1883,138.35929196747924,126.69,P3O-dyn+AdaReset+HardDistill,Hopper-v4,0
59521,reward,1884,92.98852973184381,127.914,P3O-dyn+AdaReset+HardDistill,Hopper-v4,0
59611,reward,1885,159.6354157915213,133.707,P3O-dyn+AdaReset+HardDistill,Hopper-v4,0
59690,reward,1886,157.5446441052866,134.396,P3O-dyn+AdaReset+HardDistill,Hopper-v4,0
59786,reward,1887,175.0381973793143,143.373,P3O-dyn+AdaReset+HardDistill,Hopper-v4,0
59858,reward,1888,126.79261479330155,145.271,P3O-dyn+AdaReset+HardDistill,Hopper-v4,0
59965,reward,1889,208.08958909297178,154.521,P3O-dyn+AdaReset+HardDistill,Hopper-v4,0
60000,speed,1262.94,1.22,P3O-dyn+AdaReset+HardDistill,Hopper-v4,0
60049,reward,1890,143.14041041536566,152.403,P3O-dyn+AdaReset+HardDistill,Hopper-v4,0
60078,reward,1891,36.04239576720334,136.93,P3O-dyn+AdaReset+HardDistill,Hopper-v4,0
60174,reward,1892,159.01346822260516,139.664,P3O-dyn+AdaReset+HardDistill,Hopper-v4,0
60232,reward,1893,105.90409685194687,136.419,P3O-dyn+AdaReset+HardDistill,Hopper-v4,0
60280,reward,1894,83.78843038269952,135.499,P3O-dyn+AdaReset+HardDistill,Hopper-v4,0
60332,reward,1895,87.14627746466732,128.25,P3O-dyn+AdaReset+HardDistill,Hopper-v4,0
60403,reward,1896,135.94429885763563,126.09,P3O-dyn+AdaReset+HardDistill,Hopper-v4,0
60478,reward,1897,157.35249306255693,124.321,P3O-dyn+AdaReset+HardDistill,Hopper-v4,0
60597,reward,1898,208.50963240117895,132.493,P3O-dyn+AdaReset+HardDistill,Hopper-v4,0
60647,reward,1899,88.62280845964584,120.546,P3O-dyn+AdaReset+HardDistill,Hopper-v4,0
60709,reward,1900,111.32758407182133,117.365,P3O-dyn+AdaReset+HardDistill,Hopper-v4,0
60819,reward,1901,207.64605915321573,134.526,P3O-dyn+AdaReset+HardDistill,Hopper-v4,0
60928,reward,1902,201.84125936200553,138.808,P3O-dyn+AdaReset+HardDistill,Hopper-v4,0
60959,reward,1903,11.626063479810197,129.38,P3O-dyn+AdaReset+HardDistill,Hopper-v4,0
61014,reward,1904,86.51313689026605,129.653,P3O-dyn+AdaReset+HardDistill,Hopper-v4,0
61078,reward,1905,119.76674313838373,132.915,P3O-dyn+AdaReset+HardDistill,Hopper-v4,0
61164,reward,1906,171.66674186154424,136.487,P3O-dyn+AdaReset+HardDistill,Hopper-v4,0
61219,reward,1907,95.44109045620765,130.296,P3O-dyn+AdaReset+HardDistill,Hopper-v4,0
61287,reward,1908,129.13449957108813,122.359,P3O-dyn+AdaReset+HardDistill,Hopper-v4,0
61399,reward,1909,214.09409968357363,134.906,P3O-dyn+AdaReset+HardDistill,Hopper-v4,0
61478,reward,1910,139.19552531098026,137.693,P3O-dyn+AdaReset+HardDistill,Hopper-v4,0
61538,reward,1911,75.13354855807427,124.441,P3O-dyn+AdaReset+HardDistill,Hopper-v4,0
61600,reward,1912,106.23657119161491,114.881,P3O-dyn+AdaReset+HardDistill,Hopper-v4,0
61682,reward,1913,156.29368953846375,129.348,P3O-dyn+AdaReset+HardDistill,Hopper-v4,0
61770,reward,1914,180.2121683738589,138.717,P3O-dyn+AdaReset+HardDistill,Hopper-v4,0
61826,reward,1915,98.74031314796194,136.615,P3O-dyn+AdaReset+HardDistill,Hopper-v4,0
61871,reward,1916,77.42121956678758,127.19,P3O-dyn+AdaReset+HardDistill,Hopper-v4,0
61995,reward,1917,209.77537701501143,138.624,P3O-dyn+AdaReset+HardDistill,Hopper-v4,0
62119,reward,1918,212.39450936631928,146.95,P3O-dyn+AdaReset+HardDistill,Hopper-v4,0
62164,reward,1919,55.4800850593299,131.088,P3O-dyn+AdaReset+HardDistill,Hopper-v4,0
62241,reward,1920,159.29305286856936,133.098,P3O-dyn+AdaReset+HardDistill,Hopper-v4,0
62341,reward,1921,190.77755907638496,144.662,P3O-dyn+AdaReset+HardDistill,Hopper-v4,0
62412,reward,1922,141.14421374131862,148.153,P3O-dyn+AdaReset+HardDistill,Hopper-v4,0
62530,reward,1923,206.69597284066379,153.193,P3O-dyn+AdaReset+HardDistill,Hopper-v4,0
62599,reward,1924,63.211023154904765,141.493,P3O-dyn+AdaReset+HardDistill,Hopper-v4,0
62672,reward,1925,133.99348405372552,145.019,P3O-dyn+AdaReset+HardDistill,Hopper-v4,0
62785,reward,1926,209.09765922002282,158.186,P3O-dyn+AdaReset+HardDistill,Hopper-v4,0
62801,reward,1927,12.523244543959379,138.461,P3O-dyn+AdaReset+HardDistill,Hopper-v4,0
62849,reward,1928,71.23831470214452,124.345,P3O-dyn+AdaReset+HardDistill,Hopper-v4,0
62937,reward,1929,135.7151276459335,132.369,P3O-dyn+AdaReset+HardDistill,Hopper-v4,0
63020,reward,1930,161.1454410015333,132.554,P3O-dyn+AdaReset+HardDistill,Hopper-v4,0
63061,reward,1931,69.42761252937298,120.419,P3O-dyn+AdaReset+HardDistill,Hopper-v4,0
63132,reward,1932,133.63133385314563,119.668,P3O-dyn+AdaReset+HardDistill,Hopper-v4,0
63196,reward,1933,67.58257347406322,105.757,P3O-dyn+AdaReset+HardDistill,Hopper-v4,0
63251,reward,1934,101.15975663419033,109.551,P3O-dyn+AdaReset+HardDistill,Hopper-v4,0
63322,reward,1935,136.06469652207574,109.759,P3O-dyn+AdaReset+HardDistill,Hopper-v4,0
63354,reward,1936,38.278322857574835,92.677,P3O-dyn+AdaReset+HardDistill,Hopper-v4,0
63434,reward,1937,139.8690848983918,105.411,P3O-dyn+AdaReset+HardDistill,Hopper-v4,0
63502,reward,1938,128.665028697175,111.154,P3O-dyn+AdaReset+HardDistill,Hopper-v4,0
63566,reward,1939,96.91418826312743,107.274,P3O-dyn+AdaReset+HardDistill,Hopper-v4,0
63674,reward,1940,197.11436713662283,110.871,P3O-dyn+AdaReset+HardDistill,Hopper-v4,0
63775,reward,1941,202.6347365828314,124.191,P3O-dyn+AdaReset+HardDistill,Hopper-v4,0
63869,reward,1942,199.23159779885648,130.751,P3O-dyn+AdaReset+HardDistill,Hopper-v4,0
63935,reward,1943,123.49322617968082,136.343,P3O-dyn+AdaReset+HardDistill,Hopper-v4,0
64029,reward,1944,165.36739435373588,142.763,P3O-dyn+AdaReset+HardDistill,Hopper-v4,0
64107,reward,1945,147.41145678824333,143.898,P3O-dyn+AdaReset+HardDistill,Hopper-v4,0
64202,reward,1946,172.58971267611065,157.329,P3O-dyn+AdaReset+HardDistill,Hopper-v4,0
64297,reward,1947,182.11347918760487,161.554,P3O-dyn+AdaReset+HardDistill,Hopper-v4,0
64360,reward,1948,122.29064722078746,160.916,P3O-dyn+AdaReset+HardDistill,Hopper-v4,0
64425,reward,1949,124.98363675855052,163.723,P3O-dyn+AdaReset+HardDistill,Hopper-v4,0
64492,reward,1950,99.74272367530658,153.986,P3O-dyn+AdaReset+HardDistill,Hopper-v4,0
64590,reward,1951,180.4220923005957,151.765,P3O-dyn+AdaReset+HardDistill,Hopper-v4,0
64646,reward,1952,100.61254760336267,141.903,P3O-dyn+AdaReset+HardDistill,Hopper-v4,0
64731,reward,1953,145.1384252578989,144.067,P3O-dyn+AdaReset+HardDistill,Hopper-v4,0
64800,reward,1954,128.14116483527957,140.345,P3O-dyn+AdaReset+HardDistill,Hopper-v4,0
64879,reward,1955,156.9053090935431,141.294,P3O-dyn+AdaReset+HardDistill,Hopper-v4,0
64926,reward,1956,80.48314870661629,132.083,P3O-dyn+AdaReset+HardDistill,Hopper-v4,0
65007,reward,1957,160.44646480877384,129.917,P3O-dyn+AdaReset+HardDistill,Hopper-v4,0
65093,reward,1958,151.16367540016208,132.804,P3O-dyn+AdaReset+HardDistill,Hopper-v4,0
65180,reward,1959,174.57751100372303,137.763,P3O-dyn+AdaReset+HardDistill,Hopper-v4,0
65266,reward,1960,131.8116618007936,140.97,P3O-dyn+AdaReset+HardDistill,Hopper-v4,0
65339,reward,1961,62.89724471259749,129.218,P3O-dyn+AdaReset+HardDistill,Hopper-v4,0
65384,reward,1962,62.461087686497024,125.403,P3O-dyn+AdaReset+HardDistill,Hopper-v4,0
65441,reward,1963,102.8200191830484,121.171,P3O-dyn+AdaReset+HardDistill,Hopper-v4,0
65514,reward,1964,135.044169695698,121.861,P3O-dyn+AdaReset+HardDistill,Hopper-v4,0
65536,loss,-0.00311411265283823,0.7853212356567383,P3O-dyn+AdaReset+HardDistill,Hopper-v4,0
65590,reward,1965,140.24162640906812,120.195,P3O-dyn+AdaReset+HardDistill,Hopper-v4,0
65642,reward,1966,93.3213136804964,121.478,P3O-dyn+AdaReset+HardDistill,Hopper-v4,0
65709,reward,1967,129.63252056770776,118.397,P3O-dyn+AdaReset+HardDistill,Hopper-v4,0
65746,reward,1968,62.48652152113795,109.529,P3O-dyn+AdaReset+HardDistill,Hopper-v4,0
65800,reward,1969,95.9921888863119,101.671,P3O-dyn+AdaReset+HardDistill,Hopper-v4,0
65837,reward,1970,40.92866758526965,92.583,P3O-dyn+AdaReset+HardDistill,Hopper-v4,0
65921,reward,1971,149.25571153787624,101.218,P3O-dyn+AdaReset+HardDistill,Hopper-v4,0
65993,reward,1972,149.61496331434745,109.934,P3O-dyn+AdaReset+HardDistill,Hopper-v4,0
66090,reward,1973,171.93316314177156,116.845,P3O-dyn+AdaReset+HardDistill,Hopper-v4,0
66188,reward,1974,196.28733759679264,122.969,P3O-dyn+AdaReset+HardDistill,Hopper-v4,0
66271,reward,1975,129.4643658335308,121.892,P3O-dyn+AdaReset+HardDistill,Hopper-v4,0
66320,reward,1976,86.93005111748565,121.253,P3O-dyn+AdaReset+HardDistill,Hopper-v4,0
66399,reward,1977,161.9974987081958,124.489,P3O-dyn+AdaReset+HardDistill,Hopper-v4,0
66471,reward,1978,139.5603544198326,132.196,P3O-dyn+AdaReset+HardDistill,Hopper-v4,0
66537,reward,1979,122.32434914007287,134.83,P3O-dyn+AdaReset+HardDistill,Hopper-v4,0
66588,reward,1980,90.43021833463797,139.78,P3O-dyn+AdaReset+HardDistill,Hopper-v4,0
66676,reward,1981,151.1066149621196,139.965,P3O-dyn+AdaReset+HardDistill,Hopper-v4,0
66729,reward,1982,94.5371022531117,134.457,P3O-dyn+AdaReset+HardDistill,Hopper-v4,0
66888,reward,1983,261.1193163305013,143.376,P3O-dyn+AdaReset+HardDistill,Hopper-v4,0
66964,reward,1984,150.0730999542009,138.754,P3O-dyn+AdaReset+HardDistill,Hopper-v4,0
67046,reward,1985,170.65645390754906,142.874,P3O-dyn+AdaReset+HardDistill,Hopper-v4,0
67108,reward,1986,114.6745785045772,145.648,P3O-dyn+AdaReset+HardDistill,Hopper-v4,0
67210,reward,1987,198.1809216279328,149.266,P3O-dyn+AdaReset+HardDistill,Hopper-v4,0
67286,reward,1988,157.92683754089455,151.103,P3O-dyn+AdaReset+HardDistill,Hopper-v4,0
67334,reward,1989,83.49367106155631,147.22,P3O-dyn+AdaReset+HardDistill,Hopper-v4,0
67404,reward,1990,111.30141850309005,149.307,P3O-dyn+AdaReset+HardDistill,Hopper-v4,0
67482,reward,1991,154.32959157550297,149.629,P3O-dyn+AdaReset+HardDistill,Hopper-v4,0
67554,reward,1992,137.79965075744906,153.956,P3O-dyn+AdaReset+HardDistill,Hopper-v4,0
67603,reward,1993,85.66705540781372,136.41,P3O-dyn+AdaReset+HardDistill,Hopper-v4,0
67639,reward,1994,58.96692302793387,127.3,P3O-dyn+AdaReset+HardDistill,Hopper-v4,0
67709,reward,1995,86.28275606845341,118.862,P3O-dyn+AdaReset+HardDistill,Hopper-v4,0
67805,reward,1996,161.58157308130433,123.553,P3O-dyn+AdaReset+HardDistill,Hopper-v4,0
67881,reward,1997,138.7816704046266,117.613,P3O-dyn+AdaReset+HardDistill,Hopper-v4,0
67933,reward,1998,92.80470989171197,111.101,P3O-dyn+AdaReset+HardDistill,Hopper-v4,0
68006,reward,1999,153.78825555089404,118.13,P3O-dyn+AdaReset+HardDistill,Hopper-v4,0
68091,reward,2000,122.33891998515823,119.234,P3O-dyn+AdaReset+HardDistill,Hopper-v4,0
68142,reward,2001,89.61811369079895,112.763,P3O-dyn+AdaReset+HardDistill,Hopper-v4,0
68227,reward,2002,170.04497999078723,115.987,P3O-dyn+AdaReset+HardDistill,Hopper-v4,0
68291,reward,2003,127.22192891237347,120.143,P3O-dyn+AdaReset+HardDistill,Hopper-v4,0
68349,reward,2004,103.24812767070847,124.571,P3O-dyn+AdaReset+HardDistill,Hopper-v4,0
68415,reward,2005,79.62584116699169,123.905,P3O-dyn+AdaReset+HardDistill,Hopper-v4,0
68492,reward,2006,160.5481379050095,123.802,P3O-dyn+AdaReset+HardDistill,Hopper-v4,0
68549,reward,2007,104.6017848346045,120.384,P3O-dyn+AdaReset+HardDistill,Hopper-v4,0
68622,reward,2008,135.91865111657245,124.695,P3O-dyn+AdaReset+HardDistill,Hopper-v4,0
68747,reward,2009,210.86208772089176,130.403,P3O-dyn+AdaReset+HardDistill,Hopper-v4,0
68811,reward,2010,124.93677902183394,130.663,P3O-dyn+AdaReset+HardDistill,Hopper-v4,0
68880,reward,2011,129.46364241783624,134.647,P3O-dyn+AdaReset+HardDistill,Hopper-v4,0
68955,reward,2012,140.44670502173125,131.687,P3O-dyn+AdaReset+HardDistill,Hopper-v4,0
69053,reward,2013,222.17998207113013,141.183,P3O-dyn+AdaReset+HardDistill,Hopper-v4,0
69175,reward,2014,223.44792352121155,153.203,P3O-dyn+AdaReset+HardDistill,Hopper-v4,0
69240,reward,2015,119.47365004546023,157.188,P3O-dyn+AdaReset+HardDistill,Hopper-v4,0
69300,reward,2016,109.80587284307079,152.114,P3O-dyn+AdaReset+HardDistill,Hopper-v4,0
69345,reward,2017,74.15507568396053,149.069,P3O-dyn+AdaReset+HardDistill,Hopper-v4,0
69440,reward,2018,179.6522354149244,153.442,P3O-dyn+AdaReset+HardDistill,Hopper-v4,0
69521,reward,2019,165.19239561259934,148.875,P3O-dyn+AdaReset+HardDistill,Hopper-v4,0
69565,reward,2020,76.06674101042734,143.988,P3O-dyn+AdaReset+HardDistill,Hopper-v4,0
69611,reward,2021,69.24726870194468,137.967,P3O-dyn+AdaReset+HardDistill,Hopper-v4,0
69664,reward,2022,91.44430766839776,133.067,P3O-dyn+AdaReset+HardDistill,Hopper-v4,0
69731,reward,2023,129.28797602243162,123.777,P3O-dyn+AdaReset+HardDistill,Hopper-v4,0
69773,reward,2024,69.47426561391235,108.38,P3O-dyn+AdaReset+HardDistill,Hopper-v4,0
69833,reward,2025,109.08907971391787,107.342,P3O-dyn+AdaReset+HardDistill,Hopper-v4,0
69888,reward,2026,95.74138304149999,105.935,P3O-dyn+AdaReset+HardDistill,Hopper-v4,0
69965,reward,2027,152.27833516445133,113.747,P3O-dyn+AdaReset+HardDistill,Hopper-v4,0
70000,speed,1678.11,1.32,P3O-dyn+AdaReset+HardDistill,Hopper-v4,0
70068,reward,2028,200.43710266846085,115.826,P3O-dyn+AdaReset+HardDistill,Hopper-v4,0
70157,reward,2029,192.41743202442953,118.548,P3O-dyn+AdaReset+HardDistill,Hopper-v4,0
70221,reward,2030,110.45349122537365,121.987,P3O-dyn+AdaReset+HardDistill,Hopper-v4,0
70266,reward,2031,81.07776614204055,123.17,P3O-dyn+AdaReset+HardDistill,Hopper-v4,0
70345,reward,2032,163.67723347772142,130.393,P3O-dyn+AdaReset+HardDistill,Hopper-v4,0
70430,reward,2033,152.38192222380908,132.703,P3O-dyn+AdaReset+HardDistill,Hopper-v4,0
70478,reward,2034,83.60653104521673,134.116,P3O-dyn+AdaReset+HardDistill,Hopper-v4,0
70579,reward,2035,194.84391500713664,142.692,P3O-dyn+AdaReset+HardDistill,Hopper-v4,0
70626,reward,2036,82.74121675180707,141.391,P3O-dyn+AdaReset+HardDistill,Hopper-v4,0
70700,reward,2037,135.47019186658892,139.711,P3O-dyn+AdaReset+HardDistill,Hopper-v4,0
70739,reward,2038,65.19581469676416,126.187,P3O-dyn+AdaReset+HardDistill,Hopper-v4,0
70806,reward,2039,127.96251850152261,119.741,P3O-dyn+AdaReset+HardDistill,Hopper-v4,0
70889,reward,2040,140.61942927478052,122.758,P3O-dyn+AdaReset+HardDistill,Hopper-v4,0
70966,reward,2041,74.94099835190707,122.144,P3O-dyn+AdaReset+HardDistill,Hopper-v4,0
71059,reward,2042,199.21195943229887,125.697,P3O-dyn+AdaReset+HardDistill,Hopper-v4,0
71120,reward,2043,111.1829822087323,121.578,P3O-dyn+AdaReset+HardDistill,Hopper-v4,0
71231,reward,2044,210.44483482191475,134.261,P3O-dyn+AdaReset+HardDistill,Hopper-v4,0
71255,reward,2045,28.32444656650054,117.609,P3O-dyn+AdaReset+HardDistill,Hopper-v4,0
71315,reward,2046,113.11030922174332,120.646,P3O-dyn+AdaReset+HardDistill,Hopper-v4,0
71417,reward,2047,201.36528943804998,127.236,P3O-dyn+AdaReset+HardDistill,Hopper-v4,0
71520,reward,2048,204.71498555902127,141.188,P3O-dyn+AdaReset+HardDistill,Hopper-v4,0
71579,reward,2049,105.31488731665063,138.923,P3O-dyn+AdaReset+HardDistill,Hopper-v4,0
71656,reward,2050,158.2079236537027,140.682,P3O-dyn+AdaReset+HardDistill,Hopper-v4,0
71697,reward,2051,70.38584563290064,140.226,P3O-dyn+AdaReset+HardDistill,Hopper-v4,0
71757,reward,2052,110.08375741328842,131.314,P3O-dyn+AdaReset+HardDistill,Hopper-v4,0
71811,reward,2053,95.07935716428445,129.703,P3O-dyn+AdaReset+HardDistill,Hopper-v4,0
71872,reward,2054,110.1914523745999,119.678,P3O-dyn+AdaReset+HardDistill,Hopper-v4,0
71896,reward,2055,28.775740883273965,119.723,P3O-dyn+AdaReset+HardDistill,Hopper-v4,0
71998,reward,2056,186.41046932192435,127.053,P3O-dyn+AdaReset+HardDistill,Hopper-v4,0
72121,reward,2057,216.31668491794122,128.548,P3O-dyn+AdaReset+HardDistill,Hopper-v4,0
72214,reward,2058,184.948255551875,126.571,P3O-dyn+AdaReset+HardDistill,Hopper-v4,0
72237,reward,2059,27.079323986592204,118.748,P3O-dyn+AdaReset+HardDistill,Hopper-v4,0
72312,reward,2060,150.7918118797189,118.006,P3O-dyn+AdaReset+HardDistill,Hopper-v4,0
72330,reward,2061,11.806172161317566,112.148,P3O-dyn+AdaReset+HardDistill,Hopper-v4,0
72447,reward,2062,188.63595285018351,120.004,P3O-dyn+AdaReset+HardDistill,Hopper-v4,0
72557,reward,2063,229.86714156419993,133.482,P3O-dyn+AdaReset+HardDistill,Hopper-v4,0
72620,reward,2064,108.38345440991566,133.302,P3O-dyn+AdaReset+HardDistill,Hopper-v4,0
72703,reward,2065,151.88695397655576,145.613,P3O-dyn+AdaReset+HardDistill,Hopper-v4,0
72768,reward,2066,124.65106274648964,139.437,P3O-dyn+AdaReset+HardDistill,Hopper-v4,0
72812,reward,2067,76.5969625054719,125.465,P3O-dyn+AdaReset+HardDistill,Hopper-v4,0
72872,reward,2068,109.81895621154288,117.952,P3O-dyn+AdaReset+HardDistill,Hopper-v4,0
72918,reward,2069,79.32016687664327,123.176,P3O-dyn+AdaReset+HardDistill,Hopper-v4,0
72996,reward,2070,151.79920979838664,123.277,P3O-dyn+AdaReset+HardDistill,Hopper-v4,0
73056,reward,2071,105.70150096192053,132.666,P3O-dyn+AdaReset+HardDistill,Hopper-v4,0
73094,reward,2072,62.307888427018334,120.033,P3O-dyn+AdaReset+HardDistill,Hopper-v4,0
73138,reward,2073,77.98665428462343,104.845,P3O-dyn+AdaReset+HardDistill,Hopper-v4,0
73210,reward,2074,146.7947295185742,108.686,P3O-dyn+AdaReset+HardDistill,Hopper-v4,0
73308,reward,2075,185.67631330916112,112.065,P3O-dyn+AdaReset+HardDistill,Hopper-v4,0
73347,reward,2076,69.10961989176242,106.511,P3O-dyn+AdaReset+HardDistill,Hopper-v4,0
73419,reward,2077,42.339136440857736,103.085,P3O-dyn+AdaReset+HardDistill,Hopper-v4,0
73481,reward,2078,116.65336975831579,103.769,P3O-dyn+AdaReset+HardDistill,Hopper-v4,0
73517,reward,2079,59.73926684026384,101.811,P3O-dyn+AdaReset+HardDistill,Hopper-v4,0
73586,reward,2080,128.48760543751797,99.48,P3O-dyn+AdaReset+HardDistill,Hopper-v4,0
73632,reward,2081,83.6842308814378,97.278,P3O-dyn+AdaReset+HardDistill,Hopper-v4,0
73711,reward,2082,162.6547671522621,107.313,P3O-dyn+AdaReset+HardDistill,Hopper-v4,0
73728,loss,-0.02322695031762123,2.374319076538086,P3O-dyn+AdaReset+HardDistill,Hopper-v4,0
73787,reward,2083,152.6513889689467,114.779,P3O-dyn+AdaReset+HardDistill,Hopper-v4,0
73897,reward,2084,223.16257328109126,122.416,P3O-dyn+AdaReset+HardDistill,Hopper-v4,0
74000,reward,2085,180.98907337743617,121.947,P3O-dyn+AdaReset+HardDistill,Hopper-v4,0
74059,reward,2086,95.90197463790062,124.626,P3O-dyn+AdaReset+HardDistill,Hopper-v4,0
74137,reward,2087,128.62688160255587,133.255,P3O-dyn+AdaReset+HardDistill,Hopper-v4,0
74181,reward,2088,73.50074396678394,128.94,P3O-dyn+AdaReset+HardDistill,Hopper-v4,0
74247,reward,2089,113.0029019061774,134.266,P3O-dyn+AdaReset+HardDistill,Hopper-v4,0
74312,reward,2090,119.09150080415074,133.327,P3O-dyn+AdaReset+HardDistill,Hopper-v4,0
74388,reward,2091,126.56607377191635,137.615,P3O-dyn+AdaReset+HardDistill,Hopper-v4,0
74463,reward,2092,150.6878663759896,136.418,P3O-dyn+AdaReset+HardDistill,Hopper-v4,0
74536,reward,2093,127.03225246424678,133.856,P3O-dyn+AdaReset+HardDistill,Hopper-v4,0
74589,reward,2094,93.10110983760923,120.85,P3O-dyn+AdaReset+HardDistill,Hopper-v4,0
74670,reward,2095,162.45692674114605,118.997,P3O-dyn+AdaReset+HardDistill,Hopper-v4,0
74793,reward,2096,224.4599718105154,131.853,P3O-dyn+AdaReset+HardDistill,Hopper-v4,0
74855,reward,2097,110.87397336337449,130.077,P3O-dyn+AdaReset+HardDistill,Hopper-v4,0
74886,reward,2098,35.01166836174902,126.228,P3O-dyn+AdaReset+HardDistill,Hopper-v4,0
74988,reward,2099,188.51637811986814,133.78,P3O-dyn+AdaReset+HardDistill,Hopper-v4,0
75054,reward,2100,120.79370347838149,133.95,P3O-dyn+AdaReset+HardDistill,Hopper-v4,0
75177,reward,2101,211.51394065640696,142.445,P3O-dyn+AdaReset+HardDistill,Hopper-v4,0
75217,reward,2102,67.55588618868447,134.132,P3O-dyn+AdaReset+HardDistill,Hopper-v4,0
75264,reward,2103,82.48081990972081,129.676,P3O-dyn+AdaReset+HardDistill,Hopper-v4,0
75300,reward,2104,31.13073188816672,123.479,P3O-dyn+AdaReset+HardDistill,Hopper-v4,0
75385,reward,2105,107.00920828409032,117.935,P3O-dyn+AdaReset+HardDistill,Hopper-v4,0
75478,reward,2106,169.75075964463127,112.464,P3O-dyn+AdaReset+HardDistill,Hopper-v4,0
75577,reward,2107,195.3640200084842,120.913,P3O-dyn+AdaReset+HardDistill,Hopper-v4,0
75631,reward,2108,82.96043259684282,125.708,P3O-dyn+AdaReset+HardDistill,Hopper-v4,0
75695,reward,2109,113.84245269178783,118.24,P3O-dyn+AdaReset+HardDistill,Hopper-v4,0
75759,reward,2110,55.165787869010614,111.677,P3O-dyn+AdaReset+HardDistill,Hopper-v4,0
75838,reward,2111,165.86974013028373,107.113,P3O-dyn+AdaReset+HardDistill,Hopper-v4,0
75889,reward,2112,88.3382620515895,109.191,P3O-dyn+AdaReset+HardDistill,Hopper-v4,0
75955,reward,2113,116.64742903947203,112.608,P3O-dyn+AdaReset+HardDistill,Hopper-v4,0
75977,reward,2114,24.06815387978366,111.902,P3O-dyn+AdaReset+HardDistill,Hopper-v4,0
76078,reward,2115,191.69938522278812,120.371,P3O-dyn+AdaReset+HardDistill,Hopper-v4,0
76239,reward,2116,284.9317095792594,131.889,P3O-dyn+AdaReset+HardDistill,Hopper-v4,0
76358,reward,2117,237.76049891361316,136.128,P3O-dyn+AdaReset+HardDistill,Hopper-v4,0
76465,reward,2118,225.79422290118185,150.412,P3O-dyn+AdaReset+HardDistill,Hopper-v4,0
76580,reward,2119,229.11334741392716,161.939,P3O-dyn+AdaReset+HardDistill,Hopper-v4,0
76666,reward,2120,171.63407798272436,173.586,P3O-dyn+AdaReset+HardDistill,Hopper-v4,0
76705,reward,2121,65.94011665423963,163.593,P3O-dyn+AdaReset+HardDistill,Hopper-v4,0
76799,reward,2122,176.4618285153736,172.405,P3O-dyn+AdaReset+HardDistill,Hopper-v4,0
76885,reward,2123,142.54577008926157,174.995,P3O-dyn+AdaReset+HardDistill,Hopper-v4,0
76931,reward,2124,79.26000115522834,180.514,P3O-dyn+AdaReset+HardDistill,Hopper-v4,0
76987,reward,2125,100.90099532169272,171.434,P3O-dyn+AdaReset+HardDistill,Hopper-v4,0
77048,reward,2126,112.18669713984245,154.16,P3O-dyn+AdaReset+HardDistill,Hopper-v4,0
77077,reward,2127,36.03593564687264,133.987,P3O-dyn+AdaReset+HardDistill,Hopper-v4,0
77158,reward,2128,155.98763212626062,127.007,P3O-dyn+AdaReset+HardDistill,Hopper-v4,0
77205,reward,2129,80.15238001602471,112.111,P3O-dyn+AdaReset+HardDistill,Hopper-v4,0
77257,reward,2130,93.80824178396692,104.328,P3O-dyn+AdaReset+HardDistill,Hopper-v4,0
77359,reward,2131,228.10251084456536,120.544,P3O-dyn+AdaReset+HardDistill,Hopper-v4,0
77403,reward,2132,77.51865928058861,110.65,P3O-dyn+AdaReset+HardDistill,Hopper-v4,0
77507,reward,2133,204.3701823015704,116.832,P3O-dyn+AdaReset+HardDistill,Hopper-v4,0
77635,reward,2134,207.1898193518453,129.625,P3O-dyn+AdaReset+HardDistill,Hopper-v4,0
77701,reward,2135,125.93872420196865,132.129,P3O-dyn+AdaReset+HardDistill,Hopper-v4,0
77728,reward,2136,23.38349387355229,123.249,P3O-dyn+AdaReset+HardDistill,Hopper-v4,0
77816,reward,2137,158.0974369163268,135.455,P3O-dyn+AdaReset+HardDistill,Hopper-v4,0
77911,reward,2138,201.10566876304958,139.967,P3O-dyn+AdaReset+HardDistill,Hopper-v4,0
77967,reward,2139,90.89270528149419,141.041,P3O-dyn+AdaReset+HardDistill,Hopper-v4,0
77996,reward,2140,32.68676206067983,134.929,P3O-dyn+AdaReset+HardDistill,Hopper-v4,0
78061,reward,2141,111.951016206407,123.313,P3O-dyn+AdaReset+HardDistill,Hopper-v4,0
78096,reward,2142,41.757103124453266,119.737,P3O-dyn+AdaReset+HardDistill,Hopper-v4,0
78207,reward,2143,223.61603755861685,121.662,P3O-dyn+AdaReset+HardDistill,Hopper-v4,0
78287,reward,2144,157.95970943952082,116.739,P3O-dyn+AdaReset+HardDistill,Hopper-v4,0
78358,reward,2145,135.8278350965557,117.728,P3O-dyn+AdaReset+HardDistill,Hopper-v4,0
78414,reward,2146,103.30431822050615,125.72,P3O-dyn+AdaReset+HardDistill,Hopper-v4,0
78477,reward,2147,103.2646317418895,120.237,P3O-dyn+AdaReset+HardDistill,Hopper-v4,0
78552,reward,2148,148.69264620869936,114.995,P3O-dyn+AdaReset+HardDistill,Hopper-v4,0
78639,reward,2149,163.33450970190526,122.239,P3O-dyn+AdaReset+HardDistill,Hopper-v4,0
78714,reward,2150,151.92403095676573,134.163,P3O-dyn+AdaReset+HardDistill,Hopper-v4,0
78760,reward,2151,35.77201160010485,126.545,P3O-dyn+AdaReset+HardDistill,Hopper-v4,0
78849,reward,2152,175.42302086928228,139.912,P3O-dyn+AdaReset+HardDistill,Hopper-v4,0
78944,reward,2153,134.010535626136,130.951,P3O-dyn+AdaReset+HardDistill,Hopper-v4,0
79041,reward,2154,171.41720971849867,132.297,P3O-dyn+AdaReset+HardDistill,Hopper-v4,0
79135,reward,2155,200.88386804545132,138.803,P3O-dyn+AdaReset+HardDistill,Hopper-v4,0
79201,reward,2156,129.19378732862393,141.392,P3O-dyn+AdaReset+HardDistill,Hopper-v4,0
79292,reward,2157,156.32069273857743,146.697,P3O-dyn+AdaReset+HardDistill,Hopper-v4,0
79401,reward,2158,174.86871655230644,149.315,P3O-dyn+AdaReset+HardDistill,Hopper-v4,0
79432,reward,2159,39.36173739946996,136.918,P3O-dyn+AdaReset+HardDistill,Hopper-v4,0
79539,reward,2160,206.18828150549967,142.344,P3O-dyn+AdaReset+HardDistill,Hopper-v4,0
79601,reward,2161,113.43197803992737,150.11,P3O-dyn+AdaReset+HardDistill,Hopper-v4,0
79739,reward,2162,241.74838325562027,156.743,P3O-dyn+AdaReset+HardDistill,Hopper-v4,0
79801,reward,2163,116.822204476861,155.024,P3O-dyn+AdaReset+HardDistill,Hopper-v4,0
79876,reward,2164,155.32877980522656,153.415,P3O-dyn+AdaReset+HardDistill,Hopper-v4,0
80000,speed,1693.48,1.42,P3O-dyn+AdaReset+HardDistill,Hopper-v4,0
80004,reward,2165,244.12578069556278,157.739,P3O-dyn+AdaReset+HardDistill,Hopper-v4,0
80069,reward,2166,105.1754936293457,155.337,P3O-dyn+AdaReset+HardDistill,Hopper-v4,0
80104,reward,2167,29.933628088568977,142.698,P3O-dyn+AdaReset+HardDistill,Hopper-v4,0
80192,reward,2168,157.24475840114192,140.936,P3O-dyn+AdaReset+HardDistill,Hopper-v4,0
80261,reward,2169,131.1838906679297,150.118,P3O-dyn+AdaReset+HardDistill,Hopper-v4,0
80344,reward,2170,149.20514489486808,144.42,P3O-dyn+AdaReset+HardDistill,Hopper-v4,0
80413,reward,2171,128.0860623507094,145.885,P3O-dyn+AdaReset+HardDistill,Hopper-v4,0
80482,reward,2172,138.07155172499077,135.518,P3O-dyn+AdaReset+HardDistill,Hopper-v4,0
80565,reward,2173,119.70602238254595,135.806,P3O-dyn+AdaReset+HardDistill,Hopper-v4,0
80591,reward,2174,17.613447569852273,122.035,P3O-dyn+AdaReset+HardDistill,Hopper-v4,0
80660,reward,2175,141.53250353315394,111.775,P3O-dyn+AdaReset+HardDistill,Hopper-v4,0
80777,reward,2176,223.09145967910254,123.567,P3O-dyn+AdaReset+HardDistill,Hopper-v4,0
80841,reward,2177,115.61605052466163,132.135,P3O-dyn+AdaReset+HardDistill,Hopper-v4,0
80920,reward,2178,124.1890538121964,128.83,P3O-dyn+AdaReset+HardDistill,Hopper-v4,0
81059,reward,2179,236.85679352716824,139.397,P3O-dyn+AdaReset+HardDistill,Hopper-v4,0
81112,reward,2180,66.85831549014532,131.162,P3O-dyn+AdaReset+HardDistill,Hopper-v4,0
81194,reward,2181,137.19157133259102,132.073,P3O-dyn+AdaReset+HardDistill,Hopper-v4,0
81248,reward,2182,96.68312426612025,127.934,P3O-dyn+AdaReset+HardDistill,Hopper-v4,0
81268,reward,2183,20.844348408685658,118.048,P3O-dyn+AdaReset+HardDistill,Hopper-v4,0
81300,reward,2184,38.11486112703725,120.098,P3O-dyn+AdaReset+HardDistill,Hopper-v4,0
81408,reward,2185,223.32271312219572,128.277,P3O-dyn+AdaReset+HardDistill,Hopper-v4,0
81468,reward,2186,105.14955398385014,116.483,P3O-dyn+AdaReset+HardDistill,Hopper-v4,0
81491,reward,2187,26.75319008939841,107.596,P3O-dyn+AdaReset+HardDistill,Hopper-v4,0
81578,reward,2188,168.85663970454436,112.063,P3O-dyn+AdaReset+HardDistill,Hopper-v4,0
81651,reward,2189,145.22162167559236,102.9,P3O-dyn+AdaReset+HardDistill,Hopper-v4,0
81752,reward,2190,171.2802980324476,113.342,P3O-dyn+AdaReset+HardDistill,Hopper-v4,0
81817,reward,2191,122.28711281658285,111.851,P3O-dyn+AdaReset+HardDistill,Hopper-v4,0
81903,reward,2192,156.4367218047605,117.827,P3O-dyn+AdaReset+HardDistill,Hopper-v4,0
81920,loss,-0.01664988324046135,2.65289568901062,P3O-dyn+AdaReset+HardDistill,Hopper-v4,0
82006,reward,2193,180.55210805767874,133.797,P3O-dyn+AdaReset+HardDistill,Hopper-v4,0
82054,reward,2194,81.3344581899246,138.119,P3O-dyn+AdaReset+HardDistill,Hopper-v4,0
82109,reward,2195,93.67519342054153,125.155,P3O-dyn+AdaReset+HardDistill,Hopper-v4,0
82152,reward,2196,39.34733285839346,118.574,P3O-dyn+AdaReset+HardDistill,Hopper-v4,0
82199,reward,2197,71.96100987969093,123.095,P3O-dyn+AdaReset+HardDistill,Hopper-v4,0
82256,reward,2198,86.27343343398259,114.837,P3O-dyn+AdaReset+HardDistill,Hopper-v4,0
82281,reward,2199,30.18878308536857,103.334,P3O-dyn+AdaReset+HardDistill,Hopper-v4,0
82317,reward,2200,49.39480807884436,91.145,P3O-dyn+AdaReset+HardDistill,Hopper-v4,0
82356,reward,2201,55.35654493330194,84.452,P3O-dyn+AdaReset+HardDistill,Hopper-v4,0
82388,reward,2202,20.648457744426864,70.873,P3O-dyn+AdaReset+HardDistill,Hopper-v4,0
82421,reward,2203,35.42368127796932,56.36,P3O-dyn+AdaReset+HardDistill,Hopper-v4,0
82530,reward,2204,208.20143824776133,69.047,P3O-dyn+AdaReset+HardDistill,Hopper-v4,0
82602,reward,2205,127.83412276430072,72.463,P3O-dyn+AdaReset+HardDistill,Hopper-v4,0
82629,reward,2206,26.267997331250942,71.155,P3O-dyn+AdaReset+HardDistill,Hopper-v4,0
82688,reward,2207,102.63366223582979,74.222,P3O-dyn+AdaReset+HardDistill,Hopper-v4,0
82788,reward,2208,208.63706389324972,86.459,P3O-dyn+AdaReset+HardDistill,Hopper-v4,0
82900,reward,2209,207.40016790390825,104.18,P3O-dyn+AdaReset+HardDistill,Hopper-v4,0
82942,reward,2210,69.88624426589193,106.229,P3O-dyn+AdaReset+HardDistill,Hopper-v4,0
83013,reward,2211,58.27925865122807,106.521,P3O-dyn+AdaReset+HardDistill,Hopper-v4,0
83120,reward,2212,197.53394371085628,124.21,P3O-dyn+AdaReset+HardDistill,Hopper-v4,0
83195,reward,2213,152.14175655328324,135.882,P3O-dyn+AdaReset+HardDistill,Hopper-v4,0
83316,reward,2214,192.27558630334175,134.289,P3O-dyn+AdaReset+HardDistill,Hopper-v4,0
83358,reward,2215,66.69230489068393,128.175,P3O-dyn+AdaReset+HardDistill,Hopper-v4,0
83412,reward,2216,90.23661000944952,134.572,P3O-dyn+AdaReset+HardDistill,Hopper-v4,0
83465,reward,2217,68.29124378630344,131.137,P3O-dyn+AdaReset+HardDistill,Hopper-v4,0
83605,reward,2218,269.61297157752716,137.235,P3O-dyn+AdaReset+HardDistill,Hopper-v4,0
83736,reward,2219,252.706796905671,141.766,P3O-dyn+AdaReset+HardDistill,Hopper-v4,0
83852,reward,2220,198.11455570607475,154.589,P3O-dyn+AdaReset+HardDistill,Hopper-v4,0
83970,reward,2221,223.53651298451055,171.114,P3O-dyn+AdaReset+HardDistill,Hopper-v4,0
83995,reward,2222,26.147336060257988,153.976,P3O-dyn+AdaReset+HardDistill,Hopper-v4,0
84054,reward,2223,66.24478515739835,145.386,P3O-dyn+AdaReset+HardDistill,Hopper-v4,0
84075,reward,2224,18.030825637761687,127.961,P3O-dyn+AdaReset+HardDistill,Hopper-v4,0
84166,reward,2225,175.77753963112144,138.87,P3O-dyn+AdaReset+HardDistill,Hopper-v4,0
84221,reward,2226,95.15569805842846,139.362,P3O-dyn+AdaReset+HardDistill,Hopper-v4,0
84276,reward,2227,95.45992775199119,142.079,P3O-dyn+AdaReset+HardDistill,Hopper-v4,0
84312,reward,2228,26.129063831419135,117.73,P3O-dyn+AdaReset+HardDistill,Hopper-v4,0
84362,reward,2229,66.07778773763441,99.067,P3O-dyn+AdaReset+HardDistill,Hopper-v4,0
84431,reward,2230,131.694856663502,92.425,P3O-dyn+AdaReset+HardDistill,Hopper-v4,0
84507,reward,2231,144.41250097988555,84.513,P3O-dyn+AdaReset+HardDistill,Hopper-v4,0
84628,reward,2232,250.31122312450955,106.929,P3O-dyn+AdaReset+HardDistill,Hopper-v4,0
84652,reward,2233,25.097234674245904,102.815,P3O-dyn+AdaReset+HardDistill,Hopper-v4,0
84693,reward,2234,58.54499255100919,106.866,P3O-dyn+AdaReset+HardDistill,Hopper-v4,0
84731,reward,2235,54.030356104263944,94.691,P3O-dyn+AdaReset+HardDistill,Hopper-v4,0
84761,reward,2236,40.45903140643237,89.222,P3O-dyn+AdaReset+HardDistill,Hopper-v4,0
84805,reward,2237,59.77142676226845,85.653,P3O-dyn+AdaReset+HardDistill,Hopper-v4,0
84825,reward,2238,17.6379604133161,84.804,P3O-dyn+AdaReset+HardDistill,Hopper-v4,0
84865,reward,2239,58.7633898993876,84.072,P3O-dyn+AdaReset+HardDistill,Hopper-v4,0
84932,reward,2240,124.88077793984051,83.391,P3O-dyn+AdaReset+HardDistill,Hopper-v4,0
85003,reward,2241,129.8376534817222,81.933,P3O-dyn+AdaReset+HardDistill,Hopper-v4,0
85063,reward,2242,39.11385510314063,60.814,P3O-dyn+AdaReset+HardDistill,Hopper-v4,0
85134,reward,2243,132.63455765309553,71.567,P3O-dyn+AdaReset+HardDistill,Hopper-v4,0
85167,reward,2244,14.922306165230593,67.205,P3O-dyn+AdaReset+HardDistill,Hopper-v4,0
85272,reward,2245,181.50324098200923,79.952,P3O-dyn+AdaReset+HardDistill,Hopper-v4,0
85411,reward,2246,258.753020140278,101.782,P3O-dyn+AdaReset+HardDistill,Hopper-v4,0
85496,reward,2247,123.48540054175277,108.153,P3O-dyn+AdaReset+HardDistill,Hopper-v4,0
85609,reward,2248,255.49091889062302,131.939,P3O-dyn+AdaReset+HardDistill,Hopper-v4,0
85737,reward,2249,167.35390509494306,142.798,P3O-dyn+AdaReset+HardDistill,Hopper-v4,0
85752,reward,2250,10.345695926393438,131.344,P3O-dyn+AdaReset+HardDistill,Hopper-v4,0
85823,reward,2251,109.83489000477581,129.344,P3O-dyn+AdaReset+HardDistill,Hopper-v4,0
85875,reward,2252,81.90850126393651,133.623,P3O-dyn+AdaReset+HardDistill,Hopper-v4,0
85905,reward,2253,37.6049062473908,124.12,P3O-dyn+AdaReset+HardDistill,Hopper-v4,0
85986,reward,2254,143.41007272206437,136.969,P3O-dyn+AdaReset+HardDistill,Hopper-v4,0
86099,reward,2255,204.24455145618933,139.243,P3O-dyn+AdaReset+HardDistill,Hopper-v4,0
86139,reward,2256,56.03098826466903,118.971,P3O-dyn+AdaReset+HardDistill,Hopper-v4,0
86216,reward,2257,134.56448496213366,120.079,P3O-dyn+AdaReset+HardDistill,Hopper-v4,0
86308,reward,2258,170.77029404768646,111.607,P3O-dyn+AdaReset+HardDistill,Hopper-v4,0
86416,reward,2259,240.70393130976188,118.942,P3O-dyn+AdaReset+HardDistill,Hopper-v4,0
86445,reward,2260,16.17128221148177,119.524,P3O-dyn+AdaReset+HardDistill,Hopper-v4,0
86541,reward,2261,178.69600200518477,126.411,P3O-dyn+AdaReset+HardDistill,Hopper-v4,0
86593,reward,2262,81.27441996446365,126.347,P3O-dyn+AdaReset+HardDistill,Hopper-v4,0
86656,reward,2263,102.12444958269288,132.799,P3O-dyn+AdaReset+HardDistill,Hopper-v4,0
86715,reward,2264,101.61839395208644,128.62,P3O-dyn+AdaReset+HardDistill,Hopper-v4,0
86828,reward,2265,212.28961039006393,129.424,P3O-dyn+AdaReset+HardDistill,Hopper-v4,0
86952,reward,2266,222.27036689651916,146.048,P3O-dyn+AdaReset+HardDistill,Hopper-v4,0
87001,reward,2267,67.53571425892076,139.345,P3O-dyn+AdaReset+HardDistill,Hopper-v4,0
87015,reward,2268,6.209058489636891,122.889,P3O-dyn+AdaReset+HardDistill,Hopper-v4,0
87059,reward,2269,59.778190353401676,104.797,P3O-dyn+AdaReset+HardDistill,Hopper-v4,0
87125,reward,2270,108.06084762885295,113.986,P3O-dyn+AdaReset+HardDistill,Hopper-v4,0
87255,reward,2271,172.98727967634758,113.415,P3O-dyn+AdaReset+HardDistill,Hopper-v4,0
87380,reward,2272,214.1701171289718,126.704,P3O-dyn+AdaReset+HardDistill,Hopper-v4,0
87457,reward,2273,142.92064130680689,130.784,P3O-dyn+AdaReset+HardDistill,Hopper-v4,0
87520,reward,2274,90.7633486550812,129.699,P3O-dyn+AdaReset+HardDistill,Hopper-v4,0
87544,reward,2275,27.673169358163893,111.237,P3O-dyn+AdaReset+HardDistill,Hopper-v4,0
87644,reward,2276,190.0085769142137,108.011,P3O-dyn+AdaReset+HardDistill,Hopper-v4,0
87740,reward,2277,179.46707213469543,119.204,P3O-dyn+AdaReset+HardDistill,Hopper-v4,0
87788,reward,2278,72.43335474890642,125.826,P3O-dyn+AdaReset+HardDistill,Hopper-v4,0
87890,reward,2279,186.11459009011446,138.46,P3O-dyn+AdaReset+HardDistill,Hopper-v4,0
87935,reward,2280,73.24763206068019,134.979,P3O-dyn+AdaReset+HardDistill,Hopper-v4,0
88007,reward,2281,122.60006190813122,129.94,P3O-dyn+AdaReset+HardDistill,Hopper-v4,0
88079,reward,2282,118.86149699973666,120.409,P3O-dyn+AdaReset+HardDistill,Hopper-v4,0
88153,reward,2283,113.83138480167834,117.5,P3O-dyn+AdaReset+HardDistill,Hopper-v4,0
88288,reward,2284,263.0255097490062,134.726,P3O-dyn+AdaReset+HardDistill,Hopper-v4,0
88368,reward,2285,67.92521075235442,138.751,P3O-dyn+AdaReset+HardDistill,Hopper-v4,0
88398,reward,2286,51.40153538805718,124.891,P3O-dyn+AdaReset+HardDistill,Hopper-v4,0
88484,reward,2287,168.74742245633593,123.819,P3O-dyn+AdaReset+HardDistill,Hopper-v4,0
88530,reward,2288,72.31728851099906,123.807,P3O-dyn+AdaReset+HardDistill,Hopper-v4,0
88599,reward,2289,127.07843535351229,117.904,P3O-dyn+AdaReset+HardDistill,Hopper-v4,0
88715,reward,2290,194.98145012382486,130.077,P3O-dyn+AdaReset+HardDistill,Hopper-v4,0
88739,reward,2291,15.05880365928201,119.323,P3O-dyn+AdaReset+HardDistill,Hopper-v4,0
88858,reward,2292,210.7379286553065,128.51,P3O-dyn+AdaReset+HardDistill,Hopper-v4,0
88943,reward,2293,162.68262118787723,133.396,P3O-dyn+AdaReset+HardDistill,Hopper-v4,0
88973,reward,2294,24.639083847484276,109.557,P3O-dyn+AdaReset+HardDistill,Hopper-v4,0
89115,reward,2295,252.18403769261715,127.983,P3O-dyn+AdaReset+HardDistill,Hopper-v4,0
89159,reward,2296,70.27128156913494,129.87,P3O-dyn+AdaReset+HardDistill,Hopper-v4,0
89200,reward,2297,66.99668649969865,119.695,P3O-dyn+AdaReset+HardDistill,Hopper-v4,0
89218,reward,2298,12.17709377665918,113.681,P3O-dyn+AdaReset+HardDistill,Hopper-v4,0
89261,reward,2299,63.84100483692302,107.357,P3O-dyn+AdaReset+HardDistill,Hopper-v4,0
89299,reward,2300,47.67845689691728,92.627,P3O-dyn+AdaReset+HardDistill,Hopper-v4,0
89365,reward,2301,110.98798491552536,102.22,P3O-dyn+AdaReset+HardDistill,Hopper-v4,0
89400,reward,2302,13.269544853757576,82.473,P3O-dyn+AdaReset+HardDistill,Hopper-v4,0
89447,reward,2303,81.4637228391752,74.351,P3O-dyn+AdaReset+HardDistill,Hopper-v4,0
89513,reward,2304,117.29518272593204,83.616,P3O-dyn+AdaReset+HardDistill,Hopper-v4,0
89578,reward,2305,110.21185531747439,69.419,P3O-dyn+AdaReset+HardDistill,Hopper-v4,0
89595,reward,2306,15.74114941338224,63.966,P3O-dyn+AdaReset+HardDistill,Hopper-v4,0
89653,reward,2307,88.67551642861895,66.134,P3O-dyn+AdaReset+HardDistill,Hopper-v4,0
89676,reward,2308,24.27080957272841,67.344,P3O-dyn+AdaReset+HardDistill,Hopper-v4,0
89699,reward,2309,25.19924658900672,63.479,P3O-dyn+AdaReset+HardDistill,Hopper-v4,0
89793,reward,2310,145.54082400173212,73.266,P3O-dyn+AdaReset+HardDistill,Hopper-v4,0
89841,reward,2311,82.7514915975191,70.442,P3O-dyn+AdaReset+HardDistill,Hopper-v4,0
89925,reward,2312,149.7802832210079,84.093,P3O-dyn+AdaReset+HardDistill,Hopper-v4,0
89972,reward,2313,77.23073163799452,83.67,P3O-dyn+AdaReset+HardDistill,Hopper-v4,0
90000,speed,1652.12,1.52,P3O-dyn+AdaReset+HardDistill,Hopper-v4,0
90011,reward,2314,60.25853541461919,77.966,P3O-dyn+AdaReset+HardDistill,Hopper-v4,0
90104,reward,2315,159.15649181160708,82.861,P3O-dyn+AdaReset+HardDistill,Hopper-v4,0
90112,loss,-0.020184915512800217,3.9551546573638916,P3O-dyn+AdaReset+HardDistill,Hopper-v4,0
90220,reward,2316,197.42455330889038,101.029,P3O-dyn+AdaReset+HardDistill,Hopper-v4,0
90282,reward,2317,106.2880221990052,102.79,P3O-dyn+AdaReset+HardDistill,Hopper-v4,0
90332,reward,2318,35.469703148161365,103.91,P3O-dyn+AdaReset+HardDistill,Hopper-v4,0
90363,reward,2319,52.75696704183311,106.666,P3O-dyn+AdaReset+HardDistill,Hopper-v4,0
90448,reward,2320,147.69370119712346,106.881,P3O-dyn+AdaReset+HardDistill,Hopper-v4,0
90537,reward,2321,192.22875510168026,117.829,P3O-dyn+AdaReset+HardDistill,Hopper-v4,0
90575,reward,2322,26.810886770243712,105.532,P3O-dyn+AdaReset+HardDistill,Hopper-v4,0
90653,reward,2323,132.52829018396366,111.062,P3O-dyn+AdaReset+HardDistill,Hopper-v4,0
90675,reward,2324,21.986692750601666,107.234,P3O-dyn+AdaReset+HardDistill,Hopper-v4,0
90789,reward,2325,243.09386024810445,115.628,P3O-dyn+AdaReset+HardDistill,Hopper-v4,0
90877,reward,2326,145.6262733403652,110.448,P3O-dyn+AdaReset+HardDistill,Hopper-v4,0
90913,reward,2327,60.83368500488793,105.903,P3O-dyn+AdaReset+HardDistill,Hopper-v4,0
91023,reward,2328,171.96849993591104,119.553,P3O-dyn+AdaReset+HardDistill,Hopper-v4,0
91117,reward,2329,166.18150004702727,130.895,P3O-dyn+AdaReset+HardDistill,Hopper-v4,0
91165,reward,2330,75.73313105158518,123.699,P3O-dyn+AdaReset+HardDistill,Hopper-v4,0
91226,reward,2331,102.18564778277593,114.695,P3O-dyn+AdaReset+HardDistill,Hopper-v4,0
91338,reward,2332,216.70685961134808,133.684,P3O-dyn+AdaReset+HardDistill,Hopper-v4,0
91536,reward,2333,320.2087728553983,152.452,P3O-dyn+AdaReset+HardDistill,Hopper-v4,0
91611,reward,2334,114.06567063065624,161.66,P3O-dyn+AdaReset+HardDistill,Hopper-v4,0
91729,reward,2335,180.5788693931122,155.409,P3O-dyn+AdaReset+HardDistill,Hopper-v4,0
91799,reward,2336,121.76499665002544,153.023,P3O-dyn+AdaReset+HardDistill,Hopper-v4,0
91871,reward,2337,135.56461145592584,160.496,P3O-dyn+AdaReset+HardDistill,Hopper-v4,0
91945,reward,2338,143.14935334235304,157.614,P3O-dyn+AdaReset+HardDistill,Hopper-v4,0
92012,reward,2339,115.83286554865133,152.579,P3O-dyn+AdaReset+HardDistill,Hopper-v4,0
92080,reward,2340,84.88232117676966,153.494,P3O-dyn+AdaReset+HardDistill,Hopper-v4,0
92119,reward,2341,59.623323705350074,149.238,P3O-dyn+AdaReset+HardDistill,Hopper-v4,0
92158,reward,2342,57.428019531938375,133.31,P3O-dyn+AdaReset+HardDistill,Hopper-v4,0
92307,reward,2343,325.80668055238345,133.87,P3O-dyn+AdaReset+HardDistill,Hopper-v4,0
92420,reward,2344,260.5410586539546,148.517,P3O-dyn+AdaReset+HardDistill,Hopper-v4,0
92473,reward,2345,90.22495897278019,139.482,P3O-dyn+AdaReset+HardDistill,Hopper-v4,0
92541,reward,2346,130.54515375118538,140.36,P3O-dyn+AdaReset+HardDistill,Hopper-v4,0
92567,reward,2347,31.434419802191904,129.947,P3O-dyn+AdaReset+HardDistill,Hopper-v4,0
92600,reward,2348,24.056613917028134,118.038,P3O-dyn+AdaReset+HardDistill,Hopper-v4,0
92629,reward,2349,32.94402290083173,109.749,P3O-dyn+AdaReset+HardDistill,Hopper-v4,0
92708,reward,2350,134.4420440658887,114.705,P3O-dyn+AdaReset+HardDistill,Hopper-v4,0
92726,reward,2351,10.956896644112973,109.838,P3O-dyn+AdaReset+HardDistill,Hopper-v4,0
92770,reward,2352,71.44426091022328,111.24,P3O-dyn+AdaReset+HardDistill,Hopper-v4,0
92827,reward,2353,104.41359505651651,89.1,P3O-dyn+AdaReset+HardDistill,Hopper-v4,0
92893,reward,2354,115.86331633432016,74.633,P3O-dyn+AdaReset+HardDistill,Hopper-v4,0
92944,reward,2355,88.34507859464753,74.445,P3O-dyn+AdaReset+HardDistill,Hopper-v4,0
92972,reward,2356,11.225642160539797,62.513,P3O-dyn+AdaReset+HardDistill,Hopper-v4,0
93065,reward,2357,164.3799453461631,75.807,P3O-dyn+AdaReset+HardDistill,Hopper-v4,0
93096,reward,2358,38.06065338931725,77.208,P3O-dyn+AdaReset+HardDistill,Hopper-v4,0
93152,reward,2359,92.87710507193373,83.201,P3O-dyn+AdaReset+HardDistill,Hopper-v4,0
93201,reward,2360,73.88260673687267,77.145,P3O-dyn+AdaReset+HardDistill,Hopper-v4,0
93254,reward,2361,90.77790229079432,85.127,P3O-dyn+AdaReset+HardDistill,Hopper-v4,0
93351,reward,2362,199.28401083853538,97.911,P3O-dyn+AdaReset+HardDistill,Hopper-v4,0
93437,reward,2363,95.46115932583406,97.016,P3O-dyn+AdaReset+HardDistill,Hopper-v4,0
93560,reward,2364,177.21096619097875,103.151,P3O-dyn+AdaReset+HardDistill,Hopper-v4,0
93633,reward,2365,114.10033364237461,105.726,P3O-dyn+AdaReset+HardDistill,Hopper-v4,0
93719,reward,2366,118.6616329661854,116.47,P3O-dyn+AdaReset+HardDistill,Hopper-v4,0
93790,reward,2367,135.39211174797882,113.571,P3O-dyn+AdaReset+HardDistill,Hopper-v4,0
93875,reward,2368,166.29783036263538,126.395,P3O-dyn+AdaReset+HardDistill,Hopper-v4,0
93947,reward,2369,125.43711666300193,129.651,P3O-dyn+AdaReset+HardDistill,Hopper-v4,0
94066,reward,2370,178.99657524915492,140.162,P3O-dyn+AdaReset+HardDistill,Hopper-v4,0
94124,reward,2371,45.54120540128106,135.638,P3O-dyn+AdaReset+HardDistill,Hopper-v4,0
94182,reward,2372,72.43140570869092,122.953,P3O-dyn+AdaReset+HardDistill,Hopper-v4,0
94235,reward,2373,85.30000753790391,121.937,P3O-dyn+AdaReset+HardDistill,Hopper-v4,0
94292,reward,2374,100.45281514136494,114.261,P3O-dyn+AdaReset+HardDistill,Hopper-v4,0
94341,reward,2375,77.57407356463327,110.608,P3O-dyn+AdaReset+HardDistill,Hopper-v4,0
94444,reward,2376,175.81357242523285,116.324,P3O-dyn+AdaReset+HardDistill,Hopper-v4,0
94486,reward,2377,68.58306232876558,109.643,P3O-dyn+AdaReset+HardDistill,Hopper-v4,0
94583,reward,2378,201.4172248333989,113.155,P3O-dyn+AdaReset+HardDistill,Hopper-v4,0
94710,reward,2379,263.7948389501507,126.99,P3O-dyn+AdaReset+HardDistill,Hopper-v4,0
94776,reward,2380,122.1884388697249,121.31,P3O-dyn+AdaReset+HardDistill,Hopper-v4,0
94830,reward,2381,90.76230040909446,125.832,P3O-dyn+AdaReset+HardDistill,Hopper-v4,0
94855,reward,2382,20.428023388477637,120.631,P3O-dyn+AdaReset+HardDistill,Hopper-v4,0
94925,reward,2383,119.99219910129816,124.101,P3O-dyn+AdaReset+HardDistill,Hopper-v4,0
94946,reward,2384,21.64797497934309,116.22,P3O-dyn+AdaReset+HardDistill,Hopper-v4,0
95086,reward,2385,272.1520093861056,135.678,P3O-dyn+AdaReset+HardDistill,Hopper-v4,0
95120,reward,2386,16.990858486174393,119.796,P3O-dyn+AdaReset+HardDistill,Hopper-v4,0
95215,reward,2387,175.6406808401788,130.501,P3O-dyn+AdaReset+HardDistill,Hopper-v4,0
95327,reward,2388,183.3922961377556,128.699,P3O-dyn+AdaReset+HardDistill,Hopper-v4,0
95395,reward,2389,121.02043904872541,114.422,P3O-dyn+AdaReset+HardDistill,Hopper-v4,0
95442,reward,2390,76.94003536475277,109.897,P3O-dyn+AdaReset+HardDistill,Hopper-v4,0
95543,reward,2391,224.0016744428356,123.221,P3O-dyn+AdaReset+HardDistill,Hopper-v4,0
95637,reward,2392,179.94640998985753,139.172,P3O-dyn+AdaReset+HardDistill,Hopper-v4,0
95669,reward,2393,22.413294406827706,129.415,P3O-dyn+AdaReset+HardDistill,Hopper-v4,0
95745,reward,2394,84.08128565759472,135.658,P3O-dyn+AdaReset+HardDistill,Hopper-v4,0
95814,reward,2395,132.32390604754866,121.675,P3O-dyn+AdaReset+HardDistill,Hopper-v4,0
95883,reward,2396,125.82096532374023,132.558,P3O-dyn+AdaReset+HardDistill,Hopper-v4,0
95975,reward,2397,185.8382618474358,133.578,P3O-dyn+AdaReset+HardDistill,Hopper-v4,0
96022,reward,2398,75.05285857698473,122.744,P3O-dyn+AdaReset+HardDistill,Hopper-v4,0
96087,reward,2399,121.60274497505738,122.802,P3O-dyn+AdaReset+HardDistill,Hopper-v4,0
96155,reward,2400,78.56093234447744,122.964,P3O-dyn+AdaReset+HardDistill,Hopper-v4,0
96200,reward,2401,20.217514741897535,102.586,P3O-dyn+AdaReset+HardDistill,Hopper-v4,0
96291,reward,2402,176.5903318584551,102.25,P3O-dyn+AdaReset+HardDistill,Hopper-v4,0
96375,reward,2403,108.8121984740074,110.89,P3O-dyn+AdaReset+HardDistill,Hopper-v4,0
96427,reward,2404,70.47627414317633,109.53,P3O-dyn+AdaReset+HardDistill,Hopper-v4,0
96489,reward,2405,54.392688066011914,101.736,P3O-dyn+AdaReset+HardDistill,Hopper-v4,0
96556,reward,2406,96.81358872035409,98.836,P3O-dyn+AdaReset+HardDistill,Hopper-v4,0
96605,reward,2407,83.09855893985545,88.562,P3O-dyn+AdaReset+HardDistill,Hopper-v4,0
96677,reward,2408,130.82737623250392,94.139,P3O-dyn+AdaReset+HardDistill,Hopper-v4,0
96807,reward,2409,209.77958740279848,102.957,P3O-dyn+AdaReset+HardDistill,Hopper-v4,0
96839,reward,2410,33.92615392262563,98.493,P3O-dyn+AdaReset+HardDistill,Hopper-v4,0
96949,reward,2411,134.04817581591354,109.876,P3O-dyn+AdaReset+HardDistill,Hopper-v4,0
97011,reward,2412,109.81236781489046,103.199,P3O-dyn+AdaReset+HardDistill,Hopper-v4,0
97077,reward,2413,113.6445169339556,103.682,P3O-dyn+AdaReset+HardDistill,Hopper-v4,0
97116,reward,2414,54.07400400083253,102.042,P3O-dyn+AdaReset+HardDistill,Hopper-v4,0
97205,reward,2415,181.9655907463119,114.799,P3O-dyn+AdaReset+HardDistill,Hopper-v4,0
97224,reward,2416,19.383151851219182,107.056,P3O-dyn+AdaReset+HardDistill,Hopper-v4,0
97292,reward,2417,95.78708863172837,108.325,P3O-dyn+AdaReset+HardDistill,Hopper-v4,0
97384,reward,2418,162.7450701085665,111.517,P3O-dyn+AdaReset+HardDistill,Hopper-v4,0
97449,reward,2419,111.59032806322128,101.698,P3O-dyn+AdaReset+HardDistill,Hopper-v4,0
97513,reward,2420,107.90890979638776,109.096,P3O-dyn+AdaReset+HardDistill,Hopper-v4,0
97598,reward,2421,109.82084702394131,106.673,P3O-dyn+AdaReset+HardDistill,Hopper-v4,0
97688,reward,2422,174.9788263625476,113.19,P3O-dyn+AdaReset+HardDistill,Hopper-v4,0
97732,reward,2423,74.11148735641267,109.237,P3O-dyn+AdaReset+HardDistill,Hopper-v4,0
97780,reward,2424,80.24210365971808,111.853,P3O-dyn+AdaReset+HardDistill,Hopper-v4,0
97851,reward,2425,74.81780863309908,101.139,P3O-dyn+AdaReset+HardDistill,Hopper-v4,0
97864,reward,2426,7.889635822896935,99.989,P3O-dyn+AdaReset+HardDistill,Hopper-v4,0
97951,reward,2427,168.72847698974888,107.283,P3O-dyn+AdaReset+HardDistill,Hopper-v4,0
98067,reward,2428,205.49312248460012,111.558,P3O-dyn+AdaReset+HardDistill,Hopper-v4,0
98131,reward,2429,96.53263614050448,110.052,P3O-dyn+AdaReset+HardDistill,Hopper-v4,0
98155,reward,2430,14.11491000632202,100.673,P3O-dyn+AdaReset+HardDistill,Hopper-v4,0
98304,loss,-0.012819726020097733,2.2743308544158936,P3O-dyn+AdaReset+HardDistill,Hopper-v4,0
98344,reward,2431,334.8930018678243,123.18,P3O-dyn+AdaReset+HardDistill,Hopper-v4,0
98445,reward,2432,180.37922706003002,123.72,P3O-dyn+AdaReset+HardDistill,Hopper-v4,0
98529,reward,2433,128.8110261289349,129.19,P3O-dyn+AdaReset+HardDistill,Hopper-v4,0
98702,reward,2434,292.8853355515307,150.455,P3O-dyn+AdaReset+HardDistill,Hopper-v4,0
98822,reward,2435,183.67201821540684,161.34,P3O-dyn+AdaReset+HardDistill,Hopper-v4,0
98862,reward,2436,65.99427901403907,167.15,P3O-dyn+AdaReset+HardDistill,Hopper-v4,0
98935,reward,2437,67.58339471331621,157.036,P3O-dyn+AdaReset+HardDistill,Hopper-v4,0
99055,reward,2438,189.03269399949716,155.39,P3O-dyn+AdaReset+HardDistill,Hopper-v4,0
99101,reward,2439,29.21786951880028,148.658,P3O-dyn+AdaReset+HardDistill,Hopper-v4,0
99147,reward,2440,70.28797637531994,154.276,P3O-dyn+AdaReset+HardDistill,Hopper-v4,0
99263,reward,2441,245.1168977075905,145.298,P3O-dyn+AdaReset+HardDistill,Hopper-v4,0
99318,reward,2442,95.87100392091493,136.847,P3O-dyn+AdaReset+HardDistill,Hopper-v4,0
99433,reward,2443,171.77527800756857,141.144,P3O-dyn+AdaReset+HardDistill,Hopper-v4,0
99508,reward,2444,144.533751180952,126.309,P3O-dyn+AdaReset+HardDistill,Hopper-v4,0
99563,reward,2445,95.60061217894904,117.501,P3O-dyn+AdaReset+HardDistill,Hopper-v4,0
99634,reward,2446,105.26592682938517,121.429,P3O-dyn+AdaReset+HardDistill,Hopper-v4,0
99653,reward,2447,16.21873017330619,116.292,P3O-dyn+AdaReset+HardDistill,Hopper-v4,0
99725,reward,2448,73.07395501966525,104.696,P3O-dyn+AdaReset+HardDistill,Hopper-v4,0
99811,reward,2449,124.55308144089528,114.23,P3O-dyn+AdaReset+HardDistill,Hopper-v4,0
99912,reward,2450,105.46856220012592,117.748,P3O-dyn+AdaReset+HardDistill,Hopper-v4,0
99939,reward,2451,9.112661022761923,94.147,P3O-dyn+AdaReset+HardDistill,Hopper-v4,0
100000,speed,1716.5,1.62,P3O-dyn+AdaReset+HardDistill,Hopper-v4,0
100000,sbp,0.4,0.4,0.3438,P3O-dyn+AdaReset+HardDistill,Hopper-v4,0,0.01517,1,1.290406,0.82596,0.017594,0.014202,4.248605,4.257079,0.56231,0.238838,0.001995,0.646303,1.135956,0.002468,0.001069,1
100053,reward,2452,198.89319800122698,104.45,P3O-dyn+AdaReset+HardDistill,Hopper-v4,0
100088,reward,2453,32.86077603081035,90.558,P3O-dyn+AdaReset+HardDistill,Hopper-v4,0
100185,reward,2454,112.92876150817395,87.398,P3O-dyn+AdaReset+HardDistill,Hopper-v4,0
100211,reward,2455,29.577437076226346,80.795,P3O-dyn+AdaReset+HardDistill,Hopper-v4,0
100281,reward,2456,126.87542889613935,82.956,P3O-dyn+AdaReset+HardDistill,Hopper-v4,0
100370,reward,2457,163.1672451768186,97.651,P3O-dyn+AdaReset+HardDistill,Hopper-v4,0
100466,reward,2458,110.43308741281939,101.387,P3O-dyn+AdaReset+HardDistill,Hopper-v4,0
100516,reward,2459,79.92493397598788,96.924,P3O-dyn+AdaReset+HardDistill,Hopper-v4,0
100553,reward,2460,51.85559339309493,91.563,P3O-dyn+AdaReset+HardDistill,Hopper-v4,0
100613,reward,2461,74.8556311747003,98.137,P3O-dyn+AdaReset+HardDistill,Hopper-v4,0
100684,reward,2462,132.69198676417963,91.517,P3O-dyn+AdaReset+HardDistill,Hopper-v4,0
100811,reward,2463,164.59003046581142,104.69,P3O-dyn+AdaReset+HardDistill,Hopper-v4,0
100843,reward,2464,42.91521206758728,97.689,P3O-dyn+AdaReset+HardDistill,Hopper-v4,0
100912,reward,2465,62.30204296562805,100.961,P3O-dyn+AdaReset+HardDistill,Hopper-v4,0
100975,reward,2466,110.78908667935465,99.352,P3O-dyn+AdaReset+HardDistill,Hopper-v4,0
101058,reward,2467,123.65732200772253,95.401,P3O-dyn+AdaReset+HardDistill,Hopper-v4,0
101127,reward,2468,129.14239175271678,97.272,P3O-dyn+AdaReset+HardDistill,Hopper-v4,0
101201,reward,2469,127.82219823036075,102.062,P3O-dyn+AdaReset+HardDistill,Hopper-v4,0
101297,reward,2470,168.04401751462674,113.681,P3O-dyn+AdaReset+HardDistill,Hopper-v4,0
101352,reward,2471,92.50545932487073,115.446,P3O-dyn+AdaReset+HardDistill,Hopper-v4,0
101423,reward,2472,107.23359608137794,112.9,P3O-dyn+AdaReset+HardDistill,Hopper-v4,0
101494,reward,2473,129.1851759808458,109.36,P3O-dyn+AdaReset+HardDistill,Hopper-v4,0
101521,reward,2474,16.70472364228564,106.739,P3O-dyn+AdaReset+HardDistill,Hopper-v4,0
101596,reward,2475,133.80208882438043,113.889,P3O-dyn+AdaReset+HardDistill,Hopper-v4,0
101680,reward,2476,180.0861186552737,120.818,P3O-dyn+AdaReset+HardDistill,Hopper-v4,0
101760,reward,2477,134.84410815785765,121.937,P3O-dyn+AdaReset+HardDistill,Hopper-v4,0
101835,reward,2478,83.07231293560643,117.33,P3O-dyn+AdaReset+HardDistill,Hopper-v4,0
101912,reward,2479,155.28942833203914,120.077,P3O-dyn+AdaReset+HardDistill,Hopper-v4,0
102038,reward,2480,198.61468358636432,123.134,P3O-dyn+AdaReset+HardDistill,Hopper-v4,0
102077,reward,2481,24.80081040117027,116.363,P3O-dyn+AdaReset+HardDistill,Hopper-v4,0
102131,reward,2482,66.97167231934166,112.337,P3O-dyn+AdaReset+HardDistill,Hopper-v4,0
102172,reward,2483,36.64579705174853,103.083,P3O-dyn+AdaReset+HardDistill,Hopper-v4,0
102248,reward,2484,119.3695201835892,113.35,P3O-dyn+AdaReset+HardDistill,Hopper-v4,0
102310,reward,2485,94.01119682650395,109.371,P3O-dyn+AdaReset+HardDistill,Hopper-v4,0
102381,reward,2486,137.68753761244974,105.131,P3O-dyn+AdaReset+HardDistill,Hopper-v4,0
102468,reward,2487,174.45618428090333,109.092,P3O-dyn+AdaReset+HardDistill,Hopper-v4,0
102580,reward,2488,178.12536750129968,118.597,P3O-dyn+AdaReset+HardDistill,Hopper-v4,0
102661,reward,2489,146.05727444860813,117.674,P3O-dyn+AdaReset+HardDistill,Hopper-v4,0
102760,reward,2490,182.78908678644763,116.091,P3O-dyn+AdaReset+HardDistill,Hopper-v4,0
102806,reward,2491,54.161848747027356,119.028,P3O-dyn+AdaReset+HardDistill,Hopper-v4,0
102854,reward,2492,73.80990020527335,119.711,P3O-dyn+AdaReset+HardDistill,Hopper-v4,0
102929,reward,2493,146.97845605925144,130.745,P3O-dyn+AdaReset+HardDistill,Hopper-v4,0
102983,reward,2494,96.39174976024084,128.447,P3O-dyn+AdaReset+HardDistill,Hopper-v4,0
103049,reward,2495,118.70725302884361,130.916,P3O-dyn+AdaReset+HardDistill,Hopper-v4,0
103167,reward,2496,208.8134120056293,138.029,P3O-dyn+AdaReset+HardDistill,Hopper-v4,0
103220,reward,2497,87.95445460140958,129.379,P3O-dyn+AdaReset+HardDistill,Hopper-v4,0
103292,reward,2498,145.56975569573805,126.123,P3O-dyn+AdaReset+HardDistill,Hopper-v4,0
103362,reward,2499,132.13304396490065,124.731,P3O-dyn+AdaReset+HardDistill,Hopper-v4,0
103402,reward,2500,46.42907843686943,111.095,P3O-dyn+AdaReset+HardDistill,Hopper-v4,0
103432,reward,2501,34.74177104570851,109.153,P3O-dyn+AdaReset+HardDistill,Hopper-v4,0
103507,reward,2502,106.50120528809774,112.422,P3O-dyn+AdaReset+HardDistill,Hopper-v4,0
103639,reward,2503,254.97899690087357,123.222,P3O-dyn+AdaReset+HardDistill,Hopper-v4,0
103688,reward,2504,31.91480538652339,116.774,P3O-dyn+AdaReset+HardDistill,Hopper-v4,0
103734,reward,2505,72.03504116122318,112.107,P3O-dyn+AdaReset+HardDistill,Hopper-v4,0
103760,reward,2506,12.42363661911954,92.468,P3O-dyn+AdaReset+HardDistill,Hopper-v4,0
103812,reward,2507,78.88086155228072,91.561,P3O-dyn+AdaReset+HardDistill,Hopper-v4,0
103905,reward,2508,137.60578541281566,90.764,P3O-dyn+AdaReset+HardDistill,Hopper-v4,0
103988,reward,2509,162.6540100462581,93.817,P3O-dyn+AdaReset+HardDistill,Hopper-v4,0
104048,reward,2510,112.96083886682038,100.47,P3O-dyn+AdaReset+HardDistill,Hopper-v4,0
104092,reward,2511,63.65737103495574,103.361,P3O-dyn+AdaReset+HardDistill,Hopper-v4,0
104185,reward,2512,127.44436862898655,105.456,P3O-dyn+AdaReset+HardDistill,Hopper-v4,0
104310,reward,2513,201.21732050524608,100.079,P3O-dyn+AdaReset+HardDistill,Hopper-v4,0
104386,reward,2514,129.94782610903934,109.883,P3O-dyn+AdaReset+HardDistill,Hopper-v4,0
104451,reward,2515,75.02863947728545,110.182,P3O-dyn+AdaReset+HardDistill,Hopper-v4,0
104532,reward,2516,150.09441454670747,123.949,P3O-dyn+AdaReset+HardDistill,Hopper-v4,0
104571,reward,2517,37.0569026515593,119.767,P3O-dyn+AdaReset+HardDistill,Hopper-v4,0
104671,reward,2518,153.99930147818074,121.406,P3O-dyn+AdaReset+HardDistill,Hopper-v4,0
104694,reward,2519,7.786210428417673,105.919,P3O-dyn+AdaReset+HardDistill,Hopper-v4,0
104778,reward,2520,107.29213867391714,105.352,P3O-dyn+AdaReset+HardDistill,Hopper-v4,0
104869,reward,2521,96.75303123441357,108.662,P3O-dyn+AdaReset+HardDistill,Hopper-v4,0
104924,reward,2522,87.21330262413608,104.639,P3O-dyn+AdaReset+HardDistill,Hopper-v4,0
104980,reward,2523,94.42511794704133,93.96,P3O-dyn+AdaReset+HardDistill,Hopper-v4,0
105025,reward,2524,65.65495822416187,87.53,P3O-dyn+AdaReset+HardDistill,Hopper-v4,0
105105,reward,2525,142.6902691087152,94.297,P3O-dyn+AdaReset+HardDistill,Hopper-v4,0
105119,reward,2526,10.633809910908695,80.351,P3O-dyn+AdaReset+HardDistill,Hopper-v4,0
105193,reward,2527,109.52196899175603,87.597,P3O-dyn+AdaReset+HardDistill,Hopper-v4,0
105272,reward,2528,137.9990258355969,85.997,P3O-dyn+AdaReset+HardDistill,Hopper-v4,0
105297,reward,2529,24.870235056360503,87.705,P3O-dyn+AdaReset+HardDistill,Hopper-v4,0
105369,reward,2530,112.9751527282689,88.274,P3O-dyn+AdaReset+HardDistill,Hopper-v4,0
105517,reward,2531,272.60736130325574,105.859,P3O-dyn+AdaReset+HardDistill,Hopper-v4,0
105598,reward,2532,149.73640935049127,112.111,P3O-dyn+AdaReset+HardDistill,Hopper-v4,0
105625,reward,2533,34.38639693914176,106.108,P3O-dyn+AdaReset+HardDistill,Hopper-v4,0
105701,reward,2534,128.67771614442842,112.41,P3O-dyn+AdaReset+HardDistill,Hopper-v4,0
105782,reward,2535,150.75280969847117,113.216,P3O-dyn+AdaReset+HardDistill,Hopper-v4,0
105829,reward,2536,37.90298707313278,115.943,P3O-dyn+AdaReset+HardDistill,Hopper-v4,0
105866,reward,2537,43.05710470951475,109.297,P3O-dyn+AdaReset+HardDistill,Hopper-v4,0
105975,reward,2538,153.57453335541996,110.854,P3O-dyn+AdaReset+HardDistill,Hopper-v4,0
105999,reward,2539,27.29415284495991,111.096,P3O-dyn+AdaReset+HardDistill,Hopper-v4,0
106051,reward,2540,90.58649672208533,108.858,P3O-dyn+AdaReset+HardDistill,Hopper-v4,0
106097,reward,2541,19.139350756764014,83.511,P3O-dyn+AdaReset+HardDistill,Hopper-v4,0
106199,reward,2542,162.58571956509573,84.796,P3O-dyn+AdaReset+HardDistill,Hopper-v4,0
106227,reward,2543,31.676566027347896,84.525,P3O-dyn+AdaReset+HardDistill,Hopper-v4,0
106287,reward,2544,75.22090316428671,79.179,P3O-dyn+AdaReset+HardDistill,Hopper-v4,0
106373,reward,2545,144.85744204238316,78.59,P3O-dyn+AdaReset+HardDistill,Hopper-v4,0
106386,reward,2546,7.5461302648480615,75.554,P3O-dyn+AdaReset+HardDistill,Hopper-v4,0
106421,reward,2547,41.93365776430224,75.441,P3O-dyn+AdaReset+HardDistill,Hopper-v4,0
106463,reward,2548,66.59164767114306,66.743,P3O-dyn+AdaReset+HardDistill,Hopper-v4,0
106496,loss,-0.026199962943792343,3.0075149536132812,P3O-dyn+AdaReset+HardDistill,Hopper-v4,0
106534,reward,2549,115.08985279528501,75.523,P3O-dyn+AdaReset+HardDistill,Hopper-v4,0
106618,reward,2550,112.07770470393758,77.672,P3O-dyn+AdaReset+HardDistill,Hopper-v4,0
106700,reward,2551,120.75946326423605,87.834,P3O-dyn+AdaReset+HardDistill,Hopper-v4,0
106810,reward,2552,266.09313492886264,98.185,P3O-dyn+AdaReset+HardDistill,Hopper-v4,0
106833,reward,2553,21.628229586840206,97.18,P3O-dyn+AdaReset+HardDistill,Hopper-v4,0
106880,reward,2554,84.11588363563276,98.069,P3O-dyn+AdaReset+HardDistill,Hopper-v4,0
106957,reward,2555,150.8527956339571,98.669,P3O-dyn+AdaReset+HardDistill,Hopper-v4,0
107011,reward,2556,83.34970742823242,106.249,P3O-dyn+AdaReset+HardDistill,Hopper-v4,0
107084,reward,2557,99.99742963108106,112.056,P3O-dyn+AdaReset+HardDistill,Hopper-v4,0
107170,reward,2558,152.3406377431922,120.63,P3O-dyn+AdaReset+HardDistill,Hopper-v4,0
107217,reward,2559,74.913028339403,116.613,P3O-dyn+AdaReset+HardDistill,Hopper-v4,0
107266,reward,2560,82.9669954185554,113.702,P3O-dyn+AdaReset+HardDistill,Hopper-v4,0
107317,reward,2561,60.03240273832599,107.629,P3O-dyn+AdaReset+HardDistill,Hopper-v4,0
107378,reward,2562,117.40641627587041,92.76,P3O-dyn+AdaReset+HardDistill,Hopper-v4,0
107425,reward,2563,80.44077220678531,98.642,P3O-dyn+AdaReset+HardDistill,Hopper-v4,0
107468,reward,2564,73.97685149713153,97.628,P3O-dyn+AdaReset+HardDistill,Hopper-v4,0
107514,reward,2565,79.29776603888575,90.472,P3O-dyn+AdaReset+HardDistill,Hopper-v4,0
107572,reward,2566,95.97981750025068,91.735,P3O-dyn+AdaReset+HardDistill,Hopper-v4,0
107627,reward,2567,100.71701780245155,91.807,P3O-dyn+AdaReset+HardDistill,Hopper-v4,0
107705,reward,2568,142.78825573613767,90.852,P3O-dyn+AdaReset+HardDistill,Hopper-v4,0
107741,reward,2569,19.437824834430444,85.304,P3O-dyn+AdaReset+HardDistill,Hopper-v4,0
107786,reward,2570,70.69459739033091,84.077,P3O-dyn+AdaReset+HardDistill,Hopper-v4,0
107857,reward,2571,115.91328251478748,89.665,P3O-dyn+AdaReset+HardDistill,Hopper-v4,0
107906,reward,2572,82.90447187604961,86.215,P3O-dyn+AdaReset+HardDistill,Hopper-v4,0
108022,reward,2573,210.33275596333561,99.204,P3O-dyn+AdaReset+HardDistill,Hopper-v4,0
108117,reward,2574,163.7927789951775,108.186,P3O-dyn+AdaReset+HardDistill,Hopper-v4,0
108173,reward,2575,99.85577992990191,110.242,P3O-dyn+AdaReset+HardDistill,Hopper-v4,0
108235,reward,2576,115.26945333317579,112.171,P3O-dyn+AdaReset+HardDistill,Hopper-v4,0
108267,reward,2577,20.195651713769724,104.118,P3O-dyn+AdaReset+HardDistill,Hopper-v4,0
108315,reward,2578,79.10511702058879,97.75,P3O-dyn+AdaReset+HardDistill,Hopper-v4,0
108393,reward,2579,136.13958537702243,109.42,P3O-dyn+AdaReset+HardDistill,Hopper-v4,0
108467,reward,2580,108.81726786018531,113.233,P3O-dyn+AdaReset+HardDistill,Hopper-v4,0
108519,reward,2581,88.09364781868405,110.451,P3O-dyn+AdaReset+HardDistill,Hopper-v4,0
108570,reward,2582,86.93933032388554,110.854,P3O-dyn+AdaReset+HardDistill,Hopper-v4,0
108617,reward,2583,80.48197865903232,97.869,P3O-dyn+AdaReset+HardDistill,Hopper-v4,0
108706,reward,2584,152.0788594454708,96.698,P3O-dyn+AdaReset+HardDistill,Hopper-v4,0
108756,reward,2585,81.76899788206664,94.889,P3O-dyn+AdaReset+HardDistill,Hopper-v4,0
108845,reward,2586,103.94047739668531,93.756,P3O-dyn+AdaReset+HardDistill,Hopper-v4,0
108901,reward,2587,82.43101881988608,99.98,P3O-dyn+AdaReset+HardDistill,Hopper-v4,0
108966,reward,2588,119.04124419523502,103.973,P3O-dyn+AdaReset+HardDistill,Hopper-v4,0
109052,reward,2589,150.73791995357155,105.433,P3O-dyn+AdaReset+HardDistill,Hopper-v4,0
109128,reward,2590,133.2379812519219,107.875,P3O-dyn+AdaReset+HardDistill,Hopper-v4,0
109238,reward,2591,234.88019278184981,122.554,P3O-dyn+AdaReset+HardDistill,Hopper-v4,0
109313,reward,2592,104.21055047623946,124.281,P3O-dyn+AdaReset+HardDistill,Hopper-v4,0
109391,reward,2593,140.73969915937576,130.307,P3O-dyn+AdaReset+HardDistill,Hopper-v4,0
109464,reward,2594,80.93151793618073,123.192,P3O-dyn+AdaReset+HardDistill,Hopper-v4,0
109525,reward,2595,110.29712801825067,126.045,P3O-dyn+AdaReset+HardDistill,Hopper-v4,0
109579,reward,2596,91.01206839317526,124.752,P3O-dyn+AdaReset+HardDistill,Hopper-v4,0
109597,reward,2597,13.060527567144906,117.815,P3O-dyn+AdaReset+HardDistill,Hopper-v4,0
109634,reward,2598,10.913291168461228,107.002,P3O-dyn+AdaReset+HardDistill,Hopper-v4,0
109701,reward,2599,68.46119798277648,98.774,P3O-dyn+AdaReset+HardDistill,Hopper-v4,0
109758,reward,2600,103.94457673341853,95.845,P3O-dyn+AdaReset+HardDistill,Hopper-v4,0
109800,reward,2601,68.41560353375515,79.199,P3O-dyn+AdaReset+HardDistill,Hopper-v4,0
109860,reward,2602,109.53518639549623,79.731,P3O-dyn+AdaReset+HardDistill,Hopper-v4,0
109898,reward,2603,54.33195880044728,71.09,P3O-dyn+AdaReset+HardDistill,Hopper-v4,0
109934,reward,2604,63.60100139397499,69.357,P3O-dyn+AdaReset+HardDistill,Hopper-v4,0
110000,speed,1682.04,1.72,P3O-dyn+AdaReset+HardDistill,Hopper-v4,0
110009,reward,2605,132.03386773953434,71.531,P3O-dyn+AdaReset+HardDistill,Hopper-v4,0
110075,reward,2606,122.69067639456993,74.699,P3O-dyn+AdaReset+HardDistill,Hopper-v4,0
110103,reward,2607,30.09100017951788,76.402,P3O-dyn+AdaReset+HardDistill,Hopper-v4,0
110155,reward,2608,88.63056413376117,84.174,P3O-dyn+AdaReset+HardDistill,Hopper-v4,0
110201,reward,2609,78.49795379134824,85.177,P3O-dyn+AdaReset+HardDistill,Hopper-v4,0
110304,reward,2610,162.43506918825275,91.026,P3O-dyn+AdaReset+HardDistill,Hopper-v4,0
110377,reward,2611,117.14144820859711,95.899,P3O-dyn+AdaReset+HardDistill,Hopper-v4,0
110417,reward,2612,61.33441234212735,91.079,P3O-dyn+AdaReset+HardDistill,Hopper-v4,0
110452,reward,2613,48.08706514800857,90.454,P3O-dyn+AdaReset+HardDistill,Hopper-v4,0
110498,reward,2614,76.06597333776712,91.701,P3O-dyn+AdaReset+HardDistill,Hopper-v4,0
110546,reward,2615,82.34753480289064,86.732,P3O-dyn+AdaReset+HardDistill,Hopper-v4,0
110569,reward,2616,16.097193578150257,76.073,P3O-dyn+AdaReset+HardDistill,Hopper-v4,0
110619,reward,2617,84.41361132389947,81.505,P3O-dyn+AdaReset+HardDistill,Hopper-v4,0
110663,reward,2618,60.00481568575401,78.643,P3O-dyn+AdaReset+HardDistill,Hopper-v4,0
110704,reward,2619,64.63649696260573,77.256,P3O-dyn+AdaReset+HardDistill,Hopper-v4,0
110733,reward,2620,49.385205540563994,65.951,P3O-dyn+AdaReset+HardDistill,Hopper-v4,0
110785,reward,2621,91.78588837817105,63.416,P3O-dyn+AdaReset+HardDistill,Hopper-v4,0
110831,reward,2622,79.51936714871364,65.234,P3O-dyn+AdaReset+HardDistill,Hopper-v4,0
110898,reward,2623,113.12276735394828,71.738,P3O-dyn+AdaReset+HardDistill,Hopper-v4,0
110959,reward,2624,98.67520654464666,73.999,P3O-dyn+AdaReset+HardDistill,Hopper-v4,0
111049,reward,2625,130.83450747183264,78.848,P3O-dyn+AdaReset+HardDistill,Hopper-v4,0
111136,reward,2626,111.52520551646779,88.39,P3O-dyn+AdaReset+HardDistill,Hopper-v4,0
111203,reward,2627,104.62570252738041,90.412,P3O-dyn+AdaReset+HardDistill,Hopper-v4,0
111266,reward,2628,121.34962572309279,96.546,P3O-dyn+AdaReset+HardDistill,Hopper-v4,0
111347,reward,2629,98.82845823532031,99.965,P3O-dyn+AdaReset+HardDistill,Hopper-v4,0
111382,reward,2630,56.20031943465838,100.647,P3O-dyn+AdaReset+HardDistill,Hopper-v4,0
111429,reward,2631,33.93201960581177,94.861,P3O-dyn+AdaReset+HardDistill,Hopper-v4,0
111508,reward,2632,158.5627129646243,102.766,P3O-dyn+AdaReset+HardDistill,Hopper-v4,0
111626,reward,2633,119.87205934992122,103.441,P3O-dyn+AdaReset+HardDistill,Hopper-v4,0
111711,reward,2634,159.8827901586648,109.561,P3O-dyn+AdaReset+HardDistill,Hopper-v4,0
111801,reward,2635,165.31667896480192,113.01,P3O-dyn+AdaReset+HardDistill,Hopper-v4,0
111884,reward,2636,146.19600897857734,116.477,P3O-dyn+AdaReset+HardDistill,Hopper-v4,0
111923,reward,2637,63.38350737197088,112.352,P3O-dyn+AdaReset+HardDistill,Hopper-v4,0
111977,reward,2638,94.52950115657966,109.67,P3O-dyn+AdaReset+HardDistill,Hopper-v4,0
112027,reward,2639,86.74078484364101,108.462,P3O-dyn+AdaReset+HardDistill,Hopper-v4,0
112095,reward,2640,121.91644811685272,115.033,P3O-dyn+AdaReset+HardDistill,Hopper-v4,0
112169,reward,2641,130.62496924766307,124.703,P3O-dyn+AdaReset+HardDistill,Hopper-v4,0
112212,reward,2642,71.95277673469431,116.042,P3O-dyn+AdaReset+HardDistill,Hopper-v4,0
112257,reward,2643,65.61547196232964,110.616,P3O-dyn+AdaReset+HardDistill,Hopper-v4,0
112299,reward,2644,68.84236773577496,101.512,P3O-dyn+AdaReset+HardDistill,Hopper-v4,0
112360,reward,2645,111.62484472690431,96.143,P3O-dyn+AdaReset+HardDistill,Hopper-v4,0
112427,reward,2646,118.2885801178898,93.352,P3O-dyn+AdaReset+HardDistill,Hopper-v4,0
112493,reward,2647,121.29161359598803,99.143,P3O-dyn+AdaReset+HardDistill,Hopper-v4,0
112566,reward,2648,130.95857448682878,102.786,P3O-dyn+AdaReset+HardDistill,Hopper-v4,0
112627,reward,2649,75.87481390590185,101.699,P3O-dyn+AdaReset+HardDistill,Hopper-v4,0
112671,reward,2650,73.97545498217741,96.905,P3O-dyn+AdaReset+HardDistill,Hopper-v4,0
112707,reward,2651,41.252141799106596,87.968,P3O-dyn+AdaReset+HardDistill,Hopper-v4,0
112793,reward,2652,138.61031669277034,94.633,P3O-dyn+AdaReset+HardDistill,Hopper-v4,0
112815,reward,2653,22.587068782829434,90.331,P3O-dyn+AdaReset+HardDistill,Hopper-v4,0
112876,reward,2654,53.697245648106154,88.816,P3O-dyn+AdaReset+HardDistill,Hopper-v4,0
112957,reward,2655,160.9211255334141,93.746,P3O-dyn+AdaReset+HardDistill,Hopper-v4,0
113005,reward,2656,83.25707459796116,90.243,P3O-dyn+AdaReset+HardDistill,Hopper-v4,0
113060,reward,2657,85.7709149444297,86.69,P3O-dyn+AdaReset+HardDistill,Hopper-v4,0
113149,reward,2658,181.54580244659778,91.749,P3O-dyn+AdaReset+HardDistill,Hopper-v4,0
113227,reward,2659,167.74114614086568,100.936,P3O-dyn+AdaReset+HardDistill,Hopper-v4,0
113283,reward,2660,84.19511296689238,101.958,P3O-dyn+AdaReset+HardDistill,Hopper-v4,0
113338,reward,2661,89.37511441276449,106.77,P3O-dyn+AdaReset+HardDistill,Hopper-v4,0
113387,reward,2662,78.45266521070245,100.754,P3O-dyn+AdaReset+HardDistill,Hopper-v4,0
113436,reward,2663,83.13972573593207,106.81,P3O-dyn+AdaReset+HardDistill,Hopper-v4,0
113532,reward,2664,209.6989264433941,122.41,P3O-dyn+AdaReset+HardDistill,Hopper-v4,0
113590,reward,2665,86.53348059973928,114.971,P3O-dyn+AdaReset+HardDistill,Hopper-v4,0
113640,reward,2666,85.21971859734498,115.167,P3O-dyn+AdaReset+HardDistill,Hopper-v4,0
113667,reward,2667,8.96833245104912,107.487,P3O-dyn+AdaReset+HardDistill,Hopper-v4,0
113743,reward,2668,135.0266472152128,102.835,P3O-dyn+AdaReset+HardDistill,Hopper-v4,0
113786,reward,2669,72.07890530221628,93.269,P3O-dyn+AdaReset+HardDistill,Hopper-v4,0
113831,reward,2670,76.49189823226091,92.499,P3O-dyn+AdaReset+HardDistill,Hopper-v4,0
113871,reward,2671,62.417250516224875,89.803,P3O-dyn+AdaReset+HardDistill,Hopper-v4,0
113945,reward,2672,120.6814657404487,94.026,P3O-dyn+AdaReset+HardDistill,Hopper-v4,0
113998,reward,2673,90.67556991977168,94.779,P3O-dyn+AdaReset+HardDistill,Hopper-v4,0
114048,reward,2674,82.29288349232645,82.039,P3O-dyn+AdaReset+HardDistill,Hopper-v4,0
114093,reward,2675,74.21408249601495,80.807,P3O-dyn+AdaReset+HardDistill,Hopper-v4,0
114160,reward,2676,107.26521682157846,83.011,P3O-dyn+AdaReset+HardDistill,Hopper-v4,0
114214,reward,2677,92.90687552765739,91.405,P3O-dyn+AdaReset+HardDistill,Hopper-v4,0
114253,reward,2678,64.62878219983298,84.365,P3O-dyn+AdaReset+HardDistill,Hopper-v4,0
114336,reward,2679,152.10185689510152,92.368,P3O-dyn+AdaReset+HardDistill,Hopper-v4,0
114411,reward,2680,134.2924114262859,98.148,P3O-dyn+AdaReset+HardDistill,Hopper-v4,0
114497,reward,2681,138.55453846444624,105.761,P3O-dyn+AdaReset+HardDistill,Hopper-v4,0
114540,reward,2682,70.48055258489958,100.741,P3O-dyn+AdaReset+HardDistill,Hopper-v4,0
114599,reward,2683,91.60556674697715,100.834,P3O-dyn+AdaReset+HardDistill,Hopper-v4,0
114662,reward,2684,83.03163239932906,100.908,P3O-dyn+AdaReset+HardDistill,Hopper-v4,0
114688,loss,-0.01749953255057335,1.939437747001648,P3O-dyn+AdaReset+HardDistill,Hopper-v4,0
114769,reward,2685,203.5185965773832,113.839,P3O-dyn+AdaReset+HardDistill,Hopper-v4,0
114858,reward,2686,176.14721736339337,120.727,P3O-dyn+AdaReset+HardDistill,Hopper-v4,0
114891,reward,2687,54.747905856738555,116.911,P3O-dyn+AdaReset+HardDistill,Hopper-v4,0
114954,reward,2688,108.14594991729561,121.263,P3O-dyn+AdaReset+HardDistill,Hopper-v4,0
115009,reward,2689,98.1905206206155,115.871,P3O-dyn+AdaReset+HardDistill,Hopper-v4,0
115078,reward,2690,77.42526239667984,110.185,P3O-dyn+AdaReset+HardDistill,Hopper-v4,0
115117,reward,2691,57.11114899893294,102.04,P3O-dyn+AdaReset+HardDistill,Hopper-v4,0
115176,reward,2692,101.14338141216221,105.107,P3O-dyn+AdaReset+HardDistill,Hopper-v4,0
115280,reward,2693,227.10798594586123,118.657,P3O-dyn+AdaReset+HardDistill,Hopper-v4,0
115389,reward,2694,168.4333336914315,127.197,P3O-dyn+AdaReset+HardDistill,Hopper-v4,0
115440,reward,2695,81.35492638547298,114.981,P3O-dyn+AdaReset+HardDistill,Hopper-v4,0
115474,reward,2696,46.3008863949338,101.996,P3O-dyn+AdaReset+HardDistill,Hopper-v4,0
115518,reward,2697,74.08874113949084,103.93,P3O-dyn+AdaReset+HardDistill,Hopper-v4,0
115623,reward,2698,234.90587139227569,116.606,P3O-dyn+AdaReset+HardDistill,Hopper-v4,0
115696,reward,2699,150.02565020226345,121.79,P3O-dyn+AdaReset+HardDistill,Hopper-v4,0
115737,reward,2700,56.94065876753622,119.741,P3O-dyn+AdaReset+HardDistill,Hopper-v4,0
115822,reward,2701,145.1381630750604,128.544,P3O-dyn+AdaReset+HardDistill,Hopper-v4,0
115892,reward,2702,93.08095067521468,127.738,P3O-dyn+AdaReset+HardDistill,Hopper-v4,0
115959,reward,2703,135.29743319754803,118.557,P3O-dyn+AdaReset+HardDistill,Hopper-v4,0
116019,reward,2704,106.55294552597654,112.369,P3O-dyn+AdaReset+HardDistill,Hopper-v4,0
116080,reward,2705,94.36279668195466,113.669,P3O-dyn+AdaReset+HardDistill,Hopper-v4,0
116124,reward,2706,68.99870264602214,115.939,P3O-dyn+AdaReset+HardDistill,Hopper-v4,0
116183,reward,2707,95.10668179223902,118.041,P3O-dyn+AdaReset+HardDistill,Hopper-v4,0
116248,reward,2708,122.2437535975789,106.775,P3O-dyn+AdaReset+HardDistill,Hopper-v4,0
116292,reward,2709,70.1267513212348,98.785,P3O-dyn+AdaReset+HardDistill,Hopper-v4,0
116380,reward,2710,198.35825150316634,112.927,P3O-dyn+AdaReset+HardDistill,Hopper-v4,0
116445,reward,2711,123.23403626677658,110.736,P3O-dyn+AdaReset+HardDistill,Hopper-v4,0
116503,reward,2712,109.0670705800324,112.335,P3O-dyn+AdaReset+HardDistill,Hopper-v4,0
116584,reward,2713,145.8476553727313,113.39,P3O-dyn+AdaReset+HardDistill,Hopper-v4,0
116623,reward,2714,57.97606378069023,108.532,P3O-dyn+AdaReset+HardDistill,Hopper-v4,0
116686,reward,2715,102.98855468145668,109.395,P3O-dyn+AdaReset+HardDistill,Hopper-v4,0
116749,reward,2716,121.39508358336519,114.634,P3O-dyn+AdaReset+HardDistill,Hopper-v4,0
116798,reward,2717,82.83020727211394,113.407,P3O-dyn+AdaReset+HardDistill,Hopper-v4,0
116849,reward,2718,83.5077126455071,109.533,P3O-dyn+AdaReset+HardDistill,Hopper-v4,0
116900,reward,2719,84.52111489561258,110.973,P3O-dyn+AdaReset+HardDistill,Hopper-v4,0
116939,reward,2720,48.53835035078634,95.991,P3O-dyn+AdaReset+HardDistill,Hopper-v4,0
117007,reward,2721,115.30348114577674,95.198,P3O-dyn+AdaReset+HardDistill,Hopper-v4,0
117066,reward,2722,80.50622520746968,92.341,P3O-dyn+AdaReset+HardDistill,Hopper-v4,0
117164,reward,2723,190.17061559693673,96.774,P3O-dyn+AdaReset+HardDistill,Hopper-v4,0
117215,reward,2724,77.73511329733643,98.75,P3O-dyn+AdaReset+HardDistill,Hopper-v4,0
117316,reward,2725,173.30753075391274,105.782,P3O-dyn+AdaReset+HardDistill,Hopper-v4,0
117388,reward,2726,150.81163163149307,108.723,P3O-dyn+AdaReset+HardDistill,Hopper-v4,0
117436,reward,2727,77.08620091851104,108.149,P3O-dyn+AdaReset+HardDistill,Hopper-v4,0
117532,reward,2728,177.57230333445514,117.555,P3O-dyn+AdaReset+HardDistill,Hopper-v4,0
117561,reward,2729,13.070408620850461,110.41,P3O-dyn+AdaReset+HardDistill,Hopper-v4,0
117631,reward,2730,130.0351193543869,118.56,P3O-dyn+AdaReset+HardDistill,Hopper-v4,0
117685,reward,2731,89.5010130465349,115.98,P3O-dyn+AdaReset+HardDistill,Hopper-v4,0
117726,reward,2732,14.835126325211695,109.413,P3O-dyn+AdaReset+HardDistill,Hopper-v4,0
117787,reward,2733,109.33154698363445,101.329,P3O-dyn+AdaReset+HardDistill,Hopper-v4,0
117850,reward,2734,88.04956889202144,102.36,P3O-dyn+AdaReset+HardDistill,Hopper-v4,0
117924,reward,2735,137.5532212303299,98.785,P3O-dyn+AdaReset+HardDistill,Hopper-v4,0
118025,reward,2736,130.6384597278462,96.767,P3O-dyn+AdaReset+HardDistill,Hopper-v4,0
118089,reward,2737,119.73275862880382,101.032,P3O-dyn+AdaReset+HardDistill,Hopper-v4,0
118203,reward,2738,260.10915833530294,109.286,P3O-dyn+AdaReset+HardDistill,Hopper-v4,0
118242,reward,2739,59.81795047910456,113.96,P3O-dyn+AdaReset+HardDistill,Hopper-v4,0
118304,reward,2740,112.08496743403875,112.165,P3O-dyn+AdaReset+HardDistill,Hopper-v4,0
118349,reward,2741,71.66072510342653,110.381,P3O-dyn+AdaReset+HardDistill,Hopper-v4,0
118449,reward,2742,162.1865203923638,125.116,P3O-dyn+AdaReset+HardDistill,Hopper-v4,0
118498,reward,2743,80.85158907323215,122.268,P3O-dyn+AdaReset+HardDistill,Hopper-v4,0
118583,reward,2744,185.48042516937363,132.012,P3O-dyn+AdaReset+HardDistill,Hopper-v4,0
118647,reward,2745,108.46434145189521,129.103,P3O-dyn+AdaReset+HardDistill,Hopper-v4,0
118735,reward,2746,199.43712583399267,135.983,P3O-dyn+AdaReset+HardDistill,Hopper-v4,0
118797,reward,2747,112.17215397222725,135.226,P3O-dyn+AdaReset+HardDistill,Hopper-v4,0
118838,reward,2748,64.98046155142279,115.714,P3O-dyn+AdaReset+HardDistill,Hopper-v4,0
118896,reward,2749,101.75965938120365,119.908,P3O-dyn+AdaReset+HardDistill,Hopper-v4,0
119029,reward,2750,264.9180928233876,135.191,P3O-dyn+AdaReset+HardDistill,Hopper-v4,0
119089,reward,2751,94.01011904295794,137.426,P3O-dyn+AdaReset+HardDistill,Hopper-v4,0
119150,reward,2752,109.66927867783602,132.174,P3O-dyn+AdaReset+HardDistill,Hopper-v4,0
119189,reward,2753,57.256950901346,129.815,P3O-dyn+AdaReset+HardDistill,Hopper-v4,0
119262,reward,2754,125.13118706696184,123.78,P3O-dyn+AdaReset+HardDistill,Hopper-v4,0
119326,reward,2755,93.21694183993833,122.255,P3O-dyn+AdaReset+HardDistill,Hopper-v4,0
119395,reward,2756,125.87340924850125,114.899,P3O-dyn+AdaReset+HardDistill,Hopper-v4,0
119421,reward,2757,11.104524394791211,104.792,P3O-dyn+AdaReset+HardDistill,Hopper-v4,0
119478,reward,2758,97.65273465310975,108.059,P3O-dyn+AdaReset+HardDistill,Hopper-v4,0
119593,reward,2759,149.00461554854172,112.784,P3O-dyn+AdaReset+HardDistill,Hopper-v4,0
119675,reward,2760,165.0941493042577,102.801,P3O-dyn+AdaReset+HardDistill,Hopper-v4,0
119713,reward,2761,62.78325003137143,99.679,P3O-dyn+AdaReset+HardDistill,Hopper-v4,0
119762,reward,2762,85.42759462657342,97.255,P3O-dyn+AdaReset+HardDistill,Hopper-v4,0
119819,reward,2763,103.78134759219377,101.907,P3O-dyn+AdaReset+HardDistill,Hopper-v4,0
119876,reward,2764,69.71347134590043,96.365,P3O-dyn+AdaReset+HardDistill,Hopper-v4,0
119912,reward,2765,59.25380686235263,92.969,P3O-dyn+AdaReset+HardDistill,Hopper-v4,0
119969,reward,2766,85.25720219879926,88.907,P3O-dyn+AdaReset+HardDistill,Hopper-v4,0
120000,speed,1665.28,1.82,P3O-dyn+AdaReset+HardDistill,Hopper-v4,0
120029,reward,2767,102.90080738493752,98.087,P3O-dyn+AdaReset+HardDistill,Hopper-v4,0
120046,reward,2768,14.580828975379243,89.78,P3O-dyn+AdaReset+HardDistill,Hopper-v4,0
120089,reward,2769,66.5306897349165,81.532,P3O-dyn+AdaReset+HardDistill,Hopper-v4,0
120156,reward,2770,87.35811487800939,73.759,P3O-dyn+AdaReset+HardDistill,Hopper-v4,0
120268,reward,2771,161.1710172078947,83.597,P3O-dyn+AdaReset+HardDistill,Hopper-v4,0
120318,reward,2772,87.54817745767905,83.81,P3O-dyn+AdaReset+HardDistill,Hopper-v4,0
120396,reward,2773,165.84953228613733,90.016,P3O-dyn+AdaReset+HardDistill,Hopper-v4,0
120480,reward,2774,147.07862363040772,97.753,P3O-dyn+AdaReset+HardDistill,Hopper-v4,0
120520,reward,2775,61.68217400660222,97.996,P3O-dyn+AdaReset+HardDistill,Hopper-v4,0
120596,reward,2776,147.73176727339387,104.243,P3O-dyn+AdaReset+HardDistill,Hopper-v4,0
120626,reward,2777,36.49524482525762,97.603,P3O-dyn+AdaReset+HardDistill,Hopper-v4,0
120662,reward,2778,13.686166386692578,97.513,P3O-dyn+AdaReset+HardDistill,Hopper-v4,0
120753,reward,2779,198.20234471949772,110.68,P3O-dyn+AdaReset+HardDistill,Hopper-v4,0
120807,reward,2780,96.45371862509437,111.59,P3O-dyn+AdaReset+HardDistill,Hopper-v4,0
120884,reward,2781,151.70701166278502,110.643,P3O-dyn+AdaReset+HardDistill,Hopper-v4,0
120901,reward,2782,14.137381993033127,103.302,P3O-dyn+AdaReset+HardDistill,Hopper-v4,0
120980,reward,2783,141.676850314571,100.885,P3O-dyn+AdaReset+HardDistill,Hopper-v4,0
121028,reward,2784,82.69364184045992,94.447,P3O-dyn+AdaReset+HardDistill,Hopper-v4,0
121079,reward,2785,83.0117861367493,96.58,P3O-dyn+AdaReset+HardDistill,Hopper-v4,0
121154,reward,2786,154.94289844098486,97.301,P3O-dyn+AdaReset+HardDistill,Hopper-v4,0
121285,reward,2787,243.524773665999,118.004,P3O-dyn+AdaReset+HardDistill,Hopper-v4,0
121349,reward,2788,99.82645637954175,126.618,P3O-dyn+AdaReset+HardDistill,Hopper-v4,0
121413,reward,2789,113.33067681297692,118.131,P3O-dyn+AdaReset+HardDistill,Hopper-v4,0
121471,reward,2790,60.14832804144862,114.5,P3O-dyn+AdaReset+HardDistill,Hopper-v4,0
121522,reward,2791,90.00754249531829,108.33,P3O-dyn+AdaReset+HardDistill,Hopper-v4,0
121619,reward,2792,172.19605580052323,124.136,P3O-dyn+AdaReset+HardDistill,Hopper-v4,0
121657,reward,2793,57.98635997740767,115.767,P3O-dyn+AdaReset+HardDistill,Hopper-v4,0
121700,reward,2794,70.12489302195003,114.51,P3O-dyn+AdaReset+HardDistill,Hopper-v4,0
121750,reward,2795,80.0396553760246,114.213,P3O-dyn+AdaReset+HardDistill,Hopper-v4,0
121835,reward,2796,171.9085467858808,115.909,P3O-dyn+AdaReset+HardDistill,Hopper-v4,0
121905,reward,2797,135.81663354206222,105.139,P3O-dyn+AdaReset+HardDistill,Hopper-v4,0
121975,reward,2798,122.00939306607044,107.357,P3O-dyn+AdaReset+HardDistill,Hopper-v4,0
122049,reward,2799,119.26458831864556,107.95,P3O-dyn+AdaReset+HardDistill,Hopper-v4,0
122092,reward,2800,37.71459408253404,105.707,P3O-dyn+AdaReset+HardDistill,Hopper-v4,0
122126,reward,2801,36.044483722814746,100.311,P3O-dyn+AdaReset+HardDistill,Hopper-v4,0
122164,reward,2802,59.613125929382186,89.052,P3O-dyn+AdaReset+HardDistill,Hopper-v4,0
122219,reward,2803,95.16773294459162,92.77,P3O-dyn+AdaReset+HardDistill,Hopper-v4,0
122276,reward,2804,89.88901232881712,94.747,P3O-dyn+AdaReset+HardDistill,Hopper-v4,0
122327,reward,2805,84.57757121279852,95.201,P3O-dyn+AdaReset+HardDistill,Hopper-v4,0
122441,reward,2806,177.8583464688283,95.796,P3O-dyn+AdaReset+HardDistill,Hopper-v4,0
122503,reward,2807,73.26836078981549,89.541,P3O-dyn+AdaReset+HardDistill,Hopper-v4,0
122568,reward,2808,126.31888850074054,89.972,P3O-dyn+AdaReset+HardDistill,Hopper-v4,0
122633,reward,2809,89.98379808415613,87.044,P3O-dyn+AdaReset+HardDistill,Hopper-v4,0
122683,reward,2810,82.41253234067776,91.513,P3O-dyn+AdaReset+HardDistill,Hopper-v4,0
122732,reward,2811,69.0985980502555,94.819,P3O-dyn+AdaReset+HardDistill,Hopper-v4,0
122822,reward,2812,205.1823547463815,109.376,P3O-dyn+AdaReset+HardDistill,Hopper-v4,0
122838,reward,2813,11.163632197701265,100.975,P3O-dyn+AdaReset+HardDistill,Hopper-v4,0
122880,loss,-0.014065517112612724,2.87357234954834,P3O-dyn+AdaReset+HardDistill,Hopper-v4,0
122895,reward,2814,102.60436896165848,102.247,P3O-dyn+AdaReset+HardDistill,Hopper-v4,0
122948,reward,2815,81.68534997997612,101.958,P3O-dyn+AdaReset+HardDistill,Hopper-v4,0
122999,reward,2816,75.19481792035947,91.691,P3O-dyn+AdaReset+HardDistill,Hopper-v4,0
123076,reward,2817,150.05687047027916,99.37,P3O-dyn+AdaReset+HardDistill,Hopper-v4,0
123130,reward,2818,70.02901123590355,93.741,P3O-dyn+AdaReset+HardDistill,Hopper-v4,0
123207,reward,2819,152.56646193029968,99.999,P3O-dyn+AdaReset+HardDistill,Hopper-v4,0
123251,reward,2820,36.16047923029989,95.374,P3O-dyn+AdaReset+HardDistill,Hopper-v4,0
123317,reward,2821,124.56751185087141,100.921,P3O-dyn+AdaReset+HardDistill,Hopper-v4,0
123364,reward,2822,70.49189745427125,87.452,P3O-dyn+AdaReset+HardDistill,Hopper-v4,0
123451,reward,2823,175.4168578811293,103.877,P3O-dyn+AdaReset+HardDistill,Hopper-v4,0
123492,reward,2824,63.94359692675011,100.011,P3O-dyn+AdaReset+HardDistill,Hopper-v4,0
123540,reward,2825,82.19139906000356,100.062,P3O-dyn+AdaReset+HardDistill,Hopper-v4,0
123615,reward,2826,147.1880378748661,107.261,P3O-dyn+AdaReset+HardDistill,Hopper-v4,0
123688,reward,2827,138.32046567577132,106.088,P3O-dyn+AdaReset+HardDistill,Hopper-v4,0
123739,reward,2828,87.24774246595825,107.809,P3O-dyn+AdaReset+HardDistill,Hopper-v4,0
123795,reward,2829,93.88030572697824,101.941,P3O-dyn+AdaReset+HardDistill,Hopper-v4,0
123839,reward,2830,67.4099217909692,105.066,P3O-dyn+AdaReset+HardDistill,Hopper-v4,0
123975,reward,2831,280.04481668140846,120.614,P3O-dyn+AdaReset+HardDistill,Hopper-v4,0
124007,reward,2832,18.891231163929003,115.453,P3O-dyn+AdaReset+HardDistill,Hopper-v4,0
124062,reward,2833,98.15317765632268,107.727,P3O-dyn+AdaReset+HardDistill,Hopper-v4,0
124125,reward,2834,80.40529039776025,109.373,P3O-dyn+AdaReset+HardDistill,Hopper-v4,0
124214,reward,2835,161.0894789785569,117.263,P3O-dyn+AdaReset+HardDistill,Hopper-v4,0
124307,reward,2836,158.3457009959186,118.379,P3O-dyn+AdaReset+HardDistill,Hopper-v4,0
124365,reward,2837,106.3085871894249,115.178,P3O-dyn+AdaReset+HardDistill,Hopper-v4,0
124405,reward,2838,57.73657204304493,112.227,P3O-dyn+AdaReset+HardDistill,Hopper-v4,0
124422,reward,2839,15.298719337115923,104.368,P3O-dyn+AdaReset+HardDistill,Hopper-v4,0
124476,reward,2840,96.19252028660846,107.247,P3O-dyn+AdaReset+HardDistill,Hopper-v4,0
124543,reward,2841,127.41095187802195,91.983,P3O-dyn+AdaReset+HardDistill,Hopper-v4,0
124578,reward,2842,45.603234294294865,94.654,P3O-dyn+AdaReset+HardDistill,Hopper-v4,0
124626,reward,2843,81.36929005323456,92.976,P3O-dyn+AdaReset+HardDistill,Hopper-v4,0
124702,reward,2844,141.87649033447374,99.123,P3O-dyn+AdaReset+HardDistill,Hopper-v4,0
124819,reward,2845,225.8690046564331,105.601,P3O-dyn+AdaReset+HardDistill,Hopper-v4,0
124873,reward,2846,87.14072059097559,98.481,P3O-dyn+AdaReset+HardDistill,Hopper-v4,0
124949,reward,2847,108.83151941572237,98.733,P3O-dyn+AdaReset+HardDistill,Hopper-v4,0
124989,reward,2848,60.02459127502838,98.962,P3O-dyn+AdaReset+HardDistill,Hopper-v4,0
125035,reward,2849,78.17422984754094,105.249,P3O-dyn+AdaReset+HardDistill,Hopper-v4,0
125147,reward,2850,229.87347516501947,118.617,P3O-dyn+AdaReset+HardDistill,Hopper-v4,0
125240,reward,2851,188.15778877388303,124.692,P3O-dyn+AdaReset+HardDistill,Hopper-v4,0
125298,reward,2852,109.92408364929928,131.124,P3O-dyn+AdaReset+HardDistill,Hopper-v4,0
125400,reward,2853,231.55095343709715,146.142,P3O-dyn+AdaReset+HardDistill,Hopper-v4,0
125454,reward,2854,87.89219230217691,140.744,P3O-dyn+AdaReset+HardDistill,Hopper-v4,0
125495,reward,2855,70.21102073832732,125.178,P3O-dyn+AdaReset+HardDistill,Hopper-v4,0
125548,reward,2856,92.99522727715402,125.764,P3O-dyn+AdaReset+HardDistill,Hopper-v4,0
125601,reward,2857,93.66128939847387,124.246,P3O-dyn+AdaReset+HardDistill,Hopper-v4,0
125713,reward,2858,229.97812852771446,141.242,P3O-dyn+AdaReset+HardDistill,Hopper-v4,0
125790,reward,2859,145.5217139456183,147.977,P3O-dyn+AdaReset+HardDistill,Hopper-v4,0
125886,reward,2860,183.30793972595913,143.32,P3O-dyn+AdaReset+HardDistill,Hopper-v4,0
125927,reward,2861,64.59666228851935,130.964,P3O-dyn+AdaReset+HardDistill,Hopper-v4,0
126013,reward,2862,165.7224159344018,136.544,P3O-dyn+AdaReset+HardDistill,Hopper-v4,0
126043,reward,2863,29.686259335502335,116.357,P3O-dyn+AdaReset+HardDistill,Hopper-v4,0
126103,reward,2864,111.06916636307683,118.675,P3O-dyn+AdaReset+HardDistill,Hopper-v4,0
126134,reward,2865,41.53711698685224,115.808,P3O-dyn+AdaReset+HardDistill,Hopper-v4,0
126216,reward,2866,150.19282033140254,121.527,P3O-dyn+AdaReset+HardDistill,Hopper-v4,0
126278,reward,2867,106.97014748471958,122.858,P3O-dyn+AdaReset+HardDistill,Hopper-v4,0
126351,reward,2868,133.8938748942577,113.25,P3O-dyn+AdaReset+HardDistill,Hopper-v4,0
126385,reward,2869,32.30803773745176,101.928,P3O-dyn+AdaReset+HardDistill,Hopper-v4,0
126462,reward,2870,161.08567928836513,99.706,P3O-dyn+AdaReset+HardDistill,Hopper-v4,0
126556,reward,2871,179.20607137881217,111.167,P3O-dyn+AdaReset+HardDistill,Hopper-v4,0
126616,reward,2872,99.92319066880266,104.587,P3O-dyn+AdaReset+HardDistill,Hopper-v4,0
126674,reward,2873,108.40739230288702,112.459,P3O-dyn+AdaReset+HardDistill,Hopper-v4,0
126783,reward,2874,233.07708018954898,124.66,P3O-dyn+AdaReset+HardDistill,Hopper-v4,0
126823,reward,2875,65.823455061594,127.089,P3O-dyn+AdaReset+HardDistill,Hopper-v4,0
126903,reward,2876,91.7360609652098,121.243,P3O-dyn+AdaReset+HardDistill,Hopper-v4,0
126974,reward,2877,130.16113411543813,123.562,P3O-dyn+AdaReset+HardDistill,Hopper-v4,0
127047,reward,2878,143.17477989538304,124.49,P3O-dyn+AdaReset+HardDistill,Hopper-v4,0
127115,reward,2879,128.75411741775017,134.135,P3O-dyn+AdaReset+HardDistill,Hopper-v4,0
127211,reward,2880,177.57874110482123,135.784,P3O-dyn+AdaReset+HardDistill,Hopper-v4,0
127244,reward,2881,40.83511691237266,121.947,P3O-dyn+AdaReset+HardDistill,Hopper-v4,0
127347,reward,2882,233.1878238132745,135.274,P3O-dyn+AdaReset+HardDistill,Hopper-v4,0
127439,reward,2883,172.53761921434568,141.687,P3O-dyn+AdaReset+HardDistill,Hopper-v4,0
127517,reward,2884,144.0442985340838,132.783,P3O-dyn+AdaReset+HardDistill,Hopper-v4,0
127586,reward,2885,111.89853138590846,137.391,P3O-dyn+AdaReset+HardDistill,Hopper-v4,0
127623,reward,2886,60.1461470637348,134.232,P3O-dyn+AdaReset+HardDistill,Hopper-v4,0
127661,reward,2887,55.40326236088047,126.756,P3O-dyn+AdaReset+HardDistill,Hopper-v4,0
127733,reward,2888,141.97276455624566,126.636,P3O-dyn+AdaReset+HardDistill,Hopper-v4,0
127836,reward,2889,245.05351253606216,138.266,P3O-dyn+AdaReset+HardDistill,Hopper-v4,0
127913,reward,2890,147.6592709539684,135.274,P3O-dyn+AdaReset+HardDistill,Hopper-v4,0
127991,reward,2891,164.54743815772227,147.645,P3O-dyn+AdaReset+HardDistill,Hopper-v4,0
128042,reward,2892,88.56721603459869,133.183,P3O-dyn+AdaReset+HardDistill,Hopper-v4,0
128068,reward,2893,30.73148370805537,119.002,P3O-dyn+AdaReset+HardDistill,Hopper-v4,0
128158,reward,2894,198.8637486861423,124.484,P3O-dyn+AdaReset+HardDistill,Hopper-v4,0
128252,reward,2895,190.92102442449217,132.387,P3O-dyn+AdaReset+HardDistill,Hopper-v4,0
128302,reward,2896,86.2881099490063,135.001,P3O-dyn+AdaReset+HardDistill,Hopper-v4,0
128410,reward,2897,217.89393605209548,151.25,P3O-dyn+AdaReset+HardDistill,Hopper-v4,0
128472,reward,2898,107.08428266727407,147.761,P3O-dyn+AdaReset+HardDistill,Hopper-v4,0
128499,reward,2899,30.495077556427727,126.305,P3O-dyn+AdaReset+HardDistill,Hopper-v4,0
128538,reward,2900,34.579197266170446,114.997,P3O-dyn+AdaReset+HardDistill,Hopper-v4,0
128611,reward,2901,105.66884063150493,109.109,P3O-dyn+AdaReset+HardDistill,Hopper-v4,0
128685,reward,2902,155.28073175311422,115.781,P3O-dyn+AdaReset+HardDistill,Hopper-v4,0
128761,reward,2903,146.64385797181788,127.372,P3O-dyn+AdaReset+HardDistill,Hopper-v4,0
128823,reward,2904,113.31987122771771,118.817,P3O-dyn+AdaReset+HardDistill,Hopper-v4,0
128856,reward,2905,33.05415178880554,103.031,P3O-dyn+AdaReset+HardDistill,Hopper-v4,0
128928,reward,2906,144.98914692681976,108.901,P3O-dyn+AdaReset+HardDistill,Hopper-v4,0
128963,reward,2907,48.5784728537228,91.969,P3O-dyn+AdaReset+HardDistill,Hopper-v4,0
129037,reward,2908,140.0629897428853,95.267,P3O-dyn+AdaReset+HardDistill,Hopper-v4,0
129079,reward,2909,64.04111462105567,98.622,P3O-dyn+AdaReset+HardDistill,Hopper-v4,0
129135,reward,2910,101.4864590667578,105.313,P3O-dyn+AdaReset+HardDistill,Hopper-v4,0
129194,reward,2911,78.44330513362857,102.59,P3O-dyn+AdaReset+HardDistill,Hopper-v4,0
129246,reward,2912,91.55915560964173,96.218,P3O-dyn+AdaReset+HardDistill,Hopper-v4,0
129324,reward,2913,149.0042450967327,96.454,P3O-dyn+AdaReset+HardDistill,Hopper-v4,0
129383,reward,2914,102.74982741438677,95.397,P3O-dyn+AdaReset+HardDistill,Hopper-v4,0
129433,reward,2915,80.75750633737594,100.167,P3O-dyn+AdaReset+HardDistill,Hopper-v4,0
129493,reward,2916,97.73393703432444,95.442,P3O-dyn+AdaReset+HardDistill,Hopper-v4,0
129563,reward,2917,131.44846962934287,103.729,P3O-dyn+AdaReset+HardDistill,Hopper-v4,0
129628,reward,2918,124.7854665268561,102.201,P3O-dyn+AdaReset+HardDistill,Hopper-v4,0
129655,reward,2919,19.358288899219097,97.733,P3O-dyn+AdaReset+HardDistill,Hopper-v4,0
129699,reward,2920,46.44861150003027,92.229,P3O-dyn+AdaReset+HardDistill,Hopper-v4,0
129731,reward,2921,39.95295958804663,88.38,P3O-dyn+AdaReset+HardDistill,Hopper-v4,0
129769,reward,2922,39.90922011572231,83.215,P3O-dyn+AdaReset+HardDistill,Hopper-v4,0
129899,reward,2923,251.49840332369843,93.464,P3O-dyn+AdaReset+HardDistill,Hopper-v4,0
129979,reward,2924,155.00633085449095,98.69,P3O-dyn+AdaReset+HardDistill,Hopper-v4,0
130000,speed,841.36,2.02,P3O-dyn+AdaReset+HardDistill,Hopper-v4,0
130026,reward,2925,70.14019939709422,97.628,P3O-dyn+AdaReset+HardDistill,Hopper-v4,0
130105,reward,2926,157.38089167920924,103.593,P3O-dyn+AdaReset+HardDistill,Hopper-v4,0
130177,reward,2927,121.3096261796933,102.579,P3O-dyn+AdaReset+HardDistill,Hopper-v4,0
130222,reward,2928,69.69147500218608,97.07,P3O-dyn+AdaReset+HardDistill,Hopper-v4,0
130317,reward,2929,166.37343852171963,111.771,P3O-dyn+AdaReset+HardDistill,Hopper-v4,0
130349,reward,2930,44.1217134999694,111.538,P3O-dyn+AdaReset+HardDistill,Hopper-v4,0
130423,reward,2931,124.36135527697994,119.979,P3O-dyn+AdaReset+HardDistill,Hopper-v4,0
130509,reward,2932,189.9825862135996,134.987,P3O-dyn+AdaReset+HardDistill,Hopper-v4,0
130597,reward,2933,198.24132514412494,129.661,P3O-dyn+AdaReset+HardDistill,Hopper-v4,0
130666,reward,2934,141.44378722545798,128.305,P3O-dyn+AdaReset+HardDistill,Hopper-v4,0
130723,reward,2935,101.94650550229173,131.485,P3O-dyn+AdaReset+HardDistill,Hopper-v4,0
130826,reward,2936,206.77613954387135,136.425,P3O-dyn+AdaReset+HardDistill,Hopper-v4,0
130909,reward,2937,165.51127464985328,140.845,P3O-dyn+AdaReset+HardDistill,Hopper-v4,0
130989,reward,2938,96.46100802910772,143.522,P3O-dyn+AdaReset+HardDistill,Hopper-v4,0
131044,reward,2939,96.02174403854235,136.487,P3O-dyn+AdaReset+HardDistill,Hopper-v4,0
131072,loss,-0.014913457445800304,6.358718395233154,P3O-dyn+AdaReset+HardDistill,Hopper-v4,0
131121,reward,2940,121.48094140882901,144.223,P3O-dyn+AdaReset+HardDistill,Hopper-v4,0
131173,reward,2941,91.78059498534856,140.965,P3O-dyn+AdaReset+HardDistill,Hopper-v4,0
131255,reward,2942,156.0876829478738,137.575,P3O-dyn+AdaReset+HardDistill,Hopper-v4,0
131340,reward,2943,160.90225908074012,133.841,P3O-dyn+AdaReset+HardDistill,Hopper-v4,0
131412,reward,2944,150.1015969763614,134.707,P3O-dyn+AdaReset+HardDistill,Hopper-v4,0
131456,reward,2945,74.44399313501214,131.957,P3O-dyn+AdaReset+HardDistill,Hopper-v4,0
131512,reward,2946,69.61548825835752,118.241,P3O-dyn+AdaReset+HardDistill,Hopper-v4,0
131574,reward,2947,112.55108253742533,112.945,P3O-dyn+AdaReset+HardDistill,Hopper-v4,0
131617,reward,2948,65.40207804053365,109.839,P3O-dyn+AdaReset+HardDistill,Hopper-v4,0
131692,reward,2949,154.84624077819694,115.721,P3O-dyn+AdaReset+HardDistill,Hopper-v4,0
131724,reward,2950,20.389684960326555,105.612,P3O-dyn+AdaReset+HardDistill,Hopper-v4,0
131766,reward,2951,66.95647128358671,103.13,P3O-dyn+AdaReset+HardDistill,Hopper-v4,0
131812,reward,2952,82.42422765050239,95.763,P3O-dyn+AdaReset+HardDistill,Hopper-v4,0
131835,reward,2953,26.789428402177155,82.352,P3O-dyn+AdaReset+HardDistill,Hopper-v4,0
131904,reward,2954,134.02290866891835,80.744,P3O-dyn+AdaReset+HardDistill,Hopper-v4,0
131979,reward,2955,112.51178961028518,84.551,P3O-dyn+AdaReset+HardDistill,Hopper-v4,0
132099,reward,2956,221.18429299656032,99.708,P3O-dyn+AdaReset+HardDistill,Hopper-v4,0
132180,reward,2957,148.52927678386413,103.306,P3O-dyn+AdaReset+HardDistill,Hopper-v4,0
132223,reward,2958,70.79804159112713,103.845,P3O-dyn+AdaReset+HardDistill,Hopper-v4,0
132314,reward,2959,172.7718004017085,105.638,P3O-dyn+AdaReset+HardDistill,Hopper-v4,0
132340,reward,2960,30.96509038278553,106.695,P3O-dyn+AdaReset+HardDistill,Hopper-v4,0
132410,reward,2961,118.17202740468946,111.817,P3O-dyn+AdaReset+HardDistill,Hopper-v4,0
132462,reward,2962,90.39353904658769,112.614,P3O-dyn+AdaReset+HardDistill,Hopper-v4,0
132486,reward,2963,29.152061533378586,112.85,P3O-dyn+AdaReset+HardDistill,Hopper-v4,0
132526,reward,2964,60.15567465118724,105.463,P3O-dyn+AdaReset+HardDistill,Hopper-v4,0
132594,reward,2965,126.67416800510316,106.88,P3O-dyn+AdaReset+HardDistill,Hopper-v4,0
132654,reward,2966,107.23685384927204,95.485,P3O-dyn+AdaReset+HardDistill,Hopper-v4,0
132690,reward,2967,62.54712293524871,86.887,P3O-dyn+AdaReset+HardDistill,Hopper-v4,0
132725,reward,2968,53.28161583730654,85.135,P3O-dyn+AdaReset+HardDistill,Hopper-v4,0
132784,reward,2969,103.9557375429442,78.253,P3O-dyn+AdaReset+HardDistill,Hopper-v4,0
132850,reward,2970,120.23157297175274,87.18,P3O-dyn+AdaReset+HardDistill,Hopper-v4,0
132908,reward,2971,103.86874773426261,85.75,P3O-dyn+AdaReset+HardDistill,Hopper-v4,0
132989,reward,2972,161.89478402452943,92.9,P3O-dyn+AdaReset+HardDistill,Hopper-v4,0
133038,reward,2973,84.96371725139738,98.481,P3O-dyn+AdaReset+HardDistill,Hopper-v4,0
133118,reward,2974,153.66305809183007,107.832,P3O-dyn+AdaReset+HardDistill,Hopper-v4,0
133150,reward,2975,52.0021737152798,100.365,P3O-dyn+AdaReset+HardDistill,Hopper-v4,0
133172,reward,2976,15.569987568003,91.198,P3O-dyn+AdaReset+HardDistill,Hopper-v4,0
133210,reward,2977,61.80210241493708,91.123,P3O-dyn+AdaReset+HardDistill,Hopper-v4,0
133254,reward,2978,69.70769768689516,92.766,P3O-dyn+AdaReset+HardDistill,Hopper-v4,0
133308,reward,2979,95.49334563198803,91.92,P3O-dyn+AdaReset+HardDistill,Hopper-v4,0
133365,reward,2980,101.41510741586913,90.038,P3O-dyn+AdaReset+HardDistill,Hopper-v4,0
133422,reward,2981,103.12948877168158,89.964,P3O-dyn+AdaReset+HardDistill,Hopper-v4,0
133484,reward,2982,113.97620390948198,85.172,P3O-dyn+AdaReset+HardDistill,Hopper-v4,0
133560,reward,2983,161.51246861749016,92.827,P3O-dyn+AdaReset+HardDistill,Hopper-v4,0
133613,reward,2984,94.4179559110956,86.903,P3O-dyn+AdaReset+HardDistill,Hopper-v4,0
133687,reward,2985,134.10497002586817,95.113,P3O-dyn+AdaReset+HardDistill,Hopper-v4,0
133746,reward,2986,112.2932485916138,104.785,P3O-dyn+AdaReset+HardDistill,Hopper-v4,0
133821,reward,2987,159.54233075008733,114.559,P3O-dyn+AdaReset+HardDistill,Hopper-v4,0
133887,reward,2988,122.66615343124947,119.855,P3O-dyn+AdaReset+HardDistill,Hopper-v4,0
133937,reward,2989,89.19855125361254,119.226,P3O-dyn+AdaReset+HardDistill,Hopper-v4,0
134012,reward,2990,128.60762787214318,121.945,P3O-dyn+AdaReset+HardDistill,Hopper-v4,0
134081,reward,2991,134.0323017296719,125.035,P3O-dyn+AdaReset+HardDistill,Hopper-v4,0
134176,reward,2992,125.78604846003093,126.216,P3O-dyn+AdaReset+HardDistill,Hopper-v4,0
134232,reward,2993,102.63402422619116,120.328,P3O-dyn+AdaReset+HardDistill,Hopper-v4,0
134301,reward,2994,131.5601399991074,124.043,P3O-dyn+AdaReset+HardDistill,Hopper-v4,0
134349,reward,2995,84.34785149923921,119.067,P3O-dyn+AdaReset+HardDistill,Hopper-v4,0
134431,reward,2996,141.09631136801596,121.947,P3O-dyn+AdaReset+HardDistill,Hopper-v4,0
134474,reward,2997,73.76350756410545,113.369,P3O-dyn+AdaReset+HardDistill,Hopper-v4,0
134521,reward,2998,76.88633205295476,108.791,P3O-dyn+AdaReset+HardDistill,Hopper-v4,0
134546,reward,2999,15.003697670386892,101.372,P3O-dyn+AdaReset+HardDistill,Hopper-v4,0
134605,reward,3000,80.36417720353529,96.547,P3O-dyn+AdaReset+HardDistill,Hopper-v4,0
134665,reward,3001,107.64914554902725,93.909,P3O-dyn+AdaReset+HardDistill,Hopper-v4,0
134732,reward,3002,114.219937975619,92.753,P3O-dyn+AdaReset+HardDistill,Hopper-v4,0
134766,reward,3003,48.71694131425964,87.361,P3O-dyn+AdaReset+HardDistill,Hopper-v4,0
134792,reward,3004,31.480374360456185,77.353,P3O-dyn+AdaReset+HardDistill,Hopper-v4,0
134848,reward,3005,85.29405885299305,77.447,P3O-dyn+AdaReset+HardDistill,Hopper-v4,0
134890,reward,3006,70.12465719702193,70.35,P3O-dyn+AdaReset+HardDistill,Hopper-v4,0
134914,reward,3007,14.82330361725044,64.456,P3O-dyn+AdaReset+HardDistill,Hopper-v4,0
134984,reward,3008,136.90956564927163,70.459,P3O-dyn+AdaReset+HardDistill,Hopper-v4,0
135056,reward,3009,121.65357796741145,81.124,P3O-dyn+AdaReset+HardDistill,Hopper-v4,0
135102,reward,3010,58.48173728216581,78.935,P3O-dyn+AdaReset+HardDistill,Hopper-v4,0
135169,reward,3011,111.91060773442432,79.361,P3O-dyn+AdaReset+HardDistill,Hopper-v4,0
135262,reward,3012,189.99638329625228,86.939,P3O-dyn+AdaReset+HardDistill,Hopper-v4,0
135281,reward,3013,19.74362972989544,84.042,P3O-dyn+AdaReset+HardDistill,Hopper-v4,0
135339,reward,3014,103.90946905597185,91.285,P3O-dyn+AdaReset+HardDistill,Hopper-v4,0
135407,reward,3015,75.67198137982446,90.322,P3O-dyn+AdaReset+HardDistill,Hopper-v4,0
135476,reward,3016,131.87245762659083,96.497,P3O-dyn+AdaReset+HardDistill,Hopper-v4,0
135524,reward,3017,84.22208767159026,103.437,P3O-dyn+AdaReset+HardDistill,Hopper-v4,0
135589,reward,3018,113.68726744399706,101.115,P3O-dyn+AdaReset+HardDistill,Hopper-v4,0
135675,reward,3019,182.171828160495,107.167,P3O-dyn+AdaReset+HardDistill,Hopper-v4,0
135723,reward,3020,80.52317187656385,109.371,P3O-dyn+AdaReset+HardDistill,Hopper-v4,0
135791,reward,3021,132.88413850970414,111.468,P3O-dyn+AdaReset+HardDistill,Hopper-v4,0
135826,reward,3022,57.4290515882945,98.212,P3O-dyn+AdaReset+HardDistill,Hopper-v4,0
135892,reward,3023,107.27340803307789,106.964,P3O-dyn+AdaReset+HardDistill,Hopper-v4,0
135945,reward,3024,93.87762874294998,105.961,P3O-dyn+AdaReset+HardDistill,Hopper-v4,0
136001,reward,3025,98.99526787820254,108.294,P3O-dyn+AdaReset+HardDistill,Hopper-v4,0
136053,reward,3026,92.40209904534917,104.347,P3O-dyn+AdaReset+HardDistill,Hopper-v4,0
136130,reward,3027,159.24486459082257,111.849,P3O-dyn+AdaReset+HardDistill,Hopper-v4,0
136207,reward,3028,156.53080351984872,116.133,P3O-dyn+AdaReset+HardDistill,Hopper-v4,0
136228,reward,3029,23.25193410358532,100.241,P3O-dyn+AdaReset+HardDistill,Hopper-v4,0
136270,reward,3030,61.26299026962427,98.315,P3O-dyn+AdaReset+HardDistill,Hopper-v4,0
136309,reward,3031,68.74381983157848,91.901,P3O-dyn+AdaReset+HardDistill,Hopper-v4,0
136365,reward,3032,100.77977400083753,96.236,P3O-dyn+AdaReset+HardDistill,Hopper-v4,0
136438,reward,3033,143.17038073204552,99.826,P3O-dyn+AdaReset+HardDistill,Hopper-v4,0
136513,reward,3034,133.37455424457224,103.776,P3O-dyn+AdaReset+HardDistill,Hopper-v4,0
136593,reward,3035,145.04270645317703,108.38,P3O-dyn+AdaReset+HardDistill,Hopper-v4,0
136659,reward,3036,118.58503751645209,110.999,P3O-dyn+AdaReset+HardDistill,Hopper-v4,0
136747,reward,3037,159.1341702306227,110.988,P3O-dyn+AdaReset+HardDistill,Hopper-v4,0
136830,reward,3038,156.08711457096894,110.943,P3O-dyn+AdaReset+HardDistill,Hopper-v4,0
136881,reward,3039,88.71212434422598,117.489,P3O-dyn+AdaReset+HardDistill,Hopper-v4,0
136905,reward,3040,28.07272945169556,114.17,P3O-dyn+AdaReset+HardDistill,Hopper-v4,0
136935,reward,3041,50.19403393275607,112.315,P3O-dyn+AdaReset+HardDistill,Hopper-v4,0
137003,reward,3042,135.53043158043246,115.79,P3O-dyn+AdaReset+HardDistill,Hopper-v4,0
137078,reward,3043,157.68359174286917,117.242,P3O-dyn+AdaReset+HardDistill,Hopper-v4,0
137125,reward,3044,73.98416107174334,111.303,P3O-dyn+AdaReset+HardDistill,Hopper-v4,0
137175,reward,3045,84.32239304512103,105.231,P3O-dyn+AdaReset+HardDistill,Hopper-v4,0
137222,reward,3046,77.50218968256131,101.122,P3O-dyn+AdaReset+HardDistill,Hopper-v4,0
137289,reward,3047,119.78398764217913,97.187,P3O-dyn+AdaReset+HardDistill,Hopper-v4,0
137366,reward,3048,151.34842234496801,96.713,P3O-dyn+AdaReset+HardDistill,Hopper-v4,0
137396,reward,3049,36.71268008051181,91.513,P3O-dyn+AdaReset+HardDistill,Hopper-v4,0
137475,reward,3050,136.77276564746427,102.383,P3O-dyn+AdaReset+HardDistill,Hopper-v4,0
137524,reward,3051,73.22554009783754,104.687,P3O-dyn+AdaReset+HardDistill,Hopper-v4,0
137565,reward,3052,60.91288852714867,97.225,P3O-dyn+AdaReset+HardDistill,Hopper-v4,0
137658,reward,3053,188.69924459810824,100.326,P3O-dyn+AdaReset+HardDistill,Hopper-v4,0
137708,reward,3054,79.71951163314968,100.9,P3O-dyn+AdaReset+HardDistill,Hopper-v4,0
137760,reward,3055,93.74519674384392,101.842,P3O-dyn+AdaReset+HardDistill,Hopper-v4,0
137835,reward,3056,139.7186176467155,108.064,P3O-dyn+AdaReset+HardDistill,Hopper-v4,0
137909,reward,3057,136.0608118796925,109.692,P3O-dyn+AdaReset+HardDistill,Hopper-v4,0
137937,reward,3058,34.207581704756926,97.977,P3O-dyn+AdaReset+HardDistill,Hopper-v4,0
137983,reward,3059,77.27666954125085,102.034,P3O-dyn+AdaReset+HardDistill,Hopper-v4,0
138039,reward,3060,88.99087044990873,97.256,P3O-dyn+AdaReset+HardDistill,Hopper-v4,0
138099,reward,3061,109.72342972345547,100.905,P3O-dyn+AdaReset+HardDistill,Hopper-v4,0
138152,reward,3062,88.99878059624376,103.714,P3O-dyn+AdaReset+HardDistill,Hopper-v4,0
138219,reward,3063,127.76887488501285,97.621,P3O-dyn+AdaReset+HardDistill,Hopper-v4,0
138270,reward,3064,84.79006708752809,98.128,P3O-dyn+AdaReset+HardDistill,Hopper-v4,0
138340,reward,3065,133.00867281232587,102.054,P3O-dyn+AdaReset+HardDistill,Hopper-v4,0
138407,reward,3066,115.68284329865595,99.651,P3O-dyn+AdaReset+HardDistill,Hopper-v4,0
138421,reward,3067,11.599551589232686,87.205,P3O-dyn+AdaReset+HardDistill,Hopper-v4,0
138521,reward,3068,195.57986553067622,103.342,P3O-dyn+AdaReset+HardDistill,Hopper-v4,0
138592,reward,3069,140.25640858311286,109.64,P3O-dyn+AdaReset+HardDistill,Hopper-v4,0
138653,reward,3070,111.3001080079515,111.871,P3O-dyn+AdaReset+HardDistill,Hopper-v4,0
138689,reward,3071,47.1684922757736,105.615,P3O-dyn+AdaReset+HardDistill,Hopper-v4,0
138741,reward,3072,90.93074472140981,105.809,P3O-dyn+AdaReset+HardDistill,Hopper-v4,0
138822,reward,3073,152.17465124878728,108.249,P3O-dyn+AdaReset+HardDistill,Hopper-v4,0
138857,reward,3074,51.254987814747444,104.896,P3O-dyn+AdaReset+HardDistill,Hopper-v4,0
138909,reward,3075,91.37211236351376,100.732,P3O-dyn+AdaReset+HardDistill,Hopper-v4,0
139005,reward,3076,170.49407638242576,106.213,P3O-dyn+AdaReset+HardDistill,Hopper-v4,0
139074,reward,3077,120.13591568728056,117.067,P3O-dyn+AdaReset+HardDistill,Hopper-v4,0
139139,reward,3078,127.4487357221687,110.254,P3O-dyn+AdaReset+HardDistill,Hopper-v4,0
139172,reward,3079,40.90968601813897,100.319,P3O-dyn+AdaReset+HardDistill,Hopper-v4,0
139240,reward,3080,107.26740384387178,99.916,P3O-dyn+AdaReset+HardDistill,Hopper-v4,0
139264,loss,-0.016695480793714523,4.294768810272217,P3O-dyn+AdaReset+HardDistill,Hopper-v4,0
139289,reward,3081,78.42572163788488,103.041,P3O-dyn+AdaReset+HardDistill,Hopper-v4,0
139348,reward,3082,76.71565177938888,101.62,P3O-dyn+AdaReset+HardDistill,Hopper-v4,0
139401,reward,3083,93.26131955516551,95.729,P3O-dyn+AdaReset+HardDistill,Hopper-v4,0
139491,reward,3084,160.55793295354277,106.659,P3O-dyn+AdaReset+HardDistill,Hopper-v4,0
139544,reward,3085,94.35451488763853,106.957,P3O-dyn+AdaReset+HardDistill,Hopper-v4,0
139584,reward,3086,63.06586168658038,96.214,P3O-dyn+AdaReset+HardDistill,Hopper-v4,0
139637,reward,3087,92.05972410808532,93.407,P3O-dyn+AdaReset+HardDistill,Hopper-v4,0
139708,reward,3088,138.43113431683966,94.505,P3O-dyn+AdaReset+HardDistill,Hopper-v4,0
139742,reward,3089,58.36123882129185,96.25,P3O-dyn+AdaReset+HardDistill,Hopper-v4,0
139842,reward,3090,176.537280004702,103.177,P3O-dyn+AdaReset+HardDistill,Hopper-v4,0
139880,reward,3091,65.02220469843866,101.837,P3O-dyn+AdaReset+HardDistill,Hopper-v4,0
139919,reward,3092,65.26466511953132,100.692,P3O-dyn+AdaReset+HardDistill,Hopper-v4,0
140000,speed,792.53,2.23,P3O-dyn+AdaReset+HardDistill,Hopper-v4,0
140007,reward,3093,179.29138110318385,109.295,P3O-dyn+AdaReset+HardDistill,Hopper-v4,0
140056,reward,3094,87.2708562139364,101.966,P3O-dyn+AdaReset+HardDistill,Hopper-v4,0
140146,reward,3095,190.0122003955902,111.532,P3O-dyn+AdaReset+HardDistill,Hopper-v4,0
140256,reward,3096,215.3589396344721,126.761,P3O-dyn+AdaReset+HardDistill,Hopper-v4,0
140309,reward,3097,83.65380810171969,125.92,P3O-dyn+AdaReset+HardDistill,Hopper-v4,0
140359,reward,3098,86.19236751852401,120.696,P3O-dyn+AdaReset+HardDistill,Hopper-v4,0
140419,reward,3099,108.85791382357223,125.746,P3O-dyn+AdaReset+HardDistill,Hopper-v4,0
140484,reward,3100,121.55828942632009,120.248,P3O-dyn+AdaReset+HardDistill,Hopper-v4,0
140554,reward,3101,128.43115095835591,126.589,P3O-dyn+AdaReset+HardDistill,Hopper-v4,0
140604,reward,3102,82.24263006061061,128.287,P3O-dyn+AdaReset+HardDistill,Hopper-v4,0
140621,reward,3103,16.376425654871817,111.995,P3O-dyn+AdaReset+HardDistill,Hopper-v4,0
140686,reward,3104,120.2952124996152,115.298,P3O-dyn+AdaReset+HardDistill,Hopper-v4,0
140737,reward,3105,87.71769373389556,105.068,P3O-dyn+AdaReset+HardDistill,Hopper-v4,0
140777,reward,3106,69.20874162753096,90.453,P3O-dyn+AdaReset+HardDistill,Hopper-v4,0
140822,reward,3107,77.21661281893206,89.81,P3O-dyn+AdaReset+HardDistill,Hopper-v4,0
140898,reward,3108,161.56362131829508,97.347,P3O-dyn+AdaReset+HardDistill,Hopper-v4,0
140940,reward,3109,66.30097494058435,93.091,P3O-dyn+AdaReset+HardDistill,Hopper-v4,0
141021,reward,3110,141.55789852160035,95.091,P3O-dyn+AdaReset+HardDistill,Hopper-v4,0
141080,reward,3111,108.42054639351328,93.09,P3O-dyn+AdaReset+HardDistill,Hopper-v4,0
141156,reward,3112,151.4954071297021,100.015,P3O-dyn+AdaReset+HardDistill,Hopper-v4,0
141267,reward,3113,257.43184748654056,124.121,P3O-dyn+AdaReset+HardDistill,Hopper-v4,0
141339,reward,3114,142.0205290485778,126.293,P3O-dyn+AdaReset+HardDistill,Hopper-v4,0
141413,reward,3115,142.41959378017663,131.764,P3O-dyn+AdaReset+HardDistill,Hopper-v4,0
141449,reward,3116,59.81603391633104,130.824,P3O-dyn+AdaReset+HardDistill,Hopper-v4,0
141491,reward,3117,46.10423850943076,127.713,P3O-dyn+AdaReset+HardDistill,Hopper-v4,0
141538,reward,3118,82.14448484203376,119.771,P3O-dyn+AdaReset+HardDistill,Hopper-v4,0
141614,reward,3119,135.90063189766,126.731,P3O-dyn+AdaReset+HardDistill,Hopper-v4,0
141675,reward,3120,105.58001727023154,123.133,P3O-dyn+AdaReset+HardDistill,Hopper-v4,0
141766,reward,3121,183.418634003339,130.633,P3O-dyn+AdaReset+HardDistill,Hopper-v4,0
141815,reward,3122,85.25179541035533,124.009,P3O-dyn+AdaReset+HardDistill,Hopper-v4,0
141858,reward,3123,64.59303673302779,104.725,P3O-dyn+AdaReset+HardDistill,Hopper-v4,0
141920,reward,3124,117.09510183960597,102.232,P3O-dyn+AdaReset+HardDistill,Hopper-v4,0
141970,reward,3125,82.63094494640009,96.253,P3O-dyn+AdaReset+HardDistill,Hopper-v4,0
142048,reward,3126,147.83486069421866,105.055,P3O-dyn+AdaReset+HardDistill,Hopper-v4,0
142105,reward,3127,99.70728063112628,110.416,P3O-dyn+AdaReset+HardDistill,Hopper-v4,0
142196,reward,3128,169.30685409756853,119.132,P3O-dyn+AdaReset+HardDistill,Hopper-v4,0
142250,reward,3129,87.88569721384015,114.33,P3O-dyn+AdaReset+HardDistill,Hopper-v4,0
142292,reward,3130,66.16824241986318,110.389,P3O-dyn+AdaReset+HardDistill,Hopper-v4,0
142347,reward,3131,97.223545073527,101.77,P3O-dyn+AdaReset+HardDistill,Hopper-v4,0
142358,reward,3132,7.460538082730695,93.991,P3O-dyn+AdaReset+HardDistill,Hopper-v4,0
142434,reward,3133,147.49296210565973,102.281,P3O-dyn+AdaReset+HardDistill,Hopper-v4,0
142487,reward,3134,90.07136572879853,99.578,P3O-dyn+AdaReset+HardDistill,Hopper-v4,0
142569,reward,3135,171.88510339065954,108.504,P3O-dyn+AdaReset+HardDistill,Hopper-v4,0
142634,reward,3136,118.03897380220165,105.524,P3O-dyn+AdaReset+HardDistill,Hopper-v4,0
142741,reward,3137,225.0916295077166,118.062,P3O-dyn+AdaReset+HardDistill,Hopper-v4,0
142798,reward,3138,82.86053945272616,109.418,P3O-dyn+AdaReset+HardDistill,Hopper-v4,0
142838,reward,3139,67.49582816272127,107.379,P3O-dyn+AdaReset+HardDistill,Hopper-v4,0
142894,reward,3140,97.02769969748604,110.465,P3O-dyn+AdaReset+HardDistill,Hopper-v4,0
142956,reward,3141,121.1324398538832,112.856,P3O-dyn+AdaReset+HardDistill,Hopper-v4,0
143015,reward,3142,108.8296068360952,122.993,P3O-dyn+AdaReset+HardDistill,Hopper-v4,0
143054,reward,3143,56.30398064874619,113.874,P3O-dyn+AdaReset+HardDistill,Hopper-v4,0
143111,reward,3144,98.53126804926866,114.72,P3O-dyn+AdaReset+HardDistill,Hopper-v4,0
143177,reward,3145,115.39516870910103,109.071,P3O-dyn+AdaReset+HardDistill,Hopper-v4,0
143232,reward,3146,94.57631405351782,106.724,P3O-dyn+AdaReset+HardDistill,Hopper-v4,0
143300,reward,3147,128.88485992647156,97.104,P3O-dyn+AdaReset+HardDistill,Hopper-v4,0
143354,reward,3148,96.8440490742093,98.502,P3O-dyn+AdaReset+HardDistill,Hopper-v4,0
143417,reward,3149,117.44087959225031,103.497,P3O-dyn+AdaReset+HardDistill,Hopper-v4,0
143492,reward,3150,144.98455053713374,108.292,P3O-dyn+AdaReset+HardDistill,Hopper-v4,0
143546,reward,3151,92.01252102482296,105.38,P3O-dyn+AdaReset+HardDistill,Hopper-v4,0
143587,reward,3152,34.71531667410293,97.969,P3O-dyn+AdaReset+HardDistill,Hopper-v4,0
143656,reward,3153,121.39579687454089,104.478,P3O-dyn+AdaReset+HardDistill,Hopper-v4,0
143735,reward,3154,144.1068680042119,109.036,P3O-dyn+AdaReset+HardDistill,Hopper-v4,0
143812,reward,3155,142.3226115271312,111.728,P3O-dyn+AdaReset+HardDistill,Hopper-v4,0
143893,reward,3156,162.61426974069425,118.532,P3O-dyn+AdaReset+HardDistill,Hopper-v4,0
143939,reward,3157,76.81306367578647,113.325,P3O-dyn+AdaReset+HardDistill,Hopper-v4,0
143999,reward,3158,96.49228782050272,113.29,P3O-dyn+AdaReset+HardDistill,Hopper-v4,0
144038,reward,3159,64.9024607722069,108.036,P3O-dyn+AdaReset+HardDistill,Hopper-v4,0
144113,reward,3160,129.73244560715477,106.511,P3O-dyn+AdaReset+HardDistill,Hopper-v4,0
144232,reward,3161,239.09117481180596,121.219,P3O-dyn+AdaReset+HardDistill,Hopper-v4,0
144275,reward,3162,71.21101016798262,124.868,P3O-dyn+AdaReset+HardDistill,Hopper-v4,0
144332,reward,3163,89.01887389884111,121.631,P3O-dyn+AdaReset+HardDistill,Hopper-v4,0
144374,reward,3164,70.35282851558281,114.255,P3O-dyn+AdaReset+HardDistill,Hopper-v4,0
144429,reward,3165,95.75946753459885,109.599,P3O-dyn+AdaReset+HardDistill,Hopper-v4,0
144498,reward,3166,125.89541859884312,105.927,P3O-dyn+AdaReset+HardDistill,Hopper-v4,0
144577,reward,3167,168.9937436896238,115.145,P3O-dyn+AdaReset+HardDistill,Hopper-v4,0
144630,reward,3168,88.21375164699731,114.317,P3O-dyn+AdaReset+HardDistill,Hopper-v4,0
144684,reward,3169,91.97729131027512,117.025,P3O-dyn+AdaReset+HardDistill,Hopper-v4,0
144745,reward,3170,109.30691318472515,114.982,P3O-dyn+AdaReset+HardDistill,Hopper-v4,0
144806,reward,3171,57.52878747804604,96.826,P3O-dyn+AdaReset+HardDistill,Hopper-v4,0
144878,reward,3172,137.29117711219558,103.434,P3O-dyn+AdaReset+HardDistill,Hopper-v4,0
144918,reward,3173,67.60024310301341,101.292,P3O-dyn+AdaReset+HardDistill,Hopper-v4,0
144972,reward,3174,97.2266907189098,103.979,P3O-dyn+AdaReset+HardDistill,Hopper-v4,0
145024,reward,3175,59.84461729113651,100.388,P3O-dyn+AdaReset+HardDistill,Hopper-v4,0
145114,reward,3176,168.36410507351047,104.635,P3O-dyn+AdaReset+HardDistill,Hopper-v4,0
145183,reward,3177,135.3529695163184,101.271,P3O-dyn+AdaReset+HardDistill,Hopper-v4,0
145265,reward,3178,172.0407861933197,109.653,P3O-dyn+AdaReset+HardDistill,Hopper-v4,0
145313,reward,3179,78.60405330742833,108.316,P3O-dyn+AdaReset+HardDistill,Hopper-v4,0
145359,reward,3180,77.48210959802061,105.134,P3O-dyn+AdaReset+HardDistill,Hopper-v4,0
145431,reward,3181,122.17161402883154,111.598,P3O-dyn+AdaReset+HardDistill,Hopper-v4,0
145483,reward,3182,77.02712122063853,105.571,P3O-dyn+AdaReset+HardDistill,Hopper-v4,0
145532,reward,3183,88.59305730846894,107.671,P3O-dyn+AdaReset+HardDistill,Hopper-v4,0
145593,reward,3184,113.85803150385111,109.334,P3O-dyn+AdaReset+HardDistill,Hopper-v4,0
145649,reward,3185,95.14862855269247,112.864,P3O-dyn+AdaReset+HardDistill,Hopper-v4,0
145724,reward,3186,142.6919375481868,110.297,P3O-dyn+AdaReset+HardDistill,Hopper-v4,0
145788,reward,3187,113.641168241613,108.126,P3O-dyn+AdaReset+HardDistill,Hopper-v4,0
145843,reward,3188,97.63545889282393,100.685,P3O-dyn+AdaReset+HardDistill,Hopper-v4,0
145889,reward,3189,78.75886620154053,100.701,P3O-dyn+AdaReset+HardDistill,Hopper-v4,0
145961,reward,3190,144.9019149983251,107.443,P3O-dyn+AdaReset+HardDistill,Hopper-v4,0
146025,reward,3191,115.53395878078238,106.779,P3O-dyn+AdaReset+HardDistill,Hopper-v4,0
146112,reward,3192,165.10721122688398,115.587,P3O-dyn+AdaReset+HardDistill,Hopper-v4,0
146200,reward,3193,159.5416338768115,122.682,P3O-dyn+AdaReset+HardDistill,Hopper-v4,0
146271,reward,3194,142.92992353828117,125.589,P3O-dyn+AdaReset+HardDistill,Hopper-v4,0
146327,reward,3195,101.68711031411166,126.243,P3O-dyn+AdaReset+HardDistill,Hopper-v4,0
146432,reward,3196,213.62348361240421,133.336,P3O-dyn+AdaReset+HardDistill,Hopper-v4,0
146498,reward,3197,120.78760337094388,134.051,P3O-dyn+AdaReset+HardDistill,Hopper-v4,0
146571,reward,3198,142.1491038011743,138.502,P3O-dyn+AdaReset+HardDistill,Hopper-v4,0
146667,reward,3199,187.98731707090283,149.425,P3O-dyn+AdaReset+HardDistill,Hopper-v4,0
146723,reward,3200,85.5453579376879,143.489,P3O-dyn+AdaReset+HardDistill,Hopper-v4,0
146766,reward,3201,73.21620291292088,139.257,P3O-dyn+AdaReset+HardDistill,Hopper-v4,0
146806,reward,3202,67.91902671462114,129.539,P3O-dyn+AdaReset+HardDistill,Hopper-v4,0
146844,reward,3203,55.27643714206586,119.112,P3O-dyn+AdaReset+HardDistill,Hopper-v4,0
146891,reward,3204,77.84696730128623,112.604,P3O-dyn+AdaReset+HardDistill,Hopper-v4,0
146912,reward,3205,21.362109163813493,104.571,P3O-dyn+AdaReset+HardDistill,Hopper-v4,0
146971,reward,3206,106.13129580358391,93.822,P3O-dyn+AdaReset+HardDistill,Hopper-v4,0
147009,reward,3207,63.2873335156477,88.072,P3O-dyn+AdaReset+HardDistill,Hopper-v4,0
147080,reward,3208,129.35249733251737,86.792,P3O-dyn+AdaReset+HardDistill,Hopper-v4,0
147152,reward,3209,139.5774571970819,81.951,P3O-dyn+AdaReset+HardDistill,Hopper-v4,0
147217,reward,3210,120.5363732902605,85.451,P3O-dyn+AdaReset+HardDistill,Hopper-v4,0
147275,reward,3211,105.77199918813933,88.706,P3O-dyn+AdaReset+HardDistill,Hopper-v4,0
147320,reward,3212,76.98029838271107,89.612,P3O-dyn+AdaReset+HardDistill,Hopper-v4,0
147390,reward,3213,139.2013521414428,98.005,P3O-dyn+AdaReset+HardDistill,Hopper-v4,0
147456,loss,-0.007008986547589302,3.3747222423553467,P3O-dyn+AdaReset+HardDistill,Hopper-v4,0
147468,reward,3214,150.0016371977757,105.22,P3O-dyn+AdaReset+HardDistill,Hopper-v4,0
147508,reward,3215,66.27153591549202,109.711,P3O-dyn+AdaReset+HardDistill,Hopper-v4,0
147546,reward,3216,65.76233166728576,105.674,P3O-dyn+AdaReset+HardDistill,Hopper-v4,0
147595,reward,3217,83.34565950005187,107.68,P3O-dyn+AdaReset+HardDistill,Hopper-v4,0
147653,reward,3218,106.56897212940089,105.402,P3O-dyn+AdaReset+HardDistill,Hopper-v4,0
147687,reward,3219,55.664446760326214,97.01,P3O-dyn+AdaReset+HardDistill,Hopper-v4,0
147745,reward,3220,107.1772947479563,95.675,P3O-dyn+AdaReset+HardDistill,Hopper-v4,0
147803,reward,3221,106.99945088272267,95.797,P3O-dyn+AdaReset+HardDistill,Hopper-v4,0
147857,reward,3222,95.07003858284237,97.606,P3O-dyn+AdaReset+HardDistill,Hopper-v4,0
147901,reward,3223,71.02499485331566,90.789,P3O-dyn+AdaReset+HardDistill,Hopper-v4,0
147948,reward,3224,83.06446530757246,84.095,P3O-dyn+AdaReset+HardDistill,Hopper-v4,0
148018,reward,3225,129.1834412519843,90.386,P3O-dyn+AdaReset+HardDistill,Hopper-v4,0
148066,reward,3226,78.50494877100796,91.66,P3O-dyn+AdaReset+HardDistill,Hopper-v4,0
148113,reward,3227,80.2031749438871,91.346,P3O-dyn+AdaReset+HardDistill,Hopper-v4,0
148153,reward,3228,70.45338301595476,87.735,P3O-dyn+AdaReset+HardDistill,Hopper-v4,0
148203,reward,3229,86.20422620092926,90.789,P3O-dyn+AdaReset+HardDistill,Hopper-v4,0
148263,reward,3230,113.93001743102734,91.464,P3O-dyn+AdaReset+HardDistill,Hopper-v4,0
148356,reward,3231,199.47252225577205,100.711,P3O-dyn+AdaReset+HardDistill,Hopper-v4,0
148428,reward,3232,74.60487311116344,98.665,P3O-dyn+AdaReset+HardDistill,Hopper-v4,0
148472,reward,3233,68.60366144707146,98.422,P3O-dyn+AdaReset+HardDistill,Hopper-v4,0
148540,reward,3234,118.50596528201412,101.967,P3O-dyn+AdaReset+HardDistill,Hopper-v4,0
148588,reward,3235,75.61363337420067,96.61,P3O-dyn+AdaReset+HardDistill,Hopper-v4,0
148636,reward,3236,79.6141261048808,96.721,P3O-dyn+AdaReset+HardDistill,Hopper-v4,0
148680,reward,3237,74.32590541554829,96.133,P3O-dyn+AdaReset+HardDistill,Hopper-v4,0
148732,reward,3238,92.40208033743632,98.328,P3O-dyn+AdaReset+HardDistill,Hopper-v4,0
148778,reward,3239,71.54058304044813,96.861,P3O-dyn+AdaReset+HardDistill,Hopper-v4,0
148815,reward,3240,60.93855007451276,91.562,P3O-dyn+AdaReset+HardDistill,Hopper-v4,0
148934,reward,3241,244.19792701268244,96.035,P3O-dyn+AdaReset+HardDistill,Hopper-v4,0
148981,reward,3242,75.02216516394783,96.076,P3O-dyn+AdaReset+HardDistill,Hopper-v4,0
149026,reward,3243,67.98066863711887,96.014,P3O-dyn+AdaReset+HardDistill,Hopper-v4,0
149067,reward,3244,72.16574805607075,91.38,P3O-dyn+AdaReset+HardDistill,Hopper-v4,0
149137,reward,3245,134.05796381464378,97.225,P3O-dyn+AdaReset+HardDistill,Hopper-v4,0
149195,reward,3246,106.08163591724167,99.871,P3O-dyn+AdaReset+HardDistill,Hopper-v4,0
149263,reward,3247,132.57448488512316,105.696,P3O-dyn+AdaReset+HardDistill,Hopper-v4,0
149314,reward,3248,89.21191845639594,105.377,P3O-dyn+AdaReset+HardDistill,Hopper-v4,0
149349,reward,3249,60.017936339378686,104.225,P3O-dyn+AdaReset+HardDistill,Hopper-v4,0
149390,reward,3250,69.3361564383948,105.065,P3O-dyn+AdaReset+HardDistill,Hopper-v4,0
149452,reward,3251,102.83372082826004,90.928,P3O-dyn+AdaReset+HardDistill,Hopper-v4,0
149506,reward,3252,71.63312426146821,90.589,P3O-dyn+AdaReset+HardDistill,Hopper-v4,0
149540,reward,3253,48.80188513837059,88.671,P3O-dyn+AdaReset+HardDistill,Hopper-v4,0
149580,reward,3254,65.04197336397063,87.959,P3O-dyn+AdaReset+HardDistill,Hopper-v4,0
149699,reward,3255,197.34498161931833,94.288,P3O-dyn+AdaReset+HardDistill,Hopper-v4,0
149774,reward,3256,157.0915929655325,99.389,P3O-dyn+AdaReset+HardDistill,Hopper-v4,0
149847,reward,3257,126.77380239470975,98.809,P3O-dyn+AdaReset+HardDistill,Hopper-v4,0
149918,reward,3258,138.03138828547492,103.691,P3O-dyn+AdaReset+HardDistill,Hopper-v4,0
149958,reward,3259,65.04860321972696,104.194,P3O-dyn+AdaReset+HardDistill,Hopper-v4,0
150000,speed,805.51,2.43,P3O-dyn+AdaReset+HardDistill,Hopper-v4,0
150000,sbp,0.4,0.2477,0.1783,P3O-dyn+AdaReset+HardDistill,Hopper-v4,0,0.01585,1,1.485065,0.877001,0.015733,0.014202,4.244143,4.256027,0.693345,0.107798,0.0028,0.731634,1.207628,0.005529,0.002108,1
150026,reward,3260,99.48794811031252,107.209,P3O-dyn+AdaReset+HardDistill,Hopper-v4,0
150074,reward,3261,74.34813833095804,104.36,P3O-dyn+AdaReset+HardDistill,Hopper-v4,0
150180,reward,3262,188.24744758792392,116.022,P3O-dyn+AdaReset+HardDistill,Hopper-v4,0
150244,reward,3263,118.68276932776388,123.01,P3O-dyn+AdaReset+HardDistill,Hopper-v4,0
150282,reward,3264,65.21285822325045,123.027,P3O-dyn+AdaReset+HardDistill,Hopper-v4,0
150337,reward,3265,76.47018093620164,110.939,P3O-dyn+AdaReset+HardDistill,Hopper-v4,0
150387,reward,3266,87.07229502095055,103.938,P3O-dyn+AdaReset+HardDistill,Hopper-v4,0
150431,reward,3267,74.80215837262406,98.74,P3O-dyn+AdaReset+HardDistill,Hopper-v4,0
150506,reward,3268,146.82667847098494,99.62,P3O-dyn+AdaReset+HardDistill,Hopper-v4,0
150556,reward,3269,85.1002919407467,101.625,P3O-dyn+AdaReset+HardDistill,Hopper-v4,0
150603,reward,3270,74.60528960309905,99.137,P3O-dyn+AdaReset+HardDistill,Hopper-v4,0
150639,reward,3271,60.790502691890204,97.781,P3O-dyn+AdaReset+HardDistill,Hopper-v4,0
150689,reward,3272,85.28017731106225,87.484,P3O-dyn+AdaReset+HardDistill,Hopper-v4,0
150755,reward,3273,125.40744505374379,88.157,P3O-dyn+AdaReset+HardDistill,Hopper-v4,0
150840,reward,3274,171.14605378063482,98.75,P3O-dyn+AdaReset+HardDistill,Hopper-v4,0
150889,reward,3275,78.8065185762734,98.984,P3O-dyn+AdaReset+HardDistill,Hopper-v4,0
150921,reward,3276,53.13703339431868,95.59,P3O-dyn+AdaReset+HardDistill,Hopper-v4,0
150979,reward,3277,100.41441069630707,98.151,P3O-dyn+AdaReset+HardDistill,Hopper-v4,0
151063,reward,3278,141.88849989089397,97.658,P3O-dyn+AdaReset+HardDistill,Hopper-v4,0
151102,reward,3279,68.24774917528683,95.972,P3O-dyn+AdaReset+HardDistill,Hopper-v4,0
151142,reward,3280,72.91877954203817,95.804,P3O-dyn+AdaReset+HardDistill,Hopper-v4,0
151199,reward,3281,97.53240475304949,99.478,P3O-dyn+AdaReset+HardDistill,Hopper-v4,0
151245,reward,3282,83.39546027679762,99.289,P3O-dyn+AdaReset+HardDistill,Hopper-v4,0
151291,reward,3283,78.42539747121884,94.591,P3O-dyn+AdaReset+HardDistill,Hopper-v4,0
151333,reward,3284,72.75847456178485,84.752,P3O-dyn+AdaReset+HardDistill,Hopper-v4,0
151366,reward,3285,54.87790940049424,82.36,P3O-dyn+AdaReset+HardDistill,Hopper-v4,0
151389,reward,3286,24.138325939753756,79.46,P3O-dyn+AdaReset+HardDistill,Hopper-v4,0
151451,reward,3287,107.31882410227699,80.15,P3O-dyn+AdaReset+HardDistill,Hopper-v4,0
151502,reward,3288,84.1067542920495,74.372,P3O-dyn+AdaReset+HardDistill,Hopper-v4,0
151541,reward,3289,68.8617554921377,74.433,P3O-dyn+AdaReset+HardDistill,Hopper-v4,0
151577,reward,3290,53.913089124036624,72.533,P3O-dyn+AdaReset+HardDistill,Hopper-v4,0
151645,reward,3291,122.35485531490704,75.015,P3O-dyn+AdaReset+HardDistill,Hopper-v4,0
151681,reward,3292,62.71227537455728,72.947,P3O-dyn+AdaReset+HardDistill,Hopper-v4,0
151717,reward,3293,60.393164246191795,71.144,P3O-dyn+AdaReset+HardDistill,Hopper-v4,0
151767,reward,3294,80.77956670857206,71.946,P3O-dyn+AdaReset+HardDistill,Hopper-v4,0
151809,reward,3295,60.40508996638893,72.498,P3O-dyn+AdaReset+HardDistill,Hopper-v4,0
151868,reward,3296,103.23037762380117,80.408,P3O-dyn+AdaReset+HardDistill,Hopper-v4,0
151906,reward,3297,66.2328026661082,76.299,P3O-dyn+AdaReset+HardDistill,Hopper-v4,0
151968,reward,3298,118.83000815667896,79.771,P3O-dyn+AdaReset+HardDistill,Hopper-v4,0
152039,reward,3299,125.64234052616243,85.449,P3O-dyn+AdaReset+HardDistill,Hopper-v4,0
152090,reward,3300,87.19446155083608,88.777,P3O-dyn+AdaReset+HardDistill,Hopper-v4,0
152131,reward,3301,71.8449720358968,83.727,P3O-dyn+AdaReset+HardDistill,Hopper-v4,0
152154,reward,3302,25.889111571933164,80.044,P3O-dyn+AdaReset+HardDistill,Hopper-v4,0
152225,reward,3303,139.26683501456012,87.932,P3O-dyn+AdaReset+HardDistill,Hopper-v4,0
152268,reward,3304,74.33854130941987,87.287,P3O-dyn+AdaReset+HardDistill,Hopper-v4,0
152312,reward,3305,80.98206767699239,89.345,P3O-dyn+AdaReset+HardDistill,Hopper-v4,0
152358,reward,3306,70.44857405222496,86.067,P3O-dyn+AdaReset+HardDistill,Hopper-v4,0
152421,reward,3307,108.22357796696792,90.266,P3O-dyn+AdaReset+HardDistill,Hopper-v4,0
152471,reward,3308,88.73324514232459,87.256,P3O-dyn+AdaReset+HardDistill,Hopper-v4,0
152542,reward,3309,128.05324638435346,87.497,P3O-dyn+AdaReset+HardDistill,Hopper-v4,0
152616,reward,3310,158.94827279933173,94.673,P3O-dyn+AdaReset+HardDistill,Hopper-v4,0
152716,reward,3311,173.58906228863867,104.847,P3O-dyn+AdaReset+HardDistill,Hopper-v4,0
152779,reward,3312,115.51477668407311,113.81,P3O-dyn+AdaReset+HardDistill,Hopper-v4,0
152847,reward,3313,128.7257555556788,112.756,P3O-dyn+AdaReset+HardDistill,Hopper-v4,0
152937,reward,3314,190.50887236069755,124.373,P3O-dyn+AdaReset+HardDistill,Hopper-v4,0
153001,reward,3315,115.64827066501739,127.839,P3O-dyn+AdaReset+HardDistill,Hopper-v4,0
153056,reward,3316,94.90211424641826,130.285,P3O-dyn+AdaReset+HardDistill,Hopper-v4,0
153098,reward,3317,76.81272718195036,127.144,P3O-dyn+AdaReset+HardDistill,Hopper-v4,0
153139,reward,3318,70.10350572027555,125.281,P3O-dyn+AdaReset+HardDistill,Hopper-v4,0
153203,reward,3319,75.65419189267489,120.041,P3O-dyn+AdaReset+HardDistill,Hopper-v4,0
153271,reward,3320,118.07307828714194,115.953,P3O-dyn+AdaReset+HardDistill,Hopper-v4,0
153313,reward,3321,66.44478414243297,105.239,P3O-dyn+AdaReset+HardDistill,Hopper-v4,0
153364,reward,3322,75.54304150458816,101.242,P3O-dyn+AdaReset+HardDistill,Hopper-v4,0
153407,reward,3323,73.80253998228862,95.749,P3O-dyn+AdaReset+HardDistill,Hopper-v4,0
153477,reward,3324,128.49527699484923,89.548,P3O-dyn+AdaReset+HardDistill,Hopper-v4,0
153548,reward,3325,134.02524109999013,91.386,P3O-dyn+AdaReset+HardDistill,Hopper-v4,0
153590,reward,3326,74.9301170189076,89.388,P3O-dyn+AdaReset+HardDistill,Hopper-v4,0
153639,reward,3327,85.33163936919782,90.24,P3O-dyn+AdaReset+HardDistill,Hopper-v4,0
153687,reward,3328,75.60386576179224,90.79,P3O-dyn+AdaReset+HardDistill,Hopper-v4,0
153718,reward,3329,40.01117978408398,87.226,P3O-dyn+AdaReset+HardDistill,Hopper-v4,0
153770,reward,3330,90.06920459953324,84.426,P3O-dyn+AdaReset+HardDistill,Hopper-v4,0
153829,reward,3331,110.62934591407091,88.844,P3O-dyn+AdaReset+HardDistill,Hopper-v4,0
153869,reward,3332,67.3179050455942,88.022,P3O-dyn+AdaReset+HardDistill,Hopper-v4,0
153915,reward,3333,78.0551629136687,88.447,P3O-dyn+AdaReset+HardDistill,Hopper-v4,0
153987,reward,3334,130.71539265744474,88.669,P3O-dyn+AdaReset+HardDistill,Hopper-v4,0
154034,reward,3335,84.43989547108282,83.71,P3O-dyn+AdaReset+HardDistill,Hopper-v4,0
154095,reward,3336,109.54422543836954,87.172,P3O-dyn+AdaReset+HardDistill,Hopper-v4,0
154154,reward,3337,104.87481778796929,89.126,P3O-dyn+AdaReset+HardDistill,Hopper-v4,0
154224,reward,3338,142.3793566232224,95.804,P3O-dyn+AdaReset+HardDistill,Hopper-v4,0
154261,reward,3339,63.0052289552092,98.103,P3O-dyn+AdaReset+HardDistill,Hopper-v4,0
154346,reward,3340,184.12515914134553,107.509,P3O-dyn+AdaReset+HardDistill,Hopper-v4,0
154389,reward,3341,74.69273855389454,103.915,P3O-dyn+AdaReset+HardDistill,Hopper-v4,0
154467,reward,3342,143.85429480971763,111.569,P3O-dyn+AdaReset+HardDistill,Hopper-v4,0
154529,reward,3343,114.37576761737712,115.201,P3O-dyn+AdaReset+HardDistill,Hopper-v4,0
154577,reward,3344,83.70340273961924,110.499,P3O-dyn+AdaReset+HardDistill,Hopper-v4,0
154645,reward,3345,131.80564193140512,115.236,P3O-dyn+AdaReset+HardDistill,Hopper-v4,0
154685,reward,3346,70.53380532466466,111.335,P3O-dyn+AdaReset+HardDistill,Hopper-v4,0
154729,reward,3347,73.27040497556432,108.175,P3O-dyn+AdaReset+HardDistill,Hopper-v4,0
154775,reward,3348,76.66611155593279,101.603,P3O-dyn+AdaReset+HardDistill,Hopper-v4,0
154831,reward,3349,95.3462076438918,104.837,P3O-dyn+AdaReset+HardDistill,Hopper-v4,0
154870,reward,3350,63.21844430314605,92.747,P3O-dyn+AdaReset+HardDistill,Hopper-v4,0
154909,reward,3351,62.29445552946873,91.507,P3O-dyn+AdaReset+HardDistill,Hopper-v4,0
154956,reward,3352,78.08087420897452,84.93,P3O-dyn+AdaReset+HardDistill,Hopper-v4,0
155005,reward,3353,90.72409386051926,82.564,P3O-dyn+AdaReset+HardDistill,Hopper-v4,0
155080,reward,3354,137.10967358712563,87.905,P3O-dyn+AdaReset+HardDistill,Hopper-v4,0
155124,reward,3355,69.50767566376001,81.675,P3O-dyn+AdaReset+HardDistill,Hopper-v4,0
155167,reward,3356,68.46035746911888,81.468,P3O-dyn+AdaReset+HardDistill,Hopper-v4,0
155212,reward,3357,77.86219678749973,81.927,P3O-dyn+AdaReset+HardDistill,Hopper-v4,0
155256,reward,3358,77.31285743122383,81.992,P3O-dyn+AdaReset+HardDistill,Hopper-v4,0
155354,reward,3359,167.50296001038356,89.207,P3O-dyn+AdaReset+HardDistill,Hopper-v4,0
155426,reward,3360,140.6194968892043,96.947,P3O-dyn+AdaReset+HardDistill,Hopper-v4,0
155470,reward,3361,74.0887340390418,98.127,P3O-dyn+AdaReset+HardDistill,Hopper-v4,0
155517,reward,3362,84.20569315732521,98.739,P3O-dyn+AdaReset+HardDistill,Hopper-v4,0
155573,reward,3363,100.40262215859174,99.707,P3O-dyn+AdaReset+HardDistill,Hopper-v4,0
155625,reward,3364,89.52505652220988,94.949,P3O-dyn+AdaReset+HardDistill,Hopper-v4,0
155648,loss,-0.017425883561372757,3.643610715866089,P3O-dyn+AdaReset+HardDistill,Hopper-v4,0
155688,reward,3365,111.70032783445072,99.168,P3O-dyn+AdaReset+HardDistill,Hopper-v4,0
155708,reward,3366,21.84248081464995,94.506,P3O-dyn+AdaReset+HardDistill,Hopper-v4,0
155726,reward,3367,18.909697722295228,88.611,P3O-dyn+AdaReset+HardDistill,Hopper-v4,0
155787,reward,3368,110.89848185816493,91.97,P3O-dyn+AdaReset+HardDistill,Hopper-v4,0
155829,reward,3369,73.3432230761359,82.554,P3O-dyn+AdaReset+HardDistill,Hopper-v4,0
155904,reward,3370,150.72486098906427,83.564,P3O-dyn+AdaReset+HardDistill,Hopper-v4,0
155985,reward,3371,171.83182794660036,93.338,P3O-dyn+AdaReset+HardDistill,Hopper-v4,0
156050,reward,3372,113.12727238999683,96.231,P3O-dyn+AdaReset+HardDistill,Hopper-v4,0
156120,reward,3373,122.49136077893219,98.439,P3O-dyn+AdaReset+HardDistill,Hopper-v4,0
156229,reward,3374,248.68960868929395,114.356,P3O-dyn+AdaReset+HardDistill,Hopper-v4,0
156266,reward,3375,62.83107343009143,109.469,P3O-dyn+AdaReset+HardDistill,Hopper-v4,0
156362,reward,3376,152.41563995934715,122.526,P3O-dyn+AdaReset+HardDistill,Hopper-v4,0
156413,reward,3377,88.40064494856529,129.475,P3O-dyn+AdaReset+HardDistill,Hopper-v4,0
156463,reward,3378,85.7992509341531,126.965,P3O-dyn+AdaReset+HardDistill,Hopper-v4,0
156511,reward,3379,78.54682175023063,127.486,P3O-dyn+AdaReset+HardDistill,Hopper-v4,0
156553,reward,3380,74.86316938139387,119.9,P3O-dyn+AdaReset+HardDistill,Hopper-v4,0
156634,reward,3381,157.03814237712493,118.42,P3O-dyn+AdaReset+HardDistill,Hopper-v4,0
156695,reward,3382,107.45974216819435,117.854,P3O-dyn+AdaReset+HardDistill,Hopper-v4,0
156736,reward,3383,57.468307852101,111.351,P3O-dyn+AdaReset+HardDistill,Hopper-v4,0
156780,reward,3384,69.36992103484855,93.419,P3O-dyn+AdaReset+HardDistill,Hopper-v4,0
156827,reward,3385,77.65300837977188,94.901,P3O-dyn+AdaReset+HardDistill,Hopper-v4,0
156931,reward,3386,169.9275763829117,96.653,P3O-dyn+AdaReset+HardDistill,Hopper-v4,0
156976,reward,3387,78.35910857992663,95.649,P3O-dyn+AdaReset+HardDistill,Hopper-v4,0
157020,reward,3388,71.78310876514617,94.247,P3O-dyn+AdaReset+HardDistill,Hopper-v4,0
157084,reward,3389,117.70286085634176,98.162,P3O-dyn+AdaReset+HardDistill,Hopper-v4,0
157138,reward,3390,94.08347274881574,100.085,P3O-dyn+AdaReset+HardDistill,Hopper-v4,0
157210,reward,3391,139.53971629408602,98.335,P3O-dyn+AdaReset+HardDistill,Hopper-v4,0
157300,reward,3392,167.2216325032405,104.311,P3O-dyn+AdaReset+HardDistill,Hopper-v4,0
157356,reward,3393,97.38469400950295,108.303,P3O-dyn+AdaReset+HardDistill,Hopper-v4,0
157407,reward,3394,88.45535128000033,110.211,P3O-dyn+AdaReset+HardDistill,Hopper-v4,0
157460,reward,3395,91.57570250986664,111.603,P3O-dyn+AdaReset+HardDistill,Hopper-v4,0
157503,reward,3396,73.29874971410574,101.94,P3O-dyn+AdaReset+HardDistill,Hopper-v4,0
157563,reward,3397,99.29166583163818,104.034,P3O-dyn+AdaReset+HardDistill,Hopper-v4,0
157649,reward,3398,157.17137681926422,112.573,P3O-dyn+AdaReset+HardDistill,Hopper-v4,0
157708,reward,3399,94.69597216727342,110.272,P3O-dyn+AdaReset+HardDistill,Hopper-v4,0
157758,reward,3400,87.7339631226389,109.637,P3O-dyn+AdaReset+HardDistill,Hopper-v4,0
157805,reward,3401,80.05642465908939,103.689,P3O-dyn+AdaReset+HardDistill,Hopper-v4,0
157871,reward,3402,124.94682116459768,99.461,P3O-dyn+AdaReset+HardDistill,Hopper-v4,0
157924,reward,3403,94.67837305310799,99.19,P3O-dyn+AdaReset+HardDistill,Hopper-v4,0
157966,reward,3404,73.75945177132722,97.721,P3O-dyn+AdaReset+HardDistill,Hopper-v4,0
158035,reward,3405,132.4648678797543,101.81,P3O-dyn+AdaReset+HardDistill,Hopper-v4,0
158077,reward,3406,68.96137471737254,101.376,P3O-dyn+AdaReset+HardDistill,Hopper-v4,0
158178,reward,3407,201.97624751801908,111.644,P3O-dyn+AdaReset+HardDistill,Hopper-v4,0
158248,reward,3408,129.48267912772778,108.876,P3O-dyn+AdaReset+HardDistill,Hopper-v4,0
158299,reward,3409,82.9261768224512,107.699,P3O-dyn+AdaReset+HardDistill,Hopper-v4,0
158361,reward,3410,108.58656854436468,109.784,P3O-dyn+AdaReset+HardDistill,Hopper-v4,0
158409,reward,3411,80.56364908153778,109.835,P3O-dyn+AdaReset+HardDistill,Hopper-v4,0
158476,reward,3412,123.34784016501379,109.675,P3O-dyn+AdaReset+HardDistill,Hopper-v4,0
158518,reward,3413,64.34842661984486,106.642,P3O-dyn+AdaReset+HardDistill,Hopper-v4,0
158590,reward,3414,140.94167954394052,113.36,P3O-dyn+AdaReset+HardDistill,Hopper-v4,0
158635,reward,3415,73.21693093264491,107.435,P3O-dyn+AdaReset+HardDistill,Hopper-v4,0
158688,reward,3416,90.65233169373813,109.604,P3O-dyn+AdaReset+HardDistill,Hopper-v4,0
158762,reward,3417,133.73656825140543,102.78,P3O-dyn+AdaReset+HardDistill,Hopper-v4,0
158820,reward,3418,99.37177339175638,99.769,P3O-dyn+AdaReset+HardDistill,Hopper-v4,0
158862,reward,3419,68.72096811968855,98.349,P3O-dyn+AdaReset+HardDistill,Hopper-v4,0
158908,reward,3420,76.7231040595517,95.162,P3O-dyn+AdaReset+HardDistill,Hopper-v4,0
158991,reward,3421,173.17950100328207,104.424,P3O-dyn+AdaReset+HardDistill,Hopper-v4,0
159031,reward,3422,62.66911887626662,98.356,P3O-dyn+AdaReset+HardDistill,Hopper-v4,0
159120,reward,3423,151.65181793288056,107.086,P3O-dyn+AdaReset+HardDistill,Hopper-v4,0
159160,reward,3424,66.26573167165502,99.619,P3O-dyn+AdaReset+HardDistill,Hopper-v4,0
159275,reward,3425,180.43762349504112,110.341,P3O-dyn+AdaReset+HardDistill,Hopper-v4,0
159322,reward,3426,76.73572552929848,108.949,P3O-dyn+AdaReset+HardDistill,Hopper-v4,0
159403,reward,3427,163.05788096537313,111.881,P3O-dyn+AdaReset+HardDistill,Hopper-v4,0
159478,reward,3428,150.49095172411916,116.993,P3O-dyn+AdaReset+HardDistill,Hopper-v4,0
159508,reward,3429,38.355300373551785,113.957,P3O-dyn+AdaReset+HardDistill,Hopper-v4,0
159553,reward,3430,76.73499282204106,113.958,P3O-dyn+AdaReset+HardDistill,Hopper-v4,0
159585,reward,3431,49.918939637463474,101.632,P3O-dyn+AdaReset+HardDistill,Hopper-v4,0
159627,reward,3432,71.9310725243032,102.558,P3O-dyn+AdaReset+HardDistill,Hopper-v4,0
159686,reward,3433,104.27715013493598,97.821,P3O-dyn+AdaReset+HardDistill,Hopper-v4,0
159736,reward,3434,87.23505150055502,99.917,P3O-dyn+AdaReset+HardDistill,Hopper-v4,0
159810,reward,3435,132.79664271592296,95.153,P3O-dyn+AdaReset+HardDistill,Hopper-v4,0
159875,reward,3436,127.07676370970131,100.187,P3O-dyn+AdaReset+HardDistill,Hopper-v4,0
159936,reward,3437,109.16764675250309,94.798,P3O-dyn+AdaReset+HardDistill,Hopper-v4,0
160000,speed,784.34,2.65,P3O-dyn+AdaReset+HardDistill,Hopper-v4,0
160021,reward,3438,163.87187649087147,96.137,P3O-dyn+AdaReset+HardDistill,Hopper-v4,0
160087,reward,3439,117.7660006771069,104.078,P3O-dyn+AdaReset+HardDistill,Hopper-v4,0
160140,reward,3440,93.35229120816182,105.739,P3O-dyn+AdaReset+HardDistill,Hopper-v4,0
160179,reward,3441,68.66641408529246,107.614,P3O-dyn+AdaReset+HardDistill,Hopper-v4,0
160259,reward,3442,158.97339228628462,116.318,P3O-dyn+AdaReset+HardDistill,Hopper-v4,0
160309,reward,3443,83.15974585634373,114.207,P3O-dyn+AdaReset+HardDistill,Hopper-v4,0
160368,reward,3444,106.85605630215277,116.169,P3O-dyn+AdaReset+HardDistill,Hopper-v4,0
160419,reward,3445,84.8314275357868,111.372,P3O-dyn+AdaReset+HardDistill,Hopper-v4,0
160485,reward,3446,117.84873223467712,110.449,P3O-dyn+AdaReset+HardDistill,Hopper-v4,0
160544,reward,3447,100.04083457913303,109.537,P3O-dyn+AdaReset+HardDistill,Hopper-v4,0
160590,reward,3448,74.62849318097393,100.612,P3O-dyn+AdaReset+HardDistill,Hopper-v4,0
160666,reward,3449,133.53843308128035,102.19,P3O-dyn+AdaReset+HardDistill,Hopper-v4,0
160723,reward,3450,104.03834475247854,103.258,P3O-dyn+AdaReset+HardDistill,Hopper-v4,0
160758,reward,3451,50.58052044752452,101.45,P3O-dyn+AdaReset+HardDistill,Hopper-v4,0
160828,reward,3452,140.66835766937757,99.619,P3O-dyn+AdaReset+HardDistill,Hopper-v4,0
160868,reward,3453,61.13366409609063,97.416,P3O-dyn+AdaReset+HardDistill,Hopper-v4,0
160942,reward,3454,144.08281937191123,101.139,P3O-dyn+AdaReset+HardDistill,Hopper-v4,0
161061,reward,3455,246.70202161904422,117.326,P3O-dyn+AdaReset+HardDistill,Hopper-v4,0
161101,reward,3456,60.806355641498925,111.622,P3O-dyn+AdaReset+HardDistill,Hopper-v4,0
161149,reward,3457,85.4699804451642,110.165,P3O-dyn+AdaReset+HardDistill,Hopper-v4,0
161186,reward,3458,56.13192901471806,108.315,P3O-dyn+AdaReset+HardDistill,Hopper-v4,0
161264,reward,3459,151.30855824470513,110.092,P3O-dyn+AdaReset+HardDistill,Hopper-v4,0
161336,reward,3460,148.5534038939534,114.544,P3O-dyn+AdaReset+HardDistill,Hopper-v4,0
161367,reward,3461,46.77126159216748,114.163,P3O-dyn+AdaReset+HardDistill,Hopper-v4,0
161454,reward,3462,177.69696532922643,117.866,P3O-dyn+AdaReset+HardDistill,Hopper-v4,0
161490,reward,3463,62.06799835142915,117.959,P3O-dyn+AdaReset+HardDistill,Hopper-v4,0
161540,reward,3464,89.3958723340943,112.49,P3O-dyn+AdaReset+HardDistill,Hopper-v4,0
161579,reward,3465,60.99816494660608,93.92,P3O-dyn+AdaReset+HardDistill,Hopper-v4,0
161667,reward,3466,142.51814151071278,102.091,P3O-dyn+AdaReset+HardDistill,Hopper-v4,0
161716,reward,3467,74.99138205123874,101.043,P3O-dyn+AdaReset+HardDistill,Hopper-v4,0
161777,reward,3468,110.10766421207667,106.441,P3O-dyn+AdaReset+HardDistill,Hopper-v4,0
161842,reward,3469,132.24106648358148,104.534,P3O-dyn+AdaReset+HardDistill,Hopper-v4,0
161879,reward,3470,59.20481853331257,95.599,P3O-dyn+AdaReset+HardDistill,Hopper-v4,0
161916,reward,3471,60.51849123858486,96.974,P3O-dyn+AdaReset+HardDistill,Hopper-v4,0
161979,reward,3472,110.67876937628273,90.272,P3O-dyn+AdaReset+HardDistill,Hopper-v4,0
162016,reward,3473,59.13032545780139,89.978,P3O-dyn+AdaReset+HardDistill,Hopper-v4,0
162091,reward,3474,134.22024722153017,94.461,P3O-dyn+AdaReset+HardDistill,Hopper-v4,0
162181,reward,3475,170.49054242762503,105.41,P3O-dyn+AdaReset+HardDistill,Hopper-v4,0
162242,reward,3476,110.11181714570382,102.17,P3O-dyn+AdaReset+HardDistill,Hopper-v4,0
162278,reward,3477,54.54203551202239,100.125,P3O-dyn+AdaReset+HardDistill,Hopper-v4,0
162325,reward,3478,74.51598507323354,96.565,P3O-dyn+AdaReset+HardDistill,Hopper-v4,0
162354,reward,3479,48.478313345463185,88.189,P3O-dyn+AdaReset+HardDistill,Hopper-v4,0
162390,reward,3480,61.529866836874184,88.422,P3O-dyn+AdaReset+HardDistill,Hopper-v4,0
162446,reward,3481,84.6041654298306,90.83,P3O-dyn+AdaReset+HardDistill,Hopper-v4,0
162489,reward,3482,71.7571264878926,86.938,P3O-dyn+AdaReset+HardDistill,Hopper-v4,0
162541,reward,3483,82.07569285205827,89.233,P3O-dyn+AdaReset+HardDistill,Hopper-v4,0
162570,reward,3484,19.120322322085674,77.723,P3O-dyn+AdaReset+HardDistill,Hopper-v4,0
162584,reward,3485,11.84882889362181,61.858,P3O-dyn+AdaReset+HardDistill,Hopper-v4,0
162636,reward,3486,91.85484424449619,60.033,P3O-dyn+AdaReset+HardDistill,Hopper-v4,0
162723,reward,3487,132.61135257789044,67.84,P3O-dyn+AdaReset+HardDistill,Hopper-v4,0
162794,reward,3488,135.04249825229792,73.892,P3O-dyn+AdaReset+HardDistill,Hopper-v4,0
162879,reward,3489,156.9797451820824,84.742,P3O-dyn+AdaReset+HardDistill,Hopper-v4,0
162929,reward,3490,85.51009948642589,87.14,P3O-dyn+AdaReset+HardDistill,Hopper-v4,0
162981,reward,3491,91.33836889778811,87.814,P3O-dyn+AdaReset+HardDistill,Hopper-v4,0
163026,reward,3492,73.65734517039864,88.004,P3O-dyn+AdaReset+HardDistill,Hopper-v4,0
163096,reward,3493,139.34197174384232,93.731,P3O-dyn+AdaReset+HardDistill,Hopper-v4,0
163168,reward,3494,122.91303976826418,104.11,P3O-dyn+AdaReset+HardDistill,Hopper-v4,0
163213,reward,3495,78.44036366753994,110.769,P3O-dyn+AdaReset+HardDistill,Hopper-v4,0
163260,reward,3496,80.31425472343534,109.615,P3O-dyn+AdaReset+HardDistill,Hopper-v4,0
163310,reward,3497,84.27071159458777,104.781,P3O-dyn+AdaReset+HardDistill,Hopper-v4,0
163379,reward,3498,138.65957950817028,105.143,P3O-dyn+AdaReset+HardDistill,Hopper-v4,0
163462,reward,3499,140.44136150254764,103.489,P3O-dyn+AdaReset+HardDistill,Hopper-v4,0
163510,reward,3500,76.68213423381995,102.606,P3O-dyn+AdaReset+HardDistill,Hopper-v4,0
163587,reward,3501,144.5002931337305,107.922,P3O-dyn+AdaReset+HardDistill,Hopper-v4,0
163604,reward,3502,16.236024668714755,102.18,P3O-dyn+AdaReset+HardDistill,Hopper-v4,0
163672,reward,3503,125.92677022893581,100.838,P3O-dyn+AdaReset+HardDistill,Hopper-v4,0
163754,reward,3504,153.95390372703542,103.943,P3O-dyn+AdaReset+HardDistill,Hopper-v4,0
163840,loss,-0.013709289021790028,3.6965994834899902,P3O-dyn+AdaReset+HardDistill,Hopper-v4,0
163860,reward,3505,213.8436397060865,117.483,P3O-dyn+AdaReset+HardDistill,Hopper-v4,0
163961,reward,3506,185.44298325870724,127.996,P3O-dyn+AdaReset+HardDistill,Hopper-v4,0
163981,reward,3507,20.578717051245565,121.627,P3O-dyn+AdaReset+HardDistill,Hopper-v4,0
164082,reward,3508,182.72645908776025,126.033,P3O-dyn+AdaReset+HardDistill,Hopper-v4,0
164133,reward,3509,83.62363892952507,120.351,P3O-dyn+AdaReset+HardDistill,Hopper-v4,0
164170,reward,3510,63.02938634014233,118.986,P3O-dyn+AdaReset+HardDistill,Hopper-v4,0
164194,reward,3511,27.473745667008973,107.284,P3O-dyn+AdaReset+HardDistill,Hopper-v4,0
164211,reward,3512,14.529095308410586,107.113,P3O-dyn+AdaReset+HardDistill,Hopper-v4,0
164247,reward,3513,47.447650275434164,99.265,P3O-dyn+AdaReset+HardDistill,Hopper-v4,0
164291,reward,3514,68.47823889351815,90.717,P3O-dyn+AdaReset+HardDistill,Hopper-v4,0
164366,reward,3515,153.64256736751554,84.697,P3O-dyn+AdaReset+HardDistill,Hopper-v4,0
164404,reward,3516,56.49078350598947,71.802,P3O-dyn+AdaReset+HardDistill,Hopper-v4,0
164453,reward,3517,81.64554831254412,77.909,P3O-dyn+AdaReset+HardDistill,Hopper-v4,0
164477,reward,3518,28.206109116693042,62.457,P3O-dyn+AdaReset+HardDistill,Hopper-v4,0
164546,reward,3519,138.0017251566824,67.894,P3O-dyn+AdaReset+HardDistill,Hopper-v4,0
164570,reward,3520,26.712323507582912,64.263,P3O-dyn+AdaReset+HardDistill,Hopper-v4,0
164618,reward,3521,80.33848927127657,69.549,P3O-dyn+AdaReset+HardDistill,Hopper-v4,0
164705,reward,3522,197.8403255881049,87.88,P3O-dyn+AdaReset+HardDistill,Hopper-v4,0
164767,reward,3523,96.07973367851706,92.744,P3O-dyn+AdaReset+HardDistill,Hopper-v4,0
164852,reward,3524,168.4286097902422,102.739,P3O-dyn+AdaReset+HardDistill,Hopper-v4,0
164921,reward,3525,122.43829286280977,99.618,P3O-dyn+AdaReset+HardDistill,Hopper-v4,0
165035,reward,3526,230.6929041578427,117.038,P3O-dyn+AdaReset+HardDistill,Hopper-v4,0
165124,reward,3527,150.14376493421878,123.888,P3O-dyn+AdaReset+HardDistill,Hopper-v4,0
165231,reward,3528,152.093285546828,136.277,P3O-dyn+AdaReset+HardDistill,Hopper-v4,0
165280,reward,3529,85.63280791486214,131.04,P3O-dyn+AdaReset+HardDistill,Hopper-v4,0
165377,reward,3530,189.82095849602035,147.351,P3O-dyn+AdaReset+HardDistill,Hopper-v4,0
165427,reward,3531,75.44313754559788,146.861,P3O-dyn+AdaReset+HardDistill,Hopper-v4,0
165444,reward,3532,13.798983312115276,128.457,P3O-dyn+AdaReset+HardDistill,Hopper-v4,0
165546,reward,3533,207.035765384049,139.553,P3O-dyn+AdaReset+HardDistill,Hopper-v4,0
165644,reward,3534,172.17908040155024,139.928,P3O-dyn+AdaReset+HardDistill,Hopper-v4,0
165731,reward,3535,172.70676870598254,144.955,P3O-dyn+AdaReset+HardDistill,Hopper-v4,0
165833,reward,3536,219.70393101737514,143.856,P3O-dyn+AdaReset+HardDistill,Hopper-v4,0
165852,reward,3537,13.445363673053215,130.186,P3O-dyn+AdaReset+HardDistill,Hopper-v4,0
165894,reward,3538,67.04675552029157,121.681,P3O-dyn+AdaReset+HardDistill,Hopper-v4,0
165951,reward,3539,101.58669390819726,123.277,P3O-dyn+AdaReset+HardDistill,Hopper-v4,0
166014,reward,3540,115.06170642979637,115.801,P3O-dyn+AdaReset+HardDistill,Hopper-v4,0
166079,reward,3541,117.00947402308184,119.957,P3O-dyn+AdaReset+HardDistill,Hopper-v4,0
166147,reward,3542,132.26122885087378,131.804,P3O-dyn+AdaReset+HardDistill,Hopper-v4,0
166188,reward,3543,64.49193180511985,117.549,P3O-dyn+AdaReset+HardDistill,Hopper-v4,0
166204,reward,3544,14.193520786495702,101.751,P3O-dyn+AdaReset+HardDistill,Hopper-v4,0
166271,reward,3545,132.64689806439725,97.745,P3O-dyn+AdaReset+HardDistill,Hopper-v4,0
166336,reward,3546,113.63685106600865,87.138,P3O-dyn+AdaReset+HardDistill,Hopper-v4,0
166376,reward,3547,62.259276336812846,92.019,P3O-dyn+AdaReset+HardDistill,Hopper-v4,0
166440,reward,3548,112.47022473509021,96.562,P3O-dyn+AdaReset+HardDistill,Hopper-v4,0
166462,reward,3549,23.56038498378833,88.759,P3O-dyn+AdaReset+HardDistill,Hopper-v4,0
166546,reward,3550,161.1295376796552,93.366,P3O-dyn+AdaReset+HardDistill,Hopper-v4,0
166647,reward,3551,192.72797932982053,100.938,P3O-dyn+AdaReset+HardDistill,Hopper-v4,0
166710,reward,3552,117.86056044868084,99.498,P3O-dyn+AdaReset+HardDistill,Hopper-v4,0
166815,reward,3553,211.9133194894159,114.24,P3O-dyn+AdaReset+HardDistill,Hopper-v4,0
166917,reward,3554,219.12868546409814,134.733,P3O-dyn+AdaReset+HardDistill,Hopper-v4,0
166936,reward,3555,19.750662155958462,123.444,P3O-dyn+AdaReset+HardDistill,Hopper-v4,0
166964,reward,3556,37.60729524731951,115.841,P3O-dyn+AdaReset+HardDistill,Hopper-v4,0
167008,reward,3557,70.26306328512345,116.641,P3O-dyn+AdaReset+HardDistill,Hopper-v4,0
167079,reward,3558,141.37835784076682,119.532,P3O-dyn+AdaReset+HardDistill,Hopper-v4,0
167168,reward,3559,174.80102561343065,134.656,P3O-dyn+AdaReset+HardDistill,Hopper-v4,0
167235,reward,3560,128.62565584534468,131.406,P3O-dyn+AdaReset+HardDistill,Hopper-v4,0
167266,reward,3561,38.713809315424754,116.004,P3O-dyn+AdaReset+HardDistill,Hopper-v4,0
167314,reward,3562,84.70348938155536,112.689,P3O-dyn+AdaReset+HardDistill,Hopper-v4,0
167397,reward,3563,161.08190427441565,107.605,P3O-dyn+AdaReset+HardDistill,Hopper-v4,0
167435,reward,3564,56.403747971168414,91.333,P3O-dyn+AdaReset+HardDistill,Hopper-v4,0
167458,reward,3565,26.12298603622939,91.97,P3O-dyn+AdaReset+HardDistill,Hopper-v4,0
167517,reward,3566,107.57055411368395,98.966,P3O-dyn+AdaReset+HardDistill,Hopper-v4,0
167577,reward,3567,106.56026411966734,102.596,P3O-dyn+AdaReset+HardDistill,Hopper-v4,0
167640,reward,3568,105.23847948064082,98.982,P3O-dyn+AdaReset+HardDistill,Hopper-v4,0
167674,reward,3569,47.448054131356194,86.247,P3O-dyn+AdaReset+HardDistill,Hopper-v4,0
167712,reward,3570,61.66556397216662,79.551,P3O-dyn+AdaReset+HardDistill,Hopper-v4,0
167759,reward,3571,70.50288327063039,82.73,P3O-dyn+AdaReset+HardDistill,Hopper-v4,0
167869,reward,3572,211.17073490233508,95.377,P3O-dyn+AdaReset+HardDistill,Hopper-v4,0
167889,reward,3573,19.002214584855935,81.169,P3O-dyn+AdaReset+HardDistill,Hopper-v4,0
167957,reward,3574,131.88613544327944,88.717,P3O-dyn+AdaReset+HardDistill,Hopper-v4,0
168013,reward,3575,93.09306771294492,95.414,P3O-dyn+AdaReset+HardDistill,Hopper-v4,0
168065,reward,3576,87.76088271852531,93.433,P3O-dyn+AdaReset+HardDistill,Hopper-v4,0
168174,reward,3577,204.32659083556894,103.209,P3O-dyn+AdaReset+HardDistill,Hopper-v4,0
168279,reward,3578,213.2292188959274,114.009,P3O-dyn+AdaReset+HardDistill,Hopper-v4,0
168385,reward,3579,192.37175932618186,128.501,P3O-dyn+AdaReset+HardDistill,Hopper-v4,0
168451,reward,3580,116.39103400409984,133.973,P3O-dyn+AdaReset+HardDistill,Hopper-v4,0
168495,reward,3581,65.71611356966889,133.495,P3O-dyn+AdaReset+HardDistill,Hopper-v4,0
168586,reward,3582,182.2404164130494,130.602,P3O-dyn+AdaReset+HardDistill,Hopper-v4,0
168704,reward,3583,270.26863648543275,155.728,P3O-dyn+AdaReset+HardDistill,Hopper-v4,0
168745,reward,3584,70.28887251172753,149.569,P3O-dyn+AdaReset+HardDistill,Hopper-v4,0
168787,reward,3585,61.07017494347429,146.366,P3O-dyn+AdaReset+HardDistill,Hopper-v4,0
168894,reward,3586,218.29069728508642,159.419,P3O-dyn+AdaReset+HardDistill,Hopper-v4,0
168959,reward,3587,119.37604395913303,150.924,P3O-dyn+AdaReset+HardDistill,Hopper-v4,0
169016,reward,3588,100.1153131597805,139.613,P3O-dyn+AdaReset+HardDistill,Hopper-v4,0
169042,reward,3589,35.95770506165266,123.972,P3O-dyn+AdaReset+HardDistill,Hopper-v4,0
169071,reward,3590,36.898906320385784,116.022,P3O-dyn+AdaReset+HardDistill,Hopper-v4,0
169108,reward,3591,55.73237508731475,115.024,P3O-dyn+AdaReset+HardDistill,Hopper-v4,0
169148,reward,3592,56.04140997432526,102.404,P3O-dyn+AdaReset+HardDistill,Hopper-v4,0
169259,reward,3593,204.81480526543638,95.859,P3O-dyn+AdaReset+HardDistill,Hopper-v4,0
169340,reward,3594,146.47344899503412,103.477,P3O-dyn+AdaReset+HardDistill,Hopper-v4,0
169366,reward,3595,31.062582736340897,100.476,P3O-dyn+AdaReset+HardDistill,Hopper-v4,0
169427,reward,3596,106.51524782159714,89.299,P3O-dyn+AdaReset+HardDistill,Hopper-v4,0
169472,reward,3597,74.12161033720886,84.773,P3O-dyn+AdaReset+HardDistill,Hopper-v4,0
169556,reward,3598,151.4749146569718,89.909,P3O-dyn+AdaReset+HardDistill,Hopper-v4,0
169610,reward,3599,90.82830610459935,95.396,P3O-dyn+AdaReset+HardDistill,Hopper-v4,0
169630,reward,3600,19.800368920122157,93.687,P3O-dyn+AdaReset+HardDistill,Hopper-v4,0
169693,reward,3601,108.13168619354096,98.926,P3O-dyn+AdaReset+HardDistill,Hopper-v4,0
169735,reward,3602,62.945630593596015,99.617,P3O-dyn+AdaReset+HardDistill,Hopper-v4,0
169824,reward,3603,165.30091680266102,95.665,P3O-dyn+AdaReset+HardDistill,Hopper-v4,0
169852,reward,3604,37.384454625058325,84.757,P3O-dyn+AdaReset+HardDistill,Hopper-v4,0
169929,reward,3605,152.11368909480882,96.862,P3O-dyn+AdaReset+HardDistill,Hopper-v4,0
169973,reward,3606,71.93045849121201,93.403,P3O-dyn+AdaReset+HardDistill,Hopper-v4,0
170000,speed,795.01,2.86,P3O-dyn+AdaReset+HardDistill,Hopper-v4,0
170019,reward,3607,67.37474938756368,92.729,P3O-dyn+AdaReset+HardDistill,Hopper-v4,0
170100,reward,3608,152.90934388844624,92.872,P3O-dyn+AdaReset+HardDistill,Hopper-v4,0
170165,reward,3609,120.0023676851747,95.789,P3O-dyn+AdaReset+HardDistill,Hopper-v4,0
170235,reward,3610,138.02720380199088,107.612,P3O-dyn+AdaReset+HardDistill,Hopper-v4,0
170290,reward,3611,96.6541942522544,106.464,P3O-dyn+AdaReset+HardDistill,Hopper-v4,0
170355,reward,3612,107.60574639876853,110.93,P3O-dyn+AdaReset+HardDistill,Hopper-v4,0
170414,reward,3613,99.19646851151701,104.32,P3O-dyn+AdaReset+HardDistill,Hopper-v4,0
170460,reward,3614,82.03995242298924,108.785,P3O-dyn+AdaReset+HardDistill,Hopper-v4,0
170477,reward,3615,16.012248096031012,95.175,P3O-dyn+AdaReset+HardDistill,Hopper-v4,0
170545,reward,3616,116.18635939013821,99.601,P3O-dyn+AdaReset+HardDistill,Hopper-v4,0
170604,reward,3617,103.70741322138348,103.234,P3O-dyn+AdaReset+HardDistill,Hopper-v4,0
170688,reward,3618,154.30767785751917,103.374,P3O-dyn+AdaReset+HardDistill,Hopper-v4,0
170806,reward,3619,225.67515594864258,113.941,P3O-dyn+AdaReset+HardDistill,Hopper-v4,0
170823,reward,3620,16.043002110830937,101.743,P3O-dyn+AdaReset+HardDistill,Hopper-v4,0
170932,reward,3621,218.9376393770455,113.971,P3O-dyn+AdaReset+HardDistill,Hopper-v4,0
170985,reward,3622,91.84157511060734,112.395,P3O-dyn+AdaReset+HardDistill,Hopper-v4,0
171064,reward,3623,158.14495376309338,118.29,P3O-dyn+AdaReset+HardDistill,Hopper-v4,0
171103,reward,3624,62.0351167726368,116.289,P3O-dyn+AdaReset+HardDistill,Hopper-v4,0
171153,reward,3625,86.51645933913616,123.34,P3O-dyn+AdaReset+HardDistill,Hopper-v4,0
171237,reward,3626,141.16077858871148,125.837,P3O-dyn+AdaReset+HardDistill,Hopper-v4,0
171296,reward,3627,85.23797295408195,123.99,P3O-dyn+AdaReset+HardDistill,Hopper-v4,0
171396,reward,3628,204.44086112937626,129.003,P3O-dyn+AdaReset+HardDistill,Hopper-v4,0
171489,reward,3629,175.98639651107888,124.034,P3O-dyn+AdaReset+HardDistill,Hopper-v4,0
171583,reward,3630,172.3674009636669,139.667,P3O-dyn+AdaReset+HardDistill,Hopper-v4,0
171597,reward,3631,9.982252515888321,118.771,P3O-dyn+AdaReset+HardDistill,Hopper-v4,0
171636,reward,3632,56.6216077968207,115.249,P3O-dyn+AdaReset+HardDistill,Hopper-v4,0
171698,reward,3633,110.3934323346494,110.474,P3O-dyn+AdaReset+HardDistill,Hopper-v4,0
171743,reward,3634,78.97338994819259,112.168,P3O-dyn+AdaReset+HardDistill,Hopper-v4,0
171790,reward,3635,77.39887710849372,111.256,P3O-dyn+AdaReset+HardDistill,Hopper-v4,0
171828,reward,3636,57.03451019379703,102.844,P3O-dyn+AdaReset+HardDistill,Hopper-v4,0
171950,reward,3637,208.31294411967195,115.151,P3O-dyn+AdaReset+HardDistill,Hopper-v4,0
172023,reward,3638,123.68689489146742,107.076,P3O-dyn+AdaReset+HardDistill,Hopper-v4,0
172032,loss,-0.019859282299876213,7.439570903778076,P3O-dyn+AdaReset+HardDistill,Hopper-v4,0
172142,reward,3639,269.0270115647863,116.38,P3O-dyn+AdaReset+HardDistill,Hopper-v4,0
172209,reward,3640,126.3779716775214,111.781,P3O-dyn+AdaReset+HardDistill,Hopper-v4,0
172228,reward,3641,13.107181179459449,112.093,P3O-dyn+AdaReset+HardDistill,Hopper-v4,0
172267,reward,3642,69.03757004689594,113.335,P3O-dyn+AdaReset+HardDistill,Hopper-v4,0
172379,reward,3643,228.52724243847,125.148,P3O-dyn+AdaReset+HardDistill,Hopper-v4,0
172451,reward,3644,139.14003574552444,131.165,P3O-dyn+AdaReset+HardDistill,Hopper-v4,0
172521,reward,3645,124.29984050519168,135.855,P3O-dyn+AdaReset+HardDistill,Hopper-v4,0
172572,reward,3646,82.04992789312014,138.357,P3O-dyn+AdaReset+HardDistill,Hopper-v4,0
172591,reward,3647,17.52749461584663,119.278,P3O-dyn+AdaReset+HardDistill,Hopper-v4,0
172672,reward,3648,162.83506741050243,123.193,P3O-dyn+AdaReset+HardDistill,Hopper-v4,0
172755,reward,3649,168.85530758521764,113.176,P3O-dyn+AdaReset+HardDistill,Hopper-v4,0
172770,reward,3650,5.789837565113623,101.117,P3O-dyn+AdaReset+HardDistill,Hopper-v4,0
172821,reward,3651,88.98519931494218,108.705,P3O-dyn+AdaReset+HardDistill,Hopper-v4,0
172916,reward,3652,182.90020140517584,120.091,P3O-dyn+AdaReset+HardDistill,Hopper-v4,0
172955,reward,3653,65.47143507622266,103.785,P3O-dyn+AdaReset+HardDistill,Hopper-v4,0
173017,reward,3654,112.80866535062843,101.152,P3O-dyn+AdaReset+HardDistill,Hopper-v4,0
173117,reward,3655,196.74722660910757,108.397,P3O-dyn+AdaReset+HardDistill,Hopper-v4,0
173164,reward,3656,81.08158821439885,108.3,P3O-dyn+AdaReset+HardDistill,Hopper-v4,0
173210,reward,3657,75.1520076043003,114.063,P3O-dyn+AdaReset+HardDistill,Hopper-v4,0
173289,reward,3658,148.1974957619653,112.599,P3O-dyn+AdaReset+HardDistill,Hopper-v4,0
173353,reward,3659,121.02679062187306,107.816,P3O-dyn+AdaReset+HardDistill,Hopper-v4,0
173390,reward,3660,60.50700995208632,113.288,P3O-dyn+AdaReset+HardDistill,Hopper-v4,0
173497,reward,3661,197.98982901994702,124.188,P3O-dyn+AdaReset+HardDistill,Hopper-v4,0
173569,reward,3662,132.7574003431475,119.174,P3O-dyn+AdaReset+HardDistill,Hopper-v4,0
173652,reward,3663,161.36144257351793,128.763,P3O-dyn+AdaReset+HardDistill,Hopper-v4,0
173782,reward,3664,252.81665974535335,142.764,P3O-dyn+AdaReset+HardDistill,Hopper-v4,0
173838,reward,3665,92.87701678241764,132.377,P3O-dyn+AdaReset+HardDistill,Hopper-v4,0
173905,reward,3666,129.4473628780813,137.213,P3O-dyn+AdaReset+HardDistill,Hopper-v4,0
174019,reward,3667,260.9059737848335,155.789,P3O-dyn+AdaReset+HardDistill,Hopper-v4,0
174132,reward,3668,207.1963148662142,161.689,P3O-dyn+AdaReset+HardDistill,Hopper-v4,0
174173,reward,3669,69.41703646502906,156.528,P3O-dyn+AdaReset+HardDistill,Hopper-v4,0
174202,reward,3670,36.61272234228548,154.138,P3O-dyn+AdaReset+HardDistill,Hopper-v4,0
174291,reward,3671,190.35867564854706,153.375,P3O-dyn+AdaReset+HardDistill,Hopper-v4,0
174353,reward,3672,109.92187083572928,151.092,P3O-dyn+AdaReset+HardDistill,Hopper-v4,0
174422,reward,3673,135.81140222842149,148.537,P3O-dyn+AdaReset+HardDistill,Hopper-v4,0
174465,reward,3674,68.2865524758884,130.083,P3O-dyn+AdaReset+HardDistill,Hopper-v4,0
174514,reward,3675,82.4083701895475,129.037,P3O-dyn+AdaReset+HardDistill,Hopper-v4,0
174581,reward,3676,133.53409647279443,129.445,P3O-dyn+AdaReset+HardDistill,Hopper-v4,0
174699,reward,3677,194.27499534748696,122.782,P3O-dyn+AdaReset+HardDistill,Hopper-v4,0
174732,reward,3678,43.429914241804575,106.406,P3O-dyn+AdaReset+HardDistill,Hopper-v4,0
174809,reward,3679,164.65755715593545,115.93,P3O-dyn+AdaReset+HardDistill,Hopper-v4,0
174855,reward,3680,71.96324856984592,119.465,P3O-dyn+AdaReset+HardDistill,Hopper-v4,0
174927,reward,3681,143.8799445183972,114.817,P3O-dyn+AdaReset+HardDistill,Hopper-v4,0
175029,reward,3682,142.456578056563,118.07,P3O-dyn+AdaReset+HardDistill,Hopper-v4,0
175103,reward,3683,146.0237338730218,119.091,P3O-dyn+AdaReset+HardDistill,Hopper-v4,0
175183,reward,3684,136.60970460408726,125.924,P3O-dyn+AdaReset+HardDistill,Hopper-v4,0
175276,reward,3685,189.87399604115154,136.67,P3O-dyn+AdaReset+HardDistill,Hopper-v4,0
175303,reward,3686,15.280066567471897,124.845,P3O-dyn+AdaReset+HardDistill,Hopper-v4,0
175386,reward,3687,123.51045330309171,117.769,P3O-dyn+AdaReset+HardDistill,Hopper-v4,0
175485,reward,3688,232.3591802123183,136.661,P3O-dyn+AdaReset+HardDistill,Hopper-v4,0
175585,reward,3689,221.84445473122716,142.38,P3O-dyn+AdaReset+HardDistill,Hopper-v4,0
175606,reward,3690,23.11837202783923,137.496,P3O-dyn+AdaReset+HardDistill,Hopper-v4,0
175701,reward,3691,182.74072127062286,141.382,P3O-dyn+AdaReset+HardDistill,Hopper-v4,0
175778,reward,3692,144.29567412493898,141.566,P3O-dyn+AdaReset+HardDistill,Hopper-v4,0
175857,reward,3693,151.5847609620419,142.122,P3O-dyn+AdaReset+HardDistill,Hopper-v4,0
175941,reward,3694,187.0970601276785,147.17,P3O-dyn+AdaReset+HardDistill,Hopper-v4,0
176058,reward,3695,269.6649139455175,155.15,P3O-dyn+AdaReset+HardDistill,Hopper-v4,0
176138,reward,3696,147.87723719374154,168.409,P3O-dyn+AdaReset+HardDistill,Hopper-v4,0
176248,reward,3697,246.8788898211044,180.746,P3O-dyn+AdaReset+HardDistill,Hopper-v4,0
176329,reward,3698,158.25426005316203,173.336,P3O-dyn+AdaReset+HardDistill,Hopper-v4,0
176368,reward,3699,59.459623229461585,157.097,P3O-dyn+AdaReset+HardDistill,Hopper-v4,0
176407,reward,3700,61.76086290954993,160.961,P3O-dyn+AdaReset+HardDistill,Hopper-v4,0
176480,reward,3701,142.4463224298416,156.932,P3O-dyn+AdaReset+HardDistill,Hopper-v4,0
176544,reward,3702,115.8770176588827,154.09,P3O-dyn+AdaReset+HardDistill,Hopper-v4,0
176596,reward,3703,88.88387297829748,147.82,P3O-dyn+AdaReset+HardDistill,Hopper-v4,0
176644,reward,3704,78.77397602674756,136.988,P3O-dyn+AdaReset+HardDistill,Hopper-v4,0
176684,reward,3705,67.39235606240013,116.76,P3O-dyn+AdaReset+HardDistill,Hopper-v4,0
176744,reward,3706,100.59823563789614,112.033,P3O-dyn+AdaReset+HardDistill,Hopper-v4,0
176782,reward,3707,59.22197530234483,93.267,P3O-dyn+AdaReset+HardDistill,Hopper-v4,0
176840,reward,3708,97.24131905600096,87.166,P3O-dyn+AdaReset+HardDistill,Hopper-v4,0
176888,reward,3709,73.42172832720111,88.562,P3O-dyn+AdaReset+HardDistill,Hopper-v4,0
176943,reward,3710,92.29849258750454,91.616,P3O-dyn+AdaReset+HardDistill,Hopper-v4,0
177037,reward,3711,185.03655423737274,95.875,P3O-dyn+AdaReset+HardDistill,Hopper-v4,0
177101,reward,3712,117.99843002732152,96.087,P3O-dyn+AdaReset+HardDistill,Hopper-v4,0
177204,reward,3713,206.2285046726116,107.821,P3O-dyn+AdaReset+HardDistill,Hopper-v4,0
177272,reward,3714,131.6062807988051,113.104,P3O-dyn+AdaReset+HardDistill,Hopper-v4,0
177340,reward,3715,132.78180950341047,119.643,P3O-dyn+AdaReset+HardDistill,Hopper-v4,0
177437,reward,3716,204.9059267570481,130.074,P3O-dyn+AdaReset+HardDistill,Hopper-v4,0
177473,reward,3717,58.22367408029376,129.974,P3O-dyn+AdaReset+HardDistill,Hopper-v4,0
177553,reward,3718,155.7356622267777,135.824,P3O-dyn+AdaReset+HardDistill,Hopper-v4,0
177587,reward,3719,45.12065372347546,132.994,P3O-dyn+AdaReset+HardDistill,Hopper-v4,0
177692,reward,3720,212.35569113949308,144.999,P3O-dyn+AdaReset+HardDistill,Hopper-v4,0
177732,reward,3721,67.53099427079788,133.249,P3O-dyn+AdaReset+HardDistill,Hopper-v4,0
177790,reward,3722,100.75962477640667,131.525,P3O-dyn+AdaReset+HardDistill,Hopper-v4,0
177887,reward,3723,166.529581535201,127.555,P3O-dyn+AdaReset+HardDistill,Hopper-v4,0
177948,reward,3724,117.35875255445376,126.13,P3O-dyn+AdaReset+HardDistill,Hopper-v4,0
178034,reward,3725,188.49884938848285,131.702,P3O-dyn+AdaReset+HardDistill,Hopper-v4,0
178090,reward,3726,94.03214402654302,120.615,P3O-dyn+AdaReset+HardDistill,Hopper-v4,0
178138,reward,3727,77.09393388331755,122.502,P3O-dyn+AdaReset+HardDistill,Hopper-v4,0
178187,reward,3728,62.0523918759699,113.133,P3O-dyn+AdaReset+HardDistill,Hopper-v4,0
178247,reward,3729,106.40131124650527,119.261,P3O-dyn+AdaReset+HardDistill,Hopper-v4,0
178290,reward,3730,68.54002292967324,104.88,P3O-dyn+AdaReset+HardDistill,Hopper-v4,0
178377,reward,3731,164.0124251445274,114.528,P3O-dyn+AdaReset+HardDistill,Hopper-v4,0
178436,reward,3732,101.79368113144233,114.631,P3O-dyn+AdaReset+HardDistill,Hopper-v4,0
178504,reward,3733,129.82953583880743,110.961,P3O-dyn+AdaReset+HardDistill,Hopper-v4,0
178602,reward,3734,216.56402020569453,120.882,P3O-dyn+AdaReset+HardDistill,Hopper-v4,0
178738,reward,3735,219.46297479508354,123.978,P3O-dyn+AdaReset+HardDistill,Hopper-v4,0
178789,reward,3736,84.01415624325875,122.976,P3O-dyn+AdaReset+HardDistill,Hopper-v4,0
178872,reward,3737,165.92562136175258,131.86,P3O-dyn+AdaReset+HardDistill,Hopper-v4,0
178974,reward,3738,211.6736394436203,146.822,P3O-dyn+AdaReset+HardDistill,Hopper-v4,0
179071,reward,3739,191.16184341752526,155.298,P3O-dyn+AdaReset+HardDistill,Hopper-v4,0
179121,reward,3740,83.60332148705709,156.804,P3O-dyn+AdaReset+HardDistill,Hopper-v4,0
179184,reward,3741,110.5228119999917,151.455,P3O-dyn+AdaReset+HardDistill,Hopper-v4,0
179294,reward,3742,224.04326466427096,163.68,P3O-dyn+AdaReset+HardDistill,Hopper-v4,0
179327,reward,3743,47.7658752749197,155.474,P3O-dyn+AdaReset+HardDistill,Hopper-v4,0
179375,reward,3744,71.04107099041748,140.921,P3O-dyn+AdaReset+HardDistill,Hopper-v4,0
179434,reward,3745,112.40260251430544,130.215,P3O-dyn+AdaReset+HardDistill,Hopper-v4,0
179486,reward,3746,89.21925790115755,130.736,P3O-dyn+AdaReset+HardDistill,Hopper-v4,0
179579,reward,3747,181.0949400809339,132.253,P3O-dyn+AdaReset+HardDistill,Hopper-v4,0
179632,reward,3748,91.71166780711101,120.257,P3O-dyn+AdaReset+HardDistill,Hopper-v4,0
179676,reward,3749,76.82760002123185,108.823,P3O-dyn+AdaReset+HardDistill,Hopper-v4,0
179688,reward,3750,10.445120133588203,101.507,P3O-dyn+AdaReset+HardDistill,Hopper-v4,0
179715,reward,3751,30.773186451577814,93.532,P3O-dyn+AdaReset+HardDistill,Hopper-v4,0
179767,reward,3752,86.62655394739201,79.791,P3O-dyn+AdaReset+HardDistill,Hopper-v4,0
179848,reward,3753,143.6292379048849,89.377,P3O-dyn+AdaReset+HardDistill,Hopper-v4,0
179909,reward,3754,103.01589188631912,92.575,P3O-dyn+AdaReset+HardDistill,Hopper-v4,0
179948,reward,3755,62.300248310762704,87.564,P3O-dyn+AdaReset+HardDistill,Hopper-v4,0
179993,reward,3756,72.39056409503635,85.882,P3O-dyn+AdaReset+HardDistill,Hopper-v4,0
180000,speed,794.96,3.07,P3O-dyn+AdaReset+HardDistill,Hopper-v4,0
180068,reward,3757,135.5989426038733,81.332,P3O-dyn+AdaReset+HardDistill,Hopper-v4,0
180174,reward,3758,213.0324576356064,93.464,P3O-dyn+AdaReset+HardDistill,Hopper-v4,0
180224,loss,-0.014352366328239441,10.705448150634766,P3O-dyn+AdaReset+HardDistill,Hopper-v4,0
180253,reward,3759,140.39402742434868,99.821,P3O-dyn+AdaReset+HardDistill,Hopper-v4,0
180281,reward,3760,34.608178235408,102.237,P3O-dyn+AdaReset+HardDistill,Hopper-v4,0
180397,reward,3761,265.48704290792966,125.708,P3O-dyn+AdaReset+HardDistill,Hopper-v4,0
180438,reward,3762,72.47769730678527,124.293,P3O-dyn+AdaReset+HardDistill,Hopper-v4,0
180494,reward,3763,95.66004627137723,119.497,P3O-dyn+AdaReset+HardDistill,Hopper-v4,0
180548,reward,3764,87.77386833814269,117.972,P3O-dyn+AdaReset+HardDistill,Hopper-v4,0
180598,reward,3765,87.81505236872721,120.524,P3O-dyn+AdaReset+HardDistill,Hopper-v4,0
180633,reward,3766,46.07562098795107,117.892,P3O-dyn+AdaReset+HardDistill,Hopper-v4,0
180676,reward,3767,67.59062297638371,111.091,P3O-dyn+AdaReset+HardDistill,Hopper-v4,0
180729,reward,3768,88.41595714315977,98.63,P3O-dyn+AdaReset+HardDistill,Hopper-v4,0
180774,reward,3769,76.04208935766823,92.195,P3O-dyn+AdaReset+HardDistill,Hopper-v4,0
180820,reward,3770,81.89918260687756,96.924,P3O-dyn+AdaReset+HardDistill,Hopper-v4,0
180914,reward,3771,215.10118634081843,91.885,P3O-dyn+AdaReset+HardDistill,Hopper-v4,0
180973,reward,3772,100.65552213437047,94.703,P3O-dyn+AdaReset+HardDistill,Hopper-v4,0
181036,reward,3773,89.38457948391687,94.075,P3O-dyn+AdaReset+HardDistill,Hopper-v4,0
181079,reward,3774,69.10049897114808,92.208,P3O-dyn+AdaReset+HardDistill,Hopper-v4,0
181107,reward,3775,36.16990186632265,87.044,P3O-dyn+AdaReset+HardDistill,Hopper-v4,0
181163,reward,3776,95.15754557568204,91.952,P3O-dyn+AdaReset+HardDistill,Hopper-v4,0
181227,reward,3777,107.25550299196223,95.918,P3O-dyn+AdaReset+HardDistill,Hopper-v4,0
181294,reward,3778,124.46011747104131,99.523,P3O-dyn+AdaReset+HardDistill,Hopper-v4,0
181329,reward,3779,57.490648698370414,97.667,P3O-dyn+AdaReset+HardDistill,Hopper-v4,0
181366,reward,3780,59.425678921884646,95.42,P3O-dyn+AdaReset+HardDistill,Hopper-v4,0
181438,reward,3781,134.89981792553456,87.4,P3O-dyn+AdaReset+HardDistill,Hopper-v4,0
181490,reward,3782,91.22823350220956,86.457,P3O-dyn+AdaReset+HardDistill,Hopper-v4,0
181538,reward,3783,81.52017335539966,85.671,P3O-dyn+AdaReset+HardDistill,Hopper-v4,0
181587,reward,3784,80.30771027515073,86.792,P3O-dyn+AdaReset+HardDistill,Hopper-v4,0
181692,reward,3785,248.23626099451144,107.998,P3O-dyn+AdaReset+HardDistill,Hopper-v4,0
181749,reward,3786,78.1784920286765,106.3,P3O-dyn+AdaReset+HardDistill,Hopper-v4,0
181799,reward,3787,84.61788904430857,104.037,P3O-dyn+AdaReset+HardDistill,Hopper-v4,0
181842,reward,3788,56.46110276846013,97.237,P3O-dyn+AdaReset+HardDistill,Hopper-v4,0
181905,reward,3789,114.6352490929159,102.951,P3O-dyn+AdaReset+HardDistill,Hopper-v4,0
181953,reward,3790,84.81948708232879,105.49,P3O-dyn+AdaReset+HardDistill,Hopper-v4,0
182039,reward,3791,178.93256158389767,109.894,P3O-dyn+AdaReset+HardDistill,Hopper-v4,0
182065,reward,3792,36.19656140838776,104.391,P3O-dyn+AdaReset+HardDistill,Hopper-v4,0
182113,reward,3793,79.02865658866259,104.141,P3O-dyn+AdaReset+HardDistill,Hopper-v4,0
182160,reward,3794,71.44481598555893,103.255,P3O-dyn+AdaReset+HardDistill,Hopper-v4,0
182204,reward,3795,70.46904394474277,85.478,P3O-dyn+AdaReset+HardDistill,Hopper-v4,0
182286,reward,3796,173.37537800556368,94.998,P3O-dyn+AdaReset+HardDistill,Hopper-v4,0
182313,reward,3797,33.42816880067168,89.879,P3O-dyn+AdaReset+HardDistill,Hopper-v4,0
182379,reward,3798,119.7200744106019,96.205,P3O-dyn+AdaReset+HardDistill,Hopper-v4,0
182446,reward,3799,128.60327245871215,97.602,P3O-dyn+AdaReset+HardDistill,Hopper-v4,0
182478,reward,3800,47.393427208321235,93.859,P3O-dyn+AdaReset+HardDistill,Hopper-v4,0
182581,reward,3801,221.63395168086572,98.129,P3O-dyn+AdaReset+HardDistill,Hopper-v4,0
182684,reward,3802,220.0924061094822,116.519,P3O-dyn+AdaReset+HardDistill,Hopper-v4,0
182726,reward,3803,30.129471649019028,111.629,P3O-dyn+AdaReset+HardDistill,Hopper-v4,0
182816,reward,3804,164.77208882573186,120.962,P3O-dyn+AdaReset+HardDistill,Hopper-v4,0
182889,reward,3805,134.6659345093675,127.381,P3O-dyn+AdaReset+HardDistill,Hopper-v4,0
182944,reward,3806,101.91785483671174,120.236,P3O-dyn+AdaReset+HardDistill,Hopper-v4,0
183008,reward,3807,113.02684695480744,128.196,P3O-dyn+AdaReset+HardDistill,Hopper-v4,0
183089,reward,3808,153.6816874392919,131.592,P3O-dyn+AdaReset+HardDistill,Hopper-v4,0
183132,reward,3809,63.38708981933497,125.07,P3O-dyn+AdaReset+HardDistill,Hopper-v4,0
183176,reward,3810,75.43193369790357,127.874,P3O-dyn+AdaReset+HardDistill,Hopper-v4,0
183269,reward,3811,151.2216581429882,120.833,P3O-dyn+AdaReset+HardDistill,Hopper-v4,0
183328,reward,3812,103.46642346049344,109.17,P3O-dyn+AdaReset+HardDistill,Hopper-v4,0
183365,reward,3813,58.00469795209243,111.958,P3O-dyn+AdaReset+HardDistill,Hopper-v4,0
183462,reward,3814,161.52391560167746,111.633,P3O-dyn+AdaReset+HardDistill,Hopper-v4,0
183516,reward,3815,94.01849553768987,107.568,P3O-dyn+AdaReset+HardDistill,Hopper-v4,0
183572,reward,3816,96.92846615359997,107.069,P3O-dyn+AdaReset+HardDistill,Hopper-v4,0
183680,reward,3817,227.1438661115414,118.481,P3O-dyn+AdaReset+HardDistill,Hopper-v4,0
183719,reward,3818,59.86450940345581,109.099,P3O-dyn+AdaReset+HardDistill,Hopper-v4,0
183797,reward,3819,133.02012778427155,116.062,P3O-dyn+AdaReset+HardDistill,Hopper-v4,0
183911,reward,3820,193.9211438808846,127.911,P3O-dyn+AdaReset+HardDistill,Hopper-v4,0
183954,reward,3821,65.3462523056756,119.324,P3O-dyn+AdaReset+HardDistill,Hopper-v4,0
184004,reward,3822,84.04275988816752,117.381,P3O-dyn+AdaReset+HardDistill,Hopper-v4,0
184049,reward,3823,71.39365218255452,118.72,P3O-dyn+AdaReset+HardDistill,Hopper-v4,0
184124,reward,3824,127.49407458687604,115.317,P3O-dyn+AdaReset+HardDistill,Hopper-v4,0
184181,reward,3825,98.2121052979358,115.737,P3O-dyn+AdaReset+HardDistill,Hopper-v4,0
184231,reward,3826,86.7211329665623,114.716,P3O-dyn+AdaReset+HardDistill,Hopper-v4,0
184265,reward,3827,54.33418124330227,97.435,P3O-dyn+AdaReset+HardDistill,Hopper-v4,0
184462,reward,3828,288.7246090581909,120.321,P3O-dyn+AdaReset+HardDistill,Hopper-v4,0
184507,reward,3829,74.61555087482729,114.481,P3O-dyn+AdaReset+HardDistill,Hopper-v4,0
184598,reward,3830,180.33347501432985,113.122,P3O-dyn+AdaReset+HardDistill,Hopper-v4,0
184650,reward,3831,88.16441969984989,115.404,P3O-dyn+AdaReset+HardDistill,Hopper-v4,0
184705,reward,3832,90.17466798026314,116.017,P3O-dyn+AdaReset+HardDistill,Hopper-v4,0
184747,reward,3833,67.64403995087143,115.642,P3O-dyn+AdaReset+HardDistill,Hopper-v4,0
184812,reward,3834,115.60006042458383,114.452,P3O-dyn+AdaReset+HardDistill,Hopper-v4,0
184868,reward,3835,97.34334164580453,114.366,P3O-dyn+AdaReset+HardDistill,Hopper-v4,0
184922,reward,3836,94.01082676897138,115.095,P3O-dyn+AdaReset+HardDistill,Hopper-v4,0
184963,reward,3837,65.61463351712561,116.223,P3O-dyn+AdaReset+HardDistill,Hopper-v4,0
185000,reward,3838,49.042782516192176,92.254,P3O-dyn+AdaReset+HardDistill,Hopper-v4,0
185100,reward,3839,188.18475820912664,103.611,P3O-dyn+AdaReset+HardDistill,Hopper-v4,0
185167,reward,3840,128.20835973214753,98.399,P3O-dyn+AdaReset+HardDistill,Hopper-v4,0
185233,reward,3841,116.72357457409751,101.255,P3O-dyn+AdaReset+HardDistill,Hopper-v4,0
185277,reward,3842,67.29779824959422,98.967,P3O-dyn+AdaReset+HardDistill,Hopper-v4,0
185321,reward,3843,71.81144971308133,99.384,P3O-dyn+AdaReset+HardDistill,Hopper-v4,0
185389,reward,3844,136.0122720066156,101.425,P3O-dyn+AdaReset+HardDistill,Hopper-v4,0
185456,reward,3845,125.54890349196445,104.246,P3O-dyn+AdaReset+HardDistill,Hopper-v4,0
185508,reward,3846,89.80207612189884,103.825,P3O-dyn+AdaReset+HardDistill,Hopper-v4,0
185556,reward,3847,78.72095223981847,105.135,P3O-dyn+AdaReset+HardDistill,Hopper-v4,0
185611,reward,3848,101.35952278920612,110.367,P3O-dyn+AdaReset+HardDistill,Hopper-v4,0
185691,reward,3849,161.30841431238534,107.679,P3O-dyn+AdaReset+HardDistill,Hopper-v4,0
185767,reward,3850,149.48389661549453,109.807,P3O-dyn+AdaReset+HardDistill,Hopper-v4,0
185872,reward,3851,198.52832340835022,117.987,P3O-dyn+AdaReset+HardDistill,Hopper-v4,0
185922,reward,3852,77.70849513138035,119.028,P3O-dyn+AdaReset+HardDistill,Hopper-v4,0
186027,reward,3853,194.3480551214561,131.282,P3O-dyn+AdaReset+HardDistill,Hopper-v4,0
186067,reward,3854,63.97888004317255,124.079,P3O-dyn+AdaReset+HardDistill,Hopper-v4,0
186159,reward,3855,175.72261593043618,129.096,P3O-dyn+AdaReset+HardDistill,Hopper-v4,0
186261,reward,3856,231.34745284276352,143.251,P3O-dyn+AdaReset+HardDistill,Hopper-v4,0
186324,reward,3857,109.14215281414745,146.293,P3O-dyn+AdaReset+HardDistill,Hopper-v4,0
186418,reward,3858,216.6010711404926,157.817,P3O-dyn+AdaReset+HardDistill,Hopper-v4,0
186473,reward,3859,91.00923775135541,150.787,P3O-dyn+AdaReset+HardDistill,Hopper-v4,0
186523,reward,3860,89.66257094087875,144.805,P3O-dyn+AdaReset+HardDistill,Hopper-v4,0
186576,reward,3861,75.25415176158177,132.477,P3O-dyn+AdaReset+HardDistill,Hopper-v4,0
186664,reward,3862,157.44640895697526,140.451,P3O-dyn+AdaReset+HardDistill,Hopper-v4,0
186708,reward,3863,73.6545747697184,128.382,P3O-dyn+AdaReset+HardDistill,Hopper-v4,0
186759,reward,3864,83.8764952255134,130.372,P3O-dyn+AdaReset+HardDistill,Hopper-v4,0
186791,reward,3865,50.482461703333875,117.848,P3O-dyn+AdaReset+HardDistill,Hopper-v4,0
186822,reward,3866,46.156192894744144,99.329,P3O-dyn+AdaReset+HardDistill,Hopper-v4,0
186883,reward,3867,104.18943145085787,98.833,P3O-dyn+AdaReset+HardDistill,Hopper-v4,0
186953,reward,3868,138.4150722499909,91.015,P3O-dyn+AdaReset+HardDistill,Hopper-v4,0
187049,reward,3869,210.74909240892748,102.989,P3O-dyn+AdaReset+HardDistill,Hopper-v4,0
187081,reward,3870,52.812039260508854,99.304,P3O-dyn+AdaReset+HardDistill,Hopper-v4,0
187141,reward,3871,100.67316383761265,101.845,P3O-dyn+AdaReset+HardDistill,Hopper-v4,0
187170,reward,3872,42.3058109118361,90.331,P3O-dyn+AdaReset+HardDistill,Hopper-v4,0
187264,reward,3873,196.30070979881918,102.596,P3O-dyn+AdaReset+HardDistill,Hopper-v4,0
187336,reward,3874,109.7127285842101,105.18,P3O-dyn+AdaReset+HardDistill,Hopper-v4,0
187441,reward,3875,234.47654706619488,123.579,P3O-dyn+AdaReset+HardDistill,Hopper-v4,0
187513,reward,3876,129.81887748638368,131.945,P3O-dyn+AdaReset+HardDistill,Hopper-v4,0
187555,reward,3877,67.35466596571986,128.262,P3O-dyn+AdaReset+HardDistill,Hopper-v4,0
187651,reward,3878,158.6356500567441,130.284,P3O-dyn+AdaReset+HardDistill,Hopper-v4,0
187714,reward,3879,109.5506278708782,120.164,P3O-dyn+AdaReset+HardDistill,Hopper-v4,0
187766,reward,3880,88.77197672225513,123.76,P3O-dyn+AdaReset+HardDistill,Hopper-v4,0
187853,reward,3881,150.9219658397846,128.785,P3O-dyn+AdaReset+HardDistill,Hopper-v4,0
187922,reward,3882,126.61102669844843,137.215,P3O-dyn+AdaReset+HardDistill,Hopper-v4,0
187983,reward,3883,99.54224115703039,127.54,P3O-dyn+AdaReset+HardDistill,Hopper-v4,0
188026,reward,3884,64.32834949312382,123.001,P3O-dyn+AdaReset+HardDistill,Hopper-v4,0
188080,reward,3885,59.12108214230802,105.466,P3O-dyn+AdaReset+HardDistill,Hopper-v4,0
188183,reward,3886,192.2349005287195,111.707,P3O-dyn+AdaReset+HardDistill,Hopper-v4,0
188253,reward,3887,133.5083202759525,118.323,P3O-dyn+AdaReset+HardDistill,Hopper-v4,0
188314,reward,3888,103.48397292662592,112.807,P3O-dyn+AdaReset+HardDistill,Hopper-v4,0
188366,reward,3889,89.1820687798871,110.771,P3O-dyn+AdaReset+HardDistill,Hopper-v4,0
188416,loss,-0.020394206047058105,11.01006031036377,P3O-dyn+AdaReset+HardDistill,Hopper-v4,0
188423,reward,3890,90.82158438967737,110.976,P3O-dyn+AdaReset+HardDistill,Hopper-v4,0
188476,reward,3891,93.54053700578342,105.237,P3O-dyn+AdaReset+HardDistill,Hopper-v4,0
188592,reward,3892,221.8517432995483,114.761,P3O-dyn+AdaReset+HardDistill,Hopper-v4,0
188687,reward,3893,121.63820947872844,116.971,P3O-dyn+AdaReset+HardDistill,Hopper-v4,0
188756,reward,3894,131.97157394088114,123.735,P3O-dyn+AdaReset+HardDistill,Hopper-v4,0
188811,reward,3895,98.87972658645867,127.711,P3O-dyn+AdaReset+HardDistill,Hopper-v4,0
188886,reward,3896,129.8364158664828,121.471,P3O-dyn+AdaReset+HardDistill,Hopper-v4,0
188972,reward,3897,174.19354524044053,125.54,P3O-dyn+AdaReset+HardDistill,Hopper-v4,0
189092,reward,3898,272.5224133875383,142.444,P3O-dyn+AdaReset+HardDistill,Hopper-v4,0
189149,reward,3899,96.54144823579898,143.18,P3O-dyn+AdaReset+HardDistill,Hopper-v4,0
189263,reward,3900,223.46924032873628,156.444,P3O-dyn+AdaReset+HardDistill,Hopper-v4,0
189335,reward,3901,144.57980613264286,161.548,P3O-dyn+AdaReset+HardDistill,Hopper-v4,0
189428,reward,3902,172.69567607012573,156.633,P3O-dyn+AdaReset+HardDistill,Hopper-v4,0
189450,reward,3903,23.21522105890259,146.791,P3O-dyn+AdaReset+HardDistill,Hopper-v4,0
189522,reward,3904,134.53125051659674,147.046,P3O-dyn+AdaReset+HardDistill,Hopper-v4,0
189580,reward,3905,84.15613973439659,145.574,P3O-dyn+AdaReset+HardDistill,Hopper-v4,0
189652,reward,3906,138.48657893735424,146.439,P3O-dyn+AdaReset+HardDistill,Hopper-v4,0
189688,reward,3907,58.12570008337628,134.832,P3O-dyn+AdaReset+HardDistill,Hopper-v4,0
189724,reward,3908,51.47067054012753,112.727,P3O-dyn+AdaReset+HardDistill,Hopper-v4,0
189788,reward,3909,118.62931690076834,114.936,P3O-dyn+AdaReset+HardDistill,Hopper-v4,0
189830,reward,3910,46.45919919037383,97.235,P3O-dyn+AdaReset+HardDistill,Hopper-v4,0
189917,reward,3911,150.75585538185703,97.853,P3O-dyn+AdaReset+HardDistill,Hopper-v4,0
190000,speed,804.94,3.27,P3O-dyn+AdaReset+HardDistill,Hopper-v4,0
190004,reward,3912,169.13821864601888,97.497,P3O-dyn+AdaReset+HardDistill,Hopper-v4,0
190156,reward,3913,262.31540353329007,121.407,P3O-dyn+AdaReset+HardDistill,Hopper-v4,0
190176,reward,3914,22.868741991595265,110.241,P3O-dyn+AdaReset+HardDistill,Hopper-v4,0
190270,reward,3915,177.88068484386267,119.613,P3O-dyn+AdaReset+HardDistill,Hopper-v4,0
190344,reward,3916,139.15421174510382,119.68,P3O-dyn+AdaReset+HardDistill,Hopper-v4,0
190394,reward,3917,79.04256822998826,121.771,P3O-dyn+AdaReset+HardDistill,Hopper-v4,0
190463,reward,3918,140.5547868983012,130.68,P3O-dyn+AdaReset+HardDistill,Hopper-v4,0
190539,reward,3919,114.09603438978637,130.227,P3O-dyn+AdaReset+HardDistill,Hopper-v4,0
190621,reward,3920,153.60759723219604,140.941,P3O-dyn+AdaReset+HardDistill,Hopper-v4,0
190691,reward,3921,115.77184813808384,137.443,P3O-dyn+AdaReset+HardDistill,Hopper-v4,0
190775,reward,3922,166.7150048981201,137.201,P3O-dyn+AdaReset+HardDistill,Hopper-v4,0
190878,reward,3923,185.9446242315326,129.564,P3O-dyn+AdaReset+HardDistill,Hopper-v4,0
190975,reward,3924,202.24198924307825,147.501,P3O-dyn+AdaReset+HardDistill,Hopper-v4,0
191032,reward,3925,100.66391784749334,139.779,P3O-dyn+AdaReset+HardDistill,Hopper-v4,0
191101,reward,3926,75.40474014876297,133.404,P3O-dyn+AdaReset+HardDistill,Hopper-v4,0
191135,reward,3927,55.62661049534556,131.063,P3O-dyn+AdaReset+HardDistill,Hopper-v4,0
191192,reward,3928,87.51651389170416,125.759,P3O-dyn+AdaReset+HardDistill,Hopper-v4,0
191308,reward,3929,212.35534336133648,135.585,P3O-dyn+AdaReset+HardDistill,Hopper-v4,0
191385,reward,3930,160.8414999329771,136.308,P3O-dyn+AdaReset+HardDistill,Hopper-v4,0
191415,reward,3931,40.448777689384904,128.776,P3O-dyn+AdaReset+HardDistill,Hopper-v4,0
191467,reward,3932,86.54962894184169,120.759,P3O-dyn+AdaReset+HardDistill,Hopper-v4,0
191518,reward,3933,84.31377772455812,110.596,P3O-dyn+AdaReset+HardDistill,Hopper-v4,0
191610,reward,3934,194.2110328072801,109.793,P3O-dyn+AdaReset+HardDistill,Hopper-v4,0
191670,reward,3935,106.5337010657788,110.38,P3O-dyn+AdaReset+HardDistill,Hopper-v4,0
191802,reward,3936,267.7464334980705,129.614,P3O-dyn+AdaReset+HardDistill,Hopper-v4,0
191904,reward,3937,188.0800516499251,142.86,P3O-dyn+AdaReset+HardDistill,Hopper-v4,0
191990,reward,3938,176.06162297761034,151.714,P3O-dyn+AdaReset+HardDistill,Hopper-v4,0
192100,reward,3939,232.17398784213253,153.696,P3O-dyn+AdaReset+HardDistill,Hopper-v4,0
192161,reward,3940,111.58006862431198,148.77,P3O-dyn+AdaReset+HardDistill,Hopper-v4,0
192181,reward,3941,22.09185379816809,146.934,P3O-dyn+AdaReset+HardDistill,Hopper-v4,0
192294,reward,3942,256.7978244658033,163.959,P3O-dyn+AdaReset+HardDistill,Hopper-v4,0
192346,reward,3943,83.45213061415251,163.873,P3O-dyn+AdaReset+HardDistill,Hopper-v4,0
192379,reward,3944,46.14289212699066,149.066,P3O-dyn+AdaReset+HardDistill,Hopper-v4,0
192420,reward,3945,57.97396273905066,144.21,P3O-dyn+AdaReset+HardDistill,Hopper-v4,0
192523,reward,3946,181.9360932134862,135.629,P3O-dyn+AdaReset+HardDistill,Hopper-v4,0
192568,reward,3947,65.82279242985005,123.403,P3O-dyn+AdaReset+HardDistill,Hopper-v4,0
192635,reward,3948,128.151097303429,118.612,P3O-dyn+AdaReset+HardDistill,Hopper-v4,0
192676,reward,3949,63.4714661270172,101.742,P3O-dyn+AdaReset+HardDistill,Hopper-v4,0
192767,reward,3950,187.75320909611006,109.359,P3O-dyn+AdaReset+HardDistill,Hopper-v4,0
192820,reward,3951,96.93669313925429,116.844,P3O-dyn+AdaReset+HardDistill,Hopper-v4,0
192918,reward,3952,216.08847849087826,112.773,P3O-dyn+AdaReset+HardDistill,Hopper-v4,0
193007,reward,3953,174.6103219342127,121.889,P3O-dyn+AdaReset+HardDistill,Hopper-v4,0
193050,reward,3954,66.26312223348019,123.901,P3O-dyn+AdaReset+HardDistill,Hopper-v4,0
193180,reward,3955,285.40520482749156,146.644,P3O-dyn+AdaReset+HardDistill,Hopper-v4,0
193211,reward,3956,45.382692804785606,132.989,P3O-dyn+AdaReset+HardDistill,Hopper-v4,0
193288,reward,3957,130.70819703158807,139.477,P3O-dyn+AdaReset+HardDistill,Hopper-v4,0
193357,reward,3958,94.5225858992978,136.114,P3O-dyn+AdaReset+HardDistill,Hopper-v4,0
193432,reward,3959,141.18564519815396,143.886,P3O-dyn+AdaReset+HardDistill,Hopper-v4,0
193475,reward,3960,60.004509726762365,131.111,P3O-dyn+AdaReset+HardDistill,Hopper-v4,0
193616,reward,3961,232.49106997379693,144.666,P3O-dyn+AdaReset+HardDistill,Hopper-v4,0
193662,reward,3962,72.01027129536922,130.258,P3O-dyn+AdaReset+HardDistill,Hopper-v4,0
193716,reward,3963,90.5457379724588,121.852,P3O-dyn+AdaReset+HardDistill,Hopper-v4,0
193831,reward,3964,201.20573595156677,135.346,P3O-dyn+AdaReset+HardDistill,Hopper-v4,0
193890,reward,3965,96.1199270265067,116.418,P3O-dyn+AdaReset+HardDistill,Hopper-v4,0
193948,reward,3966,83.94904214913983,120.274,P3O-dyn+AdaReset+HardDistill,Hopper-v4,0
194051,reward,3967,182.1061104816481,125.414,P3O-dyn+AdaReset+HardDistill,Hopper-v4,0
194167,reward,3968,203.44272532954187,136.306,P3O-dyn+AdaReset+HardDistill,Hopper-v4,0
194242,reward,3969,136.0434131593046,135.792,P3O-dyn+AdaReset+HardDistill,Hopper-v4,0
194405,reward,3970,303.6508322914185,160.156,P3O-dyn+AdaReset+HardDistill,Hopper-v4,0
194506,reward,3971,174.9762194622811,154.405,P3O-dyn+AdaReset+HardDistill,Hopper-v4,0
194600,reward,3972,199.64201516244572,167.168,P3O-dyn+AdaReset+HardDistill,Hopper-v4,0
194650,reward,3973,63.36209565448628,164.45,P3O-dyn+AdaReset+HardDistill,Hopper-v4,0
194735,reward,3974,177.27940284718176,162.057,P3O-dyn+AdaReset+HardDistill,Hopper-v4,0
194800,reward,3975,115.07758814835012,163.953,P3O-dyn+AdaReset+HardDistill,Hopper-v4,0
194880,reward,3976,156.18515772658807,171.177,P3O-dyn+AdaReset+HardDistill,Hopper-v4,0
194919,reward,3977,66.08430892080898,159.574,P3O-dyn+AdaReset+HardDistill,Hopper-v4,0
195007,reward,3978,183.14373285951237,157.544,P3O-dyn+AdaReset+HardDistill,Hopper-v4,0
195065,reward,3979,100.62312329747773,154.002,P3O-dyn+AdaReset+HardDistill,Hopper-v4,0
195188,reward,3980,251.89702360053514,148.827,P3O-dyn+AdaReset+HardDistill,Hopper-v4,0
195292,reward,3981,180.60759787354542,149.39,P3O-dyn+AdaReset+HardDistill,Hopper-v4,0
195356,reward,3982,120.40447810121042,141.466,P3O-dyn+AdaReset+HardDistill,Hopper-v4,0
195428,reward,3983,128.3203437359124,147.962,P3O-dyn+AdaReset+HardDistill,Hopper-v4,0
195490,reward,3984,113.82273628585531,141.617,P3O-dyn+AdaReset+HardDistill,Hopper-v4,0
195584,reward,3985,186.10875792882845,148.72,P3O-dyn+AdaReset+HardDistill,Hopper-v4,0
195660,reward,3986,153.5049999674712,148.452,P3O-dyn+AdaReset+HardDistill,Hopper-v4,0
195701,reward,3987,60.79011607773906,147.922,P3O-dyn+AdaReset+HardDistill,Hopper-v4,0
195746,reward,3988,70.26237477750088,136.634,P3O-dyn+AdaReset+HardDistill,Hopper-v4,0
195851,reward,3989,200.2602180145296,146.598,P3O-dyn+AdaReset+HardDistill,Hopper-v4,0
195959,reward,3990,231.79912848661115,144.588,P3O-dyn+AdaReset+HardDistill,Hopper-v4,0
196015,reward,3991,95.81793617869074,136.109,P3O-dyn+AdaReset+HardDistill,Hopper-v4,0
196098,reward,3992,164.506223621603,140.519,P3O-dyn+AdaReset+HardDistill,Hopper-v4,0
196166,reward,3993,90.92673226408259,136.78,P3O-dyn+AdaReset+HardDistill,Hopper-v4,0
196308,reward,3994,292.50382988708515,154.648,P3O-dyn+AdaReset+HardDistill,Hopper-v4,0
196440,reward,3995,282.6241680920637,164.3,P3O-dyn+AdaReset+HardDistill,Hopper-v4,0
196489,reward,3996,82.83172040751603,157.232,P3O-dyn+AdaReset+HardDistill,Hopper-v4,0
196542,reward,3997,92.32459003135743,160.386,P3O-dyn+AdaReset+HardDistill,Hopper-v4,0
196590,reward,3998,76.97467518973532,161.057,P3O-dyn+AdaReset+HardDistill,Hopper-v4,0
196608,loss,-0.026219161227345467,9.351907730102539,P3O-dyn+AdaReset+HardDistill,Hopper-v4,0
196638,reward,3999,70.19854703432983,148.051,P3O-dyn+AdaReset+HardDistill,Hopper-v4,0
196687,reward,4000,77.45130740632233,132.616,P3O-dyn+AdaReset+HardDistill,Hopper-v4,0
196747,reward,4001,95.53755269491091,132.588,P3O-dyn+AdaReset+HardDistill,Hopper-v4,0
196798,reward,4002,85.86447399527745,124.724,P3O-dyn+AdaReset+HardDistill,Hopper-v4,0
196845,reward,4003,73.94556651466894,123.026,P3O-dyn+AdaReset+HardDistill,Hopper-v4,0
196893,reward,4004,77.49381912403643,101.525,P3O-dyn+AdaReset+HardDistill,Hopper-v4,0
196929,reward,4005,44.25288203632221,77.688,P3O-dyn+AdaReset+HardDistill,Hopper-v4,0
196988,reward,4006,104.80952726562847,79.885,P3O-dyn+AdaReset+HardDistill,Hopper-v4,0
197048,reward,4007,101.95102932653592,80.848,P3O-dyn+AdaReset+HardDistill,Hopper-v4,0
197101,reward,4008,83.86153138522678,81.537,P3O-dyn+AdaReset+HardDistill,Hopper-v4,0
197178,reward,4009,133.49642955663953,87.866,P3O-dyn+AdaReset+HardDistill,Hopper-v4,0
197236,reward,4010,91.41836710685838,89.263,P3O-dyn+AdaReset+HardDistill,Hopper-v4,0
197297,reward,4011,102.36904164163755,89.946,P3O-dyn+AdaReset+HardDistill,Hopper-v4,0
197364,reward,4012,111.23437931443351,92.483,P3O-dyn+AdaReset+HardDistill,Hopper-v4,0
197415,reward,4013,87.25439079208958,93.814,P3O-dyn+AdaReset+HardDistill,Hopper-v4,0
197459,reward,4014,67.91666916292644,92.856,P3O-dyn+AdaReset+HardDistill,Hopper-v4,0
197557,reward,4015,163.57414397712012,104.789,P3O-dyn+AdaReset+HardDistill,Hopper-v4,0
197612,reward,4016,97.06789814693019,104.014,P3O-dyn+AdaReset+HardDistill,Hopper-v4,0
197682,reward,4017,133.45191389076098,107.164,P3O-dyn+AdaReset+HardDistill,Hopper-v4,0
197766,reward,4018,134.51849183049305,112.23,P3O-dyn+AdaReset+HardDistill,Hopper-v4,0
197787,reward,4019,23.290762954313106,101.21,P3O-dyn+AdaReset+HardDistill,Hopper-v4,0
197840,reward,4020,80.57970346697164,100.126,P3O-dyn+AdaReset+HardDistill,Hopper-v4,0
197873,reward,4021,44.752978485085606,94.364,P3O-dyn+AdaReset+HardDistill,Hopper-v4,0
197919,reward,4022,72.09265392848042,90.45,P3O-dyn+AdaReset+HardDistill,Hopper-v4,0
197994,reward,4023,132.3852854533509,94.963,P3O-dyn+AdaReset+HardDistill,Hopper-v4,0
198057,reward,4024,97.53950830821834,97.925,P3O-dyn+AdaReset+HardDistill,Hopper-v4,0
198089,reward,4025,41.08884108671358,85.677,P3O-dyn+AdaReset+HardDistill,Hopper-v4,0
198162,reward,4026,154.11349162390394,91.381,P3O-dyn+AdaReset+HardDistill,Hopper-v4,0
198186,reward,4027,25.101843739593953,80.546,P3O-dyn+AdaReset+HardDistill,Hopper-v4,0
198227,reward,4028,64.533811141009,73.548,P3O-dyn+AdaReset+HardDistill,Hopper-v4,0
198267,reward,4029,59.76585667802739,77.195,P3O-dyn+AdaReset+HardDistill,Hopper-v4,0
198315,reward,4030,75.69542989645778,76.707,P3O-dyn+AdaReset+HardDistill,Hopper-v4,0
198354,reward,4031,56.46734055134713,77.878,P3O-dyn+AdaReset+HardDistill,Hopper-v4,0
198440,reward,4032,149.46849193869224,85.616,P3O-dyn+AdaReset+HardDistill,Hopper-v4,0
198508,reward,4033,122.63362953074707,84.641,P3O-dyn+AdaReset+HardDistill,Hopper-v4,0
198535,reward,4034,30.925550663450622,77.979,P3O-dyn+AdaReset+HardDistill,Hopper-v4,0
198644,reward,4035,204.0800706227079,94.279,P3O-dyn+AdaReset+HardDistill,Hopper-v4,0
198727,reward,4036,149.33926499899061,93.801,P3O-dyn+AdaReset+HardDistill,Hopper-v4,0
198738,reward,4037,5.815648089599658,91.873,P3O-dyn+AdaReset+HardDistill,Hopper-v4,0
198789,reward,4038,83.20652510569448,93.74,P3O-dyn+AdaReset+HardDistill,Hopper-v4,0
198845,reward,4039,90.6023442159748,96.823,P3O-dyn+AdaReset+HardDistill,Hopper-v4,0
198885,reward,4040,55.5016090090561,94.804,P3O-dyn+AdaReset+HardDistill,Hopper-v4,0
198932,reward,4041,74.45990188415814,96.603,P3O-dyn+AdaReset+HardDistill,Hopper-v4,0
198966,reward,4042,46.84820025823212,86.341,P3O-dyn+AdaReset+HardDistill,Hopper-v4,0
198986,reward,4043,19.40664772732574,76.019,P3O-dyn+AdaReset+HardDistill,Hopper-v4,0
199052,reward,4044,112.69413976196428,84.195,P3O-dyn+AdaReset+HardDistill,Hopper-v4,0
199100,reward,4045,82.86003972899097,72.073,P3O-dyn+AdaReset+HardDistill,Hopper-v4,0
199115,reward,4046,8.945936981051862,58.034,P3O-dyn+AdaReset+HardDistill,Hopper-v4,0
199173,reward,4047,79.76934277272346,65.429,P3O-dyn+AdaReset+HardDistill,Hopper-v4,0
199246,reward,4048,132.4503748755668,70.354,P3O-dyn+AdaReset+HardDistill,Hopper-v4,0
199286,reward,4049,57.075377218624105,67.001,P3O-dyn+AdaReset+HardDistill,Hopper-v4,0
199362,reward,4050,134.28931281938034,74.88,P3O-dyn+AdaReset+HardDistill,Hopper-v4,0
199377,reward,4051,12.528396935981075,68.687,P3O-dyn+AdaReset+HardDistill,Hopper-v4,0
199410,reward,4052,43.75853589773305,68.378,P3O-dyn+AdaReset+HardDistill,Hopper-v4,0
199465,reward,4053,88.71525214807218,75.309,P3O-dyn+AdaReset+HardDistill,Hopper-v4,0
199489,reward,4054,26.998035247965074,66.739,P3O-dyn+AdaReset+HardDistill,Hopper-v4,0
199506,reward,4055,9.624168053011454,59.415,P3O-dyn+AdaReset+HardDistill,Hopper-v4,0
199530,reward,4056,29.00715738359985,61.422,P3O-dyn+AdaReset+HardDistill,Hopper-v4,0
199581,reward,4057,85.25005043854966,61.97,P3O-dyn+AdaReset+HardDistill,Hopper-v4,0
199635,reward,4058,89.38326523528228,57.663,P3O-dyn+AdaReset+HardDistill,Hopper-v4,0
199659,reward,4059,40.781310670074504,56.034,P3O-dyn+AdaReset+HardDistill,Hopper-v4,0
199699,reward,4060,68.7654963784104,49.481,P3O-dyn+AdaReset+HardDistill,Hopper-v4,0
199796,reward,4061,192.8159663263104,67.51,P3O-dyn+AdaReset+HardDistill,Hopper-v4,0
199874,reward,4062,142.28134215376411,77.362,P3O-dyn+AdaReset+HardDistill,Hopper-v4,0
199917,reward,4063,63.83032891404832,74.874,P3O-dyn+AdaReset+HardDistill,Hopper-v4,0
199969,reward,4064,54.96579751980018,77.67,P3O-dyn+AdaReset+HardDistill,Hopper-v4,0
199985,reward,4065,5.058865529250286,77.214,P3O-dyn+AdaReset+HardDistill,Hopper-v4,0
200000,speed,842.69,3.47,P3O-dyn+AdaReset+HardDistill,Hopper-v4,0
200000,sbp,0.4,0.2072,0.15,P3O-dyn+AdaReset+HardDistill,Hopper-v4,0,0.01668,1,1.668488,0.934428,0.016335,0.014331,4.242324,4.255103,0.78557,0.139866,0.003012,0.835126,1.269373,0.004544,0.001552,1
