step,tag
56,reward,1,-182.52645244148582,-182.526,PPO,Ant-v4,2
186,reward,2,-401.8831399881172,-292.205,PPO,Ant-v4,2
235,reward,3,-128.81530089106985,-237.742,PPO,Ant-v4,2
303,reward,4,-181.61078119711863,-223.709,PPO,Ant-v4,2
368,reward,5,-205.05068277126537,-219.977,PPO,Ant-v4,2
407,reward,6,-123.94342335163239,-203.972,PPO,Ant-v4,2
434,reward,7,-102.74050219989603,-189.51,PPO,Ant-v4,2
447,reward,8,-55.329820603978035,-172.738,PPO,Ant-v4,2
544,reward,9,-282.7100151227766,-184.957,PPO,Ant-v4,2
557,reward,10,-30.808798870720995,-169.542,PPO,Ant-v4,2
597,reward,11,-160.61931829940153,-167.351,PPO,Ant-v4,2
612,reward,12,-37.39853260941301,-130.903,PPO,Ant-v4,2
644,reward,13,-101.92887646413612,-128.214,PPO,Ant-v4,2
1644,reward,14,-3031.442652981033,-413.197,PPO,Ant-v4,2
2644,reward,15,-3144.2162459619544,-707.114,PPO,Ant-v4,2
2657,reward,16,-44.43131572923782,-699.163,PPO,Ant-v4,2
2786,reward,17,-295.83627109282463,-718.472,PPO,Ant-v4,2
2816,reward,18,-78.1997576459378,-720.759,PPO,Ant-v4,2
2835,reward,19,-73.73805020127847,-699.862,PPO,Ant-v4,2
2933,reward,20,-297.7819921235911,-726.559,PPO,Ant-v4,2
2986,reward,21,-138.14883479817354,-724.312,PPO,Ant-v4,2
3007,reward,22,-49.04859425076092,-725.477,PPO,Ant-v4,2
3060,reward,23,-179.7999590707987,-733.264,PPO,Ant-v4,2
3076,reward,24,-30.58963611630518,-433.179,PPO,Ant-v4,2
3136,reward,25,-217.84282708759488,-140.542,PPO,Ant-v4,2
3160,reward,26,-70.7965183719087,-143.178,PPO,Ant-v4,2
3216,reward,27,-172.8237098468513,-130.877,PPO,Ant-v4,2
3255,reward,28,-116.34294369957777,-134.691,PPO,Ant-v4,2
3273,reward,29,-68.69712294190774,-134.187,PPO,Ant-v4,2
3308,reward,30,-73.52240891709079,-111.761,PPO,Ant-v4,2
3356,reward,31,-217.23120984636765,-119.669,PPO,Ant-v4,2
3411,reward,32,-193.20174684922938,-134.085,PPO,Ant-v4,2
3600,reward,33,-609.6156571081816,-177.066,PPO,Ant-v4,2
3677,reward,34,-208.95160796912376,-194.903,PPO,Ant-v4,2
3715,reward,35,-122.27556192180928,-185.346,PPO,Ant-v4,2
3775,reward,36,-180.0197828128549,-196.268,PPO,Ant-v4,2
3916,reward,37,-391.158436264613,-218.102,PPO,Ant-v4,2
3935,reward,38,-36.76908977624671,-210.144,PPO,Ant-v4,2
3993,reward,39,-203.44048696428231,-223.619,PPO,Ant-v4,2
4015,reward,40,-72.8779710113218,-223.554,PPO,Ant-v4,2
4046,reward,41,-82.0303928065566,-210.034,PPO,Ant-v4,2
4082,reward,42,-97.98798852434787,-200.513,PPO,Ant-v4,2
4197,reward,43,-348.52023063627644,-174.403,PPO,Ant-v4,2
4222,reward,44,-80.49344022877078,-161.557,PPO,Ant-v4,2
5222,reward,45,-2991.7293063416955,-448.503,PPO,Ant-v4,2
5355,reward,46,-448.851238340822,-475.386,PPO,Ant-v4,2
5370,reward,47,-15.451910252664248,-437.815,PPO,Ant-v4,2
5390,reward,48,-57.739937081715766,-439.912,PPO,Ant-v4,2
5451,reward,49,-132.19375773630063,-432.788,PPO,Ant-v4,2
5463,reward,50,-43.09281545305287,-429.809,PPO,Ant-v4,2
5490,reward,51,-94.07027551234313,-431.013,PPO,Ant-v4,2
5525,reward,52,-134.07298906963373,-434.622,PPO,Ant-v4,2
5636,reward,53,-355.31958981729923,-435.302,PPO,Ant-v4,2
5684,reward,54,-202.2435778253147,-447.477,PPO,Ant-v4,2
5753,reward,55,-240.66230706892583,-172.37,PPO,Ant-v4,2
5823,reward,56,-184.07319084602872,-145.892,PPO,Ant-v4,2
5859,reward,57,-138.7720983669678,-158.224,PPO,Ant-v4,2
5878,reward,58,-72.12485900050451,-159.663,PPO,Ant-v4,2
6013,reward,59,-494.2018162498977,-195.863,PPO,Ant-v4,2
6054,reward,60,-110.05478876457992,-202.56,PPO,Ant-v4,2
6071,reward,61,-42.34524240802247,-197.387,PPO,Ant-v4,2
6119,reward,62,-164.07124058862593,-200.387,PPO,Ant-v4,2
6200,reward,63,-239.0911378362616,-188.764,PPO,Ant-v4,2
6241,reward,64,-109.60957965041413,-179.501,PPO,Ant-v4,2
6252,reward,65,-50.798026884897936,-160.514,PPO,Ant-v4,2
6289,reward,66,-126.07273478647224,-154.714,PPO,Ant-v4,2
6331,reward,67,-114.71358068711018,-152.308,PPO,Ant-v4,2
6417,reward,68,-280.8717537351954,-173.183,PPO,Ant-v4,2
6447,reward,69,-100.11316482631817,-133.774,PPO,Ant-v4,2
6457,reward,70,-33.977921290102344,-126.166,PPO,Ant-v4,2
6521,reward,71,-198.432847784605,-141.775,PPO,Ant-v4,2
6579,reward,72,-165.12121710183712,-141.88,PPO,Ant-v4,2
6610,reward,73,-112.7507264316073,-129.246,PPO,Ant-v4,2
7610,reward,74,-3060.9652682031656,-424.382,PPO,Ant-v4,2
7619,reward,75,-32.88556840875045,-422.59,PPO,Ant-v4,2
7655,reward,76,-126.6239941844375,-422.646,PPO,Ant-v4,2
7888,reward,77,-894.1500221739686,-500.589,PPO,Ant-v4,2
8003,reward,78,-404.4552287897699,-512.948,PPO,Ant-v4,2
8065,reward,79,-145.60791633160633,-517.497,PPO,Ant-v4,2
8095,reward,80,-60.197633740228575,-520.119,PPO,Ant-v4,2
8105,reward,81,-36.14834641199819,-503.891,PPO,Ant-v4,2
8121,reward,82,-50.27857456252938,-492.406,PPO,Ant-v4,2
8161,reward,83,-131.18179926805695,-494.249,PPO,Ant-v4,2
8185,reward,84,-50.41288682217801,-193.194,PPO,Ant-v4,2
8192,loss,-0.12613342702388763,10.941595077514648,PPO,Ant-v4,2
8211,reward,85,-83.24413157880234,-198.23,PPO,Ant-v4,2
8265,reward,86,-177.01019529296286,-203.269,PPO,Ant-v4,2
8307,reward,87,-123.72985126246171,-126.227,PPO,Ant-v4,2
8334,reward,88,-72.60874102839267,-93.042,PPO,Ant-v4,2
8350,reward,89,-45.661433449550465,-83.047,PPO,Ant-v4,2
8374,reward,90,-79.72556481365471,-85.0,PPO,Ant-v4,2
8387,reward,91,-45.142272243763486,-85.9,PPO,Ant-v4,2
9387,reward,92,-3086.437635570768,-389.515,PPO,Ant-v4,2
9439,reward,93,-146.01515783180247,-390.999,PPO,Ant-v4,2
9676,reward,94,-652.6330299566591,-451.221,PPO,Ant-v4,2
9700,reward,95,-58.97910245764126,-448.794,PPO,Ant-v4,2
9718,reward,96,-55.553270033774275,-436.649,PPO,Ant-v4,2
9750,reward,97,-100.88336178502023,-434.364,PPO,Ant-v4,2
9760,reward,98,-38.98340801940551,-431.001,PPO,Ant-v4,2
9793,reward,99,-78.03437346930357,-434.239,PPO,Ant-v4,2
9827,reward,100,-126.80191239525539,-438.946,PPO,Ant-v4,2
9945,reward,101,-409.86241227811684,-475.418,PPO,Ant-v4,2
10000,speed,1782.65,0.09,PPO,Ant-v4,2
10945,reward,102,-3116.7601568601635,-478.451,PPO,Ant-v4,2
11007,reward,103,-195.79007290410624,-483.428,PPO,Ant-v4,2
11091,reward,104,-210.75703767259662,-439.241,PPO,Ant-v4,2
11121,reward,105,-131.93232035044008,-446.536,PPO,Ant-v4,2
11139,reward,106,-37.37368552604543,-444.718,PPO,Ant-v4,2
11218,reward,107,-239.87132181367863,-458.617,PPO,Ant-v4,2
11230,reward,108,-52.591191463374216,-459.977,PPO,Ant-v4,2
11316,reward,109,-244.7976718112695,-476.654,PPO,Ant-v4,2
11335,reward,110,-70.07360631929468,-470.981,PPO,Ant-v4,2
11371,reward,111,-103.72237382803095,-440.367,PPO,Ant-v4,2
11423,reward,112,-157.18326021373855,-144.409,PPO,Ant-v4,2
11458,reward,113,-151.02934431926678,-139.933,PPO,Ant-v4,2
11506,reward,114,-213.74679374291162,-140.232,PPO,Ant-v4,2
11524,reward,115,-69.83761824833918,-134.023,PPO,Ant-v4,2
11563,reward,116,-91.62009378833291,-139.447,PPO,Ant-v4,2
11575,reward,117,-38.95528093563828,-119.356,PPO,Ant-v4,2
11650,reward,118,-271.089339432773,-141.206,PPO,Ant-v4,2
11668,reward,119,-79.56314647295623,-124.682,PPO,Ant-v4,2
11682,reward,120,-30.586786521089923,-120.733,PPO,Ant-v4,2
11741,reward,121,-213.3100648879324,-131.692,PPO,Ant-v4,2
11757,reward,122,-66.01059158724924,-122.575,PPO,Ant-v4,2
11807,reward,123,-124.58974038292199,-119.931,PPO,Ant-v4,2
11822,reward,124,-67.15308995388166,-105.272,PPO,Ant-v4,2
11881,reward,125,-162.4598320932602,-114.534,PPO,Ant-v4,2
11905,reward,126,-68.82824277631141,-112.255,PPO,Ant-v4,2
12027,reward,127,-423.0864830877213,-150.668,PPO,Ant-v4,2
12079,reward,128,-190.2676224175772,-142.586,PPO,Ant-v4,2
12109,reward,129,-69.06814019449591,-141.536,PPO,Ant-v4,2
12229,reward,130,-336.26213946602354,-172.104,PPO,Ant-v4,2
12275,reward,131,-105.93923096309547,-161.367,PPO,Ant-v4,2
12452,reward,132,-486.6650277890994,-203.432,PPO,Ant-v4,2
12489,reward,133,-96.07923534597843,-200.581,PPO,Ant-v4,2
12541,reward,134,-210.83779924696856,-214.949,PPO,Ant-v4,2
12587,reward,135,-132.6334961811943,-211.967,PPO,Ant-v4,2
12691,reward,136,-365.7444472759561,-241.658,PPO,Ant-v4,2
12701,reward,137,-24.649912729925923,-201.815,PPO,Ant-v4,2
12734,reward,138,-111.69407970067721,-193.957,PPO,Ant-v4,2
12748,reward,139,-51.14581631788777,-192.165,PPO,Ant-v4,2
12814,reward,140,-237.9049300617827,-182.329,PPO,Ant-v4,2
12891,reward,141,-226.30445563709122,-194.366,PPO,Ant-v4,2
13003,reward,142,-335.16144107186244,-179.216,PPO,Ant-v4,2
13018,reward,143,-59.404389343796915,-175.548,PPO,Ant-v4,2
13049,reward,144,-100.18454861208343,-164.483,PPO,Ant-v4,2
13074,reward,145,-100.44809850205908,-161.264,PPO,Ant-v4,2
13118,reward,146,-124.30194789012961,-137.12,PPO,Ant-v4,2
13184,reward,147,-201.22195802704573,-154.777,PPO,Ant-v4,2
13194,reward,148,-30.470085105085335,-146.655,PPO,Ant-v4,2
13266,reward,149,-229.0448773680165,-164.445,PPO,Ant-v4,2
13303,reward,150,-159.70453844551798,-156.625,PPO,Ant-v4,2
14303,reward,151,-3163.9273394333513,-450.387,PPO,Ant-v4,2
14336,reward,152,-109.46302431170628,-427.817,PPO,Ant-v4,2
14355,reward,153,-55.985574646382325,-427.475,PPO,Ant-v4,2
14380,reward,154,-99.04384327731965,-427.361,PPO,Ant-v4,2
14423,reward,155,-129.94242488628927,-430.311,PPO,Ant-v4,2
14437,reward,156,-33.43397784063437,-421.224,PPO,Ant-v4,2
14476,reward,157,-132.39369028364104,-414.341,PPO,Ant-v4,2
14495,reward,158,-42.54697395667756,-415.549,PPO,Ant-v4,2
14531,reward,159,-140.51628754230057,-406.696,PPO,Ant-v4,2
14541,reward,160,-32.38392088482368,-393.964,PPO,Ant-v4,2
14565,reward,161,-74.0608916539785,-84.977,PPO,Ant-v4,2
14574,reward,162,-38.4592869134259,-77.877,PPO,Ant-v4,2
14636,reward,163,-180.88406136216912,-90.367,PPO,Ant-v4,2
14673,reward,164,-122.11579539387974,-92.674,PPO,Ant-v4,2
14756,reward,165,-240.20110474628245,-103.7,PPO,Ant-v4,2
14796,reward,166,-114.20887895350798,-111.777,PPO,Ant-v4,2
14811,reward,167,-38.65053210926716,-102.403,PPO,Ant-v4,2
14872,reward,168,-162.13608565453654,-114.362,PPO,Ant-v4,2
14908,reward,169,-129.73225373701845,-113.283,PPO,Ant-v4,2
14938,reward,170,-95.5204559952849,-119.597,PPO,Ant-v4,2
15005,reward,171,-234.82598953659004,-135.673,PPO,Ant-v4,2
15045,reward,172,-120.14579970778667,-143.842,PPO,Ant-v4,2
15161,reward,173,-358.1496128539026,-161.569,PPO,Ant-v4,2
15213,reward,174,-109.39792012444539,-160.297,PPO,Ant-v4,2
15264,reward,175,-118.21399108193941,-148.098,PPO,Ant-v4,2
15290,reward,176,-96.79979229509833,-146.357,PPO,Ant-v4,2
15324,reward,177,-135.60852039966585,-156.053,PPO,Ant-v4,2
15375,reward,178,-168.63963017456376,-156.703,PPO,Ant-v4,2
15385,reward,179,-34.77474492790281,-147.208,PPO,Ant-v4,2
15423,reward,180,-146.25283493261966,-152.281,PPO,Ant-v4,2
15505,reward,181,-319.52724398905076,-160.751,PPO,Ant-v4,2
15552,reward,182,-189.1481895531216,-167.651,PPO,Ant-v4,2
15663,reward,183,-341.483240728569,-165.985,PPO,Ant-v4,2
15676,reward,184,-27.86406553769608,-157.831,PPO,Ant-v4,2
15793,reward,185,-407.3176067928672,-186.742,PPO,Ant-v4,2
15834,reward,186,-111.71530213356284,-188.233,PPO,Ant-v4,2
15855,reward,187,-65.62861474337737,-181.235,PPO,Ant-v4,2
15885,reward,188,-107.03911920750598,-175.075,PPO,Ant-v4,2
15924,reward,189,-114.96732256614148,-183.094,PPO,Ant-v4,2
16010,reward,190,-283.35372258791193,-196.804,PPO,Ant-v4,2
16108,reward,191,-306.6264458033372,-195.514,PPO,Ant-v4,2
16141,reward,192,-78.16492565741736,-184.416,PPO,Ant-v4,2
16209,reward,193,-219.606052003759,-172.228,PPO,Ant-v4,2
16249,reward,194,-107.99698167465405,-180.242,PPO,Ant-v4,2
16322,reward,195,-240.59961253619934,-163.57,PPO,Ant-v4,2
16373,reward,196,-200.64622086400863,-172.463,PPO,Ant-v4,2
16384,loss,-0.08345797657966614,8.876604080200195,PPO,Ant-v4,2
16393,reward,197,-60.75182579600643,-171.975,PPO,Ant-v4,2
16425,reward,198,-106.76515793862092,-171.948,PPO,Ant-v4,2
16445,reward,199,-84.07871880381099,-168.859,PPO,Ant-v4,2
16456,reward,200,-26.843547959715202,-143.208,PPO,Ant-v4,2
17456,reward,201,-3243.3238262418063,-436.878,PPO,Ant-v4,2
17514,reward,202,-191.74395996437156,-448.236,PPO,Ant-v4,2
17526,reward,203,-46.47260656824664,-430.922,PPO,Ant-v4,2
17546,reward,204,-66.54056397914657,-426.777,PPO,Ant-v4,2
17566,reward,205,-46.00827044236713,-407.317,PPO,Ant-v4,2
17605,reward,206,-128.9730336485549,-400.15,PPO,Ant-v4,2
17637,reward,207,-101.4375122935737,-404.219,PPO,Ant-v4,2
18637,reward,208,-3110.932639264748,-704.635,PPO,Ant-v4,2
18660,reward,209,-120.27098179060378,-708.255,PPO,Ant-v4,2
18709,reward,210,-135.86402743880677,-719.157,PPO,Ant-v4,2
18762,reward,211,-197.57546863338752,-414.582,PPO,Ant-v4,2
18821,reward,212,-194.08079159630282,-414.816,PPO,Ant-v4,2
18854,reward,213,-108.11664390453512,-420.98,PPO,Ant-v4,2
18874,reward,214,-62.6101584304305,-420.587,PPO,Ant-v4,2
18987,reward,215,-342.3122952080653,-450.217,PPO,Ant-v4,2
19021,reward,216,-88.56244514595511,-446.176,PPO,Ant-v4,2
19040,reward,217,-62.45986931604056,-442.279,PPO,Ant-v4,2
19103,reward,218,-217.9996366335317,-152.985,PPO,Ant-v4,2
19191,reward,219,-319.8002093147464,-172.938,PPO,Ant-v4,2
19293,reward,220,-371.7485164934496,-196.527,PPO,Ant-v4,2
19347,reward,221,-143.91414839548136,-191.16,PPO,Ant-v4,2
19369,reward,222,-57.66627612127164,-177.519,PPO,Ant-v4,2
19492,reward,223,-360.3985290036121,-202.747,PPO,Ant-v4,2
19530,reward,224,-140.47801029532695,-210.534,PPO,Ant-v4,2
19545,reward,225,-50.340300858029444,-181.337,PPO,Ant-v4,2
19564,reward,226,-57.606838396293234,-178.241,PPO,Ant-v4,2
19611,reward,227,-140.1606345109901,-186.011,PPO,Ant-v4,2
19653,reward,228,-126.02645376459152,-176.814,PPO,Ant-v4,2
19667,reward,229,-40.06257161687938,-148.84,PPO,Ant-v4,2
19697,reward,230,-101.05633692975117,-121.771,PPO,Ant-v4,2
19773,reward,231,-217.339482691147,-129.114,PPO,Ant-v4,2
19917,reward,232,-373.533998101368,-160.7,PPO,Ant-v4,2
19934,reward,233,-63.73038887911555,-131.034,PPO,Ant-v4,2
19948,reward,234,-48.855553301144994,-121.871,PPO,Ant-v4,2
20000,speed,1591.67,0.2,PPO,Ant-v4,2
20014,reward,235,-227.9869850222991,-139.636,PPO,Ant-v4,2
20060,reward,236,-135.35311321249733,-147.411,PPO,Ant-v4,2
20107,reward,237,-153.3142707676571,-148.726,PPO,Ant-v4,2
20142,reward,238,-106.21940572312941,-146.745,PPO,Ant-v4,2
21142,reward,239,-3155.245374358985,-458.263,PPO,Ant-v4,2
22142,reward,240,-3225.245546894142,-770.682,PPO,Ant-v4,2
22243,reward,241,-360.3595616583804,-784.984,PPO,Ant-v4,2
22263,reward,242,-60.169991443534244,-753.648,PPO,Ant-v4,2
22289,reward,243,-57.357276783820716,-753.011,PPO,Ant-v4,2
23289,reward,244,-3117.0881361747797,-1059.834,PPO,Ant-v4,2
23310,reward,245,-75.29484113713671,-1044.565,PPO,Ant-v4,2
23330,reward,246,-92.3462291379539,-1040.264,PPO,Ant-v4,2
23402,reward,247,-212.00623406794568,-1046.133,PPO,Ant-v4,2
23428,reward,248,-99.15278402209748,-1045.427,PPO,Ant-v4,2
24428,reward,249,-3209.962869220927,-1050.898,PPO,Ant-v4,2
24548,reward,250,-354.58999887533804,-763.833,PPO,Ant-v4,2
24576,loss,-0.07287381589412689,6.354194641113281,PPO,Ant-v4,2
24613,reward,251,-213.9137699656277,-749.188,PPO,Ant-v4,2
24627,reward,252,-45.006422667660274,-747.672,PPO,Ant-v4,2
24691,reward,253,-198.67170184077042,-761.803,PPO,Ant-v4,2
24704,reward,254,-38.35937161870421,-453.93,PPO,Ant-v4,2
24727,reward,255,-62.25436810339687,-452.626,PPO,Ant-v4,2
24742,reward,256,-44.623987883303805,-447.854,PPO,Ant-v4,2
24762,reward,257,-73.84468208194824,-434.038,PPO,Ant-v4,2
24785,reward,258,-81.89619881332032,-432.312,PPO,Ant-v4,2
24832,reward,259,-166.26304902694602,-127.942,PPO,Ant-v4,2
24854,reward,260,-87.04230355305454,-101.188,PPO,Ant-v4,2
24925,reward,261,-269.53187037563293,-106.749,PPO,Ant-v4,2
24960,reward,262,-125.0208267139127,-114.751,PPO,Ant-v4,2
24978,reward,263,-65.52159141620102,-101.436,PPO,Ant-v4,2
25978,reward,264,-3229.471413604352,-420.547,PPO,Ant-v4,2
26004,reward,265,-73.74584368656201,-421.696,PPO,Ant-v4,2
26038,reward,266,-111.75788897092075,-428.41,PPO,Ant-v4,2
26140,reward,267,-319.7267830217136,-452.998,PPO,Ant-v4,2
26151,reward,268,-33.75560408225263,-448.184,PPO,Ant-v4,2
26172,reward,269,-60.690044386717204,-437.626,PPO,Ant-v4,2
26218,reward,270,-157.76407445918014,-444.699,PPO,Ant-v4,2
26244,reward,271,-87.13317660867168,-426.459,PPO,Ant-v4,2
26323,reward,272,-273.13567119584695,-441.27,PPO,Ant-v4,2
26370,reward,273,-171.22691430308114,-451.841,PPO,Ant-v4,2
26420,reward,274,-160.1500170591631,-144.909,PPO,Ant-v4,2
26487,reward,275,-218.67114924031162,-159.401,PPO,Ant-v4,2
26498,reward,276,-34.13161124859903,-151.639,PPO,Ant-v4,2
26512,reward,277,-37.977910497094264,-123.464,PPO,Ant-v4,2
26586,reward,278,-283.29619182989666,-148.418,PPO,Ant-v4,2
26723,reward,279,-433.53091279622174,-185.702,PPO,Ant-v4,2
26784,reward,280,-173.21021181859626,-187.246,PPO,Ant-v4,2
26851,reward,281,-212.3451657217387,-199.768,PPO,Ant-v4,2
26885,reward,282,-121.07804548484617,-184.562,PPO,Ant-v4,2
26950,reward,283,-210.7881554800838,-188.518,PPO,Ant-v4,2
26982,reward,284,-97.45150405711374,-182.248,PPO,Ant-v4,2
27112,reward,285,-445.7819995148403,-204.959,PPO,Ant-v4,2
27136,reward,286,-56.11423314402565,-207.157,PPO,Ant-v4,2
27158,reward,287,-74.26869941294679,-210.787,PPO,Ant-v4,2
27205,reward,288,-175.164384857296,-199.973,PPO,Ant-v4,2
27325,reward,289,-280.7032717487262,-184.691,PPO,Ant-v4,2
27436,reward,290,-380.99390744323995,-205.469,PPO,Ant-v4,2
27484,reward,291,-177.99822799773125,-202.034,PPO,Ant-v4,2
27502,reward,292,-52.66922174362779,-195.193,PPO,Ant-v4,2
27530,reward,293,-96.01043115745803,-183.716,PPO,Ant-v4,2
27649,reward,294,-401.9427710925656,-214.165,PPO,Ant-v4,2
27659,reward,295,-18.86518341990585,-171.473,PPO,Ant-v4,2
27684,reward,296,-64.18628381006371,-172.28,PPO,Ant-v4,2
27739,reward,297,-186.3265608488219,-183.486,PPO,Ant-v4,2
27759,reward,298,-65.00169630759099,-172.47,PPO,Ant-v4,2
27821,reward,299,-199.9901535781878,-164.398,PPO,Ant-v4,2
27834,reward,300,-45.98642503341155,-130.898,PPO,Ant-v4,2
27850,reward,301,-55.6391908397771,-118.662,PPO,Ant-v4,2
27949,reward,302,-331.53094303856756,-146.548,PPO,Ant-v4,2
27965,reward,303,-40.627964106051586,-141.01,PPO,Ant-v4,2
27979,reward,304,-31.918531494748656,-104.007,PPO,Ant-v4,2
28002,reward,305,-77.40175316587205,-109.861,PPO,Ant-v4,2
28021,reward,306,-75.90877598933164,-111.033,PPO,Ant-v4,2
28049,reward,307,-43.15811169764851,-96.716,PPO,Ant-v4,2
28115,reward,308,-218.94424878668866,-112.111,PPO,Ant-v4,2
28196,reward,309,-318.57020122300435,-123.969,PPO,Ant-v4,2
28218,reward,310,-63.41588152457349,-125.712,PPO,Ant-v4,2
28276,reward,311,-181.63073129510943,-138.311,PPO,Ant-v4,2
28329,reward,312,-144.19567082498378,-119.577,PPO,Ant-v4,2
28391,reward,313,-194.91215479519022,-135.006,PPO,Ant-v4,2
28430,reward,314,-126.65045960346049,-144.479,PPO,Ant-v4,2
28475,reward,315,-157.7618063604898,-152.515,PPO,Ant-v4,2
28490,reward,316,-44.514144926502375,-149.375,PPO,Ant-v4,2
28582,reward,317,-333.8602216544989,-178.446,PPO,Ant-v4,2
28593,reward,318,-32.82560237217647,-159.834,PPO,Ant-v4,2
28618,reward,319,-89.58335607167021,-136.935,PPO,Ant-v4,2
28653,reward,320,-146.83885423997046,-145.277,PPO,Ant-v4,2
28686,reward,321,-54.102587802536455,-132.524,PPO,Ant-v4,2
28723,reward,322,-141.8239518134104,-132.287,PPO,Ant-v4,2
28745,reward,323,-80.43531052677078,-120.84,PPO,Ant-v4,2
28763,reward,324,-50.42499830329474,-113.217,PPO,Ant-v4,2
28788,reward,325,-68.66873555938045,-104.308,PPO,Ant-v4,2
28826,reward,326,-125.14695416814986,-112.371,PPO,Ant-v4,2
28863,reward,327,-101.69932918479601,-89.155,PPO,Ant-v4,2
28894,reward,328,-136.03753462645042,-99.476,PPO,Ant-v4,2
28928,reward,329,-115.36839338980501,-102.055,PPO,Ant-v4,2
28938,reward,330,-24.66980636618199,-89.838,PPO,Ant-v4,2
28958,reward,331,-72.35476104947482,-91.663,PPO,Ant-v4,2
29016,reward,332,-178.87544080069472,-95.368,PPO,Ant-v4,2
30000,speed,1557.31,0.31,PPO,Ant-v4,2
30016,reward,333,-3188.139907642636,-406.139,PPO,Ant-v4,2
31016,reward,334,-3130.9779682929075,-714.194,PPO,Ant-v4,2
31068,reward,335,-161.95498443551918,-723.523,PPO,Ant-v4,2
31132,reward,336,-206.4784315137506,-731.656,PPO,Ant-v4,2
31176,reward,337,-120.63834840364056,-733.55,PPO,Ant-v4,2
31189,reward,338,-54.025927393696776,-725.348,PPO,Ant-v4,2
31206,reward,339,-60.192048132667175,-719.831,PPO,Ant-v4,2
31257,reward,340,-170.1020832317375,-734.374,PPO,Ant-v4,2
31337,reward,341,-322.30624118823096,-759.369,PPO,Ant-v4,2
31350,reward,342,-62.982878467660036,-747.78,PPO,Ant-v4,2
31369,reward,343,-64.70104874553674,-435.436,PPO,Ant-v4,2
31383,reward,344,-47.21604423384846,-127.06,PPO,Ant-v4,2
31412,reward,345,-111.32113826667687,-121.996,PPO,Ant-v4,2
31462,reward,346,-193.5489974763855,-120.703,PPO,Ant-v4,2
31501,reward,347,-165.3137143988097,-125.171,PPO,Ant-v4,2
31558,reward,348,-161.0503698799766,-135.873,PPO,Ant-v4,2
31695,reward,349,-457.5503428145367,-175.609,PPO,Ant-v4,2
31709,reward,350,-31.699343600729122,-161.769,PPO,Ant-v4,2
31723,reward,351,-42.21176985894796,-133.76,PPO,Ant-v4,2
31762,reward,352,-145.24828291701806,-141.986,PPO,Ant-v4,2
31776,reward,353,-33.55003595305572,-138.871,PPO,Ant-v4,2
31804,reward,354,-87.8310947541218,-142.933,PPO,Ant-v4,2
31816,reward,355,-31.299233043036907,-134.93,PPO,Ant-v4,2
31823,reward,356,-36.3102278444706,-119.206,PPO,Ant-v4,2
31874,reward,357,-147.8066478630901,-117.456,PPO,Ant-v4,2
31923,reward,358,-133.79191929806453,-114.73,PPO,Ant-v4,2
32007,reward,359,-308.28576158749667,-99.803,PPO,Ant-v4,2
32617,reward,360,-2033.6250970903882,-299.996,PPO,Ant-v4,2
32647,reward,361,-126.07790899477726,-308.383,PPO,Ant-v4,2
32741,reward,362,-282.8159024881566,-322.139,PPO,Ant-v4,2
32768,loss,-0.0772898718714714,7.6996612548828125,PPO,Ant-v4,2
32804,reward,363,-238.23656482992288,-342.608,PPO,Ant-v4,2
32836,reward,364,-93.02070906885277,-343.127,PPO,Ant-v4,2
32865,reward,365,-90.40701656170083,-349.038,PPO,Ant-v4,2
33865,reward,366,-3184.7086482548507,-663.878,PPO,Ant-v4,2
33883,reward,367,-69.97021813456902,-656.094,PPO,Ant-v4,2
33912,reward,368,-118.61981895313059,-654.577,PPO,Ant-v4,2
33928,reward,369,-65.1084618230564,-630.259,PPO,Ant-v4,2
34001,reward,370,-190.05432151300062,-445.902,PPO,Ant-v4,2
34018,reward,371,-30.974450350707563,-436.392,PPO,Ant-v4,2
34045,reward,372,-82.43993416407457,-416.354,PPO,Ant-v4,2
34076,reward,373,-130.36784481012188,-405.567,PPO,Ant-v4,2
34095,reward,374,-57.63506215605647,-402.029,PPO,Ant-v4,2
34123,reward,375,-82.23211394338567,-401.211,PPO,Ant-v4,2
35123,reward,376,-3345.242819561174,-417.265,PPO,Ant-v4,2
35167,reward,377,-110.92051943527352,-421.36,PPO,Ant-v4,2
35212,reward,378,-124.93122197484216,-421.991,PPO,Ant-v4,2
35230,reward,379,-68.93918592188376,-422.374,PPO,Ant-v4,2
35252,reward,380,-80.87340253362147,-411.456,PPO,Ant-v4,2
35290,reward,381,-96.3673416628171,-417.995,PPO,Ant-v4,2
35307,reward,382,-58.00715988939359,-415.552,PPO,Ant-v4,2
35330,reward,383,-67.12351385161594,-409.227,PPO,Ant-v4,2
35349,reward,384,-66.78246759876248,-410.142,PPO,Ant-v4,2
35416,reward,385,-206.47368921691202,-422.566,PPO,Ant-v4,2
35458,reward,386,-178.9885878204434,-105.941,PPO,Ant-v4,2
35518,reward,387,-208.48991034115886,-115.698,PPO,Ant-v4,2
35552,reward,388,-99.07989551018103,-113.113,PPO,Ant-v4,2
35592,reward,389,-139.9476873160644,-120.213,PPO,Ant-v4,2
35610,reward,390,-75.09848660056275,-119.636,PPO,Ant-v4,2
35666,reward,391,-170.39972868036648,-127.039,PPO,Ant-v4,2
35741,reward,392,-276.01405243355845,-148.84,PPO,Ant-v4,2
35759,reward,393,-51.12107958527754,-147.24,PPO,Ant-v4,2
35843,reward,394,-291.99480279806727,-169.761,PPO,Ant-v4,2
35854,reward,395,-48.66874341137558,-153.98,PPO,Ant-v4,2
35901,reward,396,-138.49158764459713,-149.931,PPO,Ant-v4,2
35925,reward,397,-71.74869746131195,-136.256,PPO,Ant-v4,2
35969,reward,398,-162.53285203948818,-142.602,PPO,Ant-v4,2
35980,reward,399,-29.4578589146672,-131.553,PPO,Ant-v4,2
36000,reward,400,-57.911937278821036,-129.834,PPO,Ant-v4,2
36129,reward,401,-472.09491650052655,-160.004,PPO,Ant-v4,2
36142,reward,402,-65.0314855080388,-138.905,PPO,Ant-v4,2
36164,reward,403,-112.23830753050744,-145.017,PPO,Ant-v4,2
36215,reward,404,-198.5958449451898,-135.677,PPO,Ant-v4,2
36320,reward,405,-330.30605865768274,-163.841,PPO,Ant-v4,2
36340,reward,406,-71.43451361307409,-157.135,PPO,Ant-v4,2
37340,reward,407,-3309.2421371238447,-480.885,PPO,Ant-v4,2
37374,reward,408,-144.52084438811625,-479.083,PPO,Ant-v4,2
37404,reward,409,-89.06997610341166,-485.045,PPO,Ant-v4,2
37467,reward,410,-101.90281731621943,-489.444,PPO,Ant-v4,2
37528,reward,411,-202.96045953340385,-462.53,PPO,Ant-v4,2
37599,reward,412,-241.88380927508362,-480.215,PPO,Ant-v4,2
37622,reward,413,-113.21471328406608,-480.313,PPO,Ant-v4,2
37698,reward,414,-242.94706710166218,-484.748,PPO,Ant-v4,2
37717,reward,415,-49.09366622704019,-456.627,PPO,Ant-v4,2
37740,reward,416,-83.53120469915879,-457.837,PPO,Ant-v4,2
37767,reward,417,-82.38431383424721,-135.151,PPO,Ant-v4,2
37778,reward,418,-21.22012485752635,-122.821,PPO,Ant-v4,2
37832,reward,419,-219.76408321247476,-135.89,PPO,Ant-v4,2
37923,reward,420,-324.148754139889,-158.115,PPO,Ant-v4,2
37941,reward,421,-69.6932886324001,-144.788,PPO,Ant-v4,2
38008,reward,422,-212.8141384648363,-141.881,PPO,Ant-v4,2
38040,reward,423,-135.250221802297,-144.085,PPO,Ant-v4,2
38047,reward,424,-41.56298077439334,-123.946,PPO,Ant-v4,2
38067,reward,425,-65.29700732490036,-125.567,PPO,Ant-v4,2
38145,reward,426,-249.89301956388505,-142.203,PPO,Ant-v4,2
38160,reward,427,-48.138342692471916,-138.778,PPO,Ant-v4,2
38340,reward,428,-631.4655903609244,-199.803,PPO,Ant-v4,2
38395,reward,429,-151.1519662972566,-192.942,PPO,Ant-v4,2
38431,reward,430,-118.93154542921239,-172.42,PPO,Ant-v4,2
38457,reward,431,-88.04817099677551,-174.255,PPO,Ant-v4,2
38471,reward,432,-43.18746979230554,-157.293,PPO,Ant-v4,2
38485,reward,433,-38.14521036225805,-147.582,PPO,Ant-v4,2
38514,reward,434,-77.92179509357823,-151.218,PPO,Ant-v4,2
38535,reward,435,-86.35596853819752,-153.324,PPO,Ant-v4,2
38548,reward,436,-32.85469207240592,-131.62,PPO,Ant-v4,2
38583,reward,437,-111.44723728975967,-137.951,PPO,Ant-v4,2
38592,reward,438,-29.91971780923238,-77.796,PPO,Ant-v4,2
38607,reward,439,-53.02594551216366,-67.984,PPO,Ant-v4,2
38622,reward,440,-38.85569233592895,-59.976,PPO,Ant-v4,2
38691,reward,441,-199.58683915445215,-71.13,PPO,Ant-v4,2
38712,reward,442,-69.37915465274249,-73.749,PPO,Ant-v4,2
39712,reward,443,-3227.1534855319155,-392.65,PPO,Ant-v4,2
39766,reward,444,-165.36901597468096,-401.395,PPO,Ant-v4,2
39843,reward,445,-270.6081834650852,-419.82,PPO,Ant-v4,2
39877,reward,446,-109.35369536259424,-427.47,PPO,Ant-v4,2
39905,reward,447,-85.14735350134234,-424.84,PPO,Ant-v4,2
39957,reward,448,-166.96092107562058,-438.544,PPO,Ant-v4,2
39975,reward,449,-91.79970136133711,-442.421,PPO,Ant-v4,2
40000,speed,1554.0,0.41,PPO,Ant-v4,2
40019,reward,450,-152.96250351425545,-453.832,PPO,Ant-v4,2
40031,reward,451,-27.08213550375662,-436.582,PPO,Ant-v4,2
40040,reward,452,-42.21438399577522,-433.865,PPO,Ant-v4,2
40160,reward,453,-420.2151648613193,-153.171,PPO,Ant-v4,2
40220,reward,454,-173.24888795957543,-153.959,PPO,Ant-v4,2
40259,reward,455,-136.46850583233436,-140.545,PPO,Ant-v4,2
40319,reward,456,-209.98351471306322,-150.608,PPO,Ant-v4,2
40369,reward,457,-158.98799112133827,-157.992,PPO,Ant-v4,2
40426,reward,458,-163.9883050120248,-157.695,PPO,Ant-v4,2
40503,reward,459,-247.5163141263626,-173.267,PPO,Ant-v4,2
40526,reward,460,-72.17475667543316,-165.188,PPO,Ant-v4,2
40641,reward,461,-334.1439107192524,-195.894,PPO,Ant-v4,2
40960,loss,-0.07873699069023132,8.1486234664917,PPO,Ant-v4,2
41641,reward,462,-3243.905407536715,-516.063,PPO,Ant-v4,2
41654,reward,463,-25.534698886756466,-476.595,PPO,Ant-v4,2
41677,reward,464,-93.05874507684749,-468.576,PPO,Ant-v4,2
41689,reward,465,-12.569632766411345,-456.186,PPO,Ant-v4,2
41725,reward,466,-137.80877866629268,-448.969,PPO,Ant-v4,2
41797,reward,467,-239.90498351137455,-457.061,PPO,Ant-v4,2
42797,reward,468,-3273.522628219825,-768.014,PPO,Ant-v4,2
42822,reward,469,-118.09577695775471,-755.072,PPO,Ant-v4,2
42872,reward,470,-166.26012794396527,-764.48,PPO,Ant-v4,2
42894,reward,471,-79.71489525227433,-739.038,PPO,Ant-v4,2
42964,reward,472,-214.719395851477,-436.119,PPO,Ant-v4,2
43964,reward,473,-3304.732656699462,-764.039,PPO,Ant-v4,2
44032,reward,474,-225.45643447505697,-777.279,PPO,Ant-v4,2
44096,reward,475,-183.01687805255781,-794.323,PPO,Ant-v4,2
44148,reward,476,-164.05153996642557,-796.948,PPO,Ant-v4,2
44165,reward,477,-50.005217569429256,-777.958,PPO,Ant-v4,2
44213,reward,478,-198.24349333427537,-470.43,PPO,Ant-v4,2
44228,reward,479,-47.26053008184642,-463.346,PPO,Ant-v4,2
44288,reward,480,-190.1001142472038,-465.73,PPO,Ant-v4,2
44309,reward,481,-65.21342249635161,-464.28,PPO,Ant-v4,2
44338,reward,482,-85.80822208376034,-451.389,PPO,Ant-v4,2
45338,reward,483,-3386.4233323283424,-459.558,PPO,Ant-v4,2
45375,reward,484,-101.65111463418503,-447.177,PPO,Ant-v4,2
46375,reward,485,-3343.520968762829,-763.228,PPO,Ant-v4,2
46463,reward,486,-350.7139079491726,-781.894,PPO,Ant-v4,2
46510,reward,487,-177.49836113295333,-794.643,PPO,Ant-v4,2
46550,reward,488,-87.4572169764162,-783.565,PPO,Ant-v4,2
46572,reward,489,-68.86311651442143,-785.725,PPO,Ant-v4,2
46591,reward,490,-70.56155040087152,-773.771,PPO,Ant-v4,2
47591,reward,491,-3403.128504634248,-1107.563,PPO,Ant-v4,2
47606,reward,492,-57.15623969189362,-1104.697,PPO,Ant-v4,2
47625,reward,493,-41.991046646239155,-770.254,PPO,Ant-v4,2
47642,reward,494,-63.68198370029903,-766.457,PPO,Ant-v4,2
47674,reward,495,-96.67428323583957,-441.773,PPO,Ant-v4,2
47701,reward,496,-83.80828227160949,-415.082,PPO,Ant-v4,2
47724,reward,497,-69.37674800735837,-404.27,PPO,Ant-v4,2
47737,reward,498,-54.7486337274669,-400.999,PPO,Ant-v4,2
47786,reward,499,-143.39821527560312,-408.453,PPO,Ant-v4,2
47829,reward,500,-148.0172177629106,-416.198,PPO,Ant-v4,2
47863,reward,501,-114.87774869436583,-87.373,PPO,Ant-v4,2
47899,reward,502,-142.52997798873,-95.91,PPO,Ant-v4,2
47931,reward,503,-110.31962289685072,-102.743,PPO,Ant-v4,2
47989,reward,504,-230.9201787659771,-119.467,PPO,Ant-v4,2
48037,reward,505,-155.2081734770612,-125.32,PPO,Ant-v4,2
48054,reward,506,-32.425859066926236,-120.182,PPO,Ant-v4,2
48116,reward,507,-246.41230350771073,-137.886,PPO,Ant-v4,2
48154,reward,508,-105.81046760376364,-142.992,PPO,Ant-v4,2
48214,reward,509,-163.98418606272114,-145.051,PPO,Ant-v4,2
48225,reward,510,-35.20374081966447,-133.769,PPO,Ant-v4,2
48255,reward,511,-131.6085670196152,-135.442,PPO,Ant-v4,2
48332,reward,512,-293.72063380274074,-150.561,PPO,Ant-v4,2
48391,reward,513,-193.8730416543305,-158.917,PPO,Ant-v4,2
48411,reward,514,-56.717710188669386,-141.496,PPO,Ant-v4,2
49152,loss,-0.06604974716901779,7.925139904022217,PPO,Ant-v4,2
49411,reward,515,-3169.319515139187,-442.908,PPO,Ant-v4,2
49423,reward,516,-28.234919082009466,-442.489,PPO,Ant-v4,2
49533,reward,517,-422.59793301311316,-460.107,PPO,Ant-v4,2
49560,reward,518,-105.2002933392175,-460.046,PPO,Ant-v4,2
49604,reward,519,-161.89300905099046,-459.837,PPO,Ant-v4,2
49619,reward,520,-53.05402554429893,-461.622,PPO,Ant-v4,2
49631,reward,521,-60.47486448643315,-454.509,PPO,Ant-v4,2
49672,reward,522,-99.91528616014736,-435.128,PPO,Ant-v4,2
49769,reward,523,-270.55931376432613,-442.797,PPO,Ant-v4,2
49789,reward,524,-66.93639144922066,-443.819,PPO,Ant-v4,2
49806,reward,525,-54.30348637785133,-132.317,PPO,Ant-v4,2
49957,reward,526,-505.25894181683117,-180.019,PPO,Ant-v4,2
49986,reward,527,-92.14697271363171,-146.974,PPO,Ant-v4,2
50000,speed,1378.19,0.53,PPO,Ant-v4,2
50015,reward,528,-99.4126502723428,-146.395,PPO,Ant-v4,2
50038,reward,529,-71.39985214127762,-137.346,PPO,Ant-v4,2
50061,reward,530,-114.5797509005579,-143.499,PPO,Ant-v4,2
50152,reward,531,-256.00965357175403,-163.052,PPO,Ant-v4,2
50175,reward,532,-76.0818504269606,-160.669,PPO,Ant-v4,2
50215,reward,533,-126.14755584483004,-146.228,PPO,Ant-v4,2
50237,reward,534,-60.32484098314746,-145.567,PPO,Ant-v4,2
50272,reward,535,-153.530903828628,-155.489,PPO,Ant-v4,2
50285,reward,536,-44.04885574463907,-109.368,PPO,Ant-v4,2
50332,reward,537,-180.10065175793395,-118.164,PPO,Ant-v4,2
50351,reward,538,-100.55461762088922,-118.278,PPO,Ant-v4,2
50460,reward,539,-342.55905600023004,-145.394,PPO,Ant-v4,2
50492,reward,540,-102.16105416835946,-144.152,PPO,Ant-v4,2
50518,reward,541,-108.62502585055205,-129.413,PPO,Ant-v4,2
50594,reward,542,-205.85806424716796,-142.391,PPO,Ant-v4,2
50617,reward,543,-88.82783379655035,-138.659,PPO,Ant-v4,2
50727,reward,544,-295.43130598925734,-162.17,PPO,Ant-v4,2
50786,reward,545,-222.73123547527976,-169.09,PPO,Ant-v4,2
50801,reward,546,-35.01155829242554,-168.186,PPO,Ant-v4,2
50827,reward,547,-101.23171643378589,-160.299,PPO,Ant-v4,2
50886,reward,548,-237.70991819612408,-174.015,PPO,Ant-v4,2
50898,reward,549,-51.00037921161185,-144.859,PPO,Ant-v4,2
50935,reward,550,-101.80641869113101,-144.823,PPO,Ant-v4,2
50958,reward,551,-97.34477548320572,-143.695,PPO,Ant-v4,2
50974,reward,552,-44.32478723524014,-127.542,PPO,Ant-v4,2
50994,reward,553,-58.67721647032626,-124.527,PPO,Ant-v4,2
51119,reward,554,-456.650760867958,-140.649,PPO,Ant-v4,2
51166,reward,555,-162.62810979510152,-134.639,PPO,Ant-v4,2
51208,reward,556,-135.53387167953346,-144.691,PPO,Ant-v4,2
51285,reward,557,-302.2690710945557,-164.795,PPO,Ant-v4,2
51412,reward,558,-388.460664259215,-179.87,PPO,Ant-v4,2
51467,reward,559,-145.56582607183233,-189.326,PPO,Ant-v4,2
51561,reward,560,-311.4235919885981,-210.288,PPO,Ant-v4,2
51613,reward,561,-133.50611157964542,-213.904,PPO,Ant-v4,2
51642,reward,562,-124.91035419940586,-221.963,PPO,Ant-v4,2
51671,reward,563,-113.67881054370973,-227.463,PPO,Ant-v4,2
51697,reward,564,-82.58975365185594,-190.057,PPO,Ant-v4,2
51714,reward,565,-43.718352705582014,-178.166,PPO,Ant-v4,2
51815,reward,566,-317.71483884318724,-196.384,PPO,Ant-v4,2
51876,reward,567,-158.2461616115486,-181.981,PPO,Ant-v4,2
51899,reward,568,-74.04520533113558,-150.54,PPO,Ant-v4,2
51941,reward,569,-143.86697577078257,-150.37,PPO,Ant-v4,2
51996,reward,570,-193.2589479472557,-138.554,PPO,Ant-v4,2
52051,reward,571,-195.76162726881861,-144.779,PPO,Ant-v4,2
52065,reward,572,-52.50457186364147,-137.539,PPO,Ant-v4,2
52082,reward,573,-57.367706950696956,-131.907,PPO,Ant-v4,2
52177,reward,574,-381.94444256012537,-161.843,PPO,Ant-v4,2
52212,reward,575,-126.28258871060005,-170.099,PPO,Ant-v4,2
52256,reward,576,-87.65521473952177,-147.093,PPO,Ant-v4,2
52365,reward,577,-446.79946045060063,-175.949,PPO,Ant-v4,2
52410,reward,578,-144.72348316715642,-183.017,PPO,Ant-v4,2
52437,reward,579,-95.16315340465394,-178.146,PPO,Ant-v4,2
52478,reward,580,-129.54541826502935,-171.775,PPO,Ant-v4,2
52490,reward,581,-48.63982014612935,-157.063,PPO,Ant-v4,2
52526,reward,582,-102.70354878220746,-162.082,PPO,Ant-v4,2
52616,reward,583,-308.37444729966535,-187.183,PPO,Ant-v4,2
52633,reward,584,-77.60351256533099,-156.749,PPO,Ant-v4,2
52654,reward,585,-52.2323975760836,-149.344,PPO,Ant-v4,2
52679,reward,586,-73.72715999652763,-147.951,PPO,Ant-v4,2
52689,reward,587,-45.62171901090247,-107.833,PPO,Ant-v4,2
53689,reward,588,-3332.0716853160548,-426.568,PPO,Ant-v4,2
53708,reward,589,-80.6397619164523,-425.116,PPO,Ant-v4,2
53735,reward,590,-135.65391065629362,-425.727,PPO,Ant-v4,2
53751,reward,591,-43.366184223733796,-425.199,PPO,Ant-v4,2
53817,reward,592,-136.83917409593576,-428.613,PPO,Ant-v4,2
53874,reward,593,-198.08612378397305,-417.584,PPO,Ant-v4,2
53894,reward,594,-66.16922489181985,-416.441,PPO,Ant-v4,2
53923,reward,595,-80.58516503316221,-419.276,PPO,Ant-v4,2
53958,reward,596,-141.7618931080854,-426.079,PPO,Ant-v4,2
53995,reward,597,-120.60694410622871,-433.578,PPO,Ant-v4,2
54103,reward,598,-359.36220006522484,-136.307,PPO,Ant-v4,2
54157,reward,599,-162.98568884248357,-144.542,PPO,Ant-v4,2
55157,reward,600,-3345.2996791986325,-465.506,PPO,Ant-v4,2
55203,reward,601,-144.98100512678528,-475.668,PPO,Ant-v4,2
55243,reward,602,-137.19834134816838,-475.704,PPO,Ant-v4,2
55306,reward,603,-199.622424786336,-475.857,PPO,Ant-v4,2
55360,reward,604,-172.6093318277596,-486.501,PPO,Ant-v4,2
56360,reward,605,-3468.520302383147,-825.295,PPO,Ant-v4,2
56392,reward,606,-99.79986428062534,-821.099,PPO,Ant-v4,2
56478,reward,607,-287.04305759254635,-837.742,PPO,Ant-v4,2
56510,reward,608,-89.01411443595013,-810.707,PPO,Ant-v4,2
56547,reward,609,-141.78778722701128,-808.588,PPO,Ant-v4,2
56588,reward,610,-187.01665313232465,-492.759,PPO,Ant-v4,2
56633,reward,611,-179.3882800785072,-496.2,PPO,Ant-v4,2
56676,reward,612,-142.1579615068073,-496.696,PPO,Ant-v4,2
56718,reward,613,-146.62948601068965,-491.397,PPO,Ant-v4,2
56740,reward,614,-76.68503472248943,-481.804,PPO,Ant-v4,2
56770,reward,615,-68.78268770355963,-141.83,PPO,Ant-v4,2
56895,reward,616,-351.3202391658099,-166.983,PPO,Ant-v4,2
56917,reward,617,-85.31696846741549,-146.81,PPO,Ant-v4,2
56940,reward,618,-59.49653137522784,-143.858,PPO,Ant-v4,2
57019,reward,619,-219.7296471390728,-151.652,PPO,Ant-v4,2
57140,reward,620,-423.82126744666635,-175.333,PPO,Ant-v4,2
57157,reward,621,-57.730650328877005,-163.167,PPO,Ant-v4,2
57194,reward,622,-132.1750795321061,-162.169,PPO,Ant-v4,2
57215,reward,623,-50.37232228272816,-152.543,PPO,Ant-v4,2
57319,reward,624,-366.2691897570505,-181.501,PPO,Ant-v4,2
57344,loss,-0.05807390809059143,9.511801719665527,PPO,Ant-v4,2
57354,reward,625,-121.6643051082705,-186.79,PPO,Ant-v4,2
57444,reward,626,-344.1305374948976,-186.071,PPO,Ant-v4,2
57465,reward,627,-64.46997249699533,-183.986,PPO,Ant-v4,2
57479,reward,628,-35.18651826588109,-181.555,PPO,Ant-v4,2
57599,reward,629,-414.1798405259731,-201.0,PPO,Ant-v4,2
57624,reward,630,-91.9166575963583,-167.81,PPO,Ant-v4,2
57644,reward,631,-67.18920092764886,-168.755,PPO,Ant-v4,2
57690,reward,632,-180.91489560013173,-173.629,PPO,Ant-v4,2
57725,reward,633,-77.50294666537148,-176.342,PPO,Ant-v4,2
57754,reward,634,-76.95266704130349,-147.411,PPO,Ant-v4,2
57905,reward,635,-513.8723700986543,-186.632,PPO,Ant-v4,2
57924,reward,636,-61.65536277886441,-158.384,PPO,Ant-v4,2
57961,reward,637,-107.94439199575314,-162.731,PPO,Ant-v4,2
58003,reward,638,-154.00705852573708,-174.614,PPO,Ant-v4,2
58038,reward,639,-84.41560781839482,-141.637,PPO,Ant-v4,2
58137,reward,640,-325.8008639218311,-165.026,PPO,Ant-v4,2
58163,reward,641,-89.63857663486614,-167.27,PPO,Ant-v4,2
58260,reward,642,-341.23943432565414,-183.303,PPO,Ant-v4,2
58309,reward,643,-191.5637880286643,-194.709,PPO,Ant-v4,2
59309,reward,644,-3459.5768527351593,-532.971,PPO,Ant-v4,2
59339,reward,645,-124.39270677967563,-494.023,PPO,Ant-v4,2
59401,reward,646,-152.45930654627773,-503.104,PPO,Ant-v4,2
59415,reward,647,-44.91960994091789,-496.801,PPO,Ant-v4,2
59441,reward,648,-79.3933254173374,-489.34,PPO,Ant-v4,2
59452,reward,649,-48.38089872337474,-485.737,PPO,Ant-v4,2
59491,reward,650,-101.36986485264535,-463.293,PPO,Ant-v4,2
59516,reward,651,-84.32279472480847,-462.762,PPO,Ant-v4,2
59552,reward,652,-127.27904622709332,-441.366,PPO,Ant-v4,2
59595,reward,653,-138.61512698464423,-436.071,PPO,Ant-v4,2
59636,reward,654,-120.25311231803832,-102.139,PPO,Ant-v4,2
59664,reward,655,-110.26200390254064,-100.726,PPO,Ant-v4,2
59681,reward,656,-26.003461968038845,-88.08,PPO,Ant-v4,2
59705,reward,657,-80.05019962836721,-91.593,PPO,Ant-v4,2
59777,reward,658,-284.1135300520465,-112.065,PPO,Ant-v4,2
59832,reward,659,-162.45302242918228,-123.472,PPO,Ant-v4,2
59860,reward,660,-77.70695004592966,-121.106,PPO,Ant-v4,2
59874,reward,661,-36.62643442890966,-116.336,PPO,Ant-v4,2
59903,reward,662,-109.98662474383805,-114.607,PPO,Ant-v4,2
59989,reward,663,-220.63285838156122,-122.809,PPO,Ant-v4,2
60000,speed,1286.7,0.66,PPO,Ant-v4,2
60060,reward,664,-234.91294272024624,-134.275,PPO,Ant-v4,2
60117,reward,665,-179.18184971786687,-141.167,PPO,Ant-v4,2
60138,reward,666,-70.7361464975166,-145.64,PPO,Ant-v4,2
60155,reward,667,-66.94184433958429,-144.329,PPO,Ant-v4,2
60174,reward,668,-77.13033358176504,-123.631,PPO,Ant-v4,2
60194,reward,669,-87.39524986040557,-116.125,PPO,Ant-v4,2
60219,reward,670,-94.51856359702548,-117.806,PPO,Ant-v4,2
60242,reward,671,-87.897998906751,-122.933,PPO,Ant-v4,2
60277,reward,672,-128.4639061716841,-124.781,PPO,Ant-v4,2
60354,reward,673,-212.96886486276588,-124.015,PPO,Ant-v4,2
60379,reward,674,-72.06829557181139,-107.73,PPO,Ant-v4,2
60414,reward,675,-127.14765659722116,-102.527,PPO,Ant-v4,2
60427,reward,676,-52.123537371778845,-100.666,PPO,Ant-v4,2
60457,reward,677,-88.89094318901391,-102.861,PPO,Ant-v4,2
60467,reward,678,-34.96329998370286,-98.644,PPO,Ant-v4,2
60504,reward,679,-74.44504197981594,-97.349,PPO,Ant-v4,2
60535,reward,680,-76.26714264574973,-95.524,PPO,Ant-v4,2
60573,reward,681,-95.23411382285077,-96.257,PPO,Ant-v4,2
60604,reward,682,-113.46530313725098,-94.757,PPO,Ant-v4,2
60650,reward,683,-153.9850061452656,-88.859,PPO,Ant-v4,2
60671,reward,684,-64.82190856980556,-88.134,PPO,Ant-v4,2
60815,reward,685,-577.3268745638204,-133.152,PPO,Ant-v4,2
60850,reward,686,-160.53930443261638,-143.994,PPO,Ant-v4,2
60900,reward,687,-183.3276283157055,-153.438,PPO,Ant-v4,2
60913,reward,688,-31.74701021543089,-153.116,PPO,Ant-v4,2
60973,reward,689,-170.53052559522058,-162.724,PPO,Ant-v4,2
61001,reward,690,-88.23095400228326,-163.921,PPO,Ant-v4,2
61036,reward,691,-167.07261646175493,-171.105,PPO,Ant-v4,2
61067,reward,692,-131.4139391445227,-172.9,PPO,Ant-v4,2
61105,reward,693,-84.56835601599066,-165.958,PPO,Ant-v4,2
61140,reward,694,-123.41512419965444,-171.817,PPO,Ant-v4,2
61151,reward,695,-48.51235035035307,-118.936,PPO,Ant-v4,2
61174,reward,696,-75.4780443548451,-110.43,PPO,Ant-v4,2
61223,reward,697,-183.48243959443897,-110.445,PPO,Ant-v4,2
61295,reward,698,-234.62172176252326,-130.733,PPO,Ant-v4,2
61313,reward,699,-77.04635631616068,-121.384,PPO,Ant-v4,2
61325,reward,700,-43.05163219995314,-116.866,PPO,Ant-v4,2
61358,reward,701,-102.86154576432952,-110.445,PPO,Ant-v4,2
61383,reward,702,-74.68459555381273,-104.772,PPO,Ant-v4,2
61421,reward,703,-117.84720225466593,-108.1,PPO,Ant-v4,2
61440,reward,704,-88.15408612200238,-104.574,PPO,Ant-v4,2
61509,reward,705,-267.9650523285176,-126.519,PPO,Ant-v4,2
61531,reward,706,-83.67999937103167,-127.339,PPO,Ant-v4,2
61577,reward,707,-126.04546999173142,-121.596,PPO,Ant-v4,2
61623,reward,708,-141.76038154515322,-112.31,PPO,Ant-v4,2
61708,reward,709,-214.01478680773295,-126.006,PPO,Ant-v4,2
62708,reward,710,-3534.300084578516,-475.131,PPO,Ant-v4,2
62737,reward,711,-107.7380561708246,-475.619,PPO,Ant-v4,2
62775,reward,712,-110.58610993566026,-479.209,PPO,Ant-v4,2
62847,reward,713,-249.87986341259264,-492.412,PPO,Ant-v4,2
62912,reward,714,-247.87917386008303,-508.385,PPO,Ant-v4,2
62941,reward,715,-111.42683725425199,-492.731,PPO,Ant-v4,2
63941,reward,716,-3366.994374525471,-821.063,PPO,Ant-v4,2
64011,reward,717,-197.98446120955342,-828.256,PPO,Ant-v4,2
64061,reward,718,-194.49379343976003,-833.53,PPO,Ant-v4,2
64096,reward,719,-105.37635598677433,-822.666,PPO,Ant-v4,2
64138,reward,720,-150.51676844305703,-484.288,PPO,Ant-v4,2
64166,reward,721,-87.8839795622007,-482.302,PPO,Ant-v4,2
64190,reward,722,-79.77008027517684,-479.221,PPO,Ant-v4,2
64244,reward,723,-201.10283184003254,-474.343,PPO,Ant-v4,2
64259,reward,724,-43.127422526759915,-453.868,PPO,Ant-v4,2
65259,reward,725,-3376.4017656133155,-780.365,PPO,Ant-v4,2
65273,reward,726,-45.56819723780636,-448.223,PPO,Ant-v4,2
65296,reward,727,-77.61643697881617,-436.186,PPO,Ant-v4,2
65385,reward,728,-306.35942623441974,-447.372,PPO,Ant-v4,2
65408,reward,729,-93.22461026034344,-446.157,PPO,Ant-v4,2
65466,reward,730,-211.0513077836103,-452.211,PPO,Ant-v4,2
65536,loss,-0.07321138679981232,11.322210311889648,PPO,Ant-v4,2
65559,reward,731,-375.5643213384912,-480.979,PPO,Ant-v4,2
65580,reward,732,-64.54789219494452,-479.456,PPO,Ant-v4,2
65613,reward,733,-127.90682966475218,-472.137,PPO,Ant-v4,2
65700,reward,734,-354.62074401237396,-503.286,PPO,Ant-v4,2
65722,reward,735,-83.22509682044611,-173.968,PPO,Ant-v4,2
65805,reward,736,-295.99515131654135,-199.011,PPO,Ant-v4,2
65824,reward,737,-78.00065086635965,-199.05,PPO,Ant-v4,2
65849,reward,738,-65.51577245915223,-174.965,PPO,Ant-v4,2
65868,reward,739,-54.68900248069138,-171.112,PPO,Ant-v4,2
65886,reward,740,-71.22809088270685,-157.129,PPO,Ant-v4,2
65965,reward,741,-208.35272312031668,-140.408,PPO,Ant-v4,2
65975,reward,742,-25.73719340775606,-136.527,PPO,Ant-v4,2
66008,reward,743,-141.96147700589023,-137.933,PPO,Ant-v4,2
66038,reward,744,-95.77187676016716,-112.048,PPO,Ant-v4,2
67038,reward,745,-3565.951133632907,-460.32,PPO,Ant-v4,2
67053,reward,746,-42.932350463148175,-435.014,PPO,Ant-v4,2
67123,reward,747,-293.8013021918635,-456.594,PPO,Ant-v4,2
67162,reward,748,-138.17588766496368,-463.86,PPO,Ant-v4,2
67198,reward,749,-115.16095439079284,-469.907,PPO,Ant-v4,2
67230,reward,750,-146.89031222353267,-477.474,PPO,Ant-v4,2
67274,reward,751,-148.26080742971362,-471.464,PPO,Ant-v4,2
68231,reward,752,-3420.1987058730633,-810.91,PPO,Ant-v4,2
68247,reward,753,-55.949671261164255,-802.309,PPO,Ant-v4,2
68305,reward,754,-204.72917341419102,-813.205,PPO,Ant-v4,2
68321,reward,755,-71.74468045625169,-463.784,PPO,Ant-v4,2
68415,reward,756,-267.04123896854674,-486.195,PPO,Ant-v4,2
68454,reward,757,-163.1223797408492,-473.127,PPO,Ant-v4,2
68477,reward,758,-64.9018304373394,-465.8,PPO,Ant-v4,2
68584,reward,759,-398.8743116393904,-494.171,PPO,Ant-v4,2
68610,reward,760,-108.30504662227385,-490.313,PPO,Ant-v4,2
68689,reward,761,-317.3066736826818,-507.217,PPO,Ant-v4,2
68711,reward,762,-71.25153623900184,-172.323,PPO,Ant-v4,2
68738,reward,763,-67.330520208408,-173.461,PPO,Ant-v4,2
68761,reward,764,-98.22147255653967,-162.81,PPO,Ant-v4,2
68823,reward,765,-175.2366504225304,-173.159,PPO,Ant-v4,2
68835,reward,766,-39.48294110967329,-150.403,PPO,Ant-v4,2
68848,reward,767,-41.71759520082413,-138.263,PPO,Ant-v4,2
68866,reward,768,-74.90317868764008,-139.263,PPO,Ant-v4,2
68939,reward,769,-233.31574920698972,-122.707,PPO,Ant-v4,2
68975,reward,770,-107.34663750625596,-122.611,PPO,Ant-v4,2
69005,reward,771,-111.12725519059595,-101.993,PPO,Ant-v4,2
69057,reward,772,-192.82510400108845,-114.151,PPO,Ant-v4,2
69076,reward,773,-81.03408152584025,-115.521,PPO,Ant-v4,2
69092,reward,774,-48.21579000778088,-110.52,PPO,Ant-v4,2
69156,reward,775,-255.2027745563152,-118.517,PPO,Ant-v4,2
69181,reward,776,-108.656087831777,-125.434,PPO,Ant-v4,2
69215,reward,777,-136.6636588998715,-134.929,PPO,Ant-v4,2
69306,reward,778,-390.55751580810636,-166.494,PPO,Ant-v4,2
70000,speed,1336.65,0.79,PPO,Ant-v4,2
70306,reward,779,-3433.9882077637903,-486.562,PPO,Ant-v4,2
70322,reward,780,-45.16395135321482,-480.343,PPO,Ant-v4,2
70337,reward,781,-59.23229511235672,-475.154,PPO,Ant-v4,2
70402,reward,782,-250.20064530278472,-480.892,PPO,Ant-v4,2
70435,reward,783,-117.28307713464257,-484.516,PPO,Ant-v4,2
70505,reward,784,-227.30722018899976,-502.426,PPO,Ant-v4,2
70530,reward,785,-88.59904366076667,-485.765,PPO,Ant-v4,2
70610,reward,786,-263.9284408705732,-501.292,PPO,Ant-v4,2
70661,reward,787,-164.16754019675517,-504.043,PPO,Ant-v4,2
71661,reward,788,-3447.202455077153,-809.707,PPO,Ant-v4,2
71685,reward,789,-23.631413667742756,-468.672,PPO,Ant-v4,2
71720,reward,790,-111.22588797019075,-475.278,PPO,Ant-v4,2
71775,reward,791,-214.76793427037845,-490.831,PPO,Ant-v4,2
71794,reward,792,-62.7628068295017,-472.088,PPO,Ant-v4,2
71844,reward,793,-213.74513483509287,-481.734,PPO,Ant-v4,2
71855,reward,794,-51.37675667160596,-464.141,PPO,Ant-v4,2
71912,reward,795,-200.07666975817716,-475.289,PPO,Ant-v4,2
72016,reward,796,-420.4398975469883,-490.94,PPO,Ant-v4,2
72041,reward,797,-88.77147592269874,-483.4,PPO,Ant-v4,2
72111,reward,798,-237.6813018243935,-162.448,PPO,Ant-v4,2
73111,reward,799,-3370.3419296367933,-497.119,PPO,Ant-v4,2
73145,reward,800,-81.31120140333374,-494.128,PPO,Ant-v4,2
73162,reward,801,-52.18736031948286,-477.869,PPO,Ant-v4,2
73183,reward,802,-44.13261446967376,-476.006,PPO,Ant-v4,2
73218,reward,803,-88.80612634311646,-463.513,PPO,Ant-v4,2
73230,reward,804,-43.72883476323885,-462.748,PPO,Ant-v4,2
73255,reward,805,-74.35023438394155,-450.175,PPO,Ant-v4,2
73308,reward,806,-105.87856012967328,-418.719,PPO,Ant-v4,2
73341,reward,807,-101.7452499366826,-420.016,PPO,Ant-v4,2
73378,reward,808,-158.5764779854232,-412.106,PPO,Ant-v4,2
73393,reward,809,-83.54046892065313,-83.426,PPO,Ant-v4,2
73411,reward,810,-63.4025980609932,-81.635,PPO,Ant-v4,2
73431,reward,811,-59.84200065040297,-82.4,PPO,Ant-v4,2
73443,reward,812,-33.58328981767142,-81.345,PPO,Ant-v4,2
73470,reward,813,-87.91261979872709,-81.256,PPO,Ant-v4,2
73509,reward,814,-156.0970415653622,-92.493,PPO,Ant-v4,2
73531,reward,815,-88.22769682627118,-93.881,PPO,Ant-v4,2
73574,reward,816,-181.16193379852615,-101.409,PPO,Ant-v4,2
73695,reward,817,-430.549561225838,-134.289,PPO,Ant-v4,2
73728,loss,-0.05503302067518234,10.479484558105469,PPO,Ant-v4,2
73729,reward,818,-123.77605309805587,-130.809,PPO,Ant-v4,2
73804,reward,819,-122.7627739567816,-134.732,PPO,Ant-v4,2
73853,reward,820,-150.2209162483596,-143.413,PPO,Ant-v4,2
73873,reward,821,-44.93927684998009,-141.923,PPO,Ant-v4,2
73936,reward,822,-260.8987836463114,-164.655,PPO,Ant-v4,2
73962,reward,823,-97.93035218144544,-165.656,PPO,Ant-v4,2
73982,reward,824,-57.9346426399935,-155.84,PPO,Ant-v4,2
74021,reward,825,-131.19198985397972,-160.137,PPO,Ant-v4,2
74057,reward,826,-119.86843862865265,-154.007,PPO,Ant-v4,2
74079,reward,827,-76.4887198972392,-118.601,PPO,Ant-v4,2
74111,reward,828,-143.03288216071883,-120.527,PPO,Ant-v4,2
74132,reward,829,-66.09962904203944,-114.861,PPO,Ant-v4,2
74156,reward,830,-85.71032019259479,-108.41,PPO,Ant-v4,2
74170,reward,831,-21.90364749624268,-106.106,PPO,Ant-v4,2
74189,reward,832,-60.44601933337636,-86.061,PPO,Ant-v4,2
74231,reward,833,-125.67566558002868,-88.835,PPO,Ant-v4,2
74251,reward,834,-68.4283121907406,-89.885,PPO,Ant-v4,2
74268,reward,835,-46.24043478472869,-81.389,PPO,Ant-v4,2
74328,reward,836,-176.23103453077263,-87.026,PPO,Ant-v4,2
74363,reward,837,-95.12144814036066,-88.889,PPO,Ant-v4,2
74400,reward,838,-138.22335002135893,-88.408,PPO,Ant-v4,2
74436,reward,839,-129.71496973150437,-94.77,PPO,Ant-v4,2
74479,reward,840,-182.75647237128464,-104.474,PPO,Ant-v4,2
74497,reward,841,-46.04191872727043,-106.888,PPO,Ant-v4,2
74507,reward,842,-36.89455647580028,-104.533,PPO,Ant-v4,2
74530,reward,843,-56.68061319699352,-97.633,PPO,Ant-v4,2
74564,reward,844,-100.62390332633115,-100.853,PPO,Ant-v4,2
74593,reward,845,-110.83839521725407,-107.313,PPO,Ant-v4,2
74659,reward,846,-213.95160169224994,-111.085,PPO,Ant-v4,2
74730,reward,847,-250.6727662090411,-126.64,PPO,Ant-v4,2
74767,reward,848,-100.8221099204603,-122.9,PPO,Ant-v4,2
74795,reward,849,-132.07349995363575,-123.136,PPO,Ant-v4,2
74840,reward,850,-123.68871241807739,-117.229,PPO,Ant-v4,2
74854,reward,851,-49.05567599968925,-117.53,PPO,Ant-v4,2
74868,reward,852,-43.30397272798116,-118.171,PPO,Ant-v4,2
74882,reward,853,-40.655331340184546,-116.569,PPO,Ant-v4,2
74897,reward,854,-40.932859359854305,-110.599,PPO,Ant-v4,2
74921,reward,855,-89.1680487386924,-108.432,PPO,Ant-v4,2
74962,reward,856,-136.5498016027926,-100.692,PPO,Ant-v4,2
75004,reward,857,-105.52414744989174,-86.177,PPO,Ant-v4,2
75024,reward,858,-77.44783323854354,-83.84,PPO,Ant-v4,2
75100,reward,859,-258.18603015364147,-96.451,PPO,Ant-v4,2
75112,reward,860,-35.529497504618796,-87.635,PPO,Ant-v4,2
75122,reward,861,-35.10546586826461,-86.24,PPO,Ant-v4,2
75136,reward,862,-41.30243499265723,-86.04,PPO,Ant-v4,2
75151,reward,863,-50.26376684586085,-87.001,PPO,Ant-v4,2
75204,reward,864,-208.22900702168633,-103.731,PPO,Ant-v4,2
75481,reward,865,-925.7640990584629,-187.39,PPO,Ant-v4,2
75502,reward,866,-63.19337615502076,-180.055,PPO,Ant-v4,2
75533,reward,867,-112.45262114980244,-180.747,PPO,Ant-v4,2
75627,reward,868,-308.9096755718082,-203.894,PPO,Ant-v4,2
75648,reward,869,-63.578073716213105,-184.433,PPO,Ant-v4,2
75737,reward,870,-293.276752353556,-210.208,PPO,Ant-v4,2
75761,reward,871,-75.34252377093487,-214.231,PPO,Ant-v4,2
75789,reward,872,-77.55642123779919,-217.857,PPO,Ant-v4,2
75819,reward,873,-99.34239354331596,-222.764,PPO,Ant-v4,2
75831,reward,874,-44.449022611354565,-206.386,PPO,Ant-v4,2
75888,reward,875,-148.51823285691233,-128.662,PPO,Ant-v4,2
75903,reward,876,-55.63586637831039,-127.906,PPO,Ant-v4,2
75946,reward,877,-168.2237217267652,-133.483,PPO,Ant-v4,2
75974,reward,878,-96.8837696432159,-112.281,PPO,Ant-v4,2
75986,reward,879,-43.63570139651894,-110.286,PPO,Ant-v4,2
76016,reward,880,-88.57542541092853,-89.816,PPO,Ant-v4,2
76028,reward,881,-41.368249329962005,-86.419,PPO,Ant-v4,2
76041,reward,882,-41.98996826843927,-82.862,PPO,Ant-v4,2
76055,reward,883,-27.244130391985838,-75.652,PPO,Ant-v4,2
76069,reward,884,-56.59301820312142,-76.867,PPO,Ant-v4,2
76082,reward,885,-52.76719751871016,-67.292,PPO,Ant-v4,2
76125,reward,886,-113.57448248154927,-73.086,PPO,Ant-v4,2
76208,reward,887,-329.14192583067927,-89.177,PPO,Ant-v4,2
76307,reward,888,-360.3912563259735,-115.528,PPO,Ant-v4,2
76350,reward,889,-127.92526860014719,-123.957,PPO,Ant-v4,2
76414,reward,890,-169.6748776569878,-132.067,PPO,Ant-v4,2
76437,reward,891,-58.425950692036906,-133.773,PPO,Ant-v4,2
76467,reward,892,-89.82486183384428,-138.556,PPO,Ant-v4,2
76497,reward,893,-92.25258911995391,-145.057,PPO,Ant-v4,2
76523,reward,894,-82.99858701542021,-147.698,PPO,Ant-v4,2
76557,reward,895,-151.9217337233191,-157.613,PPO,Ant-v4,2
76564,reward,896,-32.24628223754021,-149.48,PPO,Ant-v4,2
76612,reward,897,-207.90488855619677,-137.357,PPO,Ant-v4,2
76633,reward,898,-61.133273986707586,-107.431,PPO,Ant-v4,2
76695,reward,899,-234.09455983127523,-118.048,PPO,Ant-v4,2
76735,reward,900,-102.66171524668522,-111.346,PPO,Ant-v4,2
76826,reward,901,-304.2549879647495,-135.929,PPO,Ant-v4,2
76838,reward,902,-40.19148786887453,-130.966,PPO,Ant-v4,2
76857,reward,903,-57.33988479992404,-127.475,PPO,Ant-v4,2
76898,reward,904,-117.90374828673134,-130.965,PPO,Ant-v4,2
76973,reward,905,-265.3932419041341,-142.312,PPO,Ant-v4,2
77014,reward,906,-102.9325516996784,-149.381,PPO,Ant-v4,2
77049,reward,907,-129.10076335652172,-141.501,PPO,Ant-v4,2
77062,reward,908,-45.8768067772259,-139.975,PPO,Ant-v4,2
77076,reward,909,-60.06155762515792,-122.572,PPO,Ant-v4,2
77126,reward,910,-147.29465413187376,-127.035,PPO,Ant-v4,2
77183,reward,911,-247.92171400190696,-121.402,PPO,Ant-v4,2
77210,reward,912,-108.49435761165518,-128.232,PPO,Ant-v4,2
77239,reward,913,-93.0915650256561,-131.807,PPO,Ant-v4,2
77275,reward,914,-101.43454626782292,-130.16,PPO,Ant-v4,2
77290,reward,915,-59.3240724542022,-109.553,PPO,Ant-v4,2
77315,reward,916,-71.41556887331348,-106.402,PPO,Ant-v4,2
77326,reward,917,-36.2511903360245,-97.117,PPO,Ant-v4,2
78326,reward,918,-3591.684690222065,-451.697,PPO,Ant-v4,2
78373,reward,919,-146.2166479450437,-460.313,PPO,Ant-v4,2
78420,reward,920,-193.94521523606886,-464.978,PPO,Ant-v4,2
78480,reward,921,-166.38870455081687,-456.825,PPO,Ant-v4,2
78493,reward,922,-57.21605135609839,-451.697,PPO,Ant-v4,2
78513,reward,923,-79.01314530677794,-450.289,PPO,Ant-v4,2
78601,reward,924,-345.3461284154064,-474.68,PPO,Ant-v4,2
78615,reward,925,-25.187610155030544,-471.266,PPO,Ant-v4,2
78634,reward,926,-56.404655604667596,-469.765,PPO,Ant-v4,2
78648,reward,927,-40.6472972901508,-470.205,PPO,Ant-v4,2
78681,reward,928,-118.03886332944573,-122.84,PPO,Ant-v4,2
78713,reward,929,-115.86958085736809,-119.806,PPO,Ant-v4,2
78767,reward,930,-141.86631924325167,-114.598,PPO,Ant-v4,2
78833,reward,931,-212.96015209688224,-119.255,PPO,Ant-v4,2
78858,reward,932,-129.88576415381482,-126.522,PPO,Ant-v4,2
78897,reward,933,-181.33279640621654,-136.754,PPO,Ant-v4,2
78916,reward,934,-78.36945094260065,-110.056,PPO,Ant-v4,2
78948,reward,935,-124.71990137745497,-120.009,PPO,Ant-v4,2
78971,reward,936,-58.46945929496089,-120.216,PPO,Ant-v4,2
78983,reward,937,-45.79443544665702,-120.731,PPO,Ant-v4,2
79065,reward,938,-254.92677473345077,-134.419,PPO,Ant-v4,2
79218,reward,939,-550.9852887501729,-177.931,PPO,Ant-v4,2
79249,reward,940,-120.91197822335161,-175.836,PPO,Ant-v4,2
79283,reward,941,-112.46433769115815,-165.786,PPO,Ant-v4,2
79354,reward,942,-304.5921080754815,-183.257,PPO,Ant-v4,2
79379,reward,943,-62.89532138754309,-171.413,PPO,Ant-v4,2
80000,speed,1294.62,0.92,PPO,Ant-v4,2
80379,reward,944,-3438.757328964096,-507.452,PPO,Ant-v4,2
80395,reward,945,-67.0323658955402,-501.683,PPO,Ant-v4,2
80416,reward,946,-81.41435896480621,-503.977,PPO,Ant-v4,2
80431,reward,947,-49.46651038180033,-504.345,PPO,Ant-v4,2
80450,reward,948,-74.9614036147281,-486.348,PPO,Ant-v4,2
80472,reward,949,-86.64467338548558,-439.914,PPO,Ant-v4,2
80497,reward,950,-108.78157315126049,-438.701,PPO,Ant-v4,2
80534,reward,951,-116.89481620761627,-439.144,PPO,Ant-v4,2
80633,reward,952,-429.8224803658697,-451.667,PPO,Ant-v4,2
80657,reward,953,-72.63657966879363,-452.641,PPO,Ant-v4,2
80755,reward,954,-329.6991576563803,-141.735,PPO,Ant-v4,2
80770,reward,955,-23.667965909767283,-137.399,PPO,Ant-v4,2
80779,reward,956,-28.316791420063723,-132.089,PPO,Ant-v4,2
80814,reward,957,-129.17470529955065,-140.06,PPO,Ant-v4,2
80863,reward,958,-222.83097498691188,-154.847,PPO,Ant-v4,2
80931,reward,959,-231.99876939011924,-169.382,PPO,Ant-v4,2
81047,reward,960,-421.9293661514658,-200.697,PPO,Ant-v4,2
81060,reward,961,-32.374360315800416,-192.245,PPO,Ant-v4,2
81079,reward,962,-36.51326302799199,-152.914,PPO,Ant-v4,2
81094,reward,963,-50.778100001100185,-150.728,PPO,Ant-v4,2
81115,reward,964,-85.26828730367829,-126.285,PPO,Ant-v4,2
81173,reward,965,-196.89712318977587,-143.608,PPO,Ant-v4,2
81259,reward,966,-271.1675445037316,-167.893,PPO,Ant-v4,2
81381,reward,967,-382.8429037531693,-193.26,PPO,Ant-v4,2
81402,reward,968,-67.90774955951652,-177.768,PPO,Ant-v4,2
81430,reward,969,-80.71925102705642,-162.64,PPO,Ant-v4,2
81473,reward,970,-166.19767555680448,-137.067,PPO,Ant-v4,2
81491,reward,971,-50.42333999170916,-138.872,PPO,Ant-v4,2
81508,reward,972,-46.17877629799268,-139.838,PPO,Ant-v4,2
81525,reward,973,-64.94950945586959,-141.255,PPO,Ant-v4,2
81554,reward,974,-111.32082746467653,-143.86,PPO,Ant-v4,2
81920,loss,-0.0772741511464119,13.346484184265137,PPO,Ant-v4,2
82554,reward,975,-3440.451730638614,-468.216,PPO,Ant-v4,2
82570,reward,976,-61.24861429132078,-447.224,PPO,Ant-v4,2
82631,reward,977,-161.734419984984,-425.113,PPO,Ant-v4,2
82651,reward,978,-43.531330747347084,-422.676,PPO,Ant-v4,2
82690,reward,979,-184.08650580599087,-433.012,PPO,Ant-v4,2
82754,reward,980,-267.59151478240364,-443.152,PPO,Ant-v4,2
82796,reward,981,-165.87228226512855,-454.697,PPO,Ant-v4,2
82839,reward,982,-187.03017438073763,-468.782,PPO,Ant-v4,2
82869,reward,983,-80.80820714628838,-470.368,PPO,Ant-v4,2
82900,reward,984,-63.7825773424844,-465.614,PPO,Ant-v4,2
82973,reward,985,-181.46429301587793,-139.715,PPO,Ant-v4,2
83035,reward,986,-155.6892123913895,-149.159,PPO,Ant-v4,2
83105,reward,987,-235.37721598530376,-156.523,PPO,Ant-v4,2
83118,reward,988,-48.101393054941056,-156.98,PPO,Ant-v4,2
83135,reward,989,-70.92707193614294,-145.664,PPO,Ant-v4,2
83148,reward,990,-48.49161754453878,-123.754,PPO,Ant-v4,2
83195,reward,991,-160.65689619871654,-123.233,PPO,Ant-v4,2
83260,reward,992,-249.8214798249852,-129.512,PPO,Ant-v4,2
83301,reward,993,-130.58104009221123,-134.489,PPO,Ant-v4,2
83552,reward,994,-974.6990410779725,-225.581,PPO,Ant-v4,2
83563,reward,995,-33.91926531392621,-210.826,PPO,Ant-v4,2
83586,reward,996,-63.69003253634226,-201.627,PPO,Ant-v4,2
83605,reward,997,-73.35092502453118,-185.424,PPO,Ant-v4,2
83618,reward,998,-64.13705716570414,-187.027,PPO,Ant-v4,2
83631,reward,999,-44.67634064168426,-184.402,PPO,Ant-v4,2
83697,reward,1000,-253.40514969561784,-204.894,PPO,Ant-v4,2
83796,reward,1001,-335.2734929003734,-222.355,PPO,Ant-v4,2
83825,reward,1002,-122.16560133518843,-209.59,PPO,Ant-v4,2
83838,reward,1003,-42.37653894646248,-200.769,PPO,Ant-v4,2
83904,reward,1004,-271.7210306774347,-130.472,PPO,Ant-v4,2
83925,reward,1005,-54.193392038053474,-132.499,PPO,Ant-v4,2
83968,reward,1006,-126.98169716364704,-138.828,PPO,Ant-v4,2
83981,reward,1007,-44.92460850296054,-135.985,PPO,Ant-v4,2
83996,reward,1008,-57.45789121693397,-135.318,PPO,Ant-v4,2
84015,reward,1009,-71.01703984645887,-137.952,PPO,Ant-v4,2
84032,reward,1010,-38.81941060972659,-116.493,PPO,Ant-v4,2
84068,reward,1011,-125.81695670917864,-95.547,PPO,Ant-v4,2
84092,reward,1012,-88.92995572217772,-92.224,PPO,Ant-v4,2
84194,reward,1013,-417.4115314820629,-129.727,PPO,Ant-v4,2
85194,reward,1014,-3440.536695889021,-446.609,PPO,Ant-v4,2
85291,reward,1015,-330.2058710247557,-474.21,PPO,Ant-v4,2
85325,reward,1016,-108.47532293172509,-472.36,PPO,Ant-v4,2
85340,reward,1017,-68.71251712383196,-474.738,PPO,Ant-v4,2
85366,reward,1018,-72.47995900618515,-476.241,PPO,Ant-v4,2
85444,reward,1019,-262.4237753274258,-495.381,PPO,Ant-v4,2
85474,reward,1020,-118.64855695874054,-503.364,PPO,Ant-v4,2
85499,reward,1021,-73.14919068491118,-498.097,PPO,Ant-v4,2
85516,reward,1022,-65.46322006629045,-495.751,PPO,Ant-v4,2
85654,reward,1023,-551.9418743553716,-509.204,PPO,Ant-v4,2
85680,reward,1024,-96.54122128982983,-174.804,PPO,Ant-v4,2
85696,reward,1025,-73.57664277604852,-149.141,PPO,Ant-v4,2
85719,reward,1026,-98.29250398878814,-148.123,PPO,Ant-v4,2
85760,reward,1027,-135.19899675081285,-154.772,PPO,Ant-v4,2
85777,reward,1028,-74.556358567084,-154.979,PPO,Ant-v4,2
85796,reward,1029,-66.62566554568137,-135.399,PPO,Ant-v4,2
85807,reward,1030,-32.96956076401015,-126.832,PPO,Ant-v4,2
85841,reward,1031,-109.49894454002145,-130.466,PPO,Ant-v4,2
85881,reward,1032,-113.48375924789761,-135.269,PPO,Ant-v4,2
85914,reward,1033,-110.59512080245247,-91.134,PPO,Ant-v4,2
85978,reward,1034,-167.64926552933667,-98.245,PPO,Ant-v4,2
86013,reward,1035,-129.88475252519459,-103.875,PPO,Ant-v4,2
86042,reward,1036,-116.70459126834218,-105.717,PPO,Ant-v4,2
86060,reward,1037,-74.92384705525939,-99.689,PPO,Ant-v4,2
86132,reward,1038,-187.62663520833405,-110.996,PPO,Ant-v4,2
86162,reward,1039,-82.66053183312289,-112.6,PPO,Ant-v4,2
86182,reward,1040,-39.844343776757064,-113.287,PPO,Ant-v4,2
86196,reward,1041,-54.7065688332468,-107.808,PPO,Ant-v4,2
86230,reward,1042,-148.21453370795297,-111.281,PPO,Ant-v4,2
86351,reward,1043,-337.91044103082316,-134.013,PPO,Ant-v4,2
86408,reward,1044,-222.64870056034292,-139.512,PPO,Ant-v4,2
86463,reward,1045,-177.23642159409937,-144.248,PPO,Ant-v4,2
86473,reward,1046,-52.55476476952454,-137.833,PPO,Ant-v4,2
86508,reward,1047,-123.84039278935589,-142.724,PPO,Ant-v4,2
86525,reward,1048,-46.85558679293335,-128.647,PPO,Ant-v4,2
86552,reward,1049,-67.13164069237843,-127.094,PPO,Ant-v4,2
86581,reward,1050,-99.48200899159156,-133.058,PPO,Ant-v4,2
86605,reward,1051,-103.72479524330271,-137.96,PPO,Ant-v4,2
86622,reward,1052,-53.30831653110598,-128.469,PPO,Ant-v4,2
86741,reward,1053,-363.71397340386903,-131.05,PPO,Ant-v4,2
86788,reward,1054,-160.65180497867425,-124.85,PPO,Ant-v4,2
86829,reward,1055,-124.31959457316208,-119.558,PPO,Ant-v4,2
86866,reward,1056,-135.25722438814427,-127.829,PPO,Ant-v4,2
86878,reward,1057,-27.5656794648712,-118.201,PPO,Ant-v4,2
86902,reward,1058,-84.0625757990561,-121.922,PPO,Ant-v4,2
86977,reward,1059,-288.28441438764054,-144.037,PPO,Ant-v4,2
87008,reward,1060,-93.1102521397336,-143.4,PPO,Ant-v4,2
87059,reward,1061,-172.27214332851267,-150.255,PPO,Ant-v4,2
87097,reward,1062,-117.29057933532414,-156.653,PPO,Ant-v4,2
88097,reward,1063,-3514.4583527630534,-471.727,PPO,Ant-v4,2
88160,reward,1064,-247.24685255509308,-480.387,PPO,Ant-v4,2
88267,reward,1065,-335.63032093862427,-501.518,PPO,Ant-v4,2
88299,reward,1066,-73.92140242112978,-495.384,PPO,Ant-v4,2
88403,reward,1067,-334.3994359002907,-526.068,PPO,Ant-v4,2
88447,reward,1068,-195.20626744382008,-537.182,PPO,Ant-v4,2
88472,reward,1069,-99.59911796292714,-518.313,PPO,Ant-v4,2
88523,reward,1070,-111.07432719821522,-520.11,PPO,Ant-v4,2
88541,reward,1071,-51.946688583494364,-508.077,PPO,Ant-v4,2
88568,reward,1072,-66.12883102281737,-502.961,PPO,Ant-v4,2
88592,reward,1073,-54.16963591502557,-156.932,PPO,Ant-v4,2
88609,reward,1074,-49.747051763539886,-137.182,PPO,Ant-v4,2
88619,reward,1075,-33.57317132535337,-106.977,PPO,Ant-v4,2
88642,reward,1076,-121.0401464467347,-111.688,PPO,Ant-v4,2
88652,reward,1077,-37.12000182176906,-81.961,PPO,Ant-v4,2
88683,reward,1078,-105.60790337122641,-73.001,PPO,Ant-v4,2
88700,reward,1079,-57.9535593784669,-68.836,PPO,Ant-v4,2
88744,reward,1080,-152.7161164823437,-73.0,PPO,Ant-v4,2
88787,reward,1081,-132.82246161971355,-81.088,PPO,Ant-v4,2
89787,reward,1082,-3482.2136605591104,-422.696,PPO,Ant-v4,2
89813,reward,1083,-103.77575208500129,-427.657,PPO,Ant-v4,2
89958,reward,1084,-438.2828438426022,-466.511,PPO,Ant-v4,2
89997,reward,1085,-135.11493204821306,-476.665,PPO,Ant-v4,2
90000,speed,1368.43,1.04,PPO,Ant-v4,2
90112,loss,-0.05846462771296501,14.398019790649414,PPO,Ant-v4,2
90997,reward,1086,-3556.659469905359,-820.227,PPO,Ant-v4,2
91018,reward,1087,-62.805670133346815,-822.795,PPO,Ant-v4,2
91094,reward,1088,-228.4802007263849,-835.082,PPO,Ant-v4,2
91147,reward,1089,-207.20895096365584,-850.008,PPO,Ant-v4,2
91162,reward,1090,-88.88417755130872,-843.625,PPO,Ant-v4,2
91206,reward,1091,-194.76878646528974,-849.819,PPO,Ant-v4,2
91228,reward,1092,-110.73779890927676,-512.672,PPO,Ant-v4,2
92228,reward,1093,-3596.6770662630147,-861.962,PPO,Ant-v4,2
92283,reward,1094,-210.04679812820896,-839.138,PPO,Ant-v4,2
92303,reward,1095,-48.111693615566665,-830.438,PPO,Ant-v4,2
92315,reward,1096,-43.51839151086165,-479.124,PPO,Ant-v4,2
92339,reward,1097,-87.35412852996777,-481.579,PPO,Ant-v4,2
92358,reward,1098,-94.00583947244786,-468.131,PPO,Ant-v4,2
92443,reward,1099,-304.10254383137027,-477.821,PPO,Ant-v4,2
93443,reward,1100,-3302.999328747657,-799.232,PPO,Ant-v4,2
93483,reward,1101,-115.56344959761861,-791.312,PPO,Ant-v4,2
93496,reward,1102,-55.17816801646403,-785.756,PPO,Ant-v4,2
93511,reward,1103,-58.88166525886195,-431.976,PPO,Ant-v4,2
94511,reward,1104,-3481.7999960296975,-759.152,PPO,Ant-v4,2
94551,reward,1105,-135.21928261876963,-767.862,PPO,Ant-v4,2
95551,reward,1106,-3551.6648231033105,-1118.677,PPO,Ant-v4,2
95586,reward,1107,-117.18956978266314,-1121.66,PPO,Ant-v4,2
95611,reward,1108,-99.4533319898726,-1122.205,PPO,Ant-v4,2
95698,reward,1109,-377.47380095865293,-1129.542,PPO,Ant-v4,2
95711,reward,1110,-50.60311521043702,-804.303,PPO,Ant-v4,2
95731,reward,1111,-68.23079812688155,-799.569,PPO,Ant-v4,2
95820,reward,1112,-338.77961165024107,-827.93,PPO,Ant-v4,2
95839,reward,1113,-46.87201455051334,-826.729,PPO,Ant-v4,2
95857,reward,1114,-50.21619455696913,-483.57,PPO,Ant-v4,2
95893,reward,1115,-120.88445562856296,-482.137,PPO,Ant-v4,2
95915,reward,1116,-55.841472218378634,-132.554,PPO,Ant-v4,2
95939,reward,1117,-94.79158184645311,-130.315,PPO,Ant-v4,2
95952,reward,1118,-60.324365755159825,-126.402,PPO,Ant-v4,2
96029,reward,1119,-185.21605249340564,-107.176,PPO,Ant-v4,2
96071,reward,1120,-147.96095084211623,-116.912,PPO,Ant-v4,2
96085,reward,1121,-65.08026838191758,-116.597,PPO,Ant-v4,2
96099,reward,1122,-25.82373160119218,-85.301,PPO,Ant-v4,2
96117,reward,1123,-27.856887252491177,-83.4,PPO,Ant-v4,2
96127,reward,1124,-29.118803941952613,-81.29,PPO,Ant-v4,2
96141,reward,1125,-39.0712086209076,-73.109,PPO,Ant-v4,2
96173,reward,1126,-102.80768192081135,-77.805,PPO,Ant-v4,2
96306,reward,1127,-471.64686311075405,-115.491,PPO,Ant-v4,2
96367,reward,1128,-99.17916580983896,-119.376,PPO,Ant-v4,2
96474,reward,1129,-396.06547445449917,-140.461,PPO,Ant-v4,2
96509,reward,1130,-127.00320546471784,-138.365,PPO,Ant-v4,2
96528,reward,1131,-85.33435905659539,-140.391,PPO,Ant-v4,2
96560,reward,1132,-128.39245771398643,-150.648,PPO,Ant-v4,2
97560,reward,1133,-3683.443483682901,-516.206,PPO,Ant-v4,2
97583,reward,1134,-82.12693266590651,-521.507,PPO,Ant-v4,2
97612,reward,1135,-99.64210433899639,-527.564,PPO,Ant-v4,2
97642,reward,1136,-102.21387856959441,-527.505,PPO,Ant-v4,2
97698,reward,1137,-184.82030490079993,-498.822,PPO,Ant-v4,2
97744,reward,1138,-180.29975675197252,-506.934,PPO,Ant-v4,2
97799,reward,1139,-166.45571147310665,-483.973,PPO,Ant-v4,2
97825,reward,1140,-81.42778017875648,-479.416,PPO,Ant-v4,2
97843,reward,1141,-68.81353888776076,-477.764,PPO,Ant-v4,2
97884,reward,1142,-137.78555211397796,-478.703,PPO,Ant-v4,2
97941,reward,1143,-207.37770252194292,-131.096,PPO,Ant-v4,2
97999,reward,1144,-181.47929778500125,-141.032,PPO,Ant-v4,2
98011,reward,1145,-54.140499513699005,-136.481,PPO,Ant-v4,2
98042,reward,1146,-79.55039710719916,-134.215,PPO,Ant-v4,2
98156,reward,1147,-407.06723415966775,-156.44,PPO,Ant-v4,2
98201,reward,1148,-153.91017668190136,-153.801,PPO,Ant-v4,2
98215,reward,1149,-62.977993596203504,-143.453,PPO,Ant-v4,2
98257,reward,1150,-111.76125001646572,-146.486,PPO,Ant-v4,2
98301,reward,1151,-153.8495421645407,-154.99,PPO,Ant-v4,2
98304,loss,-0.051273565739393234,12.960429191589355,PPO,Ant-v4,2
98411,reward,1152,-413.6599329406753,-182.577,PPO,Ant-v4,2
98425,reward,1153,-56.38557328219727,-167.478,PPO,Ant-v4,2
98446,reward,1154,-54.77927854780724,-154.808,PPO,Ant-v4,2
98474,reward,1155,-106.0546105749412,-160.0,PPO,Ant-v4,2
98505,reward,1156,-90.40220198267922,-161.085,PPO,Ant-v4,2
98516,reward,1157,-31.496025006466667,-123.528,PPO,Ant-v4,2
98533,reward,1158,-69.61592904818758,-115.098,PPO,Ant-v4,2
98609,reward,1159,-273.4382967004464,-136.144,PPO,Ant-v4,2
98637,reward,1160,-103.63663775983774,-135.332,PPO,Ant-v4,2
98693,reward,1161,-209.54383431859245,-140.901,PPO,Ant-v4,2
98731,reward,1162,-147.8886259951471,-114.324,PPO,Ant-v4,2
98764,reward,1163,-119.72515827617863,-120.658,PPO,Ant-v4,2
98800,reward,1164,-146.41605087720194,-129.822,PPO,Ant-v4,2
98814,reward,1165,-44.2672459198598,-123.643,PPO,Ant-v4,2
98839,reward,1166,-122.89809023137369,-126.893,PPO,Ant-v4,2
98851,reward,1167,-34.80732768161804,-127.224,PPO,Ant-v4,2
98880,reward,1168,-116.07121863601246,-131.869,PPO,Ant-v4,2
98913,reward,1169,-123.34962452492698,-116.86,PPO,Ant-v4,2
98950,reward,1170,-145.8646063273462,-121.083,PPO,Ant-v4,2
98980,reward,1171,-116.20061154232941,-111.749,PPO,Ant-v4,2
99017,reward,1172,-139.3987820074634,-110.9,PPO,Ant-v4,2
99064,reward,1173,-113.88276759165282,-110.316,PPO,Ant-v4,2
99082,reward,1174,-64.04741993273859,-102.079,PPO,Ant-v4,2
99110,reward,1175,-107.61797032271376,-108.414,PPO,Ant-v4,2
99251,reward,1176,-468.94383847970266,-143.018,PPO,Ant-v4,2
99341,reward,1177,-338.0561094108944,-173.343,PPO,Ant-v4,2
99476,reward,1178,-471.73480807252747,-208.91,PPO,Ant-v4,2
99490,reward,1179,-61.02061017336942,-202.677,PPO,Ant-v4,2
99517,reward,1180,-117.08878193280597,-199.799,PPO,Ant-v4,2
99579,reward,1181,-232.87417814943916,-211.467,PPO,Ant-v4,2
99611,reward,1182,-112.54971666683467,-208.782,PPO,Ant-v4,2
99756,reward,1183,-440.3680984710894,-241.43,PPO,Ant-v4,2
99770,reward,1184,-48.42472768610702,-239.868,PPO,Ant-v4,2
99787,reward,1185,-67.81897887539964,-235.888,PPO,Ant-v4,2
99799,reward,1186,-36.90114153914279,-192.684,PPO,Ant-v4,2
99886,reward,1187,-305.36460255651167,-189.415,PPO,Ant-v4,2
100000,speed,1427.33,1.15,PPO,Ant-v4,2
100030,reward,1188,-488.4881685311845,-191.09,PPO,Ant-v4,2
100060,reward,1189,-113.02969477859163,-196.291,PPO,Ant-v4,2
100071,reward,1190,-22.782290974168102,-186.86,PPO,Ant-v4,2
100139,reward,1191,-173.00715798826755,-180.873,PPO,Ant-v4,2
100170,reward,1192,-126.3251737336394,-182.251,PPO,Ant-v4,2
100226,reward,1193,-203.61074660810942,-158.575,PPO,Ant-v4,2
101226,reward,1194,-3576.708976763194,-511.404,PPO,Ant-v4,2
101240,reward,1195,-41.03035429807336,-508.725,PPO,Ant-v4,2
101268,reward,1196,-118.20947878848852,-516.856,PPO,Ant-v4,2
101329,reward,1197,-266.0737741776209,-512.927,PPO,Ant-v4,2
101337,reward,1198,-16.7193391060398,-465.75,PPO,Ant-v4,2
101365,reward,1199,-72.49075000728077,-461.696,PPO,Ant-v4,2
101408,reward,1200,-170.4753179756067,-476.465,PPO,Ant-v4,2
101426,reward,1201,-65.6537340623303,-465.73,PPO,Ant-v4,2
101457,reward,1202,-95.16748201857084,-462.614,PPO,Ant-v4,2
101489,reward,1203,-80.81473540901412,-450.334,PPO,Ant-v4,2
101528,reward,1204,-142.00296901065764,-106.864,PPO,Ant-v4,2
101543,reward,1205,-53.96861136247797,-108.158,PPO,Ant-v4,2
101561,reward,1206,-68.5219552651373,-103.189,PPO,Ant-v4,2
101602,reward,1207,-147.0782489784452,-91.289,PPO,Ant-v4,2
101631,reward,1208,-98.16194778288327,-99.434,PPO,Ant-v4,2
101649,reward,1209,-68.72695636381216,-99.057,PPO,Ant-v4,2
101739,reward,1210,-283.21226184209286,-110.331,PPO,Ant-v4,2
101750,reward,1211,-38.522053692875005,-107.618,PPO,Ant-v4,2
101759,reward,1212,-23.346842325667563,-100.436,PPO,Ant-v4,2
102759,reward,1213,-3571.986317867893,-449.553,PPO,Ant-v4,2
102803,reward,1214,-161.30658876353422,-451.483,PPO,Ant-v4,2
102885,reward,1215,-329.14359650001563,-479.001,PPO,Ant-v4,2
102930,reward,1216,-162.9169460045384,-488.44,PPO,Ant-v4,2
103035,reward,1217,-397.73945862246893,-513.506,PPO,Ant-v4,2
103055,reward,1218,-60.77207729025902,-509.767,PPO,Ant-v4,2
103103,reward,1219,-113.99280878305116,-514.294,PPO,Ant-v4,2
103118,reward,1220,-46.62715578217122,-490.635,PPO,Ant-v4,2
103136,reward,1221,-56.26075152085186,-492.409,PPO,Ant-v4,2
103197,reward,1222,-216.33858821309033,-511.708,PPO,Ant-v4,2
103269,reward,1223,-222.2588154754894,-176.736,PPO,Ant-v4,2
103280,reward,1224,-49.569036496247776,-165.562,PPO,Ant-v4,2
103290,reward,1225,-32.47006190216966,-135.895,PPO,Ant-v4,2
103311,reward,1226,-63.53569692538271,-125.956,PPO,Ant-v4,2
103339,reward,1227,-102.73270709356183,-96.456,PPO,Ant-v4,2
103377,reward,1228,-163.14718409129,-106.693,PPO,Ant-v4,2
103411,reward,1229,-99.67000893649255,-105.261,PPO,Ant-v4,2
103437,reward,1230,-99.37873330864815,-110.536,PPO,Ant-v4,2
103482,reward,1231,-166.68326804888042,-121.578,PPO,Ant-v4,2
103531,reward,1232,-202.39484918091782,-120.184,PPO,Ant-v4,2
103547,reward,1233,-61.29349874606485,-104.088,PPO,Ant-v4,2
103557,reward,1234,-42.548552465534016,-103.385,PPO,Ant-v4,2
103630,reward,1235,-264.0945455522514,-126.548,PPO,Ant-v4,2
103673,reward,1236,-126.1457636786405,-132.809,PPO,Ant-v4,2
103701,reward,1237,-95.18819887181886,-132.054,PPO,Ant-v4,2
103725,reward,1238,-62.216113554584474,-121.961,PPO,Ant-v4,2
104725,reward,1239,-3492.5727741072697,-461.252,PPO,Ant-v4,2
104768,reward,1240,-135.91366429131554,-464.905,PPO,Ant-v4,2
104794,reward,1241,-106.96147418230564,-458.933,PPO,Ant-v4,2
104889,reward,1242,-351.4060354054097,-473.834,PPO,Ant-v4,2
104918,reward,1243,-89.51312331652228,-476.656,PPO,Ant-v4,2
104937,reward,1244,-54.93577045674389,-477.895,PPO,Ant-v4,2
104952,reward,1245,-72.89618022270267,-458.775,PPO,Ant-v4,2
105048,reward,1246,-346.28098998841403,-480.788,PPO,Ant-v4,2
105064,reward,1247,-36.31929399517156,-474.902,PPO,Ant-v4,2
105082,reward,1248,-62.93237360092771,-474.973,PPO,Ant-v4,2
105138,reward,1249,-180.19286344301207,-143.735,PPO,Ant-v4,2
105194,reward,1250,-185.60577706629323,-148.704,PPO,Ant-v4,2
105238,reward,1251,-186.93836421210668,-156.702,PPO,Ant-v4,2
105252,reward,1252,-48.67709823240653,-126.429,PPO,Ant-v4,2
106252,reward,1253,-3397.942846877748,-457.272,PPO,Ant-v4,2
106266,reward,1254,-49.805078802380706,-456.759,PPO,Ant-v4,2
106333,reward,1255,-247.29878794733222,-474.199,PPO,Ant-v4,2
106361,reward,1256,-97.51347409829913,-449.323,PPO,Ant-v4,2
106392,reward,1257,-78.84122044826452,-453.575,PPO,Ant-v4,2
106418,reward,1258,-73.1623549088528,-454.598,PPO,Ant-v4,2
106496,loss,-0.07085369527339935,15.060805320739746,PPO,Ant-v4,2
106518,reward,1259,-345.5495416805431,-471.133,PPO,Ant-v4,2
106558,reward,1260,-154.86043628530356,-468.059,PPO,Ant-v4,2
106579,reward,1261,-59.24850782263345,-455.29,PPO,Ant-v4,2
106671,reward,1262,-367.5739119621535,-487.18,PPO,Ant-v4,2
106705,reward,1263,-108.26329057198217,-158.212,PPO,Ant-v4,2
106722,reward,1264,-47.78573120530947,-158.01,PPO,Ant-v4,2
106735,reward,1265,-56.891968273321694,-138.969,PPO,Ant-v4,2
106819,reward,1266,-268.54049515267786,-156.072,PPO,Ant-v4,2
106835,reward,1267,-37.44617538533426,-151.932,PPO,Ant-v4,2
106855,reward,1268,-73.48566826101867,-151.965,PPO,Ant-v4,2
106877,reward,1269,-83.9500574110501,-125.805,PPO,Ant-v4,2
106890,reward,1270,-57.80191948489207,-116.099,PPO,Ant-v4,2
106949,reward,1271,-267.69695397339666,-136.944,PPO,Ant-v4,2
106965,reward,1272,-62.945822469219905,-106.481,PPO,Ant-v4,2
107066,reward,1273,-301.0479580873617,-125.759,PPO,Ant-v4,2
107108,reward,1274,-167.88068795328064,-137.769,PPO,Ant-v4,2
107137,reward,1275,-89.04720890740668,-140.984,PPO,Ant-v4,2
107169,reward,1276,-128.38025339777667,-126.968,PPO,Ant-v4,2
107185,reward,1277,-57.57684425352154,-128.981,PPO,Ant-v4,2
107219,reward,1278,-110.3745491671129,-132.67,PPO,Ant-v4,2
107235,reward,1279,-37.17552656709341,-127.993,PPO,Ant-v4,2
107322,reward,1280,-416.28080203592754,-163.841,PPO,Ant-v4,2
107343,reward,1281,-79.34589385628503,-145.006,PPO,Ant-v4,2
107376,reward,1282,-138.28469363912276,-152.539,PPO,Ant-v4,2
107399,reward,1283,-76.11967104198942,-130.047,PPO,Ant-v4,2
107444,reward,1284,-157.96456687582935,-129.055,PPO,Ant-v4,2
107458,reward,1285,-27.778638413574456,-122.928,PPO,Ant-v4,2
107471,reward,1286,-49.02515271350405,-114.993,PPO,Ant-v4,2
107484,reward,1287,-47.04411735458906,-113.939,PPO,Ant-v4,2
107493,reward,1288,-34.240575294517605,-106.326,PPO,Ant-v4,2
107548,reward,1289,-221.75694463539165,-124.784,PPO,Ant-v4,2
107564,reward,1290,-64.60045874168037,-89.616,PPO,Ant-v4,2
107616,reward,1291,-191.28056231015944,-100.81,PPO,Ant-v4,2
107709,reward,1292,-287.7063883060641,-115.752,PPO,Ant-v4,2
107723,reward,1293,-53.90720747010531,-113.53,PPO,Ant-v4,2
107758,reward,1294,-134.19611559581875,-111.154,PPO,Ant-v4,2
107772,reward,1295,-45.771362608192455,-112.953,PPO,Ant-v4,2
107785,reward,1296,-63.086792698812054,-114.359,PPO,Ant-v4,2
107848,reward,1297,-230.49456068410652,-132.704,PPO,Ant-v4,2
107875,reward,1298,-78.78080289783223,-137.158,PPO,Ant-v4,2
107886,reward,1299,-26.844245338125507,-117.667,PPO,Ant-v4,2
107970,reward,1300,-214.98602016173248,-132.705,PPO,Ant-v4,2
107990,reward,1301,-81.38948130740869,-121.716,PPO,Ant-v4,2
108070,reward,1302,-331.8803678038619,-126.134,PPO,Ant-v4,2
108083,reward,1303,-33.41721220940781,-124.085,PPO,Ant-v4,2
108114,reward,1304,-96.66831919127092,-120.332,PPO,Ant-v4,2
108142,reward,1305,-84.59665807444297,-124.214,PPO,Ant-v4,2
108159,reward,1306,-54.87890458723591,-123.394,PPO,Ant-v4,2
108310,reward,1307,-544.0342172987873,-154.748,PPO,Ant-v4,2
108480,reward,1308,-582.3721183379597,-205.107,PPO,Ant-v4,2
108571,reward,1309,-358.1567239752217,-238.238,PPO,Ant-v4,2
108589,reward,1310,-51.7073282117291,-221.91,PPO,Ant-v4,2
108606,reward,1311,-58.27264854557419,-219.598,PPO,Ant-v4,2
108660,reward,1312,-154.83620197413447,-201.894,PPO,Ant-v4,2
108684,reward,1313,-65.75744629286397,-205.128,PPO,Ant-v4,2
108738,reward,1314,-156.28960938510332,-211.09,PPO,Ant-v4,2
108752,reward,1315,-48.42416416403907,-207.473,PPO,Ant-v4,2
108801,reward,1316,-176.54895763485263,-219.64,PPO,Ant-v4,2
108841,reward,1317,-131.43779366674013,-178.38,PPO,Ant-v4,2
108880,reward,1318,-139.69900277761664,-134.113,PPO,Ant-v4,2
108903,reward,1319,-65.17140233364476,-104.814,PPO,Ant-v4,2
108957,reward,1320,-198.19726349229538,-119.463,PPO,Ant-v4,2
108984,reward,1321,-119.35921329514,-125.572,PPO,Ant-v4,2
108997,reward,1322,-45.55793056559655,-114.644,PPO,Ant-v4,2
109013,reward,1323,-41.99943241577682,-112.268,PPO,Ant-v4,2
109034,reward,1324,-67.32030900332941,-103.372,PPO,Ant-v4,2
109067,reward,1325,-93.8291402087849,-107.912,PPO,Ant-v4,2
109096,reward,1326,-108.02438311858066,-101.06,PPO,Ant-v4,2
109134,reward,1327,-187.767702113279,-106.693,PPO,Ant-v4,2
109208,reward,1328,-244.89117560899612,-117.212,PPO,Ant-v4,2
109252,reward,1329,-140.93110716124494,-124.788,PPO,Ant-v4,2
109297,reward,1330,-117.16266318972033,-116.684,PPO,Ant-v4,2
109310,reward,1331,-47.62497388825179,-109.511,PPO,Ant-v4,2
109336,reward,1332,-66.7406494683797,-111.629,PPO,Ant-v4,2
109374,reward,1333,-118.25378213213378,-119.255,PPO,Ant-v4,2
109392,reward,1334,-85.62736371950469,-121.085,PPO,Ant-v4,2
109416,reward,1335,-102.53301443498329,-121.956,PPO,Ant-v4,2
109432,reward,1336,-58.0268611274619,-116.956,PPO,Ant-v4,2
109477,reward,1337,-125.83504405909535,-110.763,PPO,Ant-v4,2
109494,reward,1338,-76.61200709695571,-93.935,PPO,Ant-v4,2
109563,reward,1339,-262.1300336640042,-106.055,PPO,Ant-v4,2
109582,reward,1340,-88.99387367276722,-103.238,PPO,Ant-v4,2
109600,reward,1341,-67.05348648004309,-105.181,PPO,Ant-v4,2
109678,reward,1342,-231.36944558531252,-121.643,PPO,Ant-v4,2
109759,reward,1343,-191.1042606691418,-128.929,PPO,Ant-v4,2
109776,reward,1344,-33.65435682938896,-123.731,PPO,Ant-v4,2
109809,reward,1345,-101.68017505363473,-123.646,PPO,Ant-v4,2
109940,reward,1346,-515.864176864854,-169.43,PPO,Ant-v4,2
110000,speed,1432.48,1.27,PPO,Ant-v4,2
110016,reward,1347,-265.5739351115653,-183.404,PPO,Ant-v4,2
110054,reward,1348,-134.66460602446537,-189.209,PPO,Ant-v4,2
110096,reward,1349,-106.22692261031486,-173.619,PPO,Ant-v4,2
110143,reward,1350,-206.03747721287527,-185.323,PPO,Ant-v4,2
110156,reward,1351,-42.73723215798965,-182.891,PPO,Ant-v4,2
110175,reward,1352,-48.216765929315486,-164.576,PPO,Ant-v4,2
110222,reward,1353,-183.38846933190771,-163.804,PPO,Ant-v4,2
110253,reward,1354,-93.3261584696626,-169.772,PPO,Ant-v4,2
110291,reward,1355,-123.00984454235383,-171.905,PPO,Ant-v4,2
110355,reward,1356,-150.3522639867607,-135.353,PPO,Ant-v4,2
110399,reward,1357,-143.39570911627095,-123.136,PPO,Ant-v4,2
110411,reward,1358,-36.04935730223487,-113.274,PPO,Ant-v4,2
110443,reward,1359,-82.10967891539264,-110.862,PPO,Ant-v4,2
110527,reward,1360,-337.1778117568653,-123.976,PPO,Ant-v4,2
110575,reward,1361,-156.7147405647244,-135.374,PPO,Ant-v4,2
110606,reward,1362,-128.11088144447842,-143.363,PPO,Ant-v4,2
110619,reward,1363,-32.06249504171704,-128.231,PPO,Ant-v4,2
110634,reward,1364,-49.057824532865176,-123.804,PPO,Ant-v4,2
110719,reward,1365,-291.04255050256904,-140.607,PPO,Ant-v4,2
110761,reward,1366,-169.3692635162513,-142.509,PPO,Ant-v4,2
110847,reward,1367,-245.786705347291,-152.748,PPO,Ant-v4,2
110986,reward,1368,-438.39278809924656,-192.982,PPO,Ant-v4,2
111006,reward,1369,-57.16562685775393,-190.488,PPO,Ant-v4,2
111035,reward,1370,-118.4650455434001,-168.617,PPO,Ant-v4,2
111072,reward,1371,-145.64509140930912,-167.51,PPO,Ant-v4,2
111171,reward,1372,-343.05192387261985,-189.004,PPO,Ant-v4,2
111192,reward,1373,-70.72942282457862,-192.871,PPO,Ant-v4,2
111218,reward,1374,-82.54966792506143,-196.22,PPO,Ant-v4,2
111231,reward,1375,-35.1757377425319,-170.633,PPO,Ant-v4,2
111244,reward,1376,-42.042272071599086,-157.9,PPO,Ant-v4,2
111295,reward,1377,-203.9510880133192,-153.717,PPO,Ant-v4,2
111316,reward,1378,-74.18540401490343,-117.296,PPO,Ant-v4,2
112316,reward,1379,-3497.6617873685386,-461.346,PPO,Ant-v4,2
112340,reward,1380,-114.09305899827521,-460.909,PPO,Ant-v4,2
112354,reward,1381,-42.96218749048844,-450.64,PPO,Ant-v4,2
112377,reward,1382,-61.4720901701272,-422.482,PPO,Ant-v4,2
113377,reward,1383,-3528.8095362626505,-768.29,PPO,Ant-v4,2
113410,reward,1384,-107.71731900472953,-770.807,PPO,Ant-v4,2
113435,reward,1385,-84.46320498341164,-775.736,PPO,Ant-v4,2
113480,reward,1386,-117.30888984701116,-783.262,PPO,Ant-v4,2
113560,reward,1387,-246.06438776914462,-787.474,PPO,Ant-v4,2
113613,reward,1388,-207.61323698190049,-800.817,PPO,Ant-v4,2
113624,reward,1389,-57.008694517953074,-456.751,PPO,Ant-v4,2
113645,reward,1390,-38.023497835512686,-449.144,PPO,Ant-v4,2
113680,reward,1391,-163.4912843672222,-461.197,PPO,Ant-v4,2
113726,reward,1392,-122.93243443433616,-467.343,PPO,Ant-v4,2
113740,reward,1393,-64.05279849164187,-120.868,PPO,Ant-v4,2
113843,reward,1394,-431.58688066388186,-153.255,PPO,Ant-v4,2
113873,reward,1395,-132.2949520162129,-158.038,PPO,Ant-v4,2
113919,reward,1396,-146.63476581926258,-160.97,PPO,Ant-v4,2
113944,reward,1397,-110.11407360511318,-147.375,PPO,Ant-v4,2
113966,reward,1398,-79.0311838053332,-134.517,PPO,Ant-v4,2
113980,reward,1399,-49.672643917235604,-133.783,PPO,Ant-v4,2
113995,reward,1400,-53.438966204689116,-135.325,PPO,Ant-v4,2
114688,loss,-0.07402981072664261,16.388090133666992,PPO,Ant-v4,2
114690,reward,1401,-2400.327813922709,-359.009,PPO,Ant-v4,2
114717,reward,1402,-135.4893979642695,-360.264,PPO,Ant-v4,2
114756,reward,1403,-177.0339145421994,-371.562,PPO,Ant-v4,2
114775,reward,1404,-56.246165149224865,-334.028,PPO,Ant-v4,2
114866,reward,1405,-286.4715827173798,-349.446,PPO,Ant-v4,2
114924,reward,1406,-225.2048854908735,-357.303,PPO,Ant-v4,2
114941,reward,1407,-68.09966377986328,-353.102,PPO,Ant-v4,2
114954,reward,1408,-61.2805036101055,-351.327,PPO,Ant-v4,2
115954,reward,1409,-3646.9965070243825,-711.059,PPO,Ant-v4,2
115978,reward,1410,-91.97239868838516,-714.912,PPO,Ant-v4,2
116037,reward,1411,-193.92281934349157,-494.272,PPO,Ant-v4,2
116101,reward,1412,-249.0045436860957,-505.623,PPO,Ant-v4,2
116114,reward,1413,-38.662277072747806,-491.786,PPO,Ant-v4,2
116205,reward,1414,-335.1806772324535,-519.68,PPO,Ant-v4,2
116233,reward,1415,-109.61510789040727,-501.994,PPO,Ant-v4,2
116256,reward,1416,-63.98563210914602,-485.872,PPO,Ant-v4,2
116281,reward,1417,-104.96126753446477,-489.558,PPO,Ant-v4,2
116336,reward,1418,-210.80699439720738,-504.511,PPO,Ant-v4,2
116444,reward,1419,-393.9854342858155,-179.21,PPO,Ant-v4,2
116456,reward,1420,-45.39923071991972,-174.552,PPO,Ant-v4,2
116486,reward,1421,-147.2869101599527,-169.889,PPO,Ant-v4,2
116537,reward,1422,-165.66136282054725,-161.554,PPO,Ant-v4,2
116584,reward,1423,-139.33324520794707,-171.622,PPO,Ant-v4,2
116604,reward,1424,-78.55130739682437,-145.959,PPO,Ant-v4,2
116664,reward,1425,-160.08994389589583,-151.006,PPO,Ant-v4,2
116696,reward,1426,-139.3780446445435,-158.545,PPO,Ant-v4,2
116757,reward,1427,-225.11453157816726,-170.561,PPO,Ant-v4,2
116788,reward,1428,-96.32261701475663,-159.112,PPO,Ant-v4,2
116822,reward,1429,-115.42630044381197,-131.256,PPO,Ant-v4,2
116849,reward,1430,-102.80873011477757,-136.997,PPO,Ant-v4,2
116910,reward,1431,-263.9714903286355,-148.666,PPO,Ant-v4,2
116930,reward,1432,-82.17160583215596,-140.317,PPO,Ant-v4,2
116963,reward,1433,-136.54321532954359,-140.038,PPO,Ant-v4,2
117963,reward,1434,-3641.914892016193,-496.374,PPO,Ant-v4,2
117973,reward,1435,-31.61045555984885,-483.526,PPO,Ant-v4,2
118034,reward,1436,-233.8900118828617,-492.977,PPO,Ant-v4,2
118086,reward,1437,-177.64063545915485,-488.23,PPO,Ant-v4,2
118105,reward,1438,-50.70999455676957,-483.669,PPO,Ant-v4,2
118146,reward,1439,-129.29430875275,-485.056,PPO,Ant-v4,2
118161,reward,1440,-55.158959073261926,-480.291,PPO,Ant-v4,2
118175,reward,1441,-44.3548732015026,-458.329,PPO,Ant-v4,2
118269,reward,1442,-323.225299565235,-482.434,PPO,Ant-v4,2
118282,reward,1443,-25.553519005440144,-471.335,PPO,Ant-v4,2
118301,reward,1444,-67.61417546601452,-113.905,PPO,Ant-v4,2
118392,reward,1445,-375.9311441854255,-148.337,PPO,Ant-v4,2
118401,reward,1446,-45.24046551443744,-129.472,PPO,Ant-v4,2
118415,reward,1447,-43.10548374838583,-116.019,PPO,Ant-v4,2
118455,reward,1448,-157.15581960744416,-126.663,PPO,Ant-v4,2
118476,reward,1449,-90.14864588318693,-122.749,PPO,Ant-v4,2
118596,reward,1450,-400.830814397036,-157.316,PPO,Ant-v4,2
118612,reward,1451,-31.246888445952344,-156.005,PPO,Ant-v4,2
118627,reward,1452,-70.24034431646741,-130.707,PPO,Ant-v4,2
118659,reward,1453,-130.1131250988369,-141.163,PPO,Ant-v4,2
118697,reward,1454,-151.28698882547744,-149.53,PPO,Ant-v4,2
118711,reward,1455,-61.62086019552067,-118.099,PPO,Ant-v4,2
118758,reward,1456,-170.00114105999876,-130.575,PPO,Ant-v4,2
118799,reward,1457,-138.87069683663177,-140.152,PPO,Ant-v4,2
119799,reward,1458,-3525.868363548983,-477.023,PPO,Ant-v4,2
119868,reward,1459,-302.05787239131354,-498.214,PPO,Ant-v4,2
119903,reward,1460,-135.7338153121034,-471.704,PPO,Ant-v4,2
119920,reward,1461,-65.461680372318,-475.125,PPO,Ant-v4,2
120000,speed,1416.8,1.39,PPO,Ant-v4,2
120004,reward,1462,-245.07971874897558,-492.609,PPO,Ant-v4,2
120038,reward,1463,-110.24673360966261,-490.623,PPO,Ant-v4,2
120065,reward,1464,-99.57115084374024,-485.451,PPO,Ant-v4,2
120089,reward,1465,-74.10293628418731,-486.699,PPO,Ant-v4,2
120116,reward,1466,-124.17670304298835,-482.117,PPO,Ant-v4,2
120161,reward,1467,-123.78861979539379,-480.609,PPO,Ant-v4,2
120170,reward,1468,-36.812707501582146,-131.703,PPO,Ant-v4,2
120182,reward,1469,-44.51990146961441,-105.949,PPO,Ant-v4,2
120195,reward,1470,-40.58780793601581,-96.435,PPO,Ant-v4,2
120229,reward,1471,-110.82129849002618,-100.971,PPO,Ant-v4,2
120240,reward,1472,-42.01319747724878,-80.664,PPO,Ant-v4,2
120339,reward,1473,-229.8737658245617,-92.627,PPO,Ant-v4,2
120353,reward,1474,-52.223281707173875,-87.892,PPO,Ant-v4,2
120386,reward,1475,-98.58232497249081,-90.34,PPO,Ant-v4,2
120413,reward,1476,-94.47923940155161,-87.37,PPO,Ant-v4,2
120432,reward,1477,-67.3504474260594,-81.726,PPO,Ant-v4,2
121432,reward,1478,-3465.381583979725,-424.583,PPO,Ant-v4,2
121477,reward,1479,-140.81973762669418,-434.213,PPO,Ant-v4,2
121593,reward,1480,-448.12020063014023,-474.967,PPO,Ant-v4,2
121609,reward,1481,-53.38524463487977,-469.223,PPO,Ant-v4,2
121634,reward,1482,-85.24811197560824,-473.546,PPO,Ant-v4,2
121688,reward,1483,-178.69256236952904,-468.428,PPO,Ant-v4,2
121697,reward,1484,-24.832471881208008,-465.689,PPO,Ant-v4,2
121718,reward,1485,-79.12354014129342,-463.743,PPO,Ant-v4,2
121734,reward,1486,-53.26337013589451,-459.622,PPO,Ant-v4,2
122734,reward,1487,-3548.0256128809274,-807.689,PPO,Ant-v4,2
122761,reward,1488,-79.45330620967498,-469.096,PPO,Ant-v4,2
122773,reward,1489,-47.61037428941364,-459.775,PPO,Ant-v4,2
122785,reward,1490,-28.336287844933445,-417.797,PPO,Ant-v4,2
122811,reward,1491,-60.54663218009506,-418.513,PPO,Ant-v4,2
122880,loss,-0.06896866112947464,14.058309555053711,PPO,Ant-v4,2
122980,reward,1492,-569.3813167579261,-466.927,PPO,Ant-v4,2
123002,reward,1493,-89.05811341449542,-457.963,PPO,Ant-v4,2
123054,reward,1494,-184.1672845617532,-473.897,PPO,Ant-v4,2
123165,reward,1495,-404.52198947803004,-506.436,PPO,Ant-v4,2
123238,reward,1496,-305.37932507970964,-531.648,PPO,Ant-v4,2
123255,reward,1497,-72.27404199745511,-184.073,PPO,Ant-v4,2
123333,reward,1498,-267.75013922594434,-202.903,PPO,Ant-v4,2
123409,reward,1499,-289.530894009414,-227.095,PPO,Ant-v4,2
123443,reward,1500,-111.70865732871923,-235.432,PPO,Ant-v4,2
123459,reward,1501,-46.013213307123955,-233.978,PPO,Ant-v4,2
123482,reward,1502,-93.68472758695926,-186.409,PPO,Ant-v4,2
123506,reward,1503,-72.99158086447576,-184.802,PPO,Ant-v4,2
123615,reward,1504,-293.48631009001184,-195.734,PPO,Ant-v4,2
123646,reward,1505,-98.43231251223253,-165.125,PPO,Ant-v4,2
123685,reward,1506,-130.4503977847707,-147.632,PPO,Ant-v4,2
124685,reward,1507,-3528.9202157073687,-493.297,PPO,Ant-v4,2
124714,reward,1508,-118.35368169218124,-478.357,PPO,Ant-v4,2
124752,reward,1509,-130.14193804705275,-462.418,PPO,Ant-v4,2
125443,reward,1510,-2472.179960110878,-698.465,PPO,Ant-v4,2
125454,reward,1511,-28.61985170595347,-696.726,PPO,Ant-v4,2
125489,reward,1512,-114.99266595765859,-698.857,PPO,Ant-v4,2
125580,reward,1513,-341.26961115288464,-725.685,PPO,Ant-v4,2
125602,reward,1514,-86.43544452532413,-704.98,PPO,Ant-v4,2
125686,reward,1515,-301.60393608151884,-725.297,PPO,Ant-v4,2
125746,reward,1516,-192.47673595092024,-731.499,PPO,Ant-v4,2
125756,reward,1517,-41.76624055801314,-382.784,PPO,Ant-v4,2
125822,reward,1518,-232.92556472249217,-394.241,PPO,Ant-v4,2
125845,reward,1519,-78.65636601637256,-389.093,PPO,Ant-v4,2
125861,reward,1520,-57.54525825174329,-147.629,PPO,Ant-v4,2
125878,reward,1521,-62.67124252899986,-151.034,PPO,Ant-v4,2
125893,reward,1522,-54.80992737777853,-145.016,PPO,Ant-v4,2
125943,reward,1523,-196.3340983571112,-130.522,PPO,Ant-v4,2
125965,reward,1524,-79.82398631479133,-129.861,PPO,Ant-v4,2
125988,reward,1525,-85.48316678484568,-108.249,PPO,Ant-v4,2
126067,reward,1526,-283.2634468266357,-117.328,PPO,Ant-v4,2
126116,reward,1527,-217.03632127130237,-134.855,PPO,Ant-v4,2
126161,reward,1528,-161.0249039684863,-127.665,PPO,Ant-v4,2
126227,reward,1529,-258.77306719435745,-145.677,PPO,Ant-v4,2
126267,reward,1530,-164.5734194557661,-156.379,PPO,Ant-v4,2
126300,reward,1531,-82.06820615005486,-158.319,PPO,Ant-v4,2
126318,reward,1532,-69.42559893854317,-159.781,PPO,Ant-v4,2
126332,reward,1533,-61.923257017551634,-146.34,PPO,Ant-v4,2
126374,reward,1534,-160.08521307166342,-154.366,PPO,Ant-v4,2
126390,reward,1535,-70.49804437290547,-152.867,PPO,Ant-v4,2
126454,reward,1536,-254.89788478049036,-150.031,PPO,Ant-v4,2
126482,reward,1537,-105.03289810987293,-138.83,PPO,Ant-v4,2
126527,reward,1538,-179.11332358958904,-140.639,PPO,Ant-v4,2
126554,reward,1539,-55.62829341901111,-120.325,PPO,Ant-v4,2
126634,reward,1540,-280.26636812603414,-131.894,PPO,Ant-v4,2
126690,reward,1541,-210.60617256805426,-144.748,PPO,Ant-v4,2
126988,reward,1542,-1135.494233525782,-251.355,PPO,Ant-v4,2
127007,reward,1543,-44.43650097454731,-249.606,PPO,Ant-v4,2
127049,reward,1544,-113.00829838795444,-244.898,PPO,Ant-v4,2
127062,reward,1545,-44.70207235899952,-242.319,PPO,Ant-v4,2
127100,reward,1546,-120.99513968511512,-228.928,PPO,Ant-v4,2
128100,reward,1547,-3608.650351156568,-579.29,PPO,Ant-v4,2
128121,reward,1548,-73.02052433628585,-568.681,PPO,Ant-v4,2
128218,reward,1549,-417.6304733047858,-604.881,PPO,Ant-v4,2
128247,reward,1550,-109.83583278468564,-587.838,PPO,Ant-v4,2
128330,reward,1551,-312.837523259222,-598.061,PPO,Ant-v4,2
128339,reward,1552,-37.32668251727452,-488.244,PPO,Ant-v4,2
128381,reward,1553,-171.19851127011233,-500.921,PPO,Ant-v4,2
128432,reward,1554,-207.98902033355407,-510.419,PPO,Ant-v4,2
128444,reward,1555,-46.66250999446412,-510.615,PPO,Ant-v4,2
128457,reward,1556,-42.60116277113718,-502.775,PPO,Ant-v4,2
128494,reward,1557,-132.32879982174614,-155.143,PPO,Ant-v4,2
128519,reward,1558,-88.6543732916884,-156.706,PPO,Ant-v4,2
128530,reward,1559,-31.936610102972462,-118.137,PPO,Ant-v4,2
128574,reward,1560,-164.65422119991155,-123.619,PPO,Ant-v4,2
128619,reward,1561,-156.7023090033581,-108.005,PPO,Ant-v4,2
129619,reward,1562,-3604.572632126408,-464.73,PPO,Ant-v4,2
129710,reward,1563,-347.26443877320884,-482.337,PPO,Ant-v4,2
129764,reward,1564,-154.1607958622222,-476.954,PPO,Ant-v4,2
130000,speed,1326.86,1.51,PPO,Ant-v4,2
130764,reward,1565,-3473.8222707450745,-819.67,PPO,Ant-v4,2
130855,reward,1566,-317.1632909662069,-847.126,PPO,Ant-v4,2
130905,reward,1567,-260.56661381915836,-859.95,PPO,Ant-v4,2
130919,reward,1568,-56.89846866605245,-856.774,PPO,Ant-v4,2
130933,reward,1569,-49.038883979867165,-858.484,PPO,Ant-v4,2
130951,reward,1570,-53.81719601268494,-847.401,PPO,Ant-v4,2
131001,reward,1571,-211.80093906668836,-852.911,PPO,Ant-v4,2
131069,reward,1572,-222.34105236099737,-514.687,PPO,Ant-v4,2
131072,loss,-0.061803340911865234,16.42743492126465,PPO,Ant-v4,2
132069,reward,1573,-3646.319949530572,-844.593,PPO,Ant-v4,2
132092,reward,1574,-76.7645184783463,-836.853,PPO,Ant-v4,2
132115,reward,1575,-87.98659066230238,-498.27,PPO,Ant-v4,2
132133,reward,1576,-66.07691152614393,-473.161,PPO,Ant-v4,2
132159,reward,1577,-84.15638961236324,-455.52,PPO,Ant-v4,2
132179,reward,1578,-69.08449061974994,-456.739,PPO,Ant-v4,2
132193,reward,1579,-51.36870314427351,-456.972,PPO,Ant-v4,2
132237,reward,1580,-122.74261497925858,-463.864,PPO,Ant-v4,2
132258,reward,1581,-102.8685029775554,-452.971,PPO,Ant-v4,2
132299,reward,1582,-108.94738240685473,-441.632,PPO,Ant-v4,2
132312,reward,1583,-33.972101450887294,-80.397,PPO,Ant-v4,2
132357,reward,1584,-121.9420426966462,-84.915,PPO,Ant-v4,2
132382,reward,1585,-90.82907418710413,-85.199,PPO,Ant-v4,2
132394,reward,1586,-57.655436052508314,-84.357,PPO,Ant-v4,2
132425,reward,1587,-98.9761841274379,-85.839,PPO,Ant-v4,2
132434,reward,1588,-29.60928064554562,-81.891,PPO,Ant-v4,2
132494,reward,1589,-143.25730342836633,-91.08,PPO,Ant-v4,2
132512,reward,1590,-40.67143375017623,-82.873,PPO,Ant-v4,2
132524,reward,1591,-59.12463133283964,-78.498,PPO,Ant-v4,2
132533,reward,1592,-34.09014803744886,-71.013,PPO,Ant-v4,2
132557,reward,1593,-82.17661954515573,-75.833,PPO,Ant-v4,2
132609,reward,1594,-200.651286908171,-83.704,PPO,Ant-v4,2
132621,reward,1595,-37.07468662436344,-78.329,PPO,Ant-v4,2
132653,reward,1596,-127.03206806557665,-85.266,PPO,Ant-v4,2
132703,reward,1597,-228.521696823662,-98.221,PPO,Ant-v4,2
132807,reward,1598,-323.76879451705133,-127.637,PPO,Ant-v4,2
132874,reward,1599,-294.54191526722053,-142.765,PPO,Ant-v4,2
132941,reward,1600,-237.09180908533872,-162.407,PPO,Ant-v4,2
132953,reward,1601,-48.17706206959897,-161.313,PPO,Ant-v4,2
133028,reward,1602,-274.3710642928893,-185.341,PPO,Ant-v4,2
133160,reward,1603,-471.2364533894179,-224.247,PPO,Ant-v4,2
133171,reward,1604,-50.491947494438996,-209.231,PPO,Ant-v4,2
134171,reward,1605,-3625.317255362238,-568.055,PPO,Ant-v4,2
134186,reward,1606,-48.84837111462212,-560.237,PPO,Ant-v4,2
134200,reward,1607,-34.10634453274416,-540.795,PPO,Ant-v4,2
134224,reward,1608,-87.98618154405276,-517.217,PPO,Ant-v4,2
135224,reward,1609,-3942.5924311810795,-882.022,PPO,Ant-v4,2
135239,reward,1610,-52.58717115891706,-863.571,PPO,Ant-v4,2
135248,reward,1611,-37.37074582555692,-862.491,PPO,Ant-v4,2
135274,reward,1612,-104.39916037971298,-845.494,PPO,Ant-v4,2
135372,reward,1613,-381.72974960609065,-836.543,PPO,Ant-v4,2
135402,reward,1614,-135.39286472793108,-845.033,PPO,Ant-v4,2
135481,reward,1615,-310.99499503028426,-513.601,PPO,Ant-v4,2
135518,reward,1616,-172.08878036240205,-525.925,PPO,Ant-v4,2
135552,reward,1617,-141.24684956733307,-536.639,PPO,Ant-v4,2
135611,reward,1618,-251.65110524218025,-553.005,PPO,Ant-v4,2
135651,reward,1619,-123.22077376000578,-171.068,PPO,Ant-v4,2
135666,reward,1620,-46.07110048345704,-170.417,PPO,Ant-v4,2
135682,reward,1621,-51.90828028802352,-171.87,PPO,Ant-v4,2
135733,reward,1622,-169.3890276540026,-178.369,PPO,Ant-v4,2
135761,reward,1623,-100.95780438617773,-150.292,PPO,Ant-v4,2
135822,reward,1624,-190.05198028366794,-155.758,PPO,Ant-v4,2
135851,reward,1625,-98.52180430531074,-134.511,PPO,Ant-v4,2
135872,reward,1626,-64.3304496908722,-123.735,PPO,Ant-v4,2
135909,reward,1627,-90.69988183193934,-118.68,PPO,Ant-v4,2
135981,reward,1628,-262.47863522087613,-119.763,PPO,Ant-v4,2
136006,reward,1629,-112.14948429251872,-118.656,PPO,Ant-v4,2
136076,reward,1630,-324.5834683245918,-146.507,PPO,Ant-v4,2
136174,reward,1631,-409.9589450752036,-182.312,PPO,Ant-v4,2
136241,reward,1632,-275.73114028238354,-192.946,PPO,Ant-v4,2
137241,reward,1633,-3789.554361883634,-561.806,PPO,Ant-v4,2
137293,reward,1634,-154.1650645245084,-558.217,PPO,Ant-v4,2
137358,reward,1635,-252.70652928041116,-573.636,PPO,Ant-v4,2
137407,reward,1636,-186.47556200732785,-585.85,PPO,Ant-v4,2
137455,reward,1637,-210.1529743972158,-597.796,PPO,Ant-v4,2
137522,reward,1638,-264.99111217877413,-598.047,PPO,Ant-v4,2
137546,reward,1639,-79.08106456524509,-594.74,PPO,Ant-v4,2
137598,reward,1640,-233.38836484385408,-585.621,PPO,Ant-v4,2
137630,reward,1641,-131.36131071600641,-557.761,PPO,Ant-v4,2
137687,reward,1642,-154.9709455454495,-545.685,PPO,Ant-v4,2
137713,reward,1643,-112.19143082037611,-177.948,PPO,Ant-v4,2
137752,reward,1644,-169.03025973277266,-179.435,PPO,Ant-v4,2
137775,reward,1645,-75.20767704826014,-161.685,PPO,Ant-v4,2
137809,reward,1646,-135.23920905406982,-156.561,PPO,Ant-v4,2
137828,reward,1647,-76.7128681686284,-143.217,PPO,Ant-v4,2
137859,reward,1648,-100.57781209457694,-126.776,PPO,Ant-v4,2
137959,reward,1649,-372.87663454533623,-156.156,PPO,Ant-v4,2
137993,reward,1650,-124.75462223425016,-145.292,PPO,Ant-v4,2
138009,reward,1651,-51.77089361776517,-137.333,PPO,Ant-v4,2
138066,reward,1652,-214.12766655203927,-143.249,PPO,Ant-v4,2
138082,reward,1653,-94.59296763010053,-141.489,PPO,Ant-v4,2
138120,reward,1654,-139.86412189852757,-138.572,PPO,Ant-v4,2
138160,reward,1655,-135.1333289104919,-144.565,PPO,Ant-v4,2
138173,reward,1656,-49.35076279969453,-135.976,PPO,Ant-v4,2
138220,reward,1657,-221.34161939524353,-150.439,PPO,Ant-v4,2
138232,reward,1658,-47.107914076598455,-145.092,PPO,Ant-v4,2
138283,reward,1659,-172.75841386369163,-125.08,PPO,Ant-v4,2
138365,reward,1660,-293.85496643838513,-141.99,PPO,Ant-v4,2
138455,reward,1661,-381.4666652678368,-174.96,PPO,Ant-v4,2
138499,reward,1662,-145.22019119018083,-168.069,PPO,Ant-v4,2
138535,reward,1663,-94.56499776009274,-168.066,PPO,Ant-v4,2
138565,reward,1664,-85.28674806887973,-162.609,PPO,Ant-v4,2
138641,reward,1665,-220.5745660002656,-171.153,PPO,Ant-v4,2
138672,reward,1666,-111.24611246768991,-177.342,PPO,Ant-v4,2
138710,reward,1667,-168.04103248018578,-172.012,PPO,Ant-v4,2
139264,loss,-0.06602028757333755,16.768985748291016,PPO,Ant-v4,2
139710,reward,1668,-3662.489467476324,-533.55,PPO,Ant-v4,2
139734,reward,1669,-90.85618248964843,-525.36,PPO,Ant-v4,2
139747,reward,1670,-56.69077135643681,-501.644,PPO,Ant-v4,2
139848,reward,1671,-418.1429664947946,-505.311,PPO,Ant-v4,2
139885,reward,1672,-96.8428750127724,-500.474,PPO,Ant-v4,2
139905,reward,1673,-98.79383995146544,-500.896,PPO,Ant-v4,2
139929,reward,1674,-113.51619749053071,-503.719,PPO,Ant-v4,2
139960,reward,1675,-120.733884135101,-493.735,PPO,Ant-v4,2
139996,reward,1676,-120.6854513674078,-494.679,PPO,Ant-v4,2
140000,speed,1216.39,1.65,PPO,Ant-v4,2
140023,reward,1677,-141.37431208712903,-492.013,PPO,Ant-v4,2
140036,reward,1678,-43.2981139970173,-130.093,PPO,Ant-v4,2
140049,reward,1679,-48.733249721253685,-125.881,PPO,Ant-v4,2
140128,reward,1680,-259.8889456230348,-146.201,PPO,Ant-v4,2
141128,reward,1681,-3683.887106723751,-472.775,PPO,Ant-v4,2
141228,reward,1682,-382.5866267223573,-501.35,PPO,Ant-v4,2
141286,reward,1683,-235.39059829005058,-515.009,PPO,Ant-v4,2
141298,reward,1684,-54.679301424539254,-509.126,PPO,Ant-v4,2
141324,reward,1685,-113.35983029819363,-508.388,PPO,Ant-v4,2
141369,reward,1686,-105.57999546159274,-506.878,PPO,Ant-v4,2
141454,reward,1687,-301.7432390123967,-522.915,PPO,Ant-v4,2
141470,reward,1688,-46.155093843294,-523.2,PPO,Ant-v4,2
141479,reward,1689,-28.278187764258615,-521.155,PPO,Ant-v4,2
141524,reward,1690,-159.3485869550885,-511.101,PPO,Ant-v4,2
141540,reward,1691,-71.02217915373359,-149.814,PPO,Ant-v4,2
141550,reward,1692,-35.670340124553036,-115.123,PPO,Ant-v4,2
141637,reward,1693,-431.82403795292043,-134.766,PPO,Ant-v4,2
141649,reward,1694,-46.29031379919577,-133.927,PPO,Ant-v4,2
141690,reward,1695,-136.05268779993628,-136.196,PPO,Ant-v4,2
141713,reward,1696,-108.6750368921494,-136.506,PPO,Ant-v4,2
141774,reward,1697,-267.54656095348884,-133.086,PPO,Ant-v4,2
141789,reward,1698,-41.073053189543074,-132.578,PPO,Ant-v4,2
141802,reward,1699,-63.920990328530166,-136.142,PPO,Ant-v4,2
141849,reward,1700,-182.6178945292381,-138.469,PPO,Ant-v4,2
141916,reward,1701,-239.45503743229517,-155.313,PPO,Ant-v4,2
141929,reward,1702,-51.051226523898784,-156.851,PPO,Ant-v4,2
141958,reward,1703,-100.60303745518779,-123.729,PPO,Ant-v4,2
142001,reward,1704,-155.98607287174636,-134.698,PPO,Ant-v4,2
142035,reward,1705,-131.01743023099488,-134.195,PPO,Ant-v4,2
142050,reward,1706,-70.15196326525802,-130.342,PPO,Ant-v4,2
142099,reward,1707,-204.86721818078837,-124.074,PPO,Ant-v4,2
142157,reward,1708,-219.6007337535185,-141.927,PPO,Ant-v4,2
142180,reward,1709,-83.23372345047609,-143.858,PPO,Ant-v4,2
142233,reward,1710,-226.8145781425093,-148.278,PPO,Ant-v4,2
142290,reward,1711,-181.90391949975339,-142.523,PPO,Ant-v4,2
142325,reward,1712,-141.979631183573,-151.616,PPO,Ant-v4,2
142361,reward,1713,-128.8685949757074,-154.442,PPO,Ant-v4,2
142387,reward,1714,-94.65506298274887,-148.309,PPO,Ant-v4,2
142403,reward,1715,-55.58848447090156,-140.766,PPO,Ant-v4,2
142426,reward,1716,-28.331573081975066,-136.584,PPO,Ant-v4,2
142573,reward,1717,-525.4659539050224,-168.644,PPO,Ant-v4,2
142768,reward,1718,-683.5633411853687,-215.04,PPO,Ant-v4,2
142838,reward,1719,-309.48871565101257,-237.666,PPO,Ant-v4,2
142860,reward,1720,-75.23478088826879,-222.508,PPO,Ant-v4,2
142884,reward,1721,-94.1313766206409,-213.731,PPO,Ant-v4,2
142990,reward,1722,-337.08744267174893,-233.242,PPO,Ant-v4,2
143012,reward,1723,-91.29170089983081,-229.484,PPO,Ant-v4,2
143029,reward,1724,-56.6842430306594,-225.687,PPO,Ant-v4,2
143067,reward,1725,-142.85712345892725,-234.414,PPO,Ant-v4,2
144067,reward,1726,-3609.740779840157,-592.555,PPO,Ant-v4,2
145067,reward,1727,-3560.4473538406196,-896.053,PPO,Ant-v4,2
145081,reward,1728,-64.19074223469443,-834.115,PPO,Ant-v4,2
145099,reward,1729,-86.02083594023559,-811.769,PPO,Ant-v4,2
145112,reward,1730,-44.23577351811302,-808.669,PPO,Ant-v4,2
145125,reward,1731,-67.44759872459053,-806.0,PPO,Ant-v4,2
145193,reward,1732,-230.07037544396485,-795.299,PPO,Ant-v4,2
145232,reward,1733,-132.94591959560515,-799.464,PPO,Ant-v4,2
145252,reward,1734,-68.11834299091208,-800.607,PPO,Ant-v4,2
145277,reward,1735,-96.13518826944464,-795.935,PPO,Ant-v4,2
145302,reward,1736,-56.492896421887714,-440.611,PPO,Ant-v4,2
145346,reward,1737,-170.07945122422151,-101.574,PPO,Ant-v4,2
145365,reward,1738,-84.57354570197572,-103.612,PPO,Ant-v4,2
145383,reward,1739,-64.4708076867884,-101.457,PPO,Ant-v4,2
145395,reward,1740,-38.88470698645669,-100.922,PPO,Ant-v4,2
145431,reward,1741,-92.710795313864,-103.448,PPO,Ant-v4,2
145480,reward,1742,-172.79973211874685,-97.721,PPO,Ant-v4,2
145513,reward,1743,-101.70209600574952,-94.597,PPO,Ant-v4,2
145561,reward,1744,-170.87000050042363,-104.872,PPO,Ant-v4,2
145589,reward,1745,-98.57543279362856,-105.116,PPO,Ant-v4,2
145699,reward,1746,-458.0292351688953,-145.27,PPO,Ant-v4,2
145724,reward,1747,-97.30274797654194,-137.992,PPO,Ant-v4,2
145787,reward,1748,-246.05096094196662,-154.14,PPO,Ant-v4,2
145807,reward,1749,-87.3887733535213,-156.431,PPO,Ant-v4,2
145822,reward,1750,-30.69321536504315,-155.612,PPO,Ant-v4,2
145853,reward,1751,-104.26398834924414,-156.768,PPO,Ant-v4,2
145868,reward,1752,-50.786278453948476,-144.566,PPO,Ant-v4,2
145927,reward,1753,-152.95488999098833,-149.692,PPO,Ant-v4,2
146022,reward,1754,-277.8286883687428,-160.387,PPO,Ant-v4,2
146052,reward,1755,-99.1315449884332,-160.443,PPO,Ant-v4,2
146106,reward,1756,-181.69517525260662,-132.81,PPO,Ant-v4,2
146123,reward,1757,-52.950058589394025,-128.374,PPO,Ant-v4,2
146194,reward,1758,-211.18773232414438,-124.888,PPO,Ant-v4,2
147194,reward,1759,-3530.5087116492004,-469.2,PPO,Ant-v4,2
147212,reward,1760,-58.196207220463975,-471.95,PPO,Ant-v4,2
147310,reward,1761,-377.8535555696692,-499.309,PPO,Ant-v4,2
147347,reward,1762,-108.32900843806439,-505.064,PPO,Ant-v4,2
147360,reward,1763,-32.049112670012335,-492.973,PPO,Ant-v4,2
147423,reward,1764,-275.243159990492,-492.714,PPO,Ant-v4,2
147450,reward,1765,-83.62757256968723,-491.164,PPO,Ant-v4,2
147456,loss,-0.07048280537128448,14.498892784118652,PPO,Ant-v4,2
147553,reward,1766,-476.7187806102302,-520.666,PPO,Ant-v4,2
147579,reward,1767,-120.45783975334675,-527.417,PPO,Ant-v4,2
147625,reward,1768,-155.45521889696806,-521.844,PPO,Ant-v4,2
147642,reward,1769,-72.86779882031571,-176.08,PPO,Ant-v4,2
147680,reward,1770,-127.6320575909597,-183.023,PPO,Ant-v4,2
147722,reward,1771,-181.40670051376995,-163.379,PPO,Ant-v4,2
147931,reward,1772,-661.2217874308725,-218.668,PPO,Ant-v4,2
148024,reward,1773,-290.2925420184353,-244.492,PPO,Ant-v4,2
148041,reward,1774,-66.07106140498314,-223.575,PPO,Ant-v4,2
148069,reward,1775,-82.56757672805185,-223.469,PPO,Ant-v4,2
148092,reward,1776,-84.74111831688063,-184.271,PPO,Ant-v4,2
148118,reward,1777,-92.7997688756542,-181.506,PPO,Ant-v4,2
148152,reward,1778,-80.00226238175857,-173.96,PPO,Ant-v4,2
148172,reward,1779,-66.73867020849339,-173.347,PPO,Ant-v4,2
148188,reward,1780,-62.900371011313766,-166.874,PPO,Ant-v4,2
148204,reward,1781,-70.76462484196932,-155.81,PPO,Ant-v4,2
148288,reward,1782,-333.1444722956899,-123.002,PPO,Ant-v4,2
148303,reward,1783,-47.10586234730219,-98.684,PPO,Ant-v4,2
148319,reward,1784,-52.11401246211192,-97.288,PPO,Ant-v4,2
148361,reward,1785,-97.8807072133239,-98.819,PPO,Ant-v4,2
148395,reward,1786,-96.1292011515519,-99.958,PPO,Ant-v4,2
148420,reward,1787,-66.63415220551053,-97.341,PPO,Ant-v4,2
148500,reward,1788,-262.0694338958087,-115.548,PPO,Ant-v4,2
148536,reward,1789,-145.80051328255917,-123.454,PPO,Ant-v4,2
148605,reward,1790,-259.6903790731197,-143.133,PPO,Ant-v4,2
148619,reward,1791,-63.13877975205111,-142.371,PPO,Ant-v4,2
149619,reward,1792,-3597.3010688897557,-468.786,PPO,Ant-v4,2
149639,reward,1793,-92.70288934663267,-473.346,PPO,Ant-v4,2
149677,reward,1794,-145.4994692649851,-482.685,PPO,Ant-v4,2
149710,reward,1795,-141.43466523740423,-487.04,PPO,Ant-v4,2
149734,reward,1796,-51.30569412504994,-482.558,PPO,Ant-v4,2
149794,reward,1797,-224.88700025894914,-498.383,PPO,Ant-v4,2
149806,reward,1798,-31.818776092873286,-475.358,PPO,Ant-v4,2
149838,reward,1799,-96.51262322531716,-470.429,PPO,Ant-v4,2
149876,reward,1800,-138.9231476141151,-458.352,PPO,Ant-v4,2
149902,reward,1801,-87.60891377485814,-460.799,PPO,Ant-v4,2
149921,reward,1802,-65.6767604299234,-107.637,PPO,Ant-v4,2
149946,reward,1803,-82.22676594286176,-106.589,PPO,Ant-v4,2
150000,speed,1247.73,1.79,PPO,Ant-v4,2
150049,reward,1804,-384.06267539419866,-130.446,PPO,Ant-v4,2
150069,reward,1805,-85.18788288015871,-124.821,PPO,Ant-v4,2
150093,reward,1806,-63.20264418062748,-126.011,PPO,Ant-v4,2
150133,reward,1807,-131.35511919501636,-116.658,PPO,Ant-v4,2
150150,reward,1808,-35.15819048879541,-116.991,PPO,Ant-v4,2
150202,reward,1809,-170.98691722331895,-124.439,PPO,Ant-v4,2
150291,reward,1810,-396.6396947964075,-150.211,PPO,Ant-v4,2
150378,reward,1811,-311.008960788074,-172.551,PPO,Ant-v4,2
150402,reward,1812,-55.06030843988324,-171.489,PPO,Ant-v4,2
150468,reward,1813,-203.29517271790868,-183.596,PPO,Ant-v4,2
150504,reward,1814,-146.00995071846648,-159.79,PPO,Ant-v4,2
150519,reward,1815,-67.85626125283903,-158.057,PPO,Ant-v4,2
150547,reward,1816,-116.17704252840522,-163.355,PPO,Ant-v4,2
150567,reward,1817,-81.69407364564363,-158.389,PPO,Ant-v4,2
150653,reward,1818,-313.79487279722036,-186.252,PPO,Ant-v4,2
151653,reward,1819,-3574.2239991261486,-526.576,PPO,Ant-v4,2
151676,reward,1820,-70.4269046372246,-493.955,PPO,Ant-v4,2
151710,reward,1821,-113.950798782653,-474.249,PPO,Ant-v4,2
151740,reward,1822,-103.84109919107574,-479.127,PPO,Ant-v4,2
151778,reward,1823,-128.71053950759236,-471.669,PPO,Ant-v4,2
151792,reward,1824,-53.91049168120615,-462.459,PPO,Ant-v4,2
151805,reward,1825,-39.9391994544334,-459.667,PPO,Ant-v4,2
151825,reward,1826,-58.2797009857414,-453.877,PPO,Ant-v4,2
151842,reward,1827,-55.741730715993,-451.282,PPO,Ant-v4,2
151852,reward,1828,-37.62946748950244,-423.665,PPO,Ant-v4,2
151878,reward,1829,-105.95409090230025,-76.838,PPO,Ant-v4,2
151930,reward,1830,-251.47103395435045,-94.943,PPO,Ant-v4,2
151988,reward,1831,-214.015840723949,-104.949,PPO,Ant-v4,2
152012,reward,1832,-73.41190634641796,-101.906,PPO,Ant-v4,2
152027,reward,1833,-64.86498015483082,-95.522,PPO,Ant-v4,2
152044,reward,1834,-74.18076882893972,-97.549,PPO,Ant-v4,2
152146,reward,1835,-421.8526663416227,-135.74,PPO,Ant-v4,2
152170,reward,1836,-100.18254153181451,-139.931,PPO,Ant-v4,2
152249,reward,1837,-321.7823800417915,-166.535,PPO,Ant-v4,2
153249,reward,1838,-3668.9490419731615,-529.667,PPO,Ant-v4,2
153295,reward,1839,-151.3918581755051,-534.21,PPO,Ant-v4,2
153367,reward,1840,-260.8699140971421,-535.15,PPO,Ant-v4,2
153425,reward,1841,-248.95010548723542,-538.644,PPO,Ant-v4,2
153473,reward,1842,-186.16977120866764,-549.919,PPO,Ant-v4,2
153536,reward,1843,-205.15999428865243,-563.949,PPO,Ant-v4,2
153554,reward,1844,-59.83132208155461,-562.514,PPO,Ant-v4,2
153589,reward,1845,-159.5517367858768,-536.284,PPO,Ant-v4,2
153606,reward,1846,-70.8106525618776,-533.347,PPO,Ant-v4,2
153643,reward,1847,-142.6480213054225,-515.433,PPO,Ant-v4,2
153658,reward,1848,-48.12011677916667,-153.35,PPO,Ant-v4,2
153687,reward,1849,-112.40259000337079,-149.451,PPO,Ant-v4,2
153704,reward,1850,-75.38358949909134,-130.903,PPO,Ant-v4,2
154219,reward,1851,-1823.5777318669923,-288.366,PPO,Ant-v4,2
154230,reward,1852,-35.82931104681983,-273.332,PPO,Ant-v4,2
154243,reward,1853,-48.16345178646125,-257.632,PPO,Ant-v4,2
154265,reward,1854,-82.181612706702,-259.867,PPO,Ant-v4,2
154292,reward,1855,-100.87576218165412,-253.999,PPO,Ant-v4,2
154350,reward,1856,-251.7157840488181,-272.09,PPO,Ant-v4,2
154374,reward,1857,-79.45161885599404,-265.77,PPO,Ant-v4,2
155374,reward,1858,-3602.974666323469,-621.256,PPO,Ant-v4,2
155433,reward,1859,-281.0900469493296,-638.124,PPO,Ant-v4,2
155458,reward,1860,-111.47069757501201,-641.733,PPO,Ant-v4,2
155505,reward,1861,-169.30270743557574,-476.306,PPO,Ant-v4,2
155528,reward,1862,-91.31896618768477,-481.855,PPO,Ant-v4,2
155596,reward,1863,-315.53834960846257,-508.592,PPO,Ant-v4,2
155639,reward,1864,-127.71581827531966,-513.145,PPO,Ant-v4,2
155648,loss,-0.07460588216781616,19.286653518676758,PPO,Ant-v4,2
155767,reward,1865,-476.29171176267573,-550.687,PPO,Ant-v4,2
156513,reward,1866,-2784.9141713650693,-804.007,PPO,Ant-v4,2
156538,reward,1867,-79.50965321716464,-804.013,PPO,Ant-v4,2
156555,reward,1868,-70.61314356307157,-450.777,PPO,Ant-v4,2
156594,reward,1869,-126.56708976069763,-435.324,PPO,Ant-v4,2
156629,reward,1870,-168.81522485916105,-441.059,PPO,Ant-v4,2
156678,reward,1871,-191.16187272292245,-443.245,PPO,Ant-v4,2
156707,reward,1872,-111.03562724464,-445.216,PPO,Ant-v4,2
157707,reward,1873,-3627.822646657538,-776.445,PPO,Ant-v4,2
158707,reward,1874,-3743.804447353144,-1138.054,PPO,Ant-v4,2
158755,reward,1875,-184.7504329972777,-1108.899,PPO,Ant-v4,2
158792,reward,1876,-167.23057582056532,-847.131,PPO,Ant-v4,2
158808,reward,1877,-57.60279154650072,-844.94,PPO,Ant-v4,2
158867,reward,1878,-167.60593380598812,-854.64,PPO,Ant-v4,2
158899,reward,1879,-160.83407733525289,-858.066,PPO,Ant-v4,2
158915,reward,1880,-54.58600118356537,-846.643,PPO,Ant-v4,2
158972,reward,1881,-230.60186672276527,-850.587,PPO,Ant-v4,2
158995,reward,1882,-112.36236369667517,-850.72,PPO,Ant-v4,2
159091,reward,1883,-328.9423507710324,-520.832,PPO,Ant-v4,2
159103,reward,1884,-65.01259166257859,-152.953,PPO,Ant-v4,2
159161,reward,1885,-135.17818576700927,-147.996,PPO,Ant-v4,2
159177,reward,1886,-58.61123765692228,-137.134,PPO,Ant-v4,2
159197,reward,1887,-94.58496625107135,-140.832,PPO,Ant-v4,2
159237,reward,1888,-150.72060896780198,-139.143,PPO,Ant-v4,2
159248,reward,1889,-41.19433809560848,-127.179,PPO,Ant-v4,2
159293,reward,1890,-164.8966841807839,-138.211,PPO,Ant-v4,2
159358,reward,1891,-237.38699396832428,-138.889,PPO,Ant-v4,2
160000,speed,1346.49,1.91,PPO,Ant-v4,2
160358,reward,1892,-3613.469917313856,-489.0,PPO,Ant-v4,2
160412,reward,1893,-212.88179293160186,-477.394,PPO,Ant-v4,2
160446,reward,1894,-158.17298603631608,-486.71,PPO,Ant-v4,2
160489,reward,1895,-136.75214649116242,-486.867,PPO,Ant-v4,2
160518,reward,1896,-139.86976881868367,-494.993,PPO,Ant-v4,2
160543,reward,1897,-82.61114413315661,-493.796,PPO,Ant-v4,2
161543,reward,1898,-3852.7232304806266,-863.996,PPO,Ant-v4,2
161580,reward,1899,-119.47344165300926,-871.824,PPO,Ant-v4,2
161620,reward,1900,-152.3268440564034,-870.567,PPO,Ant-v4,2
161756,reward,1901,-586.3735193895509,-905.465,PPO,Ant-v4,2
161787,reward,1902,-88.38474194183813,-552.957,PPO,Ant-v4,2
161821,reward,1903,-117.82769828312057,-543.452,PPO,Ant-v4,2
161840,reward,1904,-49.90956317142739,-532.625,PPO,Ant-v4,2
161852,reward,1905,-44.746928980743235,-523.425,PPO,Ant-v4,2
161880,reward,1906,-126.74821064108366,-522.113,PPO,Ant-v4,2
162880,reward,1907,-3556.974258455079,-869.549,PPO,Ant-v4,2
162903,reward,1908,-83.46347569739895,-492.623,PPO,Ant-v4,2
162933,reward,1909,-99.44200751237837,-490.62,PPO,Ant-v4,2
163035,reward,1910,-341.1017144699269,-509.497,PPO,Ant-v4,2
163076,reward,1911,-153.47693108799197,-466.208,PPO,Ant-v4,2
163218,reward,1912,-541.7390373946624,-511.543,PPO,Ant-v4,2
163283,reward,1913,-201.42371450637748,-519.903,PPO,Ant-v4,2
163313,reward,1914,-125.5700599783325,-527.469,PPO,Ant-v4,2
163323,reward,1915,-38.597200472884474,-526.854,PPO,Ant-v4,2
163379,reward,1916,-234.10106372241606,-537.589,PPO,Ant-v4,2
163404,reward,1917,-87.69623459675047,-190.661,PPO,Ant-v4,2
163425,reward,1918,-59.72685468772318,-188.287,PPO,Ant-v4,2
163452,reward,1919,-109.95721781376254,-189.339,PPO,Ant-v4,2
163474,reward,1920,-90.99298426036067,-164.328,PPO,Ant-v4,2
163487,reward,1921,-57.55338899549081,-154.736,PPO,Ant-v4,2
163528,reward,1922,-122.74281943431595,-112.836,PPO,Ant-v4,2
163840,loss,-0.06335155665874481,16.869604110717773,PPO,Ant-v4,2
164528,reward,1923,-3805.589656436035,-473.253,PPO,Ant-v4,2
164565,reward,1924,-120.32518698735144,-472.728,PPO,Ant-v4,2
164577,reward,1925,-37.22747141985494,-472.591,PPO,Ant-v4,2
164678,reward,1926,-363.9665023103309,-485.578,PPO,Ant-v4,2
164694,reward,1927,-44.39197259065888,-481.247,PPO,Ant-v4,2
164722,reward,1928,-78.86617482119135,-483.161,PPO,Ant-v4,2
164904,reward,1929,-576.1631802673443,-529.782,PPO,Ant-v4,2
164921,reward,1930,-59.995568663482146,-526.682,PPO,Ant-v4,2
164945,reward,1931,-67.65706022518403,-527.693,PPO,Ant-v4,2
164964,reward,1932,-89.42424221306732,-524.361,PPO,Ant-v4,2
165036,reward,1933,-271.75493289690337,-170.977,PPO,Ant-v4,2
165058,reward,1934,-114.71845698133392,-170.417,PPO,Ant-v4,2
165103,reward,1935,-220.5514894521045,-188.749,PPO,Ant-v4,2
165153,reward,1936,-189.85424705459465,-171.338,PPO,Ant-v4,2
165183,reward,1937,-128.3862395266997,-179.737,PPO,Ant-v4,2
165264,reward,1938,-374.41174936161894,-209.292,PPO,Ant-v4,2
165292,reward,1939,-113.84566733964203,-163.06,PPO,Ant-v4,2
165322,reward,1940,-158.9273637217255,-172.953,PPO,Ant-v4,2
165377,reward,1941,-211.82193426441594,-187.37,PPO,Ant-v4,2
165390,reward,1942,-46.4060916280651,-183.068,PPO,Ant-v4,2
165448,reward,1943,-250.37100639722084,-180.929,PPO,Ant-v4,2
165462,reward,1944,-63.921425476503195,-175.85,PPO,Ant-v4,2
165494,reward,1945,-160.35745114380447,-169.83,PPO,Ant-v4,2
165554,reward,1946,-160.0191111373909,-166.847,PPO,Ant-v4,2
165570,reward,1947,-55.81217564451719,-159.589,PPO,Ant-v4,2
165627,reward,1948,-174.22387393695547,-139.571,PPO,Ant-v4,2
165686,reward,1949,-166.3566715632017,-144.822,PPO,Ant-v4,2
165712,reward,1950,-107.9155583294678,-139.721,PPO,Ant-v4,2
165727,reward,1951,-71.17993042519086,-125.656,PPO,Ant-v4,2
165755,reward,1952,-104.49606279303309,-131.465,PPO,Ant-v4,2
165889,reward,1953,-466.6572526038284,-153.094,PPO,Ant-v4,2
165912,reward,1954,-97.24970500901519,-156.427,PPO,Ant-v4,2
165923,reward,1955,-46.618183859042766,-145.053,PPO,Ant-v4,2
165959,reward,1956,-138.16018108247619,-142.867,PPO,Ant-v4,2
166004,reward,1957,-135.96448087474414,-150.882,PPO,Ant-v4,2
166052,reward,1958,-223.67922197600197,-155.828,PPO,Ant-v4,2
166119,reward,1959,-241.69123046235035,-163.361,PPO,Ant-v4,2
166146,reward,1960,-81.96622803562921,-160.766,PPO,Ant-v4,2
166241,reward,1961,-322.4223678565875,-185.89,PPO,Ant-v4,2
166295,reward,1962,-182.3829684866757,-193.679,PPO,Ant-v4,2
166479,reward,1963,-641.5400936677142,-211.167,PPO,Ant-v4,2
166520,reward,1964,-118.40314744547533,-213.283,PPO,Ant-v4,2
166682,reward,1965,-577.157387941741,-266.337,PPO,Ant-v4,2
166697,reward,1966,-55.9415019537086,-258.115,PPO,Ant-v4,2
166755,reward,1967,-185.40095752749195,-263.059,PPO,Ant-v4,2
166804,reward,1968,-158.99917958283646,-256.591,PPO,Ant-v4,2
166827,reward,1969,-87.38003524543548,-241.159,PPO,Ant-v4,2
166867,reward,1970,-166.63598705257562,-249.626,PPO,Ant-v4,2
166881,reward,1971,-46.110551718553765,-221.995,PPO,Ant-v4,2
166895,reward,1972,-32.646162743367,-207.022,PPO,Ant-v4,2
166950,reward,1973,-217.5841671840411,-164.626,PPO,Ant-v4,2
166967,reward,1974,-68.04329644712358,-159.59,PPO,Ant-v4,2
167807,reward,1975,-3184.913960699302,-420.366,PPO,Ant-v4,2
167827,reward,1976,-83.21069793996935,-423.092,PPO,Ant-v4,2
167879,reward,1977,-203.60042659468735,-424.912,PPO,Ant-v4,2
167906,reward,1978,-100.7505574888288,-419.088,PPO,Ant-v4,2
167950,reward,1979,-151.7442446245149,-425.524,PPO,Ant-v4,2
167979,reward,1980,-107.85298254250965,-419.646,PPO,Ant-v4,2
168032,reward,1981,-197.93730297340272,-434.828,PPO,Ant-v4,2
168059,reward,1982,-123.1137940054773,-443.875,PPO,Ant-v4,2
168098,reward,1983,-190.84851557427166,-441.202,PPO,Ant-v4,2
168167,reward,1984,-276.0079922932268,-461.998,PPO,Ant-v4,2
168181,reward,1985,-58.840304903066425,-149.391,PPO,Ant-v4,2
168262,reward,1986,-356.73975432826757,-176.744,PPO,Ant-v4,2
168281,reward,1987,-68.57797540943609,-163.241,PPO,Ant-v4,2
168298,reward,1988,-58.984094586007416,-159.065,PPO,Ant-v4,2
168314,reward,1989,-47.336749311503326,-148.624,PPO,Ant-v4,2
168366,reward,1990,-194.09483346577693,-157.248,PPO,Ant-v4,2
168402,reward,1991,-170.5100978261026,-154.505,PPO,Ant-v4,2
168437,reward,1992,-161.54042180144387,-158.348,PPO,Ant-v4,2
168461,reward,1993,-88.7729142015528,-148.141,PPO,Ant-v4,2
168508,reward,1994,-186.85722206673194,-139.225,PPO,Ant-v4,2
168522,reward,1995,-40.83164965388675,-137.425,PPO,Ant-v4,2
168609,reward,1996,-277.22029601778803,-129.473,PPO,Ant-v4,2
168627,reward,1997,-54.19783162201249,-128.035,PPO,Ant-v4,2
168636,reward,1998,-32.52983871929881,-125.389,PPO,Ant-v4,2
168657,reward,1999,-68.771981841957,-127.533,PPO,Ant-v4,2
168688,reward,2000,-116.23674022943052,-119.747,PPO,Ant-v4,2
168736,reward,2001,-152.23194418474498,-117.919,PPO,Ant-v4,2
168749,reward,2002,-30.49458054429844,-104.814,PPO,Ant-v4,2
168928,reward,2003,-573.5663338684138,-153.294,PPO,Ant-v4,2
168959,reward,2004,-115.86913506999407,-146.195,PPO,Ant-v4,2
168980,reward,2005,-61.75701660211549,-148.288,PPO,Ant-v4,2
168997,reward,2006,-33.126564434122,-123.878,PPO,Ant-v4,2
169041,reward,2007,-161.72535251881726,-134.631,PPO,Ant-v4,2
169095,reward,2008,-172.6165972841939,-148.64,PPO,Ant-v4,2
169118,reward,2009,-99.01167347832404,-151.664,PPO,Ant-v4,2
170000,speed,1413.35,2.03,PPO,Ant-v4,2
170118,reward,2010,-3800.0986953648485,-520.05,PPO,Ant-v4,2
170131,reward,2011,-34.717189498407535,-508.298,PPO,Ant-v4,2
170145,reward,2012,-45.244771470452385,-509.773,PPO,Ant-v4,2
170203,reward,2013,-197.64315313671332,-472.181,PPO,Ant-v4,2
170259,reward,2014,-208.88856616488897,-481.483,PPO,Ant-v4,2
170287,reward,2015,-112.3879852417208,-486.546,PPO,Ant-v4,2
170309,reward,2016,-55.787142984370064,-488.812,PPO,Ant-v4,2
170318,reward,2017,-37.3156554911067,-476.371,PPO,Ant-v4,2
170359,reward,2018,-180.64593061398716,-477.174,PPO,Ant-v4,2
170401,reward,2019,-184.62755480780493,-485.736,PPO,Ant-v4,2
170432,reward,2020,-104.40555826612022,-116.166,PPO,Ant-v4,2
170461,reward,2021,-93.38010562693277,-122.033,PPO,Ant-v4,2
170496,reward,2022,-132.42523503362662,-130.751,PPO,Ant-v4,2
170520,reward,2023,-115.90410250977554,-122.577,PPO,Ant-v4,2
170557,reward,2024,-144.8425009964312,-116.172,PPO,Ant-v4,2
170626,reward,2025,-228.35576403805823,-127.769,PPO,Ant-v4,2
170645,reward,2026,-97.76596506767338,-131.967,PPO,Ant-v4,2
170678,reward,2027,-78.65723919143632,-136.101,PPO,Ant-v4,2
170692,reward,2028,-57.16716836298356,-123.753,PPO,Ant-v4,2
170708,reward,2029,-52.32479181833345,-110.523,PPO,Ant-v4,2
170796,reward,2030,-380.06340613613946,-138.089,PPO,Ant-v4,2
170818,reward,2031,-81.18389558463431,-136.869,PPO,Ant-v4,2
170870,reward,2032,-227.34574089578706,-146.361,PPO,Ant-v4,2
170898,reward,2033,-128.06252293212515,-147.577,PPO,Ant-v4,2
170913,reward,2034,-45.67776471522181,-137.66,PPO,Ant-v4,2
170980,reward,2035,-199.23797133544713,-134.749,PPO,Ant-v4,2
171094,reward,2036,-420.72537196217246,-167.045,PPO,Ant-v4,2
171110,reward,2037,-63.92496897474027,-165.571,PPO,Ant-v4,2
171129,reward,2038,-96.32598869783436,-169.487,PPO,Ant-v4,2
171216,reward,2039,-382.21335787815855,-202.476,PPO,Ant-v4,2
171300,reward,2040,-313.997606466191,-195.87,PPO,Ant-v4,2
172032,loss,-0.07390443235635757,16.29529571533203,PPO,Ant-v4,2
172300,reward,2041,-3622.6297401829434,-550.014,PPO,Ant-v4,2
172316,reward,2042,-47.16957369696161,-531.996,PPO,Ant-v4,2
172353,reward,2043,-166.03852744001034,-535.794,PPO,Ant-v4,2
172369,reward,2044,-32.52789793589806,-534.479,PPO,Ant-v4,2
172414,reward,2045,-185.48198857788626,-533.104,PPO,Ant-v4,2
172440,reward,2046,-64.27217640231471,-497.458,PPO,Ant-v4,2
172526,reward,2047,-224.0928342225053,-513.475,PPO,Ant-v4,2
172547,reward,2048,-93.70377722505833,-513.213,PPO,Ant-v4,2
172633,reward,2049,-287.80609773454927,-503.772,PPO,Ant-v4,2
172652,reward,2050,-82.86784489377789,-480.659,PPO,Ant-v4,2
172667,reward,2051,-38.37958196363898,-122.234,PPO,Ant-v4,2
172719,reward,2052,-216.67531192461206,-139.185,PPO,Ant-v4,2
172768,reward,2053,-153.76291317328813,-137.957,PPO,Ant-v4,2
172809,reward,2054,-93.65183997293884,-144.069,PPO,Ant-v4,2
172849,reward,2055,-172.71043877300085,-142.792,PPO,Ant-v4,2
172900,reward,2056,-143.07068220001167,-150.672,PPO,Ant-v4,2
172937,reward,2057,-119.98376748406062,-140.261,PPO,Ant-v4,2
173047,reward,2058,-391.7149165810525,-170.062,PPO,Ant-v4,2
173070,reward,2059,-83.79964857923837,-149.662,PPO,Ant-v4,2
173166,reward,2060,-286.8788888085861,-170.063,PPO,Ant-v4,2
173193,reward,2061,-78.78990219123837,-174.104,PPO,Ant-v4,2
173228,reward,2062,-117.19913287188719,-164.156,PPO,Ant-v4,2
173302,reward,2063,-292.1240019369285,-177.992,PPO,Ant-v4,2
173332,reward,2064,-75.10991250474586,-176.138,PPO,Ant-v4,2
173351,reward,2065,-73.36084801099713,-166.203,PPO,Ant-v4,2
173377,reward,2066,-102.6693200524795,-162.163,PPO,Ant-v4,2
173395,reward,2067,-35.568080820425166,-153.721,PPO,Ant-v4,2
173427,reward,2068,-112.3747292804492,-125.787,PPO,Ant-v4,2
173451,reward,2069,-101.4005431653456,-127.548,PPO,Ant-v4,2
173489,reward,2070,-166.13595873830448,-115.473,PPO,Ant-v4,2
173533,reward,2071,-98.3867317601968,-117.433,PPO,Ant-v4,2
173561,reward,2072,-128.58194917191145,-118.571,PPO,Ant-v4,2
173589,reward,2073,-103.38739881116022,-99.698,PPO,Ant-v4,2
173615,reward,2074,-104.55077268675986,-102.642,PPO,Ant-v4,2
173628,reward,2075,-47.18397565093542,-100.024,PPO,Ant-v4,2
173640,reward,2076,-44.67290901015541,-94.224,PPO,Ant-v4,2
173652,reward,2077,-52.5583263720389,-95.923,PPO,Ant-v4,2
173685,reward,2078,-148.4763903287866,-99.533,PPO,Ant-v4,2
173791,reward,2079,-424.60284776819555,-131.854,PPO,Ant-v4,2
173803,reward,2080,-61.924578821238796,-121.433,PPO,Ant-v4,2
173814,reward,2081,-59.96565752514482,-117.59,PPO,Ant-v4,2
173838,reward,2082,-89.52789111205158,-113.685,PPO,Ant-v4,2
173885,reward,2083,-201.993565661664,-123.546,PPO,Ant-v4,2
173958,reward,2084,-286.18009978377324,-141.709,PPO,Ant-v4,2
173998,reward,2085,-167.85573647887554,-153.776,PPO,Ant-v4,2
174068,reward,2086,-214.39196017380362,-170.748,PPO,Ant-v4,2
174156,reward,2087,-303.85101278591816,-195.877,PPO,Ant-v4,2
174245,reward,2088,-302.30469267914253,-211.26,PPO,Ant-v4,2
174256,reward,2089,-29.254593811468784,-171.725,PPO,Ant-v4,2
174284,reward,2090,-83.92940325346423,-173.925,PPO,Ant-v4,2
174304,reward,2091,-96.67617418688852,-177.597,PPO,Ant-v4,2
174378,reward,2092,-273.5630012001529,-196.0,PPO,Ant-v4,2
174394,reward,2093,-61.27635638593243,-181.928,PPO,Ant-v4,2
174564,reward,2094,-581.9264671977387,-211.503,PPO,Ant-v4,2
174581,reward,2095,-40.838233274287646,-198.801,PPO,Ant-v4,2
174645,reward,2096,-207.88537798872645,-198.151,PPO,Ant-v4,2
174664,reward,2097,-44.747788513628805,-172.24,PPO,Ant-v4,2
174685,reward,2098,-73.80994713448258,-149.391,PPO,Ant-v4,2
174752,reward,2099,-225.05869617271657,-168.971,PPO,Ant-v4,2
174774,reward,2100,-77.3171355863997,-168.31,PPO,Ant-v4,2
174806,reward,2101,-118.78253545314004,-170.521,PPO,Ant-v4,2
174839,reward,2102,-155.94722000265278,-158.759,PPO,Ant-v4,2
174918,reward,2103,-269.3944582729109,-179.571,PPO,Ant-v4,2
174936,reward,2104,-64.9887540440049,-127.877,PPO,Ant-v4,2
174954,reward,2105,-82.18662966399029,-132.012,PPO,Ant-v4,2
175132,reward,2106,-572.3570359034227,-168.459,PPO,Ant-v4,2
175224,reward,2107,-339.3558604424822,-197.92,PPO,Ant-v4,2
176224,reward,2108,-3658.718473380825,-556.411,PPO,Ant-v4,2
176315,reward,2109,-363.74428446520113,-570.279,PPO,Ant-v4,2
176395,reward,2110,-325.89159839872315,-595.137,PPO,Ant-v4,2
176429,reward,2111,-122.49095387513329,-595.508,PPO,Ant-v4,2
176470,reward,2112,-126.30113969752801,-592.543,PPO,Ant-v4,2
176519,reward,2113,-192.28236359662398,-584.832,PPO,Ant-v4,2
176562,reward,2114,-140.40067201651397,-592.373,PPO,Ant-v4,2
176575,reward,2115,-31.801010866206113,-587.334,PPO,Ant-v4,2
176599,reward,2116,-71.32476695292355,-537.231,PPO,Ant-v4,2
176683,reward,2117,-245.2802050960719,-527.824,PPO,Ant-v4,2
176698,reward,2118,-70.29069853122165,-168.981,PPO,Ant-v4,2
176763,reward,2119,-259.70461987760507,-158.577,PPO,Ant-v4,2
176782,reward,2120,-51.45938330323122,-131.134,PPO,Ant-v4,2
176798,reward,2121,-81.11046989399472,-126.996,PPO,Ant-v4,2
176810,reward,2122,-39.562881762252715,-118.322,PPO,Ant-v4,2
176861,reward,2123,-164.86232103464846,-115.58,PPO,Ant-v4,2
177861,reward,2124,-3741.598862702865,-475.7,PPO,Ant-v4,2
177898,reward,2125,-126.97917187297423,-485.217,PPO,Ant-v4,2
177911,reward,2126,-49.7776149730485,-483.063,PPO,Ant-v4,2
178911,reward,2127,-3737.1352940545266,-832.248,PPO,Ant-v4,2
178942,reward,2128,-103.84543748724505,-835.604,PPO,Ant-v4,2
178968,reward,2129,-95.81106988388862,-819.214,PPO,Ant-v4,2
179017,reward,2130,-207.49027231645854,-834.817,PPO,Ant-v4,2
179048,reward,2131,-107.20170649446143,-837.426,PPO,Ant-v4,2
179074,reward,2132,-67.7752578758064,-840.248,PPO,Ant-v4,2
179136,reward,2133,-184.40201850388067,-842.202,PPO,Ant-v4,2
179206,reward,2134,-239.80126963725945,-492.022,PPO,Ant-v4,2
179235,reward,2135,-120.01028966630486,-491.325,PPO,Ant-v4,2
179249,reward,2136,-52.72788360864968,-491.62,PPO,Ant-v4,2
179263,reward,2137,-52.33579603030047,-123.14,PPO,Ant-v4,2
179275,reward,2138,-34.300791626226804,-116.186,PPO,Ant-v4,2
179317,reward,2139,-185.94808970330402,-125.199,PPO,Ant-v4,2
179371,reward,2140,-216.8425535811651,-126.135,PPO,Ant-v4,2
179384,reward,2141,-41.33555808153675,-119.548,PPO,Ant-v4,2
179435,reward,2142,-179.86725008046938,-130.757,PPO,Ant-v4,2
179459,reward,2143,-99.33709073976408,-122.251,PPO,Ant-v4,2
179472,reward,2144,-50.28001889919792,-103.299,PPO,Ant-v4,2
179495,reward,2145,-82.70402857940294,-99.568,PPO,Ant-v4,2
179553,reward,2146,-155.14466080701996,-109.81,PPO,Ant-v4,2
179575,reward,2147,-74.19057136046241,-111.995,PPO,Ant-v4,2
179613,reward,2148,-132.33918700764903,-121.799,PPO,Ant-v4,2
179635,reward,2149,-62.67371218128268,-109.471,PPO,Ant-v4,2
179663,reward,2150,-78.23748370225327,-95.611,PPO,Ant-v4,2
179758,reward,2151,-346.53444692999904,-126.131,PPO,Ant-v4,2
179798,reward,2152,-158.76355666108242,-124.02,PPO,Ant-v4,2
180000,speed,1266.71,2.16,PPO,Ant-v4,2
180224,loss,-0.07316295057535172,18.621366500854492,PPO,Ant-v4,2
180798,reward,2153,-3669.859694392509,-481.073,PPO,Ant-v4,2
180857,reward,2154,-191.30033704058445,-495.175,PPO,Ant-v4,2
180870,reward,2155,-68.1324928843026,-493.718,PPO,Ant-v4,2
180882,reward,2156,-35.19948335857389,-481.723,PPO,Ant-v4,2
180923,reward,2157,-158.40753650234737,-490.145,PPO,Ant-v4,2
180959,reward,2158,-111.03125283974016,-488.014,PPO,Ant-v4,2
181003,reward,2159,-169.39521630571073,-498.686,PPO,Ant-v4,2
181050,reward,2160,-183.54359872234122,-509.217,PPO,Ant-v4,2
181079,reward,2161,-125.49570514397051,-487.113,PPO,Ant-v4,2
181097,reward,2162,-79.43893061072912,-479.18,PPO,Ant-v4,2
181137,reward,2163,-148.10636277191597,-127.005,PPO,Ant-v4,2
181179,reward,2164,-186.3643090968695,-126.511,PPO,Ant-v4,2
181194,reward,2165,-53.93394638872332,-125.092,PPO,Ant-v4,2
181491,reward,2166,-1196.229976479469,-241.195,PPO,Ant-v4,2
181505,reward,2167,-48.285205441660445,-230.182,PPO,Ant-v4,2
181527,reward,2168,-65.9136987705385,-225.671,PPO,Ant-v4,2
181619,reward,2169,-353.4488496747609,-244.076,PPO,Ant-v4,2
181651,reward,2170,-102.22674137794473,-235.944,PPO,Ant-v4,2
181664,reward,2171,-52.917080122189724,-228.687,PPO,Ant-v4,2
181684,reward,2172,-75.32852490097135,-228.275,PPO,Ant-v4,2
181711,reward,2173,-91.39388865023068,-222.604,PPO,Ant-v4,2
181780,reward,2174,-279.2724499125369,-231.895,PPO,Ant-v4,2
181800,reward,2175,-70.72429081282726,-233.574,PPO,Ant-v4,2
181812,reward,2176,-32.95932469418249,-117.247,PPO,Ant-v4,2
181845,reward,2177,-107.13576123756091,-123.132,PPO,Ant-v4,2
181862,reward,2178,-68.0241143633494,-123.343,PPO,Ant-v4,2
181915,reward,2179,-170.65848390429358,-105.064,PPO,Ant-v4,2
181947,reward,2180,-139.13609491995743,-108.755,PPO,Ant-v4,2
181989,reward,2181,-138.42191129264378,-117.305,PPO,Ant-v4,2
182003,reward,2182,-52.104768501654256,-114.983,PPO,Ant-v4,2
182030,reward,2183,-84.52406883253776,-114.296,PPO,Ant-v4,2
182072,reward,2184,-149.98748884783956,-101.368,PPO,Ant-v4,2
182123,reward,2185,-190.05939805587784,-113.301,PPO,Ant-v4,2
182152,reward,2186,-120.06841646881496,-122.012,PPO,Ant-v4,2
182193,reward,2187,-145.26206639907605,-125.825,PPO,Ant-v4,2
182220,reward,2188,-124.167663788723,-131.439,PPO,Ant-v4,2
182265,reward,2189,-167.3699055003161,-131.11,PPO,Ant-v4,2
182282,reward,2190,-39.949654889486645,-121.192,PPO,Ant-v4,2
182305,reward,2191,-100.9495098219078,-117.444,PPO,Ant-v4,2
182514,reward,2192,-703.7188656391208,-182.606,PPO,Ant-v4,2
182537,reward,2193,-82.50383883069361,-182.404,PPO,Ant-v4,2
182556,reward,2194,-89.70781739564298,-176.376,PPO,Ant-v4,2
182579,reward,2195,-92.03150585364583,-166.573,PPO,Ant-v4,2
182600,reward,2196,-50.13126858998277,-159.579,PPO,Ant-v4,2
182630,reward,2197,-92.49166574658533,-154.302,PPO,Ant-v4,2
182659,reward,2198,-96.7436761031896,-151.56,PPO,Ant-v4,2
182769,reward,2199,-402.3031649089301,-175.053,PPO,Ant-v4,2
182788,reward,2200,-58.11746472367937,-176.87,PPO,Ant-v4,2
182804,reward,2201,-51.823996001862824,-171.957,PPO,Ant-v4,2
182831,reward,2202,-120.74026774102971,-113.659,PPO,Ant-v4,2
182935,reward,2203,-423.40017489330035,-147.749,PPO,Ant-v4,2
182966,reward,2204,-79.07966498340772,-146.686,PPO,Ant-v4,2
182996,reward,2205,-124.1792209970969,-149.901,PPO,Ant-v4,2
183025,reward,2206,-55.00200434173453,-150.388,PPO,Ant-v4,2
183086,reward,2207,-258.42440004111324,-166.981,PPO,Ant-v4,2
183100,reward,2208,-56.548133607821455,-162.962,PPO,Ant-v4,2
184100,reward,2209,-3688.0524298131827,-491.537,PPO,Ant-v4,2
184168,reward,2210,-310.95893153587303,-516.821,PPO,Ant-v4,2
184232,reward,2211,-267.1342291001555,-538.352,PPO,Ant-v4,2
184248,reward,2212,-39.12951029658913,-530.191,PPO,Ant-v4,2
184270,reward,2213,-73.46964974521259,-495.198,PPO,Ant-v4,2
184310,reward,2214,-87.63015970136519,-496.053,PPO,Ant-v4,2
184331,reward,2215,-81.78533795569284,-491.813,PPO,Ant-v4,2
184357,reward,2216,-99.99159202759824,-496.312,PPO,Ant-v4,2
184373,reward,2217,-48.91652991750811,-475.362,PPO,Ant-v4,2
184435,reward,2218,-267.91485834371235,-496.498,PPO,Ant-v4,2
184486,reward,2219,-198.96816164964568,-147.59,PPO,Ant-v4,2
184513,reward,2220,-125.24253036334056,-129.018,PPO,Ant-v4,2
184535,reward,2221,-100.5081898820306,-112.356,PPO,Ant-v4,2
184603,reward,2222,-277.740780359181,-136.217,PPO,Ant-v4,2
184657,reward,2223,-234.45288857622918,-152.315,PPO,Ant-v4,2
184680,reward,2224,-102.1217457498448,-153.764,PPO,Ant-v4,2
184698,reward,2225,-62.39264545915969,-151.825,PPO,Ant-v4,2
184755,reward,2226,-260.7716758304657,-167.903,PPO,Ant-v4,2
184771,reward,2227,-60.7903384987067,-169.09,PPO,Ant-v4,2
184784,reward,2228,-36.55578547368726,-145.954,PPO,Ant-v4,2
184825,reward,2229,-183.15790883755167,-144.373,PPO,Ant-v4,2
184853,reward,2230,-90.20254060647726,-140.869,PPO,Ant-v4,2
184934,reward,2231,-298.724137532466,-160.691,PPO,Ant-v4,2
184992,reward,2232,-248.96446600937753,-157.813,PPO,Ant-v4,2
185011,reward,2233,-67.34619442399159,-141.103,PPO,Ant-v4,2
185047,reward,2234,-164.47398544020282,-147.338,PPO,Ant-v4,2
185067,reward,2235,-60.16158099757087,-147.115,PPO,Ant-v4,2
185089,reward,2236,-82.8328715581034,-129.321,PPO,Ant-v4,2
185124,reward,2237,-122.60492009414831,-135.502,PPO,Ant-v4,2
185168,reward,2238,-209.8478768409335,-152.832,PPO,Ant-v4,2
185210,reward,2239,-175.79057053752507,-152.095,PPO,Ant-v4,2
185224,reward,2240,-49.01901959508432,-147.977,PPO,Ant-v4,2
185252,reward,2241,-124.69337402962009,-130.573,PPO,Ant-v4,2
185287,reward,2242,-128.78128478597566,-118.555,PPO,Ant-v4,2
185392,reward,2243,-418.76774315870466,-153.697,PPO,Ant-v4,2
185416,reward,2244,-99.58841810886763,-147.209,PPO,Ant-v4,2
185432,reward,2245,-60.93980766115049,-147.287,PPO,Ant-v4,2
185472,reward,2246,-136.57904038524472,-152.661,PPO,Ant-v4,2
185536,reward,2247,-241.27985116595767,-164.529,PPO,Ant-v4,2
185579,reward,2248,-189.96334103989554,-162.54,PPO,Ant-v4,2
185597,reward,2249,-70.64858540706706,-152.026,PPO,Ant-v4,2
185618,reward,2250,-89.32496215902306,-156.057,PPO,Ant-v4,2
185659,reward,2251,-174.37311555699804,-161.025,PPO,Ant-v4,2
185681,reward,2252,-84.20016420754641,-156.567,PPO,Ant-v4,2
185707,reward,2253,-69.4469786531087,-121.634,PPO,Ant-v4,2
185727,reward,2254,-77.21290309941597,-119.397,PPO,Ant-v4,2
185744,reward,2255,-64.2944375178067,-119.732,PPO,Ant-v4,2
185817,reward,2256,-284.93212857531864,-134.568,PPO,Ant-v4,2
185841,reward,2257,-108.21004398395783,-121.261,PPO,Ant-v4,2
185870,reward,2258,-136.29504201695585,-115.894,PPO,Ant-v4,2
185983,reward,2259,-459.54266591070564,-154.783,PPO,Ant-v4,2
186000,reward,2260,-65.30626197331115,-152.381,PPO,Ant-v4,2
186016,reward,2261,-70.54520690991578,-141.999,PPO,Ant-v4,2
186060,reward,2262,-197.64104242070965,-153.343,PPO,Ant-v4,2
186106,reward,2263,-167.21651662413691,-163.12,PPO,Ant-v4,2
186159,reward,2264,-211.7221994127036,-176.571,PPO,Ant-v4,2
186175,reward,2265,-62.09081046676179,-176.35,PPO,Ant-v4,2
186215,reward,2266,-128.2367149537645,-160.681,PPO,Ant-v4,2
186228,reward,2267,-44.17286912947259,-154.277,PPO,Ant-v4,2
186274,reward,2268,-120.45267136766273,-152.693,PPO,Ant-v4,2
186307,reward,2269,-120.74704020460939,-118.813,PPO,Ant-v4,2
186401,reward,2270,-403.4221744139336,-152.625,PPO,Ant-v4,2
186416,reward,2271,-57.6339399591428,-151.334,PPO,Ant-v4,2
186427,reward,2272,-43.03600440839298,-135.873,PPO,Ant-v4,2
186442,reward,2273,-67.58862298018788,-125.91,PPO,Ant-v4,2
186459,reward,2274,-70.903059909747,-111.828,PPO,Ant-v4,2
186478,reward,2275,-53.16349103138403,-110.936,PPO,Ant-v4,2
186523,reward,2276,-134.00810407078595,-111.513,PPO,Ant-v4,2
186542,reward,2277,-70.94410833402789,-114.19,PPO,Ant-v4,2
186571,reward,2278,-117.72415586591175,-113.917,PPO,Ant-v4,2
186595,reward,2279,-90.60427768519789,-110.903,PPO,Ant-v4,2
186617,reward,2280,-77.26266499095952,-78.287,PPO,Ant-v4,2
186632,reward,2281,-51.90412331874017,-77.714,PPO,Ant-v4,2
186658,reward,2282,-85.07070396881888,-81.917,PPO,Ant-v4,2
186735,reward,2283,-252.85631907812868,-100.444,PPO,Ant-v4,2
186754,reward,2284,-71.38894594708857,-100.493,PPO,Ant-v4,2
186786,reward,2285,-118.83294490284204,-107.06,PPO,Ant-v4,2
186877,reward,2286,-357.5378271178356,-129.413,PPO,Ant-v4,2
186904,reward,2287,-101.59059834178272,-132.477,PPO,Ant-v4,2
186957,reward,2288,-251.73874847052574,-145.879,PPO,Ant-v4,2
186970,reward,2289,-52.81000204599209,-142.099,PPO,Ant-v4,2
186981,reward,2290,-45.23899920426528,-138.897,PPO,Ant-v4,2
186998,reward,2291,-67.88267258614583,-140.495,PPO,Ant-v4,2
187090,reward,2292,-247.4609046858963,-156.734,PPO,Ant-v4,2
187139,reward,2293,-227.69324335760322,-154.217,PPO,Ant-v4,2
187181,reward,2294,-136.824683120727,-160.761,PPO,Ant-v4,2
187195,reward,2295,-36.15870485649485,-152.494,PPO,Ant-v4,2
187217,reward,2296,-63.81348736492142,-123.121,PPO,Ant-v4,2
187247,reward,2297,-128.01717061719367,-125.764,PPO,Ant-v4,2
187260,reward,2298,-53.99648566401349,-105.99,PPO,Ant-v4,2
187281,reward,2299,-96.253071281643,-110.334,PPO,Ant-v4,2
187293,reward,2300,-57.931841323839784,-111.603,PPO,Ant-v4,2
187346,reward,2301,-182.3053925931386,-123.045,PPO,Ant-v4,2
187374,reward,2302,-87.33212648041494,-107.033,PPO,Ant-v4,2
187386,reward,2303,-63.74629480101952,-90.638,PPO,Ant-v4,2
187399,reward,2304,-50.97911821421597,-82.053,PPO,Ant-v4,2
187413,reward,2305,-66.42878639175852,-85.08,PPO,Ant-v4,2
187438,reward,2306,-99.35497338129211,-88.635,PPO,Ant-v4,2
187498,reward,2307,-212.3727292711712,-97.07,PPO,Ant-v4,2
187511,reward,2308,-45.54723699556674,-96.225,PPO,Ant-v4,2
187588,reward,2309,-291.8908723955025,-115.789,PPO,Ant-v4,2
187740,reward,2310,-675.9368925098147,-177.589,PPO,Ant-v4,2
188416,loss,-0.07522233575582504,25.82108497619629,PPO,Ant-v4,2
188740,reward,2311,-3705.543672139311,-529.913,PPO,Ant-v4,2
188787,reward,2312,-146.035808646028,-535.784,PPO,Ant-v4,2
188805,reward,2313,-57.54484577805778,-535.163,PPO,Ant-v4,2
188925,reward,2314,-442.1295097787435,-574.279,PPO,Ant-v4,2
188973,reward,2315,-184.51122323449513,-586.087,PPO,Ant-v4,2
189018,reward,2316,-155.83739831546518,-591.735,PPO,Ant-v4,2
189032,reward,2317,-76.86320807118021,-578.184,PPO,Ant-v4,2
189072,reward,2318,-145.3614083711735,-588.165,PPO,Ant-v4,2
189110,reward,2319,-114.9874505201153,-570.475,PPO,Ant-v4,2
189123,reward,2320,-59.0508614439034,-508.787,PPO,Ant-v4,2
189177,reward,2321,-188.08487498128645,-157.041,PPO,Ant-v4,2
189259,reward,2322,-220.13241234519722,-164.45,PPO,Ant-v4,2
189280,reward,2323,-87.77002118951015,-167.473,PPO,Ant-v4,2
189368,reward,2324,-340.04626882212335,-157.265,PPO,Ant-v4,2
189400,reward,2325,-136.36314109825764,-152.45,PPO,Ant-v4,2
189413,reward,2326,-54.43182523674652,-142.309,PPO,Ant-v4,2
189429,reward,2327,-64.26575478486258,-141.049,PPO,Ant-v4,2
189472,reward,2328,-193.0814744030238,-145.821,PPO,Ant-v4,2
189536,reward,2329,-261.8112323898256,-160.504,PPO,Ant-v4,2
189570,reward,2330,-138.07438937807154,-168.406,PPO,Ant-v4,2
189627,reward,2331,-233.822660805678,-172.98,PPO,Ant-v4,2
189641,reward,2332,-42.717123161135994,-155.238,PPO,Ant-v4,2
189657,reward,2333,-46.423693741260855,-151.104,PPO,Ant-v4,2
189688,reward,2334,-138.0766089031774,-130.907,PPO,Ant-v4,2
189711,reward,2335,-56.714690331177664,-122.942,PPO,Ant-v4,2
189745,reward,2336,-108.45060978662306,-128.344,PPO,Ant-v4,2
189793,reward,2337,-193.08505012230955,-141.226,PPO,Ant-v4,2
189859,reward,2338,-172.09455612168603,-139.127,PPO,Ant-v4,2
189880,reward,2339,-80.68256233817198,-121.014,PPO,Ant-v4,2
189929,reward,2340,-153.25331901271807,-122.532,PPO,Ant-v4,2
189959,reward,2341,-125.13714690315179,-111.664,PPO,Ant-v4,2
190000,speed,1335.62,2.28,PPO,Ant-v4,2
190015,reward,2342,-212.88600601837314,-128.68,PPO,Ant-v4,2
190091,reward,2343,-268.48898278234253,-150.887,PPO,Ant-v4,2
190106,reward,2344,-44.75185602409371,-141.554,PPO,Ant-v4,2
190121,reward,2345,-48.219367270676344,-140.705,PPO,Ant-v4,2
190170,reward,2346,-200.51596217072222,-149.911,PPO,Ant-v4,2
190219,reward,2347,-175.60075444429,-148.163,PPO,Ant-v4,2
190236,reward,2348,-67.01605551035395,-137.655,PPO,Ant-v4,2
190319,reward,2349,-302.19337725497,-159.806,PPO,Ant-v4,2
190352,reward,2350,-147.0724585933233,-159.188,PPO,Ant-v4,2
190438,reward,2351,-312.4267744457239,-177.917,PPO,Ant-v4,2
190581,reward,2352,-477.0641178507982,-204.335,PPO,Ant-v4,2
190592,reward,2353,-30.415829909524476,-180.528,PPO,Ant-v4,2
190621,reward,2354,-91.88840641503579,-185.241,PPO,Ant-v4,2
190658,reward,2355,-141.41314825325097,-194.561,PPO,Ant-v4,2
190696,reward,2356,-103.17320063101194,-184.826,PPO,Ant-v4,2
190728,reward,2357,-139.71029215875723,-181.237,PPO,Ant-v4,2
190749,reward,2358,-86.17800905395757,-183.154,PPO,Ant-v4,2
190790,reward,2359,-160.11859583573545,-168.946,PPO,Ant-v4,2
190837,reward,2360,-137.3951844780717,-167.978,PPO,Ant-v4,2
190875,reward,2361,-152.5528153053771,-151.991,PPO,Ant-v4,2
190944,reward,2362,-196.71880542058364,-123.956,PPO,Ant-v4,2
190965,reward,2363,-85.15448286360316,-129.43,PPO,Ant-v4,2
191036,reward,2364,-189.12585379610906,-139.154,PPO,Ant-v4,2
191068,reward,2365,-130.39617659018953,-138.052,PPO,Ant-v4,2
191103,reward,2366,-107.6111721295558,-138.496,PPO,Ant-v4,2
191119,reward,2367,-51.244467791209644,-129.65,PPO,Ant-v4,2
191135,reward,2368,-47.7302956811561,-125.805,PPO,Ant-v4,2
191161,reward,2369,-99.61302747976315,-119.754,PPO,Ant-v4,2
191182,reward,2370,-83.45419195083386,-114.36,PPO,Ant-v4,2
191249,reward,2371,-331.5059712844708,-132.255,PPO,Ant-v4,2
191286,reward,2372,-122.40110886020173,-124.824,PPO,Ant-v4,2
191363,reward,2373,-245.12631685470248,-140.821,PPO,Ant-v4,2
191422,reward,2374,-217.87628623315723,-143.696,PPO,Ant-v4,2
191458,reward,2375,-153.98389208857557,-146.055,PPO,Ant-v4,2
191484,reward,2376,-114.64894651449177,-146.758,PPO,Ant-v4,2
191563,reward,2377,-276.6755250549474,-169.302,PPO,Ant-v4,2
191583,reward,2378,-50.882614664300235,-169.617,PPO,Ant-v4,2
191611,reward,2379,-104.08097578699889,-170.064,PPO,Ant-v4,2
191622,reward,2380,-46.0798496199798,-166.326,PPO,Ant-v4,2
191652,reward,2381,-120.40934360024242,-145.216,PPO,Ant-v4,2
191737,reward,2382,-304.14342277810323,-163.391,PPO,Ant-v4,2
191753,reward,2383,-44.788893058634024,-143.357,PPO,Ant-v4,2
191788,reward,2384,-136.94046344869662,-135.263,PPO,Ant-v4,2
191800,reward,2385,-73.3972574771537,-127.205,PPO,Ant-v4,2
191823,reward,2386,-79.50148515915485,-123.69,PPO,Ant-v4,2
191852,reward,2387,-130.63040694542585,-109.085,PPO,Ant-v4,2
191888,reward,2388,-137.4027543131624,-117.737,PPO,Ant-v4,2
191918,reward,2389,-139.61041667531902,-121.29,PPO,Ant-v4,2
192918,reward,2390,-3578.6195453551236,-474.544,PPO,Ant-v4,2
193005,reward,2391,-330.5411287336378,-495.558,PPO,Ant-v4,2
193059,reward,2392,-189.19040003358268,-484.062,PPO,Ant-v4,2
193072,reward,2393,-47.739270530360145,-484.357,PPO,Ant-v4,2
193133,reward,2394,-221.0289017984726,-492.766,PPO,Ant-v4,2
193158,reward,2395,-102.64479257040587,-495.691,PPO,Ant-v4,2
193173,reward,2396,-55.73820914072253,-493.315,PPO,Ant-v4,2
193290,reward,2397,-411.18745854007005,-521.37,PPO,Ant-v4,2
193307,reward,2398,-54.27398553665002,-513.057,PPO,Ant-v4,2
193335,reward,2399,-103.85800498394043,-509.482,PPO,Ant-v4,2
193372,reward,2400,-153.40722260051646,-166.961,PPO,Ant-v4,2
193486,reward,2401,-394.08931562000737,-173.316,PPO,Ant-v4,2
193514,reward,2402,-109.16354721497997,-165.313,PPO,Ant-v4,2
193560,reward,2403,-179.784082379837,-178.518,PPO,Ant-v4,2
193588,reward,2404,-117.25183976489511,-168.14,PPO,Ant-v4,2
193642,reward,2405,-247.42731883763417,-182.618,PPO,Ant-v4,2
193696,reward,2406,-264.0067313820283,-203.445,PPO,Ant-v4,2
193711,reward,2407,-68.40022267261149,-169.166,PPO,Ant-v4,2
193759,reward,2408,-201.77248851243885,-183.916,PPO,Ant-v4,2
193774,reward,2409,-55.31282332072862,-179.062,PPO,Ant-v4,2
193793,reward,2410,-59.24281106686421,-169.645,PPO,Ant-v4,2
193837,reward,2411,-111.60439285306225,-141.397,PPO,Ant-v4,2
193885,reward,2412,-176.67871488101665,-148.148,PPO,Ant-v4,2
193904,reward,2413,-55.34011509538392,-135.704,PPO,Ant-v4,2
193917,reward,2414,-35.97727031720504,-127.576,PPO,Ant-v4,2
193926,reward,2415,-36.85328921728337,-106.519,PPO,Ant-v4,2
193982,reward,2416,-201.7497004984752,-100.293,PPO,Ant-v4,2
194030,reward,2417,-225.42873482166527,-115.996,PPO,Ant-v4,2
194070,reward,2418,-125.94421010661694,-108.413,PPO,Ant-v4,2
194084,reward,2419,-41.09412681041907,-106.991,PPO,Ant-v4,2
194143,reward,2420,-250.8410393289125,-126.151,PPO,Ant-v4,2
194222,reward,2421,-231.46010705719385,-138.137,PPO,Ant-v4,2
194246,reward,2422,-87.4696905564097,-129.216,PPO,Ant-v4,2
194281,reward,2423,-126.67382333381289,-136.349,PPO,Ant-v4,2
194314,reward,2424,-124.2893490799218,-145.18,PPO,Ant-v4,2
194349,reward,2425,-149.31697392969198,-156.427,PPO,Ant-v4,2
194400,reward,2426,-166.59102718453107,-152.911,PPO,Ant-v4,2
194415,reward,2427,-57.242709560131,-136.092,PPO,Ant-v4,2
194454,reward,2428,-86.66555353500922,-132.164,PPO,Ant-v4,2
194469,reward,2429,-48.341182123286636,-132.889,PPO,Ant-v4,2
194483,reward,2430,-44.920870566096035,-112.297,PPO,Ant-v4,2
194498,reward,2431,-74.97937596039237,-96.649,PPO,Ant-v4,2
194554,reward,2432,-196.18244811715206,-107.52,PPO,Ant-v4,2
194631,reward,2433,-324.8608261650466,-127.339,PPO,Ant-v4,2
194657,reward,2434,-89.92317442528787,-123.902,PPO,Ant-v4,2
194674,reward,2435,-73.13464665433767,-116.284,PPO,Ant-v4,2
194715,reward,2436,-156.391373615171,-115.264,PPO,Ant-v4,2
194805,reward,2437,-406.7459809341565,-150.215,PPO,Ant-v4,2
194892,reward,2438,-435.5552971946575,-185.104,PPO,Ant-v4,2
194923,reward,2439,-157.93013061885395,-196.062,PPO,Ant-v4,2
195067,reward,2440,-533.6394575920287,-244.934,PPO,Ant-v4,2
195087,reward,2441,-61.03433670147112,-243.54,PPO,Ant-v4,2
195124,reward,2442,-105.80928493196865,-234.502,PPO,Ant-v4,2
195171,reward,2443,-179.17506197110566,-219.934,PPO,Ant-v4,2
195197,reward,2444,-124.77260515164309,-223.419,PPO,Ant-v4,2
195211,reward,2445,-52.820226487602945,-221.387,PPO,Ant-v4,2
195277,reward,2446,-229.96447527650085,-228.745,PPO,Ant-v4,2
195294,reward,2447,-44.16188839915711,-192.486,PPO,Ant-v4,2
195306,reward,2448,-45.07432368772825,-153.438,PPO,Ant-v4,2
195319,reward,2449,-59.91181481604681,-143.636,PPO,Ant-v4,2
195379,reward,2450,-261.3959326623476,-116.412,PPO,Ant-v4,2
196316,reward,2451,-3457.5578027921915,-456.064,PPO,Ant-v4,2
196428,reward,2452,-425.9766774996027,-488.081,PPO,Ant-v4,2
196444,reward,2453,-81.67471964449189,-478.331,PPO,Ant-v4,2
196496,reward,2454,-204.8611131620602,-486.34,PPO,Ant-v4,2
196511,reward,2455,-59.21176683707895,-486.979,PPO,Ant-v4,2
196538,reward,2456,-60.52952616155004,-470.036,PPO,Ant-v4,2
196562,reward,2457,-68.37734968445682,-472.457,PPO,Ant-v4,2
196608,loss,-0.0833241418004036,22.283906936645508,PPO,Ant-v4,2
196616,reward,2458,-118.11225052303791,-479.761,PPO,Ant-v4,2
196627,reward,2459,-54.42296092053554,-479.212,PPO,Ant-v4,2
196651,reward,2460,-98.64171710782016,-462.937,PPO,Ant-v4,2
196677,reward,2461,-82.88611274308873,-125.469,PPO,Ant-v4,2
196703,reward,2462,-81.64209372419812,-91.036,PPO,Ant-v4,2
196726,reward,2463,-68.65543264421292,-89.734,PPO,Ant-v4,2
196809,reward,2464,-282.1747239626952,-97.465,PPO,Ant-v4,2
196829,reward,2465,-88.33586432057083,-100.378,PPO,Ant-v4,2
196841,reward,2466,-22.047983538572232,-96.53,PPO,Ant-v4,2
196857,reward,2467,-56.01051252071263,-95.293,PPO,Ant-v4,2
196926,reward,2468,-242.23657112360783,-107.705,PPO,Ant-v4,2
196983,reward,2469,-207.14752014370922,-122.978,PPO,Ant-v4,2
197046,reward,2470,-291.23443833364314,-142.237,PPO,Ant-v4,2
197103,reward,2471,-183.65416286415828,-152.314,PPO,Ant-v4,2
197117,reward,2472,-34.87685113934653,-147.637,PPO,Ant-v4,2
198117,reward,2473,-3709.868607113861,-511.759,PPO,Ant-v4,2
198178,reward,2474,-215.3626951605218,-505.078,PPO,Ant-v4,2
198214,reward,2475,-119.30121144712236,-508.174,PPO,Ant-v4,2
198229,reward,2476,-48.36247227656861,-510.806,PPO,Ant-v4,2
198285,reward,2477,-203.63236505528994,-525.568,PPO,Ant-v4,2
198309,reward,2478,-77.55723119021829,-509.1,PPO,Ant-v4,2
198321,reward,2479,-49.53477960831195,-493.338,PPO,Ant-v4,2
198336,reward,2480,-74.83733456518418,-471.699,PPO,Ant-v4,2
198399,reward,2481,-292.5435693725774,-482.588,PPO,Ant-v4,2
198427,reward,2482,-95.37699251360718,-488.638,PPO,Ant-v4,2
198473,reward,2483,-121.18717231444745,-129.77,PPO,Ant-v4,2
198488,reward,2484,-77.44770904831394,-115.978,PPO,Ant-v4,2
198522,reward,2485,-108.13381000685915,-114.861,PPO,Ant-v4,2
198563,reward,2486,-143.94200347259633,-124.419,PPO,Ant-v4,2
199563,reward,2487,-3847.7638758210783,-488.832,PPO,Ant-v4,2
199588,reward,2488,-81.74602954710251,-489.251,PPO,Ant-v4,2
199602,reward,2489,-36.452118715035006,-487.943,PPO,Ant-v4,2
199623,reward,2490,-106.38814314524538,-491.098,PPO,Ant-v4,2
199760,reward,2491,-486.0581984575803,-510.45,PPO,Ant-v4,2
199788,reward,2492,-109.68887722543224,-511.881,PPO,Ant-v4,2
199800,reward,2493,-50.723140923473444,-504.834,PPO,Ant-v4,2
199887,reward,2494,-348.6278104750582,-531.952,PPO,Ant-v4,2
199914,reward,2495,-156.7984475986702,-536.819,PPO,Ant-v4,2
200000,speed,1382.21,2.4,PPO,Ant-v4,2
200016,reward,2496,-397.7006790071237,-562.195,PPO,Ant-v4,2
200063,reward,2497,-199.5694037000646,-197.375,PPO,Ant-v4,2
200120,reward,2498,-270.73099603463214,-216.274,PPO,Ant-v4,2
200236,reward,2499,-437.60640871437846,-256.389,PPO,Ant-v4,2
200256,reward,2500,-89.14427821746102,-254.665,PPO,Ant-v4,2
200278,reward,2501,-92.69144051929462,-215.328,PPO,Ant-v4,2
200339,reward,2502,-232.03737586682615,-227.563,PPO,Ant-v4,2
200367,reward,2503,-131.078092915503,-235.598,PPO,Ant-v4,2
200384,reward,2504,-71.80283710576016,-207.916,PPO,Ant-v4,2
200404,reward,2505,-54.41864180051705,-197.678,PPO,Ant-v4,2
200423,reward,2506,-66.93022447649237,-164.601,PPO,Ant-v4,2
200503,reward,2507,-294.41660725356525,-174.086,PPO,Ant-v4,2
200535,reward,2508,-120.02738000433199,-159.015,PPO,Ant-v4,2
200551,reward,2509,-47.19872033218952,-119.975,PPO,Ant-v4,2
200568,reward,2510,-58.42481963266417,-116.903,PPO,Ant-v4,2
200578,reward,2511,-52.72817616176571,-112.906,PPO,Ant-v4,2
200592,reward,2512,-49.69060718536493,-94.672,PPO,Ant-v4,2
200641,reward,2513,-154.80637537662724,-97.044,PPO,Ant-v4,2
200742,reward,2514,-297.98489771410453,-119.663,PPO,Ant-v4,2
200771,reward,2515,-93.73878900358434,-123.595,PPO,Ant-v4,2
200795,reward,2516,-107.69398125015198,-127.671,PPO,Ant-v4,2
200819,reward,2517,-128.06085582027535,-111.035,PPO,Ant-v4,2
200900,reward,2518,-352.68121512777805,-134.301,PPO,Ant-v4,2
200921,reward,2519,-51.14443407125952,-134.695,PPO,Ant-v4,2
200940,reward,2520,-70.51275524808642,-135.904,PPO,Ant-v4,2
201013,reward,2521,-165.28339407396402,-147.16,PPO,Ant-v4,2
201045,reward,2522,-97.49807680471478,-151.94,PPO,Ant-v4,2
201067,reward,2523,-98.45637839937154,-146.305,PPO,Ant-v4,2
201158,reward,2524,-394.9236642721832,-155.999,PPO,Ant-v4,2
201222,reward,2525,-217.35988681716606,-168.361,PPO,Ant-v4,2
201237,reward,2526,-48.58387415555906,-162.45,PPO,Ant-v4,2
201266,reward,2527,-129.9171917208665,-162.636,PPO,Ant-v4,2
201284,reward,2528,-74.86380099618738,-134.854,PPO,Ant-v4,2
201311,reward,2529,-47.61874347404766,-134.502,PPO,Ant-v4,2
201375,reward,2530,-249.19071730877997,-152.37,PPO,Ant-v4,2
201433,reward,2531,-203.17527347274938,-156.159,PPO,Ant-v4,2
201461,reward,2532,-113.53010612779511,-157.762,PPO,Ant-v4,2
201519,reward,2533,-229.921636801239,-170.908,PPO,Ant-v4,2
201538,reward,2534,-84.03941163878471,-139.82,PPO,Ant-v4,2
201574,reward,2535,-126.89991077374107,-130.774,PPO,Ant-v4,2
201629,reward,2536,-196.49787284614953,-145.565,PPO,Ant-v4,2
201647,reward,2537,-75.96362674085492,-140.17,PPO,Ant-v4,2
201657,reward,2538,-42.31593888321262,-136.915,PPO,Ant-v4,2
201672,reward,2539,-71.65929596132625,-139.319,PPO,Ant-v4,2
201721,reward,2540,-180.93747687512257,-132.494,PPO,Ant-v4,2
201752,reward,2541,-148.40046971903115,-127.017,PPO,Ant-v4,2
201766,reward,2542,-40.90296623048851,-119.754,PPO,Ant-v4,2
201803,reward,2543,-145.80426747615002,-111.342,PPO,Ant-v4,2
201823,reward,2544,-100.29280388088716,-112.967,PPO,Ant-v4,2
201876,reward,2545,-151.3223801989829,-115.41,PPO,Ant-v4,2
201890,reward,2546,-27.30078208537188,-98.49,PPO,Ant-v4,2
201912,reward,2547,-84.34021793254263,-99.328,PPO,Ant-v4,2
201951,reward,2548,-149.4168013068245,-110.038,PPO,Ant-v4,2
201963,reward,2549,-51.16504336665271,-107.988,PPO,Ant-v4,2
201981,reward,2550,-67.71090383747503,-96.666,PPO,Ant-v4,2
202050,reward,2551,-200.53627951635607,-101.879,PPO,Ant-v4,2
202068,reward,2552,-60.398355963451564,-103.829,PPO,Ant-v4,2
202132,reward,2553,-225.80013768863898,-111.828,PPO,Ant-v4,2
202186,reward,2554,-186.5918480402289,-120.458,PPO,Ant-v4,2
202211,reward,2555,-79.50805404221127,-113.277,PPO,Ant-v4,2
202237,reward,2556,-93.5708206959372,-119.904,PPO,Ant-v4,2
202263,reward,2557,-105.1965407215746,-121.989,PPO,Ant-v4,2
202274,reward,2558,-36.862102550242625,-110.734,PPO,Ant-v4,2
202301,reward,2559,-87.35409942940876,-114.353,PPO,Ant-v4,2
202325,reward,2560,-95.61167111845663,-117.143,PPO,Ant-v4,2
202371,reward,2561,-179.95755678457192,-115.085,PPO,Ant-v4,2
202389,reward,2562,-50.93650278444041,-114.139,PPO,Ant-v4,2
202464,reward,2563,-354.1510178684524,-126.974,PPO,Ant-v4,2
202481,reward,2564,-54.20581639406529,-113.735,PPO,Ant-v4,2
202497,reward,2565,-50.39351626631331,-110.824,PPO,Ant-v4,2
202510,reward,2566,-59.86449168987332,-107.453,PPO,Ant-v4,2
202552,reward,2567,-144.91322347181267,-111.425,PPO,Ant-v4,2
202562,reward,2568,-37.75799589539057,-111.515,PPO,Ant-v4,2
202577,reward,2569,-41.4842602560052,-106.928,PPO,Ant-v4,2
202595,reward,2570,-81.37656644159965,-105.504,PPO,Ant-v4,2
202696,reward,2571,-350.57752900594085,-122.566,PPO,Ant-v4,2
202732,reward,2572,-184.74826138227147,-135.947,PPO,Ant-v4,2
202781,reward,2573,-240.14865998447377,-124.547,PPO,Ant-v4,2
202832,reward,2574,-166.6714703157695,-135.794,PPO,Ant-v4,2
202933,reward,2575,-493.64108876891487,-180.118,PPO,Ant-v4,2
203000,reward,2576,-254.8587148098818,-199.618,PPO,Ant-v4,2
204000,reward,2577,-3782.4215997428437,-563.369,PPO,Ant-v4,2
204017,reward,2578,-65.00881521640544,-566.094,PPO,Ant-v4,2
204029,reward,2579,-53.49194812960096,-567.294,PPO,Ant-v4,2
204060,reward,2580,-103.71434353776243,-569.528,PPO,Ant-v4,2
204081,reward,2581,-96.74726712315955,-544.145,PPO,Ant-v4,2
204099,reward,2582,-54.56201222045597,-531.127,PPO,Ant-v4,2
204172,reward,2583,-294.7073052861923,-536.582,PPO,Ant-v4,2
204233,reward,2584,-203.7472856857143,-540.29,PPO,Ant-v4,2
204314,reward,2585,-356.7381169566118,-526.6,PPO,Ant-v4,2
204326,reward,2586,-40.52671402399023,-505.167,PPO,Ant-v4,2
204351,reward,2587,-116.6077918536416,-138.585,PPO,Ant-v4,2
204389,reward,2588,-125.79589679808824,-144.664,PPO,Ant-v4,2
204800,loss,-0.07923643290996552,32.86603546142578,PPO,Ant-v4,2
205389,reward,2589,-3835.6068304645582,-522.875,PPO,Ant-v4,2
205535,reward,2590,-552.2182993713272,-567.726,PPO,Ant-v4,2
205554,reward,2591,-56.69399110321724,-563.72,PPO,Ant-v4,2
205601,reward,2592,-181.27257387329558,-576.391,PPO,Ant-v4,2
205628,reward,2593,-99.51933445913458,-556.873,PPO,Ant-v4,2
205643,reward,2594,-59.99207692171432,-542.497,PPO,Ant-v4,2
205692,reward,2595,-218.9136497602539,-528.715,PPO,Ant-v4,2
205709,reward,2596,-38.46726818554502,-528.509,PPO,Ant-v4,2
205786,reward,2597,-277.2110131739141,-544.569,PPO,Ant-v4,2
205826,reward,2598,-144.94869647882413,-546.484,PPO,Ant-v4,2
205841,reward,2599,-71.39651716502465,-170.063,PPO,Ant-v4,2
205856,reward,2600,-67.64599925110898,-121.606,PPO,Ant-v4,2
205886,reward,2601,-140.2542810838971,-129.962,PPO,Ant-v4,2
205987,reward,2602,-377.3310830706615,-149.568,PPO,Ant-v4,2
206093,reward,2603,-468.3300762570293,-186.449,PPO,Ant-v4,2
206105,reward,2604,-45.89924019963138,-185.04,PPO,Ant-v4,2
206120,reward,2605,-21.69625701664182,-165.318,PPO,Ant-v4,2
206148,reward,2606,-125.54001673197833,-174.025,PPO,Ant-v4,2
206201,reward,2607,-160.37882673183603,-162.342,PPO,Ant-v4,2
206220,reward,2608,-59.84230985949825,-153.831,PPO,Ant-v4,2
206306,reward,2609,-342.13108426836493,-180.905,PPO,Ant-v4,2
206320,reward,2610,-53.97505237967886,-179.538,PPO,Ant-v4,2
206331,reward,2611,-39.30146186261021,-169.443,PPO,Ant-v4,2
206352,reward,2612,-79.68851101617156,-139.678,PPO,Ant-v4,2
206371,reward,2613,-69.1442927771797,-99.76,PPO,Ant-v4,2
206405,reward,2614,-163.6209685646874,-111.532,PPO,Ant-v4,2
206454,reward,2615,-202.34161618839664,-129.596,PPO,Ant-v4,2
206481,reward,2616,-92.20079471861192,-126.262,PPO,Ant-v4,2
206498,reward,2617,-60.03949404923475,-116.229,PPO,Ant-v4,2
206537,reward,2618,-150.02400680765962,-125.247,PPO,Ant-v4,2
206575,reward,2619,-149.4951932899854,-105.983,PPO,Ant-v4,2
206614,reward,2620,-148.095092743448,-115.395,PPO,Ant-v4,2
206631,reward,2621,-102.9115720129738,-121.756,PPO,Ant-v4,2
206727,reward,2622,-450.2938360636494,-158.817,PPO,Ant-v4,2
206765,reward,2623,-177.42877426721998,-169.645,PPO,Ant-v4,2
206823,reward,2624,-173.23096771807974,-170.606,PPO,Ant-v4,2
206860,reward,2625,-102.99780264213065,-160.672,PPO,Ant-v4,2
207860,reward,2626,-3979.6276834903665,-549.414,PPO,Ant-v4,2
207885,reward,2627,-61.4306280077098,-549.554,PPO,Ant-v4,2
207923,reward,2628,-154.07449153923184,-549.959,PPO,Ant-v4,2
207937,reward,2629,-66.36757448724819,-541.646,PPO,Ant-v4,2
207953,reward,2630,-68.56090987882266,-533.692,PPO,Ant-v4,2
207966,reward,2631,-52.68648120827783,-528.67,PPO,Ant-v4,2
208966,reward,2632,-3876.036955036484,-871.244,PPO,Ant-v4,2
208998,reward,2633,-124.4224402729377,-865.944,PPO,Ant-v4,2
209069,reward,2634,-253.1138451668772,-873.932,PPO,Ant-v4,2
209110,reward,2635,-180.7640807676044,-881.709,PPO,Ant-v4,2
209124,reward,2636,-52.83337590707042,-489.029,PPO,Ant-v4,2
209193,reward,2637,-289.685035188605,-511.855,PPO,Ant-v4,2
209248,reward,2638,-215.08041889443575,-517.955,PPO,Ant-v4,2
209286,reward,2639,-125.44628144185302,-523.863,PPO,Ant-v4,2
209365,reward,2640,-267.63876688277463,-543.771,PPO,Ant-v4,2
209376,reward,2641,-51.86820183957093,-543.689,PPO,Ant-v4,2
209398,reward,2642,-83.91970944458919,-164.477,PPO,Ant-v4,2
209482,reward,2643,-345.777987962467,-186.613,PPO,Ant-v4,2
209503,reward,2644,-81.35365222464932,-169.437,PPO,Ant-v4,2
209515,reward,2645,-53.27414790388158,-156.688,PPO,Ant-v4,2
209548,reward,2646,-102.94332933301874,-161.699,PPO,Ant-v4,2
209578,reward,2647,-130.91508540066707,-145.822,PPO,Ant-v4,2
209637,reward,2648,-310.9314475513296,-155.407,PPO,Ant-v4,2
209656,reward,2649,-63.74981469004858,-149.237,PPO,Ant-v4,2
209766,reward,2650,-390.7539409174461,-161.549,PPO,Ant-v4,2
209811,reward,2651,-141.3288088316068,-170.495,PPO,Ant-v4,2
209843,reward,2652,-116.04645235008407,-173.707,PPO,Ant-v4,2
209880,reward,2653,-153.30216157551536,-154.46,PPO,Ant-v4,2
209902,reward,2654,-113.97687233643379,-157.722,PPO,Ant-v4,2
209923,reward,2655,-85.73505579651639,-160.968,PPO,Ant-v4,2
209989,reward,2656,-255.33804380889535,-176.208,PPO,Ant-v4,2
210000,speed,1420.87,2.52,PPO,Ant-v4,2
210038,reward,2657,-176.0820297560943,-180.724,PPO,Ant-v4,2
210064,reward,2658,-83.85873238074342,-158.017,PPO,Ant-v4,2
210086,reward,2659,-103.55837497491204,-161.998,PPO,Ant-v4,2
210172,reward,2660,-346.1060028852604,-157.533,PPO,Ant-v4,2
210199,reward,2661,-109.37503388598158,-154.338,PPO,Ant-v4,2
210275,reward,2662,-280.86681087236065,-170.82,PPO,Ant-v4,2
210288,reward,2663,-48.06588106921613,-160.296,PPO,Ant-v4,2
210315,reward,2664,-84.90629706763525,-157.389,PPO,Ant-v4,2
210361,reward,2665,-182.0950623090749,-167.025,PPO,Ant-v4,2
210446,reward,2666,-364.3663674479737,-177.928,PPO,Ant-v4,2
210480,reward,2667,-112.76634102698654,-171.596,PPO,Ant-v4,2
210500,reward,2668,-70.68584618856686,-170.279,PPO,Ant-v4,2
210537,reward,2669,-123.03919803762189,-172.227,PPO,Ant-v4,2
210616,reward,2670,-356.086151380016,-173.225,PPO,Ant-v4,2
210642,reward,2671,-74.39697750115636,-169.727,PPO,Ant-v4,2
210694,reward,2672,-228.28023513384096,-164.469,PPO,Ant-v4,2
210721,reward,2673,-97.9655268881436,-169.459,PPO,Ant-v4,2
210744,reward,2674,-79.21838697356587,-168.89,PPO,Ant-v4,2
210818,reward,2675,-259.2363273879703,-176.604,PPO,Ant-v4,2
210837,reward,2676,-61.52751384033266,-146.32,PPO,Ant-v4,2
210859,reward,2677,-82.74973262662999,-143.319,PPO,Ant-v4,2
210991,reward,2678,-469.2144001589379,-183.171,PPO,Ant-v4,2
211024,reward,2679,-124.48293189857866,-183.316,PPO,Ant-v4,2
211118,reward,2680,-357.03321295990776,-183.411,PPO,Ant-v4,2
211202,reward,2681,-298.11801681462833,-205.783,PPO,Ant-v4,2
211331,reward,2682,-477.39427604665997,-230.694,PPO,Ant-v4,2
211342,reward,2683,-50.218795307120345,-225.919,PPO,Ant-v4,2
211358,reward,2684,-69.26069083090894,-224.924,PPO,Ant-v4,2
211372,reward,2685,-73.26155287410562,-206.326,PPO,Ant-v4,2
211405,reward,2686,-129.3596837416188,-213.109,PPO,Ant-v4,2
211471,reward,2687,-245.03966227485247,-229.338,PPO,Ant-v4,2
211494,reward,2688,-70.47126692138407,-189.464,PPO,Ant-v4,2
211542,reward,2689,-205.27566344058715,-197.543,PPO,Ant-v4,2
211583,reward,2690,-143.8955096376596,-176.23,PPO,Ant-v4,2
211647,reward,2691,-244.08632808461272,-170.826,PPO,Ant-v4,2
211713,reward,2692,-310.4956826454927,-154.136,PPO,Ant-v4,2
211727,reward,2693,-57.01552055316613,-154.816,PPO,Ant-v4,2
211797,reward,2694,-258.080326003054,-173.698,PPO,Ant-v4,2
211842,reward,2695,-160.5113206536665,-182.423,PPO,Ant-v4,2
211876,reward,2696,-131.337227587858,-182.621,PPO,Ant-v4,2
211895,reward,2697,-59.82199628576595,-164.099,PPO,Ant-v4,2
211959,reward,2698,-256.1567931728601,-182.668,PPO,Ant-v4,2
211972,reward,2699,-58.0483942443937,-167.945,PPO,Ant-v4,2
211990,reward,2700,-65.1089069127358,-160.066,PPO,Ant-v4,2
212012,reward,2701,-107.64184978465107,-146.422,PPO,Ant-v4,2
212045,reward,2702,-152.45815187464402,-130.618,PPO,Ant-v4,2
212159,reward,2703,-459.45574423326576,-170.862,PPO,Ant-v4,2
212992,loss,-0.07190835475921631,17.63575553894043,PPO,Ant-v4,2
213159,reward,2704,-3921.957404836582,-537.25,PPO,Ant-v4,2
213214,reward,2705,-180.39844202720815,-539.238,PPO,Ant-v4,2
213247,reward,2706,-139.95417980165664,-540.1,PPO,Ant-v4,2
213277,reward,2707,-124.936314453502,-546.612,PPO,Ant-v4,2
213292,reward,2708,-89.72214192313325,-529.968,PPO,Ant-v4,2
213315,reward,2709,-100.56087641219283,-534.219,PPO,Ant-v4,2
213341,reward,2710,-129.02601413423562,-540.611,PPO,Ant-v4,2
213359,reward,2711,-61.00817188161436,-535.948,PPO,Ant-v4,2
213374,reward,2712,-71.55181416758289,-527.857,PPO,Ant-v4,2
213416,reward,2713,-139.08994306681785,-495.821,PPO,Ant-v4,2
213477,reward,2714,-252.16778506817118,-128.842,PPO,Ant-v4,2
213540,reward,2715,-288.4093600482115,-139.643,PPO,Ant-v4,2
213562,reward,2716,-96.9723690233299,-135.344,PPO,Ant-v4,2
213645,reward,2717,-323.07575361151174,-155.158,PPO,Ant-v4,2
213666,reward,2718,-82.3046331100132,-154.417,PPO,Ant-v4,2
213803,reward,2719,-543.3125183641663,-198.692,PPO,Ant-v4,2
213815,reward,2720,-31.3543792455077,-188.925,PPO,Ant-v4,2
213849,reward,2721,-109.45821874010264,-193.77,PPO,Ant-v4,2
213870,reward,2722,-93.95729195019284,-196.01,PPO,Ant-v4,2
213901,reward,2723,-118.04556930794601,-193.906,PPO,Ant-v4,2
213924,reward,2724,-98.43489381850313,-178.532,PPO,Ant-v4,2
213979,reward,2725,-200.90028602962016,-169.782,PPO,Ant-v4,2
213999,reward,2726,-60.482822832852925,-166.133,PPO,Ant-v4,2
214018,reward,2727,-81.76857100262737,-142.002,PPO,Ant-v4,2
214040,reward,2728,-83.60238031931124,-142.132,PPO,Ant-v4,2
214058,reward,2729,-82.02020257101536,-96.002,PPO,Ant-v4,2
214109,reward,2730,-208.7236629796941,-113.739,PPO,Ant-v4,2
214142,reward,2731,-129.44148697727113,-115.738,PPO,Ant-v4,2
214199,reward,2732,-311.6106649524234,-137.503,PPO,Ant-v4,2
214257,reward,2733,-227.7425701163831,-148.473,PPO,Ant-v4,2
214267,reward,2734,-46.84155811152157,-143.313,PPO,Ant-v4,2
214372,reward,2735,-350.5134553243071,-158.275,PPO,Ant-v4,2
214409,reward,2736,-123.28548077472313,-164.555,PPO,Ant-v4,2
214426,reward,2737,-99.98187924560591,-166.376,PPO,Ant-v4,2
214488,reward,2738,-193.86486914674356,-177.403,PPO,Ant-v4,2
214511,reward,2739,-92.19412542253059,-178.42,PPO,Ant-v4,2
214547,reward,2740,-164.962055163401,-174.044,PPO,Ant-v4,2
214588,reward,2741,-138.70445933262022,-174.97,PPO,Ant-v4,2
214625,reward,2742,-186.34235929518948,-162.443,PPO,Ant-v4,2
214775,reward,2743,-489.03540547522,-188.573,PPO,Ant-v4,2
214792,reward,2744,-29.714825275030538,-186.86,PPO,Ant-v4,2
214817,reward,2745,-119.68136491154259,-163.777,PPO,Ant-v4,2
214846,reward,2746,-129.19176394911855,-164.367,PPO,Ant-v4,2
214901,reward,2747,-153.55451071751517,-169.725,PPO,Ant-v4,2
214922,reward,2748,-80.36700219266353,-158.375,PPO,Ant-v4,2
214934,reward,2749,-48.66426241607531,-154.022,PPO,Ant-v4,2
214945,reward,2750,-45.358868767826216,-142.061,PPO,Ant-v4,2
214959,reward,2751,-68.88481442466603,-135.08,PPO,Ant-v4,2
214974,reward,2752,-29.99697584048332,-119.445,PPO,Ant-v4,2
215016,reward,2753,-178.42602031961,-88.384,PPO,Ant-v4,2
215057,reward,2754,-204.8886551554279,-105.901,PPO,Ant-v4,2
215114,reward,2755,-244.10082064818727,-118.343,PPO,Ant-v4,2
215239,reward,2756,-445.95916943487094,-150.02,PPO,Ant-v4,2
215266,reward,2757,-102.6186869876235,-144.927,PPO,Ant-v4,2
215281,reward,2758,-47.70159818926168,-141.66,PPO,Ant-v4,2
215307,reward,2759,-107.77886183377082,-147.571,PPO,Ant-v4,2
215344,reward,2760,-130.40173854968617,-156.076,PPO,Ant-v4,2
215356,reward,2761,-44.886991054337706,-153.676,PPO,Ant-v4,2
215387,reward,2762,-129.01373753155545,-163.578,PPO,Ant-v4,2
215428,reward,2763,-166.16640402112665,-162.352,PPO,Ant-v4,2
215468,reward,2764,-164.94096527379276,-158.357,PPO,Ant-v4,2
215513,reward,2765,-260.0029955240105,-159.947,PPO,Ant-v4,2
215640,reward,2766,-440.8707630933495,-159.438,PPO,Ant-v4,2
215695,reward,2767,-194.71166535131462,-168.648,PPO,Ant-v4,2
215742,reward,2768,-221.12835149979938,-185.99,PPO,Ant-v4,2
215790,reward,2769,-159.22172200648623,-191.135,PPO,Ant-v4,2
215820,reward,2770,-100.6500686942538,-188.159,PPO,Ant-v4,2
215866,reward,2771,-151.84778569668072,-198.855,PPO,Ant-v4,2
215885,reward,2772,-67.08383364106814,-192.662,PPO,Ant-v4,2
215956,reward,2773,-275.36368874831504,-203.582,PPO,Ant-v4,2
215980,reward,2774,-58.17815996512457,-192.906,PPO,Ant-v4,2
216008,reward,2775,-137.75552916651398,-180.681,PPO,Ant-v4,2
216036,reward,2776,-102.1967112219573,-146.814,PPO,Ant-v4,2
216083,reward,2777,-158.65896027312718,-143.208,PPO,Ant-v4,2
216094,reward,2778,-43.49800260725285,-125.445,PPO,Ant-v4,2
216135,reward,2779,-167.26889683668708,-126.25,PPO,Ant-v4,2
216146,reward,2780,-47.29658615060717,-120.915,PPO,Ant-v4,2
216162,reward,2781,-67.18981385385014,-112.449,PPO,Ant-v4,2
216193,reward,2782,-133.2475538525339,-119.065,PPO,Ant-v4,2
216261,reward,2783,-279.36042064864097,-119.465,PPO,Ant-v4,2
216283,reward,2784,-85.87599414048672,-122.235,PPO,Ant-v4,2
217283,reward,2785,-3840.066028907882,-492.466,PPO,Ant-v4,2
217310,reward,2786,-90.48735739404626,-491.295,PPO,Ant-v4,2
217328,reward,2787,-47.22452959755832,-480.152,PPO,Ant-v4,2
217351,reward,2788,-85.36623720624601,-484.338,PPO,Ant-v4,2
217412,reward,2789,-248.71824844068306,-492.483,PPO,Ant-v4,2
217432,reward,2790,-74.06868731571655,-495.16,PPO,Ant-v4,2
217444,reward,2791,-60.12281051394569,-494.454,PPO,Ant-v4,2
217464,reward,2792,-96.54494547155973,-490.784,PPO,Ant-v4,2
217495,reward,2793,-102.43301081957465,-473.091,PPO,Ant-v4,2
217571,reward,2794,-343.6168888021581,-498.865,PPO,Ant-v4,2
217642,reward,2795,-275.1123830763826,-142.37,PPO,Ant-v4,2
217660,reward,2796,-60.08654412626032,-139.329,PPO,Ant-v4,2
217681,reward,2797,-66.6208507432281,-141.269,PPO,Ant-v4,2
217692,reward,2798,-40.21588525388632,-136.754,PPO,Ant-v4,2
217742,reward,2799,-162.0342212363409,-128.086,PPO,Ant-v4,2
217757,reward,2800,-44.97269735110025,-125.176,PPO,Ant-v4,2
217787,reward,2801,-123.7087874985548,-131.535,PPO,Ant-v4,2
217814,reward,2802,-97.90497054629112,-131.671,PPO,Ant-v4,2
217841,reward,2803,-147.67701795977644,-136.195,PPO,Ant-v4,2
217852,reward,2804,-31.220449399831463,-104.955,PPO,Ant-v4,2
217874,reward,2805,-94.28397158537102,-86.873,PPO,Ant-v4,2
217889,reward,2806,-38.81521586633637,-84.745,PPO,Ant-v4,2
217898,reward,2807,-28.516780884550045,-80.935,PPO,Ant-v4,2
217922,reward,2808,-109.88270982586013,-87.902,PPO,Ant-v4,2
217943,reward,2809,-99.40721571538742,-81.639,PPO,Ant-v4,2
217959,reward,2810,-62.296014203935286,-83.371,PPO,Ant-v4,2
217974,reward,2811,-67.92569972361665,-77.793,PPO,Ant-v4,2
218012,reward,2812,-147.4316575688463,-82.746,PPO,Ant-v4,2
218031,reward,2813,-80.43032974169763,-76.021,PPO,Ant-v4,2
218144,reward,2814,-438.4234053313305,-116.741,PPO,Ant-v4,2
218228,reward,2815,-377.1075870906577,-145.024,PPO,Ant-v4,2
218244,reward,2816,-71.66577270753302,-148.309,PPO,Ant-v4,2
218270,reward,2817,-60.930538244528115,-151.55,PPO,Ant-v4,2
218301,reward,2818,-115.69185941155135,-152.131,PPO,Ant-v4,2
218404,reward,2819,-467.6737396259327,-188.958,PPO,Ant-v4,2
218434,reward,2820,-138.81328127774484,-196.609,PPO,Ant-v4,2
218505,reward,2821,-314.5726802211319,-221.274,PPO,Ant-v4,2
218518,reward,2822,-53.79868842574851,-211.911,PPO,Ant-v4,2
218530,reward,2823,-54.341918234746196,-209.302,PPO,Ant-v4,2
218546,reward,2824,-48.198966584096574,-170.28,PPO,Ant-v4,2
218578,reward,2825,-112.10724429890728,-143.779,PPO,Ant-v4,2
218609,reward,2826,-116.23832109020815,-148.237,PPO,Ant-v4,2
219609,reward,2827,-3899.1880887214897,-532.062,PPO,Ant-v4,2
219642,reward,2828,-73.97419421704909,-527.891,PPO,Ant-v4,2
219693,reward,2829,-206.03974455818198,-501.727,PPO,Ant-v4,2
219707,reward,2830,-56.8983514078583,-493.536,PPO,Ant-v4,2
219731,reward,2831,-79.8720691141885,-470.066,PPO,Ant-v4,2
219754,reward,2832,-87.696724700979,-473.456,PPO,Ant-v4,2
219766,reward,2833,-32.582324990503686,-471.28,PPO,Ant-v4,2
219785,reward,2834,-56.55281204904733,-472.115,PPO,Ant-v4,2
219835,reward,2835,-170.55021606408528,-477.959,PPO,Ant-v4,2
219845,reward,2836,-62.93605238124655,-472.629,PPO,Ant-v4,2
219862,reward,2837,-59.083973898539774,-88.619,PPO,Ant-v4,2
219955,reward,2838,-321.31629761480906,-113.353,PPO,Ant-v4,2
219983,reward,2839,-89.34961393067277,-101.684,PPO,Ant-v4,2
220000,speed,1214.62,2.66,PPO,Ant-v4,2
220063,reward,2840,-288.16884586943354,-124.811,PPO,Ant-v4,2
220657,reward,2841,-2243.0203785792573,-341.126,PPO,Ant-v4,2
220704,reward,2842,-185.37644597903972,-350.894,PPO,Ant-v4,2
220722,reward,2843,-61.08545221917123,-353.744,PPO,Ant-v4,2
220826,reward,2844,-471.48120474138693,-395.237,PPO,Ant-v4,2
220873,reward,2845,-201.15237406131297,-398.297,PPO,Ant-v4,2
220898,reward,2846,-99.06208856205758,-401.91,PPO,Ant-v4,2
220923,reward,2847,-113.53543366974579,-407.355,PPO,Ant-v4,2
220952,reward,2848,-125.63922558511153,-387.787,PPO,Ant-v4,2
220994,reward,2849,-112.49273787170742,-390.101,PPO,Ant-v4,2
221005,reward,2850,-49.615797991231986,-366.246,PPO,Ant-v4,2
221016,reward,2851,-23.760865032229084,-144.32,PPO,Ant-v4,2
221042,reward,2852,-91.36402347535447,-134.919,PPO,Ant-v4,2
221161,reward,2853,-413.91617204681677,-170.202,PPO,Ant-v4,2
221184,loss,-0.08124145865440369,23.91191291809082,PPO,Ant-v4,2
221206,reward,2854,-190.3068954699694,-142.085,PPO,Ant-v4,2
221229,reward,2855,-84.13743026617124,-130.383,PPO,Ant-v4,2
221256,reward,2856,-84.5577388964792,-128.933,PPO,Ant-v4,2
221280,reward,2857,-84.49525417136692,-126.029,PPO,Ant-v4,2
221322,reward,2858,-156.8455169546702,-129.149,PPO,Ant-v4,2
221505,reward,2859,-694.2690845009985,-187.327,PPO,Ant-v4,2
221534,reward,2860,-128.77964321704985,-195.243,PPO,Ant-v4,2
221568,reward,2861,-132.95827403498726,-206.163,PPO,Ant-v4,2
221586,reward,2862,-52.103467999535894,-202.237,PPO,Ant-v4,2
221599,reward,2863,-71.70074762734849,-168.015,PPO,Ant-v4,2
221631,reward,2864,-131.36567571055934,-162.121,PPO,Ant-v4,2
221676,reward,2865,-154.27563401494947,-169.135,PPO,Ant-v4,2
221697,reward,2866,-87.56311744243321,-169.436,PPO,Ant-v4,2
221741,reward,2867,-152.92094465660648,-176.278,PPO,Ant-v4,2
221766,reward,2868,-83.83127740335297,-168.977,PPO,Ant-v4,2
221800,reward,2869,-179.31361009072032,-117.481,PPO,Ant-v4,2
221838,reward,2870,-228.73579037341116,-127.477,PPO,Ant-v4,2
221881,reward,2871,-147.30560602266146,-128.912,PPO,Ant-v4,2
222007,reward,2872,-549.1221396274029,-178.613,PPO,Ant-v4,2
222079,reward,2873,-259.63789079788484,-197.407,PPO,Ant-v4,2
222201,reward,2874,-463.510200289299,-230.622,PPO,Ant-v4,2
222210,reward,2875,-27.7146880129895,-217.966,PPO,Ant-v4,2
222235,reward,2876,-109.36548166913228,-220.146,PPO,Ant-v4,2
222246,reward,2877,-56.962816973003356,-210.55,PPO,Ant-v4,2
222287,reward,2878,-141.1621712349326,-216.283,PPO,Ant-v4,2
222300,reward,2879,-34.845914132108646,-201.836,PPO,Ant-v4,2
222403,reward,2880,-436.75373833676946,-222.638,PPO,Ant-v4,2
222432,reward,2881,-118.65972558603728,-219.773,PPO,Ant-v4,2
222473,reward,2882,-177.94661238816653,-182.656,PPO,Ant-v4,2
223473,reward,2883,-3726.6724433930103,-529.359,PPO,Ant-v4,2
223489,reward,2884,-78.10079298382578,-490.818,PPO,Ant-v4,2
223501,reward,2885,-43.519304461619384,-492.399,PPO,Ant-v4,2
223542,reward,2886,-171.04173378523345,-498.567,PPO,Ant-v4,2
224542,reward,2887,-3746.815300915509,-867.552,PPO,Ant-v4,2
224596,reward,2888,-100.47828608147667,-863.483,PPO,Ant-v4,2
224677,reward,2889,-286.38021208703924,-888.637,PPO,Ant-v4,2
224734,reward,2890,-222.8764599723554,-867.249,PPO,Ant-v4,2
225734,reward,2891,-3701.7777169730794,-1225.561,PPO,Ant-v4,2
225815,reward,2892,-225.12561148950383,-1230.279,PPO,Ant-v4,2
225830,reward,2893,-46.74128893779987,-862.286,PPO,Ant-v4,2
225848,reward,2894,-78.14828240201584,-862.29,PPO,Ant-v4,2
225864,reward,2895,-78.31913982439886,-865.77,PPO,Ant-v4,2
225925,reward,2896,-214.1373106973243,-870.08,PPO,Ant-v4,2
225974,reward,2897,-129.14207586381227,-508.313,PPO,Ant-v4,2
226059,reward,2898,-207.00116090521973,-518.965,PPO,Ant-v4,2
226071,reward,2899,-31.623640862514662,-493.489,PPO,Ant-v4,2
226174,reward,2900,-425.22610902347253,-513.724,PPO,Ant-v4,2
226193,reward,2901,-81.55382555822482,-151.702,PPO,Ant-v4,2
226217,reward,2902,-80.78546694849697,-137.268,PPO,Ant-v4,2
226244,reward,2903,-68.7962855664716,-139.473,PPO,Ant-v4,2
226360,reward,2904,-427.26304650072746,-174.385,PPO,Ant-v4,2
226377,reward,2905,-60.43948087801551,-172.597,PPO,Ant-v4,2
226393,reward,2906,-63.34966661928958,-157.518,PPO,Ant-v4,2
226417,reward,2907,-83.11322217898771,-152.915,PPO,Ant-v4,2
227417,reward,2908,-3853.5390040270795,-517.569,PPO,Ant-v4,2
227427,reward,2909,-39.34858597586725,-518.341,PPO,Ant-v4,2
227442,reward,2910,-58.7729468967034,-481.696,PPO,Ant-v4,2
227460,reward,2911,-64.04701967526597,-479.945,PPO,Ant-v4,2
227474,reward,2912,-46.451946906669484,-476.512,PPO,Ant-v4,2
228474,reward,2913,-4024.372167286598,-872.07,PPO,Ant-v4,2
228523,reward,2914,-212.72325604160022,-850.616,PPO,Ant-v4,2
228537,reward,2915,-53.20885223770833,-849.893,PPO,Ant-v4,2
228568,reward,2916,-148.3777899782502,-858.395,PPO,Ant-v4,2
228588,reward,2917,-70.83433914257579,-857.168,PPO,Ant-v4,2
228613,reward,2918,-75.75199525520381,-479.389,PPO,Ant-v4,2
228648,reward,2919,-142.6520639407065,-489.719,PPO,Ant-v4,2
228670,reward,2920,-96.48769835581587,-493.491,PPO,Ant-v4,2
228721,reward,2921,-232.20558867193327,-510.307,PPO,Ant-v4,2
228772,reward,2922,-226.44177177699973,-528.306,PPO,Ant-v4,2
228818,reward,2923,-288.47268802949367,-154.716,PPO,Ant-v4,2
228828,reward,2924,-30.13573755644322,-136.457,PPO,Ant-v4,2
228899,reward,2925,-342.38296361298285,-165.374,PPO,Ant-v4,2
228912,reward,2926,-33.72568435862462,-153.909,PPO,Ant-v4,2
228931,reward,2927,-105.0228277173872,-157.328,PPO,Ant-v4,2
229002,reward,2928,-289.27624988650643,-178.68,PPO,Ant-v4,2
229027,reward,2929,-101.7760187096653,-174.593,PPO,Ant-v4,2
229066,reward,2930,-204.72382577327397,-185.416,PPO,Ant-v4,2
229099,reward,2931,-119.96329762017952,-174.192,PPO,Ant-v4,2
229115,reward,2932,-31.171570173615578,-154.665,PPO,Ant-v4,2
229158,reward,2933,-165.07050314429887,-142.325,PPO,Ant-v4,2
229177,reward,2934,-50.881468158048854,-144.399,PPO,Ant-v4,2
229199,reward,2935,-80.19918172991709,-118.181,PPO,Ant-v4,2
229214,reward,2936,-56.532836985767155,-120.462,PPO,Ant-v4,2
229234,reward,2937,-85.219695367219,-118.481,PPO,Ant-v4,2
229247,reward,2938,-51.29616160897545,-94.683,PPO,Ant-v4,2
229302,reward,2939,-211.2591355988559,-105.632,PPO,Ant-v4,2
229312,reward,2940,-43.16260587075775,-89.476,PPO,Ant-v4,2
229326,reward,2941,-69.76859528941414,-84.456,PPO,Ant-v4,2
229352,reward,2942,-86.24102059114765,-89.963,PPO,Ant-v4,2
229364,reward,2943,-32.8990418968494,-76.746,PPO,Ant-v4,2
229376,loss,-0.0657138004899025,20.040943145751953,PPO,Ant-v4,2
229441,reward,2944,-254.59172575903082,-97.117,PPO,Ant-v4,2
229459,reward,2945,-70.48128928313685,-96.145,PPO,Ant-v4,2
229474,reward,2946,-71.35904834136383,-97.628,PPO,Ant-v4,2
229490,reward,2947,-74.34392007600592,-96.54,PPO,Ant-v4,2
229505,reward,2948,-59.13944111125657,-97.325,PPO,Ant-v4,2
229542,reward,2949,-198.5479092592723,-96.053,PPO,Ant-v4,2
230000,speed,1353.56,2.78,PPO,Ant-v4,2
230542,reward,2950,-3942.3870556275533,-485.976,PPO,Ant-v4,2
230567,reward,2951,-70.55423108806363,-486.054,PPO,Ant-v4,2
230594,reward,2952,-114.32461127887406,-488.863,PPO,Ant-v4,2
230609,reward,2953,-54.94429896657083,-491.067,PPO,Ant-v4,2
230626,reward,2954,-72.97040440544417,-472.905,PPO,Ant-v4,2
230640,reward,2955,-56.21588596214764,-471.479,PPO,Ant-v4,2
231640,reward,2956,-3879.0927686660307,-852.252,PPO,Ant-v4,2
231675,reward,2957,-120.38740870240922,-856.856,PPO,Ant-v4,2
232675,reward,2958,-4004.8000396435045,-1251.422,PPO,Ant-v4,2
232760,reward,2959,-307.03643394858136,-1262.271,PPO,Ant-v4,2
232801,reward,2960,-198.45729656350974,-887.878,PPO,Ant-v4,2
232819,reward,2961,-68.62111228310964,-887.685,PPO,Ant-v4,2
232885,reward,2962,-256.59346229486886,-901.912,PPO,Ant-v4,2
232924,reward,2963,-123.19672205521917,-908.737,PPO,Ant-v4,2
232965,reward,2964,-133.64243833815723,-914.804,PPO,Ant-v4,2
233015,reward,2965,-212.04741105998926,-930.388,PPO,Ant-v4,2
233110,reward,2966,-394.5133922929346,-581.93,PPO,Ant-v4,2
233132,reward,2967,-64.51737243581461,-576.343,PPO,Ant-v4,2
233195,reward,2968,-264.93105976341246,-202.356,PPO,Ant-v4,2
234195,reward,2969,-3897.740549373777,-561.426,PPO,Ant-v4,2
234210,reward,2970,-50.05137001575823,-546.585,PPO,Ant-v4,2
234237,reward,2971,-96.28010165993894,-549.351,PPO,Ant-v4,2
234257,reward,2972,-86.0050134815117,-532.293,PPO,Ant-v4,2
234327,reward,2973,-310.83717707064733,-551.057,PPO,Ant-v4,2
234342,reward,2974,-73.08976885604378,-545.001,PPO,Ant-v4,2
234370,reward,2975,-125.23652044857165,-536.32,PPO,Ant-v4,2
234411,reward,2976,-150.95134894727948,-511.964,PPO,Ant-v4,2
235411,reward,2977,-3830.759667625678,-888.588,PPO,Ant-v4,2
235521,reward,2978,-414.7870728729543,-903.574,PPO,Ant-v4,2
235532,reward,2979,-46.85477274305836,-518.485,PPO,Ant-v4,2
236532,reward,2980,-3966.364648022987,-910.117,PPO,Ant-v4,2
236546,reward,2981,-52.481182460686355,-905.737,PPO,Ant-v4,2
236577,reward,2982,-91.70859063116258,-906.307,PPO,Ant-v4,2
236588,reward,2983,-38.06554329787726,-879.03,PPO,Ant-v4,2
236599,reward,2984,-55.89528339363026,-877.31,PPO,Ant-v4,2
236620,reward,2985,-79.57328758701708,-872.744,PPO,Ant-v4,2
236692,reward,2986,-262.85312107572,-883.934,PPO,Ant-v4,2
236705,reward,2987,-45.965397340454366,-505.455,PPO,Ant-v4,2
236725,reward,2988,-64.63648315586161,-470.44,PPO,Ant-v4,2
236739,reward,2989,-58.93247835320941,-471.648,PPO,Ant-v4,2
236757,reward,2990,-106.35383498928203,-85.647,PPO,Ant-v4,2
236822,reward,2991,-201.92901057730757,-100.591,PPO,Ant-v4,2
236886,reward,2992,-232.76677509259144,-114.697,PPO,Ant-v4,2
236932,reward,2993,-177.46299446007072,-128.637,PPO,Ant-v4,2
236953,reward,2994,-82.28266256062624,-131.276,PPO,Ant-v4,2
236981,reward,2995,-151.38510539116987,-138.457,PPO,Ant-v4,2
236993,reward,2996,-33.0718127669165,-115.479,PPO,Ant-v4,2
237007,reward,2997,-71.61418429666354,-118.044,PPO,Ant-v4,2
237026,reward,2998,-65.64834574213937,-118.145,PPO,Ant-v4,2
237062,reward,2999,-122.10461003031536,-124.462,PPO,Ant-v4,2
237109,reward,3000,-197.57721332791417,-133.584,PPO,Ant-v4,2
237161,reward,3001,-255.3494153214507,-138.926,PPO,Ant-v4,2
237194,reward,3002,-118.03326656933548,-127.453,PPO,Ant-v4,2
237208,reward,3003,-42.307694595797074,-113.937,PPO,Ant-v4,2
237256,reward,3004,-143.48099813137782,-120.057,PPO,Ant-v4,2
237291,reward,3005,-146.11942012545535,-119.531,PPO,Ant-v4,2
237300,reward,3006,-33.389024217335084,-119.562,PPO,Ant-v4,2
237568,loss,-0.06678548455238342,22.93622589111328,PPO,Ant-v4,2
238300,reward,3007,-3792.8853898403695,-491.69,PPO,Ant-v4,2
238419,reward,3008,-415.21329845963066,-526.646,PPO,Ant-v4,2
238430,reward,3009,-44.80702868688291,-518.916,PPO,Ant-v4,2
238492,reward,3010,-182.2378268491073,-517.382,PPO,Ant-v4,2
238558,reward,3011,-233.95103895637533,-515.242,PPO,Ant-v4,2
238579,reward,3012,-76.93962912930672,-511.133,PPO,Ant-v4,2
238618,reward,3013,-164.0155977436558,-523.304,PPO,Ant-v4,2
238641,reward,3014,-132.76990185092424,-522.233,PPO,Ant-v4,2
238708,reward,3015,-221.57331349759068,-529.778,PPO,Ant-v4,2
238803,reward,3016,-307.7680466785193,-557.216,PPO,Ant-v4,2
238850,reward,3017,-152.45221798846146,-193.173,PPO,Ant-v4,2
238880,reward,3018,-135.24424969008234,-165.176,PPO,Ant-v4,2
238915,reward,3019,-110.3845647993409,-171.734,PPO,Ant-v4,2
238927,reward,3020,-49.092320941060194,-158.419,PPO,Ant-v4,2
238962,reward,3021,-187.09240291714138,-153.733,PPO,Ant-v4,2
238980,reward,3022,-59.092227318101294,-151.948,PPO,Ant-v4,2
239016,reward,3023,-158.89450920936864,-151.436,PPO,Ant-v4,2
239088,reward,3024,-321.68666277513324,-170.328,PPO,Ant-v4,2
239145,reward,3025,-191.19376326175444,-167.29,PPO,Ant-v4,2
239242,reward,3026,-297.27788882026687,-166.241,PPO,Ant-v4,2
239278,reward,3027,-85.54915579679673,-159.551,PPO,Ant-v4,2
239331,reward,3028,-217.49638894878086,-167.776,PPO,Ant-v4,2
239350,reward,3029,-53.804033938012275,-162.118,PPO,Ant-v4,2
239426,reward,3030,-268.0756149422407,-184.016,PPO,Ant-v4,2
239454,reward,3031,-111.76828641780895,-176.484,PPO,Ant-v4,2
239468,reward,3032,-48.07062321173528,-175.382,PPO,Ant-v4,2
239504,reward,3033,-93.2775932051284,-168.82,PPO,Ant-v4,2
239573,reward,3034,-258.2855297930477,-162.48,PPO,Ant-v4,2
239599,reward,3035,-112.62006411414679,-154.623,PPO,Ant-v4,2
239634,reward,3036,-137.78487978536842,-138.673,PPO,Ant-v4,2
239653,reward,3037,-49.65108559079971,-135.083,PPO,Ant-v4,2
239692,reward,3038,-129.69743064338084,-126.304,PPO,Ant-v4,2
239719,reward,3039,-134.73810518218818,-134.397,PPO,Ant-v4,2
239771,reward,3040,-150.83239251693377,-122.673,PPO,Ant-v4,2
239783,reward,3041,-32.81442527072564,-114.777,PPO,Ant-v4,2
239807,reward,3042,-81.0491830929909,-118.075,PPO,Ant-v4,2
239822,reward,3043,-52.83577515855481,-114.031,PPO,Ant-v4,2
239858,reward,3044,-111.37409070159464,-99.34,PPO,Ant-v4,2
239882,reward,3045,-83.5830950472325,-96.436,PPO,Ant-v4,2
239891,reward,3046,-35.86784045732034,-86.244,PPO,Ant-v4,2
239924,reward,3047,-111.37608359815785,-92.417,PPO,Ant-v4,2
239972,reward,3048,-215.5271757528622,-101.0,PPO,Ant-v4,2
239988,reward,3049,-68.95046381071259,-94.421,PPO,Ant-v4,2
240000,speed,1444.72,2.9,PPO,Ant-v4,2
240055,reward,3050,-255.76309167173127,-104.914,PPO,Ant-v4,2
240114,reward,3051,-240.2765070227851,-125.66,PPO,Ant-v4,2
240146,reward,3052,-112.20709353301001,-128.776,PPO,Ant-v4,2
240167,reward,3053,-73.29727362249503,-130.822,PPO,Ant-v4,2
240192,reward,3054,-91.90279561181158,-128.875,PPO,Ant-v4,2
240229,reward,3055,-148.1425989825435,-135.331,PPO,Ant-v4,2
240260,reward,3056,-133.08962617812043,-145.053,PPO,Ant-v4,2
240282,reward,3057,-71.40934065404686,-141.057,PPO,Ant-v4,2
240310,reward,3058,-111.29309854523211,-130.633,PPO,Ant-v4,2
240328,reward,3059,-89.00321512424634,-132.638,PPO,Ant-v4,2
241328,reward,3060,-3919.3533492286274,-498.997,PPO,Ant-v4,2
241355,reward,3061,-101.71299784258564,-485.141,PPO,Ant-v4,2
241404,reward,3062,-149.3578638807,-488.856,PPO,Ant-v4,2
241419,reward,3063,-34.708679430905825,-484.997,PPO,Ant-v4,2
241449,reward,3064,-101.05130848364824,-485.912,PPO,Ant-v4,2
241482,reward,3065,-120.18556818475084,-483.117,PPO,Ant-v4,2
241515,reward,3066,-122.63197194235453,-482.071,PPO,Ant-v4,2
241538,reward,3067,-80.43517685206315,-482.973,PPO,Ant-v4,2
241593,reward,3068,-286.84466386425527,-500.528,PPO,Ant-v4,2
241607,reward,3069,-59.87243752084576,-497.615,PPO,Ant-v4,2
242424,reward,3070,-3126.9380216561967,-418.374,PPO,Ant-v4,2
242440,reward,3071,-46.64838283955508,-412.867,PPO,Ant-v4,2
242461,reward,3072,-63.376398105592514,-404.269,PPO,Ant-v4,2
242493,reward,3073,-146.52918155406581,-415.451,PPO,Ant-v4,2
242504,reward,3074,-34.15410433518199,-408.762,PPO,Ant-v4,2
242532,reward,3075,-106.82677298512904,-407.426,PPO,Ant-v4,2
242556,reward,3076,-57.20183021032645,-400.883,PPO,Ant-v4,2
242657,reward,3077,-325.55194227073673,-425.394,PPO,Ant-v4,2
242685,reward,3078,-99.90639591415632,-406.701,PPO,Ant-v4,2
242728,reward,3079,-165.20598180880148,-417.234,PPO,Ant-v4,2
242747,reward,3080,-69.45139239506045,-111.485,PPO,Ant-v4,2
242843,reward,3081,-393.8926899512432,-146.21,PPO,Ant-v4,2
242919,reward,3082,-274.6103408492645,-167.333,PPO,Ant-v4,2
243701,reward,3083,-3060.0332862857413,-458.683,PPO,Ant-v4,2
243714,reward,3084,-62.37256653883996,-461.505,PPO,Ant-v4,2
243730,reward,3085,-89.45357024160799,-459.768,PPO,Ant-v4,2
243742,reward,3086,-55.2564077244196,-459.573,PPO,Ant-v4,2
243830,reward,3087,-310.7661828592202,-458.095,PPO,Ant-v4,2
243844,reward,3088,-59.06851969461119,-454.011,PPO,Ant-v4,2
243857,reward,3089,-48.646084044190644,-442.355,PPO,Ant-v4,2
243885,reward,3090,-119.54000141203865,-447.364,PPO,Ant-v4,2
243924,reward,3091,-111.8199312591845,-419.157,PPO,Ant-v4,2
243999,reward,3092,-280.9872232830142,-419.794,PPO,Ant-v4,2
244021,reward,3093,-99.8400736538503,-123.775,PPO,Ant-v4,2
244035,reward,3094,-73.13610630881406,-124.851,PPO,Ant-v4,2
244047,reward,3095,-50.21144494281294,-120.927,PPO,Ant-v4,2
244092,reward,3096,-161.80492195307264,-131.582,PPO,Ant-v4,2
244113,reward,3097,-54.98645521094845,-106.004,PPO,Ant-v4,2
244136,reward,3098,-64.74437290305869,-106.572,PPO,Ant-v4,2
244162,reward,3099,-124.07312401268513,-114.114,PPO,Ant-v4,2
244184,reward,3100,-94.67240372043301,-111.628,PPO,Ant-v4,2
244199,reward,3101,-58.99962717518181,-106.346,PPO,Ant-v4,2
244240,reward,3102,-115.2208025563326,-89.769,PPO,Ant-v4,2
244529,reward,3103,-1077.0885476181886,-187.494,PPO,Ant-v4,2
244552,reward,3104,-115.1245831615448,-191.693,PPO,Ant-v4,2
244565,reward,3105,-88.62354721781486,-195.534,PPO,Ant-v4,2
244590,reward,3106,-83.1162174104468,-187.665,PPO,Ant-v4,2
244615,reward,3107,-88.23557983307764,-190.99,PPO,Ant-v4,2
244636,reward,3108,-93.58539450633847,-193.874,PPO,Ant-v4,2
244661,reward,3109,-90.17544547455965,-190.484,PPO,Ant-v4,2
244681,reward,3110,-51.536827230204324,-186.171,PPO,Ant-v4,2
244744,reward,3111,-221.51779224011779,-202.422,PPO,Ant-v4,2
244774,reward,3112,-78.32380792962628,-198.733,PPO,Ant-v4,2
244787,reward,3113,-48.867043129541585,-95.911,PPO,Ant-v4,2
244800,reward,3114,-26.714580513898184,-87.07,PPO,Ant-v4,2
244818,reward,3115,-63.846722132330655,-84.592,PPO,Ant-v4,2
244831,reward,3116,-34.3823412389182,-79.719,PPO,Ant-v4,2
244860,reward,3117,-107.7512330231786,-81.67,PPO,Ant-v4,2
244943,reward,3118,-366.89243143036015,-109.001,PPO,Ant-v4,2
244985,reward,3119,-148.8784192746042,-114.871,PPO,Ant-v4,2
244998,reward,3120,-32.754865838248875,-112.993,PPO,Ant-v4,2
245038,reward,3121,-185.0334882590127,-109.344,PPO,Ant-v4,2
245059,reward,3122,-99.54469664637531,-111.467,PPO,Ant-v4,2
245123,reward,3123,-214.55087279896605,-128.035,PPO,Ant-v4,2
245527,reward,3124,-1572.156297988952,-282.579,PPO,Ant-v4,2
245578,reward,3125,-189.98018008222468,-295.192,PPO,Ant-v4,2
245685,reward,3126,-359.0129412631024,-327.656,PPO,Ant-v4,2
245708,reward,3127,-73.76720846244208,-324.257,PPO,Ant-v4,2
245751,reward,3128,-184.42533140877316,-306.01,PPO,Ant-v4,2
245760,loss,-0.07992742210626602,25.242826461791992,PPO,Ant-v4,2
245769,reward,3129,-79.63443042948732,-299.086,PPO,Ant-v4,2
245788,reward,3130,-60.536539715659316,-301.864,PPO,Ant-v4,2
245813,reward,3131,-66.98898020343255,-290.06,PPO,Ant-v4,2
245835,reward,3132,-96.73019973157108,-289.778,PPO,Ant-v4,2
245849,reward,3133,-63.96826314672086,-274.72,PPO,Ant-v4,2
245868,reward,3134,-102.9052226128467,-127.795,PPO,Ant-v4,2
245883,reward,3135,-61.46569681856353,-114.943,PPO,Ant-v4,2
245906,reward,3136,-138.23778895485458,-92.866,PPO,Ant-v4,2
245924,reward,3137,-55.480881855866194,-91.037,PPO,Ant-v4,2
246061,reward,3138,-483.0429792340873,-120.899,PPO,Ant-v4,2
246074,reward,3139,-45.278478470026364,-117.464,PPO,Ant-v4,2
246091,reward,3140,-79.96782937527767,-119.407,PPO,Ant-v4,2
246101,reward,3141,-44.15660711663723,-117.123,PPO,Ant-v4,2
246115,reward,3142,-61.199314259869986,-113.57,PPO,Ant-v4,2
246165,reward,3143,-246.36943670657902,-131.81,PPO,Ant-v4,2
246187,reward,3144,-83.98778448641607,-129.919,PPO,Ant-v4,2
246204,reward,3145,-65.22235839855178,-130.294,PPO,Ant-v4,2
246233,reward,3146,-136.37639361607464,-130.108,PPO,Ant-v4,2
246243,reward,3147,-50.71561769098448,-129.632,PPO,Ant-v4,2
246287,reward,3148,-152.57200250140028,-96.585,PPO,Ant-v4,2
246300,reward,3149,-39.85306106904644,-96.042,PPO,Ant-v4,2
246330,reward,3150,-145.89865600456204,-102.635,PPO,Ant-v4,2
246358,reward,3151,-162.11835914803126,-114.431,PPO,Ant-v4,2
246402,reward,3152,-179.3715316638753,-126.249,PPO,Ant-v4,2
246410,reward,3153,-34.608746972506125,-105.072,PPO,Ant-v4,2
247410,reward,3154,-3868.8666608782287,-483.56,PPO,Ant-v4,2
247445,reward,3155,-171.54700000384082,-494.193,PPO,Ant-v4,2
247488,reward,3156,-149.3727934154729,-495.492,PPO,Ant-v4,2
247521,reward,3157,-157.09798653197024,-506.131,PPO,Ant-v4,2
247604,reward,3158,-245.44724311635778,-515.418,PPO,Ant-v4,2
247620,reward,3159,-68.57634031886026,-518.291,PPO,Ant-v4,2
247683,reward,3160,-289.25368029244356,-532.626,PPO,Ant-v4,2
247706,reward,3161,-60.41439365727645,-522.456,PPO,Ant-v4,2
247725,reward,3162,-74.5277554688583,-511.971,PPO,Ant-v4,2
247738,reward,3163,-42.36046871898012,-512.746,PPO,Ant-v4,2
247767,reward,3164,-133.22472429933893,-139.182,PPO,Ant-v4,2
247832,reward,3165,-231.99743217352173,-145.227,PPO,Ant-v4,2
247846,reward,3166,-49.60097078604805,-135.25,PPO,Ant-v4,2
247860,reward,3167,-46.6907334443353,-124.209,PPO,Ant-v4,2
247906,reward,3168,-160.67268382666077,-115.732,PPO,Ant-v4,2
247920,reward,3169,-50.37240607158162,-113.912,PPO,Ant-v4,2
247965,reward,3170,-236.45026537118915,-108.631,PPO,Ant-v4,2
248010,reward,3171,-175.96775739779548,-120.187,PPO,Ant-v4,2
248029,reward,3172,-79.69797018535152,-120.704,PPO,Ant-v4,2
248039,reward,3173,-39.64065734438854,-120.432,PPO,Ant-v4,2
248078,reward,3174,-164.39895701966995,-123.549,PPO,Ant-v4,2
248092,reward,3175,-57.05255794952877,-106.054,PPO,Ant-v4,2
248145,reward,3176,-226.5422606859161,-123.749,PPO,Ant-v4,2
248182,reward,3177,-133.2300251518329,-132.403,PPO,Ant-v4,2
248202,reward,3178,-72.49894504218852,-123.585,PPO,Ant-v4,2
248219,reward,3179,-53.93808780663524,-123.942,PPO,Ant-v4,2
248236,reward,3180,-73.95456729408636,-107.692,PPO,Ant-v4,2
248253,reward,3181,-66.93398533976055,-96.789,PPO,Ant-v4,2
248293,reward,3182,-140.825060833098,-102.902,PPO,Ant-v4,2
248331,reward,3183,-155.23353322041152,-114.461,PPO,Ant-v4,2
248375,reward,3184,-142.5347495879344,-112.274,PPO,Ant-v4,2
248435,reward,3185,-287.9916689475575,-135.368,PPO,Ant-v4,2
248465,reward,3186,-139.14645926291286,-126.629,PPO,Ant-v4,2
248507,reward,3187,-147.88781085592737,-128.094,PPO,Ant-v4,2
248576,reward,3188,-288.98050743760825,-149.743,PPO,Ant-v4,2
248592,reward,3189,-43.32739321651968,-148.682,PPO,Ant-v4,2
248697,reward,3190,-421.91534894483624,-183.478,PPO,Ant-v4,2
248712,reward,3191,-42.59068366402094,-181.043,PPO,Ant-v4,2
248743,reward,3192,-124.4220865106879,-179.403,PPO,Ant-v4,2
248763,reward,3193,-100.89752828394798,-173.969,PPO,Ant-v4,2
248778,reward,3194,-60.67192192930855,-165.783,PPO,Ant-v4,2
248821,reward,3195,-132.55784302560582,-150.24,PPO,Ant-v4,2
248858,reward,3196,-193.1443786594132,-155.64,PPO,Ant-v4,2
248925,reward,3197,-216.8925892612652,-162.54,PPO,Ant-v4,2
248973,reward,3198,-207.9675698228086,-154.439,PPO,Ant-v4,2
248989,reward,3199,-43.96500604958549,-154.502,PPO,Ant-v4,2
249025,reward,3200,-155.24204815431528,-127.835,PPO,Ant-v4,2
249096,reward,3201,-248.32112527850606,-148.408,PPO,Ant-v4,2
249125,reward,3202,-103.82128406535266,-146.348,PPO,Ant-v4,2
249144,reward,3203,-81.63659420145476,-144.422,PPO,Ant-v4,2
249167,reward,3204,-100.64989209137077,-148.42,PPO,Ant-v4,2
249222,reward,3205,-159.18468134457692,-151.083,PPO,Ant-v4,2
249241,reward,3206,-78.64244836865056,-139.632,PPO,Ant-v4,2
249267,reward,3207,-92.02774690765476,-127.146,PPO,Ant-v4,2
249320,reward,3208,-225.43186221782233,-128.892,PPO,Ant-v4,2
249362,reward,3209,-209.96008812226907,-145.492,PPO,Ant-v4,2
249433,reward,3210,-290.8675087858806,-159.054,PPO,Ant-v4,2
249453,reward,3211,-105.6620047303405,-144.788,PPO,Ant-v4,2
249520,reward,3212,-292.31963082624713,-163.638,PPO,Ant-v4,2
249603,reward,3213,-361.0820147120291,-191.583,PPO,Ant-v4,2
249631,reward,3214,-105.96058494066804,-192.114,PPO,Ant-v4,2
249669,reward,3215,-163.18910626333786,-192.514,PPO,Ant-v4,2
249710,reward,3216,-171.561962377278,-201.806,PPO,Ant-v4,2
249727,reward,3217,-52.01441720720326,-197.805,PPO,Ant-v4,2
249747,reward,3218,-107.96249979458742,-186.058,PPO,Ant-v4,2
249769,reward,3219,-71.1794088076213,-172.18,PPO,Ant-v4,2
249826,reward,3220,-215.1045777654167,-164.604,PPO,Ant-v4,2
249844,reward,3221,-58.13349513341291,-159.851,PPO,Ant-v4,2
249887,reward,3222,-141.90098035032588,-144.809,PPO,Ant-v4,2
249915,reward,3223,-139.43238639004653,-122.644,PPO,Ant-v4,2
249927,reward,3224,-46.66493102961198,-116.714,PPO,Ant-v4,2
249956,reward,3225,-133.44408840584217,-113.74,PPO,Ant-v4,2
249972,reward,3226,-50.22540604105396,-101.606,PPO,Ant-v4,2
250000,speed,1453.7,3.01,PPO,Ant-v4,2
250007,reward,3227,-120.50168333574777,-108.455,PPO,Ant-v4,2
250066,reward,3228,-207.4000712385157,-118.399,PPO,Ant-v4,2
250080,reward,3229,-57.358627169936916,-117.017,PPO,Ant-v4,2
250109,reward,3230,-121.61993841731578,-107.668,PPO,Ant-v4,2
250158,reward,3231,-230.86691225277576,-124.942,PPO,Ant-v4,2
250187,reward,3232,-118.57873698763187,-122.609,PPO,Ant-v4,2
250200,reward,3233,-41.00542664002794,-112.767,PPO,Ant-v4,2
250221,reward,3234,-63.21904243514006,-114.422,PPO,Ant-v4,2
250239,reward,3235,-96.0990972327472,-110.687,PPO,Ant-v4,2
250252,reward,3236,-43.94193874888151,-110.059,PPO,Ant-v4,2
250318,reward,3237,-288.196886326419,-126.829,PPO,Ant-v4,2
250390,reward,3238,-265.04992566680784,-132.594,PPO,Ant-v4,2
250422,reward,3239,-126.51531521736504,-139.509,PPO,Ant-v4,2
250434,reward,3240,-28.899244563273164,-130.237,PPO,Ant-v4,2
250469,reward,3241,-121.43846739098005,-119.294,PPO,Ant-v4,2
250513,reward,3242,-190.7625693502126,-126.513,PPO,Ant-v4,2
250568,reward,3243,-201.40665172426654,-142.553,PPO,Ant-v4,2
250654,reward,3244,-312.8786988080373,-167.519,PPO,Ant-v4,2
250666,reward,3245,-40.48591373860161,-161.958,PPO,Ant-v4,2
250696,reward,3246,-161.27810271062444,-173.691,PPO,Ant-v4,2
251696,reward,3247,-3883.7835361620914,-533.25,PPO,Ant-v4,2
251733,reward,3248,-107.97054584946898,-517.542,PPO,Ant-v4,2
251765,reward,3249,-126.17107592069414,-517.507,PPO,Ant-v4,2
251825,reward,3250,-255.493648192675,-540.167,PPO,Ant-v4,2
251848,reward,3251,-41.529244402526224,-532.176,PPO,Ant-v4,2
251869,reward,3252,-90.75380500352883,-522.175,PPO,Ant-v4,2
251931,reward,3253,-226.95865084464302,-524.73,PPO,Ant-v4,2
251946,reward,3254,-46.18863399351569,-498.061,PPO,Ant-v4,2
251958,reward,3255,-39.38136903051216,-497.951,PPO,Ant-v4,2
251975,reward,3256,-70.26590797298688,-488.85,PPO,Ant-v4,2
251994,reward,3257,-26.612204272390834,-103.133,PPO,Ant-v4,2
252016,reward,3258,-77.85869424809934,-100.121,PPO,Ant-v4,2
252028,reward,3259,-34.18378832881014,-90.923,PPO,Ant-v4,2
252037,reward,3260,-43.918873761810595,-69.765,PPO,Ant-v4,2
253037,reward,3261,-4020.260784002861,-467.638,PPO,Ant-v4,2
253077,reward,3262,-120.15798929829594,-470.579,PPO,Ant-v4,2
253106,reward,3263,-133.74509470331685,-461.257,PPO,Ant-v4,2
253162,reward,3264,-204.39398137660467,-477.078,PPO,Ant-v4,2
253185,reward,3265,-76.49404850237059,-480.789,PPO,Ant-v4,2
253229,reward,3266,-143.57634888761382,-488.12,PPO,Ant-v4,2
253281,reward,3267,-195.03498970310454,-504.962,PPO,Ant-v4,2
253305,reward,3268,-110.86818534216259,-508.263,PPO,Ant-v4,2
253318,reward,3269,-43.654927340717194,-509.211,PPO,Ant-v4,2
253344,reward,3270,-105.78074588302515,-515.397,PPO,Ant-v4,2
253365,reward,3271,-71.56836657745947,-120.527,PPO,Ant-v4,2
253407,reward,3272,-170.5285416325792,-125.565,PPO,Ant-v4,2
253430,reward,3273,-68.5455258349891,-119.045,PPO,Ant-v4,2
253454,reward,3274,-97.04211724901982,-108.309,PPO,Ant-v4,2
253481,reward,3275,-86.07936841999341,-109.268,PPO,Ant-v4,2
253520,reward,3276,-150.73433101813956,-109.984,PPO,Ant-v4,2
253581,reward,3277,-214.08563762162947,-111.889,PPO,Ant-v4,2
253649,reward,3278,-216.61836041985094,-122.464,PPO,Ant-v4,2
253696,reward,3279,-150.50992756943353,-133.149,PPO,Ant-v4,2
253717,reward,3280,-90.8141014867041,-131.653,PPO,Ant-v4,2
253742,reward,3281,-66.3978346151626,-131.136,PPO,Ant-v4,2
253811,reward,3282,-279.53873853785973,-142.037,PPO,Ant-v4,2
253833,reward,3283,-84.19590690913553,-143.602,PPO,Ant-v4,2
253860,reward,3284,-111.94678812709844,-145.092,PPO,Ant-v4,2
253873,reward,3285,-33.290511043294586,-139.813,PPO,Ant-v4,2
253893,reward,3286,-57.22363723412683,-130.462,PPO,Ant-v4,2
253943,reward,3287,-208.27073738626987,-129.881,PPO,Ant-v4,2
253952,loss,-0.06706324964761734,32.66417694091797,PPO,Ant-v4,2
253958,reward,3288,-56.959665489781514,-113.915,PPO,Ant-v4,2
253973,reward,3289,-64.56770938570256,-105.321,PPO,Ant-v4,2
253993,reward,3290,-71.89923147841172,-103.429,PPO,Ant-v4,2
254084,reward,3291,-408.8763397671196,-137.677,PPO,Ant-v4,2
255084,reward,3292,-3989.801710126176,-508.703,PPO,Ant-v4,2
255099,reward,3293,-47.612072373099,-505.045,PPO,Ant-v4,2
255147,reward,3294,-215.01733063832526,-515.352,PPO,Ant-v4,2
256147,reward,3295,-3862.539186270883,-898.277,PPO,Ant-v4,2
256168,reward,3296,-63.65458152062618,-898.92,PPO,Ant-v4,2
256225,reward,3297,-225.91153117811592,-900.684,PPO,Ant-v4,2
256248,reward,3298,-69.40126945746714,-901.928,PPO,Ant-v4,2
256262,reward,3299,-47.96467525665989,-900.268,PPO,Ant-v4,2
256396,reward,3300,-535.6395960423788,-946.642,PPO,Ant-v4,2
256439,reward,3301,-207.37823637923515,-926.492,PPO,Ant-v4,2
256475,reward,3302,-120.10543852646543,-539.522,PPO,Ant-v4,2
256508,reward,3303,-119.21069360748928,-546.682,PPO,Ant-v4,2
256558,reward,3304,-226.48679052519222,-547.829,PPO,Ant-v4,2
256615,reward,3305,-207.48199400508585,-182.323,PPO,Ant-v4,2
256643,reward,3306,-146.9247171392998,-190.65,PPO,Ant-v4,2
256663,reward,3307,-90.09385509998822,-177.069,PPO,Ant-v4,2
256712,reward,3308,-196.0930007064516,-189.738,PPO,Ant-v4,2
256785,reward,3309,-226.13801705896367,-207.555,PPO,Ant-v4,2
256837,reward,3310,-193.8741994317441,-173.379,PPO,Ant-v4,2
256851,reward,3311,-56.23035144237827,-158.264,PPO,Ant-v4,2
256871,reward,3312,-106.28779972994174,-156.882,PPO,Ant-v4,2
256886,reward,3313,-63.63908265185785,-151.325,PPO,Ant-v4,2
256907,reward,3314,-75.82009557745727,-136.258,PPO,Ant-v4,2
256921,reward,3315,-40.387864582154265,-119.549,PPO,Ant-v4,2
256933,reward,3316,-47.79612338900503,-109.636,PPO,Ant-v4,2
256971,reward,3317,-162.4789517595119,-116.875,PPO,Ant-v4,2
256991,reward,3318,-66.40307971680737,-103.906,PPO,Ant-v4,2
257017,reward,3319,-103.41483318971662,-91.633,PPO,Ant-v4,2
257034,reward,3320,-59.685338881057184,-78.214,PPO,Ant-v4,2
257129,reward,3321,-406.3970568813228,-113.231,PPO,Ant-v4,2
257167,reward,3322,-128.92728452579206,-115.495,PPO,Ant-v4,2
257222,reward,3323,-269.45388138146126,-136.076,PPO,Ant-v4,2
257267,reward,3324,-168.72714760210067,-145.367,PPO,Ant-v4,2
257329,reward,3325,-167.0267647990697,-158.031,PPO,Ant-v4,2
257399,reward,3326,-277.42774988232304,-180.994,PPO,Ant-v4,2
257538,reward,3327,-568.9366992065135,-221.64,PPO,Ant-v4,2
257552,reward,3328,-60.12113945023206,-221.012,PPO,Ant-v4,2
257582,reward,3329,-106.1647398257531,-221.287,PPO,Ant-v4,2
257594,reward,3330,-39.2822624652575,-219.246,PPO,Ant-v4,2
257605,reward,3331,-31.24431383467813,-181.731,PPO,Ant-v4,2
257631,reward,3332,-71.29160725535068,-175.968,PPO,Ant-v4,2
258631,reward,3333,-3852.551827632669,-534.277,PPO,Ant-v4,2
258654,reward,3334,-88.71117118926374,-526.276,PPO,Ant-v4,2
258688,reward,3335,-122.84594846660394,-521.858,PPO,Ant-v4,2
258739,reward,3336,-193.1076279333041,-513.426,PPO,Ant-v4,2
258764,reward,3337,-115.7006986205186,-468.102,PPO,Ant-v4,2
258820,reward,3338,-248.24071330275993,-486.914,PPO,Ant-v4,2
258842,reward,3339,-77.9650602135416,-484.094,PPO,Ant-v4,2
258855,reward,3340,-62.83104350240052,-486.449,PPO,Ant-v4,2
258865,reward,3341,-39.87848022896431,-487.312,PPO,Ant-v4,2
258904,reward,3342,-130.6188904549517,-493.245,PPO,Ant-v4,2
258926,reward,3343,-75.80755896822257,-115.571,PPO,Ant-v4,2
258983,reward,3344,-272.8491772340884,-133.985,PPO,Ant-v4,2
258995,reward,3345,-43.66341377555068,-126.066,PPO,Ant-v4,2
259048,reward,3346,-153.74803635390955,-122.13,PPO,Ant-v4,2
259077,reward,3347,-89.91000782606532,-119.551,PPO,Ant-v4,2
259091,reward,3348,-50.23593690229624,-99.751,PPO,Ant-v4,2
259130,reward,3349,-130.11762276099793,-104.966,PPO,Ant-v4,2
259152,reward,3350,-59.09437776709346,-104.592,PPO,Ant-v4,2
259166,reward,3351,-88.17684123139631,-109.422,PPO,Ant-v4,2
259186,reward,3352,-67.49506890708473,-103.11,PPO,Ant-v4,2
259206,reward,3353,-106.43124731029305,-106.172,PPO,Ant-v4,2
259247,reward,3354,-195.4401238465863,-98.431,PPO,Ant-v4,2
259263,reward,3355,-57.889563459054976,-99.854,PPO,Ant-v4,2
259276,reward,3356,-64.05482051717271,-90.885,PPO,Ant-v4,2
259290,reward,3357,-41.33987540329391,-86.028,PPO,Ant-v4,2
259309,reward,3358,-57.457911028889704,-86.75,PPO,Ant-v4,2
259323,reward,3359,-42.553917075504394,-77.993,PPO,Ant-v4,2
259367,reward,3360,-158.5802993098969,-87.942,PPO,Ant-v4,2
259381,reward,3361,-68.22163742919736,-85.946,PPO,Ant-v4,2
260000,speed,1430.1,3.13,PPO,Ant-v4,2
260381,reward,3362,-3632.8446568110785,-442.481,PPO,Ant-v4,2
260432,reward,3363,-136.23794498584022,-445.462,PPO,Ant-v4,2
260498,reward,3364,-262.90364893814734,-452.208,PPO,Ant-v4,2
260550,reward,3365,-246.30244006365606,-471.05,PPO,Ant-v4,2
260624,reward,3366,-278.37834874332447,-492.482,PPO,Ant-v4,2
260636,reward,3367,-41.3569796476527,-492.484,PPO,Ant-v4,2
260669,reward,3368,-137.59221376605518,-500.497,PPO,Ant-v4,2
260692,reward,3369,-82.25989160481394,-504.468,PPO,Ant-v4,2
260726,reward,3370,-73.72497426811822,-495.982,PPO,Ant-v4,2
260777,reward,3371,-179.66831408009705,-507.127,PPO,Ant-v4,2
260832,reward,3372,-213.4188311398402,-165.184,PPO,Ant-v4,2
260846,reward,3373,-53.73326996751822,-156.934,PPO,Ant-v4,2
260870,reward,3374,-94.59688510362257,-140.103,PPO,Ant-v4,2
260892,reward,3375,-84.76235510651188,-123.949,PPO,Ant-v4,2
261892,reward,3376,-4015.4787970488287,-497.659,PPO,Ant-v4,2
262020,reward,3377,-491.5625099256339,-542.68,PPO,Ant-v4,2
262040,reward,3378,-81.1021452605106,-537.031,PPO,Ant-v4,2
262052,reward,3379,-43.41638624452353,-533.146,PPO,Ant-v4,2
262068,reward,3380,-71.4072851875468,-532.915,PPO,Ant-v4,2
262084,reward,3381,-82.95290180130436,-523.243,PPO,Ant-v4,2
262119,reward,3382,-117.72373201019111,-513.674,PPO,Ant-v4,2
262130,reward,3383,-60.933212143633604,-514.394,PPO,Ant-v4,2
262144,loss,-0.055993445217609406,19.827823638916016,PPO,Ant-v4,2
262149,reward,3384,-55.48040561721805,-510.482,PPO,Ant-v4,2
262199,reward,3385,-162.36303390546047,-518.242,PPO,Ant-v4,2
262232,reward,3386,-109.17242037264343,-127.611,PPO,Ant-v4,2
262253,reward,3387,-98.29187346206305,-88.284,PPO,Ant-v4,2
262273,reward,3388,-67.99832073826313,-86.974,PPO,Ant-v4,2
262291,reward,3389,-61.947723542555316,-88.827,PPO,Ant-v4,2
262315,reward,3390,-81.25917797884594,-89.812,PPO,Ant-v4,2
262331,reward,3391,-54.55981138470458,-86.973,PPO,Ant-v4,2
262368,reward,3392,-150.22278035060185,-90.223,PPO,Ant-v4,2
262459,reward,3393,-324.66837761883073,-116.596,PPO,Ant-v4,2
262557,reward,3394,-356.6230294836882,-146.711,PPO,Ant-v4,2
262572,reward,3395,-46.56641614505196,-135.131,PPO,Ant-v4,2
262602,reward,3396,-93.13083786930868,-133.527,PPO,Ant-v4,2
262669,reward,3397,-295.18183710680006,-153.216,PPO,Ant-v4,2
262724,reward,3398,-171.36679736858562,-163.553,PPO,Ant-v4,2
262735,reward,3399,-30.583165249969248,-160.416,PPO,Ant-v4,2
262774,reward,3400,-115.57652118235846,-163.848,PPO,Ant-v4,2
262799,reward,3401,-66.62722052572231,-165.055,PPO,Ant-v4,2
262811,reward,3402,-56.76961026699373,-155.709,PPO,Ant-v4,2
262902,reward,3403,-408.0203711759423,-164.045,PPO,Ant-v4,2
262915,reward,3404,-61.04573218941708,-134.487,PPO,Ant-v4,2
262953,reward,3405,-163.8374218242864,-146.214,PPO,Ant-v4,2
262996,reward,3406,-185.4508525894091,-155.446,PPO,Ant-v4,2
263017,reward,3407,-85.55038707764686,-134.483,PPO,Ant-v4,2
263028,reward,3408,-42.89613955033143,-121.636,PPO,Ant-v4,2
263040,reward,3409,-31.654922279880875,-121.743,PPO,Ant-v4,2
263071,reward,3410,-140.95604096552972,-124.281,PPO,Ant-v4,2
263114,reward,3411,-205.91814589835369,-138.21,PPO,Ant-v4,2
263138,reward,3412,-95.28989402102907,-142.062,PPO,Ant-v4,2
263156,reward,3413,-71.02381597035266,-108.362,PPO,Ant-v4,2
263181,reward,3414,-121.81597524697388,-114.439,PPO,Ant-v4,2
263238,reward,3415,-211.84169135221907,-119.24,PPO,Ant-v4,2
263286,reward,3416,-218.59796155714804,-122.554,PPO,Ant-v4,2
263396,reward,3417,-413.15107442667824,-155.315,PPO,Ant-v4,2
263431,reward,3418,-148.12266643523552,-165.837,PPO,Ant-v4,2
263468,reward,3419,-160.58639090733152,-178.73,PPO,Ant-v4,2
263517,reward,3420,-189.52052945435673,-183.587,PPO,Ant-v4,2
263527,reward,3421,-39.022695703953985,-166.897,PPO,Ant-v4,2
263562,reward,3422,-180.16868124934368,-175.385,PPO,Ant-v4,2
263576,reward,3423,-70.31878367521784,-175.315,PPO,Ant-v4,2
263621,reward,3424,-206.97705472267933,-183.831,PPO,Ant-v4,2
263642,reward,3425,-62.18823873231256,-168.865,PPO,Ant-v4,2
263658,reward,3426,-54.5968383451429,-152.465,PPO,Ant-v4,2
263675,reward,3427,-46.99642671926219,-115.85,PPO,Ant-v4,2
263686,reward,3428,-44.815092886544214,-105.519,PPO,Ant-v4,2
263704,reward,3429,-22.88423736208512,-91.749,PPO,Ant-v4,2
263729,reward,3430,-144.67824372752688,-87.265,PPO,Ant-v4,2
263739,reward,3431,-23.035751862808958,-85.666,PPO,Ant-v4,2
264739,reward,3432,-3721.7702987173325,-439.826,PPO,Ant-v4,2
264761,reward,3433,-91.95803820427375,-441.99,PPO,Ant-v4,2
264775,reward,3434,-80.88700610080406,-429.381,PPO,Ant-v4,2
264812,reward,3435,-133.40438707486874,-436.503,PPO,Ant-v4,2
264864,reward,3436,-197.78597621303697,-450.822,PPO,Ant-v4,2
264890,reward,3437,-100.9172046721845,-456.214,PPO,Ant-v4,2
264955,reward,3438,-290.419490653309,-480.774,PPO,Ant-v4,2
264975,reward,3439,-52.998395949510325,-483.785,PPO,Ant-v4,2
265046,reward,3440,-258.2331357566175,-495.141,PPO,Ant-v4,2
265060,reward,3441,-74.49013490926116,-500.286,PPO,Ant-v4,2
265073,reward,3442,-37.29832753675073,-131.839,PPO,Ant-v4,2
265091,reward,3443,-50.460828820152315,-127.689,PPO,Ant-v4,2
266091,reward,3444,-3746.5071139258243,-494.251,PPO,Ant-v4,2
266102,reward,3445,-46.4090290525311,-485.552,PPO,Ant-v4,2
266172,reward,3446,-203.58116127161824,-486.131,PPO,Ant-v4,2
266187,reward,3447,-49.41557741903253,-480.981,PPO,Ant-v4,2
266227,reward,3448,-169.5256063481981,-468.892,PPO,Ant-v4,2
266257,reward,3449,-147.11424429219863,-478.304,PPO,Ant-v4,2
266267,reward,3450,-38.04871904457634,-456.285,PPO,Ant-v4,2
267267,reward,3451,-3805.412201462241,-829.377,PPO,Ant-v4,2
267294,reward,3452,-117.86854322419846,-837.434,PPO,Ant-v4,2
267313,reward,3453,-93.29120397771226,-841.717,PPO,Ant-v4,2
267324,reward,3454,-43.44243658600517,-471.411,PPO,Ant-v4,2
267378,reward,3455,-164.83404021853855,-483.253,PPO,Ant-v4,2
267567,reward,3456,-653.7400623197341,-528.269,PPO,Ant-v4,2
267578,reward,3457,-42.67508134043463,-527.595,PPO,Ant-v4,2
267592,reward,3458,-70.70136678375096,-517.713,PPO,Ant-v4,2
267673,reward,3459,-289.3038386794874,-531.932,PPO,Ant-v4,2
267690,reward,3460,-72.3239849733495,-535.359,PPO,Ant-v4,2
267720,reward,3461,-87.22817135100614,-163.541,PPO,Ant-v4,2
267756,reward,3462,-88.10175526273656,-160.564,PPO,Ant-v4,2
267770,reward,3463,-54.24213534141421,-156.659,PPO,Ant-v4,2
267820,reward,3464,-178.31415665268813,-170.146,PPO,Ant-v4,2
267828,reward,3465,-26.24361528466504,-156.287,PPO,Ant-v4,2
267849,reward,3466,-101.00160319492312,-101.014,PPO,Ant-v4,2
267869,reward,3467,-49.47369937823365,-101.693,PPO,Ant-v4,2
267882,reward,3468,-48.26200056377127,-99.449,PPO,Ant-v4,2
267941,reward,3469,-210.6105273684197,-91.58,PPO,Ant-v4,2
267952,reward,3470,-43.78510663090849,-88.726,PPO,Ant-v4,2
267972,reward,3471,-77.3835725031755,-87.742,PPO,Ant-v4,2
268007,reward,3472,-142.5623857555132,-93.188,PPO,Ant-v4,2
268020,reward,3473,-37.143685501792405,-91.478,PPO,Ant-v4,2
268053,reward,3474,-95.53123250680302,-83.2,PPO,Ant-v4,2
268127,reward,3475,-275.0230268020035,-108.078,PPO,Ant-v4,2
268149,reward,3476,-69.40791605241138,-104.918,PPO,Ant-v4,2
268173,reward,3477,-122.88230486737919,-112.259,PPO,Ant-v4,2
268186,reward,3478,-46.46007608438586,-112.079,PPO,Ant-v4,2
268261,reward,3479,-294.117622389437,-120.43,PPO,Ant-v4,2
268274,reward,3480,-36.04433345740689,-119.656,PPO,Ant-v4,2
268334,reward,3481,-219.2969286669831,-133.847,PPO,Ant-v4,2
268461,reward,3482,-487.8099432951515,-168.372,PPO,Ant-v4,2
268491,reward,3483,-99.56508864482804,-174.614,PPO,Ant-v4,2
268507,reward,3484,-66.82704923765424,-171.743,PPO,Ant-v4,2
268523,reward,3485,-92.67511235197162,-153.509,PPO,Ant-v4,2
268537,reward,3486,-58.48428714547514,-152.416,PPO,Ant-v4,2
268628,reward,3487,-287.4440852432991,-168.872,PPO,Ant-v4,2
268660,reward,3488,-158.59394587911405,-180.086,PPO,Ant-v4,2
268705,reward,3489,-191.62839837259912,-169.837,PPO,Ant-v4,2
268723,reward,3490,-70.71369887067559,-173.304,PPO,Ant-v4,2
268732,reward,3491,-26.271136299538718,-154.001,PPO,Ant-v4,2
268758,reward,3492,-71.87838836183698,-112.408,PPO,Ant-v4,2
268777,reward,3493,-66.80639070829938,-109.132,PPO,Ant-v4,2
268791,reward,3494,-52.770389010357405,-107.727,PPO,Ant-v4,2
268852,reward,3495,-277.62230990642064,-126.221,PPO,Ant-v4,2
268915,reward,3496,-211.78175273704778,-141.551,PPO,Ant-v4,2
268928,reward,3497,-41.01128074547466,-116.908,PPO,Ant-v4,2
268956,reward,3498,-106.14117780282741,-111.662,PPO,Ant-v4,2
268970,reward,3499,-50.91380154160762,-97.591,PPO,Ant-v4,2
268997,reward,3500,-61.93263893775322,-96.713,PPO,Ant-v4,2
269054,reward,3501,-243.04288987637491,-118.39,PPO,Ant-v4,2
269066,reward,3502,-46.06040428991507,-115.808,PPO,Ant-v4,2
270000,speed,1351.31,3.25,PPO,Ant-v4,2
270066,reward,3503,-3826.0274087096172,-491.73,PPO,Ant-v4,2
270158,reward,3504,-397.5016296558913,-526.204,PPO,Ant-v4,2
270223,reward,3505,-245.76751879071125,-523.018,PPO,Ant-v4,2
270248,reward,3506,-94.25514538627282,-511.265,PPO,Ant-v4,2
270297,reward,3507,-203.33939712087636,-527.498,PPO,Ant-v4,2
270319,reward,3508,-88.44759200583579,-525.729,PPO,Ant-v4,2
270336,loss,-0.06542353332042694,13.404314041137695,PPO,Ant-v4,2
270355,reward,3509,-155.36686796563237,-536.174,PPO,Ant-v4,2
270407,reward,3510,-192.62612483074184,-549.243,PPO,Ant-v4,2
270427,reward,3511,-60.94169357916461,-531.033,PPO,Ant-v4,2
270492,reward,3512,-173.88037059309693,-543.815,PPO,Ant-v4,2
270507,reward,3513,-61.02248625848533,-167.315,PPO,Ant-v4,2
270520,reward,3514,-38.729921013785265,-131.438,PPO,Ant-v4,2
270598,reward,3515,-301.58839395857535,-137.02,PPO,Ant-v4,2
270612,reward,3516,-34.28892879061094,-131.023,PPO,Ant-v4,2
271612,reward,3517,-3834.9938268975206,-494.189,PPO,Ant-v4,2
271668,reward,3518,-217.729499078429,-507.117,PPO,Ant-v4,2
271698,reward,3519,-135.17839960791923,-505.098,PPO,Ant-v4,2
271709,reward,3520,-44.087929515085065,-490.244,PPO,Ant-v4,2
271773,reward,3521,-247.76198047930876,-508.926,PPO,Ant-v4,2
271783,reward,3522,-62.46399638202376,-497.785,PPO,Ant-v4,2
271801,reward,3523,-95.99937552156186,-501.282,PPO,Ant-v4,2
271822,reward,3524,-62.19534972855566,-503.629,PPO,Ant-v4,2
271850,reward,3525,-104.79095844488705,-483.949,PPO,Ant-v4,2
271875,reward,3526,-77.66220350265077,-488.286,PPO,Ant-v4,2
271893,reward,3527,-73.78799709750939,-112.166,PPO,Ant-v4,2
271930,reward,3528,-135.6238426022214,-103.955,PPO,Ant-v4,2
271955,reward,3529,-93.12302364334396,-99.75,PPO,Ant-v4,2
272000,reward,3530,-160.88373242834427,-111.429,PPO,Ant-v4,2
272025,reward,3531,-112.54172806883038,-97.907,PPO,Ant-v4,2
273025,reward,3532,-3778.6687981610157,-469.528,PPO,Ant-v4,2
273037,reward,3533,-62.358421867184454,-466.164,PPO,Ant-v4,2
273078,reward,3534,-110.14334965920443,-470.958,PPO,Ant-v4,2
273091,reward,3535,-49.12364127115059,-465.392,PPO,Ant-v4,2
273120,reward,3536,-104.20127762244827,-468.046,PPO,Ant-v4,2
273143,reward,3537,-49.2722978128848,-465.594,PPO,Ant-v4,2
273156,reward,3538,-43.92278043379743,-456.424,PPO,Ant-v4,2
273176,reward,3539,-76.9975862754028,-454.811,PPO,Ant-v4,2
273278,reward,3540,-451.16814969232837,-483.84,PPO,Ant-v4,2
273321,reward,3541,-157.74891619092725,-488.361,PPO,Ant-v4,2
273349,reward,3542,-126.90838000218201,-123.184,PPO,Ant-v4,2
273384,reward,3543,-161.50689832702508,-133.099,PPO,Ant-v4,2
273408,reward,3544,-66.17259351838408,-128.702,PPO,Ant-v4,2
273430,reward,3545,-105.29434415675388,-134.319,PPO,Ant-v4,2
273498,reward,3546,-229.14031775017233,-146.813,PPO,Ant-v4,2
273554,reward,3547,-253.95499891091953,-167.281,PPO,Ant-v4,2
273579,reward,3548,-97.15921751703338,-172.605,PPO,Ant-v4,2
273598,reward,3549,-54.227006419260356,-170.328,PPO,Ant-v4,2
273658,reward,3550,-260.3903619690618,-151.25,PPO,Ant-v4,2
273698,reward,3551,-179.56480494528182,-153.432,PPO,Ant-v4,2
273714,reward,3552,-45.97844848965653,-145.339,PPO,Ant-v4,2
273742,reward,3553,-130.85190346983254,-142.273,PPO,Ant-v4,2
273768,reward,3554,-84.31459047406823,-144.088,PPO,Ant-v4,2
273861,reward,3555,-403.23985576601086,-173.882,PPO,Ant-v4,2
273892,reward,3556,-150.37972392887025,-166.006,PPO,Ant-v4,2
273915,reward,3557,-92.18190845528882,-149.829,PPO,Ant-v4,2
274854,reward,3558,-3496.1941404760737,-489.732,PPO,Ant-v4,2
274886,reward,3559,-132.42196873701394,-497.552,PPO,Ant-v4,2
274920,reward,3560,-120.6621593067465,-483.579,PPO,Ant-v4,2
274942,reward,3561,-59.3176645238785,-471.554,PPO,Ant-v4,2
274990,reward,3562,-244.98134588239571,-491.455,PPO,Ant-v4,2
275029,reward,3563,-172.99810842506545,-495.669,PPO,Ant-v4,2
275827,reward,3564,-3094.051002103119,-796.643,PPO,Ant-v4,2
275838,reward,3565,-51.365047988067346,-761.455,PPO,Ant-v4,2
275846,reward,3566,-30.194339709583886,-749.437,PPO,Ant-v4,2
275871,reward,3567,-98.61461112073997,-750.08,PPO,Ant-v4,2
275889,reward,3568,-64.00046298250213,-406.861,PPO,Ant-v4,2
275921,reward,3569,-89.88733484610128,-402.607,PPO,Ant-v4,2
275968,reward,3570,-153.815239236018,-405.923,PPO,Ant-v4,2
275991,reward,3571,-93.61197936836403,-409.352,PPO,Ant-v4,2
276022,reward,3572,-138.98941605704914,-398.753,PPO,Ant-v4,2
276070,reward,3573,-157.64622202284482,-397.218,PPO,Ant-v4,2
277070,reward,3574,-3808.2902974835856,-468.641,PPO,Ant-v4,2
277199,reward,3575,-424.56725706980257,-505.962,PPO,Ant-v4,2
277284,reward,3576,-350.7308155093598,-538.015,PPO,Ant-v4,2
277324,reward,3577,-157.6740751347336,-543.921,PPO,Ant-v4,2
277371,reward,3578,-182.0406877939307,-555.725,PPO,Ant-v4,2
277420,reward,3579,-185.9090450545024,-565.328,PPO,Ant-v4,2
277457,reward,3580,-147.38494480486412,-564.684,PPO,Ant-v4,2
277472,reward,3581,-41.01255084141872,-559.425,PPO,Ant-v4,2
277497,reward,3582,-87.9991200418654,-554.326,PPO,Ant-v4,2
277535,reward,3583,-156.71414012537738,-554.232,PPO,Ant-v4,2
277654,reward,3584,-447.8428596533556,-218.188,PPO,Ant-v4,2
277666,reward,3585,-46.25434390609911,-180.356,PPO,Ant-v4,2
277687,reward,3586,-77.56869359588751,-153.04,PPO,Ant-v4,2
277705,reward,3587,-75.24770851580493,-144.797,PPO,Ant-v4,2
277758,reward,3588,-161.19725859782167,-142.713,PPO,Ant-v4,2
277814,reward,3589,-259.8774505820683,-150.11,PPO,Ant-v4,2
277865,reward,3590,-164.28946892185186,-151.8,PPO,Ant-v4,2
277888,reward,3591,-82.42041227612869,-155.941,PPO,Ant-v4,2
278528,loss,-0.08183370530605316,28.52265167236328,PPO,Ant-v4,2
278888,reward,3592,-3819.146683448156,-529.056,PPO,Ant-v4,2
278909,reward,3593,-96.6608027395206,-523.051,PPO,Ant-v4,2
278921,reward,3594,-45.635111480277864,-482.83,PPO,Ant-v4,2
278939,reward,3595,-75.65015743437564,-485.769,PPO,Ant-v4,2
278994,reward,3596,-212.0396261166627,-499.216,PPO,Ant-v4,2
279036,reward,3597,-169.56436900293406,-508.648,PPO,Ant-v4,2
279053,reward,3598,-67.73778745572227,-499.302,PPO,Ant-v4,2
279087,reward,3599,-108.14633695495638,-484.129,PPO,Ant-v4,2
279126,reward,3600,-110.50466068173932,-478.751,PPO,Ant-v4,2
279145,reward,3601,-83.09729949536205,-478.818,PPO,Ant-v4,2
279172,reward,3602,-82.23190655891042,-105.127,PPO,Ant-v4,2
279239,reward,3603,-255.566686644507,-121.017,PPO,Ant-v4,2
279265,reward,3604,-83.45254645477314,-124.799,PPO,Ant-v4,2
279299,reward,3605,-170.9051995784016,-134.325,PPO,Ant-v4,2
280000,speed,1347.55,3.37,PPO,Ant-v4,2
280299,reward,3606,-3780.6426107325556,-491.185,PPO,Ant-v4,2
280324,reward,3607,-118.88990785886126,-486.117,PPO,Ant-v4,2
280371,reward,3608,-137.64752944853393,-493.108,PPO,Ant-v4,2
280400,reward,3609,-72.75759841971482,-489.57,PPO,Ant-v4,2
280411,reward,3610,-72.92624062933899,-485.812,PPO,Ant-v4,2
280430,reward,3611,-97.2146227989349,-487.223,PPO,Ant-v4,2
280462,reward,3612,-129.0512833171009,-491.905,PPO,Ant-v4,2
280487,reward,3613,-96.47137303555411,-475.996,PPO,Ant-v4,2
280508,reward,3614,-103.18572342047344,-477.969,PPO,Ant-v4,2
280526,reward,3615,-59.66479525656957,-466.845,PPO,Ant-v4,2
280544,reward,3616,-56.96780428959694,-94.478,PPO,Ant-v4,2
280595,reward,3617,-186.67274571759802,-101.256,PPO,Ant-v4,2
280603,reward,3618,-23.074638793748274,-89.799,PPO,Ant-v4,2
280626,reward,3619,-86.64730128984525,-91.188,PPO,Ant-v4,2
280645,reward,3620,-64.25541916940013,-90.321,PPO,Ant-v4,2
280719,reward,3621,-241.22742332434476,-104.722,PPO,Ant-v4,2
280832,reward,3622,-373.1747114922847,-129.134,PPO,Ant-v4,2
280854,reward,3623,-48.376091884117216,-124.325,PPO,Ant-v4,2
280912,reward,3624,-230.59979774810478,-137.066,PPO,Ant-v4,2
280954,reward,3625,-135.9614548220134,-144.696,PPO,Ant-v4,2
280968,reward,3626,-45.18899313132559,-143.518,PPO,Ant-v4,2
280985,reward,3627,-71.90249005681987,-132.041,PPO,Ant-v4,2
281006,reward,3628,-54.27555691663521,-135.161,PPO,Ant-v4,2
281050,reward,3629,-183.73990130769215,-144.87,PPO,Ant-v4,2
281060,reward,3630,-40.35866263210568,-142.481,PPO,Ant-v4,2
281074,reward,3631,-29.855161958318963,-121.343,PPO,Ant-v4,2
281118,reward,3632,-168.8353435451097,-100.909,PPO,Ant-v4,2
281146,reward,3633,-103.60800772433603,-106.433,PPO,Ant-v4,2
281173,reward,3634,-97.77367054004162,-93.15,PPO,Ant-v4,2
281198,reward,3635,-82.13474406038011,-87.767,PPO,Ant-v4,2
281265,reward,3636,-213.37798206349655,-104.586,PPO,Ant-v4,2
281285,reward,3637,-66.5820049780326,-104.054,PPO,Ant-v4,2
281296,reward,3638,-50.378076757650916,-103.664,PPO,Ant-v4,2
281308,reward,3639,-29.69191483666522,-88.26,PPO,Ant-v4,2
281339,reward,3640,-125.60765967624211,-96.784,PPO,Ant-v4,2
281368,reward,3641,-132.80320866947122,-107.079,PPO,Ant-v4,2
281391,reward,3642,-99.07630191781503,-100.103,PPO,Ant-v4,2
281416,reward,3643,-63.651412816873645,-96.108,PPO,Ant-v4,2
281498,reward,3644,-317.8769493119945,-118.118,PPO,Ant-v4,2
281532,reward,3645,-132.6767747389663,-123.172,PPO,Ant-v4,2
281592,reward,3646,-189.32618425049176,-120.767,PPO,Ant-v4,2
281609,reward,3647,-65.68960781656125,-120.678,PPO,Ant-v4,2
281625,reward,3648,-86.01805618586384,-124.242,PPO,Ant-v4,2
281649,reward,3649,-73.13160356713256,-128.586,PPO,Ant-v4,2
281664,reward,3650,-66.05301928436057,-122.63,PPO,Ant-v4,2
281681,reward,3651,-48.94859092082556,-114.245,PPO,Ant-v4,2
281692,reward,3652,-40.773352604257866,-108.415,PPO,Ant-v4,2
281711,reward,3653,-57.08322060227649,-107.758,PPO,Ant-v4,2
281757,reward,3654,-149.9750924599238,-90.968,PPO,Ant-v4,2
281782,reward,3655,-79.91800709643096,-85.692,PPO,Ant-v4,2
281813,reward,3656,-140.80698726076923,-80.84,PPO,Ant-v4,2
281839,reward,3657,-92.66951951021781,-83.538,PPO,Ant-v4,2
281865,reward,3658,-98.55276434707227,-84.791,PPO,Ant-v4,2
281878,reward,3659,-81.69446520243842,-85.648,PPO,Ant-v4,2
281940,reward,3660,-225.1110712024495,-101.553,PPO,Ant-v4,2
281951,reward,3661,-38.13571593111432,-100.472,PPO,Ant-v4,2
281969,reward,3662,-89.19794777954826,-105.314,PPO,Ant-v4,2
281987,reward,3663,-82.36406420914696,-107.843,PPO,Ant-v4,2
282035,reward,3664,-149.51436525525625,-107.796,PPO,Ant-v4,2
282078,reward,3665,-94.19872754056773,-109.225,PPO,Ant-v4,2
282096,reward,3666,-64.20276496670543,-101.564,PPO,Ant-v4,2
282128,reward,3667,-142.54624249301907,-106.552,PPO,Ant-v4,2
282151,reward,3668,-75.15511020406362,-104.212,PPO,Ant-v4,2
282183,reward,3669,-136.85202929223027,-109.728,PPO,Ant-v4,2
282210,reward,3670,-80.63889465046381,-95.281,PPO,Ant-v4,2
282235,reward,3671,-94.86034438033965,-100.953,PPO,Ant-v4,2
282257,reward,3672,-98.09883935938356,-101.843,PPO,Ant-v4,2
282274,reward,3673,-45.6619794964123,-98.173,PPO,Ant-v4,2
282328,reward,3674,-210.24094755160218,-104.246,PPO,Ant-v4,2
282345,reward,3675,-72.25121326832324,-102.051,PPO,Ant-v4,2
282387,reward,3676,-92.17198448390731,-104.848,PPO,Ant-v4,2
282412,reward,3677,-88.2352591738937,-99.417,PPO,Ant-v4,2
282426,reward,3678,-51.03342633276416,-97.004,PPO,Ant-v4,2
283426,reward,3679,-3799.197715591448,-463.239,PPO,Ant-v4,2
283441,reward,3680,-34.673536480688256,-458.643,PPO,Ant-v4,2
283470,reward,3681,-125.56822994711892,-461.713,PPO,Ant-v4,2
283485,reward,3682,-34.915466452070774,-455.395,PPO,Ant-v4,2
283502,reward,3683,-86.42471987144191,-459.471,PPO,Ant-v4,2
283516,reward,3684,-42.4990895741556,-442.697,PPO,Ant-v4,2
283578,reward,3685,-222.01617135844208,-457.674,PPO,Ant-v4,2
283594,reward,3686,-83.12622879374348,-456.769,PPO,Ant-v4,2
283609,reward,3687,-54.01499126294012,-453.347,PPO,Ant-v4,2
283648,reward,3688,-112.23982766126942,-459.468,PPO,Ant-v4,2
284648,reward,3689,-3668.097259898977,-446.358,PPO,Ant-v4,2
284749,reward,3690,-243.0397434088795,-467.194,PPO,Ant-v4,2
284766,reward,3691,-60.66390757356137,-460.704,PPO,Ant-v4,2
284779,reward,3692,-49.3613170970029,-462.148,PPO,Ant-v4,2
284788,reward,3693,-40.30329528582422,-457.536,PPO,Ant-v4,2
284880,reward,3694,-321.29909143253485,-485.416,PPO,Ant-v4,2
284897,reward,3695,-62.24197060194859,-469.439,PPO,Ant-v4,2
284974,reward,3696,-319.89179512194056,-493.115,PPO,Ant-v4,2
284987,reward,3697,-50.59575209901862,-492.773,PPO,Ant-v4,2
285003,reward,3698,-67.9216263881376,-488.342,PPO,Ant-v4,2
285018,reward,3699,-36.294044037745074,-125.161,PPO,Ant-v4,2
285041,reward,3700,-92.56778921641661,-110.114,PPO,Ant-v4,2
285064,reward,3701,-80.70291478599395,-112.118,PPO,Ant-v4,2
286064,reward,3702,-3866.7748700042816,-493.859,PPO,Ant-v4,2
286085,reward,3703,-68.15879182949222,-496.645,PPO,Ant-v4,2
286133,reward,3704,-153.66700019599,-479.882,PPO,Ant-v4,2
286146,reward,3705,-50.03048687313998,-478.661,PPO,Ant-v4,2
286240,reward,3706,-390.78870573795166,-485.75,PPO,Ant-v4,2
286316,reward,3707,-304.236129028971,-511.114,PPO,Ant-v4,2
286362,reward,3708,-128.40299007584014,-517.162,PPO,Ant-v4,2
286385,reward,3709,-62.97127336335699,-519.83,PPO,Ant-v4,2
286409,reward,3710,-81.88695869876483,-518.762,PPO,Ant-v4,2
286437,reward,3711,-100.46627505699176,-520.738,PPO,Ant-v4,2
286494,reward,3712,-240.06292612621093,-158.067,PPO,Ant-v4,2
286516,reward,3713,-66.78638800552119,-157.93,PPO,Ant-v4,2
286532,reward,3714,-59.89474948020634,-148.553,PPO,Ant-v4,2
286567,reward,3715,-139.4288918101925,-157.493,PPO,Ant-v4,2
286621,reward,3716,-202.26551733585165,-138.64,PPO,Ant-v4,2
286674,reward,3717,-242.76899464659624,-132.493,PPO,Ant-v4,2
286702,reward,3718,-78.38603429806035,-127.492,PPO,Ant-v4,2
286720,loss,-0.08093965798616409,36.95848846435547,PPO,Ant-v4,2
286781,reward,3719,-290.3440699449578,-150.229,PPO,Ant-v4,2
286799,reward,3720,-87.65543034775784,-150.806,PPO,Ant-v4,2
286816,reward,3721,-49.18715639205449,-145.678,PPO,Ant-v4,2
286837,reward,3722,-72.68176331505819,-128.94,PPO,Ant-v4,2
286882,reward,3723,-198.4772442588986,-142.109,PPO,Ant-v4,2
286910,reward,3724,-115.68072043681843,-147.688,PPO,Ant-v4,2
286927,reward,3725,-71.6702562039653,-140.912,PPO,Ant-v4,2
286952,reward,3726,-82.99921392668655,-128.985,PPO,Ant-v4,2
286980,reward,3727,-73.75036171480659,-112.083,PPO,Ant-v4,2
287014,reward,3728,-152.30606450023876,-119.475,PPO,Ant-v4,2
287044,reward,3729,-98.479038399416,-100.289,PPO,Ant-v4,2
287097,reward,3730,-197.43145599241345,-111.266,PPO,Ant-v4,2
287153,reward,3731,-238.22305085063942,-130.17,PPO,Ant-v4,2
287201,reward,3732,-218.72570803113217,-144.774,PPO,Ant-v4,2
287231,reward,3733,-114.63992039970151,-136.391,PPO,Ant-v4,2
287248,reward,3734,-65.29842103236889,-131.352,PPO,Ant-v4,2
287270,reward,3735,-108.19655216389211,-135.005,PPO,Ant-v4,2
287295,reward,3736,-93.92276964613586,-136.097,PPO,Ant-v4,2
287309,reward,3737,-63.23706495884131,-135.046,PPO,Ant-v4,2
288309,reward,3738,-3742.1949974074955,-494.035,PPO,Ant-v4,2
288345,reward,3739,-131.21007398257606,-497.308,PPO,Ant-v4,2
288456,reward,3740,-347.59495048725466,-512.324,PPO,Ant-v4,2
288485,reward,3741,-98.88589678250345,-498.391,PPO,Ant-v4,2
288513,reward,3742,-102.26449107143097,-486.745,PPO,Ant-v4,2
288533,reward,3743,-81.06875042977197,-483.387,PPO,Ant-v4,2
288590,reward,3744,-231.382095832003,-499.996,PPO,Ant-v4,2
288619,reward,3745,-95.77565526618402,-498.754,PPO,Ant-v4,2
288647,reward,3746,-87.3529101019117,-498.097,PPO,Ant-v4,2
288742,reward,3747,-415.5194863900673,-533.325,PPO,Ant-v4,2
288770,reward,3748,-133.8936175843692,-172.495,PPO,Ant-v4,2
288839,reward,3749,-199.89760717236229,-179.364,PPO,Ant-v4,2
288918,reward,3750,-312.74479264200664,-175.879,PPO,Ant-v4,2
288950,reward,3751,-99.0835639331657,-175.898,PPO,Ant-v4,2
288976,reward,3752,-80.35951689206546,-173.708,PPO,Ant-v4,2
289014,reward,3753,-134.18765594051277,-179.02,PPO,Ant-v4,2
289063,reward,3754,-197.14197211324134,-175.596,PPO,Ant-v4,2
289077,reward,3755,-37.18118634720702,-169.736,PPO,Ant-v4,2
289117,reward,3756,-182.84466394139818,-179.285,PPO,Ant-v4,2
289130,reward,3757,-48.35921255031797,-142.569,PPO,Ant-v4,2
289160,reward,3758,-153.20974976631632,-144.501,PPO,Ant-v4,2
289196,reward,3759,-133.29810889550177,-137.841,PPO,Ant-v4,2
289265,reward,3760,-286.2547403130649,-135.192,PPO,Ant-v4,2
289302,reward,3761,-158.124428689,-141.096,PPO,Ant-v4,2
289377,reward,3762,-329.84398261282473,-166.045,PPO,Ant-v4,2
289400,reward,3763,-65.98981837777912,-159.225,PPO,Ant-v4,2
289419,reward,3764,-71.07912301545369,-146.619,PPO,Ant-v4,2
289450,reward,3765,-92.09059971233316,-152.109,PPO,Ant-v4,2
289474,reward,3766,-116.39269247005325,-145.464,PPO,Ant-v4,2
289509,reward,3767,-166.53299536891745,-157.282,PPO,Ant-v4,2
289526,reward,3768,-56.44756826919912,-147.605,PPO,Ant-v4,2
290000,speed,1371.38,3.5,PPO,Ant-v4,2
290526,reward,3769,-3838.251511062394,-518.101,PPO,Ant-v4,2
290572,reward,3770,-156.45209938050218,-505.12,PPO,Ant-v4,2
290613,reward,3771,-112.92315578498719,-500.6,PPO,Ant-v4,2
290688,reward,3772,-340.3700269604921,-501.653,PPO,Ant-v4,2
290833,reward,3773,-563.9175111106596,-551.446,PPO,Ant-v4,2
290894,reward,3774,-264.897738346289,-570.828,PPO,Ant-v4,2
290928,reward,3775,-111.54807779387137,-572.773,PPO,Ant-v4,2
290943,reward,3776,-48.8490522184451,-566.019,PPO,Ant-v4,2
290978,reward,3777,-140.53452244602002,-563.419,PPO,Ant-v4,2
291003,reward,3778,-93.52446437256086,-567.127,PPO,Ant-v4,2
292003,reward,3779,-3816.230717571261,-564.925,PPO,Ant-v4,2
292023,reward,3780,-81.07749992637798,-557.387,PPO,Ant-v4,2
292044,reward,3781,-68.88338101811283,-552.983,PPO,Ant-v4,2
292062,reward,3782,-79.7367698046297,-526.92,PPO,Ant-v4,2
292086,reward,3783,-83.98412409194637,-478.927,PPO,Ant-v4,2
292131,reward,3784,-180.39138521874415,-470.476,PPO,Ant-v4,2
292142,reward,3785,-41.57839575163444,-463.479,PPO,Ant-v4,2
292209,reward,3786,-264.57299974221155,-485.051,PPO,Ant-v4,2
292226,reward,3787,-83.86161418951595,-479.384,PPO,Ant-v4,2
292309,reward,3788,-296.2755067212158,-499.659,PPO,Ant-v4,2
292398,reward,3789,-326.89890943450945,-150.726,PPO,Ant-v4,2
292417,reward,3790,-58.14072736551822,-148.432,PPO,Ant-v4,2
292447,reward,3791,-130.56051750360353,-154.6,PPO,Ant-v4,2
292475,reward,3792,-108.05012174054238,-157.431,PPO,Ant-v4,2
292499,reward,3793,-76.30843865647923,-156.664,PPO,Ant-v4,2
292510,reward,3794,-42.527277600286325,-142.877,PPO,Ant-v4,2
292546,reward,3795,-149.71976227061944,-153.692,PPO,Ant-v4,2
292584,reward,3796,-124.3775439788547,-139.672,PPO,Ant-v4,2
292734,reward,3797,-527.4538410055145,-184.031,PPO,Ant-v4,2
292801,reward,3798,-250.5128336299346,-179.455,PPO,Ant-v4,2
292835,reward,3799,-175.39523909138487,-164.305,PPO,Ant-v4,2
292876,reward,3800,-166.65574794702144,-175.156,PPO,Ant-v4,2
292923,reward,3801,-150.6351279384121,-177.164,PPO,Ant-v4,2
292977,reward,3802,-255.34094606991826,-191.893,PPO,Ant-v4,2
293024,reward,3803,-200.74978174068573,-204.337,PPO,Ant-v4,2
293050,reward,3804,-110.22693464394119,-211.107,PPO,Ant-v4,2
293112,reward,3805,-272.863825052852,-223.421,PPO,Ant-v4,2
293127,reward,3806,-65.96377979902613,-217.58,PPO,Ant-v4,2
293166,reward,3807,-147.05797685546935,-179.54,PPO,Ant-v4,2
293190,reward,3808,-85.7478109336305,-163.064,PPO,Ant-v4,2
293217,reward,3809,-88.81266465737279,-154.405,PPO,Ant-v4,2
293275,reward,3810,-181.01304425642854,-155.841,PPO,Ant-v4,2
293290,reward,3811,-50.36046802845197,-145.814,PPO,Ant-v4,2
293311,reward,3812,-71.30059070244236,-127.41,PPO,Ant-v4,2
293384,reward,3813,-343.87634368687094,-141.722,PPO,Ant-v4,2
293435,reward,3814,-216.128999979198,-152.313,PPO,Ant-v4,2
293460,reward,3815,-120.75237925560025,-137.101,PPO,Ant-v4,2
293490,reward,3816,-120.52475721359558,-142.558,PPO,Ant-v4,2
293597,reward,3817,-470.99630906228475,-174.951,PPO,Ant-v4,2
293638,reward,3818,-149.67276418313563,-181.344,PPO,Ant-v4,2
293702,reward,3819,-254.7052827536094,-197.933,PPO,Ant-v4,2
293716,reward,3820,-60.65481873470458,-185.897,PPO,Ant-v4,2
293730,reward,3821,-80.86428564038523,-188.948,PPO,Ant-v4,2
293749,reward,3822,-56.3626802705615,-187.454,PPO,Ant-v4,2
293776,reward,3823,-81.60325547311007,-161.227,PPO,Ant-v4,2
293795,reward,3824,-91.71612222553921,-148.785,PPO,Ant-v4,2
293843,reward,3825,-227.0975530213881,-159.42,PPO,Ant-v4,2
293869,reward,3826,-75.85621604852678,-154.953,PPO,Ant-v4,2
293884,reward,3827,-69.7685208579256,-114.83,PPO,Ant-v4,2
293897,reward,3828,-55.725806500972176,-105.435,PPO,Ant-v4,2
293912,reward,3829,-48.11452327986417,-84.776,PPO,Ant-v4,2
293947,reward,3830,-128.7894038183869,-91.59,PPO,Ant-v4,2
293997,reward,3831,-209.0178545391456,-104.405,PPO,Ant-v4,2
294046,reward,3832,-207.29842572634396,-119.499,PPO,Ant-v4,2
294081,reward,3833,-141.154522334016,-125.454,PPO,Ant-v4,2
294101,reward,3834,-73.3040460116186,-123.613,PPO,Ant-v4,2
294128,reward,3835,-105.31435509477525,-111.434,PPO,Ant-v4,2
294184,reward,3836,-270.28172912364977,-130.877,PPO,Ant-v4,2
294203,reward,3837,-83.86741169672591,-132.287,PPO,Ant-v4,2
294222,reward,3838,-107.96666345273398,-137.511,PPO,Ant-v4,2
294261,reward,3839,-172.7411640918944,-149.974,PPO,Ant-v4,2
294912,loss,-0.06634919345378876,37.56527328491211,PPO,Ant-v4,2
295261,reward,3840,-3774.9239177769614,-514.587,PPO,Ant-v4,2
295284,reward,3841,-115.49438876408551,-505.235,PPO,Ant-v4,2
295334,reward,3842,-204.6176850827283,-504.967,PPO,Ant-v4,2
295411,reward,3843,-344.26140595050987,-525.277,PPO,Ant-v4,2
295472,reward,3844,-198.95132276868517,-537.842,PPO,Ant-v4,2
295487,reward,3845,-72.12710168146825,-534.523,PPO,Ant-v4,2
295535,reward,3846,-156.86133414109668,-523.181,PPO,Ant-v4,2
295571,reward,3847,-175.7041808391769,-532.365,PPO,Ant-v4,2
295657,reward,3848,-219.2435011592215,-543.493,PPO,Ant-v4,2
295722,reward,3849,-229.12278074889744,-549.131,PPO,Ant-v4,2
296722,reward,3850,-3730.0328171637757,-544.642,PPO,Ant-v4,2
296737,reward,3851,-65.30681724079514,-539.623,PPO,Ant-v4,2
296752,reward,3852,-60.93371232525735,-525.254,PPO,Ant-v4,2
296766,reward,3853,-67.9130944025282,-497.62,PPO,Ant-v4,2
296780,reward,3854,-71.13264206853187,-484.838,PPO,Ant-v4,2
296820,reward,3855,-133.46232817104283,-490.971,PPO,Ant-v4,2
296843,reward,3856,-86.3806689570525,-483.923,PPO,Ant-v4,2
296863,reward,3857,-70.7581474573469,-473.429,PPO,Ant-v4,2
296885,reward,3858,-78.02769266411467,-459.307,PPO,Ant-v4,2
296915,reward,3859,-87.59353895823108,-445.154,PPO,Ant-v4,2
296929,reward,3860,-43.544620604812096,-76.505,PPO,Ant-v4,2
296968,reward,3861,-153.0442099386661,-85.279,PPO,Ant-v4,2
296980,reward,3862,-26.209252823573312,-81.807,PPO,Ant-v4,2
297039,reward,3863,-229.45810169743731,-97.961,PPO,Ant-v4,2
297055,reward,3864,-34.6921621025136,-94.317,PPO,Ant-v4,2
297086,reward,3865,-112.36188545256883,-92.207,PPO,Ant-v4,2
297116,reward,3866,-122.33778163516087,-95.803,PPO,Ant-v4,2
297205,reward,3867,-336.75398253010724,-122.402,PPO,Ant-v4,2
297238,reward,3868,-151.6151558164802,-129.761,PPO,Ant-v4,2
297253,reward,3869,-41.10461356930516,-125.112,PPO,Ant-v4,2
297284,reward,3870,-98.46174648880995,-130.604,PPO,Ant-v4,2
297300,reward,3871,-48.67251331653139,-120.167,PPO,Ant-v4,2
297312,reward,3872,-61.389064166001006,-123.685,PPO,Ant-v4,2
297323,reward,3873,-32.62500093661878,-104.001,PPO,Ant-v4,2
297389,reward,3874,-241.24652524222333,-124.657,PPO,Ant-v4,2
297451,reward,3875,-253.1286646432184,-138.734,PPO,Ant-v4,2
297504,reward,3876,-161.2295104327908,-142.623,PPO,Ant-v4,2
297520,reward,3877,-68.15130229139776,-115.762,PPO,Ant-v4,2
297543,reward,3878,-108.38947543663153,-111.44,PPO,Ant-v4,2
297604,reward,3879,-201.84007930127103,-127.513,PPO,Ant-v4,2
298604,reward,3880,-3893.808683889371,-507.048,PPO,Ant-v4,2
298625,reward,3881,-109.1565214148439,-513.096,PPO,Ant-v4,2
298638,reward,3882,-35.72734878738164,-510.53,PPO,Ant-v4,2
298682,reward,3883,-160.79082546331847,-523.347,PPO,Ant-v4,2
298720,reward,3884,-192.62773416311083,-518.485,PPO,Ant-v4,2
298733,reward,3885,-49.43249715350288,-498.115,PPO,Ant-v4,2
298768,reward,3886,-110.35338971918765,-493.028,PPO,Ant-v4,2
298808,reward,3887,-170.78155416298995,-503.291,PPO,Ant-v4,2
298832,reward,3888,-111.611773460415,-503.613,PPO,Ant-v4,2
299832,reward,3889,-3817.143181904032,-865.143,PPO,Ant-v4,2
299865,reward,3890,-143.37030586715414,-490.1,PPO,Ant-v4,2
299874,reward,3891,-30.988440859219914,-482.283,PPO,Ant-v4,2
299895,reward,3892,-62.25516173073405,-484.935,PPO,Ant-v4,2
299912,reward,3893,-60.322825972016766,-474.889,PPO,Ant-v4,2
299923,reward,3894,-32.74241918192072,-458.9,PPO,Ant-v4,2
300000,speed,1333.61,3.62,PPO,Ant-v4,2
300017,reward,3895,-324.72976218797174,-486.43,PPO,Ant-v4,2
300038,reward,3896,-72.54216065730277,-482.649,PPO,Ant-v4,2
300084,reward,3897,-243.6663490845456,-489.937,PPO,Ant-v4,2
300110,reward,3898,-107.55645945285903,-489.532,PPO,Ant-v4,2
300139,reward,3899,-104.62481991331079,-118.28,PPO,Ant-v4,2
300152,reward,3900,-45.308471737941,-108.474,PPO,Ant-v4,2
300162,reward,3901,-33.262058860616676,-108.701,PPO,Ant-v4,2
300177,reward,3902,-73.30817652002412,-109.806,PPO,Ant-v4,2
300214,reward,3903,-140.15464420655607,-117.79,PPO,Ant-v4,2
300254,reward,3904,-154.37744662623015,-129.953,PPO,Ant-v4,2
300331,reward,3905,-331.6569350876232,-130.646,PPO,Ant-v4,2
300341,reward,3906,-41.49461916630951,-127.541,PPO,Ant-v4,2
300361,reward,3907,-69.50152849216737,-110.125,PPO,Ant-v4,2
300402,reward,3908,-169.32806801083626,-116.302,PPO,Ant-v4,2
300418,reward,3909,-56.02614557094823,-111.442,PPO,Ant-v4,2
300545,reward,3910,-410.889564563116,-148.0,PPO,Ant-v4,2
300664,reward,3911,-445.5492324995677,-189.229,PPO,Ant-v4,2
300682,reward,3912,-47.36297510073823,-186.634,PPO,Ant-v4,2
300717,reward,3913,-136.55945536844257,-186.275,PPO,Ant-v4,2
300732,reward,3914,-54.76760500549982,-176.314,PPO,Ant-v4,2
300744,reward,3915,-43.29360553074487,-147.477,PPO,Ant-v4,2
300765,reward,3916,-111.66497619024351,-154.494,PPO,Ant-v4,2
300896,reward,3917,-463.5090365633344,-193.895,PPO,Ant-v4,2
300940,reward,3918,-158.2544702947945,-192.788,PPO,Ant-v4,2
300971,reward,3919,-111.32937334455889,-198.318,PPO,Ant-v4,2
301037,reward,3920,-245.49237983071902,-181.778,PPO,Ant-v4,2
301052,reward,3921,-46.58833497286636,-141.882,PPO,Ant-v4,2
301122,reward,3922,-313.88120612860456,-168.534,PPO,Ant-v4,2
302122,reward,3923,-3751.7659341904205,-530.055,PPO,Ant-v4,2
302133,reward,3924,-24.34676912295583,-527.013,PPO,Ant-v4,2
302183,reward,3925,-257.33700659920663,-548.417,PPO,Ant-v4,2
302217,reward,3926,-152.97001045759646,-552.547,PPO,Ant-v4,2
302276,reward,3927,-192.37801492979762,-525.434,PPO,Ant-v4,2
302378,reward,3928,-405.1220812442893,-550.121,PPO,Ant-v4,2
302392,reward,3929,-63.760709082463606,-545.364,PPO,Ant-v4,2
302434,reward,3930,-143.33289943477834,-535.148,PPO,Ant-v4,2
302448,reward,3931,-59.496418052343046,-536.439,PPO,Ant-v4,2
302471,reward,3932,-110.5020011594025,-516.101,PPO,Ant-v4,2
302516,reward,3933,-208.76485896522857,-161.801,PPO,Ant-v4,2
302591,reward,3934,-258.5591286300254,-185.222,PPO,Ant-v4,2
302620,reward,3935,-67.6864106479718,-166.257,PPO,Ant-v4,2
302643,reward,3936,-101.26734279547038,-161.087,PPO,Ant-v4,2
302667,reward,3937,-97.35622190052719,-151.585,PPO,Ant-v4,2
302781,reward,3938,-378.1833985077182,-148.891,PPO,Ant-v4,2
302798,reward,3939,-66.60441059641099,-149.175,PPO,Ant-v4,2
302827,reward,3940,-92.4400753379699,-144.086,PPO,Ant-v4,2
302893,reward,3941,-246.52455271718728,-162.789,PPO,Ant-v4,2
302925,reward,3942,-113.93192320584322,-163.132,PPO,Ant-v4,2
302979,reward,3943,-263.1372127671128,-168.569,PPO,Ant-v4,2
303006,reward,3944,-111.84041167970989,-153.897,PPO,Ant-v4,2
303020,reward,3945,-47.8153885720424,-151.91,PPO,Ant-v4,2
303033,reward,3946,-47.72754185682506,-146.556,PPO,Ant-v4,2
303056,reward,3947,-107.77741043165052,-147.598,PPO,Ant-v4,2
303074,reward,3948,-58.306393394056144,-115.611,PPO,Ant-v4,2
303098,reward,3949,-77.91500748866237,-116.742,PPO,Ant-v4,2
303104,loss,-0.06359978020191193,16.783214569091797,PPO,Ant-v4,2
303119,reward,3950,-62.319917201405424,-113.73,PPO,Ant-v4,2
303150,reward,3951,-135.27366097539377,-102.604,PPO,Ant-v4,2
303227,reward,3952,-340.22556932826416,-125.234,PPO,Ant-v4,2
303243,reward,3953,-62.03146394867051,-105.123,PPO,Ant-v4,2
303277,reward,3954,-155.77710376655997,-109.517,PPO,Ant-v4,2
303305,reward,3955,-85.21942800099247,-113.257,PPO,Ant-v4,2
303335,reward,3956,-93.80636187862531,-117.865,PPO,Ant-v4,2
303368,reward,3957,-104.94013125744888,-117.582,PPO,Ant-v4,2
303406,reward,3958,-119.48268589529333,-123.699,PPO,Ant-v4,2
303453,reward,3959,-209.3779887167165,-136.845,PPO,Ant-v4,2
303526,reward,3960,-261.1381655392634,-156.727,PPO,Ant-v4,2
303539,reward,3961,-49.583273339103904,-148.158,PPO,Ant-v4,2
303572,reward,3962,-102.76887088727537,-124.413,PPO,Ant-v4,2
303766,reward,3963,-740.6619911630388,-192.276,PPO,Ant-v4,2
303823,reward,3964,-217.03009687129315,-198.401,PPO,Ant-v4,2
303833,reward,3965,-48.75205439954689,-194.754,PPO,Ant-v4,2
303952,reward,3966,-433.7371680912554,-228.747,PPO,Ant-v4,2
304005,reward,3967,-140.6570196624777,-232.319,PPO,Ant-v4,2
304015,reward,3968,-39.484021754559535,-224.319,PPO,Ant-v4,2
304026,reward,3969,-42.303981939330114,-207.612,PPO,Ant-v4,2
304120,reward,3970,-399.43026181915417,-221.441,PPO,Ant-v4,2
304135,reward,3971,-60.11754416143222,-222.494,PPO,Ant-v4,2
304226,reward,3972,-373.23048890123295,-249.54,PPO,Ant-v4,2
304251,reward,3973,-93.20651927098992,-184.795,PPO,Ant-v4,2
304286,reward,3974,-141.87890278644812,-177.28,PPO,Ant-v4,2
304353,reward,3975,-248.04843984728242,-197.209,PPO,Ant-v4,2
304370,reward,3976,-77.16974672926376,-161.553,PPO,Ant-v4,2
304410,reward,3977,-179.98078734678126,-165.485,PPO,Ant-v4,2
304425,reward,3978,-49.61272457171597,-166.498,PPO,Ant-v4,2
304446,reward,3979,-89.25033050215092,-171.193,PPO,Ant-v4,2
304553,reward,3980,-543.2452025742788,-185.574,PPO,Ant-v4,2
304580,reward,3981,-108.02216891379211,-190.365,PPO,Ant-v4,2
304637,reward,3982,-284.86205689346,-181.528,PPO,Ant-v4,2
304666,reward,3983,-129.63528612061128,-185.171,PPO,Ant-v4,2
304723,reward,3984,-235.84717261182968,-194.567,PPO,Ant-v4,2
304747,reward,3985,-75.31020054541867,-177.294,PPO,Ant-v4,2
304776,reward,3986,-93.38223503381579,-178.915,PPO,Ant-v4,2
304806,reward,3987,-137.57820064567315,-174.675,PPO,Ant-v4,2
304839,reward,3988,-109.16462744473324,-180.63,PPO,Ant-v4,2
304850,reward,3989,-34.83601134562686,-175.188,PPO,Ant-v4,2
304902,reward,3990,-160.89849791253238,-136.954,PPO,Ant-v4,2
304976,reward,3991,-349.8590283002444,-161.137,PPO,Ant-v4,2
305015,reward,3992,-131.95641983546065,-145.847,PPO,Ant-v4,2
305032,reward,3993,-69.81939390245246,-139.865,PPO,Ant-v4,2
305061,reward,3994,-143.3804366328392,-130.619,PPO,Ant-v4,2
305092,reward,3995,-78.65143222026788,-130.953,PPO,Ant-v4,2
305109,reward,3996,-70.47860502194541,-128.662,PPO,Ant-v4,2
305129,reward,3997,-97.7600751007047,-124.68,PPO,Ant-v4,2
305212,reward,3998,-254.04316144298156,-139.168,PPO,Ant-v4,2
305273,reward,3999,-273.21539433767504,-163.006,PPO,Ant-v4,2
305329,reward,4000,-220.65382129183712,-168.982,PPO,Ant-v4,2
305385,reward,4001,-214.1960896787618,-155.415,PPO,Ant-v4,2
305397,reward,4002,-51.51451044433335,-147.371,PPO,Ant-v4,2
305420,reward,4003,-101.5900652415211,-150.548,PPO,Ant-v4,2
305471,reward,4004,-211.77357468697042,-157.388,PPO,Ant-v4,2
305488,reward,4005,-77.31273090423866,-157.254,PPO,Ant-v4,2
305498,reward,4006,-51.96937687026764,-155.403,PPO,Ant-v4,2
305508,reward,4007,-42.966829800502566,-149.924,PPO,Ant-v4,2
305518,reward,4008,-52.578004893628425,-129.777,PPO,Ant-v4,2
305550,reward,4009,-117.79695613619884,-114.235,PPO,Ant-v4,2
305575,reward,4010,-71.61690113460351,-99.332,PPO,Ant-v4,2
305626,reward,4011,-216.46913397794523,-99.559,PPO,Ant-v4,2
305650,reward,4012,-115.22501036467996,-105.93,PPO,Ant-v4,2
305671,reward,4013,-94.98711806259234,-105.27,PPO,Ant-v4,2
305691,reward,4014,-62.28485991325097,-90.321,PPO,Ant-v4,2
305717,reward,4015,-104.57808148255629,-93.047,PPO,Ant-v4,2
305748,reward,4016,-86.24414656701515,-96.475,PPO,Ant-v4,2
305803,reward,4017,-196.59104506929103,-111.837,PPO,Ant-v4,2
305900,reward,4018,-403.704106445204,-146.95,PPO,Ant-v4,2
305917,reward,4019,-47.11645884164424,-139.882,PPO,Ant-v4,2
305940,reward,4020,-77.92491949447829,-140.512,PPO,Ant-v4,2
306028,reward,4021,-328.73372807606427,-151.739,PPO,Ant-v4,2
306054,reward,4022,-98.44709006146603,-150.061,PPO,Ant-v4,2
306071,reward,4023,-55.32919151685003,-146.095,PPO,Ant-v4,2
306102,reward,4024,-130.23885307522588,-152.891,PPO,Ant-v4,2
306114,reward,4025,-50.47139160724966,-147.48,PPO,Ant-v4,2
306123,reward,4026,-42.62554851068595,-143.118,PPO,Ant-v4,2
306146,reward,4027,-90.63533534728873,-132.523,PPO,Ant-v4,2
306190,reward,4028,-185.5914586904574,-110.711,PPO,Ant-v4,2
306274,reward,4029,-308.03514934301097,-136.803,PPO,Ant-v4,2
306304,reward,4030,-141.5836231836438,-143.169,PPO,Ant-v4,2
306323,reward,4031,-75.5685443678939,-117.853,PPO,Ant-v4,2
306423,reward,4032,-387.22807511845093,-146.731,PPO,Ant-v4,2
306502,reward,4033,-373.20325120140944,-178.518,PPO,Ant-v4,2
306530,reward,4034,-121.34340023935945,-177.629,PPO,Ant-v4,2
306563,reward,4035,-112.08410461663685,-183.79,PPO,Ant-v4,2
306597,reward,4036,-131.28959165012705,-192.656,PPO,Ant-v4,2
306632,reward,4037,-158.45169608919213,-199.438,PPO,Ant-v4,2
306643,reward,4038,-30.365743123358296,-183.915,PPO,Ant-v4,2
306658,reward,4039,-51.65442745739256,-158.277,PPO,Ant-v4,2
307658,reward,4040,-4101.571055129122,-554.276,PPO,Ant-v4,2
307697,reward,4041,-141.9547750120061,-560.915,PPO,Ant-v4,2
307768,reward,4042,-234.97807308509965,-545.69,PPO,Ant-v4,2
307779,reward,4043,-44.21177329877765,-512.79,PPO,Ant-v4,2
307828,reward,4044,-154.61238226667436,-516.117,PPO,Ant-v4,2
307856,reward,4045,-118.42179005260923,-516.751,PPO,Ant-v4,2
307877,reward,4046,-84.26397117537705,-512.049,PPO,Ant-v4,2
307967,reward,4047,-373.12195336711574,-533.516,PPO,Ant-v4,2
308004,reward,4048,-147.8224186371307,-545.261,PPO,Ant-v4,2
308016,reward,4049,-44.32076217037447,-544.528,PPO,Ant-v4,2
308048,reward,4050,-144.3904813805543,-148.81,PPO,Ant-v4,2
308062,reward,4051,-35.144573684604474,-138.129,PPO,Ant-v4,2
308079,reward,4052,-58.05159495647458,-120.436,PPO,Ant-v4,2
308099,reward,4053,-55.24698159886472,-121.54,PPO,Ant-v4,2
308110,reward,4054,-39.76217320620733,-110.055,PPO,Ant-v4,2
308128,reward,4055,-63.5230540305734,-104.565,PPO,Ant-v4,2
308136,reward,4056,-33.18839986557873,-99.457,PPO,Ant-v4,2
308194,reward,4057,-234.62442200009752,-85.607,PPO,Ant-v4,2
308213,reward,4058,-79.60343032733589,-78.786,PPO,Ant-v4,2
308282,reward,4059,-235.6330168998175,-97.917,PPO,Ant-v4,2
308368,reward,4060,-340.2553267800182,-117.503,PPO,Ant-v4,2
308441,reward,4061,-251.1202191500638,-139.101,PPO,Ant-v4,2
308456,reward,4062,-59.688591645464655,-139.265,PPO,Ant-v4,2
308481,reward,4063,-78.91415504513516,-141.631,PPO,Ant-v4,2
308498,reward,4064,-50.437394166464,-142.699,PPO,Ant-v4,2
308568,reward,4065,-321.81077532253954,-168.528,PPO,Ant-v4,2
308589,reward,4066,-88.33267115584711,-174.042,PPO,Ant-v4,2
308613,reward,4067,-79.56481855892885,-158.536,PPO,Ant-v4,2
309613,reward,4068,-3908.9213685074437,-541.468,PPO,Ant-v4,2
310000,speed,1405.27,3.74,PPO,Ant-v4,2
310485,reward,4069,-3375.1389118779175,-855.418,PPO,Ant-v4,2
310512,reward,4070,-100.57604784558724,-831.45,PPO,Ant-v4,2
310560,reward,4071,-235.77444780458885,-829.916,PPO,Ant-v4,2
310603,reward,4072,-164.27159318561687,-840.374,PPO,Ant-v4,2
310617,reward,4073,-42.659550463844425,-836.749,PPO,Ant-v4,2
310631,reward,4074,-74.23833758293813,-839.129,PPO,Ant-v4,2
310666,reward,4075,-157.57294432362568,-822.705,PPO,Ant-v4,2
310695,reward,4076,-155.31886009593245,-829.404,PPO,Ant-v4,2
310708,reward,4077,-36.65377057289282,-825.113,PPO,Ant-v4,2
310734,reward,4078,-98.8168705821072,-444.102,PPO,Ant-v4,2
311115,reward,4079,-1511.4469226125223,-257.733,PPO,Ant-v4,2
311127,reward,4080,-53.47536651376769,-253.023,PPO,Ant-v4,2
311174,reward,4081,-180.19997762006815,-247.465,PPO,Ant-v4,2
311213,reward,4082,-124.70739137496773,-243.509,PPO,Ant-v4,2
