step,tag
20,reward,1,-48.866289944521036,-48.866,PPO,Ant-v4,3
89,reward,2,-150.7922017037467,-99.829,PPO,Ant-v4,3
188,reward,3,-307.2119114687185,-168.957,PPO,Ant-v4,3
284,reward,4,-276.63721202817015,-195.877,PPO,Ant-v4,3
354,reward,5,-208.1191074354425,-198.325,PPO,Ant-v4,3
422,reward,6,-217.62220161061984,-201.541,PPO,Ant-v4,3
518,reward,7,-323.8623134994393,-219.016,PPO,Ant-v4,3
555,reward,8,-118.96088716561471,-206.509,PPO,Ant-v4,3
569,reward,9,-48.53268561297,-188.956,PPO,Ant-v4,3
618,reward,10,-157.50413492706048,-185.811,PPO,Ant-v4,3
662,reward,11,-149.18502921873915,-195.843,PPO,Ant-v4,3
730,reward,12,-206.92864749061232,-201.456,PPO,Ant-v4,3
742,reward,13,-39.56846982699335,-174.692,PPO,Ant-v4,3
759,reward,14,-56.858617935156474,-152.714,PPO,Ant-v4,3
798,reward,15,-113.14971471644964,-143.217,PPO,Ant-v4,3
829,reward,16,-120.08040191988574,-133.463,PPO,Ant-v4,3
1829,reward,17,-3221.9201691377734,-423.269,PPO,Ant-v4,3
2829,reward,18,-3021.891393274244,-713.562,PPO,Ant-v4,3
2920,reward,19,-264.38927255805015,-735.148,PPO,Ant-v4,3
2941,reward,20,-72.18365376555916,-726.616,PPO,Ant-v4,3
2979,reward,21,-106.59008414894534,-722.356,PPO,Ant-v4,3
3050,reward,22,-141.58380473468966,-715.822,PPO,Ant-v4,3
4050,reward,23,-3101.1354779635417,-1021.978,PPO,Ant-v4,3
4071,reward,24,-52.0118879751568,-1021.494,PPO,Ant-v4,3
4124,reward,25,-203.43840043214743,-1030.522,PPO,Ant-v4,3
4165,reward,26,-137.0311363351313,-1032.218,PPO,Ant-v4,3
4179,reward,27,-41.03445926759993,-714.129,PPO,Ant-v4,3
4200,reward,28,-57.68060099674225,-417.708,PPO,Ant-v4,3
4297,reward,29,-251.55685977933985,-416.425,PPO,Ant-v4,3
4337,reward,30,-168.24414821327517,-426.031,PPO,Ant-v4,3
4382,reward,31,-99.59129275533823,-425.331,PPO,Ant-v4,3
4412,reward,32,-76.78719666012685,-418.851,PPO,Ant-v4,3
4470,reward,33,-160.72908502260742,-124.811,PPO,Ant-v4,3
4497,reward,34,-87.53201108470238,-128.363,PPO,Ant-v4,3
4573,reward,35,-144.20030690021673,-122.439,PPO,Ant-v4,3
4586,reward,36,-43.86714996299152,-113.122,PPO,Ant-v4,3
4730,reward,37,-376.0474963166775,-146.624,PPO,Ant-v4,3
4772,reward,38,-174.4606247840127,-158.302,PPO,Ant-v4,3
4825,reward,39,-121.50221887818374,-145.296,PPO,Ant-v4,3
4851,reward,40,-99.75855246399215,-138.448,PPO,Ant-v4,3
4867,reward,41,-37.31379055146947,-132.22,PPO,Ant-v4,3
4917,reward,42,-175.78521742295848,-142.12,PPO,Ant-v4,3
4968,reward,43,-168.25294979350264,-142.872,PPO,Ant-v4,3
5012,reward,44,-143.11377548105366,-148.43,PPO,Ant-v4,3
5049,reward,45,-159.6150921639287,-149.972,PPO,Ant-v4,3
5062,reward,46,-51.88570567492438,-150.774,PPO,Ant-v4,3
5168,reward,47,-246.74230060406347,-137.843,PPO,Ant-v4,3
5204,reward,48,-99.45699374398328,-130.343,PPO,Ant-v4,3
5237,reward,49,-77.3128207551341,-125.924,PPO,Ant-v4,3
5253,reward,50,-44.49514977398266,-120.397,PPO,Ant-v4,3
5351,reward,51,-341.2082082762414,-150.787,PPO,Ant-v4,3
5369,reward,52,-50.65270010666225,-138.274,PPO,Ant-v4,3
5429,reward,53,-166.68123650168582,-138.116,PPO,Ant-v4,3
6429,reward,54,-3130.842938113842,-436.889,PPO,Ant-v4,3
7429,reward,55,-2969.2658445722286,-717.854,PPO,Ant-v4,3
7448,reward,56,-64.60075702652405,-719.126,PPO,Ant-v4,3
7506,reward,57,-196.60149895139935,-714.112,PPO,Ant-v4,3
7563,reward,58,-117.03518669913323,-715.87,PPO,Ant-v4,3
7602,reward,59,-166.9814217873197,-724.836,PPO,Ant-v4,3
7668,reward,60,-131.89786429932076,-733.577,PPO,Ant-v4,3
7772,reward,61,-216.30760646672957,-721.087,PPO,Ant-v4,3
8192,loss,-0.11396010220050812,11.053853034973145,PPO,Ant-v4,3
8772,reward,62,-3220.6297404675392,-1038.084,PPO,Ant-v4,3
8827,reward,63,-180.81985562334015,-1039.498,PPO,Ant-v4,3
9827,reward,64,-3108.3892918879246,-1037.253,PPO,Ant-v4,3
9868,reward,65,-132.7037190392505,-753.597,PPO,Ant-v4,3
9901,reward,66,-104.39154998610783,-757.576,PPO,Ant-v4,3
9922,reward,67,-89.63465692642535,-746.879,PPO,Ant-v4,3
9931,reward,68,-10.833280483928132,-736.259,PPO,Ant-v4,3
9968,reward,69,-131.86693626965655,-732.747,PPO,Ant-v4,3
10000,speed,1782.26,0.09,PPO,Ant-v4,3
10021,reward,70,-180.911638880378,-737.649,PPO,Ant-v4,3
10050,reward,71,-94.7194230050275,-725.49,PPO,Ant-v4,3
10230,reward,72,-541.6859120028889,-457.596,PPO,Ant-v4,3
10249,reward,73,-78.363932526178,-447.35,PPO,Ant-v4,3
10269,reward,74,-60.45902978762789,-142.557,PPO,Ant-v4,3
10313,reward,75,-123.35682271739809,-141.622,PPO,Ant-v4,3
10367,reward,76,-199.4585115549947,-151.129,PPO,Ant-v4,3
10386,reward,77,-51.804176140900985,-147.346,PPO,Ant-v4,3
10399,reward,78,-37.50058227941824,-150.013,PPO,Ant-v4,3
10424,reward,79,-75.48759051587365,-144.375,PPO,Ant-v4,3
10448,reward,80,-87.7621186839216,-135.06,PPO,Ant-v4,3
10499,reward,81,-92.61996094832504,-134.85,PPO,Ant-v4,3
10536,reward,82,-169.97520455030454,-97.679,PPO,Ant-v4,3
10558,reward,83,-80.3686552703757,-97.879,PPO,Ant-v4,3
10572,reward,84,-42.38354129573941,-96.072,PPO,Ant-v4,3
10609,reward,85,-118.46742568074396,-95.583,PPO,Ant-v4,3
10690,reward,86,-251.03414887143674,-100.74,PPO,Ant-v4,3
10770,reward,87,-302.25850733199394,-125.786,PPO,Ant-v4,3
10782,reward,88,-50.88198258754037,-127.124,PPO,Ant-v4,3
10902,reward,89,-411.6733928204886,-160.742,PPO,Ant-v4,3
10922,reward,90,-66.12294447425928,-158.579,PPO,Ant-v4,3
11922,reward,91,-3039.607208799861,-453.277,PPO,Ant-v4,3
11959,reward,92,-135.32287414738394,-449.812,PPO,Ant-v4,3
11991,reward,93,-78.1169473919057,-449.587,PPO,Ant-v4,3
12147,reward,94,-498.6207319205456,-495.211,PPO,Ant-v4,3
12167,reward,95,-71.49279127753412,-490.513,PPO,Ant-v4,3
12281,reward,96,-412.5115191707958,-506.661,PPO,Ant-v4,3
12294,reward,97,-40.745225018693255,-480.51,PPO,Ant-v4,3
13294,reward,98,-3136.148741700551,-789.036,PPO,Ant-v4,3
13303,reward,99,-34.09858250629799,-751.279,PPO,Ant-v4,3
13376,reward,100,-237.14009926758965,-768.38,PPO,Ant-v4,3
14376,reward,101,-3254.049613755913,-789.825,PPO,Ant-v4,3
14416,reward,102,-126.22739522985394,-788.915,PPO,Ant-v4,3
14433,reward,103,-47.914082864559624,-785.895,PPO,Ant-v4,3
14477,reward,104,-187.7600026221018,-754.809,PPO,Ant-v4,3
14499,reward,105,-70.20712956307848,-754.68,PPO,Ant-v4,3
14514,reward,106,-36.26164999718585,-717.055,PPO,Ant-v4,3
14571,reward,107,-153.63948984003278,-728.345,PPO,Ant-v4,3
14591,reward,108,-57.444788382673735,-420.474,PPO,Ant-v4,3
14707,reward,109,-381.2639168580148,-455.191,PPO,Ant-v4,3
14743,reward,110,-142.07207862722518,-445.684,PPO,Ant-v4,3
14765,reward,111,-48.437783080065394,-125.123,PPO,Ant-v4,3
14792,reward,112,-69.57808976687474,-119.458,PPO,Ant-v4,3
14898,reward,113,-380.84083531640084,-152.751,PPO,Ant-v4,3
14931,reward,114,-131.2579768713418,-147.1,PPO,Ant-v4,3
15016,reward,115,-260.31256964875746,-166.111,PPO,Ant-v4,3
15148,reward,116,-433.7282393058361,-205.858,PPO,Ant-v4,3
15197,reward,117,-158.1240243174345,-206.306,PPO,Ant-v4,3
15318,reward,118,-336.22323630272024,-234.184,PPO,Ant-v4,3
15345,reward,119,-79.21590350384315,-203.979,PPO,Ant-v4,3
15407,reward,120,-169.76006579550577,-206.748,PPO,Ant-v4,3
15417,reward,121,-36.10394255284171,-205.514,PPO,Ant-v4,3
15457,reward,122,-160.0375298591001,-214.56,PPO,Ant-v4,3
15478,reward,123,-63.90675420571192,-182.867,PPO,Ant-v4,3
15519,reward,124,-125.31632872279181,-182.273,PPO,Ant-v4,3
15542,reward,125,-53.45571497064778,-161.587,PPO,Ant-v4,3
15583,reward,126,-77.36026841586296,-125.95,PPO,Ant-v4,3
15602,reward,127,-63.31726779587244,-116.47,PPO,Ant-v4,3
15619,reward,128,-49.36325387179658,-87.784,PPO,Ant-v4,3
15659,reward,129,-133.06429873301408,-93.169,PPO,Ant-v4,3
15704,reward,130,-143.48671176230775,-90.541,PPO,Ant-v4,3
15715,reward,131,-35.75245949427381,-90.506,PPO,Ant-v4,3
15734,reward,132,-48.85408105473272,-79.388,PPO,Ant-v4,3
15775,reward,133,-161.51343182501975,-89.148,PPO,Ant-v4,3
15786,reward,134,-37.30708545508443,-80.347,PPO,Ant-v4,3
15916,reward,135,-398.4856909583707,-114.85,PPO,Ant-v4,3
15977,reward,136,-194.00230293256382,-126.515,PPO,Ant-v4,3
15990,reward,137,-44.834236671864645,-124.666,PPO,Ant-v4,3
16082,reward,138,-249.58396050731858,-144.688,PPO,Ant-v4,3
16129,reward,139,-167.9633424393062,-148.178,PPO,Ant-v4,3
16160,reward,140,-106.31845595801043,-144.462,PPO,Ant-v4,3
16187,reward,141,-101.49045597916745,-151.035,PPO,Ant-v4,3
16248,reward,142,-181.8760480044655,-164.338,PPO,Ant-v4,3
16288,reward,143,-115.72740618116322,-159.759,PPO,Ant-v4,3
16312,reward,144,-49.62983160771048,-160.991,PPO,Ant-v4,3
16338,reward,145,-95.7840688860135,-130.721,PPO,Ant-v4,3
16384,loss,-0.07175152003765106,8.188362121582031,PPO,Ant-v4,3
16439,reward,146,-375.42612130740616,-148.863,PPO,Ant-v4,3
17172,reward,147,-2400.455790912424,-384.426,PPO,Ant-v4,3
17218,reward,148,-143.88377008177997,-373.856,PPO,Ant-v4,3
17243,reward,149,-78.34715471681434,-364.894,PPO,Ant-v4,3
18243,reward,150,-3202.004464023167,-674.463,PPO,Ant-v4,3
18286,reward,151,-148.8135076991844,-679.195,PPO,Ant-v4,3
18329,reward,152,-110.75082635559735,-672.082,PPO,Ant-v4,3
18346,reward,153,-69.91131477082988,-667.501,PPO,Ant-v4,3
18376,reward,154,-59.70756965647636,-668.508,PPO,Ant-v4,3
18484,reward,155,-359.13676026649654,-694.844,PPO,Ant-v4,3
19484,reward,156,-3229.2223153220625,-980.223,PPO,Ant-v4,3
19519,reward,157,-124.86937585963264,-752.665,PPO,Ant-v4,3
19542,reward,158,-70.94087551437218,-745.37,PPO,Ant-v4,3
19699,reward,159,-526.8293486280874,-790.219,PPO,Ant-v4,3
19760,reward,160,-232.52729225146004,-493.271,PPO,Ant-v4,3
19791,reward,161,-103.07151742590695,-488.697,PPO,Ant-v4,3
19832,reward,162,-126.77849754422869,-490.299,PPO,Ant-v4,3
19859,reward,163,-75.40916004427578,-490.849,PPO,Ant-v4,3
19869,reward,164,-23.379160821071018,-487.216,PPO,Ant-v4,3
19887,reward,165,-58.23042140820789,-457.126,PPO,Ant-v4,3
19919,reward,166,-89.46169983459923,-143.15,PPO,Ant-v4,3
19957,reward,167,-139.14604647690754,-144.577,PPO,Ant-v4,3
19980,reward,168,-88.48598055306937,-146.332,PPO,Ant-v4,3
20000,speed,1603.89,0.2,PPO,Ant-v4,3
20012,reward,169,-118.05931368479622,-105.455,PPO,Ant-v4,3
20040,reward,170,-84.29168860164977,-90.631,PPO,Ant-v4,3
20059,reward,171,-73.16457891754985,-87.641,PPO,Ant-v4,3
20108,reward,172,-196.8118356669932,-94.644,PPO,Ant-v4,3
20128,reward,173,-57.43864437489032,-92.847,PPO,Ant-v4,3
20149,reward,174,-58.22373169517519,-96.331,PPO,Ant-v4,3
20171,reward,175,-79.94440473243033,-98.503,PPO,Ant-v4,3
20251,reward,176,-243.93829464622533,-113.95,PPO,Ant-v4,3
20305,reward,177,-173.20623826309,-117.356,PPO,Ant-v4,3
20345,reward,178,-75.18662741339776,-116.027,PPO,Ant-v4,3
20367,reward,179,-83.01984257479687,-112.523,PPO,Ant-v4,3
20435,reward,180,-231.8390590207653,-127.277,PPO,Ant-v4,3
21435,reward,181,-3071.919790522931,-427.153,PPO,Ant-v4,3
21482,reward,182,-139.5388094531038,-421.426,PPO,Ant-v4,3
21505,reward,183,-94.09911459502334,-425.092,PPO,Ant-v4,3
21522,reward,184,-56.18599426355801,-424.888,PPO,Ant-v4,3
21569,reward,185,-165.09588125135267,-433.403,PPO,Ant-v4,3
21613,reward,186,-134.22914504050357,-422.432,PPO,Ant-v4,3
21658,reward,187,-162.33364552954794,-421.345,PPO,Ant-v4,3
21672,reward,188,-31.370057274901296,-416.963,PPO,Ant-v4,3
21731,reward,189,-194.63574728275705,-428.125,PPO,Ant-v4,3
21764,reward,190,-97.90668514443499,-414.731,PPO,Ant-v4,3
21782,reward,191,-60.17629277461008,-113.557,PPO,Ant-v4,3
21823,reward,192,-127.81570309800165,-112.385,PPO,Ant-v4,3
21888,reward,193,-264.49535583073646,-129.424,PPO,Ant-v4,3
21941,reward,194,-186.38229757220304,-142.444,PPO,Ant-v4,3
21952,reward,195,-44.586637668349574,-130.393,PPO,Ant-v4,3
21974,reward,196,-79.89588934819527,-124.96,PPO,Ant-v4,3
21993,reward,197,-57.89746050898652,-114.516,PPO,Ant-v4,3
22993,reward,198,-3051.878892074385,-416.567,PPO,Ant-v4,3
23022,reward,199,-122.1675793355881,-409.32,PPO,Ant-v4,3
23047,reward,200,-72.41932366733766,-406.772,PPO,Ant-v4,3
23091,reward,201,-142.6717400256069,-415.021,PPO,Ant-v4,3
23102,reward,202,-40.881572962698414,-406.328,PPO,Ant-v4,3
23130,reward,203,-100.14744869347346,-389.893,PPO,Ant-v4,3
23318,reward,204,-549.910213012564,-426.246,PPO,Ant-v4,3
23387,reward,205,-304.60982537464633,-452.248,PPO,Ant-v4,3
23481,reward,206,-380.7336220453021,-482.332,PPO,Ant-v4,3
23519,reward,207,-164.59668997277885,-493.002,PPO,Ant-v4,3
23610,reward,208,-331.45752882638465,-220.96,PPO,Ant-v4,3
23666,reward,209,-157.27684718625557,-224.47,PPO,Ant-v4,3
23709,reward,210,-138.9400743877875,-231.123,PPO,Ant-v4,3
23720,reward,211,-45.16115151391523,-221.371,PPO,Ant-v4,3
23757,reward,212,-76.64337410487035,-224.948,PPO,Ant-v4,3
23780,reward,213,-78.1053684762953,-222.743,PPO,Ant-v4,3
23787,reward,214,-29.443356457216158,-170.697,PPO,Ant-v4,3
23820,reward,215,-88.38556915961396,-149.074,PPO,Ant-v4,3
23832,reward,216,-35.99775218061555,-114.601,PPO,Ant-v4,3
23876,reward,217,-134.18165256297027,-111.559,PPO,Ant-v4,3
23914,reward,218,-119.09896177843046,-90.323,PPO,Ant-v4,3
23947,reward,219,-64.66044505608637,-81.062,PPO,Ant-v4,3
23966,reward,220,-51.43030452053279,-72.311,PPO,Ant-v4,3
24080,reward,221,-375.3743634345179,-105.332,PPO,Ant-v4,3
24175,reward,222,-273.54286714756597,-125.022,PPO,Ant-v4,3
24257,reward,223,-217.39264831416804,-138.951,PPO,Ant-v4,3
24269,reward,224,-32.92612641842404,-139.299,PPO,Ant-v4,3
24317,reward,225,-185.05127052774097,-148.966,PPO,Ant-v4,3
24410,reward,226,-298.36759968325845,-175.203,PPO,Ant-v4,3
24457,reward,227,-135.68037569820714,-175.352,PPO,Ant-v4,3
24576,loss,-0.08562438935041428,9.192537307739258,PPO,Ant-v4,3
25457,reward,228,-3294.1575485976755,-492.858,PPO,Ant-v4,3
25522,reward,229,-207.25685913157997,-507.118,PPO,Ant-v4,3
25539,reward,230,-18.803337737012694,-503.855,PPO,Ant-v4,3
25766,reward,231,-813.6874174761667,-547.687,PPO,Ant-v4,3
25801,reward,232,-102.62866622593369,-530.595,PPO,Ant-v4,3
25818,reward,233,-52.94113217184397,-514.15,PPO,Ant-v4,3
25846,reward,234,-102.06928013727821,-521.064,PPO,Ant-v4,3
25881,reward,235,-95.07637000277671,-512.067,PPO,Ant-v4,3
25898,reward,236,-57.50624293648872,-487.981,PPO,Ant-v4,3
25917,reward,237,-55.33212471132765,-479.946,PPO,Ant-v4,3
25926,reward,238,-24.52319782480242,-152.982,PPO,Ant-v4,3
25963,reward,239,-74.7575187340443,-139.733,PPO,Ant-v4,3
26026,reward,240,-192.6577833905502,-157.118,PPO,Ant-v4,3
26051,reward,241,-76.95402561631856,-83.445,PPO,Ant-v4,3
26159,reward,242,-345.8082526206344,-107.763,PPO,Ant-v4,3
26172,reward,243,-51.71933916679723,-107.64,PPO,Ant-v4,3
26195,reward,244,-61.8644455676786,-103.62,PPO,Ant-v4,3
27195,reward,245,-3275.2364902320514,-421.636,PPO,Ant-v4,3
27234,reward,246,-96.59213998542337,-425.545,PPO,Ant-v4,3
27449,reward,247,-704.4367374131037,-490.455,PPO,Ant-v4,3
27479,reward,248,-111.63877670463609,-499.167,PPO,Ant-v4,3
27508,reward,249,-121.51913836842904,-503.843,PPO,Ant-v4,3
27635,reward,250,-394.9686205738714,-524.074,PPO,Ant-v4,3
27720,reward,251,-253.47141402384028,-541.726,PPO,Ant-v4,3
27754,reward,252,-130.8264877855797,-520.227,PPO,Ant-v4,3
27887,reward,253,-432.43683121541176,-558.299,PPO,Ant-v4,3
27901,reward,254,-68.90312074380724,-559.003,PPO,Ant-v4,3
28901,reward,255,-3120.0599764025665,-543.485,PPO,Ant-v4,3
28916,reward,256,-43.94443703186837,-538.221,PPO,Ant-v4,3
28992,reward,257,-244.97504208522741,-492.274,PPO,Ant-v4,3
29031,reward,258,-108.07300404298567,-491.918,PPO,Ant-v4,3
29059,reward,259,-78.64372765299778,-487.63,PPO,Ant-v4,3
29123,reward,260,-193.32899422282657,-467.466,PPO,Ant-v4,3
30000,speed,1584.39,0.3,PPO,Ant-v4,3
30123,reward,261,-3296.839886770747,-771.803,PPO,Ant-v4,3
31123,reward,262,-3227.9650360042388,-1081.517,PPO,Ant-v4,3
31165,reward,263,-163.94497572553163,-1054.668,PPO,Ant-v4,3
31206,reward,264,-145.36364330586943,-1062.314,PPO,Ant-v4,3
31284,reward,265,-263.2555256508712,-776.633,PPO,Ant-v4,3
31356,reward,266,-230.54303929050582,-795.293,PPO,Ant-v4,3
31430,reward,267,-232.89070018079684,-794.085,PPO,Ant-v4,3
31489,reward,268,-235.149263055866,-806.792,PPO,Ant-v4,3
31538,reward,269,-186.40564296634446,-817.569,PPO,Ant-v4,3
31585,reward,270,-163.7465887230254,-814.61,PPO,Ant-v4,3
31624,reward,271,-95.31449562939754,-494.458,PPO,Ant-v4,3
31679,reward,272,-165.10193901587724,-188.172,PPO,Ant-v4,3
31796,reward,273,-384.6283184898077,-210.24,PPO,Ant-v4,3
31816,reward,274,-65.71820237533873,-202.275,PPO,Ant-v4,3
31861,reward,275,-116.14997411025898,-187.565,PPO,Ant-v4,3
31905,reward,276,-92.35495917432945,-173.746,PPO,Ant-v4,3
31932,reward,277,-94.90245061397579,-159.947,PPO,Ant-v4,3
32069,reward,278,-444.5614651151108,-180.888,PPO,Ant-v4,3
32093,reward,279,-86.1243051039349,-170.86,PPO,Ant-v4,3
32232,reward,280,-411.9191653478392,-195.678,PPO,Ant-v4,3
32296,reward,281,-189.12809027355325,-205.059,PPO,Ant-v4,3
32408,reward,282,-400.52892444895514,-228.602,PPO,Ant-v4,3
32484,reward,283,-326.8028431486177,-222.819,PPO,Ant-v4,3
32599,reward,284,-397.7150475971476,-256.019,PPO,Ant-v4,3
32618,reward,285,-48.09622041345562,-249.213,PPO,Ant-v4,3
32647,reward,286,-138.82278596150016,-253.86,PPO,Ant-v4,3
32659,reward,287,-64.28657490647356,-250.799,PPO,Ant-v4,3
32675,reward,288,-42.41582924383339,-210.584,PPO,Ant-v4,3
32768,loss,-0.07121504843235016,6.514942169189453,PPO,Ant-v4,3
33675,reward,289,-3332.022346805551,-535.174,PPO,Ant-v4,3
33711,reward,290,-127.64575879782878,-506.746,PPO,Ant-v4,3
34711,reward,291,-3326.9279720370278,-820.526,PPO,Ant-v4,3
34736,reward,292,-94.2370886370278,-789.897,PPO,Ant-v4,3
34829,reward,293,-336.1677860380346,-790.834,PPO,Ant-v4,3
34852,reward,294,-65.37844747577537,-757.6,PPO,Ant-v4,3
34865,reward,295,-35.265469975625926,-756.317,PPO,Ant-v4,3
34895,reward,296,-103.91638583781427,-752.826,PPO,Ant-v4,3
34924,reward,297,-133.3046239696252,-759.728,PPO,Ant-v4,3
34942,reward,298,-55.05313902054005,-760.992,PPO,Ant-v4,3
35036,reward,299,-324.5407398998896,-460.244,PPO,Ant-v4,3
35132,reward,300,-293.4203105586227,-476.821,PPO,Ant-v4,3
35150,reward,301,-47.683983262595454,-148.897,PPO,Ant-v4,3
35165,reward,302,-48.019054315848116,-144.275,PPO,Ant-v4,3
35217,reward,303,-186.65461570409718,-129.324,PPO,Ant-v4,3
35228,reward,304,-42.55527319988955,-127.041,PPO,Ant-v4,3
35272,reward,305,-106.44706944008091,-134.16,PPO,Ant-v4,3
35393,reward,306,-400.6018343396232,-163.828,PPO,Ant-v4,3
35446,reward,307,-144.5239484452817,-164.95,PPO,Ant-v4,3
35540,reward,308,-311.4026655464585,-190.585,PPO,Ant-v4,3
35594,reward,309,-160.10543062144208,-174.141,PPO,Ant-v4,3
35613,reward,310,-71.93492334769925,-151.993,PPO,Ant-v4,3
35650,reward,311,-146.5144715030843,-161.876,PPO,Ant-v4,3
35690,reward,312,-165.0042712689499,-173.574,PPO,Ant-v4,3
35720,reward,313,-64.15432377169637,-161.324,PPO,Ant-v4,3
35745,reward,314,-86.44227775308015,-165.713,PPO,Ant-v4,3
35777,reward,315,-89.45806058440182,-164.014,PPO,Ant-v4,3
35822,reward,316,-130.95997969219755,-137.05,PPO,Ant-v4,3
35844,reward,317,-69.47790860227877,-129.545,PPO,Ant-v4,3
35909,reward,318,-237.84975939384674,-122.19,PPO,Ant-v4,3
35973,reward,319,-239.42209694985226,-130.122,PPO,Ant-v4,3
36015,reward,320,-145.86441617331099,-137.515,PPO,Ant-v4,3
37015,reward,321,-3271.460820002619,-450.009,PPO,Ant-v4,3
37081,reward,322,-188.90226300870006,-452.399,PPO,Ant-v4,3
37176,reward,323,-360.024494049705,-481.986,PPO,Ant-v4,3
37244,reward,324,-257.8469468987009,-499.127,PPO,Ant-v4,3
37293,reward,325,-154.22117463825126,-505.603,PPO,Ant-v4,3
37308,reward,326,-33.65933019980681,-495.873,PPO,Ant-v4,3
37324,reward,327,-64.18877147476671,-495.344,PPO,Ant-v4,3
37367,reward,328,-155.9774865102413,-487.157,PPO,Ant-v4,3
37443,reward,329,-252.53467401152957,-488.468,PPO,Ant-v4,3
37506,reward,330,-204.6186597081374,-494.343,PPO,Ant-v4,3
37547,reward,331,-106.22240568536027,-177.82,PPO,Ant-v4,3
37590,reward,332,-163.32176146508294,-175.262,PPO,Ant-v4,3
37694,reward,333,-331.8490579412296,-172.444,PPO,Ant-v4,3
37759,reward,334,-206.53244524478748,-167.313,PPO,Ant-v4,3
37788,reward,335,-114.34082002968529,-163.325,PPO,Ant-v4,3
37826,reward,336,-146.52485863434205,-174.611,PPO,Ant-v4,3
37857,reward,337,-133.93872191575028,-181.586,PPO,Ant-v4,3
37916,reward,338,-216.29014093024063,-187.617,PPO,Ant-v4,3
37927,reward,339,-38.05942197679248,-166.17,PPO,Ant-v4,3
37970,reward,340,-55.93553429129035,-151.302,PPO,Ant-v4,3
38970,reward,341,-3251.820656764116,-465.861,PPO,Ant-v4,3
39022,reward,342,-188.88951393611944,-468.418,PPO,Ant-v4,3
39176,reward,343,-505.9713983225688,-485.83,PPO,Ant-v4,3
40000,speed,1579.91,0.41,PPO,Ant-v4,3
40176,reward,344,-3163.0724618036675,-781.484,PPO,Ant-v4,3
40376,reward,345,-662.0953990128766,-836.26,PPO,Ant-v4,3
40483,reward,346,-351.7312394146897,-856.78,PPO,Ant-v4,3
40508,reward,347,-64.60140262436754,-849.847,PPO,Ant-v4,3
40617,reward,348,-302.83946812127186,-858.502,PPO,Ant-v4,3
40727,reward,349,-334.4621105792057,-888.142,PPO,Ant-v4,3
40759,reward,350,-74.83929584510939,-890.032,PPO,Ant-v4,3
40800,reward,351,-110.65284504389814,-575.916,PPO,Ant-v4,3
40912,reward,352,-386.29500386396154,-595.656,PPO,Ant-v4,3
40950,reward,353,-108.4728697265767,-555.906,PPO,Ant-v4,3
40960,loss,-0.06850716471672058,7.664266586303711,PPO,Ant-v4,3
41012,reward,354,-168.49289226467866,-256.448,PPO,Ant-v4,3
41044,reward,355,-110.09553404844742,-201.248,PPO,Ant-v4,3
41111,reward,356,-260.87190115486976,-192.162,PPO,Ant-v4,3
41162,reward,357,-116.46123271392699,-197.348,PPO,Ant-v4,3
41215,reward,358,-169.89142413418122,-184.054,PPO,Ant-v4,3
41245,reward,359,-97.31615076503414,-160.339,PPO,Ant-v4,3
41267,reward,360,-72.20398048087564,-160.075,PPO,Ant-v4,3
41283,reward,361,-53.658388710016254,-154.376,PPO,Ant-v4,3
41323,reward,362,-125.9093824492205,-128.337,PPO,Ant-v4,3
41392,reward,363,-249.50842313528466,-142.441,PPO,Ant-v4,3
41416,reward,364,-74.09301379831072,-133.001,PPO,Ant-v4,3
41514,reward,365,-379.9011702380886,-159.982,PPO,Ant-v4,3
41549,reward,366,-109.68314798105264,-144.863,PPO,Ant-v4,3
41648,reward,367,-373.6981469304045,-170.586,PPO,Ant-v4,3
41688,reward,368,-175.78775343204268,-171.176,PPO,Ant-v4,3
42688,reward,369,-3268.1177485006633,-488.256,PPO,Ant-v4,3
42766,reward,370,-245.41238923707874,-505.577,PPO,Ant-v4,3
42785,reward,371,-41.590609232380615,-504.37,PPO,Ant-v4,3
42809,reward,372,-65.49993052614023,-498.329,PPO,Ant-v4,3
42887,reward,373,-232.46223680169996,-496.625,PPO,Ant-v4,3
42903,reward,374,-39.73833863023123,-493.189,PPO,Ant-v4,3
42916,reward,375,-37.23478235813385,-458.923,PPO,Ant-v4,3
43004,reward,376,-303.7877801378681,-478.333,PPO,Ant-v4,3
43074,reward,377,-232.58708005807375,-464.222,PPO,Ant-v4,3
43095,reward,378,-86.67438083204188,-455.311,PPO,Ant-v4,3
43109,reward,379,-62.886194131685436,-134.787,PPO,Ant-v4,3
43190,reward,380,-334.5383074610934,-143.7,PPO,Ant-v4,3
43303,reward,381,-336.27179732505294,-173.168,PPO,Ant-v4,3
43382,reward,382,-256.7317369800279,-192.291,PPO,Ant-v4,3
43398,reward,383,-53.36066842165459,-174.381,PPO,Ant-v4,3
43422,reward,384,-75.99728082538756,-178.007,PPO,Ant-v4,3
43441,reward,385,-52.0674566046734,-179.49,PPO,Ant-v4,3
43470,reward,386,-68.12310271217494,-155.924,PPO,Ant-v4,3
43522,reward,387,-181.65902665549984,-150.831,PPO,Ant-v4,3
43629,reward,388,-375.5261671575912,-179.716,PPO,Ant-v4,3
43680,reward,389,-187.7396421154801,-192.202,PPO,Ant-v4,3
43695,reward,390,-70.68288521693529,-165.816,PPO,Ant-v4,3
43736,reward,391,-150.60314326515302,-147.249,PPO,Ant-v4,3
43794,reward,392,-267.83887763496165,-148.36,PPO,Ant-v4,3
43846,reward,393,-164.23088352884278,-159.447,PPO,Ant-v4,3
44846,reward,394,-3266.832668345828,-478.53,PPO,Ant-v4,3
44866,reward,395,-72.10505972792309,-480.534,PPO,Ant-v4,3
44944,reward,396,-334.04561403479084,-507.126,PPO,Ant-v4,3
44971,reward,397,-108.31024854359042,-499.792,PPO,Ant-v4,3
44981,reward,398,-30.298038010349543,-465.269,PPO,Ant-v4,3
44996,reward,399,-57.699083176844546,-452.265,PPO,Ant-v4,3
45032,reward,400,-72.63258766401088,-452.46,PPO,Ant-v4,3
45094,reward,401,-171.49380698024459,-454.549,PPO,Ant-v4,3
45124,reward,402,-125.40510061685923,-440.305,PPO,Ant-v4,3
45155,reward,403,-105.02394061349642,-434.385,PPO,Ant-v4,3
45176,reward,404,-66.58918158135877,-114.36,PPO,Ant-v4,3
45224,reward,405,-123.05291869847763,-119.455,PPO,Ant-v4,3
45343,reward,406,-466.87344429001774,-132.738,PPO,Ant-v4,3
46343,reward,407,-3345.772901742831,-456.484,PPO,Ant-v4,3
46386,reward,408,-168.72646577841968,-470.327,PPO,Ant-v4,3
46411,reward,409,-92.35583144595441,-473.793,PPO,Ant-v4,3
46439,reward,410,-155.71324178660595,-482.101,PPO,Ant-v4,3
46493,reward,411,-135.28887349098892,-478.48,PPO,Ant-v4,3
46573,reward,412,-219.69024365214085,-487.909,PPO,Ant-v4,3
46603,reward,413,-99.83076279144977,-487.389,PPO,Ant-v4,3
46635,reward,414,-93.3456619859513,-490.065,PPO,Ant-v4,3
46647,reward,415,-38.057565338537415,-481.565,PPO,Ant-v4,3
46672,reward,416,-97.9929369518716,-444.677,PPO,Ant-v4,3
46698,reward,417,-92.43988721078077,-119.344,PPO,Ant-v4,3
47698,reward,418,-3377.897711834301,-440.261,PPO,Ant-v4,3
47745,reward,419,-161.33742361541917,-447.159,PPO,Ant-v4,3
47819,reward,420,-164.60350616250537,-448.048,PPO,Ant-v4,3
47922,reward,421,-342.4123562690518,-468.761,PPO,Ant-v4,3
47949,reward,422,-83.71361253058751,-455.163,PPO,Ant-v4,3
48018,reward,423,-244.34071754244673,-469.614,PPO,Ant-v4,3
48103,reward,424,-265.51855397025855,-486.831,PPO,Ant-v4,3
48178,reward,425,-309.14037304370413,-513.94,PPO,Ant-v4,3
48223,reward,426,-191.54338537249689,-523.295,PPO,Ant-v4,3
48295,reward,427,-226.4893757240393,-536.7,PPO,Ant-v4,3
48349,reward,428,-191.182696503574,-218.028,PPO,Ant-v4,3
48387,reward,429,-113.69766047920422,-213.264,PPO,Ant-v4,3
48475,reward,430,-333.7624974049356,-230.18,PPO,Ant-v4,3
48492,reward,431,-48.049281368017205,-200.744,PPO,Ant-v4,3
48513,reward,432,-47.71617743271053,-197.144,PPO,Ant-v4,3
48556,reward,433,-153.08089342703593,-188.018,PPO,Ant-v4,3
48621,reward,434,-219.37915279720883,-183.404,PPO,Ant-v4,3
48645,reward,435,-63.75519111080524,-158.866,PPO,Ant-v4,3
48674,reward,436,-92.44667758872991,-148.956,PPO,Ant-v4,3
48716,reward,437,-118.85728219115248,-138.193,PPO,Ant-v4,3
48738,reward,438,-86.25295313275971,-127.7,PPO,Ant-v4,3
48760,reward,439,-48.755043183095545,-121.206,PPO,Ant-v4,3
48779,reward,440,-58.09883851727654,-93.639,PPO,Ant-v4,3
48801,reward,441,-38.83864949317747,-92.718,PPO,Ant-v4,3
48832,reward,442,-98.94162057563825,-97.841,PPO,Ant-v4,3
48936,reward,443,-363.26395404684285,-118.859,PPO,Ant-v4,3
49048,reward,444,-348.8204999326811,-131.803,PPO,Ant-v4,3
49063,reward,445,-47.79904075184176,-130.207,PPO,Ant-v4,3
49106,reward,446,-154.19880317173784,-136.383,PPO,Ant-v4,3
49152,loss,-0.06320894509553909,9.322747230529785,PPO,Ant-v4,3
50000,speed,1368.32,0.53,PPO,Ant-v4,3
50106,reward,447,-3325.6186559976177,-457.059,PPO,Ant-v4,3
50132,reward,448,-111.74819023864104,-459.608,PPO,Ant-v4,3
50197,reward,449,-186.3033852988073,-473.363,PPO,Ant-v4,3
50235,reward,450,-130.85679300622024,-480.639,PPO,Ant-v4,3
50293,reward,451,-217.97097277454196,-498.552,PPO,Ant-v4,3
50335,reward,452,-119.66912083754409,-500.625,PPO,Ant-v4,3
50364,reward,453,-90.43881433706349,-473.342,PPO,Ant-v4,3
50457,reward,454,-289.5453800714402,-467.415,PPO,Ant-v4,3
50469,reward,455,-29.307855809455404,-465.566,PPO,Ant-v4,3
50510,reward,456,-115.32147822689006,-461.678,PPO,Ant-v4,3
50532,reward,457,-66.12384714168256,-135.729,PPO,Ant-v4,3
50636,reward,458,-377.78466779518834,-162.332,PPO,Ant-v4,3
50649,reward,459,-54.7840600542323,-149.18,PPO,Ant-v4,3
50704,reward,460,-183.58878836053213,-154.453,PPO,Ant-v4,3
50764,reward,461,-194.7912795887435,-152.136,PPO,Ant-v4,3
50791,reward,462,-105.7036937490603,-150.739,PPO,Ant-v4,3
51791,reward,463,-3327.65008140618,-474.46,PPO,Ant-v4,3
52791,reward,464,-3343.925835759043,-779.898,PPO,Ant-v4,3
52804,reward,465,-35.34102508945048,-780.501,PPO,Ant-v4,3
52863,reward,466,-185.98708126936316,-787.568,PPO,Ant-v4,3
52903,reward,467,-148.68282576671766,-795.824,PPO,Ant-v4,3
52988,reward,468,-318.5246482303568,-789.898,PPO,Ant-v4,3
53026,reward,469,-97.13709589276857,-794.133,PPO,Ant-v4,3
54026,reward,470,-3290.655275014827,-1104.84,PPO,Ant-v4,3
54091,reward,471,-165.81374713543244,-1101.942,PPO,Ant-v4,3
54110,reward,472,-63.1021592121227,-1097.682,PPO,Ant-v4,3
54125,reward,473,-42.82856786020731,-769.2,PPO,Ant-v4,3
54242,reward,474,-322.30456081000034,-467.038,PPO,Ant-v4,3
54307,reward,475,-196.10193757287306,-483.114,PPO,Ant-v4,3
54320,reward,476,-39.848234667006544,-468.5,PPO,Ant-v4,3
54332,reward,477,-37.08876676332441,-457.34,PPO,Ant-v4,3
54396,reward,478,-212.065666707808,-446.695,PPO,Ant-v4,3
54470,reward,479,-262.61312371891637,-463.242,PPO,Ant-v4,3
54484,reward,480,-27.454089322703535,-136.922,PPO,Ant-v4,3
54495,reward,481,-50.76440507764456,-125.417,PPO,Ant-v4,3
54518,reward,482,-77.28080001580177,-126.835,PPO,Ant-v4,3
54623,reward,483,-371.6288206631866,-159.715,PPO,Ant-v4,3
54645,reward,484,-102.31370578453827,-137.716,PPO,Ant-v4,3
54688,reward,485,-184.72050678100243,-136.578,PPO,Ant-v4,3
54754,reward,486,-128.62048880653325,-145.455,PPO,Ant-v4,3
54770,reward,487,-58.168685494971854,-147.563,PPO,Ant-v4,3
54869,reward,488,-295.68053171462475,-155.925,PPO,Ant-v4,3
55869,reward,489,-3289.8258395089647,-458.646,PPO,Ant-v4,3
55893,reward,490,-98.66723290082398,-465.767,PPO,Ant-v4,3
55925,reward,491,-79.29875721905536,-468.621,PPO,Ant-v4,3
55999,reward,492,-190.65453402224986,-479.958,PPO,Ant-v4,3
56049,reward,493,-145.68489302033416,-457.364,PPO,Ant-v4,3
56073,reward,494,-55.838138796102704,-452.716,PPO,Ant-v4,3
56182,reward,495,-303.90514486018475,-464.634,PPO,Ant-v4,3
56218,reward,496,-143.36187245206483,-466.109,PPO,Ant-v4,3
56255,reward,497,-114.95842383339823,-471.788,PPO,Ant-v4,3
56330,reward,498,-312.9417026347702,-473.514,PPO,Ant-v4,3
56469,reward,499,-371.46492510694674,-181.678,PPO,Ant-v4,3
56488,reward,500,-69.46544567164857,-178.757,PPO,Ant-v4,3
56508,reward,501,-41.86605978482082,-175.014,PPO,Ant-v4,3
56542,reward,502,-147.34348446458227,-170.683,PPO,Ant-v4,3
56571,reward,503,-120.93710175627122,-168.208,PPO,Ant-v4,3
56642,reward,504,-267.0541657120075,-189.33,PPO,Ant-v4,3
56783,reward,505,-509.75388973673785,-209.915,PPO,Ant-v4,3
56793,reward,506,-14.996732638674315,-197.078,PPO,Ant-v4,3
56887,reward,507,-298.45767302578537,-215.428,PPO,Ant-v4,3
56920,reward,508,-111.39293655945674,-195.273,PPO,Ant-v4,3
57344,loss,-0.06372860074043274,12.540909767150879,PPO,Ant-v4,3
57920,reward,509,-3256.906822410249,-483.817,PPO,Ant-v4,3
57930,reward,510,-22.12567181218517,-479.083,PPO,Ant-v4,3
57951,reward,511,-93.93382919864517,-484.29,PPO,Ant-v4,3
58018,reward,512,-288.0668531062773,-498.363,PPO,Ant-v4,3
58085,reward,513,-204.669103322277,-506.736,PPO,Ant-v4,3
58099,reward,514,-37.14209736375574,-483.745,PPO,Ant-v4,3
58168,reward,515,-230.36512422923266,-455.806,PPO,Ant-v4,3
58255,reward,516,-336.0572805426356,-487.912,PPO,Ant-v4,3
58273,reward,517,-62.42072118491482,-464.308,PPO,Ant-v4,3
58342,reward,518,-264.5473566270326,-479.623,PPO,Ant-v4,3
58456,reward,519,-384.7311746239532,-192.406,PPO,Ant-v4,3
58470,reward,520,-47.00999409758027,-194.894,PPO,Ant-v4,3
58601,reward,521,-430.4780164291312,-228.549,PPO,Ant-v4,3
58664,reward,522,-208.33757582326135,-220.576,PPO,Ant-v4,3
58686,reward,523,-70.64880141538544,-207.174,PPO,Ant-v4,3
58784,reward,524,-223.92739172953455,-225.852,PPO,Ant-v4,3
58826,reward,525,-161.62123911863048,-218.978,PPO,Ant-v4,3
58878,reward,526,-177.36677887033787,-203.109,PPO,Ant-v4,3
58901,reward,527,-65.50994540784293,-203.418,PPO,Ant-v4,3
58916,reward,528,-48.13863977084775,-181.777,PPO,Ant-v4,3
58950,reward,529,-102.70182339139461,-153.574,PPO,Ant-v4,3
58988,reward,530,-116.6435646182418,-160.537,PPO,Ant-v4,3
59012,reward,531,-97.17707900424645,-127.207,PPO,Ant-v4,3
59047,reward,532,-94.27492801703337,-115.801,PPO,Ant-v4,3
59068,reward,533,-49.44315866917828,-113.68,PPO,Ant-v4,3
59090,reward,534,-61.20049188009837,-97.408,PPO,Ant-v4,3
59123,reward,535,-101.28686226563009,-91.374,PPO,Ant-v4,3
59235,reward,536,-367.18853125317406,-110.357,PPO,Ant-v4,3
59261,reward,537,-90.63486135441221,-112.869,PPO,Ant-v4,3
59299,reward,538,-144.4022232560613,-122.495,PPO,Ant-v4,3
59318,reward,539,-75.01004176892286,-119.726,PPO,Ant-v4,3
59339,reward,540,-79.61075510622801,-116.023,PPO,Ant-v4,3
59366,reward,541,-104.14128024903866,-116.719,PPO,Ant-v4,3
59392,reward,542,-97.49080115187132,-117.041,PPO,Ant-v4,3
60000,speed,1277.55,0.66,PPO,Ant-v4,3
60392,reward,543,-3417.673681951407,-453.864,PPO,Ant-v4,3
60426,reward,544,-130.33392703062694,-460.777,PPO,Ant-v4,3
60438,reward,545,-29.76180165752545,-453.625,PPO,Ant-v4,3
60481,reward,546,-146.5456796228341,-431.561,PPO,Ant-v4,3
60497,reward,547,-74.57447173705116,-429.954,PPO,Ant-v4,3
60562,reward,548,-215.55340042739647,-437.07,PPO,Ant-v4,3
60575,reward,549,-57.15113445749532,-435.284,PPO,Ant-v4,3
60638,reward,550,-173.19779087008462,-444.642,PPO,Ant-v4,3
60662,reward,551,-107.09529087627821,-444.938,PPO,Ant-v4,3
60718,reward,552,-200.2828711406439,-455.217,PPO,Ant-v4,3
60739,reward,553,-73.16554558087495,-120.766,PPO,Ant-v4,3
60846,reward,554,-299.81294608234435,-137.714,PPO,Ant-v4,3
60913,reward,555,-217.0046828960878,-156.438,PPO,Ant-v4,3
61051,reward,556,-443.6210941797373,-186.146,PPO,Ant-v4,3
61098,reward,557,-164.4281481753642,-195.131,PPO,Ant-v4,3
61128,reward,558,-91.66312134903364,-182.742,PPO,Ant-v4,3
61137,reward,559,-39.93283909538739,-181.02,PPO,Ant-v4,3
61245,reward,560,-360.59105873916724,-199.76,PPO,Ant-v4,3
61321,reward,561,-288.7927773976122,-217.93,PPO,Ant-v4,3
61345,reward,562,-67.3158192141164,-204.633,PPO,Ant-v4,3
61360,reward,563,-41.544378234548596,-201.471,PPO,Ant-v4,3
61391,reward,564,-124.90451191930792,-183.98,PPO,Ant-v4,3
61442,reward,565,-211.61573717296585,-183.441,PPO,Ant-v4,3
61476,reward,566,-85.8815881796463,-147.667,PPO,Ant-v4,3
61503,reward,567,-89.2945271558071,-140.154,PPO,Ant-v4,3
61518,reward,568,-58.98164782628359,-136.885,PPO,Ant-v4,3
61530,reward,569,-42.742149126731704,-137.166,PPO,Ant-v4,3
61581,reward,570,-189.12721715061278,-120.02,PPO,Ant-v4,3
61607,reward,571,-100.15480088805792,-101.156,PPO,Ant-v4,3
61701,reward,572,-335.92435534078953,-128.017,PPO,Ant-v4,3
61728,reward,573,-78.1164500785005,-131.674,PPO,Ant-v4,3
61766,reward,574,-117.62360266488409,-130.946,PPO,Ant-v4,3
61785,reward,575,-60.72776292390514,-115.857,PPO,Ant-v4,3
61842,reward,576,-182.33014198557592,-125.502,PPO,Ant-v4,3
61965,reward,577,-414.9328848888312,-158.066,PPO,Ant-v4,3
62063,reward,578,-273.41070308096215,-179.509,PPO,Ant-v4,3
62076,reward,579,-49.71335045385061,-180.206,PPO,Ant-v4,3
62092,reward,580,-74.0846879513419,-168.702,PPO,Ant-v4,3
62237,reward,581,-597.7459154641274,-218.461,PPO,Ant-v4,3
62287,reward,582,-160.89856073142957,-200.958,PPO,Ant-v4,3
62380,reward,583,-311.59260213998806,-224.306,PPO,Ant-v4,3
62389,reward,584,-31.839961184353335,-215.728,PPO,Ant-v4,3
62413,reward,585,-121.85673635517328,-221.841,PPO,Ant-v4,3
63413,reward,586,-3384.541880930711,-542.062,PPO,Ant-v4,3
63445,reward,587,-120.54555607478002,-512.623,PPO,Ant-v4,3
64445,reward,588,-3415.8892710526848,-826.871,PPO,Ant-v4,3
64466,reward,589,-73.52084916406423,-829.252,PPO,Ant-v4,3
64519,reward,590,-170.90133144177554,-838.933,PPO,Ant-v4,3
64595,reward,591,-307.3070547804236,-809.889,PPO,Ant-v4,3
64607,reward,592,-42.25218547702168,-798.025,PPO,Ant-v4,3
64632,reward,593,-95.73528012999705,-776.439,PPO,Ant-v4,3
64675,reward,594,-164.04523985538717,-789.66,PPO,Ant-v4,3
64701,reward,595,-83.36739251383176,-785.811,PPO,Ant-v4,3
64762,reward,596,-193.02816544167237,-466.659,PPO,Ant-v4,3
64870,reward,597,-391.31282652679766,-493.736,PPO,Ant-v4,3
64909,reward,598,-115.0660790352532,-163.654,PPO,Ant-v4,3
64929,reward,599,-90.263650559066,-165.328,PPO,Ant-v4,3
64951,reward,600,-80.2752497246314,-156.265,PPO,Ant-v4,3
64983,reward,601,-74.28141977696932,-132.963,PPO,Ant-v4,3
65083,reward,602,-318.1391211135905,-160.551,PPO,Ant-v4,3
65102,reward,603,-48.509574943393964,-155.829,PPO,Ant-v4,3
65536,loss,-0.07615964859724045,12.073500633239746,PPO,Ant-v4,3
66102,reward,604,-3289.047315457535,-468.329,PPO,Ant-v4,3
66239,reward,605,-411.0544361187782,-501.098,PPO,Ant-v4,3
66263,reward,606,-61.683983508530254,-487.963,PPO,Ant-v4,3
66368,reward,607,-323.16322328177154,-481.148,PPO,Ant-v4,3
66397,reward,608,-102.5299642332323,-479.895,PPO,Ant-v4,3
66482,reward,609,-279.820941922128,-498.851,PPO,Ant-v4,3
66548,reward,610,-172.74109624497183,-508.097,PPO,Ant-v4,3
66567,reward,611,-65.182941925022,-507.187,PPO,Ant-v4,3
66576,reward,612,-34.930478043380106,-478.866,PPO,Ant-v4,3
66650,reward,613,-219.04527618945232,-495.92,PPO,Ant-v4,3
66768,reward,614,-332.2130969963765,-200.237,PPO,Ant-v4,3
66813,reward,615,-162.80528913907656,-175.412,PPO,Ant-v4,3
66861,reward,616,-165.18417445852563,-185.762,PPO,Ant-v4,3
66970,reward,617,-335.8813731396908,-187.033,PPO,Ant-v4,3
66985,reward,618,-53.33733332999131,-182.114,PPO,Ant-v4,3
67060,reward,619,-268.28505268795607,-180.961,PPO,Ant-v4,3
67185,reward,620,-512.5213586766031,-214.939,PPO,Ant-v4,3
67247,reward,621,-210.92876156418652,-229.513,PPO,Ant-v4,3
67265,reward,622,-42.75866439786151,-230.296,PPO,Ant-v4,3
67307,reward,623,-149.8215167932456,-223.374,PPO,Ant-v4,3
68307,reward,624,-3431.76148107483,-533.329,PPO,Ant-v4,3
68442,reward,625,-439.3249065368103,-560.98,PPO,Ant-v4,3
68483,reward,626,-158.51518143906256,-560.314,PPO,Ant-v4,3
68540,reward,627,-183.85514875535046,-545.111,PPO,Ant-v4,3
68590,reward,628,-113.0208353770663,-551.079,PPO,Ant-v4,3
68679,reward,629,-289.7715476513547,-553.228,PPO,Ant-v4,3
68698,reward,630,-76.81874670224389,-509.658,PPO,Ant-v4,3
68725,reward,631,-94.03946828908066,-497.969,PPO,Ant-v4,3
68774,reward,632,-165.10004816051915,-510.203,PPO,Ant-v4,3
68822,reward,633,-201.14394425224302,-515.335,PPO,Ant-v4,3
68852,reward,634,-66.1246471506065,-178.771,PPO,Ant-v4,3
68868,reward,635,-66.82780878399782,-141.522,PPO,Ant-v4,3
68929,reward,636,-204.53383077157787,-146.124,PPO,Ant-v4,3
68948,reward,637,-72.00683263250255,-134.939,PPO,Ant-v4,3
68976,reward,638,-114.50446525813572,-135.087,PPO,Ant-v4,3
69106,reward,639,-446.04437460228144,-150.714,PPO,Ant-v4,3
69124,reward,640,-55.645499278052384,-148.597,PPO,Ant-v4,3
69152,reward,641,-107.02764045426196,-149.896,PPO,Ant-v4,3
69194,reward,642,-147.62896250157522,-148.149,PPO,Ant-v4,3
69268,reward,643,-309.0701379527159,-158.941,PPO,Ant-v4,3
69323,reward,644,-183.7295425163554,-170.702,PPO,Ant-v4,3
69350,reward,645,-57.74144965792723,-169.793,PPO,Ant-v4,3
69364,reward,646,-52.96331978774952,-154.636,PPO,Ant-v4,3
69395,reward,647,-126.35211282438887,-160.071,PPO,Ant-v4,3
70000,speed,1325.3,0.79,PPO,Ant-v4,3
70395,reward,648,-3455.70719844745,-494.191,PPO,Ant-v4,3
70409,reward,649,-60.083813758651345,-455.595,PPO,Ant-v4,3
70460,reward,650,-160.31768153650202,-466.062,PPO,Ant-v4,3
70488,reward,651,-95.67982669136154,-464.927,PPO,Ant-v4,3
70536,reward,652,-134.36091499938217,-463.601,PPO,Ant-v4,3
70569,reward,653,-125.00510195304031,-445.194,PPO,Ant-v4,3
70598,reward,654,-115.73307683251507,-438.394,PPO,Ant-v4,3
70657,reward,655,-143.4965211393413,-446.97,PPO,Ant-v4,3
70673,reward,656,-50.781913314745026,-446.752,PPO,Ant-v4,3
71673,reward,657,-3496.746438022984,-783.791,PPO,Ant-v4,3
71685,reward,658,-51.72610232186144,-443.393,PPO,Ant-v4,3
71733,reward,659,-104.56220546289087,-447.841,PPO,Ant-v4,3
71800,reward,660,-227.07194301319342,-454.516,PPO,Ant-v4,3
71828,reward,661,-77.5576395278171,-452.704,PPO,Ant-v4,3
71933,reward,662,-334.86502336555554,-472.755,PPO,Ant-v4,3
71972,reward,663,-84.0132704291464,-468.655,PPO,Ant-v4,3
71995,reward,664,-84.47135742050604,-465.529,PPO,Ant-v4,3
72004,reward,665,-23.3777715206563,-453.517,PPO,Ant-v4,3
72018,reward,666,-49.46404567823894,-453.386,PPO,Ant-v4,3
72125,reward,667,-388.71303581078604,-142.582,PPO,Ant-v4,3
72194,reward,668,-301.3053459218768,-167.54,PPO,Ant-v4,3
72203,reward,669,-25.753262014147747,-159.659,PPO,Ant-v4,3
72218,reward,670,-54.01256297942835,-142.353,PPO,Ant-v4,3
72241,reward,671,-79.43741022289052,-142.541,PPO,Ant-v4,3
72297,reward,672,-155.33489555798542,-124.588,PPO,Ant-v4,3
73297,reward,673,-3340.281513646292,-450.215,PPO,Ant-v4,3
73337,reward,674,-154.98632278948878,-457.267,PPO,Ant-v4,3
73427,reward,675,-276.83964498438115,-482.613,PPO,Ant-v4,3
73447,reward,676,-78.0580319776888,-485.472,PPO,Ant-v4,3
73506,reward,677,-156.72978504554948,-462.274,PPO,Ant-v4,3
73728,loss,-0.045630767941474915,13.840511322021484,PPO,Ant-v4,3
74506,reward,678,-3342.8014446226216,-766.423,PPO,Ant-v4,3
74533,reward,679,-83.65393148161776,-772.214,PPO,Ant-v4,3
74584,reward,680,-190.5980781207136,-785.872,PPO,Ant-v4,3
74599,reward,681,-58.05031105969999,-783.733,PPO,Ant-v4,3
74637,reward,682,-109.59222140355067,-779.159,PPO,Ant-v4,3
74770,reward,683,-477.0072371856678,-492.832,PPO,Ant-v4,3
74818,reward,684,-184.11812436913866,-495.745,PPO,Ant-v4,3
74881,reward,685,-266.6681675025826,-494.728,PPO,Ant-v4,3
74903,reward,686,-99.3146811837608,-496.853,PPO,Ant-v4,3
74927,reward,687,-95.86954908313535,-490.767,PPO,Ant-v4,3
74969,reward,688,-136.73371963514862,-170.161,PPO,Ant-v4,3
75026,reward,689,-236.96298749786914,-185.492,PPO,Ant-v4,3
75051,reward,690,-95.49616172337603,-175.981,PPO,Ant-v4,3
75122,reward,691,-273.54749353289816,-197.531,PPO,Ant-v4,3
75143,reward,692,-77.96212509479133,-194.368,PPO,Ant-v4,3
75224,reward,693,-330.4926625869361,-179.717,PPO,Ant-v4,3
75262,reward,694,-100.18525988281807,-171.323,PPO,Ant-v4,3
75289,reward,695,-117.33793841641446,-156.39,PPO,Ant-v4,3
75402,reward,696,-306.4131167263602,-177.1,PPO,Ant-v4,3
75438,reward,697,-147.7421838071771,-182.287,PPO,Ant-v4,3
75450,reward,698,-47.111172866941025,-173.325,PPO,Ant-v4,3
76450,reward,699,-3334.678990198304,-483.097,PPO,Ant-v4,3
76483,reward,700,-124.50290708409564,-485.997,PPO,Ant-v4,3
76547,reward,701,-217.50669598467164,-480.393,PPO,Ant-v4,3
76577,reward,702,-124.52803710343814,-485.05,PPO,Ant-v4,3
76623,reward,703,-157.30515907671554,-467.731,PPO,Ant-v4,3
76729,reward,704,-342.15167695827415,-491.928,PPO,Ant-v4,3
76758,reward,705,-119.91445656851084,-492.185,PPO,Ant-v4,3
76816,reward,706,-169.45460955978413,-478.49,PPO,Ant-v4,3
76858,reward,707,-114.21117243407876,-475.136,PPO,Ant-v4,3
76949,reward,708,-368.3711062408366,-507.262,PPO,Ant-v4,3
77010,reward,709,-190.0702553789394,-192.802,PPO,Ant-v4,3
77079,reward,710,-172.46036095514248,-197.597,PPO,Ant-v4,3
77121,reward,711,-173.24613706381973,-193.171,PPO,Ant-v4,3
77298,reward,712,-598.9721542520972,-240.616,PPO,Ant-v4,3
77327,reward,713,-88.56086915363782,-233.741,PPO,Ant-v4,3
78327,reward,714,-3282.4529468711344,-527.771,PPO,Ant-v4,3
78354,reward,715,-90.3421893328037,-524.814,PPO,Ant-v4,3
78377,reward,716,-87.34273455193109,-516.603,PPO,Ant-v4,3
78394,reward,717,-61.24144336513686,-511.306,PPO,Ant-v4,3
78419,reward,718,-93.67801252346307,-483.837,PPO,Ant-v4,3
79419,reward,719,-3363.999694957497,-801.23,PPO,Ant-v4,3
79444,reward,720,-101.26275820662423,-794.11,PPO,Ant-v4,3
79613,reward,721,-533.9556903462068,-830.181,PPO,Ant-v4,3
79699,reward,722,-242.27941904525687,-794.512,PPO,Ant-v4,3
79728,reward,723,-76.4988222022614,-793.305,PPO,Ant-v4,3
79775,reward,724,-146.08795323181536,-479.669,PPO,Ant-v4,3
79808,reward,725,-136.70858263831167,-484.306,PPO,Ant-v4,3
79854,reward,726,-143.6605419826181,-489.937,PPO,Ant-v4,3
79892,reward,727,-123.05050875231771,-496.118,PPO,Ant-v4,3
79930,reward,728,-141.7317703645323,-500.924,PPO,Ant-v4,3
79962,reward,729,-113.65372414337556,-175.889,PPO,Ant-v4,3
79999,reward,730,-105.91104542312316,-176.354,PPO,Ant-v4,3
80000,speed,1294.09,0.91,PPO,Ant-v4,3
80516,reward,731,-1835.1366340644918,-306.472,PPO,Ant-v4,3
80541,reward,732,-57.542422568178026,-287.998,PPO,Ant-v4,3
81541,reward,733,-3280.224405624724,-608.371,PPO,Ant-v4,3
81579,reward,734,-94.48652272444,-603.211,PPO,Ant-v4,3
81593,reward,735,-30.02424539762735,-592.542,PPO,Ant-v4,3
81609,reward,736,-66.68602227523613,-584.845,PPO,Ant-v4,3
81642,reward,737,-110.19291501007275,-583.559,PPO,Ant-v4,3
81729,reward,738,-269.86882326674754,-596.373,PPO,Ant-v4,3
81744,reward,739,-36.44923717850962,-588.652,PPO,Ant-v4,3
81790,reward,740,-206.35808373394286,-598.697,PPO,Ant-v4,3
81833,reward,741,-143.92790659823308,-429.576,PPO,Ant-v4,3
81859,reward,742,-110.55078746527751,-434.877,PPO,Ant-v4,3
81872,reward,743,-35.852289715279085,-110.44,PPO,Ant-v4,3
81920,loss,-0.06751491874456406,11.830954551696777,PPO,Ant-v4,3
82646,reward,744,-2586.8714792509545,-359.678,PPO,Ant-v4,3
82658,reward,745,-33.02228144698894,-359.978,PPO,Ant-v4,3
82744,reward,746,-290.5930097648711,-382.369,PPO,Ant-v4,3
82792,reward,747,-188.50338147707254,-390.2,PPO,Ant-v4,3
82882,reward,748,-319.370632996905,-395.15,PPO,Ant-v4,3
83006,reward,749,-389.13732859047605,-430.419,PPO,Ant-v4,3
83018,reward,750,-42.740040198108595,-414.057,PPO,Ant-v4,3
83069,reward,751,-194.07685240980675,-419.072,PPO,Ant-v4,3
83180,reward,752,-327.2386961774316,-440.741,PPO,Ant-v4,3
83318,reward,753,-510.96798000965686,-488.252,PPO,Ant-v4,3
83334,reward,754,-77.33736253401007,-237.299,PPO,Ant-v4,3
83349,reward,755,-65.71291743644458,-240.568,PPO,Ant-v4,3
83383,reward,756,-82.10884670330341,-219.719,PPO,Ant-v4,3
83439,reward,757,-252.04145895088823,-226.073,PPO,Ant-v4,3
83461,reward,758,-100.64407057955616,-204.201,PPO,Ant-v4,3
83555,reward,759,-296.6792468720787,-194.955,PPO,Ant-v4,3
83569,reward,760,-36.03884077011374,-194.285,PPO,Ant-v4,3
83673,reward,761,-302.69365334165025,-205.146,PPO,Ant-v4,3
83695,reward,762,-74.15220428940461,-179.838,PPO,Ant-v4,3
83751,reward,763,-197.83633087903945,-148.524,PPO,Ant-v4,3
83771,reward,764,-81.2732245122164,-148.918,PPO,Ant-v4,3
83834,reward,765,-173.38682693217007,-159.685,PPO,Ant-v4,3
83853,reward,766,-31.492398399475768,-154.624,PPO,Ant-v4,3
83905,reward,767,-216.39654127990025,-151.059,PPO,Ant-v4,3
83944,reward,768,-94.03612370486302,-150.399,PPO,Ant-v4,3
83976,reward,769,-82.22530786252223,-128.953,PPO,Ant-v4,3
84008,reward,770,-60.83080470521003,-131.432,PPO,Ant-v4,3
84032,reward,771,-83.48964710670455,-109.512,PPO,Ant-v4,3
84050,reward,772,-37.36468659367952,-105.833,PPO,Ant-v4,3
84096,reward,773,-149.399939862368,-100.99,PPO,Ant-v4,3
84158,reward,774,-172.67649550421686,-110.13,PPO,Ant-v4,3
84178,reward,775,-83.35601075557871,-101.127,PPO,Ant-v4,3
85178,reward,776,-3367.1187868080315,-434.689,PPO,Ant-v4,3
85209,reward,777,-80.35516319334829,-421.085,PPO,Ant-v4,3
85229,reward,778,-58.147877716906585,-417.496,PPO,Ant-v4,3
85307,reward,779,-319.1423893960923,-441.188,PPO,Ant-v4,3
85375,reward,780,-288.427032795513,-463.948,PPO,Ant-v4,3
85393,reward,781,-79.55621631816919,-463.554,PPO,Ant-v4,3
85456,reward,782,-250.4772459381586,-484.866,PPO,Ant-v4,3
85510,reward,783,-168.1563580716311,-486.741,PPO,Ant-v4,3
85578,reward,784,-221.3281202019431,-491.607,PPO,Ant-v4,3
86578,reward,785,-3338.651357372768,-817.136,PPO,Ant-v4,3
87578,reward,786,-3319.7775179301348,-812.402,PPO,Ant-v4,3
87623,reward,787,-128.39165034107063,-817.206,PPO,Ant-v4,3
87740,reward,788,-406.9012675624416,-852.081,PPO,Ant-v4,3
87816,reward,789,-231.3532154796101,-843.302,PPO,Ant-v4,3
87841,reward,790,-70.86182538597465,-821.545,PPO,Ant-v4,3
87931,reward,791,-395.85831829799076,-853.176,PPO,Ant-v4,3
87969,reward,792,-106.10911810656141,-838.739,PPO,Ant-v4,3
88070,reward,793,-363.18446818569277,-858.242,PPO,Ant-v4,3
88085,reward,794,-52.2736778878158,-841.336,PPO,Ant-v4,3
88187,reward,795,-378.6535544479111,-545.336,PPO,Ant-v4,3
88281,reward,796,-294.1411067706913,-242.773,PPO,Ant-v4,3
88332,reward,797,-162.50988043810324,-246.185,PPO,Ant-v4,3
88410,reward,798,-239.86343004426422,-229.481,PPO,Ant-v4,3
88440,reward,799,-112.76801276529508,-217.622,PPO,Ant-v4,3
88504,reward,800,-194.2295364506369,-229.959,PPO,Ant-v4,3
88532,reward,801,-92.70018201917647,-199.643,PPO,Ant-v4,3
88554,reward,802,-94.89817299643909,-198.522,PPO,Ant-v4,3
88572,reward,803,-36.814092405257654,-165.885,PPO,Ant-v4,3
88625,reward,804,-177.92188292734204,-178.45,PPO,Ant-v4,3
88705,reward,805,-207.51725856507665,-161.336,PPO,Ant-v4,3
88772,reward,806,-208.90206332798755,-152.812,PPO,Ant-v4,3
88815,reward,807,-155.0364748582926,-152.065,PPO,Ant-v4,3
88875,reward,808,-239.69719190300697,-152.048,PPO,Ant-v4,3
88887,reward,809,-43.71838314779169,-145.144,PPO,Ant-v4,3
88914,reward,810,-76.01812677899893,-133.322,PPO,Ant-v4,3
89027,reward,811,-324.0131505352597,-156.454,PPO,Ant-v4,3
90000,speed,1363.3,1.04,PPO,Ant-v4,3
90027,reward,812,-3295.712234500303,-476.535,PPO,Ant-v4,3
90112,loss,-0.06219042092561722,11.336030006408691,PPO,Ant-v4,3
90191,reward,813,-621.790286167213,-535.033,PPO,Ant-v4,3
90232,reward,814,-158.0159301425869,-533.042,PPO,Ant-v4,3
90282,reward,815,-157.38697087226237,-528.029,PPO,Ant-v4,3
90339,reward,816,-168.375236369505,-523.976,PPO,Ant-v4,3
90555,reward,817,-645.8354819134921,-573.056,PPO,Ant-v4,3
90573,reward,818,-62.217503135472484,-555.308,PPO,Ant-v4,3
90717,reward,819,-473.15894965234094,-598.252,PPO,Ant-v4,3
90737,reward,820,-85.34014129136163,-599.185,PPO,Ant-v4,3
90775,reward,821,-119.47643890449478,-578.731,PPO,Ant-v4,3
90840,reward,822,-169.55362905718314,-266.115,PPO,Ant-v4,3
90932,reward,823,-298.63791561614903,-233.8,PPO,Ant-v4,3
90995,reward,824,-169.4707921727275,-234.945,PPO,Ant-v4,3
91068,reward,825,-258.2147267352776,-245.028,PPO,Ant-v4,3
91093,reward,826,-56.18357892422557,-233.809,PPO,Ant-v4,3
91212,reward,827,-461.0506366714059,-215.33,PPO,Ant-v4,3
91232,reward,828,-51.35600400342469,-214.244,PPO,Ant-v4,3
91278,reward,829,-163.3599318291439,-183.264,PPO,Ant-v4,3
91294,reward,830,-37.67849237623575,-178.498,PPO,Ant-v4,3
91364,reward,831,-241.34524578551947,-190.685,PPO,Ant-v4,3
91454,reward,832,-279.54412417086564,-201.684,PPO,Ant-v4,3
91496,reward,833,-161.32743468154183,-187.953,PPO,Ant-v4,3
91581,reward,834,-252.09667013227352,-196.216,PPO,Ant-v4,3
91641,reward,835,-227.46041879795595,-193.14,PPO,Ant-v4,3
91692,reward,836,-194.9664696085139,-207.019,PPO,Ant-v4,3
92692,reward,837,-3367.4362983347023,-497.657,PPO,Ant-v4,3
92744,reward,838,-222.7361909475315,-514.795,PPO,Ant-v4,3
92777,reward,839,-124.58888785748447,-510.918,PPO,Ant-v4,3
92922,reward,840,-483.4659884496873,-555.497,PPO,Ant-v4,3
92939,reward,841,-63.05255858677882,-537.668,PPO,Ant-v4,3
93004,reward,842,-240.27868273604142,-533.741,PPO,Ant-v4,3
93027,reward,843,-69.7247194674008,-524.581,PPO,Ant-v4,3
93069,reward,844,-101.68030177840728,-509.539,PPO,Ant-v4,3
93189,reward,845,-377.6107229880451,-524.554,PPO,Ant-v4,3
93213,reward,846,-90.9458089837304,-514.152,PPO,Ant-v4,3
93268,reward,847,-216.89225540290198,-199.098,PPO,Ant-v4,3
93313,reward,848,-109.95152430136875,-187.819,PPO,Ant-v4,3
93327,reward,849,-36.65170450830357,-179.025,PPO,Ant-v4,3
93346,reward,850,-74.29076647612789,-138.108,PPO,Ant-v4,3
93522,reward,851,-523.5671437359138,-184.159,PPO,Ant-v4,3
93660,reward,852,-434.6104070002692,-203.593,PPO,Ant-v4,3
93692,reward,853,-72.19007663836459,-203.839,PPO,Ant-v4,3
93741,reward,854,-127.80453546419957,-206.451,PPO,Ant-v4,3
93790,reward,855,-190.15999825492742,-187.706,PPO,Ant-v4,3
93827,reward,856,-106.22467010577553,-189.234,PPO,Ant-v4,3
93873,reward,857,-158.72293389960961,-183.417,PPO,Ant-v4,3
93894,reward,858,-50.24317836272143,-177.447,PPO,Ant-v4,3
93917,reward,859,-109.56734192638875,-184.738,PPO,Ant-v4,3
93956,reward,860,-132.03609335161008,-190.513,PPO,Ant-v4,3
94091,reward,861,-434.977925029135,-181.654,PPO,Ant-v4,3
94211,reward,862,-490.95668762587,-187.288,PPO,Ant-v4,3
94247,reward,863,-111.81321532022308,-191.251,PPO,Ant-v4,3
94283,reward,864,-113.67576979379251,-189.838,PPO,Ant-v4,3
94316,reward,865,-118.28694455678901,-182.65,PPO,Ant-v4,3
94343,reward,866,-85.38042648277835,-180.566,PPO,Ant-v4,3
94371,reward,867,-97.24805218132865,-174.419,PPO,Ant-v4,3
94516,reward,868,-476.3076425127384,-217.025,PPO,Ant-v4,3
94558,reward,869,-117.9670153931731,-217.865,PPO,Ant-v4,3
94618,reward,870,-199.04445514551074,-224.566,PPO,Ant-v4,3
94661,reward,871,-129.63959457006294,-194.032,PPO,Ant-v4,3
94791,reward,872,-423.8420407390821,-187.321,PPO,Ant-v4,3
94834,reward,873,-152.55946342834937,-191.395,PPO,Ant-v4,3
94855,reward,874,-75.56066666317803,-187.584,PPO,Ant-v4,3
94900,reward,875,-148.73213174783263,-190.628,PPO,Ant-v4,3
94950,reward,876,-198.85236719954293,-201.975,PPO,Ant-v4,3
94989,reward,877,-152.70953263072857,-207.521,PPO,Ant-v4,3
95015,reward,878,-69.3896024768204,-166.83,PPO,Ant-v4,3
95078,reward,879,-260.0877041369621,-181.042,PPO,Ant-v4,3
95122,reward,880,-163.31597180219543,-177.469,PPO,Ant-v4,3
95157,reward,881,-126.22676933209576,-177.128,PPO,Ant-v4,3
95226,reward,882,-155.69236798767358,-150.313,PPO,Ant-v4,3
95258,reward,883,-103.7280509359052,-145.43,PPO,Ant-v4,3
95282,reward,884,-69.0516082564177,-144.779,PPO,Ant-v4,3
95307,reward,885,-101.66066992827142,-140.071,PPO,Ant-v4,3
95331,reward,886,-71.99205218668749,-127.385,PPO,Ant-v4,3
95376,reward,887,-188.2190081708824,-130.936,PPO,Ant-v4,3
95393,reward,888,-44.08615587440112,-128.406,PPO,Ant-v4,3
95456,reward,889,-224.12186640317913,-124.809,PPO,Ant-v4,3
95474,reward,890,-64.10474447527712,-114.888,PPO,Ant-v4,3
95535,reward,891,-156.64189052527496,-117.93,PPO,Ant-v4,3
95555,reward,892,-51.08541153290517,-107.469,PPO,Ant-v4,3
95634,reward,893,-260.2580136618645,-123.122,PPO,Ant-v4,3
95676,reward,894,-133.12952390676287,-129.53,PPO,Ant-v4,3
96676,reward,895,-3317.5079977146074,-451.115,PPO,Ant-v4,3
96701,reward,896,-91.60948342141124,-453.076,PPO,Ant-v4,3
96790,reward,897,-391.71293952910304,-473.426,PPO,Ant-v4,3
96884,reward,898,-336.3851094371442,-502.656,PPO,Ant-v4,3
96974,reward,899,-270.18572937820966,-507.262,PPO,Ant-v4,3
97073,reward,900,-370.19534539397597,-537.871,PPO,Ant-v4,3
97091,reward,901,-81.4041491812512,-530.347,PPO,Ant-v4,3
97123,reward,902,-56.9577899890935,-530.935,PPO,Ant-v4,3
97134,reward,903,-41.39177397917867,-509.048,PPO,Ant-v4,3
97185,reward,904,-183.85564732532652,-514.121,PPO,Ant-v4,3
97245,reward,905,-147.24182166222192,-197.094,PPO,Ant-v4,3
97270,reward,906,-119.74054400124854,-199.907,PPO,Ant-v4,3
97308,reward,907,-141.81648863202642,-174.917,PPO,Ant-v4,3
97354,reward,908,-181.73938003462945,-159.453,PPO,Ant-v4,3
97367,reward,909,-46.03239222659609,-137.038,PPO,Ant-v4,3
97458,reward,910,-275.1132956634087,-127.529,PPO,Ant-v4,3
97504,reward,911,-179.1978657964018,-137.309,PPO,Ant-v4,3
97526,reward,912,-68.88199091924484,-138.501,PPO,Ant-v4,3
97574,reward,913,-179.7794180242515,-152.34,PPO,Ant-v4,3
97610,reward,914,-101.71667402040566,-144.126,PPO,Ant-v4,3
97641,reward,915,-95.68648034957197,-138.97,PPO,Ant-v4,3
97666,reward,916,-73.06046697798224,-134.302,PPO,Ant-v4,3
97693,reward,917,-79.17931725295074,-128.039,PPO,Ant-v4,3
97745,reward,918,-184.38693068135663,-128.303,PPO,Ant-v4,3
97783,reward,919,-153.83316733951344,-139.084,PPO,Ant-v4,3
97819,reward,920,-113.96295793340038,-122.969,PPO,Ant-v4,3
97837,reward,921,-52.60178090193227,-110.309,PPO,Ant-v4,3
97909,reward,922,-236.03205736643554,-127.024,PPO,Ant-v4,3
97948,reward,923,-108.44848270350874,-119.891,PPO,Ant-v4,3
97983,reward,924,-111.27137678404576,-120.846,PPO,Ant-v4,3
98014,reward,925,-70.8856528778555,-118.366,PPO,Ant-v4,3
98089,reward,926,-280.4645826861218,-139.107,PPO,Ant-v4,3
98133,reward,927,-101.51530111349439,-141.34,PPO,Ant-v4,3
98168,reward,928,-86.51173337706534,-131.553,PPO,Ant-v4,3
98183,reward,929,-49.94487946655318,-121.164,PPO,Ant-v4,3
98209,reward,930,-54.91947821199326,-115.26,PPO,Ant-v4,3
98266,reward,931,-115.45639045958546,-121.545,PPO,Ant-v4,3
98292,reward,932,-62.89555390732587,-104.231,PPO,Ant-v4,3
98302,reward,933,-35.38535579919138,-96.925,PPO,Ant-v4,3
98304,loss,-0.0796561986207962,14.090096473693848,PPO,Ant-v4,3
98457,reward,934,-519.4010022461841,-137.738,PPO,Ant-v4,3
98471,reward,935,-51.553988943939224,-135.805,PPO,Ant-v4,3
98536,reward,936,-217.6392267612748,-129.522,PPO,Ant-v4,3
98559,reward,937,-60.57070530723019,-125.428,PPO,Ant-v4,3
98585,reward,938,-90.83246537733997,-125.86,PPO,Ant-v4,3
98620,reward,939,-94.00136804693291,-130.266,PPO,Ant-v4,3
98650,reward,940,-81.95583918596719,-132.969,PPO,Ant-v4,3
98805,reward,941,-544.7336237208544,-175.897,PPO,Ant-v4,3
98835,reward,942,-58.7166001323802,-175.479,PPO,Ant-v4,3
98879,reward,943,-109.98676893270779,-182.939,PPO,Ant-v4,3
98887,reward,944,-30.055130187958127,-134.005,PPO,Ant-v4,3
98924,reward,945,-93.1118259313343,-138.16,PPO,Ant-v4,3
98960,reward,946,-99.3146307641753,-126.328,PPO,Ant-v4,3
98978,reward,947,-72.64944890506489,-127.536,PPO,Ant-v4,3
99067,reward,948,-298.40877342003944,-148.293,PPO,Ant-v4,3
99093,reward,949,-86.01828308135751,-147.495,PPO,Ant-v4,3
99136,reward,950,-184.13921741062916,-157.713,PPO,Ant-v4,3
99223,reward,951,-277.8369401778018,-131.024,PPO,Ant-v4,3
99265,reward,952,-152.0981349058451,-140.362,PPO,Ant-v4,3
99284,reward,953,-21.68225790476369,-131.531,PPO,Ant-v4,3
99298,reward,954,-56.171736472396866,-134.143,PPO,Ant-v4,3
99345,reward,955,-166.23602647471267,-141.456,PPO,Ant-v4,3
99418,reward,956,-238.2431584037975,-155.348,PPO,Ant-v4,3
99434,reward,957,-57.69707782230625,-153.853,PPO,Ant-v4,3
99530,reward,958,-244.1761841114798,-148.43,PPO,Ant-v4,3
99551,reward,959,-90.22796090778195,-148.851,PPO,Ant-v4,3
99610,reward,960,-155.52846505840915,-145.99,PPO,Ant-v4,3
100000,speed,1420.26,1.15,PPO,Ant-v4,3
100610,reward,961,-3344.736373517757,-452.68,PPO,Ant-v4,3
100679,reward,962,-210.19583601211218,-458.49,PPO,Ant-v4,3
100692,reward,963,-34.22727918312972,-459.744,PPO,Ant-v4,3
100705,reward,964,-42.916106225532175,-458.418,PPO,Ant-v4,3
100871,reward,965,-436.0684944661019,-485.402,PPO,Ant-v4,3
100892,reward,966,-86.93843115715633,-470.271,PPO,Ant-v4,3
100968,reward,967,-210.75216267895223,-485.577,PPO,Ant-v4,3
100987,reward,968,-55.40542755139961,-466.7,PPO,Ant-v4,3
101000,reward,969,-41.86854041359507,-461.864,PPO,Ant-v4,3
101087,reward,970,-249.39629495408977,-471.25,PPO,Ant-v4,3
101122,reward,971,-122.18961751348364,-148.996,PPO,Ant-v4,3
101147,reward,972,-66.60318928160694,-134.637,PPO,Ant-v4,3
101295,reward,973,-365.7054950211769,-167.784,PPO,Ant-v4,3
101327,reward,974,-117.02869954096008,-175.196,PPO,Ant-v4,3
101368,reward,975,-139.97426200711837,-145.586,PPO,Ant-v4,3
101396,reward,976,-102.4581231622177,-147.138,PPO,Ant-v4,3
101444,reward,977,-94.80570025023809,-135.544,PPO,Ant-v4,3
102444,reward,978,-3232.9165076964973,-453.295,PPO,Ant-v4,3
102458,reward,979,-58.29484587316242,-454.937,PPO,Ant-v4,3
102469,reward,980,-30.443174102809348,-433.042,PPO,Ant-v4,3
102508,reward,981,-111.55687014143199,-431.979,PPO,Ant-v4,3
102537,reward,982,-141.24145051933328,-439.443,PPO,Ant-v4,3
102598,reward,983,-198.7753339387259,-422.749,PPO,Ant-v4,3
102708,reward,984,-309.7718716979038,-442.024,PPO,Ant-v4,3
102797,reward,985,-282.98148127721413,-456.325,PPO,Ant-v4,3
102835,reward,986,-113.93302187692763,-457.472,PPO,Ant-v4,3
102848,reward,987,-47.854109044650485,-452.777,PPO,Ant-v4,3
102914,reward,988,-232.60920018364806,-152.746,PPO,Ant-v4,3
102932,reward,989,-55.01287427752407,-152.418,PPO,Ant-v4,3
102965,reward,990,-122.12878084116889,-161.586,PPO,Ant-v4,3
103060,reward,991,-300.3541259285851,-180.466,PPO,Ant-v4,3
103070,reward,992,-48.65505562965443,-171.208,PPO,Ant-v4,3
103080,reward,993,-32.40252893571152,-154.57,PPO,Ant-v4,3
103100,reward,994,-91.29088003491316,-132.722,PPO,Ant-v4,3
103181,reward,995,-285.6782538618168,-132.992,PPO,Ant-v4,3
103234,reward,996,-196.9640914638942,-141.295,PPO,Ant-v4,3
103312,reward,997,-276.69432811627314,-164.179,PPO,Ant-v4,3
103322,reward,998,-37.089885924600836,-144.627,PPO,Ant-v4,3
103379,reward,999,-150.76635874321144,-154.202,PPO,Ant-v4,3
103492,reward,1000,-471.50980685486394,-189.141,PPO,Ant-v4,3
103509,reward,1001,-61.17785208964411,-165.223,PPO,Ant-v4,3
103728,reward,1002,-780.2315124598665,-238.381,PPO,Ant-v4,3
103746,reward,1003,-67.32401469999954,-241.873,PPO,Ant-v4,3
103831,reward,1004,-342.88445775579186,-267.032,PPO,Ant-v4,3
103942,reward,1005,-371.6975722997904,-275.634,PPO,Ant-v4,3
103952,reward,1006,-30.4988791290291,-258.987,PPO,Ant-v4,3
104952,reward,1007,-3406.2493126930403,-571.943,PPO,Ant-v4,3
105051,reward,1008,-340.64018897364645,-602.298,PPO,Ant-v4,3
105131,reward,1009,-226.74370924471447,-609.896,PPO,Ant-v4,3
105260,reward,1010,-369.49866918558587,-599.695,PPO,Ant-v4,3
105289,reward,1011,-121.05131741467622,-605.682,PPO,Ant-v4,3
105341,reward,1012,-160.2723836615447,-543.686,PPO,Ant-v4,3
105359,reward,1013,-58.23886631406751,-542.778,PPO,Ant-v4,3
105532,reward,1014,-640.8088300887325,-572.57,PPO,Ant-v4,3
105633,reward,1015,-329.25936503893445,-568.326,PPO,Ant-v4,3
105681,reward,1016,-162.7100966995366,-581.547,PPO,Ant-v4,3
105722,reward,1017,-161.3960365935668,-257.062,PPO,Ant-v4,3
106496,loss,-0.06320073455572128,14.047469139099121,PPO,Ant-v4,3
106722,reward,1018,-3390.735144467339,-562.071,PPO,Ant-v4,3
106807,reward,1019,-261.3755501392835,-565.535,PPO,Ant-v4,3
106854,reward,1020,-199.63265049595634,-548.548,PPO,Ant-v4,3
106894,reward,1021,-115.94639793379434,-548.038,PPO,Ant-v4,3
106936,reward,1022,-126.26137457722194,-544.636,PPO,Ant-v4,3
107030,reward,1023,-312.49297313861,-570.062,PPO,Ant-v4,3
107147,reward,1024,-350.3863421780123,-541.02,PPO,Ant-v4,3
107189,reward,1025,-123.46022005464607,-520.44,PPO,Ant-v4,3
107207,reward,1026,-65.95198883546401,-510.764,PPO,Ant-v4,3
107229,reward,1027,-122.02118384846446,-506.826,PPO,Ant-v4,3
108229,reward,1028,-3241.439578111534,-491.897,PPO,Ant-v4,3
108240,reward,1029,-37.89022893644453,-469.548,PPO,Ant-v4,3
108254,reward,1030,-51.014255094711544,-454.686,PPO,Ant-v4,3
108312,reward,1031,-184.9763357997553,-461.589,PPO,Ant-v4,3
108334,reward,1032,-101.3563022794902,-459.099,PPO,Ant-v4,3
108420,reward,1033,-271.5354742306928,-455.003,PPO,Ant-v4,3
108447,reward,1034,-108.08941386081268,-430.773,PPO,Ant-v4,3
109420,reward,1035,-3261.638828197932,-744.591,PPO,Ant-v4,3
109530,reward,1036,-377.44442232470425,-775.741,PPO,Ant-v4,3
109541,reward,1037,-43.7094065628057,-767.909,PPO,Ant-v4,3
109564,reward,1038,-62.00198717697103,-449.966,PPO,Ant-v4,3
109581,reward,1039,-36.23828093395811,-449.8,PPO,Ant-v4,3
110000,speed,1419.66,1.27,PPO,Ant-v4,3
110581,reward,1040,-3203.629272954648,-765.062,PPO,Ant-v4,3
110616,reward,1041,-92.1875521278208,-755.783,PPO,Ant-v4,3
110645,reward,1042,-103.89801798431857,-756.037,PPO,Ant-v4,3
110686,reward,1043,-109.191217220971,-739.803,PPO,Ant-v4,3
110733,reward,1044,-108.5228347555981,-739.846,PPO,Ant-v4,3
110779,reward,1045,-140.5744160966346,-427.74,PPO,Ant-v4,3
110864,reward,1046,-271.42791384806594,-417.138,PPO,Ant-v4,3
110895,reward,1047,-96.12005946037057,-422.379,PPO,Ant-v4,3
110905,reward,1048,-28.918710926095073,-419.071,PPO,Ant-v4,3
110935,reward,1049,-97.30835870011651,-425.178,PPO,Ant-v4,3
110979,reward,1050,-145.1587246929972,-119.331,PPO,Ant-v4,3
110992,reward,1051,-40.28231293071848,-114.14,PPO,Ant-v4,3
111047,reward,1052,-149.88484181275422,-118.739,PPO,Ant-v4,3
111118,reward,1053,-208.68646793481057,-128.688,PPO,Ant-v4,3
112118,reward,1054,-3357.7911277495,-453.615,PPO,Ant-v4,3
112144,reward,1055,-78.65188813783293,-447.423,PPO,Ant-v4,3
112178,reward,1056,-86.98381340604315,-428.979,PPO,Ant-v4,3
113178,reward,1057,-3286.986004463693,-748.065,PPO,Ant-v4,3
113194,reward,1058,-39.20744277259324,-749.094,PPO,Ant-v4,3
113216,reward,1059,-85.95612655330228,-747.959,PPO,Ant-v4,3
113270,reward,1060,-184.8600781995627,-751.929,PPO,Ant-v4,3
113296,reward,1061,-83.20677869820872,-756.221,PPO,Ant-v4,3
113321,reward,1062,-92.16055926592725,-750.449,PPO,Ant-v4,3
113373,reward,1063,-179.16933127838257,-747.497,PPO,Ant-v4,3
113400,reward,1064,-62.666833606334585,-417.985,PPO,Ant-v4,3
113478,reward,1065,-298.034649140735,-439.923,PPO,Ant-v4,3
113505,reward,1066,-85.52234268719627,-439.777,PPO,Ant-v4,3
113524,reward,1067,-61.52505775729527,-117.231,PPO,Ant-v4,3
113692,reward,1068,-490.5393761653287,-162.364,PPO,Ant-v4,3
113715,reward,1069,-64.30617529582085,-160.199,PPO,Ant-v4,3
114688,loss,-0.06864422559738159,12.382336616516113,PPO,Ant-v4,3
114715,reward,1070,-3344.472900899423,-476.16,PPO,Ant-v4,3
114730,reward,1071,-43.62672743100704,-472.202,PPO,Ant-v4,3
114781,reward,1072,-158.26590083218682,-478.813,PPO,Ant-v4,3
115781,reward,1073,-3310.95080803692,-791.991,PPO,Ant-v4,3
115804,reward,1074,-106.66583095243091,-796.391,PPO,Ant-v4,3
115815,reward,1075,-41.41652606055948,-770.729,PPO,Ant-v4,3
115834,reward,1076,-75.85046315505168,-769.762,PPO,Ant-v4,3
115850,reward,1077,-48.59597285643604,-768.469,PPO,Ant-v4,3
115892,reward,1078,-145.75896959944237,-733.991,PPO,Ant-v4,3
116000,reward,1079,-350.03134194276277,-762.564,PPO,Ant-v4,3
116013,reward,1080,-39.30785773873477,-432.047,PPO,Ant-v4,3
116085,reward,1081,-247.4609013364482,-452.43,PPO,Ant-v4,3
116132,reward,1082,-106.43447288244045,-447.247,PPO,Ant-v4,3
116156,reward,1083,-82.73611676555404,-124.426,PPO,Ant-v4,3
116181,reward,1084,-75.17422731380714,-121.277,PPO,Ant-v4,3
116211,reward,1085,-84.04101037443355,-125.539,PPO,Ant-v4,3
117211,reward,1086,-3268.7333444380406,-444.827,PPO,Ant-v4,3
117240,reward,1087,-113.68721005428999,-451.337,PPO,Ant-v4,3
117346,reward,1088,-314.3543799938636,-468.196,PPO,Ant-v4,3
117378,reward,1089,-131.6644112395412,-446.359,PPO,Ant-v4,3
117414,reward,1090,-106.25590802278238,-453.054,PPO,Ant-v4,3
117429,reward,1091,-45.802435827801766,-432.888,PPO,Ant-v4,3
117491,reward,1092,-237.1412935946466,-445.959,PPO,Ant-v4,3
117541,reward,1093,-180.15646013098433,-455.701,PPO,Ant-v4,3
117631,reward,1094,-279.41296540718963,-476.125,PPO,Ant-v4,3
117650,reward,1095,-54.24494197864453,-473.145,PPO,Ant-v4,3
117660,reward,1096,-31.136563668134002,-149.386,PPO,Ant-v4,3
117682,reward,1097,-69.4127211977846,-144.958,PPO,Ant-v4,3
117698,reward,1098,-73.01227155649481,-120.824,PPO,Ant-v4,3
117822,reward,1099,-369.67574122395297,-144.625,PPO,Ant-v4,3
117888,reward,1100,-214.9054112450937,-155.49,PPO,Ant-v4,3
117957,reward,1101,-221.87512326188377,-173.097,PPO,Ant-v4,3
117990,reward,1102,-113.07155276106182,-160.69,PPO,Ant-v4,3
118881,reward,1103,-2968.3747302809816,-439.512,PPO,Ant-v4,3
118922,reward,1104,-168.63522660313234,-428.434,PPO,Ant-v4,3
118980,reward,1105,-145.14894853791196,-437.525,PPO,Ant-v4,3
119021,reward,1106,-118.85782089540018,-446.297,PPO,Ant-v4,3
119039,reward,1107,-50.59276325789166,-444.415,PPO,Ant-v4,3
119068,reward,1108,-102.63109630806052,-447.377,PPO,Ant-v4,3
119094,reward,1109,-57.716533133176746,-416.181,PPO,Ant-v4,3
119164,reward,1110,-205.76461809854342,-415.267,PPO,Ant-v4,3
119190,reward,1111,-112.11652792796289,-404.291,PPO,Ant-v4,3
119239,reward,1112,-175.0440170097404,-410.488,PPO,Ant-v4,3
119255,reward,1113,-54.71738561054281,-119.122,PPO,Ant-v4,3
119270,reward,1114,-55.63188118518054,-107.822,PPO,Ant-v4,3
119311,reward,1115,-141.27757416579476,-107.435,PPO,Ant-v4,3
119346,reward,1116,-101.84698681215437,-105.734,PPO,Ant-v4,3
119387,reward,1117,-161.12529706248569,-116.787,PPO,Ant-v4,3
119425,reward,1118,-150.095684086876,-121.534,PPO,Ant-v4,3
119492,reward,1119,-221.64735207046076,-137.927,PPO,Ant-v4,3
119612,reward,1120,-374.8272605813686,-154.833,PPO,Ant-v4,3
119625,reward,1121,-44.36237960294026,-148.058,PPO,Ant-v4,3
119646,reward,1122,-69.27651024066138,-137.481,PPO,Ant-v4,3
119672,reward,1123,-96.3486771618441,-141.644,PPO,Ant-v4,3
119701,reward,1124,-97.13737397722849,-145.795,PPO,Ant-v4,3
119797,reward,1125,-325.7669500931181,-164.243,PPO,Ant-v4,3
119817,reward,1126,-58.73642859598852,-159.932,PPO,Ant-v4,3
119860,reward,1127,-136.10417879170262,-157.43,PPO,Ant-v4,3
119906,reward,1128,-181.37003728924466,-160.558,PPO,Ant-v4,3
119931,reward,1129,-57.57724234169917,-144.151,PPO,Ant-v4,3
120000,speed,1374.74,1.39,PPO,Ant-v4,3
120048,reward,1130,-351.3361611208983,-141.802,PPO,Ant-v4,3
120068,reward,1131,-90.4640021990284,-146.412,PPO,Ant-v4,3
120123,reward,1132,-180.27010569857924,-157.511,PPO,Ant-v4,3
120136,reward,1133,-55.88058400421768,-153.464,PPO,Ant-v4,3
121136,reward,1134,-3345.938087339805,-478.344,PPO,Ant-v4,3
121180,reward,1135,-153.13041820112835,-461.081,PPO,Ant-v4,3
121212,reward,1136,-86.31958251414156,-463.839,PPO,Ant-v4,3
121270,reward,1137,-141.62535421886048,-464.391,PPO,Ant-v4,3
121297,reward,1138,-90.00182544649319,-455.254,PPO,Ant-v4,3
121342,reward,1139,-147.33192438919477,-464.23,PPO,Ant-v4,3
121371,reward,1140,-94.81567483366656,-438.578,PPO,Ant-v4,3
121421,reward,1141,-187.38397678490182,-448.27,PPO,Ant-v4,3
121468,reward,1142,-178.36112257305533,-448.079,PPO,Ant-v4,3
121572,reward,1143,-289.6869149233204,-471.459,PPO,Ant-v4,3
121592,reward,1144,-60.39121691879413,-142.905,PPO,Ant-v4,3
121632,reward,1145,-120.97630293577257,-139.689,PPO,Ant-v4,3
121920,reward,1146,-946.2549325646515,-225.683,PPO,Ant-v4,3
121951,reward,1147,-93.13990849746304,-220.834,PPO,Ant-v4,3
121972,reward,1148,-52.55123539955076,-217.089,PPO,Ant-v4,3
122131,reward,1149,-582.0460875928071,-260.561,PPO,Ant-v4,3
122689,reward,1150,-1794.6658518815111,-430.546,PPO,Ant-v4,3
122719,reward,1151,-109.1962711891137,-422.727,PPO,Ant-v4,3
122762,reward,1152,-127.3845653278204,-417.629,PPO,Ant-v4,3
122788,reward,1153,-74.77125941314338,-396.138,PPO,Ant-v4,3
122880,loss,-0.06328876316547394,11.166712760925293,PPO,Ant-v4,3
123788,reward,1154,-3299.9182630682144,-720.09,PPO,Ant-v4,3
123847,reward,1155,-174.90371886140568,-725.483,PPO,Ant-v4,3
123947,reward,1156,-304.9927312541027,-661.357,PPO,Ant-v4,3
123988,reward,1157,-113.40551786851071,-663.384,PPO,Ant-v4,3
124047,reward,1158,-211.68001216396203,-679.296,PPO,Ant-v4,3
124091,reward,1159,-148.97014628185093,-635.989,PPO,Ant-v4,3
124175,reward,1160,-261.43239209400855,-482.665,PPO,Ant-v4,3
125175,reward,1161,-3251.8274548905883,-796.929,PPO,Ant-v4,3
125210,reward,1162,-86.69151309317584,-792.859,PPO,Ant-v4,3
125225,reward,1163,-50.474880451701075,-790.43,PPO,Ant-v4,3
125277,reward,1164,-138.3575817960176,-474.274,PPO,Ant-v4,3
125297,reward,1165,-59.72683163249981,-462.756,PPO,Ant-v4,3
125321,reward,1166,-87.96250349387637,-441.053,PPO,Ant-v4,3
125343,reward,1167,-68.79617014296821,-436.592,PPO,Ant-v4,3
125449,reward,1168,-339.1874849638191,-449.343,PPO,Ant-v4,3
125473,reward,1169,-73.2774091899217,-441.773,PPO,Ant-v4,3
125544,reward,1170,-205.3711698140666,-436.167,PPO,Ant-v4,3
125564,reward,1171,-79.99456947919492,-118.984,PPO,Ant-v4,3
125605,reward,1172,-137.35502688396127,-124.05,PPO,Ant-v4,3
125613,reward,1173,-31.10290079730165,-122.113,PPO,Ant-v4,3
125630,reward,1174,-49.52516350265779,-113.23,PPO,Ant-v4,3
125676,reward,1175,-135.7020729746731,-120.827,PPO,Ant-v4,3
125696,reward,1176,-75.34315968702707,-119.566,PPO,Ant-v4,3
125726,reward,1177,-99.73280577036422,-122.659,PPO,Ant-v4,3
125744,reward,1178,-53.539764835050214,-94.094,PPO,Ant-v4,3
125780,reward,1179,-140.66385037814533,-100.833,PPO,Ant-v4,3
125881,reward,1180,-298.0726441686311,-110.103,PPO,Ant-v4,3
125924,reward,1181,-149.23715914025328,-117.027,PPO,Ant-v4,3
125956,reward,1182,-117.59308868573618,-115.051,PPO,Ant-v4,3
125979,reward,1183,-65.95302701596381,-118.536,PPO,Ant-v4,3
126005,reward,1184,-131.06841566022618,-126.691,PPO,Ant-v4,3
127005,reward,1185,-3322.573923548436,-445.378,PPO,Ant-v4,3
127045,reward,1186,-128.81265290175517,-450.725,PPO,Ant-v4,3
127083,reward,1187,-97.52430291517827,-450.504,PPO,Ant-v4,3
127120,reward,1188,-116.38188607635158,-456.788,PPO,Ant-v4,3
127143,reward,1189,-50.223167357390125,-447.744,PPO,Ant-v4,3
127178,reward,1190,-130.6494479450434,-431.002,PPO,Ant-v4,3
127331,reward,1191,-439.0048407324819,-459.978,PPO,Ant-v4,3
127364,reward,1192,-106.60688229733269,-458.88,PPO,Ant-v4,3
127380,reward,1193,-49.829160470287775,-457.267,PPO,Ant-v4,3
127391,reward,1194,-33.543121441217906,-447.515,PPO,Ant-v4,3
127436,reward,1195,-148.43954985310057,-130.102,PPO,Ant-v4,3
127463,reward,1196,-81.89574411828985,-125.41,PPO,Ant-v4,3
127480,reward,1197,-51.58332375397568,-120.816,PPO,Ant-v4,3
127574,reward,1198,-302.7255262500344,-139.45,PPO,Ant-v4,3
127597,reward,1199,-55.737310573170824,-140.001,PPO,Ant-v4,3
127723,reward,1200,-390.8041447766452,-166.017,PPO,Ant-v4,3
127736,reward,1201,-63.53500680671222,-128.47,PPO,Ant-v4,3
127863,reward,1202,-428.02621619952845,-160.612,PPO,Ant-v4,3
127882,reward,1203,-81.01876725321824,-163.731,PPO,Ant-v4,3
127905,reward,1204,-56.91820360570477,-166.068,PPO,Ant-v4,3
127967,reward,1205,-156.17233001847745,-166.842,PPO,Ant-v4,3
127987,reward,1206,-59.66430347289119,-164.619,PPO,Ant-v4,3
128069,reward,1207,-271.2687177839663,-186.587,PPO,Ant-v4,3
128113,reward,1208,-139.03346267719138,-170.218,PPO,Ant-v4,3
128175,reward,1209,-222.64073203592505,-186.908,PPO,Ant-v4,3
128187,reward,1210,-40.08272537701543,-151.836,PPO,Ant-v4,3
128198,reward,1211,-42.69868639674384,-149.752,PPO,Ant-v4,3
128208,reward,1212,-45.74535776187779,-111.524,PPO,Ant-v4,3
128291,reward,1213,-264.4893405107269,-129.871,PPO,Ant-v4,3
128302,reward,1214,-40.80183539446264,-128.26,PPO,Ant-v4,3
129302,reward,1215,-3306.584048703906,-443.301,PPO,Ant-v4,3
129351,reward,1216,-106.10398298860721,-447.945,PPO,Ant-v4,3
129389,reward,1217,-150.51073117592588,-435.869,PPO,Ant-v4,3
129406,reward,1218,-51.30630761738964,-427.096,PPO,Ant-v4,3
129451,reward,1219,-158.60146874194444,-420.692,PPO,Ant-v4,3
129473,reward,1220,-86.42863591748814,-425.327,PPO,Ant-v4,3
129545,reward,1221,-219.53155988575614,-443.01,PPO,Ant-v4,3
129588,reward,1222,-119.21091408317614,-450.357,PPO,Ant-v4,3
129633,reward,1223,-187.82837146543474,-442.691,PPO,Ant-v4,3
129683,reward,1224,-130.33724643841256,-451.644,PPO,Ant-v4,3
129732,reward,1225,-187.1839472647189,-139.704,PPO,Ant-v4,3
130000,speed,1312.54,1.52,PPO,Ant-v4,3
130732,reward,1226,-3299.4972269731084,-459.044,PPO,Ant-v4,3
130771,reward,1227,-112.0296264492702,-455.196,PPO,Ant-v4,3
130839,reward,1228,-190.28107427744618,-469.093,PPO,Ant-v4,3
130870,reward,1229,-75.83031134191582,-460.816,PPO,Ant-v4,3
130890,reward,1230,-74.80630988799508,-459.654,PPO,Ant-v4,3
131034,reward,1231,-454.0417414191247,-483.105,PPO,Ant-v4,3
131056,reward,1232,-87.73824876990467,-479.957,PPO,Ant-v4,3
131072,loss,-0.06520120799541473,10.952093124389648,PPO,Ant-v4,3
131073,reward,1233,-66.08519586592368,-467.783,PPO,Ant-v4,3
131165,reward,1234,-362.4423130532763,-490.994,PPO,Ant-v4,3
131275,reward,1235,-398.6274567209346,-512.138,PPO,Ant-v4,3
131446,reward,1236,-543.3516315072441,-236.523,PPO,Ant-v4,3
131469,reward,1237,-75.70280723736099,-232.891,PPO,Ant-v4,3
131495,reward,1238,-88.27610955784417,-222.69,PPO,Ant-v4,3
131518,reward,1239,-103.37581613495189,-225.445,PPO,Ant-v4,3
131529,reward,1240,-45.205285708845736,-222.485,PPO,Ant-v4,3
131552,reward,1241,-69.81387752758815,-184.062,PPO,Ant-v4,3
131656,reward,1242,-375.30241865330675,-212.818,PPO,Ant-v4,3
131689,reward,1243,-100.02125181509136,-216.212,PPO,Ant-v4,3
131750,reward,1244,-229.2938669946003,-202.897,PPO,Ant-v4,3
131758,reward,1245,-27.23645397135564,-165.758,PPO,Ant-v4,3
131824,reward,1246,-197.87602979692556,-131.21,PPO,Ant-v4,3
131878,reward,1247,-187.4348091957923,-142.384,PPO,Ant-v4,3
131890,reward,1248,-40.70145582808654,-137.626,PPO,Ant-v4,3
131930,reward,1249,-191.735515308375,-146.462,PPO,Ant-v4,3
131971,reward,1250,-112.55762728392284,-153.197,PPO,Ant-v4,3
131984,reward,1251,-40.518979006795185,-150.268,PPO,Ant-v4,3
132030,reward,1252,-140.0708692085882,-126.745,PPO,Ant-v4,3
132070,reward,1253,-146.63889641909927,-131.406,PPO,Ant-v4,3
132141,reward,1254,-237.59041709622397,-132.236,PPO,Ant-v4,3
132153,reward,1255,-36.28297793746519,-133.141,PPO,Ant-v4,3
132170,reward,1256,-64.48095567766113,-119.801,PPO,Ant-v4,3
132192,reward,1257,-90.0511139442844,-110.063,PPO,Ant-v4,3
132207,reward,1258,-46.384785577286586,-110.631,PPO,Ant-v4,3
132230,reward,1259,-93.75628147432415,-100.833,PPO,Ant-v4,3
132256,reward,1260,-105.11339474402858,-100.089,PPO,Ant-v4,3
132890,reward,1261,-2096.937294587189,-305.731,PPO,Ant-v4,3
132977,reward,1262,-233.8256768414445,-315.106,PPO,Ant-v4,3
133011,reward,1263,-129.9723240290079,-313.44,PPO,Ant-v4,3
133066,reward,1264,-168.9890470862202,-306.579,PPO,Ant-v4,3
133108,reward,1265,-142.0261901928728,-317.154,PPO,Ant-v4,3
133206,reward,1266,-344.434345649629,-345.149,PPO,Ant-v4,3
133295,reward,1267,-271.2786708145652,-363.272,PPO,Ant-v4,3
133310,reward,1268,-66.54866816150596,-365.288,PPO,Ant-v4,3
133319,reward,1269,-18.26064847026928,-357.739,PPO,Ant-v4,3
133347,reward,1270,-93.79147033736396,-356.606,PPO,Ant-v4,3
133539,reward,1271,-607.7418885592899,-207.687,PPO,Ant-v4,3
133609,reward,1272,-224.13139097420694,-206.717,PPO,Ant-v4,3
133620,reward,1273,-36.79983542445328,-197.4,PPO,Ant-v4,3
133634,reward,1274,-46.90315100079993,-185.192,PPO,Ant-v4,3
134634,reward,1275,-3425.148913287853,-513.504,PPO,Ant-v4,3
134660,reward,1276,-73.28493891627872,-486.389,PPO,Ant-v4,3
134714,reward,1277,-180.7233514218766,-477.333,PPO,Ant-v4,3
134733,reward,1278,-73.83791027556072,-478.062,PPO,Ant-v4,3
134772,reward,1279,-151.2620148125208,-491.362,PPO,Ant-v4,3
134797,reward,1280,-60.73778601972308,-488.057,PPO,Ant-v4,3
134819,reward,1281,-81.72981763764237,-435.456,PPO,Ant-v4,3
134858,reward,1282,-159.89661685712645,-429.032,PPO,Ant-v4,3
134893,reward,1283,-134.5177159867456,-438.804,PPO,Ant-v4,3
135008,reward,1284,-325.15688619861777,-466.63,PPO,Ant-v4,3
135057,reward,1285,-164.39543258467887,-140.554,PPO,Ant-v4,3
136057,reward,1286,-3268.6621375598816,-460.092,PPO,Ant-v4,3
136092,reward,1287,-112.21164654404117,-453.241,PPO,Ant-v4,3
136109,reward,1288,-48.070271105665334,-450.664,PPO,Ant-v4,3
136194,reward,1289,-309.1434573304121,-466.452,PPO,Ant-v4,3
136221,reward,1290,-87.44976744217583,-469.123,PPO,Ant-v4,3
136250,reward,1291,-88.90828209486062,-469.841,PPO,Ant-v4,3
136304,reward,1292,-159.82879602089722,-469.834,PPO,Ant-v4,3
136323,reward,1293,-56.59057691737473,-462.042,PPO,Ant-v4,3
136340,reward,1294,-44.10356209800089,-433.936,PPO,Ant-v4,3
136385,reward,1295,-121.22819483375656,-429.62,PPO,Ant-v4,3
136468,reward,1296,-280.0817858766787,-130.762,PPO,Ant-v4,3
136493,reward,1297,-83.15128434093677,-127.856,PPO,Ant-v4,3
136511,reward,1298,-32.880810696095494,-126.337,PPO,Ant-v4,3
136528,reward,1299,-66.78983289654285,-102.101,PPO,Ant-v4,3
136605,reward,1300,-203.0817874152566,-113.664,PPO,Ant-v4,3
136765,reward,1301,-487.16156648066794,-153.49,PPO,Ant-v4,3
136798,reward,1302,-94.39264280623948,-146.946,PPO,Ant-v4,3
136887,reward,1303,-331.237207664746,-174.411,PPO,Ant-v4,3
136919,reward,1304,-117.75627978468766,-181.776,PPO,Ant-v4,3
136967,reward,1305,-147.41619389297526,-184.395,PPO,Ant-v4,3
137007,reward,1306,-146.50367097581304,-171.037,PPO,Ant-v4,3
137020,reward,1307,-30.057634741330723,-165.728,PPO,Ant-v4,3
137053,reward,1308,-133.5389845248347,-175.794,PPO,Ant-v4,3
137067,reward,1309,-47.720329751456866,-173.887,PPO,Ant-v4,3
137132,reward,1310,-187.16268002895126,-172.295,PPO,Ant-v4,3
137177,reward,1311,-146.8584818781266,-138.264,PPO,Ant-v4,3
137220,reward,1312,-154.98571389115236,-144.324,PPO,Ant-v4,3
137248,reward,1313,-96.64997996550323,-120.865,PPO,Ant-v4,3
137339,reward,1314,-301.62355933333293,-139.252,PPO,Ant-v4,3
137379,reward,1315,-108.04641121441857,-135.315,PPO,Ant-v4,3
137412,reward,1316,-106.90482136259516,-131.355,PPO,Ant-v4,3
137454,reward,1317,-127.16626130382123,-141.066,PPO,Ant-v4,3
137469,reward,1318,-37.25917977569173,-131.438,PPO,Ant-v4,3
137558,reward,1319,-279.7515144042009,-154.641,PPO,Ant-v4,3
137597,reward,1320,-142.39717522373473,-150.164,PPO,Ant-v4,3
137623,reward,1321,-93.63583330946453,-144.842,PPO,Ant-v4,3
137652,reward,1322,-72.19278653300186,-136.563,PPO,Ant-v4,3
137734,reward,1323,-334.8541783572296,-160.383,PPO,Ant-v4,3
137765,reward,1324,-73.62994578337278,-137.584,PPO,Ant-v4,3
137892,reward,1325,-467.6407068103211,-173.543,PPO,Ant-v4,3
137917,reward,1326,-55.060666603514946,-168.359,PPO,Ant-v4,3
137934,reward,1327,-68.88379670500716,-162.531,PPO,Ant-v4,3
138934,reward,1328,-3277.9044251159903,-486.595,PPO,Ant-v4,3
138951,reward,1329,-43.447516055003376,-462.965,PPO,Ant-v4,3
138997,reward,1330,-158.92673067147837,-464.618,PPO,Ant-v4,3
139035,reward,1331,-128.16492868781626,-468.071,PPO,Ant-v4,3
139072,reward,1332,-100.07879463271234,-470.859,PPO,Ant-v4,3
139141,reward,1333,-239.444439226891,-461.318,PPO,Ant-v4,3
139215,reward,1334,-219.81558445644913,-475.937,PPO,Ant-v4,3
139241,reward,1335,-76.80077182825526,-436.853,PPO,Ant-v4,3
139264,loss,-0.07588338851928711,14.326560974121094,PPO,Ant-v4,3
139267,reward,1336,-98.36238560756792,-441.183,PPO,Ant-v4,3
139420,reward,1337,-624.594645168349,-496.754,PPO,Ant-v4,3
139443,reward,1338,-41.20996237735009,-173.085,PPO,Ant-v4,3
139465,reward,1339,-69.44398792293649,-175.684,PPO,Ant-v4,3
139566,reward,1340,-369.7473683627583,-196.766,PPO,Ant-v4,3
139587,reward,1341,-76.89841881251061,-191.64,PPO,Ant-v4,3
139603,reward,1342,-44.92089346209262,-186.124,PPO,Ant-v4,3
139619,reward,1343,-45.65108665616415,-166.745,PPO,Ant-v4,3
139636,reward,1344,-47.19651023789304,-149.483,PPO,Ant-v4,3
139679,reward,1345,-134.5091716720755,-155.253,PPO,Ant-v4,3
139711,reward,1346,-156.48063249043219,-161.065,PPO,Ant-v4,3
139736,reward,1347,-93.17297046986357,-107.923,PPO,Ant-v4,3
139779,reward,1348,-166.90681848730216,-120.493,PPO,Ant-v4,3
139823,reward,1349,-165.15158547065246,-130.064,PPO,Ant-v4,3
139847,reward,1350,-64.10462132441357,-99.499,PPO,Ant-v4,3
139867,reward,1351,-52.14738035864966,-97.024,PPO,Ant-v4,3
139893,reward,1352,-73.5276456049236,-99.885,PPO,Ant-v4,3
140000,speed,1197.59,1.66,PPO,Ant-v4,3
140893,reward,1353,-3253.1810553214723,-420.638,PPO,Ant-v4,3
140956,reward,1354,-159.75502790598117,-431.894,PPO,Ant-v4,3
140991,reward,1355,-85.30812794706904,-426.974,PPO,Ant-v4,3
141010,reward,1356,-43.398785400619545,-415.665,PPO,Ant-v4,3
141022,reward,1357,-44.51831491105986,-410.8,PPO,Ant-v4,3
141033,reward,1358,-43.742393946074436,-398.483,PPO,Ant-v4,3
141065,reward,1359,-79.06564458188305,-389.875,PPO,Ant-v4,3
141084,reward,1360,-100.30272754642576,-393.495,PPO,Ant-v4,3
141137,reward,1361,-181.67328881914995,-406.447,PPO,Ant-v4,3
141181,reward,1362,-138.24904419858817,-412.919,PPO,Ant-v4,3
141227,reward,1363,-129.45439341318306,-100.547,PPO,Ant-v4,3
141241,reward,1364,-40.166433750707185,-88.588,PPO,Ant-v4,3
141290,reward,1365,-91.08807824495037,-89.166,PPO,Ant-v4,3
141333,reward,1366,-121.03558140809022,-96.93,PPO,Ant-v4,3
141345,reward,1367,-40.88986150584394,-96.567,PPO,Ant-v4,3
141369,reward,1368,-63.973436665444545,-98.59,PPO,Ant-v4,3
141385,reward,1369,-60.36323422564619,-96.72,PPO,Ant-v4,3
141459,reward,1370,-235.5358357396239,-110.243,PPO,Ant-v4,3
141479,reward,1371,-44.415648994359685,-96.517,PPO,Ant-v4,3
141492,reward,1372,-37.403193785142854,-86.433,PPO,Ant-v4,3
141549,reward,1373,-193.914090869388,-92.879,PPO,Ant-v4,3
141594,reward,1374,-154.0466450145113,-104.267,PPO,Ant-v4,3
141643,reward,1375,-112.15380743669319,-106.373,PPO,Ant-v4,3
141674,reward,1376,-94.8424354613653,-103.754,PPO,Ant-v4,3
141688,reward,1377,-37.29014314201273,-103.394,PPO,Ant-v4,3
141721,reward,1378,-82.28228970944845,-105.225,PPO,Ant-v4,3
142721,reward,1379,-3349.077531748377,-434.096,PPO,Ant-v4,3
142761,reward,1380,-88.67681258604757,-419.41,PPO,Ant-v4,3
142812,reward,1381,-158.56955093632828,-430.826,PPO,Ant-v4,3
142831,reward,1382,-84.54643886919077,-435.54,PPO,Ant-v4,3
142849,reward,1383,-78.14176187574303,-423.963,PPO,Ant-v4,3
143849,reward,1384,-3245.662028872583,-733.124,PPO,Ant-v4,3
143914,reward,1385,-184.51564892649398,-740.36,PPO,Ant-v4,3
143925,reward,1386,-34.87403503088549,-734.364,PPO,Ant-v4,3
143984,reward,1387,-209.0399251414455,-751.539,PPO,Ant-v4,3
144011,reward,1388,-108.15867454983845,-754.126,PPO,Ant-v4,3
144051,reward,1389,-174.92123048388814,-436.711,PPO,Ant-v4,3
144071,reward,1390,-39.956904890847284,-431.839,PPO,Ant-v4,3
144201,reward,1391,-425.8917835318341,-458.571,PPO,Ant-v4,3
144228,reward,1392,-107.63389233098151,-460.88,PPO,Ant-v4,3
144270,reward,1393,-117.3167813724075,-464.797,PPO,Ant-v4,3
145270,reward,1394,-3610.791158578101,-501.31,PPO,Ant-v4,3
145344,reward,1395,-238.15309072111052,-506.674,PPO,Ant-v4,3
145363,reward,1396,-69.18972225702584,-510.105,PPO,Ant-v4,3
145429,reward,1397,-223.5223032558843,-511.554,PPO,Ant-v4,3
145483,reward,1398,-174.30622385794595,-518.168,PPO,Ant-v4,3
145562,reward,1399,-363.25901037220416,-537.002,PPO,Ant-v4,3
145602,reward,1400,-147.71313884461821,-547.778,PPO,Ant-v4,3
146602,reward,1401,-3360.246410036317,-841.213,PPO,Ant-v4,3
146645,reward,1402,-183.55501981375758,-848.805,PPO,Ant-v4,3
146669,reward,1403,-71.86479745955197,-844.26,PPO,Ant-v4,3
146686,reward,1404,-59.57164652983909,-489.138,PPO,Ant-v4,3
146698,reward,1405,-52.451304758514354,-470.568,PPO,Ant-v4,3
146776,reward,1406,-206.2383382452367,-484.273,PPO,Ant-v4,3
146795,reward,1407,-58.119526481082225,-467.733,PPO,Ant-v4,3
147456,loss,-0.05996653065085411,12.421457290649414,PPO,Ant-v4,3
147795,reward,1408,-3220.9433768580443,-772.396,PPO,Ant-v4,3
147813,reward,1409,-45.36191447036482,-740.607,PPO,Ant-v4,3
147919,reward,1410,-407.79781175102136,-766.615,PPO,Ant-v4,3
147962,reward,1411,-152.68590294749814,-445.859,PPO,Ant-v4,3
147989,reward,1412,-78.73147394029708,-435.377,PPO,Ant-v4,3
148000,reward,1413,-37.53836157846139,-431.944,PPO,Ant-v4,3
148015,reward,1414,-62.085465255244905,-432.195,PPO,Ant-v4,3
148100,reward,1415,-230.65205068745368,-450.015,PPO,Ant-v4,3
148114,reward,1416,-47.71326872791586,-434.163,PPO,Ant-v4,3
148147,reward,1417,-129.42678232553533,-441.294,PPO,Ant-v4,3
148186,reward,1418,-136.9626693040217,-132.896,PPO,Ant-v4,3
148244,reward,1419,-154.48156314235823,-143.808,PPO,Ant-v4,3
148262,reward,1420,-30.4995971459186,-106.078,PPO,Ant-v4,3
148275,reward,1421,-42.23765918436078,-95.033,PPO,Ant-v4,3
148310,reward,1422,-104.38282492285573,-97.598,PPO,Ant-v4,3
148325,reward,1423,-65.34346120008337,-100.379,PPO,Ant-v4,3
148360,reward,1424,-87.92378249372126,-102.962,PPO,Ant-v4,3
148373,reward,1425,-57.425261345304506,-85.64,PPO,Ant-v4,3
148438,reward,1426,-189.41597927731644,-99.81,PPO,Ant-v4,3
148566,reward,1427,-413.0731424195253,-128.175,PPO,Ant-v4,3
148596,reward,1428,-95.49023268873044,-124.027,PPO,Ant-v4,3
148622,reward,1429,-84.04345475582653,-116.984,PPO,Ant-v4,3
148719,reward,1430,-344.4954176196064,-148.383,PPO,Ant-v4,3
148815,reward,1431,-327.74293889061784,-176.934,PPO,Ant-v4,3
148831,reward,1432,-49.298264720056856,-171.425,PPO,Ant-v4,3
148896,reward,1433,-226.53775028007888,-187.545,PPO,Ant-v4,3
148974,reward,1434,-294.0700000395871,-208.159,PPO,Ant-v4,3
148987,reward,1435,-58.23139518666525,-208.24,PPO,Ant-v4,3
149002,reward,1436,-57.88507572162424,-195.087,PPO,Ant-v4,3
149047,reward,1437,-165.20520519910548,-170.3,PPO,Ant-v4,3
149089,reward,1438,-174.10726823018305,-178.162,PPO,Ant-v4,3
149145,reward,1439,-131.18872333443466,-182.876,PPO,Ant-v4,3
149167,reward,1440,-80.08532520253766,-156.435,PPO,Ant-v4,3
149222,reward,1441,-131.88252418488017,-136.849,PPO,Ant-v4,3
149233,reward,1442,-32.33130971166072,-135.152,PPO,Ant-v4,3
149249,reward,1443,-51.38840009925397,-117.638,PPO,Ant-v4,3
149300,reward,1444,-172.87714916500465,-105.518,PPO,Ant-v4,3
149351,reward,1445,-148.05611359126033,-114.501,PPO,Ant-v4,3
149422,reward,1446,-195.67834190128235,-128.28,PPO,Ant-v4,3
149435,reward,1447,-36.677018103736266,-115.427,PPO,Ant-v4,3
149481,reward,1448,-145.2000280979327,-112.536,PPO,Ant-v4,3
149563,reward,1449,-230.84296203176487,-122.502,PPO,Ant-v4,3
149674,reward,1450,-330.5464066784429,-147.548,PPO,Ant-v4,3
149698,reward,1451,-56.99728077701227,-140.06,PPO,Ant-v4,3
149753,reward,1452,-207.43001595090342,-157.569,PPO,Ant-v4,3
149812,reward,1453,-190.31430181681034,-171.462,PPO,Ant-v4,3
149968,reward,1454,-500.38046173790315,-204.212,PPO,Ant-v4,3
149986,reward,1455,-71.70098751741959,-196.577,PPO,Ant-v4,3
150000,speed,1244.63,1.79,PPO,Ant-v4,3
150020,reward,1456,-120.02637485641772,-189.012,PPO,Ant-v4,3
150061,reward,1457,-83.28657615988166,-193.673,PPO,Ant-v4,3
150073,reward,1458,-36.47150068300762,-182.8,PPO,Ant-v4,3
150085,reward,1459,-46.20796149400043,-164.336,PPO,Ant-v4,3
150113,reward,1460,-95.8094200429376,-140.862,PPO,Ant-v4,3
150134,reward,1461,-79.84444526276013,-143.147,PPO,Ant-v4,3
150176,reward,1462,-160.2585653500287,-138.43,PPO,Ant-v4,3
150471,reward,1463,-984.2876384630173,-217.827,PPO,Ant-v4,3
150534,reward,1464,-217.4347625978767,-189.533,PPO,Ant-v4,3
150601,reward,1465,-211.32549512927477,-203.495,PPO,Ant-v4,3
150624,reward,1466,-71.53953841490457,-198.647,PPO,Ant-v4,3
150674,reward,1467,-130.773465048481,-203.395,PPO,Ant-v4,3
150684,reward,1468,-31.65881533054667,-202.914,PPO,Ant-v4,3
150745,reward,1469,-188.38396687384784,-217.132,PPO,Ant-v4,3
150840,reward,1470,-261.0235939158775,-233.653,PPO,Ant-v4,3
150877,reward,1471,-129.7489846183855,-238.643,PPO,Ant-v4,3
150897,reward,1472,-72.65512101026546,-229.883,PPO,Ant-v4,3
150951,reward,1473,-227.83333748997637,-154.238,PPO,Ant-v4,3
150991,reward,1474,-130.54832474858966,-145.549,PPO,Ant-v4,3
151040,reward,1475,-97.20548490890144,-134.137,PPO,Ant-v4,3
152040,reward,1476,-3178.0674950215007,-444.79,PPO,Ant-v4,3
152054,reward,1477,-42.13720381343105,-435.926,PPO,Ant-v4,3
152080,reward,1478,-66.46591569785357,-439.407,PPO,Ant-v4,3
153080,reward,1479,-3299.3038162093035,-750.499,PPO,Ant-v4,3
153143,reward,1480,-238.81300577530934,-748.278,PPO,Ant-v4,3
153238,reward,1481,-363.42347503288823,-771.645,PPO,Ant-v4,3
153316,reward,1482,-233.95258582537852,-787.775,PPO,Ant-v4,3
153376,reward,1483,-233.52240807770855,-788.344,PPO,Ant-v4,3
153441,reward,1484,-231.2499204046396,-798.414,PPO,Ant-v4,3
153465,reward,1485,-82.37652501669362,-796.931,PPO,Ant-v4,3
153546,reward,1486,-342.25128025468143,-513.35,PPO,Ant-v4,3
153581,reward,1487,-137.62901163867588,-522.899,PPO,Ant-v4,3
153713,reward,1488,-456.4940405122884,-561.902,PPO,Ant-v4,3
153743,reward,1489,-93.76248839624981,-241.347,PPO,Ant-v4,3
153827,reward,1490,-318.5318808927067,-249.319,PPO,Ant-v4,3
153848,reward,1491,-70.6149050603238,-220.039,PPO,Ant-v4,3
154848,reward,1492,-3309.7550370690446,-527.619,PPO,Ant-v4,3
154904,reward,1493,-191.3670430320982,-523.403,PPO,Ant-v4,3
154946,reward,1494,-194.55167339977572,-519.733,PPO,Ant-v4,3
154985,reward,1495,-87.9570384831148,-520.291,PPO,Ant-v4,3
155059,reward,1496,-228.1913858144029,-508.885,PPO,Ant-v4,3
155648,loss,-0.06586427986621857,11.550345420837402,PPO,Ant-v4,3
156059,reward,1497,-3389.913581383455,-834.114,PPO,Ant-v4,3
156154,reward,1498,-320.8734893682463,-820.552,PPO,Ant-v4,3
156168,reward,1499,-43.78826108290601,-815.554,PPO,Ant-v4,3
156193,reward,1500,-68.2045800501389,-790.522,PPO,Ant-v4,3
156224,reward,1501,-56.861602469301666,-789.146,PPO,Ant-v4,3
156233,reward,1502,-33.582752434198795,-461.529,PPO,Ant-v4,3
156290,reward,1503,-193.68674410150774,-461.761,PPO,Ant-v4,3
156308,reward,1504,-68.7948693138382,-449.185,PPO,Ant-v4,3
156354,reward,1505,-143.84761101696452,-454.774,PPO,Ant-v4,3
156418,reward,1506,-247.51505298558973,-456.707,PPO,Ant-v4,3
156439,reward,1507,-48.53979685496551,-122.569,PPO,Ant-v4,3
156455,reward,1508,-50.14041647573514,-95.496,PPO,Ant-v4,3
156531,reward,1509,-242.47695262997223,-115.365,PPO,Ant-v4,3
156553,reward,1510,-87.20855263529288,-117.265,PPO,Ant-v4,3
156675,reward,1511,-355.04431197611274,-147.084,PPO,Ant-v4,3
156705,reward,1512,-102.27552919261984,-153.953,PPO,Ant-v4,3
157705,reward,1513,-3366.1028788615595,-471.195,PPO,Ant-v4,3
157739,reward,1514,-83.80913601272272,-472.696,PPO,Ant-v4,3
157774,reward,1515,-108.83952611983217,-469.195,PPO,Ant-v4,3
157838,reward,1516,-176.6218915444606,-462.106,PPO,Ant-v4,3
157853,reward,1517,-33.23724589330281,-460.576,PPO,Ant-v4,3
157866,reward,1518,-33.5494408607931,-458.917,PPO,Ant-v4,3
157959,reward,1519,-312.8792775487791,-465.957,PPO,Ant-v4,3
158007,reward,1520,-157.49314002666813,-472.985,PPO,Ant-v4,3
158045,reward,1521,-120.8791334195827,-449.569,PPO,Ant-v4,3
159045,reward,1522,-3270.520895256216,-766.393,PPO,Ant-v4,3
159070,reward,1523,-85.61073986062434,-438.344,PPO,Ant-v4,3
159150,reward,1524,-245.10403199718925,-454.474,PPO,Ant-v4,3
159211,reward,1525,-213.4892608916298,-464.939,PPO,Ant-v4,3
159248,reward,1526,-140.66228663685902,-461.343,PPO,Ant-v4,3
159286,reward,1527,-105.77769933746544,-468.597,PPO,Ant-v4,3
159324,reward,1528,-118.64307095480561,-477.106,PPO,Ant-v4,3
159411,reward,1529,-307.5234403885849,-476.57,PPO,Ant-v4,3
159475,reward,1530,-218.42952910801787,-482.664,PPO,Ant-v4,3
159495,reward,1531,-66.22939763327874,-477.199,PPO,Ant-v4,3
159517,reward,1532,-75.60280798395941,-157.707,PPO,Ant-v4,3
159649,reward,1533,-466.47149728252265,-195.793,PPO,Ant-v4,3
159675,reward,1534,-97.26230931729187,-181.009,PPO,Ant-v4,3
159731,reward,1535,-177.55220808990708,-177.415,PPO,Ant-v4,3
159752,reward,1536,-77.1525891804014,-171.064,PPO,Ant-v4,3
159777,reward,1537,-69.03830928336978,-167.391,PPO,Ant-v4,3
159811,reward,1538,-108.77599763594668,-166.404,PPO,Ant-v4,3
160000,speed,1338.37,1.92,PPO,Ant-v4,3
160811,reward,1539,-3261.1989919258995,-461.771,PPO,Ant-v4,3
160866,reward,1540,-145.1520064504045,-454.444,PPO,Ant-v4,3
160898,reward,1541,-105.03056433700216,-458.324,PPO,Ant-v4,3
160915,reward,1542,-49.100418243081364,-455.673,PPO,Ant-v4,3
161016,reward,1543,-346.1819538766243,-443.645,PPO,Ant-v4,3
161032,reward,1544,-42.95496402824736,-438.214,PPO,Ant-v4,3
161067,reward,1545,-100.74662956567013,-430.533,PPO,Ant-v4,3
161114,reward,1546,-94.04431846687952,-432.222,PPO,Ant-v4,3
161176,reward,1547,-246.90363047209792,-450.009,PPO,Ant-v4,3
161207,reward,1548,-84.79340274325081,-447.611,PPO,Ant-v4,3
161234,reward,1549,-82.93551096518198,-129.784,PPO,Ant-v4,3
161347,reward,1550,-290.5997009490966,-144.329,PPO,Ant-v4,3
161416,reward,1551,-157.43109359409942,-149.569,PPO,Ant-v4,3
161515,reward,1552,-334.9245350227741,-178.152,PPO,Ant-v4,3
161546,reward,1553,-120.8517047471935,-155.619,PPO,Ant-v4,3
161597,reward,1554,-167.67325923497305,-168.09,PPO,Ant-v4,3
161615,reward,1555,-54.72092679419184,-163.488,PPO,Ant-v4,3
161649,reward,1556,-130.51558013284287,-167.135,PPO,Ant-v4,3
161699,reward,1557,-115.98346119057939,-154.043,PPO,Ant-v4,3
161714,reward,1558,-44.329299310613784,-149.997,PPO,Ant-v4,3
161733,reward,1559,-60.31229440913151,-147.734,PPO,Ant-v4,3
161816,reward,1560,-294.2861740180918,-148.103,PPO,Ant-v4,3
161849,reward,1561,-132.41806856263864,-145.602,PPO,Ant-v4,3
161877,reward,1562,-50.239721834831045,-117.133,PPO,Ant-v4,3
161927,reward,1563,-154.91248008246234,-120.539,PPO,Ant-v4,3
161953,reward,1564,-83.36276815939827,-112.108,PPO,Ant-v4,3
161989,reward,1565,-108.7471603638835,-117.511,PPO,Ant-v4,3
162008,reward,1566,-68.29091152800255,-111.288,PPO,Ant-v4,3
162034,reward,1567,-70.94368109115558,-106.784,PPO,Ant-v4,3
162095,reward,1568,-195.27443129182288,-121.879,PPO,Ant-v4,3
162277,reward,1569,-643.4179879432266,-180.189,PPO,Ant-v4,3
162299,reward,1570,-99.84683052606826,-160.745,PPO,Ant-v4,3
162328,reward,1571,-114.87722649976334,-158.991,PPO,Ant-v4,3
162412,reward,1572,-267.31491836328865,-180.699,PPO,Ant-v4,3
162468,reward,1573,-166.597082179002,-181.867,PPO,Ant-v4,3
162519,reward,1574,-159.68295948112117,-189.499,PPO,Ant-v4,3
162548,reward,1575,-99.18330216998964,-188.543,PPO,Ant-v4,3
162591,reward,1576,-157.00988451462615,-197.415,PPO,Ant-v4,3
163591,reward,1577,-3345.7088656796527,-524.891,PPO,Ant-v4,3
163627,reward,1578,-140.12541193923423,-519.376,PPO,Ant-v4,3
163672,reward,1579,-154.18666458719835,-470.453,PPO,Ant-v4,3
163789,reward,1580,-402.7740013776969,-500.746,PPO,Ant-v4,3
163840,loss,-0.07016976922750473,15.061141014099121,PPO,Ant-v4,3
163901,reward,1581,-392.94311494378604,-528.553,PPO,Ant-v4,3
163963,reward,1582,-183.9910523186744,-520.22,PPO,Ant-v4,3
163980,reward,1583,-63.865188457931666,-509.947,PPO,Ant-v4,3
164980,reward,1584,-3265.8236918963535,-820.561,PPO,Ant-v4,3
164995,reward,1585,-53.74154542038358,-816.017,PPO,Ant-v4,3
165011,reward,1586,-53.33554871413481,-805.65,PPO,Ant-v4,3
165043,reward,1587,-137.45348002747184,-484.824,PPO,Ant-v4,3
165188,reward,1588,-435.6154686972804,-514.373,PPO,Ant-v4,3
165278,reward,1589,-354.69994921050824,-534.424,PPO,Ant-v4,3
165330,reward,1590,-154.40561716895724,-509.587,PPO,Ant-v4,3
165363,reward,1591,-134.24925607058944,-483.718,PPO,Ant-v4,3
165389,reward,1592,-86.59008113863867,-473.978,PPO,Ant-v4,3
165459,reward,1593,-201.97135671260878,-487.789,PPO,Ant-v4,3
165580,reward,1594,-353.4066437877804,-196.547,PPO,Ant-v4,3
165596,reward,1595,-73.05447618547959,-198.478,PPO,Ant-v4,3
165644,reward,1596,-157.5734650563025,-208.902,PPO,Ant-v4,3
165694,reward,1597,-180.48103615084955,-213.205,PPO,Ant-v4,3
165719,reward,1598,-73.93126739479223,-177.036,PPO,Ant-v4,3
165761,reward,1599,-107.23130112868567,-152.289,PPO,Ant-v4,3
165804,reward,1600,-129.9115416913997,-149.84,PPO,Ant-v4,3
165854,reward,1601,-141.7352878853511,-150.589,PPO,Ant-v4,3
165868,reward,1602,-45.30693859559159,-146.46,PPO,Ant-v4,3
166868,reward,1603,-3387.7948616082494,-465.043,PPO,Ant-v4,3
166904,reward,1604,-125.67300882819623,-442.269,PPO,Ant-v4,3
166921,reward,1605,-62.55880590741177,-441.22,PPO,Ant-v4,3
166941,reward,1606,-54.8537291459231,-430.948,PPO,Ant-v4,3
166981,reward,1607,-87.69489496540936,-421.669,PPO,Ant-v4,3
167010,reward,1608,-123.13324261986382,-426.589,PPO,Ant-v4,3
167141,reward,1609,-405.7946518012517,-456.446,PPO,Ant-v4,3
167203,reward,1610,-155.06720652338893,-458.961,PPO,Ant-v4,3
167354,reward,1611,-440.0317952184137,-488.791,PPO,Ant-v4,3
167499,reward,1612,-502.7816200035723,-534.538,PPO,Ant-v4,3
168499,reward,1613,-3269.097671452268,-522.669,PPO,Ant-v4,3
168542,reward,1614,-164.96749049305265,-526.598,PPO,Ant-v4,3
168585,reward,1615,-85.9852049474172,-528.941,PPO,Ant-v4,3
168601,reward,1616,-50.187639561396765,-528.474,PPO,Ant-v4,3
168611,reward,1617,-22.354552132850777,-521.94,PPO,Ant-v4,3
168649,reward,1618,-141.79253479330157,-523.806,PPO,Ant-v4,3
168742,reward,1619,-267.6119927369136,-509.988,PPO,Ant-v4,3
168761,reward,1620,-60.03569732629259,-500.485,PPO,Ant-v4,3
168822,reward,1621,-198.67406980180482,-476.349,PPO,Ant-v4,3
168859,reward,1622,-137.63283696932794,-439.834,PPO,Ant-v4,3
168879,reward,1623,-57.585256196039,-118.683,PPO,Ant-v4,3
169879,reward,1624,-3316.488288830374,-433.835,PPO,Ant-v4,3
169889,reward,1625,-37.22812720043313,-428.959,PPO,Ant-v4,3
169932,reward,1626,-147.786198385308,-438.719,PPO,Ant-v4,3
170000,speed,1414.42,2.04,PPO,Ant-v4,3
170004,reward,1627,-252.5316956453416,-461.737,PPO,Ant-v4,3
170114,reward,1628,-401.6015640447418,-487.718,PPO,Ant-v4,3
170142,reward,1629,-101.38072312690659,-471.094,PPO,Ant-v4,3
170176,reward,1630,-136.21519324821654,-478.712,PPO,Ant-v4,3
170207,reward,1631,-120.6249830554923,-470.907,PPO,Ant-v4,3
170252,reward,1632,-171.5067293262545,-474.295,PPO,Ant-v4,3
170280,reward,1633,-64.36054960569908,-474.972,PPO,Ant-v4,3
170294,reward,1634,-48.584672058242475,-148.182,PPO,Ant-v4,3
170386,reward,1635,-322.5399478000045,-176.713,PPO,Ant-v4,3
170411,reward,1636,-67.6021988758084,-168.695,PPO,Ant-v4,3
170434,reward,1637,-59.29933757802597,-149.372,PPO,Ant-v4,3
170474,reward,1638,-87.55242807632699,-117.967,PPO,Ant-v4,3
170535,reward,1639,-231.53698322421474,-130.982,PPO,Ant-v4,3
170607,reward,1640,-268.57880228254106,-144.219,PPO,Ant-v4,3
170637,reward,1641,-113.60527990968887,-143.517,PPO,Ant-v4,3
170688,reward,1642,-162.84675280642347,-142.651,PPO,Ant-v4,3
170700,reward,1643,-50.4602971217303,-141.261,PPO,Ant-v4,3
170712,reward,1644,-38.920006278836766,-140.294,PPO,Ant-v4,3
171712,reward,1645,-3305.2007667285257,-438.56,PPO,Ant-v4,3
171740,reward,1646,-52.70453432702845,-437.071,PPO,Ant-v4,3
171811,reward,1647,-222.49980871015828,-453.391,PPO,Ant-v4,3
171839,reward,1648,-97.41082050438978,-454.376,PPO,Ant-v4,3
171869,reward,1649,-119.42153479141959,-443.165,PPO,Ant-v4,3
171901,reward,1650,-105.09158214479042,-426.816,PPO,Ant-v4,3
171952,reward,1651,-153.86154894167268,-430.842,PPO,Ant-v4,3
171991,reward,1652,-138.3595931608639,-428.393,PPO,Ant-v4,3
172032,loss,-0.07438313961029053,17.163469314575195,PPO,Ant-v4,3
172095,reward,1653,-340.35744325284116,-457.383,PPO,Ant-v4,3
172109,reward,1654,-43.03522290348702,-457.794,PPO,Ant-v4,3
172179,reward,1655,-249.43841272096464,-152.218,PPO,Ant-v4,3
172225,reward,1656,-147.3008608483431,-161.678,PPO,Ant-v4,3
172244,reward,1657,-55.51389871348971,-144.979,PPO,Ant-v4,3
172255,reward,1658,-46.00160683975979,-139.838,PPO,Ant-v4,3
172400,reward,1659,-550.6556968096816,-182.962,PPO,Ant-v4,3
172417,reward,1660,-58.18104606877359,-178.271,PPO,Ant-v4,3
172564,reward,1661,-429.0147415567004,-205.786,PPO,Ant-v4,3
172595,reward,1662,-95.22507761695647,-201.472,PPO,Ant-v4,3
172609,reward,1663,-35.4462502588273,-170.981,PPO,Ant-v4,3
173609,reward,1664,-3449.8098268352637,-511.659,PPO,Ant-v4,3
173655,reward,1665,-109.7500271798487,-497.69,PPO,Ant-v4,3
173680,reward,1666,-91.81427717753661,-492.141,PPO,Ant-v4,3
173713,reward,1667,-115.59389644146664,-498.149,PPO,Ant-v4,3
173769,reward,1668,-160.26491004538246,-509.576,PPO,Ant-v4,3
173786,reward,1669,-54.805169767245644,-459.991,PPO,Ant-v4,3
173799,reward,1670,-48.60116528236248,-459.033,PPO,Ant-v4,3
173895,reward,1671,-289.646893610595,-445.096,PPO,Ant-v4,3
173938,reward,1672,-147.01361487413558,-450.275,PPO,Ant-v4,3
174036,reward,1673,-333.37748248124126,-480.068,PPO,Ant-v4,3
174068,reward,1674,-99.90899370451221,-145.078,PPO,Ant-v4,3
174120,reward,1675,-178.48586233135273,-151.951,PPO,Ant-v4,3
174138,reward,1676,-80.71237905265089,-150.841,PPO,Ant-v4,3
174167,reward,1677,-60.85720528032662,-145.367,PPO,Ant-v4,3
174187,reward,1678,-55.29388092659884,-134.87,PPO,Ant-v4,3
174210,reward,1679,-74.44282384996282,-136.834,PPO,Ant-v4,3
174274,reward,1680,-276.5156397497509,-159.625,PPO,Ant-v4,3
174316,reward,1681,-146.14296520262207,-145.275,PPO,Ant-v4,3
174444,reward,1682,-373.8778231018787,-167.962,PPO,Ant-v4,3
174510,reward,1683,-215.2928799184903,-156.153,PPO,Ant-v4,3
174536,reward,1684,-59.783732526920915,-152.141,PPO,Ant-v4,3
174611,reward,1685,-263.0926093726914,-160.601,PPO,Ant-v4,3
175611,reward,1686,-3287.7034412995563,-481.3,PPO,Ant-v4,3
175643,reward,1687,-132.91355488875632,-488.506,PPO,Ant-v4,3
175703,reward,1688,-165.90236289368679,-499.567,PPO,Ant-v4,3
175802,reward,1689,-320.7183296784202,-524.194,PPO,Ant-v4,3
175820,reward,1690,-89.7377548467594,-505.517,PPO,Ant-v4,3
175937,reward,1691,-327.3471334863314,-523.637,PPO,Ant-v4,3
175966,reward,1692,-78.62183384788412,-494.111,PPO,Ant-v4,3
175990,reward,1693,-68.34025670171704,-479.416,PPO,Ant-v4,3
176020,reward,1694,-80.95572733454922,-481.533,PPO,Ant-v4,3
176191,reward,1695,-566.5411584206986,-511.878,PPO,Ant-v4,3
176215,reward,1696,-59.66394296196315,-189.074,PPO,Ant-v4,3
176229,reward,1697,-36.94682574839938,-179.478,PPO,Ant-v4,3
176336,reward,1698,-361.17877875699094,-199.005,PPO,Ant-v4,3
176379,reward,1699,-131.21550237322546,-180.055,PPO,Ant-v4,3
176389,reward,1700,-39.82076424818177,-175.063,PPO,Ant-v4,3
176417,reward,1701,-58.541827199521165,-148.183,PPO,Ant-v4,3
176466,reward,1702,-187.42088810021036,-159.063,PPO,Ant-v4,3
176547,reward,1703,-342.32218342921726,-186.461,PPO,Ant-v4,3
176592,reward,1704,-178.6190636334598,-196.227,PPO,Ant-v4,3
176615,reward,1705,-73.81378140746497,-146.954,PPO,Ant-v4,3
176632,reward,1706,-68.1806886575948,-147.806,PPO,Ant-v4,3
176646,reward,1707,-53.14253130113354,-149.426,PPO,Ant-v4,3
177646,reward,1708,-3495.058212830818,-462.814,PPO,Ant-v4,3
178646,reward,1709,-3395.386521870908,-789.231,PPO,Ant-v4,3
178720,reward,1710,-288.3393405091919,-814.083,PPO,Ant-v4,3
179720,reward,1711,-3311.6054445394334,-1139.389,PPO,Ant-v4,3
179743,reward,1712,-84.01480731601418,-1129.048,PPO,Ant-v4,3
179804,reward,1713,-236.92861800622245,-1118.509,PPO,Ant-v4,3
180000,speed,1258.66,2.17,PPO,Ant-v4,3
180224,loss,-0.08423609286546707,15.97214126586914,PPO,Ant-v4,3
180804,reward,1714,-3349.4271562721024,-1435.59,PPO,Ant-v4,3
180842,reward,1715,-129.2066581994789,-1441.129,PPO,Ant-v4,3
180881,reward,1716,-136.93168553245758,-1448.004,PPO,Ant-v4,3
180896,reward,1717,-79.30995463915771,-1450.621,PPO,Ant-v4,3
180960,reward,1718,-215.06835558084475,-1122.622,PPO,Ant-v4,3
181960,reward,1719,-3249.2580563182087,-1108.009,PPO,Ant-v4,3
181973,reward,1720,-46.14040520275891,-1083.789,PPO,Ant-v4,3
181983,reward,1721,-42.23624357980933,-756.852,PPO,Ant-v4,3
182033,reward,1722,-141.91513877132277,-762.642,PPO,Ant-v4,3
182045,reward,1723,-38.51864994914722,-742.801,PPO,Ant-v4,3
182097,reward,1724,-237.24120759793584,-431.583,PPO,Ant-v4,3
182123,reward,1725,-119.30938394662847,-430.593,PPO,Ant-v4,3
182136,reward,1726,-53.12845266082875,-422.213,PPO,Ant-v4,3
182204,reward,1727,-275.3164947693628,-441.813,PPO,Ant-v4,3
182237,reward,1728,-134.78726496138754,-433.785,PPO,Ant-v4,3
182260,reward,1729,-79.4282800692469,-116.802,PPO,Ant-v4,3
182275,reward,1730,-34.74500019446835,-115.663,PPO,Ant-v4,3
182311,reward,1731,-118.58525046383843,-123.298,PPO,Ant-v4,3
183269,reward,1732,-3273.808566651066,-436.487,PPO,Ant-v4,3
183345,reward,1733,-201.32900322006006,-452.768,PPO,Ant-v4,3
183368,reward,1734,-78.30065715484443,-436.874,PPO,Ant-v4,3
183536,reward,1735,-571.9805479046292,-482.141,PPO,Ant-v4,3
183660,reward,1736,-448.600465633064,-521.688,PPO,Ant-v4,3
183708,reward,1737,-179.26665723775494,-512.083,PPO,Ant-v4,3
183738,reward,1738,-86.15910239341243,-507.22,PPO,Ant-v4,3
183766,reward,1739,-98.73636600629239,-509.151,PPO,Ant-v4,3
183799,reward,1740,-128.89870003713537,-518.567,PPO,Ant-v4,3
183873,reward,1741,-260.8192301448573,-532.79,PPO,Ant-v4,3
183893,reward,1742,-65.75570828474658,-211.985,PPO,Ant-v4,3
183946,reward,1743,-127.11789232203914,-204.564,PPO,Ant-v4,3
183986,reward,1744,-143.85944281159772,-211.119,PPO,Ant-v4,3
184019,reward,1745,-154.55390447490632,-169.377,PPO,Ant-v4,3
185019,reward,1746,-3434.6344093730468,-467.98,PPO,Ant-v4,3
185038,reward,1747,-63.58742053652665,-456.412,PPO,Ant-v4,3
185096,reward,1748,-249.307274132638,-472.727,PPO,Ant-v4,3
185141,reward,1749,-189.05244982721098,-481.759,PPO,Ant-v4,3
185178,reward,1750,-77.08073146637045,-476.577,PPO,Ant-v4,3
185200,reward,1751,-48.613922215266015,-455.356,PPO,Ant-v4,3
185261,reward,1752,-166.08343758658148,-465.389,PPO,Ant-v4,3
185275,reward,1753,-49.00817642730033,-457.578,PPO,Ant-v4,3
185295,reward,1754,-95.10906528461211,-452.703,PPO,Ant-v4,3
185381,reward,1755,-269.65478767670584,-464.213,PPO,Ant-v4,3
185399,reward,1756,-67.80464817416532,-127.53,PPO,Ant-v4,3
185429,reward,1757,-109.0764523337242,-132.079,PPO,Ant-v4,3
185473,reward,1758,-130.1432625999252,-120.163,PPO,Ant-v4,3
185516,reward,1759,-153.8278914075741,-116.64,PPO,Ant-v4,3
185617,reward,1760,-341.2812304589836,-143.06,PPO,Ant-v4,3
185643,reward,1761,-91.2930754411216,-147.328,PPO,Ant-v4,3
185724,reward,1762,-183.04059741883637,-149.024,PPO,Ant-v4,3
185748,reward,1763,-94.05896878871518,-153.529,PPO,Ant-v4,3
185846,reward,1764,-298.65272313543295,-173.883,PPO,Ant-v4,3
185890,reward,1765,-188.31606750905289,-165.749,PPO,Ant-v4,3
185911,reward,1766,-59.664154262056776,-164.935,PPO,Ant-v4,3
185924,reward,1767,-47.348421881658396,-158.763,PPO,Ant-v4,3
185990,reward,1768,-184.28834837358707,-164.177,PPO,Ant-v4,3
186028,reward,1769,-154.47851549813203,-164.242,PPO,Ant-v4,3
186134,reward,1770,-314.12928162500725,-161.527,PPO,Ant-v4,3
186245,reward,1771,-331.46622940760335,-185.544,PPO,Ant-v4,3
186288,reward,1772,-147.23300037704388,-181.964,PPO,Ant-v4,3
186301,reward,1773,-46.56844078517914,-177.215,PPO,Ant-v4,3
186373,reward,1774,-271.74946489135874,-174.524,PPO,Ant-v4,3
186400,reward,1775,-69.10640013922719,-162.603,PPO,Ant-v4,3
186418,reward,1776,-68.25634396479404,-163.462,PPO,Ant-v4,3
186446,reward,1777,-75.21612043810333,-166.249,PPO,Ant-v4,3
186494,reward,1778,-142.50279703399087,-162.071,PPO,Ant-v4,3
186531,reward,1779,-124.06544940409432,-159.029,PPO,Ant-v4,3
186623,reward,1780,-325.33158149919154,-160.15,PPO,Ant-v4,3
186731,reward,1781,-414.89887347257945,-168.493,PPO,Ant-v4,3
186819,reward,1782,-244.29434117462324,-178.199,PPO,Ant-v4,3
186847,reward,1783,-82.50686987694542,-181.793,PPO,Ant-v4,3
186866,reward,1784,-70.40127891971277,-161.658,PPO,Ant-v4,3
186894,reward,1785,-99.62530559352572,-164.71,PPO,Ant-v4,3
186927,reward,1786,-129.5451764758441,-170.839,PPO,Ant-v4,3
187036,reward,1787,-325.3040349419637,-195.848,PPO,Ant-v4,3
187053,reward,1788,-57.850616511812866,-187.382,PPO,Ant-v4,3
187081,reward,1789,-126.71893409335688,-187.648,PPO,Ant-v4,3
188081,reward,1790,-3423.5763930699636,-497.472,PPO,Ant-v4,3
188104,reward,1791,-107.2081202548493,-466.703,PPO,Ant-v4,3
188416,loss,-0.06932178139686584,10.33853816986084,PPO,Ant-v4,3
189104,reward,1792,-3287.3355730660014,-771.007,PPO,Ant-v4,3
189118,reward,1793,-29.932671294214405,-765.75,PPO,Ant-v4,3
189182,reward,1794,-235.31729281285573,-782.241,PPO,Ant-v4,3
189235,reward,1795,-158.014779261522,-788.08,PPO,Ant-v4,3
189339,reward,1796,-291.66695476984995,-804.293,PPO,Ant-v4,3
189354,reward,1797,-35.68539065197889,-775.331,PPO,Ant-v4,3
189389,reward,1798,-111.53429785805838,-780.699,PPO,Ant-v4,3
189444,reward,1799,-212.52713088621385,-789.28,PPO,Ant-v4,3
189476,reward,1800,-96.42068987921525,-456.564,PPO,Ant-v4,3
189497,reward,1801,-84.73859598752117,-454.317,PPO,Ant-v4,3
189509,reward,1802,-35.89667304790849,-129.173,PPO,Ant-v4,3
189541,reward,1803,-146.5494822578092,-140.835,PPO,Ant-v4,3
189585,reward,1804,-122.68516242937805,-129.572,PPO,Ant-v4,3
189637,reward,1805,-155.77361608063106,-129.348,PPO,Ant-v4,3
189672,reward,1806,-128.03510314095143,-112.985,PPO,Ant-v4,3
189738,reward,1807,-184.27067822426807,-127.843,PPO,Ant-v4,3
189798,reward,1808,-173.75532028353499,-134.065,PPO,Ant-v4,3
189856,reward,1809,-190.1355402522617,-131.826,PPO,Ant-v4,3
189902,reward,1810,-179.8134791319091,-140.165,PPO,Ant-v4,3
189930,reward,1811,-98.74694197496082,-141.566,PPO,Ant-v4,3
189952,reward,1812,-72.94649443845891,-145.271,PPO,Ant-v4,3
190000,speed,1350.63,2.29,PPO,Ant-v4,3
190006,reward,1813,-224.48620090259598,-153.065,PPO,Ant-v4,3
190152,reward,1814,-534.1667394103471,-194.213,PPO,Ant-v4,3
190189,reward,1815,-118.70713929036481,-190.506,PPO,Ant-v4,3
190322,reward,1816,-515.3877417725104,-229.242,PPO,Ant-v4,3
190370,reward,1817,-135.0638588731288,-224.321,PPO,Ant-v4,3
191370,reward,1818,-3354.160812653729,-542.361,PPO,Ant-v4,3
191396,reward,1819,-78.3036470672532,-531.178,PPO,Ant-v4,3
191435,reward,1820,-140.8707373281844,-527.284,PPO,Ant-v4,3
191451,reward,1821,-50.127735125598676,-522.422,PPO,Ant-v4,3
191477,reward,1822,-110.71135559824506,-526.199,PPO,Ant-v4,3
191493,reward,1823,-36.77887326991025,-507.428,PPO,Ant-v4,3
191511,reward,1824,-66.59088280139315,-460.67,PPO,Ant-v4,3
191570,reward,1825,-257.0479112603118,-474.504,PPO,Ant-v4,3
192570,reward,1826,-3454.3337757249024,-768.399,PPO,Ant-v4,3
192618,reward,1827,-109.7418767168752,-765.867,PPO,Ant-v4,3
192660,reward,1828,-139.24003644082396,-444.375,PPO,Ant-v4,3
192681,reward,1829,-88.86364975138264,-445.431,PPO,Ant-v4,3
192712,reward,1830,-101.19128569326821,-441.463,PPO,Ant-v4,3
192731,reward,1831,-69.26415168680319,-443.376,PPO,Ant-v4,3
192817,reward,1832,-306.8408975628551,-462.989,PPO,Ant-v4,3
192869,reward,1833,-196.22965153558135,-478.934,PPO,Ant-v4,3
192893,reward,1834,-61.91794199327517,-478.467,PPO,Ant-v4,3
192923,reward,1835,-98.46869897785176,-462.609,PPO,Ant-v4,3
192959,reward,1836,-151.40433827066556,-132.316,PPO,Ant-v4,3
193017,reward,1837,-203.75776419915783,-141.718,PPO,Ant-v4,3
193036,reward,1838,-75.49356730208771,-135.343,PPO,Ant-v4,3
193075,reward,1839,-113.1117752667012,-137.768,PPO,Ant-v4,3
193113,reward,1840,-93.51097647467334,-137.0,PPO,Ant-v4,3
193129,reward,1841,-58.467301535604335,-135.92,PPO,Ant-v4,3
193161,reward,1842,-94.1381138791483,-114.65,PPO,Ant-v4,3
193208,reward,1843,-123.35056320785732,-107.362,PPO,Ant-v4,3
193246,reward,1844,-150.8136404539393,-116.252,PPO,Ant-v4,3
193271,reward,1845,-84.25861310918788,-114.831,PPO,Ant-v4,3
193319,reward,1846,-150.55342991779983,-114.746,PPO,Ant-v4,3
193366,reward,1847,-119.87068596718571,-106.357,PPO,Ant-v4,3
193433,reward,1848,-191.03871366582257,-117.911,PPO,Ant-v4,3
193446,reward,1849,-32.64938205361906,-109.865,PPO,Ant-v4,3
193453,reward,1850,-22.152699254520243,-102.729,PPO,Ant-v4,3
193471,reward,1851,-62.79539695971703,-103.162,PPO,Ant-v4,3
193548,reward,1852,-328.8963423228508,-126.638,PPO,Ant-v4,3
193570,reward,1853,-64.73536849601658,-120.776,PPO,Ant-v4,3
193622,reward,1854,-156.02310188106918,-121.297,PPO,Ant-v4,3
193683,reward,1855,-202.38316007067746,-133.11,PPO,Ant-v4,3
193707,reward,1856,-108.51362105725227,-128.906,PPO,Ant-v4,3
194707,reward,1857,-3465.852014913673,-463.504,PPO,Ant-v4,3
194777,reward,1858,-248.31994661019627,-469.232,PPO,Ant-v4,3
194812,reward,1859,-101.8052791110242,-476.148,PPO,Ant-v4,3
194825,reward,1860,-46.912857199768695,-478.624,PPO,Ant-v4,3
195825,reward,1861,-3381.385766469204,-810.483,PPO,Ant-v4,3
195845,reward,1862,-63.31270561021361,-783.924,PPO,Ant-v4,3
195984,reward,1863,-454.4384247377819,-822.895,PPO,Ant-v4,3
195996,reward,1864,-53.396387014866775,-812.632,PPO,Ant-v4,3
196066,reward,1865,-193.55626411632767,-811.749,PPO,Ant-v4,3
196083,reward,1866,-76.25084089494456,-808.523,PPO,Ant-v4,3
196153,reward,1867,-251.82737004983352,-487.121,PPO,Ant-v4,3
196225,reward,1868,-206.9451594111997,-482.983,PPO,Ant-v4,3
196284,reward,1869,-184.98890745503698,-491.301,PPO,Ant-v4,3
196329,reward,1870,-131.9809607263236,-499.808,PPO,Ant-v4,3
196361,reward,1871,-95.80591507791036,-171.25,PPO,Ant-v4,3
196388,reward,1872,-93.78987444845683,-174.298,PPO,Ant-v4,3
196451,reward,1873,-246.14425295780117,-153.469,PPO,Ant-v4,3
196526,reward,1874,-266.58032296447396,-174.787,PPO,Ant-v4,3
196554,reward,1875,-83.06020591654406,-163.737,PPO,Ant-v4,3
196575,reward,1876,-83.81089263580806,-164.493,PPO,Ant-v4,3
196608,loss,-0.06202489882707596,14.38885498046875,PPO,Ant-v4,3
196624,reward,1877,-208.83432623985917,-160.194,PPO,Ant-v4,3
196710,reward,1878,-286.7286471099675,-168.172,PPO,Ant-v4,3
196745,reward,1879,-136.68639256455236,-163.342,PPO,Ant-v4,3
196787,reward,1880,-173.03709442650256,-167.448,PPO,Ant-v4,3
196815,reward,1881,-114.39245244280592,-169.306,PPO,Ant-v4,3
196866,reward,1882,-183.5500894120554,-178.282,PPO,Ant-v4,3
196901,reward,1883,-165.26065231917227,-170.194,PPO,Ant-v4,3
196922,reward,1884,-75.16448753342243,-151.053,PPO,Ant-v4,3
196947,reward,1885,-131.1233019789652,-155.859,PPO,Ant-v4,3
197043,reward,1886,-367.49739309528775,-184.227,PPO,Ant-v4,3
197072,reward,1887,-127.20504150823854,-176.065,PPO,Ant-v4,3
197094,reward,1888,-88.58863860205177,-156.251,PPO,Ant-v4,3
197114,reward,1889,-73.60745735194202,-149.943,PPO,Ant-v4,3
197189,reward,1890,-301.53709004870205,-162.793,PPO,Ant-v4,3
197228,reward,1891,-135.93353739571768,-164.947,PPO,Ant-v4,3
197254,reward,1892,-59.39021404679758,-152.531,PPO,Ant-v4,3
197272,reward,1893,-51.22286909141022,-141.127,PPO,Ant-v4,3
198272,reward,1894,-3554.929385045569,-489.103,PPO,Ant-v4,3
198344,reward,1895,-206.31504854653753,-496.623,PPO,Ant-v4,3
198373,reward,1896,-71.09315847953033,-466.982,PPO,Ant-v4,3
198390,reward,1897,-57.37235119526166,-459.999,PPO,Ant-v4,3
198432,reward,1898,-151.60502199911278,-466.301,PPO,Ant-v4,3
198449,reward,1899,-38.70176640360044,-462.81,PPO,Ant-v4,3
199449,reward,1900,-3449.0593579765273,-777.562,PPO,Ant-v4,3
199462,reward,1901,-43.34523331356869,-768.303,PPO,Ant-v4,3
199507,reward,1902,-195.81881925131222,-781.946,PPO,Ant-v4,3
199561,reward,1903,-237.10089803383372,-800.534,PPO,Ant-v4,3
199589,reward,1904,-112.91052426084504,-456.332,PPO,Ant-v4,3
199620,reward,1905,-125.00334581547622,-448.201,PPO,Ant-v4,3
199647,reward,1906,-83.08829350456973,-449.401,PPO,Ant-v4,3
199677,reward,1907,-140.54622329676752,-457.718,PPO,Ant-v4,3
199754,reward,1908,-248.01386807766374,-467.359,PPO,Ant-v4,3
199787,reward,1909,-102.08732468459135,-473.697,PPO,Ant-v4,3
199888,reward,1910,-358.3051155689906,-164.622,PPO,Ant-v4,3
200000,speed,1375.4,2.41,PPO,Ant-v4,3
200036,reward,1911,-497.7228655988019,-210.06,PPO,Ant-v4,3
200053,reward,1912,-54.5622947419453,-195.934,PPO,Ant-v4,3
200132,reward,1913,-263.9832855704024,-198.622,PPO,Ant-v4,3
201132,reward,1914,-3431.70581782452,-530.502,PPO,Ant-v4,3
201199,reward,1915,-265.8144854566413,-544.583,PPO,Ant-v4,3
202199,reward,1916,-3565.9979232851942,-892.874,PPO,Ant-v4,3
202243,reward,1917,-142.68069004399797,-893.087,PPO,Ant-v4,3
202275,reward,1918,-99.76975272479875,-878.263,PPO,Ant-v4,3
202338,reward,1919,-265.9610204996814,-894.65,PPO,Ant-v4,3
202430,reward,1920,-304.07514943749595,-889.227,PPO,Ant-v4,3
202460,reward,1921,-70.12263229095996,-846.467,PPO,Ant-v4,3
202489,reward,1922,-86.383093385475,-849.649,PPO,Ant-v4,3
202499,reward,1923,-35.19091544372852,-826.77,PPO,Ant-v4,3
202577,reward,1924,-271.9488006263204,-510.794,PPO,Ant-v4,3
202613,reward,1925,-94.22259876960644,-493.635,PPO,Ant-v4,3
202627,reward,1926,-60.943151465353225,-143.13,PPO,Ant-v4,3
202654,reward,1927,-102.56962241775027,-139.119,PPO,Ant-v4,3
202674,reward,1928,-70.78713141312768,-136.22,PPO,Ant-v4,3
202792,reward,1929,-452.56511162342196,-154.881,PPO,Ant-v4,3
202838,reward,1930,-179.28077047340005,-142.401,PPO,Ant-v4,3
203135,reward,1931,-976.2406094896354,-233.013,PPO,Ant-v4,3
203163,reward,1932,-140.6863930020824,-238.444,PPO,Ant-v4,3
203187,reward,1933,-68.76224660374886,-241.801,PPO,Ant-v4,3
203368,reward,1934,-690.7367740332526,-283.679,PPO,Ant-v4,3
203386,reward,1935,-85.04706298503267,-282.762,PPO,Ant-v4,3
203415,reward,1936,-112.59794184870431,-287.927,PPO,Ant-v4,3
203433,reward,1937,-65.17162501435077,-284.188,PPO,Ant-v4,3
203476,reward,1938,-174.43403889036344,-294.552,PPO,Ant-v4,3
203503,reward,1939,-103.37666029189512,-259.633,PPO,Ant-v4,3
203522,reward,1940,-65.03367487023583,-248.209,PPO,Ant-v4,3
203585,reward,1941,-193.76836235376518,-169.961,PPO,Ant-v4,3
203694,reward,1942,-325.02175044856244,-188.395,PPO,Ant-v4,3
203709,reward,1943,-55.44824098623852,-187.064,PPO,Ant-v4,3
203723,reward,1944,-33.109381324432576,-121.301,PPO,Ant-v4,3
203744,reward,1945,-67.89227504083324,-119.585,PPO,Ant-v4,3
203776,reward,1946,-108.70249773614256,-119.196,PPO,Ant-v4,3
203789,reward,1947,-43.57934408990219,-117.037,PPO,Ant-v4,3
203820,reward,1948,-96.9072304176908,-109.284,PPO,Ant-v4,3
203834,reward,1949,-62.264143830150374,-105.173,PPO,Ant-v4,3
203876,reward,1950,-142.24824669343323,-112.894,PPO,Ant-v4,3
203939,reward,1951,-205.00656581722782,-114.018,PPO,Ant-v4,3
204024,reward,1952,-219.31154200003064,-103.447,PPO,Ant-v4,3
204055,reward,1953,-108.42283349469459,-108.744,PPO,Ant-v4,3
204068,reward,1954,-53.9910988270493,-110.833,PPO,Ant-v4,3
204090,reward,1955,-67.55276927430307,-110.799,PPO,Ant-v4,3
204157,reward,1956,-206.7795065183286,-120.606,PPO,Ant-v4,3
204174,reward,1957,-55.02139685908323,-121.751,PPO,Ant-v4,3
204800,loss,-0.07772476971149445,20.245542526245117,PPO,Ant-v4,3
205174,reward,1958,-3343.62073320721,-446.422,PPO,Ant-v4,3
205219,reward,1959,-167.39203334753557,-456.935,PPO,Ant-v4,3
205246,reward,1960,-101.99029861715138,-452.909,PPO,Ant-v4,3
205267,reward,1961,-61.994753255909664,-438.608,PPO,Ant-v4,3
205300,reward,1962,-90.94587436426791,-425.771,PPO,Ant-v4,3
205315,reward,1963,-56.197498709088805,-420.549,PPO,Ant-v4,3
205395,reward,1964,-267.9601185143701,-441.945,PPO,Ant-v4,3
205417,reward,1965,-65.08278340041005,-441.698,PPO,Ant-v4,3
205469,reward,1966,-197.12247194135253,-440.733,PPO,Ant-v4,3
205515,reward,1967,-116.07134016992447,-446.838,PPO,Ant-v4,3
205585,reward,1968,-242.0466498049502,-136.68,PPO,Ant-v4,3
205609,reward,1969,-83.6931145875443,-128.31,PPO,Ant-v4,3
205625,reward,1970,-52.38113488477301,-123.35,PPO,Ant-v4,3
205669,reward,1971,-143.8786085665605,-131.538,PPO,Ant-v4,3
205686,reward,1972,-41.66098670999352,-126.609,PPO,Ant-v4,3
205882,reward,1973,-686.8825827972906,-189.678,PPO,Ant-v4,3
205908,reward,1974,-91.29473173093598,-172.011,PPO,Ant-v4,3
205962,reward,1975,-160.96709797959852,-181.6,PPO,Ant-v4,3
205975,reward,1976,-36.95517265477434,-165.583,PPO,Ant-v4,3
206097,reward,1977,-465.3290922575645,-200.509,PPO,Ant-v4,3
206133,reward,1978,-145.57561768910477,-190.862,PPO,Ant-v4,3
206173,reward,1979,-174.18762856459938,-199.911,PPO,Ant-v4,3
206185,reward,1980,-70.41808879112841,-201.715,PPO,Ant-v4,3
206198,reward,1981,-50.30081673158088,-192.357,PPO,Ant-v4,3
206220,reward,1982,-45.18191669494113,-192.709,PPO,Ant-v4,3
206281,reward,1983,-208.98009111229553,-144.919,PPO,Ant-v4,3
206323,reward,1984,-141.71737405272748,-149.961,PPO,Ant-v4,3
206348,reward,1985,-121.09003751091987,-145.974,PPO,Ant-v4,3
206375,reward,1986,-126.91330059721808,-154.969,PPO,Ant-v4,3
206391,reward,1987,-78.37780809117912,-116.274,PPO,Ant-v4,3
206422,reward,1988,-92.59520955787762,-110.976,PPO,Ant-v4,3
206476,reward,1989,-127.84884935387196,-106.342,PPO,Ant-v4,3
206490,reward,1990,-52.10936453759925,-104.511,PPO,Ant-v4,3
206511,reward,1991,-86.14423874633809,-108.096,PPO,Ant-v4,3
206573,reward,1992,-162.45396974632362,-119.823,PPO,Ant-v4,3
206588,reward,1993,-50.867560367134665,-104.012,PPO,Ant-v4,3
206644,reward,1994,-167.06480254316742,-106.547,PPO,Ant-v4,3
206678,reward,1995,-100.56777903966346,-104.494,PPO,Ant-v4,3
206697,reward,1996,-64.4977011461996,-98.253,PPO,Ant-v4,3
206723,reward,1997,-82.70467848169368,-98.685,PPO,Ant-v4,3
206767,reward,1998,-185.62409004625388,-107.988,PPO,Ant-v4,3
206798,reward,1999,-117.92995446399097,-106.996,PPO,Ant-v4,3
206829,reward,2000,-105.68955210583428,-112.354,PPO,Ant-v4,3
206858,reward,2001,-100.58179360976028,-113.798,PPO,Ant-v4,3
206893,reward,2002,-130.88936591820698,-110.642,PPO,Ant-v4,3
206936,reward,2003,-145.0422636997711,-120.059,PPO,Ant-v4,3
207022,reward,2004,-332.7248645052595,-136.625,PPO,Ant-v4,3
207069,reward,2005,-163.54942746096185,-142.923,PPO,Ant-v4,3
207109,reward,2006,-169.00441930659565,-153.374,PPO,Ant-v4,3
207181,reward,2007,-279.45255653950846,-173.049,PPO,Ant-v4,3
207254,reward,2008,-279.48328138600954,-182.435,PPO,Ant-v4,3
207372,reward,2009,-416.62206700983563,-212.304,PPO,Ant-v4,3
207427,reward,2010,-162.52492447166676,-217.987,PPO,Ant-v4,3
207488,reward,2011,-183.44684638739002,-226.274,PPO,Ant-v4,3
207504,reward,2012,-68.73390685511563,-220.058,PPO,Ant-v4,3
207533,reward,2013,-84.57954262735109,-214.012,PPO,Ant-v4,3
207557,reward,2014,-106.92124660500166,-191.432,PPO,Ant-v4,3
207593,reward,2015,-121.39240100830413,-187.216,PPO,Ant-v4,3
207617,reward,2016,-42.82188901279238,-174.598,PPO,Ant-v4,3
207629,reward,2017,-44.69267990307493,-151.122,PPO,Ant-v4,3
207662,reward,2018,-121.96570487783255,-135.37,PPO,Ant-v4,3
207703,reward,2019,-164.72435266737935,-110.18,PPO,Ant-v4,3
207713,reward,2020,-40.83123484417133,-98.011,PPO,Ant-v4,3
207764,reward,2021,-124.98102704318538,-92.164,PPO,Ant-v4,3
207803,reward,2022,-157.79985083877887,-101.071,PPO,Ant-v4,3
207832,reward,2023,-98.09820265821459,-102.423,PPO,Ant-v4,3
207906,reward,2024,-250.71274525736425,-116.802,PPO,Ant-v4,3
207935,reward,2025,-117.20092020222022,-116.383,PPO,Ant-v4,3
207983,reward,2026,-152.6507615431067,-127.366,PPO,Ant-v4,3
208010,reward,2027,-82.30130569803133,-131.127,PPO,Ant-v4,3
208059,reward,2028,-201.3754942092185,-139.068,PPO,Ant-v4,3
209059,reward,2029,-3595.369544642199,-482.132,PPO,Ant-v4,3
209104,reward,2030,-135.6786226313524,-491.617,PPO,Ant-v4,3
209121,reward,2031,-58.684353927171934,-484.987,PPO,Ant-v4,3
209163,reward,2032,-168.1979405875263,-486.027,PPO,Ant-v4,3
209228,reward,2033,-193.4741381376709,-495.565,PPO,Ant-v4,3
209257,reward,2034,-120.04991816609446,-482.498,PPO,Ant-v4,3
209281,reward,2035,-89.0844312443725,-479.687,PPO,Ant-v4,3
209315,reward,2036,-98.58253138998867,-474.28,PPO,Ant-v4,3
209350,reward,2037,-95.82280130341297,-475.632,PPO,Ant-v4,3
209361,reward,2038,-58.850167588938845,-461.379,PPO,Ant-v4,3
209390,reward,2039,-129.8877949142738,-114.831,PPO,Ant-v4,3
209433,reward,2040,-140.78949548704367,-115.342,PPO,Ant-v4,3
209454,reward,2041,-107.6324692175554,-120.237,PPO,Ant-v4,3
209480,reward,2042,-83.76940859519186,-111.794,PPO,Ant-v4,3
209551,reward,2043,-262.52510834959793,-118.699,PPO,Ant-v4,3
209562,reward,2044,-33.65043937659728,-110.059,PPO,Ant-v4,3
209647,reward,2045,-275.75390014241907,-128.726,PPO,Ant-v4,3
209694,reward,2046,-129.7855586004529,-131.847,PPO,Ant-v4,3
209708,reward,2047,-22.40283896288966,-124.505,PPO,Ant-v4,3
209726,reward,2048,-63.180822597461564,-124.938,PPO,Ant-v4,3
209753,reward,2049,-69.21938667155806,-118.871,PPO,Ant-v4,3
209803,reward,2050,-175.5805348923928,-122.35,PPO,Ant-v4,3
209902,reward,2051,-366.44740988240346,-148.232,PPO,Ant-v4,3
209952,reward,2052,-164.51261102915026,-156.306,PPO,Ant-v4,3
210000,speed,1410.02,2.53,PPO,Ant-v4,3
210023,reward,2053,-287.417513799425,-158.795,PPO,Ant-v4,3
210083,reward,2054,-257.1759046897665,-181.148,PPO,Ant-v4,3
210116,reward,2055,-114.98833548417103,-165.071,PPO,Ant-v4,3
210167,reward,2056,-214.15275482326896,-173.508,PPO,Ant-v4,3
210239,reward,2057,-213.82594135466522,-192.65,PPO,Ant-v4,3
210264,reward,2058,-94.08027082768902,-195.74,PPO,Ant-v4,3
210302,reward,2059,-121.7005361283037,-200.988,PPO,Ant-v4,3
210338,reward,2060,-126.64852237494055,-196.095,PPO,Ant-v4,3
210352,reward,2061,-44.88137450091564,-163.938,PPO,Ant-v4,3
210374,reward,2062,-88.18923217269004,-156.306,PPO,Ant-v4,3
210471,reward,2063,-369.37484355159955,-164.502,PPO,Ant-v4,3
210483,reward,2064,-36.38649936805412,-142.423,PPO,Ant-v4,3
210526,reward,2065,-170.16023974668087,-147.94,PPO,Ant-v4,3
210557,reward,2066,-128.7581694539958,-139.401,PPO,Ant-v4,3
210625,reward,2067,-279.6126999357971,-145.979,PPO,Ant-v4,3
210700,reward,2068,-341.8331470898743,-170.755,PPO,Ant-v4,3
210734,reward,2069,-106.61592356021728,-169.246,PPO,Ant-v4,3
210809,reward,2070,-217.2526096237155,-178.306,PPO,Ant-v4,3
210854,reward,2071,-129.66849064395484,-186.785,PPO,Ant-v4,3
210887,reward,2072,-101.35964835302534,-188.102,PPO,Ant-v4,3
210927,reward,2073,-144.32387829904462,-165.597,PPO,Ant-v4,3
211927,reward,2074,-3329.729925291202,-494.931,PPO,Ant-v4,3
211943,reward,2075,-54.960139648384995,-483.411,PPO,Ant-v4,3
211977,reward,2076,-158.82213325706914,-486.418,PPO,Ant-v4,3
212977,reward,2077,-3584.24983267195,-816.882,PPO,Ant-v4,3
212990,reward,2078,-57.317627077570286,-788.43,PPO,Ant-v4,3
212992,loss,-0.08504246175289154,19.8382511138916,PPO,Ant-v4,3
213087,reward,2079,-386.53209649466737,-816.422,PPO,Ant-v4,3
213139,reward,2080,-145.8688451730087,-809.283,PPO,Ant-v4,3
213170,reward,2081,-113.02936291089799,-807.619,PPO,Ant-v4,3
214170,reward,2082,-3268.024282381849,-1124.286,PPO,Ant-v4,3
214218,reward,2083,-154.90278175380843,-1125.344,PPO,Ant-v4,3
214267,reward,2084,-147.09813186548794,-807.081,PPO,Ant-v4,3
214282,reward,2085,-36.133966728262415,-805.198,PPO,Ant-v4,3
214298,reward,2086,-59.81258766043807,-795.297,PPO,Ant-v4,3
214342,reward,2087,-126.52036823155044,-449.524,PPO,Ant-v4,3
214358,reward,2088,-52.099317837667535,-449.002,PPO,Ant-v4,3
215358,reward,2089,-3395.3729673888197,-749.886,PPO,Ant-v4,3
215404,reward,2090,-166.6916299009809,-751.969,PPO,Ant-v4,3
215474,reward,2091,-263.03580091265934,-766.969,PPO,Ant-v4,3
215511,reward,2092,-107.55154093974237,-450.922,PPO,Ant-v4,3
215612,reward,2093,-358.29252071897594,-471.261,PPO,Ant-v4,3
215626,reward,2094,-58.20408585648242,-462.371,PPO,Ant-v4,3
215665,reward,2095,-155.0076444591171,-474.259,PPO,Ant-v4,3
215681,reward,2096,-51.300685624313076,-473.408,PPO,Ant-v4,3
215699,reward,2097,-72.88989888640805,-468.045,PPO,Ant-v4,3
215732,reward,2098,-126.75416773597217,-475.51,PPO,Ant-v4,3
215750,reward,2099,-53.42940938252081,-141.316,PPO,Ant-v4,3
215764,reward,2100,-50.795940426166005,-129.726,PPO,Ant-v4,3
215796,reward,2101,-137.57575629418494,-117.18,PPO,Ant-v4,3
215868,reward,2102,-226.63348592517312,-129.088,PPO,Ant-v4,3
215901,reward,2103,-156.97185421434543,-108.956,PPO,Ant-v4,3
215922,reward,2104,-56.34056011330473,-108.77,PPO,Ant-v4,3
215957,reward,2105,-98.61164874782239,-103.13,PPO,Ant-v4,3
215969,reward,2106,-52.67012536876387,-103.267,PPO,Ant-v4,3
215983,reward,2107,-40.765882218845206,-100.055,PPO,Ant-v4,3
216013,reward,2108,-80.8846177051781,-95.468,PPO,Ant-v4,3
216042,reward,2109,-87.0483413047291,-98.83,PPO,Ant-v4,3
216053,reward,2110,-51.52411098147618,-98.903,PPO,Ant-v4,3
216078,reward,2111,-62.31655090622014,-91.377,PPO,Ant-v4,3
216094,reward,2112,-51.626535861824316,-73.876,PPO,Ant-v4,3
216128,reward,2113,-107.95994315251686,-68.975,PPO,Ant-v4,3
216159,reward,2114,-116.81861241440782,-75.023,PPO,Ant-v4,3
216171,reward,2115,-41.188095027310716,-69.28,PPO,Ant-v4,3
216212,reward,2116,-138.91631216576766,-77.905,PPO,Ant-v4,3
216256,reward,2117,-148.80905024455882,-88.709,PPO,Ant-v4,3
216373,reward,2118,-360.05997181357964,-116.627,PPO,Ant-v4,3
216432,reward,2119,-217.6574234076688,-129.688,PPO,Ant-v4,3
216455,reward,2120,-83.35588571917494,-132.871,PPO,Ant-v4,3
216480,reward,2121,-80.96903721517114,-134.736,PPO,Ant-v4,3
216505,reward,2122,-108.09839935020933,-140.383,PPO,Ant-v4,3
216592,reward,2123,-301.3121475505054,-159.718,PPO,Ant-v4,3
216655,reward,2124,-178.40653257506904,-165.877,PPO,Ant-v4,3
216674,reward,2125,-53.382807077865984,-167.097,PPO,Ant-v4,3
216726,reward,2126,-172.3087294357648,-170.436,PPO,Ant-v4,3
216735,reward,2127,-18.83356241867589,-157.438,PPO,Ant-v4,3
217735,reward,2128,-3691.356833107985,-490.568,PPO,Ant-v4,3
217829,reward,2129,-340.2715789123673,-502.83,PPO,Ant-v4,3
217857,reward,2130,-88.57904584084307,-503.352,PPO,Ant-v4,3
218857,reward,2131,-3570.8389223942245,-852.339,PPO,Ant-v4,3
218897,reward,2132,-110.53730419884282,-852.583,PPO,Ant-v4,3
218917,reward,2133,-64.45556615379265,-828.897,PPO,Ant-v4,3
218942,reward,2134,-77.40079259847519,-818.797,PPO,Ant-v4,3
218956,reward,2135,-53.3621850377114,-818.794,PPO,Ant-v4,3
218974,reward,2136,-41.05795199699019,-805.669,PPO,Ant-v4,3
218997,reward,2137,-70.66608445308316,-810.853,PPO,Ant-v4,3
219014,reward,2138,-52.705306730863626,-446.987,PPO,Ant-v4,3
219081,reward,2139,-268.7615960095867,-439.836,PPO,Ant-v4,3
219115,reward,2140,-109.92649073507354,-441.971,PPO,Ant-v4,3
219136,reward,2141,-61.2127933754018,-91.009,PPO,Ant-v4,3
219149,reward,2142,-57.48649471064598,-85.704,PPO,Ant-v4,3
219231,reward,2143,-321.5495549214518,-111.413,PPO,Ant-v4,3
219261,reward,2144,-95.91610830986038,-113.264,PPO,Ant-v4,3
219298,reward,2145,-148.10669756231286,-122.739,PPO,Ant-v4,3
219370,reward,2146,-219.0432491276083,-140.537,PPO,Ant-v4,3
219392,reward,2147,-55.19434766890147,-138.99,PPO,Ant-v4,3
219409,reward,2148,-44.13185015924003,-138.133,PPO,Ant-v4,3
219423,reward,2149,-35.91616545712773,-114.848,PPO,Ant-v4,3
219453,reward,2150,-100.62635598875413,-113.918,PPO,Ant-v4,3
219491,reward,2151,-154.85921218146797,-123.283,PPO,Ant-v4,3
219560,reward,2152,-236.67377201940985,-141.202,PPO,Ant-v4,3
220000,speed,1214.04,2.67,PPO,Ant-v4,3
220560,reward,2153,-3376.4852590971805,-446.695,PPO,Ant-v4,3
220632,reward,2154,-244.93153028774506,-461.597,PPO,Ant-v4,3
220648,reward,2155,-64.06884889303086,-453.193,PPO,Ant-v4,3
220673,reward,2156,-90.39920316732407,-440.329,PPO,Ant-v4,3
220709,reward,2157,-108.71948010672493,-445.681,PPO,Ant-v4,3
220735,reward,2158,-99.58005290226528,-451.226,PPO,Ant-v4,3
220782,reward,2159,-178.27073550874033,-465.461,PPO,Ant-v4,3
220820,reward,2160,-108.16915458620453,-466.216,PPO,Ant-v4,3
220927,reward,2161,-381.6763609265498,-488.897,PPO,Ant-v4,3
220967,reward,2162,-128.6708035602079,-478.097,PPO,Ant-v4,3
220988,reward,2163,-43.91291138774817,-144.84,PPO,Ant-v4,3
221003,reward,2164,-62.39198494648629,-126.586,PPO,Ant-v4,3
221103,reward,2165,-312.6490740020443,-151.444,PPO,Ant-v4,3
221122,reward,2166,-90.10069156011285,-151.414,PPO,Ant-v4,3
221151,reward,2167,-155.77119418318557,-156.119,PPO,Ant-v4,3
221184,loss,-0.09268729388713837,24.267732620239258,PPO,Ant-v4,3
221194,reward,2168,-121.46162415290823,-158.307,PPO,Ant-v4,3
221222,reward,2169,-100.35775422035505,-150.516,PPO,Ant-v4,3
221278,reward,2170,-248.11213789033275,-164.51,PPO,Ant-v4,3
221336,reward,2171,-260.9272068797274,-152.436,PPO,Ant-v4,3
221351,reward,2172,-57.27647490485706,-145.296,PPO,Ant-v4,3
221364,reward,2173,-57.192240125800375,-146.624,PPO,Ant-v4,3
221386,reward,2174,-90.77124942984925,-149.462,PPO,Ant-v4,3
221401,reward,2175,-59.5954579321663,-124.157,PPO,Ant-v4,3
221434,reward,2176,-100.78453475824406,-125.225,PPO,Ant-v4,3
221478,reward,2177,-177.48593803290916,-127.396,PPO,Ant-v4,3
221519,reward,2178,-172.43802990499557,-132.494,PPO,Ant-v4,3
221534,reward,2179,-47.36453279916656,-127.195,PPO,Ant-v4,3
221552,reward,2180,-58.5569872390763,-108.239,PPO,Ant-v4,3
221570,reward,2181,-55.1668696222411,-87.663,PPO,Ant-v4,3
221602,reward,2182,-128.39400199536846,-94.775,PPO,Ant-v4,3
221654,reward,2183,-217.76628263489738,-110.832,PPO,Ant-v4,3
221687,reward,2184,-142.05222783769003,-115.96,PPO,Ant-v4,3
221707,reward,2185,-98.55759035881835,-119.857,PPO,Ant-v4,3
221796,reward,2186,-309.55754336696253,-140.734,PPO,Ant-v4,3
221841,reward,2187,-161.4474988528225,-139.13,PPO,Ant-v4,3
221863,reward,2188,-47.55814411165745,-126.642,PPO,Ant-v4,3
221895,reward,2189,-104.97137830286007,-132.403,PPO,Ant-v4,3
221946,reward,2190,-199.87324605230975,-146.534,PPO,Ant-v4,3
221980,reward,2191,-121.25261607378764,-153.143,PPO,Ant-v4,3
222066,reward,2192,-292.2936481273397,-169.533,PPO,Ant-v4,3
222087,reward,2193,-66.6803898867733,-154.424,PPO,Ant-v4,3
222198,reward,2194,-355.1624582005118,-175.735,PPO,Ant-v4,3
222250,reward,2195,-201.63153820545264,-186.043,PPO,Ant-v4,3
222263,reward,2196,-53.878031118703035,-160.475,PPO,Ant-v4,3
222333,reward,2197,-222.61191445926585,-166.591,PPO,Ant-v4,3
222391,reward,2198,-247.11695264883872,-186.547,PPO,Ant-v4,3
223391,reward,2199,-3570.410831818497,-533.091,PPO,Ant-v4,3
223411,reward,2200,-81.33532534057444,-521.237,PPO,Ant-v4,3
223423,reward,2201,-47.61136705564851,-513.873,PPO,Ant-v4,3
223461,reward,2202,-132.06166587406102,-497.85,PPO,Ant-v4,3
223470,reward,2203,-45.02578515344751,-495.685,PPO,Ant-v4,3
223509,reward,2204,-123.13026537736197,-472.481,PPO,Ant-v4,3
223522,reward,2205,-56.74195693723797,-457.992,PPO,Ant-v4,3
223534,reward,2206,-39.56487530146102,-456.561,PPO,Ant-v4,3
223591,reward,2207,-145.71866747299688,-448.872,PPO,Ant-v4,3
223636,reward,2208,-148.61046142061136,-439.021,PPO,Ant-v4,3
223662,reward,2209,-103.41812185891656,-92.322,PPO,Ant-v4,3
223684,reward,2210,-68.04807821509463,-90.993,PPO,Ant-v4,3
223696,reward,2211,-45.41047328271938,-90.773,PPO,Ant-v4,3
223732,reward,2212,-150.1590437499838,-92.583,PPO,Ant-v4,3
223782,reward,2213,-176.93105118785678,-105.773,PPO,Ant-v4,3
223819,reward,2214,-133.39319352015886,-106.8,PPO,Ant-v4,3
223830,reward,2215,-22.723401697601144,-103.398,PPO,Ant-v4,3
223844,reward,2216,-40.12543212905606,-103.454,PPO,Ant-v4,3
223856,reward,2217,-51.5575527558907,-94.038,PPO,Ant-v4,3
223889,reward,2218,-122.9378603855831,-91.47,PPO,Ant-v4,3
223941,reward,2219,-188.75215584309032,-100.004,PPO,Ant-v4,3
223957,reward,2220,-52.122592758118316,-98.411,PPO,Ant-v4,3
223983,reward,2221,-78.60026717340216,-101.73,PPO,Ant-v4,3
224037,reward,2222,-252.36483876668856,-111.951,PPO,Ant-v4,3
224057,reward,2223,-78.4500268935967,-102.103,PPO,Ant-v4,3
224083,reward,2224,-100.46533628874731,-98.81,PPO,Ant-v4,3
224099,reward,2225,-54.181604439580845,-101.956,PPO,Ant-v4,3
224210,reward,2226,-384.09617240627125,-136.353,PPO,Ant-v4,3
224229,reward,2227,-36.555042853274976,-134.853,PPO,Ant-v4,3
225229,reward,2228,-3601.1357748434875,-482.672,PPO,Ant-v4,3
225348,reward,2229,-406.35560186491364,-504.433,PPO,Ant-v4,3
225415,reward,2230,-291.81642225737335,-528.402,PPO,Ant-v4,3
225459,reward,2231,-133.14810484913323,-533.857,PPO,Ant-v4,3
225532,reward,2232,-283.8296882038731,-537.003,PPO,Ant-v4,3
225616,reward,2233,-214.97849731955225,-550.656,PPO,Ant-v4,3
225676,reward,2234,-178.87235462010347,-558.497,PPO,Ant-v4,3
225708,reward,2235,-103.79917050217006,-563.459,PPO,Ant-v4,3
225721,reward,2236,-35.13496379347067,-528.563,PPO,Ant-v4,3
225753,reward,2237,-137.35550516157116,-538.643,PPO,Ant-v4,3
225797,reward,2238,-153.42425027165496,-193.871,PPO,Ant-v4,3
225852,reward,2239,-237.18848062533706,-176.955,PPO,Ant-v4,3
225865,reward,2240,-48.14086812530703,-152.587,PPO,Ant-v4,3
225944,reward,2241,-275.78313493408376,-166.851,PPO,Ant-v4,3
225996,reward,2242,-105.5027412654999,-149.018,PPO,Ant-v4,3
226023,reward,2243,-114.70455149300912,-138.991,PPO,Ant-v4,3
226062,reward,2244,-133.93134829784424,-134.497,PPO,Ant-v4,3
226102,reward,2245,-165.82242511206516,-140.699,PPO,Ant-v4,3
226144,reward,2246,-185.28310192607424,-155.714,PPO,Ant-v4,3
226181,reward,2247,-141.1960930651559,-156.098,PPO,Ant-v4,3
227075,reward,2248,-3261.9647196941605,-466.952,PPO,Ant-v4,3
227098,reward,2249,-114.81334864844298,-454.714,PPO,Ant-v4,3
227133,reward,2250,-154.91869657424337,-465.392,PPO,Ant-v4,3
227218,reward,2251,-328.63267027386416,-470.677,PPO,Ant-v4,3
227245,reward,2252,-92.62240057458864,-469.389,PPO,Ant-v4,3
227265,reward,2253,-51.414741398094876,-463.06,PPO,Ant-v4,3
227295,reward,2254,-111.15881400889448,-460.783,PPO,Ant-v4,3
227343,reward,2255,-171.07293805041041,-461.308,PPO,Ant-v4,3
227383,reward,2256,-186.28818620191936,-461.408,PPO,Ant-v4,3
227413,reward,2257,-125.69323642944059,-459.858,PPO,Ant-v4,3
227431,reward,2258,-72.33028861752375,-140.895,PPO,Ant-v4,3
227460,reward,2259,-104.98702035717524,-139.912,PPO,Ant-v4,3
227472,reward,2260,-26.7438241543524,-127.094,PPO,Ant-v4,3
227524,reward,2261,-186.0658263359531,-112.838,PPO,Ant-v4,3
227573,reward,2262,-140.59999185907643,-117.635,PPO,Ant-v4,3
227585,reward,2263,-38.12363155009901,-116.306,PPO,Ant-v4,3
227637,reward,2264,-173.084588907709,-122.499,PPO,Ant-v4,3
227681,reward,2265,-120.91997717160315,-117.484,PPO,Ant-v4,3
227709,reward,2266,-82.80204744060426,-107.135,PPO,Ant-v4,3
227727,reward,2267,-61.441935150987085,-100.71,PPO,Ant-v4,3
227890,reward,2268,-484.0268081901505,-141.88,PPO,Ant-v4,3
227928,reward,2269,-166.18741886200849,-148.0,PPO,Ant-v4,3
227945,reward,2270,-64.09999416268317,-151.735,PPO,Ant-v4,3
228022,reward,2271,-252.09939578192862,-158.339,PPO,Ant-v4,3
228063,reward,2272,-175.12386715355223,-161.791,PPO,Ant-v4,3
228112,reward,2273,-178.69838689623145,-175.848,PPO,Ant-v4,3
228126,reward,2274,-54.54447137679332,-163.994,PPO,Ant-v4,3
228141,reward,2275,-51.081189779458995,-157.011,PPO,Ant-v4,3
228167,reward,2276,-101.94073720758021,-158.924,PPO,Ant-v4,3
228320,reward,2277,-555.5463233434876,-208.335,PPO,Ant-v4,3
228399,reward,2278,-247.66428490603428,-184.699,PPO,Ant-v4,3
228435,reward,2279,-101.50777537739522,-178.231,PPO,Ant-v4,3
228536,reward,2280,-348.8884881161049,-206.709,PPO,Ant-v4,3
228591,reward,2281,-196.7785909965356,-201.177,PPO,Ant-v4,3
228612,reward,2282,-72.64673271831415,-190.93,PPO,Ant-v4,3
228678,reward,2283,-230.17459293498396,-196.077,PPO,Ant-v4,3
228706,reward,2284,-100.16132589063753,-200.639,PPO,Ant-v4,3
228718,reward,2285,-40.37731845820405,-199.569,PPO,Ant-v4,3
228754,reward,2286,-136.09723645202902,-202.984,PPO,Ant-v4,3
228770,reward,2287,-28.69988202431697,-150.3,PPO,Ant-v4,3
228784,reward,2288,-42.88463146142644,-129.822,PPO,Ant-v4,3
228802,reward,2289,-61.61097457013062,-125.832,PPO,Ant-v4,3
228875,reward,2290,-274.86116361008345,-118.429,PPO,Ant-v4,3
228885,reward,2291,-40.55170346150611,-102.807,PPO,Ant-v4,3
228903,reward,2292,-56.67120966948261,-101.209,PPO,Ant-v4,3
228928,reward,2293,-94.27158518889205,-87.619,PPO,Ant-v4,3
228974,reward,2294,-151.45991632633368,-92.749,PPO,Ant-v4,3
229376,loss,-0.059176426380872726,22.71864891052246,PPO,Ant-v4,3
229974,reward,2295,-3521.1059494232613,-440.821,PPO,Ant-v4,3
230000,speed,1351.49,2.79,PPO,Ant-v4,3
230001,reward,2296,-88.26202862204951,-436.038,PPO,Ant-v4,3
230018,reward,2297,-50.69537859044457,-438.237,PPO,Ant-v4,3
230053,reward,2298,-113.12584051445245,-445.262,PPO,Ant-v4,3
230074,reward,2299,-81.71690845920565,-447.272,PPO,Ant-v4,3
230120,reward,2300,-175.69818192243983,-437.356,PPO,Ant-v4,3
230211,reward,2301,-269.6549690622546,-460.266,PPO,Ant-v4,3
230255,reward,2302,-137.51540384094298,-468.351,PPO,Ant-v4,3
230310,reward,2303,-194.43290405158356,-478.367,PPO,Ant-v4,3
230350,reward,2304,-135.5726349034451,-476.778,PPO,Ant-v4,3
230414,reward,2305,-214.92954444395636,-146.16,PPO,Ant-v4,3
230482,reward,2306,-177.34553390795054,-155.069,PPO,Ant-v4,3
230506,reward,2307,-97.85533306358856,-159.785,PPO,Ant-v4,3
230606,reward,2308,-342.88326571004654,-182.76,PPO,Ant-v4,3
230619,reward,2309,-43.27683850885262,-178.916,PPO,Ant-v4,3
230646,reward,2310,-83.16360368959381,-169.663,PPO,Ant-v4,3
230673,reward,2311,-116.17151896639575,-154.315,PPO,Ant-v4,3
230706,reward,2312,-104.92606489872223,-151.056,PPO,Ant-v4,3
230727,reward,2313,-63.77470325729912,-137.99,PPO,Ant-v4,3
230757,reward,2314,-116.55276808317387,-136.088,PPO,Ant-v4,3
230770,reward,2315,-31.6245460737184,-117.757,PPO,Ant-v4,3
230833,reward,2316,-234.02488609184368,-123.425,PPO,Ant-v4,3
230925,reward,2317,-335.7859379924504,-147.218,PPO,Ant-v4,3
230941,reward,2318,-60.016068512044036,-118.932,PPO,Ant-v4,3
230977,reward,2319,-110.56997481847955,-125.661,PPO,Ant-v4,3
230996,reward,2320,-72.74508166786855,-124.619,PPO,Ant-v4,3
231024,reward,2321,-97.25386319492311,-122.727,PPO,Ant-v4,3
231049,reward,2322,-82.72176605266526,-120.507,PPO,Ant-v4,3
231098,reward,2323,-112.43583370537038,-125.373,PPO,Ant-v4,3
231120,reward,2324,-91.91699946937838,-122.909,PPO,Ant-v4,3
231133,reward,2325,-48.66660055381716,-124.614,PPO,Ant-v4,3
231195,reward,2326,-233.1630263408781,-124.528,PPO,Ant-v4,3
231249,reward,2327,-222.19609404450037,-113.169,PPO,Ant-v4,3
232249,reward,2328,-3469.236201205092,-454.091,PPO,Ant-v4,3
232267,reward,2329,-70.22738473365548,-450.056,PPO,Ant-v4,3
232295,reward,2330,-112.11205737543158,-453.993,PPO,Ant-v4,3
232345,reward,2331,-163.01283243664207,-460.569,PPO,Ant-v4,3
232412,reward,2332,-222.25797831305192,-474.523,PPO,Ant-v4,3
232444,reward,2333,-113.58718731381401,-474.638,PPO,Ant-v4,3
232463,reward,2334,-77.83218024907146,-473.229,PPO,Ant-v4,3
232478,reward,2335,-48.257201266770636,-473.188,PPO,Ant-v4,3
232491,reward,2336,-57.848378704209374,-455.657,PPO,Ant-v4,3
232545,reward,2337,-148.3882421647358,-448.276,PPO,Ant-v4,3
232562,reward,2338,-54.392421964291806,-106.792,PPO,Ant-v4,3
232576,reward,2339,-37.273786451933205,-103.496,PPO,Ant-v4,3
232604,reward,2340,-77.7892925790084,-100.064,PPO,Ant-v4,3
232663,reward,2341,-206.13982711268346,-104.377,PPO,Ant-v4,3
232734,reward,2342,-254.2989996026342,-107.581,PPO,Ant-v4,3
232754,reward,2343,-47.14378740432684,-100.936,PPO,Ant-v4,3
232792,reward,2344,-131.14047373343286,-106.267,PPO,Ant-v4,3
232846,reward,2345,-209.3085435378917,-122.372,PPO,Ant-v4,3
232872,reward,2346,-92.08268401678124,-125.796,PPO,Ant-v4,3
232921,reward,2347,-161.11014010894883,-127.068,PPO,Ant-v4,3
232959,reward,2348,-130.69032568698594,-134.698,PPO,Ant-v4,3
232984,reward,2349,-70.78867667717655,-138.049,PPO,Ant-v4,3
233047,reward,2350,-249.53275337228936,-155.224,PPO,Ant-v4,3
233066,reward,2351,-116.18911070976208,-146.229,PPO,Ant-v4,3
233117,reward,2352,-165.61266373260048,-137.36,PPO,Ant-v4,3
233132,reward,2353,-63.79128398852216,-139.025,PPO,Ant-v4,3
233147,reward,2354,-71.53357999826298,-133.064,PPO,Ant-v4,3
233166,reward,2355,-69.37420184195335,-119.071,PPO,Ant-v4,3
233240,reward,2356,-225.72605919516377,-132.435,PPO,Ant-v4,3
233284,reward,2357,-142.6810008855626,-130.592,PPO,Ant-v4,3
233319,reward,2358,-127.96783104164321,-130.32,PPO,Ant-v4,3
233413,reward,2359,-344.1909015304756,-157.66,PPO,Ant-v4,3
233441,reward,2360,-109.96928895219523,-143.704,PPO,Ant-v4,3
233511,reward,2361,-227.3980503619992,-154.824,PPO,Ant-v4,3
233566,reward,2362,-173.2716089596554,-155.59,PPO,Ant-v4,3
233585,reward,2363,-61.29669725909558,-155.341,PPO,Ant-v4,3
233649,reward,2364,-259.0067275489282,-174.088,PPO,Ant-v4,3
233750,reward,2365,-377.43506560959526,-204.894,PPO,Ant-v4,3
233774,reward,2366,-113.53172340092017,-193.675,PPO,Ant-v4,3
233824,reward,2367,-192.7172372665322,-198.679,PPO,Ant-v4,3
233923,reward,2368,-322.79677503351934,-218.161,PPO,Ant-v4,3
233935,reward,2369,-36.143141753276225,-187.357,PPO,Ant-v4,3
234935,reward,2370,-3679.0176056192668,-544.261,PPO,Ant-v4,3
234951,reward,2371,-70.46411789064412,-528.568,PPO,Ant-v4,3
234997,reward,2372,-181.58267133304008,-529.399,PPO,Ant-v4,3
235031,reward,2373,-108.65989311217947,-534.135,PPO,Ant-v4,3
235057,reward,2374,-137.93936734902852,-522.029,PPO,Ant-v4,3
235128,reward,2375,-286.1253200843705,-512.898,PPO,Ant-v4,3
235229,reward,2376,-336.7096683356694,-535.216,PPO,Ant-v4,3
235271,reward,2377,-87.27351805808169,-524.671,PPO,Ant-v4,3
235286,reward,2378,-44.79037872535479,-496.871,PPO,Ant-v4,3
235347,reward,2379,-199.12412206021338,-513.169,PPO,Ant-v4,3
235393,reward,2380,-139.40085940186202,-159.207,PPO,Ant-v4,3
235411,reward,2381,-69.65148272898568,-159.126,PPO,Ant-v4,3
236411,reward,2382,-3682.446171173256,-509.212,PPO,Ant-v4,3
236448,reward,2383,-126.1570806311499,-510.962,PPO,Ant-v4,3
236471,reward,2384,-67.68101814930573,-503.936,PPO,Ant-v4,3
236519,reward,2385,-126.63826898941778,-487.987,PPO,Ant-v4,3
236578,reward,2386,-197.17934926344222,-474.034,PPO,Ant-v4,3
236608,reward,2387,-98.53765543308887,-475.161,PPO,Ant-v4,3
236650,reward,2388,-173.44597404644867,-488.026,PPO,Ant-v4,3
236669,reward,2389,-79.09529250041203,-476.023,PPO,Ant-v4,3
236708,reward,2390,-127.24260149486223,-474.807,PPO,Ant-v4,3
236734,reward,2391,-107.6403011131685,-478.606,PPO,Ant-v4,3
236842,reward,2392,-372.32985273845316,-147.595,PPO,Ant-v4,3
236912,reward,2393,-231.6830555544893,-158.147,PPO,Ant-v4,3
236928,reward,2394,-48.81064435074002,-156.26,PPO,Ant-v4,3
236941,reward,2395,-34.9672437760668,-147.093,PPO,Ant-v4,3
237019,reward,2396,-246.52520727039843,-152.028,PPO,Ant-v4,3
237081,reward,2397,-244.526031680398,-166.627,PPO,Ant-v4,3
237113,reward,2398,-138.39742011216813,-163.122,PPO,Ant-v4,3
237131,reward,2399,-64.72464880512507,-161.685,PPO,Ant-v4,3
237167,reward,2400,-169.8468542703578,-165.945,PPO,Ant-v4,3
237196,reward,2401,-99.97397332185125,-165.178,PPO,Ant-v4,3
237234,reward,2402,-110.84007229285316,-139.03,PPO,Ant-v4,3
237315,reward,2403,-265.2460355023665,-142.386,PPO,Ant-v4,3
237344,reward,2404,-83.88106959812364,-145.893,PPO,Ant-v4,3
237388,reward,2405,-136.90054796895328,-156.086,PPO,Ant-v4,3
237419,reward,2406,-159.83421204499524,-147.417,PPO,Ant-v4,3
237445,reward,2407,-120.19312550977212,-134.984,PPO,Ant-v4,3
237469,reward,2408,-89.4078472960467,-130.085,PPO,Ant-v4,3
237504,reward,2409,-139.09679368018922,-137.522,PPO,Ant-v4,3
237568,loss,-0.07411762326955795,26.559932708740234,PPO,Ant-v4,3
238504,reward,2410,-3650.9845819228676,-485.636,PPO,Ant-v4,3
238531,reward,2411,-57.97012040503458,-481.435,PPO,Ant-v4,3
238558,reward,2412,-93.25245936761806,-479.677,PPO,Ant-v4,3
238624,reward,2413,-299.98991973296773,-483.151,PPO,Ant-v4,3
238662,reward,2414,-108.98144521660723,-485.661,PPO,Ant-v4,3
238679,reward,2415,-60.003353083697874,-477.971,PPO,Ant-v4,3
238706,reward,2416,-89.00119832206425,-470.888,PPO,Ant-v4,3
238755,reward,2417,-159.86943814670806,-474.856,PPO,Ant-v4,3
238775,reward,2418,-83.26024067799256,-474.241,PPO,Ant-v4,3
238943,reward,2419,-610.8644285396006,-521.418,PPO,Ant-v4,3
238977,reward,2420,-115.85621269827453,-167.905,PPO,Ant-v4,3
239007,reward,2421,-143.26734391429738,-176.435,PPO,Ant-v4,3
239023,reward,2422,-39.584562265570156,-171.068,PPO,Ant-v4,3
239030,reward,2423,-48.262492592556924,-145.895,PPO,Ant-v4,3
239062,reward,2424,-112.0276262329803,-146.2,PPO,Ant-v4,3
239084,reward,2425,-82.09468779685217,-148.409,PPO,Ant-v4,3
239144,reward,2426,-208.57760922368732,-160.366,PPO,Ant-v4,3
239167,reward,2427,-104.205534588664,-154.8,PPO,Ant-v4,3
239198,reward,2428,-105.02593065033435,-156.977,PPO,Ant-v4,3
239234,reward,2429,-129.5997111283854,-108.85,PPO,Ant-v4,3
239262,reward,2430,-109.33528007468855,-108.198,PPO,Ant-v4,3
239308,reward,2431,-161.24677867174137,-109.996,PPO,Ant-v4,3
239350,reward,2432,-153.76840429079442,-121.414,PPO,Ant-v4,3
239439,reward,2433,-306.5293346427715,-147.241,PPO,Ant-v4,3
239493,reward,2434,-201.70643957415032,-156.209,PPO,Ant-v4,3
239508,reward,2435,-52.228494371381515,-153.222,PPO,Ant-v4,3
239553,reward,2436,-165.8633202177826,-148.951,PPO,Ant-v4,3
239602,reward,2437,-184.20581044175265,-156.951,PPO,Ant-v4,3
239627,reward,2438,-93.68555073431122,-155.817,PPO,Ant-v4,3
239650,reward,2439,-93.79230060651172,-152.236,PPO,Ant-v4,3
239750,reward,2440,-338.68529413241004,-175.171,PPO,Ant-v4,3
239799,reward,2441,-183.92637312215126,-177.439,PPO,Ant-v4,3
239851,reward,2442,-159.2244499895442,-177.985,PPO,Ant-v4,3
239886,reward,2443,-101.4115907730966,-157.473,PPO,Ant-v4,3
239902,reward,2444,-32.26419279683216,-140.529,PPO,Ant-v4,3
239970,reward,2445,-221.4416512674029,-157.45,PPO,Ant-v4,3
240000,speed,1429.59,2.91,PPO,Ant-v4,3
240048,reward,2446,-240.79531108964457,-164.943,PPO,Ant-v4,3
240678,reward,2447,-2450.5478081522183,-391.577,PPO,Ant-v4,3
240733,reward,2448,-234.3797298379668,-405.647,PPO,Ant-v4,3
240773,reward,2449,-201.79918981253587,-416.448,PPO,Ant-v4,3
240850,reward,2450,-233.18731060838746,-405.898,PPO,Ant-v4,3
240861,reward,2451,-29.994397678846997,-390.505,PPO,Ant-v4,3
241861,reward,2452,-3655.1568242074654,-740.098,PPO,Ant-v4,3
241892,reward,2453,-107.66271343793264,-740.723,PPO,Ant-v4,3
242003,reward,2454,-480.13119780378474,-785.51,PPO,Ant-v4,3
242050,reward,2455,-164.173705184585,-779.783,PPO,Ant-v4,3
242080,reward,2456,-131.3125598871484,-768.835,PPO,Ant-v4,3
242102,reward,2457,-74.72102509512187,-531.252,PPO,Ant-v4,3
242116,reward,2458,-48.85858294707818,-512.7,PPO,Ant-v4,3
242146,reward,2459,-117.01621105726936,-504.221,PPO,Ant-v4,3
242196,reward,2460,-171.7530908108393,-498.078,PPO,Ant-v4,3
242303,reward,2461,-390.3806614429806,-534.117,PPO,Ant-v4,3
242361,reward,2462,-241.2209344031073,-192.723,PPO,Ant-v4,3
242553,reward,2463,-705.7996631061757,-252.537,PPO,Ant-v4,3
242575,reward,2464,-47.625379550770184,-209.286,PPO,Ant-v4,3
242610,reward,2465,-105.4182273150652,-203.411,PPO,Ant-v4,3
242622,reward,2466,-48.964180128266406,-195.176,PPO,Ant-v4,3
242715,reward,2467,-327.7068854359896,-220.474,PPO,Ant-v4,3
242743,reward,2468,-101.70032332923196,-225.759,PPO,Ant-v4,3
242763,reward,2469,-43.234485863234575,-218.38,PPO,Ant-v4,3
242776,reward,2470,-58.54119334597125,-207.059,PPO,Ant-v4,3
242799,reward,2471,-79.47404417709194,-175.969,PPO,Ant-v4,3
242814,reward,2472,-49.92446878229639,-156.839,PPO,Ant-v4,3
242829,reward,2473,-42.459557349719574,-90.505,PPO,Ant-v4,3
242862,reward,2474,-148.76012210619317,-100.618,PPO,Ant-v4,3
242900,reward,2475,-130.77520513481613,-103.154,PPO,Ant-v4,3
242953,reward,2476,-207.43578985445114,-119.001,PPO,Ant-v4,3
242969,reward,2477,-63.06646671278064,-92.537,PPO,Ant-v4,3
243000,reward,2478,-153.65764728079523,-97.733,PPO,Ant-v4,3
243032,reward,2479,-162.61315828518528,-109.671,PPO,Ant-v4,3
243054,reward,2480,-86.22857139357812,-112.44,PPO,Ant-v4,3
243106,reward,2481,-174.32864838149374,-121.925,PPO,Ant-v4,3
243136,reward,2482,-90.31260040972244,-125.964,PPO,Ant-v4,3
243218,reward,2483,-297.36068125432064,-151.454,PPO,Ant-v4,3
243253,reward,2484,-114.94418488434164,-148.072,PPO,Ant-v4,3
243327,reward,2485,-255.91864080202637,-160.587,PPO,Ant-v4,3
244327,reward,2486,-3654.660593665886,-505.309,PPO,Ant-v4,3
244356,reward,2487,-122.90612590886096,-511.293,PPO,Ant-v4,3
244375,reward,2488,-69.45567040685971,-502.873,PPO,Ant-v4,3
245375,reward,2489,-3578.74058454246,-844.486,PPO,Ant-v4,3
245407,reward,2490,-90.88464892188101,-844.951,PPO,Ant-v4,3
245433,reward,2491,-85.25645676871966,-836.044,PPO,Ant-v4,3
245445,reward,2492,-54.09681374556356,-832.422,PPO,Ant-v4,3
245457,reward,2493,-72.75518494369452,-809.962,PPO,Ant-v4,3
245523,reward,2494,-233.33893897836037,-821.801,PPO,Ant-v4,3
245541,reward,2495,-66.31382857551971,-802.841,PPO,Ant-v4,3
245556,reward,2496,-51.439166842276975,-442.519,PPO,Ant-v4,3
245580,reward,2497,-75.9701805450336,-437.825,PPO,Ant-v4,3
245628,reward,2498,-133.92840847520026,-444.272,PPO,Ant-v4,3
245656,reward,2499,-74.23678405142068,-93.822,PPO,Ant-v4,3
245689,reward,2500,-132.92279545932684,-98.026,PPO,Ant-v4,3
245760,loss,-0.07823747396469116,25.914474487304688,PPO,Ant-v4,3
246689,reward,2501,-3549.264964082966,-444.427,PPO,Ant-v4,3
246720,reward,2502,-113.08351739427513,-450.325,PPO,Ant-v4,3
246734,reward,2503,-65.56609236910623,-449.606,PPO,Ant-v4,3
246830,reward,2504,-302.80160365881636,-456.553,PPO,Ant-v4,3
246970,reward,2505,-394.55022760057835,-489.376,PPO,Ant-v4,3
246987,reward,2506,-53.112215726863035,-489.544,PPO,Ant-v4,3
247045,reward,2507,-197.94473425976966,-501.741,PPO,Ant-v4,3
247064,reward,2508,-49.30831815830062,-493.279,PPO,Ant-v4,3
247126,reward,2509,-227.64059704517229,-508.62,PPO,Ant-v4,3
247205,reward,2510,-267.5392051860804,-522.081,PPO,Ant-v4,3
247234,reward,2511,-129.43561073533718,-180.098,PPO,Ant-v4,3
247249,reward,2512,-66.68757124944877,-175.459,PPO,Ant-v4,3
247291,reward,2513,-164.27054219546628,-185.329,PPO,Ant-v4,3
247317,reward,2514,-94.91730100892804,-164.541,PPO,Ant-v4,3
247330,reward,2515,-57.43669974637532,-130.829,PPO,Ant-v4,3
247343,reward,2516,-62.99131237453124,-131.817,PPO,Ant-v4,3
247357,reward,2517,-44.45022276821726,-116.468,PPO,Ant-v4,3
247397,reward,2518,-96.93235813126012,-121.23,PPO,Ant-v4,3
247511,reward,2519,-462.4387958156602,-144.71,PPO,Ant-v4,3
248511,reward,2520,-3710.972229045107,-489.053,PPO,Ant-v4,3
248595,reward,2521,-310.69236117890114,-507.179,PPO,Ant-v4,3
248642,reward,2522,-200.83012195680678,-520.593,PPO,Ant-v4,3
248661,reward,2523,-77.55572730762768,-511.922,PPO,Ant-v4,3
248680,reward,2524,-45.89771578932361,-507.02,PPO,Ant-v4,3
248691,reward,2525,-52.580465453712456,-506.534,PPO,Ant-v4,3
248714,reward,2526,-91.59915802347498,-509.395,PPO,Ant-v4,3
248735,reward,2527,-69.99739486056586,-511.95,PPO,Ant-v4,3
248764,reward,2528,-109.09744525866031,-513.166,PPO,Ant-v4,3
248815,reward,2529,-151.97762944622224,-482.12,PPO,Ant-v4,3
248833,reward,2530,-67.31136728908729,-117.754,PPO,Ant-v4,3
248859,reward,2531,-121.28162281282995,-98.813,PPO,Ant-v4,3
248881,reward,2532,-67.95542104965362,-85.525,PPO,Ant-v4,3
248898,reward,2533,-60.445000460415216,-83.814,PPO,Ant-v4,3
249081,reward,2534,-772.2622785288804,-156.451,PPO,Ant-v4,3
249148,reward,2535,-256.420629515291,-176.835,PPO,Ant-v4,3
249231,reward,2536,-268.93146620526306,-194.568,PPO,Ant-v4,3
249294,reward,2537,-272.2535176685117,-214.794,PPO,Ant-v4,3
250000,speed,1447.46,3.02,PPO,Ant-v4,3
250294,reward,2538,-3699.2507600930126,-573.809,PPO,Ant-v4,3
250309,reward,2539,-55.332552690915485,-564.144,PPO,Ant-v4,3
250405,reward,2540,-409.14369333878756,-598.328,PPO,Ant-v4,3
250436,reward,2541,-123.66147635210433,-598.566,PPO,Ant-v4,3
250466,reward,2542,-90.12399293354883,-600.783,PPO,Ant-v4,3
250568,reward,2543,-378.4251161497058,-632.581,PPO,Ant-v4,3
250579,reward,2544,-47.964202031824655,-560.151,PPO,Ant-v4,3
250659,reward,2545,-223.67215278766045,-556.876,PPO,Ant-v4,3
250684,reward,2546,-88.92964620323988,-538.876,PPO,Ant-v4,3
250698,reward,2547,-39.093948947825616,-515.56,PPO,Ant-v4,3
250780,reward,2548,-276.58376257864194,-173.293,PPO,Ant-v4,3
251780,reward,2549,-3701.0578956027593,-537.866,PPO,Ant-v4,3
251812,reward,2550,-123.45408508821431,-509.297,PPO,Ant-v4,3
251820,reward,2551,-22.985783132192378,-499.229,PPO,Ant-v4,3
251857,reward,2552,-183.06342097070544,-508.523,PPO,Ant-v4,3
251868,reward,2553,-39.03076479728688,-474.584,PPO,Ant-v4,3
251879,reward,2554,-24.49860323218236,-472.237,PPO,Ant-v4,3
251970,reward,2555,-319.30836733107657,-481.801,PPO,Ant-v4,3
252033,reward,2556,-250.20214325765352,-497.928,PPO,Ant-v4,3
252054,reward,2557,-80.37368913213695,-502.056,PPO,Ant-v4,3
252064,reward,2558,-22.684091595771104,-476.666,PPO,Ant-v4,3
252111,reward,2559,-184.61716064772028,-125.022,PPO,Ant-v4,3
252132,reward,2560,-94.61559138760441,-122.138,PPO,Ant-v4,3
252151,reward,2561,-80.96835466326867,-127.936,PPO,Ant-v4,3
252163,reward,2562,-60.11966787583215,-115.642,PPO,Ant-v4,3
253163,reward,2563,-3594.694883690006,-471.208,PPO,Ant-v4,3
253208,reward,2564,-164.1802485230628,-485.176,PPO,Ant-v4,3
253267,reward,2565,-234.38878938441442,-476.684,PPO,Ant-v4,3
253303,reward,2566,-132.35473536972418,-464.9,PPO,Ant-v4,3
253321,reward,2567,-55.92125105719398,-462.454,PPO,Ant-v4,3
253355,reward,2568,-147.26728365376582,-474.913,PPO,Ant-v4,3
253381,reward,2569,-102.95112976934334,-466.746,PPO,Ant-v4,3
253430,reward,2570,-192.12608104459505,-476.497,PPO,Ant-v4,3
253445,reward,2571,-47.7945903738408,-473.18,PPO,Ant-v4,3
253461,reward,2572,-60.3625860770677,-473.204,PPO,Ant-v4,3
253472,reward,2573,-43.386074170763614,-118.073,PPO,Ant-v4,3
253491,reward,2574,-88.81978247982676,-110.537,PPO,Ant-v4,3
253519,reward,2575,-92.45626726937168,-96.344,PPO,Ant-v4,3
253544,reward,2576,-93.3257165135495,-92.441,PPO,Ant-v4,3
253568,reward,2577,-106.21927780674528,-97.471,PPO,Ant-v4,3
253583,reward,2578,-34.3302624426264,-86.177,PPO,Ant-v4,3
253609,reward,2579,-66.16275859863414,-82.498,PPO,Ant-v4,3
253686,reward,2580,-268.3068571612214,-90.116,PPO,Ant-v4,3
253704,reward,2581,-73.26308149309648,-92.663,PPO,Ant-v4,3
253715,reward,2582,-29.84211659200997,-89.611,PPO,Ant-v4,3
253745,reward,2583,-137.54193777466904,-99.027,PPO,Ant-v4,3
253762,reward,2584,-62.157428019649856,-96.361,PPO,Ant-v4,3
253794,reward,2585,-66.16601305678849,-93.732,PPO,Ant-v4,3
253812,reward,2586,-40.68873317350803,-88.468,PPO,Ant-v4,3
253831,reward,2587,-85.11163668347007,-86.357,PPO,Ant-v4,3
253844,reward,2588,-40.564832661227115,-86.981,PPO,Ant-v4,3
253860,reward,2589,-61.50676652938306,-86.515,PPO,Ant-v4,3
253894,reward,2590,-100.78245473967233,-69.763,PPO,Ant-v4,3
253912,reward,2591,-86.43171963930386,-71.079,PPO,Ant-v4,3
253921,reward,2592,-28.932658474607482,-70.988,PPO,Ant-v4,3
253952,loss,-0.07342855632305145,20.11699104309082,PPO,Ant-v4,3
253954,reward,2593,-102.7089454697334,-67.505,PPO,Ant-v4,3
254036,reward,2594,-279.23929228419036,-89.213,PPO,Ant-v4,3
254064,reward,2595,-87.3347378968509,-91.33,PPO,Ant-v4,3
254102,reward,2596,-148.17473711482728,-102.079,PPO,Ant-v4,3
254129,reward,2597,-119.10235987924115,-105.478,PPO,Ant-v4,3
254179,reward,2598,-108.23078287639488,-112.244,PPO,Ant-v4,3
254243,reward,2599,-218.59792345355052,-127.954,PPO,Ant-v4,3
254258,reward,2600,-52.51111703995231,-123.126,PPO,Ant-v4,3
254277,reward,2601,-91.09082206831664,-123.592,PPO,Ant-v4,3
254316,reward,2602,-134.5554609531608,-134.155,PPO,Ant-v4,3
254357,reward,2603,-136.32025239392402,-137.516,PPO,Ant-v4,3
254415,reward,2604,-222.02394398224789,-131.794,PPO,Ant-v4,3
254471,reward,2605,-156.926614955817,-138.753,PPO,Ant-v4,3
255471,reward,2606,-3550.594448733567,-478.995,PPO,Ant-v4,3
255564,reward,2607,-306.46924168886306,-497.732,PPO,Ant-v4,3
256564,reward,2608,-3549.9842935775123,-841.907,PPO,Ant-v4,3
256593,reward,2609,-93.24743117582739,-829.372,PPO,Ant-v4,3
256611,reward,2610,-55.42277806390985,-829.664,PPO,Ant-v4,3
256696,reward,2611,-331.22392088055716,-853.677,PPO,Ant-v4,3
256716,reward,2612,-56.40818487398585,-845.862,PPO,Ant-v4,3
256782,reward,2613,-267.300635365203,-858.96,PPO,Ant-v4,3
256810,reward,2614,-109.37693990574203,-847.695,PPO,Ant-v4,3
256878,reward,2615,-244.4157321337688,-856.444,PPO,Ant-v4,3
256918,reward,2616,-124.43190246306546,-513.828,PPO,Ant-v4,3
256946,reward,2617,-61.01004159842098,-489.282,PPO,Ant-v4,3
256961,reward,2618,-65.7776051510149,-140.862,PPO,Ant-v4,3
256986,reward,2619,-59.463510035267326,-137.483,PPO,Ant-v4,3
256998,reward,2620,-30.64933581138689,-135.006,PPO,Ant-v4,3
257013,reward,2621,-50.38795168082386,-106.922,PPO,Ant-v4,3
257071,reward,2622,-169.8692481776903,-118.268,PPO,Ant-v4,3
257124,reward,2623,-177.28047743597295,-109.266,PPO,Ant-v4,3
257158,reward,2624,-156.69348534123066,-113.998,PPO,Ant-v4,3
257174,reward,2625,-78.3621940340005,-97.393,PPO,Ant-v4,3
257300,reward,2626,-481.4540241070941,-133.095,PPO,Ant-v4,3
257378,reward,2627,-259.3446058901696,-152.928,PPO,Ant-v4,3
257410,reward,2628,-145.75574420242344,-160.926,PPO,Ant-v4,3
257428,reward,2629,-66.00111718830897,-161.58,PPO,Ant-v4,3
257501,reward,2630,-272.59240407838473,-185.774,PPO,Ant-v4,3
257529,reward,2631,-102.28248896412966,-190.964,PPO,Ant-v4,3
257553,reward,2632,-62.51061097846271,-180.228,PPO,Ant-v4,3
257565,reward,2633,-42.03074636000766,-166.703,PPO,Ant-v4,3
257581,reward,2634,-22.92134041128902,-153.326,PPO,Ant-v4,3
257592,reward,2635,-32.13178895223191,-148.702,PPO,Ant-v4,3
257634,reward,2636,-129.24671083413483,-113.482,PPO,Ant-v4,3
257660,reward,2637,-59.628110740321254,-93.51,PPO,Ant-v4,3
257707,reward,2638,-181.2771016432723,-97.062,PPO,Ant-v4,3
257746,reward,2639,-142.64894662025293,-104.727,PPO,Ant-v4,3
257783,reward,2640,-126.75434579489476,-90.143,PPO,Ant-v4,3
257809,reward,2641,-120.68641385545203,-91.984,PPO,Ant-v4,3
257843,reward,2642,-129.92939366356563,-98.725,PPO,Ant-v4,3
257854,reward,2643,-26.964530961915855,-97.219,PPO,Ant-v4,3
257871,reward,2644,-73.85391282868594,-102.312,PPO,Ant-v4,3
258871,reward,2645,-3668.604032169847,-465.959,PPO,Ant-v4,3
259040,reward,2646,-590.0189523004714,-512.037,PPO,Ant-v4,3
259087,reward,2647,-190.23245951273535,-525.097,PPO,Ant-v4,3
259158,reward,2648,-245.97967738325576,-531.567,PPO,Ant-v4,3
259178,reward,2649,-51.00649104829178,-522.403,PPO,Ant-v4,3
259196,reward,2650,-81.74078740506634,-517.902,PPO,Ant-v4,3
259219,reward,2651,-68.29135710957404,-512.662,PPO,Ant-v4,3
259315,reward,2652,-330.9169690387431,-532.761,PPO,Ant-v4,3
259348,reward,2653,-119.6816579228931,-542.033,PPO,Ant-v4,3
259377,reward,2654,-104.06226286279286,-545.053,PPO,Ant-v4,3
259410,reward,2655,-109.68851133445835,-189.162,PPO,Ant-v4,3
259441,reward,2656,-123.00444940913019,-142.46,PPO,Ant-v4,3
260000,speed,1420.1,3.14,PPO,Ant-v4,3
260441,reward,2657,-3609.280497085283,-484.365,PPO,Ant-v4,3
260513,reward,2658,-308.29160275101503,-490.596,PPO,Ant-v4,3
260620,reward,2659,-340.45103136049954,-519.541,PPO,Ant-v4,3
260666,reward,2660,-173.5744286308534,-528.724,PPO,Ant-v4,3
260684,reward,2661,-55.98834660419054,-527.494,PPO,Ant-v4,3
260756,reward,2662,-240.1681749770575,-518.419,PPO,Ant-v4,3
260767,reward,2663,-52.359932791532714,-511.687,PPO,Ant-v4,3
260820,reward,2664,-151.22819331728715,-516.404,PPO,Ant-v4,3
260843,reward,2665,-61.1571172136912,-511.55,PPO,Ant-v4,3
260895,reward,2666,-230.97986447228442,-522.348,PPO,Ant-v4,3
260908,reward,2667,-47.4706128601316,-166.167,PPO,Ant-v4,3
260921,reward,2668,-62.60696137882077,-141.598,PPO,Ant-v4,3
260978,reward,2669,-222.75193507997324,-129.829,PPO,Ant-v4,3
261046,reward,2670,-264.8975584614163,-138.961,PPO,Ant-v4,3
261110,reward,2671,-258.408653225031,-159.203,PPO,Ant-v4,3
261142,reward,2672,-121.64814749611963,-147.351,PPO,Ant-v4,3
261194,reward,2673,-223.56499104139291,-164.471,PPO,Ant-v4,3
261232,reward,2674,-180.95045677171632,-167.444,PPO,Ant-v4,3
261245,reward,2675,-45.921065560327634,-165.92,PPO,Ant-v4,3
261268,reward,2676,-99.43370200482843,-152.765,PPO,Ant-v4,3
261325,reward,2677,-143.81227142553405,-162.4,PPO,Ant-v4,3
261376,reward,2678,-208.60478499559753,-176.999,PPO,Ant-v4,3
261408,reward,2679,-137.83508856940063,-168.508,PPO,Ant-v4,3
261485,reward,2680,-282.52068166863563,-170.27,PPO,Ant-v4,3
261536,reward,2681,-191.69853567576482,-163.599,PPO,Ant-v4,3
261553,reward,2682,-46.021323883670775,-156.036,PPO,Ant-v4,3
261598,reward,2683,-175.73675872914913,-151.253,PPO,Ant-v4,3
261611,reward,2684,-61.28024317416923,-139.286,PPO,Ant-v4,3
261741,reward,2685,-455.9204358196345,-180.286,PPO,Ant-v4,3
261770,reward,2686,-135.27740564913978,-183.871,PPO,Ant-v4,3
261784,reward,2687,-39.60724995144803,-173.45,PPO,Ant-v4,3
261806,reward,2688,-76.80990359394595,-160.271,PPO,Ant-v4,3
261819,reward,2689,-73.96412692287696,-153.884,PPO,Ant-v4,3
261832,reward,2690,-64.22336639465595,-132.054,PPO,Ant-v4,3
261857,reward,2691,-88.11026648290601,-121.695,PPO,Ant-v4,3
261900,reward,2692,-146.9430108486251,-131.787,PPO,Ant-v4,3
261943,reward,2693,-154.41610918107426,-129.655,PPO,Ant-v4,3
261978,reward,2694,-156.7326888249524,-139.2,PPO,Ant-v4,3
262000,reward,2695,-78.9710145654193,-101.506,PPO,Ant-v4,3
262144,loss,-0.08279184252023697,33.5291748046875,PPO,Ant-v4,3
263000,reward,2696,-3563.0464750123797,-444.282,PPO,Ant-v4,3
263036,reward,2697,-108.5391199018691,-451.176,PPO,Ant-v4,3
263052,reward,2698,-49.50769815261931,-448.445,PPO,Ant-v4,3
263114,reward,2699,-217.84796283076037,-462.834,PPO,Ant-v4,3
263195,reward,2700,-288.89991962595883,-485.301,PPO,Ant-v4,3
263307,reward,2701,-351.161279797681,-511.607,PPO,Ant-v4,3
263320,reward,2702,-29.77757872939293,-499.89,PPO,Ant-v4,3
263378,reward,2703,-201.95750590092356,-504.644,PPO,Ant-v4,3
263404,reward,2704,-89.82185702659433,-497.953,PPO,Ant-v4,3
263424,reward,2705,-63.50833659172478,-496.407,PPO,Ant-v4,3
263469,reward,2706,-197.25986784320898,-159.828,PPO,Ant-v4,3
263618,reward,2707,-550.9075134844234,-204.065,PPO,Ant-v4,3
263637,reward,2708,-69.87001244461808,-206.101,PPO,Ant-v4,3
264637,reward,2709,-3663.6227688409253,-550.679,PPO,Ant-v4,3
264654,reward,2710,-63.46526019913726,-528.135,PPO,Ant-v4,3
264674,reward,2711,-74.2153505664058,-500.441,PPO,Ant-v4,3
264685,reward,2712,-48.76957015016043,-502.34,PPO,Ant-v4,3
264728,reward,2713,-173.02839268737404,-499.447,PPO,Ant-v4,3
265728,reward,2714,-3480.732984141419,-838.538,PPO,Ant-v4,3
265820,reward,2715,-404.6662010670096,-872.654,PPO,Ant-v4,3
265836,reward,2716,-53.46136191565174,-858.274,PPO,Ant-v4,3
265878,reward,2717,-190.96500111336914,-822.28,PPO,Ant-v4,3
265920,reward,2718,-113.23196949975018,-826.616,PPO,Ant-v4,3
265996,reward,2719,-272.00785432842474,-487.454,PPO,Ant-v4,3
266022,reward,2720,-72.10626790200017,-488.318,PPO,Ant-v4,3
266041,reward,2721,-73.2414633966028,-488.221,PPO,Ant-v4,3
266134,reward,2722,-279.6033149940428,-511.304,PPO,Ant-v4,3
266149,reward,2723,-48.755281674088266,-498.877,PPO,Ant-v4,3
266183,reward,2724,-113.4209587339171,-162.146,PPO,Ant-v4,3
266222,reward,2725,-170.1550743450121,-138.695,PPO,Ant-v4,3
266353,reward,2726,-479.7004994531829,-181.319,PPO,Ant-v4,3
266468,reward,2727,-422.5292665198837,-204.475,PPO,Ant-v4,3
266532,reward,2728,-174.16444836110438,-210.568,PPO,Ant-v4,3
266597,reward,2729,-273.69235208296396,-210.737,PPO,Ant-v4,3
266624,reward,2730,-95.2017804864222,-213.046,PPO,Ant-v4,3
266647,reward,2731,-67.77325674979745,-212.5,PPO,Ant-v4,3
266698,reward,2732,-230.59254681355895,-207.599,PPO,Ant-v4,3
266748,reward,2733,-166.31427644165151,-219.354,PPO,Ant-v4,3
266768,reward,2734,-88.45962677004881,-216.858,PPO,Ant-v4,3
266788,reward,2735,-65.18852785359103,-206.362,PPO,Ant-v4,3
266803,reward,2736,-47.551504326210406,-163.147,PPO,Ant-v4,3
266825,reward,2737,-77.0399531290624,-128.598,PPO,Ant-v4,3
266845,reward,2738,-50.13672120932789,-116.195,PPO,Ant-v4,3
266860,reward,2739,-72.03788570017055,-96.03,PPO,Ant-v4,3
267860,reward,2740,-3520.2068234296985,-438.53,PPO,Ant-v4,3
267923,reward,2741,-203.21957844140408,-452.075,PPO,Ant-v4,3
267955,reward,2742,-86.75453447090189,-437.691,PPO,Ant-v4,3
267999,reward,2743,-117.36289270285262,-432.796,PPO,Ant-v4,3
268042,reward,2744,-192.0654423631026,-443.156,PPO,Ant-v4,3
268053,reward,2745,-35.28812475068858,-440.166,PPO,Ant-v4,3
268081,reward,2746,-121.66214362745622,-447.577,PPO,Ant-v4,3
268112,reward,2747,-97.91824963066523,-449.665,PPO,Ant-v4,3
268127,reward,2748,-64.24459197553765,-451.076,PPO,Ant-v4,3
268135,reward,2749,-18.824981274914485,-445.755,PPO,Ant-v4,3
268156,reward,2750,-53.959620869181215,-99.13,PPO,Ant-v4,3
268192,reward,2751,-98.30861690234693,-88.639,PPO,Ant-v4,3
268218,reward,2752,-103.94505272107814,-90.358,PPO,Ant-v4,3
268241,reward,2753,-73.94437367973306,-86.016,PPO,Ant-v4,3
268266,reward,2754,-89.87232397051659,-75.797,PPO,Ant-v4,3
268292,reward,2755,-123.64456099031344,-84.632,PPO,Ant-v4,3
268403,reward,2756,-418.4154393899358,-114.308,PPO,Ant-v4,3
268449,reward,2757,-156.31432931465625,-120.147,PPO,Ant-v4,3
268479,reward,2758,-130.37498045819115,-126.76,PPO,Ant-v4,3
268532,reward,2759,-139.31955926452932,-138.81,PPO,Ant-v4,3
268594,reward,2760,-145.71506638987853,-147.985,PPO,Ant-v4,3
268615,reward,2761,-84.81559955645898,-146.636,PPO,Ant-v4,3
268644,reward,2762,-88.57214127832628,-145.099,PPO,Ant-v4,3
268783,reward,2763,-448.96854502700256,-182.601,PPO,Ant-v4,3
268823,reward,2764,-111.93336567734607,-184.807,PPO,Ant-v4,3
268878,reward,2765,-184.7375372480272,-190.917,PPO,Ant-v4,3
268891,reward,2766,-45.805248693714695,-153.656,PPO,Ant-v4,3
268947,reward,2767,-177.72525593002732,-155.797,PPO,Ant-v4,3
268982,reward,2768,-156.6487450167495,-158.424,PPO,Ant-v4,3
269075,reward,2769,-376.1291750694262,-182.105,PPO,Ant-v4,3
269128,reward,2770,-211.02080545253406,-188.636,PPO,Ant-v4,3
269161,reward,2771,-132.27676402568264,-193.382,PPO,Ant-v4,3
270000,speed,1353.74,3.26,PPO,Ant-v4,3
270161,reward,2772,-3448.3762328990374,-529.362,PPO,Ant-v4,3
270188,reward,2773,-109.17099580260707,-495.382,PPO,Ant-v4,3
270231,reward,2774,-135.7314512772261,-497.762,PPO,Ant-v4,3
270277,reward,2775,-132.53290225544816,-492.542,PPO,Ant-v4,3
270336,loss,-0.06893832236528397,29.65264129638672,PPO,Ant-v4,3
270356,reward,2776,-260.46377053832407,-514.008,PPO,Ant-v4,3
270365,reward,2777,-37.876936737334645,-500.023,PPO,Ant-v4,3
270390,reward,2778,-65.59578728324104,-490.917,PPO,Ant-v4,3
270568,reward,2779,-543.5357591744125,-507.658,PPO,Ant-v4,3
270635,reward,2780,-296.4705025006963,-516.203,PPO,Ant-v4,3
270648,reward,2781,-37.10996363371875,-506.686,PPO,Ant-v4,3
270681,reward,2782,-101.98372043535964,-172.047,PPO,Ant-v4,3
270707,reward,2783,-65.33499954636213,-167.664,PPO,Ant-v4,3
270724,reward,2784,-29.47181808992351,-157.038,PPO,Ant-v4,3
270763,reward,2785,-143.60396255771485,-158.145,PPO,Ant-v4,3
270805,reward,2786,-164.1364352366916,-148.512,PPO,Ant-v4,3
270854,reward,2787,-207.7583236547606,-165.5,PPO,Ant-v4,3
270870,reward,2788,-48.66001453078815,-163.807,PPO,Ant-v4,3
270893,reward,2789,-82.42862054354522,-117.696,PPO,Ant-v4,3
270950,reward,2790,-195.0082226531201,-107.55,PPO,Ant-v4,3
271104,reward,2791,-495.3144961163599,-153.37,PPO,Ant-v4,3
271130,reward,2792,-107.41202571787193,-153.913,PPO,Ant-v4,3
271175,reward,2793,-166.92453300299462,-164.072,PPO,Ant-v4,3
271218,reward,2794,-132.3155914627857,-174.356,PPO,Ant-v4,3
271262,reward,2795,-152.14431887214968,-175.21,PPO,Ant-v4,3
271329,reward,2796,-223.2707977826907,-181.124,PPO,Ant-v4,3
271359,reward,2797,-47.2526002892603,-165.073,PPO,Ant-v4,3
271454,reward,2798,-360.6582024351044,-196.273,PPO,Ant-v4,3
271535,reward,2799,-295.2124685867726,-217.551,PPO,Ant-v4,3
271569,reward,2800,-65.31221298884937,-204.582,PPO,Ant-v4,3
271644,reward,2801,-255.77695253670768,-180.628,PPO,Ant-v4,3
271724,reward,2802,-316.4869666788522,-201.535,PPO,Ant-v4,3
271764,reward,2803,-124.499804134875,-197.293,PPO,Ant-v4,3
271860,reward,2804,-323.9850157222358,-216.46,PPO,Ant-v4,3
271872,reward,2805,-52.374316907189055,-206.483,PPO,Ant-v4,3
271884,reward,2806,-33.574079366928494,-187.513,PPO,Ant-v4,3
271940,reward,2807,-175.26908986596743,-200.315,PPO,Ant-v4,3
271947,reward,2808,-20.75686594517151,-166.325,PPO,Ant-v4,3
271972,reward,2809,-115.29671068817694,-148.333,PPO,Ant-v4,3
272041,reward,2810,-249.95758313510285,-166.798,PPO,Ant-v4,3
272099,reward,2811,-212.7759120430502,-162.498,PPO,Ant-v4,3
272156,reward,2812,-221.4654007609891,-152.995,PPO,Ant-v4,3
272188,reward,2813,-118.24070749974629,-152.37,PPO,Ant-v4,3
272224,reward,2814,-103.53306703155924,-130.324,PPO,Ant-v4,3
272268,reward,2815,-137.53807121878307,-138.841,PPO,Ant-v4,3
272317,reward,2816,-170.50864911191616,-152.534,PPO,Ant-v4,3
273317,reward,2817,-3577.5235221638322,-492.76,PPO,Ant-v4,3
273355,reward,2818,-122.87756043902596,-502.972,PPO,Ant-v4,3
273371,reward,2819,-73.5062680099107,-498.793,PPO,Ant-v4,3
273388,reward,2820,-77.89131967505334,-481.586,PPO,Ant-v4,3
273499,reward,2821,-358.2855313590486,-496.137,PPO,Ant-v4,3
273556,reward,2822,-191.06097489627822,-493.097,PPO,Ant-v4,3
273578,reward,2823,-84.0523286808373,-489.678,PPO,Ant-v4,3
273621,reward,2824,-117.62027207958506,-491.086,PPO,Ant-v4,3
273642,reward,2825,-63.336456357786254,-483.666,PPO,Ant-v4,3
273726,reward,2826,-248.28338138297298,-491.444,PPO,Ant-v4,3
273811,reward,2827,-303.116340277343,-164.003,PPO,Ant-v4,3
273911,reward,2828,-373.5749179951069,-189.073,PPO,Ant-v4,3
273952,reward,2829,-111.45042637482824,-192.867,PPO,Ant-v4,3
273999,reward,2830,-147.81329957177564,-199.859,PPO,Ant-v4,3
274011,reward,2831,-41.80605868509722,-168.211,PPO,Ant-v4,3
274048,reward,2832,-148.1027020734637,-163.916,PPO,Ant-v4,3
274096,reward,2833,-174.9771243074443,-173.008,PPO,Ant-v4,3
274110,reward,2834,-40.76723773198038,-165.323,PPO,Ant-v4,3
275110,reward,2835,-3616.5091049050966,-520.64,PPO,Ant-v4,3
275269,reward,2836,-648.7824721659794,-560.69,PPO,Ant-v4,3
275310,reward,2837,-136.4344175655728,-544.022,PPO,Ant-v4,3
275371,reward,2838,-252.15954928845557,-531.88,PPO,Ant-v4,3
275400,reward,2839,-85.72092952302613,-529.307,PPO,Ant-v4,3
275427,reward,2840,-120.13365823454284,-526.539,PPO,Ant-v4,3
276427,reward,2841,-3678.0925215377088,-890.168,PPO,Ant-v4,3
276448,reward,2842,-97.52267743017792,-885.11,PPO,Ant-v4,3
276457,reward,2843,-33.20695149854748,-870.933,PPO,Ant-v4,3
276473,reward,2844,-75.61407070795802,-874.418,PPO,Ant-v4,3
276496,reward,2845,-90.78309855294684,-521.845,PPO,Ant-v4,3
276513,reward,2846,-60.23523278330843,-462.99,PPO,Ant-v4,3
276557,reward,2847,-189.60103949606017,-468.307,PPO,Ant-v4,3
276601,reward,2848,-87.80858493485069,-451.872,PPO,Ant-v4,3
276659,reward,2849,-224.9561583306371,-465.795,PPO,Ant-v4,3
276681,reward,2850,-100.30159481492481,-463.812,PPO,Ant-v4,3
276715,reward,2851,-121.64195839569918,-108.167,PPO,Ant-v4,3
276729,reward,2852,-57.779443674862094,-104.193,PPO,Ant-v4,3
277012,reward,2853,-953.1476849726336,-196.187,PPO,Ant-v4,3
277026,reward,2854,-27.989663949860486,-191.424,PPO,Ant-v4,3
277158,reward,2855,-529.9999249704056,-235.346,PPO,Ant-v4,3
277229,reward,2856,-284.8061989053247,-257.803,PPO,Ant-v4,3
277299,reward,2857,-197.60476419752828,-258.604,PPO,Ant-v4,3
277313,reward,2858,-45.3672267406315,-254.359,PPO,Ant-v4,3
277430,reward,2859,-438.57993786992233,-275.722,PPO,Ant-v4,3
277504,reward,2860,-286.8398957004752,-294.376,PPO,Ant-v4,3
277538,reward,2861,-139.58900891153118,-296.17,PPO,Ant-v4,3
277574,reward,2862,-155.09073609948507,-305.902,PPO,Ant-v4,3
277590,reward,2863,-67.47804496578732,-217.335,PPO,Ant-v4,3
277612,reward,2864,-83.20052571091487,-222.856,PPO,Ant-v4,3
277642,reward,2865,-110.37191355476736,-180.893,PPO,Ant-v4,3
277660,reward,2866,-66.3094682567,-159.043,PPO,Ant-v4,3
277711,reward,2867,-201.5760105864192,-159.44,PPO,Ant-v4,3
277730,reward,2868,-75.00756602045627,-162.404,PPO,Ant-v4,3
277781,reward,2869,-212.31198195328764,-139.778,PPO,Ant-v4,3
277848,reward,2870,-216.15455865156534,-132.709,PPO,Ant-v4,3
278528,loss,-0.07916875183582306,33.31174850463867,PPO,Ant-v4,3
278848,reward,2871,-3545.8676865358257,-473.337,PPO,Ant-v4,3
278976,reward,2872,-459.9670234916272,-503.824,PPO,Ant-v4,3
279042,reward,2873,-234.88587451703143,-520.565,PPO,Ant-v4,3
279088,reward,2874,-183.67838242917307,-530.613,PPO,Ant-v4,3
279121,reward,2875,-102.51906295813218,-529.828,PPO,Ant-v4,3
279156,reward,2876,-122.49617758256204,-535.446,PPO,Ant-v4,3
279221,reward,2877,-231.2574898225294,-538.415,PPO,Ant-v4,3
279272,reward,2878,-151.0475026083002,-546.019,PPO,Ant-v4,3
279289,reward,2879,-68.72626901760543,-531.66,PPO,Ant-v4,3
279307,reward,2880,-70.31832932596072,-517.076,PPO,Ant-v4,3
279366,reward,2881,-256.79965322498725,-188.17,PPO,Ant-v4,3
279399,reward,2882,-137.545191274517,-155.927,PPO,Ant-v4,3
279441,reward,2883,-168.08972332946928,-149.248,PPO,Ant-v4,3
279505,reward,2884,-208.71605177561776,-151.752,PPO,Ant-v4,3
279528,reward,2885,-63.59669735135013,-147.859,PPO,Ant-v4,3
279546,reward,2886,-54.782993788811204,-141.088,PPO,Ant-v4,3
279559,reward,2887,-51.274858313231526,-123.09,PPO,Ant-v4,3
279620,reward,2888,-260.45351594056285,-134.03,PPO,Ant-v4,3
279657,reward,2889,-133.70051154938963,-140.528,PPO,Ant-v4,3
279681,reward,2890,-92.19138799799924,-142.715,PPO,Ant-v4,3
280000,speed,1415.86,3.38,PPO,Ant-v4,3
280257,reward,2891,-2037.8388406538118,-320.819,PPO,Ant-v4,3
280359,reward,2892,-381.23890161852734,-345.188,PPO,Ant-v4,3
281359,reward,2893,-3608.7048874736347,-689.25,PPO,Ant-v4,3
281397,reward,2894,-199.7324225657186,-688.352,PPO,Ant-v4,3
281452,reward,2895,-194.73256460644512,-701.465,PPO,Ant-v4,3
281496,reward,2896,-138.70813219863106,-709.858,PPO,Ant-v4,3
281511,reward,2897,-52.436193874337334,-709.974,PPO,Ant-v4,3
281547,reward,2898,-137.2974432382194,-697.658,PPO,Ant-v4,3
281560,reward,2899,-53.89769377214229,-689.678,PPO,Ant-v4,3
281583,reward,2900,-87.75418316598686,-689.234,PPO,Ant-v4,3
281601,reward,2901,-72.18189377275634,-492.668,PPO,Ant-v4,3
281634,reward,2902,-115.47037640978414,-466.092,PPO,Ant-v4,3
282634,reward,2903,-3595.492047520033,-464.77,PPO,Ant-v4,3
282685,reward,2904,-146.7271405546696,-459.47,PPO,Ant-v4,3
282705,reward,2905,-64.34705483976974,-446.431,PPO,Ant-v4,3
282729,reward,2906,-97.39475265907697,-442.3,PPO,Ant-v4,3
282758,reward,2907,-99.23008401371607,-446.979,PPO,Ant-v4,3
282890,reward,2908,-387.7986118578455,-472.029,PPO,Ant-v4,3
282906,reward,2909,-72.70560992157462,-473.91,PPO,Ant-v4,3
282961,reward,2910,-236.88948536505964,-488.824,PPO,Ant-v4,3
283013,reward,2911,-209.42514141166907,-502.548,PPO,Ant-v4,3
283058,reward,2912,-144.24520645142724,-505.426,PPO,Ant-v4,3
283094,reward,2913,-128.28283382541733,-158.705,PPO,Ant-v4,3
283116,reward,2914,-83.15097713116204,-152.347,PPO,Ant-v4,3
283128,reward,2915,-48.90028743413191,-150.802,PPO,Ant-v4,3
283168,reward,2916,-147.06066664166778,-155.769,PPO,Ant-v4,3
283194,reward,2917,-91.73777878807579,-155.02,PPO,Ant-v4,3
283220,reward,2918,-94.33010325355262,-125.673,PPO,Ant-v4,3
283340,reward,2919,-408.1277816019972,-159.215,PPO,Ant-v4,3
283356,reward,2920,-69.61574179890621,-142.488,PPO,Ant-v4,3
283367,reward,2921,-44.34792142431096,-125.98,PPO,Ant-v4,3
283394,reward,2922,-86.3402557378834,-120.189,PPO,Ant-v4,3
283411,reward,2923,-83.26120249501032,-115.687,PPO,Ant-v4,3
283453,reward,2924,-174.35201439738725,-124.807,PPO,Ant-v4,3
283508,reward,2925,-165.5475945049635,-136.472,PPO,Ant-v4,3
283569,reward,2926,-213.9939142084355,-143.165,PPO,Ant-v4,3
283585,reward,2927,-50.44767227378732,-139.036,PPO,Ant-v4,3
283626,reward,2928,-167.38416953494092,-146.342,PPO,Ant-v4,3
283669,reward,2929,-145.97334680641583,-120.126,PPO,Ant-v4,3
283784,reward,2930,-385.6234033745729,-151.727,PPO,Ant-v4,3
283808,reward,2931,-78.20833468264159,-155.113,PPO,Ant-v4,3
283822,reward,2932,-40.18305183388232,-150.497,PPO,Ant-v4,3
283840,reward,2933,-76.01835430972248,-149.773,PPO,Ant-v4,3
283905,reward,2934,-204.57069692988037,-152.795,PPO,Ant-v4,3
284004,reward,2935,-333.23678020276776,-169.564,PPO,Ant-v4,3
284037,reward,2936,-116.29082122090522,-159.794,PPO,Ant-v4,3
284055,reward,2937,-74.10149217416908,-162.159,PPO,Ant-v4,3
284092,reward,2938,-133.09816927601088,-158.73,PPO,Ant-v4,3
284152,reward,2939,-211.44282970475754,-165.277,PPO,Ant-v4,3
284186,reward,2940,-135.46582224125365,-140.262,PPO,Ant-v4,3
284204,reward,2941,-55.39283862595001,-137.98,PPO,Ant-v4,3
284231,reward,2942,-97.4235993841794,-143.704,PPO,Ant-v4,3
284253,reward,2943,-72.79667116187636,-143.382,PPO,Ant-v4,3
284297,reward,2944,-148.25448403753427,-137.75,PPO,Ant-v4,3
284402,reward,2945,-464.48284972080415,-150.875,PPO,Ant-v4,3
284482,reward,2946,-242.4772391745442,-163.494,PPO,Ant-v4,3
284499,reward,2947,-55.527980140438515,-161.636,PPO,Ant-v4,3
284536,reward,2948,-131.20133849344057,-161.447,PPO,Ant-v4,3
284647,reward,2949,-448.83446476661766,-185.186,PPO,Ant-v4,3
284673,reward,2950,-101.70876924507382,-181.81,PPO,Ant-v4,3
284693,reward,2951,-68.21992053236953,-183.093,PPO,Ant-v4,3
284732,reward,2952,-154.3926943831138,-188.79,PPO,Ant-v4,3
284776,reward,2953,-130.03062039483052,-194.513,PPO,Ant-v4,3
284807,reward,2954,-121.97203130585707,-191.885,PPO,Ant-v4,3
284844,reward,2955,-134.04930630681906,-158.841,PPO,Ant-v4,3
285676,reward,2956,-2764.1979734044085,-411.014,PPO,Ant-v4,3
285689,reward,2957,-36.30529613517573,-409.091,PPO,Ant-v4,3
285705,reward,2958,-90.15440495865765,-404.987,PPO,Ant-v4,3
285745,reward,2959,-143.61433651650088,-374.465,PPO,Ant-v4,3
285763,reward,2960,-85.02131885480014,-372.796,PPO,Ant-v4,3
285781,reward,2961,-84.53088483594279,-374.427,PPO,Ant-v4,3
285814,reward,2962,-149.771122347636,-373.965,PPO,Ant-v4,3
285836,reward,2963,-62.17176805235232,-367.179,PPO,Ant-v4,3
285850,reward,2964,-61.559491491672276,-361.138,PPO,Ant-v4,3
285865,reward,2965,-41.89653216107252,-351.922,PPO,Ant-v4,3
286720,loss,-0.07635333389043808,23.730283737182617,PPO,Ant-v4,3
286865,reward,2966,-3444.061707047198,-419.909,PPO,Ant-v4,3
286887,reward,2967,-70.09607561991618,-423.288,PPO,Ant-v4,3
286926,reward,2968,-153.76195545097204,-429.649,PPO,Ant-v4,3
286945,reward,2969,-102.41523633793486,-425.529,PPO,Ant-v4,3
286968,reward,2970,-108.13530675151583,-427.84,PPO,Ant-v4,3
286981,reward,2971,-72.70468930566054,-426.657,PPO,Ant-v4,3
286989,reward,2972,-33.5020523118111,-415.03,PPO,Ant-v4,3
287032,reward,2973,-183.00719591679245,-427.114,PPO,Ant-v4,3
287078,reward,2974,-125.22673403513124,-433.481,PPO,Ant-v4,3
287092,reward,2975,-31.618411253751837,-432.453,PPO,Ant-v4,3
287154,reward,2976,-172.60480100057438,-105.307,PPO,Ant-v4,3
287175,reward,2977,-47.78505711931539,-103.076,PPO,Ant-v4,3
287232,reward,2978,-242.6873701420987,-111.969,PPO,Ant-v4,3
287246,reward,2979,-62.21630418903451,-107.949,PPO,Ant-v4,3
287285,reward,2980,-134.83684462887254,-110.619,PPO,Ant-v4,3
287340,reward,2981,-222.32361524572937,-125.581,PPO,Ant-v4,3
287405,reward,2982,-243.89985346828698,-146.621,PPO,Ant-v4,3
287452,reward,2983,-184.53698995604984,-146.774,PPO,Ant-v4,3
287467,reward,2984,-77.24475650673433,-141.975,PPO,Ant-v4,3
287504,reward,2985,-137.54208814387414,-152.568,PPO,Ant-v4,3
287538,reward,2986,-141.40447225944666,-149.448,PPO,Ant-v4,3
287558,reward,2987,-52.96423523395604,-149.966,PPO,Ant-v4,3
287568,reward,2988,-54.07523401394529,-131.104,PPO,Ant-v4,3
287590,reward,2989,-94.3272413599284,-134.316,PPO,Ant-v4,3
287605,reward,2990,-40.78011221049377,-124.91,PPO,Ant-v4,3
287623,reward,2991,-53.079615067529076,-107.985,PPO,Ant-v4,3
287649,reward,2992,-92.72224244009917,-92.868,PPO,Ant-v4,3
287661,reward,2993,-61.96411584126954,-80.61,PPO,Ant-v4,3
287727,reward,2994,-221.9531393161611,-95.081,PPO,Ant-v4,3
287818,reward,2995,-369.1664435338872,-118.244,PPO,Ant-v4,3
287891,reward,2996,-298.0745646416206,-133.911,PPO,Ant-v4,3
287913,reward,2997,-111.58250875200837,-139.773,PPO,Ant-v4,3
287987,reward,2998,-274.9285983502758,-161.858,PPO,Ant-v4,3
288026,reward,2999,-109.75602366085876,-163.401,PPO,Ant-v4,3
288070,reward,3000,-188.54559132197912,-178.177,PPO,Ant-v4,3
288118,reward,3001,-190.53830196385604,-191.923,PPO,Ant-v4,3
288228,reward,3002,-402.319962935428,-222.883,PPO,Ant-v4,3
288241,reward,3003,-49.663026336883576,-221.653,PPO,Ant-v4,3
288281,reward,3004,-139.12029971610073,-213.37,PPO,Ant-v4,3
288298,reward,3005,-62.2443107078729,-182.677,PPO,Ant-v4,3
288309,reward,3006,-37.62544691911624,-156.632,PPO,Ant-v4,3
288320,reward,3007,-35.7146978481922,-149.046,PPO,Ant-v4,3
288345,reward,3008,-88.59546081049265,-130.412,PPO,Ant-v4,3
288762,reward,3009,-1480.730356905015,-267.51,PPO,Ant-v4,3
288810,reward,3010,-191.85724537277954,-267.841,PPO,Ant-v4,3
288853,reward,3011,-127.48319073974164,-261.535,PPO,Ant-v4,3
288929,reward,3012,-284.0135846674651,-249.705,PPO,Ant-v4,3
289047,reward,3013,-455.59809761924276,-290.298,PPO,Ant-v4,3
289083,reward,3014,-150.40538360261834,-291.427,PPO,Ant-v4,3
289117,reward,3015,-126.14830620315273,-297.817,PPO,Ant-v4,3
289159,reward,3016,-145.94167289325884,-308.649,PPO,Ant-v4,3
289182,reward,3017,-108.50510502432732,-315.928,PPO,Ant-v4,3
290000,speed,1370.94,3.5,PPO,Ant-v4,3
290182,reward,3018,-3500.289779774816,-657.097,PPO,Ant-v4,3
290228,reward,3019,-162.69451824064956,-525.294,PPO,Ant-v4,3
290249,reward,3020,-33.42391990429145,-509.45,PPO,Ant-v4,3
290289,reward,3021,-144.1146918917758,-511.114,PPO,Ant-v4,3
290312,reward,3022,-99.573410432431,-492.669,PPO,Ant-v4,3
290363,reward,3023,-146.93436793577166,-461.803,PPO,Ant-v4,3
290403,reward,3024,-115.52422458447826,-458.315,PPO,Ant-v4,3
290425,reward,3025,-90.54844566652412,-454.755,PPO,Ant-v4,3
290491,reward,3026,-232.21759530693217,-463.383,PPO,Ant-v4,3
290605,reward,3027,-449.6183886303214,-497.494,PPO,Ant-v4,3
290655,reward,3028,-174.98324391044093,-164.963,PPO,Ant-v4,3
290743,reward,3029,-233.25677448624148,-172.02,PPO,Ant-v4,3
290823,reward,3030,-239.59075320455656,-192.636,PPO,Ant-v4,3
291823,reward,3031,-3543.058109148101,-532.531,PPO,Ant-v4,3
291875,reward,3032,-222.1960309517779,-544.793,PPO,Ant-v4,3
291906,reward,3033,-86.24694863721729,-538.724,PPO,Ant-v4,3
291942,reward,3034,-133.94028069050904,-540.566,PPO,Ant-v4,3
291980,reward,3035,-135.03384471661502,-545.014,PPO,Ant-v4,3
292096,reward,3036,-421.2517535624096,-563.918,PPO,Ant-v4,3
292177,reward,3037,-297.16964646768537,-548.673,PPO,Ant-v4,3
292224,reward,3038,-203.77955674339447,-551.552,PPO,Ant-v4,3
292282,reward,3039,-210.54988977338095,-549.282,PPO,Ant-v4,3
293282,reward,3040,-3573.7251023345016,-882.695,PPO,Ant-v4,3
293316,reward,3041,-94.62682125562762,-537.852,PPO,Ant-v4,3
293364,reward,3042,-200.61672937083534,-535.694,PPO,Ant-v4,3
293389,reward,3043,-104.83073096702442,-537.552,PPO,Ant-v4,3
294389,reward,3044,-3592.0645043860527,-883.365,PPO,Ant-v4,3
294406,reward,3045,-45.393057075946096,-874.401,PPO,Ant-v4,3
294431,reward,3046,-82.25228166428738,-840.501,PPO,Ant-v4,3
294453,reward,3047,-57.85177512282216,-816.569,PPO,Ant-v4,3
294506,reward,3048,-183.0706673917322,-814.498,PPO,Ant-v4,3
294634,reward,3049,-533.1202835943218,-846.755,PPO,Ant-v4,3
294645,reward,3050,-42.812243005031476,-493.664,PPO,Ant-v4,3
294716,reward,3051,-243.42568598494742,-508.544,PPO,Ant-v4,3
294740,reward,3052,-85.8360641515495,-497.066,PPO,Ant-v4,3
294773,reward,3053,-122.93564374146429,-498.876,PPO,Ant-v4,3
294804,reward,3054,-149.91604936767914,-154.661,PPO,Ant-v4,3
294851,reward,3055,-192.06960066777995,-169.329,PPO,Ant-v4,3
294864,reward,3056,-48.08984914236999,-165.913,PPO,Ant-v4,3
294895,reward,3057,-134.3176770031116,-173.559,PPO,Ant-v4,3
294912,loss,-0.08391595631837845,37.9747428894043,PPO,Ant-v4,3
294923,reward,3058,-120.84589400138363,-167.337,PPO,Ant-v4,3
295064,reward,3059,-554.7538034890697,-169.5,PPO,Ant-v4,3
295082,reward,3060,-71.22342079883964,-172.341,PPO,Ant-v4,3
295107,reward,3061,-80.55515706392174,-156.054,PPO,Ant-v4,3
295128,reward,3062,-65.84533782152016,-154.055,PPO,Ant-v4,3
295146,reward,3063,-48.51275626721029,-146.613,PPO,Ant-v4,3
295159,reward,3064,-67.0115488197239,-138.323,PPO,Ant-v4,3
295172,reward,3065,-39.54814048727436,-123.07,PPO,Ant-v4,3
295191,reward,3066,-83.44994810741774,-126.606,PPO,Ant-v4,3
296191,reward,3067,-3685.7170048588678,-481.746,PPO,Ant-v4,3
296226,reward,3068,-136.48325388728412,-483.31,PPO,Ant-v4,3
296261,reward,3069,-145.85591318308985,-442.42,PPO,Ant-v4,3
296274,reward,3070,-58.45242819869864,-441.143,PPO,Ant-v4,3
296285,reward,3071,-36.32656640456084,-436.72,PPO,Ant-v4,3
296304,reward,3072,-73.5424547141862,-437.49,PPO,Ant-v4,3
296318,reward,3073,-52.88270454294618,-437.927,PPO,Ant-v4,3
296336,reward,3074,-64.94143399688949,-437.72,PPO,Ant-v4,3
296392,reward,3075,-211.08289089428905,-454.873,PPO,Ant-v4,3
296415,reward,3076,-77.20834524796597,-454.249,PPO,Ant-v4,3
296500,reward,3077,-324.1270005306471,-118.09,PPO,Ant-v4,3
296520,reward,3078,-58.766128732427426,-110.319,PPO,Ant-v4,3
296538,reward,3079,-84.64180830316322,-104.197,PPO,Ant-v4,3
296589,reward,3080,-188.84045299274382,-117.236,PPO,Ant-v4,3
296655,reward,3081,-218.99784921605183,-135.503,PPO,Ant-v4,3
296681,reward,3082,-98.59348938267021,-138.008,PPO,Ant-v4,3
296699,reward,3083,-85.10065105569963,-141.23,PPO,Ant-v4,3
296728,reward,3084,-101.30529254170915,-144.866,PPO,Ant-v4,3
296773,reward,3085,-190.56761504935835,-142.815,PPO,Ant-v4,3
296795,reward,3086,-89.87654527695162,-144.082,PPO,Ant-v4,3
296806,reward,3087,-51.23515996338528,-116.792,PPO,Ant-v4,3
296834,reward,3088,-108.4516696036209,-121.761,PPO,Ant-v4,3
296942,reward,3089,-348.30134935347695,-148.127,PPO,Ant-v4,3
296993,reward,3090,-135.2039724521426,-142.763,PPO,Ant-v4,3
297033,reward,3091,-200.7535106165855,-140.939,PPO,Ant-v4,3
297064,reward,3092,-141.58812552252715,-145.238,PPO,Ant-v4,3
297106,reward,3093,-156.43652376766477,-152.372,PPO,Ant-v4,3
297172,reward,3094,-243.07803844654114,-166.549,PPO,Ant-v4,3
297249,reward,3095,-298.26000010169633,-177.318,PPO,Ant-v4,3
297279,reward,3096,-94.8980799051711,-177.821,PPO,Ant-v4,3
297323,reward,3097,-155.00061989190186,-188.197,PPO,Ant-v4,3
297359,reward,3098,-85.14017549158535,-185.866,PPO,Ant-v4,3
297386,reward,3099,-90.35605611553862,-160.072,PPO,Ant-v4,3
297407,reward,3100,-62.84028393885546,-152.835,PPO,Ant-v4,3
297423,reward,3101,-61.08058472768247,-138.868,PPO,Ant-v4,3
297505,reward,3102,-287.8708997813362,-153.496,PPO,Ant-v4,3
297583,reward,3103,-305.904611645529,-168.443,PPO,Ant-v4,3
297602,reward,3104,-60.51755914961366,-150.187,PPO,Ant-v4,3
297618,reward,3105,-43.9086263866515,-124.752,PPO,Ant-v4,3
297727,reward,3106,-366.31006607966884,-151.893,PPO,Ant-v4,3
297740,reward,3107,-42.77633956343701,-140.671,PPO,Ant-v4,3
297772,reward,3108,-172.7592551626156,-149.432,PPO,Ant-v4,3
297839,reward,3109,-261.8313514691851,-166.58,PPO,Ant-v4,3
297858,reward,3110,-94.37955155808328,-169.734,PPO,Ant-v4,3
297926,reward,3111,-265.2839005223362,-190.154,PPO,Ant-v4,3
298024,reward,3112,-364.1975710670917,-197.787,PPO,Ant-v4,3
298088,reward,3113,-232.73602260481488,-190.47,PPO,Ant-v4,3
298148,reward,3114,-160.31826022852132,-200.45,PPO,Ant-v4,3
298239,reward,3115,-361.0501117045984,-232.164,PPO,Ant-v4,3
298337,reward,3116,-472.91973634363706,-242.825,PPO,Ant-v4,3
298347,reward,3117,-57.75117801248959,-244.323,PPO,Ant-v4,3
298381,reward,3118,-119.01090931096385,-238.948,PPO,Ant-v4,3
298412,reward,3119,-124.08482585771792,-225.173,PPO,Ant-v4,3
298458,reward,3120,-155.07766680872214,-231.243,PPO,Ant-v4,3
298508,reward,3121,-162.2770999240342,-220.942,PPO,Ant-v4,3
298536,reward,3122,-102.10677546189629,-194.733,PPO,Ant-v4,3
298565,reward,3123,-141.00325747325033,-185.56,PPO,Ant-v4,3
298579,reward,3124,-66.01736937592246,-176.13,PPO,Ant-v4,3
298596,reward,3125,-86.57011995272678,-148.682,PPO,Ant-v4,3
298618,reward,3126,-93.94354302332965,-110.784,PPO,Ant-v4,3
298704,reward,3127,-292.45613683101664,-134.255,PPO,Ant-v4,3
298730,reward,3128,-108.74801438667131,-133.228,PPO,Ant-v4,3
298758,reward,3129,-125.29919595490301,-133.35,PPO,Ant-v4,3
298797,reward,3130,-137.54234435408955,-131.596,PPO,Ant-v4,3
298846,reward,3131,-204.42251590289627,-135.811,PPO,Ant-v4,3
298889,reward,3132,-130.36566577846847,-138.637,PPO,Ant-v4,3
298905,reward,3133,-45.90026463976083,-129.127,PPO,Ant-v4,3
298924,reward,3134,-54.8186172956661,-128.007,PPO,Ant-v4,3
298956,reward,3135,-140.63906723585526,-133.414,PPO,Ant-v4,3
298964,reward,3136,-12.746218122239313,-125.294,PPO,Ant-v4,3
298973,reward,3137,-33.07078237832445,-99.355,PPO,Ant-v4,3
298984,reward,3138,-29.71541009748755,-91.452,PPO,Ant-v4,3
298996,reward,3139,-43.202566152656914,-83.242,PPO,Ant-v4,3
299996,reward,3140,-3519.195731878958,-421.408,PPO,Ant-v4,3
300000,speed,1340.94,3.63,PPO,Ant-v4,3
300008,reward,3141,-52.36181895014983,-406.202,PPO,Ant-v4,3
300027,reward,3142,-68.26415528729045,-399.991,PPO,Ant-v4,3
300141,reward,3143,-353.5510332982851,-430.757,PPO,Ant-v4,3
301141,reward,3144,-3670.2420090175733,-792.299,PPO,Ant-v4,3
301167,reward,3145,-101.09994134364241,-788.345,PPO,Ant-v4,3
301213,reward,3146,-157.16267292176894,-802.787,PPO,Ant-v4,3
301235,reward,3147,-68.33195277467769,-806.313,PPO,Ant-v4,3
301252,reward,3148,-68.75165592751847,-810.216,PPO,Ant-v4,3
301280,reward,3149,-68.69205844149816,-812.765,PPO,Ant-v4,3
301310,reward,3150,-117.50068254151343,-472.596,PPO,Ant-v4,3
301331,reward,3151,-67.95855241410773,-474.155,PPO,Ant-v4,3
301353,reward,3152,-80.79893899984805,-475.409,PPO,Ant-v4,3
301369,reward,3153,-30.90969248188179,-443.145,PPO,Ant-v4,3
301473,reward,3154,-370.48332906642685,-113.169,PPO,Ant-v4,3
301497,reward,3155,-77.50969033673717,-110.81,PPO,Ant-v4,3
301517,reward,3156,-95.96668463694171,-104.69,PPO,Ant-v4,3
301582,reward,3157,-330.20508392231517,-130.878,PPO,Ant-v4,3
301622,reward,3158,-128.60145084057194,-136.863,PPO,Ant-v4,3
301673,reward,3159,-186.17659914246204,-148.611,PPO,Ant-v4,3
301706,reward,3160,-105.41935502380241,-147.403,PPO,Ant-v4,3
301745,reward,3161,-76.52639726142039,-148.26,PPO,Ant-v4,3
301775,reward,3162,-119.42284024094822,-152.122,PPO,Ant-v4,3
301789,reward,3163,-52.91768512057607,-154.323,PPO,Ant-v4,3
301817,reward,3164,-78.0729718301241,-125.082,PPO,Ant-v4,3
301833,reward,3165,-57.51649611800694,-123.083,PPO,Ant-v4,3
301904,reward,3166,-237.26187707962384,-137.212,PPO,Ant-v4,3
301940,reward,3167,-147.17702133653,-118.909,PPO,Ant-v4,3
301966,reward,3168,-92.1682832411357,-115.266,PPO,Ant-v4,3
301991,reward,3169,-93.48434967766329,-105.997,PPO,Ant-v4,3
302021,reward,3170,-120.63542665204031,-107.518,PPO,Ant-v4,3
302056,reward,3171,-145.84859195039306,-114.451,PPO,Ant-v4,3
302130,reward,3172,-272.18666260077487,-129.727,PPO,Ant-v4,3
302146,reward,3173,-51.7726768962394,-129.612,PPO,Ant-v4,3
302168,reward,3174,-101.49886749581476,-131.955,PPO,Ant-v4,3
302191,reward,3175,-80.5026140301844,-134.254,PPO,Ant-v4,3
302224,reward,3176,-118.2021570799236,-122.348,PPO,Ant-v4,3
302278,reward,3177,-169.01883729095087,-124.532,PPO,Ant-v4,3
302315,reward,3178,-125.93188315193404,-127.908,PPO,Ant-v4,3
302327,reward,3179,-41.16607559761042,-122.676,PPO,Ant-v4,3
302364,reward,3180,-182.414195210368,-128.854,PPO,Ant-v4,3
302383,reward,3181,-60.467701216558524,-120.316,PPO,Ant-v4,3
302413,reward,3182,-100.94145120230685,-103.192,PPO,Ant-v4,3
302453,reward,3183,-125.10368945781747,-110.525,PPO,Ant-v4,3
302505,reward,3184,-180.84460207044427,-118.459,PPO,Ant-v4,3
303104,loss,-0.06432456523180008,29.190683364868164,PPO,Ant-v4,3
303505,reward,3185,-3679.68831590851,-478.378,PPO,Ant-v4,3
303525,reward,3186,-68.27979424498146,-473.386,PPO,Ant-v4,3
303590,reward,3187,-236.3866561124014,-480.122,PPO,Ant-v4,3
303627,reward,3188,-169.73218901525036,-484.502,PPO,Ant-v4,3
303656,reward,3189,-100.32921396245251,-490.419,PPO,Ant-v4,3
303736,reward,3190,-368.35182829518504,-509.013,PPO,Ant-v4,3
303768,reward,3191,-149.91982949536094,-517.958,PPO,Ant-v4,3
303796,reward,3192,-126.08124010398579,-520.472,PPO,Ant-v4,3
303866,reward,3193,-209.7715727538471,-528.939,PPO,Ant-v4,3
303907,reward,3194,-126.97024185774781,-523.551,PPO,Ant-v4,3
303954,reward,3195,-187.7653915189798,-174.359,PPO,Ant-v4,3
303967,reward,3196,-41.512274877275445,-171.682,PPO,Ant-v4,3
304000,reward,3197,-117.91641766634638,-159.835,PPO,Ant-v4,3
304127,reward,3198,-470.48469200157314,-189.91,PPO,Ant-v4,3
304188,reward,3199,-198.04899608470186,-199.682,PPO,Ant-v4,3
304206,reward,3200,-54.54225487351283,-168.301,PPO,Ant-v4,3
304267,reward,3201,-264.9942339310765,-179.809,PPO,Ant-v4,3
304314,reward,3202,-136.8071125605155,-180.881,PPO,Ant-v4,3
304335,reward,3203,-75.39984994479185,-167.444,PPO,Ant-v4,3
304385,reward,3204,-157.50460523026373,-170.498,PPO,Ant-v4,3
304502,reward,3205,-493.93540356005803,-201.115,PPO,Ant-v4,3
304560,reward,3206,-240.624679901533,-221.026,PPO,Ant-v4,3
304634,reward,3207,-204.0323722616659,-229.637,PPO,Ant-v4,3
304661,reward,3208,-104.05445063901958,-192.994,PPO,Ant-v4,3
304675,reward,3209,-56.17793386739435,-178.807,PPO,Ant-v4,3
304707,reward,3210,-114.38837241829809,-184.792,PPO,Ant-v4,3
304748,reward,3211,-163.96617332952005,-174.689,PPO,Ant-v4,3
304772,reward,3212,-76.20467931086262,-168.629,PPO,Ant-v4,3
304804,reward,3213,-110.87616534729739,-172.176,PPO,Ant-v4,3
304838,reward,3214,-123.91850816202164,-168.818,PPO,Ant-v4,3
304852,reward,3215,-57.80898051257692,-125.205,PPO,Ant-v4,3
304936,reward,3216,-220.84919550208718,-123.228,PPO,Ant-v4,3
304967,reward,3217,-113.2656049922206,-114.151,PPO,Ant-v4,3
305073,reward,3218,-415.6309268458994,-145.309,PPO,Ant-v4,3
305180,reward,3219,-358.0956188217682,-175.5,PPO,Ant-v4,3
305256,reward,3220,-224.61036028726411,-186.523,PPO,Ant-v4,3
305321,reward,3221,-300.38001641838315,-200.164,PPO,Ant-v4,3
305339,reward,3222,-57.904949193734495,-198.334,PPO,Ant-v4,3
305358,reward,3223,-74.29041007262664,-194.675,PPO,Ant-v4,3
305373,reward,3224,-90.33652968658915,-191.317,PPO,Ant-v4,3
305426,reward,3225,-210.85673225025224,-206.622,PPO,Ant-v4,3
305484,reward,3226,-214.51916470551714,-205.989,PPO,Ant-v4,3
305555,reward,3227,-310.364020893539,-225.699,PPO,Ant-v4,3
305574,reward,3228,-87.66998912205105,-192.903,PPO,Ant-v4,3
305599,reward,3229,-79.56638143569575,-165.05,PPO,Ant-v4,3
305621,reward,3230,-41.39508937680767,-146.728,PPO,Ant-v4,3
305631,reward,3231,-25.970085675477435,-119.287,PPO,Ant-v4,3
305697,reward,3232,-235.49872638341267,-137.047,PPO,Ant-v4,3
305737,reward,3233,-181.07598346242278,-147.725,PPO,Ant-v4,3
305793,reward,3234,-188.36217096040707,-157.528,PPO,Ant-v4,3
305817,reward,3235,-85.23778908643104,-144.966,PPO,Ant-v4,3
305857,reward,3236,-133.14120643707284,-136.828,PPO,Ant-v4,3
305920,reward,3237,-183.4938763764026,-124.141,PPO,Ant-v4,3
305987,reward,3238,-220.16197324800555,-137.39,PPO,Ant-v4,3
306987,reward,3239,-3643.111659177714,-493.745,PPO,Ant-v4,3
307017,reward,3240,-80.94658608153051,-497.7,PPO,Ant-v4,3
307044,reward,3241,-106.6235860889134,-505.765,PPO,Ant-v4,3
307094,reward,3242,-156.87541978348648,-497.903,PPO,Ant-v4,3
307204,reward,3243,-377.554334582534,-517.551,PPO,Ant-v4,3
307225,reward,3244,-86.22561956452911,-507.337,PPO,Ant-v4,3
307247,reward,3245,-82.69931298287409,-507.083,PPO,Ant-v4,3
307258,reward,3246,-44.189653298984226,-498.188,PPO,Ant-v4,3
307331,reward,3247,-267.6625619664223,-506.605,PPO,Ant-v4,3
307404,reward,3248,-294.01275147794354,-513.99,PPO,Ant-v4,3
307438,reward,3249,-104.76906498075189,-160.156,PPO,Ant-v4,3
307463,reward,3250,-124.8119893153446,-164.542,PPO,Ant-v4,3
307490,reward,3251,-116.94680195083824,-165.575,PPO,Ant-v4,3
307521,reward,3252,-95.48198477423833,-159.435,PPO,Ant-v4,3
307597,reward,3253,-255.564703862989,-147.236,PPO,Ant-v4,3
307638,reward,3254,-177.65018064950004,-156.379,PPO,Ant-v4,3
307673,reward,3255,-127.86990356611268,-160.896,PPO,Ant-v4,3
307770,reward,3256,-411.02924444615155,-197.58,PPO,Ant-v4,3
307809,reward,3257,-118.66674289259078,-182.68,PPO,Ant-v4,3
307844,reward,3258,-146.00830156808956,-167.88,PPO,Ant-v4,3
307878,reward,3259,-122.89508400146647,-169.692,PPO,Ant-v4,3
307923,reward,3260,-127.02015932817449,-169.913,PPO,Ant-v4,3
307951,reward,3261,-55.14041527428399,-163.733,PPO,Ant-v4,3
307974,reward,3262,-65.51313487468191,-160.736,PPO,Ant-v4,3
308045,reward,3263,-247.85883254133674,-159.965,PPO,Ant-v4,3
308075,reward,3264,-116.34655283422846,-153.835,PPO,Ant-v4,3
308180,reward,3265,-333.7381423619029,-174.422,PPO,Ant-v4,3
308209,reward,3266,-77.59601665776896,-141.078,PPO,Ant-v4,3
308349,reward,3267,-490.74866383698435,-178.287,PPO,Ant-v4,3
308376,reward,3268,-120.75359048852181,-175.761,PPO,Ant-v4,3
308458,reward,3269,-269.49464863572,-190.421,PPO,Ant-v4,3
308541,reward,3270,-317.7402946827902,-209.493,PPO,Ant-v4,3
308615,reward,3271,-261.81450562206396,-230.16,PPO,Ant-v4,3
308643,reward,3272,-114.50235457852978,-235.059,PPO,Ant-v4,3
308658,reward,3273,-60.16031524396892,-216.29,PPO,Ant-v4,3
308693,reward,3274,-112.44038848915476,-215.899,PPO,Ant-v4,3
308714,reward,3275,-72.63205004653567,-189.788,PPO,Ant-v4,3
308754,reward,3276,-195.422985830568,-201.571,PPO,Ant-v4,3
308790,reward,3277,-119.17501209385158,-164.414,PPO,Ant-v4,3
308825,reward,3278,-124.18963697803638,-164.757,PPO,Ant-v4,3
309825,reward,3279,-3639.455322305401,-501.753,PPO,Ant-v4,3
309873,reward,3280,-172.79038506883052,-487.258,PPO,Ant-v4,3
309892,reward,3281,-85.10781651376598,-469.588,PPO,Ant-v4,3
309918,reward,3282,-91.42487516634228,-467.28,PPO,Ant-v4,3
310000,speed,1388.08,3.75,PPO,Ant-v4,3
310061,reward,3283,-459.6699978628499,-507.231,PPO,Ant-v4,3
310104,reward,3284,-135.97990610873853,-509.585,PPO,Ant-v4,3
310115,reward,3285,-49.954580824579715,-507.317,PPO,Ant-v4,3
310126,reward,3286,-41.90393183896251,-491.965,PPO,Ant-v4,3
310214,reward,3287,-380.53555043568207,-518.101,PPO,Ant-v4,3
