step,tag
26,reward,1,4.644621514333088,4.645,P3O-dyn+AdaReset+HardDistill,Hopper-v4,2
34,reward,2,4.7000314804911785,4.672,P3O-dyn+AdaReset+HardDistill,Hopper-v4,2
42,reward,3,4.462683449535249,4.602,P3O-dyn+AdaReset+HardDistill,Hopper-v4,2
54,reward,4,8.316575022350971,5.531,P3O-dyn+AdaReset+HardDistill,Hopper-v4,2
82,reward,5,15.559281195395695,7.537,P3O-dyn+AdaReset+HardDistill,Hopper-v4,2
95,reward,6,10.44382514656629,8.021,P3O-dyn+AdaReset+HardDistill,Hopper-v4,2
113,reward,7,14.061737453724007,8.884,P3O-dyn+AdaReset+HardDistill,Hopper-v4,2
122,reward,8,5.3984121304791355,8.448,P3O-dyn+AdaReset+HardDistill,Hopper-v4,2
144,reward,9,11.85070392344249,8.826,P3O-dyn+AdaReset+HardDistill,Hopper-v4,2
163,reward,10,18.824591479516002,9.826,P3O-dyn+AdaReset+HardDistill,Hopper-v4,2
182,reward,11,5.797295519814464,9.942,P3O-dyn+AdaReset+HardDistill,Hopper-v4,2
197,reward,12,8.6543593696558,10.337,P3O-dyn+AdaReset+HardDistill,Hopper-v4,2
216,reward,13,16.448452776758792,11.536,P3O-dyn+AdaReset+HardDistill,Hopper-v4,2
232,reward,14,11.608486193568542,11.865,P3O-dyn+AdaReset+HardDistill,Hopper-v4,2
248,reward,15,11.36601764219817,11.445,P3O-dyn+AdaReset+HardDistill,Hopper-v4,2
263,reward,16,16.534932225304924,12.054,P3O-dyn+AdaReset+HardDistill,Hopper-v4,2
275,reward,17,10.77711220907539,11.726,P3O-dyn+AdaReset+HardDistill,Hopper-v4,2
291,reward,18,12.7761143325251,12.464,P3O-dyn+AdaReset+HardDistill,Hopper-v4,2
308,reward,19,14.652834339548923,12.744,P3O-dyn+AdaReset+HardDistill,Hopper-v4,2
318,reward,20,6.092424877066798,11.471,P3O-dyn+AdaReset+HardDistill,Hopper-v4,2
338,reward,21,13.61452525179351,12.253,P3O-dyn+AdaReset+HardDistill,Hopper-v4,2
368,reward,22,32.85719890920173,14.673,P3O-dyn+AdaReset+HardDistill,Hopper-v4,2
420,reward,23,71.31047740921834,20.159,P3O-dyn+AdaReset+HardDistill,Hopper-v4,2
433,reward,24,6.690733526808778,19.667,P3O-dyn+AdaReset+HardDistill,Hopper-v4,2
444,reward,25,8.635110247872493,19.394,P3O-dyn+AdaReset+HardDistill,Hopper-v4,2
454,reward,26,6.459013426046816,18.387,P3O-dyn+AdaReset+HardDistill,Hopper-v4,2
470,reward,27,10.199453026887074,18.329,P3O-dyn+AdaReset+HardDistill,Hopper-v4,2
483,reward,28,7.222071640325765,17.773,P3O-dyn+AdaReset+HardDistill,Hopper-v4,2
494,reward,29,5.6964629875711505,16.878,P3O-dyn+AdaReset+HardDistill,Hopper-v4,2
513,reward,30,11.47927347914676,17.416,P3O-dyn+AdaReset+HardDistill,Hopper-v4,2
527,reward,31,6.184433706460718,16.673,P3O-dyn+AdaReset+HardDistill,Hopper-v4,2
559,reward,32,9.766534499902273,14.364,P3O-dyn+AdaReset+HardDistill,Hopper-v4,2
569,reward,33,5.151280179663953,7.748,P3O-dyn+AdaReset+HardDistill,Hopper-v4,2
585,reward,34,11.195805883867745,8.199,P3O-dyn+AdaReset+HardDistill,Hopper-v4,2
604,reward,35,20.531286680636807,9.389,P3O-dyn+AdaReset+HardDistill,Hopper-v4,2
624,reward,36,8.30553242569049,9.573,P3O-dyn+AdaReset+HardDistill,Hopper-v4,2
634,reward,37,5.0814164400782325,9.061,P3O-dyn+AdaReset+HardDistill,Hopper-v4,2
652,reward,38,5.322405006193033,8.871,P3O-dyn+AdaReset+HardDistill,Hopper-v4,2
666,reward,39,12.44836478718921,9.547,P3O-dyn+AdaReset+HardDistill,Hopper-v4,2
678,reward,40,8.076806767665543,9.206,P3O-dyn+AdaReset+HardDistill,Hopper-v4,2
692,reward,41,10.667896285313565,9.655,P3O-dyn+AdaReset+HardDistill,Hopper-v4,2
709,reward,42,14.294868181186255,10.108,P3O-dyn+AdaReset+HardDistill,Hopper-v4,2
735,reward,43,31.593575820079455,12.752,P3O-dyn+AdaReset+HardDistill,Hopper-v4,2
747,reward,44,7.279867599433659,12.36,P3O-dyn+AdaReset+HardDistill,Hopper-v4,2
789,reward,45,58.721211616729214,16.179,P3O-dyn+AdaReset+HardDistill,Hopper-v4,2
803,reward,46,8.47348114372115,16.196,P3O-dyn+AdaReset+HardDistill,Hopper-v4,2
816,reward,47,10.316371783220461,16.719,P3O-dyn+AdaReset+HardDistill,Hopper-v4,2
830,reward,48,6.576361416981646,16.845,P3O-dyn+AdaReset+HardDistill,Hopper-v4,2
845,reward,49,11.91665263697542,16.792,P3O-dyn+AdaReset+HardDistill,Hopper-v4,2
862,reward,50,13.616149924537934,17.346,P3O-dyn+AdaReset+HardDistill,Hopper-v4,2
885,reward,51,7.672359945046726,17.046,P3O-dyn+AdaReset+HardDistill,Hopper-v4,2
899,reward,52,7.011259832013233,16.318,P3O-dyn+AdaReset+HardDistill,Hopper-v4,2
907,reward,53,6.162491318796997,13.775,P3O-dyn+AdaReset+HardDistill,Hopper-v4,2
920,reward,54,10.085095335871817,14.055,P3O-dyn+AdaReset+HardDistill,Hopper-v4,2
931,reward,55,4.530438663624746,8.636,P3O-dyn+AdaReset+HardDistill,Hopper-v4,2
943,reward,56,8.24272726628567,8.613,P3O-dyn+AdaReset+HardDistill,Hopper-v4,2
966,reward,57,10.603737463694682,8.642,P3O-dyn+AdaReset+HardDistill,Hopper-v4,2
993,reward,58,22.118052351458395,10.196,P3O-dyn+AdaReset+HardDistill,Hopper-v4,2
1005,reward,59,4.672696488818344,9.472,P3O-dyn+AdaReset+HardDistill,Hopper-v4,2
1028,reward,60,7.207688433604754,8.831,P3O-dyn+AdaReset+HardDistill,Hopper-v4,2
1043,reward,61,6.403913017785623,8.704,P3O-dyn+AdaReset+HardDistill,Hopper-v4,2
1053,reward,62,8.520958968227209,8.855,P3O-dyn+AdaReset+HardDistill,Hopper-v4,2
1080,reward,63,21.885044490529094,10.427,P3O-dyn+AdaReset+HardDistill,Hopper-v4,2
1100,reward,64,6.937603399858739,10.112,P3O-dyn+AdaReset+HardDistill,Hopper-v4,2
1115,reward,65,9.51193084923897,10.61,P3O-dyn+AdaReset+HardDistill,Hopper-v4,2
1125,reward,66,4.632863063008952,10.249,P3O-dyn+AdaReset+HardDistill,Hopper-v4,2
1150,reward,67,17.415741840107867,10.931,P3O-dyn+AdaReset+HardDistill,Hopper-v4,2
1157,reward,68,5.0761350401283725,9.226,P3O-dyn+AdaReset+HardDistill,Hopper-v4,2
1166,reward,69,6.709229424083446,9.43,P3O-dyn+AdaReset+HardDistill,Hopper-v4,2
1178,reward,70,6.946218726144309,9.404,P3O-dyn+AdaReset+HardDistill,Hopper-v4,2
1189,reward,71,10.794723422217801,9.843,P3O-dyn+AdaReset+HardDistill,Hopper-v4,2
1238,reward,72,29.660848914003758,11.957,P3O-dyn+AdaReset+HardDistill,Hopper-v4,2
1256,reward,73,8.97581854663765,10.666,P3O-dyn+AdaReset+HardDistill,Hopper-v4,2
1269,reward,74,7.819486968342099,10.754,P3O-dyn+AdaReset+HardDistill,Hopper-v4,2
1295,reward,75,12.82293985589477,11.085,P3O-dyn+AdaReset+HardDistill,Hopper-v4,2
1308,reward,76,8.654448535199194,11.488,P3O-dyn+AdaReset+HardDistill,Hopper-v4,2
1331,reward,77,16.931938814874417,11.439,P3O-dyn+AdaReset+HardDistill,Hopper-v4,2
1343,reward,78,5.743587828883107,11.506,P3O-dyn+AdaReset+HardDistill,Hopper-v4,2
1355,reward,79,8.040677584201775,11.639,P3O-dyn+AdaReset+HardDistill,Hopper-v4,2
1378,reward,80,13.289421335677481,12.273,P3O-dyn+AdaReset+HardDistill,Hopper-v4,2
1390,reward,81,6.707817837908567,11.865,P3O-dyn+AdaReset+HardDistill,Hopper-v4,2
1413,reward,82,16.195942704124576,10.518,P3O-dyn+AdaReset+HardDistill,Hopper-v4,2
1433,reward,83,18.048256602639142,11.425,P3O-dyn+AdaReset+HardDistill,Hopper-v4,2
1443,reward,84,6.640875017696708,11.308,P3O-dyn+AdaReset+HardDistill,Hopper-v4,2
1458,reward,85,10.80627867194673,11.106,P3O-dyn+AdaReset+HardDistill,Hopper-v4,2
1468,reward,86,5.599782665392796,10.8,P3O-dyn+AdaReset+HardDistill,Hopper-v4,2
1492,reward,87,17.80706246674751,10.888,P3O-dyn+AdaReset+HardDistill,Hopper-v4,2
1506,reward,88,6.963197435010603,11.01,P3O-dyn+AdaReset+HardDistill,Hopper-v4,2
1523,reward,89,7.585536610276385,10.964,P3O-dyn+AdaReset+HardDistill,Hopper-v4,2
1539,reward,90,12.992866690664115,10.935,P3O-dyn+AdaReset+HardDistill,Hopper-v4,2
1555,reward,91,10.512164358782123,11.315,P3O-dyn+AdaReset+HardDistill,Hopper-v4,2
1564,reward,92,6.197405162971109,10.315,P3O-dyn+AdaReset+HardDistill,Hopper-v4,2
1593,reward,93,42.946394565169676,12.805,P3O-dyn+AdaReset+HardDistill,Hopper-v4,2
1618,reward,94,9.096802510690042,13.051,P3O-dyn+AdaReset+HardDistill,Hopper-v4,2
1634,reward,95,9.423303351324435,12.912,P3O-dyn+AdaReset+HardDistill,Hopper-v4,2
1661,reward,96,9.11333687378772,13.264,P3O-dyn+AdaReset+HardDistill,Hopper-v4,2
1675,reward,97,9.286792956832029,12.412,P3O-dyn+AdaReset+HardDistill,Hopper-v4,2
1689,reward,98,9.79019348321033,12.694,P3O-dyn+AdaReset+HardDistill,Hopper-v4,2
1704,reward,99,8.537307347378883,12.79,P3O-dyn+AdaReset+HardDistill,Hopper-v4,2
1737,reward,100,28.951861357151095,14.386,P3O-dyn+AdaReset+HardDistill,Hopper-v4,2
1748,reward,101,6.203004376881896,13.955,P3O-dyn+AdaReset+HardDistill,Hopper-v4,2
1759,reward,102,7.492570011261766,14.084,P3O-dyn+AdaReset+HardDistill,Hopper-v4,2
1771,reward,103,10.129673523404833,10.802,P3O-dyn+AdaReset+HardDistill,Hopper-v4,2
1789,reward,104,16.92918467529623,11.586,P3O-dyn+AdaReset+HardDistill,Hopper-v4,2
1805,reward,105,11.551725600556365,11.799,P3O-dyn+AdaReset+HardDistill,Hopper-v4,2
1813,reward,106,5.19115299323573,11.406,P3O-dyn+AdaReset+HardDistill,Hopper-v4,2
1831,reward,107,9.149492253864299,11.393,P3O-dyn+AdaReset+HardDistill,Hopper-v4,2
1852,reward,108,8.118201539693201,11.225,P3O-dyn+AdaReset+HardDistill,Hopper-v4,2
1871,reward,109,17.103684833128078,12.082,P3O-dyn+AdaReset+HardDistill,Hopper-v4,2
1895,reward,110,18.509545879891384,11.038,P3O-dyn+AdaReset+HardDistill,Hopper-v4,2
1924,reward,111,25.057282573313923,12.923,P3O-dyn+AdaReset+HardDistill,Hopper-v4,2
1933,reward,112,5.351783949594474,12.709,P3O-dyn+AdaReset+HardDistill,Hopper-v4,2
1953,reward,113,13.228576907790119,13.019,P3O-dyn+AdaReset+HardDistill,Hopper-v4,2
1965,reward,114,7.477979704109945,12.074,P3O-dyn+AdaReset+HardDistill,Hopper-v4,2
1977,reward,115,9.15660254312224,11.834,P3O-dyn+AdaReset+HardDistill,Hopper-v4,2
1986,reward,116,5.7514524113665395,11.89,P3O-dyn+AdaReset+HardDistill,Hopper-v4,2
2008,reward,117,11.116556913036465,12.087,P3O-dyn+AdaReset+HardDistill,Hopper-v4,2
2022,reward,118,7.575015180591872,12.033,P3O-dyn+AdaReset+HardDistill,Hopper-v4,2
2037,reward,119,7.9284936348967445,11.115,P3O-dyn+AdaReset+HardDistill,Hopper-v4,2
2045,reward,120,6.069145963175289,9.871,P3O-dyn+AdaReset+HardDistill,Hopper-v4,2
2058,reward,121,10.20309080102265,8.386,P3O-dyn+AdaReset+HardDistill,Hopper-v4,2
2070,reward,122,6.618714377662255,8.513,P3O-dyn+AdaReset+HardDistill,Hopper-v4,2
2089,reward,123,8.86700962029936,8.076,P3O-dyn+AdaReset+HardDistill,Hopper-v4,2
2100,reward,124,8.76055210730858,8.205,P3O-dyn+AdaReset+HardDistill,Hopper-v4,2
2121,reward,125,17.832256702181457,9.072,P3O-dyn+AdaReset+HardDistill,Hopper-v4,2
2137,reward,126,6.445476898052833,9.142,P3O-dyn+AdaReset+HardDistill,Hopper-v4,2
2154,reward,127,14.801336636999542,9.51,P3O-dyn+AdaReset+HardDistill,Hopper-v4,2
2175,reward,128,14.588848744894612,10.211,P3O-dyn+AdaReset+HardDistill,Hopper-v4,2
2184,reward,129,6.963660949247993,10.115,P3O-dyn+AdaReset+HardDistill,Hopper-v4,2
2206,reward,130,13.240862143802419,10.832,P3O-dyn+AdaReset+HardDistill,Hopper-v4,2
2217,reward,131,6.543599125628251,10.466,P3O-dyn+AdaReset+HardDistill,Hopper-v4,2
2237,reward,132,10.122542402389449,10.817,P3O-dyn+AdaReset+HardDistill,Hopper-v4,2
2251,reward,133,12.881668295042834,11.218,P3O-dyn+AdaReset+HardDistill,Hopper-v4,2
2260,reward,134,7.224827332283356,11.065,P3O-dyn+AdaReset+HardDistill,Hopper-v4,2
2279,reward,135,14.61081855914169,10.742,P3O-dyn+AdaReset+HardDistill,Hopper-v4,2
2289,reward,136,6.579487028079662,10.756,P3O-dyn+AdaReset+HardDistill,Hopper-v4,2
2303,reward,137,12.873219581229606,10.563,P3O-dyn+AdaReset+HardDistill,Hopper-v4,2
2315,reward,138,6.1829370830756565,9.722,P3O-dyn+AdaReset+HardDistill,Hopper-v4,2
2328,reward,139,7.3020326550660535,9.756,P3O-dyn+AdaReset+HardDistill,Hopper-v4,2
2356,reward,140,21.763158323623337,10.608,P3O-dyn+AdaReset+HardDistill,Hopper-v4,2
2365,reward,141,6.919496474247397,10.646,P3O-dyn+AdaReset+HardDistill,Hopper-v4,2
2386,reward,142,18.121486500146464,11.446,P3O-dyn+AdaReset+HardDistill,Hopper-v4,2
2400,reward,143,8.470851138569166,11.005,P3O-dyn+AdaReset+HardDistill,Hopper-v4,2
2412,reward,144,8.698394594284316,11.152,P3O-dyn+AdaReset+HardDistill,Hopper-v4,2
2424,reward,145,8.645575507702649,10.556,P3O-dyn+AdaReset+HardDistill,Hopper-v4,2
2432,reward,146,3.4769346061300084,10.245,P3O-dyn+AdaReset+HardDistill,Hopper-v4,2
2449,reward,147,12.303116482814993,10.188,P3O-dyn+AdaReset+HardDistill,Hopper-v4,2
2471,reward,148,17.00203964825399,11.27,P3O-dyn+AdaReset+HardDistill,Hopper-v4,2
2483,reward,149,9.462961403868963,11.486,P3O-dyn+AdaReset+HardDistill,Hopper-v4,2
2509,reward,150,14.956149391960514,10.806,P3O-dyn+AdaReset+HardDistill,Hopper-v4,2
2533,reward,151,28.25407703057066,12.939,P3O-dyn+AdaReset+HardDistill,Hopper-v4,2
2557,reward,152,8.780579301387736,12.005,P3O-dyn+AdaReset+HardDistill,Hopper-v4,2
2566,reward,153,4.2527207483060225,11.583,P3O-dyn+AdaReset+HardDistill,Hopper-v4,2
2581,reward,154,12.58060682712684,11.971,P3O-dyn+AdaReset+HardDistill,Hopper-v4,2
2599,reward,155,18.222689980988534,12.929,P3O-dyn+AdaReset+HardDistill,Hopper-v4,2
2614,reward,156,12.010659725572154,13.783,P3O-dyn+AdaReset+HardDistill,Hopper-v4,2
2635,reward,157,14.647484966345989,14.017,P3O-dyn+AdaReset+HardDistill,Hopper-v4,2
2648,reward,158,6.52724373238275,12.97,P3O-dyn+AdaReset+HardDistill,Hopper-v4,2
2671,reward,159,14.55713358914153,13.479,P3O-dyn+AdaReset+HardDistill,Hopper-v4,2
2682,reward,160,7.194365914712629,12.703,P3O-dyn+AdaReset+HardDistill,Hopper-v4,2
2700,reward,161,10.529678878093375,10.93,P3O-dyn+AdaReset+HardDistill,Hopper-v4,2
2712,reward,162,9.65599007036006,11.018,P3O-dyn+AdaReset+HardDistill,Hopper-v4,2
2725,reward,163,4.632123150248823,11.056,P3O-dyn+AdaReset+HardDistill,Hopper-v4,2
2735,reward,164,5.978120021026671,10.396,P3O-dyn+AdaReset+HardDistill,Hopper-v4,2
2747,reward,165,7.311796090928036,9.304,P3O-dyn+AdaReset+HardDistill,Hopper-v4,2
2770,reward,166,7.348009181518432,8.838,P3O-dyn+AdaReset+HardDistill,Hopper-v4,2
2786,reward,167,8.38029594274482,8.211,P3O-dyn+AdaReset+HardDistill,Hopper-v4,2
2801,reward,168,11.97587347188529,8.756,P3O-dyn+AdaReset+HardDistill,Hopper-v4,2
2823,reward,169,22.816242657758597,9.582,P3O-dyn+AdaReset+HardDistill,Hopper-v4,2
2835,reward,170,10.201328467717971,9.883,P3O-dyn+AdaReset+HardDistill,Hopper-v4,2
2849,reward,171,8.640010617480355,9.694,P3O-dyn+AdaReset+HardDistill,Hopper-v4,2
2859,reward,172,6.062930889085624,9.335,P3O-dyn+AdaReset+HardDistill,Hopper-v4,2
2868,reward,173,5.890616733949869,9.461,P3O-dyn+AdaReset+HardDistill,Hopper-v4,2
2890,reward,174,14.559436807229021,10.319,P3O-dyn+AdaReset+HardDistill,Hopper-v4,2
2910,reward,175,12.310253334181596,10.818,P3O-dyn+AdaReset+HardDistill,Hopper-v4,2
2930,reward,176,6.49830049378681,10.734,P3O-dyn+AdaReset+HardDistill,Hopper-v4,2
2944,reward,177,8.66784906263675,10.762,P3O-dyn+AdaReset+HardDistill,Hopper-v4,2
2956,reward,178,10.860269038133133,10.651,P3O-dyn+AdaReset+HardDistill,Hopper-v4,2
2965,reward,179,6.553799063187931,9.024,P3O-dyn+AdaReset+HardDistill,Hopper-v4,2
2994,reward,180,18.352013584910782,9.84,P3O-dyn+AdaReset+HardDistill,Hopper-v4,2
3015,reward,181,19.318892500352867,10.907,P3O-dyn+AdaReset+HardDistill,Hopper-v4,2
3051,reward,182,22.380756964555214,12.539,P3O-dyn+AdaReset+HardDistill,Hopper-v4,2
3061,reward,183,6.882635909293886,12.638,P3O-dyn+AdaReset+HardDistill,Hopper-v4,2
3082,reward,184,5.436055814541623,11.726,P3O-dyn+AdaReset+HardDistill,Hopper-v4,2
3093,reward,185,5.459976892552627,11.041,P3O-dyn+AdaReset+HardDistill,Hopper-v4,2
3118,reward,186,7.690104797029594,11.16,P3O-dyn+AdaReset+HardDistill,Hopper-v4,2
3147,reward,187,19.914177340141617,12.285,P3O-dyn+AdaReset+HardDistill,Hopper-v4,2
3163,reward,188,8.087769360290551,12.008,P3O-dyn+AdaReset+HardDistill,Hopper-v4,2
3191,reward,189,9.27451806221293,12.28,P3O-dyn+AdaReset+HardDistill,Hopper-v4,2
3214,reward,190,13.327618658110397,11.777,P3O-dyn+AdaReset+HardDistill,Hopper-v4,2
3223,reward,191,4.4385046019062075,10.289,P3O-dyn+AdaReset+HardDistill,Hopper-v4,2
3245,reward,192,15.175504719381223,9.569,P3O-dyn+AdaReset+HardDistill,Hopper-v4,2
3273,reward,193,33.16860348541867,12.197,P3O-dyn+AdaReset+HardDistill,Hopper-v4,2
3281,reward,194,6.130095581311775,12.267,P3O-dyn+AdaReset+HardDistill,Hopper-v4,2
3296,reward,195,11.319480401587759,12.853,P3O-dyn+AdaReset+HardDistill,Hopper-v4,2
3309,reward,196,12.205323866002722,13.304,P3O-dyn+AdaReset+HardDistill,Hopper-v4,2
3319,reward,197,4.482081277588341,11.761,P3O-dyn+AdaReset+HardDistill,Hopper-v4,2
3342,reward,198,10.12573678964413,11.965,P3O-dyn+AdaReset+HardDistill,Hopper-v4,2
3355,reward,199,10.001685533012548,12.037,P3O-dyn+AdaReset+HardDistill,Hopper-v4,2
3383,reward,200,29.86602175535294,13.691,P3O-dyn+AdaReset+HardDistill,Hopper-v4,2
3399,reward,201,7.972175347053884,14.045,P3O-dyn+AdaReset+HardDistill,Hopper-v4,2
3416,reward,202,10.111774507155339,13.538,P3O-dyn+AdaReset+HardDistill,Hopper-v4,2
3427,reward,203,7.057994664133218,10.927,P3O-dyn+AdaReset+HardDistill,Hopper-v4,2
3438,reward,204,8.762205546465744,11.19,P3O-dyn+AdaReset+HardDistill,Hopper-v4,2
3457,reward,205,12.317904643003423,11.29,P3O-dyn+AdaReset+HardDistill,Hopper-v4,2
3476,reward,206,11.851971668374377,11.255,P3O-dyn+AdaReset+HardDistill,Hopper-v4,2
3484,reward,207,5.349802874520942,11.342,P3O-dyn+AdaReset+HardDistill,Hopper-v4,2
3493,reward,208,3.8772495367852007,10.717,P3O-dyn+AdaReset+HardDistill,Hopper-v4,2
3512,reward,209,12.156711440756219,10.932,P3O-dyn+AdaReset+HardDistill,Hopper-v4,2
3542,reward,210,14.861473484800364,9.432,P3O-dyn+AdaReset+HardDistill,Hopper-v4,2
3554,reward,211,7.99611786346885,9.434,P3O-dyn+AdaReset+HardDistill,Hopper-v4,2
3578,reward,212,24.98175556277998,10.921,P3O-dyn+AdaReset+HardDistill,Hopper-v4,2
3592,reward,213,6.033086748816535,10.819,P3O-dyn+AdaReset+HardDistill,Hopper-v4,2
3605,reward,214,5.073640464090662,10.45,P3O-dyn+AdaReset+HardDistill,Hopper-v4,2
3613,reward,215,6.088647954626704,9.827,P3O-dyn+AdaReset+HardDistill,Hopper-v4,2
3631,reward,216,10.300854031565578,9.672,P3O-dyn+AdaReset+HardDistill,Hopper-v4,2
3643,reward,217,12.268279576688784,10.364,P3O-dyn+AdaReset+HardDistill,Hopper-v4,2
3657,reward,218,9.584260764195971,10.934,P3O-dyn+AdaReset+HardDistill,Hopper-v4,2
3681,reward,219,17.352302027964225,11.454,P3O-dyn+AdaReset+HardDistill,Hopper-v4,2
3700,reward,220,9.454944973442982,10.913,P3O-dyn+AdaReset+HardDistill,Hopper-v4,2
3717,reward,221,10.672642720099262,11.181,P3O-dyn+AdaReset+HardDistill,Hopper-v4,2
3726,reward,222,7.116865258361018,9.395,P3O-dyn+AdaReset+HardDistill,Hopper-v4,2
3736,reward,223,6.397428079360207,9.431,P3O-dyn+AdaReset+HardDistill,Hopper-v4,2
3770,reward,224,14.404562640608113,10.364,P3O-dyn+AdaReset+HardDistill,Hopper-v4,2
3785,reward,225,7.7755846341215,10.533,P3O-dyn+AdaReset+HardDistill,Hopper-v4,2
3795,reward,226,4.754456079082998,9.978,P3O-dyn+AdaReset+HardDistill,Hopper-v4,2
3810,reward,227,6.878500416994743,9.439,P3O-dyn+AdaReset+HardDistill,Hopper-v4,2
3824,reward,228,8.808763324264161,9.362,P3O-dyn+AdaReset+HardDistill,Hopper-v4,2
3886,reward,229,64.6312091212255,14.089,P3O-dyn+AdaReset+HardDistill,Hopper-v4,2
3898,reward,230,7.177073138691108,13.862,P3O-dyn+AdaReset+HardDistill,Hopper-v4,2
3916,reward,231,9.211752118887219,13.716,P3O-dyn+AdaReset+HardDistill,Hopper-v4,2
3924,reward,232,6.027360655568099,13.607,P3O-dyn+AdaReset+HardDistill,Hopper-v4,2
3935,reward,233,7.678971592505096,13.735,P3O-dyn+AdaReset+HardDistill,Hopper-v4,2
3947,reward,234,7.772670068046105,13.072,P3O-dyn+AdaReset+HardDistill,Hopper-v4,2
3959,reward,235,5.005170463070521,12.795,P3O-dyn+AdaReset+HardDistill,Hopper-v4,2
3975,reward,236,5.1206449515749055,12.831,P3O-dyn+AdaReset+HardDistill,Hopper-v4,2
4003,reward,237,27.320991476504954,14.875,P3O-dyn+AdaReset+HardDistill,Hopper-v4,2
4017,reward,238,5.2573456789916095,14.52,P3O-dyn+AdaReset+HardDistill,Hopper-v4,2
4033,reward,239,11.052723852243743,9.162,P3O-dyn+AdaReset+HardDistill,Hopper-v4,2
4069,reward,240,13.65861535490668,9.811,P3O-dyn+AdaReset+HardDistill,Hopper-v4,2
4087,reward,241,18.943698035487436,10.784,P3O-dyn+AdaReset+HardDistill,Hopper-v4,2
4096,reward,242,5.464523400412411,10.728,P3O-dyn+AdaReset+HardDistill,Hopper-v4,2
4108,reward,243,8.527630242188424,10.812,P3O-dyn+AdaReset+HardDistill,Hopper-v4,2
4119,reward,244,8.967660947456428,10.932,P3O-dyn+AdaReset+HardDistill,Hopper-v4,2
4150,reward,245,8.726538523429168,11.304,P3O-dyn+AdaReset+HardDistill,Hopper-v4,2
4160,reward,246,7.432898226780653,11.535,P3O-dyn+AdaReset+HardDistill,Hopper-v4,2
4192,reward,247,21.447263616674828,10.948,P3O-dyn+AdaReset+HardDistill,Hopper-v4,2
4216,reward,248,10.190326926642205,11.441,P3O-dyn+AdaReset+HardDistill,Hopper-v4,2
4227,reward,249,8.185613536614412,11.154,P3O-dyn+AdaReset+HardDistill,Hopper-v4,2
4267,reward,250,59.828541353185614,15.771,P3O-dyn+AdaReset+HardDistill,Hopper-v4,2
4280,reward,251,6.355523643630548,14.513,P3O-dyn+AdaReset+HardDistill,Hopper-v4,2
4288,reward,252,5.817884783801147,14.548,P3O-dyn+AdaReset+HardDistill,Hopper-v4,2
4300,reward,253,6.0601676165781235,14.301,P3O-dyn+AdaReset+HardDistill,Hopper-v4,2
4319,reward,254,15.519108242713639,14.956,P3O-dyn+AdaReset+HardDistill,Hopper-v4,2
4332,reward,255,9.229852195558868,15.007,P3O-dyn+AdaReset+HardDistill,Hopper-v4,2
4340,reward,256,6.0855218230304855,14.872,P3O-dyn+AdaReset+HardDistill,Hopper-v4,2
4349,reward,257,5.126485575675927,13.24,P3O-dyn+AdaReset+HardDistill,Hopper-v4,2
4362,reward,258,9.889741760904512,13.21,P3O-dyn+AdaReset+HardDistill,Hopper-v4,2
4372,reward,259,8.048232387637704,13.196,P3O-dyn+AdaReset+HardDistill,Hopper-v4,2
4382,reward,260,4.121742875043722,7.625,P3O-dyn+AdaReset+HardDistill,Hopper-v4,2
4406,reward,261,27.943964610137325,9.784,P3O-dyn+AdaReset+HardDistill,Hopper-v4,2
4423,reward,262,7.686359616089328,9.971,P3O-dyn+AdaReset+HardDistill,Hopper-v4,2
4443,reward,263,12.560514495095127,10.621,P3O-dyn+AdaReset+HardDistill,Hopper-v4,2
4456,reward,264,7.1364226209114605,9.783,P3O-dyn+AdaReset+HardDistill,Hopper-v4,2
4469,reward,265,9.720175485028363,9.832,P3O-dyn+AdaReset+HardDistill,Hopper-v4,2
4480,reward,266,6.020284130002081,9.825,P3O-dyn+AdaReset+HardDistill,Hopper-v4,2
4503,reward,267,26.742297584493798,11.987,P3O-dyn+AdaReset+HardDistill,Hopper-v4,2
4523,reward,268,6.953182978432699,11.693,P3O-dyn+AdaReset+HardDistill,Hopper-v4,2
4534,reward,269,6.472598384824474,11.536,P3O-dyn+AdaReset+HardDistill,Hopper-v4,2
4551,reward,270,7.4302885751560535,11.867,P3O-dyn+AdaReset+HardDistill,Hopper-v4,2
4579,reward,271,11.709024828114783,10.243,P3O-dyn+AdaReset+HardDistill,Hopper-v4,2
4587,reward,272,4.861128443285064,9.961,P3O-dyn+AdaReset+HardDistill,Hopper-v4,2
4596,reward,273,7.316706375227227,9.436,P3O-dyn+AdaReset+HardDistill,Hopper-v4,2
4611,reward,274,7.443712425620539,9.467,P3O-dyn+AdaReset+HardDistill,Hopper-v4,2
4633,reward,275,18.543906273582426,10.349,P3O-dyn+AdaReset+HardDistill,Hopper-v4,2
4643,reward,276,3.9410589897588526,10.141,P3O-dyn+AdaReset+HardDistill,Hopper-v4,2
4658,reward,277,10.466459434802863,8.514,P3O-dyn+AdaReset+HardDistill,Hopper-v4,2
4668,reward,278,4.848876830577532,8.303,P3O-dyn+AdaReset+HardDistill,Hopper-v4,2
4683,reward,279,12.460040109494873,8.902,P3O-dyn+AdaReset+HardDistill,Hopper-v4,2
4707,reward,280,18.240674942663524,9.983,P3O-dyn+AdaReset+HardDistill,Hopper-v4,2
4729,reward,281,7.418564699548751,9.554,P3O-dyn+AdaReset+HardDistill,Hopper-v4,2
4746,reward,282,9.75823852446058,10.044,P3O-dyn+AdaReset+HardDistill,Hopper-v4,2
4764,reward,283,12.383457117197011,10.55,P3O-dyn+AdaReset+HardDistill,Hopper-v4,2
4773,reward,284,5.979149253060455,10.404,P3O-dyn+AdaReset+HardDistill,Hopper-v4,2
4793,reward,285,13.912693226265112,9.941,P3O-dyn+AdaReset+HardDistill,Hopper-v4,2
4805,reward,286,8.00185691119794,10.347,P3O-dyn+AdaReset+HardDistill,Hopper-v4,2
4825,reward,287,6.737467109763754,9.974,P3O-dyn+AdaReset+HardDistill,Hopper-v4,2
4839,reward,288,4.662311298179159,9.955,P3O-dyn+AdaReset+HardDistill,Hopper-v4,2
4849,reward,289,2.68770695673107,8.978,P3O-dyn+AdaReset+HardDistill,Hopper-v4,2
4865,reward,290,12.082191057044177,8.362,P3O-dyn+AdaReset+HardDistill,Hopper-v4,2
4874,reward,291,6.397366644139707,8.26,P3O-dyn+AdaReset+HardDistill,Hopper-v4,2
4895,reward,292,25.79481351495826,9.864,P3O-dyn+AdaReset+HardDistill,Hopper-v4,2
4902,reward,293,3.148767121600345,8.94,P3O-dyn+AdaReset+HardDistill,Hopper-v4,2
4919,reward,294,11.642655778709075,9.507,P3O-dyn+AdaReset+HardDistill,Hopper-v4,2
4930,reward,295,6.606719739781811,8.776,P3O-dyn+AdaReset+HardDistill,Hopper-v4,2
4938,reward,296,6.1262535362702275,8.589,P3O-dyn+AdaReset+HardDistill,Hopper-v4,2
4954,reward,297,7.823144840033613,8.697,P3O-dyn+AdaReset+HardDistill,Hopper-v4,2
4967,reward,298,9.997550672695748,9.231,P3O-dyn+AdaReset+HardDistill,Hopper-v4,2
4984,reward,299,8.293674335576094,9.791,P3O-dyn+AdaReset+HardDistill,Hopper-v4,2
5006,reward,300,8.170068057580067,9.4,P3O-dyn+AdaReset+HardDistill,Hopper-v4,2
5018,reward,301,7.897596537361796,9.55,P3O-dyn+AdaReset+HardDistill,Hopper-v4,2
5034,reward,302,9.345913424203083,7.905,P3O-dyn+AdaReset+HardDistill,Hopper-v4,2
5042,reward,303,6.141007517987447,8.204,P3O-dyn+AdaReset+HardDistill,Hopper-v4,2
5050,reward,304,4.610035098067888,7.501,P3O-dyn+AdaReset+HardDistill,Hopper-v4,2
5062,reward,305,11.185700858902424,7.959,P3O-dyn+AdaReset+HardDistill,Hopper-v4,2
5084,reward,306,18.302094022360876,9.177,P3O-dyn+AdaReset+HardDistill,Hopper-v4,2
5092,reward,307,5.225912388572423,8.917,P3O-dyn+AdaReset+HardDistill,Hopper-v4,2
5116,reward,308,28.931729411084156,10.81,P3O-dyn+AdaReset+HardDistill,Hopper-v4,2
5129,reward,309,7.971785905019329,10.778,P3O-dyn+AdaReset+HardDistill,Hopper-v4,2
5142,reward,310,4.846278973210691,10.446,P3O-dyn+AdaReset+HardDistill,Hopper-v4,2
5163,reward,311,9.011099063060245,10.557,P3O-dyn+AdaReset+HardDistill,Hopper-v4,2
5192,reward,312,8.21282223414055,10.444,P3O-dyn+AdaReset+HardDistill,Hopper-v4,2
5208,reward,313,10.421319643841166,10.872,P3O-dyn+AdaReset+HardDistill,Hopper-v4,2
5218,reward,314,6.905593348048795,11.101,P3O-dyn+AdaReset+HardDistill,Hopper-v4,2
5237,reward,315,6.620595071026846,10.645,P3O-dyn+AdaReset+HardDistill,Hopper-v4,2
5249,reward,316,7.024496714763245,9.517,P3O-dyn+AdaReset+HardDistill,Hopper-v4,2
5267,reward,317,10.288100181534745,10.023,P3O-dyn+AdaReset+HardDistill,Hopper-v4,2
5285,reward,318,18.092820851384598,8.939,P3O-dyn+AdaReset+HardDistill,Hopper-v4,2
5296,reward,319,6.61809209202898,8.804,P3O-dyn+AdaReset+HardDistill,Hopper-v4,2
5315,reward,320,10.809557681663119,9.4,P3O-dyn+AdaReset+HardDistill,Hopper-v4,2
5328,reward,321,7.132019448411256,9.213,P3O-dyn+AdaReset+HardDistill,Hopper-v4,2
5340,reward,322,9.159986861385073,9.307,P3O-dyn+AdaReset+HardDistill,Hopper-v4,2
5364,reward,323,21.252250887793345,10.39,P3O-dyn+AdaReset+HardDistill,Hopper-v4,2
5374,reward,324,5.0827811701231855,10.208,P3O-dyn+AdaReset+HardDistill,Hopper-v4,2
5386,reward,325,7.411327129850935,10.287,P3O-dyn+AdaReset+HardDistill,Hopper-v4,2
5401,reward,326,6.755965714421809,10.26,P3O-dyn+AdaReset+HardDistill,Hopper-v4,2
5431,reward,327,30.796770426801537,12.311,P3O-dyn+AdaReset+HardDistill,Hopper-v4,2
5441,reward,328,7.416828286512418,11.244,P3O-dyn+AdaReset+HardDistill,Hopper-v4,2
5465,reward,329,12.353647257483217,11.817,P3O-dyn+AdaReset+HardDistill,Hopper-v4,2
5478,reward,330,7.890559128778325,11.525,P3O-dyn+AdaReset+HardDistill,Hopper-v4,2
5495,reward,331,9.048599544293348,11.717,P3O-dyn+AdaReset+HardDistill,Hopper-v4,2
5509,reward,332,8.256358152115071,11.627,P3O-dyn+AdaReset+HardDistill,Hopper-v4,2
5527,reward,333,8.610261371726637,10.362,P3O-dyn+AdaReset+HardDistill,Hopper-v4,2
5540,reward,334,9.39950098957881,10.794,P3O-dyn+AdaReset+HardDistill,Hopper-v4,2
5571,reward,335,29.905008495291774,13.043,P3O-dyn+AdaReset+HardDistill,Hopper-v4,2
5586,reward,336,7.196378932273061,13.087,P3O-dyn+AdaReset+HardDistill,Hopper-v4,2
5600,reward,337,8.657983587216684,10.874,P3O-dyn+AdaReset+HardDistill,Hopper-v4,2
5625,reward,338,12.483907186572514,11.38,P3O-dyn+AdaReset+HardDistill,Hopper-v4,2
5640,reward,339,9.324781508571823,11.077,P3O-dyn+AdaReset+HardDistill,Hopper-v4,2
5650,reward,340,4.8373827914598735,10.772,P3O-dyn+AdaReset+HardDistill,Hopper-v4,2
5674,reward,341,22.52695350410699,12.12,P3O-dyn+AdaReset+HardDistill,Hopper-v4,2
5684,reward,342,8.279083372121768,12.122,P3O-dyn+AdaReset+HardDistill,Hopper-v4,2
5697,reward,343,9.120591211033256,12.173,P3O-dyn+AdaReset+HardDistill,Hopper-v4,2
5706,reward,344,5.518062270278046,11.785,P3O-dyn+AdaReset+HardDistill,Hopper-v4,2
5718,reward,345,7.7214473558115895,9.567,P3O-dyn+AdaReset+HardDistill,Hopper-v4,2
5739,reward,346,18.378741917973585,10.685,P3O-dyn+AdaReset+HardDistill,Hopper-v4,2
5750,reward,347,6.004567907884631,10.42,P3O-dyn+AdaReset+HardDistill,Hopper-v4,2
5775,reward,348,8.584883384626654,10.03,P3O-dyn+AdaReset+HardDistill,Hopper-v4,2
5785,reward,349,8.208960922559168,9.918,P3O-dyn+AdaReset+HardDistill,Hopper-v4,2
5793,reward,350,5.360205588916551,9.97,P3O-dyn+AdaReset+HardDistill,Hopper-v4,2
5813,reward,351,20.126227754012593,9.73,P3O-dyn+AdaReset+HardDistill,Hopper-v4,2
5833,reward,352,20.32567847625608,10.935,P3O-dyn+AdaReset+HardDistill,Hopper-v4,2
5858,reward,353,26.490422865352638,12.672,P3O-dyn+AdaReset+HardDistill,Hopper-v4,2
5881,reward,354,8.689556162315318,12.989,P3O-dyn+AdaReset+HardDistill,Hopper-v4,2
5904,reward,355,20.5984866387319,14.277,P3O-dyn+AdaReset+HardDistill,Hopper-v4,2
5919,reward,356,13.285582936154917,13.767,P3O-dyn+AdaReset+HardDistill,Hopper-v4,2
5930,reward,357,8.757962490949044,14.043,P3O-dyn+AdaReset+HardDistill,Hopper-v4,2
5948,reward,358,6.213002830955178,13.806,P3O-dyn+AdaReset+HardDistill,Hopper-v4,2
5960,reward,359,11.526264687258337,14.137,P3O-dyn+AdaReset+HardDistill,Hopper-v4,2
5968,reward,360,2.900127131409366,13.891,P3O-dyn+AdaReset+HardDistill,Hopper-v4,2
5983,reward,361,7.361400276973535,12.615,P3O-dyn+AdaReset+HardDistill,Hopper-v4,2
5995,reward,362,7.2464834071550195,11.307,P3O-dyn+AdaReset+HardDistill,Hopper-v4,2
6004,reward,363,6.451538366960927,9.303,P3O-dyn+AdaReset+HardDistill,Hopper-v4,2
6020,reward,364,14.318220084774602,9.866,P3O-dyn+AdaReset+HardDistill,Hopper-v4,2
6029,reward,365,6.675077314047769,8.474,P3O-dyn+AdaReset+HardDistill,Hopper-v4,2
6039,reward,366,6.3266267874951625,7.778,P3O-dyn+AdaReset+HardDistill,Hopper-v4,2
6068,reward,367,24.67675773332069,9.37,P3O-dyn+AdaReset+HardDistill,Hopper-v4,2
6078,reward,368,6.88381732549239,9.437,P3O-dyn+AdaReset+HardDistill,Hopper-v4,2
6086,reward,369,5.536099409116986,8.838,P3O-dyn+AdaReset+HardDistill,Hopper-v4,2
6102,reward,370,8.411419697514892,9.389,P3O-dyn+AdaReset+HardDistill,Hopper-v4,2
6111,reward,371,3.714199238192763,9.024,P3O-dyn+AdaReset+HardDistill,Hopper-v4,2
6123,reward,372,11.265207866695636,9.426,P3O-dyn+AdaReset+HardDistill,Hopper-v4,2
6132,reward,373,6.68137655482412,9.449,P3O-dyn+AdaReset+HardDistill,Hopper-v4,2
6152,reward,374,10.782674524085744,9.095,P3O-dyn+AdaReset+HardDistill,Hopper-v4,2
6171,reward,375,9.767577473382811,9.405,P3O-dyn+AdaReset+HardDistill,Hopper-v4,2
6183,reward,376,10.364726375628381,9.808,P3O-dyn+AdaReset+HardDistill,Hopper-v4,2
6203,reward,377,7.275627802826232,8.068,P3O-dyn+AdaReset+HardDistill,Hopper-v4,2
6224,reward,378,8.83588968210415,8.263,P3O-dyn+AdaReset+HardDistill,Hopper-v4,2
6238,reward,379,9.766579358553033,8.687,P3O-dyn+AdaReset+HardDistill,Hopper-v4,2
6245,reward,380,4.796289628618644,8.325,P3O-dyn+AdaReset+HardDistill,Hopper-v4,2
6263,reward,381,13.627989849476766,9.316,P3O-dyn+AdaReset+HardDistill,Hopper-v4,2
6274,reward,382,8.214337867759053,9.011,P3O-dyn+AdaReset+HardDistill,Hopper-v4,2
6290,reward,383,19.557030167125237,10.299,P3O-dyn+AdaReset+HardDistill,Hopper-v4,2
6301,reward,384,7.814048497184134,10.002,P3O-dyn+AdaReset+HardDistill,Hopper-v4,2
6314,reward,385,10.269955506361338,10.052,P3O-dyn+AdaReset+HardDistill,Hopper-v4,2
6325,reward,386,5.700013487509443,9.586,P3O-dyn+AdaReset+HardDistill,Hopper-v4,2
6340,reward,387,7.81580775402816,9.64,P3O-dyn+AdaReset+HardDistill,Hopper-v4,2
6361,reward,388,18.099701746683092,10.566,P3O-dyn+AdaReset+HardDistill,Hopper-v4,2
6383,reward,389,22.111723448948926,11.801,P3O-dyn+AdaReset+HardDistill,Hopper-v4,2
6412,reward,390,7.8132833325776705,12.102,P3O-dyn+AdaReset+HardDistill,Hopper-v4,2
6424,reward,391,5.6823698177781266,11.308,P3O-dyn+AdaReset+HardDistill,Hopper-v4,2
6443,reward,392,11.024085455685572,11.589,P3O-dyn+AdaReset+HardDistill,Hopper-v4,2
6458,reward,393,13.626058302094071,10.996,P3O-dyn+AdaReset+HardDistill,Hopper-v4,2
6479,reward,394,13.802463455024027,11.595,P3O-dyn+AdaReset+HardDistill,Hopper-v4,2
6492,reward,395,9.09237101687037,11.477,P3O-dyn+AdaReset+HardDistill,Hopper-v4,2
6510,reward,396,6.723139858292096,11.579,P3O-dyn+AdaReset+HardDistill,Hopper-v4,2
6529,reward,397,10.75429810943039,11.873,P3O-dyn+AdaReset+HardDistill,Hopper-v4,2
6546,reward,398,12.301514110948554,11.293,P3O-dyn+AdaReset+HardDistill,Hopper-v4,2
6561,reward,399,15.40504002835847,10.622,P3O-dyn+AdaReset+HardDistill,Hopper-v4,2
6572,reward,400,9.55459004000606,10.797,P3O-dyn+AdaReset+HardDistill,Hopper-v4,2
6611,reward,401,43.80553262825229,14.609,P3O-dyn+AdaReset+HardDistill,Hopper-v4,2
6632,reward,402,10.290111086863618,14.536,P3O-dyn+AdaReset+HardDistill,Hopper-v4,2
6654,reward,403,18.28863328104309,15.002,P3O-dyn+AdaReset+HardDistill,Hopper-v4,2
6669,reward,404,15.320703183337828,15.154,P3O-dyn+AdaReset+HardDistill,Hopper-v4,2
6697,reward,405,18.68421689015237,16.113,P3O-dyn+AdaReset+HardDistill,Hopper-v4,2
6709,reward,406,7.297476608768832,16.17,P3O-dyn+AdaReset+HardDistill,Hopper-v4,2
6725,reward,407,16.35964539217872,16.731,P3O-dyn+AdaReset+HardDistill,Hopper-v4,2
6735,reward,408,7.3885342036519965,16.239,P3O-dyn+AdaReset+HardDistill,Hopper-v4,2
6752,reward,409,8.47207775678259,15.546,P3O-dyn+AdaReset+HardDistill,Hopper-v4,2
6765,reward,410,8.874088068957763,15.478,P3O-dyn+AdaReset+HardDistill,Hopper-v4,2
6797,reward,411,29.92743011987647,14.09,P3O-dyn+AdaReset+HardDistill,Hopper-v4,2
6812,reward,412,8.278414735933346,13.889,P3O-dyn+AdaReset+HardDistill,Hopper-v4,2
6824,reward,413,10.833160090751425,13.144,P3O-dyn+AdaReset+HardDistill,Hopper-v4,2
6848,reward,414,27.875153521211512,14.399,P3O-dyn+AdaReset+HardDistill,Hopper-v4,2
6860,reward,415,11.012905181332396,13.632,P3O-dyn+AdaReset+HardDistill,Hopper-v4,2
6895,reward,416,18.341894673030517,14.736,P3O-dyn+AdaReset+HardDistill,Hopper-v4,2
6907,reward,417,10.381786112401501,14.139,P3O-dyn+AdaReset+HardDistill,Hopper-v4,2
6924,reward,418,16.034656952725307,15.003,P3O-dyn+AdaReset+HardDistill,Hopper-v4,2
6937,reward,419,8.209266296605374,14.977,P3O-dyn+AdaReset+HardDistill,Hopper-v4,2
6953,reward,420,7.085177193662648,14.798,P3O-dyn+AdaReset+HardDistill,Hopper-v4,2
6966,reward,421,7.910854272229703,12.596,P3O-dyn+AdaReset+HardDistill,Hopper-v4,2
6987,reward,422,11.538176763838733,12.922,P3O-dyn+AdaReset+HardDistill,Hopper-v4,2
6999,reward,423,10.164879320686104,12.855,P3O-dyn+AdaReset+HardDistill,Hopper-v4,2
7022,reward,424,9.801334589706801,11.048,P3O-dyn+AdaReset+HardDistill,Hopper-v4,2
7040,reward,425,11.236327021193302,11.07,P3O-dyn+AdaReset+HardDistill,Hopper-v4,2
7050,reward,426,7.2699482480572,9.963,P3O-dyn+AdaReset+HardDistill,Hopper-v4,2
7086,reward,427,45.71960815064138,13.497,P3O-dyn+AdaReset+HardDistill,Hopper-v4,2
7120,reward,428,32.47499995864673,15.141,P3O-dyn+AdaReset+HardDistill,Hopper-v4,2
7142,reward,429,10.024069621428279,15.323,P3O-dyn+AdaReset+HardDistill,Hopper-v4,2
7150,reward,430,5.196945868979116,15.134,P3O-dyn+AdaReset+HardDistill,Hopper-v4,2
7168,reward,431,8.560396399725091,15.199,P3O-dyn+AdaReset+HardDistill,Hopper-v4,2
7207,reward,432,24.548188894805186,16.5,P3O-dyn+AdaReset+HardDistill,Hopper-v4,2
7222,reward,433,8.532991113197117,16.336,P3O-dyn+AdaReset+HardDistill,Hopper-v4,2
7269,reward,434,69.30836931983987,22.287,P3O-dyn+AdaReset+HardDistill,Hopper-v4,2
7296,reward,435,12.372210939925342,22.401,P3O-dyn+AdaReset+HardDistill,Hopper-v4,2
7310,reward,436,9.209614467178236,22.595,P3O-dyn+AdaReset+HardDistill,Hopper-v4,2
7330,reward,437,11.837628368749503,19.207,P3O-dyn+AdaReset+HardDistill,Hopper-v4,2
7347,reward,438,16.148753807428037,17.574,P3O-dyn+AdaReset+HardDistill,Hopper-v4,2
7362,reward,439,3.916777297627122,16.963,P3O-dyn+AdaReset+HardDistill,Hopper-v4,2
7392,reward,440,12.83242884950587,17.727,P3O-dyn+AdaReset+HardDistill,Hopper-v4,2
7408,reward,441,18.64908959560582,18.736,P3O-dyn+AdaReset+HardDistill,Hopper-v4,2
7434,reward,442,9.9388027637472,17.275,P3O-dyn+AdaReset+HardDistill,Hopper-v4,2
7469,reward,443,23.986390692843035,18.82,P3O-dyn+AdaReset+HardDistill,Hopper-v4,2
7478,reward,444,5.717092370091673,12.461,P3O-dyn+AdaReset+HardDistill,Hopper-v4,2
7497,reward,445,5.369255020245328,11.761,P3O-dyn+AdaReset+HardDistill,Hopper-v4,2
7534,reward,446,53.5493615754844,16.195,P3O-dyn+AdaReset+HardDistill,Hopper-v4,2
7545,reward,447,8.859957125431755,15.897,P3O-dyn+AdaReset+HardDistill,Hopper-v4,2
7553,reward,448,3.829906139357474,14.665,P3O-dyn+AdaReset+HardDistill,Hopper-v4,2
7567,reward,449,9.78570988382078,15.252,P3O-dyn+AdaReset+HardDistill,Hopper-v4,2
7578,reward,450,5.713767364677802,14.54,P3O-dyn+AdaReset+HardDistill,Hopper-v4,2
7589,reward,451,6.444684487280009,13.319,P3O-dyn+AdaReset+HardDistill,Hopper-v4,2
7599,reward,452,7.4974266579404185,13.075,P3O-dyn+AdaReset+HardDistill,Hopper-v4,2
7610,reward,453,7.083443150261133,11.385,P3O-dyn+AdaReset+HardDistill,Hopper-v4,2
7619,reward,454,6.8087780674183085,11.494,P3O-dyn+AdaReset+HardDistill,Hopper-v4,2
7634,reward,455,12.534911143880034,12.211,P3O-dyn+AdaReset+HardDistill,Hopper-v4,2
7644,reward,456,6.887939069354707,7.545,P3O-dyn+AdaReset+HardDistill,Hopper-v4,2
7657,reward,457,5.035783375043071,7.162,P3O-dyn+AdaReset+HardDistill,Hopper-v4,2
7666,reward,458,7.218261488787679,7.501,P3O-dyn+AdaReset+HardDistill,Hopper-v4,2
7681,reward,459,4.0599626534324464,6.928,P3O-dyn+AdaReset+HardDistill,Hopper-v4,2
7694,reward,460,11.418887015804557,7.499,P3O-dyn+AdaReset+HardDistill,Hopper-v4,2
7714,reward,461,12.324831005909383,8.087,P3O-dyn+AdaReset+HardDistill,Hopper-v4,2
7744,reward,462,11.545810790218852,8.492,P3O-dyn+AdaReset+HardDistill,Hopper-v4,2
7761,reward,463,13.330405974202156,9.117,P3O-dyn+AdaReset+HardDistill,Hopper-v4,2
7781,reward,464,18.83536303820082,10.319,P3O-dyn+AdaReset+HardDistill,Hopper-v4,2
7796,reward,465,4.076118596864903,9.473,P3O-dyn+AdaReset+HardDistill,Hopper-v4,2
7814,reward,466,7.385648322749784,9.523,P3O-dyn+AdaReset+HardDistill,Hopper-v4,2
7825,reward,467,8.182207967150218,9.838,P3O-dyn+AdaReset+HardDistill,Hopper-v4,2
7835,reward,468,7.263766746080398,9.842,P3O-dyn+AdaReset+HardDistill,Hopper-v4,2
7852,reward,469,14.592114507828422,10.896,P3O-dyn+AdaReset+HardDistill,Hopper-v4,2
7869,reward,470,10.4300348756043,10.797,P3O-dyn+AdaReset+HardDistill,Hopper-v4,2
7883,reward,471,7.151116843499055,10.279,P3O-dyn+AdaReset+HardDistill,Hopper-v4,2
7907,reward,472,11.324188088281934,10.257,P3O-dyn+AdaReset+HardDistill,Hopper-v4,2
7928,reward,473,11.190337473105899,10.043,P3O-dyn+AdaReset+HardDistill,Hopper-v4,2
7944,reward,474,7.618403807947356,8.921,P3O-dyn+AdaReset+HardDistill,Hopper-v4,2
7965,reward,475,13.813560084361376,9.895,P3O-dyn+AdaReset+HardDistill,Hopper-v4,2
7977,reward,476,7.144105258761346,9.871,P3O-dyn+AdaReset+HardDistill,Hopper-v4,2
7992,reward,477,8.992341381479852,9.952,P3O-dyn+AdaReset+HardDistill,Hopper-v4,2
8012,reward,478,26.840749023509446,11.91,P3O-dyn+AdaReset+HardDistill,Hopper-v4,2
8029,reward,479,15.334598098393794,11.984,P3O-dyn+AdaReset+HardDistill,Hopper-v4,2
8053,reward,480,6.823078239034478,11.623,P3O-dyn+AdaReset+HardDistill,Hopper-v4,2
8076,reward,481,5.498121459178858,11.458,P3O-dyn+AdaReset+HardDistill,Hopper-v4,2
8091,reward,482,9.918779456501472,11.317,P3O-dyn+AdaReset+HardDistill,Hopper-v4,2
8117,reward,483,29.92720662877425,13.191,P3O-dyn+AdaReset+HardDistill,Hopper-v4,2
8138,reward,484,21.15131251587029,14.544,P3O-dyn+AdaReset+HardDistill,Hopper-v4,2
8155,reward,485,10.490214094854888,14.212,P3O-dyn+AdaReset+HardDistill,Hopper-v4,2
8165,reward,486,6.762573619038416,14.174,P3O-dyn+AdaReset+HardDistill,Hopper-v4,2
8180,reward,487,11.795148563056296,14.454,P3O-dyn+AdaReset+HardDistill,Hopper-v4,2
8192,loss,-0.04694606736302376,0.08980898559093475,P3O-dyn+AdaReset+HardDistill,Hopper-v4,2
8200,reward,488,8.026676078978886,12.573,P3O-dyn+AdaReset+HardDistill,Hopper-v4,2
8224,reward,489,13.181624551719366,12.357,P3O-dyn+AdaReset+HardDistill,Hopper-v4,2
8239,reward,490,10.865103874871702,12.762,P3O-dyn+AdaReset+HardDistill,Hopper-v4,2
8259,reward,491,22.05625495481972,14.417,P3O-dyn+AdaReset+HardDistill,Hopper-v4,2
8287,reward,492,21.84462148909325,15.61,P3O-dyn+AdaReset+HardDistill,Hopper-v4,2
8316,reward,493,27.412761862342258,15.359,P3O-dyn+AdaReset+HardDistill,Hopper-v4,2
8337,reward,494,8.640375290012113,14.108,P3O-dyn+AdaReset+HardDistill,Hopper-v4,2
8350,reward,495,11.82174831389805,14.241,P3O-dyn+AdaReset+HardDistill,Hopper-v4,2
8365,reward,496,8.7536585070021,14.44,P3O-dyn+AdaReset+HardDistill,Hopper-v4,2
8380,reward,497,5.877604132878752,13.848,P3O-dyn+AdaReset+HardDistill,Hopper-v4,2
8399,reward,498,22.855243863736376,15.331,P3O-dyn+AdaReset+HardDistill,Hopper-v4,2
8418,reward,499,7.770867628165892,14.79,P3O-dyn+AdaReset+HardDistill,Hopper-v4,2
8457,reward,500,39.967859242903856,17.7,P3O-dyn+AdaReset+HardDistill,Hopper-v4,2
8473,reward,501,6.7781656606501635,16.172,P3O-dyn+AdaReset+HardDistill,Hopper-v4,2
8488,reward,502,15.713776541779119,15.559,P3O-dyn+AdaReset+HardDistill,Hopper-v4,2
8525,reward,503,46.54255175423154,17.472,P3O-dyn+AdaReset+HardDistill,Hopper-v4,2
8533,reward,504,5.961388908474238,17.204,P3O-dyn+AdaReset+HardDistill,Hopper-v4,2
8557,reward,505,23.395251971287223,18.362,P3O-dyn+AdaReset+HardDistill,Hopper-v4,2
8584,reward,506,17.847050029746587,19.271,P3O-dyn+AdaReset+HardDistill,Hopper-v4,2
8608,reward,507,22.65311405274556,20.949,P3O-dyn+AdaReset+HardDistill,Hopper-v4,2
8630,reward,508,22.256833816123567,20.889,P3O-dyn+AdaReset+HardDistill,Hopper-v4,2
8646,reward,509,9.991198087662559,21.111,P3O-dyn+AdaReset+HardDistill,Hopper-v4,2
8663,reward,510,6.874044055142613,17.801,P3O-dyn+AdaReset+HardDistill,Hopper-v4,2
8679,reward,511,14.302988497332064,18.554,P3O-dyn+AdaReset+HardDistill,Hopper-v4,2
8692,reward,512,8.712369413232912,17.854,P3O-dyn+AdaReset+HardDistill,Hopper-v4,2
8703,reward,513,9.140282675230553,14.113,P3O-dyn+AdaReset+HardDistill,Hopper-v4,2
8719,reward,514,7.088749519882321,14.226,P3O-dyn+AdaReset+HardDistill,Hopper-v4,2
8739,reward,515,10.077111973330897,12.894,P3O-dyn+AdaReset+HardDistill,Hopper-v4,2
8756,reward,516,17.291308095000154,12.839,P3O-dyn+AdaReset+HardDistill,Hopper-v4,2
8791,reward,517,25.845433953839514,13.158,P3O-dyn+AdaReset+HardDistill,Hopper-v4,2
8812,reward,518,6.751150156869548,11.607,P3O-dyn+AdaReset+HardDistill,Hopper-v4,2
8842,reward,519,10.63844942635457,11.672,P3O-dyn+AdaReset+HardDistill,Hopper-v4,2
8859,reward,520,17.677171169742813,12.753,P3O-dyn+AdaReset+HardDistill,Hopper-v4,2
8870,reward,521,6.657362085683345,11.988,P3O-dyn+AdaReset+HardDistill,Hopper-v4,2
8885,reward,522,7.46890594498611,11.864,P3O-dyn+AdaReset+HardDistill,Hopper-v4,2
8897,reward,523,6.544176619765248,11.604,P3O-dyn+AdaReset+HardDistill,Hopper-v4,2
8912,reward,524,11.732377058045923,12.068,P3O-dyn+AdaReset+HardDistill,Hopper-v4,2
8921,reward,525,6.493790947212251,11.71,P3O-dyn+AdaReset+HardDistill,Hopper-v4,2
8944,reward,526,24.270510548681838,12.408,P3O-dyn+AdaReset+HardDistill,Hopper-v4,2
8954,reward,527,6.508366558842207,10.474,P3O-dyn+AdaReset+HardDistill,Hopper-v4,2
8983,reward,528,13.03817448937038,11.103,P3O-dyn+AdaReset+HardDistill,Hopper-v4,2
8996,reward,529,9.209867170737411,10.96,P3O-dyn+AdaReset+HardDistill,Hopper-v4,2
9016,reward,530,14.214804405559297,10.614,P3O-dyn+AdaReset+HardDistill,Hopper-v4,2
9032,reward,531,14.73868756550649,11.422,P3O-dyn+AdaReset+HardDistill,Hopper-v4,2
9042,reward,532,8.349260135431647,11.51,P3O-dyn+AdaReset+HardDistill,Hopper-v4,2
9058,reward,533,9.986640400865877,11.854,P3O-dyn+AdaReset+HardDistill,Hopper-v4,2
9084,reward,534,18.6954473619906,12.551,P3O-dyn+AdaReset+HardDistill,Hopper-v4,2
9097,reward,535,5.440224109745647,12.445,P3O-dyn+AdaReset+HardDistill,Hopper-v4,2
9115,reward,536,11.764082390618734,11.195,P3O-dyn+AdaReset+HardDistill,Hopper-v4,2
9129,reward,537,10.814611935053172,11.625,P3O-dyn+AdaReset+HardDistill,Hopper-v4,2
9149,reward,538,11.698538663228796,11.491,P3O-dyn+AdaReset+HardDistill,Hopper-v4,2
9175,reward,539,18.37565942926463,12.408,P3O-dyn+AdaReset+HardDistill,Hopper-v4,2
9211,reward,540,51.363817940783335,16.123,P3O-dyn+AdaReset+HardDistill,Hopper-v4,2
9224,reward,541,10.933772053099196,15.742,P3O-dyn+AdaReset+HardDistill,Hopper-v4,2
9242,reward,542,17.608392413825044,16.668,P3O-dyn+AdaReset+HardDistill,Hopper-v4,2
9259,reward,543,8.591531743541731,16.529,P3O-dyn+AdaReset+HardDistill,Hopper-v4,2
9274,reward,544,10.58115301194937,15.717,P3O-dyn+AdaReset+HardDistill,Hopper-v4,2
9287,reward,545,4.162380389899955,15.589,P3O-dyn+AdaReset+HardDistill,Hopper-v4,2
9298,reward,546,8.176427874490484,15.231,P3O-dyn+AdaReset+HardDistill,Hopper-v4,2
9306,reward,547,6.4477760477427255,14.794,P3O-dyn+AdaReset+HardDistill,Hopper-v4,2
9317,reward,548,7.63161033655451,14.387,P3O-dyn+AdaReset+HardDistill,Hopper-v4,2
9350,reward,549,55.125467935811514,18.062,P3O-dyn+AdaReset+HardDistill,Hopper-v4,2
9360,reward,550,6.800852745930311,13.606,P3O-dyn+AdaReset+HardDistill,Hopper-v4,2
9370,reward,551,7.951374896095835,13.308,P3O-dyn+AdaReset+HardDistill,Hopper-v4,2
9419,reward,552,52.28122017378934,16.775,P3O-dyn+AdaReset+HardDistill,Hopper-v4,2
9437,reward,553,9.793359132682854,16.895,P3O-dyn+AdaReset+HardDistill,Hopper-v4,2
9449,reward,554,8.033278215304673,16.64,P3O-dyn+AdaReset+HardDistill,Hopper-v4,2
9467,reward,555,8.938189544865143,17.118,P3O-dyn+AdaReset+HardDistill,Hopper-v4,2
9484,reward,556,10.895342132033182,17.39,P3O-dyn+AdaReset+HardDistill,Hopper-v4,2
9523,reward,557,46.77756082096305,21.423,P3O-dyn+AdaReset+HardDistill,Hopper-v4,2
9541,reward,558,14.57859294576019,22.118,P3O-dyn+AdaReset+HardDistill,Hopper-v4,2
9557,reward,559,8.25267221845857,17.43,P3O-dyn+AdaReset+HardDistill,Hopper-v4,2
9587,reward,560,32.00786614631405,19.951,P3O-dyn+AdaReset+HardDistill,Hopper-v4,2
9600,reward,561,8.886412926443738,20.044,P3O-dyn+AdaReset+HardDistill,Hopper-v4,2
9623,reward,562,25.200316283395257,17.336,P3O-dyn+AdaReset+HardDistill,Hopper-v4,2
9632,reward,563,4.462974345506546,16.803,P3O-dyn+AdaReset+HardDistill,Hopper-v4,2
9640,reward,564,6.117605295263685,16.612,P3O-dyn+AdaReset+HardDistill,Hopper-v4,2
9661,reward,565,22.007541844599693,17.919,P3O-dyn+AdaReset+HardDistill,Hopper-v4,2
9674,reward,566,7.310326987646392,17.56,P3O-dyn+AdaReset+HardDistill,Hopper-v4,2
9702,reward,567,29.871507465663257,15.87,P3O-dyn+AdaReset+HardDistill,Hopper-v4,2
9712,reward,568,8.129896090470183,15.225,P3O-dyn+AdaReset+HardDistill,Hopper-v4,2
9730,reward,569,10.913474185973033,15.491,P3O-dyn+AdaReset+HardDistill,Hopper-v4,2
9745,reward,570,11.55992979725699,13.446,P3O-dyn+AdaReset+HardDistill,Hopper-v4,2
9760,reward,571,17.317880945636862,14.289,P3O-dyn+AdaReset+HardDistill,Hopper-v4,2
9775,reward,572,12.764526817410072,13.046,P3O-dyn+AdaReset+HardDistill,Hopper-v4,2
9788,reward,573,10.915289893300187,13.691,P3O-dyn+AdaReset+HardDistill,Hopper-v4,2
9801,reward,574,8.6913954416462,13.948,P3O-dyn+AdaReset+HardDistill,Hopper-v4,2
9812,reward,575,7.0462552710023205,12.452,P3O-dyn+AdaReset+HardDistill,Hopper-v4,2
9824,reward,576,6.10277821006847,12.331,P3O-dyn+AdaReset+HardDistill,Hopper-v4,2
9855,reward,577,31.99798393912152,12.544,P3O-dyn+AdaReset+HardDistill,Hopper-v4,2
9875,reward,578,18.690510199688635,13.6,P3O-dyn+AdaReset+HardDistill,Hopper-v4,2
9912,reward,579,49.22505682373547,17.431,P3O-dyn+AdaReset+HardDistill,Hopper-v4,2
9921,reward,580,6.4719113406415705,16.922,P3O-dyn+AdaReset+HardDistill,Hopper-v4,2
9939,reward,581,16.26437338817289,16.817,P3O-dyn+AdaReset+HardDistill,Hopper-v4,2
9956,reward,582,6.358450036359913,16.176,P3O-dyn+AdaReset+HardDistill,Hopper-v4,2
9968,reward,583,6.602632390712606,15.745,P3O-dyn+AdaReset+HardDistill,Hopper-v4,2
9990,reward,584,27.679207266089026,17.644,P3O-dyn+AdaReset+HardDistill,Hopper-v4,2
9999,reward,585,4.973185938597662,17.437,P3O-dyn+AdaReset+HardDistill,Hopper-v4,2
10000,speed,1897.86,0.09,P3O-dyn+AdaReset+HardDistill,Hopper-v4,2
10008,reward,586,5.102566182557908,17.337,P3O-dyn+AdaReset+HardDistill,Hopper-v4,2
10016,reward,587,5.546983879493499,14.691,P3O-dyn+AdaReset+HardDistill,Hopper-v4,2
10031,reward,588,8.945970775053762,13.717,P3O-dyn+AdaReset+HardDistill,Hopper-v4,2
10077,reward,589,78.61953427637017,16.656,P3O-dyn+AdaReset+HardDistill,Hopper-v4,2
10090,reward,590,5.869368463337782,16.596,P3O-dyn+AdaReset+HardDistill,Hopper-v4,2
10101,reward,591,7.283815181808929,15.698,P3O-dyn+AdaReset+HardDistill,Hopper-v4,2
10130,reward,592,24.679578308770296,17.53,P3O-dyn+AdaReset+HardDistill,Hopper-v4,2
10147,reward,593,12.664047159907259,18.136,P3O-dyn+AdaReset+HardDistill,Hopper-v4,2
10163,reward,594,17.078508748099477,17.076,P3O-dyn+AdaReset+HardDistill,Hopper-v4,2
10173,reward,595,6.951995157837688,17.274,P3O-dyn+AdaReset+HardDistill,Hopper-v4,2
10192,reward,596,14.982428280442631,18.262,P3O-dyn+AdaReset+HardDistill,Hopper-v4,2
10205,reward,597,8.646337199647801,18.572,P3O-dyn+AdaReset+HardDistill,Hopper-v4,2
10215,reward,598,8.001995668351828,18.478,P3O-dyn+AdaReset+HardDistill,Hopper-v4,2
10230,reward,599,14.209436844483584,12.037,P3O-dyn+AdaReset+HardDistill,Hopper-v4,2
10250,reward,600,10.823912818135387,12.532,P3O-dyn+AdaReset+HardDistill,Hopper-v4,2
10275,reward,601,25.944966028249077,14.398,P3O-dyn+AdaReset+HardDistill,Hopper-v4,2
10301,reward,602,37.235476284031215,15.654,P3O-dyn+AdaReset+HardDistill,Hopper-v4,2
10316,reward,603,14.272716540069164,15.815,P3O-dyn+AdaReset+HardDistill,Hopper-v4,2
10330,reward,604,8.627341822027107,14.97,P3O-dyn+AdaReset+HardDistill,Hopper-v4,2
10339,reward,605,5.341835935168117,14.809,P3O-dyn+AdaReset+HardDistill,Hopper-v4,2
10357,reward,606,13.957042952886722,14.706,P3O-dyn+AdaReset+HardDistill,Hopper-v4,2
10395,reward,607,18.49240278586206,15.691,P3O-dyn+AdaReset+HardDistill,Hopper-v4,2
10409,reward,608,5.765396611454314,15.467,P3O-dyn+AdaReset+HardDistill,Hopper-v4,2
10422,reward,609,10.246401460445789,15.071,P3O-dyn+AdaReset+HardDistill,Hopper-v4,2
10434,reward,610,12.244609448597766,15.213,P3O-dyn+AdaReset+HardDistill,Hopper-v4,2
10469,reward,611,14.77468005560027,14.096,P3O-dyn+AdaReset+HardDistill,Hopper-v4,2
10489,reward,612,13.044872006649168,11.677,P3O-dyn+AdaReset+HardDistill,Hopper-v4,2
10531,reward,613,30.560599875000058,13.306,P3O-dyn+AdaReset+HardDistill,Hopper-v4,2
10543,reward,614,6.557830434551883,13.099,P3O-dyn+AdaReset+HardDistill,Hopper-v4,2
10563,reward,615,23.869758962299287,14.951,P3O-dyn+AdaReset+HardDistill,Hopper-v4,2
10594,reward,616,11.129488669205967,14.669,P3O-dyn+AdaReset+HardDistill,Hopper-v4,2
10612,reward,617,11.951461858321652,14.015,P3O-dyn+AdaReset+HardDistill,Hopper-v4,2
10647,reward,618,19.29257741518093,15.367,P3O-dyn+AdaReset+HardDistill,Hopper-v4,2
10658,reward,619,3.116005792823114,14.654,P3O-dyn+AdaReset+HardDistill,Hopper-v4,2
10673,reward,620,9.523366444473284,14.382,P3O-dyn+AdaReset+HardDistill,Hopper-v4,2
10701,reward,621,30.208000853141012,15.925,P3O-dyn+AdaReset+HardDistill,Hopper-v4,2
10711,reward,622,6.418770317191352,15.263,P3O-dyn+AdaReset+HardDistill,Hopper-v4,2
10724,reward,623,4.1588872128661345,12.623,P3O-dyn+AdaReset+HardDistill,Hopper-v4,2
10735,reward,624,8.325097817503632,12.799,P3O-dyn+AdaReset+HardDistill,Hopper-v4,2
10749,reward,625,13.245409029154668,11.737,P3O-dyn+AdaReset+HardDistill,Hopper-v4,2
10758,reward,626,7.126112881231411,11.337,P3O-dyn+AdaReset+HardDistill,Hopper-v4,2
10782,reward,627,10.913522743667807,11.233,P3O-dyn+AdaReset+HardDistill,Hopper-v4,2
10792,reward,628,8.96345932482066,10.2,P3O-dyn+AdaReset+HardDistill,Hopper-v4,2
10811,reward,629,22.680128139753784,12.156,P3O-dyn+AdaReset+HardDistill,Hopper-v4,2
10819,reward,630,5.1884651383286915,11.723,P3O-dyn+AdaReset+HardDistill,Hopper-v4,2
10830,reward,631,6.607757819909954,9.363,P3O-dyn+AdaReset+HardDistill,Hopper-v4,2
10842,reward,632,8.481091323609494,9.569,P3O-dyn+AdaReset+HardDistill,Hopper-v4,2
10853,reward,633,5.618520652206428,9.715,P3O-dyn+AdaReset+HardDistill,Hopper-v4,2
10870,reward,634,16.717290197039027,10.554,P3O-dyn+AdaReset+HardDistill,Hopper-v4,2
10880,reward,635,7.319443084637878,9.962,P3O-dyn+AdaReset+HardDistill,Hopper-v4,2
10900,reward,636,5.511926957971111,9.8,P3O-dyn+AdaReset+HardDistill,Hopper-v4,2
10917,reward,637,8.784709483064367,9.587,P3O-dyn+AdaReset+HardDistill,Hopper-v4,2
10937,reward,638,16.80743688610225,10.372,P3O-dyn+AdaReset+HardDistill,Hopper-v4,2
10952,reward,639,15.225938139386868,9.626,P3O-dyn+AdaReset+HardDistill,Hopper-v4,2
10979,reward,640,5.651081550079349,9.673,P3O-dyn+AdaReset+HardDistill,Hopper-v4,2
11029,reward,641,75.3427996316979,16.546,P3O-dyn+AdaReset+HardDistill,Hopper-v4,2
11038,reward,642,7.123197119359068,16.41,P3O-dyn+AdaReset+HardDistill,Hopper-v4,2
11049,reward,643,7.253674440757365,16.574,P3O-dyn+AdaReset+HardDistill,Hopper-v4,2
11067,reward,644,19.99837514440195,16.902,P3O-dyn+AdaReset+HardDistill,Hopper-v4,2
11078,reward,645,9.246445071149072,17.095,P3O-dyn+AdaReset+HardDistill,Hopper-v4,2
11104,reward,646,17.98848354496322,18.342,P3O-dyn+AdaReset+HardDistill,Hopper-v4,2
11128,reward,647,32.94987222998257,20.759,P3O-dyn+AdaReset+HardDistill,Hopper-v4,2
11142,reward,648,9.60544072425718,20.039,P3O-dyn+AdaReset+HardDistill,Hopper-v4,2
11165,reward,649,17.771571193755292,20.293,P3O-dyn+AdaReset+HardDistill,Hopper-v4,2
11194,reward,650,30.688950227460822,22.797,P3O-dyn+AdaReset+HardDistill,Hopper-v4,2
11206,reward,651,9.29270468063898,16.192,P3O-dyn+AdaReset+HardDistill,Hopper-v4,2
11231,reward,652,14.07530089112369,16.887,P3O-dyn+AdaReset+HardDistill,Hopper-v4,2
11248,reward,653,6.6116015612181815,16.823,P3O-dyn+AdaReset+HardDistill,Hopper-v4,2
11279,reward,654,34.10527262822602,18.234,P3O-dyn+AdaReset+HardDistill,Hopper-v4,2
11295,reward,655,13.79128566147297,18.688,P3O-dyn+AdaReset+HardDistill,Hopper-v4,2
11314,reward,656,13.811707008190773,18.27,P3O-dyn+AdaReset+HardDistill,Hopper-v4,2
11351,reward,657,54.963697704376955,20.472,P3O-dyn+AdaReset+HardDistill,Hopper-v4,2
11364,reward,658,10.351811117391348,20.546,P3O-dyn+AdaReset+HardDistill,Hopper-v4,2
11378,reward,659,9.79278686950466,19.749,P3O-dyn+AdaReset+HardDistill,Hopper-v4,2
11399,reward,660,21.495679281813555,18.829,P3O-dyn+AdaReset+HardDistill,Hopper-v4,2
11421,reward,661,29.784458652965796,20.878,P3O-dyn+AdaReset+HardDistill,Hopper-v4,2
11450,reward,662,13.83292245038849,20.854,P3O-dyn+AdaReset+HardDistill,Hopper-v4,2
11460,reward,663,7.8448726279366205,20.977,P3O-dyn+AdaReset+HardDistill,Hopper-v4,2
11472,reward,664,10.5912762918048,18.626,P3O-dyn+AdaReset+HardDistill,Hopper-v4,2
11493,reward,665,21.482567247072993,19.395,P3O-dyn+AdaReset+HardDistill,Hopper-v4,2
11523,reward,666,23.612072397268225,20.375,P3O-dyn+AdaReset+HardDistill,Hopper-v4,2
11537,reward,667,13.687960176894418,16.248,P3O-dyn+AdaReset+HardDistill,Hopper-v4,2
11555,reward,668,9.94441944390115,16.207,P3O-dyn+AdaReset+HardDistill,Hopper-v4,2
11572,reward,669,9.157148810651833,16.143,P3O-dyn+AdaReset+HardDistill,Hopper-v4,2
11584,reward,670,8.57609294086035,14.851,P3O-dyn+AdaReset+HardDistill,Hopper-v4,2
11593,reward,671,7.318165878958724,12.605,P3O-dyn+AdaReset+HardDistill,Hopper-v4,2
11606,reward,672,5.313801025327057,11.753,P3O-dyn+AdaReset+HardDistill,Hopper-v4,2
11632,reward,673,3.4872970704375352,11.317,P3O-dyn+AdaReset+HardDistill,Hopper-v4,2
11690,reward,674,99.1710206840108,20.175,P3O-dyn+AdaReset+HardDistill,Hopper-v4,2
11710,reward,675,11.070320445460199,19.134,P3O-dyn+AdaReset+HardDistill,Hopper-v4,2
11725,reward,676,12.959914419495961,18.069,P3O-dyn+AdaReset+HardDistill,Hopper-v4,2
11740,reward,677,7.762645676509467,17.476,P3O-dyn+AdaReset+HardDistill,Hopper-v4,2
11756,reward,678,14.57329894230634,17.939,P3O-dyn+AdaReset+HardDistill,Hopper-v4,2
11776,reward,679,22.919143209938163,19.315,P3O-dyn+AdaReset+HardDistill,Hopper-v4,2
11796,reward,680,9.328196514675277,19.39,P3O-dyn+AdaReset+HardDistill,Hopper-v4,2
11821,reward,681,27.012945529734907,21.36,P3O-dyn+AdaReset+HardDistill,Hopper-v4,2
11843,reward,682,11.532796661166998,21.982,P3O-dyn+AdaReset+HardDistill,Hopper-v4,2
11863,reward,683,11.08451771908771,22.741,P3O-dyn+AdaReset+HardDistill,Hopper-v4,2
11871,reward,684,3.6204065037116946,13.186,P3O-dyn+AdaReset+HardDistill,Hopper-v4,2
11883,reward,685,9.529258299986454,13.032,P3O-dyn+AdaReset+HardDistill,Hopper-v4,2
11894,reward,686,5.852518247623946,12.322,P3O-dyn+AdaReset+HardDistill,Hopper-v4,2
11917,reward,687,5.645226043976414,12.11,P3O-dyn+AdaReset+HardDistill,Hopper-v4,2
11938,reward,688,13.014149523677633,11.954,P3O-dyn+AdaReset+HardDistill,Hopper-v4,2
11947,reward,689,6.586175663452534,10.321,P3O-dyn+AdaReset+HardDistill,Hopper-v4,2
11988,reward,690,59.488231541975814,15.337,P3O-dyn+AdaReset+HardDistill,Hopper-v4,2
12000,reward,691,11.531003444335479,13.788,P3O-dyn+AdaReset+HardDistill,Hopper-v4,2
12024,reward,692,20.93903385225851,14.729,P3O-dyn+AdaReset+HardDistill,Hopper-v4,2
12057,reward,693,35.856409672355845,17.206,P3O-dyn+AdaReset+HardDistill,Hopper-v4,2
12081,reward,694,22.599455701782418,19.104,P3O-dyn+AdaReset+HardDistill,Hopper-v4,2
12103,reward,695,24.140492182247684,20.565,P3O-dyn+AdaReset+HardDistill,Hopper-v4,2
12123,reward,696,11.942341531528392,21.174,P3O-dyn+AdaReset+HardDistill,Hopper-v4,2
12133,reward,697,7.963329581686753,21.406,P3O-dyn+AdaReset+HardDistill,Hopper-v4,2
12145,reward,698,8.944085884334845,20.999,P3O-dyn+AdaReset+HardDistill,Hopper-v4,2
12160,reward,699,12.380911891894819,21.579,P3O-dyn+AdaReset+HardDistill,Hopper-v4,2
12169,reward,700,3.294465983226773,15.959,P3O-dyn+AdaReset+HardDistill,Hopper-v4,2
12180,reward,701,8.35502468134133,15.642,P3O-dyn+AdaReset+HardDistill,Hopper-v4,2
12199,reward,702,9.79396993203955,14.527,P3O-dyn+AdaReset+HardDistill,Hopper-v4,2
12210,reward,703,8.169262685886768,11.758,P3O-dyn+AdaReset+HardDistill,Hopper-v4,2
12226,reward,704,12.709011504304664,10.769,P3O-dyn+AdaReset+HardDistill,Hopper-v4,2
12249,reward,705,27.34773951647833,11.09,P3O-dyn+AdaReset+HardDistill,Hopper-v4,2
12268,reward,706,19.375316888609955,11.833,P3O-dyn+AdaReset+HardDistill,Hopper-v4,2
12292,reward,707,20.989128755155136,13.136,P3O-dyn+AdaReset+HardDistill,Hopper-v4,2
12312,reward,708,10.138925909070924,13.255,P3O-dyn+AdaReset+HardDistill,Hopper-v4,2
12353,reward,709,57.257491649772575,17.743,P3O-dyn+AdaReset+HardDistill,Hopper-v4,2
12375,reward,710,26.290784151399535,20.043,P3O-dyn+AdaReset+HardDistill,Hopper-v4,2
12388,reward,711,6.141650842946047,19.821,P3O-dyn+AdaReset+HardDistill,Hopper-v4,2
12413,reward,712,10.898572219499378,19.932,P3O-dyn+AdaReset+HardDistill,Hopper-v4,2
12423,reward,713,5.717985115312809,19.687,P3O-dyn+AdaReset+HardDistill,Hopper-v4,2
12441,reward,714,10.88046071554048,19.504,P3O-dyn+AdaReset+HardDistill,Hopper-v4,2
12462,reward,715,18.302712208788787,18.599,P3O-dyn+AdaReset+HardDistill,Hopper-v4,2
12473,reward,716,5.80797295670198,17.243,P3O-dyn+AdaReset+HardDistill,Hopper-v4,2
12483,reward,717,7.694434369216328,15.913,P3O-dyn+AdaReset+HardDistill,Hopper-v4,2
12507,reward,718,27.224271334689597,17.622,P3O-dyn+AdaReset+HardDistill,Hopper-v4,2
12529,reward,719,8.135481574626759,12.709,P3O-dyn+AdaReset+HardDistill,Hopper-v4,2
12542,reward,720,7.183979226732674,10.799,P3O-dyn+AdaReset+HardDistill,Hopper-v4,2
12560,reward,721,3.507266171020489,10.535,P3O-dyn+AdaReset+HardDistill,Hopper-v4,2
12569,reward,722,6.21096819065616,10.067,P3O-dyn+AdaReset+HardDistill,Hopper-v4,2
12598,reward,723,27.95083014879682,12.29,P3O-dyn+AdaReset+HardDistill,Hopper-v4,2
12622,reward,724,27.57357431249704,13.959,P3O-dyn+AdaReset+HardDistill,Hopper-v4,2
12644,reward,725,11.369963487778296,13.266,P3O-dyn+AdaReset+HardDistill,Hopper-v4,2
12660,reward,726,11.13664548075042,13.799,P3O-dyn+AdaReset+HardDistill,Hopper-v4,2
12670,reward,727,4.39430350799635,13.469,P3O-dyn+AdaReset+HardDistill,Hopper-v4,2
12699,reward,728,24.43204054398099,13.19,P3O-dyn+AdaReset+HardDistill,Hopper-v4,2
12721,reward,729,8.262205417075844,13.202,P3O-dyn+AdaReset+HardDistill,Hopper-v4,2
12730,reward,730,5.7254288446977135,13.056,P3O-dyn+AdaReset+HardDistill,Hopper-v4,2
12750,reward,731,17.67587136242374,14.473,P3O-dyn+AdaReset+HardDistill,Hopper-v4,2
12765,reward,732,10.20641770019313,14.873,P3O-dyn+AdaReset+HardDistill,Hopper-v4,2
12789,reward,733,25.306557644595358,14.608,P3O-dyn+AdaReset+HardDistill,Hopper-v4,2
12801,reward,734,10.087051836675943,12.86,P3O-dyn+AdaReset+HardDistill,Hopper-v4,2
12822,reward,735,9.157537475879959,12.638,P3O-dyn+AdaReset+HardDistill,Hopper-v4,2
12848,reward,736,29.008085484887143,14.426,P3O-dyn+AdaReset+HardDistill,Hopper-v4,2
12868,reward,737,20.959672810752267,16.082,P3O-dyn+AdaReset+HardDistill,Hopper-v4,2
12886,reward,738,12.167787510614398,14.856,P3O-dyn+AdaReset+HardDistill,Hopper-v4,2
12918,reward,739,45.25387441905622,18.555,P3O-dyn+AdaReset+HardDistill,Hopper-v4,2
12932,reward,740,12.13324089768789,19.196,P3O-dyn+AdaReset+HardDistill,Hopper-v4,2
12951,reward,741,19.554465313134106,19.383,P3O-dyn+AdaReset+HardDistill,Hopper-v4,2
12965,reward,742,7.947265870930985,19.158,P3O-dyn+AdaReset+HardDistill,Hopper-v4,2
12986,reward,743,20.440157835641166,18.671,P3O-dyn+AdaReset+HardDistill,Hopper-v4,2
13008,reward,744,17.629733212424398,19.425,P3O-dyn+AdaReset+HardDistill,Hopper-v4,2
13023,reward,745,11.259915358928703,19.635,P3O-dyn+AdaReset+HardDistill,Hopper-v4,2
13034,reward,746,8.38853877084334,17.573,P3O-dyn+AdaReset+HardDistill,Hopper-v4,2
13044,reward,747,5.600965596867597,16.038,P3O-dyn+AdaReset+HardDistill,Hopper-v4,2
13063,reward,748,11.153261611372828,15.936,P3O-dyn+AdaReset+HardDistill,Hopper-v4,2
13079,reward,749,8.012058820950752,12.212,P3O-dyn+AdaReset+HardDistill,Hopper-v4,2
13111,reward,750,41.53437599023613,15.152,P3O-dyn+AdaReset+HardDistill,Hopper-v4,2
13122,reward,751,3.9708456872282687,13.594,P3O-dyn+AdaReset+HardDistill,Hopper-v4,2
13136,reward,752,8.853355470893367,13.684,P3O-dyn+AdaReset+HardDistill,Hopper-v4,2
13151,reward,753,14.992570285954958,13.14,P3O-dyn+AdaReset+HardDistill,Hopper-v4,2
13187,reward,754,46.71378253695794,16.048,P3O-dyn+AdaReset+HardDistill,Hopper-v4,2
13203,reward,755,15.257264314674478,16.448,P3O-dyn+AdaReset+HardDistill,Hopper-v4,2
13295,reward,756,157.01028740299404,31.31,P3O-dyn+AdaReset+HardDistill,Hopper-v4,2
13321,reward,757,4.431862887390084,31.193,P3O-dyn+AdaReset+HardDistill,Hopper-v4,2
13336,reward,758,7.220193025932863,30.8,P3O-dyn+AdaReset+HardDistill,Hopper-v4,2
13351,reward,759,14.129595582386607,31.411,P3O-dyn+AdaReset+HardDistill,Hopper-v4,2
13365,reward,760,6.067640904433955,27.865,P3O-dyn+AdaReset+HardDistill,Hopper-v4,2
13375,reward,761,7.053628532272643,28.173,P3O-dyn+AdaReset+HardDistill,Hopper-v4,2
13407,reward,762,19.24982842485104,29.213,P3O-dyn+AdaReset+HardDistill,Hopper-v4,2
13421,reward,763,10.422366317886066,28.756,P3O-dyn+AdaReset+HardDistill,Hopper-v4,2
13434,reward,764,11.165126974799048,25.201,P3O-dyn+AdaReset+HardDistill,Hopper-v4,2
13447,reward,765,6.8489776531220885,24.36,P3O-dyn+AdaReset+HardDistill,Hopper-v4,2
13462,reward,766,7.780187285803222,9.437,P3O-dyn+AdaReset+HardDistill,Hopper-v4,2
13470,reward,767,5.60789926746117,9.555,P3O-dyn+AdaReset+HardDistill,Hopper-v4,2
13500,reward,768,36.56884644756473,12.489,P3O-dyn+AdaReset+HardDistill,Hopper-v4,2
13531,reward,769,6.99137728205809,11.776,P3O-dyn+AdaReset+HardDistill,Hopper-v4,2
13568,reward,770,14.659330046995546,12.635,P3O-dyn+AdaReset+HardDistill,Hopper-v4,2
13580,reward,771,10.576925518993557,12.987,P3O-dyn+AdaReset+HardDistill,Hopper-v4,2
13593,reward,772,7.071480287252312,11.769,P3O-dyn+AdaReset+HardDistill,Hopper-v4,2
13620,reward,773,25.726132024486976,13.3,P3O-dyn+AdaReset+HardDistill,Hopper-v4,2
13642,reward,774,22.683343422722476,14.451,P3O-dyn+AdaReset+HardDistill,Hopper-v4,2
13656,reward,775,8.730847423016488,14.64,P3O-dyn+AdaReset+HardDistill,Hopper-v4,2
13669,reward,776,9.863586978667351,14.848,P3O-dyn+AdaReset+HardDistill,Hopper-v4,2
13685,reward,777,8.665118572440765,15.154,P3O-dyn+AdaReset+HardDistill,Hopper-v4,2
13697,reward,778,8.58598226465393,12.355,P3O-dyn+AdaReset+HardDistill,Hopper-v4,2
13716,reward,779,13.037202340618842,12.96,P3O-dyn+AdaReset+HardDistill,Hopper-v4,2
13727,reward,780,6.240279144566554,12.118,P3O-dyn+AdaReset+HardDistill,Hopper-v4,2
13754,reward,781,30.872786848584123,14.148,P3O-dyn+AdaReset+HardDistill,Hopper-v4,2
13802,reward,782,71.21555126260532,20.562,P3O-dyn+AdaReset+HardDistill,Hopper-v4,2
13813,reward,783,7.70161229991383,18.76,P3O-dyn+AdaReset+HardDistill,Hopper-v4,2
13832,reward,784,18.905776945653606,18.382,P3O-dyn+AdaReset+HardDistill,Hopper-v4,2
13845,reward,785,12.834403263210957,18.792,P3O-dyn+AdaReset+HardDistill,Hopper-v4,2
13858,reward,786,7.417321772318921,18.548,P3O-dyn+AdaReset+HardDistill,Hopper-v4,2
13893,reward,787,36.24954273835836,21.306,P3O-dyn+AdaReset+HardDistill,Hopper-v4,2
13902,reward,788,7.326682212389312,21.18,P3O-dyn+AdaReset+HardDistill,Hopper-v4,2
13914,reward,789,7.841992277090449,20.661,P3O-dyn+AdaReset+HardDistill,Hopper-v4,2
13931,reward,790,11.863788418690987,21.223,P3O-dyn+AdaReset+HardDistill,Hopper-v4,2
13948,reward,791,18.250437587686218,19.961,P3O-dyn+AdaReset+HardDistill,Hopper-v4,2
13975,reward,792,21.55146942123991,14.994,P3O-dyn+AdaReset+HardDistill,Hopper-v4,2
13987,reward,793,7.4667457441547755,14.971,P3O-dyn+AdaReset+HardDistill,Hopper-v4,2
14006,reward,794,12.828844684417806,14.363,P3O-dyn+AdaReset+HardDistill,Hopper-v4,2
14018,reward,795,10.370253968567779,14.117,P3O-dyn+AdaReset+HardDistill,Hopper-v4,2
14041,reward,796,10.995024770386788,14.474,P3O-dyn+AdaReset+HardDistill,Hopper-v4,2
14065,reward,797,29.512931304230634,13.801,P3O-dyn+AdaReset+HardDistill,Hopper-v4,2
14082,reward,798,20.393445294807744,15.107,P3O-dyn+AdaReset+HardDistill,Hopper-v4,2
14104,reward,799,23.594042928159272,16.683,P3O-dyn+AdaReset+HardDistill,Hopper-v4,2
14112,reward,800,6.38250522577047,16.135,P3O-dyn+AdaReset+HardDistill,Hopper-v4,2
14125,reward,801,5.718887395322705,14.881,P3O-dyn+AdaReset+HardDistill,Hopper-v4,2
14145,reward,802,19.08878330226286,14.635,P3O-dyn+AdaReset+HardDistill,Hopper-v4,2
14178,reward,803,19.99937117229386,15.888,P3O-dyn+AdaReset+HardDistill,Hopper-v4,2
14194,reward,804,10.532019689900128,15.659,P3O-dyn+AdaReset+HardDistill,Hopper-v4,2
14213,reward,805,22.03292508121586,16.825,P3O-dyn+AdaReset+HardDistill,Hopper-v4,2
14238,reward,806,17.05178145229133,17.431,P3O-dyn+AdaReset+HardDistill,Hopper-v4,2
14250,reward,807,10.91762206153263,15.571,P3O-dyn+AdaReset+HardDistill,Hopper-v4,2
14278,reward,808,15.592177180318615,15.091,P3O-dyn+AdaReset+HardDistill,Hopper-v4,2
14297,reward,809,16.33466223172447,14.365,P3O-dyn+AdaReset+HardDistill,Hopper-v4,2
14315,reward,810,16.487725940020034,15.376,P3O-dyn+AdaReset+HardDistill,Hopper-v4,2
14330,reward,811,7.011333909577713,15.505,P3O-dyn+AdaReset+HardDistill,Hopper-v4,2
14339,reward,812,6.643718698041279,14.26,P3O-dyn+AdaReset+HardDistill,Hopper-v4,2
14351,reward,813,6.916644881673875,12.952,P3O-dyn+AdaReset+HardDistill,Hopper-v4,2
14365,reward,814,15.582162982390162,13.457,P3O-dyn+AdaReset+HardDistill,Hopper-v4,2
14379,reward,815,10.498292240145267,12.304,P3O-dyn+AdaReset+HardDistill,Hopper-v4,2
14408,reward,816,50.322060139752864,15.631,P3O-dyn+AdaReset+HardDistill,Hopper-v4,2
14417,reward,817,7.098884251767879,15.249,P3O-dyn+AdaReset+HardDistill,Hopper-v4,2
14425,reward,818,6.549146932752589,14.344,P3O-dyn+AdaReset+HardDistill,Hopper-v4,2
14438,reward,819,11.989307693058835,13.91,P3O-dyn+AdaReset+HardDistill,Hopper-v4,2
14456,reward,820,16.86236730038957,13.947,P3O-dyn+AdaReset+HardDistill,Hopper-v4,2
14464,reward,821,6.690390547341365,13.915,P3O-dyn+AdaReset+HardDistill,Hopper-v4,2
14480,reward,822,16.579167370000384,14.909,P3O-dyn+AdaReset+HardDistill,Hopper-v4,2
14503,reward,823,11.913337501184767,15.409,P3O-dyn+AdaReset+HardDistill,Hopper-v4,2
14519,reward,824,8.730909891678985,14.723,P3O-dyn+AdaReset+HardDistill,Hopper-v4,2
14547,reward,825,11.424830168400625,14.816,P3O-dyn+AdaReset+HardDistill,Hopper-v4,2
14554,reward,826,3.8493622549633466,10.169,P3O-dyn+AdaReset+HardDistill,Hopper-v4,2
14572,reward,827,16.53208091460272,11.112,P3O-dyn+AdaReset+HardDistill,Hopper-v4,2
14594,reward,828,12.70966616592127,11.728,P3O-dyn+AdaReset+HardDistill,Hopper-v4,2
14612,reward,829,4.656668477679445,10.995,P3O-dyn+AdaReset+HardDistill,Hopper-v4,2
14622,reward,830,7.9111910776553875,10.1,P3O-dyn+AdaReset+HardDistill,Hopper-v4,2
14635,reward,831,7.9071026691114925,10.221,P3O-dyn+AdaReset+HardDistill,Hopper-v4,2
14656,reward,832,21.578612117471923,10.721,P3O-dyn+AdaReset+HardDistill,Hopper-v4,2
14674,reward,833,12.457533578768789,10.776,P3O-dyn+AdaReset+HardDistill,Hopper-v4,2
14689,reward,834,11.22360172520292,11.025,P3O-dyn+AdaReset+HardDistill,Hopper-v4,2
14698,reward,835,4.340774952582892,10.317,P3O-dyn+AdaReset+HardDistill,Hopper-v4,2
14739,reward,836,43.013702233844285,14.233,P3O-dyn+AdaReset+HardDistill,Hopper-v4,2
14765,reward,837,20.660994517996844,14.646,P3O-dyn+AdaReset+HardDistill,Hopper-v4,2
14790,reward,838,13.093157020535122,14.684,P3O-dyn+AdaReset+HardDistill,Hopper-v4,2
14804,reward,839,9.27837538578442,15.147,P3O-dyn+AdaReset+HardDistill,Hopper-v4,2
14822,reward,840,9.308879519986435,15.286,P3O-dyn+AdaReset+HardDistill,Hopper-v4,2
14838,reward,841,7.115042780728464,15.207,P3O-dyn+AdaReset+HardDistill,Hopper-v4,2
14861,reward,842,13.234392573078415,14.373,P3O-dyn+AdaReset+HardDistill,Hopper-v4,2
14878,reward,843,6.130468118041676,13.74,P3O-dyn+AdaReset+HardDistill,Hopper-v4,2
14900,reward,844,19.278834669423482,14.545,P3O-dyn+AdaReset+HardDistill,Hopper-v4,2
14915,reward,845,12.583622994856501,15.37,P3O-dyn+AdaReset+HardDistill,Hopper-v4,2
14939,reward,846,32.49432625449536,14.318,P3O-dyn+AdaReset+HardDistill,Hopper-v4,2
14960,reward,847,22.89513207108762,14.541,P3O-dyn+AdaReset+HardDistill,Hopper-v4,2
14989,reward,848,33.11306395263602,16.543,P3O-dyn+AdaReset+HardDistill,Hopper-v4,2
15006,reward,849,7.503459382671337,16.366,P3O-dyn+AdaReset+HardDistill,Hopper-v4,2
15018,reward,850,7.154952506596865,16.15,P3O-dyn+AdaReset+HardDistill,Hopper-v4,2
15056,reward,851,64.95283299685897,21.934,P3O-dyn+AdaReset+HardDistill,Hopper-v4,2
15095,reward,852,19.299711267420253,22.541,P3O-dyn+AdaReset+HardDistill,Hopper-v4,2
15127,reward,853,34.83966220197771,25.412,P3O-dyn+AdaReset+HardDistill,Hopper-v4,2
15141,reward,854,15.544447749376967,25.038,P3O-dyn+AdaReset+HardDistill,Hopper-v4,2
15154,reward,855,6.315939196703008,24.411,P3O-dyn+AdaReset+HardDistill,Hopper-v4,2
15184,reward,856,8.263337168942398,21.988,P3O-dyn+AdaReset+HardDistill,Hopper-v4,2
15198,reward,857,12.674804206712238,20.966,P3O-dyn+AdaReset+HardDistill,Hopper-v4,2
15221,reward,858,22.741020244020085,19.929,P3O-dyn+AdaReset+HardDistill,Hopper-v4,2
15235,reward,859,5.805054762853194,19.759,P3O-dyn+AdaReset+HardDistill,Hopper-v4,2
15247,reward,860,8.237724410231937,19.867,P3O-dyn+AdaReset+HardDistill,Hopper-v4,2
15256,reward,861,6.275197789243922,14.0,P3O-dyn+AdaReset+HardDistill,Hopper-v4,2
15269,reward,862,11.998886166138304,13.27,P3O-dyn+AdaReset+HardDistill,Hopper-v4,2
15299,reward,863,12.522967729260536,11.038,P3O-dyn+AdaReset+HardDistill,Hopper-v4,2
15312,reward,864,2.9530511985083914,9.779,P3O-dyn+AdaReset+HardDistill,Hopper-v4,2
15330,reward,865,4.741352615845824,9.621,P3O-dyn+AdaReset+HardDistill,Hopper-v4,2
15344,reward,866,8.94839897929228,9.69,P3O-dyn+AdaReset+HardDistill,Hopper-v4,2
15360,reward,867,7.8714000433785305,9.21,P3O-dyn+AdaReset+HardDistill,Hopper-v4,2
15404,reward,868,55.39488312744778,12.475,P3O-dyn+AdaReset+HardDistill,Hopper-v4,2
15415,reward,869,9.766075788656883,12.871,P3O-dyn+AdaReset+HardDistill,Hopper-v4,2
15437,reward,870,10.722866860073896,13.12,P3O-dyn+AdaReset+HardDistill,Hopper-v4,2
15456,reward,871,14.276316433176518,13.92,P3O-dyn+AdaReset+HardDistill,Hopper-v4,2
15485,reward,872,34.36776972484015,16.157,P3O-dyn+AdaReset+HardDistill,Hopper-v4,2
15513,reward,873,20.38547714453758,16.943,P3O-dyn+AdaReset+HardDistill,Hopper-v4,2
15539,reward,874,14.407094554893105,18.088,P3O-dyn+AdaReset+HardDistill,Hopper-v4,2
15555,reward,875,8.384558515349935,18.452,P3O-dyn+AdaReset+HardDistill,Hopper-v4,2
15566,reward,876,8.266762796635117,18.384,P3O-dyn+AdaReset+HardDistill,Hopper-v4,2
15601,reward,877,42.83315259476684,21.88,P3O-dyn+AdaReset+HardDistill,Hopper-v4,2
15617,reward,878,9.25155773590998,17.266,P3O-dyn+AdaReset+HardDistill,Hopper-v4,2
15630,reward,879,13.830940568125225,17.673,P3O-dyn+AdaReset+HardDistill,Hopper-v4,2
15644,reward,880,9.284996742260915,17.529,P3O-dyn+AdaReset+HardDistill,Hopper-v4,2
15655,reward,881,10.109733929498042,17.112,P3O-dyn+AdaReset+HardDistill,Hopper-v4,2
15678,reward,882,24.51072601113341,16.127,P3O-dyn+AdaReset+HardDistill,Hopper-v4,2
15689,reward,883,9.463266678758085,15.034,P3O-dyn+AdaReset+HardDistill,Hopper-v4,2
15716,reward,884,39.664540054329166,17.56,P3O-dyn+AdaReset+HardDistill,Hopper-v4,2
15726,reward,885,7.639760392604378,17.486,P3O-dyn+AdaReset+HardDistill,Hopper-v4,2
15750,reward,886,27.050353980903047,19.364,P3O-dyn+AdaReset+HardDistill,Hopper-v4,2
15760,reward,887,7.370632854927154,15.818,P3O-dyn+AdaReset+HardDistill,Hopper-v4,2
15773,reward,888,13.556735142013903,16.248,P3O-dyn+AdaReset+HardDistill,Hopper-v4,2
15785,reward,889,12.599047263130156,16.125,P3O-dyn+AdaReset+HardDistill,Hopper-v4,2
15801,reward,890,11.096152111092673,16.306,P3O-dyn+AdaReset+HardDistill,Hopper-v4,2
15813,reward,891,7.554316089924761,16.051,P3O-dyn+AdaReset+HardDistill,Hopper-v4,2
15828,reward,892,12.883413270257517,14.888,P3O-dyn+AdaReset+HardDistill,Hopper-v4,2
15844,reward,893,8.182525323321105,14.76,P3O-dyn+AdaReset+HardDistill,Hopper-v4,2
15853,reward,894,6.174398323552412,11.411,P3O-dyn+AdaReset+HardDistill,Hopper-v4,2
15868,reward,895,6.979656517709673,11.345,P3O-dyn+AdaReset+HardDistill,Hopper-v4,2
15879,reward,896,6.344649846416363,9.274,P3O-dyn+AdaReset+HardDistill,Hopper-v4,2
15894,reward,897,14.357740422219083,9.973,P3O-dyn+AdaReset+HardDistill,Hopper-v4,2
15912,reward,898,18.555520486886092,10.473,P3O-dyn+AdaReset+HardDistill,Hopper-v4,2
15921,reward,899,7.7138801381733435,9.984,P3O-dyn+AdaReset+HardDistill,Hopper-v4,2
15933,reward,900,7.1033748725131005,9.585,P3O-dyn+AdaReset+HardDistill,Hopper-v4,2
15976,reward,901,36.61052597082129,12.491,P3O-dyn+AdaReset+HardDistill,Hopper-v4,2
15991,reward,902,16.008229921279316,12.803,P3O-dyn+AdaReset+HardDistill,Hopper-v4,2
16006,reward,903,13.34311416263495,13.319,P3O-dyn+AdaReset+HardDistill,Hopper-v4,2
16018,reward,904,5.126889821405771,13.214,P3O-dyn+AdaReset+HardDistill,Hopper-v4,2
16029,reward,905,5.801710455363198,13.097,P3O-dyn+AdaReset+HardDistill,Hopper-v4,2
16047,reward,906,8.453245994750858,13.307,P3O-dyn+AdaReset+HardDistill,Hopper-v4,2
16061,reward,907,13.35971438648309,13.208,P3O-dyn+AdaReset+HardDistill,Hopper-v4,2
16089,reward,908,21.647397540698318,13.517,P3O-dyn+AdaReset+HardDistill,Hopper-v4,2
16104,reward,909,11.786015034575229,13.924,P3O-dyn+AdaReset+HardDistill,Hopper-v4,2
16145,reward,910,64.32732241928247,19.646,P3O-dyn+AdaReset+HardDistill,Hopper-v4,2
16159,reward,911,9.93681234939541,16.979,P3O-dyn+AdaReset+HardDistill,Hopper-v4,2
16189,reward,912,37.839114350780626,19.162,P3O-dyn+AdaReset+HardDistill,Hopper-v4,2
16207,reward,913,8.738217887163602,18.702,P3O-dyn+AdaReset+HardDistill,Hopper-v4,2
16260,reward,914,80.15408585801356,26.204,P3O-dyn+AdaReset+HardDistill,Hopper-v4,2
16294,reward,915,9.634958206497764,26.588,P3O-dyn+AdaReset+HardDistill,Hopper-v4,2
16321,reward,916,26.390831783230265,28.381,P3O-dyn+AdaReset+HardDistill,Hopper-v4,2
16337,reward,917,6.337016809551728,27.679,P3O-dyn+AdaReset+HardDistill,Hopper-v4,2
16352,reward,918,10.05579686153567,26.52,P3O-dyn+AdaReset+HardDistill,Hopper-v4,2
16364,reward,919,4.985345123663663,25.84,P3O-dyn+AdaReset+HardDistill,Hopper-v4,2
16384,loss,-0.03049013577401638,0.1646830439567566,P3O-dyn+AdaReset+HardDistill,Hopper-v4,2
16503,reward,920,159.08231938887758,35.315,P3O-dyn+AdaReset+HardDistill,Hopper-v4,2
16529,reward,921,8.929975887350828,35.215,P3O-dyn+AdaReset+HardDistill,Hopper-v4,2
16554,reward,922,14.56404693544081,32.887,P3O-dyn+AdaReset+HardDistill,Hopper-v4,2
16576,reward,923,19.182639959903263,33.932,P3O-dyn+AdaReset+HardDistill,Hopper-v4,2
16664,reward,924,100.53240369541695,35.97,P3O-dyn+AdaReset+HardDistill,Hopper-v4,2
16685,reward,925,16.35181270202862,36.641,P3O-dyn+AdaReset+HardDistill,Hopper-v4,2
16712,reward,926,26.849863420461073,36.687,P3O-dyn+AdaReset+HardDistill,Hopper-v4,2
16726,reward,927,14.277704334042605,37.481,P3O-dyn+AdaReset+HardDistill,Hopper-v4,2
16764,reward,928,17.076226525025614,38.183,P3O-dyn+AdaReset+HardDistill,Hopper-v4,2
16771,reward,929,4.4658538199249875,38.131,P3O-dyn+AdaReset+HardDistill,Hopper-v4,2
16796,reward,930,30.310926310813663,25.254,P3O-dyn+AdaReset+HardDistill,Hopper-v4,2
16810,reward,931,6.559678923716002,25.017,P3O-dyn+AdaReset+HardDistill,Hopper-v4,2
16836,reward,932,13.938854768637148,24.955,P3O-dyn+AdaReset+HardDistill,Hopper-v4,2
16858,reward,933,11.887320417485908,24.225,P3O-dyn+AdaReset+HardDistill,Hopper-v4,2
16911,reward,934,29.93221970928272,17.165,P3O-dyn+AdaReset+HardDistill,Hopper-v4,2
16928,reward,935,10.540722715872455,16.584,P3O-dyn+AdaReset+HardDistill,Hopper-v4,2
16947,reward,936,4.912615976387972,14.39,P3O-dyn+AdaReset+HardDistill,Hopper-v4,2
16974,reward,937,10.442351758785788,14.007,P3O-dyn+AdaReset+HardDistill,Hopper-v4,2
16987,reward,938,8.17245539018433,13.116,P3O-dyn+AdaReset+HardDistill,Hopper-v4,2
17030,reward,939,17.945173699046673,14.464,P3O-dyn+AdaReset+HardDistill,Hopper-v4,2
17059,reward,940,11.120415599898504,12.545,P3O-dyn+AdaReset+HardDistill,Hopper-v4,2
17083,reward,941,11.089889877210034,12.998,P3O-dyn+AdaReset+HardDistill,Hopper-v4,2
17116,reward,942,51.09985948009062,16.714,P3O-dyn+AdaReset+HardDistill,Hopper-v4,2
17141,reward,943,14.727191079903719,16.998,P3O-dyn+AdaReset+HardDistill,Hopper-v4,2
17161,reward,944,20.421853164620497,16.047,P3O-dyn+AdaReset+HardDistill,Hopper-v4,2
17205,reward,945,62.11661736565861,21.205,P3O-dyn+AdaReset+HardDistill,Hopper-v4,2
17231,reward,946,24.546085025327066,23.168,P3O-dyn+AdaReset+HardDistill,Hopper-v4,2
17260,reward,947,6.97285396818108,22.821,P3O-dyn+AdaReset+HardDistill,Hopper-v4,2
17293,reward,948,13.87631879024484,23.392,P3O-dyn+AdaReset+HardDistill,Hopper-v4,2
17309,reward,949,14.166786588691537,23.014,P3O-dyn+AdaReset+HardDistill,Hopper-v4,2
17327,reward,950,8.242524559976326,22.726,P3O-dyn+AdaReset+HardDistill,Hopper-v4,2
17346,reward,951,12.50519722663433,22.868,P3O-dyn+AdaReset+HardDistill,Hopper-v4,2
17386,reward,952,63.0320714247456,24.061,P3O-dyn+AdaReset+HardDistill,Hopper-v4,2
17406,reward,953,2.434021874113996,22.831,P3O-dyn+AdaReset+HardDistill,Hopper-v4,2
17421,reward,954,13.438837264128479,22.133,P3O-dyn+AdaReset+HardDistill,Hopper-v4,2
17430,reward,955,6.482293026449075,16.57,P3O-dyn+AdaReset+HardDistill,Hopper-v4,2
17454,reward,956,7.564679607481992,14.872,P3O-dyn+AdaReset+HardDistill,Hopper-v4,2
17467,reward,957,8.429489229544163,15.017,P3O-dyn+AdaReset+HardDistill,Hopper-v4,2
17488,reward,958,18.25785392995882,15.455,P3O-dyn+AdaReset+HardDistill,Hopper-v4,2
17543,reward,959,54.18162073559225,19.457,P3O-dyn+AdaReset+HardDistill,Hopper-v4,2
17652,reward,960,98.53411884243768,28.486,P3O-dyn+AdaReset+HardDistill,Hopper-v4,2
17672,reward,961,20.44729329686418,29.28,P3O-dyn+AdaReset+HardDistill,Hopper-v4,2
17692,reward,962,21.540387650048963,25.131,P3O-dyn+AdaReset+HardDistill,Hopper-v4,2
17715,reward,963,4.4623514044763475,25.334,P3O-dyn+AdaReset+HardDistill,Hopper-v4,2
17740,reward,964,9.745263057729403,24.965,P3O-dyn+AdaReset+HardDistill,Hopper-v4,2
17768,reward,965,17.120050968839273,26.028,P3O-dyn+AdaReset+HardDistill,Hopper-v4,2
17793,reward,966,33.41691551970752,28.614,P3O-dyn+AdaReset+HardDistill,Hopper-v4,2
17806,reward,967,7.027411916158337,28.473,P3O-dyn+AdaReset+HardDistill,Hopper-v4,2
17828,reward,968,15.45967730984659,28.194,P3O-dyn+AdaReset+HardDistill,Hopper-v4,2
17838,reward,969,5.994963261000093,23.375,P3O-dyn+AdaReset+HardDistill,Hopper-v4,2
17858,reward,970,19.099659459958968,15.431,P3O-dyn+AdaReset+HardDistill,Hopper-v4,2
17885,reward,971,18.986017708258586,15.285,P3O-dyn+AdaReset+HardDistill,Hopper-v4,2
17898,reward,972,8.410410242672297,13.972,P3O-dyn+AdaReset+HardDistill,Hopper-v4,2
17922,reward,973,25.034222832685018,16.029,P3O-dyn+AdaReset+HardDistill,Hopper-v4,2
17968,reward,974,25.33636756514247,17.589,P3O-dyn+AdaReset+HardDistill,Hopper-v4,2
17994,reward,975,14.19622048521325,17.296,P3O-dyn+AdaReset+HardDistill,Hopper-v4,2
18014,reward,976,8.572377066903421,14.812,P3O-dyn+AdaReset+HardDistill,Hopper-v4,2
18031,reward,977,5.080124948556586,14.617,P3O-dyn+AdaReset+HardDistill,Hopper-v4,2
18067,reward,978,11.248271184741862,14.196,P3O-dyn+AdaReset+HardDistill,Hopper-v4,2
18090,reward,979,7.237361318677143,14.32,P3O-dyn+AdaReset+HardDistill,Hopper-v4,2
18112,reward,980,15.30539431307986,13.941,P3O-dyn+AdaReset+HardDistill,Hopper-v4,2
18135,reward,981,4.886106482384685,12.531,P3O-dyn+AdaReset+HardDistill,Hopper-v4,2
18167,reward,982,16.990465440445973,13.389,P3O-dyn+AdaReset+HardDistill,Hopper-v4,2
18202,reward,983,9.486140211267992,11.834,P3O-dyn+AdaReset+HardDistill,Hopper-v4,2
18215,reward,984,6.5346186851240695,9.954,P3O-dyn+AdaReset+HardDistill,Hopper-v4,2
18269,reward,985,86.80512139720311,17.215,P3O-dyn+AdaReset+HardDistill,Hopper-v4,2
18296,reward,986,8.21640593256341,17.179,P3O-dyn+AdaReset+HardDistill,Hopper-v4,2
18322,reward,987,12.95445714713403,17.966,P3O-dyn+AdaReset+HardDistill,Hopper-v4,2
18330,reward,988,5.468295354378797,17.388,P3O-dyn+AdaReset+HardDistill,Hopper-v4,2
18356,reward,989,25.789402912595598,19.244,P3O-dyn+AdaReset+HardDistill,Hopper-v4,2
18382,reward,990,21.00331953696619,19.813,P3O-dyn+AdaReset+HardDistill,Hopper-v4,2
18392,reward,991,7.801001932643924,20.105,P3O-dyn+AdaReset+HardDistill,Hopper-v4,2
18412,reward,992,21.106452355716893,20.517,P3O-dyn+AdaReset+HardDistill,Hopper-v4,2
18449,reward,993,23.035910441007566,21.871,P3O-dyn+AdaReset+HardDistill,Hopper-v4,2
18469,reward,994,17.216134864647593,22.94,P3O-dyn+AdaReset+HardDistill,Hopper-v4,2
18494,reward,995,29.182512963510376,17.177,P3O-dyn+AdaReset+HardDistill,Hopper-v4,2
18533,reward,996,49.13554523266363,21.269,P3O-dyn+AdaReset+HardDistill,Hopper-v4,2
18544,reward,997,8.23401039435908,20.797,P3O-dyn+AdaReset+HardDistill,Hopper-v4,2
18582,reward,998,38.48763307189641,24.099,P3O-dyn+AdaReset+HardDistill,Hopper-v4,2
18634,reward,999,49.06021146598026,26.426,P3O-dyn+AdaReset+HardDistill,Hopper-v4,2
18670,reward,1000,7.822682523932334,25.108,P3O-dyn+AdaReset+HardDistill,Hopper-v4,2
18704,reward,1001,36.799586307720524,28.008,P3O-dyn+AdaReset+HardDistill,Hopper-v4,2
18742,reward,1002,14.444554625431714,27.342,P3O-dyn+AdaReset+HardDistill,Hopper-v4,2
18760,reward,1003,9.658066677206616,26.004,P3O-dyn+AdaReset+HardDistill,Hopper-v4,2
18819,reward,1004,44.20374056642008,28.703,P3O-dyn+AdaReset+HardDistill,Hopper-v4,2
18834,reward,1005,7.946233667370882,26.579,P3O-dyn+AdaReset+HardDistill,Hopper-v4,2
18871,reward,1006,11.547545022805602,22.82,P3O-dyn+AdaReset+HardDistill,Hopper-v4,2
18894,reward,1007,8.072008730949607,22.804,P3O-dyn+AdaReset+HardDistill,Hopper-v4,2
18904,reward,1008,6.108656331485736,19.566,P3O-dyn+AdaReset+HardDistill,Hopper-v4,2
18931,reward,1009,37.436947752446905,18.404,P3O-dyn+AdaReset+HardDistill,Hopper-v4,2
18963,reward,1010,6.188693997902466,18.241,P3O-dyn+AdaReset+HardDistill,Hopper-v4,2
19009,reward,1011,76.73184591209106,22.234,P3O-dyn+AdaReset+HardDistill,Hopper-v4,2
19038,reward,1012,23.53051715146062,23.142,P3O-dyn+AdaReset+HardDistill,Hopper-v4,2
19060,reward,1013,22.502657325145854,24.427,P3O-dyn+AdaReset+HardDistill,Hopper-v4,2
19094,reward,1014,13.302298148714778,21.337,P3O-dyn+AdaReset+HardDistill,Hopper-v4,2
19111,reward,1015,16.49302752296025,22.191,P3O-dyn+AdaReset+HardDistill,Hopper-v4,2
19132,reward,1016,22.99190450599436,23.336,P3O-dyn+AdaReset+HardDistill,Hopper-v4,2
19154,reward,1017,8.408272062146628,23.369,P3O-dyn+AdaReset+HardDistill,Hopper-v4,2
19173,reward,1018,6.397875383301461,23.398,P3O-dyn+AdaReset+HardDistill,Hopper-v4,2
19189,reward,1019,6.954734580616361,20.35,P3O-dyn+AdaReset+HardDistill,Hopper-v4,2
19211,reward,1020,12.129094534877874,20.944,P3O-dyn+AdaReset+HardDistill,Hopper-v4,2
19228,reward,1021,7.765022314001968,14.048,P3O-dyn+AdaReset+HardDistill,Hopper-v4,2
19249,reward,1022,23.534180237011906,14.048,P3O-dyn+AdaReset+HardDistill,Hopper-v4,2
19280,reward,1023,34.01860684175304,15.2,P3O-dyn+AdaReset+HardDistill,Hopper-v4,2
19302,reward,1024,18.667643121579495,15.736,P3O-dyn+AdaReset+HardDistill,Hopper-v4,2
19359,reward,1025,48.14347029072497,18.901,P3O-dyn+AdaReset+HardDistill,Hopper-v4,2
19367,reward,1026,6.2342337628804225,17.225,P3O-dyn+AdaReset+HardDistill,Hopper-v4,2
19427,reward,1027,37.30897385301172,20.115,P3O-dyn+AdaReset+HardDistill,Hopper-v4,2
19490,reward,1028,71.67385286464332,26.643,P3O-dyn+AdaReset+HardDistill,Hopper-v4,2
19507,reward,1029,10.22607615617655,26.97,P3O-dyn+AdaReset+HardDistill,Hopper-v4,2
19532,reward,1030,9.236500536928226,26.681,P3O-dyn+AdaReset+HardDistill,Hopper-v4,2
19573,reward,1031,46.901605143076885,30.595,P3O-dyn+AdaReset+HardDistill,Hopper-v4,2
19608,reward,1032,27.760512353143763,31.017,P3O-dyn+AdaReset+HardDistill,Hopper-v4,2
19631,reward,1033,12.799202303705,28.895,P3O-dyn+AdaReset+HardDistill,Hopper-v4,2
19655,reward,1034,11.426685651672463,28.171,P3O-dyn+AdaReset+HardDistill,Hopper-v4,2
19676,reward,1035,8.672523807164607,24.224,P3O-dyn+AdaReset+HardDistill,Hopper-v4,2
19726,reward,1036,44.613944259322345,28.062,P3O-dyn+AdaReset+HardDistill,Hopper-v4,2
19751,reward,1037,17.51520242800463,26.083,P3O-dyn+AdaReset+HardDistill,Hopper-v4,2
19769,reward,1038,17.026868470267118,20.618,P3O-dyn+AdaReset+HardDistill,Hopper-v4,2
19786,reward,1039,9.991185795463576,20.594,P3O-dyn+AdaReset+HardDistill,Hopper-v4,2
19847,reward,1040,67.69082014843764,26.44,P3O-dyn+AdaReset+HardDistill,Hopper-v4,2
19860,reward,1041,9.150778393667318,22.665,P3O-dyn+AdaReset+HardDistill,Hopper-v4,2
19874,reward,1042,4.907194793242649,20.379,P3O-dyn+AdaReset+HardDistill,Hopper-v4,2
19898,reward,1043,7.2471089813664,19.824,P3O-dyn+AdaReset+HardDistill,Hopper-v4,2
19913,reward,1044,7.565103806387157,19.438,P3O-dyn+AdaReset+HardDistill,Hopper-v4,2
20000,speed,1948.97,0.17,P3O-dyn+AdaReset+HardDistill,Hopper-v4,2
20020,reward,1045,88.59717655165956,27.431,P3O-dyn+AdaReset+HardDistill,Hopper-v4,2
20034,reward,1046,10.177626013025286,23.987,P3O-dyn+AdaReset+HardDistill,Hopper-v4,2
20046,reward,1047,8.002829573684558,23.036,P3O-dyn+AdaReset+HardDistill,Hopper-v4,2
20067,reward,1048,7.518314965183695,22.085,P3O-dyn+AdaReset+HardDistill,Hopper-v4,2
20095,reward,1049,32.12140687419974,24.298,P3O-dyn+AdaReset+HardDistill,Hopper-v4,2
20161,reward,1050,38.97559431123354,21.426,P3O-dyn+AdaReset+HardDistill,Hopper-v4,2
20192,reward,1051,15.046756074940513,22.016,P3O-dyn+AdaReset+HardDistill,Hopper-v4,2
20212,reward,1052,13.000089265876307,22.825,P3O-dyn+AdaReset+HardDistill,Hopper-v4,2
20251,reward,1053,23.534068003675586,24.454,P3O-dyn+AdaReset+HardDistill,Hopper-v4,2
20278,reward,1054,21.063491231841287,25.804,P3O-dyn+AdaReset+HardDistill,Hopper-v4,2
20323,reward,1055,31.254579961224213,20.069,P3O-dyn+AdaReset+HardDistill,Hopper-v4,2
20335,reward,1056,10.651481437431963,20.117,P3O-dyn+AdaReset+HardDistill,Hopper-v4,2
20358,reward,1057,29.876207086056937,22.304,P3O-dyn+AdaReset+HardDistill,Hopper-v4,2
20379,reward,1058,10.954797669069563,22.648,P3O-dyn+AdaReset+HardDistill,Hopper-v4,2
20415,reward,1059,42.90476580286042,23.726,P3O-dyn+AdaReset+HardDistill,Hopper-v4,2
20432,reward,1060,11.245347185044585,20.953,P3O-dyn+AdaReset+HardDistill,Hopper-v4,2
20446,reward,1061,8.579894589253525,20.306,P3O-dyn+AdaReset+HardDistill,Hopper-v4,2
20470,reward,1062,6.479895273718026,19.654,P3O-dyn+AdaReset+HardDistill,Hopper-v4,2
20483,reward,1063,7.163447829971349,18.017,P3O-dyn+AdaReset+HardDistill,Hopper-v4,2
20511,reward,1064,9.41746515832429,16.853,P3O-dyn+AdaReset+HardDistill,Hopper-v4,2
20549,reward,1065,11.20006376530823,14.847,P3O-dyn+AdaReset+HardDistill,Hopper-v4,2
20620,reward,1066,127.60690954857938,26.543,P3O-dyn+AdaReset+HardDistill,Hopper-v4,2
20638,reward,1067,19.88783893267154,25.544,P3O-dyn+AdaReset+HardDistill,Hopper-v4,2
20659,reward,1068,12.357564477995576,25.684,P3O-dyn+AdaReset+HardDistill,Hopper-v4,2
20678,reward,1069,21.62754716941634,23.557,P3O-dyn+AdaReset+HardDistill,Hopper-v4,2
20702,reward,1070,20.207461916013163,24.453,P3O-dyn+AdaReset+HardDistill,Hopper-v4,2
20718,reward,1071,5.184384497357568,24.113,P3O-dyn+AdaReset+HardDistill,Hopper-v4,2
20729,reward,1072,5.215380806866461,23.987,P3O-dyn+AdaReset+HardDistill,Hopper-v4,2
20771,reward,1073,25.30639262517014,25.801,P3O-dyn+AdaReset+HardDistill,Hopper-v4,2
20784,reward,1074,6.43802626423253,25.503,P3O-dyn+AdaReset+HardDistill,Hopper-v4,2
20809,reward,1075,13.879654136810615,25.771,P3O-dyn+AdaReset+HardDistill,Hopper-v4,2
20858,reward,1076,34.62834084002478,16.473,P3O-dyn+AdaReset+HardDistill,Hopper-v4,2
20883,reward,1077,11.733090815991332,15.658,P3O-dyn+AdaReset+HardDistill,Hopper-v4,2
20899,reward,1078,10.021247958005853,15.424,P3O-dyn+AdaReset+HardDistill,Hopper-v4,2
20944,reward,1079,25.67559597417424,15.829,P3O-dyn+AdaReset+HardDistill,Hopper-v4,2
20961,reward,1080,10.470575069433673,14.855,P3O-dyn+AdaReset+HardDistill,Hopper-v4,2
20978,reward,1081,15.20346209152906,15.857,P3O-dyn+AdaReset+HardDistill,Hopper-v4,2
21005,reward,1082,8.666079527825925,16.202,P3O-dyn+AdaReset+HardDistill,Hopper-v4,2
21024,reward,1083,17.46210194216879,15.418,P3O-dyn+AdaReset+HardDistill,Hopper-v4,2
21036,reward,1084,6.014840932137514,15.375,P3O-dyn+AdaReset+HardDistill,Hopper-v4,2
21046,reward,1085,5.366448370798941,14.524,P3O-dyn+AdaReset+HardDistill,Hopper-v4,2
21064,reward,1086,9.147723749520475,11.976,P3O-dyn+AdaReset+HardDistill,Hopper-v4,2
21085,reward,1087,11.209564349790506,11.924,P3O-dyn+AdaReset+HardDistill,Hopper-v4,2
21115,reward,1088,27.295782350634067,13.651,P3O-dyn+AdaReset+HardDistill,Hopper-v4,2
21133,reward,1089,7.028330381397271,11.786,P3O-dyn+AdaReset+HardDistill,Hopper-v4,2
21180,reward,1090,19.96042175065133,12.735,P3O-dyn+AdaReset+HardDistill,Hopper-v4,2
21210,reward,1091,16.486765567955043,12.864,P3O-dyn+AdaReset+HardDistill,Hopper-v4,2
21226,reward,1092,7.291495784078479,12.726,P3O-dyn+AdaReset+HardDistill,Hopper-v4,2
21257,reward,1093,12.352566517842751,12.215,P3O-dyn+AdaReset+HardDistill,Hopper-v4,2
21305,reward,1094,53.56675199212603,16.971,P3O-dyn+AdaReset+HardDistill,Hopper-v4,2
21320,reward,1095,7.216835900482688,17.156,P3O-dyn+AdaReset+HardDistill,Hopper-v4,2
21337,reward,1096,14.218097049567657,17.663,P3O-dyn+AdaReset+HardDistill,Hopper-v4,2
21363,reward,1097,4.3538302815315815,16.977,P3O-dyn+AdaReset+HardDistill,Hopper-v4,2
21385,reward,1098,22.86964733085115,16.534,P3O-dyn+AdaReset+HardDistill,Hopper-v4,2
21394,reward,1099,4.799203894514947,16.312,P3O-dyn+AdaReset+HardDistill,Hopper-v4,2
21422,reward,1100,23.667797004312433,16.682,P3O-dyn+AdaReset+HardDistill,Hopper-v4,2
21468,reward,1101,40.73883799011289,19.108,P3O-dyn+AdaReset+HardDistill,Hopper-v4,2
21489,reward,1102,24.577516541457765,20.836,P3O-dyn+AdaReset+HardDistill,Hopper-v4,2
21508,reward,1103,11.872215597390076,20.788,P3O-dyn+AdaReset+HardDistill,Hopper-v4,2
21521,reward,1104,8.795925968345474,16.311,P3O-dyn+AdaReset+HardDistill,Hopper-v4,2
21548,reward,1105,11.763086528985365,16.766,P3O-dyn+AdaReset+HardDistill,Hopper-v4,2
21589,reward,1106,27.608666040703604,18.105,P3O-dyn+AdaReset+HardDistill,Hopper-v4,2
21638,reward,1107,85.2609611643546,26.195,P3O-dyn+AdaReset+HardDistill,Hopper-v4,2
21663,reward,1108,10.02783503175269,24.911,P3O-dyn+AdaReset+HardDistill,Hopper-v4,2
21693,reward,1109,13.731725427115302,25.804,P3O-dyn+AdaReset+HardDistill,Hopper-v4,2
21732,reward,1110,23.498213567579,25.787,P3O-dyn+AdaReset+HardDistill,Hopper-v4,2
21786,reward,1111,82.7867117694562,29.992,P3O-dyn+AdaReset+HardDistill,Hopper-v4,2
21811,reward,1112,24.985443016089505,30.033,P3O-dyn+AdaReset+HardDistill,Hopper-v4,2
21830,reward,1113,20.665127573303547,30.912,P3O-dyn+AdaReset+HardDistill,Hopper-v4,2
21868,reward,1114,9.373624308891692,30.97,P3O-dyn+AdaReset+HardDistill,Hopper-v4,2
21881,reward,1115,7.509804814024399,30.545,P3O-dyn+AdaReset+HardDistill,Hopper-v4,2
21917,reward,1116,20.875903900880907,29.872,P3O-dyn+AdaReset+HardDistill,Hopper-v4,2
21949,reward,1117,29.124280368525916,24.258,P3O-dyn+AdaReset+HardDistill,Hopper-v4,2
21981,reward,1118,15.78745831927979,24.834,P3O-dyn+AdaReset+HardDistill,Hopper-v4,2
21994,reward,1119,9.57494444640911,24.418,P3O-dyn+AdaReset+HardDistill,Hopper-v4,2
22005,reward,1120,8.476650938110811,22.916,P3O-dyn+AdaReset+HardDistill,Hopper-v4,2
22022,reward,1121,8.5690742296834,15.494,P3O-dyn+AdaReset+HardDistill,Hopper-v4,2
22035,reward,1122,7.040192624673831,13.7,P3O-dyn+AdaReset+HardDistill,Hopper-v4,2
22060,reward,1123,13.283256697693748,12.962,P3O-dyn+AdaReset+HardDistill,Hopper-v4,2
22076,reward,1124,17.044075629975936,13.729,P3O-dyn+AdaReset+HardDistill,Hopper-v4,2
22086,reward,1125,7.731553269958021,13.751,P3O-dyn+AdaReset+HardDistill,Hopper-v4,2
22107,reward,1126,23.2173096754104,13.985,P3O-dyn+AdaReset+HardDistill,Hopper-v4,2
22149,reward,1127,10.514010920557414,12.124,P3O-dyn+AdaReset+HardDistill,Hopper-v4,2
22161,reward,1128,9.758841745807668,11.521,P3O-dyn+AdaReset+HardDistill,Hopper-v4,2
22185,reward,1129,13.685539137025033,11.932,P3O-dyn+AdaReset+HardDistill,Hopper-v4,2
22226,reward,1130,21.62023594744662,13.246,P3O-dyn+AdaReset+HardDistill,Hopper-v4,2
22233,reward,1131,5.494458343882782,12.939,P3O-dyn+AdaReset+HardDistill,Hopper-v4,2
22256,reward,1132,9.81091628637765,13.216,P3O-dyn+AdaReset+HardDistill,Hopper-v4,2
22276,reward,1133,5.139544887222552,12.402,P3O-dyn+AdaReset+HardDistill,Hopper-v4,2
22306,reward,1134,20.90537602274248,12.788,P3O-dyn+AdaReset+HardDistill,Hopper-v4,2
22320,reward,1135,7.569265590780632,12.772,P3O-dyn+AdaReset+HardDistill,Hopper-v4,2
22361,reward,1136,12.036460094721033,11.653,P3O-dyn+AdaReset+HardDistill,Hopper-v4,2
22369,reward,1137,4.74730533015895,11.077,P3O-dyn+AdaReset+HardDistill,Hopper-v4,2
22384,reward,1138,4.936268249307366,10.595,P3O-dyn+AdaReset+HardDistill,Hopper-v4,2
22395,reward,1139,6.725712555469164,9.899,P3O-dyn+AdaReset+HardDistill,Hopper-v4,2
22416,reward,1140,11.403691420626561,8.877,P3O-dyn+AdaReset+HardDistill,Hopper-v4,2
22442,reward,1141,10.254666001167456,9.353,P3O-dyn+AdaReset+HardDistill,Hopper-v4,2
22470,reward,1142,11.582429487954876,9.53,P3O-dyn+AdaReset+HardDistill,Hopper-v4,2
22491,reward,1143,17.5777567544171,10.774,P3O-dyn+AdaReset+HardDistill,Hopper-v4,2
22507,reward,1144,13.949389644403142,10.078,P3O-dyn+AdaReset+HardDistill,Hopper-v4,2
22535,reward,1145,15.070464042959877,10.828,P3O-dyn+AdaReset+HardDistill,Hopper-v4,2
22562,reward,1146,22.28083254958928,11.853,P3O-dyn+AdaReset+HardDistill,Hopper-v4,2
22576,reward,1147,8.474665253936607,12.226,P3O-dyn+AdaReset+HardDistill,Hopper-v4,2
22619,reward,1148,45.638100431467,16.296,P3O-dyn+AdaReset+HardDistill,Hopper-v4,2
22647,reward,1149,13.848578539634689,17.008,P3O-dyn+AdaReset+HardDistill,Hopper-v4,2
22664,reward,1150,9.679116265022166,16.836,P3O-dyn+AdaReset+HardDistill,Hopper-v4,2
22681,reward,1151,12.31456315080264,17.042,P3O-dyn+AdaReset+HardDistill,Hopper-v4,2
22706,reward,1152,8.428253544981663,16.726,P3O-dyn+AdaReset+HardDistill,Hopper-v4,2
22750,reward,1153,52.74286661825292,20.243,P3O-dyn+AdaReset+HardDistill,Hopper-v4,2
22822,reward,1154,121.32462363931126,30.98,P3O-dyn+AdaReset+HardDistill,Hopper-v4,2
22836,reward,1155,13.557440391110923,30.829,P3O-dyn+AdaReset+HardDistill,Hopper-v4,2
22855,reward,1156,13.214881123743869,29.922,P3O-dyn+AdaReset+HardDistill,Hopper-v4,2
22864,reward,1157,4.9638645276233575,29.571,P3O-dyn+AdaReset+HardDistill,Hopper-v4,2
22911,reward,1158,59.930583970925504,31.0,P3O-dyn+AdaReset+HardDistill,Hopper-v4,2
22933,reward,1159,11.666741591051768,30.782,P3O-dyn+AdaReset+HardDistill,Hopper-v4,2
22946,reward,1160,6.042345741726154,30.419,P3O-dyn+AdaReset+HardDistill,Hopper-v4,2
23007,reward,1161,49.41664428745036,34.129,P3O-dyn+AdaReset+HardDistill,Hopper-v4,2
23034,reward,1162,11.026766751965752,34.389,P3O-dyn+AdaReset+HardDistill,Hopper-v4,2
23060,reward,1163,5.37832466483024,29.652,P3O-dyn+AdaReset+HardDistill,Hopper-v4,2
23094,reward,1164,15.789834426543223,19.099,P3O-dyn+AdaReset+HardDistill,Hopper-v4,2
23120,reward,1165,30.01328837278626,20.744,P3O-dyn+AdaReset+HardDistill,Hopper-v4,2
23156,reward,1166,27.684710917152657,22.191,P3O-dyn+AdaReset+HardDistill,Hopper-v4,2
23169,reward,1167,5.088190404589569,22.204,P3O-dyn+AdaReset+HardDistill,Hopper-v4,2
23186,reward,1168,13.537493170462284,17.564,P3O-dyn+AdaReset+HardDistill,Hopper-v4,2
23225,reward,1169,26.992688283652864,19.097,P3O-dyn+AdaReset+HardDistill,Hopper-v4,2
23244,reward,1170,11.374715884871293,19.63,P3O-dyn+AdaReset+HardDistill,Hopper-v4,2
23268,reward,1171,14.040321376105231,16.093,P3O-dyn+AdaReset+HardDistill,Hopper-v4,2
23314,reward,1172,14.652620118396914,16.455,P3O-dyn+AdaReset+HardDistill,Hopper-v4,2
23348,reward,1173,40.24174654352039,19.942,P3O-dyn+AdaReset+HardDistill,Hopper-v4,2
23401,reward,1174,35.5255813954765,21.915,P3O-dyn+AdaReset+HardDistill,Hopper-v4,2
23442,reward,1175,25.591832134095867,21.473,P3O-dyn+AdaReset+HardDistill,Hopper-v4,2
23458,reward,1176,13.249758136594911,20.029,P3O-dyn+AdaReset+HardDistill,Hopper-v4,2
23506,reward,1177,57.459555705819845,25.267,P3O-dyn+AdaReset+HardDistill,Hopper-v4,2
23532,reward,1178,10.926238940989556,25.006,P3O-dyn+AdaReset+HardDistill,Hopper-v4,2
23542,reward,1179,4.406561874506799,22.747,P3O-dyn+AdaReset+HardDistill,Hopper-v4,2
23564,reward,1180,23.061216727007096,23.916,P3O-dyn+AdaReset+HardDistill,Hopper-v4,2
23583,reward,1181,9.099025721024574,23.421,P3O-dyn+AdaReset+HardDistill,Hopper-v4,2
23625,reward,1182,24.41608677721617,24.398,P3O-dyn+AdaReset+HardDistill,Hopper-v4,2
23692,reward,1183,44.26647268262535,24.8,P3O-dyn+AdaReset+HardDistill,Hopper-v4,2
23707,reward,1184,15.217204982018885,22.769,P3O-dyn+AdaReset+HardDistill,Hopper-v4,2
23744,reward,1185,15.824888178900387,21.793,P3O-dyn+AdaReset+HardDistill,Hopper-v4,2
23761,reward,1186,3.866211102319284,20.854,P3O-dyn+AdaReset+HardDistill,Hopper-v4,2
23787,reward,1187,24.299076853890192,17.538,P3O-dyn+AdaReset+HardDistill,Hopper-v4,2
23836,reward,1188,34.63598718125102,19.909,P3O-dyn+AdaReset+HardDistill,Hopper-v4,2
23855,reward,1189,6.860886052327919,20.155,P3O-dyn+AdaReset+HardDistill,Hopper-v4,2
23881,reward,1190,21.907921182370607,20.039,P3O-dyn+AdaReset+HardDistill,Hopper-v4,2
23910,reward,1191,39.62422355297687,23.092,P3O-dyn+AdaReset+HardDistill,Hopper-v4,2
23930,reward,1192,6.788946318652919,21.329,P3O-dyn+AdaReset+HardDistill,Hopper-v4,2
23942,reward,1193,10.23447372682914,17.926,P3O-dyn+AdaReset+HardDistill,Hopper-v4,2
24021,reward,1194,127.45535153032976,29.15,P3O-dyn+AdaReset+HardDistill,Hopper-v4,2
24034,reward,1195,5.2383625114429275,28.091,P3O-dyn+AdaReset+HardDistill,Hopper-v4,2
24066,reward,1196,7.532374584501961,28.458,P3O-dyn+AdaReset+HardDistill,Hopper-v4,2
24076,reward,1197,4.925784728569677,26.52,P3O-dyn+AdaReset+HardDistill,Hopper-v4,2
24097,reward,1198,21.192969460518484,25.176,P3O-dyn+AdaReset+HardDistill,Hopper-v4,2
24114,reward,1199,12.99893427726284,25.79,P3O-dyn+AdaReset+HardDistill,Hopper-v4,2
24132,reward,1200,11.40215593915439,24.739,P3O-dyn+AdaReset+HardDistill,Hopper-v4,2
24160,reward,1201,21.1300434219393,22.89,P3O-dyn+AdaReset+HardDistill,Hopper-v4,2
24174,reward,1202,8.023984201842175,23.013,P3O-dyn+AdaReset+HardDistill,Hopper-v4,2
24206,reward,1203,52.46280462795407,27.236,P3O-dyn+AdaReset+HardDistill,Hopper-v4,2
24246,reward,1204,52.938350910119496,19.785,P3O-dyn+AdaReset+HardDistill,Hopper-v4,2
24276,reward,1205,35.012153309704736,22.762,P3O-dyn+AdaReset+HardDistill,Hopper-v4,2
24330,reward,1206,56.96270055250126,27.705,P3O-dyn+AdaReset+HardDistill,Hopper-v4,2
24361,reward,1207,10.837713494084774,28.296,P3O-dyn+AdaReset+HardDistill,Hopper-v4,2
24373,reward,1208,5.569710101259301,26.734,P3O-dyn+AdaReset+HardDistill,Hopper-v4,2
24398,reward,1209,26.689222310033088,28.103,P3O-dyn+AdaReset+HardDistill,Hopper-v4,2
24411,reward,1210,10.895933803501512,28.052,P3O-dyn+AdaReset+HardDistill,Hopper-v4,2
24438,reward,1211,13.919200382430603,27.331,P3O-dyn+AdaReset+HardDistill,Hopper-v4,2
24453,reward,1212,11.112889801269151,27.64,P3O-dyn+AdaReset+HardDistill,Hopper-v4,2
24496,reward,1213,36.948954632607226,26.089,P3O-dyn+AdaReset+HardDistill,Hopper-v4,2
24511,reward,1214,6.256770015887347,21.421,P3O-dyn+AdaReset+HardDistill,Hopper-v4,2
24533,reward,1215,28.48245188042639,20.768,P3O-dyn+AdaReset+HardDistill,Hopper-v4,2
24576,loss,-0.019069934263825417,0.26652589440345764,P3O-dyn+AdaReset+HardDistill,Hopper-v4,2
24587,reward,1216,98.61295414600373,24.933,P3O-dyn+AdaReset+HardDistill,Hopper-v4,2
24659,reward,1217,56.086207073550156,29.457,P3O-dyn+AdaReset+HardDistill,Hopper-v4,2
24674,reward,1218,17.427965602818897,30.643,P3O-dyn+AdaReset+HardDistill,Hopper-v4,2
24744,reward,1219,99.46198208038862,37.921,P3O-dyn+AdaReset+HardDistill,Hopper-v4,2
24763,reward,1220,10.17411826722663,37.848,P3O-dyn+AdaReset+HardDistill,Hopper-v4,2
24824,reward,1221,52.67496740721492,41.724,P3O-dyn+AdaReset+HardDistill,Hopper-v4,2
24882,reward,1222,82.93370374154827,48.906,P3O-dyn+AdaReset+HardDistill,Hopper-v4,2
24897,reward,1223,7.35809555734884,45.947,P3O-dyn+AdaReset+HardDistill,Hopper-v4,2
24969,reward,1224,60.30742320990948,51.352,P3O-dyn+AdaReset+HardDistill,Hopper-v4,2
24994,reward,1225,22.736895379088345,50.777,P3O-dyn+AdaReset+HardDistill,Hopper-v4,2
25005,reward,1226,5.057828658107901,41.422,P3O-dyn+AdaReset+HardDistill,Hopper-v4,2
25018,reward,1227,7.679981316048225,36.581,P3O-dyn+AdaReset+HardDistill,Hopper-v4,2
25042,reward,1228,14.866234203751679,36.325,P3O-dyn+AdaReset+HardDistill,Hopper-v4,2
25057,reward,1229,10.458336539335154,27.425,P3O-dyn+AdaReset+HardDistill,Hopper-v4,2
25136,reward,1230,110.90429269476697,37.498,P3O-dyn+AdaReset+HardDistill,Hopper-v4,2
25152,reward,1231,13.879237954759017,33.618,P3O-dyn+AdaReset+HardDistill,Hopper-v4,2
25165,reward,1232,2.6313142598524184,25.588,P3O-dyn+AdaReset+HardDistill,Hopper-v4,2
25218,reward,1233,80.59195729580922,32.911,P3O-dyn+AdaReset+HardDistill,Hopper-v4,2
25241,reward,1234,6.248565524446771,27.505,P3O-dyn+AdaReset+HardDistill,Hopper-v4,2
25270,reward,1235,32.970926335461634,28.529,P3O-dyn+AdaReset+HardDistill,Hopper-v4,2
25284,reward,1236,9.668126535610705,28.99,P3O-dyn+AdaReset+HardDistill,Hopper-v4,2
25306,reward,1237,19.272269258293715,30.149,P3O-dyn+AdaReset+HardDistill,Hopper-v4,2
25316,reward,1238,7.400985474817847,29.403,P3O-dyn+AdaReset+HardDistill,Hopper-v4,2
25357,reward,1239,59.09941222471681,34.267,P3O-dyn+AdaReset+HardDistill,Hopper-v4,2
25415,reward,1240,79.14433719595036,31.091,P3O-dyn+AdaReset+HardDistill,Hopper-v4,2
25453,reward,1241,28.62790059231521,32.566,P3O-dyn+AdaReset+HardDistill,Hopper-v4,2
25466,reward,1242,4.700635234420765,32.773,P3O-dyn+AdaReset+HardDistill,Hopper-v4,2
25511,reward,1243,27.305660473459504,27.444,P3O-dyn+AdaReset+HardDistill,Hopper-v4,2
25533,reward,1244,16.22326561489331,28.441,P3O-dyn+AdaReset+HardDistill,Hopper-v4,2
25547,reward,1245,12.83848484544716,26.428,P3O-dyn+AdaReset+HardDistill,Hopper-v4,2
25572,reward,1246,19.77092879370509,27.438,P3O-dyn+AdaReset+HardDistill,Hopper-v4,2
25591,reward,1247,12.619186605673791,26.773,P3O-dyn+AdaReset+HardDistill,Hopper-v4,2
25644,reward,1248,73.9508891312774,33.428,P3O-dyn+AdaReset+HardDistill,Hopper-v4,2
25661,reward,1249,11.583274397280707,28.676,P3O-dyn+AdaReset+HardDistill,Hopper-v4,2
25694,reward,1250,8.449379433157883,21.607,P3O-dyn+AdaReset+HardDistill,Hopper-v4,2
25706,reward,1251,6.641299114105056,19.408,P3O-dyn+AdaReset+HardDistill,Hopper-v4,2
25720,reward,1252,6.692915970284975,19.608,P3O-dyn+AdaReset+HardDistill,Hopper-v4,2
25735,reward,1253,10.986643519703748,17.976,P3O-dyn+AdaReset+HardDistill,Hopper-v4,2
25755,reward,1254,14.830595326278159,17.836,P3O-dyn+AdaReset+HardDistill,Hopper-v4,2
25803,reward,1255,58.23755040881096,22.376,P3O-dyn+AdaReset+HardDistill,Hopper-v4,2
25828,reward,1256,12.665303924143688,21.666,P3O-dyn+AdaReset+HardDistill,Hopper-v4,2
25854,reward,1257,16.38429264552128,22.042,P3O-dyn+AdaReset+HardDistill,Hopper-v4,2
25939,reward,1258,101.14428727087689,24.762,P3O-dyn+AdaReset+HardDistill,Hopper-v4,2
25987,reward,1259,33.768035704581266,26.98,P3O-dyn+AdaReset+HardDistill,Hopper-v4,2
26062,reward,1260,76.76464161409952,33.812,P3O-dyn+AdaReset+HardDistill,Hopper-v4,2
26098,reward,1261,52.15313691181267,38.363,P3O-dyn+AdaReset+HardDistill,Hopper-v4,2
26135,reward,1262,66.07388839128389,44.301,P3O-dyn+AdaReset+HardDistill,Hopper-v4,2
26150,reward,1263,9.71940056326768,44.174,P3O-dyn+AdaReset+HardDistill,Hopper-v4,2
26185,reward,1264,12.494830000393112,43.941,P3O-dyn+AdaReset+HardDistill,Hopper-v4,2
26210,reward,1265,31.315784157077967,41.248,P3O-dyn+AdaReset+HardDistill,Hopper-v4,2
26247,reward,1266,13.297460933059629,41.312,P3O-dyn+AdaReset+HardDistill,Hopper-v4,2
26343,reward,1267,146.6275773545909,54.336,P3O-dyn+AdaReset+HardDistill,Hopper-v4,2
26393,reward,1268,38.87779305397979,48.109,P3O-dyn+AdaReset+HardDistill,Hopper-v4,2
26410,reward,1269,11.617665977203517,45.894,P3O-dyn+AdaReset+HardDistill,Hopper-v4,2
26482,reward,1270,58.02530058513506,44.02,P3O-dyn+AdaReset+HardDistill,Hopper-v4,2
26509,reward,1271,35.1143638792432,42.316,P3O-dyn+AdaReset+HardDistill,Hopper-v4,2
26523,reward,1272,8.528918201995584,36.562,P3O-dyn+AdaReset+HardDistill,Hopper-v4,2
26561,reward,1273,14.669999672991953,37.057,P3O-dyn+AdaReset+HardDistill,Hopper-v4,2
26586,reward,1274,19.298001806744995,37.737,P3O-dyn+AdaReset+HardDistill,Hopper-v4,2
26619,reward,1275,13.787948584729687,35.985,P3O-dyn+AdaReset+HardDistill,Hopper-v4,2
26664,reward,1276,30.423272069552006,37.697,P3O-dyn+AdaReset+HardDistill,Hopper-v4,2
26683,reward,1277,15.09980274875497,24.544,P3O-dyn+AdaReset+HardDistill,Hopper-v4,2
26715,reward,1278,12.808718772564532,21.937,P3O-dyn+AdaReset+HardDistill,Hopper-v4,2
26771,reward,1279,57.179288350317194,26.494,P3O-dyn+AdaReset+HardDistill,Hopper-v4,2
26794,reward,1280,16.088909484657965,22.3,P3O-dyn+AdaReset+HardDistill,Hopper-v4,2
26822,reward,1281,19.234765605763794,20.712,P3O-dyn+AdaReset+HardDistill,Hopper-v4,2
26848,reward,1282,4.915183846067184,20.351,P3O-dyn+AdaReset+HardDistill,Hopper-v4,2
26873,reward,1283,19.461079155064134,20.83,P3O-dyn+AdaReset+HardDistill,Hopper-v4,2
26941,reward,1284,82.96520870568976,27.196,P3O-dyn+AdaReset+HardDistill,Hopper-v4,2
26965,reward,1285,27.95190992642408,28.613,P3O-dyn+AdaReset+HardDistill,Hopper-v4,2
27023,reward,1286,45.17945711536169,30.088,P3O-dyn+AdaReset+HardDistill,Hopper-v4,2
27041,reward,1287,18.085236319388873,30.387,P3O-dyn+AdaReset+HardDistill,Hopper-v4,2
27086,reward,1288,44.18547844795852,33.525,P3O-dyn+AdaReset+HardDistill,Hopper-v4,2
27126,reward,1289,15.682626760632948,29.375,P3O-dyn+AdaReset+HardDistill,Hopper-v4,2
27147,reward,1290,24.564443604700575,30.223,P3O-dyn+AdaReset+HardDistill,Hopper-v4,2
27173,reward,1291,17.286119958305086,30.028,P3O-dyn+AdaReset+HardDistill,Hopper-v4,2
27207,reward,1292,19.45029422909795,31.481,P3O-dyn+AdaReset+HardDistill,Hopper-v4,2
27218,reward,1293,4.471202608421414,29.982,P3O-dyn+AdaReset+HardDistill,Hopper-v4,2
27253,reward,1294,10.866842916038422,22.772,P3O-dyn+AdaReset+HardDistill,Hopper-v4,2
27305,reward,1295,29.688305157850873,22.946,P3O-dyn+AdaReset+HardDistill,Hopper-v4,2
27354,reward,1296,32.02449787531406,21.631,P3O-dyn+AdaReset+HardDistill,Hopper-v4,2
27395,reward,1297,59.43077103391462,25.765,P3O-dyn+AdaReset+HardDistill,Hopper-v4,2
27443,reward,1298,26.036079210364786,23.95,P3O-dyn+AdaReset+HardDistill,Hopper-v4,2
27476,reward,1299,47.386490174765434,27.121,P3O-dyn+AdaReset+HardDistill,Hopper-v4,2
27512,reward,1300,45.82681189382658,29.247,P3O-dyn+AdaReset+HardDistill,Hopper-v4,2
27538,reward,1301,19.00351710556949,29.418,P3O-dyn+AdaReset+HardDistill,Hopper-v4,2
27556,reward,1302,9.085085749053661,28.382,P3O-dyn+AdaReset+HardDistill,Hopper-v4,2
27591,reward,1303,57.29772989370881,33.665,P3O-dyn+AdaReset+HardDistill,Hopper-v4,2
27609,reward,1304,8.261156925410724,33.404,P3O-dyn+AdaReset+HardDistill,Hopper-v4,2
27674,reward,1305,42.62797981351365,34.698,P3O-dyn+AdaReset+HardDistill,Hopper-v4,2
27766,reward,1306,93.6895583608377,40.865,P3O-dyn+AdaReset+HardDistill,Hopper-v4,2
27796,reward,1307,14.645223240550417,36.386,P3O-dyn+AdaReset+HardDistill,Hopper-v4,2
27837,reward,1308,19.606366080461886,35.743,P3O-dyn+AdaReset+HardDistill,Hopper-v4,2
27885,reward,1309,61.368488273738734,37.141,P3O-dyn+AdaReset+HardDistill,Hopper-v4,2
27895,reward,1310,5.298341741726692,33.088,P3O-dyn+AdaReset+HardDistill,Hopper-v4,2
27933,reward,1311,55.57982745750253,36.746,P3O-dyn+AdaReset+HardDistill,Hopper-v4,2
27990,reward,1312,67.66195144249045,42.604,P3O-dyn+AdaReset+HardDistill,Hopper-v4,2
28039,reward,1313,52.21559032615398,42.095,P3O-dyn+AdaReset+HardDistill,Hopper-v4,2
28072,reward,1314,31.5904790213319,44.428,P3O-dyn+AdaReset+HardDistill,Hopper-v4,2
28102,reward,1315,4.684508714008997,40.634,P3O-dyn+AdaReset+HardDistill,Hopper-v4,2
28127,reward,1316,21.385502363867168,33.404,P3O-dyn+AdaReset+HardDistill,Hopper-v4,2
28137,reward,1317,5.6535769035538435,32.504,P3O-dyn+AdaReset+HardDistill,Hopper-v4,2
28178,reward,1318,68.66492639205177,37.41,P3O-dyn+AdaReset+HardDistill,Hopper-v4,2
28193,reward,1319,12.109763455653736,32.484,P3O-dyn+AdaReset+HardDistill,Hopper-v4,2
28218,reward,1320,19.336635388307563,33.888,P3O-dyn+AdaReset+HardDistill,Hopper-v4,2
28244,reward,1321,20.937201122056678,30.424,P3O-dyn+AdaReset+HardDistill,Hopper-v4,2
28281,reward,1322,48.22617030587196,28.48,P3O-dyn+AdaReset+HardDistill,Hopper-v4,2
28303,reward,1323,12.80527369119659,24.539,P3O-dyn+AdaReset+HardDistill,Hopper-v4,2
28347,reward,1324,40.8662019213285,25.467,P3O-dyn+AdaReset+HardDistill,Hopper-v4,2
28397,reward,1325,30.876974134828895,28.086,P3O-dyn+AdaReset+HardDistill,Hopper-v4,2
28429,reward,1326,17.85542033363744,27.733,P3O-dyn+AdaReset+HardDistill,Hopper-v4,2
28524,reward,1327,132.74941534621888,40.443,P3O-dyn+AdaReset+HardDistill,Hopper-v4,2
28585,reward,1328,112.47054885291985,44.823,P3O-dyn+AdaReset+HardDistill,Hopper-v4,2
28626,reward,1329,38.32824533685673,47.445,P3O-dyn+AdaReset+HardDistill,Hopper-v4,2
28669,reward,1330,54.93283632080486,51.005,P3O-dyn+AdaReset+HardDistill,Hopper-v4,2
28695,reward,1331,30.20327374142022,51.931,P3O-dyn+AdaReset+HardDistill,Hopper-v4,2
28718,reward,1332,14.572360427637566,48.566,P3O-dyn+AdaReset+HardDistill,Hopper-v4,2
28767,reward,1333,84.6488390286266,55.75,P3O-dyn+AdaReset+HardDistill,Hopper-v4,2
28812,reward,1334,31.698666683973755,54.834,P3O-dyn+AdaReset+HardDistill,Hopper-v4,2
28837,reward,1335,22.399349171664984,53.986,P3O-dyn+AdaReset+HardDistill,Hopper-v4,2
28887,reward,1336,60.99752856489235,58.3,P3O-dyn+AdaReset+HardDistill,Hopper-v4,2
28920,reward,1337,33.09848014380469,48.335,P3O-dyn+AdaReset+HardDistill,Hopper-v4,2
28977,reward,1338,91.69832907968215,46.258,P3O-dyn+AdaReset+HardDistill,Hopper-v4,2
29030,reward,1339,53.91264150321196,47.816,P3O-dyn+AdaReset+HardDistill,Hopper-v4,2
29068,reward,1340,20.229945394063073,44.346,P3O-dyn+AdaReset+HardDistill,Hopper-v4,2
29110,reward,1341,50.47234160674442,46.373,P3O-dyn+AdaReset+HardDistill,Hopper-v4,2
29151,reward,1342,56.83893835195858,50.6,P3O-dyn+AdaReset+HardDistill,Hopper-v4,2
29181,reward,1343,50.33730488460346,47.168,P3O-dyn+AdaReset+HardDistill,Hopper-v4,2
29209,reward,1344,13.862681082886857,45.385,P3O-dyn+AdaReset+HardDistill,Hopper-v4,2
29232,reward,1345,21.943361423135894,45.339,P3O-dyn+AdaReset+HardDistill,Hopper-v4,2
29302,reward,1346,50.167765459542935,44.256,P3O-dyn+AdaReset+HardDistill,Hopper-v4,2
29334,reward,1347,15.347242277853423,42.481,P3O-dyn+AdaReset+HardDistill,Hopper-v4,2
29391,reward,1348,52.498333080390225,38.561,P3O-dyn+AdaReset+HardDistill,Hopper-v4,2
29417,reward,1349,11.237032471576777,34.293,P3O-dyn+AdaReset+HardDistill,Hopper-v4,2
29434,reward,1350,6.271549730189392,32.898,P3O-dyn+AdaReset+HardDistill,Hopper-v4,2
29526,reward,1351,107.96574361919993,38.647,P3O-dyn+AdaReset+HardDistill,Hopper-v4,2
29586,reward,1352,46.687066256035514,37.632,P3O-dyn+AdaReset+HardDistill,Hopper-v4,2
29685,reward,1353,143.07011759056735,46.905,P3O-dyn+AdaReset+HardDistill,Hopper-v4,2
29713,reward,1354,20.46547386693263,47.565,P3O-dyn+AdaReset+HardDistill,Hopper-v4,2
29770,reward,1355,76.99990383361146,53.071,P3O-dyn+AdaReset+HardDistill,Hopper-v4,2
29871,reward,1356,118.41436856301118,59.896,P3O-dyn+AdaReset+HardDistill,Hopper-v4,2
29885,reward,1357,9.820303972216315,59.343,P3O-dyn+AdaReset+HardDistill,Hopper-v4,2
29936,reward,1358,70.65626012506,61.159,P3O-dyn+AdaReset+HardDistill,Hopper-v4,2
29945,reward,1359,7.477280794593204,60.783,P3O-dyn+AdaReset+HardDistill,Hopper-v4,2
29961,reward,1360,7.11275350228249,60.867,P3O-dyn+AdaReset+HardDistill,Hopper-v4,2
29989,reward,1361,20.90505003227116,52.161,P3O-dyn+AdaReset+HardDistill,Hopper-v4,2
30000,speed,1926.4,0.26,P3O-dyn+AdaReset+HardDistill,Hopper-v4,2
30023,reward,1362,17.302342375624683,49.222,P3O-dyn+AdaReset+HardDistill,Hopper-v4,2
30060,reward,1363,62.752564596068886,41.191,P3O-dyn+AdaReset+HardDistill,Hopper-v4,2
30071,reward,1364,8.614697387649894,40.006,P3O-dyn+AdaReset+HardDistill,Hopper-v4,2
30113,reward,1365,26.323831120071837,34.938,P3O-dyn+AdaReset+HardDistill,Hopper-v4,2
30138,reward,1366,24.58331969348609,25.555,P3O-dyn+AdaReset+HardDistill,Hopper-v4,2
30154,reward,1367,8.827875753743811,25.456,P3O-dyn+AdaReset+HardDistill,Hopper-v4,2
30187,reward,1368,31.30944161896855,21.521,P3O-dyn+AdaReset+HardDistill,Hopper-v4,2
30212,reward,1369,33.3254967874296,24.106,P3O-dyn+AdaReset+HardDistill,Hopper-v4,2
30238,reward,1370,31.31824296083125,26.526,P3O-dyn+AdaReset+HardDistill,Hopper-v4,2
30291,reward,1371,27.82968985615609,27.219,P3O-dyn+AdaReset+HardDistill,Hopper-v4,2
30308,reward,1372,11.300406495485124,26.619,P3O-dyn+AdaReset+HardDistill,Hopper-v4,2
30323,reward,1373,7.600260607572474,21.103,P3O-dyn+AdaReset+HardDistill,Hopper-v4,2
30387,reward,1374,115.40658751478352,31.783,P3O-dyn+AdaReset+HardDistill,Hopper-v4,2
30471,reward,1375,116.2318537686958,40.773,P3O-dyn+AdaReset+HardDistill,Hopper-v4,2
30493,reward,1376,14.044959226766096,39.719,P3O-dyn+AdaReset+HardDistill,Hopper-v4,2
30556,reward,1377,105.93235486250565,49.43,P3O-dyn+AdaReset+HardDistill,Hopper-v4,2
30572,reward,1378,5.962323129460826,46.895,P3O-dyn+AdaReset+HardDistill,Hopper-v4,2
30650,reward,1379,74.57318136159866,51.02,P3O-dyn+AdaReset+HardDistill,Hopper-v4,2
30669,reward,1380,22.344844795968513,50.123,P3O-dyn+AdaReset+HardDistill,Hopper-v4,2
30698,reward,1381,40.24600518312343,51.364,P3O-dyn+AdaReset+HardDistill,Hopper-v4,2
30716,reward,1382,8.072745358650693,51.042,P3O-dyn+AdaReset+HardDistill,Hopper-v4,2
30773,reward,1383,52.354176389905604,55.517,P3O-dyn+AdaReset+HardDistill,Hopper-v4,2
30798,reward,1384,8.611712140024236,44.837,P3O-dyn+AdaReset+HardDistill,Hopper-v4,2
30860,reward,1385,97.61390307959071,42.976,P3O-dyn+AdaReset+HardDistill,Hopper-v4,2
30894,reward,1386,44.61136460362115,46.032,P3O-dyn+AdaReset+HardDistill,Hopper-v4,2
30951,reward,1387,51.23918577442772,40.563,P3O-dyn+AdaReset+HardDistill,Hopper-v4,2
30965,reward,1388,8.713845907461476,40.838,P3O-dyn+AdaReset+HardDistill,Hopper-v4,2
31043,reward,1389,79.79042106275611,41.36,P3O-dyn+AdaReset+HardDistill,Hopper-v4,2
31062,reward,1390,13.599708124708107,40.485,P3O-dyn+AdaReset+HardDistill,Hopper-v4,2
31082,reward,1391,5.60379232356553,37.021,P3O-dyn+AdaReset+HardDistill,Hopper-v4,2
31095,reward,1392,7.114762908455383,36.925,P3O-dyn+AdaReset+HardDistill,Hopper-v4,2
31145,reward,1393,69.06870554495447,38.597,P3O-dyn+AdaReset+HardDistill,Hopper-v4,2
31203,reward,1394,98.17065492281327,47.553,P3O-dyn+AdaReset+HardDistill,Hopper-v4,2
31223,reward,1395,11.459766420450133,38.937,P3O-dyn+AdaReset+HardDistill,Hopper-v4,2
31277,reward,1396,97.97264903562318,44.273,P3O-dyn+AdaReset+HardDistill,Hopper-v4,2
31370,reward,1397,82.30091259759914,47.38,P3O-dyn+AdaReset+HardDistill,Hopper-v4,2
31388,reward,1398,13.002174670278915,47.808,P3O-dyn+AdaReset+HardDistill,Hopper-v4,2
31424,reward,1399,10.007531893735688,40.83,P3O-dyn+AdaReset+HardDistill,Hopper-v4,2
31442,reward,1400,14.978679556541692,40.968,P3O-dyn+AdaReset+HardDistill,Hopper-v4,2
31468,reward,1401,21.20538872058673,42.528,P3O-dyn+AdaReset+HardDistill,Hopper-v4,2
31512,reward,1402,60.22064841652512,47.839,P3O-dyn+AdaReset+HardDistill,Hopper-v4,2
31558,reward,1403,70.70253584128059,48.002,P3O-dyn+AdaReset+HardDistill,Hopper-v4,2
31651,reward,1404,127.38678590997304,50.924,P3O-dyn+AdaReset+HardDistill,Hopper-v4,2
31711,reward,1405,45.77156656830255,54.355,P3O-dyn+AdaReset+HardDistill,Hopper-v4,2
31739,reward,1406,19.564288221549223,46.514,P3O-dyn+AdaReset+HardDistill,Hopper-v4,2
31759,reward,1407,9.727899670661161,39.257,P3O-dyn+AdaReset+HardDistill,Hopper-v4,2
31782,reward,1408,22.8802528178455,40.245,P3O-dyn+AdaReset+HardDistill,Hopper-v4,2
31824,reward,1409,14.665929330521616,40.71,P3O-dyn+AdaReset+HardDistill,Hopper-v4,2
31854,reward,1410,18.790145553611985,41.092,P3O-dyn+AdaReset+HardDistill,Hopper-v4,2
31892,reward,1411,12.759127400940622,40.247,P3O-dyn+AdaReset+HardDistill,Hopper-v4,2
31923,reward,1412,18.602950977327065,36.085,P3O-dyn+AdaReset+HardDistill,Hopper-v4,2
31997,reward,1413,29.89138674701322,32.004,P3O-dyn+AdaReset+HardDistill,Hopper-v4,2
32016,reward,1414,9.53361906079304,20.219,P3O-dyn+AdaReset+HardDistill,Hopper-v4,2
32029,reward,1415,7.714658917496111,16.413,P3O-dyn+AdaReset+HardDistill,Hopper-v4,2
32043,reward,1416,8.355680743256727,15.292,P3O-dyn+AdaReset+HardDistill,Hopper-v4,2
32058,reward,1417,10.340859562515078,15.353,P3O-dyn+AdaReset+HardDistill,Hopper-v4,2
32121,reward,1418,105.96480923174431,23.662,P3O-dyn+AdaReset+HardDistill,Hopper-v4,2
32177,reward,1419,98.18853269822533,32.014,P3O-dyn+AdaReset+HardDistill,Hopper-v4,2
32231,reward,1420,79.00900963117914,38.036,P3O-dyn+AdaReset+HardDistill,Hopper-v4,2
32280,reward,1421,40.63335375175889,40.823,P3O-dyn+AdaReset+HardDistill,Hopper-v4,2
32306,reward,1422,23.935129492075134,41.357,P3O-dyn+AdaReset+HardDistill,Hopper-v4,2
32356,reward,1423,86.4755073616428,47.015,P3O-dyn+AdaReset+HardDistill,Hopper-v4,2
32389,reward,1424,34.69516535144617,49.531,P3O-dyn+AdaReset+HardDistill,Hopper-v4,2
32428,reward,1425,40.331981705150966,52.793,P3O-dyn+AdaReset+HardDistill,Hopper-v4,2
32446,reward,1426,5.594474134553684,52.517,P3O-dyn+AdaReset+HardDistill,Hopper-v4,2
32499,reward,1427,90.45227836777963,60.528,P3O-dyn+AdaReset+HardDistill,Hopper-v4,2
32567,reward,1428,56.45086181010119,55.577,P3O-dyn+AdaReset+HardDistill,Hopper-v4,2
32595,reward,1429,14.829766663482458,47.241,P3O-dyn+AdaReset+HardDistill,Hopper-v4,2
32629,reward,1430,17.368793753603033,41.077,P3O-dyn+AdaReset+HardDistill,Hopper-v4,2
32694,reward,1431,51.264216636702635,42.14,P3O-dyn+AdaReset+HardDistill,Hopper-v4,2
32712,reward,1432,12.286096388292234,40.975,P3O-dyn+AdaReset+HardDistill,Hopper-v4,2
32731,reward,1433,10.999010245099157,33.427,P3O-dyn+AdaReset+HardDistill,Hopper-v4,2
32755,reward,1434,24.916038931696356,32.449,P3O-dyn+AdaReset+HardDistill,Hopper-v4,2
32768,loss,-0.016839200630784035,0.4210391044616699,P3O-dyn+AdaReset+HardDistill,Hopper-v4,2
32768,reward,1435,11.007892000412689,29.517,P3O-dyn+AdaReset+HardDistill,Hopper-v4,2
32819,reward,1436,32.10507098383137,32.168,P3O-dyn+AdaReset+HardDistill,Hopper-v4,2
32889,reward,1437,117.19616944028918,34.842,P3O-dyn+AdaReset+HardDistill,Hopper-v4,2
32979,reward,1438,78.12943048560541,37.01,P3O-dyn+AdaReset+HardDistill,Hopper-v4,2
32988,reward,1439,6.033729447903231,36.131,P3O-dyn+AdaReset+HardDistill,Hopper-v4,2
33060,reward,1440,69.29155744736538,41.323,P3O-dyn+AdaReset+HardDistill,Hopper-v4,2
33085,reward,1441,16.176284797370258,37.814,P3O-dyn+AdaReset+HardDistill,Hopper-v4,2
33109,reward,1442,29.37447537071468,39.523,P3O-dyn+AdaReset+HardDistill,Hopper-v4,2
33139,reward,1443,25.951022410834867,41.018,P3O-dyn+AdaReset+HardDistill,Hopper-v4,2
33154,reward,1444,9.402004320087451,39.467,P3O-dyn+AdaReset+HardDistill,Hopper-v4,2
33186,reward,1445,31.501247805350246,41.516,P3O-dyn+AdaReset+HardDistill,Hopper-v4,2
33248,reward,1446,50.9606959710289,43.402,P3O-dyn+AdaReset+HardDistill,Hopper-v4,2
33258,reward,1447,5.772205003070882,32.259,P3O-dyn+AdaReset+HardDistill,Hopper-v4,2
33294,reward,1448,59.99576329481928,30.446,P3O-dyn+AdaReset+HardDistill,Hopper-v4,2
33358,reward,1449,81.61780585574982,38.004,P3O-dyn+AdaReset+HardDistill,Hopper-v4,2
33369,reward,1450,6.237541736835987,31.699,P3O-dyn+AdaReset+HardDistill,Hopper-v4,2
33396,reward,1451,30.4981493720401,33.131,P3O-dyn+AdaReset+HardDistill,Hopper-v4,2
33408,reward,1452,7.321482893942303,30.926,P3O-dyn+AdaReset+HardDistill,Hopper-v4,2
33421,reward,1453,4.985254092580734,28.829,P3O-dyn+AdaReset+HardDistill,Hopper-v4,2
33452,reward,1454,25.630724907888528,30.452,P3O-dyn+AdaReset+HardDistill,Hopper-v4,2
33465,reward,1455,5.204128785528355,27.822,P3O-dyn+AdaReset+HardDistill,Hopper-v4,2
33516,reward,1456,33.35844045323599,26.062,P3O-dyn+AdaReset+HardDistill,Hopper-v4,2
33548,reward,1457,30.759950912766897,28.561,P3O-dyn+AdaReset+HardDistill,Hopper-v4,2
33558,reward,1458,8.272658917705009,23.389,P3O-dyn+AdaReset+HardDistill,Hopper-v4,2
33574,reward,1459,9.433395457819572,16.17,P3O-dyn+AdaReset+HardDistill,Hopper-v4,2
33705,reward,1460,231.69737091653155,38.716,P3O-dyn+AdaReset+HardDistill,Hopper-v4,2
33764,reward,1461,42.66162709203445,39.933,P3O-dyn+AdaReset+HardDistill,Hopper-v4,2
33793,reward,1462,28.68006497018258,42.068,P3O-dyn+AdaReset+HardDistill,Hopper-v4,2
33810,reward,1463,9.68016164870502,42.538,P3O-dyn+AdaReset+HardDistill,Hopper-v4,2
33836,reward,1464,19.253176666197984,41.9,P3O-dyn+AdaReset+HardDistill,Hopper-v4,2
33913,reward,1465,82.47843973256961,49.628,P3O-dyn+AdaReset+HardDistill,Hopper-v4,2
33952,reward,1466,27.045621513717627,48.996,P3O-dyn+AdaReset+HardDistill,Hopper-v4,2
33964,reward,1467,8.594835914726902,46.78,P3O-dyn+AdaReset+HardDistill,Hopper-v4,2
33978,reward,1468,7.588736449234169,46.711,P3O-dyn+AdaReset+HardDistill,Hopper-v4,2
34044,reward,1469,60.75878267716996,51.844,P3O-dyn+AdaReset+HardDistill,Hopper-v4,2
34107,reward,1470,52.3746221945016,33.912,P3O-dyn+AdaReset+HardDistill,Hopper-v4,2
34131,reward,1471,10.817136950227775,30.727,P3O-dyn+AdaReset+HardDistill,Hopper-v4,2
34221,reward,1472,143.8532718037304,42.244,P3O-dyn+AdaReset+HardDistill,Hopper-v4,2
34246,reward,1473,27.885167552784,44.065,P3O-dyn+AdaReset+HardDistill,Hopper-v4,2
34281,reward,1474,55.824065578713274,47.722,P3O-dyn+AdaReset+HardDistill,Hopper-v4,2
34306,reward,1475,21.12262393032967,41.586,P3O-dyn+AdaReset+HardDistill,Hopper-v4,2
34319,reward,1476,11.77038671470518,40.059,P3O-dyn+AdaReset+HardDistill,Hopper-v4,2
34337,reward,1477,7.782251259922145,39.978,P3O-dyn+AdaReset+HardDistill,Hopper-v4,2
34384,reward,1478,24.75125442536813,41.694,P3O-dyn+AdaReset+HardDistill,Hopper-v4,2
34408,reward,1479,3.589274084757542,35.977,P3O-dyn+AdaReset+HardDistill,Hopper-v4,2
34462,reward,1480,54.24301293818016,36.164,P3O-dyn+AdaReset+HardDistill,Hopper-v4,2
34526,reward,1481,47.07598008719666,39.79,P3O-dyn+AdaReset+HardDistill,Hopper-v4,2
34560,reward,1482,56.346300308845784,31.039,P3O-dyn+AdaReset+HardDistill,Hopper-v4,2
34571,reward,1483,3.939007870560573,28.644,P3O-dyn+AdaReset+HardDistill,Hopper-v4,2
34582,reward,1484,4.776461801210812,23.54,P3O-dyn+AdaReset+HardDistill,Hopper-v4,2
34645,reward,1485,82.88411053176387,29.716,P3O-dyn+AdaReset+HardDistill,Hopper-v4,2
34670,reward,1486,27.93580620094717,31.332,P3O-dyn+AdaReset+HardDistill,Hopper-v4,2
34721,reward,1487,39.18866913002026,34.473,P3O-dyn+AdaReset+HardDistill,Hopper-v4,2
34752,reward,1488,33.3738561374274,35.335,P3O-dyn+AdaReset+HardDistill,Hopper-v4,2
34790,reward,1489,61.3050208962602,41.107,P3O-dyn+AdaReset+HardDistill,Hopper-v4,2
34816,reward,1490,24.055800663910574,38.088,P3O-dyn+AdaReset+HardDistill,Hopper-v4,2
34829,reward,1491,7.202738960249946,34.101,P3O-dyn+AdaReset+HardDistill,Hopper-v4,2
34850,reward,1492,11.438995869045796,29.61,P3O-dyn+AdaReset+HardDistill,Hopper-v4,2
34867,reward,1493,18.022496184920378,31.018,P3O-dyn+AdaReset+HardDistill,Hopper-v4,2
34901,reward,1494,24.312258768324757,32.972,P3O-dyn+AdaReset+HardDistill,Hopper-v4,2
34913,reward,1495,10.96995472881222,25.781,P3O-dyn+AdaReset+HardDistill,Hopper-v4,2
34929,reward,1496,8.108574373098106,23.798,P3O-dyn+AdaReset+HardDistill,Hopper-v4,2
34971,reward,1497,20.969264674996573,21.976,P3O-dyn+AdaReset+HardDistill,Hopper-v4,2
34992,reward,1498,15.131499996122768,20.152,P3O-dyn+AdaReset+HardDistill,Hopper-v4,2
35048,reward,1499,50.57722521710919,19.079,P3O-dyn+AdaReset+HardDistill,Hopper-v4,2
35137,reward,1500,104.50603583418238,27.124,P3O-dyn+AdaReset+HardDistill,Hopper-v4,2
35153,reward,1501,12.138102647861013,27.617,P3O-dyn+AdaReset+HardDistill,Hopper-v4,2
35232,reward,1502,121.62754352862841,38.636,P3O-dyn+AdaReset+HardDistill,Hopper-v4,2
35268,reward,1503,33.99387843510926,40.233,P3O-dyn+AdaReset+HardDistill,Hopper-v4,2
35317,reward,1504,54.541086615978195,43.256,P3O-dyn+AdaReset+HardDistill,Hopper-v4,2
35374,reward,1505,85.66807978955681,50.726,P3O-dyn+AdaReset+HardDistill,Hopper-v4,2
35395,reward,1506,23.718362047358323,52.287,P3O-dyn+AdaReset+HardDistill,Hopper-v4,2
35417,reward,1507,22.35136540497421,52.425,P3O-dyn+AdaReset+HardDistill,Hopper-v4,2
35442,reward,1508,27.11755860650652,53.624,P3O-dyn+AdaReset+HardDistill,Hopper-v4,2
35482,reward,1509,28.85048746943161,51.451,P3O-dyn+AdaReset+HardDistill,Hopper-v4,2
35505,reward,1510,10.415835943476386,42.042,P3O-dyn+AdaReset+HardDistill,Hopper-v4,2
35527,reward,1511,16.07541178164657,42.436,P3O-dyn+AdaReset+HardDistill,Hopper-v4,2
35539,reward,1512,6.124575823652917,30.886,P3O-dyn+AdaReset+HardDistill,Hopper-v4,2
35582,reward,1513,44.71515085336837,31.958,P3O-dyn+AdaReset+HardDistill,Hopper-v4,2
35625,reward,1514,52.443746834708705,31.748,P3O-dyn+AdaReset+HardDistill,Hopper-v4,2
35656,reward,1515,28.48621524266692,26.03,P3O-dyn+AdaReset+HardDistill,Hopper-v4,2
35735,reward,1516,63.81534196039591,30.04,P3O-dyn+AdaReset+HardDistill,Hopper-v4,2
35792,reward,1517,84.58239175279091,36.263,P3O-dyn+AdaReset+HardDistill,Hopper-v4,2
35819,reward,1518,21.013957544816233,35.652,P3O-dyn+AdaReset+HardDistill,Hopper-v4,2
35832,reward,1519,7.50743660145813,33.518,P3O-dyn+AdaReset+HardDistill,Hopper-v4,2
35904,reward,1520,98.85874373831815,42.362,P3O-dyn+AdaReset+HardDistill,Hopper-v4,2
35940,reward,1521,24.885829664047932,43.243,P3O-dyn+AdaReset+HardDistill,Hopper-v4,2
36035,reward,1522,80.93808223602004,50.725,P3O-dyn+AdaReset+HardDistill,Hopper-v4,2
36143,reward,1523,105.90041278868918,56.843,P3O-dyn+AdaReset+HardDistill,Hopper-v4,2
36181,reward,1524,20.42248374759599,53.641,P3O-dyn+AdaReset+HardDistill,Hopper-v4,2
36202,reward,1525,8.015834364364688,51.594,P3O-dyn+AdaReset+HardDistill,Hopper-v4,2
36244,reward,1526,34.084676019847294,48.621,P3O-dyn+AdaReset+HardDistill,Hopper-v4,2
36287,reward,1527,65.0683927755447,46.67,P3O-dyn+AdaReset+HardDistill,Hopper-v4,2
36302,reward,1528,6.244057109418231,45.193,P3O-dyn+AdaReset+HardDistill,Hopper-v4,2
36361,reward,1529,85.56732167613762,52.999,P3O-dyn+AdaReset+HardDistill,Hopper-v4,2
36378,reward,1530,7.502123198697957,43.863,P3O-dyn+AdaReset+HardDistill,Hopper-v4,2
36417,reward,1531,16.061195452239865,42.98,P3O-dyn+AdaReset+HardDistill,Hopper-v4,2
36447,reward,1532,29.104343332025547,37.797,P3O-dyn+AdaReset+HardDistill,Hopper-v4,2
36474,reward,1533,9.994675067895571,28.207,P3O-dyn+AdaReset+HardDistill,Hopper-v4,2
36497,reward,1534,16.18965017626411,27.783,P3O-dyn+AdaReset+HardDistill,Hopper-v4,2
36514,reward,1535,16.975758005980744,28.679,P3O-dyn+AdaReset+HardDistill,Hopper-v4,2
36538,reward,1536,15.58654295562562,26.829,P3O-dyn+AdaReset+HardDistill,Hopper-v4,2
36588,reward,1537,32.722051076121765,23.595,P3O-dyn+AdaReset+HardDistill,Hopper-v4,2
36611,reward,1538,22.998724331279792,25.27,P3O-dyn+AdaReset+HardDistill,Hopper-v4,2
36630,reward,1539,11.346626350782406,17.848,P3O-dyn+AdaReset+HardDistill,Hopper-v4,2
36683,reward,1540,47.01627639748816,21.8,P3O-dyn+AdaReset+HardDistill,Hopper-v4,2
36768,reward,1541,90.36168175593446,29.23,P3O-dyn+AdaReset+HardDistill,Hopper-v4,2
36783,reward,1542,6.6688100150491,26.986,P3O-dyn+AdaReset+HardDistill,Hopper-v4,2
36805,reward,1543,13.566564611831232,27.343,P3O-dyn+AdaReset+HardDistill,Hopper-v4,2
36856,reward,1544,67.79485520966631,32.504,P3O-dyn+AdaReset+HardDistill,Hopper-v4,2
36869,reward,1545,8.103047440017024,31.617,P3O-dyn+AdaReset+HardDistill,Hopper-v4,2
36900,reward,1546,52.38074024089037,35.296,P3O-dyn+AdaReset+HardDistill,Hopper-v4,2
36953,reward,1547,91.67481947696628,41.191,P3O-dyn+AdaReset+HardDistill,Hopper-v4,2
36998,reward,1548,60.06239461932611,44.898,P3O-dyn+AdaReset+HardDistill,Hopper-v4,2
37014,reward,1549,15.037594151105118,45.267,P3O-dyn+AdaReset+HardDistill,Hopper-v4,2
37035,reward,1550,9.61110221374983,41.526,P3O-dyn+AdaReset+HardDistill,Hopper-v4,2
37057,reward,1551,12.434598269260109,33.733,P3O-dyn+AdaReset+HardDistill,Hopper-v4,2
37110,reward,1552,52.4086971034345,38.307,P3O-dyn+AdaReset+HardDistill,Hopper-v4,2
37171,reward,1553,58.807347356441696,42.832,P3O-dyn+AdaReset+HardDistill,Hopper-v4,2
37214,reward,1554,69.48198967016536,43.0,P3O-dyn+AdaReset+HardDistill,Hopper-v4,2
37266,reward,1555,48.76263018535879,47.066,P3O-dyn+AdaReset+HardDistill,Hopper-v4,2
37310,reward,1556,62.31771065682412,48.06,P3O-dyn+AdaReset+HardDistill,Hopper-v4,2
37329,reward,1557,12.810475243724403,40.173,P3O-dyn+AdaReset+HardDistill,Hopper-v4,2
37349,reward,1558,24.112501450451703,36.578,P3O-dyn+AdaReset+HardDistill,Hopper-v4,2
37371,reward,1559,19.641635267576003,37.039,P3O-dyn+AdaReset+HardDistill,Hopper-v4,2
37405,reward,1560,31.188282111287588,39.197,P3O-dyn+AdaReset+HardDistill,Hopper-v4,2
37436,reward,1561,46.44374814748457,42.598,P3O-dyn+AdaReset+HardDistill,Hopper-v4,2
37444,reward,1562,6.385254111492503,37.995,P3O-dyn+AdaReset+HardDistill,Hopper-v4,2
37519,reward,1563,79.59174169680281,40.074,P3O-dyn+AdaReset+HardDistill,Hopper-v4,2
37555,reward,1564,18.107060306567593,34.936,P3O-dyn+AdaReset+HardDistill,Hopper-v4,2
37572,reward,1565,10.41436615955708,31.101,P3O-dyn+AdaReset+HardDistill,Hopper-v4,2
37595,reward,1566,23.803158893056075,27.25,P3O-dyn+AdaReset+HardDistill,Hopper-v4,2
37656,reward,1567,43.05228140971421,30.274,P3O-dyn+AdaReset+HardDistill,Hopper-v4,2
37702,reward,1568,24.996859179747386,30.362,P3O-dyn+AdaReset+HardDistill,Hopper-v4,2
37743,reward,1569,67.13006716333307,35.111,P3O-dyn+AdaReset+HardDistill,Hopper-v4,2
37789,reward,1570,35.49669995679128,35.542,P3O-dyn+AdaReset+HardDistill,Hopper-v4,2
37800,reward,1571,6.471639393826545,31.545,P3O-dyn+AdaReset+HardDistill,Hopper-v4,2
37839,reward,1572,34.080848117315625,34.314,P3O-dyn+AdaReset+HardDistill,Hopper-v4,2
37866,reward,1573,27.785894028369388,29.134,P3O-dyn+AdaReset+HardDistill,Hopper-v4,2
37931,reward,1574,92.66020676670273,36.589,P3O-dyn+AdaReset+HardDistill,Hopper-v4,2
38043,reward,1575,153.79754069492915,50.928,P3O-dyn+AdaReset+HardDistill,Hopper-v4,2
38063,reward,1576,12.184534229995933,49.766,P3O-dyn+AdaReset+HardDistill,Hopper-v4,2
38075,reward,1577,5.1027323339545525,45.971,P3O-dyn+AdaReset+HardDistill,Hopper-v4,2
38105,reward,1578,35.668956928004285,47.038,P3O-dyn+AdaReset+HardDistill,Hopper-v4,2
38134,reward,1579,12.024716223006491,41.527,P3O-dyn+AdaReset+HardDistill,Hopper-v4,2
38163,reward,1580,22.441979502483914,40.222,P3O-dyn+AdaReset+HardDistill,Hopper-v4,2
38171,reward,1581,5.455206047408281,40.12,P3O-dyn+AdaReset+HardDistill,Hopper-v4,2
38201,reward,1582,38.278857614386574,40.54,P3O-dyn+AdaReset+HardDistill,Hopper-v4,2
38221,reward,1583,12.148407745671127,38.976,P3O-dyn+AdaReset+HardDistill,Hopper-v4,2
38277,reward,1584,62.17303890773567,35.928,P3O-dyn+AdaReset+HardDistill,Hopper-v4,2
38289,reward,1585,10.427166747001303,21.591,P3O-dyn+AdaReset+HardDistill,Hopper-v4,2
38325,reward,1586,33.67549561049032,23.74,P3O-dyn+AdaReset+HardDistill,Hopper-v4,2
38374,reward,1587,55.55116046985465,28.784,P3O-dyn+AdaReset+HardDistill,Hopper-v4,2
38427,reward,1588,70.06280285899669,32.224,P3O-dyn+AdaReset+HardDistill,Hopper-v4,2
38444,reward,1589,8.628898647049807,31.884,P3O-dyn+AdaReset+HardDistill,Hopper-v4,2
38482,reward,1590,33.58484180163134,32.999,P3O-dyn+AdaReset+HardDistill,Hopper-v4,2
38498,reward,1591,8.432052534212994,33.296,P3O-dyn+AdaReset+HardDistill,Hopper-v4,2
38517,reward,1592,17.274899212633226,31.196,P3O-dyn+AdaReset+HardDistill,Hopper-v4,2
38537,reward,1593,10.509202502953658,31.032,P3O-dyn+AdaReset+HardDistill,Hopper-v4,2
38568,reward,1594,23.883302526278733,27.203,P3O-dyn+AdaReset+HardDistill,Hopper-v4,2
38617,reward,1595,48.68190909411916,31.028,P3O-dyn+AdaReset+HardDistill,Hopper-v4,2
38658,reward,1596,61.26954733050488,33.788,P3O-dyn+AdaReset+HardDistill,Hopper-v4,2
38718,reward,1597,35.94376319225711,31.827,P3O-dyn+AdaReset+HardDistill,Hopper-v4,2
38760,reward,1598,72.23601757097818,32.044,P3O-dyn+AdaReset+HardDistill,Hopper-v4,2
38834,reward,1599,67.11659242445764,37.893,P3O-dyn+AdaReset+HardDistill,Hopper-v4,2
38863,reward,1600,16.086380448980037,36.143,P3O-dyn+AdaReset+HardDistill,Hopper-v4,2
38876,reward,1601,9.41304578741062,36.241,P3O-dyn+AdaReset+HardDistill,Hopper-v4,2
38886,reward,1602,6.630818618790991,35.177,P3O-dyn+AdaReset+HardDistill,Hopper-v4,2
38915,reward,1603,18.196981414572015,35.946,P3O-dyn+AdaReset+HardDistill,Hopper-v4,2
38935,reward,1604,17.265137664827616,35.284,P3O-dyn+AdaReset+HardDistill,Hopper-v4,2
38953,reward,1605,15.075027850616184,31.923,P3O-dyn+AdaReset+HardDistill,Hopper-v4,2
38970,reward,1606,3.1922236071125925,26.116,P3O-dyn+AdaReset+HardDistill,Hopper-v4,2
38993,reward,1607,9.406181558840519,23.462,P3O-dyn+AdaReset+HardDistill,Hopper-v4,2
39031,reward,1608,22.21462053463244,18.46,P3O-dyn+AdaReset+HardDistill,Hopper-v4,2
39054,reward,1609,11.78359714828387,12.926,P3O-dyn+AdaReset+HardDistill,Hopper-v4,2
39119,reward,1610,107.59149915853538,22.077,P3O-dyn+AdaReset+HardDistill,Hopper-v4,2
39165,reward,1611,28.30734401422515,23.966,P3O-dyn+AdaReset+HardDistill,Hopper-v4,2
39209,reward,1612,76.08567117798029,30.912,P3O-dyn+AdaReset+HardDistill,Hopper-v4,2
39249,reward,1613,52.606383603316175,34.353,P3O-dyn+AdaReset+HardDistill,Hopper-v4,2
39295,reward,1614,39.14224254049247,36.54,P3O-dyn+AdaReset+HardDistill,Hopper-v4,2
39367,reward,1615,105.69733450388864,45.603,P3O-dyn+AdaReset+HardDistill,Hopper-v4,2
39404,reward,1616,15.336649184044012,46.817,P3O-dyn+AdaReset+HardDistill,Hopper-v4,2
39469,reward,1617,104.4586064024323,56.322,P3O-dyn+AdaReset+HardDistill,Hopper-v4,2
39487,reward,1618,8.731869465475803,54.974,P3O-dyn+AdaReset+HardDistill,Hopper-v4,2
39498,reward,1619,6.731579417913864,54.469,P3O-dyn+AdaReset+HardDistill,Hopper-v4,2
39546,reward,1620,44.118008318220035,48.122,P3O-dyn+AdaReset+HardDistill,Hopper-v4,2
39691,reward,1621,172.27078034747595,62.518,P3O-dyn+AdaReset+HardDistill,Hopper-v4,2
39719,reward,1622,20.62298952195021,56.972,P3O-dyn+AdaReset+HardDistill,Hopper-v4,2
39733,reward,1623,7.2668052605018945,52.438,P3O-dyn+AdaReset+HardDistill,Hopper-v4,2
39793,reward,1624,54.17603861475265,53.941,P3O-dyn+AdaReset+HardDistill,Hopper-v4,2
39887,reward,1625,84.93491060900898,51.865,P3O-dyn+AdaReset+HardDistill,Hopper-v4,2
39904,reward,1626,3.9905419546624383,50.73,P3O-dyn+AdaReset+HardDistill,Hopper-v4,2
39942,reward,1627,44.28247317835335,44.713,P3O-dyn+AdaReset+HardDistill,Hopper-v4,2
40000,speed,1993.44,0.34,P3O-dyn+AdaReset+HardDistill,Hopper-v4,2
40029,reward,1628,86.38471741519729,52.478,P3O-dyn+AdaReset+HardDistill,Hopper-v4,2
40094,reward,1629,64.13052158066264,58.218,P3O-dyn+AdaReset+HardDistill,Hopper-v4,2
40108,reward,1630,8.915968378006871,54.698,P3O-dyn+AdaReset+HardDistill,Hopper-v4,2
40121,reward,1631,3.704564115360008,37.841,P3O-dyn+AdaReset+HardDistill,Hopper-v4,2
40183,reward,1632,89.02152801904302,44.681,P3O-dyn+AdaReset+HardDistill,Hopper-v4,2
40210,reward,1633,18.452811435954583,45.799,P3O-dyn+AdaReset+HardDistill,Hopper-v4,2
40226,reward,1634,12.89878482671314,41.672,P3O-dyn+AdaReset+HardDistill,Hopper-v4,2
40307,reward,1635,83.72015218438726,41.55,P3O-dyn+AdaReset+HardDistill,Hopper-v4,2
40414,reward,1636,164.86031010595482,57.637,P3O-dyn+AdaReset+HardDistill,Hopper-v4,2
40463,reward,1637,39.031008228629155,57.112,P3O-dyn+AdaReset+HardDistill,Hopper-v4,2
40498,reward,1638,50.44067904313954,53.518,P3O-dyn+AdaReset+HardDistill,Hopper-v4,2
40566,reward,1639,112.97784336210816,58.402,P3O-dyn+AdaReset+HardDistill,Hopper-v4,2
40593,reward,1640,16.435141378929785,59.154,P3O-dyn+AdaReset+HardDistill,Hopper-v4,2
40645,reward,1641,39.769720433628144,62.761,P3O-dyn+AdaReset+HardDistill,Hopper-v4,2
40658,reward,1642,5.9731640465178275,54.456,P3O-dyn+AdaReset+HardDistill,Hopper-v4,2
40682,reward,1643,10.877682334272635,53.698,P3O-dyn+AdaReset+HardDistill,Hopper-v4,2
40766,reward,1644,74.52511427215052,59.861,P3O-dyn+AdaReset+HardDistill,Hopper-v4,2
40777,reward,1645,8.067282322416828,52.296,P3O-dyn+AdaReset+HardDistill,Hopper-v4,2
40882,reward,1646,85.21430629267466,44.331,P3O-dyn+AdaReset+HardDistill,Hopper-v4,2
40917,reward,1647,32.734870533811744,43.702,P3O-dyn+AdaReset+HardDistill,Hopper-v4,2
40951,reward,1648,31.20249365174605,41.778,P3O-dyn+AdaReset+HardDistill,Hopper-v4,2
40960,loss,-0.02116524614393711,0.733237087726593,P3O-dyn+AdaReset+HardDistill,Hopper-v4,2
41005,reward,1649,96.6335010074856,40.143,P3O-dyn+AdaReset+HardDistill,Hopper-v4,2
41090,reward,1650,117.44093367526624,50.244,P3O-dyn+AdaReset+HardDistill,Hopper-v4,2
41128,reward,1651,43.832967416137556,50.65,P3O-dyn+AdaReset+HardDistill,Hopper-v4,2
41157,reward,1652,29.002926409602697,52.953,P3O-dyn+AdaReset+HardDistill,Hopper-v4,2
41174,reward,1653,18.269687660710673,53.692,P3O-dyn+AdaReset+HardDistill,Hopper-v4,2
41210,reward,1654,59.353325868958066,52.175,P3O-dyn+AdaReset+HardDistill,Hopper-v4,2
41245,reward,1655,39.36409478572435,55.305,P3O-dyn+AdaReset+HardDistill,Hopper-v4,2
41317,reward,1656,108.30972279708772,57.614,P3O-dyn+AdaReset+HardDistill,Hopper-v4,2
41360,reward,1657,44.569779549938595,58.798,P3O-dyn+AdaReset+HardDistill,Hopper-v4,2
41392,reward,1658,32.366754263778105,58.914,P3O-dyn+AdaReset+HardDistill,Hopper-v4,2
41430,reward,1659,62.70381680983764,55.521,P3O-dyn+AdaReset+HardDistill,Hopper-v4,2
41485,reward,1660,85.2612397795999,52.303,P3O-dyn+AdaReset+HardDistill,Hopper-v4,2
41547,reward,1661,94.69250790621014,57.389,P3O-dyn+AdaReset+HardDistill,Hopper-v4,2
41636,reward,1662,109.84994610146433,65.474,P3O-dyn+AdaReset+HardDistill,Hopper-v4,2
41665,reward,1663,37.13721834497047,67.361,P3O-dyn+AdaReset+HardDistill,Hopper-v4,2
41718,reward,1664,66.1648125924922,68.042,P3O-dyn+AdaReset+HardDistill,Hopper-v4,2
41762,reward,1665,49.299966069225306,69.036,P3O-dyn+AdaReset+HardDistill,Hopper-v4,2
41797,reward,1666,55.73090934557306,63.778,P3O-dyn+AdaReset+HardDistill,Hopper-v4,2
41835,reward,1667,63.82735772748286,65.703,P3O-dyn+AdaReset+HardDistill,Hopper-v4,2
41899,reward,1668,105.93511429741508,73.06,P3O-dyn+AdaReset+HardDistill,Hopper-v4,2
41948,reward,1669,48.054653386902686,71.595,P3O-dyn+AdaReset+HardDistill,Hopper-v4,2
42012,reward,1670,86.55708202775716,71.725,P3O-dyn+AdaReset+HardDistill,Hopper-v4,2
42044,reward,1671,26.135740190818627,64.869,P3O-dyn+AdaReset+HardDistill,Hopper-v4,2
42113,reward,1672,75.11467758932753,61.396,P3O-dyn+AdaReset+HardDistill,Hopper-v4,2
42124,reward,1673,8.926615829030041,58.575,P3O-dyn+AdaReset+HardDistill,Hopper-v4,2
42161,reward,1674,58.14030141433807,57.772,P3O-dyn+AdaReset+HardDistill,Hopper-v4,2
42180,reward,1675,20.664427560212868,54.909,P3O-dyn+AdaReset+HardDistill,Hopper-v4,2
42229,reward,1676,70.04861460604684,56.34,P3O-dyn+AdaReset+HardDistill,Hopper-v4,2
42268,reward,1677,63.55589784570043,56.313,P3O-dyn+AdaReset+HardDistill,Hopper-v4,2
42300,reward,1678,22.63519481754883,47.983,P3O-dyn+AdaReset+HardDistill,Hopper-v4,2
42315,reward,1679,7.756375744845178,43.953,P3O-dyn+AdaReset+HardDistill,Hopper-v4,2
42351,reward,1680,37.056484101861855,39.003,P3O-dyn+AdaReset+HardDistill,Hopper-v4,2
42412,reward,1681,42.65599233858685,40.655,P3O-dyn+AdaReset+HardDistill,Hopper-v4,2
42457,reward,1682,29.188481420918656,36.063,P3O-dyn+AdaReset+HardDistill,Hopper-v4,2
42507,reward,1683,82.05513209092369,43.376,P3O-dyn+AdaReset+HardDistill,Hopper-v4,2
42550,reward,1684,73.13401013514854,44.875,P3O-dyn+AdaReset+HardDistill,Hopper-v4,2
42585,reward,1685,43.56750316222522,47.165,P3O-dyn+AdaReset+HardDistill,Hopper-v4,2
42600,reward,1686,14.254612445341856,41.586,P3O-dyn+AdaReset+HardDistill,Hopper-v4,2
42638,reward,1687,61.2944341633047,41.36,P3O-dyn+AdaReset+HardDistill,Hopper-v4,2
42650,reward,1688,8.425484431560438,39.939,P3O-dyn+AdaReset+HardDistill,Hopper-v4,2
42705,reward,1689,72.2025150021724,46.383,P3O-dyn+AdaReset+HardDistill,Hopper-v4,2
42759,reward,1690,60.90644864885366,48.768,P3O-dyn+AdaReset+HardDistill,Hopper-v4,2
42775,reward,1691,11.41173393992263,45.644,P3O-dyn+AdaReset+HardDistill,Hopper-v4,2
42807,reward,1692,27.55235229478066,45.48,P3O-dyn+AdaReset+HardDistill,Hopper-v4,2
42858,reward,1693,79.6930869204625,45.244,P3O-dyn+AdaReset+HardDistill,Hopper-v4,2
42911,reward,1694,85.30649343483176,46.461,P3O-dyn+AdaReset+HardDistill,Hopper-v4,2
42923,reward,1695,6.923219504216139,42.797,P3O-dyn+AdaReset+HardDistill,Hopper-v4,2
42977,reward,1696,73.75174644129198,48.747,P3O-dyn+AdaReset+HardDistill,Hopper-v4,2
43016,reward,1697,38.00018544369717,46.417,P3O-dyn+AdaReset+HardDistill,Hopper-v4,2
43039,reward,1698,18.905689145215533,47.465,P3O-dyn+AdaReset+HardDistill,Hopper-v4,2
43096,reward,1699,97.08032509928813,49.953,P3O-dyn+AdaReset+HardDistill,Hopper-v4,2
43146,reward,1700,81.33528069072129,51.996,P3O-dyn+AdaReset+HardDistill,Hopper-v4,2
43183,reward,1701,56.985855492872815,56.553,P3O-dyn+AdaReset+HardDistill,Hopper-v4,2
43221,reward,1702,42.34691045065368,58.033,P3O-dyn+AdaReset+HardDistill,Hopper-v4,2
43283,reward,1703,107.98914336008026,60.862,P3O-dyn+AdaReset+HardDistill,Hopper-v4,2
43300,reward,1704,11.255203585800997,53.457,P3O-dyn+AdaReset+HardDistill,Hopper-v4,2
43368,reward,1705,62.99193636847651,59.064,P3O-dyn+AdaReset+HardDistill,Hopper-v4,2
43419,reward,1706,90.32684266427633,60.722,P3O-dyn+AdaReset+HardDistill,Hopper-v4,2
43457,reward,1707,29.461872635554094,59.868,P3O-dyn+AdaReset+HardDistill,Hopper-v4,2
43530,reward,1708,107.89235139242707,68.767,P3O-dyn+AdaReset+HardDistill,Hopper-v4,2
43570,reward,1709,59.83245978707967,65.042,P3O-dyn+AdaReset+HardDistill,Hopper-v4,2
43648,reward,1710,67.8516456775531,63.693,P3O-dyn+AdaReset+HardDistill,Hopper-v4,2
43702,reward,1711,54.71214649934666,63.466,P3O-dyn+AdaReset+HardDistill,Hopper-v4,2
43724,reward,1712,19.222915660385596,61.154,P3O-dyn+AdaReset+HardDistill,Hopper-v4,2
43797,reward,1713,119.4601743341853,62.301,P3O-dyn+AdaReset+HardDistill,Hopper-v4,2
43852,reward,1714,53.20688722484999,66.496,P3O-dyn+AdaReset+HardDistill,Hopper-v4,2
43889,reward,1715,38.54387310519272,64.051,P3O-dyn+AdaReset+HardDistill,Hopper-v4,2
43932,reward,1716,64.46796192046587,61.465,P3O-dyn+AdaReset+HardDistill,Hopper-v4,2
44009,reward,1717,85.25775880404134,67.045,P3O-dyn+AdaReset+HardDistill,Hopper-v4,2
44049,reward,1718,64.94350477884265,62.75,P3O-dyn+AdaReset+HardDistill,Hopper-v4,2
44070,reward,1719,19.846532649739423,58.751,P3O-dyn+AdaReset+HardDistill,Hopper-v4,2
44083,reward,1720,9.439997722542318,52.91,P3O-dyn+AdaReset+HardDistill,Hopper-v4,2
44139,reward,1721,83.36843631810491,55.776,P3O-dyn+AdaReset+HardDistill,Hopper-v4,2
44312,reward,1722,268.1124412011707,80.665,P3O-dyn+AdaReset+HardDistill,Hopper-v4,2
44331,reward,1723,17.933727145201672,70.512,P3O-dyn+AdaReset+HardDistill,Hopper-v4,2
44367,reward,1724,41.9167945207895,69.383,P3O-dyn+AdaReset+HardDistill,Hopper-v4,2
44407,reward,1725,52.080352423771025,70.737,P3O-dyn+AdaReset+HardDistill,Hopper-v4,2
44489,reward,1726,117.61664454653834,76.052,P3O-dyn+AdaReset+HardDistill,Hopper-v4,2
44547,reward,1727,94.0951363832289,76.935,P3O-dyn+AdaReset+HardDistill,Hopper-v4,2
44577,reward,1728,49.19068974101697,75.36,P3O-dyn+AdaReset+HardDistill,Hopper-v4,2
44628,reward,1729,73.2054519014005,80.696,P3O-dyn+AdaReset+HardDistill,Hopper-v4,2
44690,reward,1730,101.10137423358668,89.862,P3O-dyn+AdaReset+HardDistill,Hopper-v4,2
44700,reward,1731,4.496884720098098,81.975,P3O-dyn+AdaReset+HardDistill,Hopper-v4,2
44739,reward,1732,20.744618714054464,57.238,P3O-dyn+AdaReset+HardDistill,Hopper-v4,2
44804,reward,1733,122.44785976828388,67.69,P3O-dyn+AdaReset+HardDistill,Hopper-v4,2
44880,reward,1734,118.52602532022695,75.351,P3O-dyn+AdaReset+HardDistill,Hopper-v4,2
44938,reward,1735,82.7789724639632,78.42,P3O-dyn+AdaReset+HardDistill,Hopper-v4,2
44958,reward,1736,21.68201010792632,68.827,P3O-dyn+AdaReset+HardDistill,Hopper-v4,2
45023,reward,1737,57.74493510789152,65.192,P3O-dyn+AdaReset+HardDistill,Hopper-v4,2
45065,reward,1738,76.5528399992685,67.928,P3O-dyn+AdaReset+HardDistill,Hopper-v4,2
45126,reward,1739,75.66901716462878,68.174,P3O-dyn+AdaReset+HardDistill,Hopper-v4,2
45176,reward,1740,81.71576269883917,66.236,P3O-dyn+AdaReset+HardDistill,Hopper-v4,2
45209,reward,1741,35.6827821867731,69.354,P3O-dyn+AdaReset+HardDistill,Hopper-v4,2
45247,reward,1742,57.27472942972114,73.007,P3O-dyn+AdaReset+HardDistill,Hopper-v4,2
45312,reward,1743,91.09680848200954,69.872,P3O-dyn+AdaReset+HardDistill,Hopper-v4,2
45324,reward,1744,9.256701313887445,58.945,P3O-dyn+AdaReset+HardDistill,Hopper-v4,2
45397,reward,1745,139.13664573607818,64.581,P3O-dyn+AdaReset+HardDistill,Hopper-v4,2
45442,reward,1746,73.84023869143356,69.797,P3O-dyn+AdaReset+HardDistill,Hopper-v4,2
45494,reward,1747,75.32473043420354,71.555,P3O-dyn+AdaReset+HardDistill,Hopper-v4,2
45538,reward,1748,27.727932435525418,66.673,P3O-dyn+AdaReset+HardDistill,Hopper-v4,2
45642,reward,1749,122.03540478992736,71.309,P3O-dyn+AdaReset+HardDistill,Hopper-v4,2
45693,reward,1750,77.6317528879435,70.901,P3O-dyn+AdaReset+HardDistill,Hopper-v4,2
45749,reward,1751,57.97965612501963,73.13,P3O-dyn+AdaReset+HardDistill,Hopper-v4,2
45834,reward,1752,86.51909646260312,76.055,P3O-dyn+AdaReset+HardDistill,Hopper-v4,2
45901,reward,1753,132.61239910666967,80.206,P3O-dyn+AdaReset+HardDistill,Hopper-v4,2
45935,reward,1754,55.81727821582969,84.863,P3O-dyn+AdaReset+HardDistill,Hopper-v4,2
45989,reward,1755,77.99479934780236,78.748,P3O-dyn+AdaReset+HardDistill,Hopper-v4,2
46039,reward,1756,64.55006540112625,77.819,P3O-dyn+AdaReset+HardDistill,Hopper-v4,2
46106,reward,1757,100.70195195137761,80.357,P3O-dyn+AdaReset+HardDistill,Hopper-v4,2
46131,reward,1758,24.70681016431746,80.055,P3O-dyn+AdaReset+HardDistill,Hopper-v4,2
46140,reward,1759,3.874532754542526,68.239,P3O-dyn+AdaReset+HardDistill,Hopper-v4,2
46174,reward,1760,55.532653234998236,66.029,P3O-dyn+AdaReset+HardDistill,Hopper-v4,2
46216,reward,1761,37.60373160061282,63.991,P3O-dyn+AdaReset+HardDistill,Hopper-v4,2
46245,reward,1762,21.665048493961923,57.506,P3O-dyn+AdaReset+HardDistill,Hopper-v4,2
46289,reward,1763,72.6855285288202,51.513,P3O-dyn+AdaReset+HardDistill,Hopper-v4,2
46363,reward,1764,101.83361560292072,56.115,P3O-dyn+AdaReset+HardDistill,Hopper-v4,2
46407,reward,1765,59.59225440449744,54.275,P3O-dyn+AdaReset+HardDistill,Hopper-v4,2
46425,reward,1766,15.45831338403657,49.365,P3O-dyn+AdaReset+HardDistill,Hopper-v4,2
46501,reward,1767,116.15590939861727,50.911,P3O-dyn+AdaReset+HardDistill,Hopper-v4,2
46536,reward,1768,57.56103803891173,54.196,P3O-dyn+AdaReset+HardDistill,Hopper-v4,2
46568,reward,1769,34.47906114944563,57.257,P3O-dyn+AdaReset+HardDistill,Hopper-v4,2
46590,reward,1770,22.428535809212708,53.946,P3O-dyn+AdaReset+HardDistill,Hopper-v4,2
46632,reward,1771,68.72022420813259,57.058,P3O-dyn+AdaReset+HardDistill,Hopper-v4,2
46671,reward,1772,34.333385010286655,58.325,P3O-dyn+AdaReset+HardDistill,Hopper-v4,2
46713,reward,1773,68.36013361133887,57.892,P3O-dyn+AdaReset+HardDistill,Hopper-v4,2
46812,reward,1774,91.70924797902686,56.88,P3O-dyn+AdaReset+HardDistill,Hopper-v4,2
46864,reward,1775,86.43737872291727,59.564,P3O-dyn+AdaReset+HardDistill,Hopper-v4,2
46891,reward,1776,28.380370706559553,60.857,P3O-dyn+AdaReset+HardDistill,Hopper-v4,2
46945,reward,1777,92.53635150138798,58.495,P3O-dyn+AdaReset+HardDistill,Hopper-v4,2
46965,reward,1778,10.127960947070704,53.751,P3O-dyn+AdaReset+HardDistill,Hopper-v4,2
47059,reward,1779,143.19786863178086,64.623,P3O-dyn+AdaReset+HardDistill,Hopper-v4,2
47104,reward,1780,59.86323455270774,68.367,P3O-dyn+AdaReset+HardDistill,Hopper-v4,2
47195,reward,1781,104.39984878068189,71.935,P3O-dyn+AdaReset+HardDistill,Hopper-v4,2
47227,reward,1782,13.464271495825061,69.848,P3O-dyn+AdaReset+HardDistill,Hopper-v4,2
47236,reward,1783,7.148961155441638,63.727,P3O-dyn+AdaReset+HardDistill,Hopper-v4,2
47289,reward,1784,51.93074269966711,59.749,P3O-dyn+AdaReset+HardDistill,Hopper-v4,2
47345,reward,1785,45.64179954525346,55.669,P3O-dyn+AdaReset+HardDistill,Hopper-v4,2
47360,reward,1786,14.044836988298021,54.236,P3O-dyn+AdaReset+HardDistill,Hopper-v4,2
47400,reward,1787,65.08391629322811,51.49,P3O-dyn+AdaReset+HardDistill,Hopper-v4,2
47416,reward,1788,10.242478382435616,51.502,P3O-dyn+AdaReset+HardDistill,Hopper-v4,2
47449,reward,1789,53.28908442643741,42.511,P3O-dyn+AdaReset+HardDistill,Hopper-v4,2
47478,reward,1790,39.83070397198053,40.508,P3O-dyn+AdaReset+HardDistill,Hopper-v4,2
47500,reward,1791,19.092361438307545,31.977,P3O-dyn+AdaReset+HardDistill,Hopper-v4,2
47576,reward,1792,132.47471704455708,43.878,P3O-dyn+AdaReset+HardDistill,Hopper-v4,2
47623,reward,1793,71.86273311116148,50.349,P3O-dyn+AdaReset+HardDistill,Hopper-v4,2
47693,reward,1794,112.8629003284995,56.443,P3O-dyn+AdaReset+HardDistill,Hopper-v4,2
47728,reward,1795,59.796457305847426,57.858,P3O-dyn+AdaReset+HardDistill,Hopper-v4,2
47744,reward,1796,15.702939678958304,58.024,P3O-dyn+AdaReset+HardDistill,Hopper-v4,2
47797,reward,1797,73.81371697513845,58.897,P3O-dyn+AdaReset+HardDistill,Hopper-v4,2
47841,reward,1798,75.98751211161054,65.471,P3O-dyn+AdaReset+HardDistill,Hopper-v4,2
47917,reward,1799,68.90764010111802,67.033,P3O-dyn+AdaReset+HardDistill,Hopper-v4,2
47976,reward,1800,107.48100671080579,73.798,P3O-dyn+AdaReset+HardDistill,Hopper-v4,2
47986,reward,1801,5.426861431748934,72.432,P3O-dyn+AdaReset+HardDistill,Hopper-v4,2
48141,reward,1802,190.01453246513927,78.186,P3O-dyn+AdaReset+HardDistill,Hopper-v4,2
48169,reward,1803,20.604441337480942,73.06,P3O-dyn+AdaReset+HardDistill,Hopper-v4,2
48191,reward,1804,21.06236426456883,63.88,P3O-dyn+AdaReset+HardDistill,Hopper-v4,2
48228,reward,1805,54.04697115802071,63.305,P3O-dyn+AdaReset+HardDistill,Hopper-v4,2
48247,reward,1806,17.218148885663037,63.456,P3O-dyn+AdaReset+HardDistill,Hopper-v4,2
48313,reward,1807,116.71171858449242,67.746,P3O-dyn+AdaReset+HardDistill,Hopper-v4,2
48347,reward,1808,40.596806185252404,64.207,P3O-dyn+AdaReset+HardDistill,Hopper-v4,2
48382,reward,1809,32.73006795631219,60.589,P3O-dyn+AdaReset+HardDistill,Hopper-v4,2
48413,reward,1810,49.9103193932874,54.832,P3O-dyn+AdaReset+HardDistill,Hopper-v4,2
48485,reward,1811,125.69545332070749,66.859,P3O-dyn+AdaReset+HardDistill,Hopper-v4,2
48518,reward,1812,21.990641977781472,50.057,P3O-dyn+AdaReset+HardDistill,Hopper-v4,2
48640,reward,1813,137.8479751052402,61.781,P3O-dyn+AdaReset+HardDistill,Hopper-v4,2
48686,reward,1814,51.26657232467674,64.801,P3O-dyn+AdaReset+HardDistill,Hopper-v4,2
48731,reward,1815,42.945510611238824,63.691,P3O-dyn+AdaReset+HardDistill,Hopper-v4,2
48813,reward,1816,109.53824862011163,72.923,P3O-dyn+AdaReset+HardDistill,Hopper-v4,2
48864,reward,1817,63.297424339326426,67.582,P3O-dyn+AdaReset+HardDistill,Hopper-v4,2
48897,reward,1818,32.33923086378055,66.756,P3O-dyn+AdaReset+HardDistill,Hopper-v4,2
48920,reward,1819,17.83600063312278,65.267,P3O-dyn+AdaReset+HardDistill,Hopper-v4,2
48991,reward,1820,73.4735464096934,67.623,P3O-dyn+AdaReset+HardDistill,Hopper-v4,2
49056,reward,1821,81.25616495752108,63.179,P3O-dyn+AdaReset+HardDistill,Hopper-v4,2
49071,reward,1822,8.449941508720968,61.825,P3O-dyn+AdaReset+HardDistill,Hopper-v4,2
49097,reward,1823,22.92256534952415,50.333,P3O-dyn+AdaReset+HardDistill,Hopper-v4,2
49135,reward,1824,22.318544774516113,47.438,P3O-dyn+AdaReset+HardDistill,Hopper-v4,2
49152,loss,-0.009150453843176365,1.1190006732940674,P3O-dyn+AdaReset+HardDistill,Hopper-v4,2
49218,reward,1825,109.7437172853431,54.118,P3O-dyn+AdaReset+HardDistill,Hopper-v4,2
49243,reward,1826,21.904701212322514,45.354,P3O-dyn+AdaReset+HardDistill,Hopper-v4,2
49291,reward,1827,38.81350812653182,42.906,P3O-dyn+AdaReset+HardDistill,Hopper-v4,2
49309,reward,1828,17.214420967447122,41.393,P3O-dyn+AdaReset+HardDistill,Hopper-v4,2
49343,reward,1829,55.49582389177202,45.159,P3O-dyn+AdaReset+HardDistill,Hopper-v4,2
49396,reward,1830,81.06706286730162,45.919,P3O-dyn+AdaReset+HardDistill,Hopper-v4,2
49477,reward,1831,128.27580598872828,50.621,P3O-dyn+AdaReset+HardDistill,Hopper-v4,2
49640,reward,1832,204.86013530645232,70.262,P3O-dyn+AdaReset+HardDistill,Hopper-v4,2
49689,reward,1833,73.31387524479685,75.301,P3O-dyn+AdaReset+HardDistill,Hopper-v4,2
49740,reward,1834,88.34720472075603,81.904,P3O-dyn+AdaReset+HardDistill,Hopper-v4,2
49783,reward,1835,41.1218326765518,75.041,P3O-dyn+AdaReset+HardDistill,Hopper-v4,2
49885,reward,1836,132.52267722790702,86.103,P3O-dyn+AdaReset+HardDistill,Hopper-v4,2
49903,reward,1837,19.234998844138527,84.145,P3O-dyn+AdaReset+HardDistill,Hopper-v4,2
49972,reward,1838,77.43019334088808,90.167,P3O-dyn+AdaReset+HardDistill,Hopper-v4,2
50000,speed,1955.96,0.43,P3O-dyn+AdaReset+HardDistill,Hopper-v4,2
50000,sbp,0.4,0.5843,0.5716,P3O-dyn+AdaReset+HardDistill,Hopper-v4,2,0.01199,1,0.847681,0.752126,0.016731,0.012435,4.249538,4.253438,0.127047,0.345431,0.000918,0.248131,1.092553,0.002764,0.001168,1,periodic,0.002585,0.025,0.571629,0.0,0.571629,0.002585,0.002585,0.002585,0.003384,0.003386,0.003385,0,0.0,0.0,0.0
50010,reward,1839,45.97473844454158,89.215,P3O-dyn+AdaReset+HardDistill,Hopper-v4,2
50033,reward,1840,20.93546913011649,83.202,P3O-dyn+AdaReset+HardDistill,Hopper-v4,2
50124,reward,1841,116.98300224061276,82.072,P3O-dyn+AdaReset+HardDistill,Hopper-v4,2
50158,reward,1842,30.235586150338282,64.61,P3O-dyn+AdaReset+HardDistill,Hopper-v4,2
50251,reward,1843,78.61390551200934,65.14,P3O-dyn+AdaReset+HardDistill,Hopper-v4,2
50273,reward,1844,25.643049320559946,58.87,P3O-dyn+AdaReset+HardDistill,Hopper-v4,2
50298,reward,1845,30.69213274791044,57.827,P3O-dyn+AdaReset+HardDistill,Hopper-v4,2
50330,reward,1846,38.35853785041142,48.41,P3O-dyn+AdaReset+HardDistill,Hopper-v4,2
50378,reward,1847,55.50821134601826,52.037,P3O-dyn+AdaReset+HardDistill,Hopper-v4,2
50500,reward,1848,159.17544014640785,60.212,P3O-dyn+AdaReset+HardDistill,Hopper-v4,2
50515,reward,1849,14.964100999305854,57.111,P3O-dyn+AdaReset+HardDistill,Hopper-v4,2
50561,reward,1850,76.9646879772532,62.714,P3O-dyn+AdaReset+HardDistill,Hopper-v4,2
50622,reward,1851,65.02122439891531,57.518,P3O-dyn+AdaReset+HardDistill,Hopper-v4,2
50665,reward,1852,73.63447728928672,61.858,P3O-dyn+AdaReset+HardDistill,Hopper-v4,2
50756,reward,1853,125.10132964467456,66.506,P3O-dyn+AdaReset+HardDistill,Hopper-v4,2
50802,reward,1854,48.58078117595004,68.8,P3O-dyn+AdaReset+HardDistill,Hopper-v4,2
50826,reward,1855,12.9965238981076,67.031,P3O-dyn+AdaReset+HardDistill,Hopper-v4,2
50864,reward,1856,53.56989786766691,68.552,P3O-dyn+AdaReset+HardDistill,Hopper-v4,2
50922,reward,1857,85.26790059415964,71.528,P3O-dyn+AdaReset+HardDistill,Hopper-v4,2
51010,reward,1858,124.66394414876899,68.076,P3O-dyn+AdaReset+HardDistill,Hopper-v4,2
51081,reward,1859,140.887430907435,80.669,P3O-dyn+AdaReset+HardDistill,Hopper-v4,2
51150,reward,1860,74.01241791248697,80.374,P3O-dyn+AdaReset+HardDistill,Hopper-v4,2
51223,reward,1861,110.9090963889886,84.962,P3O-dyn+AdaReset+HardDistill,Hopper-v4,2
51254,reward,1862,33.81852870025997,80.981,P3O-dyn+AdaReset+HardDistill,Hopper-v4,2
51315,reward,1863,108.68047015328125,79.339,P3O-dyn+AdaReset+HardDistill,Hopper-v4,2
51353,reward,1864,42.9127977983738,78.772,P3O-dyn+AdaReset+HardDistill,Hopper-v4,2
51419,reward,1865,55.53876847090117,83.026,P3O-dyn+AdaReset+HardDistill,Hopper-v4,2
51470,reward,1866,82.29124898735232,85.898,P3O-dyn+AdaReset+HardDistill,Hopper-v4,2
51533,reward,1867,92.22031148948741,86.594,P3O-dyn+AdaReset+HardDistill,Hopper-v4,2
51548,reward,1868,11.596543478077253,75.287,P3O-dyn+AdaReset+HardDistill,Hopper-v4,2
51599,reward,1869,90.8948528246739,70.288,P3O-dyn+AdaReset+HardDistill,Hopper-v4,2
51663,reward,1870,59.3421663891878,68.82,P3O-dyn+AdaReset+HardDistill,Hopper-v4,2
51672,reward,1871,5.889791039817452,58.319,P3O-dyn+AdaReset+HardDistill,Hopper-v4,2
51722,reward,1872,79.47180562684552,62.884,P3O-dyn+AdaReset+HardDistill,Hopper-v4,2
51783,reward,1873,68.81137927143085,58.897,P3O-dyn+AdaReset+HardDistill,Hopper-v4,2
51844,reward,1874,84.30653473991381,63.036,P3O-dyn+AdaReset+HardDistill,Hopper-v4,2
51900,reward,1875,93.59349497028342,66.842,P3O-dyn+AdaReset+HardDistill,Hopper-v4,2
51961,reward,1876,55.32472438319867,64.145,P3O-dyn+AdaReset+HardDistill,Hopper-v4,2
52011,reward,1877,70.279125812789,61.951,P3O-dyn+AdaReset+HardDistill,Hopper-v4,2
52087,reward,1878,99.50033073608378,70.741,P3O-dyn+AdaReset+HardDistill,Hopper-v4,2
52166,reward,1879,110.93656452933351,72.746,P3O-dyn+AdaReset+HardDistill,Hopper-v4,2
52225,reward,1880,74.47299714330013,74.259,P3O-dyn+AdaReset+HardDistill,Hopper-v4,2
52257,reward,1881,36.15454734210093,77.285,P3O-dyn+AdaReset+HardDistill,Hopper-v4,2
52369,reward,1882,198.52921530578703,89.191,P3O-dyn+AdaReset+HardDistill,Hopper-v4,2
52420,reward,1883,34.246205116253044,85.734,P3O-dyn+AdaReset+HardDistill,Hopper-v4,2
52433,reward,1884,5.49427908495816,77.853,P3O-dyn+AdaReset+HardDistill,Hopper-v4,2
52513,reward,1885,115.42910060275538,80.037,P3O-dyn+AdaReset+HardDistill,Hopper-v4,2
52582,reward,1886,113.49420347296966,85.854,P3O-dyn+AdaReset+HardDistill,Hopper-v4,2
52600,reward,1887,9.591315265864239,79.785,P3O-dyn+AdaReset+HardDistill,Hopper-v4,2
52671,reward,1888,87.93806890877967,78.629,P3O-dyn+AdaReset+HardDistill,Hopper-v4,2
52705,reward,1889,38.33822164051897,71.369,P3O-dyn+AdaReset+HardDistill,Hopper-v4,2
52747,reward,1890,16.949591023624752,65.616,P3O-dyn+AdaReset+HardDistill,Hopper-v4,2
52801,reward,1891,95.51409534566207,71.552,P3O-dyn+AdaReset+HardDistill,Hopper-v4,2
52846,reward,1892,39.56965362601406,55.656,P3O-dyn+AdaReset+HardDistill,Hopper-v4,2
52987,reward,1893,205.50992331305952,72.783,P3O-dyn+AdaReset+HardDistill,Hopper-v4,2
53064,reward,1894,102.1497512748329,82.448,P3O-dyn+AdaReset+HardDistill,Hopper-v4,2
53111,reward,1895,71.6099002559564,78.066,P3O-dyn+AdaReset+HardDistill,Hopper-v4,2
53129,reward,1896,18.60800606600779,68.578,P3O-dyn+AdaReset+HardDistill,Hopper-v4,2
53192,reward,1897,63.801033215300784,73.999,P3O-dyn+AdaReset+HardDistill,Hopper-v4,2
53226,reward,1898,34.7101142457391,68.676,P3O-dyn+AdaReset+HardDistill,Hopper-v4,2
53317,reward,1899,112.89823686646353,76.132,P3O-dyn+AdaReset+HardDistill,Hopper-v4,2
53359,reward,1900,69.5808282768158,81.395,P3O-dyn+AdaReset+HardDistill,Hopper-v4,2
53385,reward,1901,27.920870293435524,74.636,P3O-dyn+AdaReset+HardDistill,Hopper-v4,2
53414,reward,1902,13.861872828395803,72.065,P3O-dyn+AdaReset+HardDistill,Hopper-v4,2
53466,reward,1903,42.736762888886254,55.788,P3O-dyn+AdaReset+HardDistill,Hopper-v4,2
53520,reward,1904,75.03964146510027,53.077,P3O-dyn+AdaReset+HardDistill,Hopper-v4,2
53535,reward,1905,10.092199701465795,46.925,P3O-dyn+AdaReset+HardDistill,Hopper-v4,2
53600,reward,1906,98.84004435971364,54.948,P3O-dyn+AdaReset+HardDistill,Hopper-v4,2
53645,reward,1907,74.87936516260449,56.056,P3O-dyn+AdaReset+HardDistill,Hopper-v4,2
53777,reward,1908,158.87201560448284,68.472,P3O-dyn+AdaReset+HardDistill,Hopper-v4,2
53874,reward,1909,91.686301417095,66.351,P3O-dyn+AdaReset+HardDistill,Hopper-v4,2
53949,reward,1910,113.88875562987955,70.782,P3O-dyn+AdaReset+HardDistill,Hopper-v4,2
54005,reward,1911,98.66361349249641,77.856,P3O-dyn+AdaReset+HardDistill,Hopper-v4,2
54085,reward,1912,129.31726183853328,89.402,P3O-dyn+AdaReset+HardDistill,Hopper-v4,2
54123,reward,1913,21.28959364803188,87.257,P3O-dyn+AdaReset+HardDistill,Hopper-v4,2
54186,reward,1914,98.64469383883025,89.617,P3O-dyn+AdaReset+HardDistill,Hopper-v4,2
54243,reward,1915,39.25024776047103,92.533,P3O-dyn+AdaReset+HardDistill,Hopper-v4,2
54282,reward,1916,35.36144145452215,86.185,P3O-dyn+AdaReset+HardDistill,Hopper-v4,2
54333,reward,1917,83.49453677996001,87.047,P3O-dyn+AdaReset+HardDistill,Hopper-v4,2
54485,reward,1918,162.5723275899384,87.417,P3O-dyn+AdaReset+HardDistill,Hopper-v4,2
54596,reward,1919,158.02614756474262,94.051,P3O-dyn+AdaReset+HardDistill,Hopper-v4,2
54645,reward,1920,63.37353449314993,88.999,P3O-dyn+AdaReset+HardDistill,Hopper-v4,2
54676,reward,1921,24.568984021046166,81.59,P3O-dyn+AdaReset+HardDistill,Hopper-v4,2
54735,reward,1922,39.28946675840249,72.587,P3O-dyn+AdaReset+HardDistill,Hopper-v4,2
54775,reward,1923,29.892973708651162,73.447,P3O-dyn+AdaReset+HardDistill,Hopper-v4,2
54863,reward,1924,141.28048175048232,77.711,P3O-dyn+AdaReset+HardDistill,Hopper-v4,2
54945,reward,1925,95.51862276874056,83.338,P3O-dyn+AdaReset+HardDistill,Hopper-v4,2
54979,reward,1926,44.927181153717356,84.294,P3O-dyn+AdaReset+HardDistill,Hopper-v4,2
55055,reward,1927,119.87826852208019,87.933,P3O-dyn+AdaReset+HardDistill,Hopper-v4,2
55157,reward,1928,127.30205266604014,84.406,P3O-dyn+AdaReset+HardDistill,Hopper-v4,2
55185,reward,1929,20.263830112748337,70.63,P3O-dyn+AdaReset+HardDistill,Hopper-v4,2
55243,reward,1930,88.54302871666255,73.146,P3O-dyn+AdaReset+HardDistill,Hopper-v4,2
55283,reward,1931,65.31465128819191,77.221,P3O-dyn+AdaReset+HardDistill,Hopper-v4,2
55304,reward,1932,22.335249266896138,75.526,P3O-dyn+AdaReset+HardDistill,Hopper-v4,2
55350,reward,1933,44.598372024890644,76.996,P3O-dyn+AdaReset+HardDistill,Hopper-v4,2
55369,reward,1934,18.852508895323382,64.753,P3O-dyn+AdaReset+HardDistill,Hopper-v4,2
55398,reward,1935,14.41967305667331,56.643,P3O-dyn+AdaReset+HardDistill,Hopper-v4,2
55452,reward,1936,80.94369669113496,60.245,P3O-dyn+AdaReset+HardDistill,Hopper-v4,2
55470,reward,1937,10.508295085587344,49.308,P3O-dyn+AdaReset+HardDistill,Hopper-v4,2
55504,reward,1938,54.93214651356136,42.071,P3O-dyn+AdaReset+HardDistill,Hopper-v4,2
55547,reward,1939,70.7740147140189,47.122,P3O-dyn+AdaReset+HardDistill,Hopper-v4,2
55575,reward,1940,36.14247500259024,41.882,P3O-dyn+AdaReset+HardDistill,Hopper-v4,2
55626,reward,1941,81.19227843156752,43.47,P3O-dyn+AdaReset+HardDistill,Hopper-v4,2
55736,reward,1942,179.76245206509296,59.213,P3O-dyn+AdaReset+HardDistill,Hopper-v4,2
55785,reward,1943,60.66453289354117,60.819,P3O-dyn+AdaReset+HardDistill,Hopper-v4,2
55821,reward,1944,10.914113361095898,60.025,P3O-dyn+AdaReset+HardDistill,Hopper-v4,2
55875,reward,1945,84.9968910616613,67.083,P3O-dyn+AdaReset+HardDistill,Hopper-v4,2
55900,reward,1946,13.133053311626584,60.302,P3O-dyn+AdaReset+HardDistill,Hopper-v4,2
55960,reward,1947,96.71389460769085,68.923,P3O-dyn+AdaReset+HardDistill,Hopper-v4,2
56043,reward,1948,128.13732696976604,76.243,P3O-dyn+AdaReset+HardDistill,Hopper-v4,2
56103,reward,1949,85.5608382712336,77.722,P3O-dyn+AdaReset+HardDistill,Hopper-v4,2
56140,reward,1950,60.3486215767765,80.142,P3O-dyn+AdaReset+HardDistill,Hopper-v4,2
56220,reward,1951,76.60510897781847,79.684,P3O-dyn+AdaReset+HardDistill,Hopper-v4,2
56235,reward,1952,6.860323825684029,62.393,P3O-dyn+AdaReset+HardDistill,Hopper-v4,2
56313,reward,1953,87.67342379751182,65.094,P3O-dyn+AdaReset+HardDistill,Hopper-v4,2
56331,reward,1954,10.819607863695458,65.085,P3O-dyn+AdaReset+HardDistill,Hopper-v4,2
56473,reward,1955,224.302619013168,79.015,P3O-dyn+AdaReset+HardDistill,Hopper-v4,2
56520,reward,1956,77.33270206100748,85.435,P3O-dyn+AdaReset+HardDistill,Hopper-v4,2
56563,reward,1957,71.37984580498723,82.902,P3O-dyn+AdaReset+HardDistill,Hopper-v4,2
56610,reward,1958,82.64536309991591,78.353,P3O-dyn+AdaReset+HardDistill,Hopper-v4,2
56662,reward,1959,38.03483761123757,73.6,P3O-dyn+AdaReset+HardDistill,Hopper-v4,2
56685,reward,1960,25.169856867876288,70.082,P3O-dyn+AdaReset+HardDistill,Hopper-v4,2
56699,reward,1961,9.01432808035396,63.323,P3O-dyn+AdaReset+HardDistill,Hopper-v4,2
56743,reward,1962,72.40643360022366,69.878,P3O-dyn+AdaReset+HardDistill,Hopper-v4,2
56764,reward,1963,16.458953406692622,62.756,P3O-dyn+AdaReset+HardDistill,Hopper-v4,2
56867,reward,1964,155.9318591826143,77.268,P3O-dyn+AdaReset+HardDistill,Hopper-v4,2
56898,reward,1965,22.230234291661947,57.06,P3O-dyn+AdaReset+HardDistill,Hopper-v4,2
56916,reward,1966,9.995213194851724,50.327,P3O-dyn+AdaReset+HardDistill,Hopper-v4,2
56939,reward,1967,15.072846225266607,44.696,P3O-dyn+AdaReset+HardDistill,Hopper-v4,2
56976,reward,1968,60.52819946887696,42.484,P3O-dyn+AdaReset+HardDistill,Hopper-v4,2
57061,reward,1969,99.02029041508938,48.583,P3O-dyn+AdaReset+HardDistill,Hopper-v4,2
57091,reward,1970,24.974725019631904,48.563,P3O-dyn+AdaReset+HardDistill,Hopper-v4,2
57107,reward,1971,13.936683724596953,49.056,P3O-dyn+AdaReset+HardDistill,Hopper-v4,2
57156,reward,1972,61.132856570085515,47.928,P3O-dyn+AdaReset+HardDistill,Hopper-v4,2
57225,reward,1973,116.35782380368,57.918,P3O-dyn+AdaReset+HardDistill,Hopper-v4,2
57250,reward,1974,29.797679381111813,45.305,P3O-dyn+AdaReset+HardDistill,Hopper-v4,2
57316,reward,1975,93.74830341037224,52.456,P3O-dyn+AdaReset+HardDistill,Hopper-v4,2
57344,loss,-0.03008650802075863,1.6148712635040283,P3O-dyn+AdaReset+HardDistill,Hopper-v4,2
57376,reward,1976,87.83632118802943,60.241,P3O-dyn+AdaReset+HardDistill,Hopper-v4,2
57426,reward,1977,54.35387286392564,64.169,P3O-dyn+AdaReset+HardDistill,Hopper-v4,2
57447,reward,1978,14.967419302148,59.613,P3O-dyn+AdaReset+HardDistill,Hopper-v4,2
57492,reward,1979,76.61966117134149,57.373,P3O-dyn+AdaReset+HardDistill,Hopper-v4,2
57605,reward,1980,139.15757137429327,68.791,P3O-dyn+AdaReset+HardDistill,Hopper-v4,2
57697,reward,1981,136.5954109325175,81.057,P3O-dyn+AdaReset+HardDistill,Hopper-v4,2
57771,reward,1982,123.01606946108521,87.245,P3O-dyn+AdaReset+HardDistill,Hopper-v4,2
57838,reward,1983,100.69391533774261,85.679,P3O-dyn+AdaReset+HardDistill,Hopper-v4,2
57887,reward,1984,80.27342013862796,90.726,P3O-dyn+AdaReset+HardDistill,Hopper-v4,2
57924,reward,1985,42.44982842352692,85.596,P3O-dyn+AdaReset+HardDistill,Hopper-v4,2
57990,reward,1986,72.12581533562096,84.025,P3O-dyn+AdaReset+HardDistill,Hopper-v4,2
58037,reward,1987,82.09928341278199,86.8,P3O-dyn+AdaReset+HardDistill,Hopper-v4,2
58065,reward,1988,34.3035460834568,88.733,P3O-dyn+AdaReset+HardDistill,Hopper-v4,2
58092,reward,1989,29.077850544422006,83.979,P3O-dyn+AdaReset+HardDistill,Hopper-v4,2
58130,reward,1990,64.42276486698111,76.506,P3O-dyn+AdaReset+HardDistill,Hopper-v4,2
58159,reward,1991,31.045053489823456,65.951,P3O-dyn+AdaReset+HardDistill,Hopper-v4,2
58298,reward,1992,171.52834241668512,70.802,P3O-dyn+AdaReset+HardDistill,Hopper-v4,2
58340,reward,1993,56.02608186322337,66.335,P3O-dyn+AdaReset+HardDistill,Hopper-v4,2
58382,reward,1994,52.63653642866548,63.572,P3O-dyn+AdaReset+HardDistill,Hopper-v4,2
58401,reward,1995,14.96551581320802,60.823,P3O-dyn+AdaReset+HardDistill,Hopper-v4,2
58483,reward,1996,139.53762092354347,67.564,P3O-dyn+AdaReset+HardDistill,Hopper-v4,2
58544,reward,1997,104.48825347900039,69.803,P3O-dyn+AdaReset+HardDistill,Hopper-v4,2
58571,reward,1998,19.71962089510203,68.345,P3O-dyn+AdaReset+HardDistill,Hopper-v4,2
58620,reward,1999,82.3894487586186,73.676,P3O-dyn+AdaReset+HardDistill,Hopper-v4,2
58684,reward,2000,99.75104758103045,77.209,P3O-dyn+AdaReset+HardDistill,Hopper-v4,2
58766,reward,2001,116.05304276870082,85.71,P3O-dyn+AdaReset+HardDistill,Hopper-v4,2
58824,reward,2002,96.87662134069654,78.244,P3O-dyn+AdaReset+HardDistill,Hopper-v4,2
58849,reward,2003,22.965615568215252,74.938,P3O-dyn+AdaReset+HardDistill,Hopper-v4,2
58915,reward,2004,105.54024476376102,80.229,P3O-dyn+AdaReset+HardDistill,Hopper-v4,2
58965,reward,2005,86.17933043782749,87.35,P3O-dyn+AdaReset+HardDistill,Hopper-v4,2
59012,reward,2006,75.38641959135937,80.935,P3O-dyn+AdaReset+HardDistill,Hopper-v4,2
59032,reward,2007,15.16211396575989,72.002,P3O-dyn+AdaReset+HardDistill,Hopper-v4,2
59088,reward,2008,84.90331413131354,78.521,P3O-dyn+AdaReset+HardDistill,Hopper-v4,2
59155,reward,2009,113.53891455817077,81.636,P3O-dyn+AdaReset+HardDistill,Hopper-v4,2
59179,reward,2010,20.98802467465891,73.759,P3O-dyn+AdaReset+HardDistill,Hopper-v4,2
59221,reward,2011,68.79058933120331,69.033,P3O-dyn+AdaReset+HardDistill,Hopper-v4,2
59280,reward,2012,96.53333685281252,68.999,P3O-dyn+AdaReset+HardDistill,Hopper-v4,2
59319,reward,2013,29.431061642231334,69.645,P3O-dyn+AdaReset+HardDistill,Hopper-v4,2
59387,reward,2014,90.70597091768633,68.162,P3O-dyn+AdaReset+HardDistill,Hopper-v4,2
59512,reward,2015,166.22521359006896,76.166,P3O-dyn+AdaReset+HardDistill,Hopper-v4,2
59558,reward,2016,76.87793121857096,76.316,P3O-dyn+AdaReset+HardDistill,Hopper-v4,2
59615,reward,2017,79.83854315022802,82.783,P3O-dyn+AdaReset+HardDistill,Hopper-v4,2
59641,reward,2018,37.45162058531609,78.038,P3O-dyn+AdaReset+HardDistill,Hopper-v4,2
59700,reward,2019,111.25896375939746,77.81,P3O-dyn+AdaReset+HardDistill,Hopper-v4,2
59726,reward,2020,32.36542275973777,78.948,P3O-dyn+AdaReset+HardDistill,Hopper-v4,2
59822,reward,2021,134.99877618001977,85.569,P3O-dyn+AdaReset+HardDistill,Hopper-v4,2
59862,reward,2022,65.63468689609648,82.479,P3O-dyn+AdaReset+HardDistill,Hopper-v4,2
59890,reward,2023,25.862632407511903,82.122,P3O-dyn+AdaReset+HardDistill,Hopper-v4,2
59940,reward,2024,85.28573035187338,81.58,P3O-dyn+AdaReset+HardDistill,Hopper-v4,2
59993,reward,2025,90.51143833879567,74.009,P3O-dyn+AdaReset+HardDistill,Hopper-v4,2
60000,speed,2033.86,0.51,P3O-dyn+AdaReset+HardDistill,Hopper-v4,2
60040,reward,2026,76.76089607912053,73.997,P3O-dyn+AdaReset+HardDistill,Hopper-v4,2
60085,reward,2027,37.094752302837165,69.722,P3O-dyn+AdaReset+HardDistill,Hopper-v4,2
60153,reward,2028,84.63337698871318,74.441,P3O-dyn+AdaReset+HardDistill,Hopper-v4,2
60207,reward,2029,74.7040480046796,70.785,P3O-dyn+AdaReset+HardDistill,Hopper-v4,2
60325,reward,2030,156.22760867805306,83.171,P3O-dyn+AdaReset+HardDistill,Hopper-v4,2
60388,reward,2031,40.14799507736479,73.686,P3O-dyn+AdaReset+HardDistill,Hopper-v4,2
60459,reward,2032,100.74600154073669,77.197,P3O-dyn+AdaReset+HardDistill,Hopper-v4,2
60543,reward,2033,103.70056531053378,84.981,P3O-dyn+AdaReset+HardDistill,Hopper-v4,2
60583,reward,2034,45.97317946681885,81.05,P3O-dyn+AdaReset+HardDistill,Hopper-v4,2
60630,reward,2035,72.44759590514384,79.244,P3O-dyn+AdaReset+HardDistill,Hopper-v4,2
60665,reward,2036,40.46079598536755,75.614,P3O-dyn+AdaReset+HardDistill,Hopper-v4,2
60678,reward,2037,12.821033855866203,73.186,P3O-dyn+AdaReset+HardDistill,Hopper-v4,2
60731,reward,2038,77.2305662160323,72.446,P3O-dyn+AdaReset+HardDistill,Hopper-v4,2
60778,reward,2039,81.77525010957748,73.153,P3O-dyn+AdaReset+HardDistill,Hopper-v4,2
60831,reward,2040,86.0960998821323,66.14,P3O-dyn+AdaReset+HardDistill,Hopper-v4,2
60972,reward,2041,162.902431807796,78.415,P3O-dyn+AdaReset+HardDistill,Hopper-v4,2
61010,reward,2042,28.49186030897076,71.19,P3O-dyn+AdaReset+HardDistill,Hopper-v4,2
61135,reward,2043,183.1023764932835,79.13,P3O-dyn+AdaReset+HardDistill,Hopper-v4,2
61204,reward,2044,106.23960976899014,85.157,P3O-dyn+AdaReset+HardDistill,Hopper-v4,2
61242,reward,2045,37.910097687898634,81.703,P3O-dyn+AdaReset+HardDistill,Hopper-v4,2
61321,reward,2046,119.2935478341657,89.586,P3O-dyn+AdaReset+HardDistill,Hopper-v4,2
61378,reward,2047,107.06029639384373,99.01,P3O-dyn+AdaReset+HardDistill,Hopper-v4,2
61431,reward,2048,57.09735509161244,96.997,P3O-dyn+AdaReset+HardDistill,Hopper-v4,2
61482,reward,2049,70.16475058757105,95.836,P3O-dyn+AdaReset+HardDistill,Hopper-v4,2
61526,reward,2050,73.11494207185798,94.538,P3O-dyn+AdaReset+HardDistill,Hopper-v4,2
61545,reward,2051,20.978768215888966,80.345,P3O-dyn+AdaReset+HardDistill,Hopper-v4,2
61572,reward,2052,29.45865050092749,80.442,P3O-dyn+AdaReset+HardDistill,Hopper-v4,2
61618,reward,2053,78.32092041962287,69.964,P3O-dyn+AdaReset+HardDistill,Hopper-v4,2
61724,reward,2054,100.74997828860654,69.415,P3O-dyn+AdaReset+HardDistill,Hopper-v4,2
61767,reward,2055,56.92127098636691,71.316,P3O-dyn+AdaReset+HardDistill,Hopper-v4,2
61806,reward,2056,39.48820857157471,63.336,P3O-dyn+AdaReset+HardDistill,Hopper-v4,2
61850,reward,2057,60.518183991681056,58.681,P3O-dyn+AdaReset+HardDistill,Hopper-v4,2
61934,reward,2058,131.0851202806074,66.08,P3O-dyn+AdaReset+HardDistill,Hopper-v4,2
61961,reward,2059,21.681804097450982,61.232,P3O-dyn+AdaReset+HardDistill,Hopper-v4,2
62006,reward,2060,77.83022446437558,61.703,P3O-dyn+AdaReset+HardDistill,Hopper-v4,2
62049,reward,2061,69.704450225683,66.576,P3O-dyn+AdaReset+HardDistill,Hopper-v4,2
62142,reward,2062,124.90804612351931,76.121,P3O-dyn+AdaReset+HardDistill,Hopper-v4,2
62182,reward,2063,66.37283621417573,74.926,P3O-dyn+AdaReset+HardDistill,Hopper-v4,2
62218,reward,2064,56.92777004527176,70.544,P3O-dyn+AdaReset+HardDistill,Hopper-v4,2
62260,reward,2065,69.77231408830738,71.829,P3O-dyn+AdaReset+HardDistill,Hopper-v4,2
62341,reward,2066,111.71931189046083,79.052,P3O-dyn+AdaReset+HardDistill,Hopper-v4,2
62390,reward,2067,81.7824316957227,81.178,P3O-dyn+AdaReset+HardDistill,Hopper-v4,2
62474,reward,2068,133.49367163205622,81.419,P3O-dyn+AdaReset+HardDistill,Hopper-v4,2
62514,reward,2069,43.264827917591695,83.578,P3O-dyn+AdaReset+HardDistill,Hopper-v4,2
62525,reward,2070,10.08133115085776,76.803,P3O-dyn+AdaReset+HardDistill,Hopper-v4,2
62550,reward,2071,14.50792602533405,71.283,P3O-dyn+AdaReset+HardDistill,Hopper-v4,2
62596,reward,2072,77.39886357915708,66.532,P3O-dyn+AdaReset+HardDistill,Hopper-v4,2
62635,reward,2073,64.72468276062209,66.367,P3O-dyn+AdaReset+HardDistill,Hopper-v4,2
62679,reward,2074,72.86326003904105,67.961,P3O-dyn+AdaReset+HardDistill,Hopper-v4,2
62742,reward,2075,92.89559176990619,70.273,P3O-dyn+AdaReset+HardDistill,Hopper-v4,2
62764,reward,2076,20.774517459240386,61.179,P3O-dyn+AdaReset+HardDistill,Hopper-v4,2
62877,reward,2077,141.12513560453684,67.113,P3O-dyn+AdaReset+HardDistill,Hopper-v4,2
62969,reward,2078,152.88539562908866,69.052,P3O-dyn+AdaReset+HardDistill,Hopper-v4,2
63063,reward,2079,121.76944914228523,76.903,P3O-dyn+AdaReset+HardDistill,Hopper-v4,2
63124,reward,2080,37.980077639223055,79.692,P3O-dyn+AdaReset+HardDistill,Hopper-v4,2
63173,reward,2081,66.15350576161993,84.857,P3O-dyn+AdaReset+HardDistill,Hopper-v4,2
63194,reward,2082,25.36151746221749,79.653,P3O-dyn+AdaReset+HardDistill,Hopper-v4,2
63248,reward,2083,77.18629960389693,80.899,P3O-dyn+AdaReset+HardDistill,Hopper-v4,2
63332,reward,2084,112.96479980733478,84.91,P3O-dyn+AdaReset+HardDistill,Hopper-v4,2
63403,reward,2085,138.2775547175421,89.448,P3O-dyn+AdaReset+HardDistill,Hopper-v4,2
63420,reward,2086,9.167639765411984,88.287,P3O-dyn+AdaReset+HardDistill,Hopper-v4,2
63442,reward,2087,24.785520459826003,76.653,P3O-dyn+AdaReset+HardDistill,Hopper-v4,2
63483,reward,2088,42.75743920391721,65.64,P3O-dyn+AdaReset+HardDistill,Hopper-v4,2
63505,reward,2089,20.129889092975514,55.476,P3O-dyn+AdaReset+HardDistill,Hopper-v4,2
63563,reward,2090,90.76536435291257,60.755,P3O-dyn+AdaReset+HardDistill,Hopper-v4,2
63609,reward,2091,46.585477111758166,58.798,P3O-dyn+AdaReset+HardDistill,Hopper-v4,2
63636,reward,2092,27.014119536753405,58.963,P3O-dyn+AdaReset+HardDistill,Hopper-v4,2
63746,reward,2093,124.36456981463417,63.681,P3O-dyn+AdaReset+HardDistill,Hopper-v4,2
63827,reward,2094,114.09358131242892,63.794,P3O-dyn+AdaReset+HardDistill,Hopper-v4,2
63867,reward,2095,66.38666510504223,56.605,P3O-dyn+AdaReset+HardDistill,Hopper-v4,2
63913,reward,2096,75.49576710563888,63.238,P3O-dyn+AdaReset+HardDistill,Hopper-v4,2
63985,reward,2097,105.6370178094106,71.323,P3O-dyn+AdaReset+HardDistill,Hopper-v4,2
64041,reward,2098,83.82391972407088,75.43,P3O-dyn+AdaReset+HardDistill,Hopper-v4,2
64107,reward,2099,124.83009596401781,85.9,P3O-dyn+AdaReset+HardDistill,Hopper-v4,2
64189,reward,2100,104.66100554415152,87.289,P3O-dyn+AdaReset+HardDistill,Hopper-v4,2
64242,reward,2101,82.77097273078971,90.908,P3O-dyn+AdaReset+HardDistill,Hopper-v4,2
64295,reward,2102,78.77091984969238,96.083,P3O-dyn+AdaReset+HardDistill,Hopper-v4,2
64369,reward,2103,116.2390839057232,95.271,P3O-dyn+AdaReset+HardDistill,Hopper-v4,2
64453,reward,2104,121.5725210976088,96.019,P3O-dyn+AdaReset+HardDistill,Hopper-v4,2
64475,reward,2105,26.85104492170043,92.065,P3O-dyn+AdaReset+HardDistill,Hopper-v4,2
64505,reward,2106,31.10594223111584,87.626,P3O-dyn+AdaReset+HardDistill,Hopper-v4,2
64568,reward,2107,99.41536187620858,87.004,P3O-dyn+AdaReset+HardDistill,Hopper-v4,2
64609,reward,2108,65.565866235352,85.178,P3O-dyn+AdaReset+HardDistill,Hopper-v4,2
64626,reward,2109,14.989134173423404,74.194,P3O-dyn+AdaReset+HardDistill,Hopper-v4,2
64668,reward,2110,52.65728760304047,68.994,P3O-dyn+AdaReset+HardDistill,Hopper-v4,2
64703,reward,2111,51.01651851617474,65.818,P3O-dyn+AdaReset+HardDistill,Hopper-v4,2
64716,reward,2112,6.286826736913028,58.57,P3O-dyn+AdaReset+HardDistill,Hopper-v4,2
64759,reward,2113,72.56862473315202,54.203,P3O-dyn+AdaReset+HardDistill,Hopper-v4,2
64792,reward,2114,34.71817272541335,45.517,P3O-dyn+AdaReset+HardDistill,Hopper-v4,2
64828,reward,2115,53.36684920528553,48.169,P3O-dyn+AdaReset+HardDistill,Hopper-v4,2
64869,reward,2116,20.581040166465158,47.117,P3O-dyn+AdaReset+HardDistill,Hopper-v4,2
64879,reward,2117,6.325639293552492,37.808,P3O-dyn+AdaReset+HardDistill,Hopper-v4,2
64903,reward,2118,30.995324765632983,34.351,P3O-dyn+AdaReset+HardDistill,Hopper-v4,2
64970,reward,2119,92.33162297467341,42.085,P3O-dyn+AdaReset+HardDistill,Hopper-v4,2
65034,reward,2120,81.995118941944,45.019,P3O-dyn+AdaReset+HardDistill,Hopper-v4,2
65085,reward,2121,79.38226433732497,47.855,P3O-dyn+AdaReset+HardDistill,Hopper-v4,2
65157,reward,2122,86.28314590096228,55.855,P3O-dyn+AdaReset+HardDistill,Hopper-v4,2
65231,reward,2123,123.39351409295719,60.937,P3O-dyn+AdaReset+HardDistill,Hopper-v4,2
65282,reward,2124,51.79028807700332,62.644,P3O-dyn+AdaReset+HardDistill,Hopper-v4,2
65300,reward,2125,15.541089779796183,58.862,P3O-dyn+AdaReset+HardDistill,Hopper-v4,2
65322,reward,2126,14.1890891254546,58.223,P3O-dyn+AdaReset+HardDistill,Hopper-v4,2
65339,reward,2127,17.48519982482692,59.339,P3O-dyn+AdaReset+HardDistill,Hopper-v4,2
65418,reward,2128,143.05469768309877,70.545,P3O-dyn+AdaReset+HardDistill,Hopper-v4,2
65536,loss,-0.008585309609770775,2.8470730781555176,P3O-dyn+AdaReset+HardDistill,Hopper-v4,2
65558,reward,2129,175.20270915694428,78.832,P3O-dyn+AdaReset+HardDistill,Hopper-v4,2
65605,reward,2130,80.83120250790549,78.715,P3O-dyn+AdaReset+HardDistill,Hopper-v4,2
65657,reward,2131,90.65190155440521,79.842,P3O-dyn+AdaReset+HardDistill,Hopper-v4,2
65697,reward,2132,47.84858939418173,75.999,P3O-dyn+AdaReset+HardDistill,Hopper-v4,2
65765,reward,2133,82.8981019934653,71.949,P3O-dyn+AdaReset+HardDistill,Hopper-v4,2
65779,reward,2134,14.628595913190253,68.233,P3O-dyn+AdaReset+HardDistill,Hopper-v4,2
65831,reward,2135,83.60499086162048,75.04,P3O-dyn+AdaReset+HardDistill,Hopper-v4,2
65907,reward,2136,111.4544367185712,84.766,P3O-dyn+AdaReset+HardDistill,Hopper-v4,2
65980,reward,2137,126.81201160762944,95.699,P3O-dyn+AdaReset+HardDistill,Hopper-v4,2
66064,reward,2138,110.44662019547766,92.438,P3O-dyn+AdaReset+HardDistill,Hopper-v4,2
66111,reward,2139,78.3412352131607,82.752,P3O-dyn+AdaReset+HardDistill,Hopper-v4,2
66149,reward,2140,43.20991490627676,78.99,P3O-dyn+AdaReset+HardDistill,Hopper-v4,2
66179,reward,2141,26.708630506285516,72.595,P3O-dyn+AdaReset+HardDistill,Hopper-v4,2
66211,reward,2142,30.109631548705444,70.821,P3O-dyn+AdaReset+HardDistill,Hopper-v4,2
66225,reward,2143,13.919914039900775,63.924,P3O-dyn+AdaReset+HardDistill,Hopper-v4,2
66295,reward,2144,112.6507525774818,73.726,P3O-dyn+AdaReset+HardDistill,Hopper-v4,2
66375,reward,2145,135.47230613853347,78.913,P3O-dyn+AdaReset+HardDistill,Hopper-v4,2
66407,reward,2146,47.47513373342431,72.515,P3O-dyn+AdaReset+HardDistill,Hopper-v4,2
66464,reward,2147,100.32789442846298,69.866,P3O-dyn+AdaReset+HardDistill,Hopper-v4,2
66515,reward,2148,45.63844789111539,63.385,P3O-dyn+AdaReset+HardDistill,Hopper-v4,2
66545,reward,2149,37.4704128698128,59.298,P3O-dyn+AdaReset+HardDistill,Hopper-v4,2
66625,reward,2150,117.12905920168785,66.69,P3O-dyn+AdaReset+HardDistill,Hopper-v4,2
66648,reward,2151,31.305552721190047,67.15,P3O-dyn+AdaReset+HardDistill,Hopper-v4,2
66731,reward,2152,137.15359978601526,77.854,P3O-dyn+AdaReset+HardDistill,Hopper-v4,2
66811,reward,2153,119.72050192627526,88.434,P3O-dyn+AdaReset+HardDistill,Hopper-v4,2
66858,reward,2154,42.18998510745293,81.388,P3O-dyn+AdaReset+HardDistill,Hopper-v4,2
66871,reward,2155,10.685407316573068,68.91,P3O-dyn+AdaReset+HardDistill,Hopper-v4,2
66912,reward,2156,33.97840600787905,67.56,P3O-dyn+AdaReset+HardDistill,Hopper-v4,2
66967,reward,2157,76.20930769582127,65.148,P3O-dyn+AdaReset+HardDistill,Hopper-v4,2
67002,reward,2158,44.45504899076041,65.03,P3O-dyn+AdaReset+HardDistill,Hopper-v4,2
67057,reward,2159,92.73306153176135,70.556,P3O-dyn+AdaReset+HardDistill,Hopper-v4,2
67100,reward,2160,71.82019182955656,66.025,P3O-dyn+AdaReset+HardDistill,Hopper-v4,2
67131,reward,2161,39.22578007853237,66.817,P3O-dyn+AdaReset+HardDistill,Hopper-v4,2
67185,reward,2162,85.74768599677022,61.677,P3O-dyn+AdaReset+HardDistill,Hopper-v4,2
67245,reward,2163,104.96977858457944,60.201,P3O-dyn+AdaReset+HardDistill,Hopper-v4,2
67289,reward,2164,64.72264451237427,62.455,P3O-dyn+AdaReset+HardDistill,Hopper-v4,2
67378,reward,2165,129.298363666226,74.316,P3O-dyn+AdaReset+HardDistill,Hopper-v4,2
67414,reward,2166,41.35634430080712,75.054,P3O-dyn+AdaReset+HardDistill,Hopper-v4,2
67467,reward,2167,87.6465193671418,76.198,P3O-dyn+AdaReset+HardDistill,Hopper-v4,2
67488,reward,2168,27.871508649748026,74.539,P3O-dyn+AdaReset+HardDistill,Hopper-v4,2
67549,reward,2169,111.80762270348671,76.447,P3O-dyn+AdaReset+HardDistill,Hopper-v4,2
67626,reward,2170,132.40278753757508,82.505,P3O-dyn+AdaReset+HardDistill,Hopper-v4,2
67651,reward,2171,28.509116960524246,81.433,P3O-dyn+AdaReset+HardDistill,Hopper-v4,2
67695,reward,2172,69.74549162499343,79.833,P3O-dyn+AdaReset+HardDistill,Hopper-v4,2
67807,reward,2173,122.92387498149745,81.628,P3O-dyn+AdaReset+HardDistill,Hopper-v4,2
67857,reward,2174,87.55116789475238,83.911,P3O-dyn+AdaReset+HardDistill,Hopper-v4,2
67910,reward,2175,86.18650600239975,79.6,P3O-dyn+AdaReset+HardDistill,Hopper-v4,2
67934,reward,2176,31.181241731848388,78.583,P3O-dyn+AdaReset+HardDistill,Hopper-v4,2
67953,reward,2177,20.549880059845165,71.873,P3O-dyn+AdaReset+HardDistill,Hopper-v4,2
67985,reward,2178,42.85852369766586,73.372,P3O-dyn+AdaReset+HardDistill,Hopper-v4,2
68031,reward,2179,75.99569267174867,69.79,P3O-dyn+AdaReset+HardDistill,Hopper-v4,2
68069,reward,2180,56.128585661401715,62.163,P3O-dyn+AdaReset+HardDistill,Hopper-v4,2
68150,reward,2181,142.7458513820634,73.587,P3O-dyn+AdaReset+HardDistill,Hopper-v4,2
68245,reward,2182,169.35634309267294,83.548,P3O-dyn+AdaReset+HardDistill,Hopper-v4,2
68285,reward,2183,47.62565493895656,76.018,P3O-dyn+AdaReset+HardDistill,Hopper-v4,2
68385,reward,2184,179.3179260494503,85.195,P3O-dyn+AdaReset+HardDistill,Hopper-v4,2
68447,reward,2185,102.08144603205521,86.784,P3O-dyn+AdaReset+HardDistill,Hopper-v4,2
68501,reward,2186,77.12364451310795,91.378,P3O-dyn+AdaReset+HardDistill,Hopper-v4,2
68526,reward,2187,25.177114879991834,91.841,P3O-dyn+AdaReset+HardDistill,Hopper-v4,2
68574,reward,2188,68.87916824679864,94.443,P3O-dyn+AdaReset+HardDistill,Hopper-v4,2
68604,reward,2189,32.335140870074206,90.077,P3O-dyn+AdaReset+HardDistill,Hopper-v4,2
68656,reward,2190,89.32150443440267,93.396,P3O-dyn+AdaReset+HardDistill,Hopper-v4,2
68739,reward,2191,114.65096000300177,90.587,P3O-dyn+AdaReset+HardDistill,Hopper-v4,2
68787,reward,2192,57.889034744988145,79.44,P3O-dyn+AdaReset+HardDistill,Hopper-v4,2
68847,reward,2193,83.81350641322301,83.059,P3O-dyn+AdaReset+HardDistill,Hopper-v4,2
68919,reward,2194,107.68572886875603,75.896,P3O-dyn+AdaReset+HardDistill,Hopper-v4,2
68983,reward,2195,98.15526814295818,75.503,P3O-dyn+AdaReset+HardDistill,Hopper-v4,2
69046,reward,2196,101.13196136153262,77.904,P3O-dyn+AdaReset+HardDistill,Hopper-v4,2
69100,reward,2197,80.16848519301651,83.403,P3O-dyn+AdaReset+HardDistill,Hopper-v4,2
69146,reward,2198,50.255833956994806,81.541,P3O-dyn+AdaReset+HardDistill,Hopper-v4,2
69245,reward,2199,128.5332892289511,91.161,P3O-dyn+AdaReset+HardDistill,Hopper-v4,2
69396,reward,2200,204.03527567142902,102.632,P3O-dyn+AdaReset+HardDistill,Hopper-v4,2
69448,reward,2201,79.76119087812705,99.143,P3O-dyn+AdaReset+HardDistill,Hopper-v4,2
69521,reward,2202,128.9058059827053,106.245,P3O-dyn+AdaReset+HardDistill,Hopper-v4,2
69582,reward,2203,100.33010766963102,107.896,P3O-dyn+AdaReset+HardDistill,Hopper-v4,2
69670,reward,2204,117.44575666111527,108.872,P3O-dyn+AdaReset+HardDistill,Hopper-v4,2
69774,reward,2205,182.95557022014052,117.352,P3O-dyn+AdaReset+HardDistill,Hopper-v4,2
69828,reward,2206,89.233510197394,116.162,P3O-dyn+AdaReset+HardDistill,Hopper-v4,2
69879,reward,2207,77.64535191053447,115.91,P3O-dyn+AdaReset+HardDistill,Hopper-v4,2
69960,reward,2208,159.72052749670948,126.857,P3O-dyn+AdaReset+HardDistill,Hopper-v4,2
70000,speed,2068.92,0.59,P3O-dyn+AdaReset+HardDistill,Hopper-v4,2
70022,reward,2209,103.10543689360627,124.314,P3O-dyn+AdaReset+HardDistill,Hopper-v4,2
70119,reward,2210,177.81196215467472,121.692,P3O-dyn+AdaReset+HardDistill,Hopper-v4,2
70159,reward,2211,51.96489011479518,118.912,P3O-dyn+AdaReset+HardDistill,Hopper-v4,2
70173,reward,2212,14.06551840645703,107.428,P3O-dyn+AdaReset+HardDistill,Hopper-v4,2
70229,reward,2213,92.42731793083995,106.638,P3O-dyn+AdaReset+HardDistill,Hopper-v4,2
70273,reward,2214,73.6721727817963,102.26,P3O-dyn+AdaReset+HardDistill,Hopper-v4,2
70327,reward,2215,84.21086603690686,92.386,P3O-dyn+AdaReset+HardDistill,Hopper-v4,2
70370,reward,2216,56.561801025441085,89.119,P3O-dyn+AdaReset+HardDistill,Hopper-v4,2
70427,reward,2217,84.06946209793989,89.761,P3O-dyn+AdaReset+HardDistill,Hopper-v4,2
70506,reward,2218,136.19149523268857,87.408,P3O-dyn+AdaReset+HardDistill,Hopper-v4,2
70538,reward,2219,39.746233315736575,81.072,P3O-dyn+AdaReset+HardDistill,Hopper-v4,2
70562,reward,2220,20.158319032461243,65.307,P3O-dyn+AdaReset+HardDistill,Hopper-v4,2
70590,reward,2221,38.74043558326791,63.984,P3O-dyn+AdaReset+HardDistill,Hopper-v4,2
70612,reward,2222,27.3390398581918,65.312,P3O-dyn+AdaReset+HardDistill,Hopper-v4,2
70685,reward,2223,132.00691598090907,69.27,P3O-dyn+AdaReset+HardDistill,Hopper-v4,2
70727,reward,2224,43.657257707479495,66.268,P3O-dyn+AdaReset+HardDistill,Hopper-v4,2
70743,reward,2225,16.056902312712264,59.453,P3O-dyn+AdaReset+HardDistill,Hopper-v4,2
70766,reward,2226,28.080703985657944,56.605,P3O-dyn+AdaReset+HardDistill,Hopper-v4,2
70814,reward,2227,83.41252025882663,56.539,P3O-dyn+AdaReset+HardDistill,Hopper-v4,2
70863,reward,2228,78.17024777731483,50.737,P3O-dyn+AdaReset+HardDistill,Hopper-v4,2
70919,reward,2229,87.37852713025178,55.5,P3O-dyn+AdaReset+HardDistill,Hopper-v4,2
70981,reward,2230,81.39375732375089,61.624,P3O-dyn+AdaReset+HardDistill,Hopper-v4,2
70996,reward,2231,10.846964831921898,58.834,P3O-dyn+AdaReset+HardDistill,Hopper-v4,2
71051,reward,2232,80.63647427399252,64.164,P3O-dyn+AdaReset+HardDistill,Hopper-v4,2
71158,reward,2233,146.42291256563726,65.606,P3O-dyn+AdaReset+HardDistill,Hopper-v4,2
71204,reward,2234,70.81360688361015,68.321,P3O-dyn+AdaReset+HardDistill,Hopper-v4,2
71223,reward,2235,20.049521367211693,68.721,P3O-dyn+AdaReset+HardDistill,Hopper-v4,2
71237,reward,2236,7.21795062865455,66.634,P3O-dyn+AdaReset+HardDistill,Hopper-v4,2
71293,reward,2237,93.69733085049509,67.663,P3O-dyn+AdaReset+HardDistill,Hopper-v4,2
71362,reward,2238,87.62722170003006,68.608,P3O-dyn+AdaReset+HardDistill,Hopper-v4,2
71436,reward,2239,126.99669929034387,72.57,P3O-dyn+AdaReset+HardDistill,Hopper-v4,2
71491,reward,2240,82.51575005354002,72.682,P3O-dyn+AdaReset+HardDistill,Hopper-v4,2
71531,reward,2241,64.80498106401193,78.078,P3O-dyn+AdaReset+HardDistill,Hopper-v4,2
71545,reward,2242,14.31055587991271,71.446,P3O-dyn+AdaReset+HardDistill,Hopper-v4,2
71599,reward,2243,91.9356124827725,65.997,P3O-dyn+AdaReset+HardDistill,Hopper-v4,2
71650,reward,2244,75.41398174545795,66.457,P3O-dyn+AdaReset+HardDistill,Hopper-v4,2
71667,reward,2245,20.34138725615799,66.486,P3O-dyn+AdaReset+HardDistill,Hopper-v4,2
71707,reward,2246,49.2890537898742,70.693,P3O-dyn+AdaReset+HardDistill,Hopper-v4,2
71729,reward,2247,17.39811351879874,63.063,P3O-dyn+AdaReset+HardDistill,Hopper-v4,2
71783,reward,2248,82.15982378707899,62.517,P3O-dyn+AdaReset+HardDistill,Hopper-v4,2
71805,reward,2249,25.859486127695675,52.403,P3O-dyn+AdaReset+HardDistill,Hopper-v4,2
71833,reward,2250,25.361429528397114,46.687,P3O-dyn+AdaReset+HardDistill,Hopper-v4,2
71875,reward,2251,68.37924589254443,47.045,P3O-dyn+AdaReset+HardDistill,Hopper-v4,2
71918,reward,2252,70.46237807060194,52.66,P3O-dyn+AdaReset+HardDistill,Hopper-v4,2
71932,reward,2253,13.586836514137447,44.825,P3O-dyn+AdaReset+HardDistill,Hopper-v4,2
71979,reward,2254,69.90628844169501,44.274,P3O-dyn+AdaReset+HardDistill,Hopper-v4,2
72017,reward,2255,18.15547716499877,44.056,P3O-dyn+AdaReset+HardDistill,Hopper-v4,2
72075,reward,2256,80.48141495060038,47.175,P3O-dyn+AdaReset+HardDistill,Hopper-v4,2
72140,reward,2257,98.326573565685,55.268,P3O-dyn+AdaReset+HardDistill,Hopper-v4,2
72196,reward,2258,91.04614121751565,56.157,P3O-dyn+AdaReset+HardDistill,Hopper-v4,2
72267,reward,2259,108.01831690432286,64.372,P3O-dyn+AdaReset+HardDistill,Hopper-v4,2
72319,reward,2260,86.56524855721774,70.493,P3O-dyn+AdaReset+HardDistill,Hopper-v4,2
72401,reward,2261,144.90803606155401,78.146,P3O-dyn+AdaReset+HardDistill,Hopper-v4,2
72415,reward,2262,15.225845333897665,72.622,P3O-dyn+AdaReset+HardDistill,Hopper-v4,2
72441,reward,2263,35.9487638508021,74.858,P3O-dyn+AdaReset+HardDistill,Hopper-v4,2
72491,reward,2264,86.39358373932495,76.507,P3O-dyn+AdaReset+HardDistill,Hopper-v4,2
72536,reward,2265,50.228666249713264,79.714,P3O-dyn+AdaReset+HardDistill,Hopper-v4,2
72599,reward,2266,101.23067276669532,81.789,P3O-dyn+AdaReset+HardDistill,Hopper-v4,2
72645,reward,2267,75.36708730555083,79.493,P3O-dyn+AdaReset+HardDistill,Hopper-v4,2
72745,reward,2268,131.6116484276878,83.55,P3O-dyn+AdaReset+HardDistill,Hopper-v4,2
72759,reward,2269,15.084774658046067,74.256,P3O-dyn+AdaReset+HardDistill,Hopper-v4,2
72774,reward,2270,17.260808441140668,67.326,P3O-dyn+AdaReset+HardDistill,Hopper-v4,2
72855,reward,2271,145.75995916414263,67.411,P3O-dyn+AdaReset+HardDistill,Hopper-v4,2
72909,reward,2272,94.4944482342329,75.338,P3O-dyn+AdaReset+HardDistill,Hopper-v4,2
72969,reward,2273,56.836035932753205,77.427,P3O-dyn+AdaReset+HardDistill,Hopper-v4,2
73011,reward,2274,47.70891860969806,73.558,P3O-dyn+AdaReset+HardDistill,Hopper-v4,2
73041,reward,2275,29.550143812569086,71.49,P3O-dyn+AdaReset+HardDistill,Hopper-v4,2
73050,reward,2276,7.441897102174615,62.112,P3O-dyn+AdaReset+HardDistill,Hopper-v4,2
73097,reward,2277,59.63687637544608,60.539,P3O-dyn+AdaReset+HardDistill,Hopper-v4,2
73113,reward,2278,16.953262537730602,49.073,P3O-dyn+AdaReset+HardDistill,Hopper-v4,2
73158,reward,2279,54.9558438036727,53.06,P3O-dyn+AdaReset+HardDistill,Hopper-v4,2
73190,reward,2280,44.888405392351,55.823,P3O-dyn+AdaReset+HardDistill,Hopper-v4,2
73222,reward,2281,46.7786522643303,45.924,P3O-dyn+AdaReset+HardDistill,Hopper-v4,2
73329,reward,2282,169.79005281763133,53.454,P3O-dyn+AdaReset+HardDistill,Hopper-v4,2
73388,reward,2283,93.87445668693472,57.158,P3O-dyn+AdaReset+HardDistill,Hopper-v4,2
73452,reward,2284,113.68168013613015,63.755,P3O-dyn+AdaReset+HardDistill,Hopper-v4,2
73498,reward,2285,61.13058990100518,66.913,P3O-dyn+AdaReset+HardDistill,Hopper-v4,2
73542,reward,2286,67.63308820393262,72.932,P3O-dyn+AdaReset+HardDistill,Hopper-v4,2
73561,reward,2287,14.660239889659456,68.435,P3O-dyn+AdaReset+HardDistill,Hopper-v4,2
73575,reward,2288,12.810953718886253,68.02,P3O-dyn+AdaReset+HardDistill,Hopper-v4,2
73605,reward,2289,27.66381157869869,65.291,P3O-dyn+AdaReset+HardDistill,Hopper-v4,2
73672,reward,2290,101.0176140799393,70.904,P3O-dyn+AdaReset+HardDistill,Hopper-v4,2
73727,reward,2291,78.13899254873235,74.04,P3O-dyn+AdaReset+HardDistill,Hopper-v4,2
73728,loss,-0.012730027548968792,2.1624691486358643,P3O-dyn+AdaReset+HardDistill,Hopper-v4,2
73758,reward,2292,33.72137381173491,60.433,P3O-dyn+AdaReset+HardDistill,Hopper-v4,2
73774,reward,2293,17.986632976816658,52.844,P3O-dyn+AdaReset+HardDistill,Hopper-v4,2
73793,reward,2294,15.925318256645674,43.069,P3O-dyn+AdaReset+HardDistill,Hopper-v4,2
73844,reward,2295,77.6154264100753,44.717,P3O-dyn+AdaReset+HardDistill,Hopper-v4,2
73872,reward,2296,20.879096796089886,40.042,P3O-dyn+AdaReset+HardDistill,Hopper-v4,2
73950,reward,2297,141.05947123016972,52.682,P3O-dyn+AdaReset+HardDistill,Hopper-v4,2
74003,reward,2298,79.19956042009444,59.321,P3O-dyn+AdaReset+HardDistill,Hopper-v4,2
74017,reward,2299,13.216161378610838,57.876,P3O-dyn+AdaReset+HardDistill,Hopper-v4,2
74075,reward,2300,83.7741154130931,56.152,P3O-dyn+AdaReset+HardDistill,Hopper-v4,2
74086,reward,2301,9.952697104476739,49.333,P3O-dyn+AdaReset+HardDistill,Hopper-v4,2
74175,reward,2302,123.80121750125791,58.341,P3O-dyn+AdaReset+HardDistill,Hopper-v4,2
74224,reward,2303,73.17746828249156,63.86,P3O-dyn+AdaReset+HardDistill,Hopper-v4,2
74279,reward,2304,100.01045494473202,72.269,P3O-dyn+AdaReset+HardDistill,Hopper-v4,2
74300,reward,2305,28.262788530894614,67.333,P3O-dyn+AdaReset+HardDistill,Hopper-v4,2
74377,reward,2306,149.752117376742,80.221,P3O-dyn+AdaReset+HardDistill,Hopper-v4,2
74389,reward,2307,13.335213194548523,67.448,P3O-dyn+AdaReset+HardDistill,Hopper-v4,2
74446,reward,2308,95.5930489784639,69.088,P3O-dyn+AdaReset+HardDistill,Hopper-v4,2
74474,reward,2309,11.403185921209376,68.906,P3O-dyn+AdaReset+HardDistill,Hopper-v4,2
74536,reward,2310,115.42296415475222,72.071,P3O-dyn+AdaReset+HardDistill,Hopper-v4,2
74594,reward,2311,76.149782400741,78.691,P3O-dyn+AdaReset+HardDistill,Hopper-v4,2
74665,reward,2312,86.3490416813459,74.946,P3O-dyn+AdaReset+HardDistill,Hopper-v4,2
74702,reward,2313,46.97051359559908,72.325,P3O-dyn+AdaReset+HardDistill,Hopper-v4,2
74738,reward,2314,57.90513797049332,68.114,P3O-dyn+AdaReset+HardDistill,Hopper-v4,2
74799,reward,2315,114.78082474844747,76.766,P3O-dyn+AdaReset+HardDistill,Hopper-v4,2
74881,reward,2316,107.13909470862893,72.505,P3O-dyn+AdaReset+HardDistill,Hopper-v4,2
74902,reward,2317,24.81957868363865,73.653,P3O-dyn+AdaReset+HardDistill,Hopper-v4,2
74973,reward,2318,135.7685602487017,77.671,P3O-dyn+AdaReset+HardDistill,Hopper-v4,2
75012,reward,2319,65.22213607418284,83.053,P3O-dyn+AdaReset+HardDistill,Hopper-v4,2
75065,reward,2320,96.65861046346811,81.176,P3O-dyn+AdaReset+HardDistill,Hopper-v4,2
75121,reward,2321,99.68148422228775,83.529,P3O-dyn+AdaReset+HardDistill,Hopper-v4,2
75190,reward,2322,121.22255212952594,87.017,P3O-dyn+AdaReset+HardDistill,Hopper-v4,2
75207,reward,2323,17.738852553502216,84.094,P3O-dyn+AdaReset+HardDistill,Hopper-v4,2
75272,reward,2324,102.32318088914657,88.535,P3O-dyn+AdaReset+HardDistill,Hopper-v4,2
75286,reward,2325,13.203147331268811,78.378,P3O-dyn+AdaReset+HardDistill,Hopper-v4,2
75337,reward,2326,77.01318349388212,75.365,P3O-dyn+AdaReset+HardDistill,Hopper-v4,2
75378,reward,2327,54.19750898081727,78.303,P3O-dyn+AdaReset+HardDistill,Hopper-v4,2
75434,reward,2328,98.43479065709154,74.57,P3O-dyn+AdaReset+HardDistill,Hopper-v4,2
75502,reward,2329,100.06437538722311,78.054,P3O-dyn+AdaReset+HardDistill,Hopper-v4,2
75593,reward,2330,119.0321928885939,80.291,P3O-dyn+AdaReset+HardDistill,Hopper-v4,2
75656,reward,2331,119.98603465645728,82.322,P3O-dyn+AdaReset+HardDistill,Hopper-v4,2
75747,reward,2332,159.3174316954265,86.131,P3O-dyn+AdaReset+HardDistill,Hopper-v4,2
75824,reward,2333,102.35590573224658,94.593,P3O-dyn+AdaReset+HardDistill,Hopper-v4,2
75839,reward,2334,9.671014968434354,85.328,P3O-dyn+AdaReset+HardDistill,Hopper-v4,2
75921,reward,2335,140.77767489676376,98.085,P3O-dyn+AdaReset+HardDistill,Hopper-v4,2
75982,reward,2336,109.72083853196862,101.356,P3O-dyn+AdaReset+HardDistill,Hopper-v4,2
76031,reward,2337,86.08283291275286,104.544,P3O-dyn+AdaReset+HardDistill,Hopper-v4,2
76108,reward,2338,110.9355308096927,105.794,P3O-dyn+AdaReset+HardDistill,Hopper-v4,2
76202,reward,2339,142.4308575105003,110.031,P3O-dyn+AdaReset+HardDistill,Hopper-v4,2
76233,reward,2340,44.82006176490273,102.61,P3O-dyn+AdaReset+HardDistill,Hopper-v4,2
76268,reward,2341,55.754705411107025,96.187,P3O-dyn+AdaReset+HardDistill,Hopper-v4,2
76331,reward,2342,93.4847747801818,89.603,P3O-dyn+AdaReset+HardDistill,Hopper-v4,2
76399,reward,2343,129.44952053626605,92.313,P3O-dyn+AdaReset+HardDistill,Hopper-v4,2
76530,reward,2344,227.59139396791858,114.105,P3O-dyn+AdaReset+HardDistill,Hopper-v4,2
76567,reward,2345,41.22822526205614,104.15,P3O-dyn+AdaReset+HardDistill,Hopper-v4,2
76642,reward,2346,140.59543041346063,107.237,P3O-dyn+AdaReset+HardDistill,Hopper-v4,2
76701,reward,2347,89.0439085236567,107.533,P3O-dyn+AdaReset+HardDistill,Hopper-v4,2
76770,reward,2348,100.31749208030521,106.472,P3O-dyn+AdaReset+HardDistill,Hopper-v4,2
76791,reward,2349,29.63101145097166,95.192,P3O-dyn+AdaReset+HardDistill,Hopper-v4,2
76834,reward,2350,69.96173907290806,97.706,P3O-dyn+AdaReset+HardDistill,Hopper-v4,2
76853,reward,2351,23.921244888974357,94.522,P3O-dyn+AdaReset+HardDistill,Hopper-v4,2
76909,reward,2352,90.37995691959831,94.212,P3O-dyn+AdaReset+HardDistill,Hopper-v4,2
76959,reward,2353,69.70459477755058,88.237,P3O-dyn+AdaReset+HardDistill,Hopper-v4,2
76991,reward,2354,49.19740454821605,70.398,P3O-dyn+AdaReset+HardDistill,Hopper-v4,2
77072,reward,2355,127.6459288345109,79.04,P3O-dyn+AdaReset+HardDistill,Hopper-v4,2
77089,reward,2356,20.51627280245895,67.032,P3O-dyn+AdaReset+HardDistill,Hopper-v4,2
77168,reward,2357,141.3700627005042,72.265,P3O-dyn+AdaReset+HardDistill,Hopper-v4,2
77223,reward,2358,97.99279395961442,72.032,P3O-dyn+AdaReset+HardDistill,Hopper-v4,2
77235,reward,2359,11.648479540514401,70.234,P3O-dyn+AdaReset+HardDistill,Hopper-v4,2
77247,reward,2360,12.276592999805624,64.465,P3O-dyn+AdaReset+HardDistill,Hopper-v4,2
77269,reward,2361,26.4025063524538,64.713,P3O-dyn+AdaReset+HardDistill,Hopper-v4,2
77397,reward,2362,189.59863081819213,74.635,P3O-dyn+AdaReset+HardDistill,Hopper-v4,2
77443,reward,2363,54.951634737226556,73.16,P3O-dyn+AdaReset+HardDistill,Hopper-v4,2
77546,reward,2364,157.3338686514561,83.974,P3O-dyn+AdaReset+HardDistill,Hopper-v4,2
77596,reward,2365,85.50009987777011,79.759,P3O-dyn+AdaReset+HardDistill,Hopper-v4,2
77609,reward,2366,12.35449327083796,78.943,P3O-dyn+AdaReset+HardDistill,Hopper-v4,2
77690,reward,2367,87.78112792750885,73.584,P3O-dyn+AdaReset+HardDistill,Hopper-v4,2
77741,reward,2368,64.63262116369381,70.248,P3O-dyn+AdaReset+HardDistill,Hopper-v4,2
77765,reward,2369,29.28258583780608,72.011,P3O-dyn+AdaReset+HardDistill,Hopper-v4,2
77960,reward,2370,302.27096630042104,101.011,P3O-dyn+AdaReset+HardDistill,Hopper-v4,2
78017,reward,2371,102.00614777121277,108.571,P3O-dyn+AdaReset+HardDistill,Hopper-v4,2
78090,reward,2372,131.46741575380295,102.758,P3O-dyn+AdaReset+HardDistill,Hopper-v4,2
78140,reward,2373,71.04293956946563,104.367,P3O-dyn+AdaReset+HardDistill,Hopper-v4,2
78158,reward,2374,21.180624695558812,90.752,P3O-dyn+AdaReset+HardDistill,Hopper-v4,2
78176,reward,2375,22.69212978180715,84.471,P3O-dyn+AdaReset+HardDistill,Hopper-v4,2
78195,reward,2376,22.24623894382349,85.46,P3O-dyn+AdaReset+HardDistill,Hopper-v4,2
78227,reward,2377,40.249233455707646,80.707,P3O-dyn+AdaReset+HardDistill,Hopper-v4,2
78330,reward,2378,182.5213519770895,92.496,P3O-dyn+AdaReset+HardDistill,Hopper-v4,2
78383,reward,2379,91.085106725959,98.676,P3O-dyn+AdaReset+HardDistill,Hopper-v4,2
78432,reward,2380,82.60545364930606,76.71,P3O-dyn+AdaReset+HardDistill,Hopper-v4,2
78479,reward,2381,78.58757564153733,74.368,P3O-dyn+AdaReset+HardDistill,Hopper-v4,2
78548,reward,2382,121.5788108431977,73.379,P3O-dyn+AdaReset+HardDistill,Hopper-v4,2
78632,reward,2383,161.27596500861821,82.402,P3O-dyn+AdaReset+HardDistill,Hopper-v4,2
78706,reward,2384,105.28021074333492,90.812,P3O-dyn+AdaReset+HardDistill,Hopper-v4,2
78777,reward,2385,128.61512526725218,101.405,P3O-dyn+AdaReset+HardDistill,Hopper-v4,2
78806,reward,2386,23.762318686494076,101.556,P3O-dyn+AdaReset+HardDistill,Hopper-v4,2
78828,reward,2387,26.155681961319125,100.147,P3O-dyn+AdaReset+HardDistill,Hopper-v4,2
78861,reward,2388,47.180816688854364,86.613,P3O-dyn+AdaReset+HardDistill,Hopper-v4,2
78926,reward,2389,119.76383628146893,89.481,P3O-dyn+AdaReset+HardDistill,Hopper-v4,2
78969,reward,2390,55.3081971834941,86.751,P3O-dyn+AdaReset+HardDistill,Hopper-v4,2
79020,reward,2391,84.1153298665724,87.304,P3O-dyn+AdaReset+HardDistill,Hopper-v4,2
79061,reward,2392,45.85573468969086,79.731,P3O-dyn+AdaReset+HardDistill,Hopper-v4,2
79072,reward,2393,10.345602783127527,64.638,P3O-dyn+AdaReset+HardDistill,Hopper-v4,2
79081,reward,2394,7.843521541274773,54.895,P3O-dyn+AdaReset+HardDistill,Hopper-v4,2
79102,reward,2395,26.831108281306086,44.716,P3O-dyn+AdaReset+HardDistill,Hopper-v4,2
79178,reward,2396,93.31194886123266,51.671,P3O-dyn+AdaReset+HardDistill,Hopper-v4,2
79232,reward,2397,95.27691726007247,58.583,P3O-dyn+AdaReset+HardDistill,Hopper-v4,2
79261,reward,2398,37.96243912985626,57.661,P3O-dyn+AdaReset+HardDistill,Hopper-v4,2
79334,reward,2399,125.37568694643494,58.223,P3O-dyn+AdaReset+HardDistill,Hopper-v4,2
79351,reward,2400,16.91695948355609,54.384,P3O-dyn+AdaReset+HardDistill,Hopper-v4,2
79428,reward,2401,141.67017496584762,60.139,P3O-dyn+AdaReset+HardDistill,Hopper-v4,2
79496,reward,2402,122.18112470810185,67.772,P3O-dyn+AdaReset+HardDistill,Hopper-v4,2
79562,reward,2403,91.97871458918614,75.935,P3O-dyn+AdaReset+HardDistill,Hopper-v4,2
79605,reward,2404,70.51446122295641,82.202,P3O-dyn+AdaReset+HardDistill,Hopper-v4,2
79646,reward,2405,63.05594903244426,85.824,P3O-dyn+AdaReset+HardDistill,Hopper-v4,2
79656,reward,2406,8.793363498328326,77.373,P3O-dyn+AdaReset+HardDistill,Hopper-v4,2
79730,reward,2407,130.18383941575436,80.863,P3O-dyn+AdaReset+HardDistill,Hopper-v4,2
79746,reward,2408,20.80527123693413,79.148,P3O-dyn+AdaReset+HardDistill,Hopper-v4,2
79820,reward,2409,104.63859885573778,77.074,P3O-dyn+AdaReset+HardDistill,Hopper-v4,2
79875,reward,2410,90.31556168607563,84.414,P3O-dyn+AdaReset+HardDistill,Hopper-v4,2
79921,reward,2411,76.74737132344048,77.921,P3O-dyn+AdaReset+HardDistill,Hopper-v4,2
79944,reward,2412,28.40864137906957,68.544,P3O-dyn+AdaReset+HardDistill,Hopper-v4,2
79982,reward,2413,56.8494951939551,65.031,P3O-dyn+AdaReset+HardDistill,Hopper-v4,2
80000,speed,2034.72,0.67,P3O-dyn+AdaReset+HardDistill,Hopper-v4,2
80044,reward,2414,92.73413509641793,67.253,P3O-dyn+AdaReset+HardDistill,Hopper-v4,2
80067,reward,2415,30.3810116069722,63.986,P3O-dyn+AdaReset+HardDistill,Hopper-v4,2
80110,reward,2416,73.60946073754616,70.467,P3O-dyn+AdaReset+HardDistill,Hopper-v4,2
80154,reward,2417,76.22282132899397,65.071,P3O-dyn+AdaReset+HardDistill,Hopper-v4,2
80215,reward,2418,97.04820253329524,72.696,P3O-dyn+AdaReset+HardDistill,Hopper-v4,2
80243,reward,2419,30.51634845725866,65.283,P3O-dyn+AdaReset+HardDistill,Hopper-v4,2
80264,reward,2420,29.235812578922527,59.175,P3O-dyn+AdaReset+HardDistill,Hopper-v4,2
80308,reward,2421,57.54720718036781,57.255,P3O-dyn+AdaReset+HardDistill,Hopper-v4,2
80429,reward,2422,212.4939775867483,75.664,P3O-dyn+AdaReset+HardDistill,Hopper-v4,2
80491,reward,2423,124.26132311041536,82.405,P3O-dyn+AdaReset+HardDistill,Hopper-v4,2
80581,reward,2424,159.28928903746885,89.061,P3O-dyn+AdaReset+HardDistill,Hopper-v4,2
80616,reward,2425,51.57452124702292,91.18,P3O-dyn+AdaReset+HardDistill,Hopper-v4,2
80689,reward,2426,132.80637371222838,97.1,P3O-dyn+AdaReset+HardDistill,Hopper-v4,2
80730,reward,2427,52.90161479522232,94.767,P3O-dyn+AdaReset+HardDistill,Hopper-v4,2
80744,reward,2428,12.36834810914498,86.299,P3O-dyn+AdaReset+HardDistill,Hopper-v4,2
80770,reward,2429,31.469024927005336,86.395,P3O-dyn+AdaReset+HardDistill,Hopper-v4,2
80847,reward,2430,110.75371538384222,94.547,P3O-dyn+AdaReset+HardDistill,Hopper-v4,2
80915,reward,2431,111.00119047187626,99.892,P3O-dyn+AdaReset+HardDistill,Hopper-v4,2
80958,reward,2432,70.3782377609014,85.68,P3O-dyn+AdaReset+HardDistill,Hopper-v4,2
81020,reward,2433,61.733553148199576,79.428,P3O-dyn+AdaReset+HardDistill,Hopper-v4,2
81034,reward,2434,14.618090846416193,64.96,P3O-dyn+AdaReset+HardDistill,Hopper-v4,2
81056,reward,2435,28.70493782605714,62.674,P3O-dyn+AdaReset+HardDistill,Hopper-v4,2
81123,reward,2436,94.26975885845093,58.82,P3O-dyn+AdaReset+HardDistill,Hopper-v4,2
81186,reward,2437,88.15686717600664,62.345,P3O-dyn+AdaReset+HardDistill,Hopper-v4,2
81252,reward,2438,94.6499789491175,70.574,P3O-dyn+AdaReset+HardDistill,Hopper-v4,2
81296,reward,2439,72.28356526202913,74.655,P3O-dyn+AdaReset+HardDistill,Hopper-v4,2
81336,reward,2440,64.48012018241667,70.028,P3O-dyn+AdaReset+HardDistill,Hopper-v4,2
81355,reward,2441,25.280283167209824,61.456,P3O-dyn+AdaReset+HardDistill,Hopper-v4,2
81510,reward,2442,215.67707168276917,75.985,P3O-dyn+AdaReset+HardDistill,Hopper-v4,2
81569,reward,2443,106.12294100634297,80.424,P3O-dyn+AdaReset+HardDistill,Hopper-v4,2
81662,reward,2444,130.9965184454919,92.062,P3O-dyn+AdaReset+HardDistill,Hopper-v4,2
81718,reward,2445,69.69035817445132,96.161,P3O-dyn+AdaReset+HardDistill,Hopper-v4,2
81759,reward,2446,67.21105485967183,93.455,P3O-dyn+AdaReset+HardDistill,Hopper-v4,2
81803,reward,2447,73.00478981586832,91.94,P3O-dyn+AdaReset+HardDistill,Hopper-v4,2
81871,reward,2448,92.57069081964549,91.732,P3O-dyn+AdaReset+HardDistill,Hopper-v4,2
81920,loss,-0.009562366642057896,2.2042226791381836,P3O-dyn+AdaReset+HardDistill,Hopper-v4,2
81944,reward,2449,132.42926030486245,97.746,P3O-dyn+AdaReset+HardDistill,Hopper-v4,2
81980,reward,2450,50.370790294630744,96.335,P3O-dyn+AdaReset+HardDistill,Hopper-v4,2
82025,reward,2451,72.03471647444981,101.011,P3O-dyn+AdaReset+HardDistill,Hopper-v4,2
82098,reward,2452,114.80926613470048,90.924,P3O-dyn+AdaReset+HardDistill,Hopper-v4,2
82141,reward,2453,71.06289812532754,87.418,P3O-dyn+AdaReset+HardDistill,Hopper-v4,2
82214,reward,2454,122.10363359739476,86.529,P3O-dyn+AdaReset+HardDistill,Hopper-v4,2
82262,reward,2455,79.54268294111232,87.514,P3O-dyn+AdaReset+HardDistill,Hopper-v4,2
82324,reward,2456,112.26700264231428,92.02,P3O-dyn+AdaReset+HardDistill,Hopper-v4,2
82398,reward,2457,141.64590285424583,98.884,P3O-dyn+AdaReset+HardDistill,Hopper-v4,2
82433,reward,2458,55.261305919784085,95.153,P3O-dyn+AdaReset+HardDistill,Hopper-v4,2
82502,reward,2459,98.1963341763826,91.729,P3O-dyn+AdaReset+HardDistill,Hopper-v4,2
82531,reward,2460,42.845536685384154,90.977,P3O-dyn+AdaReset+HardDistill,Hopper-v4,2
82621,reward,2461,130.20584431749623,96.794,P3O-dyn+AdaReset+HardDistill,Hopper-v4,2
82652,reward,2462,38.64594963839507,89.178,P3O-dyn+AdaReset+HardDistill,Hopper-v4,2
82696,reward,2463,75.38804496012392,89.61,P3O-dyn+AdaReset+HardDistill,Hopper-v4,2
82755,reward,2464,107.99098281273099,88.199,P3O-dyn+AdaReset+HardDistill,Hopper-v4,2
82808,reward,2465,77.68247220677556,88.013,P3O-dyn+AdaReset+HardDistill,Hopper-v4,2
82866,reward,2466,100.0624517050431,86.792,P3O-dyn+AdaReset+HardDistill,Hopper-v4,2
82929,reward,2467,76.45785833557596,80.274,P3O-dyn+AdaReset+HardDistill,Hopper-v4,2
83010,reward,2468,153.00958954052427,90.049,P3O-dyn+AdaReset+HardDistill,Hopper-v4,2
83063,reward,2469,72.62031546775667,87.491,P3O-dyn+AdaReset+HardDistill,Hopper-v4,2
83123,reward,2470,109.56037888406043,94.162,P3O-dyn+AdaReset+HardDistill,Hopper-v4,2
83138,reward,2471,8.701865726194473,82.012,P3O-dyn+AdaReset+HardDistill,Hopper-v4,2
83212,reward,2472,125.96260941900675,90.744,P3O-dyn+AdaReset+HardDistill,Hopper-v4,2
83253,reward,2473,68.35867380420207,90.041,P3O-dyn+AdaReset+HardDistill,Hopper-v4,2
83322,reward,2474,110.68357599193803,90.31,P3O-dyn+AdaReset+HardDistill,Hopper-v4,2
83367,reward,2475,59.227803870762074,88.465,P3O-dyn+AdaReset+HardDistill,Hopper-v4,2
83416,reward,2476,77.76244031368815,86.235,P3O-dyn+AdaReset+HardDistill,Hopper-v4,2
83446,reward,2477,44.145061171902526,83.003,P3O-dyn+AdaReset+HardDistill,Hopper-v4,2
83528,reward,2478,144.0680414431363,82.109,P3O-dyn+AdaReset+HardDistill,Hopper-v4,2
83581,reward,2479,87.98488851141998,83.646,P3O-dyn+AdaReset+HardDistill,Hopper-v4,2
83651,reward,2480,98.68522027358452,82.558,P3O-dyn+AdaReset+HardDistill,Hopper-v4,2
83721,reward,2481,136.49940018271212,95.338,P3O-dyn+AdaReset+HardDistill,Hopper-v4,2
83771,reward,2482,72.04233681029984,89.946,P3O-dyn+AdaReset+HardDistill,Hopper-v4,2
83819,reward,2483,67.15426510263228,89.825,P3O-dyn+AdaReset+HardDistill,Hopper-v4,2
83910,reward,2484,165.51895934947683,95.309,P3O-dyn+AdaReset+HardDistill,Hopper-v4,2
83951,reward,2485,52.35451252471895,94.622,P3O-dyn+AdaReset+HardDistill,Hopper-v4,2
83970,reward,2486,23.858821884988096,89.231,P3O-dyn+AdaReset+HardDistill,Hopper-v4,2
83990,reward,2487,23.192217971367672,87.136,P3O-dyn+AdaReset+HardDistill,Hopper-v4,2
84080,reward,2488,132.4739340789189,85.976,P3O-dyn+AdaReset+HardDistill,Hopper-v4,2
84144,reward,2489,103.81565935810599,87.56,P3O-dyn+AdaReset+HardDistill,Hopper-v4,2
84240,reward,2490,153.01512717251174,92.993,P3O-dyn+AdaReset+HardDistill,Hopper-v4,2
84323,reward,2491,148.48056899015012,94.191,P3O-dyn+AdaReset+HardDistill,Hopper-v4,2
84335,reward,2492,7.003900362613335,87.687,P3O-dyn+AdaReset+HardDistill,Hopper-v4,2
84428,reward,2493,108.81122464510668,91.852,P3O-dyn+AdaReset+HardDistill,Hopper-v4,2
84478,reward,2494,88.84862769421044,84.185,P3O-dyn+AdaReset+HardDistill,Hopper-v4,2
84526,reward,2495,68.21343317322399,85.771,P3O-dyn+AdaReset+HardDistill,Hopper-v4,2
84555,reward,2496,40.48520746481438,87.434,P3O-dyn+AdaReset+HardDistill,Hopper-v4,2
84592,reward,2497,46.18348980564462,89.733,P3O-dyn+AdaReset+HardDistill,Hopper-v4,2
84656,reward,2498,112.497345386815,87.735,P3O-dyn+AdaReset+HardDistill,Hopper-v4,2
84714,reward,2499,101.98602000237018,87.552,P3O-dyn+AdaReset+HardDistill,Hopper-v4,2
84728,reward,2500,12.843652674889137,73.535,P3O-dyn+AdaReset+HardDistill,Hopper-v4,2
84797,reward,2501,130.8469270995276,71.772,P3O-dyn+AdaReset+HardDistill,Hopper-v4,2
84832,reward,2502,46.756393634624324,75.747,P3O-dyn+AdaReset+HardDistill,Hopper-v4,2
84919,reward,2503,158.7883418105366,80.745,P3O-dyn+AdaReset+HardDistill,Hopper-v4,2
85002,reward,2504,147.5250282966887,86.613,P3O-dyn+AdaReset+HardDistill,Hopper-v4,2
85052,reward,2505,86.36330985754496,88.428,P3O-dyn+AdaReset+HardDistill,Hopper-v4,2
85080,reward,2506,33.0165762487669,87.681,P3O-dyn+AdaReset+HardDistill,Hopper-v4,2
85127,reward,2507,71.70558455933534,90.233,P3O-dyn+AdaReset+HardDistill,Hopper-v4,2
85201,reward,2508,127.3867653110402,91.722,P3O-dyn+AdaReset+HardDistill,Hopper-v4,2
85249,reward,2509,66.82975341941024,88.206,P3O-dyn+AdaReset+HardDistill,Hopper-v4,2
85274,reward,2510,32.63311295345341,90.185,P3O-dyn+AdaReset+HardDistill,Hopper-v4,2
85302,reward,2511,38.52349478685049,80.953,P3O-dyn+AdaReset+HardDistill,Hopper-v4,2
85353,reward,2512,89.08891221280524,85.186,P3O-dyn+AdaReset+HardDistill,Hopper-v4,2
85367,reward,2513,14.176721593870916,70.725,P3O-dyn+AdaReset+HardDistill,Hopper-v4,2
85413,reward,2514,64.41988174176997,62.414,P3O-dyn+AdaReset+HardDistill,Hopper-v4,2
85469,reward,2515,92.59090324939125,63.037,P3O-dyn+AdaReset+HardDistill,Hopper-v4,2
85534,reward,2516,107.17858310185667,70.453,P3O-dyn+AdaReset+HardDistill,Hopper-v4,2
85548,reward,2517,13.701229428244385,64.653,P3O-dyn+AdaReset+HardDistill,Hopper-v4,2
85599,reward,2518,90.61773070291281,60.976,P3O-dyn+AdaReset+HardDistill,Hopper-v4,2
85634,reward,2519,40.1958183765732,58.313,P3O-dyn+AdaReset+HardDistill,Hopper-v4,2
85711,reward,2520,126.46580691016626,67.696,P3O-dyn+AdaReset+HardDistill,Hopper-v4,2
85728,reward,2521,18.593062032343234,65.703,P3O-dyn+AdaReset+HardDistill,Hopper-v4,2
85778,reward,2522,87.33389812457794,65.527,P3O-dyn+AdaReset+HardDistill,Hopper-v4,2
85819,reward,2523,66.24610065587531,70.734,P3O-dyn+AdaReset+HardDistill,Hopper-v4,2
85882,reward,2524,118.36332359390266,76.129,P3O-dyn+AdaReset+HardDistill,Hopper-v4,2
85906,reward,2525,31.225137880331555,69.992,P3O-dyn+AdaReset+HardDistill,Hopper-v4,2
85989,reward,2526,136.5792222603596,72.932,P3O-dyn+AdaReset+HardDistill,Hopper-v4,2
86020,reward,2527,46.93757388531122,76.256,P3O-dyn+AdaReset+HardDistill,Hopper-v4,2
86081,reward,2528,98.22032967124176,77.016,P3O-dyn+AdaReset+HardDistill,Hopper-v4,2
86132,reward,2529,90.36410455144411,82.033,P3O-dyn+AdaReset+HardDistill,Hopper-v4,2
86213,reward,2530,59.402576197311085,75.327,P3O-dyn+AdaReset+HardDistill,Hopper-v4,2
86227,reward,2531,7.475138195127033,74.215,P3O-dyn+AdaReset+HardDistill,Hopper-v4,2
86262,reward,2532,47.486996430611164,70.23,P3O-dyn+AdaReset+HardDistill,Hopper-v4,2
86311,reward,2533,65.97744003094687,70.203,P3O-dyn+AdaReset+HardDistill,Hopper-v4,2
86388,reward,2534,127.12438377450032,71.079,P3O-dyn+AdaReset+HardDistill,Hopper-v4,2
86439,reward,2535,70.85362639278081,75.042,P3O-dyn+AdaReset+HardDistill,Hopper-v4,2
86472,reward,2536,37.15573839191011,65.1,P3O-dyn+AdaReset+HardDistill,Hopper-v4,2
86566,reward,2537,131.9987734402904,73.606,P3O-dyn+AdaReset+HardDistill,Hopper-v4,2
86615,reward,2538,71.86246434425252,70.97,P3O-dyn+AdaReset+HardDistill,Hopper-v4,2
86666,reward,2539,89.98791460452946,70.933,P3O-dyn+AdaReset+HardDistill,Hopper-v4,2
86722,reward,2540,101.97112136635704,75.189,P3O-dyn+AdaReset+HardDistill,Hopper-v4,2
86764,reward,2541,58.56333164465573,80.298,P3O-dyn+AdaReset+HardDistill,Hopper-v4,2
86825,reward,2542,96.01398210057201,85.151,P3O-dyn+AdaReset+HardDistill,Hopper-v4,2
86900,reward,2543,147.96546651191596,93.35,P3O-dyn+AdaReset+HardDistill,Hopper-v4,2
86982,reward,2544,135.5602945567754,94.193,P3O-dyn+AdaReset+HardDistill,Hopper-v4,2
87050,reward,2545,115.78130530996273,98.686,P3O-dyn+AdaReset+HardDistill,Hopper-v4,2
87097,reward,2546,78.2348875234738,102.794,P3O-dyn+AdaReset+HardDistill,Hopper-v4,2
87154,reward,2547,83.73993479852687,97.968,P3O-dyn+AdaReset+HardDistill,Hopper-v4,2
87215,reward,2548,98.58673292418024,100.64,P3O-dyn+AdaReset+HardDistill,Hopper-v4,2
87259,reward,2549,65.11642659627296,98.153,P3O-dyn+AdaReset+HardDistill,Hopper-v4,2
87340,reward,2550,142.26796635990172,102.183,P3O-dyn+AdaReset+HardDistill,Hopper-v4,2
87386,reward,2551,74.82332263429294,103.809,P3O-dyn+AdaReset+HardDistill,Hopper-v4,2
87398,reward,2552,4.383843317818199,94.646,P3O-dyn+AdaReset+HardDistill,Hopper-v4,2
87434,reward,2553,53.35971705313168,85.185,P3O-dyn+AdaReset+HardDistill,Hopper-v4,2
87473,reward,2554,62.70146202427022,77.9,P3O-dyn+AdaReset+HardDistill,Hopper-v4,2
87554,reward,2555,144.51018483906506,80.772,P3O-dyn+AdaReset+HardDistill,Hopper-v4,2
87608,reward,2556,75.71639157001343,80.521,P3O-dyn+AdaReset+HardDistill,Hopper-v4,2
87622,reward,2557,7.153592413643554,72.862,P3O-dyn+AdaReset+HardDistill,Hopper-v4,2
87669,reward,2558,45.72656865174547,67.576,P3O-dyn+AdaReset+HardDistill,Hopper-v4,2
87731,reward,2559,85.43609163333593,69.608,P3O-dyn+AdaReset+HardDistill,Hopper-v4,2
87767,reward,2560,49.25463384854129,60.307,P3O-dyn+AdaReset+HardDistill,Hopper-v4,2
87813,reward,2561,39.43981561190908,56.768,P3O-dyn+AdaReset+HardDistill,Hopper-v4,2
87829,reward,2562,11.961557671589706,57.526,P3O-dyn+AdaReset+HardDistill,Hopper-v4,2
87862,reward,2563,53.5719681531526,57.547,P3O-dyn+AdaReset+HardDistill,Hopper-v4,2
87896,reward,2564,55.884354213664515,56.866,P3O-dyn+AdaReset+HardDistill,Hopper-v4,2
87963,reward,2565,102.02264701061445,52.617,P3O-dyn+AdaReset+HardDistill,Hopper-v4,2
88012,reward,2566,66.43894518424646,51.689,P3O-dyn+AdaReset+HardDistill,Hopper-v4,2
88026,reward,2567,16.04150005059195,52.578,P3O-dyn+AdaReset+HardDistill,Hopper-v4,2
88044,reward,2568,21.332792798114546,50.138,P3O-dyn+AdaReset+HardDistill,Hopper-v4,2
88084,reward,2569,49.05995034005655,46.501,P3O-dyn+AdaReset+HardDistill,Hopper-v4,2
88148,reward,2570,82.5603690599633,49.831,P3O-dyn+AdaReset+HardDistill,Hopper-v4,2
88184,reward,2571,40.26541089590713,49.914,P3O-dyn+AdaReset+HardDistill,Hopper-v4,2
88253,reward,2572,129.95056112124323,61.713,P3O-dyn+AdaReset+HardDistill,Hopper-v4,2
88286,reward,2573,46.9722054345381,61.053,P3O-dyn+AdaReset+HardDistill,Hopper-v4,2
88300,reward,2574,7.510240191944218,56.215,P3O-dyn+AdaReset+HardDistill,Hopper-v4,2
88348,reward,2575,66.06438301580195,52.62,P3O-dyn+AdaReset+HardDistill,Hopper-v4,2
88394,reward,2576,77.81362611010749,53.757,P3O-dyn+AdaReset+HardDistill,Hopper-v4,2
88456,reward,2577,97.98307105826437,61.951,P3O-dyn+AdaReset+HardDistill,Hopper-v4,2
88497,reward,2578,67.84472980821464,66.602,P3O-dyn+AdaReset+HardDistill,Hopper-v4,2
88545,reward,2579,66.39381193158853,68.336,P3O-dyn+AdaReset+HardDistill,Hopper-v4,2
88596,reward,2580,89.86194811613979,69.066,P3O-dyn+AdaReset+HardDistill,Hopper-v4,2
88661,reward,2581,125.42211558907863,77.582,P3O-dyn+AdaReset+HardDistill,Hopper-v4,2
88703,reward,2582,71.00162096334954,71.687,P3O-dyn+AdaReset+HardDistill,Hopper-v4,2
88730,reward,2583,26.97068594481294,69.687,P3O-dyn+AdaReset+HardDistill,Hopper-v4,2
88746,reward,2584,18.124212684741924,70.748,P3O-dyn+AdaReset+HardDistill,Hopper-v4,2
88814,reward,2585,134.8498655654913,77.627,P3O-dyn+AdaReset+HardDistill,Hopper-v4,2
88906,reward,2586,170.38610461111912,86.884,P3O-dyn+AdaReset+HardDistill,Hopper-v4,2
88958,reward,2587,88.19055203778437,85.905,P3O-dyn+AdaReset+HardDistill,Hopper-v4,2
89017,reward,2588,86.9998527742912,87.82,P3O-dyn+AdaReset+HardDistill,Hopper-v4,2
89031,reward,2589,14.430493251476385,82.624,P3O-dyn+AdaReset+HardDistill,Hopper-v4,2
89066,reward,2590,49.24873475410376,78.562,P3O-dyn+AdaReset+HardDistill,Hopper-v4,2
89089,reward,2591,31.496790088771498,69.17,P3O-dyn+AdaReset+HardDistill,Hopper-v4,2
89097,reward,2592,6.66835259699303,62.737,P3O-dyn+AdaReset+HardDistill,Hopper-v4,2
89119,reward,2593,20.731344164505828,62.113,P3O-dyn+AdaReset+HardDistill,Hopper-v4,2
89237,reward,2594,216.04984897311155,81.905,P3O-dyn+AdaReset+HardDistill,Hopper-v4,2
89285,reward,2595,73.04459993696895,75.725,P3O-dyn+AdaReset+HardDistill,Hopper-v4,2
89338,reward,2596,75.0535112118734,66.191,P3O-dyn+AdaReset+HardDistill,Hopper-v4,2
89401,reward,2597,93.89604045813465,66.762,P3O-dyn+AdaReset+HardDistill,Hopper-v4,2
89450,reward,2598,85.53125032280849,66.615,P3O-dyn+AdaReset+HardDistill,Hopper-v4,2
89507,reward,2599,81.03873987721086,73.276,P3O-dyn+AdaReset+HardDistill,Hopper-v4,2
89527,reward,2600,24.26548367948269,70.778,P3O-dyn+AdaReset+HardDistill,Hopper-v4,2
89596,reward,2601,116.13228793942783,79.241,P3O-dyn+AdaReset+HardDistill,Hopper-v4,2
89663,reward,2602,102.60820563584195,88.835,P3O-dyn+AdaReset+HardDistill,Hopper-v4,2
89705,reward,2603,70.48765153897283,93.811,P3O-dyn+AdaReset+HardDistill,Hopper-v4,2
89725,reward,2604,24.345415880776258,74.64,P3O-dyn+AdaReset+HardDistill,Hopper-v4,2
89759,reward,2605,56.68689655107677,73.005,P3O-dyn+AdaReset+HardDistill,Hopper-v4,2
89794,reward,2606,51.78830650524653,70.678,P3O-dyn+AdaReset+HardDistill,Hopper-v4,2
89849,reward,2607,100.74594735478699,71.363,P3O-dyn+AdaReset+HardDistill,Hopper-v4,2
89861,reward,2608,10.316894382645117,63.842,P3O-dyn+AdaReset+HardDistill,Hopper-v4,2
89913,reward,2609,88.8789679270833,64.626,P3O-dyn+AdaReset+HardDistill,Hopper-v4,2
89969,reward,2610,87.05007223994808,70.904,P3O-dyn+AdaReset+HardDistill,Hopper-v4,2
89989,reward,2611,22.32661971973279,61.523,P3O-dyn+AdaReset+HardDistill,Hopper-v4,2
90000,speed,2081.86,0.75,P3O-dyn+AdaReset+HardDistill,Hopper-v4,2
90012,reward,2612,24.962142020022167,53.759,P3O-dyn+AdaReset+HardDistill,Hopper-v4,2
90092,reward,2613,115.37535689201812,58.248,P3O-dyn+AdaReset+HardDistill,Hopper-v4,2
90112,loss,-0.024770725518465042,4.274469375610352,P3O-dyn+AdaReset+HardDistill,Hopper-v4,2
90162,reward,2614,101.06069027434306,65.919,P3O-dyn+AdaReset+HardDistill,Hopper-v4,2
90253,reward,2615,137.13176621859077,73.964,P3O-dyn+AdaReset+HardDistill,Hopper-v4,2
90326,reward,2616,103.69272520454737,79.154,P3O-dyn+AdaReset+HardDistill,Hopper-v4,2
90394,reward,2617,116.60374535277475,80.74,P3O-dyn+AdaReset+HardDistill,Hopper-v4,2
90409,reward,2618,11.04818258823471,80.813,P3O-dyn+AdaReset+HardDistill,Hopper-v4,2
90470,reward,2619,96.36638507073205,81.562,P3O-dyn+AdaReset+HardDistill,Hopper-v4,2
90518,reward,2620,84.42970314083792,81.3,P3O-dyn+AdaReset+HardDistill,Hopper-v4,2
90553,reward,2621,44.35254942793578,83.502,P3O-dyn+AdaReset+HardDistill,Hopper-v4,2
90592,reward,2622,64.10893795808849,87.417,P3O-dyn+AdaReset+HardDistill,Hopper-v4,2
90690,reward,2623,143.82935414434428,90.262,P3O-dyn+AdaReset+HardDistill,Hopper-v4,2
90747,reward,2624,102.60577245802898,90.417,P3O-dyn+AdaReset+HardDistill,Hopper-v4,2
90801,reward,2625,98.49475106127564,86.553,P3O-dyn+AdaReset+HardDistill,Hopper-v4,2
90856,reward,2626,94.67704883782375,85.652,P3O-dyn+AdaReset+HardDistill,Hopper-v4,2
90911,reward,2627,70.20663307232738,81.012,P3O-dyn+AdaReset+HardDistill,Hopper-v4,2
90924,reward,2628,10.800561449207034,80.987,P3O-dyn+AdaReset+HardDistill,Hopper-v4,2
90974,reward,2629,32.55079897989321,74.606,P3O-dyn+AdaReset+HardDistill,Hopper-v4,2
91034,reward,2630,97.94791783019201,75.957,P3O-dyn+AdaReset+HardDistill,Hopper-v4,2
91069,reward,2631,49.50296160698859,76.472,P3O-dyn+AdaReset+HardDistill,Hopper-v4,2
91082,reward,2632,7.129945447125162,70.775,P3O-dyn+AdaReset+HardDistill,Hopper-v4,2
91151,reward,2633,113.07202390449292,67.699,P3O-dyn+AdaReset+HardDistill,Hopper-v4,2
91187,reward,2634,44.193328999984345,61.858,P3O-dyn+AdaReset+HardDistill,Hopper-v4,2
91229,reward,2635,44.33702037132644,56.442,P3O-dyn+AdaReset+HardDistill,Hopper-v4,2
91311,reward,2636,112.28120735530817,58.202,P3O-dyn+AdaReset+HardDistill,Hopper-v4,2
91407,reward,2637,179.12380175293015,69.094,P3O-dyn+AdaReset+HardDistill,Hopper-v4,2
91454,reward,2638,83.83559157401476,76.397,P3O-dyn+AdaReset+HardDistill,Hopper-v4,2
91505,reward,2639,79.25765884544779,81.068,P3O-dyn+AdaReset+HardDistill,Hopper-v4,2
91557,reward,2640,76.04400176222546,78.878,P3O-dyn+AdaReset+HardDistill,Hopper-v4,2
91610,reward,2641,81.7111847647743,82.099,P3O-dyn+AdaReset+HardDistill,Hopper-v4,2
91659,reward,2642,86.96247255818118,90.082,P3O-dyn+AdaReset+HardDistill,Hopper-v4,2
91777,reward,2643,208.86392158789633,99.661,P3O-dyn+AdaReset+HardDistill,Hopper-v4,2
91821,reward,2644,75.30954893779607,102.773,P3O-dyn+AdaReset+HardDistill,Hopper-v4,2
91968,reward,2645,229.16159706606166,121.255,P3O-dyn+AdaReset+HardDistill,Hopper-v4,2
92013,reward,2646,57.03243669859123,115.73,P3O-dyn+AdaReset+HardDistill,Hopper-v4,2
92057,reward,2647,75.461561478406,105.364,P3O-dyn+AdaReset+HardDistill,Hopper-v4,2
92141,reward,2648,120.98944636281256,109.079,P3O-dyn+AdaReset+HardDistill,Hopper-v4,2
92218,reward,2649,133.78414706657716,114.532,P3O-dyn+AdaReset+HardDistill,Hopper-v4,2
92315,reward,2650,145.53829901690474,121.481,P3O-dyn+AdaReset+HardDistill,Hopper-v4,2
92419,reward,2651,132.85775914553886,126.596,P3O-dyn+AdaReset+HardDistill,Hopper-v4,2
92497,reward,2652,107.66537585558385,128.666,P3O-dyn+AdaReset+HardDistill,Hopper-v4,2
92533,reward,2653,60.24911221063453,113.805,P3O-dyn+AdaReset+HardDistill,Hopper-v4,2
92590,reward,2654,87.05380244511677,114.979,P3O-dyn+AdaReset+HardDistill,Hopper-v4,2
92656,reward,2655,101.99202436889708,102.262,P3O-dyn+AdaReset+HardDistill,Hopper-v4,2
92670,reward,2656,9.62526439776463,97.522,P3O-dyn+AdaReset+HardDistill,Hopper-v4,2
92743,reward,2657,129.90938301864534,102.966,P3O-dyn+AdaReset+HardDistill,Hopper-v4,2
92799,reward,2658,94.70969967381946,100.338,P3O-dyn+AdaReset+HardDistill,Hopper-v4,2
92868,reward,2659,109.23537627120042,97.884,P3O-dyn+AdaReset+HardDistill,Hopper-v4,2
92921,reward,2660,76.8130514733417,91.011,P3O-dyn+AdaReset+HardDistill,Hopper-v4,2
93004,reward,2661,144.0360059404119,92.129,P3O-dyn+AdaReset+HardDistill,Hopper-v4,2
93019,reward,2662,9.08346605229835,82.271,P3O-dyn+AdaReset+HardDistill,Hopper-v4,2
93090,reward,2663,147.25497815683323,90.971,P3O-dyn+AdaReset+HardDistill,Hopper-v4,2
93144,reward,2664,90.5833097960256,91.324,P3O-dyn+AdaReset+HardDistill,Hopper-v4,2
93175,reward,2665,36.06171524671101,84.731,P3O-dyn+AdaReset+HardDistill,Hopper-v4,2
93237,reward,2666,105.09492342526644,94.278,P3O-dyn+AdaReset+HardDistill,Hopper-v4,2
93309,reward,2667,75.67761525215464,88.855,P3O-dyn+AdaReset+HardDistill,Hopper-v4,2
93323,reward,2668,7.289621491508347,80.113,P3O-dyn+AdaReset+HardDistill,Hopper-v4,2
93388,reward,2669,86.27049149593473,77.817,P3O-dyn+AdaReset+HardDistill,Hopper-v4,2
93429,reward,2670,66.46297691969082,76.782,P3O-dyn+AdaReset+HardDistill,Hopper-v4,2
93525,reward,2671,129.88281874366317,75.366,P3O-dyn+AdaReset+HardDistill,Hopper-v4,2
93578,reward,2672,78.7482972250178,82.333,P3O-dyn+AdaReset+HardDistill,Hopper-v4,2
93615,reward,2673,60.28872702170967,73.636,P3O-dyn+AdaReset+HardDistill,Hopper-v4,2
93664,reward,2674,81.09218932272724,72.687,P3O-dyn+AdaReset+HardDistill,Hopper-v4,2
93740,reward,2675,119.49116781670871,81.03,P3O-dyn+AdaReset+HardDistill,Hopper-v4,2
93790,reward,2676,85.93677721098703,79.114,P3O-dyn+AdaReset+HardDistill,Hopper-v4,2
93895,reward,2677,171.63278990161348,88.71,P3O-dyn+AdaReset+HardDistill,Hopper-v4,2
93930,reward,2678,41.232863748385,92.104,P3O-dyn+AdaReset+HardDistill,Hopper-v4,2
93964,reward,2679,55.84125497345857,89.061,P3O-dyn+AdaReset+HardDistill,Hopper-v4,2
94014,reward,2680,85.26837871860576,90.942,P3O-dyn+AdaReset+HardDistill,Hopper-v4,2
94046,reward,2681,37.430447241758365,81.696,P3O-dyn+AdaReset+HardDistill,Hopper-v4,2
94126,reward,2682,125.58189342470264,86.38,P3O-dyn+AdaReset+HardDistill,Hopper-v4,2
94177,reward,2683,86.51114970463148,89.002,P3O-dyn+AdaReset+HardDistill,Hopper-v4,2
94275,reward,2684,166.1724669397624,97.51,P3O-dyn+AdaReset+HardDistill,Hopper-v4,2
94319,reward,2685,73.03508677953411,92.864,P3O-dyn+AdaReset+HardDistill,Hopper-v4,2
94370,reward,2686,84.8072250227451,92.751,P3O-dyn+AdaReset+HardDistill,Hopper-v4,2
94437,reward,2687,117.40687512691684,87.329,P3O-dyn+AdaReset+HardDistill,Hopper-v4,2
94487,reward,2688,70.49673497070685,90.255,P3O-dyn+AdaReset+HardDistill,Hopper-v4,2
94542,reward,2689,77.13958674106428,92.385,P3O-dyn+AdaReset+HardDistill,Hopper-v4,2
94600,reward,2690,101.2801217456454,93.986,P3O-dyn+AdaReset+HardDistill,Hopper-v4,2
94648,reward,2691,81.67319392553541,98.41,P3O-dyn+AdaReset+HardDistill,Hopper-v4,2
94667,reward,2692,18.24449959021171,87.677,P3O-dyn+AdaReset+HardDistill,Hopper-v4,2
94720,reward,2693,58.68417348536983,84.894,P3O-dyn+AdaReset+HardDistill,Hopper-v4,2
94777,reward,2694,89.27176234941791,77.204,P3O-dyn+AdaReset+HardDistill,Hopper-v4,2
94818,reward,2695,67.19461181013439,76.62,P3O-dyn+AdaReset+HardDistill,Hopper-v4,2
94851,reward,2696,53.98644169374351,73.538,P3O-dyn+AdaReset+HardDistill,Hopper-v4,2
94906,reward,2697,99.7746537088834,71.775,P3O-dyn+AdaReset+HardDistill,Hopper-v4,2
94946,reward,2698,47.668474719903905,69.492,P3O-dyn+AdaReset+HardDistill,Hopper-v4,2
94990,reward,2699,74.54199207703908,69.232,P3O-dyn+AdaReset+HardDistill,Hopper-v4,2
95012,reward,2700,14.347461563064469,60.539,P3O-dyn+AdaReset+HardDistill,Hopper-v4,2
95072,reward,2701,89.48710912946494,61.32,P3O-dyn+AdaReset+HardDistill,Hopper-v4,2
95162,reward,2702,121.62436419316292,71.658,P3O-dyn+AdaReset+HardDistill,Hopper-v4,2
95216,reward,2703,97.72210078967174,75.562,P3O-dyn+AdaReset+HardDistill,Hopper-v4,2
95275,reward,2704,84.43153403954469,75.078,P3O-dyn+AdaReset+HardDistill,Hopper-v4,2
95309,reward,2705,51.32170101836534,73.491,P3O-dyn+AdaReset+HardDistill,Hopper-v4,2
95367,reward,2706,108.74408013866328,78.966,P3O-dyn+AdaReset+HardDistill,Hopper-v4,2
95399,reward,2707,51.89726706405807,74.179,P3O-dyn+AdaReset+HardDistill,Hopper-v4,2
95518,reward,2708,215.49602529703094,90.961,P3O-dyn+AdaReset+HardDistill,Hopper-v4,2
95580,reward,2709,91.43541834911068,92.651,P3O-dyn+AdaReset+HardDistill,Hopper-v4,2
95640,reward,2710,86.69911542824582,99.886,P3O-dyn+AdaReset+HardDistill,Hopper-v4,2
95684,reward,2711,67.09647778109345,97.647,P3O-dyn+AdaReset+HardDistill,Hopper-v4,2
95728,reward,2712,56.56437102149334,91.141,P3O-dyn+AdaReset+HardDistill,Hopper-v4,2
95778,reward,2713,82.71450256663607,89.64,P3O-dyn+AdaReset+HardDistill,Hopper-v4,2
95819,reward,2714,67.4198337194633,87.939,P3O-dyn+AdaReset+HardDistill,Hopper-v4,2
95898,reward,2715,114.81778530686857,94.288,P3O-dyn+AdaReset+HardDistill,Hopper-v4,2
95911,reward,2716,6.060752846828345,84.02,P3O-dyn+AdaReset+HardDistill,Hopper-v4,2
96014,reward,2717,168.7201662879478,95.702,P3O-dyn+AdaReset+HardDistill,Hopper-v4,2
96051,reward,2718,43.74722685331918,78.528,P3O-dyn+AdaReset+HardDistill,Hopper-v4,2
96117,reward,2719,105.71001466754727,79.955,P3O-dyn+AdaReset+HardDistill,Hopper-v4,2
96162,reward,2720,76.6094865491482,78.946,P3O-dyn+AdaReset+HardDistill,Hopper-v4,2
96204,reward,2721,59.50226812645602,78.187,P3O-dyn+AdaReset+HardDistill,Hopper-v4,2
96238,reward,2722,55.22698270565532,78.053,P3O-dyn+AdaReset+HardDistill,Hopper-v4,2
96288,reward,2723,77.1321562235769,77.495,P3O-dyn+AdaReset+HardDistill,Hopper-v4,2
96355,reward,2724,79.82803296616673,78.735,P3O-dyn+AdaReset+HardDistill,Hopper-v4,2
96420,reward,2725,118.31832628381648,79.086,P3O-dyn+AdaReset+HardDistill,Hopper-v4,2
96478,reward,2726,82.003182240808,86.68,P3O-dyn+AdaReset+HardDistill,Hopper-v4,2
96533,reward,2727,89.19566300492278,78.727,P3O-dyn+AdaReset+HardDistill,Hopper-v4,2
96589,reward,2728,97.18798602296413,84.071,P3O-dyn+AdaReset+HardDistill,Hopper-v4,2
96646,reward,2729,98.2650842766691,83.327,P3O-dyn+AdaReset+HardDistill,Hopper-v4,2
96745,reward,2730,178.2659164900151,93.493,P3O-dyn+AdaReset+HardDistill,Hopper-v4,2
96795,reward,2731,84.33631473386973,95.976,P3O-dyn+AdaReset+HardDistill,Hopper-v4,2
96852,reward,2732,92.42479364163226,99.696,P3O-dyn+AdaReset+HardDistill,Hopper-v4,2
96911,reward,2733,86.22518746481605,100.605,P3O-dyn+AdaReset+HardDistill,Hopper-v4,2
96963,reward,2734,78.58595677411343,100.481,P3O-dyn+AdaReset+HardDistill,Hopper-v4,2
97055,reward,2735,160.2960231293384,104.679,P3O-dyn+AdaReset+HardDistill,Hopper-v4,2
97111,reward,2736,82.1975780513653,104.698,P3O-dyn+AdaReset+HardDistill,Hopper-v4,2
97151,reward,2737,66.86058809049516,102.465,P3O-dyn+AdaReset+HardDistill,Hopper-v4,2
97198,reward,2738,79.69664354253229,100.715,P3O-dyn+AdaReset+HardDistill,Hopper-v4,2
97268,reward,2739,117.41084142336926,102.63,P3O-dyn+AdaReset+HardDistill,Hopper-v4,2
97324,reward,2740,49.22683340897056,89.726,P3O-dyn+AdaReset+HardDistill,Hopper-v4,2
97398,reward,2741,112.25891591934734,92.518,P3O-dyn+AdaReset+HardDistill,Hopper-v4,2
97457,reward,2742,59.325357899124306,89.208,P3O-dyn+AdaReset+HardDistill,Hopper-v4,2
97492,reward,2743,37.152454026782266,84.301,P3O-dyn+AdaReset+HardDistill,Hopper-v4,2
97554,reward,2744,91.68880837472659,85.611,P3O-dyn+AdaReset+HardDistill,Hopper-v4,2
97602,reward,2745,78.41661536341493,77.423,P3O-dyn+AdaReset+HardDistill,Hopper-v4,2
97639,reward,2746,41.135621209058684,73.317,P3O-dyn+AdaReset+HardDistill,Hopper-v4,2
97757,reward,2747,187.35184108436462,85.366,P3O-dyn+AdaReset+HardDistill,Hopper-v4,2
97802,reward,2748,75.92537085113388,84.989,P3O-dyn+AdaReset+HardDistill,Hopper-v4,2
97890,reward,2749,97.70979682105215,83.019,P3O-dyn+AdaReset+HardDistill,Hopper-v4,2
97968,reward,2750,141.66160924535566,92.263,P3O-dyn+AdaReset+HardDistill,Hopper-v4,2
97991,reward,2751,24.363481911793656,83.473,P3O-dyn+AdaReset+HardDistill,Hopper-v4,2
98112,reward,2752,216.7969451411881,99.22,P3O-dyn+AdaReset+HardDistill,Hopper-v4,2
98131,reward,2753,23.106577602194577,97.816,P3O-dyn+AdaReset+HardDistill,Hopper-v4,2
98191,reward,2754,94.71357260386685,98.118,P3O-dyn+AdaReset+HardDistill,Hopper-v4,2
98264,reward,2755,108.28657454474717,101.105,P3O-dyn+AdaReset+HardDistill,Hopper-v4,2
98304,loss,-0.009119279682636261,1.6992383003234863,P3O-dyn+AdaReset+HardDistill,Hopper-v4,2
98318,reward,2756,96.96049604189616,106.688,P3O-dyn+AdaReset+HardDistill,Hopper-v4,2
98343,reward,2757,24.328290378990268,90.385,P3O-dyn+AdaReset+HardDistill,Hopper-v4,2
98381,reward,2758,62.460365840928304,89.039,P3O-dyn+AdaReset+HardDistill,Hopper-v4,2
98428,reward,2759,79.66230894599023,87.234,P3O-dyn+AdaReset+HardDistill,Hopper-v4,2
98460,reward,2760,34.488888396675854,76.517,P3O-dyn+AdaReset+HardDistill,Hopper-v4,2
98536,reward,2761,139.16844198924454,87.997,P3O-dyn+AdaReset+HardDistill,Hopper-v4,2
98594,reward,2762,94.23830600175633,75.741,P3O-dyn+AdaReset+HardDistill,Hopper-v4,2
98641,reward,2763,73.28955040679556,80.76,P3O-dyn+AdaReset+HardDistill,Hopper-v4,2
98691,reward,2764,69.0649029822429,78.195,P3O-dyn+AdaReset+HardDistill,Hopper-v4,2
98739,reward,2765,81.94205154629282,75.56,P3O-dyn+AdaReset+HardDistill,Hopper-v4,2
98766,reward,2766,32.050571733313156,69.069,P3O-dyn+AdaReset+HardDistill,Hopper-v4,2
98808,reward,2767,49.886649007663706,71.625,P3O-dyn+AdaReset+HardDistill,Hopper-v4,2
98868,reward,2768,111.13771267855968,76.493,P3O-dyn+AdaReset+HardDistill,Hopper-v4,2
98925,reward,2769,90.39453765074346,77.566,P3O-dyn+AdaReset+HardDistill,Hopper-v4,2
99010,reward,2770,119.29142341525602,86.046,P3O-dyn+AdaReset+HardDistill,Hopper-v4,2
99050,reward,2771,58.08322243155964,77.938,P3O-dyn+AdaReset+HardDistill,Hopper-v4,2
99133,reward,2772,105.2934487060807,79.043,P3O-dyn+AdaReset+HardDistill,Hopper-v4,2
99231,reward,2773,187.55775585378106,90.47,P3O-dyn+AdaReset+HardDistill,Hopper-v4,2
99244,reward,2774,13.959862495694965,84.96,P3O-dyn+AdaReset+HardDistill,Hopper-v4,2
99325,reward,2775,81.51276866085901,84.917,P3O-dyn+AdaReset+HardDistill,Hopper-v4,2
99368,reward,2776,57.973120241382254,87.509,P3O-dyn+AdaReset+HardDistill,Hopper-v4,2
99398,reward,2777,33.61592939543214,85.882,P3O-dyn+AdaReset+HardDistill,Hopper-v4,2
99472,reward,2778,120.41980177292923,86.81,P3O-dyn+AdaReset+HardDistill,Hopper-v4,2
99506,reward,2779,56.3809925244297,83.409,P3O-dyn+AdaReset+HardDistill,Hopper-v4,2
99555,reward,2780,82.87623600385648,79.767,P3O-dyn+AdaReset+HardDistill,Hopper-v4,2
99647,reward,2781,135.3610172276458,87.495,P3O-dyn+AdaReset+HardDistill,Hopper-v4,2
99728,reward,2782,125.41451977088987,89.507,P3O-dyn+AdaReset+HardDistill,Hopper-v4,2
99777,reward,2783,58.91535704013461,76.643,P3O-dyn+AdaReset+HardDistill,Hopper-v4,2
99824,reward,2784,78.25800923211412,83.073,P3O-dyn+AdaReset+HardDistill,Hopper-v4,2
99904,reward,2785,118.63637640199981,86.785,P3O-dyn+AdaReset+HardDistill,Hopper-v4,2
99937,reward,2786,40.270820415147796,85.015,P3O-dyn+AdaReset+HardDistill,Hopper-v4,2
99994,reward,2787,99.45388712704819,91.599,P3O-dyn+AdaReset+HardDistill,Hopper-v4,2
100000,speed,2031.37,0.84,P3O-dyn+AdaReset+HardDistill,Hopper-v4,2
100000,sbp,0.4,0.5667,0.5183,P3O-dyn+AdaReset+HardDistill,Hopper-v4,2,0.01471,1,1.186638,0.799592,0.016436,0.012662,4.244749,4.25262,0.484054,0.29809,0.001854,0.588756,1.151673,0.002578,0.001064,1,periodic,0.00264,0.025,0.518326,0.0,0.518326,0.00264,0.00264,0.00264,0.00927,0.009275,0.009273,0,0.0,0.0,0.0
100077,reward,2788,139.9082657698345,93.548,P3O-dyn+AdaReset+HardDistill,Hopper-v4,2
100171,reward,2789,184.11358606357993,106.321,P3O-dyn+AdaReset+HardDistill,Hopper-v4,2
100215,reward,2790,62.80420036042921,104.314,P3O-dyn+AdaReset+HardDistill,Hopper-v4,2
100304,reward,2791,158.70637956605177,106.648,P3O-dyn+AdaReset+HardDistill,Hopper-v4,2
100368,reward,2792,95.81543636848282,103.688,P3O-dyn+AdaReset+HardDistill,Hopper-v4,2
100408,reward,2793,52.227303041052885,103.019,P3O-dyn+AdaReset+HardDistill,Hopper-v4,2
100436,reward,2794,24.897348897410524,97.683,P3O-dyn+AdaReset+HardDistill,Hopper-v4,2
100463,reward,2795,23.978810098299235,88.218,P3O-dyn+AdaReset+HardDistill,Hopper-v4,2
100528,reward,2796,115.00568312184826,95.691,P3O-dyn+AdaReset+HardDistill,Hopper-v4,2
100545,reward,2797,12.295953896452698,86.975,P3O-dyn+AdaReset+HardDistill,Hopper-v4,2
100579,reward,2798,39.92321404676001,76.977,P3O-dyn+AdaReset+HardDistill,Hopper-v4,2
100601,reward,2799,17.988983306971317,60.364,P3O-dyn+AdaReset+HardDistill,Hopper-v4,2
100664,reward,2800,112.61080451123311,65.345,P3O-dyn+AdaReset+HardDistill,Hopper-v4,2
100712,reward,2801,80.48248218682895,57.523,P3O-dyn+AdaReset+HardDistill,Hopper-v4,2
100776,reward,2802,115.54408336142781,59.495,P3O-dyn+AdaReset+HardDistill,Hopper-v4,2
100826,reward,2803,52.178402453909406,59.491,P3O-dyn+AdaReset+HardDistill,Hopper-v4,2
100895,reward,2804,131.2544924361698,70.126,P3O-dyn+AdaReset+HardDistill,Hopper-v4,2
100955,reward,2805,96.79623044775906,77.408,P3O-dyn+AdaReset+HardDistill,Hopper-v4,2
101005,reward,2806,82.34915568439482,74.142,P3O-dyn+AdaReset+HardDistill,Hopper-v4,2
101063,reward,2807,90.65592668257037,81.978,P3O-dyn+AdaReset+HardDistill,Hopper-v4,2
101078,reward,2808,16.983351894907337,79.684,P3O-dyn+AdaReset+HardDistill,Hopper-v4,2
101152,reward,2809,106.3152517762752,88.517,P3O-dyn+AdaReset+HardDistill,Hopper-v4,2
101207,reward,2810,78.9330384721492,85.149,P3O-dyn+AdaReset+HardDistill,Hopper-v4,2
101281,reward,2811,146.16795738009205,91.718,P3O-dyn+AdaReset+HardDistill,Hopper-v4,2
101318,reward,2812,43.672930088757774,84.531,P3O-dyn+AdaReset+HardDistill,Hopper-v4,2
101378,reward,2813,89.03032397118118,88.216,P3O-dyn+AdaReset+HardDistill,Hopper-v4,2
101455,reward,2814,140.38567680806517,89.129,P3O-dyn+AdaReset+HardDistill,Hopper-v4,2
101495,reward,2815,61.613648586641986,85.611,P3O-dyn+AdaReset+HardDistill,Hopper-v4,2
101567,reward,2816,116.7718255905926,89.053,P3O-dyn+AdaReset+HardDistill,Hopper-v4,2
101641,reward,2817,125.4202905776171,92.529,P3O-dyn+AdaReset+HardDistill,Hopper-v4,2
101692,reward,2818,74.9044697972887,98.322,P3O-dyn+AdaReset+HardDistill,Hopper-v4,2
101780,reward,2819,144.58313785653058,102.148,P3O-dyn+AdaReset+HardDistill,Hopper-v4,2
101851,reward,2820,110.32180939674654,105.287,P3O-dyn+AdaReset+HardDistill,Hopper-v4,2
101918,reward,2821,104.8069809632483,101.151,P3O-dyn+AdaReset+HardDistill,Hopper-v4,2
101972,reward,2822,98.30166347454735,106.614,P3O-dyn+AdaReset+HardDistill,Hopper-v4,2
102097,reward,2823,231.25320444049765,120.836,P3O-dyn+AdaReset+HardDistill,Hopper-v4,2
102180,reward,2824,130.00054350128326,119.798,P3O-dyn+AdaReset+HardDistill,Hopper-v4,2
102257,reward,2825,141.76749339765837,127.813,P3O-dyn+AdaReset+HardDistill,Hopper-v4,2
102410,reward,2826,201.58794385395493,136.295,P3O-dyn+AdaReset+HardDistill,Hopper-v4,2
102481,reward,2827,115.95116010348255,135.348,P3O-dyn+AdaReset+HardDistill,Hopper-v4,2
102556,reward,2828,133.08108546527671,141.166,P3O-dyn+AdaReset+HardDistill,Hopper-v4,2
102586,reward,2829,33.3962940208921,130.047,P3O-dyn+AdaReset+HardDistill,Hopper-v4,2
102634,reward,2830,79.47254199678065,126.962,P3O-dyn+AdaReset+HardDistill,Hopper-v4,2
102696,reward,2831,102.62613939965732,126.744,P3O-dyn+AdaReset+HardDistill,Hopper-v4,2
102755,reward,2832,102.0221763806622,127.116,P3O-dyn+AdaReset+HardDistill,Hopper-v4,2
102808,reward,2833,72.48558307697884,111.239,P3O-dyn+AdaReset+HardDistill,Hopper-v4,2
102899,reward,2834,132.6197123760054,111.501,P3O-dyn+AdaReset+HardDistill,Hopper-v4,2
102942,reward,2835,59.28726753541483,103.253,P3O-dyn+AdaReset+HardDistill,Hopper-v4,2
102994,reward,2836,86.6902998262309,91.763,P3O-dyn+AdaReset+HardDistill,Hopper-v4,2
103046,reward,2837,74.51441989336402,87.62,P3O-dyn+AdaReset+HardDistill,Hopper-v4,2
103144,reward,2838,159.1013399827381,90.222,P3O-dyn+AdaReset+HardDistill,Hopper-v4,2
103233,reward,2839,152.02210250070652,102.084,P3O-dyn+AdaReset+HardDistill,Hopper-v4,2
103293,reward,2840,111.38663986300655,105.276,P3O-dyn+AdaReset+HardDistill,Hopper-v4,2
103355,reward,2841,115.70273734786433,106.583,P3O-dyn+AdaReset+HardDistill,Hopper-v4,2
103453,reward,2842,194.53508531146875,115.835,P3O-dyn+AdaReset+HardDistill,Hopper-v4,2
103524,reward,2843,137.16068688327067,122.302,P3O-dyn+AdaReset+HardDistill,Hopper-v4,2
103578,reward,2844,92.87099038817348,118.327,P3O-dyn+AdaReset+HardDistill,Hopper-v4,2
103656,reward,2845,143.33756514924244,126.732,P3O-dyn+AdaReset+HardDistill,Hopper-v4,2
103708,reward,2846,90.52786337201889,127.116,P3O-dyn+AdaReset+HardDistill,Hopper-v4,2
103789,reward,2847,110.915161585301,130.756,P3O-dyn+AdaReset+HardDistill,Hopper-v4,2
103835,reward,2848,75.47256023800865,122.393,P3O-dyn+AdaReset+HardDistill,Hopper-v4,2
103889,reward,2849,87.0951211575783,115.9,P3O-dyn+AdaReset+HardDistill,Hopper-v4,2
103966,reward,2850,145.88392394138967,119.35,P3O-dyn+AdaReset+HardDistill,Hopper-v4,2
104006,reward,2851,49.19554738305927,112.699,P3O-dyn+AdaReset+HardDistill,Hopper-v4,2
104077,reward,2852,140.13784161819493,107.26,P3O-dyn+AdaReset+HardDistill,Hopper-v4,2
104100,reward,2853,21.843879589302208,95.728,P3O-dyn+AdaReset+HardDistill,Hopper-v4,2
104117,reward,2854,19.422320698939252,88.383,P3O-dyn+AdaReset+HardDistill,Hopper-v4,2
104203,reward,2855,164.87568187750526,90.537,P3O-dyn+AdaReset+HardDistill,Hopper-v4,2
104246,reward,2856,43.311969712291244,85.815,P3O-dyn+AdaReset+HardDistill,Hopper-v4,2
104303,reward,2857,90.13665251144488,83.738,P3O-dyn+AdaReset+HardDistill,Hopper-v4,2
104326,reward,2858,26.82104891145764,78.872,P3O-dyn+AdaReset+HardDistill,Hopper-v4,2
104379,reward,2859,92.76109134336954,79.439,P3O-dyn+AdaReset+HardDistill,Hopper-v4,2
104486,reward,2860,198.48424140729665,84.699,P3O-dyn+AdaReset+HardDistill,Hopper-v4,2
104509,reward,2861,22.291883322536304,82.009,P3O-dyn+AdaReset+HardDistill,Hopper-v4,2
104552,reward,2862,69.9106307154163,74.986,P3O-dyn+AdaReset+HardDistill,Hopper-v4,2
104632,reward,2863,132.9821320009265,86.1,P3O-dyn+AdaReset+HardDistill,Hopper-v4,2
104749,reward,2864,192.20740471544948,103.378,P3O-dyn+AdaReset+HardDistill,Hopper-v4,2
104774,reward,2865,31.829419683018614,90.074,P3O-dyn+AdaReset+HardDistill,Hopper-v4,2
104877,reward,2866,142.14781032324734,99.957,P3O-dyn+AdaReset+HardDistill,Hopper-v4,2
104946,reward,2867,96.77204621339723,100.621,P3O-dyn+AdaReset+HardDistill,Hopper-v4,2
105022,reward,2868,137.49413925992167,111.688,P3O-dyn+AdaReset+HardDistill,Hopper-v4,2
105037,reward,2869,10.09671874760187,103.422,P3O-dyn+AdaReset+HardDistill,Hopper-v4,2
105090,reward,2870,90.30799192253842,92.604,P3O-dyn+AdaReset+HardDistill,Hopper-v4,2
105140,reward,2871,65.0394935452478,96.879,P3O-dyn+AdaReset+HardDistill,Hopper-v4,2
105215,reward,2872,121.07484134032121,101.995,P3O-dyn+AdaReset+HardDistill,Hopper-v4,2
105288,reward,2873,121.96415365234634,100.893,P3O-dyn+AdaReset+HardDistill,Hopper-v4,2
105336,reward,2874,81.73437555003325,89.846,P3O-dyn+AdaReset+HardDistill,Hopper-v4,2
105379,reward,2875,56.561026079324726,92.319,P3O-dyn+AdaReset+HardDistill,Hopper-v4,2
105440,reward,2876,112.44804526927176,89.349,P3O-dyn+AdaReset+HardDistill,Hopper-v4,2
105549,reward,2877,203.85726722740745,100.058,P3O-dyn+AdaReset+HardDistill,Hopper-v4,2
105620,reward,2878,112.83575978765421,97.592,P3O-dyn+AdaReset+HardDistill,Hopper-v4,2
105667,reward,2879,73.7715997967224,103.959,P3O-dyn+AdaReset+HardDistill,Hopper-v4,2
105743,reward,2880,113.03432015853326,106.232,P3O-dyn+AdaReset+HardDistill,Hopper-v4,2
105815,reward,2881,118.73482524695022,111.602,P3O-dyn+AdaReset+HardDistill,Hopper-v4,2
105908,reward,2882,153.24560216990108,114.819,P3O-dyn+AdaReset+HardDistill,Hopper-v4,2
105928,reward,2883,18.036820740087254,104.426,P3O-dyn+AdaReset+HardDistill,Hopper-v4,2
105996,reward,2884,123.93244421054759,108.646,P3O-dyn+AdaReset+HardDistill,Hopper-v4,2
106080,reward,2885,117.26393478831505,114.716,P3O-dyn+AdaReset+HardDistill,Hopper-v4,2
106106,reward,2886,25.975047151071372,106.069,P3O-dyn+AdaReset+HardDistill,Hopper-v4,2
106163,reward,2887,90.4195800771465,94.725,P3O-dyn+AdaReset+HardDistill,Hopper-v4,2
106184,reward,2888,16.41941830513496,85.083,P3O-dyn+AdaReset+HardDistill,Hopper-v4,2
106241,reward,2889,100.9233665246088,87.799,P3O-dyn+AdaReset+HardDistill,Hopper-v4,2
106307,reward,2890,125.22658487249498,89.018,P3O-dyn+AdaReset+HardDistill,Hopper-v4,2
106365,reward,2891,108.11574789212183,87.956,P3O-dyn+AdaReset+HardDistill,Hopper-v4,2
106424,reward,2892,108.49768934758616,83.481,P3O-dyn+AdaReset+HardDistill,Hopper-v4,2
106485,reward,2893,103.97110163804365,92.074,P3O-dyn+AdaReset+HardDistill,Hopper-v4,2
106496,loss,-0.01516634225845337,4.123716831207275,P3O-dyn+AdaReset+HardDistill,Hopper-v4,2
106525,reward,2894,51.467817978031505,84.828,P3O-dyn+AdaReset+HardDistill,Hopper-v4,2
106579,reward,2895,78.34156728016079,80.936,P3O-dyn+AdaReset+HardDistill,Hopper-v4,2
106599,reward,2896,18.79489624911095,80.218,P3O-dyn+AdaReset+HardDistill,Hopper-v4,2
106630,reward,2897,44.65184542409011,75.641,P3O-dyn+AdaReset+HardDistill,Hopper-v4,2
106649,reward,2898,23.105861241168853,76.31,P3O-dyn+AdaReset+HardDistill,Hopper-v4,2
106701,reward,2899,74.15793467453025,73.633,P3O-dyn+AdaReset+HardDistill,Hopper-v4,2
106771,reward,2900,124.99109822374186,73.61,P3O-dyn+AdaReset+HardDistill,Hopper-v4,2
106828,reward,2901,102.1732385354039,73.015,P3O-dyn+AdaReset+HardDistill,Hopper-v4,2
106921,reward,2902,175.51108478152057,79.717,P3O-dyn+AdaReset+HardDistill,Hopper-v4,2
106986,reward,2903,119.42976862267993,81.263,P3O-dyn+AdaReset+HardDistill,Hopper-v4,2
107048,reward,2904,110.46675801045498,87.162,P3O-dyn+AdaReset+HardDistill,Hopper-v4,2
107112,reward,2905,100.70968229797913,89.399,P3O-dyn+AdaReset+HardDistill,Hopper-v4,2
107164,reward,2906,90.82479995816692,96.602,P3O-dyn+AdaReset+HardDistill,Hopper-v4,2
107231,reward,2907,103.84182188983931,102.521,P3O-dyn+AdaReset+HardDistill,Hopper-v4,2
107248,reward,2908,20.978538047986074,102.308,P3O-dyn+AdaReset+HardDistill,Hopper-v4,2
107311,reward,2909,108.90060121685795,105.783,P3O-dyn+AdaReset+HardDistill,Hopper-v4,2
107377,reward,2910,123.612245586288,105.645,P3O-dyn+AdaReset+HardDistill,Hopper-v4,2
107445,reward,2911,99.67033748126121,105.395,P3O-dyn+AdaReset+HardDistill,Hopper-v4,2
107486,reward,2912,50.11876301495034,92.855,P3O-dyn+AdaReset+HardDistill,Hopper-v4,2
107547,reward,2913,113.46621103326311,92.259,P3O-dyn+AdaReset+HardDistill,Hopper-v4,2
107614,reward,2914,104.89505764865089,91.702,P3O-dyn+AdaReset+HardDistill,Hopper-v4,2
107665,reward,2915,86.66957828608791,90.298,P3O-dyn+AdaReset+HardDistill,Hopper-v4,2
107735,reward,2916,111.87999204771279,92.403,P3O-dyn+AdaReset+HardDistill,Hopper-v4,2
107776,reward,2917,62.09118028206694,88.228,P3O-dyn+AdaReset+HardDistill,Hopper-v4,2
107835,reward,2918,111.46921132453333,97.277,P3O-dyn+AdaReset+HardDistill,Hopper-v4,2
107928,reward,2919,192.0676602518811,105.594,P3O-dyn+AdaReset+HardDistill,Hopper-v4,2
107991,reward,2920,107.89660986096561,104.022,P3O-dyn+AdaReset+HardDistill,Hopper-v4,2
108050,reward,2921,104.87651672071348,104.543,P3O-dyn+AdaReset+HardDistill,Hopper-v4,2
108110,reward,2922,109.34163872396829,110.465,P3O-dyn+AdaReset+HardDistill,Hopper-v4,2
108160,reward,2923,85.84129463222703,107.703,P3O-dyn+AdaReset+HardDistill,Hopper-v4,2
108243,reward,2924,144.63670032052778,111.677,P3O-dyn+AdaReset+HardDistill,Hopper-v4,2
108303,reward,2925,108.74798400191266,113.885,P3O-dyn+AdaReset+HardDistill,Hopper-v4,2
108413,reward,2926,229.9744935063884,125.694,P3O-dyn+AdaReset+HardDistill,Hopper-v4,2
108480,reward,2927,122.04837885619253,131.69,P3O-dyn+AdaReset+HardDistill,Hopper-v4,2
108555,reward,2928,128.16798182146158,133.36,P3O-dyn+AdaReset+HardDistill,Hopper-v4,2
108621,reward,2929,117.23232002745804,125.876,P3O-dyn+AdaReset+HardDistill,Hopper-v4,2
108693,reward,2930,113.99853478264383,126.487,P3O-dyn+AdaReset+HardDistill,Hopper-v4,2
108718,reward,2931,24.455374931297268,118.444,P3O-dyn+AdaReset+HardDistill,Hopper-v4,2
108814,reward,2932,159.7231380375007,123.483,P3O-dyn+AdaReset+HardDistill,Hopper-v4,2
108889,reward,2933,134.78346501817114,128.377,P3O-dyn+AdaReset+HardDistill,Hopper-v4,2
108928,reward,2934,52.73472965862573,119.187,P3O-dyn+AdaReset+HardDistill,Hopper-v4,2
108980,reward,2935,93.0455709612754,117.616,P3O-dyn+AdaReset+HardDistill,Hopper-v4,2
109011,reward,2936,33.79369303110061,97.998,P3O-dyn+AdaReset+HardDistill,Hopper-v4,2
109050,reward,2937,67.15558682337236,92.509,P3O-dyn+AdaReset+HardDistill,Hopper-v4,2
109111,reward,2938,90.07528628458158,88.7,P3O-dyn+AdaReset+HardDistill,Hopper-v4,2
109160,reward,2939,85.07177293672937,85.484,P3O-dyn+AdaReset+HardDistill,Hopper-v4,2
109254,reward,2940,170.31266631899254,91.115,P3O-dyn+AdaReset+HardDistill,Hopper-v4,2
109277,reward,2941,24.927160707166593,91.162,P3O-dyn+AdaReset+HardDistill,Hopper-v4,2
109361,reward,2942,138.29274405861372,89.019,P3O-dyn+AdaReset+HardDistill,Hopper-v4,2
109414,reward,2943,91.90387369137852,84.731,P3O-dyn+AdaReset+HardDistill,Hopper-v4,2
109431,reward,2944,14.063643128861584,80.864,P3O-dyn+AdaReset+HardDistill,Hopper-v4,2
109494,reward,2945,111.32032886962234,82.692,P3O-dyn+AdaReset+HardDistill,Hopper-v4,2
109557,reward,2946,103.92445081124033,89.705,P3O-dyn+AdaReset+HardDistill,Hopper-v4,2
109628,reward,2947,105.5548085291276,93.545,P3O-dyn+AdaReset+HardDistill,Hopper-v4,2
109735,reward,2948,180.68804574321206,102.606,P3O-dyn+AdaReset+HardDistill,Hopper-v4,2
109791,reward,2949,57.756656131271946,99.874,P3O-dyn+AdaReset+HardDistill,Hopper-v4,2
109846,reward,2950,93.40391578018327,92.184,P3O-dyn+AdaReset+HardDistill,Hopper-v4,2
109909,reward,2951,100.32170746173912,99.723,P3O-dyn+AdaReset+HardDistill,Hopper-v4,2
109965,reward,2952,101.27604891978777,96.021,P3O-dyn+AdaReset+HardDistill,Hopper-v4,2
110000,speed,2043.42,0.92,P3O-dyn+AdaReset+HardDistill,Hopper-v4,2
110048,reward,2953,123.58542717178285,99.19,P3O-dyn+AdaReset+HardDistill,Hopper-v4,2
110090,reward,2954,69.16473539269968,104.7,P3O-dyn+AdaReset+HardDistill,Hopper-v4,2
110117,reward,2955,35.219502791010186,97.09,P3O-dyn+AdaReset+HardDistill,Hopper-v4,2
110184,reward,2956,124.51403690348222,99.148,P3O-dyn+AdaReset+HardDistill,Hopper-v4,2
110230,reward,2957,76.1246518396655,96.205,P3O-dyn+AdaReset+HardDistill,Hopper-v4,2
110251,reward,2958,27.945437344476908,80.931,P3O-dyn+AdaReset+HardDistill,Hopper-v4,2
110326,reward,2959,127.57662437453355,87.913,P3O-dyn+AdaReset+HardDistill,Hopper-v4,2
110391,reward,2960,118.22929597762909,90.396,P3O-dyn+AdaReset+HardDistill,Hopper-v4,2
110454,reward,2961,116.12397718880108,91.976,P3O-dyn+AdaReset+HardDistill,Hopper-v4,2
110517,reward,2962,112.6371141503084,93.112,P3O-dyn+AdaReset+HardDistill,Hopper-v4,2
110623,reward,2963,148.17393764356888,95.571,P3O-dyn+AdaReset+HardDistill,Hopper-v4,2
110678,reward,2964,96.223077970037,98.277,P3O-dyn+AdaReset+HardDistill,Hopper-v4,2
110752,reward,2965,107.4438765485582,105.499,P3O-dyn+AdaReset+HardDistill,Hopper-v4,2
110837,reward,2966,135.32339219761445,106.58,P3O-dyn+AdaReset+HardDistill,Hopper-v4,2
110890,reward,2967,90.15209907808504,107.983,P3O-dyn+AdaReset+HardDistill,Hopper-v4,2
110902,reward,2968,11.48350271033848,106.337,P3O-dyn+AdaReset+HardDistill,Hopper-v4,2
110981,reward,2969,134.93328436532934,107.072,P3O-dyn+AdaReset+HardDistill,Hopper-v4,2
110994,reward,2970,7.881020278722631,96.038,P3O-dyn+AdaReset+HardDistill,Hopper-v4,2
111039,reward,2971,74.12620853791324,91.838,P3O-dyn+AdaReset+HardDistill,Hopper-v4,2
111116,reward,2972,116.33708412598297,92.208,P3O-dyn+AdaReset+HardDistill,Hopper-v4,2
111190,reward,2973,123.14001981169082,89.704,P3O-dyn+AdaReset+HardDistill,Hopper-v4,2
111293,reward,2974,183.05159034148312,98.387,P3O-dyn+AdaReset+HardDistill,Hopper-v4,2
111334,reward,2975,51.854361896399595,92.828,P3O-dyn+AdaReset+HardDistill,Hopper-v4,2
111382,reward,2976,82.48007174428594,87.544,P3O-dyn+AdaReset+HardDistill,Hopper-v4,2
111440,reward,2977,104.74754372398118,89.003,P3O-dyn+AdaReset+HardDistill,Hopper-v4,2
111522,reward,2978,159.7262180986984,103.828,P3O-dyn+AdaReset+HardDistill,Hopper-v4,2
111563,reward,2979,69.67227159588306,97.302,P3O-dyn+AdaReset+HardDistill,Hopper-v4,2
111624,reward,2980,115.2432278316064,108.038,P3O-dyn+AdaReset+HardDistill,Hopper-v4,2
111655,reward,2981,32.37073624769428,103.862,P3O-dyn+AdaReset+HardDistill,Hopper-v4,2
111721,reward,2982,118.10264004327217,104.039,P3O-dyn+AdaReset+HardDistill,Hopper-v4,2
111785,reward,2983,116.93247814480029,103.418,P3O-dyn+AdaReset+HardDistill,Hopper-v4,2
111823,reward,2984,61.77399156405057,91.29,P3O-dyn+AdaReset+HardDistill,Hopper-v4,2
111871,reward,2985,81.2866103949753,94.234,P3O-dyn+AdaReset+HardDistill,Hopper-v4,2
111919,reward,2986,77.055105765653,93.691,P3O-dyn+AdaReset+HardDistill,Hopper-v4,2
111971,reward,2987,90.50251241743288,92.267,P3O-dyn+AdaReset+HardDistill,Hopper-v4,2
112025,reward,2988,94.17811277477902,85.712,P3O-dyn+AdaReset+HardDistill,Hopper-v4,2
112070,reward,2989,75.79006481542162,86.324,P3O-dyn+AdaReset+HardDistill,Hopper-v4,2
112141,reward,2990,109.44057305278109,85.743,P3O-dyn+AdaReset+HardDistill,Hopper-v4,2
112157,reward,2991,16.732464553331,84.179,P3O-dyn+AdaReset+HardDistill,Hopper-v4,2
112218,reward,2992,112.30976515906566,83.6,P3O-dyn+AdaReset+HardDistill,Hopper-v4,2
112302,reward,2993,147.4062288813922,86.648,P3O-dyn+AdaReset+HardDistill,Hopper-v4,2
112403,reward,2994,153.4065802253603,95.811,P3O-dyn+AdaReset+HardDistill,Hopper-v4,2
112500,reward,2995,203.89283925361426,108.071,P3O-dyn+AdaReset+HardDistill,Hopper-v4,2
112569,reward,2996,138.7855885316026,114.244,P3O-dyn+AdaReset+HardDistill,Hopper-v4,2
112586,reward,2997,16.148211161550616,106.809,P3O-dyn+AdaReset+HardDistill,Hopper-v4,2
112612,reward,2998,25.39623441168004,99.931,P3O-dyn+AdaReset+HardDistill,Hopper-v4,2
112664,reward,2999,72.995791329805,99.651,P3O-dyn+AdaReset+HardDistill,Hopper-v4,2
112681,reward,3000,12.578019296942594,89.965,P3O-dyn+AdaReset+HardDistill,Hopper-v4,2
112692,reward,3001,7.516693355272695,89.044,P3O-dyn+AdaReset+HardDistill,Hopper-v4,2
112745,reward,3002,78.03122506463102,85.616,P3O-dyn+AdaReset+HardDistill,Hopper-v4,2
112858,reward,3003,209.65785378163136,91.841,P3O-dyn+AdaReset+HardDistill,Hopper-v4,2
112923,reward,3004,99.37945958502841,86.438,P3O-dyn+AdaReset+HardDistill,Hopper-v4,2
112980,reward,3005,101.47880156490032,76.197,P3O-dyn+AdaReset+HardDistill,Hopper-v4,2
113026,reward,3006,72.46656166485079,69.565,P3O-dyn+AdaReset+HardDistill,Hopper-v4,2
113088,reward,3007,111.6482630238311,79.115,P3O-dyn+AdaReset+HardDistill,Hopper-v4,2
113139,reward,3008,87.46243524960695,85.322,P3O-dyn+AdaReset+HardDistill,Hopper-v4,2
113256,reward,3009,197.64610586544808,97.787,P3O-dyn+AdaReset+HardDistill,Hopper-v4,2
113310,reward,3010,98.60983056552259,106.39,P3O-dyn+AdaReset+HardDistill,Hopper-v4,2
113346,reward,3011,47.32799287818584,110.371,P3O-dyn+AdaReset+HardDistill,Hopper-v4,2
113379,reward,3012,39.02444165424949,106.47,P3O-dyn+AdaReset+HardDistill,Hopper-v4,2
113426,reward,3013,84.62708886385077,93.967,P3O-dyn+AdaReset+HardDistill,Hopper-v4,2
113507,reward,3014,137.49489999103872,97.779,P3O-dyn+AdaReset+HardDistill,Hopper-v4,2
113573,reward,3015,118.55214752164669,99.486,P3O-dyn+AdaReset+HardDistill,Hopper-v4,2
113635,reward,3016,113.39113287249765,103.578,P3O-dyn+AdaReset+HardDistill,Hopper-v4,2
113701,reward,3017,135.1977220934244,105.933,P3O-dyn+AdaReset+HardDistill,Hopper-v4,2
113754,reward,3018,52.093007317411,102.396,P3O-dyn+AdaReset+HardDistill,Hopper-v4,2
113797,reward,3019,70.46229551218036,89.678,P3O-dyn+AdaReset+HardDistill,Hopper-v4,2
113895,reward,3020,187.76259888641601,98.593,P3O-dyn+AdaReset+HardDistill,Hopper-v4,2
113950,reward,3021,92.67403192043122,103.128,P3O-dyn+AdaReset+HardDistill,Hopper-v4,2
114004,reward,3022,84.68021633698328,107.694,P3O-dyn+AdaReset+HardDistill,Hopper-v4,2
114110,reward,3023,152.79044833812253,114.51,P3O-dyn+AdaReset+HardDistill,Hopper-v4,2
114153,reward,3024,68.83575308265226,107.644,P3O-dyn+AdaReset+HardDistill,Hopper-v4,2
114212,reward,3025,105.84699443807293,106.373,P3O-dyn+AdaReset+HardDistill,Hopper-v4,2
114263,reward,3026,87.61722805276747,103.796,P3O-dyn+AdaReset+HardDistill,Hopper-v4,2
114363,reward,3027,206.70014871645816,110.946,P3O-dyn+AdaReset+HardDistill,Hopper-v4,2
114415,reward,3028,85.87647873120066,114.325,P3O-dyn+AdaReset+HardDistill,Hopper-v4,2
114495,reward,3029,139.41821906687645,121.22,P3O-dyn+AdaReset+HardDistill,Hopper-v4,2
114518,reward,3030,30.225344357461328,105.466,P3O-dyn+AdaReset+HardDistill,Hopper-v4,2
114549,reward,3031,46.33427549555532,100.833,P3O-dyn+AdaReset+HardDistill,Hopper-v4,2
114594,reward,3032,72.70812740079666,99.635,P3O-dyn+AdaReset+HardDistill,Hopper-v4,2
114656,reward,3033,106.73707952417172,95.03,P3O-dyn+AdaReset+HardDistill,Hopper-v4,2
114688,loss,-0.015462045557796955,4.681543350219727,P3O-dyn+AdaReset+HardDistill,Hopper-v4,2
114715,reward,3034,108.70612843716155,99.017,P3O-dyn+AdaReset+HardDistill,Hopper-v4,2
114740,reward,3035,33.266038996856906,91.759,P3O-dyn+AdaReset+HardDistill,Hopper-v4,2
114822,reward,3036,140.78555953661066,97.076,P3O-dyn+AdaReset+HardDistill,Hopper-v4,2
114874,reward,3037,91.26121671504724,85.532,P3O-dyn+AdaReset+HardDistill,Hopper-v4,2
114911,reward,3038,61.194373027436114,83.064,P3O-dyn+AdaReset+HardDistill,Hopper-v4,2
114945,reward,3039,44.14971418270801,73.537,P3O-dyn+AdaReset+HardDistill,Hopper-v4,2
115009,reward,3040,96.03320965387421,80.118,P3O-dyn+AdaReset+HardDistill,Hopper-v4,2
115056,reward,3041,76.88573126690486,83.173,P3O-dyn+AdaReset+HardDistill,Hopper-v4,2
115082,reward,3042,38.67787521324789,79.77,P3O-dyn+AdaReset+HardDistill,Hopper-v4,2
115156,reward,3043,150.27423770040812,84.123,P3O-dyn+AdaReset+HardDistill,Hopper-v4,2
115167,reward,3044,7.0753508223826245,73.96,P3O-dyn+AdaReset+HardDistill,Hopper-v4,2
115221,reward,3045,77.62029041674704,78.396,P3O-dyn+AdaReset+HardDistill,Hopper-v4,2
115278,reward,3046,101.23790056641779,74.441,P3O-dyn+AdaReset+HardDistill,Hopper-v4,2
115338,reward,3047,114.39007158790436,76.754,P3O-dyn+AdaReset+HardDistill,Hopper-v4,2
115352,reward,3048,10.52055956483525,71.686,P3O-dyn+AdaReset+HardDistill,Hopper-v4,2
115365,reward,3049,13.13640256490092,68.585,P3O-dyn+AdaReset+HardDistill,Hopper-v4,2
115400,reward,3050,41.805261628166775,63.162,P3O-dyn+AdaReset+HardDistill,Hopper-v4,2
115503,reward,3051,184.0361602968436,73.877,P3O-dyn+AdaReset+HardDistill,Hopper-v4,2
115544,reward,3052,67.80903103997785,76.791,P3O-dyn+AdaReset+HardDistill,Hopper-v4,2
115561,reward,3053,23.355130000972878,64.099,P3O-dyn+AdaReset+HardDistill,Hopper-v4,2
115610,reward,3054,79.74792575345124,71.366,P3O-dyn+AdaReset+HardDistill,Hopper-v4,2
115659,reward,3055,85.67946470165164,72.172,P3O-dyn+AdaReset+HardDistill,Hopper-v4,2
115751,reward,3056,165.62043397278057,78.61,P3O-dyn+AdaReset+HardDistill,Hopper-v4,2
115827,reward,3057,140.54221950434837,81.225,P3O-dyn+AdaReset+HardDistill,Hopper-v4,2
115879,reward,3058,86.08932801612521,88.782,P3O-dyn+AdaReset+HardDistill,Hopper-v4,2
115954,reward,3059,150.84469960430982,102.553,P3O-dyn+AdaReset+HardDistill,Hopper-v4,2
116008,reward,3060,96.3743536171196,108.01,P3O-dyn+AdaReset+HardDistill,Hopper-v4,2
116080,reward,3061,138.55057039126078,103.461,P3O-dyn+AdaReset+HardDistill,Hopper-v4,2
116134,reward,3062,76.44020049797125,104.324,P3O-dyn+AdaReset+HardDistill,Hopper-v4,2
116193,reward,3063,105.04624271553763,112.494,P3O-dyn+AdaReset+HardDistill,Hopper-v4,2
116252,reward,3064,91.09837099951785,113.629,P3O-dyn+AdaReset+HardDistill,Hopper-v4,2
116329,reward,3065,128.67017215019743,117.928,P3O-dyn+AdaReset+HardDistill,Hopper-v4,2
116390,reward,3066,93.68756738489293,110.734,P3O-dyn+AdaReset+HardDistill,Hopper-v4,2
116409,reward,3067,22.531376922212516,98.933,P3O-dyn+AdaReset+HardDistill,Hopper-v4,2
116470,reward,3068,114.64434565541352,101.789,P3O-dyn+AdaReset+HardDistill,Hopper-v4,2
116533,reward,3069,89.98607566796514,95.703,P3O-dyn+AdaReset+HardDistill,Hopper-v4,2
116543,reward,3070,8.524594949010632,86.918,P3O-dyn+AdaReset+HardDistill,Hopper-v4,2
116614,reward,3071,107.76894940200582,83.84,P3O-dyn+AdaReset+HardDistill,Hopper-v4,2
116673,reward,3072,96.70560465418605,85.866,P3O-dyn+AdaReset+HardDistill,Hopper-v4,2
116768,reward,3073,149.70932478346987,90.333,P3O-dyn+AdaReset+HardDistill,Hopper-v4,2
116847,reward,3074,145.0681014242854,95.73,P3O-dyn+AdaReset+HardDistill,Hopper-v4,2
116908,reward,3075,115.86355821079701,94.449,P3O-dyn+AdaReset+HardDistill,Hopper-v4,2
116979,reward,3076,129.82430955528298,98.063,P3O-dyn+AdaReset+HardDistill,Hopper-v4,2
117041,reward,3077,118.93316808960427,107.703,P3O-dyn+AdaReset+HardDistill,Hopper-v4,2
117097,reward,3078,100.62318007058157,106.301,P3O-dyn+AdaReset+HardDistill,Hopper-v4,2
117139,reward,3079,68.60311196848977,104.162,P3O-dyn+AdaReset+HardDistill,Hopper-v4,2
117188,reward,3080,82.25788082753628,111.536,P3O-dyn+AdaReset+HardDistill,Hopper-v4,2
117246,reward,3081,91.81773686818379,109.941,P3O-dyn+AdaReset+HardDistill,Hopper-v4,2
117313,reward,3082,103.98676068622568,110.669,P3O-dyn+AdaReset+HardDistill,Hopper-v4,2
117398,reward,3083,138.2641103976584,109.524,P3O-dyn+AdaReset+HardDistill,Hopper-v4,2
117455,reward,3084,83.78561725475866,103.396,P3O-dyn+AdaReset+HardDistill,Hopper-v4,2
117557,reward,3085,187.43489700932113,110.553,P3O-dyn+AdaReset+HardDistill,Hopper-v4,2
117620,reward,3086,115.32044170246269,109.103,P3O-dyn+AdaReset+HardDistill,Hopper-v4,2
117677,reward,3087,84.78960909901832,105.688,P3O-dyn+AdaReset+HardDistill,Hopper-v4,2
117695,reward,3088,20.06243876700494,97.632,P3O-dyn+AdaReset+HardDistill,Hopper-v4,2
117787,reward,3089,140.69102378612138,104.841,P3O-dyn+AdaReset+HardDistill,Hopper-v4,2
117814,reward,3090,19.876753257149208,98.603,P3O-dyn+AdaReset+HardDistill,Hopper-v4,2
117841,reward,3091,40.211535544233804,93.442,P3O-dyn+AdaReset+HardDistill,Hopper-v4,2
117882,reward,3092,66.39815308784566,89.683,P3O-dyn+AdaReset+HardDistill,Hopper-v4,2
117936,reward,3093,92.16887812317503,85.074,P3O-dyn+AdaReset+HardDistill,Hopper-v4,2
117997,reward,3094,109.80410751241348,87.676,P3O-dyn+AdaReset+HardDistill,Hopper-v4,2
118008,reward,3095,10.039025731634446,69.936,P3O-dyn+AdaReset+HardDistill,Hopper-v4,2
118045,reward,3096,62.885299513969855,64.693,P3O-dyn+AdaReset+HardDistill,Hopper-v4,2
118094,reward,3097,82.22321730065255,64.436,P3O-dyn+AdaReset+HardDistill,Hopper-v4,2
118169,reward,3098,126.19272911466865,75.049,P3O-dyn+AdaReset+HardDistill,Hopper-v4,2
118214,reward,3099,75.30698764856217,68.511,P3O-dyn+AdaReset+HardDistill,Hopper-v4,2
118273,reward,3100,94.68046497286095,75.991,P3O-dyn+AdaReset+HardDistill,Hopper-v4,2
118324,reward,3101,86.35710040635537,80.606,P3O-dyn+AdaReset+HardDistill,Hopper-v4,2
118365,reward,3102,68.06951197455618,80.773,P3O-dyn+AdaReset+HardDistill,Hopper-v4,2
118404,reward,3103,65.40998870509462,78.097,P3O-dyn+AdaReset+HardDistill,Hopper-v4,2
118471,reward,3104,125.2410667646796,79.641,P3O-dyn+AdaReset+HardDistill,Hopper-v4,2
118527,reward,3105,78.55588001953056,86.492,P3O-dyn+AdaReset+HardDistill,Hopper-v4,2
118578,reward,3106,88.92021044466041,89.096,P3O-dyn+AdaReset+HardDistill,Hopper-v4,2
118626,reward,3107,76.6987132165341,88.543,P3O-dyn+AdaReset+HardDistill,Hopper-v4,2
118677,reward,3108,90.56618366385591,84.981,P3O-dyn+AdaReset+HardDistill,Hopper-v4,2
118734,reward,3109,78.92725394601082,85.343,P3O-dyn+AdaReset+HardDistill,Hopper-v4,2
118782,reward,3110,81.17249436691989,83.992,P3O-dyn+AdaReset+HardDistill,Hopper-v4,2
118825,reward,3111,70.59942812282951,82.416,P3O-dyn+AdaReset+HardDistill,Hopper-v4,2
118849,reward,3112,34.321958295319284,79.041,P3O-dyn+AdaReset+HardDistill,Hopper-v4,2
118881,reward,3113,43.14405607517291,76.815,P3O-dyn+AdaReset+HardDistill,Hopper-v4,2
118927,reward,3114,78.26386580381565,72.117,P3O-dyn+AdaReset+HardDistill,Hopper-v4,2
118946,reward,3115,22.134041025644823,66.475,P3O-dyn+AdaReset+HardDistill,Hopper-v4,2
119017,reward,3116,113.46452277759694,68.929,P3O-dyn+AdaReset+HardDistill,Hopper-v4,2
119072,reward,3117,99.6703303505031,71.226,P3O-dyn+AdaReset+HardDistill,Hopper-v4,2
119126,reward,3118,89.54802621128898,71.125,P3O-dyn+AdaReset+HardDistill,Hopper-v4,2
119204,reward,3119,138.84402532623244,77.116,P3O-dyn+AdaReset+HardDistill,Hopper-v4,2
119244,reward,3120,66.35517929573399,75.635,P3O-dyn+AdaReset+HardDistill,Hopper-v4,2
119291,reward,3121,81.81616851539374,76.756,P3O-dyn+AdaReset+HardDistill,Hopper-v4,2
119307,reward,3122,16.950969345798285,75.019,P3O-dyn+AdaReset+HardDistill,Hopper-v4,2
119319,reward,3123,11.269306660083128,71.832,P3O-dyn+AdaReset+HardDistill,Hopper-v4,2
119365,reward,3124,78.02393413359728,71.808,P3O-dyn+AdaReset+HardDistill,Hopper-v4,2
119446,reward,3125,171.34347623708496,86.729,P3O-dyn+AdaReset+HardDistill,Hopper-v4,2
119493,reward,3126,82.7857114573381,83.661,P3O-dyn+AdaReset+HardDistill,Hopper-v4,2
119577,reward,3127,162.60875371787714,89.955,P3O-dyn+AdaReset+HardDistill,Hopper-v4,2
119615,reward,3128,64.81427391349865,87.481,P3O-dyn+AdaReset+HardDistill,Hopper-v4,2
119679,reward,3129,121.62209991693736,85.759,P3O-dyn+AdaReset+HardDistill,Hopper-v4,2
119725,reward,3130,76.94458586131805,86.818,P3O-dyn+AdaReset+HardDistill,Hopper-v4,2
119777,reward,3131,89.27709470736629,87.564,P3O-dyn+AdaReset+HardDistill,Hopper-v4,2
119854,reward,3132,125.06590680308673,98.376,P3O-dyn+AdaReset+HardDistill,Hopper-v4,2
119923,reward,3133,117.44855587797268,108.993,P3O-dyn+AdaReset+HardDistill,Hopper-v4,2
119983,reward,3134,109.85808254761466,112.177,P3O-dyn+AdaReset+HardDistill,Hopper-v4,2
120000,speed,1986.82,1.0,P3O-dyn+AdaReset+HardDistill,Hopper-v4,2
120033,reward,3135,79.32678920515377,102.975,P3O-dyn+AdaReset+HardDistill,Hopper-v4,2
120079,reward,3136,79.17609053068837,102.614,P3O-dyn+AdaReset+HardDistill,Hopper-v4,2
120124,reward,3137,73.48630536685258,93.702,P3O-dyn+AdaReset+HardDistill,Hopper-v4,2
120196,reward,3138,144.99679372468344,101.72,P3O-dyn+AdaReset+HardDistill,Hopper-v4,2
120260,reward,3139,105.93544390807908,100.152,P3O-dyn+AdaReset+HardDistill,Hopper-v4,2
120314,reward,3140,97.81043462908836,102.238,P3O-dyn+AdaReset+HardDistill,Hopper-v4,2
120360,reward,3141,73.91275993967102,100.702,P3O-dyn+AdaReset+HardDistill,Hopper-v4,2
120414,reward,3142,88.5585603968252,97.051,P3O-dyn+AdaReset+HardDistill,Hopper-v4,2
120484,reward,3143,128.2063775143228,98.127,P3O-dyn+AdaReset+HardDistill,Hopper-v4,2
120551,reward,3144,116.3741068301612,98.778,P3O-dyn+AdaReset+HardDistill,Hopper-v4,2
120605,reward,3145,86.8356028555458,99.529,P3O-dyn+AdaReset+HardDistill,Hopper-v4,2
120644,reward,3146,62.00844886263013,97.812,P3O-dyn+AdaReset+HardDistill,Hopper-v4,2
120705,reward,3147,114.06565904061907,101.87,P3O-dyn+AdaReset+HardDistill,Hopper-v4,2
120751,reward,3148,78.64067700487512,95.235,P3O-dyn+AdaReset+HardDistill,Hopper-v4,2
120799,reward,3149,81.31309134835726,92.773,P3O-dyn+AdaReset+HardDistill,Hopper-v4,2
120840,reward,3150,25.873852820880646,85.579,P3O-dyn+AdaReset+HardDistill,Hopper-v4,2
120905,reward,3151,128.31226154137616,91.019,P3O-dyn+AdaReset+HardDistill,Hopper-v4,2
120966,reward,3152,108.53073132097497,93.016,P3O-dyn+AdaReset+HardDistill,Hopper-v4,2
121049,reward,3153,112.31000638522424,91.426,P3O-dyn+AdaReset+HardDistill,Hopper-v4,2
121066,reward,3154,15.680356238722762,81.357,P3O-dyn+AdaReset+HardDistill,Hopper-v4,2
121185,reward,3155,182.68928601560205,90.942,P3O-dyn+AdaReset+HardDistill,Hopper-v4,2
121239,reward,3156,94.29288776797286,94.171,P3O-dyn+AdaReset+HardDistill,Hopper-v4,2
121296,reward,3157,95.4152026780104,92.306,P3O-dyn+AdaReset+HardDistill,Hopper-v4,2
121370,reward,3158,146.66761934617088,99.109,P3O-dyn+AdaReset+HardDistill,Hopper-v4,2
121392,reward,3159,27.828716577592147,93.76,P3O-dyn+AdaReset+HardDistill,Hopper-v4,2
121451,reward,3160,91.3548952155336,100.308,P3O-dyn+AdaReset+HardDistill,Hopper-v4,2
121510,reward,3161,103.28535988845054,97.806,P3O-dyn+AdaReset+HardDistill,Hopper-v4,2
121535,reward,3162,34.455390762497046,90.398,P3O-dyn+AdaReset+HardDistill,Hopper-v4,2
121609,reward,3163,144.63145639242066,93.63,P3O-dyn+AdaReset+HardDistill,Hopper-v4,2
121648,reward,3164,63.18422324791037,98.381,P3O-dyn+AdaReset+HardDistill,Hopper-v4,2
121697,reward,3165,83.37668330575129,88.449,P3O-dyn+AdaReset+HardDistill,Hopper-v4,2
121788,reward,3166,162.11664440850706,95.232,P3O-dyn+AdaReset+HardDistill,Hopper-v4,2
121897,reward,3167,149.5389571112113,100.644,P3O-dyn+AdaReset+HardDistill,Hopper-v4,2
121965,reward,3168,125.79357627179489,98.557,P3O-dyn+AdaReset+HardDistill,Hopper-v4,2
122011,reward,3169,72.33777414506088,103.007,P3O-dyn+AdaReset+HardDistill,Hopper-v4,2
122079,reward,3170,111.13488257081507,104.985,P3O-dyn+AdaReset+HardDistill,Hopper-v4,2
122112,reward,3171,47.44931605402001,99.402,P3O-dyn+AdaReset+HardDistill,Hopper-v4,2
122166,reward,3172,83.55231169919756,104.312,P3O-dyn+AdaReset+HardDistill,Hopper-v4,2
122232,reward,3173,117.51121758138025,101.6,P3O-dyn+AdaReset+HardDistill,Hopper-v4,2
122249,reward,3174,16.06181291475822,96.887,P3O-dyn+AdaReset+HardDistill,Hopper-v4,2
122286,reward,3175,43.4228191743468,92.892,P3O-dyn+AdaReset+HardDistill,Hopper-v4,2
122328,reward,3176,68.69515587193719,83.55,P3O-dyn+AdaReset+HardDistill,Hopper-v4,2
122406,reward,3177,151.483320961885,83.744,P3O-dyn+AdaReset+HardDistill,Hopper-v4,2
122427,reward,3178,19.081140015411783,73.073,P3O-dyn+AdaReset+HardDistill,Hopper-v4,2
122484,reward,3179,106.59545579073395,76.499,P3O-dyn+AdaReset+HardDistill,Hopper-v4,2
122549,reward,3180,115.91580479216812,76.977,P3O-dyn+AdaReset+HardDistill,Hopper-v4,2
122604,reward,3181,79.1647344559964,80.148,P3O-dyn+AdaReset+HardDistill,Hopper-v4,2
122667,reward,3182,117.80732313786903,83.574,P3O-dyn+AdaReset+HardDistill,Hopper-v4,2
122734,reward,3183,101.0865149133141,81.931,P3O-dyn+AdaReset+HardDistill,Hopper-v4,2
122787,reward,3184,88.47588530649715,89.173,P3O-dyn+AdaReset+HardDistill,Hopper-v4,2
122860,reward,3185,81.5057346830708,92.981,P3O-dyn+AdaReset+HardDistill,Hopper-v4,2
122880,loss,-0.015797564759850502,5.991293430328369,P3O-dyn+AdaReset+HardDistill,Hopper-v4,2
122884,reward,3186,27.116996394553542,88.823,P3O-dyn+AdaReset+HardDistill,Hopper-v4,2
122939,reward,3187,95.57029208830349,83.232,P3O-dyn+AdaReset+HardDistill,Hopper-v4,2
122984,reward,3188,75.18542150288754,88.842,P3O-dyn+AdaReset+HardDistill,Hopper-v4,2
123100,reward,3189,155.99649314882163,93.783,P3O-dyn+AdaReset+HardDistill,Hopper-v4,2
123180,reward,3190,156.75500155948308,97.866,P3O-dyn+AdaReset+HardDistill,Hopper-v4,2
123260,reward,3191,136.0843899808526,103.558,P3O-dyn+AdaReset+HardDistill,Hopper-v4,2
123299,reward,3192,63.05757325552918,98.083,P3O-dyn+AdaReset+HardDistill,Hopper-v4,2
123397,reward,3193,173.5282512035106,105.328,P3O-dyn+AdaReset+HardDistill,Hopper-v4,2
123442,reward,3194,75.05363279833958,103.985,P3O-dyn+AdaReset+HardDistill,Hopper-v4,2
123496,reward,3195,91.48846259524628,104.984,P3O-dyn+AdaReset+HardDistill,Hopper-v4,2
123553,reward,3196,99.18545855980166,112.19,P3O-dyn+AdaReset+HardDistill,Hopper-v4,2
123663,reward,3197,215.61975240596968,124.195,P3O-dyn+AdaReset+HardDistill,Hopper-v4,2
123716,reward,3198,75.79678052126759,124.257,P3O-dyn+AdaReset+HardDistill,Hopper-v4,2
123774,reward,3199,96.51524907062054,118.308,P3O-dyn+AdaReset+HardDistill,Hopper-v4,2
123824,reward,3200,78.30777132009135,110.464,P3O-dyn+AdaReset+HardDistill,Hopper-v4,2
123843,reward,3201,16.221695827886574,98.477,P3O-dyn+AdaReset+HardDistill,Hopper-v4,2
123901,reward,3202,88.93786484711293,101.065,P3O-dyn+AdaReset+HardDistill,Hopper-v4,2
123965,reward,3203,113.36242182128726,95.049,P3O-dyn+AdaReset+HardDistill,Hopper-v4,2
124015,reward,3204,85.06477766474875,96.05,P3O-dyn+AdaReset+HardDistill,Hopper-v4,2
124095,reward,3205,149.6624154970923,101.867,P3O-dyn+AdaReset+HardDistill,Hopper-v4,2
124117,reward,3206,27.512735686189973,94.7,P3O-dyn+AdaReset+HardDistill,Hopper-v4,2
124131,reward,3207,13.875010118802415,74.526,P3O-dyn+AdaReset+HardDistill,Hopper-v4,2
124153,reward,3208,28.991110409660696,69.845,P3O-dyn+AdaReset+HardDistill,Hopper-v4,2
124202,reward,3209,67.77388015929478,66.971,P3O-dyn+AdaReset+HardDistill,Hopper-v4,2
124303,reward,3210,171.0368579873545,76.244,P3O-dyn+AdaReset+HardDistill,Hopper-v4,2
124366,reward,3211,108.01083675788603,85.423,P3O-dyn+AdaReset+HardDistill,Hopper-v4,2
124422,reward,3212,97.5578897654399,86.285,P3O-dyn+AdaReset+HardDistill,Hopper-v4,2
124473,reward,3213,84.76307830266624,83.425,P3O-dyn+AdaReset+HardDistill,Hopper-v4,2
124525,reward,3214,90.31970539604272,83.95,P3O-dyn+AdaReset+HardDistill,Hopper-v4,2
124588,reward,3215,115.00639726241678,80.485,P3O-dyn+AdaReset+HardDistill,Hopper-v4,2
124634,reward,3216,73.32061612254088,85.066,P3O-dyn+AdaReset+HardDistill,Hopper-v4,2
124653,reward,3217,19.08941827045443,85.587,P3O-dyn+AdaReset+HardDistill,Hopper-v4,2
124709,reward,3218,92.77315970770543,91.965,P3O-dyn+AdaReset+HardDistill,Hopper-v4,2
124760,reward,3219,80.17096836035024,93.205,P3O-dyn+AdaReset+HardDistill,Hopper-v4,2
124818,reward,3220,85.17535213587735,84.619,P3O-dyn+AdaReset+HardDistill,Hopper-v4,2
124908,reward,3221,115.09986648347622,85.328,P3O-dyn+AdaReset+HardDistill,Hopper-v4,2
124968,reward,3222,98.50344822521983,85.422,P3O-dyn+AdaReset+HardDistill,Hopper-v4,2
125034,reward,3223,98.62448489745633,86.808,P3O-dyn+AdaReset+HardDistill,Hopper-v4,2
125050,reward,3224,16.82109555823093,79.458,P3O-dyn+AdaReset+HardDistill,Hopper-v4,2
125116,reward,3225,121.52929230278362,80.111,P3O-dyn+AdaReset+HardDistill,Hopper-v4,2
125141,reward,3226,25.080961022545605,75.287,P3O-dyn+AdaReset+HardDistill,Hopper-v4,2
125196,reward,3227,98.93411859606314,83.271,P3O-dyn+AdaReset+HardDistill,Hopper-v4,2
125268,reward,3228,114.0282864497753,85.397,P3O-dyn+AdaReset+HardDistill,Hopper-v4,2
125344,reward,3229,137.17371752561365,91.097,P3O-dyn+AdaReset+HardDistill,Hopper-v4,2
125377,reward,3230,49.30904098010528,87.51,P3O-dyn+AdaReset+HardDistill,Hopper-v4,2
125438,reward,3231,111.97016405880441,87.197,P3O-dyn+AdaReset+HardDistill,Hopper-v4,2
125483,reward,3232,78.1609456821884,85.163,P3O-dyn+AdaReset+HardDistill,Hopper-v4,2
125601,reward,3233,209.13095113866126,96.214,P3O-dyn+AdaReset+HardDistill,Hopper-v4,2
125633,reward,3234,51.190157564595204,99.651,P3O-dyn+AdaReset+HardDistill,Hopper-v4,2
125653,reward,3235,24.42919604035611,89.941,P3O-dyn+AdaReset+HardDistill,Hopper-v4,2
125672,reward,3236,21.19462325607629,89.552,P3O-dyn+AdaReset+HardDistill,Hopper-v4,2
125688,reward,3237,17.09855358779226,81.369,P3O-dyn+AdaReset+HardDistill,Hopper-v4,2
125705,reward,3238,20.09992295516579,71.976,P3O-dyn+AdaReset+HardDistill,Hopper-v4,2
125780,reward,3239,116.6413775740302,69.922,P3O-dyn+AdaReset+HardDistill,Hopper-v4,2
125833,reward,3240,92.46559472834637,74.238,P3O-dyn+AdaReset+HardDistill,Hopper-v4,2
125890,reward,3241,105.46205172446119,73.587,P3O-dyn+AdaReset+HardDistill,Hopper-v4,2
125971,reward,3242,135.98395767076687,79.37,P3O-dyn+AdaReset+HardDistill,Hopper-v4,2
126105,reward,3243,180.7436815417336,76.531,P3O-dyn+AdaReset+HardDistill,Hopper-v4,2
126162,reward,3244,108.28166933717628,82.24,P3O-dyn+AdaReset+HardDistill,Hopper-v4,2
126214,reward,3245,88.45069663438461,88.642,P3O-dyn+AdaReset+HardDistill,Hopper-v4,2
126266,reward,3246,73.68501511124842,93.891,P3O-dyn+AdaReset+HardDistill,Hopper-v4,2
126345,reward,3247,93.02268236709682,101.484,P3O-dyn+AdaReset+HardDistill,Hopper-v4,2
126396,reward,3248,84.38652635489328,107.912,P3O-dyn+AdaReset+HardDistill,Hopper-v4,2
126476,reward,3249,132.5722655129718,109.505,P3O-dyn+AdaReset+HardDistill,Hopper-v4,2
126550,reward,3250,114.0542116992873,111.664,P3O-dyn+AdaReset+HardDistill,Hopper-v4,2
126605,reward,3251,94.8283191172119,110.601,P3O-dyn+AdaReset+HardDistill,Hopper-v4,2
126658,reward,3252,94.99797544460064,106.502,P3O-dyn+AdaReset+HardDistill,Hopper-v4,2
126726,reward,3253,102.63915018928995,98.692,P3O-dyn+AdaReset+HardDistill,Hopper-v4,2
126837,reward,3254,187.54720031019718,106.618,P3O-dyn+AdaReset+HardDistill,Hopper-v4,2
126901,reward,3255,95.56596815729486,107.33,P3O-dyn+AdaReset+HardDistill,Hopper-v4,2
126946,reward,3256,76.11878749928579,107.573,P3O-dyn+AdaReset+HardDistill,Hopper-v4,2
126993,reward,3257,75.61373672019342,105.832,P3O-dyn+AdaReset+HardDistill,Hopper-v4,2
127042,reward,3258,82.86151018858826,105.68,P3O-dyn+AdaReset+HardDistill,Hopper-v4,2
127146,reward,3259,165.83833580960368,109.007,P3O-dyn+AdaReset+HardDistill,Hopper-v4,2
127211,reward,3260,112.04413080027172,108.806,P3O-dyn+AdaReset+HardDistill,Hopper-v4,2
127259,reward,3261,82.35261643829772,107.558,P3O-dyn+AdaReset+HardDistill,Hopper-v4,2
127351,reward,3262,157.51309864556973,113.809,P3O-dyn+AdaReset+HardDistill,Hopper-v4,2
127424,reward,3263,118.9484973344297,115.44,P3O-dyn+AdaReset+HardDistill,Hopper-v4,2
127484,reward,3264,91.97707965365944,105.883,P3O-dyn+AdaReset+HardDistill,Hopper-v4,2
127501,reward,3265,19.895374322008944,98.316,P3O-dyn+AdaReset+HardDistill,Hopper-v4,2
127517,reward,3266,16.438476101599115,92.348,P3O-dyn+AdaReset+HardDistill,Hopper-v4,2
127598,reward,3267,138.6510282520779,98.652,P3O-dyn+AdaReset+HardDistill,Hopper-v4,2
127642,reward,3268,71.2786209868569,97.494,P3O-dyn+AdaReset+HardDistill,Hopper-v4,2
127680,reward,3269,47.8167038901347,85.692,P3O-dyn+AdaReset+HardDistill,Hopper-v4,2
127704,reward,3270,31.59051137085348,77.646,P3O-dyn+AdaReset+HardDistill,Hopper-v4,2
127750,reward,3271,75.57862566436377,76.969,P3O-dyn+AdaReset+HardDistill,Hopper-v4,2
127841,reward,3272,134.89925729728606,74.707,P3O-dyn+AdaReset+HardDistill,Hopper-v4,2
127878,reward,3273,42.98878599500639,67.111,P3O-dyn+AdaReset+HardDistill,Hopper-v4,2
127932,reward,3274,93.59453267674213,67.273,P3O-dyn+AdaReset+HardDistill,Hopper-v4,2
127991,reward,3275,106.48533324848252,75.932,P3O-dyn+AdaReset+HardDistill,Hopper-v4,2
128031,reward,3276,66.96888976303013,80.985,P3O-dyn+AdaReset+HardDistill,Hopper-v4,2
128076,reward,3277,55.87441531395113,72.708,P3O-dyn+AdaReset+HardDistill,Hopper-v4,2
128122,reward,3278,58.697100478870276,71.449,P3O-dyn+AdaReset+HardDistill,Hopper-v4,2
128187,reward,3279,114.46661946387259,78.114,P3O-dyn+AdaReset+HardDistill,Hopper-v4,2
128241,reward,3280,89.29837202685545,83.885,P3O-dyn+AdaReset+HardDistill,Hopper-v4,2
128285,reward,3281,58.595960241739554,82.187,P3O-dyn+AdaReset+HardDistill,Hopper-v4,2
128387,reward,3282,158.74563742610027,84.572,P3O-dyn+AdaReset+HardDistill,Hopper-v4,2
128436,reward,3283,83.07041018795108,88.58,P3O-dyn+AdaReset+HardDistill,Hopper-v4,2
128488,reward,3284,90.41909527343651,88.262,P3O-dyn+AdaReset+HardDistill,Hopper-v4,2
128556,reward,3285,128.85705809845706,90.499,P3O-dyn+AdaReset+HardDistill,Hopper-v4,2
128617,reward,3286,117.83308801262679,95.586,P3O-dyn+AdaReset+HardDistill,Hopper-v4,2
128711,reward,3287,129.00258478756368,102.899,P3O-dyn+AdaReset+HardDistill,Hopper-v4,2
128732,reward,3288,25.99116725197522,99.628,P3O-dyn+AdaReset+HardDistill,Hopper-v4,2
128801,reward,3289,113.78171321664134,99.56,P3O-dyn+AdaReset+HardDistill,Hopper-v4,2
128878,reward,3290,133.9739249142001,104.027,P3O-dyn+AdaReset+HardDistill,Hopper-v4,2
128949,reward,3291,101.16733794591039,108.284,P3O-dyn+AdaReset+HardDistill,Hopper-v4,2
129020,reward,3292,131.70090480424142,105.58,P3O-dyn+AdaReset+HardDistill,Hopper-v4,2
129080,reward,3293,90.22844390996454,106.296,P3O-dyn+AdaReset+HardDistill,Hopper-v4,2
129150,reward,3294,130.28726350929375,110.282,P3O-dyn+AdaReset+HardDistill,Hopper-v4,2
129197,reward,3295,72.5453706265033,104.651,P3O-dyn+AdaReset+HardDistill,Hopper-v4,2
129274,reward,3296,115.32113259153967,104.4,P3O-dyn+AdaReset+HardDistill,Hopper-v4,2
129325,reward,3297,88.84083811218315,100.384,P3O-dyn+AdaReset+HardDistill,Hopper-v4,2
129355,reward,3298,35.84713676241719,101.369,P3O-dyn+AdaReset+HardDistill,Hopper-v4,2
129428,reward,3299,135.69325467976563,103.561,P3O-dyn+AdaReset+HardDistill,Hopper-v4,2
129490,reward,3300,110.29720141020499,101.193,P3O-dyn+AdaReset+HardDistill,Hopper-v4,2
129556,reward,3301,100.99073492147,101.175,P3O-dyn+AdaReset+HardDistill,Hopper-v4,2
129644,reward,3302,154.16061078473143,103.421,P3O-dyn+AdaReset+HardDistill,Hopper-v4,2
129768,reward,3303,182.50238029836217,112.649,P3O-dyn+AdaReset+HardDistill,Hopper-v4,2
129787,reward,3304,20.537355811375484,101.674,P3O-dyn+AdaReset+HardDistill,Hopper-v4,2
129842,reward,3305,92.22028660156289,103.641,P3O-dyn+AdaReset+HardDistill,Hopper-v4,2
129886,reward,3306,73.15752200459795,99.425,P3O-dyn+AdaReset+HardDistill,Hopper-v4,2
129929,reward,3307,67.24600706298,97.265,P3O-dyn+AdaReset+HardDistill,Hopper-v4,2
129988,reward,3308,90.3736639372544,102.718,P3O-dyn+AdaReset+HardDistill,Hopper-v4,2
129999,reward,3309,5.558031502405689,89.704,P3O-dyn+AdaReset+HardDistill,Hopper-v4,2
130000,speed,2050.28,1.08,P3O-dyn+AdaReset+HardDistill,Hopper-v4,2
130052,reward,3310,91.51691249128869,87.826,P3O-dyn+AdaReset+HardDistill,Hopper-v4,2
130070,reward,3311,20.70849819402906,79.798,P3O-dyn+AdaReset+HardDistill,Hopper-v4,2
130156,reward,3312,165.75323670104407,80.957,P3O-dyn+AdaReset+HardDistill,Hopper-v4,2
130217,reward,3313,88.74107027789766,71.581,P3O-dyn+AdaReset+HardDistill,Hopper-v4,2
130282,reward,3314,113.5156141011245,80.879,P3O-dyn+AdaReset+HardDistill,Hopper-v4,2
130337,reward,3315,87.3171107576039,80.389,P3O-dyn+AdaReset+HardDistill,Hopper-v4,2
130380,reward,3316,71.02685652216955,80.176,P3O-dyn+AdaReset+HardDistill,Hopper-v4,2
130449,reward,3317,127.81168710735041,86.232,P3O-dyn+AdaReset+HardDistill,Hopper-v4,2
130505,reward,3318,83.23835908415435,85.519,P3O-dyn+AdaReset+HardDistill,Hopper-v4,2
130530,reward,3319,23.72507212353258,87.335,P3O-dyn+AdaReset+HardDistill,Hopper-v4,2
130609,reward,3320,129.5355450184591,91.137,P3O-dyn+AdaReset+HardDistill,Hopper-v4,2
130642,reward,3321,36.394044907973495,92.706,P3O-dyn+AdaReset+HardDistill,Hopper-v4,2
130698,reward,3322,100.54740335465085,86.185,P3O-dyn+AdaReset+HardDistill,Hopper-v4,2
130788,reward,3323,127.01779115356516,90.013,P3O-dyn+AdaReset+HardDistill,Hopper-v4,2
130843,reward,3324,98.95572359175793,88.557,P3O-dyn+AdaReset+HardDistill,Hopper-v4,2
130915,reward,3325,114.94633706074785,91.32,P3O-dyn+AdaReset+HardDistill,Hopper-v4,2
131006,reward,3326,169.240882926885,101.141,P3O-dyn+AdaReset+HardDistill,Hopper-v4,2
131057,reward,3327,89.24359131476231,97.284,P3O-dyn+AdaReset+HardDistill,Hopper-v4,2
131072,loss,-0.023588664829730988,10.821160316467285,P3O-dyn+AdaReset+HardDistill,Hopper-v4,2
131077,reward,3328,21.964163837085508,91.157,P3O-dyn+AdaReset+HardDistill,Hopper-v4,2
131123,reward,3329,53.971890646580746,94.182,P3O-dyn+AdaReset+HardDistill,Hopper-v4,2
131222,reward,3330,200.26622534987706,101.255,P3O-dyn+AdaReset+HardDistill,Hopper-v4,2
131287,reward,3331,115.56965034009083,109.172,P3O-dyn+AdaReset+HardDistill,Hopper-v4,2
131345,reward,3332,92.7672078559729,108.394,P3O-dyn+AdaReset+HardDistill,Hopper-v4,2
131401,reward,3333,92.62526925548899,104.955,P3O-dyn+AdaReset+HardDistill,Hopper-v4,2
131497,reward,3334,160.75430600140717,111.135,P3O-dyn+AdaReset+HardDistill,Hopper-v4,2
131545,reward,3335,80.2403422384354,107.664,P3O-dyn+AdaReset+HardDistill,Hopper-v4,2
131612,reward,3336,96.56880737280298,100.397,P3O-dyn+AdaReset+HardDistill,Hopper-v4,2
131677,reward,3337,103.81280692616602,101.854,P3O-dyn+AdaReset+HardDistill,Hopper-v4,2
131753,reward,3338,137.2014720947265,113.378,P3O-dyn+AdaReset+HardDistill,Hopper-v4,2
131882,reward,3339,210.90376666943487,129.071,P3O-dyn+AdaReset+HardDistill,Hopper-v4,2
131932,reward,3340,78.8393596998824,116.928,P3O-dyn+AdaReset+HardDistill,Hopper-v4,2
132019,reward,3341,146.4005574219751,120.011,P3O-dyn+AdaReset+HardDistill,Hopper-v4,2
132132,reward,3342,163.6464144187529,127.099,P3O-dyn+AdaReset+HardDistill,Hopper-v4,2
132199,reward,3343,101.82438140558283,128.019,P3O-dyn+AdaReset+HardDistill,Hopper-v4,2
132254,reward,3344,95.81059988589016,121.525,P3O-dyn+AdaReset+HardDistill,Hopper-v4,2
132311,reward,3345,100.17921107534384,123.519,P3O-dyn+AdaReset+HardDistill,Hopper-v4,2
132386,reward,3346,130.6586119901009,126.928,P3O-dyn+AdaReset+HardDistill,Hopper-v4,2
132464,reward,3347,119.93638832747733,128.54,P3O-dyn+AdaReset+HardDistill,Hopper-v4,2
132496,reward,3348,34.97362363862934,118.317,P3O-dyn+AdaReset+HardDistill,Hopper-v4,2
132570,reward,3349,123.86013453490892,109.613,P3O-dyn+AdaReset+HardDistill,Hopper-v4,2
132630,reward,3350,106.85749164196329,112.415,P3O-dyn+AdaReset+HardDistill,Hopper-v4,2
132691,reward,3351,95.79126441784159,107.354,P3O-dyn+AdaReset+HardDistill,Hopper-v4,2
132763,reward,3352,134.33275128758768,104.422,P3O-dyn+AdaReset+HardDistill,Hopper-v4,2
132845,reward,3353,102.52395972371858,104.492,P3O-dyn+AdaReset+HardDistill,Hopper-v4,2
132899,reward,3354,88.09137609652875,103.72,P3O-dyn+AdaReset+HardDistill,Hopper-v4,2
132962,reward,3355,121.96986650911253,105.9,P3O-dyn+AdaReset+HardDistill,Hopper-v4,2
133099,reward,3356,195.15763519952796,112.349,P3O-dyn+AdaReset+HardDistill,Hopper-v4,2
133176,reward,3357,129.07382441961363,113.263,P3O-dyn+AdaReset+HardDistill,Hopper-v4,2
133244,reward,3358,87.72723506926005,118.539,P3O-dyn+AdaReset+HardDistill,Hopper-v4,2
133330,reward,3359,140.25565195598827,120.178,P3O-dyn+AdaReset+HardDistill,Hopper-v4,2
133393,reward,3360,112.68380463554345,120.761,P3O-dyn+AdaReset+HardDistill,Hopper-v4,2
133510,reward,3361,146.70885122861196,125.852,P3O-dyn+AdaReset+HardDistill,Hopper-v4,2
133566,reward,3362,99.81169330010295,122.4,P3O-dyn+AdaReset+HardDistill,Hopper-v4,2
133639,reward,3363,96.93222208711316,121.841,P3O-dyn+AdaReset+HardDistill,Hopper-v4,2
133741,reward,3364,178.90791613552423,130.923,P3O-dyn+AdaReset+HardDistill,Hopper-v4,2
133771,reward,3365,37.612550402414094,122.487,P3O-dyn+AdaReset+HardDistill,Hopper-v4,2
133887,reward,3366,194.41453067520823,122.413,P3O-dyn+AdaReset+HardDistill,Hopper-v4,2
133955,reward,3367,96.60825994269067,119.166,P3O-dyn+AdaReset+HardDistill,Hopper-v4,2
134045,reward,3368,129.7055756679644,123.364,P3O-dyn+AdaReset+HardDistill,Hopper-v4,2
134074,reward,3369,29.779946682293744,112.317,P3O-dyn+AdaReset+HardDistill,Hopper-v4,2
134124,reward,3370,87.29872317316048,109.778,P3O-dyn+AdaReset+HardDistill,Hopper-v4,2
134177,reward,3371,84.51934902417989,103.559,P3O-dyn+AdaReset+HardDistill,Hopper-v4,2
134252,reward,3372,115.89145070292057,105.167,P3O-dyn+AdaReset+HardDistill,Hopper-v4,2
134283,reward,3373,43.62116748017149,99.836,P3O-dyn+AdaReset+HardDistill,Hopper-v4,2
134333,reward,3374,82.80596307919694,90.226,P3O-dyn+AdaReset+HardDistill,Hopper-v4,2
134392,reward,3375,99.15058986787261,96.38,P3O-dyn+AdaReset+HardDistill,Hopper-v4,2
134451,reward,3376,105.88733671473372,87.527,P3O-dyn+AdaReset+HardDistill,Hopper-v4,2
134509,reward,3377,96.35010969591355,87.501,P3O-dyn+AdaReset+HardDistill,Hopper-v4,2
134628,reward,3378,189.26247648475632,93.457,P3O-dyn+AdaReset+HardDistill,Hopper-v4,2
134688,reward,3379,105.82153693278407,101.061,P3O-dyn+AdaReset+HardDistill,Hopper-v4,2
134779,reward,3380,146.47830982436662,106.979,P3O-dyn+AdaReset+HardDistill,Hopper-v4,2
134841,reward,3381,109.3156818024815,109.458,P3O-dyn+AdaReset+HardDistill,Hopper-v4,2
134958,reward,3382,138.790090657449,111.748,P3O-dyn+AdaReset+HardDistill,Hopper-v4,2
135050,reward,3383,142.17183912018487,121.603,P3O-dyn+AdaReset+HardDistill,Hopper-v4,2
135076,reward,3384,24.03489122557107,115.726,P3O-dyn+AdaReset+HardDistill,Hopper-v4,2
135127,reward,3385,83.27244849309267,114.138,P3O-dyn+AdaReset+HardDistill,Hopper-v4,2
135188,reward,3386,90.18382341987503,112.568,P3O-dyn+AdaReset+HardDistill,Hopper-v4,2
135281,reward,3387,137.51126497192791,116.684,P3O-dyn+AdaReset+HardDistill,Hopper-v4,2
135337,reward,3388,84.56566969057559,106.215,P3O-dyn+AdaReset+HardDistill,Hopper-v4,2
135358,reward,3389,21.73899262875786,97.806,P3O-dyn+AdaReset+HardDistill,Hopper-v4,2
135464,reward,3390,166.68111907918504,99.827,P3O-dyn+AdaReset+HardDistill,Hopper-v4,2
135524,reward,3391,96.08080128045916,98.503,P3O-dyn+AdaReset+HardDistill,Hopper-v4,2
135730,reward,3392,240.8215801210288,108.706,P3O-dyn+AdaReset+HardDistill,Hopper-v4,2
135774,reward,3393,65.15732132311851,101.005,P3O-dyn+AdaReset+HardDistill,Hopper-v4,2
135860,reward,3394,114.21333574071724,110.023,P3O-dyn+AdaReset+HardDistill,Hopper-v4,2
135974,reward,3395,209.55597269374312,122.651,P3O-dyn+AdaReset+HardDistill,Hopper-v4,2
136022,reward,3396,79.07744924702537,121.54,P3O-dyn+AdaReset+HardDistill,Hopper-v4,2
136124,reward,3397,134.22143076192503,121.211,P3O-dyn+AdaReset+HardDistill,Hopper-v4,2
136171,reward,3398,78.19094709741873,120.574,P3O-dyn+AdaReset+HardDistill,Hopper-v4,2
136229,reward,3399,83.20276372131575,126.72,P3O-dyn+AdaReset+HardDistill,Hopper-v4,2
136321,reward,3400,150.6957026204658,125.122,P3O-dyn+AdaReset+HardDistill,Hopper-v4,2
136435,reward,3401,213.61383897369268,136.875,P3O-dyn+AdaReset+HardDistill,Hopper-v4,2
136486,reward,3402,75.14034912996402,120.307,P3O-dyn+AdaReset+HardDistill,Hopper-v4,2
136573,reward,3403,125.03540652835358,126.295,P3O-dyn+AdaReset+HardDistill,Hopper-v4,2
136614,reward,3404,66.30436483451349,121.504,P3O-dyn+AdaReset+HardDistill,Hopper-v4,2
136690,reward,3405,120.15541419482454,112.564,P3O-dyn+AdaReset+HardDistill,Hopper-v4,2
136794,reward,3406,157.23821853258553,120.38,P3O-dyn+AdaReset+HardDistill,Hopper-v4,2
136808,reward,3407,15.806217697119102,108.538,P3O-dyn+AdaReset+HardDistill,Hopper-v4,2
136820,reward,3408,12.009263058157611,101.92,P3O-dyn+AdaReset+HardDistill,Hopper-v4,2
136874,reward,3409,85.45742513588401,102.146,P3O-dyn+AdaReset+HardDistill,Hopper-v4,2
136944,reward,3410,108.85586095497665,97.962,P3O-dyn+AdaReset+HardDistill,Hopper-v4,2
136999,reward,3411,93.33907978196041,85.934,P3O-dyn+AdaReset+HardDistill,Hopper-v4,2
137136,reward,3412,168.69318561554977,95.289,P3O-dyn+AdaReset+HardDistill,Hopper-v4,2
137227,reward,3413,149.13120495293276,97.699,P3O-dyn+AdaReset+HardDistill,Hopper-v4,2
137289,reward,3414,104.81622531221865,101.55,P3O-dyn+AdaReset+HardDistill,Hopper-v4,2
137380,reward,3415,122.6172730510112,101.796,P3O-dyn+AdaReset+HardDistill,Hopper-v4,2
137543,reward,3416,257.9163575153057,111.864,P3O-dyn+AdaReset+HardDistill,Hopper-v4,2
137608,reward,3417,115.65254373814993,121.849,P3O-dyn+AdaReset+HardDistill,Hopper-v4,2
137647,reward,3418,48.2460035540845,125.473,P3O-dyn+AdaReset+HardDistill,Hopper-v4,2
137804,reward,3419,203.00099224496685,137.227,P3O-dyn+AdaReset+HardDistill,Hopper-v4,2
137908,reward,3420,133.44641549849257,139.686,P3O-dyn+AdaReset+HardDistill,Hopper-v4,2
137951,reward,3421,53.334056485694894,135.685,P3O-dyn+AdaReset+HardDistill,Hopper-v4,2
138055,reward,3422,148.45745712298452,133.662,P3O-dyn+AdaReset+HardDistill,Hopper-v4,2
138079,reward,3423,18.68855355073009,120.618,P3O-dyn+AdaReset+HardDistill,Hopper-v4,2
138106,reward,3424,35.17069614763744,113.653,P3O-dyn+AdaReset+HardDistill,Hopper-v4,2
138146,reward,3425,59.19864734296153,107.311,P3O-dyn+AdaReset+HardDistill,Hopper-v4,2
138257,reward,3426,154.32291949755546,96.952,P3O-dyn+AdaReset+HardDistill,Hopper-v4,2
138304,reward,3427,78.73989833768948,93.261,P3O-dyn+AdaReset+HardDistill,Hopper-v4,2
138355,reward,3428,78.07488877196347,96.243,P3O-dyn+AdaReset+HardDistill,Hopper-v4,2
138413,reward,3429,91.44103115433367,85.087,P3O-dyn+AdaReset+HardDistill,Hopper-v4,2
138508,reward,3430,183.06259305516286,90.049,P3O-dyn+AdaReset+HardDistill,Hopper-v4,2
138569,reward,3431,91.7152702555274,93.887,P3O-dyn+AdaReset+HardDistill,Hopper-v4,2
138650,reward,3432,133.65854841518097,92.407,P3O-dyn+AdaReset+HardDistill,Hopper-v4,2
138709,reward,3433,101.66225735891717,100.705,P3O-dyn+AdaReset+HardDistill,Hopper-v4,2
138797,reward,3434,131.70656731012738,110.358,P3O-dyn+AdaReset+HardDistill,Hopper-v4,2
138951,reward,3435,194.68176794618407,123.907,P3O-dyn+AdaReset+HardDistill,Hopper-v4,2
138997,reward,3436,73.0610236347105,115.78,P3O-dyn+AdaReset+HardDistill,Hopper-v4,2
139021,reward,3437,30.842867742426858,110.991,P3O-dyn+AdaReset+HardDistill,Hopper-v4,2
139083,reward,3438,111.2310881853099,114.306,P3O-dyn+AdaReset+HardDistill,Hopper-v4,2
139153,reward,3439,108.59967037689498,116.022,P3O-dyn+AdaReset+HardDistill,Hopper-v4,2
139202,reward,3440,77.03619404449422,105.42,P3O-dyn+AdaReset+HardDistill,Hopper-v4,2
139264,loss,-0.012585876509547234,5.813009738922119,P3O-dyn+AdaReset+HardDistill,Hopper-v4,2
139292,reward,3441,152.23554861903347,111.472,P3O-dyn+AdaReset+HardDistill,Hopper-v4,2
139346,reward,3442,80.16992583821902,106.123,P3O-dyn+AdaReset+HardDistill,Hopper-v4,2
139403,reward,3443,86.07048338318661,104.564,P3O-dyn+AdaReset+HardDistill,Hopper-v4,2
139449,reward,3444,79.51189055925357,99.344,P3O-dyn+AdaReset+HardDistill,Hopper-v4,2
139526,reward,3445,131.58690219255237,93.035,P3O-dyn+AdaReset+HardDistill,Hopper-v4,2
139573,reward,3446,75.10840398162851,93.239,P3O-dyn+AdaReset+HardDistill,Hopper-v4,2
139660,reward,3447,122.70595340061477,102.426,P3O-dyn+AdaReset+HardDistill,Hopper-v4,2
139725,reward,3448,95.00466502649992,100.803,P3O-dyn+AdaReset+HardDistill,Hopper-v4,2
139791,reward,3449,93.60442148963726,99.303,P3O-dyn+AdaReset+HardDistill,Hopper-v4,2
139858,reward,3450,92.41610698660399,100.841,P3O-dyn+AdaReset+HardDistill,Hopper-v4,2
139923,reward,3451,114.95841686438247,97.114,P3O-dyn+AdaReset+HardDistill,Hopper-v4,2
140000,speed,2023.27,1.16,P3O-dyn+AdaReset+HardDistill,Hopper-v4,2
140003,reward,3452,110.06343640941739,100.103,P3O-dyn+AdaReset+HardDistill,Hopper-v4,2
140070,reward,3453,127.84892645375612,104.281,P3O-dyn+AdaReset+HardDistill,Hopper-v4,2
140134,reward,3454,104.30370497342804,106.76,P3O-dyn+AdaReset+HardDistill,Hopper-v4,2
140202,reward,3455,96.04617912418097,103.206,P3O-dyn+AdaReset+HardDistill,Hopper-v4,2
140254,reward,3456,87.87406395755822,104.483,P3O-dyn+AdaReset+HardDistill,Hopper-v4,2
140333,reward,3457,116.9778252515478,103.91,P3O-dyn+AdaReset+HardDistill,Hopper-v4,2
140393,reward,3458,89.5648821293556,103.366,P3O-dyn+AdaReset+HardDistill,Hopper-v4,2
140433,reward,3459,64.19017010588757,100.424,P3O-dyn+AdaReset+HardDistill,Hopper-v4,2
140480,reward,3460,78.4419095046479,99.027,P3O-dyn+AdaReset+HardDistill,Hopper-v4,2
140526,reward,3461,76.21493991757464,95.153,P3O-dyn+AdaReset+HardDistill,Hopper-v4,2
140650,reward,3462,152.20878211297924,99.367,P3O-dyn+AdaReset+HardDistill,Hopper-v4,2
140704,reward,3463,85.43234727675502,95.125,P3O-dyn+AdaReset+HardDistill,Hopper-v4,2
140778,reward,3464,111.75450646905809,95.871,P3O-dyn+AdaReset+HardDistill,Hopper-v4,2
140829,reward,3465,80.91489552317961,94.357,P3O-dyn+AdaReset+HardDistill,Hopper-v4,2
140924,reward,3466,185.62617118259547,104.133,P3O-dyn+AdaReset+HardDistill,Hopper-v4,2
141016,reward,3467,128.46275059330188,105.281,P3O-dyn+AdaReset+HardDistill,Hopper-v4,2
141111,reward,3468,181.82568636930554,114.507,P3O-dyn+AdaReset+HardDistill,Hopper-v4,2
141188,reward,3469,101.28823008895317,118.217,P3O-dyn+AdaReset+HardDistill,Hopper-v4,2
141263,reward,3470,104.42574893542368,120.815,P3O-dyn+AdaReset+HardDistill,Hopper-v4,2
141344,reward,3471,108.02526266395448,123.996,P3O-dyn+AdaReset+HardDistill,Hopper-v4,2
141412,reward,3472,114.49585545118131,120.225,P3O-dyn+AdaReset+HardDistill,Hopper-v4,2
141473,reward,3473,108.56666267357441,122.539,P3O-dyn+AdaReset+HardDistill,Hopper-v4,2
141542,reward,3474,99.02355814288948,121.265,P3O-dyn+AdaReset+HardDistill,Hopper-v4,2
141585,reward,3475,70.74370736513359,120.248,P3O-dyn+AdaReset+HardDistill,Hopper-v4,2
141646,reward,3476,88.4647493550578,110.532,P3O-dyn+AdaReset+HardDistill,Hopper-v4,2
141744,reward,3477,132.70163033074914,110.956,P3O-dyn+AdaReset+HardDistill,Hopper-v4,2
141832,reward,3478,135.8269321468168,106.356,P3O-dyn+AdaReset+HardDistill,Hopper-v4,2
141890,reward,3479,85.91661215662248,104.819,P3O-dyn+AdaReset+HardDistill,Hopper-v4,2
141965,reward,3480,114.22769511508204,105.799,P3O-dyn+AdaReset+HardDistill,Hopper-v4,2
142039,reward,3481,120.19896482696512,107.017,P3O-dyn+AdaReset+HardDistill,Hopper-v4,2
142089,reward,3482,87.04729668045313,104.272,P3O-dyn+AdaReset+HardDistill,Hopper-v4,2
142133,reward,3483,71.03571477013438,100.519,P3O-dyn+AdaReset+HardDistill,Hopper-v4,2
142173,reward,3484,47.3970250022574,95.356,P3O-dyn+AdaReset+HardDistill,Hopper-v4,2
142261,reward,3485,122.21728634101868,100.503,P3O-dyn+AdaReset+HardDistill,Hopper-v4,2
142332,reward,3486,121.16946134201388,103.774,P3O-dyn+AdaReset+HardDistill,Hopper-v4,2
142383,reward,3487,77.54041483327843,98.258,P3O-dyn+AdaReset+HardDistill,Hopper-v4,2
142427,reward,3488,72.15671257250696,91.891,P3O-dyn+AdaReset+HardDistill,Hopper-v4,2
142505,reward,3489,131.3303756083884,96.432,P3O-dyn+AdaReset+HardDistill,Hopper-v4,2
142656,reward,3490,203.09994843197194,105.319,P3O-dyn+AdaReset+HardDistill,Hopper-v4,2
142719,reward,3491,101.23310214673765,103.423,P3O-dyn+AdaReset+HardDistill,Hopper-v4,2
142772,reward,3492,84.12947700740348,103.131,P3O-dyn+AdaReset+HardDistill,Hopper-v4,2
142837,reward,3493,111.76785105362322,107.204,P3O-dyn+AdaReset+HardDistill,Hopper-v4,2
142890,reward,3494,93.00540926414189,111.765,P3O-dyn+AdaReset+HardDistill,Hopper-v4,2
142965,reward,3495,118.51706656512246,111.395,P3O-dyn+AdaReset+HardDistill,Hopper-v4,2
143032,reward,3496,102.94450591015884,109.572,P3O-dyn+AdaReset+HardDistill,Hopper-v4,2
143089,reward,3497,95.09742595693162,111.328,P3O-dyn+AdaReset+HardDistill,Hopper-v4,2
143139,reward,3498,84.90129209064895,112.603,P3O-dyn+AdaReset+HardDistill,Hopper-v4,2
143157,reward,3499,20.889435942262256,101.559,P3O-dyn+AdaReset+HardDistill,Hopper-v4,2
143217,reward,3500,101.57184371685466,91.406,P3O-dyn+AdaReset+HardDistill,Hopper-v4,2
143308,reward,3501,134.55212254993125,94.738,P3O-dyn+AdaReset+HardDistill,Hopper-v4,2
143347,reward,3502,65.03526777147754,92.828,P3O-dyn+AdaReset+HardDistill,Hopper-v4,2
143403,reward,3503,98.24781559222578,91.476,P3O-dyn+AdaReset+HardDistill,Hopper-v4,2
143454,reward,3504,82.97855818146762,90.474,P3O-dyn+AdaReset+HardDistill,Hopper-v4,2
143534,reward,3505,121.47894471565098,90.77,P3O-dyn+AdaReset+HardDistill,Hopper-v4,2
143586,reward,3506,87.72415840882807,89.248,P3O-dyn+AdaReset+HardDistill,Hopper-v4,2
143663,reward,3507,112.12563252347786,90.951,P3O-dyn+AdaReset+HardDistill,Hopper-v4,2
143738,reward,3508,120.83196300063535,94.544,P3O-dyn+AdaReset+HardDistill,Hopper-v4,2
143836,reward,3509,163.93217742798262,108.848,P3O-dyn+AdaReset+HardDistill,Hopper-v4,2
143902,reward,3510,98.97179356489791,108.588,P3O-dyn+AdaReset+HardDistill,Hopper-v4,2
143973,reward,3511,98.89849972088749,105.022,P3O-dyn+AdaReset+HardDistill,Hopper-v4,2
144046,reward,3512,110.46682199210892,109.566,P3O-dyn+AdaReset+HardDistill,Hopper-v4,2
144123,reward,3513,138.45771929044403,113.587,P3O-dyn+AdaReset+HardDistill,Hopper-v4,2
144171,reward,3514,73.39342187059148,112.628,P3O-dyn+AdaReset+HardDistill,Hopper-v4,2
144226,reward,3515,90.47684212915003,109.528,P3O-dyn+AdaReset+HardDistill,Hopper-v4,2
144277,reward,3516,70.13534036154525,107.769,P3O-dyn+AdaReset+HardDistill,Hopper-v4,2
144364,reward,3517,122.63675344541291,108.82,P3O-dyn+AdaReset+HardDistill,Hopper-v4,2
144421,reward,3518,92.31991081912544,105.969,P3O-dyn+AdaReset+HardDistill,Hopper-v4,2
144473,reward,3519,85.0964406219512,98.085,P3O-dyn+AdaReset+HardDistill,Hopper-v4,2
144549,reward,3520,111.83531885536068,99.372,P3O-dyn+AdaReset+HardDistill,Hopper-v4,2
144589,reward,3521,64.7900475181439,95.961,P3O-dyn+AdaReset+HardDistill,Hopper-v4,2
144632,reward,3522,69.32701767283312,91.847,P3O-dyn+AdaReset+HardDistill,Hopper-v4,2
144693,reward,3523,103.461512684861,88.347,P3O-dyn+AdaReset+HardDistill,Hopper-v4,2
144743,reward,3524,82.32550361534432,89.24,P3O-dyn+AdaReset+HardDistill,Hopper-v4,2
144794,reward,3525,90.0074039808651,89.194,P3O-dyn+AdaReset+HardDistill,Hopper-v4,2
144854,reward,3526,87.5210014194852,90.932,P3O-dyn+AdaReset+HardDistill,Hopper-v4,2
144952,reward,3527,147.18433292186572,93.387,P3O-dyn+AdaReset+HardDistill,Hopper-v4,2
145093,reward,3528,256.25562394953045,109.78,P3O-dyn+AdaReset+HardDistill,Hopper-v4,2
145155,reward,3529,110.69870763884977,112.341,P3O-dyn+AdaReset+HardDistill,Hopper-v4,2
145216,reward,3530,97.84304155169198,110.941,P3O-dyn+AdaReset+HardDistill,Hopper-v4,2
145287,reward,3531,100.3738374293925,114.5,P3O-dyn+AdaReset+HardDistill,Hopper-v4,2
145348,reward,3532,95.11946978289467,117.079,P3O-dyn+AdaReset+HardDistill,Hopper-v4,2
145384,reward,3533,59.58638535123972,112.692,P3O-dyn+AdaReset+HardDistill,Hopper-v4,2
145442,reward,3534,100.44512216168249,114.503,P3O-dyn+AdaReset+HardDistill,Hopper-v4,2
145578,reward,3535,105.796953037514,116.082,P3O-dyn+AdaReset+HardDistill,Hopper-v4,2
145649,reward,3536,110.98190014611441,118.429,P3O-dyn+AdaReset+HardDistill,Hopper-v4,2
145718,reward,3537,94.63786192028039,113.174,P3O-dyn+AdaReset+HardDistill,Hopper-v4,2
145775,reward,3538,101.75876936738743,97.724,P3O-dyn+AdaReset+HardDistill,Hopper-v4,2
145875,reward,3539,141.79324227233192,100.834,P3O-dyn+AdaReset+HardDistill,Hopper-v4,2
145948,reward,3540,108.974793069766,101.947,P3O-dyn+AdaReset+HardDistill,Hopper-v4,2
146004,reward,3541,95.90015366271523,101.499,P3O-dyn+AdaReset+HardDistill,Hopper-v4,2
146056,reward,3542,80.58515227389339,100.046,P3O-dyn+AdaReset+HardDistill,Hopper-v4,2
146115,reward,3543,96.99512427755465,103.787,P3O-dyn+AdaReset+HardDistill,Hopper-v4,2
146156,reward,3544,64.43568161317175,100.186,P3O-dyn+AdaReset+HardDistill,Hopper-v4,2
146223,reward,3545,92.94801394068337,98.901,P3O-dyn+AdaReset+HardDistill,Hopper-v4,2
146305,reward,3546,119.66517522189001,99.769,P3O-dyn+AdaReset+HardDistill,Hopper-v4,2
146380,reward,3547,134.48632557080967,103.754,P3O-dyn+AdaReset+HardDistill,Hopper-v4,2
146456,reward,3548,111.45552466511602,104.724,P3O-dyn+AdaReset+HardDistill,Hopper-v4,2
146502,reward,3549,72.47278762133784,97.792,P3O-dyn+AdaReset+HardDistill,Hopper-v4,2
146598,reward,3550,131.91453685161792,100.086,P3O-dyn+AdaReset+HardDistill,Hopper-v4,2
146650,reward,3551,86.43611201558242,99.139,P3O-dyn+AdaReset+HardDistill,Hopper-v4,2
146714,reward,3552,94.79031117878812,100.56,P3O-dyn+AdaReset+HardDistill,Hopper-v4,2
146834,reward,3553,160.70134837431834,106.931,P3O-dyn+AdaReset+HardDistill,Hopper-v4,2
146918,reward,3554,114.81764670686401,111.969,P3O-dyn+AdaReset+HardDistill,Hopper-v4,2
146986,reward,3555,95.36401446741877,112.21,P3O-dyn+AdaReset+HardDistill,Hopper-v4,2
147038,reward,3556,78.17067906647516,108.061,P3O-dyn+AdaReset+HardDistill,Hopper-v4,2
147097,reward,3557,110.93566411165129,105.706,P3O-dyn+AdaReset+HardDistill,Hopper-v4,2
147146,reward,3558,83.87046928208066,102.947,P3O-dyn+AdaReset+HardDistill,Hopper-v4,2
147170,reward,3559,12.192181123596889,96.919,P3O-dyn+AdaReset+HardDistill,Hopper-v4,2
147248,reward,3560,116.52991609747319,95.381,P3O-dyn+AdaReset+HardDistill,Hopper-v4,2
147352,reward,3561,133.84959161016747,100.122,P3O-dyn+AdaReset+HardDistill,Hopper-v4,2
147393,reward,3562,65.88561574701559,97.232,P3O-dyn+AdaReset+HardDistill,Hopper-v4,2
147455,reward,3563,94.55939475365508,90.618,P3O-dyn+AdaReset+HardDistill,Hopper-v4,2
147456,loss,-0.0022811274975538254,3.2806124687194824,P3O-dyn+AdaReset+HardDistill,Hopper-v4,2
147501,reward,3564,76.07215454052036,86.743,P3O-dyn+AdaReset+HardDistill,Hopper-v4,2
147550,reward,3565,83.47502153804686,85.554,P3O-dyn+AdaReset+HardDistill,Hopper-v4,2
147641,reward,3566,131.48629032906848,90.886,P3O-dyn+AdaReset+HardDistill,Hopper-v4,2
147705,reward,3567,93.50005373061344,89.142,P3O-dyn+AdaReset+HardDistill,Hopper-v4,2
147748,reward,3568,70.35521061745736,87.791,P3O-dyn+AdaReset+HardDistill,Hopper-v4,2
147793,reward,3569,69.62614597709423,93.534,P3O-dyn+AdaReset+HardDistill,Hopper-v4,2
147884,reward,3570,94.57875222430872,91.339,P3O-dyn+AdaReset+HardDistill,Hopper-v4,2
147940,reward,3571,90.13311343696373,86.967,P3O-dyn+AdaReset+HardDistill,Hopper-v4,2
148008,reward,3572,102.04796534217401,90.583,P3O-dyn+AdaReset+HardDistill,Hopper-v4,2
148071,reward,3573,98.96524258202692,91.024,P3O-dyn+AdaReset+HardDistill,Hopper-v4,2
148112,reward,3574,64.91804989599268,89.909,P3O-dyn+AdaReset+HardDistill,Hopper-v4,2
148188,reward,3575,120.19085467160173,93.58,P3O-dyn+AdaReset+HardDistill,Hopper-v4,2
148260,reward,3576,106.49458715725447,91.081,P3O-dyn+AdaReset+HardDistill,Hopper-v4,2
148312,reward,3577,89.77604459408488,90.709,P3O-dyn+AdaReset+HardDistill,Hopper-v4,2
148406,reward,3578,161.21975546329736,99.795,P3O-dyn+AdaReset+HardDistill,Hopper-v4,2
148461,reward,3579,95.31478053921786,102.364,P3O-dyn+AdaReset+HardDistill,Hopper-v4,2
148497,reward,3580,58.63944736475818,98.77,P3O-dyn+AdaReset+HardDistill,Hopper-v4,2
148573,reward,3581,141.39337629530743,103.896,P3O-dyn+AdaReset+HardDistill,Hopper-v4,2
148636,reward,3582,91.44692158237369,102.836,P3O-dyn+AdaReset+HardDistill,Hopper-v4,2
148678,reward,3583,70.155686791256,99.955,P3O-dyn+AdaReset+HardDistill,Hopper-v4,2
148738,reward,3584,101.38941264500015,103.602,P3O-dyn+AdaReset+HardDistill,Hopper-v4,2
148805,reward,3585,95.41985666635111,101.125,P3O-dyn+AdaReset+HardDistill,Hopper-v4,2
148961,reward,3586,237.20873224254802,114.196,P3O-dyn+AdaReset+HardDistill,Hopper-v4,2
148991,reward,3587,48.86807374632666,110.106,P3O-dyn+AdaReset+HardDistill,Hopper-v4,2
149029,reward,3588,61.065062296015036,100.09,P3O-dyn+AdaReset+HardDistill,Hopper-v4,2
149087,reward,3589,98.08647423616877,100.367,P3O-dyn+AdaReset+HardDistill,Hopper-v4,2
149146,reward,3590,100.63542006552728,104.567,P3O-dyn+AdaReset+HardDistill,Hopper-v4,2
149241,reward,3591,122.30829374827866,102.658,P3O-dyn+AdaReset+HardDistill,Hopper-v4,2
149323,reward,3592,144.8620737486929,108.0,P3O-dyn+AdaReset+HardDistill,Hopper-v4,2
149380,reward,3593,98.61806026658103,110.846,P3O-dyn+AdaReset+HardDistill,Hopper-v4,2
149441,reward,3594,91.74553396296828,109.882,P3O-dyn+AdaReset+HardDistill,Hopper-v4,2
149508,reward,3595,102.35166880904751,110.575,P3O-dyn+AdaReset+HardDistill,Hopper-v4,2
149544,reward,3596,58.76494914336661,92.731,P3O-dyn+AdaReset+HardDistill,Hopper-v4,2
149675,reward,3597,198.54769062135313,107.699,P3O-dyn+AdaReset+HardDistill,Hopper-v4,2
149768,reward,3598,134.81504793701347,115.074,P3O-dyn+AdaReset+HardDistill,Hopper-v4,2
149807,reward,3599,62.629484570628264,111.528,P3O-dyn+AdaReset+HardDistill,Hopper-v4,2
149879,reward,3600,138.35856065162145,115.3,P3O-dyn+AdaReset+HardDistill,Hopper-v4,2
149941,reward,3601,101.51691882080723,113.221,P3O-dyn+AdaReset+HardDistill,Hopper-v4,2
149987,reward,3602,73.43839902444925,106.079,P3O-dyn+AdaReset+HardDistill,Hopper-v4,2
150000,speed,2066.77,1.24,P3O-dyn+AdaReset+HardDistill,Hopper-v4,2
150000,sbp,0.4,0.5328,0.4618,P3O-dyn+AdaReset+HardDistill,Hopper-v4,2,0.01616,1,1.46642,0.857535,0.014821,0.012665,4.241608,4.251765,0.710042,0.170246,0.002395,0.770107,1.204705,0.00108,0.000429,1,periodic,0.001055,0.025,0.461803,0.0,0.461803,0.001055,0.001055,0.001055,0.0112,0.011207,0.011204,0,0.0,0.0,0.0
150045,reward,3603,94.71183175668276,105.688,P3O-dyn+AdaReset+HardDistill,Hopper-v4,2
150110,reward,3604,117.81222226697733,108.295,P3O-dyn+AdaReset+HardDistill,Hopper-v4,2
150140,reward,3605,49.623751333241984,103.022,P3O-dyn+AdaReset+HardDistill,Hopper-v4,2
150177,reward,3606,59.68919124931686,103.114,P3O-dyn+AdaReset+HardDistill,Hopper-v4,2
150218,reward,3607,66.0250350430636,89.862,P3O-dyn+AdaReset+HardDistill,Hopper-v4,2
150302,reward,3608,138.03616567532148,90.184,P3O-dyn+AdaReset+HardDistill,Hopper-v4,2
150344,reward,3609,70.02791225947601,90.924,P3O-dyn+AdaReset+HardDistill,Hopper-v4,2
150385,reward,3610,67.01009545173034,83.789,P3O-dyn+AdaReset+HardDistill,Hopper-v4,2
150424,reward,3611,62.84904424788837,79.922,P3O-dyn+AdaReset+HardDistill,Hopper-v4,2
150462,reward,3612,62.90608481360877,78.869,P3O-dyn+AdaReset+HardDistill,Hopper-v4,2
150498,reward,3613,59.36212354370866,75.334,P3O-dyn+AdaReset+HardDistill,Hopper-v4,2
150538,reward,3614,65.11895013951118,70.065,P3O-dyn+AdaReset+HardDistill,Hopper-v4,2
150578,reward,3615,65.26051943183035,71.629,P3O-dyn+AdaReset+HardDistill,Hopper-v4,2
150677,reward,3616,128.48288522707713,78.508,P3O-dyn+AdaReset+HardDistill,Hopper-v4,2
150743,reward,3617,112.1310683175008,83.118,P3O-dyn+AdaReset+HardDistill,Hopper-v4,2
150818,reward,3618,125.03230041485848,81.818,P3O-dyn+AdaReset+HardDistill,Hopper-v4,2
150889,reward,3619,96.47486666969577,84.463,P3O-dyn+AdaReset+HardDistill,Hopper-v4,2
150917,reward,3620,47.509838660913225,82.513,P3O-dyn+AdaReset+HardDistill,Hopper-v4,2
150953,reward,3621,60.25215773127819,82.253,P3O-dyn+AdaReset+HardDistill,Hopper-v4,2
150993,reward,3622,64.26981807912522,82.389,P3O-dyn+AdaReset+HardDistill,Hopper-v4,2
151039,reward,3623,67.08405955037475,83.162,P3O-dyn+AdaReset+HardDistill,Hopper-v4,2
151093,reward,3624,89.10823949556696,85.561,P3O-dyn+AdaReset+HardDistill,Hopper-v4,2
151141,reward,3625,79.58819483776782,86.993,P3O-dyn+AdaReset+HardDistill,Hopper-v4,2
151175,reward,3626,55.42033446937381,79.687,P3O-dyn+AdaReset+HardDistill,Hopper-v4,2
151216,reward,3627,66.13927377892925,75.088,P3O-dyn+AdaReset+HardDistill,Hopper-v4,2
151247,reward,3628,51.10475622423345,67.695,P3O-dyn+AdaReset+HardDistill,Hopper-v4,2
151329,reward,3629,136.4608881719729,71.694,P3O-dyn+AdaReset+HardDistill,Hopper-v4,2
151376,reward,3630,58.511399910468796,72.794,P3O-dyn+AdaReset+HardDistill,Hopper-v4,2
151438,reward,3631,89.72139732755343,75.741,P3O-dyn+AdaReset+HardDistill,Hopper-v4,2
151496,reward,3632,92.99358951122768,78.613,P3O-dyn+AdaReset+HardDistill,Hopper-v4,2
151548,reward,3633,79.87298867017162,79.892,P3O-dyn+AdaReset+HardDistill,Hopper-v4,2
151611,reward,3634,102.43991954349839,81.225,P3O-dyn+AdaReset+HardDistill,Hopper-v4,2
151664,reward,3635,67.73579656780406,80.04,P3O-dyn+AdaReset+HardDistill,Hopper-v4,2
151693,reward,3636,47.505986512300396,79.249,P3O-dyn+AdaReset+HardDistill,Hopper-v4,2
151749,reward,3637,80.78200196884542,80.713,P3O-dyn+AdaReset+HardDistill,Hopper-v4,2
151852,reward,3638,125.07057190045661,88.109,P3O-dyn+AdaReset+HardDistill,Hopper-v4,2
151909,reward,3639,86.97359065762545,83.161,P3O-dyn+AdaReset+HardDistill,Hopper-v4,2
151981,reward,3640,37.52067246041324,81.062,P3O-dyn+AdaReset+HardDistill,Hopper-v4,2
152015,reward,3641,55.79447785324824,77.669,P3O-dyn+AdaReset+HardDistill,Hopper-v4,2
152053,reward,3642,61.77918857867823,74.548,P3O-dyn+AdaReset+HardDistill,Hopper-v4,2
152092,reward,3643,62.97995445396581,72.858,P3O-dyn+AdaReset+HardDistill,Hopper-v4,2
152130,reward,3644,30.717711223564425,65.686,P3O-dyn+AdaReset+HardDistill,Hopper-v4,2
152199,reward,3645,111.0975521023233,70.022,P3O-dyn+AdaReset+HardDistill,Hopper-v4,2
152233,reward,3646,55.886936372251476,70.86,P3O-dyn+AdaReset+HardDistill,Hopper-v4,2
152267,reward,3647,32.05534092868368,65.988,P3O-dyn+AdaReset+HardDistill,Hopper-v4,2
152306,reward,3648,63.393914855849864,59.82,P3O-dyn+AdaReset+HardDistill,Hopper-v4,2
152345,reward,3649,62.95100065484916,57.418,P3O-dyn+AdaReset+HardDistill,Hopper-v4,2
152395,reward,3650,70.9526204021992,60.761,P3O-dyn+AdaReset+HardDistill,Hopper-v4,2
152433,reward,3651,62.11880408906043,61.393,P3O-dyn+AdaReset+HardDistill,Hopper-v4,2
152470,reward,3652,42.39365417671415,59.455,P3O-dyn+AdaReset+HardDistill,Hopper-v4,2
152553,reward,3653,138.55968113606144,67.013,P3O-dyn+AdaReset+HardDistill,Hopper-v4,2
152614,reward,3654,91.30139773332708,73.071,P3O-dyn+AdaReset+HardDistill,Hopper-v4,2
152649,reward,3655,57.642463071791006,67.726,P3O-dyn+AdaReset+HardDistill,Hopper-v4,2
152698,reward,3656,69.28416780455593,69.065,P3O-dyn+AdaReset+HardDistill,Hopper-v4,2
152735,reward,3657,59.760685069983204,71.836,P3O-dyn+AdaReset+HardDistill,Hopper-v4,2
152778,reward,3658,72.42724621531501,72.739,P3O-dyn+AdaReset+HardDistill,Hopper-v4,2
152843,reward,3659,94.47803540849958,75.892,P3O-dyn+AdaReset+HardDistill,Hopper-v4,2
152896,reward,3660,74.23826628006114,76.22,P3O-dyn+AdaReset+HardDistill,Hopper-v4,2
152941,reward,3661,76.37914405520836,77.646,P3O-dyn+AdaReset+HardDistill,Hopper-v4,2
152985,reward,3662,74.31579464525846,80.839,P3O-dyn+AdaReset+HardDistill,Hopper-v4,2
153031,reward,3663,78.87188040865925,74.87,P3O-dyn+AdaReset+HardDistill,Hopper-v4,2
153193,reward,3664,290.3515030795679,94.775,P3O-dyn+AdaReset+HardDistill,Hopper-v4,2
153233,reward,3665,46.98100082827409,93.709,P3O-dyn+AdaReset+HardDistill,Hopper-v4,2
153288,reward,3666,87.86604939031928,95.567,P3O-dyn+AdaReset+HardDistill,Hopper-v4,2
153323,reward,3667,57.65465621412129,95.356,P3O-dyn+AdaReset+HardDistill,Hopper-v4,2
153357,reward,3668,55.18695887785742,93.632,P3O-dyn+AdaReset+HardDistill,Hopper-v4,2
153408,reward,3669,87.83586566215808,92.968,P3O-dyn+AdaReset+HardDistill,Hopper-v4,2
153456,reward,3670,79.39130036763507,93.483,P3O-dyn+AdaReset+HardDistill,Hopper-v4,2
153504,reward,3671,81.80847427381863,94.026,P3O-dyn+AdaReset+HardDistill,Hopper-v4,2
153539,reward,3672,56.303993711965475,92.225,P3O-dyn+AdaReset+HardDistill,Hopper-v4,2
153577,reward,3673,62.96173591331717,90.634,P3O-dyn+AdaReset+HardDistill,Hopper-v4,2
153612,reward,3674,59.62630317620029,67.562,P3O-dyn+AdaReset+HardDistill,Hopper-v4,2
153640,reward,3675,28.401287510698364,65.704,P3O-dyn+AdaReset+HardDistill,Hopper-v4,2
153694,reward,3676,99.69989938004188,66.887,P3O-dyn+AdaReset+HardDistill,Hopper-v4,2
153761,reward,3677,123.046419692805,73.426,P3O-dyn+AdaReset+HardDistill,Hopper-v4,2
153811,reward,3678,72.73204117354301,75.181,P3O-dyn+AdaReset+HardDistill,Hopper-v4,2
153885,reward,3679,95.7670814541934,75.974,P3O-dyn+AdaReset+HardDistill,Hopper-v4,2
153920,reward,3680,56.98419484035943,73.733,P3O-dyn+AdaReset+HardDistill,Hopper-v4,2
153964,reward,3681,71.90769978025175,72.743,P3O-dyn+AdaReset+HardDistill,Hopper-v4,2
154031,reward,3682,109.85471030249408,78.098,P3O-dyn+AdaReset+HardDistill,Hopper-v4,2
154071,reward,3683,65.53413189605587,78.355,P3O-dyn+AdaReset+HardDistill,Hopper-v4,2
154103,reward,3684,51.1023185622238,77.503,P3O-dyn+AdaReset+HardDistill,Hopper-v4,2
154132,reward,3685,48.090291569635596,79.472,P3O-dyn+AdaReset+HardDistill,Hopper-v4,2
154191,reward,3686,99.02781364998008,79.405,P3O-dyn+AdaReset+HardDistill,Hopper-v4,2
154285,reward,3687,135.70983356874527,80.671,P3O-dyn+AdaReset+HardDistill,Hopper-v4,2
154335,reward,3688,84.69147806459691,81.867,P3O-dyn+AdaReset+HardDistill,Hopper-v4,2
154391,reward,3689,98.6725646290172,82.158,P3O-dyn+AdaReset+HardDistill,Hopper-v4,2
154454,reward,3690,92.0250540343949,85.662,P3O-dyn+AdaReset+HardDistill,Hopper-v4,2
154512,reward,3691,82.81493727618326,86.752,P3O-dyn+AdaReset+HardDistill,Hopper-v4,2
154556,reward,3692,72.51585435796252,83.018,P3O-dyn+AdaReset+HardDistill,Hopper-v4,2
154615,reward,3693,111.53145896108656,87.618,P3O-dyn+AdaReset+HardDistill,Hopper-v4,2
154668,reward,3694,86.53400993402612,91.161,P3O-dyn+AdaReset+HardDistill,Hopper-v4,2
154704,reward,3695,59.570258941994915,92.309,P3O-dyn+AdaReset+HardDistill,Hopper-v4,2
154743,reward,3696,63.07929635928889,88.714,P3O-dyn+AdaReset+HardDistill,Hopper-v4,2
154782,reward,3697,63.54228503714372,81.498,P3O-dyn+AdaReset+HardDistill,Hopper-v4,2
154847,reward,3698,94.93795183073678,82.522,P3O-dyn+AdaReset+HardDistill,Hopper-v4,2
154863,reward,3699,8.144790775757684,73.47,P3O-dyn+AdaReset+HardDistill,Hopper-v4,2
154940,reward,3700,104.67983915669285,74.735,P3O-dyn+AdaReset+HardDistill,Hopper-v4,2
155004,reward,3701,110.06404928922163,77.46,P3O-dyn+AdaReset+HardDistill,Hopper-v4,2
155033,reward,3702,47.38869268146787,74.947,P3O-dyn+AdaReset+HardDistill,Hopper-v4,2
155113,reward,3703,140.89417806615126,77.884,P3O-dyn+AdaReset+HardDistill,Hopper-v4,2
155173,reward,3704,98.13579788172662,79.044,P3O-dyn+AdaReset+HardDistill,Hopper-v4,2
155242,reward,3705,98.57791426024991,82.944,P3O-dyn+AdaReset+HardDistill,Hopper-v4,2
155271,reward,3706,47.67978687563701,81.405,P3O-dyn+AdaReset+HardDistill,Hopper-v4,2
155342,reward,3707,96.04677823042111,84.655,P3O-dyn+AdaReset+HardDistill,Hopper-v4,2
155395,reward,3708,89.51464463882647,84.113,P3O-dyn+AdaReset+HardDistill,Hopper-v4,2
155469,reward,3709,136.16745502767807,96.915,P3O-dyn+AdaReset+HardDistill,Hopper-v4,2
155507,reward,3710,61.07175736807948,92.554,P3O-dyn+AdaReset+HardDistill,Hopper-v4,2
155557,reward,3711,85.80854807716766,90.129,P3O-dyn+AdaReset+HardDistill,Hopper-v4,2
155622,reward,3712,104.76088679736128,95.866,P3O-dyn+AdaReset+HardDistill,Hopper-v4,2
155648,loss,-0.02032390609383583,6.494658470153809,P3O-dyn+AdaReset+HardDistill,Hopper-v4,2
155657,reward,3713,56.82927452747132,87.459,P3O-dyn+AdaReset+HardDistill,Hopper-v4,2
155727,reward,3714,124.41798803102546,90.088,P3O-dyn+AdaReset+HardDistill,Hopper-v4,2
155775,reward,3715,74.04776167437961,87.634,P3O-dyn+AdaReset+HardDistill,Hopper-v4,2
155823,reward,3716,75.40698656524685,90.407,P3O-dyn+AdaReset+HardDistill,Hopper-v4,2
155872,reward,3717,82.02056828361196,89.005,P3O-dyn+AdaReset+HardDistill,Hopper-v4,2
155940,reward,3718,105.06854861476769,90.56,P3O-dyn+AdaReset+HardDistill,Hopper-v4,2
155998,reward,3719,95.09103815499853,86.452,P3O-dyn+AdaReset+HardDistill,Hopper-v4,2
156040,reward,3720,70.24721473014253,87.37,P3O-dyn+AdaReset+HardDistill,Hopper-v4,2
156101,reward,3721,108.317500406643,89.621,P3O-dyn+AdaReset+HardDistill,Hopper-v4,2
156158,reward,3722,90.74800555101194,88.219,P3O-dyn+AdaReset+HardDistill,Hopper-v4,2
156258,reward,3723,139.4145560941945,96.478,P3O-dyn+AdaReset+HardDistill,Hopper-v4,2
156308,reward,3724,70.9060624879025,91.127,P3O-dyn+AdaReset+HardDistill,Hopper-v4,2
156349,reward,3725,67.57326892491517,90.479,P3O-dyn+AdaReset+HardDistill,Hopper-v4,2
156388,reward,3726,63.86565789999214,89.325,P3O-dyn+AdaReset+HardDistill,Hopper-v4,2
156431,reward,3727,70.3997492835652,88.163,P3O-dyn+AdaReset+HardDistill,Hopper-v4,2
156503,reward,3728,101.34971349218758,87.791,P3O-dyn+AdaReset+HardDistill,Hopper-v4,2
156539,reward,3729,58.893865744478354,84.172,P3O-dyn+AdaReset+HardDistill,Hopper-v4,2
156598,reward,3730,94.99817609820164,86.647,P3O-dyn+AdaReset+HardDistill,Hopper-v4,2
156665,reward,3731,110.50974895574605,86.866,P3O-dyn+AdaReset+HardDistill,Hopper-v4,2
156700,reward,3732,58.59924101411171,83.651,P3O-dyn+AdaReset+HardDistill,Hopper-v4,2
156792,reward,3733,77.07614705899987,77.417,P3O-dyn+AdaReset+HardDistill,Hopper-v4,2
156868,reward,3734,147.96404557383718,85.123,P3O-dyn+AdaReset+HardDistill,Hopper-v4,2
156895,reward,3735,46.05300005398987,82.971,P3O-dyn+AdaReset+HardDistill,Hopper-v4,2
156934,reward,3736,63.7678796441918,82.961,P3O-dyn+AdaReset+HardDistill,Hopper-v4,2
156995,reward,3737,107.17987488424697,86.639,P3O-dyn+AdaReset+HardDistill,Hopper-v4,2
157054,reward,3738,106.6864076317504,87.173,P3O-dyn+AdaReset+HardDistill,Hopper-v4,2
157109,reward,3739,80.02831484856934,89.286,P3O-dyn+AdaReset+HardDistill,Hopper-v4,2
157157,reward,3740,74.64956639424909,87.251,P3O-dyn+AdaReset+HardDistill,Hopper-v4,2
157186,reward,3741,48.10463427114169,81.011,P3O-dyn+AdaReset+HardDistill,Hopper-v4,2
157245,reward,3742,90.92263667906177,84.243,P3O-dyn+AdaReset+HardDistill,Hopper-v4,2
157351,reward,3743,173.28356189538056,93.864,P3O-dyn+AdaReset+HardDistill,Hopper-v4,2
157402,reward,3744,88.41140302565032,87.909,P3O-dyn+AdaReset+HardDistill,Hopper-v4,2
157435,reward,3745,53.70086382758419,88.674,P3O-dyn+AdaReset+HardDistill,Hopper-v4,2
157474,reward,3746,64.1322408559631,88.71,P3O-dyn+AdaReset+HardDistill,Hopper-v4,2
157512,reward,3747,61.82389743756606,84.174,P3O-dyn+AdaReset+HardDistill,Hopper-v4,2
157576,reward,3748,110.31844148852954,84.538,P3O-dyn+AdaReset+HardDistill,Hopper-v4,2
157649,reward,3749,104.59132060607331,86.994,P3O-dyn+AdaReset+HardDistill,Hopper-v4,2
157689,reward,3750,64.87283380205467,86.016,P3O-dyn+AdaReset+HardDistill,Hopper-v4,2
157725,reward,3751,60.39454240637411,87.245,P3O-dyn+AdaReset+HardDistill,Hopper-v4,2
157841,reward,3752,169.62974773490058,95.116,P3O-dyn+AdaReset+HardDistill,Hopper-v4,2
157877,reward,3753,59.177252935210866,83.705,P3O-dyn+AdaReset+HardDistill,Hopper-v4,2
157913,reward,3754,59.191138322431044,80.783,P3O-dyn+AdaReset+HardDistill,Hopper-v4,2
157984,reward,3755,113.06930084093355,86.72,P3O-dyn+AdaReset+HardDistill,Hopper-v4,2
158022,reward,3756,61.404834846979114,86.447,P3O-dyn+AdaReset+HardDistill,Hopper-v4,2
158053,reward,3757,52.21607942697192,85.487,P3O-dyn+AdaReset+HardDistill,Hopper-v4,2
158130,reward,3758,124.39330404006041,86.894,P3O-dyn+AdaReset+HardDistill,Hopper-v4,2
158178,reward,3759,68.34067029698001,83.269,P3O-dyn+AdaReset+HardDistill,Hopper-v4,2
158205,reward,3760,45.40272738807265,81.322,P3O-dyn+AdaReset+HardDistill,Hopper-v4,2
158240,reward,3761,57.361958965119996,81.019,P3O-dyn+AdaReset+HardDistill,Hopper-v4,2
158288,reward,3762,73.08131063839852,71.364,P3O-dyn+AdaReset+HardDistill,Hopper-v4,2
158343,reward,3763,78.42746454710242,73.289,P3O-dyn+AdaReset+HardDistill,Hopper-v4,2
158370,reward,3764,44.997550803430094,71.87,P3O-dyn+AdaReset+HardDistill,Hopper-v4,2
158422,reward,3765,73.93187475703377,67.956,P3O-dyn+AdaReset+HardDistill,Hopper-v4,2
158452,reward,3766,50.82276520411915,66.898,P3O-dyn+AdaReset+HardDistill,Hopper-v4,2
158489,reward,3767,60.19284483166327,67.695,P3O-dyn+AdaReset+HardDistill,Hopper-v4,2
158522,reward,3768,54.152022406786166,60.671,P3O-dyn+AdaReset+HardDistill,Hopper-v4,2
158559,reward,3769,60.396794031763015,59.877,P3O-dyn+AdaReset+HardDistill,Hopper-v4,2
158622,reward,3770,113.84628992464008,66.721,P3O-dyn+AdaReset+HardDistill,Hopper-v4,2
158651,reward,3771,48.47172203260802,65.832,P3O-dyn+AdaReset+HardDistill,Hopper-v4,2
158693,reward,3772,68.10025611185962,65.334,P3O-dyn+AdaReset+HardDistill,Hopper-v4,2
158741,reward,3773,63.389730736373295,63.83,P3O-dyn+AdaReset+HardDistill,Hopper-v4,2
158882,reward,3774,249.87376208266718,84.318,P3O-dyn+AdaReset+HardDistill,Hopper-v4,2
158913,reward,3775,51.31752073996199,82.056,P3O-dyn+AdaReset+HardDistill,Hopper-v4,2
158977,reward,3776,111.87550413274184,88.162,P3O-dyn+AdaReset+HardDistill,Hopper-v4,2
159016,reward,3777,63.3306826828166,88.475,P3O-dyn+AdaReset+HardDistill,Hopper-v4,2
159066,reward,3778,68.61443499229968,89.922,P3O-dyn+AdaReset+HardDistill,Hopper-v4,2
159105,reward,3779,63.8032019477899,90.262,P3O-dyn+AdaReset+HardDistill,Hopper-v4,2
159144,reward,3780,63.037437474239454,85.181,P3O-dyn+AdaReset+HardDistill,Hopper-v4,2
159177,reward,3781,53.65814666149874,85.7,P3O-dyn+AdaReset+HardDistill,Hopper-v4,2
159229,reward,3782,90.45005425654207,87.935,P3O-dyn+AdaReset+HardDistill,Hopper-v4,2
159286,reward,3783,99.19642767794682,91.516,P3O-dyn+AdaReset+HardDistill,Hopper-v4,2
159322,reward,3784,58.881176467467526,72.416,P3O-dyn+AdaReset+HardDistill,Hopper-v4,2
159423,reward,3785,192.69012277263027,86.554,P3O-dyn+AdaReset+HardDistill,Hopper-v4,2
159458,reward,3786,55.59870799235662,80.926,P3O-dyn+AdaReset+HardDistill,Hopper-v4,2
159504,reward,3787,75.98597727966819,82.192,P3O-dyn+AdaReset+HardDistill,Hopper-v4,2
159571,reward,3788,113.73986611445254,86.704,P3O-dyn+AdaReset+HardDistill,Hopper-v4,2
159632,reward,3789,105.4898694145472,90.873,P3O-dyn+AdaReset+HardDistill,Hopper-v4,2
159687,reward,3790,80.82805511523773,92.652,P3O-dyn+AdaReset+HardDistill,Hopper-v4,2
159721,reward,3791,55.94557192170235,92.881,P3O-dyn+AdaReset+HardDistill,Hopper-v4,2
159810,reward,3792,162.93620891969303,100.129,P3O-dyn+AdaReset+HardDistill,Hopper-v4,2
159890,reward,3793,137.14866309401594,103.924,P3O-dyn+AdaReset+HardDistill,Hopper-v4,2
159935,reward,3794,77.42606198781878,105.779,P3O-dyn+AdaReset+HardDistill,Hopper-v4,2
159964,reward,3795,47.575933127473746,91.267,P3O-dyn+AdaReset+HardDistill,Hopper-v4,2
160000,speed,2014.03,1.33,P3O-dyn+AdaReset+HardDistill,Hopper-v4,2
160053,reward,3796,150.62615676931057,100.77,P3O-dyn+AdaReset+HardDistill,Hopper-v4,2
160126,reward,3797,127.88926255481366,105.961,P3O-dyn+AdaReset+HardDistill,Hopper-v4,2
160185,reward,3798,95.12886469074962,104.099,P3O-dyn+AdaReset+HardDistill,Hopper-v4,2
160226,reward,3799,66.30374802063407,100.181,P3O-dyn+AdaReset+HardDistill,Hopper-v4,2
160273,reward,3800,76.29412945492177,99.727,P3O-dyn+AdaReset+HardDistill,Hopper-v4,2
160338,reward,3801,92.07499194782946,103.34,P3O-dyn+AdaReset+HardDistill,Hopper-v4,2
160367,reward,3802,48.624925242282295,91.909,P3O-dyn+AdaReset+HardDistill,Hopper-v4,2
160477,reward,3803,124.1983136601853,90.614,P3O-dyn+AdaReset+HardDistill,Hopper-v4,2
160514,reward,3804,59.84395800057847,88.856,P3O-dyn+AdaReset+HardDistill,Hopper-v4,2
160561,reward,3805,63.848653669353915,90.483,P3O-dyn+AdaReset+HardDistill,Hopper-v4,2
160614,reward,3806,75.60727689002604,82.981,P3O-dyn+AdaReset+HardDistill,Hopper-v4,2
160647,reward,3807,54.03766007798927,75.596,P3O-dyn+AdaReset+HardDistill,Hopper-v4,2
160694,reward,3808,69.8668133131849,73.07,P3O-dyn+AdaReset+HardDistill,Hopper-v4,2
160774,reward,3809,122.10679746514803,78.65,P3O-dyn+AdaReset+HardDistill,Hopper-v4,2
160851,reward,3810,122.97769857229004,83.319,P3O-dyn+AdaReset+HardDistill,Hopper-v4,2
160906,reward,3811,88.72261363041171,82.983,P3O-dyn+AdaReset+HardDistill,Hopper-v4,2
160979,reward,3812,98.75688762456177,87.997,P3O-dyn+AdaReset+HardDistill,Hopper-v4,2
161013,reward,3813,54.92690257016608,81.07,P3O-dyn+AdaReset+HardDistill,Hopper-v4,2
161052,reward,3814,63.36066706320619,81.421,P3O-dyn+AdaReset+HardDistill,Hopper-v4,2
161102,reward,3815,78.63972789875602,82.9,P3O-dyn+AdaReset+HardDistill,Hopper-v4,2
161146,reward,3816,67.26380988800169,82.066,P3O-dyn+AdaReset+HardDistill,Hopper-v4,2
161196,reward,3817,84.91643709544988,85.154,P3O-dyn+AdaReset+HardDistill,Hopper-v4,2
161262,reward,3818,93.6310205246666,87.53,P3O-dyn+AdaReset+HardDistill,Hopper-v4,2
161314,reward,3819,91.37520778039348,84.457,P3O-dyn+AdaReset+HardDistill,Hopper-v4,2
161346,reward,3820,52.079492823608206,77.367,P3O-dyn+AdaReset+HardDistill,Hopper-v4,2
161380,reward,3821,55.266805187654825,74.022,P3O-dyn+AdaReset+HardDistill,Hopper-v4,2
161439,reward,3822,101.43544599718646,74.29,P3O-dyn+AdaReset+HardDistill,Hopper-v4,2
161473,reward,3823,57.83782311335757,74.581,P3O-dyn+AdaReset+HardDistill,Hopper-v4,2
161541,reward,3824,106.58894447234923,78.903,P3O-dyn+AdaReset+HardDistill,Hopper-v4,2
161578,reward,3825,59.81074677036978,77.021,P3O-dyn+AdaReset+HardDistill,Hopper-v4,2
161633,reward,3826,94.36315851379972,79.731,P3O-dyn+AdaReset+HardDistill,Hopper-v4,2
161667,reward,3827,56.82623639598773,76.921,P3O-dyn+AdaReset+HardDistill,Hopper-v4,2
161701,reward,3828,55.856074039660825,73.144,P3O-dyn+AdaReset+HardDistill,Hopper-v4,2
161743,reward,3829,67.91243196840747,70.798,P3O-dyn+AdaReset+HardDistill,Hopper-v4,2
161776,reward,3830,53.88483219425167,70.978,P3O-dyn+AdaReset+HardDistill,Hopper-v4,2
161871,reward,3831,160.7685650007593,81.528,P3O-dyn+AdaReset+HardDistill,Hopper-v4,2
161929,reward,3832,87.81157571265202,80.166,P3O-dyn+AdaReset+HardDistill,Hopper-v4,2
161961,reward,3833,53.07855049957458,79.69,P3O-dyn+AdaReset+HardDistill,Hopper-v4,2
162010,reward,3834,75.45996184258514,76.577,P3O-dyn+AdaReset+HardDistill,Hopper-v4,2
162041,reward,3835,50.590347183255545,75.655,P3O-dyn+AdaReset+HardDistill,Hopper-v4,2
162102,reward,3836,86.18941430272245,74.838,P3O-dyn+AdaReset+HardDistill,Hopper-v4,2
162166,reward,3837,115.5173667172548,80.707,P3O-dyn+AdaReset+HardDistill,Hopper-v4,2
162219,reward,3838,92.93270083887805,84.415,P3O-dyn+AdaReset+HardDistill,Hopper-v4,2
162274,reward,3839,97.84978822103349,87.408,P3O-dyn+AdaReset+HardDistill,Hopper-v4,2
162310,reward,3840,44.27384398896325,86.447,P3O-dyn+AdaReset+HardDistill,Hopper-v4,2
162400,reward,3841,118.1991227931035,82.19,P3O-dyn+AdaReset+HardDistill,Hopper-v4,2
162492,reward,3842,140.87440414747107,87.497,P3O-dyn+AdaReset+HardDistill,Hopper-v4,2
162569,reward,3843,73.40899772774127,89.53,P3O-dyn+AdaReset+HardDistill,Hopper-v4,2
162605,reward,3844,55.065309512740406,87.49,P3O-dyn+AdaReset+HardDistill,Hopper-v4,2
162638,reward,3845,54.34139400538667,87.865,P3O-dyn+AdaReset+HardDistill,Hopper-v4,2
162676,reward,3846,57.66583457240616,85.013,P3O-dyn+AdaReset+HardDistill,Hopper-v4,2
162707,reward,3847,51.792893838938106,78.64,P3O-dyn+AdaReset+HardDistill,Hopper-v4,2
162752,reward,3848,62.551485940388204,75.602,P3O-dyn+AdaReset+HardDistill,Hopper-v4,2
162793,reward,3849,65.8000390137641,72.397,P3O-dyn+AdaReset+HardDistill,Hopper-v4,2
162823,reward,3850,49.241812944975635,72.894,P3O-dyn+AdaReset+HardDistill,Hopper-v4,2
162852,reward,3851,47.88768613009103,65.863,P3O-dyn+AdaReset+HardDistill,Hopper-v4,2
162904,reward,3852,83.77161595989305,60.153,P3O-dyn+AdaReset+HardDistill,Hopper-v4,2
162966,reward,3853,102.15300901862231,63.027,P3O-dyn+AdaReset+HardDistill,Hopper-v4,2
163002,reward,3854,58.801997910733526,63.401,P3O-dyn+AdaReset+HardDistill,Hopper-v4,2
163050,reward,3855,81.944566644809,66.161,P3O-dyn+AdaReset+HardDistill,Hopper-v4,2
163104,reward,3856,84.93167143006028,68.888,P3O-dyn+AdaReset+HardDistill,Hopper-v4,2
163139,reward,3857,57.284302679760856,69.437,P3O-dyn+AdaReset+HardDistill,Hopper-v4,2
163183,reward,3858,73.08710104554366,70.49,P3O-dyn+AdaReset+HardDistill,Hopper-v4,2
163234,reward,3859,73.11172804229162,71.222,P3O-dyn+AdaReset+HardDistill,Hopper-v4,2
163299,reward,3860,105.42047267167692,76.839,P3O-dyn+AdaReset+HardDistill,Hopper-v4,2
163373,reward,3861,115.52506118352628,83.603,P3O-dyn+AdaReset+HardDistill,Hopper-v4,2
163403,reward,3862,49.8650151842249,80.212,P3O-dyn+AdaReset+HardDistill,Hopper-v4,2
163464,reward,3863,107.97954034762105,80.795,P3O-dyn+AdaReset+HardDistill,Hopper-v4,2
163515,reward,3864,79.41713615434298,82.857,P3O-dyn+AdaReset+HardDistill,Hopper-v4,2
163548,reward,3865,54.30458319008731,80.093,P3O-dyn+AdaReset+HardDistill,Hopper-v4,2
163582,reward,3866,55.15794187438285,77.115,P3O-dyn+AdaReset+HardDistill,Hopper-v4,2
163652,reward,3867,90.4829466477042,80.435,P3O-dyn+AdaReset+HardDistill,Hopper-v4,2
163688,reward,3868,58.42216731767088,78.969,P3O-dyn+AdaReset+HardDistill,Hopper-v4,2
163737,reward,3869,79.04371583434283,79.562,P3O-dyn+AdaReset+HardDistill,Hopper-v4,2
163796,reward,3870,95.6087662349056,78.581,P3O-dyn+AdaReset+HardDistill,Hopper-v4,2
163829,reward,3871,53.99920362013638,72.428,P3O-dyn+AdaReset+HardDistill,Hopper-v4,2
163840,loss,-0.028037551790475845,8.21072769165039,P3O-dyn+AdaReset+HardDistill,Hopper-v4,2
163877,reward,3872,79.32616697851107,75.374,P3O-dyn+AdaReset+HardDistill,Hopper-v4,2
163965,reward,3873,157.29776297169172,80.306,P3O-dyn+AdaReset+HardDistill,Hopper-v4,2
164018,reward,3874,92.66029454161743,81.63,P3O-dyn+AdaReset+HardDistill,Hopper-v4,2
164052,reward,3875,55.99306053313925,81.799,P3O-dyn+AdaReset+HardDistill,Hopper-v4,2
164107,reward,3876,84.88923117374684,84.772,P3O-dyn+AdaReset+HardDistill,Hopper-v4,2
164136,reward,3877,47.878958493380225,80.512,P3O-dyn+AdaReset+HardDistill,Hopper-v4,2
164180,reward,3878,72.62132647861432,81.932,P3O-dyn+AdaReset+HardDistill,Hopper-v4,2
164219,reward,3879,66.30660680635019,80.658,P3O-dyn+AdaReset+HardDistill,Hopper-v4,2
164266,reward,3880,77.01794825772241,78.799,P3O-dyn+AdaReset+HardDistill,Hopper-v4,2
164297,reward,3881,50.90452633018112,78.49,P3O-dyn+AdaReset+HardDistill,Hopper-v4,2
164371,reward,3882,102.12757041941379,80.77,P3O-dyn+AdaReset+HardDistill,Hopper-v4,2
164419,reward,3883,80.51490796657478,73.091,P3O-dyn+AdaReset+HardDistill,Hopper-v4,2
164456,reward,3884,46.69247070234833,68.495,P3O-dyn+AdaReset+HardDistill,Hopper-v4,2
164505,reward,3885,66.26516858152044,69.522,P3O-dyn+AdaReset+HardDistill,Hopper-v4,2
164546,reward,3886,54.54712533643471,66.488,P3O-dyn+AdaReset+HardDistill,Hopper-v4,2
164593,reward,3887,60.0593382401211,67.706,P3O-dyn+AdaReset+HardDistill,Hopper-v4,2
164643,reward,3888,82.30117785319014,68.674,P3O-dyn+AdaReset+HardDistill,Hopper-v4,2
164680,reward,3889,57.126009943803474,67.756,P3O-dyn+AdaReset+HardDistill,Hopper-v4,2
164777,reward,3890,165.17166258290501,76.571,P3O-dyn+AdaReset+HardDistill,Hopper-v4,2
164807,reward,3891,49.33984155348329,76.415,P3O-dyn+AdaReset+HardDistill,Hopper-v4,2
164843,reward,3892,62.59521375784885,72.461,P3O-dyn+AdaReset+HardDistill,Hopper-v4,2
164948,reward,3893,97.76568351117692,74.186,P3O-dyn+AdaReset+HardDistill,Hopper-v4,2
165004,reward,3894,94.05801936345112,78.923,P3O-dyn+AdaReset+HardDistill,Hopper-v4,2
165074,reward,3895,102.48416004619631,82.545,P3O-dyn+AdaReset+HardDistill,Hopper-v4,2
165109,reward,3896,52.65732536916791,82.356,P3O-dyn+AdaReset+HardDistill,Hopper-v4,2
165149,reward,3897,64.14791159211019,82.765,P3O-dyn+AdaReset+HardDistill,Hopper-v4,2
165199,reward,3898,78.1809930305775,82.353,P3O-dyn+AdaReset+HardDistill,Hopper-v4,2
165228,reward,3899,14.484471352286878,78.089,P3O-dyn+AdaReset+HardDistill,Hopper-v4,2
165282,reward,3900,76.7174811819397,69.243,P3O-dyn+AdaReset+HardDistill,Hopper-v4,2
165324,reward,3901,67.5878537140483,71.068,P3O-dyn+AdaReset+HardDistill,Hopper-v4,2
165391,reward,3902,92.21550474450044,74.03,P3O-dyn+AdaReset+HardDistill,Hopper-v4,2
165423,reward,3903,53.04391419968206,69.558,P3O-dyn+AdaReset+HardDistill,Hopper-v4,2
165474,reward,3904,83.59855199137697,68.512,P3O-dyn+AdaReset+HardDistill,Hopper-v4,2
165506,reward,3905,51.87688585851852,63.451,P3O-dyn+AdaReset+HardDistill,Hopper-v4,2
165534,reward,3906,45.56987556218387,62.742,P3O-dyn+AdaReset+HardDistill,Hopper-v4,2
165582,reward,3907,75.88009441383674,63.916,P3O-dyn+AdaReset+HardDistill,Hopper-v4,2
165599,reward,3908,12.660006714610343,57.363,P3O-dyn+AdaReset+HardDistill,Hopper-v4,2
165650,reward,3909,85.16221138592871,64.431,P3O-dyn+AdaReset+HardDistill,Hopper-v4,2
165693,reward,3910,56.72570924512546,62.432,P3O-dyn+AdaReset+HardDistill,Hopper-v4,2
165735,reward,3911,57.96086455792015,61.469,P3O-dyn+AdaReset+HardDistill,Hopper-v4,2
165768,reward,3912,42.318940024063515,56.48,P3O-dyn+AdaReset+HardDistill,Hopper-v4,2
165806,reward,3913,62.429225582066486,57.418,P3O-dyn+AdaReset+HardDistill,Hopper-v4,2
165851,reward,3914,76.08216029519056,56.667,P3O-dyn+AdaReset+HardDistill,Hopper-v4,2
165884,reward,3915,57.50387070142858,57.229,P3O-dyn+AdaReset+HardDistill,Hopper-v4,2
165954,reward,3916,103.60586563178309,63.033,P3O-dyn+AdaReset+HardDistill,Hopper-v4,2
166058,reward,3917,139.03663485237092,69.349,P3O-dyn+AdaReset+HardDistill,Hopper-v4,2
166091,reward,3918,53.702040997543754,73.453,P3O-dyn+AdaReset+HardDistill,Hopper-v4,2
166147,reward,3919,84.65684071977597,73.402,P3O-dyn+AdaReset+HardDistill,Hopper-v4,2
166184,reward,3920,60.6179386253564,73.791,P3O-dyn+AdaReset+HardDistill,Hopper-v4,2
166246,reward,3921,94.78224681427123,77.474,P3O-dyn+AdaReset+HardDistill,Hopper-v4,2
166339,reward,3922,142.6941361530876,87.511,P3O-dyn+AdaReset+HardDistill,Hopper-v4,2
166353,reward,3923,6.868613765979063,81.955,P3O-dyn+AdaReset+HardDistill,Hopper-v4,2
166396,reward,3924,59.65814405546418,80.313,P3O-dyn+AdaReset+HardDistill,Hopper-v4,2
166436,reward,3925,64.55104493496346,81.017,P3O-dyn+AdaReset+HardDistill,Hopper-v4,2
166488,reward,3926,76.51358286778641,78.308,P3O-dyn+AdaReset+HardDistill,Hopper-v4,2
166529,reward,3927,66.22702385022349,71.027,P3O-dyn+AdaReset+HardDistill,Hopper-v4,2
166566,reward,3928,60.90890816670933,71.748,P3O-dyn+AdaReset+HardDistill,Hopper-v4,2
166598,reward,3929,52.47414792961146,68.53,P3O-dyn+AdaReset+HardDistill,Hopper-v4,2
166636,reward,3930,60.718154361198565,68.54,P3O-dyn+AdaReset+HardDistill,Hopper-v4,2
166692,reward,3931,81.21130211049666,67.183,P3O-dyn+AdaReset+HardDistill,Hopper-v4,2
166754,reward,3932,96.4480993011643,62.558,P3O-dyn+AdaReset+HardDistill,Hopper-v4,2
166809,reward,3933,76.98798755380285,69.57,P3O-dyn+AdaReset+HardDistill,Hopper-v4,2
166867,reward,3934,84.67525239915453,72.072,P3O-dyn+AdaReset+HardDistill,Hopper-v4,2
166902,reward,3935,56.71501950198248,71.288,P3O-dyn+AdaReset+HardDistill,Hopper-v4,2
166940,reward,3936,61.98071635444402,69.835,P3O-dyn+AdaReset+HardDistill,Hopper-v4,2
167020,reward,3937,134.341347185047,76.646,P3O-dyn+AdaReset+HardDistill,Hopper-v4,2
167072,reward,3938,90.10193178871825,79.565,P3O-dyn+AdaReset+HardDistill,Hopper-v4,2
167124,reward,3939,74.34953984323394,81.753,P3O-dyn+AdaReset+HardDistill,Hopper-v4,2
167168,reward,3940,72.87785983533847,82.969,P3O-dyn+AdaReset+HardDistill,Hopper-v4,2
167234,reward,3941,95.89898986190519,84.438,P3O-dyn+AdaReset+HardDistill,Hopper-v4,2
167279,reward,3942,74.09820027396611,82.203,P3O-dyn+AdaReset+HardDistill,Hopper-v4,2
167312,reward,3943,53.914186383202406,79.895,P3O-dyn+AdaReset+HardDistill,Hopper-v4,2
167373,reward,3944,89.7848555331158,80.406,P3O-dyn+AdaReset+HardDistill,Hopper-v4,2
167386,reward,3945,5.070142031494482,75.242,P3O-dyn+AdaReset+HardDistill,Hopper-v4,2
167419,reward,3946,54.722525173643156,74.516,P3O-dyn+AdaReset+HardDistill,Hopper-v4,2
167457,reward,3947,61.37784825555731,67.22,P3O-dyn+AdaReset+HardDistill,Hopper-v4,2
167499,reward,3948,70.51083067473493,65.26,P3O-dyn+AdaReset+HardDistill,Hopper-v4,2
167553,reward,3949,84.45629803617996,66.271,P3O-dyn+AdaReset+HardDistill,Hopper-v4,2
167593,reward,3950,64.6615929046314,65.45,P3O-dyn+AdaReset+HardDistill,Hopper-v4,2
167646,reward,3951,73.57681107224236,63.217,P3O-dyn+AdaReset+HardDistill,Hopper-v4,2
167684,reward,3952,47.95052877023318,60.603,P3O-dyn+AdaReset+HardDistill,Hopper-v4,2
167733,reward,3953,67.2795724227522,61.939,P3O-dyn+AdaReset+HardDistill,Hopper-v4,2
167780,reward,3954,79.14075604272865,60.875,P3O-dyn+AdaReset+HardDistill,Hopper-v4,2
167825,reward,3955,74.14823718404354,67.783,P3O-dyn+AdaReset+HardDistill,Hopper-v4,2
167867,reward,3956,68.3171464134654,69.142,P3O-dyn+AdaReset+HardDistill,Hopper-v4,2
167925,reward,3957,92.94368388488536,72.299,P3O-dyn+AdaReset+HardDistill,Hopper-v4,2
167972,reward,3958,81.84644994888288,73.432,P3O-dyn+AdaReset+HardDistill,Hopper-v4,2
168023,reward,3959,78.91509470289945,72.878,P3O-dyn+AdaReset+HardDistill,Hopper-v4,2
168076,reward,3960,73.83668573069028,73.795,P3O-dyn+AdaReset+HardDistill,Hopper-v4,2
168112,reward,3961,60.66202201402424,72.504,P3O-dyn+AdaReset+HardDistill,Hopper-v4,2
168164,reward,3962,79.87332275063658,75.696,P3O-dyn+AdaReset+HardDistill,Hopper-v4,2
168212,reward,3963,64.80595616162127,75.449,P3O-dyn+AdaReset+HardDistill,Hopper-v4,2
168250,reward,3964,62.150801732424455,73.75,P3O-dyn+AdaReset+HardDistill,Hopper-v4,2
168296,reward,3965,63.98879785940941,72.734,P3O-dyn+AdaReset+HardDistill,Hopper-v4,2
168388,reward,3966,161.85360443700407,82.088,P3O-dyn+AdaReset+HardDistill,Hopper-v4,2
168423,reward,3967,42.203799531097104,77.014,P3O-dyn+AdaReset+HardDistill,Hopper-v4,2
168452,reward,3968,22.218534178702658,71.051,P3O-dyn+AdaReset+HardDistill,Hopper-v4,2
168493,reward,3969,67.46785367556855,69.906,P3O-dyn+AdaReset+HardDistill,Hopper-v4,2
168561,reward,3970,116.05036861093198,74.128,P3O-dyn+AdaReset+HardDistill,Hopper-v4,2
168599,reward,3971,61.91368477757071,74.253,P3O-dyn+AdaReset+HardDistill,Hopper-v4,2
168648,reward,3972,74.25848134154693,73.691,P3O-dyn+AdaReset+HardDistill,Hopper-v4,2
168678,reward,3973,49.29500665864995,72.14,P3O-dyn+AdaReset+HardDistill,Hopper-v4,2
168717,reward,3974,63.402500485770936,72.265,P3O-dyn+AdaReset+HardDistill,Hopper-v4,2
168763,reward,3975,72.81933995990806,73.148,P3O-dyn+AdaReset+HardDistill,Hopper-v4,2
168822,reward,3976,102.79564429513898,67.243,P3O-dyn+AdaReset+HardDistill,Hopper-v4,2
168855,reward,3977,53.68865665965556,68.391,P3O-dyn+AdaReset+HardDistill,Hopper-v4,2
168899,reward,3978,74.3979555796921,73.609,P3O-dyn+AdaReset+HardDistill,Hopper-v4,2
168933,reward,3979,38.621110944257296,70.724,P3O-dyn+AdaReset+HardDistill,Hopper-v4,2
168974,reward,3980,57.1229220922481,64.832,P3O-dyn+AdaReset+HardDistill,Hopper-v4,2
169000,reward,3981,43.916950416861006,63.032,P3O-dyn+AdaReset+HardDistill,Hopper-v4,2
169029,reward,3982,47.28103204603633,60.334,P3O-dyn+AdaReset+HardDistill,Hopper-v4,2
169078,reward,3983,79.37257543278005,63.342,P3O-dyn+AdaReset+HardDistill,Hopper-v4,2
169110,reward,3984,53.30641347658411,62.332,P3O-dyn+AdaReset+HardDistill,Hopper-v4,2
169170,reward,3985,105.70560895418888,65.621,P3O-dyn+AdaReset+HardDistill,Hopper-v4,2
169218,reward,3986,69.88643483385094,62.33,P3O-dyn+AdaReset+HardDistill,Hopper-v4,2
169293,reward,3987,113.05553150267602,68.267,P3O-dyn+AdaReset+HardDistill,Hopper-v4,2
169377,reward,3988,123.63700485303714,73.191,P3O-dyn+AdaReset+HardDistill,Hopper-v4,2
169408,reward,3989,51.08719128343868,74.437,P3O-dyn+AdaReset+HardDistill,Hopper-v4,2
169509,reward,3990,164.07346527427435,85.132,P3O-dyn+AdaReset+HardDistill,Hopper-v4,2
169539,reward,3991,49.197951751116754,85.66,P3O-dyn+AdaReset+HardDistill,Hopper-v4,2
169619,reward,3992,131.46663063674075,94.079,P3O-dyn+AdaReset+HardDistill,Hopper-v4,2
169667,reward,3993,58.88084331936552,92.03,P3O-dyn+AdaReset+HardDistill,Hopper-v4,2
169704,reward,3994,60.58672377551297,92.758,P3O-dyn+AdaReset+HardDistill,Hopper-v4,2
169752,reward,3995,79.418353118142,90.129,P3O-dyn+AdaReset+HardDistill,Hopper-v4,2
169803,reward,3996,88.22669786184963,91.963,P3O-dyn+AdaReset+HardDistill,Hopper-v4,2
169848,reward,3997,74.00808914270951,88.058,P3O-dyn+AdaReset+HardDistill,Hopper-v4,2
169892,reward,3998,75.19143612358529,83.214,P3O-dyn+AdaReset+HardDistill,Hopper-v4,2
169940,reward,3999,74.03445681611649,85.508,P3O-dyn+AdaReset+HardDistill,Hopper-v4,2
170000,speed,2054.5,1.41,P3O-dyn+AdaReset+HardDistill,Hopper-v4,2
170027,reward,4000,114.38561176159524,80.54,P3O-dyn+AdaReset+HardDistill,Hopper-v4,2
170038,reward,4001,9.63760251024642,76.584,P3O-dyn+AdaReset+HardDistill,Hopper-v4,2
170097,reward,4002,92.24411902295138,72.661,P3O-dyn+AdaReset+HardDistill,Hopper-v4,2
170135,reward,4003,61.519294453974,72.925,P3O-dyn+AdaReset+HardDistill,Hopper-v4,2
170168,reward,4004,53.96933219376005,72.263,P3O-dyn+AdaReset+HardDistill,Hopper-v4,2
170219,reward,4005,73.7430239380862,71.696,P3O-dyn+AdaReset+HardDistill,Hopper-v4,2
170251,reward,4006,54.822845317242894,68.356,P3O-dyn+AdaReset+HardDistill,Hopper-v4,2
170319,reward,4007,112.9672423966508,72.251,P3O-dyn+AdaReset+HardDistill,Hopper-v4,2
170418,reward,4008,164.15800527113805,81.148,P3O-dyn+AdaReset+HardDistill,Hopper-v4,2
170466,reward,4009,67.94232598539487,80.539,P3O-dyn+AdaReset+HardDistill,Hopper-v4,2
170514,reward,4010,78.42856392964418,76.943,P3O-dyn+AdaReset+HardDistill,Hopper-v4,2
170561,reward,4011,78.95382161927537,83.875,P3O-dyn+AdaReset+HardDistill,Hopper-v4,2
170589,reward,4012,46.814773254939325,79.332,P3O-dyn+AdaReset+HardDistill,Hopper-v4,2
170623,reward,4013,56.780987024401966,78.858,P3O-dyn+AdaReset+HardDistill,Hopper-v4,2
170684,reward,4014,80.16860581551963,81.478,P3O-dyn+AdaReset+HardDistill,Hopper-v4,2
170714,reward,4015,49.68200202167526,79.072,P3O-dyn+AdaReset+HardDistill,Hopper-v4,2
170816,reward,4016,147.00084908762778,88.29,P3O-dyn+AdaReset+HardDistill,Hopper-v4,2
170863,reward,4017,62.65265141813048,83.258,P3O-dyn+AdaReset+HardDistill,Hopper-v4,2
170918,reward,4018,78.12247561560645,74.655,P3O-dyn+AdaReset+HardDistill,Hopper-v4,2
170971,reward,4019,91.54859877332608,77.015,P3O-dyn+AdaReset+HardDistill,Hopper-v4,2
171020,reward,4020,80.20239715862715,77.193,P3O-dyn+AdaReset+HardDistill,Hopper-v4,2
171082,reward,4021,102.75925924677902,79.573,P3O-dyn+AdaReset+HardDistill,Hopper-v4,2
171189,reward,4022,176.8895788192561,92.581,P3O-dyn+AdaReset+HardDistill,Hopper-v4,2
171219,reward,4023,48.83603989367283,91.786,P3O-dyn+AdaReset+HardDistill,Hopper-v4,2
171258,reward,4024,48.376333243746586,88.607,P3O-dyn+AdaReset+HardDistill,Hopper-v4,2
171333,reward,4025,134.32154078106385,97.071,P3O-dyn+AdaReset+HardDistill,Hopper-v4,2
171395,reward,4026,99.56784290093896,92.328,P3O-dyn+AdaReset+HardDistill,Hopper-v4,2
171439,reward,4027,71.24821683509492,93.187,P3O-dyn+AdaReset+HardDistill,Hopper-v4,2
171502,reward,4028,86.90074948142853,94.065,P3O-dyn+AdaReset+HardDistill,Hopper-v4,2
171563,reward,4029,101.78843442465218,95.089,P3O-dyn+AdaReset+HardDistill,Hopper-v4,2
171589,reward,4030,43.34222975004058,91.403,P3O-dyn+AdaReset+HardDistill,Hopper-v4,2
171641,reward,4031,87.52050667138724,89.879,P3O-dyn+AdaReset+HardDistill,Hopper-v4,2
171690,reward,4032,62.85011032220297,78.475,P3O-dyn+AdaReset+HardDistill,Hopper-v4,2
171726,reward,4033,62.18808199220274,79.81,P3O-dyn+AdaReset+HardDistill,Hopper-v4,2
171798,reward,4034,117.85602368930812,86.758,P3O-dyn+AdaReset+HardDistill,Hopper-v4,2
171819,reward,4035,13.355108885340595,74.662,P3O-dyn+AdaReset+HardDistill,Hopper-v4,2
171876,reward,4036,79.78453751810697,72.683,P3O-dyn+AdaReset+HardDistill,Hopper-v4,2
171925,reward,4037,70.46105292818147,72.605,P3O-dyn+AdaReset+HardDistill,Hopper-v4,2
171957,reward,4038,53.31413855587615,69.246,P3O-dyn+AdaReset+HardDistill,Hopper-v4,2
172028,reward,4039,109.53316947266788,70.02,P3O-dyn+AdaReset+HardDistill,Hopper-v4,2
172032,loss,-0.014222029596567154,4.838021278381348,P3O-dyn+AdaReset+HardDistill,Hopper-v4,2
172065,reward,4040,60.55780979952774,71.742,P3O-dyn+AdaReset+HardDistill,Hopper-v4,2
172107,reward,4041,50.222293711301035,68.012,P3O-dyn+AdaReset+HardDistill,Hopper-v4,2
172153,reward,4042,78.59733014089777,69.587,P3O-dyn+AdaReset+HardDistill,Hopper-v4,2
172257,reward,4043,114.1620576149368,74.784,P3O-dyn+AdaReset+HardDistill,Hopper-v4,2
172328,reward,4044,117.59536104777995,74.758,P3O-dyn+AdaReset+HardDistill,Hopper-v4,2
172376,reward,4045,68.33587937802946,80.256,P3O-dyn+AdaReset+HardDistill,Hopper-v4,2
172424,reward,4046,71.3324960107895,79.411,P3O-dyn+AdaReset+HardDistill,Hopper-v4,2
172473,reward,4047,82.79160097080951,80.644,P3O-dyn+AdaReset+HardDistill,Hopper-v4,2
172566,reward,4048,173.0278003373229,92.616,P3O-dyn+AdaReset+HardDistill,Hopper-v4,2
172632,reward,4049,122.18352594176959,93.881,P3O-dyn+AdaReset+HardDistill,Hopper-v4,2
172665,reward,4050,54.24391214045071,93.249,P3O-dyn+AdaReset+HardDistill,Hopper-v4,2
172726,reward,4051,112.15433125069214,99.442,P3O-dyn+AdaReset+HardDistill,Hopper-v4,2
172788,reward,4052,96.33087030395879,101.216,P3O-dyn+AdaReset+HardDistill,Hopper-v4,2
172822,reward,4053,46.2748568904168,94.427,P3O-dyn+AdaReset+HardDistill,Hopper-v4,2
172908,reward,4054,152.50048932038274,97.918,P3O-dyn+AdaReset+HardDistill,Hopper-v4,2
172951,reward,4055,64.61082978906505,97.545,P3O-dyn+AdaReset+HardDistill,Hopper-v4,2
173029,reward,4056,114.58015034186683,101.87,P3O-dyn+AdaReset+HardDistill,Hopper-v4,2
173067,reward,4057,61.68609893626258,99.759,P3O-dyn+AdaReset+HardDistill,Hopper-v4,2
173146,reward,4058,124.99824700076819,94.956,P3O-dyn+AdaReset+HardDistill,Hopper-v4,2
173220,reward,4059,134.34861617776227,96.173,P3O-dyn+AdaReset+HardDistill,Hopper-v4,2
173250,reward,4060,50.27370066349229,95.776,P3O-dyn+AdaReset+HardDistill,Hopper-v4,2
173296,reward,4061,72.21553160327365,91.782,P3O-dyn+AdaReset+HardDistill,Hopper-v4,2
173334,reward,4062,59.44636479962221,88.093,P3O-dyn+AdaReset+HardDistill,Hopper-v4,2
173363,reward,4063,47.88309038778255,88.254,P3O-dyn+AdaReset+HardDistill,Hopper-v4,2
173427,reward,4064,94.14698967169937,82.419,P3O-dyn+AdaReset+HardDistill,Hopper-v4,2
173509,reward,4065,132.31171956186841,89.189,P3O-dyn+AdaReset+HardDistill,Hopper-v4,2
173552,reward,4066,64.74688781057259,84.206,P3O-dyn+AdaReset+HardDistill,Hopper-v4,2
173598,reward,4067,61.346356175975515,84.172,P3O-dyn+AdaReset+HardDistill,Hopper-v4,2
173674,reward,4068,145.35325152940803,86.207,P3O-dyn+AdaReset+HardDistill,Hopper-v4,2
173706,reward,4069,52.383400028655444,78.011,P3O-dyn+AdaReset+HardDistill,Hopper-v4,2
173753,reward,4070,71.12087307129323,80.095,P3O-dyn+AdaReset+HardDistill,Hopper-v4,2
173811,reward,4071,104.60505330031258,83.334,P3O-dyn+AdaReset+HardDistill,Hopper-v4,2
173868,reward,4072,78.6391706365976,85.254,P3O-dyn+AdaReset+HardDistill,Hopper-v4,2
173897,reward,4073,48.42949282111574,85.308,P3O-dyn+AdaReset+HardDistill,Hopper-v4,2
173936,reward,4074,64.11727033424081,82.305,P3O-dyn+AdaReset+HardDistill,Hopper-v4,2
174015,reward,4075,151.20449111971692,84.195,P3O-dyn+AdaReset+HardDistill,Hopper-v4,2
174072,reward,4076,89.93443303539404,86.713,P3O-dyn+AdaReset+HardDistill,Hopper-v4,2
174117,reward,4077,77.72102777571084,88.351,P3O-dyn+AdaReset+HardDistill,Hopper-v4,2
174149,reward,4078,52.889924176875304,79.105,P3O-dyn+AdaReset+HardDistill,Hopper-v4,2
174194,reward,4079,74.4558638896707,81.312,P3O-dyn+AdaReset+HardDistill,Hopper-v4,2
174252,reward,4080,67.0749056172917,80.907,P3O-dyn+AdaReset+HardDistill,Hopper-v4,2
174313,reward,4081,97.61323340675649,80.208,P3O-dyn+AdaReset+HardDistill,Hopper-v4,2
174350,reward,4082,60.02086266048983,78.346,P3O-dyn+AdaReset+HardDistill,Hopper-v4,2
174417,reward,4083,93.2882848501718,82.832,P3O-dyn+AdaReset+HardDistill,Hopper-v4,2
174481,reward,4084,98.34514693442017,86.255,P3O-dyn+AdaReset+HardDistill,Hopper-v4,2
174520,reward,4085,63.82598272872149,77.517,P3O-dyn+AdaReset+HardDistill,Hopper-v4,2
174572,reward,4086,92.13137011817294,77.737,P3O-dyn+AdaReset+HardDistill,Hopper-v4,2
174614,reward,4087,59.59054858984152,75.924,P3O-dyn+AdaReset+HardDistill,Hopper-v4,2
174674,reward,4088,86.04841505395828,79.239,P3O-dyn+AdaReset+HardDistill,Hopper-v4,2
174728,reward,4089,76.29482140869928,79.423,P3O-dyn+AdaReset+HardDistill,Hopper-v4,2
174794,reward,4090,119.82213284281333,84.698,P3O-dyn+AdaReset+HardDistill,Hopper-v4,2
174842,reward,4091,81.71002734088182,83.108,P3O-dyn+AdaReset+HardDistill,Hopper-v4,2
174876,reward,4092,55.598031633471784,82.665,P3O-dyn+AdaReset+HardDistill,Hopper-v4,2
174932,reward,4093,82.7291150129112,81.61,P3O-dyn+AdaReset+HardDistill,Hopper-v4,2
174995,reward,4094,89.32638213328859,80.708,P3O-dyn+AdaReset+HardDistill,Hopper-v4,2
175107,reward,4095,125.55906952841964,86.881,P3O-dyn+AdaReset+HardDistill,Hopper-v4,2
175168,reward,4096,91.69670786711818,86.838,P3O-dyn+AdaReset+HardDistill,Hopper-v4,2
175182,reward,4097,15.051198209969797,82.384,P3O-dyn+AdaReset+HardDistill,Hopper-v4,2
175280,reward,4098,173.7030831620543,91.149,P3O-dyn+AdaReset+HardDistill,Hopper-v4,2
175340,reward,4099,110.02091429964739,94.522,P3O-dyn+AdaReset+HardDistill,Hopper-v4,2
175385,reward,4100,74.832724959317,90.023,P3O-dyn+AdaReset+HardDistill,Hopper-v4,2
175410,reward,4101,13.668320829055888,83.219,P3O-dyn+AdaReset+HardDistill,Hopper-v4,2
175473,reward,4102,105.50650909663914,88.209,P3O-dyn+AdaReset+HardDistill,Hopper-v4,2
175520,reward,4103,72.35286262322472,87.172,P3O-dyn+AdaReset+HardDistill,Hopper-v4,2
175592,reward,4104,90.2907662951194,87.268,P3O-dyn+AdaReset+HardDistill,Hopper-v4,2
175654,reward,4105,100.63561970769535,84.776,P3O-dyn+AdaReset+HardDistill,Hopper-v4,2
175682,reward,4106,46.36611936184501,80.243,P3O-dyn+AdaReset+HardDistill,Hopper-v4,2
175743,reward,4107,105.81580589283347,89.319,P3O-dyn+AdaReset+HardDistill,Hopper-v4,2
175773,reward,4108,49.228173313578814,76.872,P3O-dyn+AdaReset+HardDistill,Hopper-v4,2
175864,reward,4109,137.5665752033028,79.626,P3O-dyn+AdaReset+HardDistill,Hopper-v4,2
175901,reward,4110,58.87425853411039,78.031,P3O-dyn+AdaReset+HardDistill,Hopper-v4,2
175950,reward,4111,64.63879562476725,83.128,P3O-dyn+AdaReset+HardDistill,Hopper-v4,2
175978,reward,4112,46.64117108147414,77.241,P3O-dyn+AdaReset+HardDistill,Hopper-v4,2
176035,reward,4113,99.94276327615549,80.0,P3O-dyn+AdaReset+HardDistill,Hopper-v4,2
176093,reward,4114,84.5374825773482,79.425,P3O-dyn+AdaReset+HardDistill,Hopper-v4,2
176143,reward,4115,86.14717740717515,77.976,P3O-dyn+AdaReset+HardDistill,Hopper-v4,2
176176,reward,4116,43.647603770742634,77.704,P3O-dyn+AdaReset+HardDistill,Hopper-v4,2
176255,reward,4117,106.21206248946092,77.744,P3O-dyn+AdaReset+HardDistill,Hopper-v4,2
176305,reward,4118,70.65110767282177,79.886,P3O-dyn+AdaReset+HardDistill,Hopper-v4,2
176382,reward,4119,141.06336475680786,80.236,P3O-dyn+AdaReset+HardDistill,Hopper-v4,2
176416,reward,4120,44.65195907030184,78.813,P3O-dyn+AdaReset+HardDistill,Hopper-v4,2
176459,reward,4121,71.43956536899778,79.493,P3O-dyn+AdaReset+HardDistill,Hopper-v4,2
176501,reward,4122,54.23388951331463,80.253,P3O-dyn+AdaReset+HardDistill,Hopper-v4,2
176567,reward,4123,109.82130526910184,81.241,P3O-dyn+AdaReset+HardDistill,Hopper-v4,2
176603,reward,4124,44.04786681676399,77.192,P3O-dyn+AdaReset+HardDistill,Hopper-v4,2
176634,reward,4125,32.015816374669384,71.778,P3O-dyn+AdaReset+HardDistill,Hopper-v4,2
176685,reward,4126,72.6211991755478,74.676,P3O-dyn+AdaReset+HardDistill,Hopper-v4,2
176727,reward,4127,68.76565076693477,70.931,P3O-dyn+AdaReset+HardDistill,Hopper-v4,2
176765,reward,4128,58.76082548626944,69.742,P3O-dyn+AdaReset+HardDistill,Hopper-v4,2
176819,reward,4129,75.08316731436035,63.144,P3O-dyn+AdaReset+HardDistill,Hopper-v4,2
176877,reward,4130,98.2339377359772,68.502,P3O-dyn+AdaReset+HardDistill,Hopper-v4,2
176941,reward,4131,99.71218380614779,71.33,P3O-dyn+AdaReset+HardDistill,Hopper-v4,2
176995,reward,4132,74.18319078747304,73.325,P3O-dyn+AdaReset+HardDistill,Hopper-v4,2
177054,reward,4133,46.39970367604906,66.982,P3O-dyn+AdaReset+HardDistill,Hopper-v4,2
177119,reward,4134,100.25056126147037,72.603,P3O-dyn+AdaReset+HardDistill,Hopper-v4,2
177191,reward,4135,104.60082301844272,79.861,P3O-dyn+AdaReset+HardDistill,Hopper-v4,2
177246,reward,4136,84.44516867922964,81.044,P3O-dyn+AdaReset+HardDistill,Hopper-v4,2
177310,reward,4137,65.43820461107215,80.711,P3O-dyn+AdaReset+HardDistill,Hopper-v4,2
177346,reward,4138,58.91473279022277,80.726,P3O-dyn+AdaReset+HardDistill,Hopper-v4,2
177390,reward,4139,70.58899315946633,80.277,P3O-dyn+AdaReset+HardDistill,Hopper-v4,2
177426,reward,4140,58.2128069263546,76.275,P3O-dyn+AdaReset+HardDistill,Hopper-v4,2
177489,reward,4141,106.71306049112408,76.975,P3O-dyn+AdaReset+HardDistill,Hopper-v4,2
177521,reward,4142,34.95691530286408,73.052,P3O-dyn+AdaReset+HardDistill,Hopper-v4,2
177594,reward,4143,99.1435559554159,78.326,P3O-dyn+AdaReset+HardDistill,Hopper-v4,2
177685,reward,4144,174.19046060147878,85.72,P3O-dyn+AdaReset+HardDistill,Hopper-v4,2
177722,reward,4145,60.28800872611768,81.289,P3O-dyn+AdaReset+HardDistill,Hopper-v4,2
177815,reward,4146,177.02432782091066,90.547,P3O-dyn+AdaReset+HardDistill,Hopper-v4,2
177867,reward,4147,86.30577325657303,92.634,P3O-dyn+AdaReset+HardDistill,Hopper-v4,2
177921,reward,4148,90.81374738938439,95.824,P3O-dyn+AdaReset+HardDistill,Hopper-v4,2
177957,reward,4149,58.93771250129753,94.659,P3O-dyn+AdaReset+HardDistill,Hopper-v4,2
177998,reward,4150,61.33117357069615,94.97,P3O-dyn+AdaReset+HardDistill,Hopper-v4,2
178090,reward,4151,135.7113103045921,97.87,P3O-dyn+AdaReset+HardDistill,Hopper-v4,2
178239,reward,4152,282.3768228859122,122.612,P3O-dyn+AdaReset+HardDistill,Hopper-v4,2
178334,reward,4153,179.05518837308796,130.603,P3O-dyn+AdaReset+HardDistill,Hopper-v4,2
178372,reward,4154,61.02672380518179,119.287,P3O-dyn+AdaReset+HardDistill,Hopper-v4,2
178438,reward,4155,93.82975982773802,122.641,P3O-dyn+AdaReset+HardDistill,Hopper-v4,2
178473,reward,4156,56.856003467687444,110.624,P3O-dyn+AdaReset+HardDistill,Hopper-v4,2
178485,reward,4157,5.092582438848765,102.503,P3O-dyn+AdaReset+HardDistill,Hopper-v4,2
178564,reward,4158,106.390719179269,104.061,P3O-dyn+AdaReset+HardDistill,Hopper-v4,2
178657,reward,4159,130.403019274415,111.207,P3O-dyn+AdaReset+HardDistill,Hopper-v4,2
178689,reward,4160,51.94594004092565,110.269,P3O-dyn+AdaReset+HardDistill,Hopper-v4,2
178740,reward,4161,89.73599059463959,105.671,P3O-dyn+AdaReset+HardDistill,Hopper-v4,2
178779,reward,4162,62.77090353990967,83.711,P3O-dyn+AdaReset+HardDistill,Hopper-v4,2
178816,reward,4163,60.59819640665335,71.865,P3O-dyn+AdaReset+HardDistill,Hopper-v4,2
178850,reward,4164,50.78287402896458,70.841,P3O-dyn+AdaReset+HardDistill,Hopper-v4,2
178899,reward,4165,80.62199829606178,69.52,P3O-dyn+AdaReset+HardDistill,Hopper-v4,2
178952,reward,4166,87.07043805242566,72.541,P3O-dyn+AdaReset+HardDistill,Hopper-v4,2
179018,reward,4167,101.82725244208861,82.215,P3O-dyn+AdaReset+HardDistill,Hopper-v4,2
179074,reward,4168,86.34720319585821,80.21,P3O-dyn+AdaReset+HardDistill,Hopper-v4,2
179101,reward,4169,26.36410171952223,69.806,P3O-dyn+AdaReset+HardDistill,Hopper-v4,2
179168,reward,4170,100.26821564746322,74.639,P3O-dyn+AdaReset+HardDistill,Hopper-v4,2
179206,reward,4171,61.619718573235104,71.827,P3O-dyn+AdaReset+HardDistill,Hopper-v4,2
179233,reward,4172,45.24456626205336,70.074,P3O-dyn+AdaReset+HardDistill,Hopper-v4,2
179270,reward,4173,57.88930932079301,69.804,P3O-dyn+AdaReset+HardDistill,Hopper-v4,2
179304,reward,4174,56.45574099169049,70.371,P3O-dyn+AdaReset+HardDistill,Hopper-v4,2
179349,reward,4175,76.16370216388029,69.925,P3O-dyn+AdaReset+HardDistill,Hopper-v4,2
179407,reward,4176,82.53215138309169,69.471,P3O-dyn+AdaReset+HardDistill,Hopper-v4,2
179459,reward,4177,71.38938373002081,66.427,P3O-dyn+AdaReset+HardDistill,Hopper-v4,2
179524,reward,4178,92.14596487039256,67.007,P3O-dyn+AdaReset+HardDistill,Hopper-v4,2
179587,reward,4179,96.00607017775357,73.971,P3O-dyn+AdaReset+HardDistill,Hopper-v4,2
179632,reward,4180,68.98744223010691,70.843,P3O-dyn+AdaReset+HardDistill,Hopper-v4,2
179699,reward,4181,99.4904555562078,74.63,P3O-dyn+AdaReset+HardDistill,Hopper-v4,2
179741,reward,4182,62.62017638911215,76.368,P3O-dyn+AdaReset+HardDistill,Hopper-v4,2
179795,reward,4183,80.56623394783844,78.636,P3O-dyn+AdaReset+HardDistill,Hopper-v4,2
179831,reward,4184,58.15350474454835,78.806,P3O-dyn+AdaReset+HardDistill,Hopper-v4,2
179870,reward,4185,63.73650793307262,77.563,P3O-dyn+AdaReset+HardDistill,Hopper-v4,2
179909,reward,4186,65.35107866560594,75.845,P3O-dyn+AdaReset+HardDistill,Hopper-v4,2
179977,reward,4187,91.58264238185194,77.864,P3O-dyn+AdaReset+HardDistill,Hopper-v4,2
180000,speed,2077.27,1.49,P3O-dyn+AdaReset+HardDistill,Hopper-v4,2
180016,reward,4188,62.66317792772609,74.916,P3O-dyn+AdaReset+HardDistill,Hopper-v4,2
180070,reward,4189,75.26434079184476,72.842,P3O-dyn+AdaReset+HardDistill,Hopper-v4,2
180125,reward,4190,76.41027861667055,73.584,P3O-dyn+AdaReset+HardDistill,Hopper-v4,2
180224,loss,-0.010215874761343002,3.508347749710083,P3O-dyn+AdaReset+HardDistill,Hopper-v4,2
180230,reward,4191,121.91642757834617,75.826,P3O-dyn+AdaReset+HardDistill,Hopper-v4,2
180283,reward,4192,89.67085046540745,78.532,P3O-dyn+AdaReset+HardDistill,Hopper-v4,2
180327,reward,4193,65.55196153502703,77.03,P3O-dyn+AdaReset+HardDistill,Hopper-v4,2
180383,reward,4194,77.74552513990781,78.989,P3O-dyn+AdaReset+HardDistill,Hopper-v4,2
180423,reward,4195,64.42883110711851,79.059,P3O-dyn+AdaReset+HardDistill,Hopper-v4,2
180459,reward,4196,58.05417645724921,78.329,P3O-dyn+AdaReset+HardDistill,Hopper-v4,2
180506,reward,4197,78.08502849888472,76.979,P3O-dyn+AdaReset+HardDistill,Hopper-v4,2
180596,reward,4198,161.33828589183113,86.847,P3O-dyn+AdaReset+HardDistill,Hopper-v4,2
180628,reward,4199,43.59261539572327,83.679,P3O-dyn+AdaReset+HardDistill,Hopper-v4,2
180729,reward,4200,152.78814669264014,91.317,P3O-dyn+AdaReset+HardDistill,Hopper-v4,2
180756,reward,4201,45.13841667152153,83.639,P3O-dyn+AdaReset+HardDistill,Hopper-v4,2
180778,reward,4202,37.18481969373776,78.391,P3O-dyn+AdaReset+HardDistill,Hopper-v4,2
180811,reward,4203,51.03427659671596,76.939,P3O-dyn+AdaReset+HardDistill,Hopper-v4,2
180875,reward,4204,112.05534318051306,80.37,P3O-dyn+AdaReset+HardDistill,Hopper-v4,2
180929,reward,4205,77.21612328047392,81.649,P3O-dyn+AdaReset+HardDistill,Hopper-v4,2
180960,reward,4206,51.14027118458727,80.957,P3O-dyn+AdaReset+HardDistill,Hopper-v4,2
180994,reward,4207,55.94224189151014,78.743,P3O-dyn+AdaReset+HardDistill,Hopper-v4,2
181049,reward,4208,83.85693096669094,70.995,P3O-dyn+AdaReset+HardDistill,Hopper-v4,2
181081,reward,4209,33.53717608155088,69.989,P3O-dyn+AdaReset+HardDistill,Hopper-v4,2
181120,reward,4210,56.85478279039012,60.396,P3O-dyn+AdaReset+HardDistill,Hopper-v4,2
181222,reward,4211,174.41663170458506,73.324,P3O-dyn+AdaReset+HardDistill,Hopper-v4,2
181257,reward,4212,56.65878798999256,75.271,P3O-dyn+AdaReset+HardDistill,Hopper-v4,2
181288,reward,4213,50.739474638592974,75.242,P3O-dyn+AdaReset+HardDistill,Hopper-v4,2
181327,reward,4214,59.105205042692226,69.947,P3O-dyn+AdaReset+HardDistill,Hopper-v4,2
181361,reward,4215,56.74780487747452,67.9,P3O-dyn+AdaReset+HardDistill,Hopper-v4,2
181414,reward,4216,82.64486280721047,71.05,P3O-dyn+AdaReset+HardDistill,Hopper-v4,2
181455,reward,4217,67.61761489132877,72.218,P3O-dyn+AdaReset+HardDistill,Hopper-v4,2
181487,reward,4218,53.68946729633574,69.201,P3O-dyn+AdaReset+HardDistill,Hopper-v4,2
181528,reward,4219,55.07601785724194,71.355,P3O-dyn+AdaReset+HardDistill,Hopper-v4,2
181569,reward,4220,64.77753159628348,72.147,P3O-dyn+AdaReset+HardDistill,Hopper-v4,2
181615,reward,4221,72.95839253122419,62.002,P3O-dyn+AdaReset+HardDistill,Hopper-v4,2
181678,reward,4222,81.30425762654542,64.466,P3O-dyn+AdaReset+HardDistill,Hopper-v4,2
181729,reward,4223,86.55955467865527,68.048,P3O-dyn+AdaReset+HardDistill,Hopper-v4,2
181768,reward,4224,65.30658503948176,68.668,P3O-dyn+AdaReset+HardDistill,Hopper-v4,2
181821,reward,4225,80.22473223870232,71.016,P3O-dyn+AdaReset+HardDistill,Hopper-v4,2
181849,reward,4226,46.33029487819627,67.384,P3O-dyn+AdaReset+HardDistill,Hopper-v4,2
181886,reward,4227,60.49952321273448,66.673,P3O-dyn+AdaReset+HardDistill,Hopper-v4,2
181918,reward,4228,32.832009810902136,64.587,P3O-dyn+AdaReset+HardDistill,Hopper-v4,2
181958,reward,4229,58.22812448400768,64.902,P3O-dyn+AdaReset+HardDistill,Hopper-v4,2
181988,reward,4230,48.90679793232085,63.315,P3O-dyn+AdaReset+HardDistill,Hopper-v4,2
182041,reward,4231,75.41327096938049,63.561,P3O-dyn+AdaReset+HardDistill,Hopper-v4,2
182070,reward,4232,48.07791266019354,60.238,P3O-dyn+AdaReset+HardDistill,Hopper-v4,2
182110,reward,4233,70.19818647772811,58.602,P3O-dyn+AdaReset+HardDistill,Hopper-v4,2
182153,reward,4234,72.40207077659174,59.311,P3O-dyn+AdaReset+HardDistill,Hopper-v4,2
182186,reward,4235,54.723256292344075,56.761,P3O-dyn+AdaReset+HardDistill,Hopper-v4,2
182225,reward,4236,63.79843210494582,58.508,P3O-dyn+AdaReset+HardDistill,Hopper-v4,2
182272,reward,4237,78.93597335700679,60.352,P3O-dyn+AdaReset+HardDistill,Hopper-v4,2
182324,reward,4238,86.10619277602571,65.679,P3O-dyn+AdaReset+HardDistill,Hopper-v4,2
182357,reward,4239,53.29647453394282,65.186,P3O-dyn+AdaReset+HardDistill,Hopper-v4,2
182393,reward,4240,59.59457419848742,66.255,P3O-dyn+AdaReset+HardDistill,Hopper-v4,2
182424,reward,4241,51.20068835418343,63.833,P3O-dyn+AdaReset+HardDistill,Hopper-v4,2
182456,reward,4242,33.30394504601967,62.356,P3O-dyn+AdaReset+HardDistill,Hopper-v4,2
182514,reward,4243,104.53494692441309,65.79,P3O-dyn+AdaReset+HardDistill,Hopper-v4,2
182563,reward,4244,74.89788371640604,66.039,P3O-dyn+AdaReset+HardDistill,Hopper-v4,2
182607,reward,4245,60.46879662113445,66.614,P3O-dyn+AdaReset+HardDistill,Hopper-v4,2
182662,reward,4246,75.96175759955369,67.83,P3O-dyn+AdaReset+HardDistill,Hopper-v4,2
182697,reward,4247,57.184673194242244,65.655,P3O-dyn+AdaReset+HardDistill,Hopper-v4,2
182727,reward,4248,49.76239032589006,62.021,P3O-dyn+AdaReset+HardDistill,Hopper-v4,2
182763,reward,4249,58.92026288806842,62.583,P3O-dyn+AdaReset+HardDistill,Hopper-v4,2
182794,reward,4250,27.592143938458957,59.383,P3O-dyn+AdaReset+HardDistill,Hopper-v4,2
182829,reward,4251,57.20851876415673,59.984,P3O-dyn+AdaReset+HardDistill,Hopper-v4,2
182863,reward,4252,50.417061302348344,61.695,P3O-dyn+AdaReset+HardDistill,Hopper-v4,2
182917,reward,4253,81.82268983761342,59.424,P3O-dyn+AdaReset+HardDistill,Hopper-v4,2
183001,reward,4254,115.22872496378756,63.457,P3O-dyn+AdaReset+HardDistill,Hopper-v4,2
183049,reward,4255,66.17340487635293,64.027,P3O-dyn+AdaReset+HardDistill,Hopper-v4,2
183101,reward,4256,72.63365638524655,63.694,P3O-dyn+AdaReset+HardDistill,Hopper-v4,2
183139,reward,4257,61.27145739216973,64.103,P3O-dyn+AdaReset+HardDistill,Hopper-v4,2
183230,reward,4258,187.31439943229464,77.858,P3O-dyn+AdaReset+HardDistill,Hopper-v4,2
183271,reward,4259,38.67449089453727,75.834,P3O-dyn+AdaReset+HardDistill,Hopper-v4,2
183343,reward,4260,105.23226936241679,83.598,P3O-dyn+AdaReset+HardDistill,Hopper-v4,2
183375,reward,4261,53.14329250665028,83.191,P3O-dyn+AdaReset+HardDistill,Hopper-v4,2
183404,reward,4262,47.3437855555911,82.884,P3O-dyn+AdaReset+HardDistill,Hopper-v4,2
183474,reward,4263,76.43502453456726,82.345,P3O-dyn+AdaReset+HardDistill,Hopper-v4,2
183505,reward,4264,51.360006015477204,75.958,P3O-dyn+AdaReset+HardDistill,Hopper-v4,2
183627,reward,4265,170.35475782572453,86.376,P3O-dyn+AdaReset+HardDistill,Hopper-v4,2
183658,reward,4266,51.609639995237686,84.274,P3O-dyn+AdaReset+HardDistill,Hopper-v4,2
183692,reward,4267,56.635091653080025,83.81,P3O-dyn+AdaReset+HardDistill,Hopper-v4,2
183721,reward,4268,50.421019994434985,70.121,P3O-dyn+AdaReset+HardDistill,Hopper-v4,2
183772,reward,4269,71.32307443366744,73.386,P3O-dyn+AdaReset+HardDistill,Hopper-v4,2
183802,reward,4270,49.972196403302156,67.86,P3O-dyn+AdaReset+HardDistill,Hopper-v4,2
183843,reward,4271,69.6181600956328,69.507,P3O-dyn+AdaReset+HardDistill,Hopper-v4,2
183903,reward,4272,97.62897450448034,74.536,P3O-dyn+AdaReset+HardDistill,Hopper-v4,2
183938,reward,4273,54.80551366788889,72.373,P3O-dyn+AdaReset+HardDistill,Hopper-v4,2
183992,reward,4274,74.45432625800595,74.682,P3O-dyn+AdaReset+HardDistill,Hopper-v4,2
184025,reward,4275,53.9149096899499,63.038,P3O-dyn+AdaReset+HardDistill,Hopper-v4,2
184057,reward,4276,53.28738928897945,63.206,P3O-dyn+AdaReset+HardDistill,Hopper-v4,2
184118,reward,4277,93.09506341195896,66.852,P3O-dyn+AdaReset+HardDistill,Hopper-v4,2
184150,reward,4278,51.3935998324583,66.949,P3O-dyn+AdaReset+HardDistill,Hopper-v4,2
184190,reward,4279,67.28227054900297,66.545,P3O-dyn+AdaReset+HardDistill,Hopper-v4,2
184264,reward,4280,127.08289021196552,74.256,P3O-dyn+AdaReset+HardDistill,Hopper-v4,2
184343,reward,4281,139.693076336236,81.264,P3O-dyn+AdaReset+HardDistill,Hopper-v4,2
184410,reward,4282,118.40513626621474,83.341,P3O-dyn+AdaReset+HardDistill,Hopper-v4,2
184452,reward,4283,55.734463237269125,83.434,P3O-dyn+AdaReset+HardDistill,Hopper-v4,2
184491,reward,4284,53.54970017807407,81.344,P3O-dyn+AdaReset+HardDistill,Hopper-v4,2
184561,reward,4285,84.62572235095139,84.415,P3O-dyn+AdaReset+HardDistill,Hopper-v4,2
184599,reward,4286,62.86842695668346,85.373,P3O-dyn+AdaReset+HardDistill,Hopper-v4,2
184682,reward,4287,151.68085933333083,91.232,P3O-dyn+AdaReset+HardDistill,Hopper-v4,2
184707,reward,4288,41.96430400680894,90.289,P3O-dyn+AdaReset+HardDistill,Hopper-v4,2
184746,reward,4289,62.83083119693128,89.844,P3O-dyn+AdaReset+HardDistill,Hopper-v4,2
184772,reward,4290,43.90996642622922,81.526,P3O-dyn+AdaReset+HardDistill,Hopper-v4,2
184816,reward,4291,71.57538874289467,74.714,P3O-dyn+AdaReset+HardDistill,Hopper-v4,2
184862,reward,4292,75.70769595534038,70.445,P3O-dyn+AdaReset+HardDistill,Hopper-v4,2
184974,reward,4293,237.65808895992325,88.637,P3O-dyn+AdaReset+HardDistill,Hopper-v4,2
185005,reward,4294,51.16782691255071,88.399,P3O-dyn+AdaReset+HardDistill,Hopper-v4,2
185129,reward,4295,192.19396160348703,99.156,P3O-dyn+AdaReset+HardDistill,Hopper-v4,2
185195,reward,4296,111.80879721727159,104.05,P3O-dyn+AdaReset+HardDistill,Hopper-v4,2
185237,reward,4297,68.02030765235222,95.684,P3O-dyn+AdaReset+HardDistill,Hopper-v4,2
185284,reward,4298,68.2375161317753,98.311,P3O-dyn+AdaReset+HardDistill,Hopper-v4,2
185350,reward,4299,90.71234761336991,101.099,P3O-dyn+AdaReset+HardDistill,Hopper-v4,2
185388,reward,4300,63.263626351516486,103.035,P3O-dyn+AdaReset+HardDistill,Hopper-v4,2
185411,reward,4301,38.81604276198263,99.759,P3O-dyn+AdaReset+HardDistill,Hopper-v4,2
185439,reward,4302,45.66360837785045,96.754,P3O-dyn+AdaReset+HardDistill,Hopper-v4,2
185482,reward,4303,73.01852053155764,80.29,P3O-dyn+AdaReset+HardDistill,Hopper-v4,2
185574,reward,4304,158.56958774036644,91.03,P3O-dyn+AdaReset+HardDistill,Hopper-v4,2
185612,reward,4305,56.26090929267225,77.437,P3O-dyn+AdaReset+HardDistill,Hopper-v4,2
185663,reward,4306,81.21005182043861,74.377,P3O-dyn+AdaReset+HardDistill,Hopper-v4,2
185722,reward,4307,102.67918159198592,77.843,P3O-dyn+AdaReset+HardDistill,Hopper-v4,2
185766,reward,4308,60.15622596796914,77.035,P3O-dyn+AdaReset+HardDistill,Hopper-v4,2
185830,reward,4309,102.69357031091863,78.233,P3O-dyn+AdaReset+HardDistill,Hopper-v4,2
185870,reward,4310,59.59108972784652,77.866,P3O-dyn+AdaReset+HardDistill,Hopper-v4,2
185915,reward,4311,74.21435690376398,81.406,P3O-dyn+AdaReset+HardDistill,Hopper-v4,2
185949,reward,4312,52.05627058738688,82.045,P3O-dyn+AdaReset+HardDistill,Hopper-v4,2
185979,reward,4313,49.840816371026605,79.727,P3O-dyn+AdaReset+HardDistill,Hopper-v4,2
186014,reward,4314,44.86763269300073,68.357,P3O-dyn+AdaReset+HardDistill,Hopper-v4,2
186070,reward,4315,61.48551926811168,68.879,P3O-dyn+AdaReset+HardDistill,Hopper-v4,2
186122,reward,4316,73.31968014049362,68.09,P3O-dyn+AdaReset+HardDistill,Hopper-v4,2
186147,reward,4317,24.700199335070604,60.293,P3O-dyn+AdaReset+HardDistill,Hopper-v4,2
186177,reward,4318,49.448146513356605,59.222,P3O-dyn+AdaReset+HardDistill,Hopper-v4,2
186229,reward,4319,89.82922222761523,57.935,P3O-dyn+AdaReset+HardDistill,Hopper-v4,2
186256,reward,4320,44.7630483892586,56.452,P3O-dyn+AdaReset+HardDistill,Hopper-v4,2
186288,reward,4321,45.30860119354047,53.562,P3O-dyn+AdaReset+HardDistill,Hopper-v4,2
186348,reward,4322,84.18547814396821,56.775,P3O-dyn+AdaReset+HardDistill,Hopper-v4,2
186376,reward,4323,46.46315373207812,56.437,P3O-dyn+AdaReset+HardDistill,Hopper-v4,2
186431,reward,4324,93.27656792780068,61.278,P3O-dyn+AdaReset+HardDistill,Hopper-v4,2
186476,reward,4325,72.96466206391287,62.426,P3O-dyn+AdaReset+HardDistill,Hopper-v4,2
186512,reward,4326,60.22328075907804,61.116,P3O-dyn+AdaReset+HardDistill,Hopper-v4,2
186560,reward,4327,73.90096686377522,66.036,P3O-dyn+AdaReset+HardDistill,Hopper-v4,2
186656,reward,4328,185.45157387696685,79.637,P3O-dyn+AdaReset+HardDistill,Hopper-v4,2
186727,reward,4329,103.30925569037288,80.985,P3O-dyn+AdaReset+HardDistill,Hopper-v4,2
186793,reward,4330,87.34587981606923,85.243,P3O-dyn+AdaReset+HardDistill,Hopper-v4,2
186820,reward,4331,45.508740559598955,85.263,P3O-dyn+AdaReset+HardDistill,Hopper-v4,2
186902,reward,4332,147.90427639847772,91.635,P3O-dyn+AdaReset+HardDistill,Hopper-v4,2
186949,reward,4333,67.07808458264756,93.696,P3O-dyn+AdaReset+HardDistill,Hopper-v4,2
186984,reward,4334,54.50466131862625,89.819,P3O-dyn+AdaReset+HardDistill,Hopper-v4,2
187082,reward,4335,156.74960073473824,98.198,P3O-dyn+AdaReset+HardDistill,Hopper-v4,2
187155,reward,4336,43.812915430675005,96.557,P3O-dyn+AdaReset+HardDistill,Hopper-v4,2
187204,reward,4337,68.2916704542289,95.996,P3O-dyn+AdaReset+HardDistill,Hopper-v4,2
187233,reward,4338,48.42420632877168,82.293,P3O-dyn+AdaReset+HardDistill,Hopper-v4,2
187298,reward,4339,89.36220433054785,80.898,P3O-dyn+AdaReset+HardDistill,Hopper-v4,2
187357,reward,4340,87.34867138721988,80.899,P3O-dyn+AdaReset+HardDistill,Hopper-v4,2
187388,reward,4341,50.74026409992478,81.422,P3O-dyn+AdaReset+HardDistill,Hopper-v4,2
187427,reward,4342,59.95990118829205,72.627,P3O-dyn+AdaReset+HardDistill,Hopper-v4,2
187466,reward,4343,56.50411416935125,71.57,P3O-dyn+AdaReset+HardDistill,Hopper-v4,2
187511,reward,4344,75.6151090092226,73.681,P3O-dyn+AdaReset+HardDistill,Hopper-v4,2
187555,reward,4345,73.40689775864612,65.347,P3O-dyn+AdaReset+HardDistill,Hopper-v4,2
187620,reward,4346,86.79522607940612,69.645,P3O-dyn+AdaReset+HardDistill,Hopper-v4,2
187671,reward,4347,72.17619488420809,70.033,P3O-dyn+AdaReset+HardDistill,Hopper-v4,2
187711,reward,4348,53.52991790502887,70.544,P3O-dyn+AdaReset+HardDistill,Hopper-v4,2
187781,reward,4349,100.17286840903662,71.625,P3O-dyn+AdaReset+HardDistill,Hopper-v4,2
187822,reward,4350,67.69422117320642,69.659,P3O-dyn+AdaReset+HardDistill,Hopper-v4,2
187854,reward,4351,53.87709554876572,69.973,P3O-dyn+AdaReset+HardDistill,Hopper-v4,2
187941,reward,4352,108.23763908136867,74.801,P3O-dyn+AdaReset+HardDistill,Hopper-v4,2
187990,reward,4353,80.64562017121507,77.215,P3O-dyn+AdaReset+HardDistill,Hopper-v4,2
188022,reward,4354,53.36082105589406,74.99,P3O-dyn+AdaReset+HardDistill,Hopper-v4,2
188054,reward,4355,36.967549210267734,71.346,P3O-dyn+AdaReset+HardDistill,Hopper-v4,2
188174,reward,4356,225.8867022228291,85.255,P3O-dyn+AdaReset+HardDistill,Hopper-v4,2
188206,reward,4357,53.04830363428742,83.342,P3O-dyn+AdaReset+HardDistill,Hopper-v4,2
188251,reward,4358,44.834269503292425,82.473,P3O-dyn+AdaReset+HardDistill,Hopper-v4,2
188303,reward,4359,40.25933418958357,76.481,P3O-dyn+AdaReset+HardDistill,Hopper-v4,2
188337,reward,4360,55.679890832241384,75.28,P3O-dyn+AdaReset+HardDistill,Hopper-v4,2
188403,reward,4361,108.53257791668617,80.745,P3O-dyn+AdaReset+HardDistill,Hopper-v4,2
188416,loss,-0.014088226482272148,8.271289825439453,P3O-dyn+AdaReset+HardDistill,Hopper-v4,2
188464,reward,4362,102.25103958563695,80.147,P3O-dyn+AdaReset+HardDistill,Hopper-v4,2
188525,reward,4363,86.28478661405417,80.711,P3O-dyn+AdaReset+HardDistill,Hopper-v4,2
188596,reward,4364,112.01265485648979,86.576,P3O-dyn+AdaReset+HardDistill,Hopper-v4,2
188637,reward,4365,58.550457991531424,88.734,P3O-dyn+AdaReset+HardDistill,Hopper-v4,2
188673,reward,4366,59.03748482560759,72.049,P3O-dyn+AdaReset+HardDistill,Hopper-v4,2
188708,reward,4367,56.878126360171976,72.432,P3O-dyn+AdaReset+HardDistill,Hopper-v4,2
188741,reward,4368,54.13990923204709,73.363,P3O-dyn+AdaReset+HardDistill,Hopper-v4,2
188779,reward,4369,59.0790587321189,75.245,P3O-dyn+AdaReset+HardDistill,Hopper-v4,2
188813,reward,4370,55.819394646883055,75.259,P3O-dyn+AdaReset+HardDistill,Hopper-v4,2
188857,reward,4371,62.86311302448475,70.692,P3O-dyn+AdaReset+HardDistill,Hopper-v4,2
188921,reward,4372,109.06462744233663,71.373,P3O-dyn+AdaReset+HardDistill,Hopper-v4,2
188950,reward,4373,49.80758333733883,67.725,P3O-dyn+AdaReset+HardDistill,Hopper-v4,2
188992,reward,4374,69.48739934012453,63.473,P3O-dyn+AdaReset+HardDistill,Hopper-v4,2
189022,reward,4375,49.259194631913275,62.544,P3O-dyn+AdaReset+HardDistill,Hopper-v4,2
189057,reward,4376,52.52523461235671,61.892,P3O-dyn+AdaReset+HardDistill,Hopper-v4,2
189134,reward,4377,115.85574587978276,67.79,P3O-dyn+AdaReset+HardDistill,Hopper-v4,2
189177,reward,4378,65.83558558730552,68.96,P3O-dyn+AdaReset+HardDistill,Hopper-v4,2
189211,reward,4379,60.05111004235001,69.057,P3O-dyn+AdaReset+HardDistill,Hopper-v4,2
189242,reward,4380,50.701772777120055,68.545,P3O-dyn+AdaReset+HardDistill,Hopper-v4,2
189288,reward,4381,60.65511501647117,68.324,P3O-dyn+AdaReset+HardDistill,Hopper-v4,2
189331,reward,4382,64.0181435253396,63.82,P3O-dyn+AdaReset+HardDistill,Hopper-v4,2
189360,reward,4383,47.900579409814135,63.629,P3O-dyn+AdaReset+HardDistill,Hopper-v4,2
189385,reward,4384,42.55806828699365,60.936,P3O-dyn+AdaReset+HardDistill,Hopper-v4,2
189438,reward,4385,75.01733522012353,63.512,P3O-dyn+AdaReset+HardDistill,Hopper-v4,2
189474,reward,4386,58.3229891088619,64.092,P3O-dyn+AdaReset+HardDistill,Hopper-v4,2
189529,reward,4387,86.9195938060777,61.198,P3O-dyn+AdaReset+HardDistill,Hopper-v4,2
189592,reward,4388,98.66122756241714,64.481,P3O-dyn+AdaReset+HardDistill,Hopper-v4,2
189628,reward,4389,53.736048041247095,63.849,P3O-dyn+AdaReset+HardDistill,Hopper-v4,2
189699,reward,4390,122.69989372595042,71.049,P3O-dyn+AdaReset+HardDistill,Hopper-v4,2
189733,reward,4391,55.87375434145448,70.571,P3O-dyn+AdaReset+HardDistill,Hopper-v4,2
189767,reward,4392,56.46114223626922,69.815,P3O-dyn+AdaReset+HardDistill,Hopper-v4,2
189864,reward,4393,162.15293241582626,81.24,P3O-dyn+AdaReset+HardDistill,Hopper-v4,2
189919,reward,4394,74.3744996753767,84.422,P3O-dyn+AdaReset+HardDistill,Hopper-v4,2
189978,reward,4395,101.25507125391614,87.046,P3O-dyn+AdaReset+HardDistill,Hopper-v4,2
190000,speed,2041.32,1.57,P3O-dyn+AdaReset+HardDistill,Hopper-v4,2
190061,reward,4396,158.68261885779702,97.082,P3O-dyn+AdaReset+HardDistill,Hopper-v4,2
190121,reward,4397,86.27411621152217,97.017,P3O-dyn+AdaReset+HardDistill,Hopper-v4,2
190177,reward,4398,98.84921766718408,97.036,P3O-dyn+AdaReset+HardDistill,Hopper-v4,2
190213,reward,4399,60.749478649886534,97.737,P3O-dyn+AdaReset+HardDistill,Hopper-v4,2
190268,reward,4400,79.37192589876895,93.404,P3O-dyn+AdaReset+HardDistill,Hopper-v4,2
190314,reward,4401,80.60944573099717,95.878,P3O-dyn+AdaReset+HardDistill,Hopper-v4,2
190373,reward,4402,92.32410466212082,99.464,P3O-dyn+AdaReset+HardDistill,Hopper-v4,2
190405,reward,4403,54.046608246361636,88.654,P3O-dyn+AdaReset+HardDistill,Hopper-v4,2
190438,reward,4404,54.71271135360277,86.688,P3O-dyn+AdaReset+HardDistill,Hopper-v4,2
190519,reward,4405,129.00536667886266,89.463,P3O-dyn+AdaReset+HardDistill,Hopper-v4,2
190545,reward,4406,43.35295609909325,77.93,P3O-dyn+AdaReset+HardDistill,Hopper-v4,2
190580,reward,4407,57.78477933498409,75.081,P3O-dyn+AdaReset+HardDistill,Hopper-v4,2
190659,reward,4408,73.35501416983577,72.531,P3O-dyn+AdaReset+HardDistill,Hopper-v4,2
190698,reward,4409,60.51868070762156,72.508,P3O-dyn+AdaReset+HardDistill,Hopper-v4,2
190731,reward,4410,53.902459913564186,69.961,P3O-dyn+AdaReset+HardDistill,Hopper-v4,2
190847,reward,4411,235.01773112376847,85.402,P3O-dyn+AdaReset+HardDistill,Hopper-v4,2
190878,reward,4412,51.840051264171294,81.354,P3O-dyn+AdaReset+HardDistill,Hopper-v4,2
190912,reward,4413,53.56442051461101,81.305,P3O-dyn+AdaReset+HardDistill,Hopper-v4,2
191018,reward,4414,185.64954077688188,94.399,P3O-dyn+AdaReset+HardDistill,Hopper-v4,2
191062,reward,4415,64.70732017341275,87.969,P3O-dyn+AdaReset+HardDistill,Hopper-v4,2
191100,reward,4416,37.42286066698381,87.376,P3O-dyn+AdaReset+HardDistill,Hopper-v4,2
191130,reward,4417,49.85058436223467,86.583,P3O-dyn+AdaReset+HardDistill,Hopper-v4,2
191162,reward,4418,52.618432009218985,84.509,P3O-dyn+AdaReset+HardDistill,Hopper-v4,2
191212,reward,4419,69.02689838600898,85.36,P3O-dyn+AdaReset+HardDistill,Hopper-v4,2
191243,reward,4420,51.27662961831634,85.097,P3O-dyn+AdaReset+HardDistill,Hopper-v4,2
191309,reward,4421,114.91451222357844,73.087,P3O-dyn+AdaReset+HardDistill,Hopper-v4,2
191340,reward,4422,50.556169278100455,72.959,P3O-dyn+AdaReset+HardDistill,Hopper-v4,2
191370,reward,4423,49.57951206548266,72.56,P3O-dyn+AdaReset+HardDistill,Hopper-v4,2
191451,reward,4424,138.36007942003343,67.831,P3O-dyn+AdaReset+HardDistill,Hopper-v4,2
191485,reward,4425,54.966041804281026,66.857,P3O-dyn+AdaReset+HardDistill,Hopper-v4,2
191531,reward,4426,78.56347565062589,70.971,P3O-dyn+AdaReset+HardDistill,Hopper-v4,2
191579,reward,4427,80.63093233402985,74.049,P3O-dyn+AdaReset+HardDistill,Hopper-v4,2
191615,reward,4428,57.81351520865258,74.569,P3O-dyn+AdaReset+HardDistill,Hopper-v4,2
191645,reward,4429,50.05450557206978,72.672,P3O-dyn+AdaReset+HardDistill,Hopper-v4,2
191675,reward,4430,49.59306841310851,72.503,P3O-dyn+AdaReset+HardDistill,Hopper-v4,2
191704,reward,4431,48.399323651470255,65.852,P3O-dyn+AdaReset+HardDistill,Hopper-v4,2
191750,reward,4432,74.32592010178713,68.229,P3O-dyn+AdaReset+HardDistill,Hopper-v4,2
191800,reward,4433,83.82352374861966,71.653,P3O-dyn+AdaReset+HardDistill,Hopper-v4,2
191833,reward,4434,54.48675300054863,63.266,P3O-dyn+AdaReset+HardDistill,Hopper-v4,2
191874,reward,4435,56.12095144230339,63.381,P3O-dyn+AdaReset+HardDistill,Hopper-v4,2
191904,reward,4436,49.17746879493063,60.443,P3O-dyn+AdaReset+HardDistill,Hopper-v4,2
191938,reward,4437,56.395724068051656,58.019,P3O-dyn+AdaReset+HardDistill,Hopper-v4,2
191966,reward,4438,18.643365838167703,54.102,P3O-dyn+AdaReset+HardDistill,Hopper-v4,2
192069,reward,4439,122.4831671081915,61.345,P3O-dyn+AdaReset+HardDistill,Hopper-v4,2
192100,reward,4440,50.85563852254935,61.471,P3O-dyn+AdaReset+HardDistill,Hopper-v4,2
192128,reward,4441,46.8368369575832,61.315,P3O-dyn+AdaReset+HardDistill,Hopper-v4,2
192138,reward,4442,4.877751609960061,54.37,P3O-dyn+AdaReset+HardDistill,Hopper-v4,2
192167,reward,4443,47.578472869956144,50.746,P3O-dyn+AdaReset+HardDistill,Hopper-v4,2
192199,reward,4444,51.848848055516676,50.482,P3O-dyn+AdaReset+HardDistill,Hopper-v4,2
192230,reward,4445,50.928685613755725,49.963,P3O-dyn+AdaReset+HardDistill,Hopper-v4,2
192280,reward,4446,84.90285731844521,53.535,P3O-dyn+AdaReset+HardDistill,Hopper-v4,2
192311,reward,4447,51.53852233304977,53.049,P3O-dyn+AdaReset+HardDistill,Hopper-v4,2
192348,reward,4448,62.626155030805904,57.448,P3O-dyn+AdaReset+HardDistill,Hopper-v4,2
192390,reward,4449,63.19268354208695,51.519,P3O-dyn+AdaReset+HardDistill,Hopper-v4,2
192441,reward,4450,71.72977338038949,53.606,P3O-dyn+AdaReset+HardDistill,Hopper-v4,2
192513,reward,4451,122.92209882813157,61.215,P3O-dyn+AdaReset+HardDistill,Hopper-v4,2
192539,reward,4452,24.10545297948865,63.137,P3O-dyn+AdaReset+HardDistill,Hopper-v4,2
192594,reward,4453,99.39006594860973,68.319,P3O-dyn+AdaReset+HardDistill,Hopper-v4,2
192640,reward,4454,75.58413485162957,70.692,P3O-dyn+AdaReset+HardDistill,Hopper-v4,2
192676,reward,4455,58.87874765177295,71.487,P3O-dyn+AdaReset+HardDistill,Hopper-v4,2
192706,reward,4456,49.472975246419004,67.944,P3O-dyn+AdaReset+HardDistill,Hopper-v4,2
192733,reward,4457,44.56666804053962,67.247,P3O-dyn+AdaReset+HardDistill,Hopper-v4,2
192794,reward,4458,104.78268983902025,71.463,P3O-dyn+AdaReset+HardDistill,Hopper-v4,2
192837,reward,4459,62.20776987370971,71.364,P3O-dyn+AdaReset+HardDistill,Hopper-v4,2
192911,reward,4460,130.03209524432015,77.194,P3O-dyn+AdaReset+HardDistill,Hopper-v4,2
192981,reward,4461,93.72755565691835,74.275,P3O-dyn+AdaReset+HardDistill,Hopper-v4,2
193010,reward,4462,48.20574819077681,76.685,P3O-dyn+AdaReset+HardDistill,Hopper-v4,2
193048,reward,4463,61.64202128233834,72.91,P3O-dyn+AdaReset+HardDistill,Hopper-v4,2
193103,reward,4464,94.22146276397933,74.774,P3O-dyn+AdaReset+HardDistill,Hopper-v4,2
193202,reward,4465,130.864460875472,81.972,P3O-dyn+AdaReset+HardDistill,Hopper-v4,2
193233,reward,4466,51.764196895975324,82.201,P3O-dyn+AdaReset+HardDistill,Hopper-v4,2
193265,reward,4467,52.85012105869571,83.03,P3O-dyn+AdaReset+HardDistill,Hopper-v4,2
193294,reward,4468,48.048009572478,77.356,P3O-dyn+AdaReset+HardDistill,Hopper-v4,2
193328,reward,4469,55.73268020641661,76.709,P3O-dyn+AdaReset+HardDistill,Hopper-v4,2
193396,reward,4470,78.62761301645156,71.568,P3O-dyn+AdaReset+HardDistill,Hopper-v4,2
193470,reward,4471,110.93891248915668,73.29,P3O-dyn+AdaReset+HardDistill,Hopper-v4,2
193500,reward,4472,50.399133980040325,73.509,P3O-dyn+AdaReset+HardDistill,Hopper-v4,2
193550,reward,4473,67.27332332825155,74.072,P3O-dyn+AdaReset+HardDistill,Hopper-v4,2
193595,reward,4474,63.31803178888831,70.982,P3O-dyn+AdaReset+HardDistill,Hopper-v4,2
193636,reward,4475,60.433900484934526,63.939,P3O-dyn+AdaReset+HardDistill,Hopper-v4,2
193693,reward,4476,67.23444227310343,65.486,P3O-dyn+AdaReset+HardDistill,Hopper-v4,2
193733,reward,4477,63.57503548852398,66.558,P3O-dyn+AdaReset+HardDistill,Hopper-v4,2
193778,reward,4478,73.86669321690562,69.14,P3O-dyn+AdaReset+HardDistill,Hopper-v4,2
193804,reward,4479,43.044366672761484,67.871,P3O-dyn+AdaReset+HardDistill,Hopper-v4,2
193859,reward,4480,95.60162716868379,69.569,P3O-dyn+AdaReset+HardDistill,Hopper-v4,2
193904,reward,4481,66.53616132910123,65.128,P3O-dyn+AdaReset+HardDistill,Hopper-v4,2
193959,reward,4482,90.41891320289615,69.13,P3O-dyn+AdaReset+HardDistill,Hopper-v4,2
193994,reward,4483,58.01017322242689,68.204,P3O-dyn+AdaReset+HardDistill,Hopper-v4,2
194082,reward,4484,83.8234998760673,70.254,P3O-dyn+AdaReset+HardDistill,Hopper-v4,2
194122,reward,4485,63.131832133379106,70.524,P3O-dyn+AdaReset+HardDistill,Hopper-v4,2
194152,reward,4486,49.507337796251036,68.752,P3O-dyn+AdaReset+HardDistill,Hopper-v4,2
194192,reward,4487,64.67117329963519,68.861,P3O-dyn+AdaReset+HardDistill,Hopper-v4,2
194259,reward,4488,116.0385912888095,73.078,P3O-dyn+AdaReset+HardDistill,Hopper-v4,2
194324,reward,4489,107.42299031564352,79.516,P3O-dyn+AdaReset+HardDistill,Hopper-v4,2
194371,reward,4490,65.13804428298566,76.47,P3O-dyn+AdaReset+HardDistill,Hopper-v4,2
194404,reward,4491,54.20280262342503,75.237,P3O-dyn+AdaReset+HardDistill,Hopper-v4,2
194441,reward,4492,54.75046621671709,71.67,P3O-dyn+AdaReset+HardDistill,Hopper-v4,2
194508,reward,4493,110.5969694864156,76.928,P3O-dyn+AdaReset+HardDistill,Hopper-v4,2
194555,reward,4494,48.900890315523306,73.436,P3O-dyn+AdaReset+HardDistill,Hopper-v4,2
194582,reward,4495,44.788622951229215,71.602,P3O-dyn+AdaReset+HardDistill,Hopper-v4,2
194691,reward,4496,168.27798836299368,83.479,P3O-dyn+AdaReset+HardDistill,Hopper-v4,2
194733,reward,4497,59.58502018559367,82.97,P3O-dyn+AdaReset+HardDistill,Hopper-v4,2
194755,reward,4498,37.63548026044836,75.13,P3O-dyn+AdaReset+HardDistill,Hopper-v4,2
194789,reward,4499,54.97404637140241,69.885,P3O-dyn+AdaReset+HardDistill,Hopper-v4,2
194840,reward,4500,86.0385013002833,71.975,P3O-dyn+AdaReset+HardDistill,Hopper-v4,2
194868,reward,4501,46.60101430976471,71.215,P3O-dyn+AdaReset+HardDistill,Hopper-v4,2
194906,reward,4502,57.35023364229865,71.475,P3O-dyn+AdaReset+HardDistill,Hopper-v4,2
194975,reward,4503,113.84768377674636,71.8,P3O-dyn+AdaReset+HardDistill,Hopper-v4,2
195013,reward,4504,59.0568975565918,72.816,P3O-dyn+AdaReset+HardDistill,Hopper-v4,2
195097,reward,4505,105.6059513802914,78.897,P3O-dyn+AdaReset+HardDistill,Hopper-v4,2
195134,reward,4506,53.998950733418475,67.469,P3O-dyn+AdaReset+HardDistill,Hopper-v4,2
195166,reward,4507,52.394879854437946,66.75,P3O-dyn+AdaReset+HardDistill,Hopper-v4,2
195199,reward,4508,54.128193852837654,68.4,P3O-dyn+AdaReset+HardDistill,Hopper-v4,2
195230,reward,4509,51.049243065567765,68.007,P3O-dyn+AdaReset+HardDistill,Hopper-v4,2
195281,reward,4510,78.65236131136922,67.269,P3O-dyn+AdaReset+HardDistill,Hopper-v4,2
195306,reward,4511,42.7826342236525,66.887,P3O-dyn+AdaReset+HardDistill,Hopper-v4,2
195346,reward,4512,65.2066796675949,67.672,P3O-dyn+AdaReset+HardDistill,Hopper-v4,2
195421,reward,4513,135.5381790584812,69.841,P3O-dyn+AdaReset+HardDistill,Hopper-v4,2
195452,reward,4514,52.665407712571934,69.202,P3O-dyn+AdaReset+HardDistill,Hopper-v4,2
195485,reward,4515,54.085446595777235,64.05,P3O-dyn+AdaReset+HardDistill,Hopper-v4,2
195525,reward,4516,63.370301051001235,64.987,P3O-dyn+AdaReset+HardDistill,Hopper-v4,2
195559,reward,4517,50.689042390985485,64.817,P3O-dyn+AdaReset+HardDistill,Hopper-v4,2
195629,reward,4518,125.10780516203673,71.915,P3O-dyn+AdaReset+HardDistill,Hopper-v4,2
195662,reward,4519,53.745406876223704,72.184,P3O-dyn+AdaReset+HardDistill,Hopper-v4,2
195690,reward,4520,46.6376745712798,68.983,P3O-dyn+AdaReset+HardDistill,Hopper-v4,2
195759,reward,4521,120.13453702835263,76.718,P3O-dyn+AdaReset+HardDistill,Hopper-v4,2
195789,reward,4522,50.04000215620157,75.201,P3O-dyn+AdaReset+HardDistill,Hopper-v4,2
195821,reward,4523,52.313924097682595,66.879,P3O-dyn+AdaReset+HardDistill,Hopper-v4,2
195858,reward,4524,59.95149465502087,67.608,P3O-dyn+AdaReset+HardDistill,Hopper-v4,2
195923,reward,4525,75.19333846506599,69.718,P3O-dyn+AdaReset+HardDistill,Hopper-v4,2
195965,reward,4526,67.11170535949842,70.092,P3O-dyn+AdaReset+HardDistill,Hopper-v4,2
196043,reward,4527,134.20855033959467,78.444,P3O-dyn+AdaReset+HardDistill,Hopper-v4,2
196086,reward,4528,70.10302022256083,72.944,P3O-dyn+AdaReset+HardDistill,Hopper-v4,2
196132,reward,4529,66.6446446451265,74.234,P3O-dyn+AdaReset+HardDistill,Hopper-v4,2
196176,reward,4530,75.0520164631678,77.075,P3O-dyn+AdaReset+HardDistill,Hopper-v4,2
196216,reward,4531,60.28383130208637,71.09,P3O-dyn+AdaReset+HardDistill,Hopper-v4,2
196252,reward,4532,58.496278068645935,71.936,P3O-dyn+AdaReset+HardDistill,Hopper-v4,2
196325,reward,4533,103.99926499715889,77.104,P3O-dyn+AdaReset+HardDistill,Hopper-v4,2
196371,reward,4534,69.76395149432736,78.086,P3O-dyn+AdaReset+HardDistill,Hopper-v4,2
196402,reward,4535,51.21656199354063,75.688,P3O-dyn+AdaReset+HardDistill,Hopper-v4,2
196443,reward,4536,64.77408671034294,75.454,P3O-dyn+AdaReset+HardDistill,Hopper-v4,2
196479,reward,4537,48.20747679196675,66.854,P3O-dyn+AdaReset+HardDistill,Hopper-v4,2
196514,reward,4538,53.89842278243225,65.234,P3O-dyn+AdaReset+HardDistill,Hopper-v4,2
196545,reward,4539,50.61572547539975,63.631,P3O-dyn+AdaReset+HardDistill,Hopper-v4,2
196581,reward,4540,61.78355154466494,62.304,P3O-dyn+AdaReset+HardDistill,Hopper-v4,2
196608,loss,-0.017160512506961823,5.683464050292969,P3O-dyn+AdaReset+HardDistill,Hopper-v4,2
196613,reward,4541,52.91160630088638,61.567,P3O-dyn+AdaReset+HardDistill,Hopper-v4,2
196647,reward,4542,52.97069962636664,61.014,P3O-dyn+AdaReset+HardDistill,Hopper-v4,2
196677,reward,4543,49.83579418608122,55.598,P3O-dyn+AdaReset+HardDistill,Hopper-v4,2
196741,reward,4544,110.8192990627346,59.703,P3O-dyn+AdaReset+HardDistill,Hopper-v4,2
196776,reward,4545,52.482073856335106,59.83,P3O-dyn+AdaReset+HardDistill,Hopper-v4,2
196811,reward,4546,57.21564818981627,59.074,P3O-dyn+AdaReset+HardDistill,Hopper-v4,2
196843,reward,4547,52.65615254341413,59.519,P3O-dyn+AdaReset+HardDistill,Hopper-v4,2
196878,reward,4548,56.396206946001186,59.769,P3O-dyn+AdaReset+HardDistill,Hopper-v4,2
196930,reward,4549,77.92576175944478,62.5,P3O-dyn+AdaReset+HardDistill,Hopper-v4,2
196977,reward,4550,81.34903960051639,64.456,P3O-dyn+AdaReset+HardDistill,Hopper-v4,2
197015,reward,4551,63.60042671747885,65.525,P3O-dyn+AdaReset+HardDistill,Hopper-v4,2
197065,reward,4552,84.56944394907197,68.685,P3O-dyn+AdaReset+HardDistill,Hopper-v4,2
197103,reward,4553,55.35546536202129,69.237,P3O-dyn+AdaReset+HardDistill,Hopper-v4,2
197131,reward,4554,46.03073925622896,62.758,P3O-dyn+AdaReset+HardDistill,Hopper-v4,2
197172,reward,4555,60.893852862816416,63.599,P3O-dyn+AdaReset+HardDistill,Hopper-v4,2
197224,reward,4556,74.7099719639048,65.349,P3O-dyn+AdaReset+HardDistill,Hopper-v4,2
197260,reward,4557,53.52814943479653,65.436,P3O-dyn+AdaReset+HardDistill,Hopper-v4,2
197288,reward,4558,45.80359326229924,64.377,P3O-dyn+AdaReset+HardDistill,Hopper-v4,2
197320,reward,4559,53.4482564796983,61.929,P3O-dyn+AdaReset+HardDistill,Hopper-v4,2
197372,reward,4560,90.8366452321413,62.878,P3O-dyn+AdaReset+HardDistill,Hopper-v4,2
197411,reward,4561,52.706528073256116,61.788,P3O-dyn+AdaReset+HardDistill,Hopper-v4,2
197445,reward,4562,52.342227189751235,58.566,P3O-dyn+AdaReset+HardDistill,Hopper-v4,2
197471,reward,4563,44.003745885833816,57.43,P3O-dyn+AdaReset+HardDistill,Hopper-v4,2
197519,reward,4564,82.39405999853476,61.067,P3O-dyn+AdaReset+HardDistill,Hopper-v4,2
197543,reward,4565,40.42662665051487,59.02,P3O-dyn+AdaReset+HardDistill,Hopper-v4,2
197582,reward,4566,57.21323234517538,57.27,P3O-dyn+AdaReset+HardDistill,Hopper-v4,2
197621,reward,4567,56.36332729316423,57.554,P3O-dyn+AdaReset+HardDistill,Hopper-v4,2
197656,reward,4568,55.38067760114844,58.512,P3O-dyn+AdaReset+HardDistill,Hopper-v4,2
197687,reward,4569,51.021551142120735,58.269,P3O-dyn+AdaReset+HardDistill,Hopper-v4,2
197728,reward,4570,58.76752652021704,55.062,P3O-dyn+AdaReset+HardDistill,Hopper-v4,2
197760,reward,4571,51.598735938670515,54.951,P3O-dyn+AdaReset+HardDistill,Hopper-v4,2
197796,reward,4572,56.7787363325916,55.395,P3O-dyn+AdaReset+HardDistill,Hopper-v4,2
197843,reward,4573,79.65988032051234,58.96,P3O-dyn+AdaReset+HardDistill,Hopper-v4,2
197888,reward,4574,59.521965827936455,56.673,P3O-dyn+AdaReset+HardDistill,Hopper-v4,2
197922,reward,4575,49.47436003110868,57.578,P3O-dyn+AdaReset+HardDistill,Hopper-v4,2
197957,reward,4576,53.88596056994192,57.245,P3O-dyn+AdaReset+HardDistill,Hopper-v4,2
197988,reward,4577,50.756573034629845,56.685,P3O-dyn+AdaReset+HardDistill,Hopper-v4,2
198014,reward,4578,44.71564866559426,55.618,P3O-dyn+AdaReset+HardDistill,Hopper-v4,2
198042,reward,4579,46.64967631922823,55.181,P3O-dyn+AdaReset+HardDistill,Hopper-v4,2
198073,reward,4580,52.42177112417983,54.546,P3O-dyn+AdaReset+HardDistill,Hopper-v4,2
198167,reward,4581,165.30007633958058,65.916,P3O-dyn+AdaReset+HardDistill,Hopper-v4,2
198197,reward,4582,49.946958151355325,65.233,P3O-dyn+AdaReset+HardDistill,Hopper-v4,2
198238,reward,4583,70.87155547007936,64.354,P3O-dyn+AdaReset+HardDistill,Hopper-v4,2
198265,reward,4584,45.47330466551808,62.95,P3O-dyn+AdaReset+HardDistill,Hopper-v4,2
198322,reward,4585,91.34545611059107,67.137,P3O-dyn+AdaReset+HardDistill,Hopper-v4,2
198350,reward,4586,46.64474795840097,66.413,P3O-dyn+AdaReset+HardDistill,Hopper-v4,2
198382,reward,4587,53.31169156726633,66.668,P3O-dyn+AdaReset+HardDistill,Hopper-v4,2
198423,reward,4588,66.42276248389354,68.839,P3O-dyn+AdaReset+HardDistill,Hopper-v4,2
198463,reward,4589,62.28089641713987,70.402,P3O-dyn+AdaReset+HardDistill,Hopper-v4,2
198490,reward,4590,44.90468146417894,69.65,P3O-dyn+AdaReset+HardDistill,Hopper-v4,2
198524,reward,4591,52.387607997213316,58.359,P3O-dyn+AdaReset+HardDistill,Hopper-v4,2
198562,reward,4592,58.54136623315102,59.218,P3O-dyn+AdaReset+HardDistill,Hopper-v4,2
198598,reward,4593,57.42538361528397,57.874,P3O-dyn+AdaReset+HardDistill,Hopper-v4,2
198663,reward,4594,113.00758684093528,64.627,P3O-dyn+AdaReset+HardDistill,Hopper-v4,2
198760,reward,4595,180.01989015110436,73.495,P3O-dyn+AdaReset+HardDistill,Hopper-v4,2
198797,reward,4596,59.075142622296795,74.738,P3O-dyn+AdaReset+HardDistill,Hopper-v4,2
198826,reward,4597,48.2895380202858,74.235,P3O-dyn+AdaReset+HardDistill,Hopper-v4,2
198866,reward,4598,62.13733785439652,73.807,P3O-dyn+AdaReset+HardDistill,Hopper-v4,2
198926,reward,4599,106.02750141233724,78.182,P3O-dyn+AdaReset+HardDistill,Hopper-v4,2
198974,reward,4600,82.72795272868264,81.964,P3O-dyn+AdaReset+HardDistill,Hopper-v4,2
199004,reward,4601,49.62192002552222,81.687,P3O-dyn+AdaReset+HardDistill,Hopper-v4,2
199079,reward,4602,130.60533618086038,88.894,P3O-dyn+AdaReset+HardDistill,Hopper-v4,2
199145,reward,4603,110.29068261826366,94.18,P3O-dyn+AdaReset+HardDistill,Hopper-v4,2
199173,reward,4604,46.902419843485056,87.57,P3O-dyn+AdaReset+HardDistill,Hopper-v4,2
199204,reward,4605,51.18943368642467,74.687,P3O-dyn+AdaReset+HardDistill,Hopper-v4,2
199236,reward,4606,53.0370633665171,74.083,P3O-dyn+AdaReset+HardDistill,Hopper-v4,2
199267,reward,4607,53.068211964023206,74.561,P3O-dyn+AdaReset+HardDistill,Hopper-v4,2
199298,reward,4608,51.8219184027945,73.529,P3O-dyn+AdaReset+HardDistill,Hopper-v4,2
199349,reward,4609,70.99501026767916,70.026,P3O-dyn+AdaReset+HardDistill,Hopper-v4,2
199379,reward,4610,49.58632909626073,66.712,P3O-dyn+AdaReset+HardDistill,Hopper-v4,2
199423,reward,4611,61.7391308753369,67.924,P3O-dyn+AdaReset+HardDistill,Hopper-v4,2
199452,reward,4612,48.06749987662569,59.67,P3O-dyn+AdaReset+HardDistill,Hopper-v4,2
199488,reward,4613,54.88519623737797,54.129,P3O-dyn+AdaReset+HardDistill,Hopper-v4,2
199526,reward,4614,57.000219972958725,55.139,P3O-dyn+AdaReset+HardDistill,Hopper-v4,2
199561,reward,4615,53.69025287953432,55.389,P3O-dyn+AdaReset+HardDistill,Hopper-v4,2
199592,reward,4616,52.51758155805407,55.337,P3O-dyn+AdaReset+HardDistill,Hopper-v4,2
199681,reward,4617,166.07277847159057,66.638,P3O-dyn+AdaReset+HardDistill,Hopper-v4,2
199713,reward,4618,53.1357482812151,66.769,P3O-dyn+AdaReset+HardDistill,Hopper-v4,2
199805,reward,4619,155.24132518200017,75.194,P3O-dyn+AdaReset+HardDistill,Hopper-v4,2
199833,reward,4620,47.18960846294401,74.954,P3O-dyn+AdaReset+HardDistill,Hopper-v4,2
199884,reward,4621,75.39394216185545,76.319,P3O-dyn+AdaReset+HardDistill,Hopper-v4,2
199978,reward,4622,153.3423272647663,86.847,P3O-dyn+AdaReset+HardDistill,Hopper-v4,2
200000,speed,2052.4,1.65,P3O-dyn+AdaReset+HardDistill,Hopper-v4,2
200000,sbp,0.4,0.476,0.4049,P3O-dyn+AdaReset+HardDistill,Hopper-v4,2,0.01605,1,1.544282,0.902872,0.014393,0.01275,4.241785,4.251188,0.710411,0.128888,0.002217,0.755965,1.291349,0.008279,0.003097,1,periodic,0.008762,0.025,0.404949,0.0,0.404949,0.008762,0.008762,0.008762,0.007346,0.00735,0.007348,0,0.0,0.0,0.0
200072,reward,4623,180.93011627733378,99.451,P3O-dyn+AdaReset+HardDistill,Hopper-v4,2
200101,reward,4624,48.26454368507647,98.578,P3O-dyn+AdaReset+HardDistill,Hopper-v4,2
200123,reward,4625,37.282391692092474,96.937,P3O-dyn+AdaReset+HardDistill,Hopper-v4,2
200153,reward,4626,50.048595455577946,96.69,P3O-dyn+AdaReset+HardDistill,Hopper-v4,2
200181,reward,4627,46.48409777888837,84.731,P3O-dyn+AdaReset+HardDistill,Hopper-v4,2
200226,reward,4628,66.26314318931747,86.044,P3O-dyn+AdaReset+HardDistill,Hopper-v4,2
200299,reward,4629,121.7639139934002,82.696,P3O-dyn+AdaReset+HardDistill,Hopper-v4,2
200368,reward,4630,120.35017610525234,90.012,P3O-dyn+AdaReset+HardDistill,Hopper-v4,2
200411,reward,4631,53.329549157254576,87.806,P3O-dyn+AdaReset+HardDistill,Hopper-v4,2
200454,reward,4632,67.22622568178005,79.194,P3O-dyn+AdaReset+HardDistill,Hopper-v4,2
200489,reward,4633,57.24075994807224,66.825,P3O-dyn+AdaReset+HardDistill,Hopper-v4,2
200519,reward,4634,49.261209846426794,66.925,P3O-dyn+AdaReset+HardDistill,Hopper-v4,2
200557,reward,4635,56.212381114487336,68.818,P3O-dyn+AdaReset+HardDistill,Hopper-v4,2
200586,reward,4636,48.93062930530853,68.706,P3O-dyn+AdaReset+HardDistill,Hopper-v4,2
200614,reward,4637,46.72355772345866,68.73,P3O-dyn+AdaReset+HardDistill,Hopper-v4,2
200656,reward,4638,73.0536821247854,69.409,P3O-dyn+AdaReset+HardDistill,Hopper-v4,2
200691,reward,4639,54.3556866554196,62.668,P3O-dyn+AdaReset+HardDistill,Hopper-v4,2
200721,reward,4640,50.14365686518982,55.648,P3O-dyn+AdaReset+HardDistill,Hopper-v4,2
200755,reward,4641,53.584603449191334,55.673,P3O-dyn+AdaReset+HardDistill,Hopper-v4,2
200783,reward,4642,45.88822263393802,53.539,P3O-dyn+AdaReset+HardDistill,Hopper-v4,2
200839,reward,4643,73.83902743113258,55.199,P3O-dyn+AdaReset+HardDistill,Hopper-v4,2
200870,reward,4644,51.073701796167434,55.381,P3O-dyn+AdaReset+HardDistill,Hopper-v4,2
200900,reward,4645,49.39014415087429,54.698,P3O-dyn+AdaReset+HardDistill,Hopper-v4,2
200967,reward,4646,114.9423229651497,61.299,P3O-dyn+AdaReset+HardDistill,Hopper-v4,2
201013,reward,4647,55.66763542097453,62.194,P3O-dyn+AdaReset+HardDistill,Hopper-v4,2
201037,reward,4648,40.921522789214265,58.981,P3O-dyn+AdaReset+HardDistill,Hopper-v4,2
201142,reward,4649,188.2416899639065,72.369,P3O-dyn+AdaReset+HardDistill,Hopper-v4,2
201192,reward,4650,70.92316445789737,74.447,P3O-dyn+AdaReset+HardDistill,Hopper-v4,2
201230,reward,4651,59.03558183667384,74.992,P3O-dyn+AdaReset+HardDistill,Hopper-v4,2
201257,reward,4652,45.186251718844744,74.922,P3O-dyn+AdaReset+HardDistill,Hopper-v4,2
201296,reward,4653,60.46249959242953,73.584,P3O-dyn+AdaReset+HardDistill,Hopper-v4,2
201324,reward,4654,46.747041408562104,73.152,P3O-dyn+AdaReset+HardDistill,Hopper-v4,2
201364,reward,4655,60.79861969280223,74.293,P3O-dyn+AdaReset+HardDistill,Hopper-v4,2
201394,reward,4656,51.26769067648882,67.925,P3O-dyn+AdaReset+HardDistill,Hopper-v4,2
201440,reward,4657,64.99531798664414,68.858,P3O-dyn+AdaReset+HardDistill,Hopper-v4,2
201466,reward,4658,43.82391352350353,69.148,P3O-dyn+AdaReset+HardDistill,Hopper-v4,2
201496,reward,4659,49.53321859092605,55.277,P3O-dyn+AdaReset+HardDistill,Hopper-v4,2
201561,reward,4660,112.6298470869827,59.448,P3O-dyn+AdaReset+HardDistill,Hopper-v4,2
201600,reward,4661,61.84518684973224,59.729,P3O-dyn+AdaReset+HardDistill,Hopper-v4,2
201631,reward,4662,35.83433661056446,58.794,P3O-dyn+AdaReset+HardDistill,Hopper-v4,2
201655,reward,4663,40.57761524316095,56.805,P3O-dyn+AdaReset+HardDistill,Hopper-v4,2
201693,reward,4664,54.662885997646626,57.597,P3O-dyn+AdaReset+HardDistill,Hopper-v4,2
201715,reward,4665,37.51228219351231,55.268,P3O-dyn+AdaReset+HardDistill,Hopper-v4,2
201750,reward,4666,51.42402185979835,55.284,P3O-dyn+AdaReset+HardDistill,Hopper-v4,2
201786,reward,4667,51.65334603225739,53.95,P3O-dyn+AdaReset+HardDistill,Hopper-v4,2
201815,reward,4668,49.12436000063432,54.48,P3O-dyn+AdaReset+HardDistill,Hopper-v4,2
201846,reward,4669,53.12621226457159,54.839,P3O-dyn+AdaReset+HardDistill,Hopper-v4,2
201877,reward,4670,53.493130271857886,48.925,P3O-dyn+AdaReset+HardDistill,Hopper-v4,2
201905,reward,4671,47.09527609947783,47.45,P3O-dyn+AdaReset+HardDistill,Hopper-v4,2
201938,reward,4672,55.27431981851721,49.394,P3O-dyn+AdaReset+HardDistill,Hopper-v4,2
201970,reward,4673,52.858211451626936,50.622,P3O-dyn+AdaReset+HardDistill,Hopper-v4,2
202002,reward,4674,47.454004515023854,49.902,P3O-dyn+AdaReset+HardDistill,Hopper-v4,2
202045,reward,4675,60.40420028337686,52.191,P3O-dyn+AdaReset+HardDistill,Hopper-v4,2
202069,reward,4676,40.6893442321631,51.117,P3O-dyn+AdaReset+HardDistill,Hopper-v4,2
202102,reward,4677,53.723069818226776,51.324,P3O-dyn+AdaReset+HardDistill,Hopper-v4,2
202147,reward,4678,71.92844201630743,53.605,P3O-dyn+AdaReset+HardDistill,Hopper-v4,2
202175,reward,4679,47.300763746539914,53.022,P3O-dyn+AdaReset+HardDistill,Hopper-v4,2
202207,reward,4680,48.0510436158017,52.478,P3O-dyn+AdaReset+HardDistill,Hopper-v4,2
202264,reward,4681,99.47438348320264,57.716,P3O-dyn+AdaReset+HardDistill,Hopper-v4,2
202309,reward,4682,78.11318720750539,60.0,P3O-dyn+AdaReset+HardDistill,Hopper-v4,2
202341,reward,4683,52.70449556687414,59.984,P3O-dyn+AdaReset+HardDistill,Hopper-v4,2
202376,reward,4684,53.31811236271799,60.571,P3O-dyn+AdaReset+HardDistill,Hopper-v4,2
202402,reward,4685,44.14440110464057,58.945,P3O-dyn+AdaReset+HardDistill,Hopper-v4,2
202431,reward,4686,48.120770770859366,59.688,P3O-dyn+AdaReset+HardDistill,Hopper-v4,2
202471,reward,4687,62.212511376389806,60.537,P3O-dyn+AdaReset+HardDistill,Hopper-v4,2
202539,reward,4688,97.20085294810401,63.064,P3O-dyn+AdaReset+HardDistill,Hopper-v4,2
202592,reward,4689,84.59536303824191,66.794,P3O-dyn+AdaReset+HardDistill,Hopper-v4,2
202637,reward,4690,61.64935434462825,68.153,P3O-dyn+AdaReset+HardDistill,Hopper-v4,2
202678,reward,4691,66.23032644013404,64.829,P3O-dyn+AdaReset+HardDistill,Hopper-v4,2
202712,reward,4692,50.86745395677592,62.104,P3O-dyn+AdaReset+HardDistill,Hopper-v4,2
202750,reward,4693,55.44540721716256,62.378,P3O-dyn+AdaReset+HardDistill,Hopper-v4,2
202777,reward,4694,45.305210733795356,61.577,P3O-dyn+AdaReset+HardDistill,Hopper-v4,2
202818,reward,4695,56.84422034121342,62.847,P3O-dyn+AdaReset+HardDistill,Hopper-v4,2
202855,reward,4696,57.70135194855846,63.805,P3O-dyn+AdaReset+HardDistill,Hopper-v4,2
202890,reward,4697,53.2407682144834,62.908,P3O-dyn+AdaReset+HardDistill,Hopper-v4,2
202968,reward,4698,132.39517428558383,66.427,P3O-dyn+AdaReset+HardDistill,Hopper-v4,2
203006,reward,4699,55.0326293357859,63.471,P3O-dyn+AdaReset+HardDistill,Hopper-v4,2
203038,reward,4700,53.00548717278447,62.607,P3O-dyn+AdaReset+HardDistill,Hopper-v4,2
203075,reward,4701,57.35401495836005,61.719,P3O-dyn+AdaReset+HardDistill,Hopper-v4,2
203123,reward,4702,69.2898854278148,63.561,P3O-dyn+AdaReset+HardDistill,Hopper-v4,2
203159,reward,4703,52.7190630262983,63.289,P3O-dyn+AdaReset+HardDistill,Hopper-v4,2
203231,reward,4704,122.3147447984302,70.99,P3O-dyn+AdaReset+HardDistill,Hopper-v4,2
203306,reward,4705,102.83355064107397,75.589,P3O-dyn+AdaReset+HardDistill,Hopper-v4,2
203376,reward,4706,121.50206578425757,81.969,P3O-dyn+AdaReset+HardDistill,Hopper-v4,2
203418,reward,4707,62.642389528061614,82.909,P3O-dyn+AdaReset+HardDistill,Hopper-v4,2
203463,reward,4708,61.47926142166514,75.817,P3O-dyn+AdaReset+HardDistill,Hopper-v4,2
203496,reward,4709,50.54172735297014,75.368,P3O-dyn+AdaReset+HardDistill,Hopper-v4,2
203539,reward,4710,75.12830333940069,77.581,P3O-dyn+AdaReset+HardDistill,Hopper-v4,2
203576,reward,4711,58.82449042954226,77.728,P3O-dyn+AdaReset+HardDistill,Hopper-v4,2
203631,reward,4712,93.72666116472837,80.171,P3O-dyn+AdaReset+HardDistill,Hopper-v4,2
203661,reward,4713,49.58056915876529,79.857,P3O-dyn+AdaReset+HardDistill,Hopper-v4,2
203689,reward,4714,46.61442393361692,72.287,P3O-dyn+AdaReset+HardDistill,Hopper-v4,2
203727,reward,4715,59.34236296958256,67.938,P3O-dyn+AdaReset+HardDistill,Hopper-v4,2
203774,reward,4716,59.87335553690934,61.775,P3O-dyn+AdaReset+HardDistill,Hopper-v4,2
203819,reward,4717,63.21338871015,61.832,P3O-dyn+AdaReset+HardDistill,Hopper-v4,2
203855,reward,4718,53.14205171019406,60.999,P3O-dyn+AdaReset+HardDistill,Hopper-v4,2
203884,reward,4719,48.58930508077871,60.803,P3O-dyn+AdaReset+HardDistill,Hopper-v4,2
203913,reward,4720,49.194851137814986,58.21,P3O-dyn+AdaReset+HardDistill,Hopper-v4,2
203955,reward,4721,64.8176528321575,58.809,P3O-dyn+AdaReset+HardDistill,Hopper-v4,2
203991,reward,4722,58.63744684131999,55.301,P3O-dyn+AdaReset+HardDistill,Hopper-v4,2
204036,reward,4723,64.8407503655926,56.827,P3O-dyn+AdaReset+HardDistill,Hopper-v4,2
204066,reward,4724,50.375959514514086,57.203,P3O-dyn+AdaReset+HardDistill,Hopper-v4,2
204094,reward,4725,47.70208777191287,56.039,P3O-dyn+AdaReset+HardDistill,Hopper-v4,2
204123,reward,4726,48.60304738653283,54.912,P3O-dyn+AdaReset+HardDistill,Hopper-v4,2
204186,reward,4727,106.1338362587198,59.204,P3O-dyn+AdaReset+HardDistill,Hopper-v4,2
204230,reward,4728,56.8415432100531,59.574,P3O-dyn+AdaReset+HardDistill,Hopper-v4,2
204289,reward,4729,88.65036003691976,63.58,P3O-dyn+AdaReset+HardDistill,Hopper-v4,2
204319,reward,4730,49.75305740192196,63.636,P3O-dyn+AdaReset+HardDistill,Hopper-v4,2
204346,reward,4731,45.000338647341685,61.654,P3O-dyn+AdaReset+HardDistill,Hopper-v4,2
204390,reward,4732,64.8833142197151,62.278,P3O-dyn+AdaReset+HardDistill,Hopper-v4,2
204421,reward,4733,51.10635000851335,60.905,P3O-dyn+AdaReset+HardDistill,Hopper-v4,2
204456,reward,4734,53.201247498930876,61.188,P3O-dyn+AdaReset+HardDistill,Hopper-v4,2
204486,reward,4735,51.246119863499416,61.542,P3O-dyn+AdaReset+HardDistill,Hopper-v4,2
204526,reward,4736,55.86196900002627,62.268,P3O-dyn+AdaReset+HardDistill,Hopper-v4,2
204556,reward,4737,49.157398283329215,56.57,P3O-dyn+AdaReset+HardDistill,Hopper-v4,2
204591,reward,4738,53.61472056766852,56.247,P3O-dyn+AdaReset+HardDistill,Hopper-v4,2
204628,reward,4739,53.54798234765575,52.737,P3O-dyn+AdaReset+HardDistill,Hopper-v4,2
204668,reward,4740,64.55898567064183,54.218,P3O-dyn+AdaReset+HardDistill,Hopper-v4,2
204724,reward,4741,71.92021811653224,56.91,P3O-dyn+AdaReset+HardDistill,Hopper-v4,2
204755,reward,4742,51.02360798215043,55.524,P3O-dyn+AdaReset+HardDistill,Hopper-v4,2
204790,reward,4743,53.25669183626831,55.739,P3O-dyn+AdaReset+HardDistill,Hopper-v4,2
204800,loss,-0.007419900503009558,6.055065631866455,P3O-dyn+AdaReset+HardDistill,Hopper-v4,2
204801,reward,4744,7.956710573321344,51.214,P3O-dyn+AdaReset+HardDistill,Hopper-v4,2
204834,reward,4745,54.55931341139652,51.546,P3O-dyn+AdaReset+HardDistill,Hopper-v4,2
204869,reward,4746,57.574593542071966,51.717,P3O-dyn+AdaReset+HardDistill,Hopper-v4,2
204914,reward,4747,70.90583717978335,53.892,P3O-dyn+AdaReset+HardDistill,Hopper-v4,2
204953,reward,4748,55.337558126084346,54.064,P3O-dyn+AdaReset+HardDistill,Hopper-v4,2
204980,reward,4749,45.10189227098314,53.22,P3O-dyn+AdaReset+HardDistill,Hopper-v4,2
205011,reward,4750,47.04313458141565,51.468,P3O-dyn+AdaReset+HardDistill,Hopper-v4,2
205048,reward,4751,57.125169831790544,49.988,P3O-dyn+AdaReset+HardDistill,Hopper-v4,2
205076,reward,4752,46.00189067975952,49.486,P3O-dyn+AdaReset+HardDistill,Hopper-v4,2
205116,reward,4753,59.9909292910875,50.16,P3O-dyn+AdaReset+HardDistill,Hopper-v4,2
205158,reward,4754,60.2203237440409,55.386,P3O-dyn+AdaReset+HardDistill,Hopper-v4,2
205201,reward,4755,71.60693701986914,57.091,P3O-dyn+AdaReset+HardDistill,Hopper-v4,2
205240,reward,4756,60.28169014351643,57.362,P3O-dyn+AdaReset+HardDistill,Hopper-v4,2
205272,reward,4757,52.94866383361577,55.566,P3O-dyn+AdaReset+HardDistill,Hopper-v4,2
205311,reward,4758,58.61952023667022,55.894,P3O-dyn+AdaReset+HardDistill,Hopper-v4,2
205376,reward,4759,111.94833979095681,62.579,P3O-dyn+AdaReset+HardDistill,Hopper-v4,2
205402,reward,4760,45.2057446686153,62.395,P3O-dyn+AdaReset+HardDistill,Hopper-v4,2
205437,reward,4761,55.00359815499197,62.183,P3O-dyn+AdaReset+HardDistill,Hopper-v4,2
205462,reward,4762,41.96706210863045,61.779,P3O-dyn+AdaReset+HardDistill,Hopper-v4,2
205538,reward,4763,136.00344530229617,69.381,P3O-dyn+AdaReset+HardDistill,Hopper-v4,2
205579,reward,4764,63.22882138503379,69.681,P3O-dyn+AdaReset+HardDistill,Hopper-v4,2
205603,reward,4765,40.04066393948377,66.525,P3O-dyn+AdaReset+HardDistill,Hopper-v4,2
205643,reward,4766,62.75225357573046,66.772,P3O-dyn+AdaReset+HardDistill,Hopper-v4,2
205685,reward,4767,63.589073750774304,67.836,P3O-dyn+AdaReset+HardDistill,Hopper-v4,2
205720,reward,4768,52.387723245956956,67.213,P3O-dyn+AdaReset+HardDistill,Hopper-v4,2
205768,reward,4769,80.92898777543273,64.111,P3O-dyn+AdaReset+HardDistill,Hopper-v4,2
205796,reward,4770,46.3269080730741,64.223,P3O-dyn+AdaReset+HardDistill,Hopper-v4,2
205823,reward,4771,45.27583183371371,63.25,P3O-dyn+AdaReset+HardDistill,Hopper-v4,2
205853,reward,4772,49.04111898502066,63.957,P3O-dyn+AdaReset+HardDistill,Hopper-v4,2
205877,reward,4773,41.3578178900881,54.493,P3O-dyn+AdaReset+HardDistill,Hopper-v4,2
205908,reward,4774,51.86567735792706,53.357,P3O-dyn+AdaReset+HardDistill,Hopper-v4,2
205939,reward,4775,51.28382645315726,54.481,P3O-dyn+AdaReset+HardDistill,Hopper-v4,2
206007,reward,4776,70.59245609254953,55.265,P3O-dyn+AdaReset+HardDistill,Hopper-v4,2
206052,reward,4777,74.92142487983155,56.398,P3O-dyn+AdaReset+HardDistill,Hopper-v4,2
206092,reward,4778,71.44354437915216,58.304,P3O-dyn+AdaReset+HardDistill,Hopper-v4,2
206135,reward,4779,65.26466155196024,56.737,P3O-dyn+AdaReset+HardDistill,Hopper-v4,2
206158,reward,4780,39.41311532410377,56.046,P3O-dyn+AdaReset+HardDistill,Hopper-v4,2
206198,reward,4781,68.59071139603122,58.377,P3O-dyn+AdaReset+HardDistill,Hopper-v4,2
206249,reward,4782,88.39774690446862,62.313,P3O-dyn+AdaReset+HardDistill,Hopper-v4,2
206281,reward,4783,54.043945488483665,63.582,P3O-dyn+AdaReset+HardDistill,Hopper-v4,2
206303,reward,4784,37.51133143955372,62.146,P3O-dyn+AdaReset+HardDistill,Hopper-v4,2
206346,reward,4785,59.680014224912426,62.986,P3O-dyn+AdaReset+HardDistill,Hopper-v4,2
206406,reward,4786,93.62602971027522,65.289,P3O-dyn+AdaReset+HardDistill,Hopper-v4,2
206443,reward,4787,54.3234087786603,63.229,P3O-dyn+AdaReset+HardDistill,Hopper-v4,2
206485,reward,4788,72.85392282776755,63.37,P3O-dyn+AdaReset+HardDistill,Hopper-v4,2
206519,reward,4789,56.24220821626711,62.468,P3O-dyn+AdaReset+HardDistill,Hopper-v4,2
206544,reward,4790,43.16427564492827,62.843,P3O-dyn+AdaReset+HardDistill,Hopper-v4,2
206583,reward,4791,60.98165603665239,62.082,P3O-dyn+AdaReset+HardDistill,Hopper-v4,2
206626,reward,4792,63.08891773798035,59.552,P3O-dyn+AdaReset+HardDistill,Hopper-v4,2
206662,reward,4793,59.82930938366462,60.13,P3O-dyn+AdaReset+HardDistill,Hopper-v4,2
206731,reward,4794,66.06635371844,62.986,P3O-dyn+AdaReset+HardDistill,Hopper-v4,2
206761,reward,4795,49.37520843005967,61.955,P3O-dyn+AdaReset+HardDistill,Hopper-v4,2
206794,reward,4796,54.63352266785098,58.056,P3O-dyn+AdaReset+HardDistill,Hopper-v4,2
206828,reward,4797,54.8540699271803,58.109,P3O-dyn+AdaReset+HardDistill,Hopper-v4,2
206863,reward,4798,51.35114445035998,55.959,P3O-dyn+AdaReset+HardDistill,Hopper-v4,2
206893,reward,4799,49.845040914226075,55.319,P3O-dyn+AdaReset+HardDistill,Hopper-v4,2
206924,reward,4800,51.55952693921709,56.158,P3O-dyn+AdaReset+HardDistill,Hopper-v4,2
206955,reward,4801,50.9045502289102,55.151,P3O-dyn+AdaReset+HardDistill,Hopper-v4,2
206992,reward,4802,57.58112740087426,54.6,P3O-dyn+AdaReset+HardDistill,Hopper-v4,2
207040,reward,4803,83.55716746721787,56.973,P3O-dyn+AdaReset+HardDistill,Hopper-v4,2
207074,reward,4804,51.19850310592777,55.486,P3O-dyn+AdaReset+HardDistill,Hopper-v4,2
207112,reward,4805,56.496726439825444,56.198,P3O-dyn+AdaReset+HardDistill,Hopper-v4,2
207182,reward,4806,124.52671124575365,63.187,P3O-dyn+AdaReset+HardDistill,Hopper-v4,2
207212,reward,4807,49.151253830495946,62.617,P3O-dyn+AdaReset+HardDistill,Hopper-v4,2
207238,reward,4808,43.67814096330965,61.85,P3O-dyn+AdaReset+HardDistill,Hopper-v4,2
207268,reward,4809,49.38878723988165,61.804,P3O-dyn+AdaReset+HardDistill,Hopper-v4,2
207304,reward,4810,58.60872888583674,62.509,P3O-dyn+AdaReset+HardDistill,Hopper-v4,2
207367,reward,4811,99.87873020434223,67.407,P3O-dyn+AdaReset+HardDistill,Hopper-v4,2
207403,reward,4812,54.341865333844474,67.083,P3O-dyn+AdaReset+HardDistill,Hopper-v4,2
207460,reward,4813,97.98467085732246,68.525,P3O-dyn+AdaReset+HardDistill,Hopper-v4,2
207501,reward,4814,70.22076365954709,70.428,P3O-dyn+AdaReset+HardDistill,Hopper-v4,2
207524,reward,4815,38.04703023758891,68.583,P3O-dyn+AdaReset+HardDistill,Hopper-v4,2
207562,reward,4816,65.14894462451554,62.645,P3O-dyn+AdaReset+HardDistill,Hopper-v4,2
207638,reward,4817,124.2289444239048,70.153,P3O-dyn+AdaReset+HardDistill,Hopper-v4,2
207689,reward,4818,70.23681506589475,72.809,P3O-dyn+AdaReset+HardDistill,Hopper-v4,2
207750,reward,4819,105.64669476783449,78.434,P3O-dyn+AdaReset+HardDistill,Hopper-v4,2
207820,reward,4820,125.68069493441563,85.142,P3O-dyn+AdaReset+HardDistill,Hopper-v4,2
207884,reward,4821,106.15791526648768,85.769,P3O-dyn+AdaReset+HardDistill,Hopper-v4,2
207909,reward,4822,41.78788256214889,84.514,P3O-dyn+AdaReset+HardDistill,Hopper-v4,2
207941,reward,4823,52.498543102342204,79.965,P3O-dyn+AdaReset+HardDistill,Hopper-v4,2
207973,reward,4824,53.27903457734272,78.271,P3O-dyn+AdaReset+HardDistill,Hopper-v4,2
208017,reward,4825,60.97251172396964,80.564,P3O-dyn+AdaReset+HardDistill,Hopper-v4,2
208053,reward,4826,56.381660838112076,79.687,P3O-dyn+AdaReset+HardDistill,Hopper-v4,2
208086,reward,4827,53.95093686556798,72.659,P3O-dyn+AdaReset+HardDistill,Hopper-v4,2
208121,reward,4828,52.758069561865724,70.911,P3O-dyn+AdaReset+HardDistill,Hopper-v4,2
208160,reward,4829,59.453017269982674,66.292,P3O-dyn+AdaReset+HardDistill,Hopper-v4,2
208183,reward,4830,39.794192860747295,57.703,P3O-dyn+AdaReset+HardDistill,Hopper-v4,2
208219,reward,4831,60.239553148191014,53.112,P3O-dyn+AdaReset+HardDistill,Hopper-v4,2
208246,reward,4832,45.246235759706806,53.457,P3O-dyn+AdaReset+HardDistill,Hopper-v4,2
208274,reward,4833,48.50829870913211,53.058,P3O-dyn+AdaReset+HardDistill,Hopper-v4,2
208311,reward,4834,61.939831734543205,53.924,P3O-dyn+AdaReset+HardDistill,Hopper-v4,2
208343,reward,4835,46.30875532042034,52.458,P3O-dyn+AdaReset+HardDistill,Hopper-v4,2
208482,reward,4836,239.4966345114219,70.77,P3O-dyn+AdaReset+HardDistill,Hopper-v4,2
208507,reward,4837,42.272573998972206,69.602,P3O-dyn+AdaReset+HardDistill,Hopper-v4,2
208550,reward,4838,73.44286447181719,71.67,P3O-dyn+AdaReset+HardDistill,Hopper-v4,2
208591,reward,4839,61.51474776674849,71.876,P3O-dyn+AdaReset+HardDistill,Hopper-v4,2
208658,reward,4840,102.79233198696723,78.176,P3O-dyn+AdaReset+HardDistill,Hopper-v4,2
208737,reward,4841,140.55600652180502,86.208,P3O-dyn+AdaReset+HardDistill,Hopper-v4,2
208777,reward,4842,65.39430941305157,88.223,P3O-dyn+AdaReset+HardDistill,Hopper-v4,2
208811,reward,4843,55.31667064229741,88.903,P3O-dyn+AdaReset+HardDistill,Hopper-v4,2
208838,reward,4844,46.4830322215907,87.358,P3O-dyn+AdaReset+HardDistill,Hopper-v4,2
208878,reward,4845,64.2552310910449,89.152,P3O-dyn+AdaReset+HardDistill,Hopper-v4,2
208905,reward,4846,45.79634997846619,69.782,P3O-dyn+AdaReset+HardDistill,Hopper-v4,2
208947,reward,4847,64.26211515716092,71.981,P3O-dyn+AdaReset+HardDistill,Hopper-v4,2
208979,reward,4848,52.74684523109262,69.912,P3O-dyn+AdaReset+HardDistill,Hopper-v4,2
209063,reward,4849,144.48603171765174,78.209,P3O-dyn+AdaReset+HardDistill,Hopper-v4,2
209105,reward,4850,63.49548271840068,74.279,P3O-dyn+AdaReset+HardDistill,Hopper-v4,2
209170,reward,4851,108.42531769147543,71.066,P3O-dyn+AdaReset+HardDistill,Hopper-v4,2
209199,reward,4852,47.98092726651908,69.325,P3O-dyn+AdaReset+HardDistill,Hopper-v4,2
209244,reward,4853,68.79043190785524,70.672,P3O-dyn+AdaReset+HardDistill,Hopper-v4,2
209284,reward,4854,59.25469760487969,71.949,P3O-dyn+AdaReset+HardDistill,Hopper-v4,2
209313,reward,4855,47.55625591224165,70.279,P3O-dyn+AdaReset+HardDistill,Hopper-v4,2
209346,reward,4856,51.501837752114206,70.85,P3O-dyn+AdaReset+HardDistill,Hopper-v4,2
209383,reward,4857,58.116600759039166,70.235,P3O-dyn+AdaReset+HardDistill,Hopper-v4,2
209410,reward,4858,40.97483153065326,69.058,P3O-dyn+AdaReset+HardDistill,Hopper-v4,2
209464,reward,4859,92.2936914772928,63.839,P3O-dyn+AdaReset+HardDistill,Hopper-v4,2
209526,reward,4860,83.7655396177042,65.866,P3O-dyn+AdaReset+HardDistill,Hopper-v4,2
209568,reward,4861,72.93556081253664,62.317,P3O-dyn+AdaReset+HardDistill,Hopper-v4,2
209593,reward,4862,42.323844550645994,61.751,P3O-dyn+AdaReset+HardDistill,Hopper-v4,2
209627,reward,4863,57.68062499191558,60.64,P3O-dyn+AdaReset+HardDistill,Hopper-v4,2
209659,reward,4864,48.58364848520105,59.573,P3O-dyn+AdaReset+HardDistill,Hopper-v4,2
209687,reward,4865,46.49670406893672,59.467,P3O-dyn+AdaReset+HardDistill,Hopper-v4,2
209716,reward,4866,47.707707728805254,59.088,P3O-dyn+AdaReset+HardDistill,Hopper-v4,2
209771,reward,4867,94.34150766186345,62.71,P3O-dyn+AdaReset+HardDistill,Hopper-v4,2
209806,reward,4868,60.488804717693625,64.662,P3O-dyn+AdaReset+HardDistill,Hopper-v4,2
209843,reward,4869,58.11805892602899,61.244,P3O-dyn+AdaReset+HardDistill,Hopper-v4,2
209898,reward,4870,89.01979034103461,61.77,P3O-dyn+AdaReset+HardDistill,Hopper-v4,2
209928,reward,4871,47.78353901909223,59.254,P3O-dyn+AdaReset+HardDistill,Hopper-v4,2
209953,reward,4872,42.33207393627764,59.255,P3O-dyn+AdaReset+HardDistill,Hopper-v4,2
209982,reward,4873,48.344618918831934,58.322,P3O-dyn+AdaReset+HardDistill,Hopper-v4,2
210000,speed,1992.23,1.74,P3O-dyn+AdaReset+HardDistill,Hopper-v4,2
210010,reward,4874,46.09639495796407,58.073,P3O-dyn+AdaReset+HardDistill,Hopper-v4,2
210056,reward,4875,63.005998391768735,59.724,P3O-dyn+AdaReset+HardDistill,Hopper-v4,2
210084,reward,4876,47.5972484738656,59.713,P3O-dyn+AdaReset+HardDistill,Hopper-v4,2
210116,reward,4877,52.86069505702569,55.565,P3O-dyn+AdaReset+HardDistill,Hopper-v4,2
210150,reward,4878,50.73294282938918,54.589,P3O-dyn+AdaReset+HardDistill,Hopper-v4,2
210193,reward,4879,76.48755842318553,56.426,P3O-dyn+AdaReset+HardDistill,Hopper-v4,2
210223,reward,4880,47.702974060704356,52.294,P3O-dyn+AdaReset+HardDistill,Hopper-v4,2
210269,reward,4881,72.16043399149149,54.732,P3O-dyn+AdaReset+HardDistill,Hopper-v4,2
210304,reward,4882,52.99821150675573,55.799,P3O-dyn+AdaReset+HardDistill,Hopper-v4,2
210359,reward,4883,93.06761411795499,60.271,P3O-dyn+AdaReset+HardDistill,Hopper-v4,2
210389,reward,4884,50.33705335421286,60.695,P3O-dyn+AdaReset+HardDistill,Hopper-v4,2
210429,reward,4885,60.139213057116045,60.408,P3O-dyn+AdaReset+HardDistill,Hopper-v4,2
210467,reward,4886,56.9640321197719,61.345,P3O-dyn+AdaReset+HardDistill,Hopper-v4,2
210493,reward,4887,43.37732366482245,60.397,P3O-dyn+AdaReset+HardDistill,Hopper-v4,2
210520,reward,4888,45.46385416172572,59.87,P3O-dyn+AdaReset+HardDistill,Hopper-v4,2
210552,reward,4889,53.445593985176316,57.566,P3O-dyn+AdaReset+HardDistill,Hopper-v4,2
210612,reward,4890,104.22301250695884,63.218,P3O-dyn+AdaReset+HardDistill,Hopper-v4,2
210642,reward,4891,50.06144591469863,61.008,P3O-dyn+AdaReset+HardDistill,Hopper-v4,2
210699,reward,4892,97.62150717846534,65.47,P3O-dyn+AdaReset+HardDistill,Hopper-v4,2
210730,reward,4893,51.060905210793074,61.269,P3O-dyn+AdaReset+HardDistill,Hopper-v4,2
210757,reward,4894,44.87025723671623,60.723,P3O-dyn+AdaReset+HardDistill,Hopper-v4,2
210795,reward,4895,60.20482441734625,60.729,P3O-dyn+AdaReset+HardDistill,Hopper-v4,2
210841,reward,4896,78.33596685729245,62.866,P3O-dyn+AdaReset+HardDistill,Hopper-v4,2
210870,reward,4897,47.94930165168338,63.324,P3O-dyn+AdaReset+HardDistill,Hopper-v4,2
210901,reward,4898,52.19632446873228,63.997,P3O-dyn+AdaReset+HardDistill,Hopper-v4,2
210948,reward,4899,75.56145260016191,66.208,P3O-dyn+AdaReset+HardDistill,Hopper-v4,2
210987,reward,4900,60.65506098980957,61.852,P3O-dyn+AdaReset+HardDistill,Hopper-v4,2
211019,reward,4901,47.46880060965134,61.592,P3O-dyn+AdaReset+HardDistill,Hopper-v4,2
211121,reward,4902,117.50753454139162,63.581,P3O-dyn+AdaReset+HardDistill,Hopper-v4,2
211158,reward,4903,56.477583274082434,64.123,P3O-dyn+AdaReset+HardDistill,Hopper-v4,2
211184,reward,4904,44.827252057094796,64.118,P3O-dyn+AdaReset+HardDistill,Hopper-v4,2
211262,reward,4905,133.36017814875237,71.434,P3O-dyn+AdaReset+HardDistill,Hopper-v4,2
211303,reward,4906,64.96604208524047,70.097,P3O-dyn+AdaReset+HardDistill,Hopper-v4,2
211344,reward,4907,71.38506724901191,72.441,P3O-dyn+AdaReset+HardDistill,Hopper-v4,2
211386,reward,4908,72.04740604920121,74.426,P3O-dyn+AdaReset+HardDistill,Hopper-v4,2
211435,reward,4909,71.39131495437557,74.009,P3O-dyn+AdaReset+HardDistill,Hopper-v4,2
211477,reward,4910,50.30547318682905,72.974,P3O-dyn+AdaReset+HardDistill,Hopper-v4,2
211505,reward,4911,45.23979433067905,72.751,P3O-dyn+AdaReset+HardDistill,Hopper-v4,2
211543,reward,4912,57.45985851248389,66.746,P3O-dyn+AdaReset+HardDistill,Hopper-v4,2
211573,reward,4913,49.58852369775285,66.057,P3O-dyn+AdaReset+HardDistill,Hopper-v4,2
211609,reward,4914,55.81026034895633,67.155,P3O-dyn+AdaReset+HardDistill,Hopper-v4,2
211636,reward,4915,44.81235650706259,58.301,P3O-dyn+AdaReset+HardDistill,Hopper-v4,2
211671,reward,4916,51.89304132306173,56.993,P3O-dyn+AdaReset+HardDistill,Hopper-v4,2
211698,reward,4917,45.66583659218156,54.421,P3O-dyn+AdaReset+HardDistill,Hopper-v4,2
211727,reward,4918,48.12057055527853,52.029,P3O-dyn+AdaReset+HardDistill,Hopper-v4,2
211774,reward,4919,80.36550255994285,52.926,P3O-dyn+AdaReset+HardDistill,Hopper-v4,2
211803,reward,4920,47.99806902185993,52.695,P3O-dyn+AdaReset+HardDistill,Hopper-v4,2
211835,reward,4921,52.8542031652842,53.457,P3O-dyn+AdaReset+HardDistill,Hopper-v4,2
211877,reward,4922,62.51703474033085,53.963,P3O-dyn+AdaReset+HardDistill,Hopper-v4,2
211938,reward,4923,100.39913974515262,59.044,P3O-dyn+AdaReset+HardDistill,Hopper-v4,2
211968,reward,4924,51.437440731275935,58.606,P3O-dyn+AdaReset+HardDistill,Hopper-v4,2
212007,reward,4925,60.125280599775316,60.138,P3O-dyn+AdaReset+HardDistill,Hopper-v4,2
212038,reward,4926,51.58808977363996,60.107,P3O-dyn+AdaReset+HardDistill,Hopper-v4,2
212065,reward,4927,44.76591660482458,60.017,P3O-dyn+AdaReset+HardDistill,Hopper-v4,2
212104,reward,4928,60.88956929101677,61.294,P3O-dyn+AdaReset+HardDistill,Hopper-v4,2
212124,reward,4929,35.17959867653672,56.775,P3O-dyn+AdaReset+HardDistill,Hopper-v4,2
212153,reward,4930,47.65314706363489,56.741,P3O-dyn+AdaReset+HardDistill,Hopper-v4,2
212192,reward,4931,59.74618811841121,57.43,P3O-dyn+AdaReset+HardDistill,Hopper-v4,2
212218,reward,4932,43.850312575440505,55.563,P3O-dyn+AdaReset+HardDistill,Hopper-v4,2
212242,reward,4933,41.32125231711312,49.656,P3O-dyn+AdaReset+HardDistill,Hopper-v4,2
212276,reward,4934,56.045879468780925,50.117,P3O-dyn+AdaReset+HardDistill,Hopper-v4,2
212317,reward,4935,60.85163220093709,50.189,P3O-dyn+AdaReset+HardDistill,Hopper-v4,2
212347,reward,4936,49.032536930383976,49.934,P3O-dyn+AdaReset+HardDistill,Hopper-v4,2
212387,reward,4937,69.83011137669104,52.44,P3O-dyn+AdaReset+HardDistill,Hopper-v4,2
212419,reward,4938,47.48449717865098,51.1,P3O-dyn+AdaReset+HardDistill,Hopper-v4,2
212459,reward,4939,60.80131238815059,53.662,P3O-dyn+AdaReset+HardDistill,Hopper-v4,2
212526,reward,4940,118.02817405089993,60.699,P3O-dyn+AdaReset+HardDistill,Hopper-v4,2
212568,reward,4941,64.62726021618339,61.187,P3O-dyn+AdaReset+HardDistill,Hopper-v4,2
212601,reward,4942,53.80348124462718,62.183,P3O-dyn+AdaReset+HardDistill,Hopper-v4,2
212614,reward,4943,5.549973015664202,58.605,P3O-dyn+AdaReset+HardDistill,Hopper-v4,2
212638,reward,4944,40.12513604687635,57.013,P3O-dyn+AdaReset+HardDistill,Hopper-v4,2
212676,reward,4945,58.83750221125645,56.812,P3O-dyn+AdaReset+HardDistill,Hopper-v4,2
212710,reward,4946,54.91697643637883,57.4,P3O-dyn+AdaReset+HardDistill,Hopper-v4,2
212735,reward,4947,42.52495550818452,54.67,P3O-dyn+AdaReset+HardDistill,Hopper-v4,2
212829,reward,4948,168.68274924713762,66.79,P3O-dyn+AdaReset+HardDistill,Hopper-v4,2
212859,reward,4949,49.45782835121729,65.655,P3O-dyn+AdaReset+HardDistill,Hopper-v4,2
212887,reward,4950,46.508486983312565,58.503,P3O-dyn+AdaReset+HardDistill,Hopper-v4,2
212925,reward,4951,56.95961710583078,57.737,P3O-dyn+AdaReset+HardDistill,Hopper-v4,2
212951,reward,4952,45.24053720759264,56.88,P3O-dyn+AdaReset+HardDistill,Hopper-v4,2
212992,loss,-0.019849658012390137,9.852751731872559,P3O-dyn+AdaReset+HardDistill,Hopper-v4,2
213007,reward,4953,94.89689637729614,65.815,P3O-dyn+AdaReset+HardDistill,Hopper-v4,2
213036,reward,4954,47.8732697678152,66.59,P3O-dyn+AdaReset+HardDistill,Hopper-v4,2
213069,reward,4955,55.14802929084395,66.221,P3O-dyn+AdaReset+HardDistill,Hopper-v4,2
213157,reward,4956,68.54090025524133,67.583,P3O-dyn+AdaReset+HardDistill,Hopper-v4,2
213193,reward,4957,58.075712187017785,69.138,P3O-dyn+AdaReset+HardDistill,Hopper-v4,2
213231,reward,4958,58.77252703370515,58.147,P3O-dyn+AdaReset+HardDistill,Hopper-v4,2
213292,reward,4959,83.34094890128016,61.536,P3O-dyn+AdaReset+HardDistill,Hopper-v4,2
213321,reward,4960,49.050363696273514,61.79,P3O-dyn+AdaReset+HardDistill,Hopper-v4,2
213392,reward,4961,125.26445735538914,68.62,P3O-dyn+AdaReset+HardDistill,Hopper-v4,2
213426,reward,4962,29.786381716324165,67.075,P3O-dyn+AdaReset+HardDistill,Hopper-v4,2
213520,reward,4963,126.94407766652515,70.28,P3O-dyn+AdaReset+HardDistill,Hopper-v4,2
213568,reward,4964,79.63545319316243,73.456,P3O-dyn+AdaReset+HardDistill,Hopper-v4,2
213640,reward,4965,127.82387915747626,80.723,P3O-dyn+AdaReset+HardDistill,Hopper-v4,2
213678,reward,4966,52.876211303709624,79.157,P3O-dyn+AdaReset+HardDistill,Hopper-v4,2
213744,reward,4967,110.57299477082559,84.407,P3O-dyn+AdaReset+HardDistill,Hopper-v4,2
213779,reward,4968,52.662927365468065,83.796,P3O-dyn+AdaReset+HardDistill,Hopper-v4,2
213820,reward,4969,61.1812236382154,81.58,P3O-dyn+AdaReset+HardDistill,Hopper-v4,2
213856,reward,4970,57.35645381326211,82.41,P3O-dyn+AdaReset+HardDistill,Hopper-v4,2
213913,reward,4971,96.87228274673527,79.571,P3O-dyn+AdaReset+HardDistill,Hopper-v4,2
213945,reward,4972,54.94926476428812,82.087,P3O-dyn+AdaReset+HardDistill,Hopper-v4,2
213986,reward,4973,56.50878026710411,75.044,P3O-dyn+AdaReset+HardDistill,Hopper-v4,2
214071,reward,4974,158.19637990230603,82.9,P3O-dyn+AdaReset+HardDistill,Hopper-v4,2
214101,reward,4975,50.525523759805814,75.17,P3O-dyn+AdaReset+HardDistill,Hopper-v4,2
214127,reward,4976,43.724880517707064,74.255,P3O-dyn+AdaReset+HardDistill,Hopper-v4,2
214157,reward,4977,49.126348312872494,68.11,P3O-dyn+AdaReset+HardDistill,Hopper-v4,2
214189,reward,4978,53.89133945877836,68.233,P3O-dyn+AdaReset+HardDistill,Hopper-v4,2
214235,reward,4979,78.62114530485735,69.977,P3O-dyn+AdaReset+HardDistill,Hopper-v4,2
214265,reward,4980,49.23210045234797,69.165,P3O-dyn+AdaReset+HardDistill,Hopper-v4,2
214292,reward,4981,44.68943001871771,63.947,P3O-dyn+AdaReset+HardDistill,Hopper-v4,2
214340,reward,4982,79.17117995658545,66.369,P3O-dyn+AdaReset+HardDistill,Hopper-v4,2
214378,reward,4983,60.18550222826257,66.736,P3O-dyn+AdaReset+HardDistill,Hopper-v4,2
214410,reward,4984,51.776043437960645,56.094,P3O-dyn+AdaReset+HardDistill,Hopper-v4,2
214439,reward,4985,48.34285193244539,55.876,P3O-dyn+AdaReset+HardDistill,Hopper-v4,2
214472,reward,4986,50.209865224091644,56.525,P3O-dyn+AdaReset+HardDistill,Hopper-v4,2
214504,reward,4987,53.237256974304024,56.936,P3O-dyn+AdaReset+HardDistill,Hopper-v4,2
214561,reward,4988,94.6045243816221,61.007,P3O-dyn+AdaReset+HardDistill,Hopper-v4,2
214605,reward,4989,62.49089183963743,59.394,P3O-dyn+AdaReset+HardDistill,Hopper-v4,2
214636,reward,4990,50.07531012427255,59.478,P3O-dyn+AdaReset+HardDistill,Hopper-v4,2
214691,reward,4991,97.23952883908545,64.733,P3O-dyn+AdaReset+HardDistill,Hopper-v4,2
214756,reward,4992,88.05992356935309,65.622,P3O-dyn+AdaReset+HardDistill,Hopper-v4,2
214830,reward,4993,130.3130496073241,72.635,P3O-dyn+AdaReset+HardDistill,Hopper-v4,2
214865,reward,4994,56.66686538451025,73.124,P3O-dyn+AdaReset+HardDistill,Hopper-v4,2
214898,reward,4995,54.30360587607713,73.72,P3O-dyn+AdaReset+HardDistill,Hopper-v4,2
214934,reward,4996,51.90229978517291,73.889,P3O-dyn+AdaReset+HardDistill,Hopper-v4,2
214972,reward,4997,55.750968066678254,74.141,P3O-dyn+AdaReset+HardDistill,Hopper-v4,2
215016,reward,4998,64.14794208752555,71.095,P3O-dyn+AdaReset+HardDistill,Hopper-v4,2
215081,reward,4999,101.28968904910064,74.975,P3O-dyn+AdaReset+HardDistill,Hopper-v4,2
215115,reward,5000,51.752739909589586,75.143,P3O-dyn+AdaReset+HardDistill,Hopper-v4,2
215149,reward,5001,49.602319636810215,70.379,P3O-dyn+AdaReset+HardDistill,Hopper-v4,2
215195,reward,5002,68.80797451496835,68.454,P3O-dyn+AdaReset+HardDistill,Hopper-v4,2
215234,reward,5003,59.37847342786383,61.36,P3O-dyn+AdaReset+HardDistill,Hopper-v4,2
215277,reward,5004,70.34035637323531,62.728,P3O-dyn+AdaReset+HardDistill,Hopper-v4,2
215310,reward,5005,50.8392012967517,62.381,P3O-dyn+AdaReset+HardDistill,Hopper-v4,2
215366,reward,5006,92.36738088647785,66.428,P3O-dyn+AdaReset+HardDistill,Hopper-v4,2
215401,reward,5007,59.2066149148642,66.773,P3O-dyn+AdaReset+HardDistill,Hopper-v4,2
215432,reward,5008,51.000898948483695,65.459,P3O-dyn+AdaReset+HardDistill,Hopper-v4,2
215461,reward,5009,47.94789397728166,60.124,P3O-dyn+AdaReset+HardDistill,Hopper-v4,2
215503,reward,5010,61.85459957764095,61.135,P3O-dyn+AdaReset+HardDistill,Hopper-v4,2
215530,reward,5011,46.26454791099097,60.801,P3O-dyn+AdaReset+HardDistill,Hopper-v4,2
215585,reward,5012,94.40326828909214,63.36,P3O-dyn+AdaReset+HardDistill,Hopper-v4,2
215615,reward,5013,49.78166448875313,62.401,P3O-dyn+AdaReset+HardDistill,Hopper-v4,2
215671,reward,5014,93.64923840072798,64.732,P3O-dyn+AdaReset+HardDistill,Hopper-v4,2
215706,reward,5015,53.85586841408541,65.033,P3O-dyn+AdaReset+HardDistill,Hopper-v4,2
215748,reward,5016,67.48481179591884,62.545,P3O-dyn+AdaReset+HardDistill,Hopper-v4,2
215821,reward,5017,115.69111381741342,68.193,P3O-dyn+AdaReset+HardDistill,Hopper-v4,2
215853,reward,5018,51.66136098180811,68.259,P3O-dyn+AdaReset+HardDistill,Hopper-v4,2
215878,reward,5019,42.731389860442775,67.738,P3O-dyn+AdaReset+HardDistill,Hopper-v4,2
215927,reward,5020,85.01741377670172,70.054,P3O-dyn+AdaReset+HardDistill,Hopper-v4,2
215974,reward,5021,67.78638889630236,72.206,P3O-dyn+AdaReset+HardDistill,Hopper-v4,2
216035,reward,5022,102.93350745829298,73.059,P3O-dyn+AdaReset+HardDistill,Hopper-v4,2
216072,reward,5023,54.82046693532827,73.563,P3O-dyn+AdaReset+HardDistill,Hopper-v4,2
216103,reward,5024,50.81319140376428,69.28,P3O-dyn+AdaReset+HardDistill,Hopper-v4,2
216151,reward,5025,76.6347747259326,71.557,P3O-dyn+AdaReset+HardDistill,Hopper-v4,2
216180,reward,5026,47.111442305959656,69.52,P3O-dyn+AdaReset+HardDistill,Hopper-v4,2
216209,reward,5027,48.11800134108523,62.763,P3O-dyn+AdaReset+HardDistill,Hopper-v4,2
216267,reward,5028,93.07310134910541,66.904,P3O-dyn+AdaReset+HardDistill,Hopper-v4,2
216306,reward,5029,65.57404592829626,69.188,P3O-dyn+AdaReset+HardDistill,Hopper-v4,2
216364,reward,5030,99.3920897196716,70.626,P3O-dyn+AdaReset+HardDistill,Hopper-v4,2
216401,reward,5031,56.178987900766735,69.465,P3O-dyn+AdaReset+HardDistill,Hopper-v4,2
216433,reward,5032,53.521094987031105,64.524,P3O-dyn+AdaReset+HardDistill,Hopper-v4,2
216478,reward,5033,68.0640418420532,65.848,P3O-dyn+AdaReset+HardDistill,Hopper-v4,2
216519,reward,5034,63.366525002593754,67.103,P3O-dyn+AdaReset+HardDistill,Hopper-v4,2
216550,reward,5035,50.796847930675185,64.52,P3O-dyn+AdaReset+HardDistill,Hopper-v4,2
216592,reward,5036,65.3275512503381,66.341,P3O-dyn+AdaReset+HardDistill,Hopper-v4,2
216665,reward,5037,120.19397274910206,73.549,P3O-dyn+AdaReset+HardDistill,Hopper-v4,2
216695,reward,5038,49.926605373520424,69.234,P3O-dyn+AdaReset+HardDistill,Hopper-v4,2
216747,reward,5039,91.19429205225792,71.796,P3O-dyn+AdaReset+HardDistill,Hopper-v4,2
216828,reward,5040,138.1956207946801,75.677,P3O-dyn+AdaReset+HardDistill,Hopper-v4,2
216861,reward,5041,53.08447711633949,75.367,P3O-dyn+AdaReset+HardDistill,Hopper-v4,2
216900,reward,5042,57.335885300328705,75.749,P3O-dyn+AdaReset+HardDistill,Hopper-v4,2
216952,reward,5043,90.13070836399844,77.955,P3O-dyn+AdaReset+HardDistill,Hopper-v4,2
216984,reward,5044,52.028215405107204,76.821,P3O-dyn+AdaReset+HardDistill,Hopper-v4,2
217016,reward,5045,53.34221829063442,77.076,P3O-dyn+AdaReset+HardDistill,Hopper-v4,2
217059,reward,5046,72.87451268543394,77.831,P3O-dyn+AdaReset+HardDistill,Hopper-v4,2
217102,reward,5047,60.64695672980946,71.876,P3O-dyn+AdaReset+HardDistill,Hopper-v4,2
217138,reward,5048,52.814930656616696,72.165,P3O-dyn+AdaReset+HardDistill,Hopper-v4,2
217203,reward,5049,108.79370412966071,73.925,P3O-dyn+AdaReset+HardDistill,Hopper-v4,2
217240,reward,5050,56.076412340716566,65.713,P3O-dyn+AdaReset+HardDistill,Hopper-v4,2
217276,reward,5051,55.818618873580675,65.986,P3O-dyn+AdaReset+HardDistill,Hopper-v4,2
217311,reward,5052,51.94504975153705,65.447,P3O-dyn+AdaReset+HardDistill,Hopper-v4,2
217383,reward,5053,125.0045163207959,68.935,P3O-dyn+AdaReset+HardDistill,Hopper-v4,2
217429,reward,5054,71.97614207423263,70.929,P3O-dyn+AdaReset+HardDistill,Hopper-v4,2
217491,reward,5055,109.61551579681353,76.557,P3O-dyn+AdaReset+HardDistill,Hopper-v4,2
217523,reward,5056,52.34823648343535,74.504,P3O-dyn+AdaReset+HardDistill,Hopper-v4,2
217552,reward,5057,47.99539625129599,73.239,P3O-dyn+AdaReset+HardDistill,Hopper-v4,2
217584,reward,5058,52.40049655465091,73.197,P3O-dyn+AdaReset+HardDistill,Hopper-v4,2
217669,reward,5059,148.30592697437547,77.149,P3O-dyn+AdaReset+HardDistill,Hopper-v4,2
217738,reward,5060,119.8062536259774,83.522,P3O-dyn+AdaReset+HardDistill,Hopper-v4,2
217774,reward,5061,58.98722481987516,83.838,P3O-dyn+AdaReset+HardDistill,Hopper-v4,2
217835,reward,5062,101.50001583780919,88.794,P3O-dyn+AdaReset+HardDistill,Hopper-v4,2
217877,reward,5063,65.08654532652359,82.802,P3O-dyn+AdaReset+HardDistill,Hopper-v4,2
217921,reward,5064,60.253854173284886,81.63,P3O-dyn+AdaReset+HardDistill,Hopper-v4,2
217975,reward,5065,91.4059260529935,79.809,P3O-dyn+AdaReset+HardDistill,Hopper-v4,2
218020,reward,5066,75.27102039689068,82.101,P3O-dyn+AdaReset+HardDistill,Hopper-v4,2
218062,reward,5067,63.1269207047485,83.614,P3O-dyn+AdaReset+HardDistill,Hopper-v4,2
218123,reward,5068,100.17217880043032,88.392,P3O-dyn+AdaReset+HardDistill,Hopper-v4,2
218154,reward,5069,47.07578736311668,78.269,P3O-dyn+AdaReset+HardDistill,Hopper-v4,2
218228,reward,5070,126.25585190673681,78.914,P3O-dyn+AdaReset+HardDistill,Hopper-v4,2
218274,reward,5071,64.95619092671664,79.51,P3O-dyn+AdaReset+HardDistill,Hopper-v4,2
218301,reward,5072,44.617761433415325,73.822,P3O-dyn+AdaReset+HardDistill,Hopper-v4,2
218329,reward,5073,47.18155790269949,72.032,P3O-dyn+AdaReset+HardDistill,Hopper-v4,2
218365,reward,5074,58.77406145102023,71.884,P3O-dyn+AdaReset+HardDistill,Hopper-v4,2
218397,reward,5075,50.69546173821395,67.813,P3O-dyn+AdaReset+HardDistill,Hopper-v4,2
218439,reward,5076,67.30372884187653,67.016,P3O-dyn+AdaReset+HardDistill,Hopper-v4,2
218474,reward,5077,56.10823368641802,66.314,P3O-dyn+AdaReset+HardDistill,Hopper-v4,2
218518,reward,5078,62.55918343487783,62.553,P3O-dyn+AdaReset+HardDistill,Hopper-v4,2
218562,reward,5079,66.6347319555857,64.509,P3O-dyn+AdaReset+HardDistill,Hopper-v4,2
218616,reward,5080,95.81482679466461,61.465,P3O-dyn+AdaReset+HardDistill,Hopper-v4,2
218667,reward,5081,90.03199000474869,63.972,P3O-dyn+AdaReset+HardDistill,Hopper-v4,2
218697,reward,5082,49.53931990152991,64.464,P3O-dyn+AdaReset+HardDistill,Hopper-v4,2
218745,reward,5083,77.61319609594833,67.507,P3O-dyn+AdaReset+HardDistill,Hopper-v4,2
218785,reward,5084,68.69534266546077,68.5,P3O-dyn+AdaReset+HardDistill,Hopper-v4,2
218812,reward,5085,44.522067053902155,67.882,P3O-dyn+AdaReset+HardDistill,Hopper-v4,2
218844,reward,5086,53.254281880387765,66.477,P3O-dyn+AdaReset+HardDistill,Hopper-v4,2
218880,reward,5087,59.383271416434546,66.805,P3O-dyn+AdaReset+HardDistill,Hopper-v4,2
218920,reward,5088,61.450281158644984,66.694,P3O-dyn+AdaReset+HardDistill,Hopper-v4,2
218961,reward,5089,69.81526550505335,67.012,P3O-dyn+AdaReset+HardDistill,Hopper-v4,2
219034,reward,5090,125.1486742143107,69.945,P3O-dyn+AdaReset+HardDistill,Hopper-v4,2
219173,reward,5091,292.5360319570973,90.196,P3O-dyn+AdaReset+HardDistill,Hopper-v4,2
219269,reward,5092,166.5792186872011,101.9,P3O-dyn+AdaReset+HardDistill,Hopper-v4,2
219313,reward,5093,73.99159865017707,101.538,P3O-dyn+AdaReset+HardDistill,Hopper-v4,2
219356,reward,5094,64.03234590792802,101.071,P3O-dyn+AdaReset+HardDistill,Hopper-v4,2
219411,reward,5095,94.3315822097703,106.052,P3O-dyn+AdaReset+HardDistill,Hopper-v4,2
219438,reward,5096,44.50350943608402,105.177,P3O-dyn+AdaReset+HardDistill,Hopper-v4,2
219463,reward,5097,42.7562322069023,103.514,P3O-dyn+AdaReset+HardDistill,Hopper-v4,2
219492,reward,5098,48.02071421452695,102.172,P3O-dyn+AdaReset+HardDistill,Hopper-v4,2
219536,reward,5099,64.67756512932228,101.658,P3O-dyn+AdaReset+HardDistill,Hopper-v4,2
219571,reward,5100,54.19023436774451,94.562,P3O-dyn+AdaReset+HardDistill,Hopper-v4,2
219609,reward,5101,57.21921612294997,71.03,P3O-dyn+AdaReset+HardDistill,Hopper-v4,2
219641,reward,5102,52.81103394344986,59.653,P3O-dyn+AdaReset+HardDistill,Hopper-v4,2
219686,reward,5103,62.59290623266072,58.514,P3O-dyn+AdaReset+HardDistill,Hopper-v4,2
219712,reward,5104,45.250758812066344,56.635,P3O-dyn+AdaReset+HardDistill,Hopper-v4,2
219749,reward,5105,58.830430922296024,53.085,P3O-dyn+AdaReset+HardDistill,Hopper-v4,2
219790,reward,5106,69.12899595479993,55.548,P3O-dyn+AdaReset+HardDistill,Hopper-v4,2
219822,reward,5107,52.5668926025011,56.529,P3O-dyn+AdaReset+HardDistill,Hopper-v4,2
219860,reward,5108,58.47097214585432,57.574,P3O-dyn+AdaReset+HardDistill,Hopper-v4,2
219891,reward,5109,50.929266473076126,56.199,P3O-dyn+AdaReset+HardDistill,Hopper-v4,2
219929,reward,5110,58.060810778487465,56.586,P3O-dyn+AdaReset+HardDistill,Hopper-v4,2
220000,speed,2034.13,1.82,P3O-dyn+AdaReset+HardDistill,Hopper-v4,2
220018,reward,5111,162.0948633717524,67.074,P3O-dyn+AdaReset+HardDistill,Hopper-v4,2
220047,reward,5112,49.00624979672548,66.693,P3O-dyn+AdaReset+HardDistill,Hopper-v4,2
220081,reward,5113,56.2372130803003,66.058,P3O-dyn+AdaReset+HardDistill,Hopper-v4,2
220107,reward,5114,43.94217264289968,65.927,P3O-dyn+AdaReset+HardDistill,Hopper-v4,2
220172,reward,5115,110.9925449927278,71.143,P3O-dyn+AdaReset+HardDistill,Hopper-v4,2
220199,reward,5116,45.128426606730244,68.743,P3O-dyn+AdaReset+HardDistill,Hopper-v4,2
220229,reward,5117,49.78964884077395,68.465,P3O-dyn+AdaReset+HardDistill,Hopper-v4,2
220300,reward,5118,111.87878378112403,73.806,P3O-dyn+AdaReset+HardDistill,Hopper-v4,2
220354,reward,5119,92.61514757312472,77.975,P3O-dyn+AdaReset+HardDistill,Hopper-v4,2
220391,reward,5120,59.926283333465946,78.161,P3O-dyn+AdaReset+HardDistill,Hopper-v4,2
220438,reward,5121,69.06392427005505,68.858,P3O-dyn+AdaReset+HardDistill,Hopper-v4,2
220474,reward,5122,55.03999336111006,69.461,P3O-dyn+AdaReset+HardDistill,Hopper-v4,2
220503,reward,5123,48.08617319299748,68.646,P3O-dyn+AdaReset+HardDistill,Hopper-v4,2
220543,reward,5124,61.28953483608666,70.381,P3O-dyn+AdaReset+HardDistill,Hopper-v4,2
220615,reward,5125,124.47567290236165,71.729,P3O-dyn+AdaReset+HardDistill,Hopper-v4,2
220647,reward,5126,50.501106030123495,72.267,P3O-dyn+AdaReset+HardDistill,Hopper-v4,2
220656,reward,5127,5.071966660307748,67.795,P3O-dyn+AdaReset+HardDistill,Hopper-v4,2
220685,reward,5128,47.77197852175478,61.384,P3O-dyn+AdaReset+HardDistill,Hopper-v4,2
220717,reward,5129,50.982028150926176,57.221,P3O-dyn+AdaReset+HardDistill,Hopper-v4,2
220787,reward,5130,101.26300226020152,61.355,P3O-dyn+AdaReset+HardDistill,Hopper-v4,2
220846,reward,5131,54.4887900281758,59.897,P3O-dyn+AdaReset+HardDistill,Hopper-v4,2
220874,reward,5132,47.112260369899666,59.104,P3O-dyn+AdaReset+HardDistill,Hopper-v4,2
220946,reward,5133,94.71708480016596,63.767,P3O-dyn+AdaReset+HardDistill,Hopper-v4,2
220987,reward,5134,62.89449160833962,63.928,P3O-dyn+AdaReset+HardDistill,Hopper-v4,2
221017,reward,5135,50.43346505112836,56.524,P3O-dyn+AdaReset+HardDistill,Hopper-v4,2
221077,reward,5136,100.69632882245884,61.543,P3O-dyn+AdaReset+HardDistill,Hopper-v4,2
221169,reward,5137,174.81799892436464,78.518,P3O-dyn+AdaReset+HardDistill,Hopper-v4,2
221184,loss,-0.017633719369769096,12.072330474853516,P3O-dyn+AdaReset+HardDistill,Hopper-v4,2
221233,reward,5138,107.17467954721926,84.458,P3O-dyn+AdaReset+HardDistill,Hopper-v4,2
221270,reward,5139,57.463864633660684,85.106,P3O-dyn+AdaReset+HardDistill,Hopper-v4,2
221332,reward,5140,108.19110852316066,85.799,P3O-dyn+AdaReset+HardDistill,Hopper-v4,2
221395,reward,5141,106.46582479384834,90.997,P3O-dyn+AdaReset+HardDistill,Hopper-v4,2
221436,reward,5142,66.65777020644774,92.951,P3O-dyn+AdaReset+HardDistill,Hopper-v4,2
221478,reward,5143,58.64465145666397,89.344,P3O-dyn+AdaReset+HardDistill,Hopper-v4,2
221514,reward,5144,46.51165167197494,87.706,P3O-dyn+AdaReset+HardDistill,Hopper-v4,2
221565,reward,5145,87.98886568702733,91.461,P3O-dyn+AdaReset+HardDistill,Hopper-v4,2
221602,reward,5146,61.30540100965448,87.522,P3O-dyn+AdaReset+HardDistill,Hopper-v4,2
221647,reward,5147,62.75941084406488,76.316,P3O-dyn+AdaReset+HardDistill,Hopper-v4,2
221683,reward,5148,57.41287024253027,71.34,P3O-dyn+AdaReset+HardDistill,Hopper-v4,2
221742,reward,5149,102.36810444436485,75.831,P3O-dyn+AdaReset+HardDistill,Hopper-v4,2
221775,reward,5150,52.60763886794768,70.272,P3O-dyn+AdaReset+HardDistill,Hopper-v4,2
221814,reward,5151,60.62868843182837,65.689,P3O-dyn+AdaReset+HardDistill,Hopper-v4,2
221847,reward,5152,54.45920968143513,64.469,P3O-dyn+AdaReset+HardDistill,Hopper-v4,2
221905,reward,5153,99.58853871114717,68.563,P3O-dyn+AdaReset+HardDistill,Hopper-v4,2
221974,reward,5154,103.35775307818253,74.248,P3O-dyn+AdaReset+HardDistill,Hopper-v4,2
222007,reward,5155,54.29233620720293,70.878,P3O-dyn+AdaReset+HardDistill,Hopper-v4,2
222043,reward,5156,61.46633798455411,70.894,P3O-dyn+AdaReset+HardDistill,Hopper-v4,2
222102,reward,5157,87.74188967843062,73.392,P3O-dyn+AdaReset+HardDistill,Hopper-v4,2
222163,reward,5158,85.83321555395976,76.234,P3O-dyn+AdaReset+HardDistill,Hopper-v4,2
222203,reward,5159,64.62357618676415,72.46,P3O-dyn+AdaReset+HardDistill,Hopper-v4,2
222314,reward,5160,180.9621291163189,85.295,P3O-dyn+AdaReset+HardDistill,Hopper-v4,2
222389,reward,5161,109.47842400755846,90.18,P3O-dyn+AdaReset+HardDistill,Hopper-v4,2
222440,reward,5162,72.25631083725472,91.96,P3O-dyn+AdaReset+HardDistill,Hopper-v4,2
222473,reward,5163,55.27956850304429,87.529,P3O-dyn+AdaReset+HardDistill,Hopper-v4,2
222520,reward,5164,80.94404586211827,85.288,P3O-dyn+AdaReset+HardDistill,Hopper-v4,2
222581,reward,5165,91.24138489386048,88.983,P3O-dyn+AdaReset+HardDistill,Hopper-v4,2
222629,reward,5166,74.61354192049825,90.297,P3O-dyn+AdaReset+HardDistill,Hopper-v4,2
222656,reward,5167,45.311469355478145,86.054,P3O-dyn+AdaReset+HardDistill,Hopper-v4,2
222690,reward,5168,55.42906814810755,83.014,P3O-dyn+AdaReset+HardDistill,Hopper-v4,2
222719,reward,5169,48.12844753537684,81.364,P3O-dyn+AdaReset+HardDistill,Hopper-v4,2
222765,reward,5170,77.13838451771464,70.982,P3O-dyn+AdaReset+HardDistill,Hopper-v4,2
222797,reward,5171,53.311834671956746,65.365,P3O-dyn+AdaReset+HardDistill,Hopper-v4,2
222833,reward,5172,55.73160183520236,63.713,P3O-dyn+AdaReset+HardDistill,Hopper-v4,2
222879,reward,5173,69.04412633363344,65.089,P3O-dyn+AdaReset+HardDistill,Hopper-v4,2
222909,reward,5174,49.573463745846205,61.952,P3O-dyn+AdaReset+HardDistill,Hopper-v4,2
222959,reward,5175,84.74567217842898,61.303,P3O-dyn+AdaReset+HardDistill,Hopper-v4,2
222991,reward,5176,52.467454216824024,59.088,P3O-dyn+AdaReset+HardDistill,Hopper-v4,2
223071,reward,5177,126.32396771386513,67.189,P3O-dyn+AdaReset+HardDistill,Hopper-v4,2
223103,reward,5178,51.83986362410982,66.83,P3O-dyn+AdaReset+HardDistill,Hopper-v4,2
223171,reward,5179,121.0773754028508,74.125,P3O-dyn+AdaReset+HardDistill,Hopper-v4,2
223218,reward,5180,66.34322526998793,73.046,P3O-dyn+AdaReset+HardDistill,Hopper-v4,2
223252,reward,5181,52.29798501681717,72.944,P3O-dyn+AdaReset+HardDistill,Hopper-v4,2
223284,reward,5182,52.71335624761472,72.643,P3O-dyn+AdaReset+HardDistill,Hopper-v4,2
223324,reward,5183,55.887453639261544,71.327,P3O-dyn+AdaReset+HardDistill,Hopper-v4,2
223355,reward,5184,50.82415947341757,71.452,P3O-dyn+AdaReset+HardDistill,Hopper-v4,2
223383,reward,5185,46.918789888788204,67.669,P3O-dyn+AdaReset+HardDistill,Hopper-v4,2
223446,reward,5186,107.53468256239361,73.176,P3O-dyn+AdaReset+HardDistill,Hopper-v4,2
223492,reward,5187,63.928887834477194,66.937,P3O-dyn+AdaReset+HardDistill,Hopper-v4,2
223528,reward,5188,58.56744190525863,67.609,P3O-dyn+AdaReset+HardDistill,Hopper-v4,2
223561,reward,5189,54.58525889998481,60.96,P3O-dyn+AdaReset+HardDistill,Hopper-v4,2
223597,reward,5190,59.51373131285129,60.277,P3O-dyn+AdaReset+HardDistill,Hopper-v4,2
223649,reward,5191,89.87410418008164,64.035,P3O-dyn+AdaReset+HardDistill,Hopper-v4,2
223778,reward,5192,222.91755668616955,81.055,P3O-dyn+AdaReset+HardDistill,Hopper-v4,2
223805,reward,5193,45.63584610031551,80.03,P3O-dyn+AdaReset+HardDistill,Hopper-v4,2
223891,reward,5194,133.93022538014094,88.341,P3O-dyn+AdaReset+HardDistill,Hopper-v4,2
223954,reward,5195,114.43664087482767,95.092,P3O-dyn+AdaReset+HardDistill,Hopper-v4,2
224012,reward,5196,83.40433298333227,92.679,P3O-dyn+AdaReset+HardDistill,Hopper-v4,2
224043,reward,5197,51.02680017881058,91.389,P3O-dyn+AdaReset+HardDistill,Hopper-v4,2
224074,reward,5198,51.01802235334378,90.634,P3O-dyn+AdaReset+HardDistill,Hopper-v4,2
224137,reward,5199,93.24472134070442,94.5,P3O-dyn+AdaReset+HardDistill,Hopper-v4,2
224182,reward,5200,56.990586502651446,94.248,P3O-dyn+AdaReset+HardDistill,Hopper-v4,2
224220,reward,5201,56.21270421726577,90.882,P3O-dyn+AdaReset+HardDistill,Hopper-v4,2
224260,reward,5202,59.148407276199144,74.505,P3O-dyn+AdaReset+HardDistill,Hopper-v4,2
224319,reward,5203,72.09916046370317,77.151,P3O-dyn+AdaReset+HardDistill,Hopper-v4,2
224368,reward,5204,72.52426690914832,71.011,P3O-dyn+AdaReset+HardDistill,Hopper-v4,2
224400,reward,5205,52.59935031083456,64.827,P3O-dyn+AdaReset+HardDistill,Hopper-v4,2
224438,reward,5206,56.17481884058769,62.104,P3O-dyn+AdaReset+HardDistill,Hopper-v4,2
224494,reward,5207,90.45869229410651,66.047,P3O-dyn+AdaReset+HardDistill,Hopper-v4,2
224522,reward,5208,46.958223415478,65.641,P3O-dyn+AdaReset+HardDistill,Hopper-v4,2
224573,reward,5209,84.97698820312675,64.814,P3O-dyn+AdaReset+HardDistill,Hopper-v4,2
224668,reward,5210,175.81400742375632,76.697,P3O-dyn+AdaReset+HardDistill,Hopper-v4,2
224712,reward,5211,63.65446416407855,77.441,P3O-dyn+AdaReset+HardDistill,Hopper-v4,2
224762,reward,5212,85.58877321138299,80.085,P3O-dyn+AdaReset+HardDistill,Hopper-v4,2
224841,reward,5213,137.1783002372675,86.593,P3O-dyn+AdaReset+HardDistill,Hopper-v4,2
224883,reward,5214,61.326835156736514,85.473,P3O-dyn+AdaReset+HardDistill,Hopper-v4,2
224948,reward,5215,109.72013974540863,91.185,P3O-dyn+AdaReset+HardDistill,Hopper-v4,2
224981,reward,5216,53.2471449424918,90.892,P3O-dyn+AdaReset+HardDistill,Hopper-v4,2
225021,reward,5217,60.40118363913448,87.887,P3O-dyn+AdaReset+HardDistill,Hopper-v4,2
225053,reward,5218,52.944527416173685,88.485,P3O-dyn+AdaReset+HardDistill,Hopper-v4,2
225100,reward,5219,63.27700484644151,86.315,P3O-dyn+AdaReset+HardDistill,Hopper-v4,2
225132,reward,5220,51.496387183135326,73.883,P3O-dyn+AdaReset+HardDistill,Hopper-v4,2
225173,reward,5221,67.4501375073739,74.263,P3O-dyn+AdaReset+HardDistill,Hopper-v4,2
225241,reward,5222,115.13527249839922,77.218,P3O-dyn+AdaReset+HardDistill,Hopper-v4,2
225280,reward,5223,59.683613520310494,69.468,P3O-dyn+AdaReset+HardDistill,Hopper-v4,2
225312,reward,5224,46.1617148990175,67.952,P3O-dyn+AdaReset+HardDistill,Hopper-v4,2
225343,reward,5225,51.89695993299163,62.169,P3O-dyn+AdaReset+HardDistill,Hopper-v4,2
225385,reward,5226,66.27513408302678,63.472,P3O-dyn+AdaReset+HardDistill,Hopper-v4,2
225473,reward,5227,115.46627584197452,68.979,P3O-dyn+AdaReset+HardDistill,Hopper-v4,2
225574,reward,5228,126.94288109662283,76.379,P3O-dyn+AdaReset+HardDistill,Hopper-v4,2
225611,reward,5229,45.01566798947343,74.552,P3O-dyn+AdaReset+HardDistill,Hopper-v4,2
225647,reward,5230,60.23742952097938,75.427,P3O-dyn+AdaReset+HardDistill,Hopper-v4,2
225713,reward,5231,112.38260949791403,79.92,P3O-dyn+AdaReset+HardDistill,Hopper-v4,2
225749,reward,5232,55.437573270481714,73.95,P3O-dyn+AdaReset+HardDistill,Hopper-v4,2
225833,reward,5233,134.77316482630175,81.459,P3O-dyn+AdaReset+HardDistill,Hopper-v4,2
225868,reward,5234,57.28245083920862,82.571,P3O-dyn+AdaReset+HardDistill,Hopper-v4,2
225900,reward,5235,55.056371214251044,82.887,P3O-dyn+AdaReset+HardDistill,Hopper-v4,2
226007,reward,5236,197.74596481820222,96.034,P3O-dyn+AdaReset+HardDistill,Hopper-v4,2
226054,reward,5237,62.94040105018398,90.781,P3O-dyn+AdaReset+HardDistill,Hopper-v4,2
226122,reward,5238,128.3513298091112,90.922,P3O-dyn+AdaReset+HardDistill,Hopper-v4,2
226155,reward,5239,53.55292249447873,91.776,P3O-dyn+AdaReset+HardDistill,Hopper-v4,2
226224,reward,5240,117.58244861512603,97.511,P3O-dyn+AdaReset+HardDistill,Hopper-v4,2
226294,reward,5241,121.65812714555322,98.438,P3O-dyn+AdaReset+HardDistill,Hopper-v4,2
226326,reward,5242,52.332275853286916,98.128,P3O-dyn+AdaReset+HardDistill,Hopper-v4,2
226362,reward,5243,58.76228253196052,90.526,P3O-dyn+AdaReset+HardDistill,Hopper-v4,2
226405,reward,5244,68.30178147598535,91.628,P3O-dyn+AdaReset+HardDistill,Hopper-v4,2
226440,reward,5245,57.398002575329095,91.863,P3O-dyn+AdaReset+HardDistill,Hopper-v4,2
226464,reward,5246,40.725219737712976,76.16,P3O-dyn+AdaReset+HardDistill,Hopper-v4,2
226497,reward,5247,50.78908734986655,74.945,P3O-dyn+AdaReset+HardDistill,Hopper-v4,2
226561,reward,5248,83.84703508527669,70.495,P3O-dyn+AdaReset+HardDistill,Hopper-v4,2
226650,reward,5249,157.92455708019386,80.932,P3O-dyn+AdaReset+HardDistill,Hopper-v4,2
226679,reward,5250,48.080858970627034,73.982,P3O-dyn+AdaReset+HardDistill,Hopper-v4,2
226708,reward,5251,47.855886888537825,66.602,P3O-dyn+AdaReset+HardDistill,Hopper-v4,2
226741,reward,5252,49.00219201865839,66.269,P3O-dyn+AdaReset+HardDistill,Hopper-v4,2
226779,reward,5253,57.28694192288907,66.121,P3O-dyn+AdaReset+HardDistill,Hopper-v4,2
226841,reward,5254,60.048042935961725,65.296,P3O-dyn+AdaReset+HardDistill,Hopper-v4,2
226878,reward,5255,61.32638439258424,65.689,P3O-dyn+AdaReset+HardDistill,Hopper-v4,2
226921,reward,5256,72.06794574841031,68.823,P3O-dyn+AdaReset+HardDistill,Hopper-v4,2
226947,reward,5257,43.990769235550744,68.143,P3O-dyn+AdaReset+HardDistill,Hopper-v4,2
226988,reward,5258,62.92167189838242,66.051,P3O-dyn+AdaReset+HardDistill,Hopper-v4,2
227023,reward,5259,54.83439797197388,55.742,P3O-dyn+AdaReset+HardDistill,Hopper-v4,2
227056,reward,5260,35.35588939945278,54.469,P3O-dyn+AdaReset+HardDistill,Hopper-v4,2
227128,reward,5261,124.99783669525056,62.183,P3O-dyn+AdaReset+HardDistill,Hopper-v4,2
227174,reward,5262,63.63302573231943,63.646,P3O-dyn+AdaReset+HardDistill,Hopper-v4,2
227227,reward,5263,74.60420819496798,65.378,P3O-dyn+AdaReset+HardDistill,Hopper-v4,2
227268,reward,5264,58.30812521027783,65.204,P3O-dyn+AdaReset+HardDistill,Hopper-v4,2
227346,reward,5265,116.8757759482265,70.759,P3O-dyn+AdaReset+HardDistill,Hopper-v4,2
227386,reward,5266,57.00680261632268,69.253,P3O-dyn+AdaReset+HardDistill,Hopper-v4,2
227421,reward,5267,52.55485242815394,70.109,P3O-dyn+AdaReset+HardDistill,Hopper-v4,2
227469,reward,5268,71.42705372797495,70.96,P3O-dyn+AdaReset+HardDistill,Hopper-v4,2
227502,reward,5269,53.93291109766627,70.87,P3O-dyn+AdaReset+HardDistill,Hopper-v4,2
227551,reward,5270,68.36824685179357,74.171,P3O-dyn+AdaReset+HardDistill,Hopper-v4,2
227607,reward,5271,95.81288587983394,71.252,P3O-dyn+AdaReset+HardDistill,Hopper-v4,2
227670,reward,5272,110.41257914599237,75.93,P3O-dyn+AdaReset+HardDistill,Hopper-v4,2
227724,reward,5273,84.35555311919023,76.905,P3O-dyn+AdaReset+HardDistill,Hopper-v4,2
227768,reward,5274,60.931510286489704,77.168,P3O-dyn+AdaReset+HardDistill,Hopper-v4,2
227833,reward,5275,106.4205156573805,76.122,P3O-dyn+AdaReset+HardDistill,Hopper-v4,2
227920,reward,5276,140.47708087598124,84.469,P3O-dyn+AdaReset+HardDistill,Hopper-v4,2
227952,reward,5277,52.66481553811987,84.48,P3O-dyn+AdaReset+HardDistill,Hopper-v4,2
227992,reward,5278,65.09383980718796,83.847,P3O-dyn+AdaReset+HardDistill,Hopper-v4,2
228045,reward,5279,84.13342765532248,86.867,P3O-dyn+AdaReset+HardDistill,Hopper-v4,2
228102,reward,5280,81.43877748463387,88.174,P3O-dyn+AdaReset+HardDistill,Hopper-v4,2
228138,reward,5281,45.20077558183734,83.113,P3O-dyn+AdaReset+HardDistill,Hopper-v4,2
228176,reward,5282,50.16624286459094,77.088,P3O-dyn+AdaReset+HardDistill,Hopper-v4,2
228211,reward,5283,56.61721506424841,74.314,P3O-dyn+AdaReset+HardDistill,Hopper-v4,2
228266,reward,5284,88.47529306560024,77.069,P3O-dyn+AdaReset+HardDistill,Hopper-v4,2
228313,reward,5285,79.92710257982797,74.419,P3O-dyn+AdaReset+HardDistill,Hopper-v4,2
228384,reward,5286,109.01500949485057,71.273,P3O-dyn+AdaReset+HardDistill,Hopper-v4,2
228411,reward,5287,44.959326786104484,70.503,P3O-dyn+AdaReset+HardDistill,Hopper-v4,2
228446,reward,5288,57.33407206441918,69.727,P3O-dyn+AdaReset+HardDistill,Hopper-v4,2
228539,reward,5289,167.14515546423556,78.028,P3O-dyn+AdaReset+HardDistill,Hopper-v4,2
228587,reward,5290,83.07924892872504,78.192,P3O-dyn+AdaReset+HardDistill,Hopper-v4,2
228621,reward,5291,56.020035285272144,79.274,P3O-dyn+AdaReset+HardDistill,Hopper-v4,2
228695,reward,5292,117.08967667994496,85.966,P3O-dyn+AdaReset+HardDistill,Hopper-v4,2
228732,reward,5293,55.43896331445808,85.848,P3O-dyn+AdaReset+HardDistill,Hopper-v4,2
228769,reward,5294,49.72948881614043,81.974,P3O-dyn+AdaReset+HardDistill,Hopper-v4,2
228810,reward,5295,53.14154345528871,79.295,P3O-dyn+AdaReset+HardDistill,Hopper-v4,2
228951,reward,5296,219.3028047128316,90.324,P3O-dyn+AdaReset+HardDistill,Hopper-v4,2
228982,reward,5297,47.56888265978478,90.585,P3O-dyn+AdaReset+HardDistill,Hopper-v4,2
229043,reward,5298,92.4672112477601,94.098,P3O-dyn+AdaReset+HardDistill,Hopper-v4,2
229080,reward,5299,55.35722123007134,82.92,P3O-dyn+AdaReset+HardDistill,Hopper-v4,2
229124,reward,5300,64.38308675281284,81.05,P3O-dyn+AdaReset+HardDistill,Hopper-v4,2
229164,reward,5301,62.336681183096694,81.682,P3O-dyn+AdaReset+HardDistill,Hopper-v4,2
229227,reward,5302,106.34318047065125,80.607,P3O-dyn+AdaReset+HardDistill,Hopper-v4,2
229272,reward,5303,73.34330521421847,82.397,P3O-dyn+AdaReset+HardDistill,Hopper-v4,2
229310,reward,5304,58.91981005341688,83.316,P3O-dyn+AdaReset+HardDistill,Hopper-v4,2
229368,reward,5305,87.36996806163398,86.739,P3O-dyn+AdaReset+HardDistill,Hopper-v4,2
229376,loss,-0.01972980797290802,7.472644805908203,P3O-dyn+AdaReset+HardDistill,Hopper-v4,2
229430,reward,5306,81.54168293066401,72.963,P3O-dyn+AdaReset+HardDistill,Hopper-v4,2
229520,reward,5307,164.17398390217556,84.624,P3O-dyn+AdaReset+HardDistill,Hopper-v4,2
229584,reward,5308,107.53008794735835,86.13,P3O-dyn+AdaReset+HardDistill,Hopper-v4,2
229643,reward,5309,103.03149120890264,90.897,P3O-dyn+AdaReset+HardDistill,Hopper-v4,2
229698,reward,5310,78.16540480665338,92.276,P3O-dyn+AdaReset+HardDistill,Hopper-v4,2
229755,reward,5311,91.70051410707727,95.212,P3O-dyn+AdaReset+HardDistill,Hopper-v4,2
229843,reward,5312,171.52487603228653,101.73,P3O-dyn+AdaReset+HardDistill,Hopper-v4,2
229876,reward,5313,53.57928479643288,99.754,P3O-dyn+AdaReset+HardDistill,Hopper-v4,2
229916,reward,5314,65.69307328480825,100.431,P3O-dyn+AdaReset+HardDistill,Hopper-v4,2
229996,reward,5315,129.5632650174181,104.65,P3O-dyn+AdaReset+HardDistill,Hopper-v4,2
230000,speed,2001.3,1.9,P3O-dyn+AdaReset+HardDistill,Hopper-v4,2
230071,reward,5316,124.2948535366829,108.926,P3O-dyn+AdaReset+HardDistill,Hopper-v4,2
230124,reward,5317,88.88013384762371,101.396,P3O-dyn+AdaReset+HardDistill,Hopper-v4,2
230199,reward,5318,102.34069163154149,100.877,P3O-dyn+AdaReset+HardDistill,Hopper-v4,2
230260,reward,5319,103.9828811296501,100.972,P3O-dyn+AdaReset+HardDistill,Hopper-v4,2
230412,reward,5320,271.9891332877964,120.355,P3O-dyn+AdaReset+HardDistill,Hopper-v4,2
230446,reward,5321,55.1664945643809,116.701,P3O-dyn+AdaReset+HardDistill,Hopper-v4,2
230492,reward,5322,76.41245758446371,107.19,P3O-dyn+AdaReset+HardDistill,Hopper-v4,2
230540,reward,5323,83.13484661150704,110.146,P3O-dyn+AdaReset+HardDistill,Hopper-v4,2
230565,reward,5324,41.73819886925061,107.75,P3O-dyn+AdaReset+HardDistill,Hopper-v4,2
230607,reward,5325,67.91113868710414,101.585,P3O-dyn+AdaReset+HardDistill,Hopper-v4,2
230656,reward,5326,67.3539532719565,95.891,P3O-dyn+AdaReset+HardDistill,Hopper-v4,2
230693,reward,5327,60.18030173069737,93.021,P3O-dyn+AdaReset+HardDistill,Hopper-v4,2
230771,reward,5328,105.42406389419237,93.329,P3O-dyn+AdaReset+HardDistill,Hopper-v4,2
230824,reward,5329,83.7070354823922,91.302,P3O-dyn+AdaReset+HardDistill,Hopper-v4,2
230861,reward,5330,56.249575943940535,69.728,P3O-dyn+AdaReset+HardDistill,Hopper-v4,2
230910,reward,5331,81.90137190592866,72.401,P3O-dyn+AdaReset+HardDistill,Hopper-v4,2
230941,reward,5332,50.35865656111711,69.796,P3O-dyn+AdaReset+HardDistill,Hopper-v4,2
230993,reward,5333,73.65314358067722,68.848,P3O-dyn+AdaReset+HardDistill,Hopper-v4,2
231044,reward,5334,83.62248374455942,73.036,P3O-dyn+AdaReset+HardDistill,Hopper-v4,2
231085,reward,5335,61.159398668715724,72.361,P3O-dyn+AdaReset+HardDistill,Hopper-v4,2
231118,reward,5336,54.27435457602595,71.053,P3O-dyn+AdaReset+HardDistill,Hopper-v4,2
231160,reward,5337,56.91712422387495,70.727,P3O-dyn+AdaReset+HardDistill,Hopper-v4,2
231207,reward,5338,80.78546039301216,68.263,P3O-dyn+AdaReset+HardDistill,Hopper-v4,2
231243,reward,5339,59.49368144441675,65.842,P3O-dyn+AdaReset+HardDistill,Hopper-v4,2
231355,reward,5340,199.61522804154632,80.178,P3O-dyn+AdaReset+HardDistill,Hopper-v4,2
231390,reward,5341,55.71148685710352,77.559,P3O-dyn+AdaReset+HardDistill,Hopper-v4,2
231494,reward,5342,167.81047186764508,89.304,P3O-dyn+AdaReset+HardDistill,Hopper-v4,2
231579,reward,5343,119.20440992390688,93.859,P3O-dyn+AdaReset+HardDistill,Hopper-v4,2
231617,reward,5344,61.53884510208505,91.651,P3O-dyn+AdaReset+HardDistill,Hopper-v4,2
231676,reward,5345,87.27758096371187,94.263,P3O-dyn+AdaReset+HardDistill,Hopper-v4,2
231729,reward,5346,80.76598040826056,96.912,P3O-dyn+AdaReset+HardDistill,Hopper-v4,2
231781,reward,5347,76.4891626316154,98.869,P3O-dyn+AdaReset+HardDistill,Hopper-v4,2
231882,reward,5348,129.3969892292856,103.73,P3O-dyn+AdaReset+HardDistill,Hopper-v4,2
231932,reward,5349,86.71265092851927,106.452,P3O-dyn+AdaReset+HardDistill,Hopper-v4,2
232027,reward,5350,157.64329504538838,102.255,P3O-dyn+AdaReset+HardDistill,Hopper-v4,2
232063,reward,5351,59.071014504901626,102.591,P3O-dyn+AdaReset+HardDistill,Hopper-v4,2
232127,reward,5352,104.6077380273121,96.271,P3O-dyn+AdaReset+HardDistill,Hopper-v4,2
232173,reward,5353,67.42750772229704,91.093,P3O-dyn+AdaReset+HardDistill,Hopper-v4,2
232204,reward,5354,51.414114571213105,90.081,P3O-dyn+AdaReset+HardDistill,Hopper-v4,2
232266,reward,5355,88.62056255919232,90.215,P3O-dyn+AdaReset+HardDistill,Hopper-v4,2
232383,reward,5356,204.35773426776797,102.574,P3O-dyn+AdaReset+HardDistill,Hopper-v4,2
232427,reward,5357,58.824676919957355,100.808,P3O-dyn+AdaReset+HardDistill,Hopper-v4,2
232499,reward,5358,122.3125425643687,100.099,P3O-dyn+AdaReset+HardDistill,Hopper-v4,2
232543,reward,5359,72.66414726572445,98.694,P3O-dyn+AdaReset+HardDistill,Hopper-v4,2
232574,reward,5360,51.602093520436114,88.09,P3O-dyn+AdaReset+HardDistill,Hopper-v4,2
232664,reward,5361,128.63142575158946,95.046,P3O-dyn+AdaReset+HardDistill,Hopper-v4,2
232701,reward,5362,59.83067217066056,90.569,P3O-dyn+AdaReset+HardDistill,Hopper-v4,2
232734,reward,5363,54.438175171700266,89.27,P3O-dyn+AdaReset+HardDistill,Hopper-v4,2
232780,reward,5364,76.46663239295421,91.775,P3O-dyn+AdaReset+HardDistill,Hopper-v4,2
232835,reward,5365,94.14760068292392,92.328,P3O-dyn+AdaReset+HardDistill,Hopper-v4,2
232896,reward,5366,106.46101256105572,82.538,P3O-dyn+AdaReset+HardDistill,Hopper-v4,2
232949,reward,5367,72.48841180508903,83.904,P3O-dyn+AdaReset+HardDistill,Hopper-v4,2
232992,reward,5368,55.66175839628042,77.239,P3O-dyn+AdaReset+HardDistill,Hopper-v4,2
233046,reward,5369,85.75788806889918,78.549,P3O-dyn+AdaReset+HardDistill,Hopper-v4,2
233098,reward,5370,85.61557242615908,81.95,P3O-dyn+AdaReset+HardDistill,Hopper-v4,2
233128,reward,5371,49.869874767902395,74.074,P3O-dyn+AdaReset+HardDistill,Hopper-v4,2
233165,reward,5372,50.431957568911265,73.134,P3O-dyn+AdaReset+HardDistill,Hopper-v4,2
233268,reward,5373,182.49479880801914,85.94,P3O-dyn+AdaReset+HardDistill,Hopper-v4,2
233323,reward,5374,95.36854769851048,87.83,P3O-dyn+AdaReset+HardDistill,Hopper-v4,2
233383,reward,5375,102.11681358166422,88.627,P3O-dyn+AdaReset+HardDistill,Hopper-v4,2
233421,reward,5376,62.334240403168955,84.214,P3O-dyn+AdaReset+HardDistill,Hopper-v4,2
233475,reward,5377,91.97290524875186,86.162,P3O-dyn+AdaReset+HardDistill,Hopper-v4,2
233504,reward,5378,48.134863803015584,85.41,P3O-dyn+AdaReset+HardDistill,Hopper-v4,2
233541,reward,5379,59.496671283564105,82.784,P3O-dyn+AdaReset+HardDistill,Hopper-v4,2
233578,reward,5380,61.21261070932308,80.343,P3O-dyn+AdaReset+HardDistill,Hopper-v4,2
233622,reward,5381,61.26397130391032,81.483,P3O-dyn+AdaReset+HardDistill,Hopper-v4,2
233691,reward,5382,110.97470921903977,87.537,P3O-dyn+AdaReset+HardDistill,Hopper-v4,2
233726,reward,5383,52.06980631094682,74.495,P3O-dyn+AdaReset+HardDistill,Hopper-v4,2
233783,reward,5384,96.76703547780446,74.634,P3O-dyn+AdaReset+HardDistill,Hopper-v4,2
233809,reward,5385,43.69347210779625,68.792,P3O-dyn+AdaReset+HardDistill,Hopper-v4,2
233849,reward,5386,65.84758059183316,69.143,P3O-dyn+AdaReset+HardDistill,Hopper-v4,2
233888,reward,5387,62.766176999777166,66.223,P3O-dyn+AdaReset+HardDistill,Hopper-v4,2
233949,reward,5388,95.15171625227399,70.924,P3O-dyn+AdaReset+HardDistill,Hopper-v4,2
234019,reward,5389,121.25196779232024,77.1,P3O-dyn+AdaReset+HardDistill,Hopper-v4,2
234070,reward,5390,65.3948703363068,77.518,P3O-dyn+AdaReset+HardDistill,Hopper-v4,2
234181,reward,5391,171.19913307762724,88.512,P3O-dyn+AdaReset+HardDistill,Hopper-v4,2
234240,reward,5392,99.86270958089388,87.4,P3O-dyn+AdaReset+HardDistill,Hopper-v4,2
234286,reward,5393,64.93487409319447,88.687,P3O-dyn+AdaReset+HardDistill,Hopper-v4,2
234353,reward,5394,97.15234179811516,88.725,P3O-dyn+AdaReset+HardDistill,Hopper-v4,2
234403,reward,5395,71.74770344167204,91.531,P3O-dyn+AdaReset+HardDistill,Hopper-v4,2
234463,reward,5396,95.76183581010358,94.522,P3O-dyn+AdaReset+HardDistill,Hopper-v4,2
234498,reward,5397,55.50006320665505,93.796,P3O-dyn+AdaReset+HardDistill,Hopper-v4,2
234551,reward,5398,75.40324192408852,91.821,P3O-dyn+AdaReset+HardDistill,Hopper-v4,2
234596,reward,5399,73.9942212351412,87.095,P3O-dyn+AdaReset+HardDistill,Hopper-v4,2
234626,reward,5400,49.68678790179512,85.524,P3O-dyn+AdaReset+HardDistill,Hopper-v4,2
234724,reward,5401,182.35094028098277,86.639,P3O-dyn+AdaReset+HardDistill,Hopper-v4,2
234759,reward,5402,57.1672418855956,82.37,P3O-dyn+AdaReset+HardDistill,Hopper-v4,2
234807,reward,5403,76.62429288017151,83.539,P3O-dyn+AdaReset+HardDistill,Hopper-v4,2
234845,reward,5404,64.89958718033806,80.314,P3O-dyn+AdaReset+HardDistill,Hopper-v4,2
234898,reward,5405,74.42463955953072,80.581,P3O-dyn+AdaReset+HardDistill,Hopper-v4,2
234957,reward,5406,105.73982689011237,81.579,P3O-dyn+AdaReset+HardDistill,Hopper-v4,2
235009,reward,5407,89.66947107225175,84.996,P3O-dyn+AdaReset+HardDistill,Hopper-v4,2
235069,reward,5408,102.58212892542419,87.714,P3O-dyn+AdaReset+HardDistill,Hopper-v4,2
235116,reward,5409,81.15182298982253,88.43,P3O-dyn+AdaReset+HardDistill,Hopper-v4,2
235158,reward,5410,71.6517230156334,90.626,P3O-dyn+AdaReset+HardDistill,Hopper-v4,2
235211,reward,5411,90.74282075799998,81.465,P3O-dyn+AdaReset+HardDistill,Hopper-v4,2
235319,reward,5412,195.73248031434605,95.322,P3O-dyn+AdaReset+HardDistill,Hopper-v4,2
235419,reward,5413,168.81978801742537,104.541,P3O-dyn+AdaReset+HardDistill,Hopper-v4,2
235457,reward,5414,62.21831913394035,104.273,P3O-dyn+AdaReset+HardDistill,Hopper-v4,2
235512,reward,5415,75.50374493937663,104.381,P3O-dyn+AdaReset+HardDistill,Hopper-v4,2
235569,reward,5416,95.80648784191084,103.388,P3O-dyn+AdaReset+HardDistill,Hopper-v4,2
235603,reward,5417,57.5972691412971,100.181,P3O-dyn+AdaReset+HardDistill,Hopper-v4,2
235665,reward,5418,101.83492656182429,100.106,P3O-dyn+AdaReset+HardDistill,Hopper-v4,2
235713,reward,5419,64.92250626538475,98.483,P3O-dyn+AdaReset+HardDistill,Hopper-v4,2
235767,reward,5420,93.52620549372924,100.67,P3O-dyn+AdaReset+HardDistill,Hopper-v4,2
235821,reward,5421,82.49772938151169,99.846,P3O-dyn+AdaReset+HardDistill,Hopper-v4,2
235877,reward,5422,92.11971449964372,89.485,P3O-dyn+AdaReset+HardDistill,Hopper-v4,2
235921,reward,5423,60.799868359580614,78.683,P3O-dyn+AdaReset+HardDistill,Hopper-v4,2
235993,reward,5424,114.38842952717324,83.9,P3O-dyn+AdaReset+HardDistill,Hopper-v4,2
236064,reward,5425,104.29633440405621,86.779,P3O-dyn+AdaReset+HardDistill,Hopper-v4,2
236148,reward,5426,157.88916642267193,92.987,P3O-dyn+AdaReset+HardDistill,Hopper-v4,2
236195,reward,5427,72.13336292409186,94.441,P3O-dyn+AdaReset+HardDistill,Hopper-v4,2
236237,reward,5428,52.1893159587513,89.476,P3O-dyn+AdaReset+HardDistill,Hopper-v4,2
236307,reward,5429,112.3380494576204,94.218,P3O-dyn+AdaReset+HardDistill,Hopper-v4,2
236353,reward,5430,73.35243373292334,92.2,P3O-dyn+AdaReset+HardDistill,Hopper-v4,2
236402,reward,5431,85.05258763354291,92.456,P3O-dyn+AdaReset+HardDistill,Hopper-v4,2
236442,reward,5432,66.12889540131964,89.857,P3O-dyn+AdaReset+HardDistill,Hopper-v4,2
236525,reward,5433,146.7028244812683,98.447,P3O-dyn+AdaReset+HardDistill,Hopper-v4,2
236592,reward,5434,85.95703326811748,95.604,P3O-dyn+AdaReset+HardDistill,Hopper-v4,2
236650,reward,5435,81.44962149799325,93.319,P3O-dyn+AdaReset+HardDistill,Hopper-v4,2
236699,reward,5436,70.7712728877937,84.608,P3O-dyn+AdaReset+HardDistill,Hopper-v4,2
236745,reward,5437,77.83947602344637,85.178,P3O-dyn+AdaReset+HardDistill,Hopper-v4,2
236812,reward,5438,114.95140034874633,91.454,P3O-dyn+AdaReset+HardDistill,Hopper-v4,2
236864,reward,5439,91.77185510215585,89.398,P3O-dyn+AdaReset+HardDistill,Hopper-v4,2
236933,reward,5440,111.39571830031258,93.202,P3O-dyn+AdaReset+HardDistill,Hopper-v4,2
236975,reward,5441,60.29771795044438,90.727,P3O-dyn+AdaReset+HardDistill,Hopper-v4,2
237045,reward,5442,103.63069757830183,94.477,P3O-dyn+AdaReset+HardDistill,Hopper-v4,2
237122,reward,5443,86.89417019056606,88.496,P3O-dyn+AdaReset+HardDistill,Hopper-v4,2
237151,reward,5444,47.658392888624505,84.666,P3O-dyn+AdaReset+HardDistill,Hopper-v4,2
237235,reward,5445,143.88792071902787,90.91,P3O-dyn+AdaReset+HardDistill,Hopper-v4,2
237286,reward,5446,74.71229456625261,91.304,P3O-dyn+AdaReset+HardDistill,Hopper-v4,2
237316,reward,5447,32.544888390007046,86.775,P3O-dyn+AdaReset+HardDistill,Hopper-v4,2
237369,reward,5448,91.62990353570447,84.442,P3O-dyn+AdaReset+HardDistill,Hopper-v4,2
237402,reward,5449,53.4096172697963,80.606,P3O-dyn+AdaReset+HardDistill,Hopper-v4,2
237448,reward,5450,74.77261575929185,76.944,P3O-dyn+AdaReset+HardDistill,Hopper-v4,2
237479,reward,5451,51.05853851629851,76.02,P3O-dyn+AdaReset+HardDistill,Hopper-v4,2
237535,reward,5452,92.47170152766975,74.904,P3O-dyn+AdaReset+HardDistill,Hopper-v4,2
237568,loss,-0.017932206392288208,4.572958469390869,P3O-dyn+AdaReset+HardDistill,Hopper-v4,2
237604,reward,5453,104.52462432161771,76.667,P3O-dyn+AdaReset+HardDistill,Hopper-v4,2
237644,reward,5454,65.37066705184911,78.438,P3O-dyn+AdaReset+HardDistill,Hopper-v4,2
237680,reward,5455,55.67647849598043,69.617,P3O-dyn+AdaReset+HardDistill,Hopper-v4,2
237825,reward,5456,203.51743504946788,82.498,P3O-dyn+AdaReset+HardDistill,Hopper-v4,2
237889,reward,5457,93.94364541183052,88.638,P3O-dyn+AdaReset+HardDistill,Hopper-v4,2
237971,reward,5458,136.76106689160665,93.151,P3O-dyn+AdaReset+HardDistill,Hopper-v4,2
238041,reward,5459,111.48204675064432,98.958,P3O-dyn+AdaReset+HardDistill,Hopper-v4,2
238099,reward,5460,100.48666147978717,101.529,P3O-dyn+AdaReset+HardDistill,Hopper-v4,2
238144,reward,5461,72.59610664089938,103.683,P3O-dyn+AdaReset+HardDistill,Hopper-v4,2
238188,reward,5462,73.03011596449689,101.739,P3O-dyn+AdaReset+HardDistill,Hopper-v4,2
238320,reward,5463,197.83922748257427,111.07,P3O-dyn+AdaReset+HardDistill,Hopper-v4,2
238388,reward,5464,112.08997207006507,115.742,P3O-dyn+AdaReset+HardDistill,Hopper-v4,2
238447,reward,5465,82.95297487678295,118.47,P3O-dyn+AdaReset+HardDistill,Hopper-v4,2
238529,reward,5466,108.4823457485608,108.966,P3O-dyn+AdaReset+HardDistill,Hopper-v4,2
238600,reward,5467,101.07763673238402,109.68,P3O-dyn+AdaReset+HardDistill,Hopper-v4,2
238648,reward,5468,79.96909539898252,104.001,P3O-dyn+AdaReset+HardDistill,Hopper-v4,2
238746,reward,5469,133.3571970807761,106.188,P3O-dyn+AdaReset+HardDistill,Hopper-v4,2
238796,reward,5470,84.05146748097752,104.545,P3O-dyn+AdaReset+HardDistill,Hopper-v4,2
238863,reward,5471,97.55209696540574,107.04,P3O-dyn+AdaReset+HardDistill,Hopper-v4,2
238988,reward,5472,259.07496498478696,125.645,P3O-dyn+AdaReset+HardDistill,Hopper-v4,2
239033,reward,5473,74.34264799181464,113.295,P3O-dyn+AdaReset+HardDistill,Hopper-v4,2
239091,reward,5474,91.35819196551894,111.222,P3O-dyn+AdaReset+HardDistill,Hopper-v4,2
239152,reward,5475,93.16047507368549,112.243,P3O-dyn+AdaReset+HardDistill,Hopper-v4,2
239192,reward,5476,50.89090980722872,106.483,P3O-dyn+AdaReset+HardDistill,Hopper-v4,2
239241,reward,5477,76.13513250052104,103.989,P3O-dyn+AdaReset+HardDistill,Hopper-v4,2
239311,reward,5478,112.75597108002177,107.268,P3O-dyn+AdaReset+HardDistill,Hopper-v4,2
239358,reward,5479,76.14798498230861,101.547,P3O-dyn+AdaReset+HardDistill,Hopper-v4,2
239402,reward,5480,59.727958617532295,99.115,P3O-dyn+AdaReset+HardDistill,Hopper-v4,2
239461,reward,5481,87.29688223946508,98.089,P3O-dyn+AdaReset+HardDistill,Hopper-v4,2
239494,reward,5482,54.290290716928986,77.611,P3O-dyn+AdaReset+HardDistill,Hopper-v4,2
239543,reward,5483,74.8849998609554,77.665,P3O-dyn+AdaReset+HardDistill,Hopper-v4,2
239591,reward,5484,81.1236216203818,76.641,P3O-dyn+AdaReset+HardDistill,Hopper-v4,2
239727,reward,5485,131.81414315178202,80.507,P3O-dyn+AdaReset+HardDistill,Hopper-v4,2
239860,reward,5486,245.4866756619826,99.966,P3O-dyn+AdaReset+HardDistill,Hopper-v4,2
239953,reward,5487,125.52988626404732,104.906,P3O-dyn+AdaReset+HardDistill,Hopper-v4,2
240000,speed,2089.88,1.98,P3O-dyn+AdaReset+HardDistill,Hopper-v4,2
240108,reward,5488,287.3788019773347,122.368,P3O-dyn+AdaReset+HardDistill,Hopper-v4,2
240170,reward,5489,93.02725295153493,124.056,P3O-dyn+AdaReset+HardDistill,Hopper-v4,2
240229,reward,5490,96.20354293589618,127.704,P3O-dyn+AdaReset+HardDistill,Hopper-v4,2
240307,reward,5491,111.40665186163172,130.115,P3O-dyn+AdaReset+HardDistill,Hopper-v4,2
240401,reward,5492,131.43862046474942,137.829,P3O-dyn+AdaReset+HardDistill,Hopper-v4,2
240465,reward,5493,98.73543695139499,140.214,P3O-dyn+AdaReset+HardDistill,Hopper-v4,2
240502,reward,5494,60.34911854899919,138.137,P3O-dyn+AdaReset+HardDistill,Hopper-v4,2
240633,reward,5495,242.131695855443,149.169,P3O-dyn+AdaReset+HardDistill,Hopper-v4,2
240667,reward,5496,55.736704387094065,130.194,P3O-dyn+AdaReset+HardDistill,Hopper-v4,2
240723,reward,5497,85.6494206934726,126.206,P3O-dyn+AdaReset+HardDistill,Hopper-v4,2
240762,reward,5498,63.60389600186671,103.828,P3O-dyn+AdaReset+HardDistill,Hopper-v4,2
240821,reward,5499,86.98077835077964,103.224,P3O-dyn+AdaReset+HardDistill,Hopper-v4,2
240995,reward,5500,290.447872396893,122.648,P3O-dyn+AdaReset+HardDistill,Hopper-v4,2
241053,reward,5501,78.16292042606278,119.324,P3O-dyn+AdaReset+HardDistill,Hopper-v4,2
241137,reward,5502,114.42692444745663,117.622,P3O-dyn+AdaReset+HardDistill,Hopper-v4,2
241190,reward,5503,81.44884820338473,115.894,P3O-dyn+AdaReset+HardDistill,Hopper-v4,2
241237,reward,5504,72.6856806181559,117.127,P3O-dyn+AdaReset+HardDistill,Hopper-v4,2
241289,reward,5505,91.41433026158894,102.056,P3O-dyn+AdaReset+HardDistill,Hopper-v4,2
241346,reward,5506,83.08096339924371,104.79,P3O-dyn+AdaReset+HardDistill,Hopper-v4,2
241386,reward,5507,57.36247140927979,101.961,P3O-dyn+AdaReset+HardDistill,Hopper-v4,2
241422,reward,5508,48.07429573627387,100.409,P3O-dyn+AdaReset+HardDistill,Hopper-v4,2
241471,reward,5509,82.84035009673542,99.994,P3O-dyn+AdaReset+HardDistill,Hopper-v4,2
241547,reward,5510,122.98389759042975,83.248,P3O-dyn+AdaReset+HardDistill,Hopper-v4,2
241597,reward,5511,73.2897671142209,82.761,P3O-dyn+AdaReset+HardDistill,Hopper-v4,2
241666,reward,5512,117.93581822602661,83.112,P3O-dyn+AdaReset+HardDistill,Hopper-v4,2
241719,reward,5513,83.59509668448939,83.326,P3O-dyn+AdaReset+HardDistill,Hopper-v4,2
241794,reward,5514,105.49094486745621,86.607,P3O-dyn+AdaReset+HardDistill,Hopper-v4,2
241866,reward,5515,104.94515448794792,87.96,P3O-dyn+AdaReset+HardDistill,Hopper-v4,2
241919,reward,5516,82.10976156463472,87.863,P3O-dyn+AdaReset+HardDistill,Hopper-v4,2
242015,reward,5517,127.57624452734211,94.884,P3O-dyn+AdaReset+HardDistill,Hopper-v4,2
242075,reward,5518,85.80408268866331,98.657,P3O-dyn+AdaReset+HardDistill,Hopper-v4,2
242149,reward,5519,85.83503621425051,98.957,P3O-dyn+AdaReset+HardDistill,Hopper-v4,2
242192,reward,5520,70.09497820517389,93.668,P3O-dyn+AdaReset+HardDistill,Hopper-v4,2
242261,reward,5521,104.58114459126931,96.797,P3O-dyn+AdaReset+HardDistill,Hopper-v4,2
242361,reward,5522,170.83905509933965,102.087,P3O-dyn+AdaReset+HardDistill,Hopper-v4,2
242388,reward,5523,43.89614938832937,98.117,P3O-dyn+AdaReset+HardDistill,Hopper-v4,2
242426,reward,5524,61.18088864045642,93.686,P3O-dyn+AdaReset+HardDistill,Hopper-v4,2
242495,reward,5525,102.21454201602889,93.413,P3O-dyn+AdaReset+HardDistill,Hopper-v4,2
242577,reward,5526,118.13881284122243,97.016,P3O-dyn+AdaReset+HardDistill,Hopper-v4,2
242653,reward,5527,118.79631154759588,96.138,P3O-dyn+AdaReset+HardDistill,Hopper-v4,2
242724,reward,5528,109.03495238011276,98.461,P3O-dyn+AdaReset+HardDistill,Hopper-v4,2
242807,reward,5529,119.28933957710944,101.807,P3O-dyn+AdaReset+HardDistill,Hopper-v4,2
242869,reward,5530,95.05472964169083,104.303,P3O-dyn+AdaReset+HardDistill,Hopper-v4,2
242963,reward,5531,126.56442554677267,106.501,P3O-dyn+AdaReset+HardDistill,Hopper-v4,2
243005,reward,5532,68.29235157142375,96.246,P3O-dyn+AdaReset+HardDistill,Hopper-v4,2
243061,reward,5533,96.6930600089994,101.526,P3O-dyn+AdaReset+HardDistill,Hopper-v4,2
243194,reward,5534,210.7886253155439,116.487,P3O-dyn+AdaReset+HardDistill,Hopper-v4,2
243304,reward,5535,197.45189314210268,126.01,P3O-dyn+AdaReset+HardDistill,Hopper-v4,2
243358,reward,5536,92.20645651646757,123.417,P3O-dyn+AdaReset+HardDistill,Hopper-v4,2
243445,reward,5537,116.96657007875626,123.234,P3O-dyn+AdaReset+HardDistill,Hopper-v4,2
243538,reward,5538,160.79157424283954,128.41,P3O-dyn+AdaReset+HardDistill,Hopper-v4,2
243611,reward,5539,111.31806714780227,127.613,P3O-dyn+AdaReset+HardDistill,Hopper-v4,2
243693,reward,5540,113.4805037442687,129.455,P3O-dyn+AdaReset+HardDistill,Hopper-v4,2
243744,reward,5541,81.75320483503893,124.974,P3O-dyn+AdaReset+HardDistill,Hopper-v4,2
243822,reward,5542,138.87638001186218,132.033,P3O-dyn+AdaReset+HardDistill,Hopper-v4,2
243931,reward,5543,186.08091294838735,140.971,P3O-dyn+AdaReset+HardDistill,Hopper-v4,2
243976,reward,5544,65.96345131533046,126.489,P3O-dyn+AdaReset+HardDistill,Hopper-v4,2
244039,reward,5545,96.07959143538692,116.352,P3O-dyn+AdaReset+HardDistill,Hopper-v4,2
244097,reward,5546,89.62290018393607,116.093,P3O-dyn+AdaReset+HardDistill,Hopper-v4,2
244163,reward,5547,92.64073885849436,113.661,P3O-dyn+AdaReset+HardDistill,Hopper-v4,2
244239,reward,5548,125.45228367610466,110.127,P3O-dyn+AdaReset+HardDistill,Hopper-v4,2
244281,reward,5549,68.61499164236629,105.856,P3O-dyn+AdaReset+HardDistill,Hopper-v4,2
244370,reward,5550,138.168787244907,108.325,P3O-dyn+AdaReset+HardDistill,Hopper-v4,2
244426,reward,5551,93.82487722078827,109.532,P3O-dyn+AdaReset+HardDistill,Hopper-v4,2
244476,reward,5552,85.00688487726586,104.146,P3O-dyn+AdaReset+HardDistill,Hopper-v4,2
244518,reward,5553,68.25613849959254,92.363,P3O-dyn+AdaReset+HardDistill,Hopper-v4,2
244609,reward,5554,158.8080462685872,101.648,P3O-dyn+AdaReset+HardDistill,Hopper-v4,2
244659,reward,5555,75.54778103580158,99.594,P3O-dyn+AdaReset+HardDistill,Hopper-v4,2
244741,reward,5556,115.80902152542083,102.213,P3O-dyn+AdaReset+HardDistill,Hopper-v4,2
244796,reward,5557,83.1121274487238,101.26,P3O-dyn+AdaReset+HardDistill,Hopper-v4,2
244867,reward,5558,99.89027957563569,98.704,P3O-dyn+AdaReset+HardDistill,Hopper-v4,2
244925,reward,5559,98.52502941076759,101.695,P3O-dyn+AdaReset+HardDistill,Hopper-v4,2
244975,reward,5560,60.676758020114384,93.946,P3O-dyn+AdaReset+HardDistill,Hopper-v4,2
245032,reward,5561,92.7516802389134,93.838,P3O-dyn+AdaReset+HardDistill,Hopper-v4,2
245106,reward,5562,103.39826919325971,95.678,P3O-dyn+AdaReset+HardDistill,Hopper-v4,2
245195,reward,5563,127.73946434972505,101.626,P3O-dyn+AdaReset+HardDistill,Hopper-v4,2
245223,reward,5564,46.65316764862003,90.41,P3O-dyn+AdaReset+HardDistill,Hopper-v4,2
245285,reward,5565,101.92338196510335,93.048,P3O-dyn+AdaReset+HardDistill,Hopper-v4,2
245354,reward,5566,97.14862391285953,91.182,P3O-dyn+AdaReset+HardDistill,Hopper-v4,2
245441,reward,5567,119.68368200582636,94.839,P3O-dyn+AdaReset+HardDistill,Hopper-v4,2
245505,reward,5568,110.40305913637542,95.89,P3O-dyn+AdaReset+HardDistill,Hopper-v4,2
245685,reward,5569,275.022227540457,113.54,P3O-dyn+AdaReset+HardDistill,Hopper-v4,2
245733,reward,5570,77.05556368630648,115.178,P3O-dyn+AdaReset+HardDistill,Hopper-v4,2
245760,loss,-0.0217880941927433,12.82740306854248,P3O-dyn+AdaReset+HardDistill,Hopper-v4,2
245800,reward,5571,109.73199094846971,116.876,P3O-dyn+AdaReset+HardDistill,Hopper-v4,2
245866,reward,5572,98.84925027553628,116.421,P3O-dyn+AdaReset+HardDistill,Hopper-v4,2
245939,reward,5573,104.00384229491758,114.047,P3O-dyn+AdaReset+HardDistill,Hopper-v4,2
245986,reward,5574,64.64992600184526,115.847,P3O-dyn+AdaReset+HardDistill,Hopper-v4,2
246056,reward,5575,94.93462836744531,115.148,P3O-dyn+AdaReset+HardDistill,Hopper-v4,2
246181,reward,5576,216.85264045210434,127.119,P3O-dyn+AdaReset+HardDistill,Hopper-v4,2
246224,reward,5577,71.1266844926533,122.263,P3O-dyn+AdaReset+HardDistill,Hopper-v4,2
246280,reward,5578,86.19509800430464,119.842,P3O-dyn+AdaReset+HardDistill,Hopper-v4,2
246331,reward,5579,88.97572650693525,101.238,P3O-dyn+AdaReset+HardDistill,Hopper-v4,2
246448,reward,5580,212.5923280744151,114.791,P3O-dyn+AdaReset+HardDistill,Hopper-v4,2
246586,reward,5581,285.7042572670369,132.388,P3O-dyn+AdaReset+HardDistill,Hopper-v4,2
246631,reward,5582,65.14291754464351,129.018,P3O-dyn+AdaReset+HardDistill,Hopper-v4,2
246744,reward,5583,221.24831475300826,140.742,P3O-dyn+AdaReset+HardDistill,Hopper-v4,2
246804,reward,5584,81.51113199498036,142.428,P3O-dyn+AdaReset+HardDistill,Hopper-v4,2
246845,reward,5585,66.20588984043486,139.555,P3O-dyn+AdaReset+HardDistill,Hopper-v4,2
246875,reward,5586,49.387561370798636,122.809,P3O-dyn+AdaReset+HardDistill,Hopper-v4,2
246941,reward,5587,113.56130822042513,127.052,P3O-dyn+AdaReset+HardDistill,Hopper-v4,2
247049,reward,5588,183.5429473082107,136.787,P3O-dyn+AdaReset+HardDistill,Hopper-v4,2
247151,reward,5589,216.5942163603582,149.549,P3O-dyn+AdaReset+HardDistill,Hopper-v4,2
247184,reward,5590,54.408259553075254,133.731,P3O-dyn+AdaReset+HardDistill,Hopper-v4,2
247218,reward,5591,47.605592205300475,109.921,P3O-dyn+AdaReset+HardDistill,Hopper-v4,2
247280,reward,5592,84.63884002822988,111.87,P3O-dyn+AdaReset+HardDistill,Hopper-v4,2
247326,reward,5593,74.1138339244727,97.157,P3O-dyn+AdaReset+HardDistill,Hopper-v4,2
247418,reward,5594,96.25218275537523,98.631,P3O-dyn+AdaReset+HardDistill,Hopper-v4,2
247478,reward,5595,96.80696462590421,101.691,P3O-dyn+AdaReset+HardDistill,Hopper-v4,2
247764,reward,5596,432.92644956724257,140.045,P3O-dyn+AdaReset+HardDistill,Hopper-v4,2
247836,reward,5597,98.08075758607349,138.497,P3O-dyn+AdaReset+HardDistill,Hopper-v4,2
247872,reward,5598,51.03994864044596,125.247,P3O-dyn+AdaReset+HardDistill,Hopper-v4,2
247941,reward,5599,121.01680483443928,115.689,P3O-dyn+AdaReset+HardDistill,Hopper-v4,2
248019,reward,5600,105.84669677399737,120.833,P3O-dyn+AdaReset+HardDistill,Hopper-v4,2
248107,reward,5601,133.53661617461077,129.426,P3O-dyn+AdaReset+HardDistill,Hopper-v4,2
248172,reward,5602,58.932017635481174,126.855,P3O-dyn+AdaReset+HardDistill,Hopper-v4,2
248249,reward,5603,110.99857188253581,130.544,P3O-dyn+AdaReset+HardDistill,Hopper-v4,2
248361,reward,5604,163.18349899168985,137.237,P3O-dyn+AdaReset+HardDistill,Hopper-v4,2
248460,reward,5605,137.53726819844718,141.31,P3O-dyn+AdaReset+HardDistill,Hopper-v4,2
248525,reward,5606,91.64375385660955,107.182,P3O-dyn+AdaReset+HardDistill,Hopper-v4,2
248623,reward,5607,129.55568437844346,110.329,P3O-dyn+AdaReset+HardDistill,Hopper-v4,2
248843,reward,5608,332.4489160895225,138.47,P3O-dyn+AdaReset+HardDistill,Hopper-v4,2
248898,reward,5609,92.53501749036914,135.622,P3O-dyn+AdaReset+HardDistill,Hopper-v4,2
248950,reward,5610,84.50068703475203,133.487,P3O-dyn+AdaReset+HardDistill,Hopper-v4,2
249058,reward,5611,113.76851370073685,131.51,P3O-dyn+AdaReset+HardDistill,Hopper-v4,2
249109,reward,5612,73.11086782156406,132.928,P3O-dyn+AdaReset+HardDistill,Hopper-v4,2
249196,reward,5613,130.76807677364195,134.905,P3O-dyn+AdaReset+HardDistill,Hopper-v4,2
249306,reward,5614,135.91751813597867,132.179,P3O-dyn+AdaReset+HardDistill,Hopper-v4,2
249372,reward,5615,99.44327089687958,128.369,P3O-dyn+AdaReset+HardDistill,Hopper-v4,2
249435,reward,5616,109.91616967508753,130.196,P3O-dyn+AdaReset+HardDistill,Hopper-v4,2
249524,reward,5617,122.97409569899247,129.538,P3O-dyn+AdaReset+HardDistill,Hopper-v4,2
249596,reward,5618,105.21582240582275,106.815,P3O-dyn+AdaReset+HardDistill,Hopper-v4,2
249690,reward,5619,99.07975334692203,107.469,P3O-dyn+AdaReset+HardDistill,Hopper-v4,2
249767,reward,5620,111.72694621862962,110.192,P3O-dyn+AdaReset+HardDistill,Hopper-v4,2
249819,reward,5621,73.05541721082786,106.121,P3O-dyn+AdaReset+HardDistill,Hopper-v4,2
249900,reward,5622,112.33087985709362,110.043,P3O-dyn+AdaReset+HardDistill,Hopper-v4,2
249944,reward,5623,72.01499318684358,104.167,P3O-dyn+AdaReset+HardDistill,Hopper-v4,2
250000,speed,2090.75,2.06,P3O-dyn+AdaReset+HardDistill,Hopper-v4,2
250000,sbp,0.4,0.4,0.3253,P3O-dyn+AdaReset+HardDistill,Hopper-v4,2,0.01668,1,1.671093,0.956824,0.016304,0.01302,4.243571,4.250852,0.746501,0.252232,0.001716,0.835125,1.351079,0.005053,0.002132,1,periodic,0.005211,0.025,0.32535,0.0,0.32535,0.005211,0.005211,0.005211,0.004495,0.004497,0.004496,0,0.0,0.0,0.0
250028,reward,5624,121.05970793730162,102.682,P3O-dyn+AdaReset+HardDistill,Hopper-v4,2
250107,reward,5625,102.87420029782666,103.025,P3O-dyn+AdaReset+HardDistill,Hopper-v4,2
250157,reward,5626,85.94480474066306,100.628,P3O-dyn+AdaReset+HardDistill,Hopper-v4,2
250188,reward,5627,39.6579187724522,92.296,P3O-dyn+AdaReset+HardDistill,Hopper-v4,2
250238,reward,5628,75.22392486932162,89.297,P3O-dyn+AdaReset+HardDistill,Hopper-v4,2
250326,reward,5629,114.15019599701128,90.804,P3O-dyn+AdaReset+HardDistill,Hopper-v4,2
250356,reward,5630,47.68970281460687,84.4,P3O-dyn+AdaReset+HardDistill,Hopper-v4,2
250424,reward,5631,97.99270182819984,86.894,P3O-dyn+AdaReset+HardDistill,Hopper-v4,2
250485,reward,5632,89.8798862950999,84.649,P3O-dyn+AdaReset+HardDistill,Hopper-v4,2
250558,reward,5633,96.89677458150896,87.137,P3O-dyn+AdaReset+HardDistill,Hopper-v4,2
250660,reward,5634,142.513003007487,89.282,P3O-dyn+AdaReset+HardDistill,Hopper-v4,2
250747,reward,5635,136.13497414269094,92.608,P3O-dyn+AdaReset+HardDistill,Hopper-v4,2
250806,reward,5636,96.28601233923125,93.643,P3O-dyn+AdaReset+HardDistill,Hopper-v4,2
251025,reward,5637,223.15790965098677,111.993,P3O-dyn+AdaReset+HardDistill,Hopper-v4,2
251078,reward,5638,82.10684918344423,112.681,P3O-dyn+AdaReset+HardDistill,Hopper-v4,2
251147,reward,5639,96.81414380899642,110.947,P3O-dyn+AdaReset+HardDistill,Hopper-v4,2
251268,reward,5640,154.92317292948007,121.671,P3O-dyn+AdaReset+HardDistill,Hopper-v4,2
251316,reward,5641,71.32575529556195,119.004,P3O-dyn+AdaReset+HardDistill,Hopper-v4,2
251343,reward,5642,37.07334957485757,113.723,P3O-dyn+AdaReset+HardDistill,Hopper-v4,2
251378,reward,5643,56.929807630211805,109.726,P3O-dyn+AdaReset+HardDistill,Hopper-v4,2
251442,reward,5644,92.86085631921159,104.761,P3O-dyn+AdaReset+HardDistill,Hopper-v4,2
251507,reward,5645,87.4940352674838,99.897,P3O-dyn+AdaReset+HardDistill,Hopper-v4,2
251546,reward,5646,63.17642282487442,96.586,P3O-dyn+AdaReset+HardDistill,Hopper-v4,2
251603,reward,5647,83.61677715334926,82.632,P3O-dyn+AdaReset+HardDistill,Hopper-v4,2
251708,reward,5648,215.35509830535426,95.957,P3O-dyn+AdaReset+HardDistill,Hopper-v4,2
251768,reward,5649,93.66734778687815,95.642,P3O-dyn+AdaReset+HardDistill,Hopper-v4,2
251827,reward,5650,87.42909459481596,88.893,P3O-dyn+AdaReset+HardDistill,Hopper-v4,2
251907,reward,5651,107.18800870258676,92.479,P3O-dyn+AdaReset+HardDistill,Hopper-v4,2
251996,reward,5652,99.25486601305707,98.697,P3O-dyn+AdaReset+HardDistill,Hopper-v4,2
252038,reward,5653,66.20711149283916,99.625,P3O-dyn+AdaReset+HardDistill,Hopper-v4,2
252108,reward,5654,110.1606221612574,101.355,P3O-dyn+AdaReset+HardDistill,Hopper-v4,2
252146,reward,5655,61.323999921335464,98.738,P3O-dyn+AdaReset+HardDistill,Hopper-v4,2
252250,reward,5656,133.10195067098596,105.73,P3O-dyn+AdaReset+HardDistill,Hopper-v4,2
252310,reward,5657,99.2981701694179,107.299,P3O-dyn+AdaReset+HardDistill,Hopper-v4,2
252365,reward,5658,97.45442164366496,95.509,P3O-dyn+AdaReset+HardDistill,Hopper-v4,2
252418,reward,5659,82.40971946174152,94.383,P3O-dyn+AdaReset+HardDistill,Hopper-v4,2
252468,reward,5660,82.91536066154025,93.931,P3O-dyn+AdaReset+HardDistill,Hopper-v4,2
252528,reward,5661,110.9094044346012,94.304,P3O-dyn+AdaReset+HardDistill,Hopper-v4,2
252564,reward,5662,58.47193707247966,90.225,P3O-dyn+AdaReset+HardDistill,Hopper-v4,2
252678,reward,5663,136.29596878655923,97.234,P3O-dyn+AdaReset+HardDistill,Hopper-v4,2
252739,reward,5664,80.21692061224076,94.24,P3O-dyn+AdaReset+HardDistill,Hopper-v4,2
252838,reward,5665,106.58893141283691,98.766,P3O-dyn+AdaReset+HardDistill,Hopper-v4,2
252943,reward,5666,164.7548692019004,101.932,P3O-dyn+AdaReset+HardDistill,Hopper-v4,2
253044,reward,5667,135.78987857881998,105.581,P3O-dyn+AdaReset+HardDistill,Hopper-v4,2
253155,reward,5668,140.81408566795878,109.917,P3O-dyn+AdaReset+HardDistill,Hopper-v4,2
253255,reward,5669,127.91624119013204,114.467,P3O-dyn+AdaReset+HardDistill,Hopper-v4,2
253333,reward,5670,119.22827713859341,118.099,P3O-dyn+AdaReset+HardDistill,Hopper-v4,2
253381,reward,5671,79.57015542439225,114.965,P3O-dyn+AdaReset+HardDistill,Hopper-v4,2
253438,reward,5672,95.49669422255093,118.667,P3O-dyn+AdaReset+HardDistill,Hopper-v4,2
253520,reward,5673,153.1013770365009,120.348,P3O-dyn+AdaReset+HardDistill,Hopper-v4,2
253715,reward,5674,281.8222929415344,140.508,P3O-dyn+AdaReset+HardDistill,Hopper-v4,2
253799,reward,5675,111.02925094949657,140.952,P3O-dyn+AdaReset+HardDistill,Hopper-v4,2
253875,reward,5676,129.0102166267026,137.378,P3O-dyn+AdaReset+HardDistill,Hopper-v4,2
253952,loss,-0.025390813127160072,16.303192138671875,P3O-dyn+AdaReset+HardDistill,Hopper-v4,2
253969,reward,5677,120.03127220619116,135.802,P3O-dyn+AdaReset+HardDistill,Hopper-v4,2
254064,reward,5678,99.90183305539861,131.711,P3O-dyn+AdaReset+HardDistill,Hopper-v4,2
254112,reward,5679,73.37321007321317,126.256,P3O-dyn+AdaReset+HardDistill,Hopper-v4,2
254168,reward,5680,86.7958711477006,123.013,P3O-dyn+AdaReset+HardDistill,Hopper-v4,2
254225,reward,5681,92.76169443844988,124.332,P3O-dyn+AdaReset+HardDistill,Hopper-v4,2
254295,reward,5682,101.28554489200363,124.911,P3O-dyn+AdaReset+HardDistill,Hopper-v4,2
254348,reward,5683,77.63128630878943,117.364,P3O-dyn+AdaReset+HardDistill,Hopper-v4,2
254409,reward,5684,107.06017571935149,99.888,P3O-dyn+AdaReset+HardDistill,Hopper-v4,2
254498,reward,5685,152.49998740025256,104.035,P3O-dyn+AdaReset+HardDistill,Hopper-v4,2
254560,reward,5686,92.86453177421208,100.421,P3O-dyn+AdaReset+HardDistill,Hopper-v4,2
254598,reward,5687,63.3253162074457,94.75,P3O-dyn+AdaReset+HardDistill,Hopper-v4,2
254653,reward,5688,94.03528932947336,94.163,P3O-dyn+AdaReset+HardDistill,Hopper-v4,2
254685,reward,5689,43.30163516490733,91.156,P3O-dyn+AdaReset+HardDistill,Hopper-v4,2
254763,reward,5690,107.77150186762454,93.254,P3O-dyn+AdaReset+HardDistill,Hopper-v4,2
254875,reward,5691,224.7770309361339,106.455,P3O-dyn+AdaReset+HardDistill,Hopper-v4,2
254930,reward,5692,90.39932991167096,105.367,P3O-dyn+AdaReset+HardDistill,Hopper-v4,2
255016,reward,5693,145.21360759794507,112.125,P3O-dyn+AdaReset+HardDistill,Hopper-v4,2
255042,reward,5694,30.712960817102957,104.49,P3O-dyn+AdaReset+HardDistill,Hopper-v4,2
255087,reward,5695,68.9006525676978,96.13,P3O-dyn+AdaReset+HardDistill,Hopper-v4,2
255120,reward,5696,52.63151900839759,92.107,P3O-dyn+AdaReset+HardDistill,Hopper-v4,2
255231,reward,5697,145.54679544564243,100.329,P3O-dyn+AdaReset+HardDistill,Hopper-v4,2
255278,reward,5698,82.89658419260734,99.215,P3O-dyn+AdaReset+HardDistill,Hopper-v4,2
255316,reward,5699,59.50967532784999,100.836,P3O-dyn+AdaReset+HardDistill,Hopper-v4,2
255401,reward,5700,119.83962577693737,102.043,P3O-dyn+AdaReset+HardDistill,Hopper-v4,2
255465,reward,5701,113.47327182642907,90.912,P3O-dyn+AdaReset+HardDistill,Hopper-v4,2
255592,reward,5702,175.81023787432102,99.453,P3O-dyn+AdaReset+HardDistill,Hopper-v4,2
255656,reward,5703,101.17523072846552,95.05,P3O-dyn+AdaReset+HardDistill,Hopper-v4,2
255725,reward,5704,94.42064890120204,101.42,P3O-dyn+AdaReset+HardDistill,Hopper-v4,2
255777,reward,5705,85.1421379762934,103.045,P3O-dyn+AdaReset+HardDistill,Hopper-v4,2
255808,reward,5706,41.50926334377493,101.932,P3O-dyn+AdaReset+HardDistill,Hopper-v4,2
255834,reward,5707,43.4686118144031,91.725,P3O-dyn+AdaReset+HardDistill,Hopper-v4,2
255903,reward,5708,124.71237183219591,95.906,P3O-dyn+AdaReset+HardDistill,Hopper-v4,2
255960,reward,5709,96.84218289774697,99.639,P3O-dyn+AdaReset+HardDistill,Hopper-v4,2
255990,reward,5710,49.49973238728967,92.605,P3O-dyn+AdaReset+HardDistill,Hopper-v4,2
256055,reward,5711,91.18128026930886,90.376,P3O-dyn+AdaReset+HardDistill,Hopper-v4,2
256139,reward,5712,130.06649747849642,85.802,P3O-dyn+AdaReset+HardDistill,Hopper-v4,2
256243,reward,5713,179.1416456209444,93.598,P3O-dyn+AdaReset+HardDistill,Hopper-v4,2
256279,reward,5714,58.34416879160874,89.991,P3O-dyn+AdaReset+HardDistill,Hopper-v4,2
256332,reward,5715,75.67253143405519,89.044,P3O-dyn+AdaReset+HardDistill,Hopper-v4,2
256492,reward,5716,280.28510181923474,112.921,P3O-dyn+AdaReset+HardDistill,Hopper-v4,2
256545,reward,5717,86.76858760482985,117.251,P3O-dyn+AdaReset+HardDistill,Hopper-v4,2
256584,reward,5718,50.652237876811256,109.845,P3O-dyn+AdaReset+HardDistill,Hopper-v4,2
256673,reward,5719,159.27965074086475,116.089,P3O-dyn+AdaReset+HardDistill,Hopper-v4,2
256738,reward,5720,110.9652564745313,122.236,P3O-dyn+AdaReset+HardDistill,Hopper-v4,2
256785,reward,5721,79.19495424238329,121.037,P3O-dyn+AdaReset+HardDistill,Hopper-v4,2
256878,reward,5722,151.40211922632665,123.171,P3O-dyn+AdaReset+HardDistill,Hopper-v4,2
256905,reward,5723,45.25609576888932,109.782,P3O-dyn+AdaReset+HardDistill,Hopper-v4,2
257040,reward,5724,221.46462586061875,126.094,P3O-dyn+AdaReset+HardDistill,Hopper-v4,2
257069,reward,5725,48.165017035981386,123.343,P3O-dyn+AdaReset+HardDistill,Hopper-v4,2
257125,reward,5726,93.17156500999897,104.632,P3O-dyn+AdaReset+HardDistill,Hopper-v4,2
257156,reward,5727,51.2504055700058,101.08,P3O-dyn+AdaReset+HardDistill,Hopper-v4,2
257190,reward,5728,55.64948845129014,101.58,P3O-dyn+AdaReset+HardDistill,Hopper-v4,2
257224,reward,5729,43.38934294531177,89.991,P3O-dyn+AdaReset+HardDistill,Hopper-v4,2
257259,reward,5730,57.523825396818296,84.647,P3O-dyn+AdaReset+HardDistill,Hopper-v4,2
257288,reward,5731,34.39286301952682,80.167,P3O-dyn+AdaReset+HardDistill,Hopper-v4,2
257365,reward,5732,131.1596615240345,78.142,P3O-dyn+AdaReset+HardDistill,Hopper-v4,2
257394,reward,5733,47.5731716394681,78.374,P3O-dyn+AdaReset+HardDistill,Hopper-v4,2
257425,reward,5734,50.85573617984159,61.313,P3O-dyn+AdaReset+HardDistill,Hopper-v4,2
257483,reward,5735,96.74501086382526,66.171,P3O-dyn+AdaReset+HardDistill,Hopper-v4,2
257536,reward,5736,90.3720354085145,65.891,P3O-dyn+AdaReset+HardDistill,Hopper-v4,2
257609,reward,5737,125.1809998931449,73.284,P3O-dyn+AdaReset+HardDistill,Hopper-v4,2
257639,reward,5738,36.8173490795651,71.401,P3O-dyn+AdaReset+HardDistill,Hopper-v4,2
257704,reward,5739,114.75128025358833,78.537,P3O-dyn+AdaReset+HardDistill,Hopper-v4,2
257764,reward,5740,98.37205215744132,82.622,P3O-dyn+AdaReset+HardDistill,Hopper-v4,2
257830,reward,5741,91.75916199052716,88.359,P3O-dyn+AdaReset+HardDistill,Hopper-v4,2
257889,reward,5742,94.77049234480965,84.72,P3O-dyn+AdaReset+HardDistill,Hopper-v4,2
258064,reward,5743,280.58928035127775,108.021,P3O-dyn+AdaReset+HardDistill,Hopper-v4,2
258120,reward,5744,95.61453998756778,112.497,P3O-dyn+AdaReset+HardDistill,Hopper-v4,2
258221,reward,5745,172.80338657701165,120.103,P3O-dyn+AdaReset+HardDistill,Hopper-v4,2
258268,reward,5746,74.0666858794508,118.473,P3O-dyn+AdaReset+HardDistill,Hopper-v4,2
258302,reward,5747,55.313908535414186,111.486,P3O-dyn+AdaReset+HardDistill,Hopper-v4,2
258356,reward,5748,84.71379791400665,116.275,P3O-dyn+AdaReset+HardDistill,Hopper-v4,2
258401,reward,5749,80.13601000252672,112.814,P3O-dyn+AdaReset+HardDistill,Hopper-v4,2
258434,reward,5750,54.562833894384084,108.433,P3O-dyn+AdaReset+HardDistill,Hopper-v4,2
258480,reward,5751,68.56605791779111,106.114,P3O-dyn+AdaReset+HardDistill,Hopper-v4,2
258557,reward,5752,120.32157766026198,108.669,P3O-dyn+AdaReset+HardDistill,Hopper-v4,2
258628,reward,5753,80.34870777979067,88.645,P3O-dyn+AdaReset+HardDistill,Hopper-v4,2
258658,reward,5754,49.15000079380246,83.998,P3O-dyn+AdaReset+HardDistill,Hopper-v4,2
258712,reward,5755,90.82583168669166,75.801,P3O-dyn+AdaReset+HardDistill,Hopper-v4,2
258772,reward,5756,70.29156051421651,75.423,P3O-dyn+AdaReset+HardDistill,Hopper-v4,2
258807,reward,5757,53.830254259856765,75.275,P3O-dyn+AdaReset+HardDistill,Hopper-v4,2
258885,reward,5758,136.36409664870132,80.44,P3O-dyn+AdaReset+HardDistill,Hopper-v4,2
258944,reward,5759,83.86258826360155,80.812,P3O-dyn+AdaReset+HardDistill,Hopper-v4,2
259005,reward,5760,86.18383949095542,83.974,P3O-dyn+AdaReset+HardDistill,Hopper-v4,2
259069,reward,5761,112.37285599803279,88.355,P3O-dyn+AdaReset+HardDistill,Hopper-v4,2
259127,reward,5762,90.2540296523915,85.348,P3O-dyn+AdaReset+HardDistill,Hopper-v4,2
259163,reward,5763,47.55027406899959,82.069,P3O-dyn+AdaReset+HardDistill,Hopper-v4,2
259209,reward,5764,77.78265505194442,84.932,P3O-dyn+AdaReset+HardDistill,Hopper-v4,2
259267,reward,5765,88.5220243683361,84.701,P3O-dyn+AdaReset+HardDistill,Hopper-v4,2
259325,reward,5766,98.02383154848235,87.475,P3O-dyn+AdaReset+HardDistill,Hopper-v4,2
259390,reward,5767,91.50078077003926,91.242,P3O-dyn+AdaReset+HardDistill,Hopper-v4,2
259450,reward,5768,100.89015618917993,87.694,P3O-dyn+AdaReset+HardDistill,Hopper-v4,2
259514,reward,5769,101.72754684020653,89.481,P3O-dyn+AdaReset+HardDistill,Hopper-v4,2
259596,reward,5770,115.47303258141872,92.41,P3O-dyn+AdaReset+HardDistill,Hopper-v4,2
259663,reward,5771,102.35376555074184,91.408,P3O-dyn+AdaReset+HardDistill,Hopper-v4,2
259721,reward,5772,99.61185389077025,92.344,P3O-dyn+AdaReset+HardDistill,Hopper-v4,2
259794,reward,5773,114.79138491825668,99.068,P3O-dyn+AdaReset+HardDistill,Hopper-v4,2
259850,reward,5774,79.51863853110734,99.241,P3O-dyn+AdaReset+HardDistill,Hopper-v4,2
259907,reward,5775,93.82643516739269,99.772,P3O-dyn+AdaReset+HardDistill,Hopper-v4,2
259980,reward,5776,101.23512440822462,100.093,P3O-dyn+AdaReset+HardDistill,Hopper-v4,2
260000,speed,2061.84,2.14,P3O-dyn+AdaReset+HardDistill,Hopper-v4,2
260027,reward,5777,69.01791373353672,97.845,P3O-dyn+AdaReset+HardDistill,Hopper-v4,2
260067,reward,5778,65.96697117819583,94.352,P3O-dyn+AdaReset+HardDistill,Hopper-v4,2
260123,reward,5779,93.41186462899452,93.521,P3O-dyn+AdaReset+HardDistill,Hopper-v4,2
260186,reward,5780,88.13099118360462,90.786,P3O-dyn+AdaReset+HardDistill,Hopper-v4,2
260235,reward,5781,80.9062144629877,88.642,P3O-dyn+AdaReset+HardDistill,Hopper-v4,2
260267,reward,5782,52.437255428306976,83.924,P3O-dyn+AdaReset+HardDistill,Hopper-v4,2
260316,reward,5783,67.63953015297591,79.209,P3O-dyn+AdaReset+HardDistill,Hopper-v4,2
260364,reward,5784,76.3429932675397,78.892,P3O-dyn+AdaReset+HardDistill,Hopper-v4,2
260399,reward,5785,58.61061553343149,75.37,P3O-dyn+AdaReset+HardDistill,Hopper-v4,2
260434,reward,5786,57.90952122714996,71.037,P3O-dyn+AdaReset+HardDistill,Hopper-v4,2
260507,reward,5787,126.23399257961097,76.759,P3O-dyn+AdaReset+HardDistill,Hopper-v4,2
260593,reward,5788,143.23229379587767,84.486,P3O-dyn+AdaReset+HardDistill,Hopper-v4,2
260678,reward,5789,135.52353095804958,88.697,P3O-dyn+AdaReset+HardDistill,Hopper-v4,2
260890,reward,5790,241.678037819435,104.051,P3O-dyn+AdaReset+HardDistill,Hopper-v4,2
260990,reward,5791,186.07539112622337,114.568,P3O-dyn+AdaReset+HardDistill,Hopper-v4,2
261023,reward,5792,54.32690837250097,114.757,P3O-dyn+AdaReset+HardDistill,Hopper-v4,2
261066,reward,5793,74.88399248509846,115.482,P3O-dyn+AdaReset+HardDistill,Hopper-v4,2
261105,reward,5794,63.24672858069366,114.172,P3O-dyn+AdaReset+HardDistill,Hopper-v4,2
261167,reward,5795,91.05463487040447,117.417,P3O-dyn+AdaReset+HardDistill,Hopper-v4,2
261210,reward,5796,65.2539102359052,118.151,P3O-dyn+AdaReset+HardDistill,Hopper-v4,2
261280,reward,5797,100.33812912680666,115.561,P3O-dyn+AdaReset+HardDistill,Hopper-v4,2
261319,reward,5798,45.90935173730716,105.829,P3O-dyn+AdaReset+HardDistill,Hopper-v4,2
261355,reward,5799,48.77510763006276,97.154,P3O-dyn+AdaReset+HardDistill,Hopper-v4,2
261407,reward,5800,65.9082488561321,79.577,P3O-dyn+AdaReset+HardDistill,Hopper-v4,2
261434,reward,5801,32.24035422298897,64.194,P3O-dyn+AdaReset+HardDistill,Hopper-v4,2
261468,reward,5802,55.852322326977216,64.346,P3O-dyn+AdaReset+HardDistill,Hopper-v4,2
261506,reward,5803,62.575866975689884,63.115,P3O-dyn+AdaReset+HardDistill,Hopper-v4,2
261578,reward,5804,102.15373851694274,67.006,P3O-dyn+AdaReset+HardDistill,Hopper-v4,2
261688,reward,5805,192.40410602053842,77.141,P3O-dyn+AdaReset+HardDistill,Hopper-v4,2
261819,reward,5806,187.17531375883144,89.333,P3O-dyn+AdaReset+HardDistill,Hopper-v4,2
261883,reward,5807,89.34457097674688,88.234,P3O-dyn+AdaReset+HardDistill,Hopper-v4,2
261911,reward,5808,31.46849977103239,86.79,P3O-dyn+AdaReset+HardDistill,Hopper-v4,2
261958,reward,5809,77.53600705314214,89.666,P3O-dyn+AdaReset+HardDistill,Hopper-v4,2
261986,reward,5810,46.61186015310291,87.736,P3O-dyn+AdaReset+HardDistill,Hopper-v4,2
262036,reward,5811,62.77158634576867,90.789,P3O-dyn+AdaReset+HardDistill,Hopper-v4,2
262086,reward,5812,52.71303945972421,90.475,P3O-dyn+AdaReset+HardDistill,Hopper-v4,2
262144,loss,-0.023156646639108658,23.110309600830078,P3O-dyn+AdaReset+HardDistill,Hopper-v4,2
262165,reward,5813,106.73308249331089,94.891,P3O-dyn+AdaReset+HardDistill,Hopper-v4,2
262209,reward,5814,73.13908054395715,91.99,P3O-dyn+AdaReset+HardDistill,Hopper-v4,2
262277,reward,5815,131.62773445686344,85.912,P3O-dyn+AdaReset+HardDistill,Hopper-v4,2
262363,reward,5816,161.93490262132374,83.388,P3O-dyn+AdaReset+HardDistill,Hopper-v4,2
262392,reward,5817,47.91611047148366,79.245,P3O-dyn+AdaReset+HardDistill,Hopper-v4,2
262418,reward,5818,43.56415260567008,80.455,P3O-dyn+AdaReset+HardDistill,Hopper-v4,2
262473,reward,5819,100.09688157183298,82.711,P3O-dyn+AdaReset+HardDistill,Hopper-v4,2
262574,reward,5820,190.23052662544777,97.073,P3O-dyn+AdaReset+HardDistill,Hopper-v4,2
262641,reward,5821,118.0985350828429,102.605,P3O-dyn+AdaReset+HardDistill,Hopper-v4,2
262697,reward,5822,91.01547019719159,106.436,P3O-dyn+AdaReset+HardDistill,Hopper-v4,2
262734,reward,5823,57.272987797185976,101.49,P3O-dyn+AdaReset+HardDistill,Hopper-v4,2
262797,reward,5824,91.65895830321408,103.342,P3O-dyn+AdaReset+HardDistill,Hopper-v4,2
262842,reward,5825,79.33442658790611,98.112,P3O-dyn+AdaReset+HardDistill,Hopper-v4,2
262878,reward,5826,59.59348411831829,87.878,P3O-dyn+AdaReset+HardDistill,Hopper-v4,2
262929,reward,5827,84.45842788813323,91.532,P3O-dyn+AdaReset+HardDistill,Hopper-v4,2
262986,reward,5828,94.85783034810467,96.662,P3O-dyn+AdaReset+HardDistill,Hopper-v4,2
263050,reward,5829,109.04545403797215,97.557,P3O-dyn+AdaReset+HardDistill,Hopper-v4,2
263089,reward,5830,64.37328376058723,84.971,P3O-dyn+AdaReset+HardDistill,Hopper-v4,2
263142,reward,5831,88.8853153266953,82.05,P3O-dyn+AdaReset+HardDistill,Hopper-v4,2
263207,reward,5832,111.89002123622295,84.137,P3O-dyn+AdaReset+HardDistill,Hopper-v4,2
263264,reward,5833,99.91341580882415,88.401,P3O-dyn+AdaReset+HardDistill,Hopper-v4,2
263299,reward,5834,56.64499426593627,84.9,P3O-dyn+AdaReset+HardDistill,Hopper-v4,2
263336,reward,5835,57.973799970942,82.764,P3O-dyn+AdaReset+HardDistill,Hopper-v4,2
263379,reward,5836,73.01401583656464,84.106,P3O-dyn+AdaReset+HardDistill,Hopper-v4,2
263430,reward,5837,75.65609115007668,83.225,P3O-dyn+AdaReset+HardDistill,Hopper-v4,2
263480,reward,5838,84.45931049433746,82.186,P3O-dyn+AdaReset+HardDistill,Hopper-v4,2
263513,reward,5839,54.03235331962485,76.684,P3O-dyn+AdaReset+HardDistill,Hopper-v4,2
263547,reward,5840,51.59525649180233,75.406,P3O-dyn+AdaReset+HardDistill,Hopper-v4,2
263589,reward,5841,70.40936323492636,73.559,P3O-dyn+AdaReset+HardDistill,Hopper-v4,2
263638,reward,5842,82.30510306268702,70.6,P3O-dyn+AdaReset+HardDistill,Hopper-v4,2
263698,reward,5843,104.0659864683833,71.016,P3O-dyn+AdaReset+HardDistill,Hopper-v4,2
263757,reward,5844,97.95897685832657,75.147,P3O-dyn+AdaReset+HardDistill,Hopper-v4,2
263796,reward,5845,62.81287513602872,75.631,P3O-dyn+AdaReset+HardDistill,Hopper-v4,2
263847,reward,5846,78.12088445841432,76.142,P3O-dyn+AdaReset+HardDistill,Hopper-v4,2
263881,reward,5847,56.35193029840147,74.211,P3O-dyn+AdaReset+HardDistill,Hopper-v4,2
263917,reward,5848,58.42367555948394,71.608,P3O-dyn+AdaReset+HardDistill,Hopper-v4,2
263957,reward,5849,65.52202307290666,72.757,P3O-dyn+AdaReset+HardDistill,Hopper-v4,2
263994,reward,5850,61.931562053555055,73.79,P3O-dyn+AdaReset+HardDistill,Hopper-v4,2
264028,reward,5851,56.18439315152706,72.368,P3O-dyn+AdaReset+HardDistill,Hopper-v4,2
264068,reward,5852,63.853660273581525,70.523,P3O-dyn+AdaReset+HardDistill,Hopper-v4,2
264110,reward,5853,68.7174526149265,66.988,P3O-dyn+AdaReset+HardDistill,Hopper-v4,2
264160,reward,5854,86.35793241065834,65.828,P3O-dyn+AdaReset+HardDistill,Hopper-v4,2
264243,reward,5855,139.9857798911976,73.545,P3O-dyn+AdaReset+HardDistill,Hopper-v4,2
264279,reward,5856,49.84420173124419,70.717,P3O-dyn+AdaReset+HardDistill,Hopper-v4,2
264306,reward,5857,43.94218565341546,69.476,P3O-dyn+AdaReset+HardDistill,Hopper-v4,2
264374,reward,5858,117.43084730536033,75.377,P3O-dyn+AdaReset+HardDistill,Hopper-v4,2
264400,reward,5859,44.068163319217156,73.232,P3O-dyn+AdaReset+HardDistill,Hopper-v4,2
264465,reward,5860,99.06365787416732,76.945,P3O-dyn+AdaReset+HardDistill,Hopper-v4,2
264496,reward,5861,52.09541604867127,76.536,P3O-dyn+AdaReset+HardDistill,Hopper-v4,2
264537,reward,5862,65.18084630559959,76.669,P3O-dyn+AdaReset+HardDistill,Hopper-v4,2
264580,reward,5863,65.1464290878516,76.312,P3O-dyn+AdaReset+HardDistill,Hopper-v4,2
264628,reward,5864,78.97386812162695,75.573,P3O-dyn+AdaReset+HardDistill,Hopper-v4,2
264669,reward,5865,66.93857580834235,68.268,P3O-dyn+AdaReset+HardDistill,Hopper-v4,2
264698,reward,5866,48.03330500220813,68.087,P3O-dyn+AdaReset+HardDistill,Hopper-v4,2
264743,reward,5867,74.34742508364772,71.128,P3O-dyn+AdaReset+HardDistill,Hopper-v4,2
264786,reward,5868,68.32406828860685,66.217,P3O-dyn+AdaReset+HardDistill,Hopper-v4,2
264833,reward,5869,79.12563631837408,69.723,P3O-dyn+AdaReset+HardDistill,Hopper-v4,2
264896,reward,5870,97.75960487109107,69.593,P3O-dyn+AdaReset+HardDistill,Hopper-v4,2
264926,reward,5871,50.2072590048778,69.404,P3O-dyn+AdaReset+HardDistill,Hopper-v4,2
264994,reward,5872,125.10120477546617,75.396,P3O-dyn+AdaReset+HardDistill,Hopper-v4,2
265058,reward,5873,115.70499545125985,80.452,P3O-dyn+AdaReset+HardDistill,Hopper-v4,2
265091,reward,5874,54.658221188036165,78.02,P3O-dyn+AdaReset+HardDistill,Hopper-v4,2
265161,reward,5875,122.75462142898819,83.602,P3O-dyn+AdaReset+HardDistill,Hopper-v4,2
265211,reward,5876,83.42901552065028,87.141,P3O-dyn+AdaReset+HardDistill,Hopper-v4,2
265240,reward,5877,48.25545859529802,84.532,P3O-dyn+AdaReset+HardDistill,Hopper-v4,2
265272,reward,5878,52.46772039944875,82.946,P3O-dyn+AdaReset+HardDistill,Hopper-v4,2
265324,reward,5879,85.5899904382334,83.593,P3O-dyn+AdaReset+HardDistill,Hopper-v4,2
265382,reward,5880,91.74814783101104,82.992,P3O-dyn+AdaReset+HardDistill,Hopper-v4,2
265426,reward,5881,72.79644610382894,85.251,P3O-dyn+AdaReset+HardDistill,Hopper-v4,2
265455,reward,5882,47.82858912766859,77.523,P3O-dyn+AdaReset+HardDistill,Hopper-v4,2
265491,reward,5883,58.34084746270849,71.787,P3O-dyn+AdaReset+HardDistill,Hopper-v4,2
265528,reward,5884,58.28656915827141,72.15,P3O-dyn+AdaReset+HardDistill,Hopper-v4,2
265589,reward,5885,101.02145263452296,69.976,P3O-dyn+AdaReset+HardDistill,Hopper-v4,2
265627,reward,5886,61.227348742019984,67.756,P3O-dyn+AdaReset+HardDistill,Hopper-v4,2
265685,reward,5887,98.51688407160762,72.782,P3O-dyn+AdaReset+HardDistill,Hopper-v4,2
265714,reward,5888,48.15873358699122,72.352,P3O-dyn+AdaReset+HardDistill,Hopper-v4,2
265746,reward,5889,52.88317931370837,69.081,P3O-dyn+AdaReset+HardDistill,Hopper-v4,2
265855,reward,5890,202.7110052022703,80.177,P3O-dyn+AdaReset+HardDistill,Hopper-v4,2
265886,reward,5891,51.445440092364805,78.042,P3O-dyn+AdaReset+HardDistill,Hopper-v4,2
265979,reward,5892,155.60561074694175,88.82,P3O-dyn+AdaReset+HardDistill,Hopper-v4,2
266013,reward,5893,53.63731522356584,88.349,P3O-dyn+AdaReset+HardDistill,Hopper-v4,2
266037,reward,5894,39.7742815615418,86.498,P3O-dyn+AdaReset+HardDistill,Hopper-v4,2
266070,reward,5895,54.44389635268726,81.84,P3O-dyn+AdaReset+HardDistill,Hopper-v4,2
266111,reward,5896,65.9100770097638,82.309,P3O-dyn+AdaReset+HardDistill,Hopper-v4,2
266144,reward,5897,55.22004464277241,77.979,P3O-dyn+AdaReset+HardDistill,Hopper-v4,2
266205,reward,5898,101.06854272620053,83.27,P3O-dyn+AdaReset+HardDistill,Hopper-v4,2
266234,reward,5899,48.35264188511087,82.817,P3O-dyn+AdaReset+HardDistill,Hopper-v4,2
266268,reward,5900,55.46827214188914,68.093,P3O-dyn+AdaReset+HardDistill,Hopper-v4,2
266373,reward,5901,201.65589106945646,83.114,P3O-dyn+AdaReset+HardDistill,Hopper-v4,2
266412,reward,5902,64.60189919020556,74.013,P3O-dyn+AdaReset+HardDistill,Hopper-v4,2
266461,reward,5903,71.60305054984802,75.81,P3O-dyn+AdaReset+HardDistill,Hopper-v4,2
266511,reward,5904,84.58610800730901,80.291,P3O-dyn+AdaReset+HardDistill,Hopper-v4,2
266588,reward,5905,108.52735897606586,85.699,P3O-dyn+AdaReset+HardDistill,Hopper-v4,2
266651,reward,5906,106.5808503645163,89.766,P3O-dyn+AdaReset+HardDistill,Hopper-v4,2
266699,reward,5907,80.57060038060882,92.302,P3O-dyn+AdaReset+HardDistill,Hopper-v4,2
266753,reward,5908,77.74767186721289,89.969,P3O-dyn+AdaReset+HardDistill,Hopper-v4,2
266803,reward,5909,83.75234225526064,93.509,P3O-dyn+AdaReset+HardDistill,Hopper-v4,2
266865,reward,5910,96.3795337812099,97.601,P3O-dyn+AdaReset+HardDistill,Hopper-v4,2
266905,reward,5911,64.88974615081848,83.924,P3O-dyn+AdaReset+HardDistill,Hopper-v4,2
266931,reward,5912,43.37850288259035,81.802,P3O-dyn+AdaReset+HardDistill,Hopper-v4,2
266990,reward,5913,92.06944981929689,83.848,P3O-dyn+AdaReset+HardDistill,Hopper-v4,2
267059,reward,5914,117.30893028652181,87.12,P3O-dyn+AdaReset+HardDistill,Hopper-v4,2
267123,reward,5915,112.77584037565579,87.545,P3O-dyn+AdaReset+HardDistill,Hopper-v4,2
267161,reward,5916,65.02690639163494,83.39,P3O-dyn+AdaReset+HardDistill,Hopper-v4,2
267214,reward,5917,91.02240659478622,84.435,P3O-dyn+AdaReset+HardDistill,Hopper-v4,2
267286,reward,5918,124.35544509160553,89.096,P3O-dyn+AdaReset+HardDistill,Hopper-v4,2
267327,reward,5919,69.5762537475222,87.678,P3O-dyn+AdaReset+HardDistill,Hopper-v4,2
267358,reward,5920,50.90676287471061,83.131,P3O-dyn+AdaReset+HardDistill,Hopper-v4,2
267416,reward,5921,93.09131694792731,85.951,P3O-dyn+AdaReset+HardDistill,Hopper-v4,2
267449,reward,5922,54.06476517870389,87.02,P3O-dyn+AdaReset+HardDistill,Hopper-v4,2
267492,reward,5923,70.04569341999238,84.817,P3O-dyn+AdaReset+HardDistill,Hopper-v4,2
267550,reward,5924,87.26523577163341,81.813,P3O-dyn+AdaReset+HardDistill,Hopper-v4,2
267581,reward,5925,54.78638191674747,76.014,P3O-dyn+AdaReset+HardDistill,Hopper-v4,2
267615,reward,5926,52.16931280020117,74.728,P3O-dyn+AdaReset+HardDistill,Hopper-v4,2
267709,reward,5927,155.06914456025842,81.133,P3O-dyn+AdaReset+HardDistill,Hopper-v4,2
267771,reward,5928,104.7016923229248,79.168,P3O-dyn+AdaReset+HardDistill,Hopper-v4,2
267831,reward,5929,104.61922684668953,82.672,P3O-dyn+AdaReset+HardDistill,Hopper-v4,2
267861,reward,5930,49.49782471930986,82.531,P3O-dyn+AdaReset+HardDistill,Hopper-v4,2
267916,reward,5931,93.58997993366192,82.581,P3O-dyn+AdaReset+HardDistill,Hopper-v4,2
267964,reward,5932,78.86661613918474,85.061,P3O-dyn+AdaReset+HardDistill,Hopper-v4,2
268011,reward,5933,78.07663205364172,85.864,P3O-dyn+AdaReset+HardDistill,Hopper-v4,2
268069,reward,5934,97.86532542053288,86.924,P3O-dyn+AdaReset+HardDistill,Hopper-v4,2
268112,reward,5935,69.61615596317083,88.407,P3O-dyn+AdaReset+HardDistill,Hopper-v4,2
268190,reward,5936,126.72031473244436,95.862,P3O-dyn+AdaReset+HardDistill,Hopper-v4,2
268216,reward,5937,44.125417629141715,84.768,P3O-dyn+AdaReset+HardDistill,Hopper-v4,2
268271,reward,5938,96.91659723440779,83.989,P3O-dyn+AdaReset+HardDistill,Hopper-v4,2
268334,reward,5939,109.53360623506329,84.481,P3O-dyn+AdaReset+HardDistill,Hopper-v4,2
268391,reward,5940,95.92725350913854,89.124,P3O-dyn+AdaReset+HardDistill,Hopper-v4,2
268422,reward,5941,51.309057728207954,84.896,P3O-dyn+AdaReset+HardDistill,Hopper-v4,2
268465,reward,5942,65.6820998998966,83.577,P3O-dyn+AdaReset+HardDistill,Hopper-v4,2
268535,reward,5943,119.57003383668074,87.727,P3O-dyn+AdaReset+HardDistill,Hopper-v4,2
268564,reward,5944,47.278835759949644,82.668,P3O-dyn+AdaReset+HardDistill,Hopper-v4,2
268595,reward,5945,49.846835320570676,80.691,P3O-dyn+AdaReset+HardDistill,Hopper-v4,2
268627,reward,5946,54.674884625883855,73.486,P3O-dyn+AdaReset+HardDistill,Hopper-v4,2
268695,reward,5947,114.28422242891651,80.502,P3O-dyn+AdaReset+HardDistill,Hopper-v4,2
268757,reward,5948,111.66022411619494,81.977,P3O-dyn+AdaReset+HardDistill,Hopper-v4,2
268800,reward,5949,71.79181322896176,78.203,P3O-dyn+AdaReset+HardDistill,Hopper-v4,2
268858,reward,5950,95.40102743874581,78.15,P3O-dyn+AdaReset+HardDistill,Hopper-v4,2
268904,reward,5951,77.48963972734194,80.768,P3O-dyn+AdaReset+HardDistill,Hopper-v4,2
268914,reward,5952,7.425112180910903,74.942,P3O-dyn+AdaReset+HardDistill,Hopper-v4,2
268968,reward,5953,93.0721792348444,72.292,P3O-dyn+AdaReset+HardDistill,Hopper-v4,2
269003,reward,5954,58.898094935731436,73.454,P3O-dyn+AdaReset+HardDistill,Hopper-v4,2
269041,reward,5955,61.347375261858524,74.604,P3O-dyn+AdaReset+HardDistill,Hopper-v4,2
269096,reward,5956,91.66592718261171,78.304,P3O-dyn+AdaReset+HardDistill,Hopper-v4,2
269131,reward,5957,57.79504583666056,72.655,P3O-dyn+AdaReset+HardDistill,Hopper-v4,2
269162,reward,5958,51.12613429308022,66.601,P3O-dyn+AdaReset+HardDistill,Hopper-v4,2
269208,reward,5959,75.98993387737232,67.021,P3O-dyn+AdaReset+HardDistill,Hopper-v4,2
269241,reward,5960,54.89041839045806,62.97,P3O-dyn+AdaReset+HardDistill,Hopper-v4,2
269290,reward,5961,80.13603629935164,63.235,P3O-dyn+AdaReset+HardDistill,Hopper-v4,2
269334,reward,5962,71.4595399854366,69.638,P3O-dyn+AdaReset+HardDistill,Hopper-v4,2
269393,reward,5963,94.67222105688317,69.798,P3O-dyn+AdaReset+HardDistill,Hopper-v4,2
269450,reward,5964,95.39617645444885,73.448,P3O-dyn+AdaReset+HardDistill,Hopper-v4,2
269496,reward,5965,79.32699043444549,75.246,P3O-dyn+AdaReset+HardDistill,Hopper-v4,2
269549,reward,5966,89.88901420968337,75.068,P3O-dyn+AdaReset+HardDistill,Hopper-v4,2
269590,reward,5967,66.46550074604109,75.935,P3O-dyn+AdaReset+HardDistill,Hopper-v4,2
269630,reward,5968,66.30044269410315,77.453,P3O-dyn+AdaReset+HardDistill,Hopper-v4,2
269674,reward,5969,73.98496631562396,77.252,P3O-dyn+AdaReset+HardDistill,Hopper-v4,2
269744,reward,5970,124.58606748053833,84.222,P3O-dyn+AdaReset+HardDistill,Hopper-v4,2
269780,reward,5971,59.198175091035154,82.128,P3O-dyn+AdaReset+HardDistill,Hopper-v4,2
269820,reward,5972,62.557198856082636,81.238,P3O-dyn+AdaReset+HardDistill,Hopper-v4,2
269879,reward,5973,90.27015795240524,80.797,P3O-dyn+AdaReset+HardDistill,Hopper-v4,2
269939,reward,5974,85.02674696059024,79.761,P3O-dyn+AdaReset+HardDistill,Hopper-v4,2
269974,reward,5975,56.85267376675928,77.513,P3O-dyn+AdaReset+HardDistill,Hopper-v4,2
270000,speed,2068.91,2.22,P3O-dyn+AdaReset+HardDistill,Hopper-v4,2
270009,reward,5976,56.525560618221384,74.177,P3O-dyn+AdaReset+HardDistill,Hopper-v4,2
270071,reward,5977,107.06510282849496,78.237,P3O-dyn+AdaReset+HardDistill,Hopper-v4,2
270154,reward,5978,126.10329261016801,84.217,P3O-dyn+AdaReset+HardDistill,Hopper-v4,2
270206,reward,5979,85.5386032083164,85.372,P3O-dyn+AdaReset+HardDistill,Hopper-v4,2
270269,reward,5980,108.01876608481213,83.716,P3O-dyn+AdaReset+HardDistill,Hopper-v4,2
270326,reward,5981,104.37871172319699,88.234,P3O-dyn+AdaReset+HardDistill,Hopper-v4,2
270336,loss,-0.009566741064190865,17.595346450805664,P3O-dyn+AdaReset+HardDistill,Hopper-v4,2
270352,reward,5982,43.90832007007195,86.369,P3O-dyn+AdaReset+HardDistill,Hopper-v4,2
270382,reward,5983,49.80785009238809,82.323,P3O-dyn+AdaReset+HardDistill,Hopper-v4,2
270433,reward,5984,84.73343462377315,82.293,P3O-dyn+AdaReset+HardDistill,Hopper-v4,2
270472,reward,5985,62.65541424067663,82.874,P3O-dyn+AdaReset+HardDistill,Hopper-v4,2
270518,reward,5986,70.86153964503147,84.307,P3O-dyn+AdaReset+HardDistill,Hopper-v4,2
270565,reward,5987,79.25570700916971,81.526,P3O-dyn+AdaReset+HardDistill,Hopper-v4,2
270627,reward,5988,94.26826689186059,78.343,P3O-dyn+AdaReset+HardDistill,Hopper-v4,2
270666,reward,5989,66.26975644543589,76.416,P3O-dyn+AdaReset+HardDistill,Hopper-v4,2
270732,reward,5990,109.75608250904575,76.59,P3O-dyn+AdaReset+HardDistill,Hopper-v4,2
270796,reward,5991,115.53720139786634,77.705,P3O-dyn+AdaReset+HardDistill,Hopper-v4,2
270823,reward,5992,45.133204316632444,77.828,P3O-dyn+AdaReset+HardDistill,Hopper-v4,2
270867,reward,5993,73.24042579384434,80.171,P3O-dyn+AdaReset+HardDistill,Hopper-v4,2
270931,reward,5994,110.82696620101919,82.78,P3O-dyn+AdaReset+HardDistill,Hopper-v4,2
270966,reward,5995,58.19400397842075,82.334,P3O-dyn+AdaReset+HardDistill,Hopper-v4,2
271024,reward,5996,95.69105670506123,84.817,P3O-dyn+AdaReset+HardDistill,Hopper-v4,2
271055,reward,5997,51.53793517968634,82.045,P3O-dyn+AdaReset+HardDistill,Hopper-v4,2
271121,reward,5998,103.9847518411008,83.017,P3O-dyn+AdaReset+HardDistill,Hopper-v4,2
271176,reward,5999,91.15666768048024,85.506,P3O-dyn+AdaReset+HardDistill,Hopper-v4,2
271238,reward,6000,105.61342249899393,85.092,P3O-dyn+AdaReset+HardDistill,Hopper-v4,2
271276,reward,6001,62.93346139669577,79.831,P3O-dyn+AdaReset+HardDistill,Hopper-v4,2
271323,reward,6002,73.49533624812057,82.667,P3O-dyn+AdaReset+HardDistill,Hopper-v4,2
271367,reward,6003,72.4230455293209,82.586,P3O-dyn+AdaReset+HardDistill,Hopper-v4,2
271440,reward,6004,137.22878560744138,85.226,P3O-dyn+AdaReset+HardDistill,Hopper-v4,2
271484,reward,6005,73.13467579147913,86.72,P3O-dyn+AdaReset+HardDistill,Hopper-v4,2
271514,reward,6006,50.052309143727626,82.156,P3O-dyn+AdaReset+HardDistill,Hopper-v4,2
271567,reward,6007,85.44302607587804,85.547,P3O-dyn+AdaReset+HardDistill,Hopper-v4,2
271607,reward,6008,67.69865807338715,81.918,P3O-dyn+AdaReset+HardDistill,Hopper-v4,2
271657,reward,6009,80.49193116823957,80.851,P3O-dyn+AdaReset+HardDistill,Hopper-v4,2
271711,reward,6010,91.48142479412375,79.438,P3O-dyn+AdaReset+HardDistill,Hopper-v4,2
271749,reward,6011,63.65736818961674,79.511,P3O-dyn+AdaReset+HardDistill,Hopper-v4,2
271803,reward,6012,93.38042021616523,81.499,P3O-dyn+AdaReset+HardDistill,Hopper-v4,2
271838,reward,6013,52.52060941509413,79.509,P3O-dyn+AdaReset+HardDistill,Hopper-v4,2
271871,reward,6014,55.14474611544124,71.301,P3O-dyn+AdaReset+HardDistill,Hopper-v4,2
271913,reward,6015,70.99573455153298,71.087,P3O-dyn+AdaReset+HardDistill,Hopper-v4,2
271981,reward,6016,110.87307769175705,77.169,P3O-dyn+AdaReset+HardDistill,Hopper-v4,2
272034,reward,6017,87.50904979277573,77.375,P3O-dyn+AdaReset+HardDistill,Hopper-v4,2
272080,reward,6018,66.92022116633346,77.297,P3O-dyn+AdaReset+HardDistill,Hopper-v4,2
272116,reward,6019,58.42775079138033,75.091,P3O-dyn+AdaReset+HardDistill,Hopper-v4,2
272155,reward,6020,63.46300222725447,72.289,P3O-dyn+AdaReset+HardDistill,Hopper-v4,2
272256,reward,6021,171.2845722326662,83.052,P3O-dyn+AdaReset+HardDistill,Hopper-v4,2
272284,reward,6022,45.972898619377446,78.311,P3O-dyn+AdaReset+HardDistill,Hopper-v4,2
272332,reward,6023,79.08753868424189,80.968,P3O-dyn+AdaReset+HardDistill,Hopper-v4,2
272387,reward,6024,92.94338391101263,84.748,P3O-dyn+AdaReset+HardDistill,Hopper-v4,2
272429,reward,6025,67.80101337972921,84.428,P3O-dyn+AdaReset+HardDistill,Hopper-v4,2
272481,reward,6026,83.73530927243286,81.714,P3O-dyn+AdaReset+HardDistill,Hopper-v4,2
272516,reward,6027,56.74064703939143,78.638,P3O-dyn+AdaReset+HardDistill,Hopper-v4,2
272549,reward,6028,54.12761197592817,77.358,P3O-dyn+AdaReset+HardDistill,Hopper-v4,2
272585,reward,6029,59.01778446041964,77.417,P3O-dyn+AdaReset+HardDistill,Hopper-v4,2
272631,reward,6030,76.65884323188018,78.737,P3O-dyn+AdaReset+HardDistill,Hopper-v4,2
272678,reward,6031,68.96692685035144,68.505,P3O-dyn+AdaReset+HardDistill,Hopper-v4,2
272754,reward,6032,120.283267323368,75.936,P3O-dyn+AdaReset+HardDistill,Hopper-v4,2
272797,reward,6033,69.74303448764253,75.002,P3O-dyn+AdaReset+HardDistill,Hopper-v4,2
272861,reward,6034,93.435251327379,75.051,P3O-dyn+AdaReset+HardDistill,Hopper-v4,2
272894,reward,6035,54.05623929601636,73.676,P3O-dyn+AdaReset+HardDistill,Hopper-v4,2
272958,reward,6036,114.84324969256744,76.787,P3O-dyn+AdaReset+HardDistill,Hopper-v4,2
273009,reward,6037,92.74211024999832,80.387,P3O-dyn+AdaReset+HardDistill,Hopper-v4,2
273043,reward,6038,55.58057023009081,80.533,P3O-dyn+AdaReset+HardDistill,Hopper-v4,2
273091,reward,6039,80.76603675567007,82.708,P3O-dyn+AdaReset+HardDistill,Hopper-v4,2
273132,reward,6040,67.95047310598487,81.837,P3O-dyn+AdaReset+HardDistill,Hopper-v4,2
273183,reward,6041,88.21081076592299,83.761,P3O-dyn+AdaReset+HardDistill,Hopper-v4,2
273238,reward,6042,92.61193059882113,80.994,P3O-dyn+AdaReset+HardDistill,Hopper-v4,2
273279,reward,6043,65.35057450461957,80.555,P3O-dyn+AdaReset+HardDistill,Hopper-v4,2
273321,reward,6044,62.82123024012919,77.493,P3O-dyn+AdaReset+HardDistill,Hopper-v4,2
273385,reward,6045,100.8326580093577,82.171,P3O-dyn+AdaReset+HardDistill,Hopper-v4,2
273422,reward,6046,59.25077440582676,76.612,P3O-dyn+AdaReset+HardDistill,Hopper-v4,2
273478,reward,6047,92.61120073830118,76.599,P3O-dyn+AdaReset+HardDistill,Hopper-v4,2
273528,reward,6048,77.18554269571888,78.759,P3O-dyn+AdaReset+HardDistill,Hopper-v4,2
273589,reward,6049,104.90596594019148,81.173,P3O-dyn+AdaReset+HardDistill,Hopper-v4,2
273652,reward,6050,113.39281363608038,85.717,P3O-dyn+AdaReset+HardDistill,Hopper-v4,2
273708,reward,6051,94.71220893349246,86.367,P3O-dyn+AdaReset+HardDistill,Hopper-v4,2
273769,reward,6052,106.9205427686511,87.798,P3O-dyn+AdaReset+HardDistill,Hopper-v4,2
273826,reward,6053,93.90863395529006,90.654,P3O-dyn+AdaReset+HardDistill,Hopper-v4,2
273869,reward,6054,71.50357048523561,91.522,P3O-dyn+AdaReset+HardDistill,Hopper-v4,2
273908,reward,6055,64.37167500244311,87.876,P3O-dyn+AdaReset+HardDistill,Hopper-v4,2
273942,reward,6056,55.72892445848831,87.524,P3O-dyn+AdaReset+HardDistill,Hopper-v4,2
273985,reward,6057,72.76344735152442,85.539,P3O-dyn+AdaReset+HardDistill,Hopper-v4,2
274024,reward,6058,63.960409945028445,84.217,P3O-dyn+AdaReset+HardDistill,Hopper-v4,2
274062,reward,6059,62.015276633954215,79.928,P3O-dyn+AdaReset+HardDistill,Hopper-v4,2
274094,reward,6060,52.38172610107839,73.827,P3O-dyn+AdaReset+HardDistill,Hopper-v4,2
274158,reward,6061,110.30194828726196,75.386,P3O-dyn+AdaReset+HardDistill,Hopper-v4,2
274200,reward,6062,68.1171243922979,71.505,P3O-dyn+AdaReset+HardDistill,Hopper-v4,2
274239,reward,6063,63.33757141123823,68.448,P3O-dyn+AdaReset+HardDistill,Hopper-v4,2
274280,reward,6064,68.19014811282274,68.117,P3O-dyn+AdaReset+HardDistill,Hopper-v4,2
274318,reward,6065,62.99169787070471,67.979,P3O-dyn+AdaReset+HardDistill,Hopper-v4,2
274349,reward,6066,51.105364461817864,67.516,P3O-dyn+AdaReset+HardDistill,Hopper-v4,2
274400,reward,6067,83.88442750610136,68.629,P3O-dyn+AdaReset+HardDistill,Hopper-v4,2
274436,reward,6068,59.334695081262446,68.166,P3O-dyn+AdaReset+HardDistill,Hopper-v4,2
274492,reward,6069,95.08832553864006,71.473,P3O-dyn+AdaReset+HardDistill,Hopper-v4,2
274527,reward,6070,56.704632961082496,71.906,P3O-dyn+AdaReset+HardDistill,Hopper-v4,2
274586,reward,6071,101.89747386760266,71.065,P3O-dyn+AdaReset+HardDistill,Hopper-v4,2
274660,reward,6072,118.31143712641055,76.085,P3O-dyn+AdaReset+HardDistill,Hopper-v4,2
274743,reward,6073,138.24088531293074,83.575,P3O-dyn+AdaReset+HardDistill,Hopper-v4,2
274778,reward,6074,56.5318826944519,82.409,P3O-dyn+AdaReset+HardDistill,Hopper-v4,2
274897,reward,6075,216.77216867354713,97.787,P3O-dyn+AdaReset+HardDistill,Hopper-v4,2
274929,reward,6076,52.32057836528327,97.909,P3O-dyn+AdaReset+HardDistill,Hopper-v4,2
274980,reward,6077,90.93958464467255,98.614,P3O-dyn+AdaReset+HardDistill,Hopper-v4,2
275044,reward,6078,109.49294174986326,103.63,P3O-dyn+AdaReset+HardDistill,Hopper-v4,2
275099,reward,6079,96.94309166164513,103.815,P3O-dyn+AdaReset+HardDistill,Hopper-v4,2
275132,reward,6080,52.86615402972544,103.432,P3O-dyn+AdaReset+HardDistill,Hopper-v4,2
275169,reward,6081,60.5346163764579,99.295,P3O-dyn+AdaReset+HardDistill,Hopper-v4,2
275225,reward,6082,94.36800051037685,96.901,P3O-dyn+AdaReset+HardDistill,Hopper-v4,2
275286,reward,6083,104.9718372182076,93.574,P3O-dyn+AdaReset+HardDistill,Hopper-v4,2
275330,reward,6084,72.13021217156054,95.134,P3O-dyn+AdaReset+HardDistill,Hopper-v4,2
275367,reward,6085,63.34854982816269,79.792,P3O-dyn+AdaReset+HardDistill,Hopper-v4,2
275405,reward,6086,61.3710187479985,80.697,P3O-dyn+AdaReset+HardDistill,Hopper-v4,2
275457,reward,6087,88.23152056398507,80.426,P3O-dyn+AdaReset+HardDistill,Hopper-v4,2
275491,reward,6088,56.242080926434326,75.101,P3O-dyn+AdaReset+HardDistill,Hopper-v4,2
275552,reward,6089,103.23239765353745,75.73,P3O-dyn+AdaReset+HardDistill,Hopper-v4,2
275592,reward,6090,63.21096819940084,76.764,P3O-dyn+AdaReset+HardDistill,Hopper-v4,2
275650,reward,6091,95.25046608327239,80.236,P3O-dyn+AdaReset+HardDistill,Hopper-v4,2
275704,reward,6092,86.68476300619074,79.467,P3O-dyn+AdaReset+HardDistill,Hopper-v4,2
275761,reward,6093,92.2654970189536,78.197,P3O-dyn+AdaReset+HardDistill,Hopper-v4,2
275790,reward,6094,47.714007980764165,75.755,P3O-dyn+AdaReset+HardDistill,Hopper-v4,2
275840,reward,6095,84.26863262756514,77.847,P3O-dyn+AdaReset+HardDistill,Hopper-v4,2
275899,reward,6096,84.38281179089321,80.148,P3O-dyn+AdaReset+HardDistill,Hopper-v4,2
275993,reward,6097,172.1149183303009,88.537,P3O-dyn+AdaReset+HardDistill,Hopper-v4,2
276054,reward,6098,94.73350238288454,92.386,P3O-dyn+AdaReset+HardDistill,Hopper-v4,2
276101,reward,6099,76.38322921853519,89.701,P3O-dyn+AdaReset+HardDistill,Hopper-v4,2
276152,reward,6100,85.52094389533104,91.932,P3O-dyn+AdaReset+HardDistill,Hopper-v4,2
276182,reward,6101,49.33971202430683,87.341,P3O-dyn+AdaReset+HardDistill,Hopper-v4,2
276216,reward,6102,53.846720616772956,84.057,P3O-dyn+AdaReset+HardDistill,Hopper-v4,2
276248,reward,6103,52.8338023396971,80.114,P3O-dyn+AdaReset+HardDistill,Hopper-v4,2
276298,reward,6104,85.14616363097787,83.857,P3O-dyn+AdaReset+HardDistill,Hopper-v4,2
276351,reward,6105,93.52865928780514,84.783,P3O-dyn+AdaReset+HardDistill,Hopper-v4,2
276405,reward,6106,85.43090039381347,84.888,P3O-dyn+AdaReset+HardDistill,Hopper-v4,2
276511,reward,6107,145.7440622495035,82.251,P3O-dyn+AdaReset+HardDistill,Hopper-v4,2
276587,reward,6108,127.266247389271,85.504,P3O-dyn+AdaReset+HardDistill,Hopper-v4,2
276633,reward,6109,78.6786095019601,85.734,P3O-dyn+AdaReset+HardDistill,Hopper-v4,2
276685,reward,6110,86.75636132622186,85.857,P3O-dyn+AdaReset+HardDistill,Hopper-v4,2
276735,reward,6111,83.51186377409137,89.274,P3O-dyn+AdaReset+HardDistill,Hopper-v4,2
276800,reward,6112,112.56384794099347,95.146,P3O-dyn+AdaReset+HardDistill,Hopper-v4,2
276865,reward,6113,117.70133324390376,101.633,P3O-dyn+AdaReset+HardDistill,Hopper-v4,2
276904,reward,6114,61.6132035831934,99.28,P3O-dyn+AdaReset+HardDistill,Hopper-v4,2
276938,reward,6115,55.12159192532041,95.439,P3O-dyn+AdaReset+HardDistill,Hopper-v4,2
277040,reward,6116,193.6743807028017,106.263,P3O-dyn+AdaReset+HardDistill,Hopper-v4,2
277106,reward,6117,110.91681334122104,102.78,P3O-dyn+AdaReset+HardDistill,Hopper-v4,2
277216,reward,6118,193.96454239870553,109.45,P3O-dyn+AdaReset+HardDistill,Hopper-v4,2
277339,reward,6119,216.18132847322167,123.201,P3O-dyn+AdaReset+HardDistill,Hopper-v4,2
277389,reward,6120,83.87461332655243,122.912,P3O-dyn+AdaReset+HardDistill,Hopper-v4,2
277441,reward,6121,85.76823899579455,123.138,P3O-dyn+AdaReset+HardDistill,Hopper-v4,2
277490,reward,6122,79.05626398752823,119.787,P3O-dyn+AdaReset+HardDistill,Hopper-v4,2
277551,reward,6123,101.67817395322119,118.185,P3O-dyn+AdaReset+HardDistill,Hopper-v4,2
277608,reward,6124,90.96857922813356,121.12,P3O-dyn+AdaReset+HardDistill,Hopper-v4,2
277650,reward,6125,69.16425210789978,122.525,P3O-dyn+AdaReset+HardDistill,Hopper-v4,2
277691,reward,6126,70.98737775128112,110.256,P3O-dyn+AdaReset+HardDistill,Hopper-v4,2
277733,reward,6127,67.84681172199744,105.949,P3O-dyn+AdaReset+HardDistill,Hopper-v4,2
277785,reward,6128,87.69760565280207,95.322,P3O-dyn+AdaReset+HardDistill,Hopper-v4,2
277820,reward,6129,57.7391701484801,79.478,P3O-dyn+AdaReset+HardDistill,Hopper-v4,2
277888,reward,6130,122.03530979722476,83.294,P3O-dyn+AdaReset+HardDistill,Hopper-v4,2
277948,reward,6131,83.73866873476364,83.091,P3O-dyn+AdaReset+HardDistill,Hopper-v4,2
277984,reward,6132,59.016740577916394,81.087,P3O-dyn+AdaReset+HardDistill,Hopper-v4,2
278021,reward,6133,57.16628521360914,76.636,P3O-dyn+AdaReset+HardDistill,Hopper-v4,2
278054,reward,6134,53.39385368184035,72.879,P3O-dyn+AdaReset+HardDistill,Hopper-v4,2
278099,reward,6135,73.48881113302458,73.311,P3O-dyn+AdaReset+HardDistill,Hopper-v4,2
278133,reward,6136,55.873914357556494,71.8,P3O-dyn+AdaReset+HardDistill,Hopper-v4,2
278164,reward,6137,51.73090664566557,70.188,P3O-dyn+AdaReset+HardDistill,Hopper-v4,2
278200,reward,6138,60.76378630365506,67.495,P3O-dyn+AdaReset+HardDistill,Hopper-v4,2
278255,reward,6139,90.86091253751708,70.807,P3O-dyn+AdaReset+HardDistill,Hopper-v4,2
278285,reward,6140,49.08393056683928,63.512,P3O-dyn+AdaReset+HardDistill,Hopper-v4,2
278315,reward,6141,49.5782383613745,60.096,P3O-dyn+AdaReset+HardDistill,Hopper-v4,2
278376,reward,6142,106.91188406137643,64.885,P3O-dyn+AdaReset+HardDistill,Hopper-v4,2
278508,reward,6143,221.39301011557635,81.308,P3O-dyn+AdaReset+HardDistill,Hopper-v4,2
278528,loss,-0.008763998746871948,18.28109359741211,P3O-dyn+AdaReset+HardDistill,Hopper-v4,2
278562,reward,6144,87.46696077251119,84.715,P3O-dyn+AdaReset+HardDistill,Hopper-v4,2
278600,reward,6145,60.9139058704338,83.458,P3O-dyn+AdaReset+HardDistill,Hopper-v4,2
278666,reward,6146,110.68975689249494,88.939,P3O-dyn+AdaReset+HardDistill,Hopper-v4,2
278703,reward,6147,59.59827170018356,89.726,P3O-dyn+AdaReset+HardDistill,Hopper-v4,2
278747,reward,6148,70.49509222779442,90.699,P3O-dyn+AdaReset+HardDistill,Hopper-v4,2
278806,reward,6149,99.67064162777359,91.58,P3O-dyn+AdaReset+HardDistill,Hopper-v4,2
278846,reward,6150,64.6519282244856,93.137,P3O-dyn+AdaReset+HardDistill,Hopper-v4,2
278880,reward,6151,55.77002792674432,93.756,P3O-dyn+AdaReset+HardDistill,Hopper-v4,2
278933,reward,6152,87.34871907009679,91.8,P3O-dyn+AdaReset+HardDistill,Hopper-v4,2
278971,reward,6153,54.817136049953994,75.142,P3O-dyn+AdaReset+HardDistill,Hopper-v4,2
279020,reward,6154,78.24794352572877,74.22,P3O-dyn+AdaReset+HardDistill,Hopper-v4,2
279077,reward,6155,95.48682922911848,77.678,P3O-dyn+AdaReset+HardDistill,Hopper-v4,2
279141,reward,6156,105.89333456263336,77.198,P3O-dyn+AdaReset+HardDistill,Hopper-v4,2
279197,reward,6157,93.82228517166723,80.62,P3O-dyn+AdaReset+HardDistill,Hopper-v4,2
279231,reward,6158,55.34368888324969,79.105,P3O-dyn+AdaReset+HardDistill,Hopper-v4,2
279272,reward,6159,66.41502069886873,75.78,P3O-dyn+AdaReset+HardDistill,Hopper-v4,2
279336,reward,6160,105.69684004356235,79.884,P3O-dyn+AdaReset+HardDistill,Hopper-v4,2
279382,reward,6161,68.89955449307827,81.197,P3O-dyn+AdaReset+HardDistill,Hopper-v4,2
279434,reward,6162,76.35546980997583,80.098,P3O-dyn+AdaReset+HardDistill,Hopper-v4,2
279470,reward,6163,59.77969935396058,80.594,P3O-dyn+AdaReset+HardDistill,Hopper-v4,2
279516,reward,6164,71.53678686228145,79.923,P3O-dyn+AdaReset+HardDistill,Hopper-v4,2
279552,reward,6165,56.28242758072153,76.003,P3O-dyn+AdaReset+HardDistill,Hopper-v4,2
279645,reward,6166,154.230312175598,80.836,P3O-dyn+AdaReset+HardDistill,Hopper-v4,2
279704,reward,6167,96.02009004100526,81.056,P3O-dyn+AdaReset+HardDistill,Hopper-v4,2
279769,reward,6168,96.866398480286,85.208,P3O-dyn+AdaReset+HardDistill,Hopper-v4,2
279840,reward,6169,118.41781750979,90.409,P3O-dyn+AdaReset+HardDistill,Hopper-v4,2
279874,reward,6170,57.277460133475586,85.567,P3O-dyn+AdaReset+HardDistill,Hopper-v4,2
279919,reward,6171,70.70835769952232,85.747,P3O-dyn+AdaReset+HardDistill,Hopper-v4,2
280000,speed,1998.53,2.31,P3O-dyn+AdaReset+HardDistill,Hopper-v4,2
280013,reward,6172,134.58450965342442,91.57,P3O-dyn+AdaReset+HardDistill,Hopper-v4,2
280064,reward,6173,85.63679202820069,94.156,P3O-dyn+AdaReset+HardDistill,Hopper-v4,2
280127,reward,6174,114.00322880500585,98.403,P3O-dyn+AdaReset+HardDistill,Hopper-v4,2
280163,reward,6175,59.377639066040764,98.712,P3O-dyn+AdaReset+HardDistill,Hopper-v4,2
280192,reward,6176,47.76886549300828,88.066,P3O-dyn+AdaReset+HardDistill,Hopper-v4,2
280235,reward,6177,68.92324411113925,85.356,P3O-dyn+AdaReset+HardDistill,Hopper-v4,2
280290,reward,6178,86.10489745533965,84.28,P3O-dyn+AdaReset+HardDistill,Hopper-v4,2
280348,reward,6179,99.44967317461986,82.383,P3O-dyn+AdaReset+HardDistill,Hopper-v4,2
280421,reward,6180,130.351838866049,89.691,P3O-dyn+AdaReset+HardDistill,Hopper-v4,2
280546,reward,6181,262.80680427180397,108.901,P3O-dyn+AdaReset+HardDistill,Hopper-v4,2
280588,reward,6182,68.33993947525536,102.276,P3O-dyn+AdaReset+HardDistill,Hopper-v4,2
280629,reward,6183,64.95360721953385,100.208,P3O-dyn+AdaReset+HardDistill,Hopper-v4,2
280703,reward,6184,121.35118134754255,100.943,P3O-dyn+AdaReset+HardDistill,Hopper-v4,2
280736,reward,6185,53.951938383747695,100.4,P3O-dyn+AdaReset+HardDistill,Hopper-v4,2
280768,reward,6186,52.34066947850592,100.857,P3O-dyn+AdaReset+HardDistill,Hopper-v4,2
280842,reward,6187,112.13513566331103,105.179,P3O-dyn+AdaReset+HardDistill,Hopper-v4,2
280886,reward,6188,71.93489960469377,103.762,P3O-dyn+AdaReset+HardDistill,Hopper-v4,2
280924,reward,6189,62.137518482775555,100.03,P3O-dyn+AdaReset+HardDistill,Hopper-v4,2
280977,reward,6190,88.75745419427481,95.871,P3O-dyn+AdaReset+HardDistill,Hopper-v4,2
281038,reward,6191,107.01413437764057,80.292,P3O-dyn+AdaReset+HardDistill,Hopper-v4,2
281078,reward,6192,64.45703602325315,79.903,P3O-dyn+AdaReset+HardDistill,Hopper-v4,2
281139,reward,6193,105.02340532483865,83.91,P3O-dyn+AdaReset+HardDistill,Hopper-v4,2
281169,reward,6194,48.861572023255896,76.661,P3O-dyn+AdaReset+HardDistill,Hopper-v4,2
281224,reward,6195,80.27743395929625,79.294,P3O-dyn+AdaReset+HardDistill,Hopper-v4,2
281254,reward,6196,50.14053609632129,79.074,P3O-dyn+AdaReset+HardDistill,Hopper-v4,2
281301,reward,6197,77.64280093639219,75.625,P3O-dyn+AdaReset+HardDistill,Hopper-v4,2
281359,reward,6198,96.84266043774437,78.115,P3O-dyn+AdaReset+HardDistill,Hopper-v4,2
281416,reward,6199,93.60028900528754,81.262,P3O-dyn+AdaReset+HardDistill,Hopper-v4,2
281483,reward,6200,108.26678607572906,83.213,P3O-dyn+AdaReset+HardDistill,Hopper-v4,2
281518,reward,6201,56.30886750828195,78.142,P3O-dyn+AdaReset+HardDistill,Hopper-v4,2
281584,reward,6202,121.4854298241767,83.845,P3O-dyn+AdaReset+HardDistill,Hopper-v4,2
281643,reward,6203,97.63218181772012,83.106,P3O-dyn+AdaReset+HardDistill,Hopper-v4,2
281757,reward,6204,215.07381184032727,99.727,P3O-dyn+AdaReset+HardDistill,Hopper-v4,2
281787,reward,6205,49.303868449275775,96.63,P3O-dyn+AdaReset+HardDistill,Hopper-v4,2
281837,reward,6206,87.81222227784927,100.397,P3O-dyn+AdaReset+HardDistill,Hopper-v4,2
281914,reward,6207,120.473090337647,104.68,P3O-dyn+AdaReset+HardDistill,Hopper-v4,2
281959,reward,6208,73.07191857210188,102.303,P3O-dyn+AdaReset+HardDistill,Hopper-v4,2
282028,reward,6209,120.17366264519607,104.96,P3O-dyn+AdaReset+HardDistill,Hopper-v4,2
282086,reward,6210,92.24921572495548,103.358,P3O-dyn+AdaReset+HardDistill,Hopper-v4,2
282123,reward,6211,61.43479284575485,103.871,P3O-dyn+AdaReset+HardDistill,Hopper-v4,2
282166,reward,6212,70.71147747094228,98.794,P3O-dyn+AdaReset+HardDistill,Hopper-v4,2
282212,reward,6213,60.5125534623778,95.082,P3O-dyn+AdaReset+HardDistill,Hopper-v4,2
282242,reward,6214,50.09328417944814,78.584,P3O-dyn+AdaReset+HardDistill,Hopper-v4,2
282338,reward,6215,167.07225737343234,90.36,P3O-dyn+AdaReset+HardDistill,Hopper-v4,2
282367,reward,6216,47.914037558981846,86.371,P3O-dyn+AdaReset+HardDistill,Hopper-v4,2
282442,reward,6217,127.64425767197281,87.088,P3O-dyn+AdaReset+HardDistill,Hopper-v4,2
282475,reward,6218,53.65374342700877,85.146,P3O-dyn+AdaReset+HardDistill,Hopper-v4,2
282520,reward,6219,73.74250262537447,80.503,P3O-dyn+AdaReset+HardDistill,Hopper-v4,2
282556,reward,6220,58.1886774268411,77.097,P3O-dyn+AdaReset+HardDistill,Hopper-v4,2
282610,reward,6221,87.95197434705331,79.748,P3O-dyn+AdaReset+HardDistill,Hopper-v4,2
282652,reward,6222,68.24254777243443,79.502,P3O-dyn+AdaReset+HardDistill,Hopper-v4,2
282743,reward,6223,156.42178131553914,89.093,P3O-dyn+AdaReset+HardDistill,Hopper-v4,2
282773,reward,6224,50.24013525717706,89.107,P3O-dyn+AdaReset+HardDistill,Hopper-v4,2
282822,reward,6225,82.45916103874366,80.646,P3O-dyn+AdaReset+HardDistill,Hopper-v4,2
282873,reward,6226,85.21205095963424,84.376,P3O-dyn+AdaReset+HardDistill,Hopper-v4,2
282916,reward,6227,66.83777137272844,78.295,P3O-dyn+AdaReset+HardDistill,Hopper-v4,2
282974,reward,6228,89.72922095858661,81.903,P3O-dyn+AdaReset+HardDistill,Hopper-v4,2
283015,reward,6229,66.54621947183892,81.183,P3O-dyn+AdaReset+HardDistill,Hopper-v4,2
283044,reward,6230,46.819475833067756,80.046,P3O-dyn+AdaReset+HardDistill,Hopper-v4,2
283109,reward,6231,108.07050348947438,82.058,P3O-dyn+AdaReset+HardDistill,Hopper-v4,2
283158,reward,6232,81.50601949726398,83.384,P3O-dyn+AdaReset+HardDistill,Hopper-v4,2
283217,reward,6233,84.8815008611233,76.23,P3O-dyn+AdaReset+HardDistill,Hopper-v4,2
283265,reward,6234,68.36773949286508,78.043,P3O-dyn+AdaReset+HardDistill,Hopper-v4,2
283335,reward,6235,115.12665468046573,81.31,P3O-dyn+AdaReset+HardDistill,Hopper-v4,2
283397,reward,6236,98.0588183263702,82.594,P3O-dyn+AdaReset+HardDistill,Hopper-v4,2
283450,reward,6237,90.32454699448951,84.943,P3O-dyn+AdaReset+HardDistill,Hopper-v4,2
283487,reward,6238,61.80686543668662,82.151,P3O-dyn+AdaReset+HardDistill,Hopper-v4,2
283529,reward,6239,67.66315645304273,82.263,P3O-dyn+AdaReset+HardDistill,Hopper-v4,2
283560,reward,6240,50.98522162374235,82.679,P3O-dyn+AdaReset+HardDistill,Hopper-v4,2
283605,reward,6241,73.89507074578503,79.262,P3O-dyn+AdaReset+HardDistill,Hopper-v4,2
283640,reward,6242,57.71337932222572,76.882,P3O-dyn+AdaReset+HardDistill,Hopper-v4,2
283667,reward,6243,44.162280262864684,72.81,P3O-dyn+AdaReset+HardDistill,Hopper-v4,2
283719,reward,6244,89.3143717465885,74.905,P3O-dyn+AdaReset+HardDistill,Hopper-v4,2
283770,reward,6245,79.76927784940382,71.369,P3O-dyn+AdaReset+HardDistill,Hopper-v4,2
283804,reward,6246,56.327764713656215,67.196,P3O-dyn+AdaReset+HardDistill,Hopper-v4,2
283834,reward,6247,49.83320599865796,63.147,P3O-dyn+AdaReset+HardDistill,Hopper-v4,2
283897,reward,6248,110.35454171505086,68.002,P3O-dyn+AdaReset+HardDistill,Hopper-v4,2
283957,reward,6249,97.1361846098515,70.949,P3O-dyn+AdaReset+HardDistill,Hopper-v4,2
284002,reward,6250,67.57575337533174,72.608,P3O-dyn+AdaReset+HardDistill,Hopper-v4,2
284035,reward,6251,54.64946134800355,70.684,P3O-dyn+AdaReset+HardDistill,Hopper-v4,2
284079,reward,6252,66.66824051411676,71.579,P3O-dyn+AdaReset+HardDistill,Hopper-v4,2
284103,reward,6253,41.1661141670961,71.279,P3O-dyn+AdaReset+HardDistill,Hopper-v4,2
284152,reward,6254,83.53368253962799,70.701,P3O-dyn+AdaReset+HardDistill,Hopper-v4,2
284187,reward,6255,56.85695676059165,68.41,P3O-dyn+AdaReset+HardDistill,Hopper-v4,2
284273,reward,6256,137.23443689211845,76.501,P3O-dyn+AdaReset+HardDistill,Hopper-v4,2
284331,reward,6257,97.80001640910757,81.298,P3O-dyn+AdaReset+HardDistill,Hopper-v4,2
284388,reward,6258,99.22475816472564,80.185,P3O-dyn+AdaReset+HardDistill,Hopper-v4,2
284424,reward,6259,59.221914105474795,76.393,P3O-dyn+AdaReset+HardDistill,Hopper-v4,2
284465,reward,6260,66.18387757258006,76.254,P3O-dyn+AdaReset+HardDistill,Hopper-v4,2
284499,reward,6261,52.653313974950656,76.054,P3O-dyn+AdaReset+HardDistill,Hopper-v4,2
284542,reward,6262,71.96906379130576,76.584,P3O-dyn+AdaReset+HardDistill,Hopper-v4,2
284575,reward,6263,53.43496199557258,77.811,P3O-dyn+AdaReset+HardDistill,Hopper-v4,2
284619,reward,6264,72.39146125348192,76.697,P3O-dyn+AdaReset+HardDistill,Hopper-v4,2
284684,reward,6265,109.0534392557917,81.917,P3O-dyn+AdaReset+HardDistill,Hopper-v4,2
284839,reward,6266,299.8197601433855,98.175,P3O-dyn+AdaReset+HardDistill,Hopper-v4,2
284910,reward,6267,120.37313780269346,100.433,P3O-dyn+AdaReset+HardDistill,Hopper-v4,2
284943,reward,6268,55.46911538827191,96.057,P3O-dyn+AdaReset+HardDistill,Hopper-v4,2
284995,reward,6269,88.18274223318919,98.953,P3O-dyn+AdaReset+HardDistill,Hopper-v4,2
285033,reward,6270,61.98219863135467,98.533,P3O-dyn+AdaReset+HardDistill,Hopper-v4,2
285087,reward,6271,88.75274600991517,102.143,P3O-dyn+AdaReset+HardDistill,Hopper-v4,2
285130,reward,6272,66.31758794922855,101.578,P3O-dyn+AdaReset+HardDistill,Hopper-v4,2
285163,reward,6273,54.36227513764444,101.67,P3O-dyn+AdaReset+HardDistill,Hopper-v4,2
285199,reward,6274,58.16343643911934,100.248,P3O-dyn+AdaReset+HardDistill,Hopper-v4,2
285248,reward,6275,77.14753730905485,97.057,P3O-dyn+AdaReset+HardDistill,Hopper-v4,2
285313,reward,6276,118.19452344324834,78.895,P3O-dyn+AdaReset+HardDistill,Hopper-v4,2
285367,reward,6277,86.97921298959211,75.555,P3O-dyn+AdaReset+HardDistill,Hopper-v4,2
285401,reward,6278,55.63870598604767,75.572,P3O-dyn+AdaReset+HardDistill,Hopper-v4,2
285473,reward,6279,118.49577796509998,78.603,P3O-dyn+AdaReset+HardDistill,Hopper-v4,2
285534,reward,6280,99.55743172083012,82.361,P3O-dyn+AdaReset+HardDistill,Hopper-v4,2
285583,reward,6281,73.9162328196897,80.877,P3O-dyn+AdaReset+HardDistill,Hopper-v4,2
285668,reward,6282,130.77188339857938,87.323,P3O-dyn+AdaReset+HardDistill,Hopper-v4,2
285726,reward,6283,85.75688862382133,90.462,P3O-dyn+AdaReset+HardDistill,Hopper-v4,2
285776,reward,6284,85.15091985361069,93.161,P3O-dyn+AdaReset+HardDistill,Hopper-v4,2
285833,reward,6285,96.10370097112896,95.057,P3O-dyn+AdaReset+HardDistill,Hopper-v4,2
285869,reward,6286,58.019121863888444,89.039,P3O-dyn+AdaReset+HardDistill,Hopper-v4,2
285914,reward,6287,73.5861230744123,87.7,P3O-dyn+AdaReset+HardDistill,Hopper-v4,2
285968,reward,6288,80.83416754466168,90.219,P3O-dyn+AdaReset+HardDistill,Hopper-v4,2
286028,reward,6289,103.25927116663591,88.696,P3O-dyn+AdaReset+HardDistill,Hopper-v4,2
286117,reward,6290,167.22336613186758,95.462,P3O-dyn+AdaReset+HardDistill,Hopper-v4,2
286156,reward,6291,63.86883354303828,94.457,P3O-dyn+AdaReset+HardDistill,Hopper-v4,2
286203,reward,6292,79.74591841287564,89.355,P3O-dyn+AdaReset+HardDistill,Hopper-v4,2
286264,reward,6293,99.49100013598478,90.728,P3O-dyn+AdaReset+HardDistill,Hopper-v4,2
286300,reward,6294,58.52175802581058,88.065,P3O-dyn+AdaReset+HardDistill,Hopper-v4,2
286345,reward,6295,75.16370096633953,85.971,P3O-dyn+AdaReset+HardDistill,Hopper-v4,2
286398,reward,6296,89.6206050642436,89.131,P3O-dyn+AdaReset+HardDistill,Hopper-v4,2
286467,reward,6297,128.8027434444731,94.653,P3O-dyn+AdaReset+HardDistill,Hopper-v4,2
286513,reward,6298,75.50389401995857,94.12,P3O-dyn+AdaReset+HardDistill,Hopper-v4,2
286579,reward,6299,110.55464846244197,94.85,P3O-dyn+AdaReset+HardDistill,Hopper-v4,2
286613,reward,6300,55.70318369755323,83.698,P3O-dyn+AdaReset+HardDistill,Hopper-v4,2
286654,reward,6301,67.53113380542001,84.064,P3O-dyn+AdaReset+HardDistill,Hopper-v4,2
286690,reward,6302,54.359878009414665,81.525,P3O-dyn+AdaReset+HardDistill,Hopper-v4,2
286720,loss,-0.012516520917415619,15.021259307861328,P3O-dyn+AdaReset+HardDistill,Hopper-v4,2
286722,reward,6303,53.19954726623719,76.896,P3O-dyn+AdaReset+HardDistill,Hopper-v4,2
286760,reward,6304,62.17381885233529,77.261,P3O-dyn+AdaReset+HardDistill,Hopper-v4,2
286806,reward,6305,76.15135849943887,77.36,P3O-dyn+AdaReset+HardDistill,Hopper-v4,2
286846,reward,6306,54.62663152421671,73.861,P3O-dyn+AdaReset+HardDistill,Hopper-v4,2
286882,reward,6307,58.53059053981895,66.833,P3O-dyn+AdaReset+HardDistill,Hopper-v4,2
286912,reward,6308,50.37072420415575,64.32,P3O-dyn+AdaReset+HardDistill,Hopper-v4,2
286944,reward,6309,52.24187794007101,58.489,P3O-dyn+AdaReset+HardDistill,Hopper-v4,2
286980,reward,6310,58.028331949875124,58.721,P3O-dyn+AdaReset+HardDistill,Hopper-v4,2
287080,reward,6311,196.0707579443057,71.575,P3O-dyn+AdaReset+HardDistill,Hopper-v4,2
287130,reward,6312,81.77009246937716,74.316,P3O-dyn+AdaReset+HardDistill,Hopper-v4,2
287171,reward,6313,65.65036179183362,75.561,P3O-dyn+AdaReset+HardDistill,Hopper-v4,2
287215,reward,6314,72.53350262815644,76.597,P3O-dyn+AdaReset+HardDistill,Hopper-v4,2
287271,reward,6315,95.9008632019789,78.572,P3O-dyn+AdaReset+HardDistill,Hopper-v4,2
287296,reward,6316,42.956862861342145,77.405,P3O-dyn+AdaReset+HardDistill,Hopper-v4,2
287329,reward,6317,54.13254696600674,76.966,P3O-dyn+AdaReset+HardDistill,Hopper-v4,2
287365,reward,6318,57.682420427972865,77.697,P3O-dyn+AdaReset+HardDistill,Hopper-v4,2
287418,reward,6319,77.68299115431519,80.241,P3O-dyn+AdaReset+HardDistill,Hopper-v4,2
287447,reward,6320,47.598786545319086,79.198,P3O-dyn+AdaReset+HardDistill,Hopper-v4,2
287508,reward,6321,104.41309720385141,70.032,P3O-dyn+AdaReset+HardDistill,Hopper-v4,2
287543,reward,6322,56.939677804437075,67.549,P3O-dyn+AdaReset+HardDistill,Hopper-v4,2
287603,reward,6323,94.30958085300638,70.415,P3O-dyn+AdaReset+HardDistill,Hopper-v4,2
287659,reward,6324,91.68982952375282,72.331,P3O-dyn+AdaReset+HardDistill,Hopper-v4,2
287705,reward,6325,74.15169714073265,70.156,P3O-dyn+AdaReset+HardDistill,Hopper-v4,2
287775,reward,6326,125.60730241171795,78.421,P3O-dyn+AdaReset+HardDistill,Hopper-v4,2
287863,reward,6327,136.14716270275397,86.622,P3O-dyn+AdaReset+HardDistill,Hopper-v4,2
287924,reward,6328,105.21264465078379,91.375,P3O-dyn+AdaReset+HardDistill,Hopper-v4,2
287965,reward,6329,65.14635420082863,90.122,P3O-dyn+AdaReset+HardDistill,Hopper-v4,2
288023,reward,6330,103.26393589771159,95.688,P3O-dyn+AdaReset+HardDistill,Hopper-v4,2
288100,reward,6331,114.23700831884958,96.671,P3O-dyn+AdaReset+HardDistill,Hopper-v4,2
288161,reward,6332,101.08837128503033,101.085,P3O-dyn+AdaReset+HardDistill,Hopper-v4,2
288220,reward,6333,105.49996550195429,102.204,P3O-dyn+AdaReset+HardDistill,Hopper-v4,2
288251,reward,6334,51.257733813293385,98.161,P3O-dyn+AdaReset+HardDistill,Hopper-v4,2
288321,reward,6335,114.30851771178331,102.177,P3O-dyn+AdaReset+HardDistill,Hopper-v4,2
288365,reward,6336,72.68567830146733,96.885,P3O-dyn+AdaReset+HardDistill,Hopper-v4,2
288419,reward,6337,82.17984407497441,91.488,P3O-dyn+AdaReset+HardDistill,Hopper-v4,2
288480,reward,6338,91.65588801775155,90.132,P3O-dyn+AdaReset+HardDistill,Hopper-v4,2
288524,reward,6339,66.07273539112721,90.225,P3O-dyn+AdaReset+HardDistill,Hopper-v4,2
288611,reward,6340,149.26917744284899,94.825,P3O-dyn+AdaReset+HardDistill,Hopper-v4,2
288676,reward,6341,98.98102029550022,93.3,P3O-dyn+AdaReset+HardDistill,Hopper-v4,2
288743,reward,6342,123.1650128433534,95.508,P3O-dyn+AdaReset+HardDistill,Hopper-v4,2
288782,reward,6343,63.80311418276801,91.338,P3O-dyn+AdaReset+HardDistill,Hopper-v4,2
288836,reward,6344,89.63224959498531,95.175,P3O-dyn+AdaReset+HardDistill,Hopper-v4,2
288909,reward,6345,114.21748604125418,95.166,P3O-dyn+AdaReset+HardDistill,Hopper-v4,2
288965,reward,6346,94.46370791778317,97.344,P3O-dyn+AdaReset+HardDistill,Hopper-v4,2
289011,reward,6347,66.9272810857096,95.819,P3O-dyn+AdaReset+HardDistill,Hopper-v4,2
289072,reward,6348,104.04116756754007,97.057,P3O-dyn+AdaReset+HardDistill,Hopper-v4,2
289128,reward,6349,81.54902551209378,98.605,P3O-dyn+AdaReset+HardDistill,Hopper-v4,2
289166,reward,6350,63.94973000260642,90.073,P3O-dyn+AdaReset+HardDistill,Hopper-v4,2
289196,reward,6351,38.471292881530324,84.022,P3O-dyn+AdaReset+HardDistill,Hopper-v4,2
289227,reward,6352,51.318720699901256,76.837,P3O-dyn+AdaReset+HardDistill,Hopper-v4,2
289259,reward,6353,44.44792064275877,74.902,P3O-dyn+AdaReset+HardDistill,Hopper-v4,2
289313,reward,6354,92.40677082783029,75.179,P3O-dyn+AdaReset+HardDistill,Hopper-v4,2
289375,reward,6355,107.4372031692186,74.501,P3O-dyn+AdaReset+HardDistill,Hopper-v4,2
289419,reward,6356,73.21297520260975,72.376,P3O-dyn+AdaReset+HardDistill,Hopper-v4,2
289468,reward,6357,78.80586611938982,73.564,P3O-dyn+AdaReset+HardDistill,Hopper-v4,2
289502,reward,6358,53.23775062161035,68.484,P3O-dyn+AdaReset+HardDistill,Hopper-v4,2
289534,reward,6359,52.9143222936574,65.62,P3O-dyn+AdaReset+HardDistill,Hopper-v4,2
289571,reward,6360,59.99852743760049,65.225,P3O-dyn+AdaReset+HardDistill,Hopper-v4,2
289602,reward,6361,51.39805716821404,66.518,P3O-dyn+AdaReset+HardDistill,Hopper-v4,2
289656,reward,6362,90.04277512787938,70.39,P3O-dyn+AdaReset+HardDistill,Hopper-v4,2
289699,reward,6363,75.05913973529519,73.451,P3O-dyn+AdaReset+HardDistill,Hopper-v4,2
289743,reward,6364,74.25441276133436,71.636,P3O-dyn+AdaReset+HardDistill,Hopper-v4,2
289802,reward,6365,98.91942016821,70.784,P3O-dyn+AdaReset+HardDistill,Hopper-v4,2
289850,reward,6366,80.73843918326841,71.537,P3O-dyn+AdaReset+HardDistill,Hopper-v4,2
289892,reward,6367,67.4421346694751,70.4,P3O-dyn+AdaReset+HardDistill,Hopper-v4,2
289948,reward,6368,94.86230002078443,74.563,P3O-dyn+AdaReset+HardDistill,Hopper-v4,2
289987,reward,6369,64.15590184673732,75.687,P3O-dyn+AdaReset+HardDistill,Hopper-v4,2
290000,speed,2014.5,2.39,P3O-dyn+AdaReset+HardDistill,Hopper-v4,2
290088,reward,6370,195.89263255827143,89.277,P3O-dyn+AdaReset+HardDistill,Hopper-v4,2
290153,reward,6371,101.83735780913509,94.32,P3O-dyn+AdaReset+HardDistill,Hopper-v4,2
290211,reward,6372,100.39128864699431,95.355,P3O-dyn+AdaReset+HardDistill,Hopper-v4,2
290242,reward,6373,51.235785461203214,92.973,P3O-dyn+AdaReset+HardDistill,Hopper-v4,2
290297,reward,6374,93.85585940837896,94.933,P3O-dyn+AdaReset+HardDistill,Hopper-v4,2
290334,reward,6375,61.75697013651339,91.217,P3O-dyn+AdaReset+HardDistill,Hopper-v4,2
290386,reward,6376,85.99145555620605,91.742,P3O-dyn+AdaReset+HardDistill,Hopper-v4,2
290436,reward,6377,85.56968501083755,93.555,P3O-dyn+AdaReset+HardDistill,Hopper-v4,2
290494,reward,6378,93.15325907301,93.384,P3O-dyn+AdaReset+HardDistill,Hopper-v4,2
290552,reward,6379,94.58467954024937,96.427,P3O-dyn+AdaReset+HardDistill,Hopper-v4,2
290587,reward,6380,56.94349043162323,82.532,P3O-dyn+AdaReset+HardDistill,Hopper-v4,2
290621,reward,6381,55.666349982575824,77.915,P3O-dyn+AdaReset+HardDistill,Hopper-v4,2
290715,reward,6382,171.60449543695546,85.036,P3O-dyn+AdaReset+HardDistill,Hopper-v4,2
290769,reward,6383,82.00391043679429,88.113,P3O-dyn+AdaReset+HardDistill,Hopper-v4,2
290806,reward,6384,59.51026227318651,84.678,P3O-dyn+AdaReset+HardDistill,Hopper-v4,2
290860,reward,6385,83.16069724762116,86.819,P3O-dyn+AdaReset+HardDistill,Hopper-v4,2
290897,reward,6386,50.94112922563699,83.314,P3O-dyn+AdaReset+HardDistill,Hopper-v4,2
290952,reward,6387,92.69053729924848,84.026,P3O-dyn+AdaReset+HardDistill,Hopper-v4,2
291093,reward,6388,284.9081251317701,103.201,P3O-dyn+AdaReset+HardDistill,Hopper-v4,2
291146,reward,6389,87.50819477855259,102.494,P3O-dyn+AdaReset+HardDistill,Hopper-v4,2
291190,reward,6390,72.04081691724558,104.003,P3O-dyn+AdaReset+HardDistill,Hopper-v4,2
291248,reward,6391,98.08915014410579,108.246,P3O-dyn+AdaReset+HardDistill,Hopper-v4,2
291294,reward,6392,76.79368297477137,98.765,P3O-dyn+AdaReset+HardDistill,Hopper-v4,2
291349,reward,6393,91.1085693303629,99.675,P3O-dyn+AdaReset+HardDistill,Hopper-v4,2
291415,reward,6394,101.86458271832305,103.911,P3O-dyn+AdaReset+HardDistill,Hopper-v4,2
291470,reward,6395,89.64360242651615,104.559,P3O-dyn+AdaReset+HardDistill,Hopper-v4,2
291502,reward,6396,51.760075970181035,104.641,P3O-dyn+AdaReset+HardDistill,Hopper-v4,2
291537,reward,6397,56.892150905598555,101.061,P3O-dyn+AdaReset+HardDistill,Hopper-v4,2
291576,reward,6398,62.87708495940686,78.858,P3O-dyn+AdaReset+HardDistill,Hopper-v4,2
291696,reward,6399,230.6841010938108,93.175,P3O-dyn+AdaReset+HardDistill,Hopper-v4,2
291791,reward,6400,157.5788006344104,101.729,P3O-dyn+AdaReset+HardDistill,Hopper-v4,2
291854,reward,6401,105.95725878552824,102.516,P3O-dyn+AdaReset+HardDistill,Hopper-v4,2
291925,reward,6402,127.17504529487412,107.554,P3O-dyn+AdaReset+HardDistill,Hopper-v4,2
291969,reward,6403,72.66149262709679,105.709,P3O-dyn+AdaReset+HardDistill,Hopper-v4,2
292031,reward,6404,110.81001321171023,106.604,P3O-dyn+AdaReset+HardDistill,Hopper-v4,2
292087,reward,6405,81.30339342500743,105.77,P3O-dyn+AdaReset+HardDistill,Hopper-v4,2
292127,reward,6406,64.42464501421487,107.036,P3O-dyn+AdaReset+HardDistill,Hopper-v4,2
292190,reward,6407,114.60788581412014,112.808,P3O-dyn+AdaReset+HardDistill,Hopper-v4,2
292241,reward,6408,85.04784242919891,115.025,P3O-dyn+AdaReset+HardDistill,Hopper-v4,2
292297,reward,6409,96.09250430591696,101.566,P3O-dyn+AdaReset+HardDistill,Hopper-v4,2
292340,reward,6410,70.46159714428681,92.854,P3O-dyn+AdaReset+HardDistill,Hopper-v4,2
292383,reward,6411,70.27493608444081,89.286,P3O-dyn+AdaReset+HardDistill,Hopper-v4,2
292443,reward,6412,98.9408604207976,86.463,P3O-dyn+AdaReset+HardDistill,Hopper-v4,2
292501,reward,6413,95.6400416930275,88.76,P3O-dyn+AdaReset+HardDistill,Hopper-v4,2
292548,reward,6414,79.23924846673945,85.603,P3O-dyn+AdaReset+HardDistill,Hopper-v4,2
292590,reward,6415,69.881838842465,84.461,P3O-dyn+AdaReset+HardDistill,Hopper-v4,2
292628,reward,6416,59.87525298622273,84.006,P3O-dyn+AdaReset+HardDistill,Hopper-v4,2
292707,reward,6417,135.97798122152014,86.143,P3O-dyn+AdaReset+HardDistill,Hopper-v4,2
292741,reward,6418,56.706473644955565,83.309,P3O-dyn+AdaReset+HardDistill,Hopper-v4,2
292780,reward,6419,63.369281722847276,80.037,P3O-dyn+AdaReset+HardDistill,Hopper-v4,2
292824,reward,6420,71.74628980830089,80.165,P3O-dyn+AdaReset+HardDistill,Hopper-v4,2
292887,reward,6421,90.08235857027768,82.146,P3O-dyn+AdaReset+HardDistill,Hopper-v4,2
292969,reward,6422,143.34100489427985,86.586,P3O-dyn+AdaReset+HardDistill,Hopper-v4,2
293016,reward,6423,76.00868768629796,84.623,P3O-dyn+AdaReset+HardDistill,Hopper-v4,2
293058,reward,6424,69.66344072071945,83.665,P3O-dyn+AdaReset+HardDistill,Hopper-v4,2
293100,reward,6425,70.22155885563566,83.699,P3O-dyn+AdaReset+HardDistill,Hopper-v4,2
293154,reward,6426,92.76237286329165,86.988,P3O-dyn+AdaReset+HardDistill,Hopper-v4,2
293194,reward,6427,65.95654451375435,79.986,P3O-dyn+AdaReset+HardDistill,Hopper-v4,2
293238,reward,6428,72.96810654629009,81.612,P3O-dyn+AdaReset+HardDistill,Hopper-v4,2
293308,reward,6429,121.38802084354603,87.414,P3O-dyn+AdaReset+HardDistill,Hopper-v4,2
293339,reward,6430,51.396203176203244,85.379,P3O-dyn+AdaReset+HardDistill,Hopper-v4,2
293404,reward,6431,105.3270995250074,86.903,P3O-dyn+AdaReset+HardDistill,Hopper-v4,2
293472,reward,6432,103.10288517603502,82.879,P3O-dyn+AdaReset+HardDistill,Hopper-v4,2
293507,reward,6433,57.378770991813084,81.017,P3O-dyn+AdaReset+HardDistill,Hopper-v4,2
293570,reward,6434,110.15782664347384,85.066,P3O-dyn+AdaReset+HardDistill,Hopper-v4,2
293610,reward,6435,58.76416644190258,83.92,P3O-dyn+AdaReset+HardDistill,Hopper-v4,2
293643,reward,6436,53.74736340328676,80.019,P3O-dyn+AdaReset+HardDistill,Hopper-v4,2
293704,reward,6437,108.94096453377651,84.317,P3O-dyn+AdaReset+HardDistill,Hopper-v4,2
293740,reward,6438,59.5065139770015,82.971,P3O-dyn+AdaReset+HardDistill,Hopper-v4,2
293801,reward,6439,110.27446917359791,81.86,P3O-dyn+AdaReset+HardDistill,Hopper-v4,2
293857,reward,6440,97.39909304413507,86.46,P3O-dyn+AdaReset+HardDistill,Hopper-v4,2
293914,reward,6441,99.64831057709341,85.892,P3O-dyn+AdaReset+HardDistill,Hopper-v4,2
293963,reward,6442,71.28500054013179,82.71,P3O-dyn+AdaReset+HardDistill,Hopper-v4,2
294006,reward,6443,69.77618792233567,83.95,P3O-dyn+AdaReset+HardDistill,Hopper-v4,2
294062,reward,6444,94.20866904135572,82.355,P3O-dyn+AdaReset+HardDistill,Hopper-v4,2
294166,reward,6445,180.04712233015525,94.483,P3O-dyn+AdaReset+HardDistill,Hopper-v4,2
294198,reward,6446,52.16630691380444,94.325,P3O-dyn+AdaReset+HardDistill,Hopper-v4,2
294241,reward,6447,72.33649510286479,90.665,P3O-dyn+AdaReset+HardDistill,Hopper-v4,2
294309,reward,6448,121.8424680190671,96.898,P3O-dyn+AdaReset+HardDistill,Hopper-v4,2
294348,reward,6449,59.662652401748176,91.837,P3O-dyn+AdaReset+HardDistill,Hopper-v4,2
294400,reward,6450,78.95522344382064,89.993,P3O-dyn+AdaReset+HardDistill,Hopper-v4,2
294432,reward,6451,53.59768402005475,85.388,P3O-dyn+AdaReset+HardDistill,Hopper-v4,2
294479,reward,6452,78.7481953640431,86.134,P3O-dyn+AdaReset+HardDistill,Hopper-v4,2
294538,reward,6453,99.07391373670202,89.064,P3O-dyn+AdaReset+HardDistill,Hopper-v4,2
294587,reward,6454,82.21190694497501,87.864,P3O-dyn+AdaReset+HardDistill,Hopper-v4,2
294620,reward,6455,54.01764976555899,75.261,P3O-dyn+AdaReset+HardDistill,Hopper-v4,2
294658,reward,6456,62.904976458615856,76.335,P3O-dyn+AdaReset+HardDistill,Hopper-v4,2
294805,reward,6457,262.19513972060196,95.321,P3O-dyn+AdaReset+HardDistill,Hopper-v4,2
294843,reward,6458,60.282694092848025,89.165,P3O-dyn+AdaReset+HardDistill,Hopper-v4,2
294874,reward,6459,39.12844055424569,87.112,P3O-dyn+AdaReset+HardDistill,Hopper-v4,2
294912,loss,-0.020496416836977005,15.442827224731445,P3O-dyn+AdaReset+HardDistill,Hopper-v4,2
294930,reward,6460,91.14026106244323,88.33,P3O-dyn+AdaReset+HardDistill,Hopper-v4,2
294996,reward,6461,105.19655720539309,93.49,P3O-dyn+AdaReset+HardDistill,Hopper-v4,2
295063,reward,6462,99.36430333840032,95.552,P3O-dyn+AdaReset+HardDistill,Hopper-v4,2
295128,reward,6463,101.61061934667252,95.805,P3O-dyn+AdaReset+HardDistill,Hopper-v4,2
295161,reward,6464,54.01781655883986,92.986,P3O-dyn+AdaReset+HardDistill,Hopper-v4,2
295215,reward,6465,82.84573134184137,95.869,P3O-dyn+AdaReset+HardDistill,Hopper-v4,2
295333,reward,6466,190.4332209939812,108.621,P3O-dyn+AdaReset+HardDistill,Hopper-v4,2
295390,reward,6467,98.209060744982,92.223,P3O-dyn+AdaReset+HardDistill,Hopper-v4,2
295437,reward,6468,82.51511443137635,94.446,P3O-dyn+AdaReset+HardDistill,Hopper-v4,2
295474,reward,6469,57.95495213025439,96.329,P3O-dyn+AdaReset+HardDistill,Hopper-v4,2
295535,reward,6470,78.90945767367084,95.106,P3O-dyn+AdaReset+HardDistill,Hopper-v4,2
295623,reward,6471,137.4507558186865,98.331,P3O-dyn+AdaReset+HardDistill,Hopper-v4,2
295694,reward,6472,110.49427866067363,99.444,P3O-dyn+AdaReset+HardDistill,Hopper-v4,2
295731,reward,6473,60.16627799495679,95.3,P3O-dyn+AdaReset+HardDistill,Hopper-v4,2
295787,reward,6474,89.49773393906077,98.848,P3O-dyn+AdaReset+HardDistill,Hopper-v4,2
295849,reward,6475,99.66999978382393,100.53,P3O-dyn+AdaReset+HardDistill,Hopper-v4,2
295875,reward,6476,43.116200274405756,85.798,P3O-dyn+AdaReset+HardDistill,Hopper-v4,2
295919,reward,6477,69.30528560845286,82.908,P3O-dyn+AdaReset+HardDistill,Hopper-v4,2
296009,reward,6478,139.52836435115577,88.609,P3O-dyn+AdaReset+HardDistill,Hopper-v4,2
296071,reward,6479,88.58152987751389,91.672,P3O-dyn+AdaReset+HardDistill,Hopper-v4,2
296143,reward,6480,103.80446919088682,94.161,P3O-dyn+AdaReset+HardDistill,Hopper-v4,2
296200,reward,6481,85.39823634344663,88.956,P3O-dyn+AdaReset+HardDistill,Hopper-v4,2
296257,reward,6482,88.9273175113294,86.8,P3O-dyn+AdaReset+HardDistill,Hopper-v4,2
296306,reward,6483,78.58796804321258,88.642,P3O-dyn+AdaReset+HardDistill,Hopper-v4,2
296367,reward,6484,101.71926908266738,89.864,P3O-dyn+AdaReset+HardDistill,Hopper-v4,2
296464,reward,6485,148.4974926781505,94.747,P3O-dyn+AdaReset+HardDistill,Hopper-v4,2
296514,reward,6486,79.69906930029029,98.405,P3O-dyn+AdaReset+HardDistill,Hopper-v4,2
296573,reward,6487,97.17041169372413,101.191,P3O-dyn+AdaReset+HardDistill,Hopper-v4,2
296631,reward,6488,87.63764451947019,96.002,P3O-dyn+AdaReset+HardDistill,Hopper-v4,2
296692,reward,6489,94.24271019774754,96.568,P3O-dyn+AdaReset+HardDistill,Hopper-v4,2
296749,reward,6490,89.33408290632296,95.121,P3O-dyn+AdaReset+HardDistill,Hopper-v4,2
296816,reward,6491,108.11010358090485,97.393,P3O-dyn+AdaReset+HardDistill,Hopper-v4,2
296865,reward,6492,77.63858501276113,96.264,P3O-dyn+AdaReset+HardDistill,Hopper-v4,2
296941,reward,6493,120.53817547769195,100.459,P3O-dyn+AdaReset+HardDistill,Hopper-v4,2
296972,reward,6494,50.739449904749456,95.361,P3O-dyn+AdaReset+HardDistill,Hopper-v4,2
297020,reward,6495,79.85773174091092,88.497,P3O-dyn+AdaReset+HardDistill,Hopper-v4,2
297091,reward,6496,102.70120713021534,90.797,P3O-dyn+AdaReset+HardDistill,Hopper-v4,2
297165,reward,6497,119.0762358589247,92.988,P3O-dyn+AdaReset+HardDistill,Hopper-v4,2
297242,reward,6498,110.59049760515701,95.283,P3O-dyn+AdaReset+HardDistill,Hopper-v4,2
297308,reward,6499,89.93668478568792,94.852,P3O-dyn+AdaReset+HardDistill,Hopper-v4,2
297430,reward,6500,215.35946848821965,107.455,P3O-dyn+AdaReset+HardDistill,Hopper-v4,2
297543,reward,6501,169.0341371630826,113.547,P3O-dyn+AdaReset+HardDistill,Hopper-v4,2
297586,reward,6502,57.913882936061775,111.575,P3O-dyn+AdaReset+HardDistill,Hopper-v4,2
297618,reward,6503,53.43322836904303,104.864,P3O-dyn+AdaReset+HardDistill,Hopper-v4,2
297679,reward,6504,94.09538467469449,109.2,P3O-dyn+AdaReset+HardDistill,Hopper-v4,2
297745,reward,6505,107.65469298768497,111.98,P3O-dyn+AdaReset+HardDistill,Hopper-v4,2
297811,reward,6506,109.03170610228466,112.613,P3O-dyn+AdaReset+HardDistill,Hopper-v4,2
297849,reward,6507,62.00120373260759,106.905,P3O-dyn+AdaReset+HardDistill,Hopper-v4,2
297997,reward,6508,209.9215877219063,116.838,P3O-dyn+AdaReset+HardDistill,Hopper-v4,2
298090,reward,6509,140.09001042302117,121.854,P3O-dyn+AdaReset+HardDistill,Hopper-v4,2
298122,reward,6510,52.476630624517355,105.565,P3O-dyn+AdaReset+HardDistill,Hopper-v4,2
298169,reward,6511,78.8070283615655,96.543,P3O-dyn+AdaReset+HardDistill,Hopper-v4,2
298226,reward,6512,91.4149474405541,99.893,P3O-dyn+AdaReset+HardDistill,Hopper-v4,2
298296,reward,6513,105.26017738156126,105.075,P3O-dyn+AdaReset+HardDistill,Hopper-v4,2
298361,reward,6514,102.15313528418879,105.881,P3O-dyn+AdaReset+HardDistill,Hopper-v4,2
298421,reward,6515,96.61201626505432,104.777,P3O-dyn+AdaReset+HardDistill,Hopper-v4,2
298474,reward,6516,92.76493954443785,103.15,P3O-dyn+AdaReset+HardDistill,Hopper-v4,2
298528,reward,6517,90.85808355074047,106.036,P3O-dyn+AdaReset+HardDistill,Hopper-v4,2
298595,reward,6518,99.88493365542998,95.032,P3O-dyn+AdaReset+HardDistill,Hopper-v4,2
298639,reward,6519,68.22766817666225,87.846,P3O-dyn+AdaReset+HardDistill,Hopper-v4,2
298728,reward,6520,139.9230009327707,96.591,P3O-dyn+AdaReset+HardDistill,Hopper-v4,2
298788,reward,6521,71.44784512789181,95.855,P3O-dyn+AdaReset+HardDistill,Hopper-v4,2
298823,reward,6522,57.25228207000193,92.438,P3O-dyn+AdaReset+HardDistill,Hopper-v4,2
298881,reward,6523,99.62243792806548,91.875,P3O-dyn+AdaReset+HardDistill,Hopper-v4,2
298935,reward,6524,84.32378688905821,90.092,P3O-dyn+AdaReset+HardDistill,Hopper-v4,2
298976,reward,6525,68.489737468153,87.279,P3O-dyn+AdaReset+HardDistill,Hopper-v4,2
299081,reward,6526,162.64053348824152,94.267,P3O-dyn+AdaReset+HardDistill,Hopper-v4,2
299128,reward,6527,73.1426602701027,92.495,P3O-dyn+AdaReset+HardDistill,Hopper-v4,2
299187,reward,6528,85.97383416562988,91.104,P3O-dyn+AdaReset+HardDistill,Hopper-v4,2
299254,reward,6529,106.9335336632468,94.975,P3O-dyn+AdaReset+HardDistill,Hopper-v4,2
299309,reward,6530,99.52697984976858,90.935,P3O-dyn+AdaReset+HardDistill,Hopper-v4,2
299362,reward,6531,83.89942916517543,92.181,P3O-dyn+AdaReset+HardDistill,Hopper-v4,2
299392,reward,6532,49.264628544472494,91.382,P3O-dyn+AdaReset+HardDistill,Hopper-v4,2
299430,reward,6533,58.00944798038051,87.22,P3O-dyn+AdaReset+HardDistill,Hopper-v4,2
299476,reward,6534,75.11809632524765,86.3,P3O-dyn+AdaReset+HardDistill,Hopper-v4,2
299561,reward,6535,149.0234128525278,94.353,P3O-dyn+AdaReset+HardDistill,Hopper-v4,2
299677,reward,6536,182.43924754674825,96.333,P3O-dyn+AdaReset+HardDistill,Hopper-v4,2
299708,reward,6537,49.92270475632596,94.011,P3O-dyn+AdaReset+HardDistill,Hopper-v4,2
299782,reward,6538,107.98983236734995,96.213,P3O-dyn+AdaReset+HardDistill,Hopper-v4,2
299836,reward,6539,80.51257925272355,93.571,P3O-dyn+AdaReset+HardDistill,Hopper-v4,2
299883,reward,6540,79.56295152618141,91.574,P3O-dyn+AdaReset+HardDistill,Hopper-v4,2
299937,reward,6541,92.53349414065936,92.438,P3O-dyn+AdaReset+HardDistill,Hopper-v4,2
300000,speed,2044.65,2.47,P3O-dyn+AdaReset+HardDistill,Hopper-v4,2
300000,sbp,0.4,0.324,0.2464,P3O-dyn+AdaReset+HardDistill,Hopper-v4,2,0.01671,1,1.804658,1.016153,0.015502,0.013144,4.245264,4.250643,0.775971,0.179329,0.001267,0.83899,1.544939,0.002454,0.00172,1,periodic,0.002387,0.025,0.246413,0.0,0.246413,0.002387,0.002387,0.002387,0.010654,0.01066,0.010657,0,0.0,0.0,0.0
300017,reward,6542,119.53124187675532,99.464,P3O-dyn+AdaReset+HardDistill,Hopper-v4,2
300075,reward,6543,97.00588423198056,103.364,P3O-dyn+AdaReset+HardDistill,Hopper-v4,2
300142,reward,6544,100.7280302022911,105.925,P3O-dyn+AdaReset+HardDistill,Hopper-v4,2
300211,reward,6545,116.08511608692969,102.631,P3O-dyn+AdaReset+HardDistill,Hopper-v4,2
300256,reward,6546,74.56412102169269,91.844,P3O-dyn+AdaReset+HardDistill,Hopper-v4,2
300351,reward,6547,174.61369936952977,104.313,P3O-dyn+AdaReset+HardDistill,Hopper-v4,2
300396,reward,6548,65.89559287535339,100.103,P3O-dyn+AdaReset+HardDistill,Hopper-v4,2
300434,reward,6549,60.76037541337168,98.128,P3O-dyn+AdaReset+HardDistill,Hopper-v4,2
300550,reward,6550,186.95837045293837,108.868,P3O-dyn+AdaReset+HardDistill,Hopper-v4,2
300640,reward,6551,145.24386068795565,114.139,P3O-dyn+AdaReset+HardDistill,Hopper-v4,2
300726,reward,6552,132.6852430630051,115.454,P3O-dyn+AdaReset+HardDistill,Hopper-v4,2
300807,reward,6553,117.20453527890562,117.474,P3O-dyn+AdaReset+HardDistill,Hopper-v4,2
300860,reward,6554,86.97511341883934,116.099,P3O-dyn+AdaReset+HardDistill,Hopper-v4,2
300929,reward,6555,98.80595096504211,114.371,P3O-dyn+AdaReset+HardDistill,Hopper-v4,2
301000,reward,6556,118.44695210948588,118.759,P3O-dyn+AdaReset+HardDistill,Hopper-v4,2
301067,reward,6557,97.8002512547217,111.078,P3O-dyn+AdaReset+HardDistill,Hopper-v4,2
301228,reward,6558,231.99476733927295,127.688,P3O-dyn+AdaReset+HardDistill,Hopper-v4,2
301334,reward,6559,141.2976078712179,135.741,P3O-dyn+AdaReset+HardDistill,Hopper-v4,2
301402,reward,6560,98.55406766900843,126.901,P3O-dyn+AdaReset+HardDistill,Hopper-v4,2
301533,reward,6561,195.75900435346531,131.952,P3O-dyn+AdaReset+HardDistill,Hopper-v4,2
301579,reward,6562,68.63705475224326,125.548,P3O-dyn+AdaReset+HardDistill,Hopper-v4,2
301650,reward,6563,101.777213662496,124.005,P3O-dyn+AdaReset+HardDistill,Hopper-v4,2
301729,reward,6564,112.88318239558508,126.596,P3O-dyn+AdaReset+HardDistill,Hopper-v4,2
301882,reward,6565,249.66148141014133,141.681,P3O-dyn+AdaReset+HardDistill,Hopper-v4,2
301919,reward,6566,54.77973308215844,135.314,P3O-dyn+AdaReset+HardDistill,Hopper-v4,2
302001,reward,6567,115.90388738344741,137.125,P3O-dyn+AdaReset+HardDistill,Hopper-v4,2
302157,reward,6568,301.94655091300945,144.12,P3O-dyn+AdaReset+HardDistill,Hopper-v4,2
302196,reward,6569,64.8386660328628,136.474,P3O-dyn+AdaReset+HardDistill,Hopper-v4,2
302286,reward,6570,128.32732228472747,139.451,P3O-dyn+AdaReset+HardDistill,Hopper-v4,2
302347,reward,6571,97.2782444863165,129.603,P3O-dyn+AdaReset+HardDistill,Hopper-v4,2
302476,reward,6572,190.01202480220752,141.741,P3O-dyn+AdaReset+HardDistill,Hopper-v4,2
302627,reward,6573,266.4217298984276,158.205,P3O-dyn+AdaReset+HardDistill,Hopper-v4,2
302665,reward,6574,61.05943168695895,153.023,P3O-dyn+AdaReset+HardDistill,Hopper-v4,2
302745,reward,6575,126.45484526483212,140.702,P3O-dyn+AdaReset+HardDistill,Hopper-v4,2
302826,reward,6576,118.00355805139242,147.025,P3O-dyn+AdaReset+HardDistill,Hopper-v4,2
302950,reward,6577,163.74841477833547,151.809,P3O-dyn+AdaReset+HardDistill,Hopper-v4,2
303097,reward,6578,254.13665539614982,147.028,P3O-dyn+AdaReset+HardDistill,Hopper-v4,2
303104,loss,-0.011382301338016987,3.499830484390259,P3O-dyn+AdaReset+HardDistill,Hopper-v4,2
303130,reward,6579,54.26059270974519,145.97,P3O-dyn+AdaReset+HardDistill,Hopper-v4,2
303191,reward,6580,78.18397916682498,140.956,P3O-dyn+AdaReset+HardDistill,Hopper-v4,2
303255,reward,6581,95.58558548719715,140.787,P3O-dyn+AdaReset+HardDistill,Hopper-v4,2
303296,reward,6582,62.79365878690166,128.065,P3O-dyn+AdaReset+HardDistill,Hopper-v4,2
303358,reward,6583,106.07734220521164,112.03,P3O-dyn+AdaReset+HardDistill,Hopper-v4,2
303466,reward,6584,188.93539925547645,124.818,P3O-dyn+AdaReset+HardDistill,Hopper-v4,2
303511,reward,6585,70.92264433379995,119.265,P3O-dyn+AdaReset+HardDistill,Hopper-v4,2
303566,reward,6586,80.98047541651528,115.562,P3O-dyn+AdaReset+HardDistill,Hopper-v4,2
303611,reward,6587,57.17428481183205,104.905,P3O-dyn+AdaReset+HardDistill,Hopper-v4,2
303680,reward,6588,92.44753893473585,88.736,P3O-dyn+AdaReset+HardDistill,Hopper-v4,2
303706,reward,6589,42.45363701946774,87.555,P3O-dyn+AdaReset+HardDistill,Hopper-v4,2
303868,reward,6590,249.29921648276047,104.667,P3O-dyn+AdaReset+HardDistill,Hopper-v4,2
303952,reward,6591,134.0775623592419,108.516,P3O-dyn+AdaReset+HardDistill,Hopper-v4,2
303997,reward,6592,69.15730284933937,109.153,P3O-dyn+AdaReset+HardDistill,Hopper-v4,2
304065,reward,6593,107.58655072807909,109.303,P3O-dyn+AdaReset+HardDistill,Hopper-v4,2
304227,reward,6594,255.39420973247192,115.949,P3O-dyn+AdaReset+HardDistill,Hopper-v4,2
304316,reward,6595,127.13203522656404,121.57,P3O-dyn+AdaReset+HardDistill,Hopper-v4,2
304416,reward,6596,171.9679436573039,130.669,P3O-dyn+AdaReset+HardDistill,Hopper-v4,2
304485,reward,6597,104.87130917034008,135.439,P3O-dyn+AdaReset+HardDistill,Hopper-v4,2
304535,reward,6598,70.69320377807547,133.263,P3O-dyn+AdaReset+HardDistill,Hopper-v4,2
304571,reward,6599,59.72477281777139,134.99,P3O-dyn+AdaReset+HardDistill,Hopper-v4,2
304630,reward,6600,85.24191635109815,118.585,P3O-dyn+AdaReset+HardDistill,Hopper-v4,2
304663,reward,6601,50.88647532571808,110.266,P3O-dyn+AdaReset+HardDistill,Hopper-v4,2
304690,reward,6602,44.90193704108758,107.84,P3O-dyn+AdaReset+HardDistill,Hopper-v4,2
304781,reward,6603,126.72103653786588,109.753,P3O-dyn+AdaReset+HardDistill,Hopper-v4,2
304839,reward,6604,93.62303078208578,93.576,P3O-dyn+AdaReset+HardDistill,Hopper-v4,2
304921,reward,6605,116.01045369963103,92.464,P3O-dyn+AdaReset+HardDistill,Hopper-v4,2
304984,reward,6606,95.38007202884025,84.805,P3O-dyn+AdaReset+HardDistill,Hopper-v4,2
305065,reward,6607,121.2879460621873,86.447,P3O-dyn+AdaReset+HardDistill,Hopper-v4,2
305148,reward,6608,117.0345524031585,91.081,P3O-dyn+AdaReset+HardDistill,Hopper-v4,2
305213,reward,6609,104.7366586125474,95.582,P3O-dyn+AdaReset+HardDistill,Hopper-v4,2
305254,reward,6610,60.246865372243064,93.083,P3O-dyn+AdaReset+HardDistill,Hopper-v4,2
305319,reward,6611,97.53659072783782,97.748,P3O-dyn+AdaReset+HardDistill,Hopper-v4,2
305457,reward,6612,246.5941778564577,117.917,P3O-dyn+AdaReset+HardDistill,Hopper-v4,2
305496,reward,6613,62.9144448065315,111.536,P3O-dyn+AdaReset+HardDistill,Hopper-v4,2
305531,reward,6614,47.77930699671531,106.952,P3O-dyn+AdaReset+HardDistill,Hopper-v4,2
305591,reward,6615,85.88516194672754,103.94,P3O-dyn+AdaReset+HardDistill,Hopper-v4,2
305635,reward,6616,74.02188512928237,101.804,P3O-dyn+AdaReset+HardDistill,Hopper-v4,2
305676,reward,6617,63.72116111541645,96.047,P3O-dyn+AdaReset+HardDistill,Hopper-v4,2
305732,reward,6618,89.82471108631968,93.326,P3O-dyn+AdaReset+HardDistill,Hopper-v4,2
305822,reward,6619,122.23267028040284,95.076,P3O-dyn+AdaReset+HardDistill,Hopper-v4,2
305856,reward,6620,58.45726176383603,94.897,P3O-dyn+AdaReset+HardDistill,Hopper-v4,2
305948,reward,6621,146.53973597394625,99.797,P3O-dyn+AdaReset+HardDistill,Hopper-v4,2
305992,reward,6622,52.425605170243855,80.38,P3O-dyn+AdaReset+HardDistill,Hopper-v4,2
306033,reward,6623,66.59610829017444,80.748,P3O-dyn+AdaReset+HardDistill,Hopper-v4,2
306153,reward,6624,196.73277224090617,95.644,P3O-dyn+AdaReset+HardDistill,Hopper-v4,2
306213,reward,6625,98.2008876637295,96.875,P3O-dyn+AdaReset+HardDistill,Hopper-v4,2
306316,reward,6626,153.32533548854167,104.806,P3O-dyn+AdaReset+HardDistill,Hopper-v4,2
306361,reward,6627,58.72717369285226,104.306,P3O-dyn+AdaReset+HardDistill,Hopper-v4,2
306430,reward,6628,103.35397194829318,105.659,P3O-dyn+AdaReset+HardDistill,Hopper-v4,2
306499,reward,6629,111.12383264766925,104.548,P3O-dyn+AdaReset+HardDistill,Hopper-v4,2
306554,reward,6630,91.85420068942774,107.888,P3O-dyn+AdaReset+HardDistill,Hopper-v4,2
306590,reward,6631,59.49093678491916,99.183,P3O-dyn+AdaReset+HardDistill,Hopper-v4,2
306651,reward,6632,88.58788005638388,102.799,P3O-dyn+AdaReset+HardDistill,Hopper-v4,2
306793,reward,6633,258.12744503911347,121.952,P3O-dyn+AdaReset+HardDistill,Hopper-v4,2
306840,reward,6634,66.21844142711664,108.901,P3O-dyn+AdaReset+HardDistill,Hopper-v4,2
306868,reward,6635,48.067162082748006,103.888,P3O-dyn+AdaReset+HardDistill,Hopper-v4,2
306899,reward,6636,41.664590939616424,92.722,P3O-dyn+AdaReset+HardDistill,Hopper-v4,2
306936,reward,6637,61.96178690458194,93.045,P3O-dyn+AdaReset+HardDistill,Hopper-v4,2
307089,reward,6638,252.8136960773387,107.991,P3O-dyn+AdaReset+HardDistill,Hopper-v4,2
307154,reward,6639,104.97364715827521,107.376,P3O-dyn+AdaReset+HardDistill,Hopper-v4,2
307192,reward,6640,61.83976720532961,104.375,P3O-dyn+AdaReset+HardDistill,Hopper-v4,2
307221,reward,6641,48.23940039950876,103.249,P3O-dyn+AdaReset+HardDistill,Hopper-v4,2
307260,reward,6642,63.66682792978382,100.757,P3O-dyn+AdaReset+HardDistill,Hopper-v4,2
307340,reward,6643,113.56135411981107,86.301,P3O-dyn+AdaReset+HardDistill,Hopper-v4,2
307395,reward,6644,81.86994227636129,87.866,P3O-dyn+AdaReset+HardDistill,Hopper-v4,2
307455,reward,6645,96.40556503173875,92.7,P3O-dyn+AdaReset+HardDistill,Hopper-v4,2
307495,reward,6646,57.45024969931235,94.278,P3O-dyn+AdaReset+HardDistill,Hopper-v4,2
307556,reward,6647,98.50288450795802,97.932,P3O-dyn+AdaReset+HardDistill,Hopper-v4,2
307638,reward,6648,108.7407323686264,83.525,P3O-dyn+AdaReset+HardDistill,Hopper-v4,2
307707,reward,6649,100.04140138638799,83.032,P3O-dyn+AdaReset+HardDistill,Hopper-v4,2
307738,reward,6650,50.66802805255118,81.915,P3O-dyn+AdaReset+HardDistill,Hopper-v4,2
307774,reward,6651,59.340961181480004,83.025,P3O-dyn+AdaReset+HardDistill,Hopper-v4,2
307836,reward,6652,84.76602280776187,85.135,P3O-dyn+AdaReset+HardDistill,Hopper-v4,2
307869,reward,6653,53.69073437786753,79.148,P3O-dyn+AdaReset+HardDistill,Hopper-v4,2
307901,reward,6654,51.5170956459343,76.112,P3O-dyn+AdaReset+HardDistill,Hopper-v4,2
307942,reward,6655,66.62681085700578,73.134,P3O-dyn+AdaReset+HardDistill,Hopper-v4,2
308015,reward,6656,102.35164034933725,77.625,P3O-dyn+AdaReset+HardDistill,Hopper-v4,2
308104,reward,6657,120.01491585107786,79.776,P3O-dyn+AdaReset+HardDistill,Hopper-v4,2
308149,reward,6658,66.0684406417907,75.509,P3O-dyn+AdaReset+HardDistill,Hopper-v4,2
308206,reward,6659,82.51157939988292,73.756,P3O-dyn+AdaReset+HardDistill,Hopper-v4,2
308288,reward,6660,133.44310117032728,82.033,P3O-dyn+AdaReset+HardDistill,Hopper-v4,2
308352,reward,6661,102.16792736304023,86.316,P3O-dyn+AdaReset+HardDistill,Hopper-v4,2
308450,reward,6662,129.93163828436985,90.832,P3O-dyn+AdaReset+HardDistill,Hopper-v4,2
308490,reward,6663,53.600668091027444,90.823,P3O-dyn+AdaReset+HardDistill,Hopper-v4,2
308538,reward,6664,59.17123975608847,91.589,P3O-dyn+AdaReset+HardDistill,Hopper-v4,2
308567,reward,6665,47.68860505595521,89.695,P3O-dyn+AdaReset+HardDistill,Hopper-v4,2
308726,reward,6666,216.45686833872568,101.105,P3O-dyn+AdaReset+HardDistill,Hopper-v4,2
308777,reward,6667,82.32962362706604,97.337,P3O-dyn+AdaReset+HardDistill,Hopper-v4,2
308810,reward,6668,53.53990310272173,96.084,P3O-dyn+AdaReset+HardDistill,Hopper-v4,2
308843,reward,6669,53.95498973068573,93.228,P3O-dyn+AdaReset+HardDistill,Hopper-v4,2
308883,reward,6670,60.806124441779396,85.965,P3O-dyn+AdaReset+HardDistill,Hopper-v4,2
308981,reward,6671,163.19038120666175,92.067,P3O-dyn+AdaReset+HardDistill,Hopper-v4,2
309043,reward,6672,86.84835573325671,87.759,P3O-dyn+AdaReset+HardDistill,Hopper-v4,2
309102,reward,6673,76.7969857046806,90.078,P3O-dyn+AdaReset+HardDistill,Hopper-v4,2
309142,reward,6674,63.97066441207231,90.558,P3O-dyn+AdaReset+HardDistill,Hopper-v4,2
309180,reward,6675,62.756685712390805,92.065,P3O-dyn+AdaReset+HardDistill,Hopper-v4,2
309255,reward,6676,117.29240592706404,82.149,P3O-dyn+AdaReset+HardDistill,Hopper-v4,2
309298,reward,6677,70.06117085131768,80.922,P3O-dyn+AdaReset+HardDistill,Hopper-v4,2
309329,reward,6678,51.73752361601736,80.742,P3O-dyn+AdaReset+HardDistill,Hopper-v4,2
309414,reward,6679,117.11814120953291,87.058,P3O-dyn+AdaReset+HardDistill,Hopper-v4,2
309493,reward,6680,135.30199144996,94.507,P3O-dyn+AdaReset+HardDistill,Hopper-v4,2
309553,reward,6681,97.12438420040696,87.901,P3O-dyn+AdaReset+HardDistill,Hopper-v4,2
309601,reward,6682,84.72895355152068,87.689,P3O-dyn+AdaReset+HardDistill,Hopper-v4,2
309649,reward,6683,80.92395598846869,88.102,P3O-dyn+AdaReset+HardDistill,Hopper-v4,2
309732,reward,6684,116.84020344843778,93.389,P3O-dyn+AdaReset+HardDistill,Hopper-v4,2
309787,reward,6685,87.47353772481317,95.86,P3O-dyn+AdaReset+HardDistill,Hopper-v4,2
309862,reward,6686,113.62699122973318,95.494,P3O-dyn+AdaReset+HardDistill,Hopper-v4,2
309939,reward,6687,112.93519581548722,99.781,P3O-dyn+AdaReset+HardDistill,Hopper-v4,2
309993,reward,6688,81.87040572577655,102.794,P3O-dyn+AdaReset+HardDistill,Hopper-v4,2
310000,speed,2067.09,2.55,P3O-dyn+AdaReset+HardDistill,Hopper-v4,2
310046,reward,6689,79.63310515423812,99.046,P3O-dyn+AdaReset+HardDistill,Hopper-v4,2
310085,reward,6690,59.21996904350101,91.438,P3O-dyn+AdaReset+HardDistill,Hopper-v4,2
310137,reward,6691,72.49352118685009,88.975,P3O-dyn+AdaReset+HardDistill,Hopper-v4,2
310193,reward,6692,93.03643736491631,89.805,P3O-dyn+AdaReset+HardDistill,Hopper-v4,2
310234,reward,6693,56.984208484071374,87.411,P3O-dyn+AdaReset+HardDistill,Hopper-v4,2
310271,reward,6694,60.05925132209745,81.733,P3O-dyn+AdaReset+HardDistill,Hopper-v4,2
310353,reward,6695,125.75959210278012,85.562,P3O-dyn+AdaReset+HardDistill,Hopper-v4,2
310419,reward,6696,106.09357860233825,84.809,P3O-dyn+AdaReset+HardDistill,Hopper-v4,2
310475,reward,6697,92.58402330644671,82.773,P3O-dyn+AdaReset+HardDistill,Hopper-v4,2
310566,reward,6698,133.0540953183798,87.892,P3O-dyn+AdaReset+HardDistill,Hopper-v4,2
310599,reward,6699,54.169557319599264,85.345,P3O-dyn+AdaReset+HardDistill,Hopper-v4,2
310655,reward,6700,76.94025476594344,87.117,P3O-dyn+AdaReset+HardDistill,Hopper-v4,2
310690,reward,6701,56.84536395220048,85.553,P3O-dyn+AdaReset+HardDistill,Hopper-v4,2
310770,reward,6702,124.89180692045295,88.738,P3O-dyn+AdaReset+HardDistill,Hopper-v4,2
310840,reward,6703,106.26908705522136,93.667,P3O-dyn+AdaReset+HardDistill,Hopper-v4,2
310873,reward,6704,53.503351794369806,93.011,P3O-dyn+AdaReset+HardDistill,Hopper-v4,2
310941,reward,6705,97.29520914561701,90.165,P3O-dyn+AdaReset+HardDistill,Hopper-v4,2
311011,reward,6706,96.83763197530746,89.239,P3O-dyn+AdaReset+HardDistill,Hopper-v4,2
311076,reward,6707,87.36377468400977,88.717,P3O-dyn+AdaReset+HardDistill,Hopper-v4,2
311136,reward,6708,86.35949542360584,84.048,P3O-dyn+AdaReset+HardDistill,Hopper-v4,2
311225,reward,6709,117.88908470941827,90.42,P3O-dyn+AdaReset+HardDistill,Hopper-v4,2
311270,reward,6710,65.7872158863005,89.304,P3O-dyn+AdaReset+HardDistill,Hopper-v4,2
311296,loss,-0.021037671715021133,33.71521759033203,P3O-dyn+AdaReset+HardDistill,Hopper-v4,2
311312,reward,6711,63.47228228984592,89.967,P3O-dyn+AdaReset+HardDistill,Hopper-v4,2
311372,reward,6712,85.09239713286061,85.987,P3O-dyn+AdaReset+HardDistill,Hopper-v4,2
311445,reward,6713,111.38444452649378,86.498,P3O-dyn+AdaReset+HardDistill,Hopper-v4,2
311476,reward,6714,50.99462272445365,86.248,P3O-dyn+AdaReset+HardDistill,Hopper-v4,2
311577,reward,6715,126.94313812186823,89.212,P3O-dyn+AdaReset+HardDistill,Hopper-v4,2
311662,reward,6716,133.54990863137593,92.884,P3O-dyn+AdaReset+HardDistill,Hopper-v4,2
311702,reward,6717,62.15174419610881,90.362,P3O-dyn+AdaReset+HardDistill,Hopper-v4,2
311775,reward,6718,99.01586594600214,91.628,P3O-dyn+AdaReset+HardDistill,Hopper-v4,2
311841,reward,6719,90.88951842904062,88.928,P3O-dyn+AdaReset+HardDistill,Hopper-v4,2
311907,reward,6720,95.95936506834299,91.945,P3O-dyn+AdaReset+HardDistill,Hopper-v4,2
311955,reward,6721,64.64145080181993,92.062,P3O-dyn+AdaReset+HardDistill,Hopper-v4,2
312032,reward,6722,111.30626054996242,94.684,P3O-dyn+AdaReset+HardDistill,Hopper-v4,2
312096,reward,6723,80.37124806990855,91.582,P3O-dyn+AdaReset+HardDistill,Hopper-v4,2
312132,reward,6724,59.347748308360714,92.418,P3O-dyn+AdaReset+HardDistill,Hopper-v4,2
312177,reward,6725,67.26033607270841,86.449,P3O-dyn+AdaReset+HardDistill,Hopper-v4,2
312231,reward,6726,76.35626877341721,80.73,P3O-dyn+AdaReset+HardDistill,Hopper-v4,2
312286,reward,6727,87.3387945012386,83.249,P3O-dyn+AdaReset+HardDistill,Hopper-v4,2
312326,reward,6728,52.822289149744094,78.629,P3O-dyn+AdaReset+HardDistill,Hopper-v4,2
312412,reward,6729,105.81452154704819,80.122,P3O-dyn+AdaReset+HardDistill,Hopper-v4,2
312463,reward,6730,80.49487120293973,78.575,P3O-dyn+AdaReset+HardDistill,Hopper-v4,2
312509,reward,6731,61.35636076296606,78.247,P3O-dyn+AdaReset+HardDistill,Hopper-v4,2
312550,reward,6732,57.62559884007025,72.879,P3O-dyn+AdaReset+HardDistill,Hopper-v4,2
312590,reward,6733,60.415161416619696,70.883,P3O-dyn+AdaReset+HardDistill,Hopper-v4,2
312629,reward,6734,63.56389020684024,71.305,P3O-dyn+AdaReset+HardDistill,Hopper-v4,2
312675,reward,6735,66.77177956762732,71.256,P3O-dyn+AdaReset+HardDistill,Hopper-v4,2
312730,reward,6736,75.22146507510061,71.142,P3O-dyn+AdaReset+HardDistill,Hopper-v4,2
312841,reward,6737,169.65310310135416,79.374,P3O-dyn+AdaReset+HardDistill,Hopper-v4,2
312881,reward,6738,68.26064579949536,80.918,P3O-dyn+AdaReset+HardDistill,Hopper-v4,2
312912,reward,6739,51.19742153872717,75.456,P3O-dyn+AdaReset+HardDistill,Hopper-v4,2
312948,reward,6740,56.1637662398677,73.023,P3O-dyn+AdaReset+HardDistill,Hopper-v4,2
312994,reward,6741,66.31025946413726,73.518,P3O-dyn+AdaReset+HardDistill,Hopper-v4,2
313023,reward,6742,48.62426218138281,72.618,P3O-dyn+AdaReset+HardDistill,Hopper-v4,2
313086,reward,6743,96.36818603020927,76.213,P3O-dyn+AdaReset+HardDistill,Hopper-v4,2
313122,reward,6744,53.95818103677228,75.253,P3O-dyn+AdaReset+HardDistill,Hopper-v4,2
313183,reward,6745,102.13321225358312,78.789,P3O-dyn+AdaReset+HardDistill,Hopper-v4,2
313228,reward,6746,74.79118530208784,78.746,P3O-dyn+AdaReset+HardDistill,Hopper-v4,2
313339,reward,6747,150.12960707333394,76.794,P3O-dyn+AdaReset+HardDistill,Hopper-v4,2
313400,reward,6748,87.79295677299655,78.747,P3O-dyn+AdaReset+HardDistill,Hopper-v4,2
313462,reward,6749,94.7008023008344,83.097,P3O-dyn+AdaReset+HardDistill,Hopper-v4,2
313485,reward,6750,20.9313348420091,79.574,P3O-dyn+AdaReset+HardDistill,Hopper-v4,2
313525,reward,6751,60.36859874936143,78.98,P3O-dyn+AdaReset+HardDistill,Hopper-v4,2
313584,reward,6752,82.7127897183435,82.389,P3O-dyn+AdaReset+HardDistill,Hopper-v4,2
313713,reward,6753,180.77240508731674,90.829,P3O-dyn+AdaReset+HardDistill,Hopper-v4,2
313779,reward,6754,90.1610993818119,94.449,P3O-dyn+AdaReset+HardDistill,Hopper-v4,2
313881,reward,6755,149.27642206411608,99.164,P3O-dyn+AdaReset+HardDistill,Hopper-v4,2
313926,reward,6756,60.61758808022409,97.746,P3O-dyn+AdaReset+HardDistill,Hopper-v4,2
313965,reward,6757,59.907568599119294,88.724,P3O-dyn+AdaReset+HardDistill,Hopper-v4,2
314008,reward,6758,58.153457312103804,85.76,P3O-dyn+AdaReset+HardDistill,Hopper-v4,2
314041,reward,6759,53.88874105566602,81.679,P3O-dyn+AdaReset+HardDistill,Hopper-v4,2
314085,reward,6760,66.30216517452908,86.216,P3O-dyn+AdaReset+HardDistill,Hopper-v4,2
314158,reward,6761,109.636763179294,91.143,P3O-dyn+AdaReset+HardDistill,Hopper-v4,2
314211,reward,6762,76.69435778066658,90.541,P3O-dyn+AdaReset+HardDistill,Hopper-v4,2
314276,reward,6763,98.21427307200321,82.285,P3O-dyn+AdaReset+HardDistill,Hopper-v4,2
314341,reward,6764,84.84767522868039,81.754,P3O-dyn+AdaReset+HardDistill,Hopper-v4,2
314380,reward,6765,64.06777190510587,73.233,P3O-dyn+AdaReset+HardDistill,Hopper-v4,2
314424,reward,6766,67.80219162508216,73.951,P3O-dyn+AdaReset+HardDistill,Hopper-v4,2
314499,reward,6767,117.60069203673196,79.721,P3O-dyn+AdaReset+HardDistill,Hopper-v4,2
314547,reward,6768,68.77033131550697,80.782,P3O-dyn+AdaReset+HardDistill,Hopper-v4,2
314596,reward,6769,74.86932150331475,82.881,P3O-dyn+AdaReset+HardDistill,Hopper-v4,2
314665,reward,6770,104.59236829042776,86.71,P3O-dyn+AdaReset+HardDistill,Hopper-v4,2
314698,reward,6771,55.28056533472428,81.274,P3O-dyn+AdaReset+HardDistill,Hopper-v4,2
314736,reward,6772,60.877351885968615,79.692,P3O-dyn+AdaReset+HardDistill,Hopper-v4,2
314871,reward,6773,201.53322174424676,90.024,P3O-dyn+AdaReset+HardDistill,Hopper-v4,2
314955,reward,6774,110.86916495498295,92.626,P3O-dyn+AdaReset+HardDistill,Hopper-v4,2
315054,reward,6775,130.95419647535542,99.315,P3O-dyn+AdaReset+HardDistill,Hopper-v4,2
315142,reward,6776,125.08380949911675,105.043,P3O-dyn+AdaReset+HardDistill,Hopper-v4,2
315188,reward,6777,76.73067667469626,100.956,P3O-dyn+AdaReset+HardDistill,Hopper-v4,2
315257,reward,6778,113.2169036528364,105.401,P3O-dyn+AdaReset+HardDistill,Hopper-v4,2
315296,reward,6779,66.0682406226364,104.521,P3O-dyn+AdaReset+HardDistill,Hopper-v4,2
315411,reward,6780,134.86276234700574,107.548,P3O-dyn+AdaReset+HardDistill,Hopper-v4,2
315450,reward,6781,54.7919919997192,107.499,P3O-dyn+AdaReset+HardDistill,Hopper-v4,2
315594,reward,6782,192.6659526867073,120.678,P3O-dyn+AdaReset+HardDistill,Hopper-v4,2
315643,reward,6783,68.34187040744723,107.359,P3O-dyn+AdaReset+HardDistill,Hopper-v4,2
315733,reward,6784,102.80054832957194,106.552,P3O-dyn+AdaReset+HardDistill,Hopper-v4,2
315802,reward,6785,90.64036942283606,102.52,P3O-dyn+AdaReset+HardDistill,Hopper-v4,2
315865,reward,6786,89.65380133800862,98.977,P3O-dyn+AdaReset+HardDistill,Hopper-v4,2
315923,reward,6787,76.74526290274821,98.979,P3O-dyn+AdaReset+HardDistill,Hopper-v4,2
315962,reward,6788,57.717594744025014,93.429,P3O-dyn+AdaReset+HardDistill,Hopper-v4,2
316017,reward,6789,75.55526205353992,94.378,P3O-dyn+AdaReset+HardDistill,Hopper-v4,2
316146,reward,6790,187.50106389662594,99.641,P3O-dyn+AdaReset+HardDistill,Hopper-v4,2
316190,reward,6791,68.1556119533242,100.978,P3O-dyn+AdaReset+HardDistill,Hopper-v4,2
316223,reward,6792,53.51040484769582,87.062,P3O-dyn+AdaReset+HardDistill,Hopper-v4,2
316276,reward,6793,76.24345962399384,87.852,P3O-dyn+AdaReset+HardDistill,Hopper-v4,2
316346,reward,6794,108.2454509200738,88.397,P3O-dyn+AdaReset+HardDistill,Hopper-v4,2
316403,reward,6795,94.85664941971613,88.818,P3O-dyn+AdaReset+HardDistill,Hopper-v4,2
316516,reward,6796,164.94464819773117,96.348,P3O-dyn+AdaReset+HardDistill,Hopper-v4,2
316575,reward,6797,59.411604876816504,94.614,P3O-dyn+AdaReset+HardDistill,Hopper-v4,2
316608,reward,6798,53.8285202925621,94.225,P3O-dyn+AdaReset+HardDistill,Hopper-v4,2
316716,reward,6799,145.02270702011052,101.172,P3O-dyn+AdaReset+HardDistill,Hopper-v4,2
316798,reward,6800,142.9173873948428,96.714,P3O-dyn+AdaReset+HardDistill,Hopper-v4,2
316836,reward,6801,57.461430726235506,95.644,P3O-dyn+AdaReset+HardDistill,Hopper-v4,2
316873,reward,6802,60.830794841530796,96.376,P3O-dyn+AdaReset+HardDistill,Hopper-v4,2
316989,reward,6803,143.15775733836054,103.068,P3O-dyn+AdaReset+HardDistill,Hopper-v4,2
317081,reward,6804,126.59417420949535,104.903,P3O-dyn+AdaReset+HardDistill,Hopper-v4,2
317121,reward,6805,59.45442745261227,101.362,P3O-dyn+AdaReset+HardDistill,Hopper-v4,2
317166,reward,6806,63.666684028898906,91.235,P3O-dyn+AdaReset+HardDistill,Hopper-v4,2
317217,reward,6807,72.08050343247636,92.501,P3O-dyn+AdaReset+HardDistill,Hopper-v4,2
317290,reward,6808,65.4025511916703,93.659,P3O-dyn+AdaReset+HardDistill,Hopper-v4,2
317331,reward,6809,60.84808297353037,85.241,P3O-dyn+AdaReset+HardDistill,Hopper-v4,2
317361,reward,6810,49.89278599981866,75.939,P3O-dyn+AdaReset+HardDistill,Hopper-v4,2
317390,reward,6811,49.44206776642976,75.137,P3O-dyn+AdaReset+HardDistill,Hopper-v4,2
317456,reward,6812,112.053784693657,80.259,P3O-dyn+AdaReset+HardDistill,Hopper-v4,2
317533,reward,6813,69.59102733793488,72.903,P3O-dyn+AdaReset+HardDistill,Hopper-v4,2
317567,reward,6814,51.84164061894493,65.427,P3O-dyn+AdaReset+HardDistill,Hopper-v4,2
317607,reward,6815,56.12434259004344,65.094,P3O-dyn+AdaReset+HardDistill,Hopper-v4,2
317673,reward,6816,109.62242788599526,69.69,P3O-dyn+AdaReset+HardDistill,Hopper-v4,2
317772,reward,6817,164.33916786876247,78.916,P3O-dyn+AdaReset+HardDistill,Hopper-v4,2
317868,reward,6818,132.4299912974817,85.619,P3O-dyn+AdaReset+HardDistill,Hopper-v4,2
317908,reward,6819,66.33582439135505,86.167,P3O-dyn+AdaReset+HardDistill,Hopper-v4,2
317942,reward,6820,56.23846253530704,86.802,P3O-dyn+AdaReset+HardDistill,Hopper-v4,2
317986,reward,6821,68.59651434338822,88.717,P3O-dyn+AdaReset+HardDistill,Hopper-v4,2
318012,reward,6822,43.50210589686546,81.862,P3O-dyn+AdaReset+HardDistill,Hopper-v4,2
318060,reward,6823,70.82762518648094,81.986,P3O-dyn+AdaReset+HardDistill,Hopper-v4,2
318135,reward,6824,117.99609226938738,88.601,P3O-dyn+AdaReset+HardDistill,Hopper-v4,2
318179,reward,6825,63.698447078558885,89.359,P3O-dyn+AdaReset+HardDistill,Hopper-v4,2
318247,reward,6826,109.89993273386565,89.386,P3O-dyn+AdaReset+HardDistill,Hopper-v4,2
318331,reward,6827,115.07199253523451,84.46,P3O-dyn+AdaReset+HardDistill,Hopper-v4,2
318412,reward,6828,119.8071925994545,83.197,P3O-dyn+AdaReset+HardDistill,Hopper-v4,2
318517,reward,6829,172.77605898188034,93.841,P3O-dyn+AdaReset+HardDistill,Hopper-v4,2
318631,reward,6830,140.1620774638954,102.234,P3O-dyn+AdaReset+HardDistill,Hopper-v4,2
318701,reward,6831,111.22945024191397,106.497,P3O-dyn+AdaReset+HardDistill,Hopper-v4,2
318743,reward,6832,64.03038149853677,108.55,P3O-dyn+AdaReset+HardDistill,Hopper-v4,2
318779,reward,6833,52.299433247338875,106.697,P3O-dyn+AdaReset+HardDistill,Hopper-v4,2
318806,reward,6834,46.271209888490375,99.525,P3O-dyn+AdaReset+HardDistill,Hopper-v4,2
318934,reward,6835,171.11646003761888,110.266,P3O-dyn+AdaReset+HardDistill,Hopper-v4,2
318964,reward,6836,35.90068908591477,102.866,P3O-dyn+AdaReset+HardDistill,Hopper-v4,2
319033,reward,6837,108.98140702386634,102.257,P3O-dyn+AdaReset+HardDistill,Hopper-v4,2
319087,reward,6838,78.33871701827904,98.111,P3O-dyn+AdaReset+HardDistill,Hopper-v4,2
319120,reward,6839,53.90510549856032,86.223,P3O-dyn+AdaReset+HardDistill,Hopper-v4,2
319168,reward,6840,75.31855504102684,79.739,P3O-dyn+AdaReset+HardDistill,Hopper-v4,2
319203,reward,6841,57.70427468265954,74.387,P3O-dyn+AdaReset+HardDistill,Hopper-v4,2
319307,reward,6842,138.86816916893238,81.87,P3O-dyn+AdaReset+HardDistill,Hopper-v4,2
319380,reward,6843,109.89441494878791,87.63,P3O-dyn+AdaReset+HardDistill,Hopper-v4,2
319430,reward,6844,71.38188097282854,90.141,P3O-dyn+AdaReset+HardDistill,Hopper-v4,2
319454,reward,6845,40.200147650100995,77.049,P3O-dyn+AdaReset+HardDistill,Hopper-v4,2
319488,loss,-0.019648713991045952,21.8739013671875,P3O-dyn+AdaReset+HardDistill,Hopper-v4,2
319498,reward,6846,72.55183050542871,80.714,P3O-dyn+AdaReset+HardDistill,Hopper-v4,2
319565,reward,6847,113.75394977482536,81.192,P3O-dyn+AdaReset+HardDistill,Hopper-v4,2
319604,reward,6848,58.359205929520165,79.194,P3O-dyn+AdaReset+HardDistill,Hopper-v4,2
319661,reward,6849,84.66579932132578,82.27,P3O-dyn+AdaReset+HardDistill,Hopper-v4,2
319705,reward,6850,63.88752837534411,81.127,P3O-dyn+AdaReset+HardDistill,Hopper-v4,2
319786,reward,6851,91.75888279968584,84.532,P3O-dyn+AdaReset+HardDistill,Hopper-v4,2
319855,reward,6852,105.09177143728004,81.155,P3O-dyn+AdaReset+HardDistill,Hopper-v4,2
319897,reward,6853,65.25620004718108,76.691,P3O-dyn+AdaReset+HardDistill,Hopper-v4,2
320000,speed,2044.86,2.63,P3O-dyn+AdaReset+HardDistill,Hopper-v4,2
320010,reward,6854,179.61799517685438,87.514,P3O-dyn+AdaReset+HardDistill,Hopper-v4,2
320045,reward,6855,56.99086839855154,89.193,P3O-dyn+AdaReset+HardDistill,Hopper-v4,2
320105,reward,6856,100.97139569268641,92.035,P3O-dyn+AdaReset+HardDistill,Hopper-v4,2
320183,reward,6857,119.4709646446917,92.607,P3O-dyn+AdaReset+HardDistill,Hopper-v4,2
320223,reward,6858,68.99197977222626,93.67,P3O-dyn+AdaReset+HardDistill,Hopper-v4,2
320268,reward,6859,76.31637208566644,92.835,P3O-dyn+AdaReset+HardDistill,Hopper-v4,2
320324,reward,6860,93.80354876570543,95.827,P3O-dyn+AdaReset+HardDistill,Hopper-v4,2
320353,reward,6861,47.022080282955635,91.353,P3O-dyn+AdaReset+HardDistill,Hopper-v4,2
320445,reward,6862,137.47376725655187,94.592,P3O-dyn+AdaReset+HardDistill,Hopper-v4,2
320513,reward,6863,100.17726814081607,98.084,P3O-dyn+AdaReset+HardDistill,Hopper-v4,2
320610,reward,6864,135.032645470065,93.625,P3O-dyn+AdaReset+HardDistill,Hopper-v4,2
320718,reward,6865,112.53460097525607,99.179,P3O-dyn+AdaReset+HardDistill,Hopper-v4,2
320822,reward,6866,190.78411126110834,108.161,P3O-dyn+AdaReset+HardDistill,Hopper-v4,2
320892,reward,6867,100.71006696995447,106.285,P3O-dyn+AdaReset+HardDistill,Hopper-v4,2
320934,reward,6868,72.70012039725486,106.655,P3O-dyn+AdaReset+HardDistill,Hopper-v4,2
321054,reward,6869,153.60792449715254,114.385,P3O-dyn+AdaReset+HardDistill,Hopper-v4,2
321106,reward,6870,78.86672858767307,112.891,P3O-dyn+AdaReset+HardDistill,Hopper-v4,2
321158,reward,6871,70.64254800637804,115.253,P3O-dyn+AdaReset+HardDistill,Hopper-v4,2
321209,reward,6872,74.68213624286136,108.974,P3O-dyn+AdaReset+HardDistill,Hopper-v4,2
321297,reward,6873,133.25377828119568,112.281,P3O-dyn+AdaReset+HardDistill,Hopper-v4,2
321448,reward,6874,285.79211904941553,127.357,P3O-dyn+AdaReset+HardDistill,Hopper-v4,2
321501,reward,6875,91.531519257752,125.257,P3O-dyn+AdaReset+HardDistill,Hopper-v4,2
321617,reward,6876,190.80236277206325,125.259,P3O-dyn+AdaReset+HardDistill,Hopper-v4,2
321670,reward,6877,83.48904554499646,123.537,P3O-dyn+AdaReset+HardDistill,Hopper-v4,2
321703,reward,6878,53.96419753254551,121.663,P3O-dyn+AdaReset+HardDistill,Hopper-v4,2
321730,reward,6879,45.04440874384274,110.807,P3O-dyn+AdaReset+HardDistill,Hopper-v4,2
321762,reward,6880,52.19694299549203,108.14,P3O-dyn+AdaReset+HardDistill,Hopper-v4,2
321837,reward,6881,128.41384989293212,113.917,P3O-dyn+AdaReset+HardDistill,Hopper-v4,2
321902,reward,6882,110.09429460575076,117.458,P3O-dyn+AdaReset+HardDistill,Hopper-v4,2
321934,reward,6883,52.95396050570241,109.428,P3O-dyn+AdaReset+HardDistill,Hopper-v4,2
321981,reward,6884,67.49259345530042,87.598,P3O-dyn+AdaReset+HardDistill,Hopper-v4,2
322040,reward,6885,80.16976179260766,86.462,P3O-dyn+AdaReset+HardDistill,Hopper-v4,2
322090,reward,6886,71.27301733756386,74.509,P3O-dyn+AdaReset+HardDistill,Hopper-v4,2
322142,reward,6887,80.30084562119181,74.19,P3O-dyn+AdaReset+HardDistill,Hopper-v4,2
322232,reward,6888,112.53781393730577,80.048,P3O-dyn+AdaReset+HardDistill,Hopper-v4,2
322263,reward,6889,50.72940797437064,80.616,P3O-dyn+AdaReset+HardDistill,Hopper-v4,2
322316,reward,6890,75.99328426271822,82.996,P3O-dyn+AdaReset+HardDistill,Hopper-v4,2
322389,reward,6891,100.67173139970289,80.222,P3O-dyn+AdaReset+HardDistill,Hopper-v4,2
322423,reward,6892,55.74994398928368,74.787,P3O-dyn+AdaReset+HardDistill,Hopper-v4,2
322503,reward,6893,148.13766546593936,84.306,P3O-dyn+AdaReset+HardDistill,Hopper-v4,2
322562,reward,6894,79.88969802629013,85.545,P3O-dyn+AdaReset+HardDistill,Hopper-v4,2
322608,reward,6895,64.30824548837003,83.959,P3O-dyn+AdaReset+HardDistill,Hopper-v4,2
322659,reward,6896,80.75747397803461,84.908,P3O-dyn+AdaReset+HardDistill,Hopper-v4,2
322728,reward,6897,109.51221284104088,87.829,P3O-dyn+AdaReset+HardDistill,Hopper-v4,2
322792,reward,6898,90.60832141461505,85.636,P3O-dyn+AdaReset+HardDistill,Hopper-v4,2
322842,reward,6899,78.77332423173107,88.44,P3O-dyn+AdaReset+HardDistill,Hopper-v4,2
322871,reward,6900,48.5415315911176,85.695,P3O-dyn+AdaReset+HardDistill,Hopper-v4,2
322911,reward,6901,65.28842915263407,82.157,P3O-dyn+AdaReset+HardDistill,Hopper-v4,2
322961,reward,6902,79.05401387519822,84.487,P3O-dyn+AdaReset+HardDistill,Hopper-v4,2
322993,reward,6903,52.505155808330656,74.924,P3O-dyn+AdaReset+HardDistill,Hopper-v4,2
323090,reward,6904,163.46370590944767,83.281,P3O-dyn+AdaReset+HardDistill,Hopper-v4,2
323125,reward,6905,56.80844895676571,82.531,P3O-dyn+AdaReset+HardDistill,Hopper-v4,2
323165,reward,6906,61.255805839572155,80.581,P3O-dyn+AdaReset+HardDistill,Hopper-v4,2
323253,reward,6907,149.19308309829768,84.549,P3O-dyn+AdaReset+HardDistill,Hopper-v4,2
323321,reward,6908,105.76397858276583,86.065,P3O-dyn+AdaReset+HardDistill,Hopper-v4,2
323370,reward,6909,69.35257806627963,85.123,P3O-dyn+AdaReset+HardDistill,Hopper-v4,2
323427,reward,6910,90.34305594910164,89.303,P3O-dyn+AdaReset+HardDistill,Hopper-v4,2
323477,reward,6911,73.14326537500676,90.088,P3O-dyn+AdaReset+HardDistill,Hopper-v4,2
323567,reward,6912,153.80644411445292,97.564,P3O-dyn+AdaReset+HardDistill,Hopper-v4,2
323611,reward,6913,73.15450411263038,99.628,P3O-dyn+AdaReset+HardDistill,Hopper-v4,2
323639,reward,6914,47.76126315285666,88.058,P3O-dyn+AdaReset+HardDistill,Hopper-v4,2
323668,reward,6915,48.120031751810615,87.189,P3O-dyn+AdaReset+HardDistill,Hopper-v4,2
323741,reward,6916,119.8003314131946,93.044,P3O-dyn+AdaReset+HardDistill,Hopper-v4,2
323771,reward,6917,47.10513924561749,82.835,P3O-dyn+AdaReset+HardDistill,Hopper-v4,2
323832,reward,6918,84.69532103132963,80.728,P3O-dyn+AdaReset+HardDistill,Hopper-v4,2
323866,reward,6919,55.33246727728341,79.326,P3O-dyn+AdaReset+HardDistill,Hopper-v4,2
323898,reward,6920,52.555309593940734,75.547,P3O-dyn+AdaReset+HardDistill,Hopper-v4,2
323965,reward,6921,91.12557592991138,77.346,P3O-dyn+AdaReset+HardDistill,Hopper-v4,2
324032,reward,6922,113.78889512193206,73.344,P3O-dyn+AdaReset+HardDistill,Hopper-v4,2
324081,reward,6923,83.26507711569404,74.355,P3O-dyn+AdaReset+HardDistill,Hopper-v4,2
324125,reward,6924,68.4220115557851,76.421,P3O-dyn+AdaReset+HardDistill,Hopper-v4,2
324163,reward,6925,62.471369984169726,77.856,P3O-dyn+AdaReset+HardDistill,Hopper-v4,2
324223,reward,6926,86.07821600552165,74.484,P3O-dyn+AdaReset+HardDistill,Hopper-v4,2
324252,reward,6927,48.51520274302255,74.625,P3O-dyn+AdaReset+HardDistill,Hopper-v4,2
324287,reward,6928,57.13470575126441,71.869,P3O-dyn+AdaReset+HardDistill,Hopper-v4,2
324330,reward,6929,71.81934297072297,73.518,P3O-dyn+AdaReset+HardDistill,Hopper-v4,2
324367,reward,6930,59.268608963255176,74.189,P3O-dyn+AdaReset+HardDistill,Hopper-v4,2
324405,reward,6931,58.28089836136421,70.904,P3O-dyn+AdaReset+HardDistill,Hopper-v4,2
324441,reward,6932,58.08907511944315,65.334,P3O-dyn+AdaReset+HardDistill,Hopper-v4,2
324517,reward,6933,126.22200063838757,69.63,P3O-dyn+AdaReset+HardDistill,Hopper-v4,2
324585,reward,6934,120.62188795466548,74.85,P3O-dyn+AdaReset+HardDistill,Hopper-v4,2
324633,reward,6935,69.25038633144159,75.528,P3O-dyn+AdaReset+HardDistill,Hopper-v4,2
324688,reward,6936,82.13268945734261,75.133,P3O-dyn+AdaReset+HardDistill,Hopper-v4,2
324725,reward,6937,61.26411713902435,76.408,P3O-dyn+AdaReset+HardDistill,Hopper-v4,2
324833,reward,6938,153.40320574561613,86.035,P3O-dyn+AdaReset+HardDistill,Hopper-v4,2
324895,reward,6939,70.9895880073652,85.952,P3O-dyn+AdaReset+HardDistill,Hopper-v4,2
324928,reward,6940,54.29037746643193,85.454,P3O-dyn+AdaReset+HardDistill,Hopper-v4,2
324962,reward,6941,56.07379211964658,85.234,P3O-dyn+AdaReset+HardDistill,Hopper-v4,2
325006,reward,6942,61.1714348146536,85.542,P3O-dyn+AdaReset+HardDistill,Hopper-v4,2
325062,reward,6943,90.10684653303288,81.93,P3O-dyn+AdaReset+HardDistill,Hopper-v4,2
325103,reward,6944,64.94360088237842,76.363,P3O-dyn+AdaReset+HardDistill,Hopper-v4,2
325145,reward,6945,61.827899959895895,75.62,P3O-dyn+AdaReset+HardDistill,Hopper-v4,2
325204,reward,6946,86.48751480989499,76.056,P3O-dyn+AdaReset+HardDistill,Hopper-v4,2
325291,reward,6947,109.06129913328716,80.836,P3O-dyn+AdaReset+HardDistill,Hopper-v4,2
325346,reward,6948,57.8133008747239,71.277,P3O-dyn+AdaReset+HardDistill,Hopper-v4,2
325381,reward,6949,57.22259160524531,69.9,P3O-dyn+AdaReset+HardDistill,Hopper-v4,2
325426,reward,6950,58.73789034545271,70.345,P3O-dyn+AdaReset+HardDistill,Hopper-v4,2
325455,reward,6951,48.69982383755358,69.607,P3O-dyn+AdaReset+HardDistill,Hopper-v4,2
325570,reward,6952,221.15883354191618,85.606,P3O-dyn+AdaReset+HardDistill,Hopper-v4,2
325632,reward,6953,102.82515067422207,86.878,P3O-dyn+AdaReset+HardDistill,Hopper-v4,2
325660,reward,6954,46.39063177727885,85.022,P3O-dyn+AdaReset+HardDistill,Hopper-v4,2
325703,reward,6955,64.80036537708382,85.32,P3O-dyn+AdaReset+HardDistill,Hopper-v4,2
325754,reward,6956,72.7777191400357,83.949,P3O-dyn+AdaReset+HardDistill,Hopper-v4,2
325792,reward,6957,42.17615902867775,77.26,P3O-dyn+AdaReset+HardDistill,Hopper-v4,2
325879,reward,6958,144.2819573244247,85.907,P3O-dyn+AdaReset+HardDistill,Hopper-v4,2
325939,reward,6959,93.97276665023873,89.582,P3O-dyn+AdaReset+HardDistill,Hopper-v4,2
326004,reward,6960,110.57677744505729,94.766,P3O-dyn+AdaReset+HardDistill,Hopper-v4,2
326038,reward,6961,55.05260045614939,95.401,P3O-dyn+AdaReset+HardDistill,Hopper-v4,2
326115,reward,6962,118.22478039591975,85.108,P3O-dyn+AdaReset+HardDistill,Hopper-v4,2
326143,reward,6963,47.57019527759258,79.582,P3O-dyn+AdaReset+HardDistill,Hopper-v4,2
326207,reward,6964,96.59341878339474,84.603,P3O-dyn+AdaReset+HardDistill,Hopper-v4,2
326236,reward,6965,48.55237219742843,82.978,P3O-dyn+AdaReset+HardDistill,Hopper-v4,2
326265,reward,6966,48.345379085229816,80.535,P3O-dyn+AdaReset+HardDistill,Hopper-v4,2
326316,reward,6967,69.42387072273704,83.259,P3O-dyn+AdaReset+HardDistill,Hopper-v4,2
326348,reward,6968,52.6257750669449,74.094,P3O-dyn+AdaReset+HardDistill,Hopper-v4,2
326403,reward,6969,78.02378778178671,72.499,P3O-dyn+AdaReset+HardDistill,Hopper-v4,2
326437,reward,6970,55.349163910522286,66.976,P3O-dyn+AdaReset+HardDistill,Hopper-v4,2
326493,reward,6971,95.46141248116675,71.017,P3O-dyn+AdaReset+HardDistill,Hopper-v4,2
326550,reward,6972,79.65364636255005,67.16,P3O-dyn+AdaReset+HardDistill,Hopper-v4,2
326593,reward,6973,65.14614026865996,68.917,P3O-dyn+AdaReset+HardDistill,Hopper-v4,2
326655,reward,6974,93.52615396502075,68.611,P3O-dyn+AdaReset+HardDistill,Hopper-v4,2
326708,reward,6975,82.22686456182268,71.978,P3O-dyn+AdaReset+HardDistill,Hopper-v4,2
326740,reward,6976,52.47927762574522,72.392,P3O-dyn+AdaReset+HardDistill,Hopper-v4,2
326797,reward,6977,84.92099936637513,73.941,P3O-dyn+AdaReset+HardDistill,Hopper-v4,2
326824,reward,6978,44.85785332074277,73.165,P3O-dyn+AdaReset+HardDistill,Hopper-v4,2
326861,reward,6979,60.33715181584261,71.396,P3O-dyn+AdaReset+HardDistill,Hopper-v4,2
326895,reward,6980,55.75954175929483,71.437,P3O-dyn+AdaReset+HardDistill,Hopper-v4,2
326921,reward,6981,44.24377360363369,66.315,P3O-dyn+AdaReset+HardDistill,Hopper-v4,2
326978,reward,6982,96.54945211781852,68.005,P3O-dyn+AdaReset+HardDistill,Hopper-v4,2
327010,reward,6983,52.42676564064079,66.733,P3O-dyn+AdaReset+HardDistill,Hopper-v4,2
327079,reward,6984,103.25507767325466,67.706,P3O-dyn+AdaReset+HardDistill,Hopper-v4,2
327126,reward,6985,66.57798695568552,66.141,P3O-dyn+AdaReset+HardDistill,Hopper-v4,2
327185,reward,6986,97.73892007914212,70.667,P3O-dyn+AdaReset+HardDistill,Hopper-v4,2
327237,reward,6987,74.8464871836276,69.659,P3O-dyn+AdaReset+HardDistill,Hopper-v4,2
327277,reward,6988,61.16433233611861,71.29,P3O-dyn+AdaReset+HardDistill,Hopper-v4,2
327312,reward,6989,56.67131917954362,70.923,P3O-dyn+AdaReset+HardDistill,Hopper-v4,2
327343,reward,6990,50.85863445281242,70.433,P3O-dyn+AdaReset+HardDistill,Hopper-v4,2
327375,reward,6991,48.617410018923955,70.871,P3O-dyn+AdaReset+HardDistill,Hopper-v4,2
327446,reward,6992,118.28751197186294,73.044,P3O-dyn+AdaReset+HardDistill,Hopper-v4,2
327513,reward,6993,100.506585041867,77.852,P3O-dyn+AdaReset+HardDistill,Hopper-v4,2
327594,reward,6994,134.92927699045148,81.02,P3O-dyn+AdaReset+HardDistill,Hopper-v4,2
327630,reward,6995,58.735795540686,80.236,P3O-dyn+AdaReset+HardDistill,Hopper-v4,2
327680,loss,-0.03054010309278965,22.01099395751953,P3O-dyn+AdaReset+HardDistill,Hopper-v4,2
327688,reward,6996,82.9372685754932,78.755,P3O-dyn+AdaReset+HardDistill,Hopper-v4,2
327768,reward,6997,98.956454493528,81.166,P3O-dyn+AdaReset+HardDistill,Hopper-v4,2
327831,reward,6998,99.14094779377784,84.964,P3O-dyn+AdaReset+HardDistill,Hopper-v4,2
327907,reward,6999,98.54183013154548,89.151,P3O-dyn+AdaReset+HardDistill,Hopper-v4,2
327961,reward,7000,79.71101794966917,92.036,P3O-dyn+AdaReset+HardDistill,Hopper-v4,2
327990,reward,7001,48.22035605371472,91.997,P3O-dyn+AdaReset+HardDistill,Hopper-v4,2
328041,reward,7002,73.08685776660998,87.477,P3O-dyn+AdaReset+HardDistill,Hopper-v4,2
328080,reward,7003,56.902456236916485,83.116,P3O-dyn+AdaReset+HardDistill,Hopper-v4,2
328151,reward,7004,109.11717371353544,80.535,P3O-dyn+AdaReset+HardDistill,Hopper-v4,2
328328,reward,7005,257.2290011261047,100.384,P3O-dyn+AdaReset+HardDistill,Hopper-v4,2
328464,reward,7006,197.5355790385565,111.844,P3O-dyn+AdaReset+HardDistill,Hopper-v4,2
328520,reward,7007,84.45513034027285,110.394,P3O-dyn+AdaReset+HardDistill,Hopper-v4,2
328562,reward,7008,58.943317950590185,106.374,P3O-dyn+AdaReset+HardDistill,Hopper-v4,2
328666,reward,7009,132.8587599936648,109.806,P3O-dyn+AdaReset+HardDistill,Hopper-v4,2
328725,reward,7010,87.26938898007931,110.562,P3O-dyn+AdaReset+HardDistill,Hopper-v4,2
328784,reward,7011,87.67207133881855,114.507,P3O-dyn+AdaReset+HardDistill,Hopper-v4,2
328840,reward,7012,78.79982723850638,115.078,P3O-dyn+AdaReset+HardDistill,Hopper-v4,2
328941,reward,7013,159.71575385776273,125.36,P3O-dyn+AdaReset+HardDistill,Hopper-v4,2
328984,reward,7014,67.8076458513878,121.229,P3O-dyn+AdaReset+HardDistill,Hopper-v4,2
329044,reward,7015,87.87781492816069,104.294,P3O-dyn+AdaReset+HardDistill,Hopper-v4,2
329089,reward,7016,66.27737620544193,91.168,P3O-dyn+AdaReset+HardDistill,Hopper-v4,2
329168,reward,7017,118.13797608159739,94.536,P3O-dyn+AdaReset+HardDistill,Hopper-v4,2
329221,reward,7018,74.36098882778258,96.078,P3O-dyn+AdaReset+HardDistill,Hopper-v4,2
329291,reward,7019,92.07144989383201,91.999,P3O-dyn+AdaReset+HardDistill,Hopper-v4,2
329325,reward,7020,39.919973339712094,87.264,P3O-dyn+AdaReset+HardDistill,Hopper-v4,2
329361,reward,7021,41.97871622600193,82.695,P3O-dyn+AdaReset+HardDistill,Hopper-v4,2
329391,reward,7022,50.207555687230474,79.836,P3O-dyn+AdaReset+HardDistill,Hopper-v4,2
329450,reward,7023,90.06710579175389,72.871,P3O-dyn+AdaReset+HardDistill,Hopper-v4,2
329560,reward,7024,149.13929403447878,81.004,P3O-dyn+AdaReset+HardDistill,Hopper-v4,2
329600,reward,7025,65.39486251854866,78.756,P3O-dyn+AdaReset+HardDistill,Hopper-v4,2
329669,reward,7026,118.47247816836557,83.975,P3O-dyn+AdaReset+HardDistill,Hopper-v4,2
329750,reward,7027,102.34751022178592,82.396,P3O-dyn+AdaReset+HardDistill,Hopper-v4,2
329807,reward,7028,93.92910191688195,84.353,P3O-dyn+AdaReset+HardDistill,Hopper-v4,2
329865,reward,7029,56.729094521738006,80.819,P3O-dyn+AdaReset+HardDistill,Hopper-v4,2
329951,reward,7030,123.2122903113923,89.148,P3O-dyn+AdaReset+HardDistill,Hopper-v4,2
330000,speed,2077.32,2.71,P3O-dyn+AdaReset+HardDistill,Hopper-v4,2
330004,reward,7031,80.46392954732724,92.996,P3O-dyn+AdaReset+HardDistill,Hopper-v4,2
330034,reward,7032,49.76386303723834,92.952,P3O-dyn+AdaReset+HardDistill,Hopper-v4,2
330098,reward,7033,102.524339468708,94.198,P3O-dyn+AdaReset+HardDistill,Hopper-v4,2
330159,reward,7034,83.93669954138187,87.677,P3O-dyn+AdaReset+HardDistill,Hopper-v4,2
330208,reward,7035,75.03581199820522,88.642,P3O-dyn+AdaReset+HardDistill,Hopper-v4,2
330238,reward,7036,49.00761425540213,81.695,P3O-dyn+AdaReset+HardDistill,Hopper-v4,2
330281,reward,7037,60.88080564665819,77.548,P3O-dyn+AdaReset+HardDistill,Hopper-v4,2
330309,reward,7038,31.221511958428767,71.278,P3O-dyn+AdaReset+HardDistill,Hopper-v4,2
330387,reward,7039,105.29486737889795,76.134,P3O-dyn+AdaReset+HardDistill,Hopper-v4,2
330469,reward,7040,121.91680595648386,76.005,P3O-dyn+AdaReset+HardDistill,Hopper-v4,2
330544,reward,7041,114.50490384240094,79.409,P3O-dyn+AdaReset+HardDistill,Hopper-v4,2
330640,reward,7042,134.73679713182935,87.906,P3O-dyn+AdaReset+HardDistill,Hopper-v4,2
330694,reward,7043,75.92178724157814,85.246,P3O-dyn+AdaReset+HardDistill,Hopper-v4,2
330724,reward,7044,49.8603450942806,81.838,P3O-dyn+AdaReset+HardDistill,Hopper-v4,2
330769,reward,7045,67.9152886556061,81.126,P3O-dyn+AdaReset+HardDistill,Hopper-v4,2
330797,reward,7046,47.11506851022362,80.937,P3O-dyn+AdaReset+HardDistill,Hopper-v4,2
330866,reward,7047,103.83166291524854,85.232,P3O-dyn+AdaReset+HardDistill,Hopper-v4,2
330899,reward,7048,55.254372606500645,87.635,P3O-dyn+AdaReset+HardDistill,Hopper-v4,2
331033,reward,7049,170.09984699718723,94.116,P3O-dyn+AdaReset+HardDistill,Hopper-v4,2
331155,reward,7050,155.97667837073266,97.522,P3O-dyn+AdaReset+HardDistill,Hopper-v4,2
331195,reward,7051,60.5135497935015,92.123,P3O-dyn+AdaReset+HardDistill,Hopper-v4,2
331268,reward,7052,95.43927502089632,88.193,P3O-dyn+AdaReset+HardDistill,Hopper-v4,2
331328,reward,7053,83.31299442859144,88.932,P3O-dyn+AdaReset+HardDistill,Hopper-v4,2
331434,reward,7054,179.64993820030776,101.911,P3O-dyn+AdaReset+HardDistill,Hopper-v4,2
331546,reward,7055,181.64440969534164,113.284,P3O-dyn+AdaReset+HardDistill,Hopper-v4,2
331580,reward,7056,56.0474029684099,114.177,P3O-dyn+AdaReset+HardDistill,Hopper-v4,2
331640,reward,7057,98.11833853349653,113.606,P3O-dyn+AdaReset+HardDistill,Hopper-v4,2
331719,reward,7058,114.34254803271793,119.514,P3O-dyn+AdaReset+HardDistill,Hopper-v4,2
331754,reward,7059,58.06195069821965,108.311,P3O-dyn+AdaReset+HardDistill,Hopper-v4,2
331850,reward,7060,117.23930467282233,104.437,P3O-dyn+AdaReset+HardDistill,Hopper-v4,2
331906,reward,7061,86.32002153983545,107.018,P3O-dyn+AdaReset+HardDistill,Hopper-v4,2
332021,reward,7062,152.58342220820808,112.732,P3O-dyn+AdaReset+HardDistill,Hopper-v4,2
332156,reward,7063,133.45778018696075,117.747,P3O-dyn+AdaReset+HardDistill,Hopper-v4,2
332226,reward,7064,105.7760976134083,110.359,P3O-dyn+AdaReset+HardDistill,Hopper-v4,2
332313,reward,7065,97.16133293608205,101.911,P3O-dyn+AdaReset+HardDistill,Hopper-v4,2
332341,reward,7066,46.16097664061849,100.922,P3O-dyn+AdaReset+HardDistill,Hopper-v4,2
332385,reward,7067,74.80800179885829,98.591,P3O-dyn+AdaReset+HardDistill,Hopper-v4,2
332414,reward,7068,47.90696107973246,91.948,P3O-dyn+AdaReset+HardDistill,Hopper-v4,2
332441,reward,7069,46.89740947590869,90.831,P3O-dyn+AdaReset+HardDistill,Hopper-v4,2
332495,reward,7070,76.41121374392482,86.748,P3O-dyn+AdaReset+HardDistill,Hopper-v4,2
332595,reward,7071,141.2000060080135,92.236,P3O-dyn+AdaReset+HardDistill,Hopper-v4,2
332634,reward,7072,50.94608598766702,82.073,P3O-dyn+AdaReset+HardDistill,Hopper-v4,2
332731,reward,7073,153.70645444110733,84.097,P3O-dyn+AdaReset+HardDistill,Hopper-v4,2
332768,reward,7074,57.70441933080296,79.29,P3O-dyn+AdaReset+HardDistill,Hopper-v4,2
332865,reward,7075,128.40709321801563,82.415,P3O-dyn+AdaReset+HardDistill,Hopper-v4,2
332926,reward,7076,66.67656024194895,84.466,P3O-dyn+AdaReset+HardDistill,Hopper-v4,2
333015,reward,7077,135.27566370655435,90.513,P3O-dyn+AdaReset+HardDistill,Hopper-v4,2
333045,reward,7078,49.547014901358395,90.677,P3O-dyn+AdaReset+HardDistill,Hopper-v4,2
333100,reward,7079,93.85035676894549,95.372,P3O-dyn+AdaReset+HardDistill,Hopper-v4,2
333179,reward,7080,108.80757028048856,98.612,P3O-dyn+AdaReset+HardDistill,Hopper-v4,2
333209,reward,7081,50.23956392356339,89.516,P3O-dyn+AdaReset+HardDistill,Hopper-v4,2
333269,reward,7082,108.52077599932318,95.274,P3O-dyn+AdaReset+HardDistill,Hopper-v4,2
333339,reward,7083,102.74169837569752,90.177,P3O-dyn+AdaReset+HardDistill,Hopper-v4,2
333388,reward,7084,73.41390044943151,91.748,P3O-dyn+AdaReset+HardDistill,Hopper-v4,2
333419,reward,7085,50.83641585739971,83.991,P3O-dyn+AdaReset+HardDistill,Hopper-v4,2
333522,reward,7086,151.13832210818524,92.437,P3O-dyn+AdaReset+HardDistill,Hopper-v4,2
333564,reward,7087,69.2701493039515,85.837,P3O-dyn+AdaReset+HardDistill,Hopper-v4,2
333629,reward,7088,89.41929387228521,89.824,P3O-dyn+AdaReset+HardDistill,Hopper-v4,2
333686,reward,7089,74.13346616158623,87.852,P3O-dyn+AdaReset+HardDistill,Hopper-v4,2
333770,reward,7090,116.94268957272348,88.666,P3O-dyn+AdaReset+HardDistill,Hopper-v4,2
333808,reward,7091,52.93917763883628,88.936,P3O-dyn+AdaReset+HardDistill,Hopper-v4,2
333927,reward,7092,113.62143608302365,89.446,P3O-dyn+AdaReset+HardDistill,Hopper-v4,2
333990,reward,7093,86.4973598423653,87.821,P3O-dyn+AdaReset+HardDistill,Hopper-v4,2
334068,reward,7094,115.29128871028098,92.009,P3O-dyn+AdaReset+HardDistill,Hopper-v4,2
334135,reward,7095,88.92225562409335,95.818,P3O-dyn+AdaReset+HardDistill,Hopper-v4,2
334203,reward,7096,97.169386305124,90.421,P3O-dyn+AdaReset+HardDistill,Hopper-v4,2
334264,reward,7097,92.04311747067,92.698,P3O-dyn+AdaReset+HardDistill,Hopper-v4,2
334322,reward,7098,83.8792327228321,92.144,P3O-dyn+AdaReset+HardDistill,Hopper-v4,2
334413,reward,7099,159.94661618100838,100.725,P3O-dyn+AdaReset+HardDistill,Hopper-v4,2
334511,reward,7100,135.40973109135612,102.572,P3O-dyn+AdaReset+HardDistill,Hopper-v4,2
334564,reward,7101,80.36245425283894,105.314,P3O-dyn+AdaReset+HardDistill,Hopper-v4,2
334631,reward,7102,80.6819617010895,102.02,P3O-dyn+AdaReset+HardDistill,Hopper-v4,2
334692,reward,7103,65.89920117724613,99.961,P3O-dyn+AdaReset+HardDistill,Hopper-v4,2
334750,reward,7104,87.3559614267653,97.167,P3O-dyn+AdaReset+HardDistill,Hopper-v4,2
334803,reward,7105,86.9690440610395,96.972,P3O-dyn+AdaReset+HardDistill,Hopper-v4,2
334896,reward,7106,165.97836972695103,103.853,P3O-dyn+AdaReset+HardDistill,Hopper-v4,2
334939,reward,7107,61.43364310079336,100.792,P3O-dyn+AdaReset+HardDistill,Hopper-v4,2
334993,reward,7108,88.75276996114248,101.279,P3O-dyn+AdaReset+HardDistill,Hopper-v4,2
335081,reward,7109,114.00635269686197,96.685,P3O-dyn+AdaReset+HardDistill,Hopper-v4,2
335125,reward,7110,61.21325447558097,89.265,P3O-dyn+AdaReset+HardDistill,Hopper-v4,2
335225,reward,7111,174.7930859475251,98.708,P3O-dyn+AdaReset+HardDistill,Hopper-v4,2
335327,reward,7112,151.79484840929106,105.82,P3O-dyn+AdaReset+HardDistill,Hopper-v4,2
335359,reward,7113,52.62640899276661,104.492,P3O-dyn+AdaReset+HardDistill,Hopper-v4,2
335423,reward,7114,94.11927983781109,105.169,P3O-dyn+AdaReset+HardDistill,Hopper-v4,2
335448,reward,7115,41.25730178109632,100.598,P3O-dyn+AdaReset+HardDistill,Hopper-v4,2
335525,reward,7116,116.07365873917081,95.607,P3O-dyn+AdaReset+HardDistill,Hopper-v4,2
335556,reward,7117,51.11042447745721,94.575,P3O-dyn+AdaReset+HardDistill,Hopper-v4,2
335663,reward,7118,157.14922442513426,101.414,P3O-dyn+AdaReset+HardDistill,Hopper-v4,2
335693,reward,7119,50.32507203634284,95.046,P3O-dyn+AdaReset+HardDistill,Hopper-v4,2
335764,reward,7120,102.53771292244888,99.179,P3O-dyn+AdaReset+HardDistill,Hopper-v4,2
335819,reward,7121,85.09365584960513,90.209,P3O-dyn+AdaReset+HardDistill,Hopper-v4,2
335872,loss,-0.004979697521775961,21.16330909729004,P3O-dyn+AdaReset+HardDistill,Hopper-v4,2
335875,reward,7122,84.26927822062564,83.456,P3O-dyn+AdaReset+HardDistill,Hopper-v4,2
335939,reward,7123,77.37373047573405,85.931,P3O-dyn+AdaReset+HardDistill,Hopper-v4,2
335992,reward,7124,63.43368130413159,82.862,P3O-dyn+AdaReset+HardDistill,Hopper-v4,2
336022,reward,7125,49.825525946451236,83.719,P3O-dyn+AdaReset+HardDistill,Hopper-v4,2
336085,reward,7126,70.56342805245333,79.168,P3O-dyn+AdaReset+HardDistill,Hopper-v4,2
336158,reward,7127,76.69992399943557,81.727,P3O-dyn+AdaReset+HardDistill,Hopper-v4,2
336263,reward,7128,181.60809217671883,84.173,P3O-dyn+AdaReset+HardDistill,Hopper-v4,2
336387,reward,7129,105.76328514517762,89.717,P3O-dyn+AdaReset+HardDistill,Hopper-v4,2
336437,reward,7130,78.52688850098768,87.316,P3O-dyn+AdaReset+HardDistill,Hopper-v4,2
336511,reward,7131,108.83454335129571,89.69,P3O-dyn+AdaReset+HardDistill,Hopper-v4,2
336549,reward,7132,58.0959200712756,87.073,P3O-dyn+AdaReset+HardDistill,Hopper-v4,2
336615,reward,7133,91.09461003478428,88.445,P3O-dyn+AdaReset+HardDistill,Hopper-v4,2
336678,reward,7134,66.53352859321416,88.755,P3O-dyn+AdaReset+HardDistill,Hopper-v4,2
336709,reward,7135,52.00485241790914,88.973,P3O-dyn+AdaReset+HardDistill,Hopper-v4,2
336784,reward,7136,52.748992996421094,87.191,P3O-dyn+AdaReset+HardDistill,Hopper-v4,2
336863,reward,7137,94.43364906400868,88.964,P3O-dyn+AdaReset+HardDistill,Hopper-v4,2
336890,reward,7138,44.858568419154466,75.289,P3O-dyn+AdaReset+HardDistill,Hopper-v4,2
336938,reward,7139,68.28286010368916,71.541,P3O-dyn+AdaReset+HardDistill,Hopper-v4,2
336983,reward,7140,52.70584813281156,68.959,P3O-dyn+AdaReset+HardDistill,Hopper-v4,2
337105,reward,7141,168.1817326038973,74.894,P3O-dyn+AdaReset+HardDistill,Hopper-v4,2
337160,reward,7142,80.71363528559135,77.156,P3O-dyn+AdaReset+HardDistill,Hopper-v4,2
337206,reward,7143,81.1308391991961,76.159,P3O-dyn+AdaReset+HardDistill,Hopper-v4,2
337366,reward,7144,204.96961151558696,90.003,P3O-dyn+AdaReset+HardDistill,Hopper-v4,2
337431,reward,7145,90.91682500735851,93.894,P3O-dyn+AdaReset+HardDistill,Hopper-v4,2
337475,reward,7146,59.6607589344297,94.585,P3O-dyn+AdaReset+HardDistill,Hopper-v4,2
337555,reward,7147,109.60026942616253,96.102,P3O-dyn+AdaReset+HardDistill,Hopper-v4,2
337622,reward,7148,47.19374517718958,96.336,P3O-dyn+AdaReset+HardDistill,Hopper-v4,2
337687,reward,7149,73.11584900100814,96.819,P3O-dyn+AdaReset+HardDistill,Hopper-v4,2
337749,reward,7150,90.26770270252953,100.575,P3O-dyn+AdaReset+HardDistill,Hopper-v4,2
337863,reward,7151,170.13277389889464,100.77,P3O-dyn+AdaReset+HardDistill,Hopper-v4,2
337910,reward,7152,65.07228954961623,99.206,P3O-dyn+AdaReset+HardDistill,Hopper-v4,2
337942,reward,7153,52.62540357869289,96.356,P3O-dyn+AdaReset+HardDistill,Hopper-v4,2
337988,reward,7154,33.99532631020235,79.258,P3O-dyn+AdaReset+HardDistill,Hopper-v4,2
338020,reward,7155,54.039431772571994,75.57,P3O-dyn+AdaReset+HardDistill,Hopper-v4,2
338076,reward,7156,29.615221929419704,72.566,P3O-dyn+AdaReset+HardDistill,Hopper-v4,2
338143,reward,7157,64.59942896120774,68.066,P3O-dyn+AdaReset+HardDistill,Hopper-v4,2
338173,reward,7158,49.22052007160661,68.268,P3O-dyn+AdaReset+HardDistill,Hopper-v4,2
338329,reward,7159,182.16384288483087,79.173,P3O-dyn+AdaReset+HardDistill,Hopper-v4,2
338371,reward,7160,59.99804538363163,76.146,P3O-dyn+AdaReset+HardDistill,Hopper-v4,2
338440,reward,7161,59.186167324907224,65.052,P3O-dyn+AdaReset+HardDistill,Hopper-v4,2
338516,reward,7162,102.72296771365495,68.817,P3O-dyn+AdaReset+HardDistill,Hopper-v4,2
338541,reward,7163,41.97189709105853,67.751,P3O-dyn+AdaReset+HardDistill,Hopper-v4,2
338573,reward,7164,51.93446652735785,69.545,P3O-dyn+AdaReset+HardDistill,Hopper-v4,2
338612,reward,7165,59.95147646352792,70.136,P3O-dyn+AdaReset+HardDistill,Hopper-v4,2
338641,reward,7166,47.89508571937442,71.964,P3O-dyn+AdaReset+HardDistill,Hopper-v4,2
338807,reward,7167,229.57068658431092,88.462,P3O-dyn+AdaReset+HardDistill,Hopper-v4,2
338877,reward,7168,97.39674080225198,93.279,P3O-dyn+AdaReset+HardDistill,Hopper-v4,2
338945,reward,7169,97.54981284806706,84.818,P3O-dyn+AdaReset+HardDistill,Hopper-v4,2
339035,reward,7170,77.76950164692944,86.595,P3O-dyn+AdaReset+HardDistill,Hopper-v4,2
339078,reward,7171,63.31005911030629,87.007,P3O-dyn+AdaReset+HardDistill,Hopper-v4,2
339182,reward,7172,142.33850488709228,90.969,P3O-dyn+AdaReset+HardDistill,Hopper-v4,2
339244,reward,7173,69.6091905784328,93.733,P3O-dyn+AdaReset+HardDistill,Hopper-v4,2
339332,reward,7174,102.58404133738857,98.798,P3O-dyn+AdaReset+HardDistill,Hopper-v4,2
339385,reward,7175,54.6692464315854,98.269,P3O-dyn+AdaReset+HardDistill,Hopper-v4,2
339417,reward,7176,55.26440103961941,99.006,P3O-dyn+AdaReset+HardDistill,Hopper-v4,2
339490,reward,7177,125.67622051251494,88.617,P3O-dyn+AdaReset+HardDistill,Hopper-v4,2
339518,reward,7178,46.635690231023936,83.541,P3O-dyn+AdaReset+HardDistill,Hopper-v4,2
339572,reward,7179,47.64438611827876,78.55,P3O-dyn+AdaReset+HardDistill,Hopper-v4,2
339625,reward,7180,78.6975629187486,78.643,P3O-dyn+AdaReset+HardDistill,Hopper-v4,2
339661,reward,7181,59.08646903574096,78.221,P3O-dyn+AdaReset+HardDistill,Hopper-v4,2
339702,reward,7182,63.645645159925174,70.351,P3O-dyn+AdaReset+HardDistill,Hopper-v4,2
339784,reward,7183,89.33441739731667,72.324,P3O-dyn+AdaReset+HardDistill,Hopper-v4,2
339829,reward,7184,62.42373738404931,68.308,P3O-dyn+AdaReset+HardDistill,Hopper-v4,2
339877,reward,7185,67.0184771050424,69.543,P3O-dyn+AdaReset+HardDistill,Hopper-v4,2
339938,reward,7186,60.88704807748472,70.105,P3O-dyn+AdaReset+HardDistill,Hopper-v4,2
340000,speed,2079.79,2.79,P3O-dyn+AdaReset+HardDistill,Hopper-v4,2
340011,reward,7187,112.46750063873866,68.784,P3O-dyn+AdaReset+HardDistill,Hopper-v4,2
340054,reward,7188,70.63921460280588,71.184,P3O-dyn+AdaReset+HardDistill,Hopper-v4,2
340110,reward,7189,83.91780012604146,74.812,P3O-dyn+AdaReset+HardDistill,Hopper-v4,2
340168,reward,7190,86.66405320999256,75.608,P3O-dyn+AdaReset+HardDistill,Hopper-v4,2
340209,reward,7191,65.60988881500545,76.261,P3O-dyn+AdaReset+HardDistill,Hopper-v4,2
340263,reward,7192,67.36960678083781,76.633,P3O-dyn+AdaReset+HardDistill,Hopper-v4,2
340316,reward,7193,74.05860681570489,75.106,P3O-dyn+AdaReset+HardDistill,Hopper-v4,2
340346,reward,7194,50.312014653185024,73.894,P3O-dyn+AdaReset+HardDistill,Hopper-v4,2
340486,reward,7195,180.28189759188487,85.221,P3O-dyn+AdaReset+HardDistill,Hopper-v4,2
340575,reward,7196,88.23411167922299,87.955,P3O-dyn+AdaReset+HardDistill,Hopper-v4,2
340628,reward,7197,34.432876467064034,80.152,P3O-dyn+AdaReset+HardDistill,Hopper-v4,2
340677,reward,7198,69.84504195527406,80.073,P3O-dyn+AdaReset+HardDistill,Hopper-v4,2
340762,reward,7199,121.01718941442755,83.783,P3O-dyn+AdaReset+HardDistill,Hopper-v4,2
340894,reward,7200,152.65616402708184,90.382,P3O-dyn+AdaReset+HardDistill,Hopper-v4,2
340937,reward,7201,39.327181432716344,87.753,P3O-dyn+AdaReset+HardDistill,Hopper-v4,2
340975,reward,7202,55.69571608585805,86.586,P3O-dyn+AdaReset+HardDistill,Hopper-v4,2
341047,reward,7203,40.53591392098617,83.234,P3O-dyn+AdaReset+HardDistill,Hopper-v4,2
341094,reward,7204,32.62559339067559,81.465,P3O-dyn+AdaReset+HardDistill,Hopper-v4,2
341149,reward,7205,60.46463553272983,69.483,P3O-dyn+AdaReset+HardDistill,Hopper-v4,2
341273,reward,7206,123.6566650152127,73.026,P3O-dyn+AdaReset+HardDistill,Hopper-v4,2
341370,reward,7207,77.98268388031254,77.381,P3O-dyn+AdaReset+HardDistill,Hopper-v4,2
341438,reward,7208,49.583952726753,75.355,P3O-dyn+AdaReset+HardDistill,Hopper-v4,2
341481,reward,7209,73.02900397780219,70.556,P3O-dyn+AdaReset+HardDistill,Hopper-v4,2
341521,reward,7210,24.07495100227423,57.698,P3O-dyn+AdaReset+HardDistill,Hopper-v4,2
341588,reward,7211,90.60871178043044,62.826,P3O-dyn+AdaReset+HardDistill,Hopper-v4,2
341673,reward,7212,105.27959404571331,67.784,P3O-dyn+AdaReset+HardDistill,Hopper-v4,2
341725,reward,7213,85.08612219269109,72.239,P3O-dyn+AdaReset+HardDistill,Hopper-v4,2
341782,reward,7214,57.34672939556376,74.711,P3O-dyn+AdaReset+HardDistill,Hopper-v4,2
341883,reward,7215,111.87263322855951,79.852,P3O-dyn+AdaReset+HardDistill,Hopper-v4,2
341915,reward,7216,53.90832094949648,72.877,P3O-dyn+AdaReset+HardDistill,Hopper-v4,2
342071,reward,7217,206.2025971421541,85.699,P3O-dyn+AdaReset+HardDistill,Hopper-v4,2
342162,reward,7218,113.19156017113198,92.06,P3O-dyn+AdaReset+HardDistill,Hopper-v4,2
342202,reward,7219,36.90474604775533,88.448,P3O-dyn+AdaReset+HardDistill,Hopper-v4,2
342250,reward,7220,53.53373725573815,91.393,P3O-dyn+AdaReset+HardDistill,Hopper-v4,2
342316,reward,7221,101.7861092069695,92.511,P3O-dyn+AdaReset+HardDistill,Hopper-v4,2
342356,reward,7222,51.64994751823705,87.148,P3O-dyn+AdaReset+HardDistill,Hopper-v4,2
342387,reward,7223,51.585013716114986,83.798,P3O-dyn+AdaReset+HardDistill,Hopper-v4,2
342453,reward,7224,86.8658137739811,86.75,P3O-dyn+AdaReset+HardDistill,Hopper-v4,2
342519,reward,7225,103.78041031239924,85.941,P3O-dyn+AdaReset+HardDistill,Hopper-v4,2
342586,reward,7226,72.86617323051968,87.837,P3O-dyn+AdaReset+HardDistill,Hopper-v4,2
342616,reward,7227,49.66453516886734,72.183,P3O-dyn+AdaReset+HardDistill,Hopper-v4,2
342665,reward,7228,71.58841849082823,68.022,P3O-dyn+AdaReset+HardDistill,Hopper-v4,2
342763,reward,7229,122.85725507236235,76.618,P3O-dyn+AdaReset+HardDistill,Hopper-v4,2
342878,reward,7230,133.49195974976334,84.614,P3O-dyn+AdaReset+HardDistill,Hopper-v4,2
342920,reward,7231,57.48733035712754,80.184,P3O-dyn+AdaReset+HardDistill,Hopper-v4,2
342968,reward,7232,67.31982006690887,81.751,P3O-dyn+AdaReset+HardDistill,Hopper-v4,2
343091,reward,7233,211.06975970187784,97.699,P3O-dyn+AdaReset+HardDistill,Hopper-v4,2
343119,reward,7234,46.68517607572277,93.681,P3O-dyn+AdaReset+HardDistill,Hopper-v4,2
343186,reward,7235,79.32234455400967,91.235,P3O-dyn+AdaReset+HardDistill,Hopper-v4,2
343276,reward,7236,152.76280059304526,99.225,P3O-dyn+AdaReset+HardDistill,Hopper-v4,2
343346,reward,7237,94.93704180317181,103.752,P3O-dyn+AdaReset+HardDistill,Hopper-v4,2
343395,reward,7238,32.96719025059093,99.89,P3O-dyn+AdaReset+HardDistill,Hopper-v4,2
343451,reward,7239,81.49116545806811,95.753,P3O-dyn+AdaReset+HardDistill,Hopper-v4,2
343530,reward,7240,123.44154865235151,94.748,P3O-dyn+AdaReset+HardDistill,Hopper-v4,2
343571,reward,7241,52.5279925515112,94.252,P3O-dyn+AdaReset+HardDistill,Hopper-v4,2
343682,reward,7242,139.36639073160833,101.457,P3O-dyn+AdaReset+HardDistill,Hopper-v4,2
343739,reward,7243,55.51922915372577,85.902,P3O-dyn+AdaReset+HardDistill,Hopper-v4,2
343773,reward,7244,55.60188728647026,86.794,P3O-dyn+AdaReset+HardDistill,Hopper-v4,2
343814,reward,7245,63.17404519080945,85.179,P3O-dyn+AdaReset+HardDistill,Hopper-v4,2
343854,reward,7246,62.42684445084322,76.145,P3O-dyn+AdaReset+HardDistill,Hopper-v4,2
343928,reward,7247,80.12451892173375,74.664,P3O-dyn+AdaReset+HardDistill,Hopper-v4,2
343980,reward,7248,77.51365316181679,79.119,P3O-dyn+AdaReset+HardDistill,Hopper-v4,2
344041,reward,7249,93.4021032926754,80.31,P3O-dyn+AdaReset+HardDistill,Hopper-v4,2
344064,loss,-0.016265451908111572,14.999966621398926,P3O-dyn+AdaReset+HardDistill,Hopper-v4,2
344092,reward,7250,38.552507968054506,71.821,P3O-dyn+AdaReset+HardDistill,Hopper-v4,2
344118,reward,7251,42.99447961513782,70.868,P3O-dyn+AdaReset+HardDistill,Hopper-v4,2
344182,reward,7252,86.90726287968859,65.622,P3O-dyn+AdaReset+HardDistill,Hopper-v4,2
344217,reward,7253,60.35389111106754,66.105,P3O-dyn+AdaReset+HardDistill,Hopper-v4,2
344260,reward,7254,40.17693321932934,64.563,P3O-dyn+AdaReset+HardDistill,Hopper-v4,2
344294,reward,7255,56.70858851152803,63.916,P3O-dyn+AdaReset+HardDistill,Hopper-v4,2
344378,reward,7256,83.10991797527356,65.984,P3O-dyn+AdaReset+HardDistill,Hopper-v4,2
344461,reward,7257,131.2633494690082,71.098,P3O-dyn+AdaReset+HardDistill,Hopper-v4,2
344595,reward,7258,168.97519141559877,80.244,P3O-dyn+AdaReset+HardDistill,Hopper-v4,2
344673,reward,7259,99.77399476143148,80.882,P3O-dyn+AdaReset+HardDistill,Hopper-v4,2
344734,reward,7260,101.27570869567407,87.154,P3O-dyn+AdaReset+HardDistill,Hopper-v4,2
344788,reward,7261,85.8615268310069,91.441,P3O-dyn+AdaReset+HardDistill,Hopper-v4,2
344817,reward,7262,47.23350636594241,87.473,P3O-dyn+AdaReset+HardDistill,Hopper-v4,2
344843,reward,7263,43.52753277696283,85.791,P3O-dyn+AdaReset+HardDistill,Hopper-v4,2
344893,reward,7264,69.78057752666348,88.751,P3O-dyn+AdaReset+HardDistill,Hopper-v4,2
344929,reward,7265,58.85679584442042,88.966,P3O-dyn+AdaReset+HardDistill,Hopper-v4,2
344989,reward,7266,100.68453791699626,90.723,P3O-dyn+AdaReset+HardDistill,Hopper-v4,2
345022,reward,7267,50.85536254652071,82.682,P3O-dyn+AdaReset+HardDistill,Hopper-v4,2
345092,reward,7268,67.15732275158783,72.501,P3O-dyn+AdaReset+HardDistill,Hopper-v4,2
345151,reward,7269,72.92249426978701,69.816,P3O-dyn+AdaReset+HardDistill,Hopper-v4,2
345215,reward,7270,60.91684234026093,65.78,P3O-dyn+AdaReset+HardDistill,Hopper-v4,2
345276,reward,7271,94.34941338509564,66.628,P3O-dyn+AdaReset+HardDistill,Hopper-v4,2
345333,reward,7272,84.22547607555894,70.328,P3O-dyn+AdaReset+HardDistill,Hopper-v4,2
345406,reward,7273,98.42808267287853,75.818,P3O-dyn+AdaReset+HardDistill,Hopper-v4,2
345439,reward,7274,48.49337100280155,73.689,P3O-dyn+AdaReset+HardDistill,Hopper-v4,2
345525,reward,7275,89.21783348151014,76.725,P3O-dyn+AdaReset+HardDistill,Hopper-v4,2
345545,reward,7276,12.83759009130339,67.94,P3O-dyn+AdaReset+HardDistill,Hopper-v4,2
345602,reward,7277,97.49037757003498,72.604,P3O-dyn+AdaReset+HardDistill,Hopper-v4,2
345638,reward,7278,52.3749079290166,71.126,P3O-dyn+AdaReset+HardDistill,Hopper-v4,2
345714,reward,7279,103.89282778325322,74.223,P3O-dyn+AdaReset+HardDistill,Hopper-v4,2
345763,reward,7280,84.71697894596205,76.603,P3O-dyn+AdaReset+HardDistill,Hopper-v4,2
345910,reward,7281,164.47830535640807,83.616,P3O-dyn+AdaReset+HardDistill,Hopper-v4,2
346124,reward,7282,265.5501251812903,101.748,P3O-dyn+AdaReset+HardDistill,Hopper-v4,2
346165,reward,7283,62.43124056600377,98.148,P3O-dyn+AdaReset+HardDistill,Hopper-v4,2
346191,reward,7284,43.890279471228254,97.688,P3O-dyn+AdaReset+HardDistill,Hopper-v4,2
346239,reward,7285,80.87606866665455,96.854,P3O-dyn+AdaReset+HardDistill,Hopper-v4,2
346324,reward,7286,113.18843711945743,106.889,P3O-dyn+AdaReset+HardDistill,Hopper-v4,2
346357,reward,7287,54.63465550167968,102.603,P3O-dyn+AdaReset+HardDistill,Hopper-v4,2
346398,reward,7288,46.06141373093991,101.972,P3O-dyn+AdaReset+HardDistill,Hopper-v4,2
346428,reward,7289,50.05948293133397,96.589,P3O-dyn+AdaReset+HardDistill,Hopper-v4,2
346490,reward,7290,73.2469514655997,95.442,P3O-dyn+AdaReset+HardDistill,Hopper-v4,2
346538,reward,7291,80.53841211438942,87.048,P3O-dyn+AdaReset+HardDistill,Hopper-v4,2
346601,reward,7292,83.36915947307159,68.83,P3O-dyn+AdaReset+HardDistill,Hopper-v4,2
346650,reward,7293,72.45942766124436,69.832,P3O-dyn+AdaReset+HardDistill,Hopper-v4,2
346679,reward,7294,48.14416622212325,70.258,P3O-dyn+AdaReset+HardDistill,Hopper-v4,2
346732,reward,7295,63.38929410247352,68.509,P3O-dyn+AdaReset+HardDistill,Hopper-v4,2
346789,reward,7296,63.72157241903883,63.562,P3O-dyn+AdaReset+HardDistill,Hopper-v4,2
346842,reward,7297,56.12498221986637,63.711,P3O-dyn+AdaReset+HardDistill,Hopper-v4,2
346893,reward,7298,48.426573052630424,63.948,P3O-dyn+AdaReset+HardDistill,Hopper-v4,2
346942,reward,7299,74.04923974136952,66.347,P3O-dyn+AdaReset+HardDistill,Hopper-v4,2
346985,reward,7300,60.511936324188305,65.073,P3O-dyn+AdaReset+HardDistill,Hopper-v4,2
347039,reward,7301,75.57609877069243,64.577,P3O-dyn+AdaReset+HardDistill,Hopper-v4,2
347104,reward,7302,59.212388081985786,62.162,P3O-dyn+AdaReset+HardDistill,Hopper-v4,2
347148,reward,7303,61.368232551660114,61.052,P3O-dyn+AdaReset+HardDistill,Hopper-v4,2
347215,reward,7304,102.04370049688369,66.442,P3O-dyn+AdaReset+HardDistill,Hopper-v4,2
347269,reward,7305,23.909916393012754,62.494,P3O-dyn+AdaReset+HardDistill,Hopper-v4,2
347359,reward,7306,117.3330473109346,67.856,P3O-dyn+AdaReset+HardDistill,Hopper-v4,2
347402,reward,7307,63.40107993964239,68.583,P3O-dyn+AdaReset+HardDistill,Hopper-v4,2
347461,reward,7308,65.99376959315462,70.34,P3O-dyn+AdaReset+HardDistill,Hopper-v4,2
347498,reward,7309,54.468345674440876,68.382,P3O-dyn+AdaReset+HardDistill,Hopper-v4,2
347572,reward,7310,74.74286935351283,69.805,P3O-dyn+AdaReset+HardDistill,Hopper-v4,2
347656,reward,7311,68.685581378685,69.116,P3O-dyn+AdaReset+HardDistill,Hopper-v4,2
347692,reward,7312,39.06972124447532,67.102,P3O-dyn+AdaReset+HardDistill,Hopper-v4,2
347789,reward,7313,105.72708962068948,71.538,P3O-dyn+AdaReset+HardDistill,Hopper-v4,2
347916,reward,7314,141.22087211993357,75.455,P3O-dyn+AdaReset+HardDistill,Hopper-v4,2
347946,reward,7315,50.355052274288965,78.1,P3O-dyn+AdaReset+HardDistill,Hopper-v4,2
348002,reward,7316,65.74655100451292,72.941,P3O-dyn+AdaReset+HardDistill,Hopper-v4,2
348065,reward,7317,96.36411641825491,76.237,P3O-dyn+AdaReset+HardDistill,Hopper-v4,2
348112,reward,7318,53.87842063431415,75.026,P3O-dyn+AdaReset+HardDistill,Hopper-v4,2
348164,reward,7319,74.65846471699872,77.045,P3O-dyn+AdaReset+HardDistill,Hopper-v4,2
348229,reward,7320,59.60287392805919,75.531,P3O-dyn+AdaReset+HardDistill,Hopper-v4,2
348288,reward,7321,87.04771037876428,77.367,P3O-dyn+AdaReset+HardDistill,Hopper-v4,2
348344,reward,7322,64.76247480033844,79.936,P3O-dyn+AdaReset+HardDistill,Hopper-v4,2
348413,reward,7323,88.14196861514466,78.178,P3O-dyn+AdaReset+HardDistill,Hopper-v4,2
348468,reward,7324,78.62109358260555,71.918,P3O-dyn+AdaReset+HardDistill,Hopper-v4,2
348511,reward,7325,48.72852280342444,71.755,P3O-dyn+AdaReset+HardDistill,Hopper-v4,2
348562,reward,7326,74.27873982843171,72.608,P3O-dyn+AdaReset+HardDistill,Hopper-v4,2
348653,reward,7327,181.72801684488687,81.145,P3O-dyn+AdaReset+HardDistill,Hopper-v4,2
348682,reward,7328,48.46899612746705,80.604,P3O-dyn+AdaReset+HardDistill,Hopper-v4,2
348735,reward,7329,44.33183924351555,77.571,P3O-dyn+AdaReset+HardDistill,Hopper-v4,2
348794,reward,7330,84.60832731673283,80.072,P3O-dyn+AdaReset+HardDistill,Hopper-v4,2
348825,reward,7331,51.17326264934016,76.484,P3O-dyn+AdaReset+HardDistill,Hopper-v4,2
348880,reward,7332,56.605025166941445,75.669,P3O-dyn+AdaReset+HardDistill,Hopper-v4,2
348944,reward,7333,94.96641591346021,76.351,P3O-dyn+AdaReset+HardDistill,Hopper-v4,2
349004,reward,7334,54.87783196117853,73.977,P3O-dyn+AdaReset+HardDistill,Hopper-v4,2
349062,reward,7335,86.22954011500511,77.727,P3O-dyn+AdaReset+HardDistill,Hopper-v4,2
349133,reward,7336,58.81631801280125,76.181,P3O-dyn+AdaReset+HardDistill,Hopper-v4,2
349158,reward,7337,42.40664534972585,62.248,P3O-dyn+AdaReset+HardDistill,Hopper-v4,2
349264,reward,7338,139.5362285664223,71.355,P3O-dyn+AdaReset+HardDistill,Hopper-v4,2
349319,reward,7339,30.242029530197208,69.946,P3O-dyn+AdaReset+HardDistill,Hopper-v4,2
349344,reward,7340,41.9113911076334,65.676,P3O-dyn+AdaReset+HardDistill,Hopper-v4,2
349412,reward,7341,78.475835568036,68.407,P3O-dyn+AdaReset+HardDistill,Hopper-v4,2
349474,reward,7342,96.15612699715406,72.362,P3O-dyn+AdaReset+HardDistill,Hopper-v4,2
349508,reward,7343,57.41125516187044,68.606,P3O-dyn+AdaReset+HardDistill,Hopper-v4,2
349578,reward,7344,119.89163457138382,75.108,P3O-dyn+AdaReset+HardDistill,Hopper-v4,2
349605,reward,7345,44.04256948472115,70.889,P3O-dyn+AdaReset+HardDistill,Hopper-v4,2
349678,reward,7346,71.08239974339209,72.116,P3O-dyn+AdaReset+HardDistill,Hopper-v4,2
349763,reward,7347,91.06670714238795,76.982,P3O-dyn+AdaReset+HardDistill,Hopper-v4,2
349869,reward,7348,161.15612198765027,79.144,P3O-dyn+AdaReset+HardDistill,Hopper-v4,2
349920,reward,7349,70.97428914015498,83.217,P3O-dyn+AdaReset+HardDistill,Hopper-v4,2
349959,reward,7350,64.01842721401027,85.428,P3O-dyn+AdaReset+HardDistill,Hopper-v4,2
349984,reward,7351,42.13498567302693,81.793,P3O-dyn+AdaReset+HardDistill,Hopper-v4,2
350000,speed,2056.41,2.87,P3O-dyn+AdaReset+HardDistill,Hopper-v4,2
350000,sbp,0.4,0.2672,0.1996,P3O-dyn+AdaReset+HardDistill,Hopper-v4,2,0.01629,1,1.774396,1.059032,0.017922,0.013628,4.246193,4.250453,0.675489,0.315097,0.001003,0.785974,1.737301,0.015721,0.001623,2,periodic,0.017957,0.025,0.199644,0.0,0.199644,0.017957,0.017957,0.017957,0.017683,0.017701,0.017692,0,0.0,0.0,0.0
350086,reward,7352,144.00784479749996,86.579,P3O-dyn+AdaReset+HardDistill,Hopper-v4,2
350133,reward,7353,70.71898219406049,87.909,P3O-dyn+AdaReset+HardDistill,Hopper-v4,2
350183,reward,7354,55.535220717742405,81.474,P3O-dyn+AdaReset+HardDistill,Hopper-v4,2
350234,reward,7355,72.71970378686531,84.341,P3O-dyn+AdaReset+HardDistill,Hopper-v4,2
350357,reward,7356,166.07176176812425,93.84,P3O-dyn+AdaReset+HardDistill,Hopper-v4,2
350404,reward,7357,59.916476025285384,90.725,P3O-dyn+AdaReset+HardDistill,Hopper-v4,2
350475,reward,7358,112.13233028530313,85.823,P3O-dyn+AdaReset+HardDistill,Hopper-v4,2
350518,reward,7359,61.12660159691002,84.838,P3O-dyn+AdaReset+HardDistill,Hopper-v4,2
350580,reward,7360,63.33938390586875,84.77,P3O-dyn+AdaReset+HardDistill,Hopper-v4,2
350629,reward,7361,55.53129562651547,86.11,P3O-dyn+AdaReset+HardDistill,Hopper-v4,2
350684,reward,7362,63.181834373808,78.027,P3O-dyn+AdaReset+HardDistill,Hopper-v4,2
350735,reward,7363,69.44419025912177,77.9,P3O-dyn+AdaReset+HardDistill,Hopper-v4,2
350774,reward,7364,55.318979633397966,77.878,P3O-dyn+AdaReset+HardDistill,Hopper-v4,2
350801,reward,7365,45.89106260684522,75.195,P3O-dyn+AdaReset+HardDistill,Hopper-v4,2
350852,reward,7366,73.90977771266805,65.979,P3O-dyn+AdaReset+HardDistill,Hopper-v4,2
350911,reward,7367,55.717407467082985,65.559,P3O-dyn+AdaReset+HardDistill,Hopper-v4,2
350956,reward,7368,66.90153025423686,61.036,P3O-dyn+AdaReset+HardDistill,Hopper-v4,2
350987,reward,7369,50.7491699911335,59.998,P3O-dyn+AdaReset+HardDistill,Hopper-v4,2
351011,reward,7370,41.39855558362399,57.804,P3O-dyn+AdaReset+HardDistill,Hopper-v4,2
351061,reward,7371,70.27004876135652,59.278,P3O-dyn+AdaReset+HardDistill,Hopper-v4,2
351210,reward,7372,176.25854092584333,70.586,P3O-dyn+AdaReset+HardDistill,Hopper-v4,2
351272,reward,7373,69.31745219726379,70.573,P3O-dyn+AdaReset+HardDistill,Hopper-v4,2
351373,reward,7374,172.09151830923273,82.251,P3O-dyn+AdaReset+HardDistill,Hopper-v4,2
351424,reward,7375,43.13267767912457,81.975,P3O-dyn+AdaReset+HardDistill,Hopper-v4,2
351458,reward,7376,56.617541864341035,80.245,P3O-dyn+AdaReset+HardDistill,Hopper-v4,2
351578,reward,7377,126.06560831037677,87.28,P3O-dyn+AdaReset+HardDistill,Hopper-v4,2
351645,reward,7378,88.26257335500365,89.416,P3O-dyn+AdaReset+HardDistill,Hopper-v4,2
351691,reward,7379,72.45785943767015,91.587,P3O-dyn+AdaReset+HardDistill,Hopper-v4,2
351771,reward,7380,113.47040377624965,98.794,P3O-dyn+AdaReset+HardDistill,Hopper-v4,2
351813,reward,7381,54.76960049886091,97.244,P3O-dyn+AdaReset+HardDistill,Hopper-v4,2
351857,reward,7382,60.77857501129121,85.696,P3O-dyn+AdaReset+HardDistill,Hopper-v4,2
351894,reward,7383,55.09849497533443,84.274,P3O-dyn+AdaReset+HardDistill,Hopper-v4,2
351955,reward,7384,66.08408095029674,73.674,P3O-dyn+AdaReset+HardDistill,Hopper-v4,2
351995,reward,7385,59.74988587941327,75.335,P3O-dyn+AdaReset+HardDistill,Hopper-v4,2
352043,reward,7386,68.35077751701836,76.509,P3O-dyn+AdaReset+HardDistill,Hopper-v4,2
352100,reward,7387,67.98831585513115,70.701,P3O-dyn+AdaReset+HardDistill,Hopper-v4,2
352138,reward,7388,55.43279911665291,67.418,P3O-dyn+AdaReset+HardDistill,Hopper-v4,2
352200,reward,7389,46.10906521361418,64.783,P3O-dyn+AdaReset+HardDistill,Hopper-v4,2
352232,reward,7390,52.990849155725506,58.735,P3O-dyn+AdaReset+HardDistill,Hopper-v4,2
352256,loss,-0.0143309710547328,12.45712947845459,P3O-dyn+AdaReset+HardDistill,Hopper-v4,2
352282,reward,7391,61.52322381215267,59.411,P3O-dyn+AdaReset+HardDistill,Hopper-v4,2
352320,reward,7392,57.731326550419865,59.106,P3O-dyn+AdaReset+HardDistill,Hopper-v4,2
352341,reward,7393,5.259119931508998,54.122,P3O-dyn+AdaReset+HardDistill,Hopper-v4,2
352382,reward,7394,56.184084057910134,53.132,P3O-dyn+AdaReset+HardDistill,Hopper-v4,2
352432,reward,7395,67.39894463625508,53.897,P3O-dyn+AdaReset+HardDistill,Hopper-v4,2
352498,reward,7396,106.01907515860059,57.664,P3O-dyn+AdaReset+HardDistill,Hopper-v4,2
352561,reward,7397,78.10977378613289,58.676,P3O-dyn+AdaReset+HardDistill,Hopper-v4,2
352593,reward,7398,50.079361757902184,58.14,P3O-dyn+AdaReset+HardDistill,Hopper-v4,2
352653,reward,7399,62.042842702729565,59.734,P3O-dyn+AdaReset+HardDistill,Hopper-v4,2
352694,reward,7400,60.21855004611903,60.457,P3O-dyn+AdaReset+HardDistill,Hopper-v4,2
352730,reward,7401,28.720829707933937,57.176,P3O-dyn+AdaReset+HardDistill,Hopper-v4,2
352791,reward,7402,48.639817198317836,56.267,P3O-dyn+AdaReset+HardDistill,Hopper-v4,2
352862,reward,7403,102.75707357401355,66.017,P3O-dyn+AdaReset+HardDistill,Hopper-v4,2
352904,reward,7404,63.50265317725812,66.749,P3O-dyn+AdaReset+HardDistill,Hopper-v4,2
352952,reward,7405,67.56005775611297,66.765,P3O-dyn+AdaReset+HardDistill,Hopper-v4,2
353004,reward,7406,74.07466499395824,63.571,P3O-dyn+AdaReset+HardDistill,Hopper-v4,2
353155,reward,7407,212.41218026173686,77.001,P3O-dyn+AdaReset+HardDistill,Hopper-v4,2
353188,reward,7408,51.76211516073602,77.169,P3O-dyn+AdaReset+HardDistill,Hopper-v4,2
353217,reward,7409,48.91622371232135,75.856,P3O-dyn+AdaReset+HardDistill,Hopper-v4,2
353259,reward,7410,55.83027328834948,75.418,P3O-dyn+AdaReset+HardDistill,Hopper-v4,2
353301,reward,7411,65.57978554146929,79.103,P3O-dyn+AdaReset+HardDistill,Hopper-v4,2
353355,reward,7412,78.40234971554361,82.08,P3O-dyn+AdaReset+HardDistill,Hopper-v4,2
353390,reward,7413,52.08760757475709,77.013,P3O-dyn+AdaReset+HardDistill,Hopper-v4,2
353440,reward,7414,60.61062641121874,76.724,P3O-dyn+AdaReset+HardDistill,Hopper-v4,2
353477,reward,7415,56.50604796466901,75.618,P3O-dyn+AdaReset+HardDistill,Hopper-v4,2
353505,reward,7416,47.16317057748473,72.927,P3O-dyn+AdaReset+HardDistill,Hopper-v4,2
353546,reward,7417,57.15342276199322,57.401,P3O-dyn+AdaReset+HardDistill,Hopper-v4,2
353635,reward,7418,106.26018292822963,62.851,P3O-dyn+AdaReset+HardDistill,Hopper-v4,2
353697,reward,7419,89.90393574855734,66.95,P3O-dyn+AdaReset+HardDistill,Hopper-v4,2
353712,reward,7420,4.982918622288033,61.865,P3O-dyn+AdaReset+HardDistill,Hopper-v4,2
353746,reward,7421,53.565439616090785,60.664,P3O-dyn+AdaReset+HardDistill,Hopper-v4,2
353779,reward,7422,53.75746203908192,58.199,P3O-dyn+AdaReset+HardDistill,Hopper-v4,2
353840,reward,7423,93.85018143848347,62.375,P3O-dyn+AdaReset+HardDistill,Hopper-v4,2
353883,reward,7424,62.991673120798545,62.613,P3O-dyn+AdaReset+HardDistill,Hopper-v4,2
353969,reward,7425,129.1386380564795,69.877,P3O-dyn+AdaReset+HardDistill,Hopper-v4,2
354023,reward,7426,49.789641891058146,70.139,P3O-dyn+AdaReset+HardDistill,Hopper-v4,2
354071,reward,7427,47.16333129952729,69.14,P3O-dyn+AdaReset+HardDistill,Hopper-v4,2
354112,reward,7428,58.16295722257391,64.331,P3O-dyn+AdaReset+HardDistill,Hopper-v4,2
354201,reward,7429,106.16036416306396,65.956,P3O-dyn+AdaReset+HardDistill,Hopper-v4,2
354249,reward,7430,69.96853728178056,72.455,P3O-dyn+AdaReset+HardDistill,Hopper-v4,2
354385,reward,7431,162.1314690887464,83.311,P3O-dyn+AdaReset+HardDistill,Hopper-v4,2
354418,reward,7432,54.55887154979766,83.392,P3O-dyn+AdaReset+HardDistill,Hopper-v4,2
354469,reward,7433,46.912160759901596,78.698,P3O-dyn+AdaReset+HardDistill,Hopper-v4,2
354514,reward,7434,61.652735753049356,78.564,P3O-dyn+AdaReset+HardDistill,Hopper-v4,2
354542,reward,7435,46.257369669836805,70.276,P3O-dyn+AdaReset+HardDistill,Hopper-v4,2
354571,reward,7436,48.752756982275464,70.172,P3O-dyn+AdaReset+HardDistill,Hopper-v4,2
354597,reward,7437,44.51566583825772,69.907,P3O-dyn+AdaReset+HardDistill,Hopper-v4,2
354675,reward,7438,125.99336537688951,76.69,P3O-dyn+AdaReset+HardDistill,Hopper-v4,2
354723,reward,7439,68.48764811494054,72.923,P3O-dyn+AdaReset+HardDistill,Hopper-v4,2
354778,reward,7440,80.0169139638204,73.928,P3O-dyn+AdaReset+HardDistill,Hopper-v4,2
354805,reward,7441,44.29259236892561,62.144,P3O-dyn+AdaReset+HardDistill,Hopper-v4,2
354851,reward,7442,68.66317621207656,63.554,P3O-dyn+AdaReset+HardDistill,Hopper-v4,2
354884,reward,7443,42.307729367423505,63.094,P3O-dyn+AdaReset+HardDistill,Hopper-v4,2
354968,reward,7444,106.12444484199025,67.541,P3O-dyn+AdaReset+HardDistill,Hopper-v4,2
355030,reward,7445,63.774339628925354,69.293,P3O-dyn+AdaReset+HardDistill,Hopper-v4,2
355075,reward,7446,47.05449371504354,69.123,P3O-dyn+AdaReset+HardDistill,Hopper-v4,2
355167,reward,7447,112.13904117158489,75.885,P3O-dyn+AdaReset+HardDistill,Hopper-v4,2
355216,reward,7448,69.27139432590134,70.213,P3O-dyn+AdaReset+HardDistill,Hopper-v4,2
355294,reward,7449,54.176508752195986,68.782,P3O-dyn+AdaReset+HardDistill,Hopper-v4,2
355325,reward,7450,47.32504045235965,65.513,P3O-dyn+AdaReset+HardDistill,Hopper-v4,2
355366,reward,7451,57.39611868671036,66.823,P3O-dyn+AdaReset+HardDistill,Hopper-v4,2
355411,reward,7452,72.81301556788983,67.238,P3O-dyn+AdaReset+HardDistill,Hopper-v4,2
355464,reward,7453,79.3064282576634,70.938,P3O-dyn+AdaReset+HardDistill,Hopper-v4,2
355513,reward,7454,70.1248273799786,67.338,P3O-dyn+AdaReset+HardDistill,Hopper-v4,2
355570,reward,7455,54.68703322833871,66.429,P3O-dyn+AdaReset+HardDistill,Hopper-v4,2
355606,reward,7456,53.727793746950375,67.097,P3O-dyn+AdaReset+HardDistill,Hopper-v4,2
355637,reward,7457,50.551171661850795,60.938,P3O-dyn+AdaReset+HardDistill,Hopper-v4,2
355683,reward,7458,65.91784064547637,60.603,P3O-dyn+AdaReset+HardDistill,Hopper-v4,2
355734,reward,7459,73.04521700034881,62.489,P3O-dyn+AdaReset+HardDistill,Hopper-v4,2
355786,reward,7460,81.6812246432953,65.925,P3O-dyn+AdaReset+HardDistill,Hopper-v4,2
355832,reward,7461,68.90835839559664,67.076,P3O-dyn+AdaReset+HardDistill,Hopper-v4,2
355874,reward,7462,25.689309903336962,62.364,P3O-dyn+AdaReset+HardDistill,Hopper-v4,2
355916,reward,7463,62.57251758740619,60.691,P3O-dyn+AdaReset+HardDistill,Hopper-v4,2
355967,reward,7464,44.37195639559349,58.115,P3O-dyn+AdaReset+HardDistill,Hopper-v4,2
356063,reward,7465,94.6892365866993,62.115,P3O-dyn+AdaReset+HardDistill,Hopper-v4,2
356099,reward,7466,55.790724961914975,62.322,P3O-dyn+AdaReset+HardDistill,Hopper-v4,2
356151,reward,7467,87.22575771896979,65.989,P3O-dyn+AdaReset+HardDistill,Hopper-v4,2
356181,reward,7468,40.01079218955406,63.399,P3O-dyn+AdaReset+HardDistill,Hopper-v4,2
356255,reward,7469,92.27877727812125,65.322,P3O-dyn+AdaReset+HardDistill,Hopper-v4,2
356286,reward,7470,48.261262973314984,61.98,P3O-dyn+AdaReset+HardDistill,Hopper-v4,2
356343,reward,7471,61.22726823656907,61.212,P3O-dyn+AdaReset+HardDistill,Hopper-v4,2
356366,reward,7472,8.425614440378702,59.485,P3O-dyn+AdaReset+HardDistill,Hopper-v4,2
356456,reward,7473,123.75996337041202,65.604,P3O-dyn+AdaReset+HardDistill,Hopper-v4,2
356510,reward,7474,57.30358942708936,66.897,P3O-dyn+AdaReset+HardDistill,Hopper-v4,2
356625,reward,7475,176.9025282483396,75.119,P3O-dyn+AdaReset+HardDistill,Hopper-v4,2
356670,reward,7476,48.25211162696159,74.365,P3O-dyn+AdaReset+HardDistill,Hopper-v4,2
356706,reward,7477,37.38495190886381,69.381,P3O-dyn+AdaReset+HardDistill,Hopper-v4,2
356753,reward,7478,64.13551748589678,71.793,P3O-dyn+AdaReset+HardDistill,Hopper-v4,2
356828,reward,7479,58.866318865703114,68.452,P3O-dyn+AdaReset+HardDistill,Hopper-v4,2
356866,reward,7480,56.64521481219719,69.29,P3O-dyn+AdaReset+HardDistill,Hopper-v4,2
356938,reward,7481,49.15794442183048,68.083,P3O-dyn+AdaReset+HardDistill,Hopper-v4,2
357046,reward,7482,119.89573016656531,79.23,P3O-dyn+AdaReset+HardDistill,Hopper-v4,2
357127,reward,7483,105.02617851937109,77.357,P3O-dyn+AdaReset+HardDistill,Hopper-v4,2
357224,reward,7484,89.87033871848821,80.614,P3O-dyn+AdaReset+HardDistill,Hopper-v4,2
357292,reward,7485,65.53550539066106,69.477,P3O-dyn+AdaReset+HardDistill,Hopper-v4,2
357351,reward,7486,83.91187790875314,73.043,P3O-dyn+AdaReset+HardDistill,Hopper-v4,2
357412,reward,7487,68.9656906535374,76.201,P3O-dyn+AdaReset+HardDistill,Hopper-v4,2
357436,reward,7488,41.38791086781329,73.926,P3O-dyn+AdaReset+HardDistill,Hopper-v4,2
357463,reward,7489,45.456909105019676,72.585,P3O-dyn+AdaReset+HardDistill,Hopper-v4,2
357505,reward,7490,33.70948441851039,70.292,P3O-dyn+AdaReset+HardDistill,Hopper-v4,2
357549,reward,7491,40.20993473396459,69.397,P3O-dyn+AdaReset+HardDistill,Hopper-v4,2
357650,reward,7492,168.1189156749211,74.219,P3O-dyn+AdaReset+HardDistill,Hopper-v4,2
357664,reward,7493,12.120190367454226,64.929,P3O-dyn+AdaReset+HardDistill,Hopper-v4,2
357717,reward,7494,38.2818348949413,59.77,P3O-dyn+AdaReset+HardDistill,Hopper-v4,2
357768,reward,7495,71.93816310220714,60.41,P3O-dyn+AdaReset+HardDistill,Hopper-v4,2
357812,reward,7496,51.155625540789686,57.134,P3O-dyn+AdaReset+HardDistill,Hopper-v4,2
357868,reward,7497,81.14148983325613,58.352,P3O-dyn+AdaReset+HardDistill,Hopper-v4,2
357968,reward,7498,183.8698775733896,72.6,P3O-dyn+AdaReset+HardDistill,Hopper-v4,2
358012,reward,7499,67.75996882522922,74.831,P3O-dyn+AdaReset+HardDistill,Hopper-v4,2
358054,reward,7500,61.597644923225744,77.619,P3O-dyn+AdaReset+HardDistill,Hopper-v4,2
358095,reward,7501,61.06024197794023,79.704,P3O-dyn+AdaReset+HardDistill,Hopper-v4,2
358131,reward,7502,45.9503156240914,67.488,P3O-dyn+AdaReset+HardDistill,Hopper-v4,2
358164,reward,7503,53.91320836841725,71.667,P3O-dyn+AdaReset+HardDistill,Hopper-v4,2
358206,reward,7504,59.62191449174427,73.801,P3O-dyn+AdaReset+HardDistill,Hopper-v4,2
358276,reward,7505,117.28080996771139,78.335,P3O-dyn+AdaReset+HardDistill,Hopper-v4,2
358340,reward,7506,66.20002133789758,79.84,P3O-dyn+AdaReset+HardDistill,Hopper-v4,2
358398,reward,7507,66.18504145636062,78.344,P3O-dyn+AdaReset+HardDistill,Hopper-v4,2
358478,reward,7508,131.06042555857692,73.063,P3O-dyn+AdaReset+HardDistill,Hopper-v4,2
358508,reward,7509,49.39702530344751,71.227,P3O-dyn+AdaReset+HardDistill,Hopper-v4,2
358548,reward,7510,54.20788248158018,70.488,P3O-dyn+AdaReset+HardDistill,Hopper-v4,2
358579,reward,7511,51.37801359086511,69.519,P3O-dyn+AdaReset+HardDistill,Hopper-v4,2
358617,reward,7512,52.57785786287455,70.182,P3O-dyn+AdaReset+HardDistill,Hopper-v4,2
358677,reward,7513,89.70376057280933,73.761,P3O-dyn+AdaReset+HardDistill,Hopper-v4,2
358724,reward,7514,42.978323909299725,72.097,P3O-dyn+AdaReset+HardDistill,Hopper-v4,2
358736,reward,7515,5.491132913473668,60.918,P3O-dyn+AdaReset+HardDistill,Hopper-v4,2
358782,reward,7516,65.13870577825463,60.812,P3O-dyn+AdaReset+HardDistill,Hopper-v4,2
358880,reward,7517,106.2044382668384,64.814,P3O-dyn+AdaReset+HardDistill,Hopper-v4,2
358907,reward,7518,44.78751236719789,56.186,P3O-dyn+AdaReset+HardDistill,Hopper-v4,2
358935,reward,7519,46.82199293074634,55.929,P3O-dyn+AdaReset+HardDistill,Hopper-v4,2
358971,reward,7520,51.81092820318067,55.689,P3O-dyn+AdaReset+HardDistill,Hopper-v4,2
359062,reward,7521,95.41387824498484,60.093,P3O-dyn+AdaReset+HardDistill,Hopper-v4,2
359104,reward,7522,61.897872070569925,61.025,P3O-dyn+AdaReset+HardDistill,Hopper-v4,2
359131,reward,7523,45.172647367308244,56.572,P3O-dyn+AdaReset+HardDistill,Hopper-v4,2
359176,reward,7524,70.27450498320208,59.301,P3O-dyn+AdaReset+HardDistill,Hopper-v4,2
359213,reward,7525,37.041204872881416,62.456,P3O-dyn+AdaReset+HardDistill,Hopper-v4,2
359243,reward,7526,47.55730036581979,60.698,P3O-dyn+AdaReset+HardDistill,Hopper-v4,2
359324,reward,7527,115.28342965397296,61.606,P3O-dyn+AdaReset+HardDistill,Hopper-v4,2
359383,reward,7528,53.52265554384895,62.48,P3O-dyn+AdaReset+HardDistill,Hopper-v4,2
359443,reward,7529,87.52167987297585,66.55,P3O-dyn+AdaReset+HardDistill,Hopper-v4,2
359493,reward,7530,57.40569409883889,67.109,P3O-dyn+AdaReset+HardDistill,Hopper-v4,2
359511,reward,7531,7.9840398498214,58.366,P3O-dyn+AdaReset+HardDistill,Hopper-v4,2
359549,reward,7532,41.68938878155537,56.345,P3O-dyn+AdaReset+HardDistill,Hopper-v4,2
359609,reward,7533,57.70345305942557,57.598,P3O-dyn+AdaReset+HardDistill,Hopper-v4,2
359635,reward,7534,44.22418727209367,54.993,P3O-dyn+AdaReset+HardDistill,Hopper-v4,2
359666,reward,7535,51.74667191924817,56.464,P3O-dyn+AdaReset+HardDistill,Hopper-v4,2
359697,reward,7536,48.236336796742734,56.532,P3O-dyn+AdaReset+HardDistill,Hopper-v4,2
359786,reward,7537,124.11232214354298,57.415,P3O-dyn+AdaReset+HardDistill,Hopper-v4,2
359849,reward,7538,65.78538077674723,58.641,P3O-dyn+AdaReset+HardDistill,Hopper-v4,2
359896,reward,7539,72.43050487491892,57.132,P3O-dyn+AdaReset+HardDistill,Hopper-v4,2
359924,reward,7540,46.46039390267274,56.037,P3O-dyn+AdaReset+HardDistill,Hopper-v4,2
359967,reward,7541,62.7177284472072,61.511,P3O-dyn+AdaReset+HardDistill,Hopper-v4,2
359989,reward,7542,6.6456673697891615,58.006,P3O-dyn+AdaReset+HardDistill,Hopper-v4,2
360000,speed,2055.51,2.95,P3O-dyn+AdaReset+HardDistill,Hopper-v4,2
360045,reward,7543,82.77075487279093,60.513,P3O-dyn+AdaReset+HardDistill,Hopper-v4,2
360073,reward,7544,46.18040566138795,60.709,P3O-dyn+AdaReset+HardDistill,Hopper-v4,2
360132,reward,7545,66.2356311023705,62.158,P3O-dyn+AdaReset+HardDistill,Hopper-v4,2
360160,reward,7546,46.423845831857015,61.976,P3O-dyn+AdaReset+HardDistill,Hopper-v4,2
360197,reward,7547,55.37210212883475,55.102,P3O-dyn+AdaReset+HardDistill,Hopper-v4,2
360279,reward,7548,84.71014284900608,56.995,P3O-dyn+AdaReset+HardDistill,Hopper-v4,2
360335,reward,7549,52.93830049747276,55.045,P3O-dyn+AdaReset+HardDistill,Hopper-v4,2
360375,reward,7550,64.21669441282496,56.821,P3O-dyn+AdaReset+HardDistill,Hopper-v4,2
360402,reward,7551,45.550997476031206,55.104,P3O-dyn+AdaReset+HardDistill,Hopper-v4,2
360448,loss,-0.02482369914650917,17.95847511291504,P3O-dyn+AdaReset+HardDistill,Hopper-v4,2
360543,reward,7552,175.84740171629414,72.025,P3O-dyn+AdaReset+HardDistill,Hopper-v4,2
360590,reward,7553,66.87430463963926,70.435,P3O-dyn+AdaReset+HardDistill,Hopper-v4,2
360653,reward,7554,67.91117817220415,72.608,P3O-dyn+AdaReset+HardDistill,Hopper-v4,2
360703,reward,7555,54.98045968732613,71.483,P3O-dyn+AdaReset+HardDistill,Hopper-v4,2
360758,reward,7556,71.38531073481758,73.979,P3O-dyn+AdaReset+HardDistill,Hopper-v4,2
360797,reward,7557,59.563785566457625,74.398,P3O-dyn+AdaReset+HardDistill,Hopper-v4,2
360847,reward,7558,60.75456429851361,72.002,P3O-dyn+AdaReset+HardDistill,Hopper-v4,2
360925,reward,7559,80.97086449061939,74.806,P3O-dyn+AdaReset+HardDistill,Hopper-v4,2
360984,reward,7560,47.748381111797,73.159,P3O-dyn+AdaReset+HardDistill,Hopper-v4,2
361007,reward,7561,10.473195596337444,69.651,P3O-dyn+AdaReset+HardDistill,Hopper-v4,2
361049,reward,7562,24.624185680958195,54.529,P3O-dyn+AdaReset+HardDistill,Hopper-v4,2
361070,reward,7563,8.608092381494396,48.702,P3O-dyn+AdaReset+HardDistill,Hopper-v4,2
361103,reward,7564,29.789587059352954,44.89,P3O-dyn+AdaReset+HardDistill,Hopper-v4,2
361138,reward,7565,34.04674868098918,42.796,P3O-dyn+AdaReset+HardDistill,Hopper-v4,2
361156,reward,7566,5.306779110651906,36.189,P3O-dyn+AdaReset+HardDistill,Hopper-v4,2
361191,reward,7567,32.938843439001005,33.526,P3O-dyn+AdaReset+HardDistill,Hopper-v4,2
361220,reward,7568,25.907456818790216,30.041,P3O-dyn+AdaReset+HardDistill,Hopper-v4,2
361264,reward,7569,28.88150779383456,24.832,P3O-dyn+AdaReset+HardDistill,Hopper-v4,2
361318,reward,7570,65.70198365606907,26.628,P3O-dyn+AdaReset+HardDistill,Hopper-v4,2
361353,reward,7571,32.74085290054784,28.855,P3O-dyn+AdaReset+HardDistill,Hopper-v4,2
361379,reward,7572,11.922787770600769,27.584,P3O-dyn+AdaReset+HardDistill,Hopper-v4,2
361434,reward,7573,43.238431054875655,31.047,P3O-dyn+AdaReset+HardDistill,Hopper-v4,2
361475,reward,7574,46.42047079897734,32.711,P3O-dyn+AdaReset+HardDistill,Hopper-v4,2
361521,reward,7575,65.47882782656983,35.854,P3O-dyn+AdaReset+HardDistill,Hopper-v4,2
361606,reward,7576,116.86757055046473,47.01,P3O-dyn+AdaReset+HardDistill,Hopper-v4,2
361656,reward,7577,48.577177532819455,48.574,P3O-dyn+AdaReset+HardDistill,Hopper-v4,2
361753,reward,7578,117.20782541505523,57.704,P3O-dyn+AdaReset+HardDistill,Hopper-v4,2
361810,reward,7579,78.29367749893446,62.645,P3O-dyn+AdaReset+HardDistill,Hopper-v4,2
361839,reward,7580,30.099968882050597,59.085,P3O-dyn+AdaReset+HardDistill,Hopper-v4,2
361871,reward,7581,50.39664778869876,60.85,P3O-dyn+AdaReset+HardDistill,Hopper-v4,2
361898,reward,7582,45.313072231747604,64.189,P3O-dyn+AdaReset+HardDistill,Hopper-v4,2
361940,reward,7583,41.99164317188729,64.065,P3O-dyn+AdaReset+HardDistill,Hopper-v4,2
361966,reward,7584,9.604966371196056,60.383,P3O-dyn+AdaReset+HardDistill,Hopper-v4,2
362028,reward,7585,59.3300484702526,59.768,P3O-dyn+AdaReset+HardDistill,Hopper-v4,2
362040,reward,7586,5.651772118056034,48.647,P3O-dyn+AdaReset+HardDistill,Hopper-v4,2
362124,reward,7587,85.56653662403518,52.346,P3O-dyn+AdaReset+HardDistill,Hopper-v4,2
362171,reward,7588,67.54451239971755,47.379,P3O-dyn+AdaReset+HardDistill,Hopper-v4,2
362235,reward,7589,99.0660234053295,49.457,P3O-dyn+AdaReset+HardDistill,Hopper-v4,2
362270,reward,7590,23.634590852082702,48.81,P3O-dyn+AdaReset+HardDistill,Hopper-v4,2
362376,reward,7591,137.52411772521117,57.523,P3O-dyn+AdaReset+HardDistill,Hopper-v4,2
362414,reward,7592,43.07409606418394,57.299,P3O-dyn+AdaReset+HardDistill,Hopper-v4,2
362472,reward,7593,62.65292287784844,59.365,P3O-dyn+AdaReset+HardDistill,Hopper-v4,2
362594,reward,7594,98.24151886680139,68.229,P3O-dyn+AdaReset+HardDistill,Hopper-v4,2
362633,reward,7595,33.56742778859653,65.652,P3O-dyn+AdaReset+HardDistill,Hopper-v4,2
362685,reward,7596,59.614480383156454,71.049,P3O-dyn+AdaReset+HardDistill,Hopper-v4,2
362741,reward,7597,50.71822033557891,67.564,P3O-dyn+AdaReset+HardDistill,Hopper-v4,2
362756,reward,7598,4.056012495055599,61.215,P3O-dyn+AdaReset+HardDistill,Hopper-v4,2
362804,reward,7599,37.38312861668805,55.047,P3O-dyn+AdaReset+HardDistill,Hopper-v4,2
362886,reward,7600,106.7300605845572,63.356,P3O-dyn+AdaReset+HardDistill,Hopper-v4,2
362982,reward,7601,105.57342775214727,60.161,P3O-dyn+AdaReset+HardDistill,Hopper-v4,2
363002,reward,7602,7.372502413247936,56.591,P3O-dyn+AdaReset+HardDistill,Hopper-v4,2
363049,reward,7603,70.22868629533984,57.349,P3O-dyn+AdaReset+HardDistill,Hopper-v4,2
363066,reward,7604,21.19316643819224,49.644,P3O-dyn+AdaReset+HardDistill,Hopper-v4,2
363130,reward,7605,67.38611209771317,53.026,P3O-dyn+AdaReset+HardDistill,Hopper-v4,2
363179,reward,7606,47.433061966032064,51.807,P3O-dyn+AdaReset+HardDistill,Hopper-v4,2
363218,reward,7607,58.1437031069664,52.55,P3O-dyn+AdaReset+HardDistill,Hopper-v4,2
363249,reward,7608,31.581195223076683,55.303,P3O-dyn+AdaReset+HardDistill,Hopper-v4,2
363322,reward,7609,82.42468832347764,59.807,P3O-dyn+AdaReset+HardDistill,Hopper-v4,2
363383,reward,7610,87.38353480219206,57.872,P3O-dyn+AdaReset+HardDistill,Hopper-v4,2
363436,reward,7611,46.10515558280029,51.925,P3O-dyn+AdaReset+HardDistill,Hopper-v4,2
363503,reward,7612,92.85005774537488,60.473,P3O-dyn+AdaReset+HardDistill,Hopper-v4,2
363560,reward,7613,57.708621812955194,59.221,P3O-dyn+AdaReset+HardDistill,Hopper-v4,2
363624,reward,7614,46.72948205548438,61.775,P3O-dyn+AdaReset+HardDistill,Hopper-v4,2
363681,reward,7615,70.26514882911552,62.062,P3O-dyn+AdaReset+HardDistill,Hopper-v4,2
363748,reward,7616,69.76182638083891,64.295,P3O-dyn+AdaReset+HardDistill,Hopper-v4,2
363800,reward,7617,38.69729408397469,62.351,P3O-dyn+AdaReset+HardDistill,Hopper-v4,2
363843,reward,7618,60.6390347188535,65.256,P3O-dyn+AdaReset+HardDistill,Hopper-v4,2
363867,reward,7619,9.226212930190394,57.937,P3O-dyn+AdaReset+HardDistill,Hopper-v4,2
363931,reward,7620,62.76027011786941,55.474,P3O-dyn+AdaReset+HardDistill,Hopper-v4,2
364013,reward,7621,97.66126949257425,60.63,P3O-dyn+AdaReset+HardDistill,Hopper-v4,2
364073,reward,7622,78.2247283911374,59.167,P3O-dyn+AdaReset+HardDistill,Hopper-v4,2
364166,reward,7623,118.729823997474,65.27,P3O-dyn+AdaReset+HardDistill,Hopper-v4,2
364214,reward,7624,65.09376380020112,67.106,P3O-dyn+AdaReset+HardDistill,Hopper-v4,2
364259,reward,7625,42.38794259794281,64.318,P3O-dyn+AdaReset+HardDistill,Hopper-v4,2
364318,reward,7626,47.45065672378625,62.087,P3O-dyn+AdaReset+HardDistill,Hopper-v4,2
364440,reward,7627,110.8742330564583,69.305,P3O-dyn+AdaReset+HardDistill,Hopper-v4,2
364509,reward,7628,77.68433266690627,71.009,P3O-dyn+AdaReset+HardDistill,Hopper-v4,2
364542,reward,7629,29.165219557787093,73.003,P3O-dyn+AdaReset+HardDistill,Hopper-v4,2
364598,reward,7630,61.988479851969686,72.926,P3O-dyn+AdaReset+HardDistill,Hopper-v4,2
364612,reward,7631,4.849328340819787,63.645,P3O-dyn+AdaReset+HardDistill,Hopper-v4,2
364663,reward,7632,50.631322755255695,60.886,P3O-dyn+AdaReset+HardDistill,Hopper-v4,2
364700,reward,7633,53.23001023881314,54.336,P3O-dyn+AdaReset+HardDistill,Hopper-v4,2
364714,reward,7634,9.052985410200833,48.731,P3O-dyn+AdaReset+HardDistill,Hopper-v4,2
364861,reward,7635,165.05558844945094,60.998,P3O-dyn+AdaReset+HardDistill,Hopper-v4,2
364906,reward,7636,58.34532741833555,62.088,P3O-dyn+AdaReset+HardDistill,Hopper-v4,2
364949,reward,7637,38.87586622183853,54.888,P3O-dyn+AdaReset+HardDistill,Hopper-v4,2
364994,reward,7638,28.69917725128767,49.989,P3O-dyn+AdaReset+HardDistill,Hopper-v4,2
365102,reward,7639,134.83067261465334,60.556,P3O-dyn+AdaReset+HardDistill,Hopper-v4,2
365176,reward,7640,68.22623254738582,61.18,P3O-dyn+AdaReset+HardDistill,Hopper-v4,2
365237,reward,7641,69.15004826356599,67.61,P3O-dyn+AdaReset+HardDistill,Hopper-v4,2
365293,reward,7642,48.530803341229415,67.4,P3O-dyn+AdaReset+HardDistill,Hopper-v4,2
365351,reward,7643,72.44583594899639,69.321,P3O-dyn+AdaReset+HardDistill,Hopper-v4,2
365368,reward,7644,5.695193427391138,68.985,P3O-dyn+AdaReset+HardDistill,Hopper-v4,2
365435,reward,7645,55.13736614913639,57.994,P3O-dyn+AdaReset+HardDistill,Hopper-v4,2
365517,reward,7646,59.40452902620671,58.1,P3O-dyn+AdaReset+HardDistill,Hopper-v4,2
365580,reward,7647,30.556816165384078,57.268,P3O-dyn+AdaReset+HardDistill,Hopper-v4,2
365637,reward,7648,49.39109843944554,59.337,P3O-dyn+AdaReset+HardDistill,Hopper-v4,2
365690,reward,7649,72.00858802240496,53.055,P3O-dyn+AdaReset+HardDistill,Hopper-v4,2
365760,reward,7650,51.10627797710276,51.343,P3O-dyn+AdaReset+HardDistill,Hopper-v4,2
365805,reward,7651,57.5136500133764,50.179,P3O-dyn+AdaReset+HardDistill,Hopper-v4,2
365860,reward,7652,51.47370716681546,50.473,P3O-dyn+AdaReset+HardDistill,Hopper-v4,2
365898,reward,7653,42.46599061337057,47.475,P3O-dyn+AdaReset+HardDistill,Hopper-v4,2
365913,reward,7654,4.260746307850786,47.332,P3O-dyn+AdaReset+HardDistill,Hopper-v4,2
365946,reward,7655,40.61266504490939,45.879,P3O-dyn+AdaReset+HardDistill,Hopper-v4,2
366008,reward,7656,67.25810079522105,46.665,P3O-dyn+AdaReset+HardDistill,Hopper-v4,2
366066,reward,7657,49.31729913548565,48.541,P3O-dyn+AdaReset+HardDistill,Hopper-v4,2
366111,reward,7658,63.34686582307172,49.936,P3O-dyn+AdaReset+HardDistill,Hopper-v4,2
366162,reward,7659,29.45213253163578,45.681,P3O-dyn+AdaReset+HardDistill,Hopper-v4,2
366209,reward,7660,36.81449601718669,44.252,P3O-dyn+AdaReset+HardDistill,Hopper-v4,2
366241,reward,7661,52.73789086653744,43.774,P3O-dyn+AdaReset+HardDistill,Hopper-v4,2
366261,reward,7662,7.670568572689624,39.394,P3O-dyn+AdaReset+HardDistill,Hopper-v4,2
366295,reward,7663,34.24104341949363,38.571,P3O-dyn+AdaReset+HardDistill,Hopper-v4,2
366383,reward,7664,85.51375340744558,46.696,P3O-dyn+AdaReset+HardDistill,Hopper-v4,2
366499,reward,7665,108.49089422256694,53.484,P3O-dyn+AdaReset+HardDistill,Hopper-v4,2
366564,reward,7666,69.91255915677597,53.75,P3O-dyn+AdaReset+HardDistill,Hopper-v4,2
366584,reward,7667,7.057637397925918,49.524,P3O-dyn+AdaReset+HardDistill,Hopper-v4,2
366614,reward,7668,32.37544371669131,46.427,P3O-dyn+AdaReset+HardDistill,Hopper-v4,2
366649,reward,7669,23.562318498781508,45.838,P3O-dyn+AdaReset+HardDistill,Hopper-v4,2
366706,reward,7670,57.92882996271535,47.949,P3O-dyn+AdaReset+HardDistill,Hopper-v4,2
366762,reward,7671,77.89889736561625,50.465,P3O-dyn+AdaReset+HardDistill,Hopper-v4,2
366806,reward,7672,63.163966379515244,56.015,P3O-dyn+AdaReset+HardDistill,Hopper-v4,2
366848,reward,7673,51.75356411312725,57.766,P3O-dyn+AdaReset+HardDistill,Hopper-v4,2
366908,reward,7674,71.57432417493293,56.372,P3O-dyn+AdaReset+HardDistill,Hopper-v4,2
366958,reward,7675,47.3655943004001,50.259,P3O-dyn+AdaReset+HardDistill,Hopper-v4,2
366976,reward,7676,6.730724232338805,43.941,P3O-dyn+AdaReset+HardDistill,Hopper-v4,2
367001,reward,7677,16.140012426024903,44.849,P3O-dyn+AdaReset+HardDistill,Hopper-v4,2
367072,reward,7678,61.951420142287425,47.807,P3O-dyn+AdaReset+HardDistill,Hopper-v4,2
367086,reward,7679,4.566357447708745,45.907,P3O-dyn+AdaReset+HardDistill,Hopper-v4,2
367155,reward,7680,58.54636598700655,45.969,P3O-dyn+AdaReset+HardDistill,Hopper-v4,2
367209,reward,7681,77.2915517539515,45.908,P3O-dyn+AdaReset+HardDistill,Hopper-v4,2
367301,reward,7682,108.84676191833454,50.477,P3O-dyn+AdaReset+HardDistill,Hopper-v4,2
367356,reward,7683,46.25160944243864,49.926,P3O-dyn+AdaReset+HardDistill,Hopper-v4,2
367393,reward,7684,47.043015952042204,47.473,P3O-dyn+AdaReset+HardDistill,Hopper-v4,2
367454,reward,7685,48.33017881827128,47.57,P3O-dyn+AdaReset+HardDistill,Hopper-v4,2
367488,reward,7686,19.141089061174597,48.811,P3O-dyn+AdaReset+HardDistill,Hopper-v4,2
367521,reward,7687,34.20580567857148,50.617,P3O-dyn+AdaReset+HardDistill,Hopper-v4,2
367580,reward,7688,49.41728268949957,49.364,P3O-dyn+AdaReset+HardDistill,Hopper-v4,2
367664,reward,7689,102.09323138375194,59.117,P3O-dyn+AdaReset+HardDistill,Hopper-v4,2
367679,reward,7690,5.0028406134926895,53.762,P3O-dyn+AdaReset+HardDistill,Hopper-v4,2
367720,reward,7691,52.996673101049346,51.333,P3O-dyn+AdaReset+HardDistill,Hopper-v4,2
367782,reward,7692,81.26798951905445,48.575,P3O-dyn+AdaReset+HardDistill,Hopper-v4,2
367873,reward,7693,84.15212987880267,52.365,P3O-dyn+AdaReset+HardDistill,Hopper-v4,2
367905,reward,7694,19.231507682759684,49.584,P3O-dyn+AdaReset+HardDistill,Hopper-v4,2
367955,reward,7695,37.977622046368126,48.549,P3O-dyn+AdaReset+HardDistill,Hopper-v4,2
367998,reward,7696,42.23059692909431,50.858,P3O-dyn+AdaReset+HardDistill,Hopper-v4,2
368017,reward,7697,6.638765775455817,48.101,P3O-dyn+AdaReset+HardDistill,Hopper-v4,2
368050,reward,7698,51.94392033796103,48.354,P3O-dyn+AdaReset+HardDistill,Hopper-v4,2
368101,reward,7699,64.63194305419067,44.607,P3O-dyn+AdaReset+HardDistill,Hopper-v4,2
368130,reward,7700,48.55214150901292,48.962,P3O-dyn+AdaReset+HardDistill,Hopper-v4,2
368159,reward,7701,28.108949443069363,46.474,P3O-dyn+AdaReset+HardDistill,Hopper-v4,2
368209,reward,7702,41.19471644976541,42.466,P3O-dyn+AdaReset+HardDistill,Hopper-v4,2
368221,reward,7703,4.992671616067796,34.55,P3O-dyn+AdaReset+HardDistill,Hopper-v4,2
368302,reward,7704,68.31590383716313,39.459,P3O-dyn+AdaReset+HardDistill,Hopper-v4,2
368339,reward,7705,16.885468362918505,37.35,P3O-dyn+AdaReset+HardDistill,Hopper-v4,2
368377,reward,7706,54.87917295378169,38.614,P3O-dyn+AdaReset+HardDistill,Hopper-v4,2
368431,reward,7707,42.958437851931535,42.246,P3O-dyn+AdaReset+HardDistill,Hopper-v4,2
368472,reward,7708,62.220949778969285,43.274,P3O-dyn+AdaReset+HardDistill,Hopper-v4,2
368510,reward,7709,44.07263113643148,41.218,P3O-dyn+AdaReset+HardDistill,Hopper-v4,2
368548,reward,7710,19.65796442300233,38.329,P3O-dyn+AdaReset+HardDistill,Hopper-v4,2
368577,reward,7711,32.07125215965504,38.725,P3O-dyn+AdaReset+HardDistill,Hopper-v4,2
368606,reward,7712,47.110749253073465,39.317,P3O-dyn+AdaReset+HardDistill,Hopper-v4,2
368640,loss,-0.008248019963502884,25.46204376220703,P3O-dyn+AdaReset+HardDistill,Hopper-v4,2
368667,reward,7713,87.38580501684713,47.556,P3O-dyn+AdaReset+HardDistill,Hopper-v4,2
368709,reward,7714,60.525071087551645,46.777,P3O-dyn+AdaReset+HardDistill,Hopper-v4,2
368737,reward,7715,47.315375153752036,49.82,P3O-dyn+AdaReset+HardDistill,Hopper-v4,2
368778,reward,7716,62.79324068958425,50.611,P3O-dyn+AdaReset+HardDistill,Hopper-v4,2
368892,reward,7717,160.11919083661383,62.327,P3O-dyn+AdaReset+HardDistill,Hopper-v4,2
368951,reward,7718,48.760850428423105,60.981,P3O-dyn+AdaReset+HardDistill,Hopper-v4,2
369005,reward,7719,30.20434394124308,59.594,P3O-dyn+AdaReset+HardDistill,Hopper-v4,2
369046,reward,7720,19.00838648976924,59.529,P3O-dyn+AdaReset+HardDistill,Hopper-v4,2
369115,reward,7721,107.04557488511809,67.027,P3O-dyn+AdaReset+HardDistill,Hopper-v4,2
369154,reward,7722,55.669438351573184,67.883,P3O-dyn+AdaReset+HardDistill,Hopper-v4,2
369203,reward,7723,48.799066027328635,64.024,P3O-dyn+AdaReset+HardDistill,Hopper-v4,2
369297,reward,7724,148.7542456610765,72.847,P3O-dyn+AdaReset+HardDistill,Hopper-v4,2
369316,reward,7725,5.112366233361386,68.627,P3O-dyn+AdaReset+HardDistill,Hopper-v4,2
369347,reward,7726,30.570277650588988,65.404,P3O-dyn+AdaReset+HardDistill,Hopper-v4,2
369383,reward,7727,59.17636209001049,55.31,P3O-dyn+AdaReset+HardDistill,Hopper-v4,2
369456,reward,7728,106.08510077473106,61.043,P3O-dyn+AdaReset+HardDistill,Hopper-v4,2
369511,reward,7729,68.82743581248491,64.905,P3O-dyn+AdaReset+HardDistill,Hopper-v4,2
369611,reward,7730,64.83769408682957,69.488,P3O-dyn+AdaReset+HardDistill,Hopper-v4,2
369642,reward,7731,23.38435312052648,61.122,P3O-dyn+AdaReset+HardDistill,Hopper-v4,2
369659,reward,7732,5.218440921420466,56.077,P3O-dyn+AdaReset+HardDistill,Hopper-v4,2
369712,reward,7733,64.23514193367386,57.62,P3O-dyn+AdaReset+HardDistill,Hopper-v4,2
369831,reward,7734,116.32568892739015,54.377,P3O-dyn+AdaReset+HardDistill,Hopper-v4,2
369884,reward,7735,57.640236585038444,59.63,P3O-dyn+AdaReset+HardDistill,Hopper-v4,2
369921,reward,7736,50.967606502808664,61.67,P3O-dyn+AdaReset+HardDistill,Hopper-v4,2
370000,speed,2064.61,3.03,P3O-dyn+AdaReset+HardDistill,Hopper-v4,2
370013,reward,7737,109.2040345140375,66.673,P3O-dyn+AdaReset+HardDistill,Hopper-v4,2
370063,reward,7738,46.694357171822816,60.733,P3O-dyn+AdaReset+HardDistill,Hopper-v4,2
370099,reward,7739,34.04019008447581,57.255,P3O-dyn+AdaReset+HardDistill,Hopper-v4,2
370201,reward,7740,103.19479199701159,61.09,P3O-dyn+AdaReset+HardDistill,Hopper-v4,2
370281,reward,7741,98.45377097518123,68.597,P3O-dyn+AdaReset+HardDistill,Hopper-v4,2
370325,reward,7742,60.0889712373375,74.084,P3O-dyn+AdaReset+HardDistill,Hopper-v4,2
370366,reward,7743,31.787145732788492,70.84,P3O-dyn+AdaReset+HardDistill,Hopper-v4,2
370404,reward,7744,63.520012905111045,65.559,P3O-dyn+AdaReset+HardDistill,Hopper-v4,2
370456,reward,7745,78.54639649004237,67.65,P3O-dyn+AdaReset+HardDistill,Hopper-v4,2
370519,reward,7746,60.18018110894999,68.571,P3O-dyn+AdaReset+HardDistill,Hopper-v4,2
370576,reward,7747,74.82875742567131,65.133,P3O-dyn+AdaReset+HardDistill,Hopper-v4,2
370621,reward,7748,36.86225110761861,64.15,P3O-dyn+AdaReset+HardDistill,Hopper-v4,2
370666,reward,7749,49.50031445546664,65.696,P3O-dyn+AdaReset+HardDistill,Hopper-v4,2
370728,reward,7750,69.26807456814548,62.304,P3O-dyn+AdaReset+HardDistill,Hopper-v4,2
370797,reward,7751,119.13199720726507,64.371,P3O-dyn+AdaReset+HardDistill,Hopper-v4,2
370828,reward,7752,50.251801368076706,63.388,P3O-dyn+AdaReset+HardDistill,Hopper-v4,2
370879,reward,7753,74.95014411039804,67.704,P3O-dyn+AdaReset+HardDistill,Hopper-v4,2
370916,reward,7754,47.344861357692174,66.086,P3O-dyn+AdaReset+HardDistill,Hopper-v4,2
370956,reward,7755,46.885849298715875,62.92,P3O-dyn+AdaReset+HardDistill,Hopper-v4,2
371010,reward,7756,57.846842058954074,62.687,P3O-dyn+AdaReset+HardDistill,Hopper-v4,2
371086,reward,7757,117.96757033310612,67.001,P3O-dyn+AdaReset+HardDistill,Hopper-v4,2
371106,reward,7758,5.808280003828304,63.896,P3O-dyn+AdaReset+HardDistill,Hopper-v4,2
371142,reward,7759,48.678825016247735,63.813,P3O-dyn+AdaReset+HardDistill,Hopper-v4,2
371194,reward,7760,36.51969817132109,60.539,P3O-dyn+AdaReset+HardDistill,Hopper-v4,2
371223,reward,7761,19.766275534016955,50.602,P3O-dyn+AdaReset+HardDistill,Hopper-v4,2
371281,reward,7762,58.70142406925335,51.447,P3O-dyn+AdaReset+HardDistill,Hopper-v4,2
371373,reward,7763,120.53788695210189,56.006,P3O-dyn+AdaReset+HardDistill,Hopper-v4,2
371399,reward,7764,43.603186842409905,55.632,P3O-dyn+AdaReset+HardDistill,Hopper-v4,2
371466,reward,7765,68.95209181021374,57.838,P3O-dyn+AdaReset+HardDistill,Hopper-v4,2
371520,reward,7766,37.326469271640676,55.786,P3O-dyn+AdaReset+HardDistill,Hopper-v4,2
371548,reward,7767,46.45277065604101,48.635,P3O-dyn+AdaReset+HardDistill,Hopper-v4,2
371600,reward,7768,57.39420678789816,53.793,P3O-dyn+AdaReset+HardDistill,Hopper-v4,2
371614,reward,7769,5.032899359456569,49.429,P3O-dyn+AdaReset+HardDistill,Hopper-v4,2
371659,reward,7770,64.23905447248747,52.201,P3O-dyn+AdaReset+HardDistill,Hopper-v4,2
371725,reward,7771,51.35139711317573,55.359,P3O-dyn+AdaReset+HardDistill,Hopper-v4,2
371760,reward,7772,56.47568220540069,55.137,P3O-dyn+AdaReset+HardDistill,Hopper-v4,2
371788,reward,7773,46.621023992814365,47.745,P3O-dyn+AdaReset+HardDistill,Hopper-v4,2
371821,reward,7774,26.46909841117676,46.031,P3O-dyn+AdaReset+HardDistill,Hopper-v4,2
371905,reward,7775,104.4100596807626,49.577,P3O-dyn+AdaReset+HardDistill,Hopper-v4,2
371961,reward,7776,54.56447833392106,51.301,P3O-dyn+AdaReset+HardDistill,Hopper-v4,2
372023,reward,7777,43.34866274950166,50.991,P3O-dyn+AdaReset+HardDistill,Hopper-v4,2
372070,reward,7778,61.778628294895995,51.429,P3O-dyn+AdaReset+HardDistill,Hopper-v4,2
372101,reward,7779,50.511376201733455,55.977,P3O-dyn+AdaReset+HardDistill,Hopper-v4,2
372124,reward,7780,38.548752187831326,53.408,P3O-dyn+AdaReset+HardDistill,Hopper-v4,2
372193,reward,7781,86.3455732494623,56.907,P3O-dyn+AdaReset+HardDistill,Hopper-v4,2
372237,reward,7782,50.88771964702335,56.349,P3O-dyn+AdaReset+HardDistill,Hopper-v4,2
372303,reward,7783,53.903785738824794,57.077,P3O-dyn+AdaReset+HardDistill,Hopper-v4,2
372341,reward,7784,55.90515516432854,60.02,P3O-dyn+AdaReset+HardDistill,Hopper-v4,2
372377,reward,7785,56.17031735325522,55.196,P3O-dyn+AdaReset+HardDistill,Hopper-v4,2
372415,reward,7786,39.64639688248693,53.705,P3O-dyn+AdaReset+HardDistill,Hopper-v4,2
372488,reward,7787,92.97408483547792,58.667,P3O-dyn+AdaReset+HardDistill,Hopper-v4,2
372561,reward,7788,96.24365228894762,62.114,P3O-dyn+AdaReset+HardDistill,Hopper-v4,2
372577,reward,7789,3.7629150080103884,57.439,P3O-dyn+AdaReset+HardDistill,Hopper-v4,2
372627,reward,7790,68.0000307792807,60.384,P3O-dyn+AdaReset+HardDistill,Hopper-v4,2
372675,reward,7791,51.32234131477279,56.882,P3O-dyn+AdaReset+HardDistill,Hopper-v4,2
372737,reward,7792,90.9564014241619,60.889,P3O-dyn+AdaReset+HardDistill,Hopper-v4,2
372802,reward,7793,57.09852256384221,61.208,P3O-dyn+AdaReset+HardDistill,Hopper-v4,2
372860,reward,7794,85.8596092878351,64.203,P3O-dyn+AdaReset+HardDistill,Hopper-v4,2
372920,reward,7795,87.6457471689986,67.351,P3O-dyn+AdaReset+HardDistill,Hopper-v4,2
372980,reward,7796,35.17626419293708,66.904,P3O-dyn+AdaReset+HardDistill,Hopper-v4,2
373019,reward,7797,57.49485777597992,63.356,P3O-dyn+AdaReset+HardDistill,Hopper-v4,2
373077,reward,7798,59.643864432934166,59.696,P3O-dyn+AdaReset+HardDistill,Hopper-v4,2
373151,reward,7799,35.98615292005251,62.918,P3O-dyn+AdaReset+HardDistill,Hopper-v4,2
373199,reward,7800,69.14617752150801,63.033,P3O-dyn+AdaReset+HardDistill,Hopper-v4,2
373212,reward,7801,4.611637337645826,58.362,P3O-dyn+AdaReset+HardDistill,Hopper-v4,2
373256,reward,7802,62.18183712892719,55.484,P3O-dyn+AdaReset+HardDistill,Hopper-v4,2
373311,reward,7803,35.81179005317551,53.356,P3O-dyn+AdaReset+HardDistill,Hopper-v4,2
373354,reward,7804,62.837085637739435,51.054,P3O-dyn+AdaReset+HardDistill,Hopper-v4,2
373401,reward,7805,50.64870321091288,47.354,P3O-dyn+AdaReset+HardDistill,Hopper-v4,2
373455,reward,7806,55.74595836399525,49.411,P3O-dyn+AdaReset+HardDistill,Hopper-v4,2
373503,reward,7807,84.09207252546693,52.071,P3O-dyn+AdaReset+HardDistill,Hopper-v4,2
373539,reward,7808,47.95910615160934,50.902,P3O-dyn+AdaReset+HardDistill,Hopper-v4,2
373567,reward,7809,47.30328456333216,52.034,P3O-dyn+AdaReset+HardDistill,Hopper-v4,2
373635,reward,7810,76.429195707549,52.762,P3O-dyn+AdaReset+HardDistill,Hopper-v4,2
373668,reward,7811,52.70857971277421,57.572,P3O-dyn+AdaReset+HardDistill,Hopper-v4,2
373706,reward,7812,14.162872758855672,52.77,P3O-dyn+AdaReset+HardDistill,Hopper-v4,2
373775,reward,7813,75.3593602819485,56.725,P3O-dyn+AdaReset+HardDistill,Hopper-v4,2
373849,reward,7814,75.1441743714249,57.955,P3O-dyn+AdaReset+HardDistill,Hopper-v4,2
373890,reward,7815,46.987419966132215,57.589,P3O-dyn+AdaReset+HardDistill,Hopper-v4,2
373934,reward,7816,62.60974085877818,58.276,P3O-dyn+AdaReset+HardDistill,Hopper-v4,2
373986,reward,7817,42.05274980405382,54.072,P3O-dyn+AdaReset+HardDistill,Hopper-v4,2
374034,reward,7818,72.65374390846526,56.541,P3O-dyn+AdaReset+HardDistill,Hopper-v4,2
374075,reward,7819,55.95869558114918,57.407,P3O-dyn+AdaReset+HardDistill,Hopper-v4,2
374138,reward,7820,45.63489928362956,54.327,P3O-dyn+AdaReset+HardDistill,Hopper-v4,2
374177,reward,7821,54.739660832924685,54.53,P3O-dyn+AdaReset+HardDistill,Hopper-v4,2
374196,reward,7822,9.704266107676661,54.084,P3O-dyn+AdaReset+HardDistill,Hopper-v4,2
374256,reward,7823,50.86911897907406,51.635,P3O-dyn+AdaReset+HardDistill,Hopper-v4,2
374306,reward,7824,42.304258050041014,48.351,P3O-dyn+AdaReset+HardDistill,Hopper-v4,2
374393,reward,7825,102.26442182512075,53.879,P3O-dyn+AdaReset+HardDistill,Hopper-v4,2
374442,reward,7826,69.8821047035522,54.606,P3O-dyn+AdaReset+HardDistill,Hopper-v4,2
374488,reward,7827,65.32453155178851,56.934,P3O-dyn+AdaReset+HardDistill,Hopper-v4,2
374570,reward,7828,118.65452390945171,61.534,P3O-dyn+AdaReset+HardDistill,Hopper-v4,2
374616,reward,7829,46.4541455235676,60.583,P3O-dyn+AdaReset+HardDistill,Hopper-v4,2
374632,reward,7830,6.788774853090498,56.699,P3O-dyn+AdaReset+HardDistill,Hopper-v4,2
374671,reward,7831,58.978171835202545,57.122,P3O-dyn+AdaReset+HardDistill,Hopper-v4,2
374734,reward,7832,70.2021320607704,63.172,P3O-dyn+AdaReset+HardDistill,Hopper-v4,2
374775,reward,7833,55.07303207704763,63.593,P3O-dyn+AdaReset+HardDistill,Hopper-v4,2
374871,reward,7834,87.78107079842667,68.14,P3O-dyn+AdaReset+HardDistill,Hopper-v4,2
374909,reward,7835,51.36674425658297,63.051,P3O-dyn+AdaReset+HardDistill,Hopper-v4,2
374993,reward,7836,115.98926066823572,67.661,P3O-dyn+AdaReset+HardDistill,Hopper-v4,2
375040,reward,7837,49.213553741580895,66.05,P3O-dyn+AdaReset+HardDistill,Hopper-v4,2
375074,reward,7838,56.569983861299356,59.842,P3O-dyn+AdaReset+HardDistill,Hopper-v4,2
375105,reward,7839,50.77776463799384,60.274,P3O-dyn+AdaReset+HardDistill,Hopper-v4,2
375175,reward,7840,72.74773449091845,66.87,P3O-dyn+AdaReset+HardDistill,Hopper-v4,2
375189,reward,7841,5.809355325107411,61.553,P3O-dyn+AdaReset+HardDistill,Hopper-v4,2
375241,reward,7842,74.49851921333145,61.983,P3O-dyn+AdaReset+HardDistill,Hopper-v4,2
375280,reward,7843,56.19351102190561,62.095,P3O-dyn+AdaReset+HardDistill,Hopper-v4,2
375334,reward,7844,54.409396920684216,58.758,P3O-dyn+AdaReset+HardDistill,Hopper-v4,2
375384,reward,7845,70.65871114797406,60.687,P3O-dyn+AdaReset+HardDistill,Hopper-v4,2
375415,reward,7846,51.417038191932804,54.23,P3O-dyn+AdaReset+HardDistill,Hopper-v4,2
375499,reward,7847,91.2105669986708,58.429,P3O-dyn+AdaReset+HardDistill,Hopper-v4,2
375566,reward,7848,101.74478712550393,62.947,P3O-dyn+AdaReset+HardDistill,Hopper-v4,2
375596,reward,7849,50.29488644670828,62.898,P3O-dyn+AdaReset+HardDistill,Hopper-v4,2
375641,reward,7850,37.750957785706106,59.399,P3O-dyn+AdaReset+HardDistill,Hopper-v4,2
375679,reward,7851,52.13495365071066,64.031,P3O-dyn+AdaReset+HardDistill,Hopper-v4,2
375744,reward,7852,99.17264590209858,66.499,P3O-dyn+AdaReset+HardDistill,Hopper-v4,2
375789,reward,7853,19.5353755817622,62.833,P3O-dyn+AdaReset+HardDistill,Hopper-v4,2
375826,reward,7854,53.31965144588564,62.724,P3O-dyn+AdaReset+HardDistill,Hopper-v4,2
375855,reward,7855,47.86446867381688,60.445,P3O-dyn+AdaReset+HardDistill,Hopper-v4,2
375915,reward,7856,87.9025850559868,64.093,P3O-dyn+AdaReset+HardDistill,Hopper-v4,2
375971,reward,7857,64.01886112422969,61.374,P3O-dyn+AdaReset+HardDistill,Hopper-v4,2
376006,reward,7858,51.88911075935347,56.388,P3O-dyn+AdaReset+HardDistill,Hopper-v4,2
376051,reward,7859,41.22202381472109,55.481,P3O-dyn+AdaReset+HardDistill,Hopper-v4,2
376094,reward,7860,55.5882592167933,57.265,P3O-dyn+AdaReset+HardDistill,Hopper-v4,2
376148,reward,7861,37.9113044339786,55.842,P3O-dyn+AdaReset+HardDistill,Hopper-v4,2
376206,reward,7862,52.251091709687266,51.15,P3O-dyn+AdaReset+HardDistill,Hopper-v4,2
376227,reward,7863,7.964538114544121,49.993,P3O-dyn+AdaReset+HardDistill,Hopper-v4,2
376279,reward,7864,52.175392859269024,49.879,P3O-dyn+AdaReset+HardDistill,Hopper-v4,2
376306,reward,7865,44.80625996975793,49.573,P3O-dyn+AdaReset+HardDistill,Hopper-v4,2
376353,reward,7866,72.49024750173186,48.032,P3O-dyn+AdaReset+HardDistill,Hopper-v4,2
376400,reward,7867,42.19631266802337,45.849,P3O-dyn+AdaReset+HardDistill,Hopper-v4,2
376459,reward,7868,40.8963699074208,44.75,P3O-dyn+AdaReset+HardDistill,Hopper-v4,2
376538,reward,7869,71.33785964955341,47.762,P3O-dyn+AdaReset+HardDistill,Hopper-v4,2
376568,reward,7870,50.24691197679539,47.228,P3O-dyn+AdaReset+HardDistill,Hopper-v4,2
376628,reward,7871,39.611025940317916,47.398,P3O-dyn+AdaReset+HardDistill,Hopper-v4,2
376681,reward,7872,44.88827925780498,46.661,P3O-dyn+AdaReset+HardDistill,Hopper-v4,2
376748,reward,7873,84.01705423891572,54.267,P3O-dyn+AdaReset+HardDistill,Hopper-v4,2
376762,reward,7874,4.262979126910139,49.475,P3O-dyn+AdaReset+HardDistill,Hopper-v4,2
376811,reward,7875,69.76789766123646,51.971,P3O-dyn+AdaReset+HardDistill,Hopper-v4,2
376832,loss,-0.01534880232065916,25.869401931762695,P3O-dyn+AdaReset+HardDistill,Hopper-v4,2
376853,reward,7876,48.42370129993835,49.565,P3O-dyn+AdaReset+HardDistill,Hopper-v4,2
376936,reward,7877,98.70019645252611,55.215,P3O-dyn+AdaReset+HardDistill,Hopper-v4,2
377024,reward,7878,103.93565914817476,61.519,P3O-dyn+AdaReset+HardDistill,Hopper-v4,2
377072,reward,7879,68.1031826571274,61.196,P3O-dyn+AdaReset+HardDistill,Hopper-v4,2
377100,reward,7880,47.27491175433658,60.898,P3O-dyn+AdaReset+HardDistill,Hopper-v4,2
377253,reward,7881,235.41094621915383,80.478,P3O-dyn+AdaReset+HardDistill,Hopper-v4,2
377293,reward,7882,37.22915479791562,79.713,P3O-dyn+AdaReset+HardDistill,Hopper-v4,2
377354,reward,7883,48.67666761550675,76.179,P3O-dyn+AdaReset+HardDistill,Hopper-v4,2
377407,reward,7884,41.317584884422786,79.884,P3O-dyn+AdaReset+HardDistill,Hopper-v4,2
377437,reward,7885,49.30268767907566,77.837,P3O-dyn+AdaReset+HardDistill,Hopper-v4,2
377453,reward,7886,5.674784890544706,73.563,P3O-dyn+AdaReset+HardDistill,Hopper-v4,2
377472,reward,7887,5.7862944607665625,64.271,P3O-dyn+AdaReset+HardDistill,Hopper-v4,2
377502,reward,7888,49.57933983024288,58.836,P3O-dyn+AdaReset+HardDistill,Hopper-v4,2
377588,reward,7889,134.444170582822,65.47,P3O-dyn+AdaReset+HardDistill,Hopper-v4,2
377626,reward,7890,32.498681147567915,63.992,P3O-dyn+AdaReset+HardDistill,Hopper-v4,2
377673,reward,7891,67.52134749317652,47.203,P3O-dyn+AdaReset+HardDistill,Hopper-v4,2
377733,reward,7892,29.72189022682655,46.452,P3O-dyn+AdaReset+HardDistill,Hopper-v4,2
377767,reward,7893,35.2604886518128,45.111,P3O-dyn+AdaReset+HardDistill,Hopper-v4,2
377842,reward,7894,129.1805803217188,53.897,P3O-dyn+AdaReset+HardDistill,Hopper-v4,2
377913,reward,7895,93.73845968668812,58.341,P3O-dyn+AdaReset+HardDistill,Hopper-v4,2
377944,reward,7896,50.624402457733645,62.836,P3O-dyn+AdaReset+HardDistill,Hopper-v4,2
378004,reward,7897,87.61564502219467,71.019,P3O-dyn+AdaReset+HardDistill,Hopper-v4,2
378053,reward,7898,71.17671792281259,73.178,P3O-dyn+AdaReset+HardDistill,Hopper-v4,2
378084,reward,7899,51.013232230717726,64.835,P3O-dyn+AdaReset+HardDistill,Hopper-v4,2
378143,reward,7900,39.73458224378894,65.559,P3O-dyn+AdaReset+HardDistill,Hopper-v4,2
378190,reward,7901,66.45915891716449,65.453,P3O-dyn+AdaReset+HardDistill,Hopper-v4,2
378278,reward,7902,133.46488471988565,75.827,P3O-dyn+AdaReset+HardDistill,Hopper-v4,2
378332,reward,7903,78.95413033727898,80.196,P3O-dyn+AdaReset+HardDistill,Hopper-v4,2
378371,reward,7904,55.54169050369994,72.832,P3O-dyn+AdaReset+HardDistill,Hopper-v4,2
378440,reward,7905,59.70344077648124,69.429,P3O-dyn+AdaReset+HardDistill,Hopper-v4,2
378489,reward,7906,47.819103357630155,69.148,P3O-dyn+AdaReset+HardDistill,Hopper-v4,2
378539,reward,7907,49.42010805080965,65.329,P3O-dyn+AdaReset+HardDistill,Hopper-v4,2
378593,reward,7908,47.35120963477091,62.946,P3O-dyn+AdaReset+HardDistill,Hopper-v4,2
378672,reward,7909,123.97129645289611,70.242,P3O-dyn+AdaReset+HardDistill,Hopper-v4,2
378746,reward,7910,129.0480327287612,79.173,P3O-dyn+AdaReset+HardDistill,Hopper-v4,2
378772,reward,7911,44.369143232089506,76.964,P3O-dyn+AdaReset+HardDistill,Hopper-v4,2
378816,reward,7912,62.51772125125561,69.87,P3O-dyn+AdaReset+HardDistill,Hopper-v4,2
378870,reward,7913,36.932540679926156,65.667,P3O-dyn+AdaReset+HardDistill,Hopper-v4,2
378923,reward,7914,65.08000935722065,66.621,P3O-dyn+AdaReset+HardDistill,Hopper-v4,2
379026,reward,7915,143.45045917924799,74.996,P3O-dyn+AdaReset+HardDistill,Hopper-v4,2
379056,reward,7916,49.616934502430404,75.176,P3O-dyn+AdaReset+HardDistill,Hopper-v4,2
379101,reward,7917,62.766944127056675,76.51,P3O-dyn+AdaReset+HardDistill,Hopper-v4,2
379146,reward,7918,63.082003405377286,78.084,P3O-dyn+AdaReset+HardDistill,Hopper-v4,2
379274,reward,7919,130.61641994965348,78.748,P3O-dyn+AdaReset+HardDistill,Hopper-v4,2
379307,reward,7920,54.37333344720308,71.281,P3O-dyn+AdaReset+HardDistill,Hopper-v4,2
379362,reward,7921,80.87678468807974,74.931,P3O-dyn+AdaReset+HardDistill,Hopper-v4,2
379403,reward,7922,44.4403330716741,73.124,P3O-dyn+AdaReset+HardDistill,Hopper-v4,2
379464,reward,7923,50.76490697991885,74.507,P3O-dyn+AdaReset+HardDistill,Hopper-v4,2
379497,reward,7924,53.846184377889145,73.383,P3O-dyn+AdaReset+HardDistill,Hopper-v4,2
379526,reward,7925,23.727966035889803,61.411,P3O-dyn+AdaReset+HardDistill,Hopper-v4,2
379574,reward,7926,66.21273213219897,63.071,P3O-dyn+AdaReset+HardDistill,Hopper-v4,2
379631,reward,7927,63.92938104914774,63.187,P3O-dyn+AdaReset+HardDistill,Hopper-v4,2
379693,reward,7928,78.82215171647269,64.761,P3O-dyn+AdaReset+HardDistill,Hopper-v4,2
379753,reward,7929,41.95885254952169,55.895,P3O-dyn+AdaReset+HardDistill,Hopper-v4,2
379819,reward,7930,92.483069572787,59.706,P3O-dyn+AdaReset+HardDistill,Hopper-v4,2
379878,reward,7931,38.68623161109694,55.487,P3O-dyn+AdaReset+HardDistill,Hopper-v4,2
379914,reward,7932,17.766955973848244,52.82,P3O-dyn+AdaReset+HardDistill,Hopper-v4,2
379944,reward,7933,49.91751773714637,52.735,P3O-dyn+AdaReset+HardDistill,Hopper-v4,2
379990,reward,7934,73.2732347096628,54.678,P3O-dyn+AdaReset+HardDistill,Hopper-v4,2
380000,speed,2090.98,3.11,P3O-dyn+AdaReset+HardDistill,Hopper-v4,2
380057,reward,7935,86.09364727478749,60.914,P3O-dyn+AdaReset+HardDistill,Hopper-v4,2
380122,reward,7936,86.68382700483916,62.961,P3O-dyn+AdaReset+HardDistill,Hopper-v4,2
380150,reward,7937,46.158012598086586,61.184,P3O-dyn+AdaReset+HardDistill,Hopper-v4,2
380201,reward,7938,30.567058046871225,56.359,P3O-dyn+AdaReset+HardDistill,Hopper-v4,2
380240,reward,7939,51.05632013615972,57.269,P3O-dyn+AdaReset+HardDistill,Hopper-v4,2
380291,reward,7940,73.95782894677683,55.416,P3O-dyn+AdaReset+HardDistill,Hopper-v4,2
380351,reward,7941,59.32612115548014,57.48,P3O-dyn+AdaReset+HardDistill,Hopper-v4,2
380421,reward,7942,79.65941880288013,63.669,P3O-dyn+AdaReset+HardDistill,Hopper-v4,2
380469,reward,7943,68.2321706898915,65.501,P3O-dyn+AdaReset+HardDistill,Hopper-v4,2
380496,reward,7944,45.35335845343078,62.709,P3O-dyn+AdaReset+HardDistill,Hopper-v4,2
380562,reward,7945,94.3741396128137,63.537,P3O-dyn+AdaReset+HardDistill,Hopper-v4,2
380654,reward,7946,109.20717792601171,65.789,P3O-dyn+AdaReset+HardDistill,Hopper-v4,2
380686,reward,7947,52.53832117653796,66.427,P3O-dyn+AdaReset+HardDistill,Hopper-v4,2
380712,reward,7948,44.069529900278575,67.777,P3O-dyn+AdaReset+HardDistill,Hopper-v4,2
380760,reward,7949,60.47569795203017,68.719,P3O-dyn+AdaReset+HardDistill,Hopper-v4,2
380832,reward,7950,111.44283198957214,72.468,P3O-dyn+AdaReset+HardDistill,Hopper-v4,2
380938,reward,7951,136.38473597306944,80.174,P3O-dyn+AdaReset+HardDistill,Hopper-v4,2
380987,reward,7952,68.62264250795448,79.07,P3O-dyn+AdaReset+HardDistill,Hopper-v4,2
381025,reward,7953,63.91379390016924,78.638,P3O-dyn+AdaReset+HardDistill,Hopper-v4,2
381087,reward,7954,84.40634582084343,82.544,P3O-dyn+AdaReset+HardDistill,Hopper-v4,2
381142,reward,7955,63.24929418465018,79.431,P3O-dyn+AdaReset+HardDistill,Hopper-v4,2
381186,reward,7956,66.41008335818547,75.151,P3O-dyn+AdaReset+HardDistill,Hopper-v4,2
381243,reward,7957,73.00093483122437,77.198,P3O-dyn+AdaReset+HardDistill,Hopper-v4,2
381313,reward,7958,104.99148979889603,83.29,P3O-dyn+AdaReset+HardDistill,Hopper-v4,2
381374,reward,7959,32.147370477860385,80.457,P3O-dyn+AdaReset+HardDistill,Hopper-v4,2
381478,reward,7960,127.63319078955476,82.076,P3O-dyn+AdaReset+HardDistill,Hopper-v4,2
381546,reward,7961,97.95683674046528,78.233,P3O-dyn+AdaReset+HardDistill,Hopper-v4,2
381589,reward,7962,60.323571467433304,77.403,P3O-dyn+AdaReset+HardDistill,Hopper-v4,2
381639,reward,7963,70.92013440394634,78.104,P3O-dyn+AdaReset+HardDistill,Hopper-v4,2
381695,reward,7964,66.78378875770244,76.342,P3O-dyn+AdaReset+HardDistill,Hopper-v4,2
381741,reward,7965,33.98589847528153,73.415,P3O-dyn+AdaReset+HardDistill,Hopper-v4,2
381801,reward,7966,45.139072270215856,71.288,P3O-dyn+AdaReset+HardDistill,Hopper-v4,2
381847,reward,7967,64.32043337305832,70.42,P3O-dyn+AdaReset+HardDistill,Hopper-v4,2
381923,reward,7968,92.25418882202972,69.146,P3O-dyn+AdaReset+HardDistill,Hopper-v4,2
381974,reward,7969,73.19461442570518,73.251,P3O-dyn+AdaReset+HardDistill,Hopper-v4,2
382047,reward,7970,114.53418653823395,71.941,P3O-dyn+AdaReset+HardDistill,Hopper-v4,2
382090,reward,7971,60.039910327229364,68.15,P3O-dyn+AdaReset+HardDistill,Hopper-v4,2
382121,reward,7972,50.694784824551014,67.187,P3O-dyn+AdaReset+HardDistill,Hopper-v4,2
382209,reward,7973,115.35069734280586,71.63,P3O-dyn+AdaReset+HardDistill,Hopper-v4,2
382239,reward,7974,49.170242596351606,69.868,P3O-dyn+AdaReset+HardDistill,Hopper-v4,2
382286,reward,7975,34.971488939181086,69.967,P3O-dyn+AdaReset+HardDistill,Hopper-v4,2
382319,reward,7976,33.51516372092172,68.805,P3O-dyn+AdaReset+HardDistill,Hopper-v4,2
382379,reward,7977,44.84325778254597,66.857,P3O-dyn+AdaReset+HardDistill,Hopper-v4,2
382415,reward,7978,54.937506849552236,63.125,P3O-dyn+AdaReset+HardDistill,Hopper-v4,2
382465,reward,7979,71.11454194016412,62.917,P3O-dyn+AdaReset+HardDistill,Hopper-v4,2
382499,reward,7980,50.77249932718373,56.541,P3O-dyn+AdaReset+HardDistill,Hopper-v4,2
382546,reward,7981,28.072060734036505,53.344,P3O-dyn+AdaReset+HardDistill,Hopper-v4,2
382606,reward,7982,64.03734189868139,54.678,P3O-dyn+AdaReset+HardDistill,Hopper-v4,2
382658,reward,7983,74.69739590323351,50.613,P3O-dyn+AdaReset+HardDistill,Hopper-v4,2
382701,reward,7984,30.890568420949304,48.785,P3O-dyn+AdaReset+HardDistill,Hopper-v4,2
382732,reward,7985,38.006377513106756,49.089,P3O-dyn+AdaReset+HardDistill,Hopper-v4,2
382788,reward,7986,54.880634328275065,51.225,P3O-dyn+AdaReset+HardDistill,Hopper-v4,2
382850,reward,7987,47.22516036912762,51.463,P3O-dyn+AdaReset+HardDistill,Hopper-v4,2
382916,reward,7988,53.85503215256478,51.355,P3O-dyn+AdaReset+HardDistill,Hopper-v4,2
382967,reward,7989,27.098790381796498,46.954,P3O-dyn+AdaReset+HardDistill,Hopper-v4,2
383024,reward,7990,81.12449956076419,49.989,P3O-dyn+AdaReset+HardDistill,Hopper-v4,2
383102,reward,7991,104.17158412114082,57.599,P3O-dyn+AdaReset+HardDistill,Hopper-v4,2
383186,reward,7992,128.09086634371354,64.004,P3O-dyn+AdaReset+HardDistill,Hopper-v4,2
383237,reward,7993,56.15202509028707,62.15,P3O-dyn+AdaReset+HardDistill,Hopper-v4,2
383280,reward,7994,58.21622454158987,64.882,P3O-dyn+AdaReset+HardDistill,Hopper-v4,2
383319,reward,7995,43.199341163758625,65.401,P3O-dyn+AdaReset+HardDistill,Hopper-v4,2
383415,reward,7996,115.22772266463316,71.436,P3O-dyn+AdaReset+HardDistill,Hopper-v4,2
383474,reward,7997,56.59904293885151,72.374,P3O-dyn+AdaReset+HardDistill,Hopper-v4,2
383695,reward,7998,364.8080797277499,103.469,P3O-dyn+AdaReset+HardDistill,Hopper-v4,2
383790,reward,7999,89.22020720478787,109.681,P3O-dyn+AdaReset+HardDistill,Hopper-v4,2
383836,reward,8000,71.16138926698419,108.685,P3O-dyn+AdaReset+HardDistill,Hopper-v4,2
383882,reward,8001,64.35852807588967,104.703,P3O-dyn+AdaReset+HardDistill,Hopper-v4,2
383913,reward,8002,51.11048448137841,97.005,P3O-dyn+AdaReset+HardDistill,Hopper-v4,2
383959,reward,8003,33.43801565269468,94.734,P3O-dyn+AdaReset+HardDistill,Hopper-v4,2
383988,reward,8004,48.575427830906875,93.77,P3O-dyn+AdaReset+HardDistill,Hopper-v4,2
384017,reward,8005,49.13992052232364,94.364,P3O-dyn+AdaReset+HardDistill,Hopper-v4,2
384074,reward,8006,74.90749823432174,90.332,P3O-dyn+AdaReset+HardDistill,Hopper-v4,2
384129,reward,8007,81.41830919965105,92.814,P3O-dyn+AdaReset+HardDistill,Hopper-v4,2
384169,reward,8008,44.351027681771185,60.768,P3O-dyn+AdaReset+HardDistill,Hopper-v4,2
384208,reward,8009,59.80077448383892,57.826,P3O-dyn+AdaReset+HardDistill,Hopper-v4,2
384283,reward,8010,79.47514825389104,58.658,P3O-dyn+AdaReset+HardDistill,Hopper-v4,2
384324,reward,8011,26.954864412450444,54.917,P3O-dyn+AdaReset+HardDistill,Hopper-v4,2
384355,reward,8012,47.82850529718686,54.589,P3O-dyn+AdaReset+HardDistill,Hopper-v4,2
384393,reward,8013,57.287925676622415,56.974,P3O-dyn+AdaReset+HardDistill,Hopper-v4,2
384437,reward,8014,40.383167384946084,56.155,P3O-dyn+AdaReset+HardDistill,Hopper-v4,2
384491,reward,8015,33.96178292587926,54.637,P3O-dyn+AdaReset+HardDistill,Hopper-v4,2
384576,reward,8016,136.75650790875721,60.822,P3O-dyn+AdaReset+HardDistill,Hopper-v4,2
384619,reward,8017,51.86632254916231,57.867,P3O-dyn+AdaReset+HardDistill,Hopper-v4,2
384687,reward,8018,112.13056985324717,64.645,P3O-dyn+AdaReset+HardDistill,Hopper-v4,2
384753,reward,8019,56.99270832221765,64.364,P3O-dyn+AdaReset+HardDistill,Hopper-v4,2
384782,reward,8020,46.92188672500687,61.108,P3O-dyn+AdaReset+HardDistill,Hopper-v4,2
384859,reward,8021,95.82242618334614,67.995,P3O-dyn+AdaReset+HardDistill,Hopper-v4,2
384880,reward,8022,5.782518558006353,63.791,P3O-dyn+AdaReset+HardDistill,Hopper-v4,2
384936,reward,8023,52.598761028792936,63.322,P3O-dyn+AdaReset+HardDistill,Hopper-v4,2
384994,reward,8024,44.41867993467304,63.725,P3O-dyn+AdaReset+HardDistill,Hopper-v4,2
385024,loss,-0.02881520986557007,14.330157279968262,P3O-dyn+AdaReset+HardDistill,Hopper-v4,2
385052,reward,8025,38.430967747004495,64.172,P3O-dyn+AdaReset+HardDistill,Hopper-v4,2
385109,reward,8026,79.8952923565368,58.486,P3O-dyn+AdaReset+HardDistill,Hopper-v4,2
385184,reward,8027,88.50235828371137,62.15,P3O-dyn+AdaReset+HardDistill,Hopper-v4,2
385213,reward,8028,50.44586439270925,55.981,P3O-dyn+AdaReset+HardDistill,Hopper-v4,2
385268,reward,8029,47.74292525257195,55.056,P3O-dyn+AdaReset+HardDistill,Hopper-v4,2
385321,reward,8030,30.026221093697785,53.367,P3O-dyn+AdaReset+HardDistill,Hopper-v4,2
385373,reward,8031,75.1242550498535,51.297,P3O-dyn+AdaReset+HardDistill,Hopper-v4,2
385407,reward,8032,41.65185285205162,54.884,P3O-dyn+AdaReset+HardDistill,Hopper-v4,2
385444,reward,8033,25.765187171527323,52.2,P3O-dyn+AdaReset+HardDistill,Hopper-v4,2
385491,reward,8034,44.66983547454371,52.225,P3O-dyn+AdaReset+HardDistill,Hopper-v4,2
385550,reward,8035,69.08908237905226,55.291,P3O-dyn+AdaReset+HardDistill,Hopper-v4,2
385581,reward,8036,52.158218909077114,52.518,P3O-dyn+AdaReset+HardDistill,Hopper-v4,2
385655,reward,8037,49.93686002704947,48.661,P3O-dyn+AdaReset+HardDistill,Hopper-v4,2
385716,reward,8038,35.30243943005532,47.147,P3O-dyn+AdaReset+HardDistill,Hopper-v4,2
385745,reward,8039,48.51365991779787,47.224,P3O-dyn+AdaReset+HardDistill,Hopper-v4,2
385832,reward,8040,95.50981831040141,53.772,P3O-dyn+AdaReset+HardDistill,Hopper-v4,2
385896,reward,8041,78.39474660160487,54.099,P3O-dyn+AdaReset+HardDistill,Hopper-v4,2
385973,reward,8042,51.92843212206759,55.127,P3O-dyn+AdaReset+HardDistill,Hopper-v4,2
386034,reward,8043,39.87756071045168,56.538,P3O-dyn+AdaReset+HardDistill,Hopper-v4,2
386095,reward,8044,68.17532788764518,58.889,P3O-dyn+AdaReset+HardDistill,Hopper-v4,2
386152,reward,8045,82.2708624875782,60.207,P3O-dyn+AdaReset+HardDistill,Hopper-v4,2
386169,reward,8046,5.816987565737129,55.573,P3O-dyn+AdaReset+HardDistill,Hopper-v4,2
386209,reward,8047,62.033124604864426,56.782,P3O-dyn+AdaReset+HardDistill,Hopper-v4,2
386280,reward,8048,103.26825807300786,63.579,P3O-dyn+AdaReset+HardDistill,Hopper-v4,2
386332,reward,8049,47.844730318202295,63.512,P3O-dyn+AdaReset+HardDistill,Hopper-v4,2
386401,reward,8050,123.17526334786726,66.279,P3O-dyn+AdaReset+HardDistill,Hopper-v4,2
386450,reward,8051,27.134713889995563,61.153,P3O-dyn+AdaReset+HardDistill,Hopper-v4,2
386539,reward,8052,121.92351403275632,68.152,P3O-dyn+AdaReset+HardDistill,Hopper-v4,2
386564,reward,8053,7.8017244003214845,64.944,P3O-dyn+AdaReset+HardDistill,Hopper-v4,2
386583,reward,8054,7.755630360649397,58.902,P3O-dyn+AdaReset+HardDistill,Hopper-v4,2
386613,reward,8055,50.21125511647104,55.697,P3O-dyn+AdaReset+HardDistill,Hopper-v4,2
386677,reward,8056,32.31380301714461,58.346,P3O-dyn+AdaReset+HardDistill,Hopper-v4,2
386740,reward,8057,87.49634418391432,60.893,P3O-dyn+AdaReset+HardDistill,Hopper-v4,2
386802,reward,8058,104.47597129571143,61.013,P3O-dyn+AdaReset+HardDistill,Hopper-v4,2
386877,reward,8059,68.55384799968009,63.084,P3O-dyn+AdaReset+HardDistill,Hopper-v4,2
386930,reward,8060,74.3210202488157,58.199,P3O-dyn+AdaReset+HardDistill,Hopper-v4,2
387043,reward,8061,123.77325454246562,67.863,P3O-dyn+AdaReset+HardDistill,Hopper-v4,2
387075,reward,8062,53.865059256084365,61.057,P3O-dyn+AdaReset+HardDistill,Hopper-v4,2
387108,reward,8063,50.50112193655669,65.327,P3O-dyn+AdaReset+HardDistill,Hopper-v4,2
387163,reward,8064,57.12227153203142,70.263,P3O-dyn+AdaReset+HardDistill,Hopper-v4,2
387213,reward,8065,29.660492621143824,68.208,P3O-dyn+AdaReset+HardDistill,Hopper-v4,2
387277,reward,8066,64.12001510221043,71.389,P3O-dyn+AdaReset+HardDistill,Hopper-v4,2
387317,reward,8067,55.82098641812959,68.221,P3O-dyn+AdaReset+HardDistill,Hopper-v4,2
387382,reward,8068,55.86602056627854,63.36,P3O-dyn+AdaReset+HardDistill,Hopper-v4,2
387456,reward,8069,115.11500946670556,68.017,P3O-dyn+AdaReset+HardDistill,Hopper-v4,2
387504,reward,8070,69.28476325057333,67.513,P3O-dyn+AdaReset+HardDistill,Hopper-v4,2
387544,reward,8071,54.99601428868437,60.635,P3O-dyn+AdaReset+HardDistill,Hopper-v4,2
387641,reward,8072,128.06637861540568,68.055,P3O-dyn+AdaReset+HardDistill,Hopper-v4,2
387736,reward,8073,152.73075718188528,78.278,P3O-dyn+AdaReset+HardDistill,Hopper-v4,2
387783,reward,8074,46.05129426022586,77.171,P3O-dyn+AdaReset+HardDistill,Hopper-v4,2
387839,reward,8075,25.57163235198338,76.762,P3O-dyn+AdaReset+HardDistill,Hopper-v4,2
387941,reward,8076,78.02948022127015,78.153,P3O-dyn+AdaReset+HardDistill,Hopper-v4,2
388104,reward,8077,152.18983143396738,87.79,P3O-dyn+AdaReset+HardDistill,Hopper-v4,2
388217,reward,8078,138.3988274757102,96.043,P3O-dyn+AdaReset+HardDistill,Hopper-v4,2
388294,reward,8079,72.57980130127908,91.79,P3O-dyn+AdaReset+HardDistill,Hopper-v4,2
388358,reward,8080,112.93519838200474,96.155,P3O-dyn+AdaReset+HardDistill,Hopper-v4,2
388429,reward,8081,84.81786340038062,99.137,P3O-dyn+AdaReset+HardDistill,Hopper-v4,2
388452,reward,8082,6.300887173081533,86.961,P3O-dyn+AdaReset+HardDistill,Hopper-v4,2
388505,reward,8083,53.64769222256581,77.052,P3O-dyn+AdaReset+HardDistill,Hopper-v4,2
388555,reward,8084,71.29386852271101,79.577,P3O-dyn+AdaReset+HardDistill,Hopper-v4,2
388628,reward,8085,87.42293992959455,85.762,P3O-dyn+AdaReset+HardDistill,Hopper-v4,2
388717,reward,8086,85.24820882694553,86.484,P3O-dyn+AdaReset+HardDistill,Hopper-v4,2
388743,reward,8087,43.87330190674315,75.652,P3O-dyn+AdaReset+HardDistill,Hopper-v4,2
388797,reward,8088,78.34088433976801,69.646,P3O-dyn+AdaReset+HardDistill,Hopper-v4,2
388848,reward,8089,73.53581581147138,69.742,P3O-dyn+AdaReset+HardDistill,Hopper-v4,2
388884,reward,8090,60.981140085800796,64.546,P3O-dyn+AdaReset+HardDistill,Hopper-v4,2
388941,reward,8091,89.09639623728485,64.974,P3O-dyn+AdaReset+HardDistill,Hopper-v4,2
388970,reward,8092,48.84910327936639,69.229,P3O-dyn+AdaReset+HardDistill,Hopper-v4,2
389038,reward,8093,59.61810192692173,69.826,P3O-dyn+AdaReset+HardDistill,Hopper-v4,2
389078,reward,8094,59.66962652769144,68.664,P3O-dyn+AdaReset+HardDistill,Hopper-v4,2
389141,reward,8095,110.12392152153589,70.934,P3O-dyn+AdaReset+HardDistill,Hopper-v4,2
389202,reward,8096,74.71289236235299,69.88,P3O-dyn+AdaReset+HardDistill,Hopper-v4,2
389282,reward,8097,117.30348905100313,77.223,P3O-dyn+AdaReset+HardDistill,Hopper-v4,2
389328,reward,8098,28.22168105551398,72.211,P3O-dyn+AdaReset+HardDistill,Hopper-v4,2
389341,reward,8099,8.534304166722118,65.711,P3O-dyn+AdaReset+HardDistill,Hopper-v4,2
389370,reward,8100,48.72259652640354,64.485,P3O-dyn+AdaReset+HardDistill,Hopper-v4,2
389403,reward,8101,54.4764259997557,61.023,P3O-dyn+AdaReset+HardDistill,Hopper-v4,2
389488,reward,8102,112.46728082337661,67.385,P3O-dyn+AdaReset+HardDistill,Hopper-v4,2
389550,reward,8103,107.1270035153785,72.136,P3O-dyn+AdaReset+HardDistill,Hopper-v4,2
389610,reward,8104,46.56493584577084,70.825,P3O-dyn+AdaReset+HardDistill,Hopper-v4,2
389694,reward,8105,142.70680409845116,74.084,P3O-dyn+AdaReset+HardDistill,Hopper-v4,2
389753,reward,8106,80.2581473549726,74.638,P3O-dyn+AdaReset+HardDistill,Hopper-v4,2
389832,reward,8107,105.60100889848161,73.468,P3O-dyn+AdaReset+HardDistill,Hopper-v4,2
389860,reward,8108,46.64275361657955,75.31,P3O-dyn+AdaReset+HardDistill,Hopper-v4,2
389918,reward,8109,38.98679679429877,78.355,P3O-dyn+AdaReset+HardDistill,Hopper-v4,2
389956,reward,8110,63.77904125747596,79.861,P3O-dyn+AdaReset+HardDistill,Hopper-v4,2
390000,speed,2056.06,3.2,P3O-dyn+AdaReset+HardDistill,Hopper-v4,2
390080,reward,8111,176.0584325206798,92.019,P3O-dyn+AdaReset+HardDistill,Hopper-v4,2
390126,reward,8112,72.53344498068017,88.026,P3O-dyn+AdaReset+HardDistill,Hopper-v4,2
390189,reward,8113,55.49841534706401,82.863,P3O-dyn+AdaReset+HardDistill,Hopper-v4,2
390225,reward,8114,57.747685092832356,83.981,P3O-dyn+AdaReset+HardDistill,Hopper-v4,2
390308,reward,8115,167.0768933449829,86.418,P3O-dyn+AdaReset+HardDistill,Hopper-v4,2
390420,reward,8116,117.0135528995181,90.094,P3O-dyn+AdaReset+HardDistill,Hopper-v4,2
390498,reward,8117,83.24753831588264,87.858,P3O-dyn+AdaReset+HardDistill,Hopper-v4,2
390564,reward,8118,71.85541775662149,90.38,P3O-dyn+AdaReset+HardDistill,Hopper-v4,2
390584,reward,8119,5.271036830162062,87.008,P3O-dyn+AdaReset+HardDistill,Hopper-v4,2
390666,reward,8120,138.35473651428526,94.466,P3O-dyn+AdaReset+HardDistill,Hopper-v4,2
390750,reward,8121,68.75535787650476,83.735,P3O-dyn+AdaReset+HardDistill,Hopper-v4,2
390817,reward,8122,117.53623932865248,88.236,P3O-dyn+AdaReset+HardDistill,Hopper-v4,2
390848,reward,8123,51.97601795929341,87.883,P3O-dyn+AdaReset+HardDistill,Hopper-v4,2
390897,reward,8124,36.316339724082454,85.74,P3O-dyn+AdaReset+HardDistill,Hopper-v4,2
390946,reward,8125,62.437797053053266,75.276,P3O-dyn+AdaReset+HardDistill,Hopper-v4,2
391005,reward,8126,75.01603562508573,71.077,P3O-dyn+AdaReset+HardDistill,Hopper-v4,2
391061,reward,8127,49.03581220925657,67.655,P3O-dyn+AdaReset+HardDistill,Hopper-v4,2
391099,reward,8128,52.31641593455667,65.702,P3O-dyn+AdaReset+HardDistill,Hopper-v4,2
391173,reward,8129,78.07967572759024,72.982,P3O-dyn+AdaReset+HardDistill,Hopper-v4,2
391228,reward,8130,37.3908259976233,62.886,P3O-dyn+AdaReset+HardDistill,Hopper-v4,2
391285,reward,8131,85.09862825146502,64.52,P3O-dyn+AdaReset+HardDistill,Hopper-v4,2
391348,reward,8132,61.681017674699234,58.935,P3O-dyn+AdaReset+HardDistill,Hopper-v4,2
391405,reward,8133,42.777556173901964,58.015,P3O-dyn+AdaReset+HardDistill,Hopper-v4,2
391496,reward,8134,46.89152901497927,59.073,P3O-dyn+AdaReset+HardDistill,Hopper-v4,2
391631,reward,8135,229.8695304772482,75.816,P3O-dyn+AdaReset+HardDistill,Hopper-v4,2
391695,reward,8136,91.73886379017732,77.488,P3O-dyn+AdaReset+HardDistill,Hopper-v4,2
391746,reward,8137,74.43039994649338,80.027,P3O-dyn+AdaReset+HardDistill,Hopper-v4,2
391774,reward,8138,47.418749384062366,79.538,P3O-dyn+AdaReset+HardDistill,Hopper-v4,2
391926,reward,8139,161.4264305891102,87.872,P3O-dyn+AdaReset+HardDistill,Hopper-v4,2
391974,reward,8140,67.33600224641062,90.867,P3O-dyn+AdaReset+HardDistill,Hopper-v4,2
391986,reward,8141,5.482307959215366,82.905,P3O-dyn+AdaReset+HardDistill,Hopper-v4,2
392024,reward,8142,36.55977276018699,80.393,P3O-dyn+AdaReset+HardDistill,Hopper-v4,2
392074,reward,8143,71.34726506461041,83.25,P3O-dyn+AdaReset+HardDistill,Hopper-v4,2
392140,reward,8144,55.249326606986045,84.086,P3O-dyn+AdaReset+HardDistill,Hopper-v4,2
392193,reward,8145,78.77914040211091,68.977,P3O-dyn+AdaReset+HardDistill,Hopper-v4,2
392238,reward,8146,27.52772743717564,62.556,P3O-dyn+AdaReset+HardDistill,Hopper-v4,2
392274,reward,8147,55.5941128220883,60.672,P3O-dyn+AdaReset+HardDistill,Hopper-v4,2
392334,reward,8148,102.72769295477042,66.203,P3O-dyn+AdaReset+HardDistill,Hopper-v4,2
392364,reward,8149,49.89713277091328,55.05,P3O-dyn+AdaReset+HardDistill,Hopper-v4,2
392404,reward,8150,63.84939112704953,54.701,P3O-dyn+AdaReset+HardDistill,Hopper-v4,2
392445,reward,8151,17.823924288778066,55.936,P3O-dyn+AdaReset+HardDistill,Hopper-v4,2
392500,reward,8152,81.743850296628,60.454,P3O-dyn+AdaReset+HardDistill,Hopper-v4,2
392545,reward,8153,63.37722884945576,59.657,P3O-dyn+AdaReset+HardDistill,Hopper-v4,2
392629,reward,8154,143.07351660819774,68.439,P3O-dyn+AdaReset+HardDistill,Hopper-v4,2
392694,reward,8155,60.94428212266998,66.656,P3O-dyn+AdaReset+HardDistill,Hopper-v4,2
392723,reward,8156,47.73441496270978,68.677,P3O-dyn+AdaReset+HardDistill,Hopper-v4,2
392769,reward,8157,63.981540778482234,69.515,P3O-dyn+AdaReset+HardDistill,Hopper-v4,2
392825,reward,8158,49.00926768117128,64.143,P3O-dyn+AdaReset+HardDistill,Hopper-v4,2
392907,reward,8159,156.80366337437093,74.834,P3O-dyn+AdaReset+HardDistill,Hopper-v4,2
392971,reward,8160,112.56933672574831,79.706,P3O-dyn+AdaReset+HardDistill,Hopper-v4,2
393031,reward,8161,47.580963299259025,82.682,P3O-dyn+AdaReset+HardDistill,Hopper-v4,2
393094,reward,8162,57.106496891392894,80.218,P3O-dyn+AdaReset+HardDistill,Hopper-v4,2
393157,reward,8163,100.99596652083018,83.98,P3O-dyn+AdaReset+HardDistill,Hopper-v4,2
393216,loss,-0.010217057541012764,28.478099822998047,P3O-dyn+AdaReset+HardDistill,Hopper-v4,2
393217,reward,8164,80.00464800861891,77.673,P3O-dyn+AdaReset+HardDistill,Hopper-v4,2
393315,reward,8165,112.93610377364882,82.872,P3O-dyn+AdaReset+HardDistill,Hopper-v4,2
393374,reward,8166,64.83995195348943,84.583,P3O-dyn+AdaReset+HardDistill,Hopper-v4,2
393455,reward,8167,146.82657843272202,92.867,P3O-dyn+AdaReset+HardDistill,Hopper-v4,2
393516,reward,8168,104.91819447261025,98.458,P3O-dyn+AdaReset+HardDistill,Hopper-v4,2
393576,reward,8169,51.76012302940869,87.954,P3O-dyn+AdaReset+HardDistill,Hopper-v4,2
393632,reward,8170,61.003454680129416,82.797,P3O-dyn+AdaReset+HardDistill,Hopper-v4,2
393673,reward,8171,29.503558131712644,80.99,P3O-dyn+AdaReset+HardDistill,Hopper-v4,2
393792,reward,8172,166.98102356526311,91.977,P3O-dyn+AdaReset+HardDistill,Hopper-v4,2
393817,reward,8173,42.93065707383839,86.17,P3O-dyn+AdaReset+HardDistill,Hopper-v4,2
393912,reward,8174,116.76849509289413,89.847,P3O-dyn+AdaReset+HardDistill,Hopper-v4,2
393943,reward,8175,54.06727985885371,83.96,P3O-dyn+AdaReset+HardDistill,Hopper-v4,2
393975,reward,8176,52.404632615001034,82.716,P3O-dyn+AdaReset+HardDistill,Hopper-v4,2
394032,reward,8177,56.69774553835858,73.704,P3O-dyn+AdaReset+HardDistill,Hopper-v4,2
394100,reward,8178,66.85380434481051,69.897,P3O-dyn+AdaReset+HardDistill,Hopper-v4,2
394151,reward,8179,28.780440600577982,67.599,P3O-dyn+AdaReset+HardDistill,Hopper-v4,2
394223,reward,8180,55.72297726292211,67.071,P3O-dyn+AdaReset+HardDistill,Hopper-v4,2
394273,reward,8181,71.27172923060957,71.248,P3O-dyn+AdaReset+HardDistill,Hopper-v4,2
394348,reward,8182,102.03424415636475,64.753,P3O-dyn+AdaReset+HardDistill,Hopper-v4,2
394409,reward,8183,106.17378331731396,71.078,P3O-dyn+AdaReset+HardDistill,Hopper-v4,2
394497,reward,8184,122.97308527194006,71.698,P3O-dyn+AdaReset+HardDistill,Hopper-v4,2
394550,reward,8185,89.37175478999536,75.228,P3O-dyn+AdaReset+HardDistill,Hopper-v4,2
394607,reward,8186,47.403567100763674,74.728,P3O-dyn+AdaReset+HardDistill,Hopper-v4,2
394667,reward,8187,57.096017215563585,74.768,P3O-dyn+AdaReset+HardDistill,Hopper-v4,2
394741,reward,8188,64.35965602418062,74.519,P3O-dyn+AdaReset+HardDistill,Hopper-v4,2
394757,reward,8189,2.0609411948003644,71.847,P3O-dyn+AdaReset+HardDistill,Hopper-v4,2
394778,reward,8190,6.499118470026875,66.924,P3O-dyn+AdaReset+HardDistill,Hopper-v4,2
394807,reward,8191,47.8155949868399,64.579,P3O-dyn+AdaReset+HardDistill,Hopper-v4,2
394854,reward,8192,67.33873873116703,61.109,P3O-dyn+AdaReset+HardDistill,Hopper-v4,2
394874,reward,8193,6.022881306350768,51.094,P3O-dyn+AdaReset+HardDistill,Hopper-v4,2
394901,reward,8194,45.199018175251204,43.317,P3O-dyn+AdaReset+HardDistill,Hopper-v4,2
394977,reward,8195,131.16484127116289,47.496,P3O-dyn+AdaReset+HardDistill,Hopper-v4,2
395072,reward,8196,169.80552595029053,59.736,P3O-dyn+AdaReset+HardDistill,Hopper-v4,2
395114,reward,8197,57.81787010461118,59.808,P3O-dyn+AdaReset+HardDistill,Hopper-v4,2
395146,reward,8198,52.126189714103944,58.585,P3O-dyn+AdaReset+HardDistill,Hopper-v4,2
395185,reward,8199,64.78562800139044,64.858,P3O-dyn+AdaReset+HardDistill,Hopper-v4,2
395258,reward,8200,113.50965100105152,75.559,P3O-dyn+AdaReset+HardDistill,Hopper-v4,2
395293,reward,8201,52.97111734057267,76.074,P3O-dyn+AdaReset+HardDistill,Hopper-v4,2
395351,reward,8202,36.41093882764929,72.981,P3O-dyn+AdaReset+HardDistill,Hopper-v4,2
395413,reward,8203,54.181897467503035,77.797,P3O-dyn+AdaReset+HardDistill,Hopper-v4,2
395477,reward,8204,40.881382411502194,77.366,P3O-dyn+AdaReset+HardDistill,Hopper-v4,2
395506,reward,8205,48.73392943988286,69.122,P3O-dyn+AdaReset+HardDistill,Hopper-v4,2
395536,reward,8206,50.071201525048345,57.149,P3O-dyn+AdaReset+HardDistill,Hopper-v4,2
395603,reward,8207,112.35896153073224,62.603,P3O-dyn+AdaReset+HardDistill,Hopper-v4,2
395661,reward,8208,44.07459109720227,61.798,P3O-dyn+AdaReset+HardDistill,Hopper-v4,2
395772,reward,8209,158.02498289206522,71.122,P3O-dyn+AdaReset+HardDistill,Hopper-v4,2
395871,reward,8210,195.11844911562002,79.283,P3O-dyn+AdaReset+HardDistill,Hopper-v4,2
395926,reward,8211,78.93092774987639,81.879,P3O-dyn+AdaReset+HardDistill,Hopper-v4,2
395983,reward,8212,73.60759139516239,85.598,P3O-dyn+AdaReset+HardDistill,Hopper-v4,2
396066,reward,8213,57.769261094375565,85.957,P3O-dyn+AdaReset+HardDistill,Hopper-v4,2
396111,reward,8214,73.38628340938041,89.208,P3O-dyn+AdaReset+HardDistill,Hopper-v4,2
396178,reward,8215,47.60049591092933,89.094,P3O-dyn+AdaReset+HardDistill,Hopper-v4,2
396232,reward,8216,80.54283795729195,92.141,P3O-dyn+AdaReset+HardDistill,Hopper-v4,2
396249,reward,8217,5.887543799948674,81.494,P3O-dyn+AdaReset+HardDistill,Hopper-v4,2
396281,reward,8218,53.111982231972355,82.398,P3O-dyn+AdaReset+HardDistill,Hopper-v4,2
396314,reward,8219,53.126010115868326,71.908,P3O-dyn+AdaReset+HardDistill,Hopper-v4,2
396360,reward,8220,66.437899185792,59.04,P3O-dyn+AdaReset+HardDistill,Hopper-v4,2
396386,reward,8221,43.52900797310282,55.5,P3O-dyn+AdaReset+HardDistill,Hopper-v4,2
396451,reward,8222,112.36255532806265,59.375,P3O-dyn+AdaReset+HardDistill,Hopper-v4,2
396521,reward,8223,100.34286350902056,63.633,P3O-dyn+AdaReset+HardDistill,Hopper-v4,2
396548,reward,8224,46.48778916493922,60.943,P3O-dyn+AdaReset+HardDistill,Hopper-v4,2
396602,reward,8225,55.09539679515041,61.692,P3O-dyn+AdaReset+HardDistill,Hopper-v4,2
396689,reward,8226,152.94733262427192,68.933,P3O-dyn+AdaReset+HardDistill,Hopper-v4,2
396736,reward,8227,66.35603878631724,74.98,P3O-dyn+AdaReset+HardDistill,Hopper-v4,2
396805,reward,8228,120.26560653582028,81.695,P3O-dyn+AdaReset+HardDistill,Hopper-v4,2
396844,reward,8229,54.98482158440237,81.881,P3O-dyn+AdaReset+HardDistill,Hopper-v4,2
396900,reward,8230,63.68019509054222,81.605,P3O-dyn+AdaReset+HardDistill,Hopper-v4,2
396958,reward,8231,71.65153966312155,84.417,P3O-dyn+AdaReset+HardDistill,Hopper-v4,2
397011,reward,8232,49.37096505921963,78.118,P3O-dyn+AdaReset+HardDistill,Hopper-v4,2
397041,reward,8233,49.66178162880153,73.05,P3O-dyn+AdaReset+HardDistill,Hopper-v4,2
397068,reward,8234,6.409840505275696,69.042,P3O-dyn+AdaReset+HardDistill,Hopper-v4,2
397123,reward,8235,64.73048497284684,70.006,P3O-dyn+AdaReset+HardDistill,Hopper-v4,2
397180,reward,8236,81.6977856150392,62.881,P3O-dyn+AdaReset+HardDistill,Hopper-v4,2
397235,reward,8237,84.62853298067616,64.708,P3O-dyn+AdaReset+HardDistill,Hopper-v4,2
397313,reward,8238,104.42458969551431,63.124,P3O-dyn+AdaReset+HardDistill,Hopper-v4,2
397364,reward,8239,75.45632940787698,65.171,P3O-dyn+AdaReset+HardDistill,Hopper-v4,2
397430,reward,8240,74.53197798506453,66.256,P3O-dyn+AdaReset+HardDistill,Hopper-v4,2
397462,reward,8241,53.163479642223756,64.408,P3O-dyn+AdaReset+HardDistill,Hopper-v4,2
397495,reward,8242,28.77744580959714,62.348,P3O-dyn+AdaReset+HardDistill,Hopper-v4,2
397572,reward,8243,117.46138151055398,69.128,P3O-dyn+AdaReset+HardDistill,Hopper-v4,2
397583,reward,8244,3.0165174634893086,68.789,P3O-dyn+AdaReset+HardDistill,Hopper-v4,2
397612,reward,8245,48.08241147960551,67.124,P3O-dyn+AdaReset+HardDistill,Hopper-v4,2
397705,reward,8246,103.52741798090734,69.307,P3O-dyn+AdaReset+HardDistill,Hopper-v4,2
397766,reward,8247,89.37633608472046,69.782,P3O-dyn+AdaReset+HardDistill,Hopper-v4,2
397828,reward,8248,105.91331692514184,69.931,P3O-dyn+AdaReset+HardDistill,Hopper-v4,2
397894,reward,8249,39.34186564801527,66.319,P3O-dyn+AdaReset+HardDistill,Hopper-v4,2
397957,reward,8250,107.22171877438707,69.588,P3O-dyn+AdaReset+HardDistill,Hopper-v4,2
398035,reward,8251,62.35328692752414,70.507,P3O-dyn+AdaReset+HardDistill,Hopper-v4,2
398100,reward,8252,92.95376935511271,76.925,P3O-dyn+AdaReset+HardDistill,Hopper-v4,2
398150,reward,8253,71.49863340396362,72.329,P3O-dyn+AdaReset+HardDistill,Hopper-v4,2
398216,reward,8254,69.75216267253508,79.002,P3O-dyn+AdaReset+HardDistill,Hopper-v4,2
398243,reward,8255,5.620804524919274,74.756,P3O-dyn+AdaReset+HardDistill,Hopper-v4,2
398313,reward,8256,113.91587652365004,75.795,P3O-dyn+AdaReset+HardDistill,Hopper-v4,2
398358,reward,8257,63.13828559441631,73.171,P3O-dyn+AdaReset+HardDistill,Hopper-v4,2
398458,reward,8258,120.74746893428595,74.654,P3O-dyn+AdaReset+HardDistill,Hopper-v4,2
398511,reward,8259,63.35097322048673,77.055,P3O-dyn+AdaReset+HardDistill,Hopper-v4,2
398542,reward,8260,51.72853965547581,71.506,P3O-dyn+AdaReset+HardDistill,Hopper-v4,2
398616,reward,8261,107.70888787639494,76.042,P3O-dyn+AdaReset+HardDistill,Hopper-v4,2
398655,reward,8262,53.34388222813246,72.081,P3O-dyn+AdaReset+HardDistill,Hopper-v4,2
398723,reward,8263,57.37443449177164,70.668,P3O-dyn+AdaReset+HardDistill,Hopper-v4,2
398760,reward,8264,58.40860263825381,69.534,P3O-dyn+AdaReset+HardDistill,Hopper-v4,2
398813,reward,8265,47.286700556868034,73.7,P3O-dyn+AdaReset+HardDistill,Hopper-v4,2
398887,reward,8266,79.5964089904738,70.268,P3O-dyn+AdaReset+HardDistill,Hopper-v4,2
398975,reward,8267,94.65089529786908,73.42,P3O-dyn+AdaReset+HardDistill,Hopper-v4,2
399011,reward,8268,48.221140490583075,66.167,P3O-dyn+AdaReset+HardDistill,Hopper-v4,2
399071,reward,8269,55.99239298220443,65.431,P3O-dyn+AdaReset+HardDistill,Hopper-v4,2
399130,reward,8270,53.115782211145984,65.57,P3O-dyn+AdaReset+HardDistill,Hopper-v4,2
399166,reward,8271,52.919583241102174,60.091,P3O-dyn+AdaReset+HardDistill,Hopper-v4,2
399196,reward,8272,50.653110887438515,59.822,P3O-dyn+AdaReset+HardDistill,Hopper-v4,2
399242,reward,8273,65.33102044658762,60.618,P3O-dyn+AdaReset+HardDistill,Hopper-v4,2
399289,reward,8274,65.59019743993933,61.336,P3O-dyn+AdaReset+HardDistill,Hopper-v4,2
399345,reward,8275,70.23492230952694,63.631,P3O-dyn+AdaReset+HardDistill,Hopper-v4,2
399378,reward,8276,57.688973665625554,61.44,P3O-dyn+AdaReset+HardDistill,Hopper-v4,2
399454,reward,8277,112.82561134957956,63.257,P3O-dyn+AdaReset+HardDistill,Hopper-v4,2
399513,reward,8278,72.5932336973001,65.694,P3O-dyn+AdaReset+HardDistill,Hopper-v4,2
399597,reward,8279,127.6557009010079,72.861,P3O-dyn+AdaReset+HardDistill,Hopper-v4,2
399627,reward,8280,49.40928499949878,72.49,P3O-dyn+AdaReset+HardDistill,Hopper-v4,2
399677,reward,8281,34.56566423331939,70.655,P3O-dyn+AdaReset+HardDistill,Hopper-v4,2
399761,reward,8282,77.36847733295997,73.326,P3O-dyn+AdaReset+HardDistill,Hopper-v4,2
399849,reward,8283,76.01646775514368,74.395,P3O-dyn+AdaReset+HardDistill,Hopper-v4,2
399896,reward,8284,71.16690381070906,74.953,P3O-dyn+AdaReset+HardDistill,Hopper-v4,2
399948,reward,8285,41.49142764249835,72.078,P3O-dyn+AdaReset+HardDistill,Hopper-v4,2
399977,reward,8286,48.45164780654756,71.154,P3O-dyn+AdaReset+HardDistill,Hopper-v4,2
400000,speed,2118.27,3.27,P3O-dyn+AdaReset+HardDistill,Hopper-v4,2
400000,sbp,0.4,0.2333,0.1654,P3O-dyn+AdaReset+HardDistill,Hopper-v4,2,0.01654,1,1.859862,1.108131,0.019712,0.01411,4.246798,4.250286,0.678378,0.397032,0.000821,0.817503,1.490887,0.003118,0.00194,1,periodic,0.003533,0.025,0.165431,0.0,0.165431,0.003533,0.003533,0.003533,0.013508,0.013517,0.013513,0,0.0,0.0,0.0
400077,reward,8287,175.5038128723587,77.422,P3O-dyn+AdaReset+HardDistill,Hopper-v4,2
400110,reward,8288,54.734642503977156,75.636,P3O-dyn+AdaReset+HardDistill,Hopper-v4,2
400140,reward,8289,51.03327392106825,67.974,P3O-dyn+AdaReset+HardDistill,Hopper-v4,2
400243,reward,8290,83.45388810095956,71.379,P3O-dyn+AdaReset+HardDistill,Hopper-v4,2
400367,reward,8291,242.8537097150298,92.207,P3O-dyn+AdaReset+HardDistill,Hopper-v4,2
400428,reward,8292,100.92345971960376,94.563,P3O-dyn+AdaReset+HardDistill,Hopper-v4,2
400573,reward,8293,274.4558535994037,114.407,P3O-dyn+AdaReset+HardDistill,Hopper-v4,2
400602,reward,8294,48.73166804705749,112.163,P3O-dyn+AdaReset+HardDistill,Hopper-v4,2
400647,reward,8295,63.86476796066913,114.401,P3O-dyn+AdaReset+HardDistill,Hopper-v4,2
400718,reward,8296,108.4458659020917,120.4,P3O-dyn+AdaReset+HardDistill,Hopper-v4,2
400747,reward,8297,48.238317702634134,107.674,P3O-dyn+AdaReset+HardDistill,Hopper-v4,2
400830,reward,8298,94.08438532785264,111.609,P3O-dyn+AdaReset+HardDistill,Hopper-v4,2
400892,reward,8299,68.22787259848818,113.328,P3O-dyn+AdaReset+HardDistill,Hopper-v4,2
400920,reward,8300,45.73362258311024,109.556,P3O-dyn+AdaReset+HardDistill,Hopper-v4,2
400964,reward,8301,74.79766675046089,92.75,P3O-dyn+AdaReset+HardDistill,Hopper-v4,2
401078,reward,8302,150.8838274884303,97.746,P3O-dyn+AdaReset+HardDistill,Hopper-v4,2
401145,reward,8303,39.22867305425885,74.224,P3O-dyn+AdaReset+HardDistill,Hopper-v4,2
401197,reward,8304,77.63801364389239,77.114,P3O-dyn+AdaReset+HardDistill,Hopper-v4,2
401257,reward,8305,46.61016580163121,75.389,P3O-dyn+AdaReset+HardDistill,Hopper-v4,2
401319,reward,8306,70.64199290435936,71.608,P3O-dyn+AdaReset+HardDistill,Hopper-v4,2
401348,reward,8307,47.546511347251325,71.539,P3O-dyn+AdaReset+HardDistill,Hopper-v4,2
401408,loss,-0.024455375969409943,5.341355800628662,P3O-dyn+AdaReset+HardDistill,Hopper-v4,2
401456,reward,8308,121.37594747045678,74.268,P3O-dyn+AdaReset+HardDistill,Hopper-v4,2
401542,reward,8309,114.13795596402025,78.859,P3O-dyn+AdaReset+HardDistill,Hopper-v4,2
401616,reward,8310,131.59286784137475,87.445,P3O-dyn+AdaReset+HardDistill,Hopper-v4,2
401648,reward,8311,53.750642828579316,85.341,P3O-dyn+AdaReset+HardDistill,Hopper-v4,2
401677,reward,8312,50.46651003156981,75.299,P3O-dyn+AdaReset+HardDistill,Hopper-v4,2
401740,reward,8313,106.94630084162985,82.071,P3O-dyn+AdaReset+HardDistill,Hopper-v4,2
401779,reward,8314,63.561753214396575,80.663,P3O-dyn+AdaReset+HardDistill,Hopper-v4,2
401807,reward,8315,46.705839779065485,80.673,P3O-dyn+AdaReset+HardDistill,Hopper-v4,2
401841,reward,8316,57.94714631975155,79.403,P3O-dyn+AdaReset+HardDistill,Hopper-v4,2
401877,reward,8317,52.70708847721414,79.919,P3O-dyn+AdaReset+HardDistill,Hopper-v4,2
401949,reward,8318,128.80065735199508,80.662,P3O-dyn+AdaReset+HardDistill,Hopper-v4,2
401986,reward,8319,56.69818062805171,74.918,P3O-dyn+AdaReset+HardDistill,Hopper-v4,2
402024,reward,8320,61.91922352050332,67.95,P3O-dyn+AdaReset+HardDistill,Hopper-v4,2
402059,reward,8321,56.90579901114284,68.266,P3O-dyn+AdaReset+HardDistill,Hopper-v4,2
402122,reward,8322,109.12608945332823,74.132,P3O-dyn+AdaReset+HardDistill,Hopper-v4,2
402145,reward,8323,38.38235445525467,67.275,P3O-dyn+AdaReset+HardDistill,Hopper-v4,2
402176,reward,8324,52.76822214787517,66.196,P3O-dyn+AdaReset+HardDistill,Hopper-v4,2
402213,reward,8325,56.60490766954115,67.186,P3O-dyn+AdaReset+HardDistill,Hopper-v4,2
402275,reward,8326,109.2398340522446,72.315,P3O-dyn+AdaReset+HardDistill,Hopper-v4,2
402324,reward,8327,84.10332325564033,75.455,P3O-dyn+AdaReset+HardDistill,Hopper-v4,2
402351,reward,8328,46.33312766585232,67.208,P3O-dyn+AdaReset+HardDistill,Hopper-v4,2
402381,reward,8329,49.602627601918705,66.499,P3O-dyn+AdaReset+HardDistill,Hopper-v4,2
402449,reward,8330,108.89852326524651,71.196,P3O-dyn+AdaReset+HardDistill,Hopper-v4,2
402473,reward,8331,41.19795969441773,69.626,P3O-dyn+AdaReset+HardDistill,Hopper-v4,2
402521,reward,8332,68.82048903969928,65.595,P3O-dyn+AdaReset+HardDistill,Hopper-v4,2
402585,reward,8333,111.16818258546336,72.874,P3O-dyn+AdaReset+HardDistill,Hopper-v4,2
402659,reward,8334,105.44112277746463,78.141,P3O-dyn+AdaReset+HardDistill,Hopper-v4,2
402719,reward,8335,105.96909362899837,83.077,P3O-dyn+AdaReset+HardDistill,Hopper-v4,2
402767,reward,8336,67.7724423215547,78.931,P3O-dyn+AdaReset+HardDistill,Hopper-v4,2
402828,reward,8337,105.81906977809619,81.102,P3O-dyn+AdaReset+HardDistill,Hopper-v4,2
402894,reward,8338,117.3728968281551,88.206,P3O-dyn+AdaReset+HardDistill,Hopper-v4,2
402938,reward,8339,61.850044189113326,89.431,P3O-dyn+AdaReset+HardDistill,Hopper-v4,2
402990,reward,8340,92.35270006616224,87.776,P3O-dyn+AdaReset+HardDistill,Hopper-v4,2
403047,reward,8341,97.44134685818591,93.401,P3O-dyn+AdaReset+HardDistill,Hopper-v4,2
403126,reward,8342,108.67396782618144,97.386,P3O-dyn+AdaReset+HardDistill,Hopper-v4,2
403192,reward,8343,112.51509326148931,97.521,P3O-dyn+AdaReset+HardDistill,Hopper-v4,2
403223,reward,8344,50.95583209692746,92.072,P3O-dyn+AdaReset+HardDistill,Hopper-v4,2
403270,reward,8345,75.14728379797336,88.99,P3O-dyn+AdaReset+HardDistill,Hopper-v4,2
403298,reward,8346,46.37390366535183,86.85,P3O-dyn+AdaReset+HardDistill,Hopper-v4,2
403374,reward,8347,122.54004198507758,88.522,P3O-dyn+AdaReset+HardDistill,Hopper-v4,2
403444,reward,8348,99.84766404989261,86.77,P3O-dyn+AdaReset+HardDistill,Hopper-v4,2
403502,reward,8349,88.28642614484097,89.413,P3O-dyn+AdaReset+HardDistill,Hopper-v4,2
403539,reward,8350,56.53574411165571,85.832,P3O-dyn+AdaReset+HardDistill,Hopper-v4,2
403618,reward,8351,117.47973727171512,87.836,P3O-dyn+AdaReset+HardDistill,Hopper-v4,2
403680,reward,8352,92.55253642712233,86.223,P3O-dyn+AdaReset+HardDistill,Hopper-v4,2
403712,reward,8353,53.140142134396164,80.286,P3O-dyn+AdaReset+HardDistill,Hopper-v4,2
403813,reward,8354,156.48865127937128,90.839,P3O-dyn+AdaReset+HardDistill,Hopper-v4,2
403874,reward,8355,101.63836667010436,93.488,P3O-dyn+AdaReset+HardDistill,Hopper-v4,2
403904,reward,8356,49.95332751223891,93.846,P3O-dyn+AdaReset+HardDistill,Hopper-v4,2
403986,reward,8357,142.95838020949012,95.888,P3O-dyn+AdaReset+HardDistill,Hopper-v4,2
404028,reward,8358,43.308549395830106,90.234,P3O-dyn+AdaReset+HardDistill,Hopper-v4,2
404078,reward,8359,72.56808932629228,88.662,P3O-dyn+AdaReset+HardDistill,Hopper-v4,2
404107,reward,8360,48.461774651603285,87.855,P3O-dyn+AdaReset+HardDistill,Hopper-v4,2
404146,reward,8361,58.13595888867245,81.921,P3O-dyn+AdaReset+HardDistill,Hopper-v4,2
404199,reward,8362,33.006802055349624,75.966,P3O-dyn+AdaReset+HardDistill,Hopper-v4,2
404226,reward,8363,45.54628084664898,75.207,P3O-dyn+AdaReset+HardDistill,Hopper-v4,2
404268,reward,8364,70.29602515224622,66.587,P3O-dyn+AdaReset+HardDistill,Hopper-v4,2
404344,reward,8365,84.31823896739843,64.855,P3O-dyn+AdaReset+HardDistill,Hopper-v4,2
404398,reward,8366,48.402295354348546,64.7,P3O-dyn+AdaReset+HardDistill,Hopper-v4,2
404454,reward,8367,94.8613022863534,59.891,P3O-dyn+AdaReset+HardDistill,Hopper-v4,2
404545,reward,8368,105.91310568210432,66.151,P3O-dyn+AdaReset+HardDistill,Hopper-v4,2
404575,reward,8369,49.64804902018267,63.859,P3O-dyn+AdaReset+HardDistill,Hopper-v4,2
404621,reward,8370,76.70772534937632,66.684,P3O-dyn+AdaReset+HardDistill,Hopper-v4,2
404668,reward,8371,67.61183690091458,67.631,P3O-dyn+AdaReset+HardDistill,Hopper-v4,2
404713,reward,8372,63.957161846409996,70.726,P3O-dyn+AdaReset+HardDistill,Hopper-v4,2
404767,reward,8373,77.08234073540866,73.88,P3O-dyn+AdaReset+HardDistill,Hopper-v4,2
404829,reward,8374,73.61514030306672,74.212,P3O-dyn+AdaReset+HardDistill,Hopper-v4,2
404885,reward,8375,96.48683678571702,75.429,P3O-dyn+AdaReset+HardDistill,Hopper-v4,2
404930,reward,8376,74.37161523185073,78.026,P3O-dyn+AdaReset+HardDistill,Hopper-v4,2
404957,reward,8377,45.77815112016418,73.117,P3O-dyn+AdaReset+HardDistill,Hopper-v4,2
405012,reward,8378,69.53623815505853,69.48,P3O-dyn+AdaReset+HardDistill,Hopper-v4,2
405042,reward,8379,49.53598181392627,69.468,P3O-dyn+AdaReset+HardDistill,Hopper-v4,2
405101,reward,8380,101.02097027438418,71.9,P3O-dyn+AdaReset+HardDistill,Hopper-v4,2
405132,reward,8381,51.548311285478555,70.293,P3O-dyn+AdaReset+HardDistill,Hopper-v4,2
405162,reward,8382,47.90717228075966,68.688,P3O-dyn+AdaReset+HardDistill,Hopper-v4,2
405223,reward,8383,94.14326589859452,70.394,P3O-dyn+AdaReset+HardDistill,Hopper-v4,2
405348,reward,8384,109.09514335984424,73.942,P3O-dyn+AdaReset+HardDistill,Hopper-v4,2
405375,reward,8385,46.66662959295895,68.96,P3O-dyn+AdaReset+HardDistill,Hopper-v4,2
405620,reward,8386,277.1860383084569,89.242,P3O-dyn+AdaReset+HardDistill,Hopper-v4,2
405667,reward,8387,68.2189639957815,91.486,P3O-dyn+AdaReset+HardDistill,Hopper-v4,2
405703,reward,8388,52.91629368947866,89.824,P3O-dyn+AdaReset+HardDistill,Hopper-v4,2
405760,reward,8389,96.78786139194044,94.549,P3O-dyn+AdaReset+HardDistill,Hopper-v4,2
405785,reward,8390,42.27576932780637,88.675,P3O-dyn+AdaReset+HardDistill,Hopper-v4,2
405841,reward,8391,87.01691404664254,92.221,P3O-dyn+AdaReset+HardDistill,Hopper-v4,2
405891,reward,8392,72.78271655520469,94.709,P3O-dyn+AdaReset+HardDistill,Hopper-v4,2
405949,reward,8393,96.77084591587436,94.972,P3O-dyn+AdaReset+HardDistill,Hopper-v4,2
406033,reward,8394,74.2513440994462,91.487,P3O-dyn+AdaReset+HardDistill,Hopper-v4,2
406074,reward,8395,56.074726313586076,92.428,P3O-dyn+AdaReset+HardDistill,Hopper-v4,2
406122,reward,8396,77.04853884876418,72.414,P3O-dyn+AdaReset+HardDistill,Hopper-v4,2
406212,reward,8397,107.20305096482647,76.313,P3O-dyn+AdaReset+HardDistill,Hopper-v4,2
406264,reward,8398,87.97669086554599,79.819,P3O-dyn+AdaReset+HardDistill,Hopper-v4,2
406365,reward,8399,207.70901203015302,90.911,P3O-dyn+AdaReset+HardDistill,Hopper-v4,2
406400,reward,8400,57.643529091004204,92.448,P3O-dyn+AdaReset+HardDistill,Hopper-v4,2
406445,reward,8401,64.22072050272507,90.168,P3O-dyn+AdaReset+HardDistill,Hopper-v4,2
406491,reward,8402,65.2503045728468,89.415,P3O-dyn+AdaReset+HardDistill,Hopper-v4,2
406558,reward,8403,117.9782616291994,91.536,P3O-dyn+AdaReset+HardDistill,Hopper-v4,2
406605,reward,8404,67.23363662766776,90.834,P3O-dyn+AdaReset+HardDistill,Hopper-v4,2
406632,reward,8405,45.25116561155185,89.751,P3O-dyn+AdaReset+HardDistill,Hopper-v4,2
406663,reward,8406,52.64637906225859,87.311,P3O-dyn+AdaReset+HardDistill,Hopper-v4,2
406713,reward,8407,20.647767453237037,78.656,P3O-dyn+AdaReset+HardDistill,Hopper-v4,2
406769,reward,8408,96.23113056355312,79.481,P3O-dyn+AdaReset+HardDistill,Hopper-v4,2
406825,reward,8409,93.72107936058694,68.082,P3O-dyn+AdaReset+HardDistill,Hopper-v4,2
406854,reward,8410,48.759562460643565,67.194,P3O-dyn+AdaReset+HardDistill,Hopper-v4,2
406923,reward,8411,118.83383743397486,72.655,P3O-dyn+AdaReset+HardDistill,Hopper-v4,2
406952,reward,8412,49.86333031115959,71.117,P3O-dyn+AdaReset+HardDistill,Hopper-v4,2
407013,reward,8413,104.62789509039895,69.782,P3O-dyn+AdaReset+HardDistill,Hopper-v4,2
407079,reward,8414,81.05090687481237,71.163,P3O-dyn+AdaReset+HardDistill,Hopper-v4,2
407138,reward,8415,106.33199344392976,77.271,P3O-dyn+AdaReset+HardDistill,Hopper-v4,2
407168,reward,8416,50.908590254405155,77.098,P3O-dyn+AdaReset+HardDistill,Hopper-v4,2
407197,reward,8417,48.35758011309776,79.869,P3O-dyn+AdaReset+HardDistill,Hopper-v4,2
407267,reward,8418,127.06298802912295,82.952,P3O-dyn+AdaReset+HardDistill,Hopper-v4,2
407309,reward,8419,63.141608979997606,79.894,P3O-dyn+AdaReset+HardDistill,Hopper-v4,2
407344,reward,8420,53.1598571116138,80.334,P3O-dyn+AdaReset+HardDistill,Hopper-v4,2
407370,reward,8421,44.35745363329544,72.886,P3O-dyn+AdaReset+HardDistill,Hopper-v4,2
407445,reward,8422,93.16919829723041,77.217,P3O-dyn+AdaReset+HardDistill,Hopper-v4,2
407490,reward,8423,64.47092134244382,73.201,P3O-dyn+AdaReset+HardDistill,Hopper-v4,2
407625,reward,8424,220.1124836865596,87.107,P3O-dyn+AdaReset+HardDistill,Hopper-v4,2
407650,reward,8425,42.76825460283281,80.751,P3O-dyn+AdaReset+HardDistill,Hopper-v4,2
407678,reward,8426,48.287814307950526,80.489,P3O-dyn+AdaReset+HardDistill,Hopper-v4,2
407708,reward,8427,50.867673406752395,80.74,P3O-dyn+AdaReset+HardDistill,Hopper-v4,2
407784,reward,8428,65.3696177806861,74.57,P3O-dyn+AdaReset+HardDistill,Hopper-v4,2
407844,reward,8429,102.4960435986277,78.506,P3O-dyn+AdaReset+HardDistill,Hopper-v4,2
407890,reward,8430,61.49643529810601,79.34,P3O-dyn+AdaReset+HardDistill,Hopper-v4,2
407916,reward,8431,44.615252958298576,79.365,P3O-dyn+AdaReset+HardDistill,Hopper-v4,2
407978,reward,8432,107.63070814701226,80.812,P3O-dyn+AdaReset+HardDistill,Hopper-v4,2
408010,reward,8433,52.2408701185788,79.589,P3O-dyn+AdaReset+HardDistill,Hopper-v4,2
408065,reward,8434,79.46791886883713,65.524,P3O-dyn+AdaReset+HardDistill,Hopper-v4,2
408094,reward,8435,48.07630157062576,66.055,P3O-dyn+AdaReset+HardDistill,Hopper-v4,2
408127,reward,8436,53.09139248876383,66.535,P3O-dyn+AdaReset+HardDistill,Hopper-v4,2
408181,reward,8437,78.2829553011919,69.277,P3O-dyn+AdaReset+HardDistill,Hopper-v4,2
408209,reward,8438,46.667952197574195,67.407,P3O-dyn+AdaReset+HardDistill,Hopper-v4,2
408349,reward,8439,205.028130452575,77.66,P3O-dyn+AdaReset+HardDistill,Hopper-v4,2
408399,reward,8440,72.27349569465432,78.737,P3O-dyn+AdaReset+HardDistill,Hopper-v4,2
408425,reward,8441,43.9623124719282,78.672,P3O-dyn+AdaReset+HardDistill,Hopper-v4,2
408519,reward,8442,190.45029173688303,86.954,P3O-dyn+AdaReset+HardDistill,Hopper-v4,2
408547,reward,8443,46.94258038547814,86.424,P3O-dyn+AdaReset+HardDistill,Hopper-v4,2
408578,reward,8444,51.31638808847627,83.609,P3O-dyn+AdaReset+HardDistill,Hopper-v4,2
408605,reward,8445,45.352780736223636,83.337,P3O-dyn+AdaReset+HardDistill,Hopper-v4,2
408634,reward,8446,49.07411273358866,82.935,P3O-dyn+AdaReset+HardDistill,Hopper-v4,2
408663,reward,8447,48.843243454144506,79.991,P3O-dyn+AdaReset+HardDistill,Hopper-v4,2
408695,reward,8448,52.73833678306558,80.598,P3O-dyn+AdaReset+HardDistill,Hopper-v4,2
408729,reward,8449,57.97677428746469,65.893,P3O-dyn+AdaReset+HardDistill,Hopper-v4,2
408760,reward,8450,51.31986961495455,63.798,P3O-dyn+AdaReset+HardDistill,Hopper-v4,2
408793,reward,8451,56.08318094438055,65.01,P3O-dyn+AdaReset+HardDistill,Hopper-v4,2
408850,reward,8452,52.576779012200674,51.222,P3O-dyn+AdaReset+HardDistill,Hopper-v4,2
408908,reward,8453,97.87529928535375,56.316,P3O-dyn+AdaReset+HardDistill,Hopper-v4,2
408984,reward,8454,107.90869860053617,61.975,P3O-dyn+AdaReset+HardDistill,Hopper-v4,2
409020,reward,8455,38.77902758216543,61.318,P3O-dyn+AdaReset+HardDistill,Hopper-v4,2
409050,reward,8456,50.065052041130464,61.417,P3O-dyn+AdaReset+HardDistill,Hopper-v4,2
409101,reward,8457,49.419871046828604,61.474,P3O-dyn+AdaReset+HardDistill,Hopper-v4,2
409153,reward,8458,80.6451434827044,64.265,P3O-dyn+AdaReset+HardDistill,Hopper-v4,2
409225,reward,8459,123.26526495081785,70.794,P3O-dyn+AdaReset+HardDistill,Hopper-v4,2
409252,reward,8460,45.47835079343876,70.21,P3O-dyn+AdaReset+HardDistill,Hopper-v4,2
409329,reward,8461,148.50886352346348,79.452,P3O-dyn+AdaReset+HardDistill,Hopper-v4,2
409364,reward,8462,58.7576883077099,80.07,P3O-dyn+AdaReset+HardDistill,Hopper-v4,2
409421,reward,8463,97.45639685187307,80.028,P3O-dyn+AdaReset+HardDistill,Hopper-v4,2
409490,reward,8464,118.83404004666386,81.121,P3O-dyn+AdaReset+HardDistill,Hopper-v4,2
409537,reward,8465,73.3957592657321,84.583,P3O-dyn+AdaReset+HardDistill,Hopper-v4,2
409600,loss,-0.019964227452874184,33.18061828613281,P3O-dyn+AdaReset+HardDistill,Hopper-v4,2
409612,reward,8466,131.59509688160438,92.736,P3O-dyn+AdaReset+HardDistill,Hopper-v4,2
409682,reward,8467,91.92325871486207,96.986,P3O-dyn+AdaReset+HardDistill,Hopper-v4,2
409713,reward,8468,51.92423659089295,94.114,P3O-dyn+AdaReset+HardDistill,Hopper-v4,2
409741,reward,8469,48.308645916890924,86.618,P3O-dyn+AdaReset+HardDistill,Hopper-v4,2
409806,reward,8470,108.78581795028074,92.949,P3O-dyn+AdaReset+HardDistill,Hopper-v4,2
409849,reward,8471,71.85166562316348,85.283,P3O-dyn+AdaReset+HardDistill,Hopper-v4,2
409897,reward,8472,80.85115979579714,87.493,P3O-dyn+AdaReset+HardDistill,Hopper-v4,2
409943,reward,8473,78.64695985726279,85.612,P3O-dyn+AdaReset+HardDistill,Hopper-v4,2
409975,reward,8474,53.29730492671726,79.058,P3O-dyn+AdaReset+HardDistill,Hopper-v4,2
410000,speed,1998.32,3.36,P3O-dyn+AdaReset+HardDistill,Hopper-v4,2
410011,reward,8475,62.03161443944585,77.922,P3O-dyn+AdaReset+HardDistill,Hopper-v4,2
410065,reward,8476,93.00673563243376,74.063,P3O-dyn+AdaReset+HardDistill,Hopper-v4,2
410095,reward,8477,49.82828770298957,69.853,P3O-dyn+AdaReset+HardDistill,Hopper-v4,2
410142,reward,8478,66.51866648898879,71.313,P3O-dyn+AdaReset+HardDistill,Hopper-v4,2
410205,reward,8479,107.65605676225823,77.247,P3O-dyn+AdaReset+HardDistill,Hopper-v4,2
410264,reward,8480,101.07538928322619,76.476,P3O-dyn+AdaReset+HardDistill,Hopper-v4,2
410310,reward,8481,80.21168494146426,77.312,P3O-dyn+AdaReset+HardDistill,Hopper-v4,2
410387,reward,8482,113.22555253292205,80.55,P3O-dyn+AdaReset+HardDistill,Hopper-v4,2
410436,reward,8483,83.37386705133544,81.023,P3O-dyn+AdaReset+HardDistill,Hopper-v4,2
410488,reward,8484,77.31712755524933,83.424,P3O-dyn+AdaReset+HardDistill,Hopper-v4,2
410538,reward,8485,86.05230071867678,85.827,P3O-dyn+AdaReset+HardDistill,Hopper-v4,2
410590,reward,8486,75.74161568731398,84.1,P3O-dyn+AdaReset+HardDistill,Hopper-v4,2
410624,reward,8487,55.13506396967333,84.631,P3O-dyn+AdaReset+HardDistill,Hopper-v4,2
410659,reward,8488,60.37789397224919,84.017,P3O-dyn+AdaReset+HardDistill,Hopper-v4,2
410687,reward,8489,46.57000607149504,77.908,P3O-dyn+AdaReset+HardDistill,Hopper-v4,2
410750,reward,8490,106.76735400370804,78.477,P3O-dyn+AdaReset+HardDistill,Hopper-v4,2
410787,reward,8491,63.066645600835955,76.763,P3O-dyn+AdaReset+HardDistill,Hopper-v4,2
410814,reward,8492,45.60387975866797,70.001,P3O-dyn+AdaReset+HardDistill,Hopper-v4,2
410841,reward,8493,45.462414263078415,66.209,P3O-dyn+AdaReset+HardDistill,Hopper-v4,2
410900,reward,8494,99.98689617503021,68.476,P3O-dyn+AdaReset+HardDistill,Hopper-v4,2
410931,reward,8495,53.09464858191297,65.181,P3O-dyn+AdaReset+HardDistill,Hopper-v4,2
411006,reward,8496,97.57947240772721,67.364,P3O-dyn+AdaReset+HardDistill,Hopper-v4,2
411035,reward,8497,48.32641557005856,66.684,P3O-dyn+AdaReset+HardDistill,Hopper-v4,2
411067,reward,8498,54.12408014141381,66.058,P3O-dyn+AdaReset+HardDistill,Hopper-v4,2
411092,reward,8499,42.74878677083501,65.676,P3O-dyn+AdaReset+HardDistill,Hopper-v4,2
411152,reward,8500,103.46029256474799,65.345,P3O-dyn+AdaReset+HardDistill,Hopper-v4,2
411191,reward,8501,65.67842008577554,65.607,P3O-dyn+AdaReset+HardDistill,Hopper-v4,2
411238,reward,8502,80.27107268813396,69.073,P3O-dyn+AdaReset+HardDistill,Hopper-v4,2
411269,reward,8503,51.463831745919975,69.673,P3O-dyn+AdaReset+HardDistill,Hopper-v4,2
411391,reward,8504,185.81937360832245,78.257,P3O-dyn+AdaReset+HardDistill,Hopper-v4,2
411439,reward,8505,80.3989533879162,80.987,P3O-dyn+AdaReset+HardDistill,Hopper-v4,2
411470,reward,8506,51.15370406669424,76.344,P3O-dyn+AdaReset+HardDistill,Hopper-v4,2
411501,reward,8507,51.95744235047519,76.708,P3O-dyn+AdaReset+HardDistill,Hopper-v4,2
411557,reward,8508,95.69067984088139,80.864,P3O-dyn+AdaReset+HardDistill,Hopper-v4,2
411632,reward,8509,133.28457763893613,89.918,P3O-dyn+AdaReset+HardDistill,Hopper-v4,2
411693,reward,8510,106.83714007511517,90.256,P3O-dyn+AdaReset+HardDistill,Hopper-v4,2
411734,reward,8511,55.45749100556547,89.233,P3O-dyn+AdaReset+HardDistill,Hopper-v4,2
411763,reward,8512,47.72389104932458,85.979,P3O-dyn+AdaReset+HardDistill,Hopper-v4,2
411801,reward,8513,57.639699343978236,86.596,P3O-dyn+AdaReset+HardDistill,Hopper-v4,2
411838,reward,8514,62.36138566967929,74.25,P3O-dyn+AdaReset+HardDistill,Hopper-v4,2
411868,reward,8515,50.3823884696805,71.249,P3O-dyn+AdaReset+HardDistill,Hopper-v4,2
411911,reward,8516,74.20488734376741,73.554,P3O-dyn+AdaReset+HardDistill,Hopper-v4,2
411972,reward,8517,106.15258341914658,78.973,P3O-dyn+AdaReset+HardDistill,Hopper-v4,2
412016,reward,8518,74.32512045735871,76.837,P3O-dyn+AdaReset+HardDistill,Hopper-v4,2
412043,reward,8519,44.6167419311192,67.97,P3O-dyn+AdaReset+HardDistill,Hopper-v4,2
412074,reward,8520,49.86695793991632,62.273,P3O-dyn+AdaReset+HardDistill,Hopper-v4,2
412105,reward,8521,50.95562769356225,61.823,P3O-dyn+AdaReset+HardDistill,Hopper-v4,2
412169,reward,8522,109.67103855763341,68.018,P3O-dyn+AdaReset+HardDistill,Hopper-v4,2
412198,reward,8523,48.99148260793976,67.153,P3O-dyn+AdaReset+HardDistill,Hopper-v4,2
412240,reward,8524,71.41914689826943,68.059,P3O-dyn+AdaReset+HardDistill,Hopper-v4,2
412268,reward,8525,47.91307653085258,67.812,P3O-dyn+AdaReset+HardDistill,Hopper-v4,2
412321,reward,8526,88.54619401438687,69.246,P3O-dyn+AdaReset+HardDistill,Hopper-v4,2
412352,reward,8527,51.453356789133565,63.776,P3O-dyn+AdaReset+HardDistill,Hopper-v4,2
412410,reward,8528,97.21739624583545,66.065,P3O-dyn+AdaReset+HardDistill,Hopper-v4,2
412466,reward,8529,98.00520020044851,71.404,P3O-dyn+AdaReset+HardDistill,Hopper-v4,2
412505,reward,8530,67.9716902901252,73.214,P3O-dyn+AdaReset+HardDistill,Hopper-v4,2
412540,reward,8531,53.76902450081046,73.496,P3O-dyn+AdaReset+HardDistill,Hopper-v4,2
412596,reward,8532,73.90373851948837,69.919,P3O-dyn+AdaReset+HardDistill,Hopper-v4,2
412735,reward,8533,257.33106494535207,90.753,P3O-dyn+AdaReset+HardDistill,Hopper-v4,2
412802,reward,8534,115.9637072416302,95.207,P3O-dyn+AdaReset+HardDistill,Hopper-v4,2
412903,reward,8535,186.18644471693653,109.035,P3O-dyn+AdaReset+HardDistill,Hopper-v4,2
412961,reward,8536,100.44749278826369,110.225,P3O-dyn+AdaReset+HardDistill,Hopper-v4,2
413014,reward,8537,92.17312340706125,114.297,P3O-dyn+AdaReset+HardDistill,Hopper-v4,2
413029,reward,8538,4.9557442468900925,105.071,P3O-dyn+AdaReset+HardDistill,Hopper-v4,2
413064,reward,8539,58.38434438910766,101.109,P3O-dyn+AdaReset+HardDistill,Hopper-v4,2
413093,reward,8540,48.29142523659652,99.141,P3O-dyn+AdaReset+HardDistill,Hopper-v4,2
413139,reward,8541,78.93897985886325,101.658,P3O-dyn+AdaReset+HardDistill,Hopper-v4,2
413203,reward,8542,111.51090522901556,105.418,P3O-dyn+AdaReset+HardDistill,Hopper-v4,2
413234,reward,8543,51.23925115388763,84.809,P3O-dyn+AdaReset+HardDistill,Hopper-v4,2
413270,reward,8544,63.543635468567174,79.567,P3O-dyn+AdaReset+HardDistill,Hopper-v4,2
413299,reward,8545,50.23326126751777,65.972,P3O-dyn+AdaReset+HardDistill,Hopper-v4,2
413413,reward,8546,243.77185739036318,80.304,P3O-dyn+AdaReset+HardDistill,Hopper-v4,2
413464,reward,8547,85.71590363690963,79.659,P3O-dyn+AdaReset+HardDistill,Hopper-v4,2
413521,reward,8548,97.82057516609059,88.945,P3O-dyn+AdaReset+HardDistill,Hopper-v4,2
413552,reward,8549,52.078080726153054,88.314,P3O-dyn+AdaReset+HardDistill,Hopper-v4,2
413591,reward,8550,67.06847118915941,90.192,P3O-dyn+AdaReset+HardDistill,Hopper-v4,2
413623,reward,8551,53.0100659708994,87.599,P3O-dyn+AdaReset+HardDistill,Hopper-v4,2
413650,reward,8552,45.97695603917077,81.046,P3O-dyn+AdaReset+HardDistill,Hopper-v4,2
413701,reward,8553,73.1309611559823,83.235,P3O-dyn+AdaReset+HardDistill,Hopper-v4,2
413729,reward,8554,46.72268087038208,81.553,P3O-dyn+AdaReset+HardDistill,Hopper-v4,2
413783,reward,8555,81.96174096258007,84.726,P3O-dyn+AdaReset+HardDistill,Hopper-v4,2
413861,reward,8556,127.64032929099618,73.113,P3O-dyn+AdaReset+HardDistill,Hopper-v4,2
413886,reward,8557,41.64172591505212,68.705,P3O-dyn+AdaReset+HardDistill,Hopper-v4,2
413947,reward,8558,106.27376389230665,69.55,P3O-dyn+AdaReset+HardDistill,Hopper-v4,2
413988,reward,8559,68.67377425317407,71.21,P3O-dyn+AdaReset+HardDistill,Hopper-v4,2
414016,reward,8560,47.29033002171349,69.232,P3O-dyn+AdaReset+HardDistill,Hopper-v4,2
414047,reward,8561,50.99670555406062,69.031,P3O-dyn+AdaReset+HardDistill,Hopper-v4,2
414099,reward,8562,88.88297187419818,73.321,P3O-dyn+AdaReset+HardDistill,Hopper-v4,2
414223,reward,8563,138.90624593933904,79.899,P3O-dyn+AdaReset+HardDistill,Hopper-v4,2
414283,reward,8564,103.73833571826854,85.601,P3O-dyn+AdaReset+HardDistill,Hopper-v4,2
414323,reward,8565,69.17686997864514,84.322,P3O-dyn+AdaReset+HardDistill,Hopper-v4,2
414350,reward,8566,45.984906608375894,76.157,P3O-dyn+AdaReset+HardDistill,Hopper-v4,2
414381,reward,8567,51.10253257170707,77.103,P3O-dyn+AdaReset+HardDistill,Hopper-v4,2
414446,reward,8568,110.65065264595182,77.54,P3O-dyn+AdaReset+HardDistill,Hopper-v4,2
414476,reward,8569,49.155798415448466,75.589,P3O-dyn+AdaReset+HardDistill,Hopper-v4,2
414531,reward,8570,95.54058135664253,80.414,P3O-dyn+AdaReset+HardDistill,Hopper-v4,2
414587,reward,8571,97.15515612897697,85.029,P3O-dyn+AdaReset+HardDistill,Hopper-v4,2
414633,reward,8572,74.34933497897815,83.576,P3O-dyn+AdaReset+HardDistill,Hopper-v4,2
414665,reward,8573,53.81069628314522,75.066,P3O-dyn+AdaReset+HardDistill,Hopper-v4,2
414694,reward,8574,47.364283437634576,69.429,P3O-dyn+AdaReset+HardDistill,Hopper-v4,2
414754,reward,8575,104.07289896886712,72.919,P3O-dyn+AdaReset+HardDistill,Hopper-v4,2
414815,reward,8576,104.50683286664973,78.771,P3O-dyn+AdaReset+HardDistill,Hopper-v4,2
414845,reward,8577,49.61570804283017,78.622,P3O-dyn+AdaReset+HardDistill,Hopper-v4,2
414882,reward,8578,64.85327665473622,74.042,P3O-dyn+AdaReset+HardDistill,Hopper-v4,2
414940,reward,8579,100.02540591258682,79.129,P3O-dyn+AdaReset+HardDistill,Hopper-v4,2
414978,reward,8580,54.03757285638791,74.979,P3O-dyn+AdaReset+HardDistill,Hopper-v4,2
415021,reward,8581,73.31704505305265,72.595,P3O-dyn+AdaReset+HardDistill,Hopper-v4,2
415115,reward,8582,177.71567860420902,82.932,P3O-dyn+AdaReset+HardDistill,Hopper-v4,2
415189,reward,8583,137.50411997648834,91.301,P3O-dyn+AdaReset+HardDistill,Hopper-v4,2
415253,reward,8584,109.37373077540546,97.502,P3O-dyn+AdaReset+HardDistill,Hopper-v4,2
415303,reward,8585,87.31433862533677,95.826,P3O-dyn+AdaReset+HardDistill,Hopper-v4,2
415352,reward,8586,69.83453452950742,92.359,P3O-dyn+AdaReset+HardDistill,Hopper-v4,2
415402,reward,8587,84.73268552815712,95.871,P3O-dyn+AdaReset+HardDistill,Hopper-v4,2
415473,reward,8588,126.00219700613258,101.986,P3O-dyn+AdaReset+HardDistill,Hopper-v4,2
415534,reward,8589,105.02104809674884,102.485,P3O-dyn+AdaReset+HardDistill,Hopper-v4,2
415573,reward,8590,66.90168980112806,103.772,P3O-dyn+AdaReset+HardDistill,Hopper-v4,2
415640,reward,8591,94.13426313025164,105.853,P3O-dyn+AdaReset+HardDistill,Hopper-v4,2
415674,reward,8592,55.42607399635975,93.624,P3O-dyn+AdaReset+HardDistill,Hopper-v4,2
415701,reward,8593,46.16324749231336,84.49,P3O-dyn+AdaReset+HardDistill,Hopper-v4,2
415759,reward,8594,98.73505200765197,83.427,P3O-dyn+AdaReset+HardDistill,Hopper-v4,2
415795,reward,8595,63.655758675761874,81.061,P3O-dyn+AdaReset+HardDistill,Hopper-v4,2
415823,reward,8596,47.00506924465847,78.778,P3O-dyn+AdaReset+HardDistill,Hopper-v4,2
415856,reward,8597,53.63991130732718,75.668,P3O-dyn+AdaReset+HardDistill,Hopper-v4,2
415914,reward,8598,98.76843231309832,72.945,P3O-dyn+AdaReset+HardDistill,Hopper-v4,2
416036,reward,8599,116.87765784198443,74.131,P3O-dyn+AdaReset+HardDistill,Hopper-v4,2
416087,reward,8600,85.84375941751804,76.025,P3O-dyn+AdaReset+HardDistill,Hopper-v4,2
416134,reward,8601,80.38966680689738,74.65,P3O-dyn+AdaReset+HardDistill,Hopper-v4,2
416161,reward,8602,45.35031394612683,73.643,P3O-dyn+AdaReset+HardDistill,Hopper-v4,2
416192,reward,8603,50.19887256239832,74.046,P3O-dyn+AdaReset+HardDistill,Hopper-v4,2
416253,reward,8604,107.6385689250527,74.937,P3O-dyn+AdaReset+HardDistill,Hopper-v4,2
416290,reward,8605,59.84212472232665,74.555,P3O-dyn+AdaReset+HardDistill,Hopper-v4,2
416328,reward,8606,52.16599338420305,75.072,P3O-dyn+AdaReset+HardDistill,Hopper-v4,2
416377,reward,8607,83.12617032059995,78.02,P3O-dyn+AdaReset+HardDistill,Hopper-v4,2
416409,reward,8608,52.94728136546221,73.438,P3O-dyn+AdaReset+HardDistill,Hopper-v4,2
416470,reward,8609,105.14581757422792,72.265,P3O-dyn+AdaReset+HardDistill,Hopper-v4,2
416502,reward,8610,50.33500782194874,68.714,P3O-dyn+AdaReset+HardDistill,Hopper-v4,2
416565,reward,8611,111.07069758293375,71.782,P3O-dyn+AdaReset+HardDistill,Hopper-v4,2
416597,reward,8612,55.60700532084498,72.808,P3O-dyn+AdaReset+HardDistill,Hopper-v4,2
416630,reward,8613,56.367957347837034,73.425,P3O-dyn+AdaReset+HardDistill,Hopper-v4,2
416691,reward,8614,105.81204804284822,73.242,P3O-dyn+AdaReset+HardDistill,Hopper-v4,2
416759,reward,8615,116.94075975904558,78.952,P3O-dyn+AdaReset+HardDistill,Hopper-v4,2
416788,reward,8616,48.37849069991036,78.573,P3O-dyn+AdaReset+HardDistill,Hopper-v4,2
416847,reward,8617,90.31316711879656,79.292,P3O-dyn+AdaReset+HardDistill,Hopper-v4,2
416905,reward,8618,98.96168123601892,83.893,P3O-dyn+AdaReset+HardDistill,Hopper-v4,2
416959,reward,8619,91.23943031814804,82.503,P3O-dyn+AdaReset+HardDistill,Hopper-v4,2
416989,reward,8620,50.670622963550805,82.536,P3O-dyn+AdaReset+HardDistill,Hopper-v4,2
417013,reward,8621,40.148969827606884,75.444,P3O-dyn+AdaReset+HardDistill,Hopper-v4,2
417042,reward,8622,49.27691258679957,74.811,P3O-dyn+AdaReset+HardDistill,Hopper-v4,2
417085,reward,8623,72.79079414970118,76.453,P3O-dyn+AdaReset+HardDistill,Hopper-v4,2
417127,reward,8624,68.75709240965446,72.748,P3O-dyn+AdaReset+HardDistill,Hopper-v4,2
417178,reward,8625,88.59967808114152,69.914,P3O-dyn+AdaReset+HardDistill,Hopper-v4,2
417257,reward,8626,141.80975900549734,79.257,P3O-dyn+AdaReset+HardDistill,Hopper-v4,2
417304,reward,8627,80.35527263170303,78.261,P3O-dyn+AdaReset+HardDistill,Hopper-v4,2
417331,reward,8628,43.431006479380514,72.708,P3O-dyn+AdaReset+HardDistill,Hopper-v4,2
417373,reward,8629,71.71750236097544,70.756,P3O-dyn+AdaReset+HardDistill,Hopper-v4,2
417425,reward,8630,86.77568898550061,74.366,P3O-dyn+AdaReset+HardDistill,Hopper-v4,2
417456,reward,8631,54.04463661295957,75.756,P3O-dyn+AdaReset+HardDistill,Hopper-v4,2
417490,reward,8632,58.35156518707225,76.663,P3O-dyn+AdaReset+HardDistill,Hopper-v4,2
417528,reward,8633,65.38766189136636,75.923,P3O-dyn+AdaReset+HardDistill,Hopper-v4,2
417559,reward,8634,51.62789420455383,74.21,P3O-dyn+AdaReset+HardDistill,Hopper-v4,2
417626,reward,8635,117.91018630100862,77.141,P3O-dyn+AdaReset+HardDistill,Hopper-v4,2
417653,reward,8636,45.8000425982965,67.54,P3O-dyn+AdaReset+HardDistill,Hopper-v4,2
417694,reward,8637,71.95128071192725,66.7,P3O-dyn+AdaReset+HardDistill,Hopper-v4,2
417792,loss,-0.013930968940258026,39.89889907836914,P3O-dyn+AdaReset+HardDistill,Hopper-v4,2
417827,reward,8638,224.17452932240244,84.774,P3O-dyn+AdaReset+HardDistill,Hopper-v4,2
417891,reward,8639,107.78706746193885,88.381,P3O-dyn+AdaReset+HardDistill,Hopper-v4,2
417919,reward,8640,46.900614573074215,84.394,P3O-dyn+AdaReset+HardDistill,Hopper-v4,2
417947,reward,8641,48.448928573009326,83.834,P3O-dyn+AdaReset+HardDistill,Hopper-v4,2
417989,reward,8642,58.765951259979616,83.875,P3O-dyn+AdaReset+HardDistill,Hopper-v4,2
418030,reward,8643,63.46719468386904,83.683,P3O-dyn+AdaReset+HardDistill,Hopper-v4,2
418074,reward,8644,62.520886340939235,84.773,P3O-dyn+AdaReset+HardDistill,Hopper-v4,2
418111,reward,8645,65.18969440159091,79.501,P3O-dyn+AdaReset+HardDistill,Hopper-v4,2
418153,reward,8646,61.655323589517764,81.086,P3O-dyn+AdaReset+HardDistill,Hopper-v4,2
418178,reward,8647,42.910581908191844,78.182,P3O-dyn+AdaReset+HardDistill,Hopper-v4,2
418249,reward,8648,121.4880159027787,67.913,P3O-dyn+AdaReset+HardDistill,Hopper-v4,2
418350,reward,8649,128.03059379248924,69.938,P3O-dyn+AdaReset+HardDistill,Hopper-v4,2
418382,reward,8650,55.72800073854057,70.821,P3O-dyn+AdaReset+HardDistill,Hopper-v4,2
418418,reward,8651,59.53423018038974,71.929,P3O-dyn+AdaReset+HardDistill,Hopper-v4,2
418460,reward,8652,72.9032825259224,73.343,P3O-dyn+AdaReset+HardDistill,Hopper-v4,2
418489,reward,8653,48.74983575736313,71.871,P3O-dyn+AdaReset+HardDistill,Hopper-v4,2
418532,reward,8654,73.02110871176751,72.921,P3O-dyn+AdaReset+HardDistill,Hopper-v4,2
418570,reward,8655,61.880977567928944,72.59,P3O-dyn+AdaReset+HardDistill,Hopper-v4,2
418618,reward,8656,68.29806198654174,73.254,P3O-dyn+AdaReset+HardDistill,Hopper-v4,2
418654,reward,8657,60.66234791895051,75.03,P3O-dyn+AdaReset+HardDistill,Hopper-v4,2
418703,reward,8658,83.31541586402325,71.212,P3O-dyn+AdaReset+HardDistill,Hopper-v4,2
418761,reward,8659,100.21669883623288,68.431,P3O-dyn+AdaReset+HardDistill,Hopper-v4,2
418792,reward,8660,52.87212886338182,68.145,P3O-dyn+AdaReset+HardDistill,Hopper-v4,2
418865,reward,8661,126.72942553602314,74.865,P3O-dyn+AdaReset+HardDistill,Hopper-v4,2
418918,reward,8662,88.88523398753483,76.463,P3O-dyn+AdaReset+HardDistill,Hopper-v4,2
418975,reward,8663,96.37455033414032,81.226,P3O-dyn+AdaReset+HardDistill,Hopper-v4,2
419032,reward,8664,97.61584717218531,83.685,P3O-dyn+AdaReset+HardDistill,Hopper-v4,2
419112,reward,8665,105.32747812726392,88.03,P3O-dyn+AdaReset+HardDistill,Hopper-v4,2
419157,reward,8666,76.01808699161269,88.802,P3O-dyn+AdaReset+HardDistill,Hopper-v4,2
419197,reward,8667,68.59492375458376,89.595,P3O-dyn+AdaReset+HardDistill,Hopper-v4,2
419242,reward,8668,75.74068082951753,88.838,P3O-dyn+AdaReset+HardDistill,Hopper-v4,2
419281,reward,8669,63.10388477766248,85.126,P3O-dyn+AdaReset+HardDistill,Hopper-v4,2
419388,reward,8670,203.91679354384752,100.231,P3O-dyn+AdaReset+HardDistill,Hopper-v4,2
419427,reward,8671,53.0756415470105,92.865,P3O-dyn+AdaReset+HardDistill,Hopper-v4,2
419465,reward,8672,66.92102049212923,90.669,P3O-dyn+AdaReset+HardDistill,Hopper-v4,2
419510,reward,8673,70.15772066778467,88.047,P3O-dyn+AdaReset+HardDistill,Hopper-v4,2
419545,reward,8674,60.058416974657376,84.291,P3O-dyn+AdaReset+HardDistill,Hopper-v4,2
419571,reward,8675,44.240931632357636,78.183,P3O-dyn+AdaReset+HardDistill,Hopper-v4,2
419605,reward,8676,57.72521849449825,76.354,P3O-dyn+AdaReset+HardDistill,Hopper-v4,2
419684,reward,8677,140.97015994225157,83.591,P3O-dyn+AdaReset+HardDistill,Hopper-v4,2
419747,reward,8678,105.8197173065735,86.599,P3O-dyn+AdaReset+HardDistill,Hopper-v4,2
419807,reward,8679,102.60449611831962,90.549,P3O-dyn+AdaReset+HardDistill,Hopper-v4,2
419870,reward,8680,111.12552171339748,81.27,P3O-dyn+AdaReset+HardDistill,Hopper-v4,2
419901,reward,8681,51.016864371086434,81.064,P3O-dyn+AdaReset+HardDistill,Hopper-v4,2
419976,reward,8682,111.51885290563777,85.524,P3O-dyn+AdaReset+HardDistill,Hopper-v4,2
420000,speed,2089.22,3.44,P3O-dyn+AdaReset+HardDistill,Hopper-v4,2
420047,reward,8683,127.28823052894508,91.237,P3O-dyn+AdaReset+HardDistill,Hopper-v4,2
420078,reward,8684,52.121589768689915,90.443,P3O-dyn+AdaReset+HardDistill,Hopper-v4,2
420144,reward,8685,114.89814557479657,97.509,P3O-dyn+AdaReset+HardDistill,Hopper-v4,2
420207,reward,8686,106.56038428978088,102.392,P3O-dyn+AdaReset+HardDistill,Hopper-v4,2
420246,reward,8687,56.01268373107972,93.897,P3O-dyn+AdaReset+HardDistill,Hopper-v4,2
420275,reward,8688,48.486515211810854,88.163,P3O-dyn+AdaReset+HardDistill,Hopper-v4,2
420330,reward,8689,94.75466323181175,87.378,P3O-dyn+AdaReset+HardDistill,Hopper-v4,2
420356,reward,8690,43.61119686092012,80.627,P3O-dyn+AdaReset+HardDistill,Hopper-v4,2
420390,reward,8691,53.76558383616237,80.902,P3O-dyn+AdaReset+HardDistill,Hopper-v4,2
420447,reward,8692,99.95236673216807,79.745,P3O-dyn+AdaReset+HardDistill,Hopper-v4,2
420487,reward,8693,68.69593503854135,73.886,P3O-dyn+AdaReset+HardDistill,Hopper-v4,2
420521,reward,8694,58.2958037592295,74.503,P3O-dyn+AdaReset+HardDistill,Hopper-v4,2
420591,reward,8695,57.60608490275772,68.774,P3O-dyn+AdaReset+HardDistill,Hopper-v4,2
420649,reward,8696,97.8652030826912,67.905,P3O-dyn+AdaReset+HardDistill,Hopper-v4,2
420682,reward,8697,57.17944380293308,68.021,P3O-dyn+AdaReset+HardDistill,Hopper-v4,2
420719,reward,8698,64.68412139784348,69.641,P3O-dyn+AdaReset+HardDistill,Hopper-v4,2
420772,reward,8699,93.25618815116727,69.491,P3O-dyn+AdaReset+HardDistill,Hopper-v4,2
420798,reward,8700,43.40393731826235,69.47,P3O-dyn+AdaReset+HardDistill,Hopper-v4,2
420833,reward,8701,56.32466473763624,69.726,P3O-dyn+AdaReset+HardDistill,Hopper-v4,2
420880,reward,8702,80.43506728223228,67.775,P3O-dyn+AdaReset+HardDistill,Hopper-v4,2
420926,reward,8703,78.96034301450524,68.801,P3O-dyn+AdaReset+HardDistill,Hopper-v4,2
420995,reward,8704,92.0829395335652,72.18,P3O-dyn+AdaReset+HardDistill,Hopper-v4,2
421021,reward,8705,43.50074802105791,70.769,P3O-dyn+AdaReset+HardDistill,Hopper-v4,2
421050,reward,8706,48.96640725974792,65.879,P3O-dyn+AdaReset+HardDistill,Hopper-v4,2
421137,reward,8707,142.58670412092036,74.42,P3O-dyn+AdaReset+HardDistill,Hopper-v4,2
421167,reward,8708,50.774158215420094,73.029,P3O-dyn+AdaReset+HardDistill,Hopper-v4,2
421230,reward,8709,108.22519879626914,74.526,P3O-dyn+AdaReset+HardDistill,Hopper-v4,2
421279,reward,8710,83.91252372529777,78.577,P3O-dyn+AdaReset+HardDistill,Hopper-v4,2
421318,reward,8711,63.729246535337936,79.317,P3O-dyn+AdaReset+HardDistill,Hopper-v4,2
421360,reward,8712,72.20334859048714,78.494,P3O-dyn+AdaReset+HardDistill,Hopper-v4,2
421391,reward,8713,30.40428126383489,73.639,P3O-dyn+AdaReset+HardDistill,Hopper-v4,2
421419,reward,8714,47.82131379905229,69.212,P3O-dyn+AdaReset+HardDistill,Hopper-v4,2
421487,reward,8715,94.83341426445597,74.346,P3O-dyn+AdaReset+HardDistill,Hopper-v4,2
421533,reward,8716,81.03219028707912,77.552,P3O-dyn+AdaReset+HardDistill,Hopper-v4,2
421555,reward,8717,6.505289669417283,63.944,P3O-dyn+AdaReset+HardDistill,Hopper-v4,2
421585,reward,8718,50.00577406487781,63.867,P3O-dyn+AdaReset+HardDistill,Hopper-v4,2
421630,reward,8719,77.4148401674947,60.786,P3O-dyn+AdaReset+HardDistill,Hopper-v4,2
421672,reward,8720,76.20801777470986,60.016,P3O-dyn+AdaReset+HardDistill,Hopper-v4,2
421732,reward,8721,89.96544820147112,62.639,P3O-dyn+AdaReset+HardDistill,Hopper-v4,2
421780,reward,8722,69.22217010078563,62.341,P3O-dyn+AdaReset+HardDistill,Hopper-v4,2
421835,reward,8723,93.86152615229892,68.687,P3O-dyn+AdaReset+HardDistill,Hopper-v4,2
421873,reward,8724,65.07490108814567,70.412,P3O-dyn+AdaReset+HardDistill,Hopper-v4,2
421900,reward,8725,46.2056754995478,65.55,P3O-dyn+AdaReset+HardDistill,Hopper-v4,2
421929,reward,8726,49.12420962278025,62.359,P3O-dyn+AdaReset+HardDistill,Hopper-v4,2
421966,reward,8727,67.61114803415782,68.469,P3O-dyn+AdaReset+HardDistill,Hopper-v4,2
422070,reward,8728,151.81104281018315,78.65,P3O-dyn+AdaReset+HardDistill,Hopper-v4,2
422126,reward,8729,97.12838204609575,80.621,P3O-dyn+AdaReset+HardDistill,Hopper-v4,2
422152,reward,8730,44.31470375352762,77.432,P3O-dyn+AdaReset+HardDistill,Hopper-v4,2
422181,reward,8731,47.894317561212816,73.225,P3O-dyn+AdaReset+HardDistill,Hopper-v4,2
422220,reward,8732,69.0234756936236,73.205,P3O-dyn+AdaReset+HardDistill,Hopper-v4,2
422276,reward,8733,95.92687625881686,73.411,P3O-dyn+AdaReset+HardDistill,Hopper-v4,2
422335,reward,8734,59.80483179436196,72.884,P3O-dyn+AdaReset+HardDistill,Hopper-v4,2
422361,reward,8735,43.25393769304553,72.589,P3O-dyn+AdaReset+HardDistill,Hopper-v4,2
422391,reward,8736,50.59225119147057,72.736,P3O-dyn+AdaReset+HardDistill,Hopper-v4,2
422418,reward,8737,45.317925102096,70.507,P3O-dyn+AdaReset+HardDistill,Hopper-v4,2
422467,reward,8738,82.64998547568943,63.591,P3O-dyn+AdaReset+HardDistill,Hopper-v4,2
422517,reward,8739,83.3932980757206,62.217,P3O-dyn+AdaReset+HardDistill,Hopper-v4,2
422567,reward,8740,86.73709127723552,66.459,P3O-dyn+AdaReset+HardDistill,Hopper-v4,2
422620,reward,8741,91.38707627056962,70.809,P3O-dyn+AdaReset+HardDistill,Hopper-v4,2
422702,reward,8742,145.0984027609073,78.416,P3O-dyn+AdaReset+HardDistill,Hopper-v4,2
422753,reward,8743,87.61410264917797,77.585,P3O-dyn+AdaReset+HardDistill,Hopper-v4,2
422783,reward,8744,50.3692609217758,76.641,P3O-dyn+AdaReset+HardDistill,Hopper-v4,2
422809,reward,8745,43.75780549572689,76.692,P3O-dyn+AdaReset+HardDistill,Hopper-v4,2
422863,reward,8746,92.99861932350089,80.932,P3O-dyn+AdaReset+HardDistill,Hopper-v4,2
422903,reward,8747,58.6293857009781,82.264,P3O-dyn+AdaReset+HardDistill,Hopper-v4,2
422934,reward,8748,50.88490647089733,79.087,P3O-dyn+AdaReset+HardDistill,Hopper-v4,2
422964,reward,8749,49.703217083385596,75.718,P3O-dyn+AdaReset+HardDistill,Hopper-v4,2
422993,reward,8750,49.643139885099096,72.009,P3O-dyn+AdaReset+HardDistill,Hopper-v4,2
423043,reward,8751,87.09811092235903,71.58,P3O-dyn+AdaReset+HardDistill,Hopper-v4,2
423072,reward,8752,49.11346912322994,61.981,P3O-dyn+AdaReset+HardDistill,Hopper-v4,2
423130,reward,8753,80.86541524676741,61.306,P3O-dyn+AdaReset+HardDistill,Hopper-v4,2
423188,reward,8754,100.04920252098455,66.274,P3O-dyn+AdaReset+HardDistill,Hopper-v4,2
423361,reward,8755,268.11183701436187,88.71,P3O-dyn+AdaReset+HardDistill,Hopper-v4,2
423405,reward,8756,61.47433467500289,85.557,P3O-dyn+AdaReset+HardDistill,Hopper-v4,2
423428,reward,8757,39.289984342868244,83.623,P3O-dyn+AdaReset+HardDistill,Hopper-v4,2
423461,reward,8758,51.8630128133289,83.721,P3O-dyn+AdaReset+HardDistill,Hopper-v4,2
423516,reward,8759,72.70234180850163,86.021,P3O-dyn+AdaReset+HardDistill,Hopper-v4,2
423549,reward,8760,53.82775525168459,86.44,P3O-dyn+AdaReset+HardDistill,Hopper-v4,2
423581,reward,8761,55.80862191748425,83.311,P3O-dyn+AdaReset+HardDistill,Hopper-v4,2
423639,reward,8762,99.59974721725057,88.359,P3O-dyn+AdaReset+HardDistill,Hopper-v4,2
423691,reward,8763,90.1911439894029,89.292,P3O-dyn+AdaReset+HardDistill,Hopper-v4,2
423750,reward,8764,102.32563213235099,89.519,P3O-dyn+AdaReset+HardDistill,Hopper-v4,2
423810,reward,8765,104.7618574104811,73.184,P3O-dyn+AdaReset+HardDistill,Hopper-v4,2
423871,reward,8766,75.56100403212473,74.593,P3O-dyn+AdaReset+HardDistill,Hopper-v4,2
423902,reward,8767,51.25362741249714,75.789,P3O-dyn+AdaReset+HardDistill,Hopper-v4,2
423948,reward,8768,80.77047220487486,78.68,P3O-dyn+AdaReset+HardDistill,Hopper-v4,2
424006,reward,8769,97.42720874722544,81.153,P3O-dyn+AdaReset+HardDistill,Hopper-v4,2
424064,reward,8770,98.7426271382215,85.644,P3O-dyn+AdaReset+HardDistill,Hopper-v4,2
424176,reward,8771,208.1760410438315,100.881,P3O-dyn+AdaReset+HardDistill,Hopper-v4,2
424210,reward,8772,55.39018952714881,96.46,P3O-dyn+AdaReset+HardDistill,Hopper-v4,2
424239,reward,8773,46.64318532363397,92.105,P3O-dyn+AdaReset+HardDistill,Hopper-v4,2
424272,reward,8774,55.982181761906006,87.471,P3O-dyn+AdaReset+HardDistill,Hopper-v4,2
424301,reward,8775,48.49357384005888,81.844,P3O-dyn+AdaReset+HardDistill,Hopper-v4,2
424330,reward,8776,48.70917664416126,79.159,P3O-dyn+AdaReset+HardDistill,Hopper-v4,2
424393,reward,8777,107.87049157007095,84.821,P3O-dyn+AdaReset+HardDistill,Hopper-v4,2
424442,reward,8778,84.34510059740762,85.178,P3O-dyn+AdaReset+HardDistill,Hopper-v4,2
424490,reward,8779,82.67621932735598,83.703,P3O-dyn+AdaReset+HardDistill,Hopper-v4,2
424587,reward,8780,121.77895170299054,86.007,P3O-dyn+AdaReset+HardDistill,Hopper-v4,2
424634,reward,8781,81.82913167067817,73.372,P3O-dyn+AdaReset+HardDistill,Hopper-v4,2
424670,reward,8782,62.580133644084775,74.091,P3O-dyn+AdaReset+HardDistill,Hopper-v4,2
424706,reward,8783,59.71100462696561,75.398,P3O-dyn+AdaReset+HardDistill,Hopper-v4,2
424767,reward,8784,86.07802250509404,78.407,P3O-dyn+AdaReset+HardDistill,Hopper-v4,2
424797,reward,8785,49.25282725908045,78.483,P3O-dyn+AdaReset+HardDistill,Hopper-v4,2
424843,reward,8786,77.88427113844673,81.401,P3O-dyn+AdaReset+HardDistill,Hopper-v4,2
424903,reward,8787,105.3391994203636,81.147,P3O-dyn+AdaReset+HardDistill,Hopper-v4,2
424958,reward,8788,93.59231217888303,82.072,P3O-dyn+AdaReset+HardDistill,Hopper-v4,2
424988,reward,8789,51.329172326196264,78.938,P3O-dyn+AdaReset+HardDistill,Hopper-v4,2
425017,reward,8790,49.625510266832485,71.722,P3O-dyn+AdaReset+HardDistill,Hopper-v4,2
425044,reward,8791,46.29460692350982,68.169,P3O-dyn+AdaReset+HardDistill,Hopper-v4,2
425076,reward,8792,50.6149896286376,66.972,P3O-dyn+AdaReset+HardDistill,Hopper-v4,2
425132,reward,8793,94.92765533077814,70.494,P3O-dyn+AdaReset+HardDistill,Hopper-v4,2
425197,reward,8794,114.10726788205316,73.297,P3O-dyn+AdaReset+HardDistill,Hopper-v4,2
425233,reward,8795,61.75733419497283,74.547,P3O-dyn+AdaReset+HardDistill,Hopper-v4,2
425282,reward,8796,84.2375805694789,75.183,P3O-dyn+AdaReset+HardDistill,Hopper-v4,2
425330,reward,8797,67.98704577687484,71.447,P3O-dyn+AdaReset+HardDistill,Hopper-v4,2
425367,reward,8798,62.73919503880376,68.362,P3O-dyn+AdaReset+HardDistill,Hopper-v4,2
425399,reward,8799,54.39421393770971,68.669,P3O-dyn+AdaReset+HardDistill,Hopper-v4,2
425466,reward,8800,117.60415459948294,75.466,P3O-dyn+AdaReset+HardDistill,Hopper-v4,2
425494,reward,8801,47.15644585323522,75.553,P3O-dyn+AdaReset+HardDistill,Hopper-v4,2
425528,reward,8802,55.24806586431612,76.016,P3O-dyn+AdaReset+HardDistill,Hopper-v4,2
425586,reward,8803,100.52312475009467,76.575,P3O-dyn+AdaReset+HardDistill,Hopper-v4,2
425651,reward,8804,115.08531391293124,76.673,P3O-dyn+AdaReset+HardDistill,Hopper-v4,2
425680,reward,8805,49.74359950063272,75.472,P3O-dyn+AdaReset+HardDistill,Hopper-v4,2
425714,reward,8806,58.18113686889833,72.866,P3O-dyn+AdaReset+HardDistill,Hopper-v4,2
425742,reward,8807,47.68510150781991,70.836,P3O-dyn+AdaReset+HardDistill,Hopper-v4,2
425805,reward,8808,110.76935574752187,75.639,P3O-dyn+AdaReset+HardDistill,Hopper-v4,2
425836,reward,8809,51.63777471206075,75.363,P3O-dyn+AdaReset+HardDistill,Hopper-v4,2
425863,reward,8810,45.48703262177077,68.152,P3O-dyn+AdaReset+HardDistill,Hopper-v4,2
425924,reward,8811,103.5543636779924,73.791,P3O-dyn+AdaReset+HardDistill,Hopper-v4,2
425953,reward,8812,48.04894799322141,73.072,P3O-dyn+AdaReset+HardDistill,Hopper-v4,2
425984,loss,-0.01172286830842495,46.031959533691406,P3O-dyn+AdaReset+HardDistill,Hopper-v4,2
425990,reward,8813,60.4579306138577,69.065,P3O-dyn+AdaReset+HardDistill,Hopper-v4,2
426045,reward,8814,94.00057980367374,66.957,P3O-dyn+AdaReset+HardDistill,Hopper-v4,2
426179,reward,8815,204.26184694697776,82.408,P3O-dyn+AdaReset+HardDistill,Hopper-v4,2
426246,reward,8816,114.62574821962166,88.053,P3O-dyn+AdaReset+HardDistill,Hopper-v4,2
426275,reward,8817,49.09421533551923,88.194,P3O-dyn+AdaReset+HardDistill,Hopper-v4,2
426347,reward,8818,130.65379935106805,90.182,P3O-dyn+AdaReset+HardDistill,Hopper-v4,2
426391,reward,8819,60.56591268036889,91.075,P3O-dyn+AdaReset+HardDistill,Hopper-v4,2
426425,reward,8820,56.021688315960986,92.129,P3O-dyn+AdaReset+HardDistill,Hopper-v4,2
426454,reward,8821,49.12227569668038,86.685,P3O-dyn+AdaReset+HardDistill,Hopper-v4,2
426482,reward,8822,47.31056124185838,86.611,P3O-dyn+AdaReset+HardDistill,Hopper-v4,2
426510,reward,8823,46.48185577884709,85.214,P3O-dyn+AdaReset+HardDistill,Hopper-v4,2
426536,reward,8824,43.94975170823715,80.209,P3O-dyn+AdaReset+HardDistill,Hopper-v4,2
426575,reward,8825,67.57171656719007,66.54,P3O-dyn+AdaReset+HardDistill,Hopper-v4,2
426604,reward,8826,48.14101606191191,59.891,P3O-dyn+AdaReset+HardDistill,Hopper-v4,2
426648,reward,8827,60.654953455551514,61.047,P3O-dyn+AdaReset+HardDistill,Hopper-v4,2
426683,reward,8828,56.99513474498136,53.681,P3O-dyn+AdaReset+HardDistill,Hopper-v4,2
426756,reward,8829,111.06813321817283,58.732,P3O-dyn+AdaReset+HardDistill,Hopper-v4,2
426782,reward,8830,44.16448558246141,57.546,P3O-dyn+AdaReset+HardDistill,Hopper-v4,2
426838,reward,8831,74.99617639652601,60.133,P3O-dyn+AdaReset+HardDistill,Hopper-v4,2
426902,reward,8832,105.49389057161963,65.952,P3O-dyn+AdaReset+HardDistill,Hopper-v4,2
426954,reward,8833,82.61984549616163,69.566,P3O-dyn+AdaReset+HardDistill,Hopper-v4,2
427011,reward,8834,80.76221304568948,73.247,P3O-dyn+AdaReset+HardDistill,Hopper-v4,2
427073,reward,8835,106.26350640284329,77.116,P3O-dyn+AdaReset+HardDistill,Hopper-v4,2
427107,reward,8836,52.647966461877495,77.567,P3O-dyn+AdaReset+HardDistill,Hopper-v4,2
427136,reward,8837,48.55994648922029,76.357,P3O-dyn+AdaReset+HardDistill,Hopper-v4,2
427202,reward,8838,113.46313904115893,82.004,P3O-dyn+AdaReset+HardDistill,Hopper-v4,2
427231,reward,8839,49.72397418358304,75.87,P3O-dyn+AdaReset+HardDistill,Hopper-v4,2
427261,reward,8840,52.21151004350328,76.674,P3O-dyn+AdaReset+HardDistill,Hopper-v4,2
427293,reward,8841,54.19614403852996,74.594,P3O-dyn+AdaReset+HardDistill,Hopper-v4,2
427324,reward,8842,51.00911428688367,69.146,P3O-dyn+AdaReset+HardDistill,Hopper-v4,2
427354,reward,8843,50.16465107126858,65.9,P3O-dyn+AdaReset+HardDistill,Hopper-v4,2
427392,reward,8844,64.15985183652113,64.24,P3O-dyn+AdaReset+HardDistill,Hopper-v4,2
427475,reward,8845,154.29225248071202,69.043,P3O-dyn+AdaReset+HardDistill,Hopper-v4,2
427518,reward,8846,59.537572896952064,69.732,P3O-dyn+AdaReset+HardDistill,Hopper-v4,2
427545,reward,8847,46.419694898342286,69.518,P3O-dyn+AdaReset+HardDistill,Hopper-v4,2
427594,reward,8848,80.9828832362564,66.27,P3O-dyn+AdaReset+HardDistill,Hopper-v4,2
427655,reward,8849,86.70432408474815,69.968,P3O-dyn+AdaReset+HardDistill,Hopper-v4,2
427685,reward,8850,52.05559286420762,69.952,P3O-dyn+AdaReset+HardDistill,Hopper-v4,2
427745,reward,8851,102.56572579098892,74.789,P3O-dyn+AdaReset+HardDistill,Hopper-v4,2
427783,reward,8852,65.26827802458577,76.215,P3O-dyn+AdaReset+HardDistill,Hopper-v4,2
427840,reward,8853,97.32267722562737,80.931,P3O-dyn+AdaReset+HardDistill,Hopper-v4,2
427898,reward,8854,99.75440319041968,84.49,P3O-dyn+AdaReset+HardDistill,Hopper-v4,2
427950,reward,8855,89.55720325025112,78.017,P3O-dyn+AdaReset+HardDistill,Hopper-v4,2
428022,reward,8856,54.6053936935541,77.524,P3O-dyn+AdaReset+HardDistill,Hopper-v4,2
428077,reward,8857,83.74837340858709,81.256,P3O-dyn+AdaReset+HardDistill,Hopper-v4,2
428123,reward,8858,78.7223265451229,81.03,P3O-dyn+AdaReset+HardDistill,Hopper-v4,2
428154,reward,8859,51.42572557987688,77.503,P3O-dyn+AdaReset+HardDistill,Hopper-v4,2
428202,reward,8860,74.56821250664782,79.754,P3O-dyn+AdaReset+HardDistill,Hopper-v4,2
428218,reward,8861,3.9753544806699512,69.895,P3O-dyn+AdaReset+HardDistill,Hopper-v4,2
428289,reward,8862,126.78573140924843,76.047,P3O-dyn+AdaReset+HardDistill,Hopper-v4,2
428318,reward,8863,47.83587185295931,71.098,P3O-dyn+AdaReset+HardDistill,Hopper-v4,2
428348,reward,8864,51.15101879095597,66.238,P3O-dyn+AdaReset+HardDistill,Hopper-v4,2
428389,reward,8865,56.21137345898416,62.903,P3O-dyn+AdaReset+HardDistill,Hopper-v4,2
428446,reward,8866,98.6759307738643,67.31,P3O-dyn+AdaReset+HardDistill,Hopper-v4,2
428523,reward,8867,114.4385827075712,70.379,P3O-dyn+AdaReset+HardDistill,Hopper-v4,2
428575,reward,8868,73.80828570135384,69.888,P3O-dyn+AdaReset+HardDistill,Hopper-v4,2
428608,reward,8869,51.411966094426674,69.886,P3O-dyn+AdaReset+HardDistill,Hopper-v4,2
428646,reward,8870,63.907332257805635,68.82,P3O-dyn+AdaReset+HardDistill,Hopper-v4,2
428681,reward,8871,59.66158269879251,74.389,P3O-dyn+AdaReset+HardDistill,Hopper-v4,2
428748,reward,8872,115.13217935538295,73.223,P3O-dyn+AdaReset+HardDistill,Hopper-v4,2
428777,reward,8873,50.96951630050365,73.537,P3O-dyn+AdaReset+HardDistill,Hopper-v4,2
428817,reward,8874,70.47733569258516,75.469,P3O-dyn+AdaReset+HardDistill,Hopper-v4,2
428857,reward,8875,69.67154122706206,76.815,P3O-dyn+AdaReset+HardDistill,Hopper-v4,2
428883,reward,8876,43.74667423181884,71.322,P3O-dyn+AdaReset+HardDistill,Hopper-v4,2
428913,reward,8877,51.23741171856251,65.002,P3O-dyn+AdaReset+HardDistill,Hopper-v4,2
428979,reward,8878,110.98750631396456,68.72,P3O-dyn+AdaReset+HardDistill,Hopper-v4,2
429005,reward,8879,45.33873373137585,68.113,P3O-dyn+AdaReset+HardDistill,Hopper-v4,2
429036,reward,8880,53.2187065509583,67.044,P3O-dyn+AdaReset+HardDistill,Hopper-v4,2
429083,reward,8881,74.94836618614599,68.573,P3O-dyn+AdaReset+HardDistill,Hopper-v4,2
429112,reward,8882,48.00092330515011,61.86,P3O-dyn+AdaReset+HardDistill,Hopper-v4,2
429177,reward,8883,113.2047472820802,68.083,P3O-dyn+AdaReset+HardDistill,Hopper-v4,2
429246,reward,8884,120.31508870556588,73.067,P3O-dyn+AdaReset+HardDistill,Hopper-v4,2
429274,reward,8885,46.850238137607825,70.785,P3O-dyn+AdaReset+HardDistill,Hopper-v4,2
429300,reward,8886,44.25797081063343,70.836,P3O-dyn+AdaReset+HardDistill,Hopper-v4,2
429344,reward,8887,60.643911361696176,71.777,P3O-dyn+AdaReset+HardDistill,Hopper-v4,2
429373,reward,8888,48.26238671157003,65.504,P3O-dyn+AdaReset+HardDistill,Hopper-v4,2
429420,reward,8889,81.76976044045767,69.147,P3O-dyn+AdaReset+HardDistill,Hopper-v4,2
429495,reward,8890,131.09434909829966,76.935,P3O-dyn+AdaReset+HardDistill,Hopper-v4,2
429522,reward,8891,45.692504289616664,74.009,P3O-dyn+AdaReset+HardDistill,Hopper-v4,2
429572,reward,8892,71.33395124515728,76.342,P3O-dyn+AdaReset+HardDistill,Hopper-v4,2
429598,reward,8893,45.19367686225737,69.541,P3O-dyn+AdaReset+HardDistill,Hopper-v4,2
429634,reward,8894,60.310535344033724,63.541,P3O-dyn+AdaReset+HardDistill,Hopper-v4,2
429665,reward,8895,51.94846497196988,64.051,P3O-dyn+AdaReset+HardDistill,Hopper-v4,2
429713,reward,8896,68.27339691194075,66.452,P3O-dyn+AdaReset+HardDistill,Hopper-v4,2
429826,reward,8897,203.97709466256268,80.786,P3O-dyn+AdaReset+HardDistill,Hopper-v4,2
429854,reward,8898,48.32751289488645,80.792,P3O-dyn+AdaReset+HardDistill,Hopper-v4,2
429909,reward,8899,86.12897693838148,81.228,P3O-dyn+AdaReset+HardDistill,Hopper-v4,2
429955,reward,8900,64.98809498291824,74.617,P3O-dyn+AdaReset+HardDistill,Hopper-v4,2
430000,speed,2031.67,3.52,P3O-dyn+AdaReset+HardDistill,Hopper-v4,2
430023,reward,8901,121.08974529168688,82.157,P3O-dyn+AdaReset+HardDistill,Hopper-v4,2
430052,reward,8902,48.51607323804082,79.875,P3O-dyn+AdaReset+HardDistill,Hopper-v4,2
430121,reward,8903,120.72009162095067,87.428,P3O-dyn+AdaReset+HardDistill,Hopper-v4,2
430168,reward,8904,81.32697514010277,89.53,P3O-dyn+AdaReset+HardDistill,Hopper-v4,2
430221,reward,8905,91.79438641918709,93.514,P3O-dyn+AdaReset+HardDistill,Hopper-v4,2
430272,reward,8906,73.53708276207978,94.041,P3O-dyn+AdaReset+HardDistill,Hopper-v4,2
430305,reward,8907,54.026859289329145,79.046,P3O-dyn+AdaReset+HardDistill,Hopper-v4,2
430361,reward,8908,96.45823971610672,83.859,P3O-dyn+AdaReset+HardDistill,Hopper-v4,2
430390,reward,8909,48.58955176051799,80.105,P3O-dyn+AdaReset+HardDistill,Hopper-v4,2
430456,reward,8910,113.34757707549399,84.941,P3O-dyn+AdaReset+HardDistill,Hopper-v4,2
430497,reward,8911,62.90677872046706,79.122,P3O-dyn+AdaReset+HardDistill,Hopper-v4,2
430533,reward,8912,55.71651081876575,79.842,P3O-dyn+AdaReset+HardDistill,Hopper-v4,2
430576,reward,8913,59.621295570281966,73.733,P3O-dyn+AdaReset+HardDistill,Hopper-v4,2
430618,reward,8914,74.054236396395,73.005,P3O-dyn+AdaReset+HardDistill,Hopper-v4,2
430644,reward,8915,45.17776589100926,68.344,P3O-dyn+AdaReset+HardDistill,Hopper-v4,2
430673,reward,8916,48.55984159183306,65.846,P3O-dyn+AdaReset+HardDistill,Hopper-v4,2
430695,reward,8917,8.400541564310052,61.283,P3O-dyn+AdaReset+HardDistill,Hopper-v4,2
430728,reward,8918,55.511410142288796,57.189,P3O-dyn+AdaReset+HardDistill,Hopper-v4,2
430755,reward,8919,45.75147774634101,56.905,P3O-dyn+AdaReset+HardDistill,Hopper-v4,2
430853,reward,8920,196.52916027461285,65.223,P3O-dyn+AdaReset+HardDistill,Hopper-v4,2
430905,reward,8921,87.26729843119374,67.659,P3O-dyn+AdaReset+HardDistill,Hopper-v4,2
430969,reward,8922,104.55415659706061,72.543,P3O-dyn+AdaReset+HardDistill,Hopper-v4,2
431032,reward,8923,107.38682120584023,77.319,P3O-dyn+AdaReset+HardDistill,Hopper-v4,2
431105,reward,8924,127.6392210420844,82.678,P3O-dyn+AdaReset+HardDistill,Hopper-v4,2
431132,reward,8925,45.182000911915274,82.678,P3O-dyn+AdaReset+HardDistill,Hopper-v4,2
431175,reward,8926,59.53397445866195,83.776,P3O-dyn+AdaReset+HardDistill,Hopper-v4,2
431216,reward,8927,64.07511978399853,89.343,P3O-dyn+AdaReset+HardDistill,Hopper-v4,2
431242,reward,8928,43.74951749573156,88.167,P3O-dyn+AdaReset+HardDistill,Hopper-v4,2
431304,reward,8929,106.71517859372796,94.263,P3O-dyn+AdaReset+HardDistill,Hopper-v4,2
431332,reward,8930,46.33215398386721,79.244,P3O-dyn+AdaReset+HardDistill,Hopper-v4,2
431363,reward,8931,51.453618336532884,75.662,P3O-dyn+AdaReset+HardDistill,Hopper-v4,2
431411,reward,8932,68.47984933690495,72.055,P3O-dyn+AdaReset+HardDistill,Hopper-v4,2
431460,reward,8933,68.68450653268414,68.185,P3O-dyn+AdaReset+HardDistill,Hopper-v4,2
431532,reward,8934,95.93778892684956,65.014,P3O-dyn+AdaReset+HardDistill,Hopper-v4,2
431597,reward,8935,114.50011202952857,71.946,P3O-dyn+AdaReset+HardDistill,Hopper-v4,2
431624,reward,8936,45.35082027378324,70.528,P3O-dyn+AdaReset+HardDistill,Hopper-v4,2
431683,reward,8937,103.01368047971869,74.422,P3O-dyn+AdaReset+HardDistill,Hopper-v4,2
431722,reward,8938,57.45730304909806,75.793,P3O-dyn+AdaReset+HardDistill,Hopper-v4,2
431781,reward,8939,101.58668062044644,75.28,P3O-dyn+AdaReset+HardDistill,Hopper-v4,2
431809,reward,8940,46.95575175686616,75.342,P3O-dyn+AdaReset+HardDistill,Hopper-v4,2
431862,reward,8941,77.78164525997393,77.975,P3O-dyn+AdaReset+HardDistill,Hopper-v4,2
431910,reward,8942,67.66808632081103,77.894,P3O-dyn+AdaReset+HardDistill,Hopper-v4,2
431935,reward,8943,43.168843281598846,75.342,P3O-dyn+AdaReset+HardDistill,Hopper-v4,2
431970,reward,8944,60.495662036226335,71.798,P3O-dyn+AdaReset+HardDistill,Hopper-v4,2
432003,reward,8945,56.47534720494686,65.995,P3O-dyn+AdaReset+HardDistill,Hopper-v4,2
432030,reward,8946,45.895044767787546,66.05,P3O-dyn+AdaReset+HardDistill,Hopper-v4,2
432057,reward,8947,46.49998524989493,60.398,P3O-dyn+AdaReset+HardDistill,Hopper-v4,2
432115,reward,8948,98.55315858651034,64.508,P3O-dyn+AdaReset+HardDistill,Hopper-v4,2
432166,reward,8949,75.8378609273897,61.933,P3O-dyn+AdaReset+HardDistill,Hopper-v4,2
432198,reward,8950,55.23649978580244,62.761,P3O-dyn+AdaReset+HardDistill,Hopper-v4,2
432259,reward,8951,105.27693296551675,65.511,P3O-dyn+AdaReset+HardDistill,Hopper-v4,2
432293,reward,8952,57.16925303818313,64.461,P3O-dyn+AdaReset+HardDistill,Hopper-v4,2
432325,reward,8953,56.337271841497284,65.778,P3O-dyn+AdaReset+HardDistill,Hopper-v4,2
432389,reward,8954,109.27967433450534,70.656,P3O-dyn+AdaReset+HardDistill,Hopper-v4,2
432440,reward,8955,75.7807137192488,72.587,P3O-dyn+AdaReset+HardDistill,Hopper-v4,2
432469,reward,8956,47.923590601404904,72.789,P3O-dyn+AdaReset+HardDistill,Hopper-v4,2
432505,reward,8957,61.61547398796906,74.301,P3O-dyn+AdaReset+HardDistill,Hopper-v4,2
432534,reward,8958,49.037388863295405,69.349,P3O-dyn+AdaReset+HardDistill,Hopper-v4,2
432563,reward,8959,48.26376663690857,66.592,P3O-dyn+AdaReset+HardDistill,Hopper-v4,2
432588,reward,8960,42.730282661974044,65.341,P3O-dyn+AdaReset+HardDistill,Hopper-v4,2
432618,reward,8961,49.615797800105426,59.775,P3O-dyn+AdaReset+HardDistill,Hopper-v4,2
432642,reward,8962,40.72965843489878,58.131,P3O-dyn+AdaReset+HardDistill,Hopper-v4,2
432713,reward,8963,123.12851261379394,64.81,P3O-dyn+AdaReset+HardDistill,Hopper-v4,2
432742,reward,8964,48.51328418629683,58.734,P3O-dyn+AdaReset+HardDistill,Hopper-v4,2
432774,reward,8965,54.64699108613261,56.62,P3O-dyn+AdaReset+HardDistill,Hopper-v4,2
432805,reward,8966,51.89349058726978,57.017,P3O-dyn+AdaReset+HardDistill,Hopper-v4,2
432835,reward,8967,49.03234228333743,55.759,P3O-dyn+AdaReset+HardDistill,Hopper-v4,2
432896,reward,8968,106.74910561269441,61.53,P3O-dyn+AdaReset+HardDistill,Hopper-v4,2
432922,reward,8969,45.301508174186566,61.234,P3O-dyn+AdaReset+HardDistill,Hopper-v4,2
432950,reward,8970,46.73496764085881,61.635,P3O-dyn+AdaReset+HardDistill,Hopper-v4,2
433025,reward,8971,134.77362781514634,70.15,P3O-dyn+AdaReset+HardDistill,Hopper-v4,2
433054,reward,8972,48.98552528716613,70.976,P3O-dyn+AdaReset+HardDistill,Hopper-v4,2
433112,reward,8973,99.22063341571143,68.585,P3O-dyn+AdaReset+HardDistill,Hopper-v4,2
433159,reward,8974,66.0479747727898,70.339,P3O-dyn+AdaReset+HardDistill,Hopper-v4,2
433199,reward,8975,66.067937811291,71.481,P3O-dyn+AdaReset+HardDistill,Hopper-v4,2
433269,reward,8976,118.62611326143589,78.154,P3O-dyn+AdaReset+HardDistill,Hopper-v4,2
433317,reward,8977,67.50321380769974,80.001,P3O-dyn+AdaReset+HardDistill,Hopper-v4,2
433351,reward,8978,58.43486021749069,75.17,P3O-dyn+AdaReset+HardDistill,Hopper-v4,2
433390,reward,8979,70.23533019122934,77.663,P3O-dyn+AdaReset+HardDistill,Hopper-v4,2
433440,reward,8980,85.45639514037514,81.535,P3O-dyn+AdaReset+HardDistill,Hopper-v4,2
433498,reward,8981,70.28796662213364,75.087,P3O-dyn+AdaReset+HardDistill,Hopper-v4,2
433563,reward,8982,114.35595997536073,81.624,P3O-dyn+AdaReset+HardDistill,Hopper-v4,2
433625,reward,8983,105.56644521754677,82.258,P3O-dyn+AdaReset+HardDistill,Hopper-v4,2
433653,reward,8984,48.47176898958438,80.501,P3O-dyn+AdaReset+HardDistill,Hopper-v4,2
433716,reward,8985,108.38391281705137,84.732,P3O-dyn+AdaReset+HardDistill,Hopper-v4,2
433744,reward,8986,46.03053679264193,77.473,P3O-dyn+AdaReset+HardDistill,Hopper-v4,2
433774,reward,8987,50.61185934486649,75.784,P3O-dyn+AdaReset+HardDistill,Hopper-v4,2
433856,reward,8988,143.67829222397538,84.308,P3O-dyn+AdaReset+HardDistill,Hopper-v4,2
433942,reward,8989,78.9475827292931,85.179,P3O-dyn+AdaReset+HardDistill,Hopper-v4,2
434041,reward,8990,140.47916670366837,90.681,P3O-dyn+AdaReset+HardDistill,Hopper-v4,2
434088,reward,8991,83.18014710912435,91.971,P3O-dyn+AdaReset+HardDistill,Hopper-v4,2
434133,reward,8992,66.84269897825422,87.219,P3O-dyn+AdaReset+HardDistill,Hopper-v4,2
434165,reward,8993,51.74163104247038,81.837,P3O-dyn+AdaReset+HardDistill,Hopper-v4,2
434176,loss,-0.01606324315071106,24.630247116088867,P3O-dyn+AdaReset+HardDistill,Hopper-v4,2
434192,reward,8994,45.878773657348155,81.577,P3O-dyn+AdaReset+HardDistill,Hopper-v4,2
434232,reward,8995,58.57266179130761,76.596,P3O-dyn+AdaReset+HardDistill,Hopper-v4,2
434278,reward,8996,79.03736124575373,79.897,P3O-dyn+AdaReset+HardDistill,Hopper-v4,2
434321,reward,8997,65.41729382859053,81.378,P3O-dyn+AdaReset+HardDistill,Hopper-v4,2
434362,reward,8998,72.12382982597872,74.222,P3O-dyn+AdaReset+HardDistill,Hopper-v4,2
434433,reward,8999,115.00650207177347,77.828,P3O-dyn+AdaReset+HardDistill,Hopper-v4,2
434466,reward,9000,49.93111612668907,68.773,P3O-dyn+AdaReset+HardDistill,Hopper-v4,2
434530,reward,9001,111.5215018583429,71.607,P3O-dyn+AdaReset+HardDistill,Hopper-v4,2
434579,reward,9002,84.92976257848352,73.416,P3O-dyn+AdaReset+HardDistill,Hopper-v4,2
434600,reward,9003,35.85835466826284,71.828,P3O-dyn+AdaReset+HardDistill,Hopper-v4,2
434630,reward,9004,52.31723319692709,72.472,P3O-dyn+AdaReset+HardDistill,Hopper-v4,2
434661,reward,9005,51.76833926538444,71.791,P3O-dyn+AdaReset+HardDistill,Hopper-v4,2
434721,reward,9006,101.03465427316965,73.991,P3O-dyn+AdaReset+HardDistill,Hopper-v4,2
434758,reward,9007,66.5777088335082,74.107,P3O-dyn+AdaReset+HardDistill,Hopper-v4,2
434796,reward,9008,64.99378412417418,73.394,P3O-dyn+AdaReset+HardDistill,Hopper-v4,2
434844,reward,9009,68.88574837651987,68.782,P3O-dyn+AdaReset+HardDistill,Hopper-v4,2
434880,reward,9010,62.167432370490424,70.005,P3O-dyn+AdaReset+HardDistill,Hopper-v4,2
434921,reward,9011,72.12058747394424,66.065,P3O-dyn+AdaReset+HardDistill,Hopper-v4,2
434952,reward,9012,53.575019985670814,62.93,P3O-dyn+AdaReset+HardDistill,Hopper-v4,2
434992,reward,9013,69.53079249712724,66.297,P3O-dyn+AdaReset+HardDistill,Hopper-v4,2
435064,reward,9014,127.24235030080605,73.79,P3O-dyn+AdaReset+HardDistill,Hopper-v4,2
435110,reward,9015,79.30046242980347,76.543,P3O-dyn+AdaReset+HardDistill,Hopper-v4,2
435151,reward,9016,66.51618639128249,73.091,P3O-dyn+AdaReset+HardDistill,Hopper-v4,2
435218,reward,9017,113.86387563317174,77.82,P3O-dyn+AdaReset+HardDistill,Hopper-v4,2
435263,reward,9018,77.58634227719162,79.079,P3O-dyn+AdaReset+HardDistill,Hopper-v4,2
435280,reward,9019,8.754578401366915,73.066,P3O-dyn+AdaReset+HardDistill,Hopper-v4,2
435321,reward,9020,72.00483210068558,74.05,P3O-dyn+AdaReset+HardDistill,Hopper-v4,2
435353,reward,9021,53.240720312168285,72.162,P3O-dyn+AdaReset+HardDistill,Hopper-v4,2
435384,reward,9022,53.43170037058321,72.147,P3O-dyn+AdaReset+HardDistill,Hopper-v4,2
435412,reward,9023,47.26939710762797,69.921,P3O-dyn+AdaReset+HardDistill,Hopper-v4,2
435467,reward,9024,95.0137538935867,66.698,P3O-dyn+AdaReset+HardDistill,Hopper-v4,2
435498,reward,9025,53.22690815780518,64.091,P3O-dyn+AdaReset+HardDistill,Hopper-v4,2
435532,reward,9026,57.38656547587714,63.178,P3O-dyn+AdaReset+HardDistill,Hopper-v4,2
435565,reward,9027,54.82265600720949,57.274,P3O-dyn+AdaReset+HardDistill,Hopper-v4,2
435599,reward,9028,56.33324611457006,55.148,P3O-dyn+AdaReset+HardDistill,Hopper-v4,2
435652,reward,9029,75.47809053454586,61.821,P3O-dyn+AdaReset+HardDistill,Hopper-v4,2
435715,reward,9030,88.85087716147186,63.505,P3O-dyn+AdaReset+HardDistill,Hopper-v4,2
435752,reward,9031,60.015160835517754,64.183,P3O-dyn+AdaReset+HardDistill,Hopper-v4,2
435845,reward,9032,123.75526341500296,71.215,P3O-dyn+AdaReset+HardDistill,Hopper-v4,2
435875,reward,9033,49.502192428990035,71.438,P3O-dyn+AdaReset+HardDistill,Hopper-v4,2
435910,reward,9034,60.85647385942759,68.023,P3O-dyn+AdaReset+HardDistill,Hopper-v4,2
435941,reward,9035,51.88125007244972,67.888,P3O-dyn+AdaReset+HardDistill,Hopper-v4,2
435974,reward,9036,56.84166098546912,67.834,P3O-dyn+AdaReset+HardDistill,Hopper-v4,2
436027,reward,9037,90.61870430091192,71.413,P3O-dyn+AdaReset+HardDistill,Hopper-v4,2
436077,reward,9038,86.19915314937113,74.4,P3O-dyn+AdaReset+HardDistill,Hopper-v4,2
436154,reward,9039,129.7000908972476,79.822,P3O-dyn+AdaReset+HardDistill,Hopper-v4,2
436182,reward,9040,47.99517355819777,75.737,P3O-dyn+AdaReset+HardDistill,Hopper-v4,2
436212,reward,9041,51.28574541590252,74.864,P3O-dyn+AdaReset+HardDistill,Hopper-v4,2
436235,reward,9042,39.07938155919118,66.396,P3O-dyn+AdaReset+HardDistill,Hopper-v4,2
436262,reward,9043,45.361102337998446,65.982,P3O-dyn+AdaReset+HardDistill,Hopper-v4,2
436297,reward,9044,62.74102766953464,66.17,P3O-dyn+AdaReset+HardDistill,Hopper-v4,2
436326,reward,9045,49.194742797439474,65.902,P3O-dyn+AdaReset+HardDistill,Hopper-v4,2
436359,reward,9046,56.57362067369716,65.875,P3O-dyn+AdaReset+HardDistill,Hopper-v4,2
436410,reward,9047,73.08842891802581,64.122,P3O-dyn+AdaReset+HardDistill,Hopper-v4,2
436436,reward,9048,45.15238924309275,60.017,P3O-dyn+AdaReset+HardDistill,Hopper-v4,2
436490,reward,9049,91.70962728179252,56.218,P3O-dyn+AdaReset+HardDistill,Hopper-v4,2
436543,reward,9050,92.08449099947528,60.627,P3O-dyn+AdaReset+HardDistill,Hopper-v4,2
436575,reward,9051,52.814857687735135,60.78,P3O-dyn+AdaReset+HardDistill,Hopper-v4,2
436602,reward,9052,45.647982523514685,61.437,P3O-dyn+AdaReset+HardDistill,Hopper-v4,2
436664,reward,9053,108.19024457115479,67.72,P3O-dyn+AdaReset+HardDistill,Hopper-v4,2
436726,reward,9054,104.0678319415317,71.852,P3O-dyn+AdaReset+HardDistill,Hopper-v4,2
436756,reward,9055,49.56047622636316,71.889,P3O-dyn+AdaReset+HardDistill,Hopper-v4,2
436788,reward,9056,54.17553570077376,71.649,P3O-dyn+AdaReset+HardDistill,Hopper-v4,2
436824,reward,9057,59.524752472972644,70.293,P3O-dyn+AdaReset+HardDistill,Hopper-v4,2
436877,reward,9058,90.91584995199462,74.869,P3O-dyn+AdaReset+HardDistill,Hopper-v4,2
436905,reward,9059,46.778321796513,70.376,P3O-dyn+AdaReset+HardDistill,Hopper-v4,2
436938,reward,9060,55.49283533589934,66.717,P3O-dyn+AdaReset+HardDistill,Hopper-v4,2
436967,reward,9061,48.69605087824684,66.305,P3O-dyn+AdaReset+HardDistill,Hopper-v4,2
437025,reward,9062,99.07514928373789,71.648,P3O-dyn+AdaReset+HardDistill,Hopper-v4,2
437093,reward,9063,115.36166211048769,72.365,P3O-dyn+AdaReset+HardDistill,Hopper-v4,2
437151,reward,9064,99.27096388050221,71.885,P3O-dyn+AdaReset+HardDistill,Hopper-v4,2
437216,reward,9065,95.05998531327536,76.435,P3O-dyn+AdaReset+HardDistill,Hopper-v4,2
437245,reward,9066,48.4248935314074,75.86,P3O-dyn+AdaReset+HardDistill,Hopper-v4,2
437273,reward,9067,47.45172412130685,74.653,P3O-dyn+AdaReset+HardDistill,Hopper-v4,2
437328,reward,9068,67.47625898125061,72.309,P3O-dyn+AdaReset+HardDistill,Hopper-v4,2
437361,reward,9069,55.56422361369451,73.187,P3O-dyn+AdaReset+HardDistill,Hopper-v4,2
437390,reward,9070,50.071658853958084,72.645,P3O-dyn+AdaReset+HardDistill,Hopper-v4,2
437454,reward,9071,109.01515930504712,78.677,P3O-dyn+AdaReset+HardDistill,Hopper-v4,2
437519,reward,9072,115.63903914229516,80.334,P3O-dyn+AdaReset+HardDistill,Hopper-v4,2
437558,reward,9073,68.7007949511219,75.667,P3O-dyn+AdaReset+HardDistill,Hopper-v4,2
437594,reward,9074,61.03958731014505,71.844,P3O-dyn+AdaReset+HardDistill,Hopper-v4,2
437663,reward,9075,122.87351102863614,74.626,P3O-dyn+AdaReset+HardDistill,Hopper-v4,2
437692,reward,9076,48.444835788731105,74.628,P3O-dyn+AdaReset+HardDistill,Hopper-v4,2
437743,reward,9077,90.69602663548534,78.952,P3O-dyn+AdaReset+HardDistill,Hopper-v4,2
437771,reward,9078,47.02669110837762,76.907,P3O-dyn+AdaReset+HardDistill,Hopper-v4,2
437799,reward,9079,47.02689530480664,76.053,P3O-dyn+AdaReset+HardDistill,Hopper-v4,2
437853,reward,9080,92.37524573959493,80.284,P3O-dyn+AdaReset+HardDistill,Hopper-v4,2
437887,reward,9081,59.19411900677335,75.302,P3O-dyn+AdaReset+HardDistill,Hopper-v4,2
437939,reward,9082,73.8887487016453,71.127,P3O-dyn+AdaReset+HardDistill,Hopper-v4,2
438027,reward,9083,115.76455949295449,75.833,P3O-dyn+AdaReset+HardDistill,Hopper-v4,2
438111,reward,9084,163.50173138883238,86.079,P3O-dyn+AdaReset+HardDistill,Hopper-v4,2
438140,reward,9085,47.98046180473969,78.59,P3O-dyn+AdaReset+HardDistill,Hopper-v4,2
438182,reward,9086,71.91089121211373,80.937,P3O-dyn+AdaReset+HardDistill,Hopper-v4,2
438219,reward,9087,58.63237043202629,77.73,P3O-dyn+AdaReset+HardDistill,Hopper-v4,2
438247,reward,9088,48.69406839198173,77.897,P3O-dyn+AdaReset+HardDistill,Hopper-v4,2
438327,reward,9089,122.4777099764717,85.442,P3O-dyn+AdaReset+HardDistill,Hopper-v4,2
438377,reward,9090,89.2959662303085,85.134,P3O-dyn+AdaReset+HardDistill,Hopper-v4,2
438436,reward,9091,100.03136460812131,89.218,P3O-dyn+AdaReset+HardDistill,Hopper-v4,2
438462,reward,9092,44.37567803373181,86.266,P3O-dyn+AdaReset+HardDistill,Hopper-v4,2
438508,reward,9093,73.69672873079098,82.06,P3O-dyn+AdaReset+HardDistill,Hopper-v4,2
438542,reward,9094,58.54359080483467,71.564,P3O-dyn+AdaReset+HardDistill,Hopper-v4,2
438572,reward,9095,49.5614919067301,71.722,P3O-dyn+AdaReset+HardDistill,Hopper-v4,2
438624,reward,9096,75.77957538773347,72.109,P3O-dyn+AdaReset+HardDistill,Hopper-v4,2
438694,reward,9097,119.32072193107398,78.178,P3O-dyn+AdaReset+HardDistill,Hopper-v4,2
438724,reward,9098,51.19943048991378,78.428,P3O-dyn+AdaReset+HardDistill,Hopper-v4,2
438754,reward,9099,49.79990424748237,71.16,P3O-dyn+AdaReset+HardDistill,Hopper-v4,2
438816,reward,9100,109.08915280588508,73.14,P3O-dyn+AdaReset+HardDistill,Hopper-v4,2
438888,reward,9101,124.70906336811814,75.608,P3O-dyn+AdaReset+HardDistill,Hopper-v4,2
438922,reward,9102,55.06000042447561,76.676,P3O-dyn+AdaReset+HardDistill,Hopper-v4,2
438954,reward,9103,53.95804720561176,74.702,P3O-dyn+AdaReset+HardDistill,Hopper-v4,2
438995,reward,9104,54.361579925326275,74.284,P3O-dyn+AdaReset+HardDistill,Hopper-v4,2
439023,reward,9105,48.48493433422618,74.176,P3O-dyn+AdaReset+HardDistill,Hopper-v4,2
439049,reward,9106,43.926358060510964,70.991,P3O-dyn+AdaReset+HardDistill,Hopper-v4,2
439099,reward,9107,87.29900528243786,67.789,P3O-dyn+AdaReset+HardDistill,Hopper-v4,2
439128,reward,9108,48.71698632273123,67.541,P3O-dyn+AdaReset+HardDistill,Hopper-v4,2
439156,reward,9109,47.762509777832015,67.337,P3O-dyn+AdaReset+HardDistill,Hopper-v4,2
439200,reward,9110,76.01187696222831,64.029,P3O-dyn+AdaReset+HardDistill,Hopper-v4,2
439232,reward,9111,52.92695261752697,56.851,P3O-dyn+AdaReset+HardDistill,Hopper-v4,2
439263,reward,9112,52.33095870241804,56.578,P3O-dyn+AdaReset+HardDistill,Hopper-v4,2
439290,reward,9113,44.881171862569225,55.67,P3O-dyn+AdaReset+HardDistill,Hopper-v4,2
439357,reward,9114,115.61116979665722,61.795,P3O-dyn+AdaReset+HardDistill,Hopper-v4,2
439386,reward,9115,48.7742080882762,61.824,P3O-dyn+AdaReset+HardDistill,Hopper-v4,2
439418,reward,9116,55.79765483651259,63.011,P3O-dyn+AdaReset+HardDistill,Hopper-v4,2
439461,reward,9117,59.23808740591431,60.205,P3O-dyn+AdaReset+HardDistill,Hopper-v4,2
439505,reward,9118,76.7788187832209,63.011,P3O-dyn+AdaReset+HardDistill,Hopper-v4,2
439568,reward,9119,86.71631641362345,66.907,P3O-dyn+AdaReset+HardDistill,Hopper-v4,2
439610,reward,9120,57.71606261061306,65.077,P3O-dyn+AdaReset+HardDistill,Hopper-v4,2
439653,reward,9121,60.10555512446191,65.795,P3O-dyn+AdaReset+HardDistill,Hopper-v4,2
439703,reward,9122,90.74757259736123,69.637,P3O-dyn+AdaReset+HardDistill,Hopper-v4,2
439766,reward,9123,107.84924331249272,75.933,P3O-dyn+AdaReset+HardDistill,Hopper-v4,2
439793,reward,9124,46.96638599210097,69.069,P3O-dyn+AdaReset+HardDistill,Hopper-v4,2
439840,reward,9125,65.15426814781067,70.707,P3O-dyn+AdaReset+HardDistill,Hopper-v4,2
439872,reward,9126,52.45647323471626,70.373,P3O-dyn+AdaReset+HardDistill,Hopper-v4,2
439896,reward,9127,39.72843309335233,68.422,P3O-dyn+AdaReset+HardDistill,Hopper-v4,2
439950,reward,9128,92.730414220257,70.017,P3O-dyn+AdaReset+HardDistill,Hopper-v4,2
439985,reward,9129,57.14070282326077,67.06,P3O-dyn+AdaReset+HardDistill,Hopper-v4,2
440000,speed,2079.76,3.6,P3O-dyn+AdaReset+HardDistill,Hopper-v4,2
440014,reward,9130,48.46212829863963,66.134,P3O-dyn+AdaReset+HardDistill,Hopper-v4,2
440063,reward,9131,83.05700657878381,68.429,P3O-dyn+AdaReset+HardDistill,Hopper-v4,2
440094,reward,9132,52.45350107986196,64.6,P3O-dyn+AdaReset+HardDistill,Hopper-v4,2
440126,reward,9133,52.710129920905224,59.086,P3O-dyn+AdaReset+HardDistill,Hopper-v4,2
440156,reward,9134,49.39536497462607,59.329,P3O-dyn+AdaReset+HardDistill,Hopper-v4,2
440183,reward,9135,45.64453352205151,57.378,P3O-dyn+AdaReset+HardDistill,Hopper-v4,2
440246,reward,9136,110.40658550313873,63.173,P3O-dyn+AdaReset+HardDistill,Hopper-v4,2
440323,reward,9137,89.60795155248404,68.161,P3O-dyn+AdaReset+HardDistill,Hopper-v4,2
440385,reward,9138,77.40892301406328,66.629,P3O-dyn+AdaReset+HardDistill,Hopper-v4,2
440416,reward,9139,50.672950461693624,65.982,P3O-dyn+AdaReset+HardDistill,Hopper-v4,2
440471,reward,9140,96.97040198472794,70.833,P3O-dyn+AdaReset+HardDistill,Hopper-v4,2
440522,reward,9141,74.27424374052319,69.954,P3O-dyn+AdaReset+HardDistill,Hopper-v4,2
440573,reward,9142,63.96022168585008,71.105,P3O-dyn+AdaReset+HardDistill,Hopper-v4,2
440647,reward,9143,136.25075201857217,79.459,P3O-dyn+AdaReset+HardDistill,Hopper-v4,2
440704,reward,9144,97.82376548119183,84.302,P3O-dyn+AdaReset+HardDistill,Hopper-v4,2
440763,reward,9145,82.42944613449923,87.981,P3O-dyn+AdaReset+HardDistill,Hopper-v4,2
440796,reward,9146,54.97258340647211,82.437,P3O-dyn+AdaReset+HardDistill,Hopper-v4,2
440844,reward,9147,84.31363069986485,81.908,P3O-dyn+AdaReset+HardDistill,Hopper-v4,2
440885,reward,9148,67.08181353740136,80.875,P3O-dyn+AdaReset+HardDistill,Hopper-v4,2
440919,reward,9149,48.72330865057794,80.68,P3O-dyn+AdaReset+HardDistill,Hopper-v4,2
440951,reward,9150,53.3102068175711,76.314,P3O-dyn+AdaReset+HardDistill,Hopper-v4,2
440983,reward,9151,55.44631054209514,74.431,P3O-dyn+AdaReset+HardDistill,Hopper-v4,2
441032,reward,9152,82.47307562969614,76.282,P3O-dyn+AdaReset+HardDistill,Hopper-v4,2
441092,reward,9153,99.92563885287413,72.65,P3O-dyn+AdaReset+HardDistill,Hopper-v4,2
441135,reward,9154,72.32484675335513,70.1,P3O-dyn+AdaReset+HardDistill,Hopper-v4,2
441189,reward,9155,89.09065452277996,70.766,P3O-dyn+AdaReset+HardDistill,Hopper-v4,2
441231,reward,9156,72.59763399962122,72.529,P3O-dyn+AdaReset+HardDistill,Hopper-v4,2
441267,reward,9157,61.84277767335992,70.282,P3O-dyn+AdaReset+HardDistill,Hopper-v4,2
441293,reward,9158,44.263420610859995,68.0,P3O-dyn+AdaReset+HardDistill,Hopper-v4,2
441351,reward,9159,99.9428295044687,73.122,P3O-dyn+AdaReset+HardDistill,Hopper-v4,2
441405,reward,9160,82.49268977096074,76.04,P3O-dyn+AdaReset+HardDistill,Hopper-v4,2
441459,reward,9161,92.01636383531877,79.697,P3O-dyn+AdaReset+HardDistill,Hopper-v4,2
441500,reward,9162,70.53513405078573,78.503,P3O-dyn+AdaReset+HardDistill,Hopper-v4,2
441530,reward,9163,49.54733756423602,73.465,P3O-dyn+AdaReset+HardDistill,Hopper-v4,2
441577,reward,9164,79.81295562499656,74.214,P3O-dyn+AdaReset+HardDistill,Hopper-v4,2
441636,reward,9165,100.59932469481633,75.365,P3O-dyn+AdaReset+HardDistill,Hopper-v4,2
441673,reward,9166,61.3378488076372,74.239,P3O-dyn+AdaReset+HardDistill,Hopper-v4,2
441726,reward,9167,94.52109641898471,77.507,P3O-dyn+AdaReset+HardDistill,Hopper-v4,2
441753,reward,9168,45.56599767148958,77.637,P3O-dyn+AdaReset+HardDistill,Hopper-v4,2
441780,reward,9169,46.53139759597686,72.296,P3O-dyn+AdaReset+HardDistill,Hopper-v4,2
441848,reward,9170,119.27730330265085,75.974,P3O-dyn+AdaReset+HardDistill,Hopper-v4,2
441895,reward,9171,69.08067862534473,73.681,P3O-dyn+AdaReset+HardDistill,Hopper-v4,2
441954,reward,9172,101.17546763687038,76.745,P3O-dyn+AdaReset+HardDistill,Hopper-v4,2
441986,reward,9173,54.18657221116504,77.209,P3O-dyn+AdaReset+HardDistill,Hopper-v4,2
442015,reward,9174,48.62345778849975,74.09,P3O-dyn+AdaReset+HardDistill,Hopper-v4,2
442076,reward,9175,105.42225086263915,74.572,P3O-dyn+AdaReset+HardDistill,Hopper-v4,2
442140,reward,9176,113.6304726889766,79.801,P3O-dyn+AdaReset+HardDistill,Hopper-v4,2
442189,reward,9177,78.44710783025086,78.194,P3O-dyn+AdaReset+HardDistill,Hopper-v4,2
442217,reward,9178,46.55652356863281,78.293,P3O-dyn+AdaReset+HardDistill,Hopper-v4,2
442245,reward,9179,48.380101632749664,78.478,P3O-dyn+AdaReset+HardDistill,Hopper-v4,2
442307,reward,9180,105.56422602464801,77.107,P3O-dyn+AdaReset+HardDistill,Hopper-v4,2
442343,reward,9181,62.17732490625766,76.416,P3O-dyn+AdaReset+HardDistill,Hopper-v4,2
442368,loss,-0.007840706966817379,7.939002513885498,P3O-dyn+AdaReset+HardDistill,Hopper-v4,2
442373,reward,9182,51.26676954888126,71.425,P3O-dyn+AdaReset+HardDistill,Hopper-v4,2
442404,reward,9183,51.065797315502785,71.113,P3O-dyn+AdaReset+HardDistill,Hopper-v4,2
442438,reward,9184,48.29999371027275,71.081,P3O-dyn+AdaReset+HardDistill,Hopper-v4,2
442469,reward,9185,50.229726496239195,65.562,P3O-dyn+AdaReset+HardDistill,Hopper-v4,2
442502,reward,9186,54.47708714497775,59.646,P3O-dyn+AdaReset+HardDistill,Hopper-v4,2
442564,reward,9187,106.43102737264512,62.445,P3O-dyn+AdaReset+HardDistill,Hopper-v4,2
442598,reward,9188,58.92906923557206,63.682,P3O-dyn+AdaReset+HardDistill,Hopper-v4,2
442629,reward,9189,51.272313322506385,63.971,P3O-dyn+AdaReset+HardDistill,Hopper-v4,2
442683,reward,9190,77.54531354281153,61.169,P3O-dyn+AdaReset+HardDistill,Hopper-v4,2
442713,reward,9191,50.65455787054038,60.017,P3O-dyn+AdaReset+HardDistill,Hopper-v4,2
442746,reward,9192,57.56366610906062,60.647,P3O-dyn+AdaReset+HardDistill,Hopper-v4,2
442776,reward,9193,50.865724633667874,60.627,P3O-dyn+AdaReset+HardDistill,Hopper-v4,2
442816,reward,9194,56.635364014426,61.46,P3O-dyn+AdaReset+HardDistill,Hopper-v4,2
442849,reward,9195,56.16206661444084,62.054,P3O-dyn+AdaReset+HardDistill,Hopper-v4,2
442883,reward,9196,58.75872154034328,62.482,P3O-dyn+AdaReset+HardDistill,Hopper-v4,2
442923,reward,9197,66.13092524687363,58.452,P3O-dyn+AdaReset+HardDistill,Hopper-v4,2
442951,reward,9198,47.58807844974109,57.318,P3O-dyn+AdaReset+HardDistill,Hopper-v4,2
442995,reward,9199,71.37336948075894,59.328,P3O-dyn+AdaReset+HardDistill,Hopper-v4,2
443036,reward,9200,65.55758474444258,58.129,P3O-dyn+AdaReset+HardDistill,Hopper-v4,2
443065,reward,9201,48.240427220516025,57.888,P3O-dyn+AdaReset+HardDistill,Hopper-v4,2
443130,reward,9202,120.82756323022363,64.214,P3O-dyn+AdaReset+HardDistill,Hopper-v4,2
443166,reward,9203,58.37201526794873,64.965,P3O-dyn+AdaReset+HardDistill,Hopper-v4,2
443198,reward,9204,54.52074089587057,64.753,P3O-dyn+AdaReset+HardDistill,Hopper-v4,2
443257,reward,9205,102.84875704158827,69.422,P3O-dyn+AdaReset+HardDistill,Hopper-v4,2
443315,reward,9206,98.96715005187762,73.443,P3O-dyn+AdaReset+HardDistill,Hopper-v4,2
443363,reward,9207,81.00693649764305,74.93,P3O-dyn+AdaReset+HardDistill,Hopper-v4,2
443393,reward,9208,49.37417088321645,75.109,P3O-dyn+AdaReset+HardDistill,Hopper-v4,2
443425,reward,9209,54.42624006697923,73.414,P3O-dyn+AdaReset+HardDistill,Hopper-v4,2
443454,reward,9210,48.21665198516787,71.68,P3O-dyn+AdaReset+HardDistill,Hopper-v4,2
443518,reward,9211,91.66902908241202,76.023,P3O-dyn+AdaReset+HardDistill,Hopper-v4,2
443564,reward,9212,76.74823582507783,71.615,P3O-dyn+AdaReset+HardDistill,Hopper-v4,2
443599,reward,9213,57.7452842995562,71.552,P3O-dyn+AdaReset+HardDistill,Hopper-v4,2
443640,reward,9214,66.67375533792202,72.768,P3O-dyn+AdaReset+HardDistill,Hopper-v4,2
443694,reward,9215,90.66181941594942,71.549,P3O-dyn+AdaReset+HardDistill,Hopper-v4,2
443742,reward,9216,82.84887840205388,69.937,P3O-dyn+AdaReset+HardDistill,Hopper-v4,2
443774,reward,9217,52.86887698331671,67.123,P3O-dyn+AdaReset+HardDistill,Hopper-v4,2
443830,reward,9218,96.1469018447076,71.801,P3O-dyn+AdaReset+HardDistill,Hopper-v4,2
443891,reward,9219,104.45873021458694,76.804,P3O-dyn+AdaReset+HardDistill,Hopper-v4,2
443929,reward,9220,66.84989435181635,78.667,P3O-dyn+AdaReset+HardDistill,Hopper-v4,2
443989,reward,9221,105.30245900158432,80.03,P3O-dyn+AdaReset+HardDistill,Hopper-v4,2
444018,reward,9222,49.0628307153135,77.262,P3O-dyn+AdaReset+HardDistill,Hopper-v4,2
444051,reward,9223,57.40758712163749,77.228,P3O-dyn+AdaReset+HardDistill,Hopper-v4,2
444092,reward,9224,69.81910230547409,77.543,P3O-dyn+AdaReset+HardDistill,Hopper-v4,2
444119,reward,9225,44.90508017504503,72.967,P3O-dyn+AdaReset+HardDistill,Hopper-v4,2
444165,reward,9226,65.8892264129456,71.271,P3O-dyn+AdaReset+HardDistill,Hopper-v4,2
444193,reward,9227,47.61215013766168,70.745,P3O-dyn+AdaReset+HardDistill,Hopper-v4,2
444256,reward,9228,107.63359361221842,71.894,P3O-dyn+AdaReset+HardDistill,Hopper-v4,2
444285,reward,9229,49.344981926833874,66.383,P3O-dyn+AdaReset+HardDistill,Hopper-v4,2
444325,reward,9230,69.01496159552664,66.599,P3O-dyn+AdaReset+HardDistill,Hopper-v4,2
444376,reward,9231,87.80925367924584,64.85,P3O-dyn+AdaReset+HardDistill,Hopper-v4,2
444431,reward,9232,87.51602611566167,68.695,P3O-dyn+AdaReset+HardDistill,Hopper-v4,2
444461,reward,9233,49.76167999007579,67.931,P3O-dyn+AdaReset+HardDistill,Hopper-v4,2
444494,reward,9234,55.78075775931354,66.527,P3O-dyn+AdaReset+HardDistill,Hopper-v4,2
444534,reward,9235,69.21344652918525,68.958,P3O-dyn+AdaReset+HardDistill,Hopper-v4,2
444558,reward,9236,41.68426983666396,66.537,P3O-dyn+AdaReset+HardDistill,Hopper-v4,2
444645,reward,9237,121.86097848923977,73.962,P3O-dyn+AdaReset+HardDistill,Hopper-v4,2
444688,reward,9238,69.96339029795058,70.195,P3O-dyn+AdaReset+HardDistill,Hopper-v4,2
444721,reward,9239,56.95643974682532,70.956,P3O-dyn+AdaReset+HardDistill,Hopper-v4,2
444761,reward,9240,67.87136704560744,70.842,P3O-dyn+AdaReset+HardDistill,Hopper-v4,2
444810,reward,9241,84.74545520030931,70.535,P3O-dyn+AdaReset+HardDistill,Hopper-v4,2
444839,reward,9242,48.740653902535115,66.658,P3O-dyn+AdaReset+HardDistill,Hopper-v4,2
444869,reward,9243,51.301193785607495,66.812,P3O-dyn+AdaReset+HardDistill,Hopper-v4,2
444899,reward,9244,50.12229680358732,66.246,P3O-dyn+AdaReset+HardDistill,Hopper-v4,2
444930,reward,9245,52.101985940484894,64.535,P3O-dyn+AdaReset+HardDistill,Hopper-v4,2
444961,reward,9246,51.199916733411,65.486,P3O-dyn+AdaReset+HardDistill,Hopper-v4,2
445012,reward,9247,74.90961245472147,60.791,P3O-dyn+AdaReset+HardDistill,Hopper-v4,2
445048,reward,9248,59.02704499034959,59.698,P3O-dyn+AdaReset+HardDistill,Hopper-v4,2
445089,reward,9249,70.59834356488042,61.062,P3O-dyn+AdaReset+HardDistill,Hopper-v4,2
445129,reward,9250,69.65241246987534,61.24,P3O-dyn+AdaReset+HardDistill,Hopper-v4,2
445175,reward,9251,78.97206827200623,60.663,P3O-dyn+AdaReset+HardDistill,Hopper-v4,2
445211,reward,9252,62.696757148993555,62.058,P3O-dyn+AdaReset+HardDistill,Hopper-v4,2
445258,reward,9253,66.17127246160491,63.545,P3O-dyn+AdaReset+HardDistill,Hopper-v4,2
445286,reward,9254,47.71931460431774,63.305,P3O-dyn+AdaReset+HardDistill,Hopper-v4,2
445334,reward,9255,82.16766438712772,66.311,P3O-dyn+AdaReset+HardDistill,Hopper-v4,2
445455,reward,9256,159.8748638720627,77.179,P3O-dyn+AdaReset+HardDistill,Hopper-v4,2
445484,reward,9257,47.93909637831732,74.482,P3O-dyn+AdaReset+HardDistill,Hopper-v4,2
445513,reward,9258,49.97095933615141,73.576,P3O-dyn+AdaReset+HardDistill,Hopper-v4,2
445557,reward,9259,74.65695306308665,73.982,P3O-dyn+AdaReset+HardDistill,Hopper-v4,2
445624,reward,9260,117.32428045448434,78.749,P3O-dyn+AdaReset+HardDistill,Hopper-v4,2
445660,reward,9261,58.419010751861016,76.694,P3O-dyn+AdaReset+HardDistill,Hopper-v4,2
445697,reward,9262,57.39766876970001,76.164,P3O-dyn+AdaReset+HardDistill,Hopper-v4,2
445727,reward,9263,50.90937163559101,74.638,P3O-dyn+AdaReset+HardDistill,Hopper-v4,2
445777,reward,9264,69.90968806479756,76.857,P3O-dyn+AdaReset+HardDistill,Hopper-v4,2
445810,reward,9265,55.87597976172665,74.228,P3O-dyn+AdaReset+HardDistill,Hopper-v4,2
445868,reward,9266,98.51598033834547,68.092,P3O-dyn+AdaReset+HardDistill,Hopper-v4,2
445927,reward,9267,102.01604268198818,73.5,P3O-dyn+AdaReset+HardDistill,Hopper-v4,2
445972,reward,9268,74.19089151580702,75.922,P3O-dyn+AdaReset+HardDistill,Hopper-v4,2
446033,reward,9269,105.79334215087742,79.035,P3O-dyn+AdaReset+HardDistill,Hopper-v4,2
446084,reward,9270,88.28343770773017,76.131,P3O-dyn+AdaReset+HardDistill,Hopper-v4,2
446118,reward,9271,56.596258540647504,75.949,P3O-dyn+AdaReset+HardDistill,Hopper-v4,2
446149,reward,9272,51.11841375873356,75.321,P3O-dyn+AdaReset+HardDistill,Hopper-v4,2
446213,reward,9273,74.72903763429635,77.703,P3O-dyn+AdaReset+HardDistill,Hopper-v4,2
446245,reward,9274,52.87963135388589,76.0,P3O-dyn+AdaReset+HardDistill,Hopper-v4,2
446287,reward,9275,57.88610894572616,76.201,P3O-dyn+AdaReset+HardDistill,Hopper-v4,2
446318,reward,9276,48.15987668309284,71.165,P3O-dyn+AdaReset+HardDistill,Hopper-v4,2
446348,reward,9277,50.697783335583594,66.033,P3O-dyn+AdaReset+HardDistill,Hopper-v4,2
446405,reward,9278,97.84915597774604,68.399,P3O-dyn+AdaReset+HardDistill,Hopper-v4,2
446432,reward,9279,46.24425880420838,62.444,P3O-dyn+AdaReset+HardDistill,Hopper-v4,2
446535,reward,9280,206.85217111295495,74.301,P3O-dyn+AdaReset+HardDistill,Hopper-v4,2
446563,reward,9281,48.93560484499402,73.535,P3O-dyn+AdaReset+HardDistill,Hopper-v4,2
446612,reward,9282,83.12975867001337,76.736,P3O-dyn+AdaReset+HardDistill,Hopper-v4,2
446638,reward,9283,44.37269192790996,73.701,P3O-dyn+AdaReset+HardDistill,Hopper-v4,2
446674,reward,9284,59.12372558325416,74.325,P3O-dyn+AdaReset+HardDistill,Hopper-v4,2
446733,reward,9285,99.5419898439291,78.491,P3O-dyn+AdaReset+HardDistill,Hopper-v4,2
446763,reward,9286,50.173773007243646,78.692,P3O-dyn+AdaReset+HardDistill,Hopper-v4,2
446797,reward,9287,56.09753516660088,79.232,P3O-dyn+AdaReset+HardDistill,Hopper-v4,2
446830,reward,9288,56.16374229801116,75.064,P3O-dyn+AdaReset+HardDistill,Hopper-v4,2
446889,reward,9289,100.08212560833489,80.447,P3O-dyn+AdaReset+HardDistill,Hopper-v4,2
446919,reward,9290,49.47272401781918,64.709,P3O-dyn+AdaReset+HardDistill,Hopper-v4,2
446961,reward,9291,69.17843759984743,66.734,P3O-dyn+AdaReset+HardDistill,Hopper-v4,2
447030,reward,9292,118.7028769972897,70.291,P3O-dyn+AdaReset+HardDistill,Hopper-v4,2
447061,reward,9293,53.436082787385764,71.197,P3O-dyn+AdaReset+HardDistill,Hopper-v4,2
447116,reward,9294,94.88759434065945,74.774,P3O-dyn+AdaReset+HardDistill,Hopper-v4,2
447148,reward,9295,54.1365551925247,70.233,P3O-dyn+AdaReset+HardDistill,Hopper-v4,2
447188,reward,9296,68.48102520191632,72.064,P3O-dyn+AdaReset+HardDistill,Hopper-v4,2
447215,reward,9297,46.01882089803797,71.056,P3O-dyn+AdaReset+HardDistill,Hopper-v4,2
447245,reward,9298,52.060188135887884,70.646,P3O-dyn+AdaReset+HardDistill,Hopper-v4,2
447284,reward,9299,68.37689081923592,67.475,P3O-dyn+AdaReset+HardDistill,Hopper-v4,2
447315,reward,9300,52.89244835022206,67.817,P3O-dyn+AdaReset+HardDistill,Hopper-v4,2
447358,reward,9301,70.51461709881623,67.951,P3O-dyn+AdaReset+HardDistill,Hopper-v4,2
447423,reward,9302,122.79367825913661,68.36,P3O-dyn+AdaReset+HardDistill,Hopper-v4,2
447450,reward,9303,45.78415381617059,67.595,P3O-dyn+AdaReset+HardDistill,Hopper-v4,2
447477,reward,9304,45.00524543042367,62.606,P3O-dyn+AdaReset+HardDistill,Hopper-v4,2
447524,reward,9305,65.32885573555957,63.726,P3O-dyn+AdaReset+HardDistill,Hopper-v4,2
447574,reward,9306,70.55943155456976,63.933,P3O-dyn+AdaReset+HardDistill,Hopper-v4,2
447623,reward,9307,86.92457369467705,68.024,P3O-dyn+AdaReset+HardDistill,Hopper-v4,2
447655,reward,9308,55.114560052702664,68.329,P3O-dyn+AdaReset+HardDistill,Hopper-v4,2
447693,reward,9309,64.65448404150212,67.957,P3O-dyn+AdaReset+HardDistill,Hopper-v4,2
447727,reward,9310,57.1683409075442,68.385,P3O-dyn+AdaReset+HardDistill,Hopper-v4,2
447810,reward,9311,149.11216263210662,76.245,P3O-dyn+AdaReset+HardDistill,Hopper-v4,2
447860,reward,9312,84.47109466721727,72.412,P3O-dyn+AdaReset+HardDistill,Hopper-v4,2
447910,reward,9313,85.32013879534551,76.366,P3O-dyn+AdaReset+HardDistill,Hopper-v4,2
447975,reward,9314,112.57362999530584,83.123,P3O-dyn+AdaReset+HardDistill,Hopper-v4,2
448060,reward,9315,109.3391773626199,87.524,P3O-dyn+AdaReset+HardDistill,Hopper-v4,2
448086,reward,9316,44.889113013154486,84.957,P3O-dyn+AdaReset+HardDistill,Hopper-v4,2
448143,reward,9317,80.18842402719072,84.283,P3O-dyn+AdaReset+HardDistill,Hopper-v4,2
448174,reward,9318,51.347954528211,83.906,P3O-dyn+AdaReset+HardDistill,Hopper-v4,2
448233,reward,9319,83.58597674321402,85.8,P3O-dyn+AdaReset+HardDistill,Hopper-v4,2
448267,reward,9320,54.31769510807203,85.515,P3O-dyn+AdaReset+HardDistill,Hopper-v4,2
448309,reward,9321,72.96432496310752,77.9,P3O-dyn+AdaReset+HardDistill,Hopper-v4,2
448336,reward,9322,45.42809918106038,73.995,P3O-dyn+AdaReset+HardDistill,Hopper-v4,2
448376,reward,9323,68.00000459518373,72.263,P3O-dyn+AdaReset+HardDistill,Hopper-v4,2
448404,reward,9324,47.484548266853054,65.755,P3O-dyn+AdaReset+HardDistill,Hopper-v4,2
448432,reward,9325,47.61202846926313,59.582,P3O-dyn+AdaReset+HardDistill,Hopper-v4,2
448460,reward,9326,47.476693429663236,59.841,P3O-dyn+AdaReset+HardDistill,Hopper-v4,2
448491,reward,9327,53.52236989263908,57.174,P3O-dyn+AdaReset+HardDistill,Hopper-v4,2
448519,reward,9328,46.99485087481211,56.739,P3O-dyn+AdaReset+HardDistill,Hopper-v4,2
448555,reward,9329,58.17699213779241,54.198,P3O-dyn+AdaReset+HardDistill,Hopper-v4,2
448588,reward,9330,54.05598346440739,54.172,P3O-dyn+AdaReset+HardDistill,Hopper-v4,2
448618,reward,9331,50.37602830512587,51.913,P3O-dyn+AdaReset+HardDistill,Hopper-v4,2
448649,reward,9332,51.76601400240094,52.547,P3O-dyn+AdaReset+HardDistill,Hopper-v4,2
448675,reward,9333,44.51171146428321,50.198,P3O-dyn+AdaReset+HardDistill,Hopper-v4,2
448705,reward,9334,50.953615394112084,50.545,P3O-dyn+AdaReset+HardDistill,Hopper-v4,2
448732,reward,9335,44.95964874372102,50.279,P3O-dyn+AdaReset+HardDistill,Hopper-v4,2
448764,reward,9336,53.485583970856666,50.88,P3O-dyn+AdaReset+HardDistill,Hopper-v4,2
448795,reward,9337,52.655442102440226,50.794,P3O-dyn+AdaReset+HardDistill,Hopper-v4,2
448829,reward,9338,55.4384649552094,51.638,P3O-dyn+AdaReset+HardDistill,Hopper-v4,2
448860,reward,9339,52.465052651165415,51.067,P3O-dyn+AdaReset+HardDistill,Hopper-v4,2
448892,reward,9340,55.4511508620072,51.206,P3O-dyn+AdaReset+HardDistill,Hopper-v4,2
448921,reward,9341,48.318250948223934,51.0,P3O-dyn+AdaReset+HardDistill,Hopper-v4,2
448975,reward,9342,91.99968411647691,55.024,P3O-dyn+AdaReset+HardDistill,Hopper-v4,2
449009,reward,9343,55.68819316928379,56.142,P3O-dyn+AdaReset+HardDistill,Hopper-v4,2
449061,reward,9344,87.66487901794267,59.813,P3O-dyn+AdaReset+HardDistill,Hopper-v4,2
449125,reward,9345,87.0760748230753,64.024,P3O-dyn+AdaReset+HardDistill,Hopper-v4,2
449167,reward,9346,68.72351037485474,65.548,P3O-dyn+AdaReset+HardDistill,Hopper-v4,2
449211,reward,9347,71.74237407776127,67.457,P3O-dyn+AdaReset+HardDistill,Hopper-v4,2
449237,reward,9348,44.302794785226254,66.343,P3O-dyn+AdaReset+HardDistill,Hopper-v4,2
449266,reward,9349,48.42979450661395,65.94,P3O-dyn+AdaReset+HardDistill,Hopper-v4,2
449306,reward,9350,66.02681502865175,66.997,P3O-dyn+AdaReset+HardDistill,Hopper-v4,2
449342,reward,9351,58.76098031286845,68.042,P3O-dyn+AdaReset+HardDistill,Hopper-v4,2
449370,reward,9352,47.76869365716547,63.618,P3O-dyn+AdaReset+HardDistill,Hopper-v4,2
449411,reward,9353,61.26909185068805,64.177,P3O-dyn+AdaReset+HardDistill,Hopper-v4,2
449470,reward,9354,101.54740252422667,65.565,P3O-dyn+AdaReset+HardDistill,Hopper-v4,2
449496,reward,9355,44.85038131052171,61.342,P3O-dyn+AdaReset+HardDistill,Hopper-v4,2
449525,reward,9356,49.56590013790197,59.426,P3O-dyn+AdaReset+HardDistill,Hopper-v4,2
449557,reward,9357,48.868207098922596,57.139,P3O-dyn+AdaReset+HardDistill,Hopper-v4,2
449582,reward,9358,42.74328030475022,56.983,P3O-dyn+AdaReset+HardDistill,Hopper-v4,2
449633,reward,9359,87.67240426884773,60.907,P3O-dyn+AdaReset+HardDistill,Hopper-v4,2
449666,reward,9360,54.61200433807747,59.766,P3O-dyn+AdaReset+HardDistill,Hopper-v4,2
449735,reward,9361,119.85241785823823,65.875,P3O-dyn+AdaReset+HardDistill,Hopper-v4,2
449781,reward,9362,64.09654958544925,67.508,P3O-dyn+AdaReset+HardDistill,Hopper-v4,2
449810,reward,9363,47.9189323259357,66.173,P3O-dyn+AdaReset+HardDistill,Hopper-v4,2
449846,reward,9364,59.00417009799361,61.918,P3O-dyn+AdaReset+HardDistill,Hopper-v4,2
449873,reward,9365,45.02031362792033,61.935,P3O-dyn+AdaReset+HardDistill,Hopper-v4,2
449916,reward,9366,58.774997241881536,62.856,P3O-dyn+AdaReset+HardDistill,Hopper-v4,2
449946,reward,9367,49.76449494182884,62.946,P3O-dyn+AdaReset+HardDistill,Hopper-v4,2
449973,reward,9368,45.00024904337925,63.172,P3O-dyn+AdaReset+HardDistill,Hopper-v4,2
450000,speed,2026.71,3.68,P3O-dyn+AdaReset+HardDistill,Hopper-v4,2
450000,sbp,0.4,0.2157,0.15,P3O-dyn+AdaReset+HardDistill,Hopper-v4,2,0.0163,1,1.987773,1.16826,0.017707,0.014233,4.244803,4.249839,0.701481,0.244136,0.001187,0.787166,1.775854,0.002003,0.001776,1,periodic,0.001819,0.025,0.15,0.0,0.15,0.001819,0.001819,0.001819,0.022626,0.02264,0.022633,0,0.0,0.0,0.0
450023,reward,9369,87.57881753998845,63.162,P3O-dyn+AdaReset+HardDistill,Hopper-v4,2
450058,reward,9370,57.83028375405053,63.484,P3O-dyn+AdaReset+HardDistill,Hopper-v4,2
450126,reward,9371,115.14081418888328,63.013,P3O-dyn+AdaReset+HardDistill,Hopper-v4,2
450155,reward,9372,46.99932410421953,61.303,P3O-dyn+AdaReset+HardDistill,Hopper-v4,2
450184,reward,9373,48.352067509160406,61.347,P3O-dyn+AdaReset+HardDistill,Hopper-v4,2
450211,reward,9374,45.228325864109735,59.969,P3O-dyn+AdaReset+HardDistill,Hopper-v4,2
450241,reward,9375,49.314522752332905,60.398,P3O-dyn+AdaReset+HardDistill,Hopper-v4,2
450285,reward,9376,74.9835334049715,62.019,P3O-dyn+AdaReset+HardDistill,Hopper-v4,2
450346,reward,9377,103.8111927594392,67.424,P3O-dyn+AdaReset+HardDistill,Hopper-v4,2
450383,reward,9378,62.966866089139316,69.221,P3O-dyn+AdaReset+HardDistill,Hopper-v4,2
450432,reward,9379,68.39576741435802,67.302,P3O-dyn+AdaReset+HardDistill,Hopper-v4,2
450461,reward,9380,47.924474150304064,66.312,P3O-dyn+AdaReset+HardDistill,Hopper-v4,2
450491,reward,9381,49.427379707283556,59.74,P3O-dyn+AdaReset+HardDistill,Hopper-v4,2
450518,reward,9382,47.619420877842565,59.802,P3O-dyn+AdaReset+HardDistill,Hopper-v4,2
450560,loss,-0.013241403736174107,23.118675231933594,P3O-dyn+AdaReset+HardDistill,Hopper-v4,2
450560,reward,9383,59.63383188580002,60.931,P3O-dyn+AdaReset+HardDistill,Hopper-v4,2
450627,reward,9384,116.58679004050875,68.066,P3O-dyn+AdaReset+HardDistill,Hopper-v4,2
450654,reward,9385,45.24284141211182,67.659,P3O-dyn+AdaReset+HardDistill,Hopper-v4,2
450692,reward,9386,65.5986645585501,66.721,P3O-dyn+AdaReset+HardDistill,Hopper-v4,2
450735,reward,9387,74.07641030111574,63.747,P3O-dyn+AdaReset+HardDistill,Hopper-v4,2
450776,reward,9388,72.3446184602845,64.685,P3O-dyn+AdaReset+HardDistill,Hopper-v4,2
450809,reward,9389,56.101664255919076,63.456,P3O-dyn+AdaReset+HardDistill,Hopper-v4,2
450859,reward,9390,85.48966695307627,67.212,P3O-dyn+AdaReset+HardDistill,Hopper-v4,2
450888,reward,9391,48.152790288272456,67.085,P3O-dyn+AdaReset+HardDistill,Hopper-v4,2
450916,reward,9392,49.57552198286211,67.28,P3O-dyn+AdaReset+HardDistill,Hopper-v4,2
450944,reward,9393,46.97374396518287,66.014,P3O-dyn+AdaReset+HardDistill,Hopper-v4,2
450970,reward,9394,44.138153599706015,58.769,P3O-dyn+AdaReset+HardDistill,Hopper-v4,2
450998,reward,9395,47.75097113098336,59.02,P3O-dyn+AdaReset+HardDistill,Hopper-v4,2
451030,reward,9396,52.2749900920292,57.688,P3O-dyn+AdaReset+HardDistill,Hopper-v4,2
451057,reward,9397,47.0381968336968,54.984,P3O-dyn+AdaReset+HardDistill,Hopper-v4,2
451125,reward,9398,119.07385297598697,59.657,P3O-dyn+AdaReset+HardDistill,Hopper-v4,2
451159,reward,9399,59.44180911777602,59.991,P3O-dyn+AdaReset+HardDistill,Hopper-v4,2
451188,reward,9400,49.13198170625177,56.355,P3O-dyn+AdaReset+HardDistill,Hopper-v4,2
451223,reward,9401,57.545781185678585,57.295,P3O-dyn+AdaReset+HardDistill,Hopper-v4,2
451250,reward,9402,45.13544956852143,56.85,P3O-dyn+AdaReset+HardDistill,Hopper-v4,2
451292,reward,9403,73.06983171615879,59.46,P3O-dyn+AdaReset+HardDistill,Hopper-v4,2
451319,reward,9404,46.36778498497228,59.683,P3O-dyn+AdaReset+HardDistill,Hopper-v4,2
451348,reward,9405,48.1561103799551,59.724,P3O-dyn+AdaReset+HardDistill,Hopper-v4,2
451393,reward,9406,75.65435262567435,62.062,P3O-dyn+AdaReset+HardDistill,Hopper-v4,2
451424,reward,9407,52.64068702187361,62.622,P3O-dyn+AdaReset+HardDistill,Hopper-v4,2
451478,reward,9408,91.93659227792519,59.908,P3O-dyn+AdaReset+HardDistill,Hopper-v4,2
451539,reward,9409,102.23895912849852,64.188,P3O-dyn+AdaReset+HardDistill,Hopper-v4,2
451598,reward,9410,102.46697228319488,69.521,P3O-dyn+AdaReset+HardDistill,Hopper-v4,2
451626,reward,9411,46.813825274153345,68.448,P3O-dyn+AdaReset+HardDistill,Hopper-v4,2
451685,reward,9412,100.561186733265,73.991,P3O-dyn+AdaReset+HardDistill,Hopper-v4,2
451718,reward,9413,54.1866049931459,72.102,P3O-dyn+AdaReset+HardDistill,Hopper-v4,2
451779,reward,9414,104.00046690263581,77.866,P3O-dyn+AdaReset+HardDistill,Hopper-v4,2
451830,reward,9415,89.602851251594,82.01,P3O-dyn+AdaReset+HardDistill,Hopper-v4,2
451875,reward,9416,78.85433274725611,82.33,P3O-dyn+AdaReset+HardDistill,Hopper-v4,2
451903,reward,9417,47.81190851232824,81.847,P3O-dyn+AdaReset+HardDistill,Hopper-v4,2
451934,reward,9418,54.28568328395424,78.082,P3O-dyn+AdaReset+HardDistill,Hopper-v4,2
451964,reward,9419,49.360387111922414,72.794,P3O-dyn+AdaReset+HardDistill,Hopper-v4,2
451994,reward,9420,49.64753144909464,67.512,P3O-dyn+AdaReset+HardDistill,Hopper-v4,2
452059,reward,9421,111.89001610731482,74.02,P3O-dyn+AdaReset+HardDistill,Hopper-v4,2
452091,reward,9422,55.37357406034963,69.501,P3O-dyn+AdaReset+HardDistill,Hopper-v4,2
452127,reward,9423,65.30840615880865,70.614,P3O-dyn+AdaReset+HardDistill,Hopper-v4,2
452171,reward,9424,68.05086686148222,67.019,P3O-dyn+AdaReset+HardDistill,Hopper-v4,2
452200,reward,9425,49.30444357150214,62.989,P3O-dyn+AdaReset+HardDistill,Hopper-v4,2
452263,reward,9426,110.01115031387471,66.104,P3O-dyn+AdaReset+HardDistill,Hopper-v4,2
452293,reward,9427,49.73510898363844,66.297,P3O-dyn+AdaReset+HardDistill,Hopper-v4,2
452324,reward,9428,51.90853316952527,66.059,P3O-dyn+AdaReset+HardDistill,Hopper-v4,2
452362,reward,9429,63.32868072177482,67.456,P3O-dyn+AdaReset+HardDistill,Hopper-v4,2
452391,reward,9430,48.197232772476845,67.311,P3O-dyn+AdaReset+HardDistill,Hopper-v4,2
452422,reward,9431,52.39201348616319,61.361,P3O-dyn+AdaReset+HardDistill,Hopper-v4,2
452463,reward,9432,63.90663700242257,62.214,P3O-dyn+AdaReset+HardDistill,Hopper-v4,2
452530,reward,9433,113.2236589328199,67.006,P3O-dyn+AdaReset+HardDistill,Hopper-v4,2
452557,reward,9434,45.97401633220016,64.798,P3O-dyn+AdaReset+HardDistill,Hopper-v4,2
452611,reward,9435,92.57678460660377,69.125,P3O-dyn+AdaReset+HardDistill,Hopper-v4,2
452641,reward,9436,51.100332811762165,63.234,P3O-dyn+AdaReset+HardDistill,Hopper-v4,2
452678,reward,9437,61.75251509434753,64.436,P3O-dyn+AdaReset+HardDistill,Hopper-v4,2
452746,reward,9438,119.33888947179783,71.179,P3O-dyn+AdaReset+HardDistill,Hopper-v4,2
452786,reward,9439,67.09669982311965,71.556,P3O-dyn+AdaReset+HardDistill,Hopper-v4,2
452818,reward,9440,54.91144814849325,72.227,P3O-dyn+AdaReset+HardDistill,Hopper-v4,2
452865,reward,9441,66.26251330014334,73.614,P3O-dyn+AdaReset+HardDistill,Hopper-v4,2
452924,reward,9442,100.49581683672183,77.273,P3O-dyn+AdaReset+HardDistill,Hopper-v4,2
452990,reward,9443,112.61647903756831,77.213,P3O-dyn+AdaReset+HardDistill,Hopper-v4,2
453039,reward,9444,71.69802686955872,79.785,P3O-dyn+AdaReset+HardDistill,Hopper-v4,2
453069,reward,9445,51.5938605150613,75.687,P3O-dyn+AdaReset+HardDistill,Hopper-v4,2
453097,reward,9446,46.88053407047834,75.265,P3O-dyn+AdaReset+HardDistill,Hopper-v4,2
453127,reward,9447,49.88898336755745,74.078,P3O-dyn+AdaReset+HardDistill,Hopper-v4,2
453171,reward,9448,76.71160368005653,69.816,P3O-dyn+AdaReset+HardDistill,Hopper-v4,2
453204,reward,9449,57.36106937158803,68.842,P3O-dyn+AdaReset+HardDistill,Hopper-v4,2
453235,reward,9450,52.04718911549989,68.556,P3O-dyn+AdaReset+HardDistill,Hopper-v4,2
453263,reward,9451,48.425446754729606,66.772,P3O-dyn+AdaReset+HardDistill,Hopper-v4,2
453318,reward,9452,91.63278001667557,65.886,P3O-dyn+AdaReset+HardDistill,Hopper-v4,2
453344,reward,9453,44.566263885570365,59.081,P3O-dyn+AdaReset+HardDistill,Hopper-v4,2
453394,reward,9454,72.07340167329107,59.118,P3O-dyn+AdaReset+HardDistill,Hopper-v4,2
453429,reward,9455,61.591842540960016,60.118,P3O-dyn+AdaReset+HardDistill,Hopper-v4,2
453476,reward,9456,66.88424515386791,62.118,P3O-dyn+AdaReset+HardDistill,Hopper-v4,2
453538,reward,9457,105.59576567602694,67.689,P3O-dyn+AdaReset+HardDistill,Hopper-v4,2
453592,reward,9458,93.33387100092331,69.351,P3O-dyn+AdaReset+HardDistill,Hopper-v4,2
453620,reward,9459,48.76768653946346,68.492,P3O-dyn+AdaReset+HardDistill,Hopper-v4,2
453663,reward,9460,74.19254183127518,70.706,P3O-dyn+AdaReset+HardDistill,Hopper-v4,2
453691,reward,9461,48.56266113659753,70.72,P3O-dyn+AdaReset+HardDistill,Hopper-v4,2
453719,reward,9462,46.63771063731558,66.221,P3O-dyn+AdaReset+HardDistill,Hopper-v4,2
453752,reward,9463,57.60660939208492,67.525,P3O-dyn+AdaReset+HardDistill,Hopper-v4,2
453792,reward,9464,68.75258372956976,67.193,P3O-dyn+AdaReset+HardDistill,Hopper-v4,2
453850,reward,9465,100.55940370119411,71.089,P3O-dyn+AdaReset+HardDistill,Hopper-v4,2
453918,reward,9466,121.01141554243078,76.502,P3O-dyn+AdaReset+HardDistill,Hopper-v4,2
453977,reward,9467,101.68295642914806,76.111,P3O-dyn+AdaReset+HardDistill,Hopper-v4,2
454006,reward,9468,49.15004313571276,71.692,P3O-dyn+AdaReset+HardDistill,Hopper-v4,2
454033,reward,9469,45.767015621638954,71.392,P3O-dyn+AdaReset+HardDistill,Hopper-v4,2
454116,reward,9470,148.09395355272812,78.782,P3O-dyn+AdaReset+HardDistill,Hopper-v4,2
454145,reward,9471,48.841932443213636,78.81,P3O-dyn+AdaReset+HardDistill,Hopper-v4,2
454175,reward,9472,50.69472912558013,79.216,P3O-dyn+AdaReset+HardDistill,Hopper-v4,2
454204,reward,9473,48.90253472915418,78.346,P3O-dyn+AdaReset+HardDistill,Hopper-v4,2
454246,reward,9474,72.17813556050099,78.688,P3O-dyn+AdaReset+HardDistill,Hopper-v4,2
454273,reward,9475,44.832306619594796,73.116,P3O-dyn+AdaReset+HardDistill,Hopper-v4,2
454304,reward,9476,51.35046670461969,66.149,P3O-dyn+AdaReset+HardDistill,Hopper-v4,2
454335,reward,9477,52.80704905474162,61.262,P3O-dyn+AdaReset+HardDistill,Hopper-v4,2
454387,reward,9478,86.64126881468289,65.011,P3O-dyn+AdaReset+HardDistill,Hopper-v4,2
454463,reward,9479,129.013205717671,73.336,P3O-dyn+AdaReset+HardDistill,Hopper-v4,2
454490,reward,9480,46.07455814181264,63.134,P3O-dyn+AdaReset+HardDistill,Hopper-v4,2
454516,reward,9481,43.07040788758365,62.556,P3O-dyn+AdaReset+HardDistill,Hopper-v4,2
454546,reward,9482,49.71333331552391,62.458,P3O-dyn+AdaReset+HardDistill,Hopper-v4,2
454576,reward,9483,49.87443170333303,62.556,P3O-dyn+AdaReset+HardDistill,Hopper-v4,2
454640,reward,9484,111.44358048433017,66.482,P3O-dyn+AdaReset+HardDistill,Hopper-v4,2
454672,reward,9485,52.542519319558934,67.253,P3O-dyn+AdaReset+HardDistill,Hopper-v4,2
454708,reward,9486,59.545771754957336,68.073,P3O-dyn+AdaReset+HardDistill,Hopper-v4,2
454746,reward,9487,62.17156802825813,69.009,P3O-dyn+AdaReset+HardDistill,Hopper-v4,2
454788,reward,9488,56.69077871816024,66.014,P3O-dyn+AdaReset+HardDistill,Hopper-v4,2
454815,reward,9489,45.949267506681075,57.708,P3O-dyn+AdaReset+HardDistill,Hopper-v4,2
454848,reward,9490,56.138102053849764,58.714,P3O-dyn+AdaReset+HardDistill,Hopper-v4,2
454889,reward,9491,69.30419307194644,61.337,P3O-dyn+AdaReset+HardDistill,Hopper-v4,2
454918,reward,9492,49.38565931075331,61.305,P3O-dyn+AdaReset+HardDistill,Hopper-v4,2
454966,reward,9493,82.33260153932198,64.55,P3O-dyn+AdaReset+HardDistill,Hopper-v4,2
454996,reward,9494,49.417640961098705,58.348,P3O-dyn+AdaReset+HardDistill,Hopper-v4,2
455027,reward,9495,53.142993145515184,58.408,P3O-dyn+AdaReset+HardDistill,Hopper-v4,2
455054,reward,9496,46.413436459914614,57.095,P3O-dyn+AdaReset+HardDistill,Hopper-v4,2
455110,reward,9497,97.45889444477338,60.623,P3O-dyn+AdaReset+HardDistill,Hopper-v4,2
455138,reward,9498,47.41237157478821,59.696,P3O-dyn+AdaReset+HardDistill,Hopper-v4,2
455167,reward,9499,47.89813350538344,59.89,P3O-dyn+AdaReset+HardDistill,Hopper-v4,2
455196,reward,9500,49.88629238167995,59.265,P3O-dyn+AdaReset+HardDistill,Hopper-v4,2
455255,reward,9501,101.34332136822157,62.469,P3O-dyn+AdaReset+HardDistill,Hopper-v4,2
455287,reward,9502,52.95206830908418,62.826,P3O-dyn+AdaReset+HardDistill,Hopper-v4,2
455347,reward,9503,104.24971088053361,65.017,P3O-dyn+AdaReset+HardDistill,Hopper-v4,2
455393,reward,9504,80.4169776800301,68.117,P3O-dyn+AdaReset+HardDistill,Hopper-v4,2
455454,reward,9505,102.68201030040647,73.071,P3O-dyn+AdaReset+HardDistill,Hopper-v4,2
455490,reward,9506,60.16368349972113,74.446,P3O-dyn+AdaReset+HardDistill,Hopper-v4,2
455553,reward,9507,111.35760389490476,75.836,P3O-dyn+AdaReset+HardDistill,Hopper-v4,2
455586,reward,9508,58.05481828488766,76.9,P3O-dyn+AdaReset+HardDistill,Hopper-v4,2
455616,reward,9509,50.037771599054295,77.114,P3O-dyn+AdaReset+HardDistill,Hopper-v4,2
455672,reward,9510,97.1767835638105,81.843,P3O-dyn+AdaReset+HardDistill,Hopper-v4,2
455734,reward,9511,107.8269857960527,82.492,P3O-dyn+AdaReset+HardDistill,Hopper-v4,2
455785,reward,9512,87.52530100155714,85.949,P3O-dyn+AdaReset+HardDistill,Hopper-v4,2
455824,reward,9513,65.16515550821042,82.041,P3O-dyn+AdaReset+HardDistill,Hopper-v4,2
455879,reward,9514,93.50837233394077,83.35,P3O-dyn+AdaReset+HardDistill,Hopper-v4,2
455915,reward,9515,54.93614012544685,78.575,P3O-dyn+AdaReset+HardDistill,Hopper-v4,2
455968,reward,9516,92.08946853361677,81.768,P3O-dyn+AdaReset+HardDistill,Hopper-v4,2
455996,reward,9517,47.04253353627565,75.336,P3O-dyn+AdaReset+HardDistill,Hopper-v4,2
456048,reward,9518,86.45362747157289,78.176,P3O-dyn+AdaReset+HardDistill,Hopper-v4,2
456097,reward,9519,84.53724913615919,81.626,P3O-dyn+AdaReset+HardDistill,Hopper-v4,2
456166,reward,9520,111.92402490495971,83.101,P3O-dyn+AdaReset+HardDistill,Hopper-v4,2
456205,reward,9521,58.77518148674408,78.196,P3O-dyn+AdaReset+HardDistill,Hopper-v4,2
456233,reward,9522,46.373018708580396,74.08,P3O-dyn+AdaReset+HardDistill,Hopper-v4,2
456312,reward,9523,92.47368313636709,76.811,P3O-dyn+AdaReset+HardDistill,Hopper-v4,2
456344,reward,9524,52.99121412548314,72.76,P3O-dyn+AdaReset+HardDistill,Hopper-v4,2
456373,reward,9525,48.22170661061034,72.088,P3O-dyn+AdaReset+HardDistill,Hopper-v4,2
456430,reward,9526,98.46459808901237,72.726,P3O-dyn+AdaReset+HardDistill,Hopper-v4,2
456484,reward,9527,93.54912815119715,77.376,P3O-dyn+AdaReset+HardDistill,Hopper-v4,2
456514,reward,9528,49.437784383759805,73.675,P3O-dyn+AdaReset+HardDistill,Hopper-v4,2
456545,reward,9529,52.2998463164368,70.451,P3O-dyn+AdaReset+HardDistill,Hopper-v4,2
456615,reward,9530,116.68171590688512,70.927,P3O-dyn+AdaReset+HardDistill,Hopper-v4,2
456649,reward,9531,59.38770775750946,70.988,P3O-dyn+AdaReset+HardDistill,Hopper-v4,2
456694,reward,9532,75.3732369956332,73.888,P3O-dyn+AdaReset+HardDistill,Hopper-v4,2
456726,reward,9533,54.852909131546205,70.126,P3O-dyn+AdaReset+HardDistill,Hopper-v4,2
456758,reward,9534,53.21021149868375,70.148,P3O-dyn+AdaReset+HardDistill,Hopper-v4,2
456807,reward,9535,84.55063709368717,73.781,P3O-dyn+AdaReset+HardDistill,Hopper-v4,2
456848,reward,9536,72.86365772615869,71.221,P3O-dyn+AdaReset+HardDistill,Hopper-v4,2
456882,reward,9537,55.85712060755177,67.451,P3O-dyn+AdaReset+HardDistill,Hopper-v4,2
456911,reward,9538,48.81871535318081,67.39,P3O-dyn+AdaReset+HardDistill,Hopper-v4,2
456945,reward,9539,57.29157135362194,67.889,P3O-dyn+AdaReset+HardDistill,Hopper-v4,2
456972,reward,9540,47.635793506520095,60.984,P3O-dyn+AdaReset+HardDistill,Hopper-v4,2
456998,reward,9541,45.24052707755506,59.569,P3O-dyn+AdaReset+HardDistill,Hopper-v4,2
457054,reward,9542,79.49999407154802,59.982,P3O-dyn+AdaReset+HardDistill,Hopper-v4,2
457102,reward,9543,82.00734789448175,62.698,P3O-dyn+AdaReset+HardDistill,Hopper-v4,2
457159,reward,9544,96.28435453243284,67.005,P3O-dyn+AdaReset+HardDistill,Hopper-v4,2
457220,reward,9545,105.51332963440767,69.101,P3O-dyn+AdaReset+HardDistill,Hopper-v4,2
457273,reward,9546,90.22490314083863,70.837,P3O-dyn+AdaReset+HardDistill,Hopper-v4,2
457309,reward,9547,60.573082968327824,71.309,P3O-dyn+AdaReset+HardDistill,Hopper-v4,2
457382,reward,9548,126.41564205816432,79.069,P3O-dyn+AdaReset+HardDistill,Hopper-v4,2
457411,reward,9549,49.69743121996805,78.309,P3O-dyn+AdaReset+HardDistill,Hopper-v4,2
457440,reward,9550,50.508883016256114,78.597,P3O-dyn+AdaReset+HardDistill,Hopper-v4,2
457466,reward,9551,44.857527673899874,78.558,P3O-dyn+AdaReset+HardDistill,Hopper-v4,2
457495,reward,9552,49.57705318778609,75.566,P3O-dyn+AdaReset+HardDistill,Hopper-v4,2
457525,reward,9553,51.79400539735681,72.545,P3O-dyn+AdaReset+HardDistill,Hopper-v4,2
457551,reward,9554,44.5757047616402,67.374,P3O-dyn+AdaReset+HardDistill,Hopper-v4,2
457579,reward,9555,47.12252693183436,61.535,P3O-dyn+AdaReset+HardDistill,Hopper-v4,2
457606,reward,9556,44.38382623029272,56.951,P3O-dyn+AdaReset+HardDistill,Hopper-v4,2
457635,reward,9557,49.02762199664656,55.796,P3O-dyn+AdaReset+HardDistill,Hopper-v4,2
457664,reward,9558,48.77646807838116,48.032,P3O-dyn+AdaReset+HardDistill,Hopper-v4,2
457742,reward,9559,64.57189720618925,49.52,P3O-dyn+AdaReset+HardDistill,Hopper-v4,2
457776,reward,9560,58.14935243611794,50.284,P3O-dyn+AdaReset+HardDistill,Hopper-v4,2
457853,reward,9561,146.93983363884635,60.492,P3O-dyn+AdaReset+HardDistill,Hopper-v4,2
457896,reward,9562,73.2466148869359,62.859,P3O-dyn+AdaReset+HardDistill,Hopper-v4,2
457924,reward,9563,46.96229248006573,62.376,P3O-dyn+AdaReset+HardDistill,Hopper-v4,2
457960,reward,9564,61.54629369895841,64.073,P3O-dyn+AdaReset+HardDistill,Hopper-v4,2
457993,reward,9565,56.441986938338005,65.005,P3O-dyn+AdaReset+HardDistill,Hopper-v4,2
458025,reward,9566,53.37581364178481,65.904,P3O-dyn+AdaReset+HardDistill,Hopper-v4,2
458070,reward,9567,78.23117704083607,68.824,P3O-dyn+AdaReset+HardDistill,Hopper-v4,2
458104,reward,9568,55.18540606270853,69.465,P3O-dyn+AdaReset+HardDistill,Hopper-v4,2
458148,reward,9569,78.14250525973029,70.822,P3O-dyn+AdaReset+HardDistill,Hopper-v4,2
458207,reward,9570,99.76449906189157,74.984,P3O-dyn+AdaReset+HardDistill,Hopper-v4,2
458251,reward,9571,60.99817462125043,66.389,P3O-dyn+AdaReset+HardDistill,Hopper-v4,2
458279,reward,9572,46.76849260129919,63.742,P3O-dyn+AdaReset+HardDistill,Hopper-v4,2
458308,reward,9573,48.152806313241875,63.861,P3O-dyn+AdaReset+HardDistill,Hopper-v4,2
458336,reward,9574,47.16606670858742,62.423,P3O-dyn+AdaReset+HardDistill,Hopper-v4,2
458377,reward,9575,71.7423821059494,63.953,P3O-dyn+AdaReset+HardDistill,Hopper-v4,2
458429,reward,9576,88.44660305143456,67.46,P3O-dyn+AdaReset+HardDistill,Hopper-v4,2
458460,reward,9577,50.95254971870084,64.732,P3O-dyn+AdaReset+HardDistill,Hopper-v4,2
458507,reward,9578,81.58245353369037,67.372,P3O-dyn+AdaReset+HardDistill,Hopper-v4,2
458537,reward,9579,49.559679069637774,64.513,P3O-dyn+AdaReset+HardDistill,Hopper-v4,2
458571,reward,9580,59.0665116488287,60.444,P3O-dyn+AdaReset+HardDistill,Hopper-v4,2
458595,reward,9581,40.611078407284865,58.405,P3O-dyn+AdaReset+HardDistill,Hopper-v4,2
458623,reward,9582,46.26085633380935,58.354,P3O-dyn+AdaReset+HardDistill,Hopper-v4,2
458691,reward,9583,123.11273137344887,65.85,P3O-dyn+AdaReset+HardDistill,Hopper-v4,2
458726,reward,9584,58.78073401999304,67.012,P3O-dyn+AdaReset+HardDistill,Hopper-v4,2
458752,loss,-0.024244530126452446,24.504573822021484,P3O-dyn+AdaReset+HardDistill,Hopper-v4,2
458758,reward,9585,53.181645140689156,65.155,P3O-dyn+AdaReset+HardDistill,Hopper-v4,2
458833,reward,9586,125.07457140961586,68.818,P3O-dyn+AdaReset+HardDistill,Hopper-v4,2
458859,reward,9587,44.28208416242749,68.151,P3O-dyn+AdaReset+HardDistill,Hopper-v4,2
458901,reward,9588,74.55257895052006,67.448,P3O-dyn+AdaReset+HardDistill,Hopper-v4,2
458970,reward,9589,120.3798662822024,74.53,P3O-dyn+AdaReset+HardDistill,Hopper-v4,2
458999,reward,9590,48.78827070880267,73.502,P3O-dyn+AdaReset+HardDistill,Hopper-v4,2
459051,reward,9591,89.14192489381925,78.356,P3O-dyn+AdaReset+HardDistill,Hopper-v4,2
459124,reward,9592,123.2069722944731,86.05,P3O-dyn+AdaReset+HardDistill,Hopper-v4,2
459159,reward,9593,60.467317188752645,79.786,P3O-dyn+AdaReset+HardDistill,Hopper-v4,2
459187,reward,9594,46.55917916552566,78.563,P3O-dyn+AdaReset+HardDistill,Hopper-v4,2
459215,reward,9595,47.88492312352132,78.034,P3O-dyn+AdaReset+HardDistill,Hopper-v4,2
459251,reward,9596,60.46634080375672,71.573,P3O-dyn+AdaReset+HardDistill,Hopper-v4,2
459279,reward,9597,46.64794913158309,71.81,P3O-dyn+AdaReset+HardDistill,Hopper-v4,2
459324,reward,9598,79.33880051603326,72.288,P3O-dyn+AdaReset+HardDistill,Hopper-v4,2
459352,reward,9599,47.813867689121594,65.032,P3O-dyn+AdaReset+HardDistill,Hopper-v4,2
459380,reward,9600,48.47463736840905,65.0,P3O-dyn+AdaReset+HardDistill,Hopper-v4,2
459412,reward,9601,53.66875959772429,61.453,P3O-dyn+AdaReset+HardDistill,Hopper-v4,2
459439,reward,9602,45.70084492176039,53.702,P3O-dyn+AdaReset+HardDistill,Hopper-v4,2
459509,reward,9603,121.73651746975995,59.829,P3O-dyn+AdaReset+HardDistill,Hopper-v4,2
459538,reward,9604,50.16771861470919,60.19,P3O-dyn+AdaReset+HardDistill,Hopper-v4,2
459590,reward,9605,92.38789978631748,64.64,P3O-dyn+AdaReset+HardDistill,Hopper-v4,2
459619,reward,9606,48.164495557036936,63.41,P3O-dyn+AdaReset+HardDistill,Hopper-v4,2
459649,reward,9607,49.76348517160654,63.722,P3O-dyn+AdaReset+HardDistill,Hopper-v4,2
459677,reward,9608,46.54201179290772,60.442,P3O-dyn+AdaReset+HardDistill,Hopper-v4,2
459701,reward,9609,40.63521104501432,59.724,P3O-dyn+AdaReset+HardDistill,Hopper-v4,2
459732,reward,9610,53.05942156981821,60.183,P3O-dyn+AdaReset+HardDistill,Hopper-v4,2
459788,reward,9611,93.3353591891192,64.149,P3O-dyn+AdaReset+HardDistill,Hopper-v4,2
459816,reward,9612,47.40125079600627,64.319,P3O-dyn+AdaReset+HardDistill,Hopper-v4,2
459855,reward,9613,67.50358032952043,58.896,P3O-dyn+AdaReset+HardDistill,Hopper-v4,2
459963,reward,9614,175.58621109314416,71.438,P3O-dyn+AdaReset+HardDistill,Hopper-v4,2
460000,speed,1981.95,3.77,P3O-dyn+AdaReset+HardDistill,Hopper-v4,2
460020,reward,9615,98.20887379925075,72.02,P3O-dyn+AdaReset+HardDistill,Hopper-v4,2
460049,reward,9616,49.32017504239949,72.136,P3O-dyn+AdaReset+HardDistill,Hopper-v4,2
460082,reward,9617,56.90230927753248,72.849,P3O-dyn+AdaReset+HardDistill,Hopper-v4,2
460109,reward,9618,45.27107730415202,72.722,P3O-dyn+AdaReset+HardDistill,Hopper-v4,2
460149,reward,9619,69.95871410418623,75.655,P3O-dyn+AdaReset+HardDistill,Hopper-v4,2
460179,reward,9620,49.033065045856524,75.252,P3O-dyn+AdaReset+HardDistill,Hopper-v4,2
460250,reward,9621,124.16936460235101,78.335,P3O-dyn+AdaReset+HardDistill,Hopper-v4,2
460290,reward,9622,64.3227910581701,80.028,P3O-dyn+AdaReset+HardDistill,Hopper-v4,2
460317,reward,9623,45.37679608043905,77.815,P3O-dyn+AdaReset+HardDistill,Hopper-v4,2
460352,reward,9624,59.40933289019808,66.197,P3O-dyn+AdaReset+HardDistill,Hopper-v4,2
460377,reward,9625,42.82847743882645,60.659,P3O-dyn+AdaReset+HardDistill,Hopper-v4,2
460400,reward,9626,39.39407529119193,59.667,P3O-dyn+AdaReset+HardDistill,Hopper-v4,2
460434,reward,9627,58.60562647165167,59.837,P3O-dyn+AdaReset+HardDistill,Hopper-v4,2
460462,reward,9628,47.84230169712411,60.094,P3O-dyn+AdaReset+HardDistill,Hopper-v4,2
460488,reward,9629,44.00490397313887,57.499,P3O-dyn+AdaReset+HardDistill,Hopper-v4,2
460524,reward,9630,51.72971208598266,57.768,P3O-dyn+AdaReset+HardDistill,Hopper-v4,2
460568,reward,9631,74.8663783197228,52.838,P3O-dyn+AdaReset+HardDistill,Hopper-v4,2
460625,reward,9632,73.12867399552647,53.719,P3O-dyn+AdaReset+HardDistill,Hopper-v4,2
460666,reward,9633,62.98250564005084,55.479,P3O-dyn+AdaReset+HardDistill,Hopper-v4,2
460695,reward,9634,48.255806289168845,54.364,P3O-dyn+AdaReset+HardDistill,Hopper-v4,2
460720,reward,9635,42.90275583680023,54.371,P3O-dyn+AdaReset+HardDistill,Hopper-v4,2
460747,reward,9636,45.95750307410894,55.028,P3O-dyn+AdaReset+HardDistill,Hopper-v4,2
460810,reward,9637,64.87470724396753,55.655,P3O-dyn+AdaReset+HardDistill,Hopper-v4,2
460838,reward,9638,48.623031958842425,55.733,P3O-dyn+AdaReset+HardDistill,Hopper-v4,2
460872,reward,9639,57.51037304808464,57.083,P3O-dyn+AdaReset+HardDistill,Hopper-v4,2
460903,reward,9640,52.14137310492107,57.124,P3O-dyn+AdaReset+HardDistill,Hopper-v4,2
460939,reward,9641,64.0753634355053,56.045,P3O-dyn+AdaReset+HardDistill,Hopper-v4,2
461001,reward,9642,106.07610534674156,59.34,P3O-dyn+AdaReset+HardDistill,Hopper-v4,2
461062,reward,9643,75.16034760664087,60.558,P3O-dyn+AdaReset+HardDistill,Hopper-v4,2
461108,reward,9644,78.7072349233358,63.603,P3O-dyn+AdaReset+HardDistill,Hopper-v4,2
461135,reward,9645,45.37826641880644,63.85,P3O-dyn+AdaReset+HardDistill,Hopper-v4,2
461167,reward,9646,52.398643643643,64.495,P3O-dyn+AdaReset+HardDistill,Hopper-v4,2
461198,reward,9647,53.52613808114163,63.36,P3O-dyn+AdaReset+HardDistill,Hopper-v4,2
461226,reward,9648,47.88474441058207,63.286,P3O-dyn+AdaReset+HardDistill,Hopper-v4,2
461264,reward,9649,64.91245899399263,64.026,P3O-dyn+AdaReset+HardDistill,Hopper-v4,2
461291,reward,9650,46.30589568281427,63.443,P3O-dyn+AdaReset+HardDistill,Hopper-v4,2
461317,reward,9651,44.35967058199025,61.471,P3O-dyn+AdaReset+HardDistill,Hopper-v4,2
461360,reward,9652,73.59912805582016,58.223,P3O-dyn+AdaReset+HardDistill,Hopper-v4,2
461415,reward,9653,93.5136572464289,60.059,P3O-dyn+AdaReset+HardDistill,Hopper-v4,2
461451,reward,9654,61.05772102871207,58.294,P3O-dyn+AdaReset+HardDistill,Hopper-v4,2
461509,reward,9655,99.87325680543367,63.743,P3O-dyn+AdaReset+HardDistill,Hopper-v4,2
461552,reward,9656,75.16069873813775,66.019,P3O-dyn+AdaReset+HardDistill,Hopper-v4,2
461583,reward,9657,50.78910083364767,65.746,P3O-dyn+AdaReset+HardDistill,Hopper-v4,2
461612,reward,9658,47.65591159230187,65.723,P3O-dyn+AdaReset+HardDistill,Hopper-v4,2
461670,reward,9659,100.04737235384893,69.236,P3O-dyn+AdaReset+HardDistill,Hopper-v4,2
461710,reward,9660,67.00395132641728,71.306,P3O-dyn+AdaReset+HardDistill,Hopper-v4,2
461735,reward,9661,43.618903141815096,71.232,P3O-dyn+AdaReset+HardDistill,Hopper-v4,2
461770,reward,9662,59.38576571956697,69.811,P3O-dyn+AdaReset+HardDistill,Hopper-v4,2
461795,reward,9663,43.494505350357585,64.809,P3O-dyn+AdaReset+HardDistill,Hopper-v4,2
461826,reward,9664,51.62283361303413,63.865,P3O-dyn+AdaReset+HardDistill,Hopper-v4,2
461854,reward,9665,46.20494374663394,58.498,P3O-dyn+AdaReset+HardDistill,Hopper-v4,2
461884,reward,9666,49.189981944497084,55.901,P3O-dyn+AdaReset+HardDistill,Hopper-v4,2
461949,reward,9667,115.37082585633674,62.359,P3O-dyn+AdaReset+HardDistill,Hopper-v4,2
461988,reward,9668,62.93065098167945,63.887,P3O-dyn+AdaReset+HardDistill,Hopper-v4,2
462016,reward,9669,47.85711277370452,58.668,P3O-dyn+AdaReset+HardDistill,Hopper-v4,2
462046,reward,9670,46.65908710655249,56.633,P3O-dyn+AdaReset+HardDistill,Hopper-v4,2
462075,reward,9671,47.57534942560955,57.029,P3O-dyn+AdaReset+HardDistill,Hopper-v4,2
462103,reward,9672,46.633087006147335,55.754,P3O-dyn+AdaReset+HardDistill,Hopper-v4,2
462133,reward,9673,51.24524880428644,56.529,P3O-dyn+AdaReset+HardDistill,Hopper-v4,2
462168,reward,9674,57.32790266243915,57.099,P3O-dyn+AdaReset+HardDistill,Hopper-v4,2
462197,reward,9675,49.72003860010035,57.451,P3O-dyn+AdaReset+HardDistill,Hopper-v4,2
462244,reward,9676,78.8279410531806,60.415,P3O-dyn+AdaReset+HardDistill,Hopper-v4,2
462307,reward,9677,112.45661945741429,60.123,P3O-dyn+AdaReset+HardDistill,Hopper-v4,2
462335,reward,9678,46.71441544618845,58.502,P3O-dyn+AdaReset+HardDistill,Hopper-v4,2
462365,reward,9679,50.19698656170082,58.736,P3O-dyn+AdaReset+HardDistill,Hopper-v4,2
462411,reward,9680,79.46571211686808,62.016,P3O-dyn+AdaReset+HardDistill,Hopper-v4,2
462436,reward,9681,42.82658509794409,61.541,P3O-dyn+AdaReset+HardDistill,Hopper-v4,2
462463,reward,9682,46.15223348602429,61.493,P3O-dyn+AdaReset+HardDistill,Hopper-v4,2
462493,reward,9683,50.22713645479458,61.392,P3O-dyn+AdaReset+HardDistill,Hopper-v4,2
462518,reward,9684,42.90212282549518,59.949,P3O-dyn+AdaReset+HardDistill,Hopper-v4,2
462547,reward,9685,48.44606745895826,59.822,P3O-dyn+AdaReset+HardDistill,Hopper-v4,2
462572,reward,9686,43.263800490780994,56.265,P3O-dyn+AdaReset+HardDistill,Hopper-v4,2
462600,reward,9687,48.4494859532295,49.864,P3O-dyn+AdaReset+HardDistill,Hopper-v4,2
462632,reward,9688,52.50712404290845,50.444,P3O-dyn+AdaReset+HardDistill,Hopper-v4,2
462660,reward,9689,47.780869749652375,50.202,P3O-dyn+AdaReset+HardDistill,Hopper-v4,2
462706,reward,9690,80.07123472093329,50.263,P3O-dyn+AdaReset+HardDistill,Hopper-v4,2
462740,reward,9691,59.41376100572136,51.921,P3O-dyn+AdaReset+HardDistill,Hopper-v4,2
462768,reward,9692,46.623120290929364,51.968,P3O-dyn+AdaReset+HardDistill,Hopper-v4,2
462835,reward,9693,122.45034812518315,59.191,P3O-dyn+AdaReset+HardDistill,Hopper-v4,2
462892,reward,9694,98.74183456766926,64.775,P3O-dyn+AdaReset+HardDistill,Hopper-v4,2
462924,reward,9695,55.06720982903009,65.437,P3O-dyn+AdaReset+HardDistill,Hopper-v4,2
462955,reward,9696,53.58119215912732,66.469,P3O-dyn+AdaReset+HardDistill,Hopper-v4,2
462983,reward,9697,47.304975986200404,66.354,P3O-dyn+AdaReset+HardDistill,Hopper-v4,2
463037,reward,9698,92.41447761572529,70.345,P3O-dyn+AdaReset+HardDistill,Hopper-v4,2
463064,reward,9699,46.99417236111949,70.266,P3O-dyn+AdaReset+HardDistill,Hopper-v4,2
463089,reward,9700,42.904232230090315,66.55,P3O-dyn+AdaReset+HardDistill,Hopper-v4,2
463118,reward,9701,48.23221530271486,65.431,P3O-dyn+AdaReset+HardDistill,Hopper-v4,2
463152,reward,9702,58.37485210733686,66.607,P3O-dyn+AdaReset+HardDistill,Hopper-v4,2
463177,reward,9703,43.00760044478803,58.662,P3O-dyn+AdaReset+HardDistill,Hopper-v4,2
463234,reward,9704,97.78927140700476,58.567,P3O-dyn+AdaReset+HardDistill,Hopper-v4,2
463265,reward,9705,52.712900882359,58.332,P3O-dyn+AdaReset+HardDistill,Hopper-v4,2
463291,reward,9706,44.58114089220457,57.432,P3O-dyn+AdaReset+HardDistill,Hopper-v4,2
463318,reward,9707,45.755093873007056,57.277,P3O-dyn+AdaReset+HardDistill,Hopper-v4,2
463346,reward,9708,46.487829311099325,52.684,P3O-dyn+AdaReset+HardDistill,Hopper-v4,2
463374,reward,9709,47.31246083516908,52.716,P3O-dyn+AdaReset+HardDistill,Hopper-v4,2
463408,reward,9710,58.96911327072367,54.322,P3O-dyn+AdaReset+HardDistill,Hopper-v4,2
463442,reward,9711,58.77150301648344,55.376,P3O-dyn+AdaReset+HardDistill,Hopper-v4,2
463511,reward,9712,123.88437366188867,61.927,P3O-dyn+AdaReset+HardDistill,Hopper-v4,2
463535,reward,9713,42.11361290215541,61.838,P3O-dyn+AdaReset+HardDistill,Hopper-v4,2
463564,reward,9714,48.420442442222445,56.901,P3O-dyn+AdaReset+HardDistill,Hopper-v4,2
463591,reward,9715,46.1033707634424,56.24,P3O-dyn+AdaReset+HardDistill,Hopper-v4,2
463624,reward,9716,54.094969766514424,57.191,P3O-dyn+AdaReset+HardDistill,Hopper-v4,2
463672,reward,9717,68.56431753700008,59.472,P3O-dyn+AdaReset+HardDistill,Hopper-v4,2
463730,reward,9718,98.7905149093754,64.702,P3O-dyn+AdaReset+HardDistill,Hopper-v4,2
463761,reward,9719,52.70536122848425,65.242,P3O-dyn+AdaReset+HardDistill,Hopper-v4,2
463789,reward,9720,47.24458279919595,64.069,P3O-dyn+AdaReset+HardDistill,Hopper-v4,2
463818,reward,9721,49.7047812873232,63.163,P3O-dyn+AdaReset+HardDistill,Hopper-v4,2
463846,reward,9722,48.64568052912625,55.639,P3O-dyn+AdaReset+HardDistill,Hopper-v4,2
463878,reward,9723,53.09948991749209,56.737,P3O-dyn+AdaReset+HardDistill,Hopper-v4,2
463932,reward,9724,91.28370692968947,61.024,P3O-dyn+AdaReset+HardDistill,Hopper-v4,2
463963,reward,9725,51.80178121327913,61.594,P3O-dyn+AdaReset+HardDistill,Hopper-v4,2
463989,reward,9726,44.367321295667324,60.621,P3O-dyn+AdaReset+HardDistill,Hopper-v4,2
464020,reward,9727,51.58927279256657,58.923,P3O-dyn+AdaReset+HardDistill,Hopper-v4,2
464048,reward,9728,48.987246120094376,53.943,P3O-dyn+AdaReset+HardDistill,Hopper-v4,2
464078,reward,9729,49.758294284099904,53.648,P3O-dyn+AdaReset+HardDistill,Hopper-v4,2
464110,reward,9730,55.65476860458816,54.489,P3O-dyn+AdaReset+HardDistill,Hopper-v4,2
464178,reward,9731,122.33576717228968,61.752,P3O-dyn+AdaReset+HardDistill,Hopper-v4,2
464205,reward,9732,45.82214267840841,61.47,P3O-dyn+AdaReset+HardDistill,Hopper-v4,2
464229,reward,9733,42.104600857235106,60.37,P3O-dyn+AdaReset+HardDistill,Hopper-v4,2
464263,reward,9734,56.8386536743,56.926,P3O-dyn+AdaReset+HardDistill,Hopper-v4,2
464339,reward,9735,127.41546533570794,64.487,P3O-dyn+AdaReset+HardDistill,Hopper-v4,2
464368,reward,9736,47.92393913636879,64.843,P3O-dyn+AdaReset+HardDistill,Hopper-v4,2
464409,reward,9737,64.45354793659793,66.129,P3O-dyn+AdaReset+HardDistill,Hopper-v4,2
464483,reward,9738,127.57249677025436,73.988,P3O-dyn+AdaReset+HardDistill,Hopper-v4,2
464544,reward,9739,103.24547540280096,79.337,P3O-dyn+AdaReset+HardDistill,Hopper-v4,2
464573,reward,9740,49.346092218501866,78.706,P3O-dyn+AdaReset+HardDistill,Hopper-v4,2
464602,reward,9741,48.440653718437574,71.316,P3O-dyn+AdaReset+HardDistill,Hopper-v4,2
464636,reward,9742,60.62787574945966,72.797,P3O-dyn+AdaReset+HardDistill,Hopper-v4,2
464669,reward,9743,56.599818838006826,74.246,P3O-dyn+AdaReset+HardDistill,Hopper-v4,2
464695,reward,9744,44.38418435924564,73.001,P3O-dyn+AdaReset+HardDistill,Hopper-v4,2
464721,reward,9745,44.37249044087012,64.697,P3O-dyn+AdaReset+HardDistill,Hopper-v4,2
464753,reward,9746,53.23523872806152,65.228,P3O-dyn+AdaReset+HardDistill,Hopper-v4,2
464782,reward,9747,47.87695488823241,63.57,P3O-dyn+AdaReset+HardDistill,Hopper-v4,2
464813,reward,9748,53.92856326010873,56.206,P3O-dyn+AdaReset+HardDistill,Hopper-v4,2
464845,reward,9749,55.809495917598234,51.462,P3O-dyn+AdaReset+HardDistill,Hopper-v4,2
464901,reward,9750,97.5757677527901,56.285,P3O-dyn+AdaReset+HardDistill,Hopper-v4,2
464933,reward,9751,56.26610461904783,57.068,P3O-dyn+AdaReset+HardDistill,Hopper-v4,2
464961,reward,9752,48.28947022572762,55.834,P3O-dyn+AdaReset+HardDistill,Hopper-v4,2
465036,reward,9753,128.59752462481867,63.034,P3O-dyn+AdaReset+HardDistill,Hopper-v4,2
465063,reward,9754,45.42119214651057,63.137,P3O-dyn+AdaReset+HardDistill,Hopper-v4,2
465108,reward,9755,76.21542406947424,66.322,P3O-dyn+AdaReset+HardDistill,Hopper-v4,2
465151,reward,9756,74.19679953816018,68.418,P3O-dyn+AdaReset+HardDistill,Hopper-v4,2
465202,reward,9757,88.6297317217842,72.493,P3O-dyn+AdaReset+HardDistill,Hopper-v4,2
465228,reward,9758,44.47450791097241,71.548,P3O-dyn+AdaReset+HardDistill,Hopper-v4,2
465265,reward,9759,62.0469461843643,72.171,P3O-dyn+AdaReset+HardDistill,Hopper-v4,2
465294,reward,9760,51.06245997136169,67.52,P3O-dyn+AdaReset+HardDistill,Hopper-v4,2
465357,reward,9761,111.96401348571301,73.09,P3O-dyn+AdaReset+HardDistill,Hopper-v4,2
465416,reward,9762,100.36351792597075,78.297,P3O-dyn+AdaReset+HardDistill,Hopper-v4,2
465442,reward,9763,44.21528685727631,69.859,P3O-dyn+AdaReset+HardDistill,Hopper-v4,2
465469,reward,9764,45.040365816659914,69.821,P3O-dyn+AdaReset+HardDistill,Hopper-v4,2
465514,reward,9765,76.11599533147515,69.811,P3O-dyn+AdaReset+HardDistill,Hopper-v4,2
465542,reward,9766,48.16705518890645,67.208,P3O-dyn+AdaReset+HardDistill,Hopper-v4,2
465567,reward,9767,41.928144173601666,62.538,P3O-dyn+AdaReset+HardDistill,Hopper-v4,2
465595,reward,9768,46.80738327708477,62.771,P3O-dyn+AdaReset+HardDistill,Hopper-v4,2
465624,reward,9769,48.40720776575773,61.407,P3O-dyn+AdaReset+HardDistill,Hopper-v4,2
465690,reward,9770,114.86609760879617,67.788,P3O-dyn+AdaReset+HardDistill,Hopper-v4,2
465740,reward,9771,84.934792324144,65.085,P3O-dyn+AdaReset+HardDistill,Hopper-v4,2
465767,reward,9772,44.328886971477445,59.481,P3O-dyn+AdaReset+HardDistill,Hopper-v4,2
465795,reward,9773,45.20896447627941,59.58,P3O-dyn+AdaReset+HardDistill,Hopper-v4,2
465822,reward,9774,46.286154742107314,59.705,P3O-dyn+AdaReset+HardDistill,Hopper-v4,2
465850,reward,9775,46.971223329127014,56.791,P3O-dyn+AdaReset+HardDistill,Hopper-v4,2
465897,reward,9776,82.08417796415151,60.182,P3O-dyn+AdaReset+HardDistill,Hopper-v4,2
465950,reward,9777,91.03828361653845,65.093,P3O-dyn+AdaReset+HardDistill,Hopper-v4,2
465975,reward,9778,42.980665139309245,64.711,P3O-dyn+AdaReset+HardDistill,Hopper-v4,2
466021,reward,9779,77.88771812199084,67.659,P3O-dyn+AdaReset+HardDistill,Hopper-v4,2
466048,reward,9780,45.57902057620324,60.73,P3O-dyn+AdaReset+HardDistill,Hopper-v4,2
466074,reward,9781,43.80269176417789,56.617,P3O-dyn+AdaReset+HardDistill,Hopper-v4,2
466102,reward,9782,47.46307820364807,56.93,P3O-dyn+AdaReset+HardDistill,Hopper-v4,2
466127,reward,9783,43.355413219458946,56.745,P3O-dyn+AdaReset+HardDistill,Hopper-v4,2
466154,reward,9784,46.754154570376286,56.792,P3O-dyn+AdaReset+HardDistill,Hopper-v4,2
466239,reward,9785,150.29430879903606,67.124,P3O-dyn+AdaReset+HardDistill,Hopper-v4,2
466294,reward,9786,93.70717333328227,68.286,P3O-dyn+AdaReset+HardDistill,Hopper-v4,2
466321,reward,9787,46.47434659209216,63.83,P3O-dyn+AdaReset+HardDistill,Hopper-v4,2
466354,reward,9788,55.084652298970745,65.04,P3O-dyn+AdaReset+HardDistill,Hopper-v4,2
466380,reward,9789,44.81197406317825,61.733,P3O-dyn+AdaReset+HardDistill,Hopper-v4,2
466412,reward,9790,55.928658729087466,62.768,P3O-dyn+AdaReset+HardDistill,Hopper-v4,2
466439,reward,9791,45.752456271376495,62.963,P3O-dyn+AdaReset+HardDistill,Hopper-v4,2
466467,reward,9792,47.78731552379398,62.995,P3O-dyn+AdaReset+HardDistill,Hopper-v4,2
466521,reward,9793,93.23896415546064,67.983,P3O-dyn+AdaReset+HardDistill,Hopper-v4,2
466553,reward,9794,54.83926340358457,68.792,P3O-dyn+AdaReset+HardDistill,Hopper-v4,2
466587,reward,9795,58.593063092552846,59.622,P3O-dyn+AdaReset+HardDistill,Hopper-v4,2
466617,reward,9796,51.14236682918261,55.365,P3O-dyn+AdaReset+HardDistill,Hopper-v4,2
466688,reward,9797,120.18727543108616,62.737,P3O-dyn+AdaReset+HardDistill,Hopper-v4,2
466739,reward,9798,74.27989644393256,64.656,P3O-dyn+AdaReset+HardDistill,Hopper-v4,2
466771,reward,9799,54.29849106775033,65.605,P3O-dyn+AdaReset+HardDistill,Hopper-v4,2
466823,reward,9800,88.15300799022225,68.827,P3O-dyn+AdaReset+HardDistill,Hopper-v4,2
466851,reward,9801,47.00911595521692,68.953,P3O-dyn+AdaReset+HardDistill,Hopper-v4,2
466880,reward,9802,45.748585883253554,68.749,P3O-dyn+AdaReset+HardDistill,Hopper-v4,2
466920,reward,9803,68.44818874005438,66.27,P3O-dyn+AdaReset+HardDistill,Hopper-v4,2
466944,loss,-0.011947423219680786,38.73426818847656,P3O-dyn+AdaReset+HardDistill,Hopper-v4,2
466949,reward,9804,48.836443190865815,65.67,P3O-dyn+AdaReset+HardDistill,Hopper-v4,2
466976,reward,9805,45.06991707049439,64.317,P3O-dyn+AdaReset+HardDistill,Hopper-v4,2
467004,reward,9806,47.59631945546409,63.963,P3O-dyn+AdaReset+HardDistill,Hopper-v4,2
467040,reward,9807,62.47687506646188,58.192,P3O-dyn+AdaReset+HardDistill,Hopper-v4,2
467064,reward,9808,41.787822655971254,54.942,P3O-dyn+AdaReset+HardDistill,Hopper-v4,2
467091,reward,9809,46.70495858423537,54.183,P3O-dyn+AdaReset+HardDistill,Hopper-v4,2
467116,reward,9810,42.23810929998139,49.592,P3O-dyn+AdaReset+HardDistill,Hopper-v4,2
467146,reward,9811,51.54951333619205,50.046,P3O-dyn+AdaReset+HardDistill,Hopper-v4,2
467174,reward,9812,49.50989473522706,50.422,P3O-dyn+AdaReset+HardDistill,Hopper-v4,2
467200,reward,9813,44.62327690038232,48.039,P3O-dyn+AdaReset+HardDistill,Hopper-v4,2
467245,reward,9814,79.86708371661716,51.142,P3O-dyn+AdaReset+HardDistill,Hopper-v4,2
467283,reward,9815,63.03099063430501,52.938,P3O-dyn+AdaReset+HardDistill,Hopper-v4,2
467347,reward,9816,126.3311235623392,60.812,P3O-dyn+AdaReset+HardDistill,Hopper-v4,2
467387,reward,9817,68.98650250398427,61.463,P3O-dyn+AdaReset+HardDistill,Hopper-v4,2
467418,reward,9818,52.78118695709181,62.562,P3O-dyn+AdaReset+HardDistill,Hopper-v4,2
467443,reward,9819,42.746565561221026,62.166,P3O-dyn+AdaReset+HardDistill,Hopper-v4,2
467481,reward,9820,67.17984547865386,64.661,P3O-dyn+AdaReset+HardDistill,Hopper-v4,2
467507,reward,9821,44.2549955941183,63.931,P3O-dyn+AdaReset+HardDistill,Hopper-v4,2
467541,reward,9822,57.93430262807333,64.774,P3O-dyn+AdaReset+HardDistill,Hopper-v4,2
467574,reward,9823,57.76104294998285,66.087,P3O-dyn+AdaReset+HardDistill,Hopper-v4,2
467602,reward,9824,47.043888672749375,62.805,P3O-dyn+AdaReset+HardDistill,Hopper-v4,2
467653,reward,9825,88.21542260188811,65.323,P3O-dyn+AdaReset+HardDistill,Hopper-v4,2
467682,reward,9826,48.86909367769818,57.577,P3O-dyn+AdaReset+HardDistill,Hopper-v4,2
467738,reward,9827,94.34522978831268,60.113,P3O-dyn+AdaReset+HardDistill,Hopper-v4,2
467763,reward,9828,43.44597413955295,59.18,P3O-dyn+AdaReset+HardDistill,Hopper-v4,2
467796,reward,9829,57.76300504067589,60.681,P3O-dyn+AdaReset+HardDistill,Hopper-v4,2
467824,reward,9830,48.33686960688221,58.797,P3O-dyn+AdaReset+HardDistill,Hopper-v4,2
467850,reward,9831,44.61576159145228,58.833,P3O-dyn+AdaReset+HardDistill,Hopper-v4,2
467881,reward,9832,52.39024555901908,58.279,P3O-dyn+AdaReset+HardDistill,Hopper-v4,2
467914,reward,9833,54.79201018557276,57.982,P3O-dyn+AdaReset+HardDistill,Hopper-v4,2
467943,reward,9834,50.54930277077156,58.332,P3O-dyn+AdaReset+HardDistill,Hopper-v4,2
467970,reward,9835,46.97106843888225,54.208,P3O-dyn+AdaReset+HardDistill,Hopper-v4,2
468008,reward,9836,65.53486608573269,55.874,P3O-dyn+AdaReset+HardDistill,Hopper-v4,2
468066,reward,9837,99.00423190532466,56.34,P3O-dyn+AdaReset+HardDistill,Hopper-v4,2
468098,reward,9838,54.27479740299271,57.423,P3O-dyn+AdaReset+HardDistill,Hopper-v4,2
468160,reward,9839,116.45272151674118,63.292,P3O-dyn+AdaReset+HardDistill,Hopper-v4,2
468194,reward,9840,59.158404736589304,64.374,P3O-dyn+AdaReset+HardDistill,Hopper-v4,2
468225,reward,9841,51.21988586125426,65.035,P3O-dyn+AdaReset+HardDistill,Hopper-v4,2
468256,reward,9842,52.45753073928111,65.041,P3O-dyn+AdaReset+HardDistill,Hopper-v4,2
468291,reward,9843,61.02151807728326,65.664,P3O-dyn+AdaReset+HardDistill,Hopper-v4,2
468320,reward,9844,47.65342294649385,65.375,P3O-dyn+AdaReset+HardDistill,Hopper-v4,2
468347,reward,9845,45.262567685549776,65.204,P3O-dyn+AdaReset+HardDistill,Hopper-v4,2
468381,reward,9846,57.939668129764975,64.444,P3O-dyn+AdaReset+HardDistill,Hopper-v4,2
468428,reward,9847,81.48500349198346,62.693,P3O-dyn+AdaReset+HardDistill,Hopper-v4,2
468456,reward,9848,47.87928839652425,62.053,P3O-dyn+AdaReset+HardDistill,Hopper-v4,2
468503,reward,9849,78.96973713744732,58.305,P3O-dyn+AdaReset+HardDistill,Hopper-v4,2
468533,reward,9850,50.876875359032226,57.477,P3O-dyn+AdaReset+HardDistill,Hopper-v4,2
468564,reward,9851,53.12219961640367,57.667,P3O-dyn+AdaReset+HardDistill,Hopper-v4,2
468611,reward,9852,68.8738392402836,59.308,P3O-dyn+AdaReset+HardDistill,Hopper-v4,2
468643,reward,9853,54.30115201372728,58.636,P3O-dyn+AdaReset+HardDistill,Hopper-v4,2
468674,reward,9854,53.657429128791726,59.237,P3O-dyn+AdaReset+HardDistill,Hopper-v4,2
468702,reward,9855,47.8759101741964,59.498,P3O-dyn+AdaReset+HardDistill,Hopper-v4,2
468731,reward,9856,49.004938177253436,58.605,P3O-dyn+AdaReset+HardDistill,Hopper-v4,2
468759,reward,9857,47.22445799327965,55.179,P3O-dyn+AdaReset+HardDistill,Hopper-v4,2
468785,reward,9858,44.863227413218546,54.877,P3O-dyn+AdaReset+HardDistill,Hopper-v4,2
468813,reward,9859,46.605438393590596,51.641,P3O-dyn+AdaReset+HardDistill,Hopper-v4,2
468866,reward,9860,92.35213944110798,55.788,P3O-dyn+AdaReset+HardDistill,Hopper-v4,2
468905,reward,9861,68.27738734339846,57.304,P3O-dyn+AdaReset+HardDistill,Hopper-v4,2
468939,reward,9862,58.47923937675272,56.264,P3O-dyn+AdaReset+HardDistill,Hopper-v4,2
468967,reward,9863,48.231979848902924,55.657,P3O-dyn+AdaReset+HardDistill,Hopper-v4,2
468998,reward,9864,52.56600731197104,55.548,P3O-dyn+AdaReset+HardDistill,Hopper-v4,2
469027,reward,9865,49.214915223209665,55.682,P3O-dyn+AdaReset+HardDistill,Hopper-v4,2
469060,reward,9866,56.74185408349832,56.456,P3O-dyn+AdaReset+HardDistill,Hopper-v4,2
469093,reward,9867,54.98005913052327,57.231,P3O-dyn+AdaReset+HardDistill,Hopper-v4,2
469129,reward,9868,60.704700190518714,58.815,P3O-dyn+AdaReset+HardDistill,Hopper-v4,2
469177,reward,9869,84.92160767909174,62.647,P3O-dyn+AdaReset+HardDistill,Hopper-v4,2
469206,reward,9870,48.28892404196303,58.241,P3O-dyn+AdaReset+HardDistill,Hopper-v4,2
469233,reward,9871,45.937446817065414,56.007,P3O-dyn+AdaReset+HardDistill,Hopper-v4,2
469260,reward,9872,45.53363544492621,54.712,P3O-dyn+AdaReset+HardDistill,Hopper-v4,2
469286,reward,9873,44.21867043485064,54.311,P3O-dyn+AdaReset+HardDistill,Hopper-v4,2
469314,reward,9874,47.47267259347617,53.801,P3O-dyn+AdaReset+HardDistill,Hopper-v4,2
469339,reward,9875,42.46176379954518,53.126,P3O-dyn+AdaReset+HardDistill,Hopper-v4,2
469373,reward,9876,60.77727431769422,53.53,P3O-dyn+AdaReset+HardDistill,Hopper-v4,2
469403,reward,9877,50.2689479877804,53.059,P3O-dyn+AdaReset+HardDistill,Hopper-v4,2
469483,reward,9878,150.04653849311362,61.993,P3O-dyn+AdaReset+HardDistill,Hopper-v4,2
469517,reward,9879,53.55012559497095,58.856,P3O-dyn+AdaReset+HardDistill,Hopper-v4,2
469546,reward,9880,49.09492561685855,58.936,P3O-dyn+AdaReset+HardDistill,Hopper-v4,2
469592,reward,9881,78.55088497791247,62.198,P3O-dyn+AdaReset+HardDistill,Hopper-v4,2
469643,reward,9882,86.97789072570484,66.342,P3O-dyn+AdaReset+HardDistill,Hopper-v4,2
469718,reward,9883,105.33924768061554,72.454,P3O-dyn+AdaReset+HardDistill,Hopper-v4,2
469757,reward,9884,67.05709439964386,74.412,P3O-dyn+AdaReset+HardDistill,Hopper-v4,2
469781,reward,9885,40.92291573576475,74.259,P3O-dyn+AdaReset+HardDistill,Hopper-v4,2
469819,reward,9886,62.85586715285448,74.466,P3O-dyn+AdaReset+HardDistill,Hopper-v4,2
469860,reward,9887,59.24138453471889,75.364,P3O-dyn+AdaReset+HardDistill,Hopper-v4,2
469895,reward,9888,61.969307869198396,66.556,P3O-dyn+AdaReset+HardDistill,Hopper-v4,2
469922,reward,9889,46.4697060039584,65.848,P3O-dyn+AdaReset+HardDistill,Hopper-v4,2
469959,reward,9890,61.83893200900585,67.122,P3O-dyn+AdaReset+HardDistill,Hopper-v4,2
469989,reward,9891,52.02045265258552,64.469,P3O-dyn+AdaReset+HardDistill,Hopper-v4,2
470000,speed,2026.94,3.85,P3O-dyn+AdaReset+HardDistill,Hopper-v4,2
470018,reward,9892,49.14759078681849,60.686,P3O-dyn+AdaReset+HardDistill,Hopper-v4,2
470043,reward,9893,42.2930997811451,54.382,P3O-dyn+AdaReset+HardDistill,Hopper-v4,2
470073,reward,9894,51.4755635523901,52.823,P3O-dyn+AdaReset+HardDistill,Hopper-v4,2
470104,reward,9895,52.10959455759655,53.942,P3O-dyn+AdaReset+HardDistill,Hopper-v4,2
470130,reward,9896,44.647203820652805,52.121,P3O-dyn+AdaReset+HardDistill,Hopper-v4,2
470162,reward,9897,54.20931124179891,51.618,P3O-dyn+AdaReset+HardDistill,Hopper-v4,2
470190,reward,9898,47.12870701116209,50.134,P3O-dyn+AdaReset+HardDistill,Hopper-v4,2
470218,reward,9899,46.224653164580886,50.11,P3O-dyn+AdaReset+HardDistill,Hopper-v4,2
470273,reward,9900,92.75931137692415,53.202,P3O-dyn+AdaReset+HardDistill,Hopper-v4,2
470302,reward,9901,47.960520742197666,52.796,P3O-dyn+AdaReset+HardDistill,Hopper-v4,2
470333,reward,9902,53.894175269097545,53.27,P3O-dyn+AdaReset+HardDistill,Hopper-v4,2
470359,reward,9903,44.57008371965313,53.498,P3O-dyn+AdaReset+HardDistill,Hopper-v4,2
470386,reward,9904,45.80049372526368,52.93,P3O-dyn+AdaReset+HardDistill,Hopper-v4,2
470414,reward,9905,48.48997915793049,52.568,P3O-dyn+AdaReset+HardDistill,Hopper-v4,2
470442,reward,9906,48.26482621320754,52.93,P3O-dyn+AdaReset+HardDistill,Hopper-v4,2
470481,reward,9907,66.14130777886501,54.123,P3O-dyn+AdaReset+HardDistill,Hopper-v4,2
470519,reward,9908,67.72303051639648,56.183,P3O-dyn+AdaReset+HardDistill,Hopper-v4,2
470548,reward,9909,47.20115563635823,56.28,P3O-dyn+AdaReset+HardDistill,Hopper-v4,2
470578,reward,9910,50.95797871564183,52.1,P3O-dyn+AdaReset+HardDistill,Hopper-v4,2
470620,reward,9911,71.32449037300265,54.437,P3O-dyn+AdaReset+HardDistill,Hopper-v4,2
470671,reward,9912,79.09603349858345,56.957,P3O-dyn+AdaReset+HardDistill,Hopper-v4,2
470719,reward,9913,83.05337570992346,60.805,P3O-dyn+AdaReset+HardDistill,Hopper-v4,2
470748,reward,9914,49.89949801315797,61.215,P3O-dyn+AdaReset+HardDistill,Hopper-v4,2
470781,reward,9915,55.449982731535066,61.911,P3O-dyn+AdaReset+HardDistill,Hopper-v4,2
470813,reward,9916,54.972236924928715,62.582,P3O-dyn+AdaReset+HardDistill,Hopper-v4,2
470847,reward,9917,56.023645651256054,61.57,P3O-dyn+AdaReset+HardDistill,Hopper-v4,2
470878,reward,9918,54.11194443743837,60.209,P3O-dyn+AdaReset+HardDistill,Hopper-v4,2
470906,reward,9919,49.43152686393673,60.432,P3O-dyn+AdaReset+HardDistill,Hopper-v4,2
470932,reward,9920,44.605043240771884,59.797,P3O-dyn+AdaReset+HardDistill,Hopper-v4,2
470974,reward,9921,72.08958827715047,59.873,P3O-dyn+AdaReset+HardDistill,Hopper-v4,2
471004,reward,9922,50.46445268495941,57.01,P3O-dyn+AdaReset+HardDistill,Hopper-v4,2
471077,reward,9923,137.1317765147729,62.418,P3O-dyn+AdaReset+HardDistill,Hopper-v4,2
471120,reward,9924,73.82035954239612,64.81,P3O-dyn+AdaReset+HardDistill,Hopper-v4,2
471150,reward,9925,50.693942590741315,64.334,P3O-dyn+AdaReset+HardDistill,Hopper-v4,2
471177,reward,9926,46.088219272188795,63.446,P3O-dyn+AdaReset+HardDistill,Hopper-v4,2
471206,reward,9927,50.09400870962183,62.853,P3O-dyn+AdaReset+HardDistill,Hopper-v4,2
471235,reward,9928,49.88383515601881,62.43,P3O-dyn+AdaReset+HardDistill,Hopper-v4,2
471266,reward,9929,50.89798458891389,62.577,P3O-dyn+AdaReset+HardDistill,Hopper-v4,2
471315,reward,9930,83.58618076083502,66.475,P3O-dyn+AdaReset+HardDistill,Hopper-v4,2
471341,reward,9931,43.81505024777739,63.648,P3O-dyn+AdaReset+HardDistill,Hopper-v4,2
471376,reward,9932,58.56382278914033,64.458,P3O-dyn+AdaReset+HardDistill,Hopper-v4,2
471405,reward,9933,49.712350744311436,55.716,P3O-dyn+AdaReset+HardDistill,Hopper-v4,2
471434,reward,9934,50.12347082360412,53.346,P3O-dyn+AdaReset+HardDistill,Hopper-v4,2
471466,reward,9935,55.29031410619572,53.806,P3O-dyn+AdaReset+HardDistill,Hopper-v4,2
471494,reward,9936,47.70959075386891,53.968,P3O-dyn+AdaReset+HardDistill,Hopper-v4,2
471561,reward,9937,120.58656250894619,61.017,P3O-dyn+AdaReset+HardDistill,Hopper-v4,2
471592,reward,9938,53.31827694566519,61.36,P3O-dyn+AdaReset+HardDistill,Hopper-v4,2
471620,reward,9939,48.53917492829805,61.124,P3O-dyn+AdaReset+HardDistill,Hopper-v4,2
471652,reward,9940,55.36838789350207,58.303,P3O-dyn+AdaReset+HardDistill,Hopper-v4,2
471678,reward,9941,44.07739880407242,58.329,P3O-dyn+AdaReset+HardDistill,Hopper-v4,2
471702,reward,9942,41.687878960496036,56.641,P3O-dyn+AdaReset+HardDistill,Hopper-v4,2
471737,reward,9943,58.37512084043558,57.508,P3O-dyn+AdaReset+HardDistill,Hopper-v4,2
471765,reward,9944,46.859368099552114,57.181,P3O-dyn+AdaReset+HardDistill,Hopper-v4,2
471789,reward,9945,41.17924098811149,55.77,P3O-dyn+AdaReset+HardDistill,Hopper-v4,2
471825,reward,9946,60.08099249115069,57.007,P3O-dyn+AdaReset+HardDistill,Hopper-v4,2
471853,reward,9947,47.0032923732977,49.649,P3O-dyn+AdaReset+HardDistill,Hopper-v4,2
471888,reward,9948,60.145088885856595,50.332,P3O-dyn+AdaReset+HardDistill,Hopper-v4,2
471937,reward,9949,83.9972817331091,53.877,P3O-dyn+AdaReset+HardDistill,Hopper-v4,2
471966,reward,9950,49.174553388367436,53.258,P3O-dyn+AdaReset+HardDistill,Hopper-v4,2
471994,reward,9951,48.81505537958106,53.732,P3O-dyn+AdaReset+HardDistill,Hopper-v4,2
472024,reward,9952,50.7098525596423,54.634,P3O-dyn+AdaReset+HardDistill,Hopper-v4,2
472050,reward,9953,43.60350104397773,53.157,P3O-dyn+AdaReset+HardDistill,Hopper-v4,2
472086,reward,9954,62.60182847142273,54.731,P3O-dyn+AdaReset+HardDistill,Hopper-v4,2
472114,reward,9955,47.36597490776604,55.35,P3O-dyn+AdaReset+HardDistill,Hopper-v4,2
472147,reward,9956,58.80886373543593,55.223,P3O-dyn+AdaReset+HardDistill,Hopper-v4,2
472173,reward,9957,44.501313936512005,54.972,P3O-dyn+AdaReset+HardDistill,Hopper-v4,2
472228,reward,9958,88.03065476571257,57.761,P3O-dyn+AdaReset+HardDistill,Hopper-v4,2
472287,reward,9959,99.91715419414516,59.353,P3O-dyn+AdaReset+HardDistill,Hopper-v4,2
472323,reward,9960,63.06476923258712,60.742,P3O-dyn+AdaReset+HardDistill,Hopper-v4,2
472349,reward,9961,43.06420143512362,60.167,P3O-dyn+AdaReset+HardDistill,Hopper-v4,2
472377,reward,9962,46.83968751287528,59.78,P3O-dyn+AdaReset+HardDistill,Hopper-v4,2
472417,reward,9963,67.13415622642023,62.133,P3O-dyn+AdaReset+HardDistill,Hopper-v4,2
472466,reward,9964,83.67096195286663,64.24,P3O-dyn+AdaReset+HardDistill,Hopper-v4,2
472498,reward,9965,51.92816304193191,64.696,P3O-dyn+AdaReset+HardDistill,Hopper-v4,2
472527,reward,9966,49.566008005840345,63.772,P3O-dyn+AdaReset+HardDistill,Hopper-v4,2
472552,reward,9967,43.05049735279748,63.627,P3O-dyn+AdaReset+HardDistill,Hopper-v4,2
472580,reward,9968,47.599103742524136,59.583,P3O-dyn+AdaReset+HardDistill,Hopper-v4,2
472625,reward,9969,73.58512477124528,56.95,P3O-dyn+AdaReset+HardDistill,Hopper-v4,2
472653,reward,9970,47.71639159639185,55.415,P3O-dyn+AdaReset+HardDistill,Hopper-v4,2
472684,reward,9971,51.88187484136073,56.297,P3O-dyn+AdaReset+HardDistill,Hopper-v4,2
472709,reward,9972,42.4233984468535,55.856,P3O-dyn+AdaReset+HardDistill,Hopper-v4,2
472739,reward,9973,49.58330490459343,54.1,P3O-dyn+AdaReset+HardDistill,Hopper-v4,2
472776,reward,9974,63.75689795162444,52.109,P3O-dyn+AdaReset+HardDistill,Hopper-v4,2
472803,reward,9975,47.58842937295581,51.675,P3O-dyn+AdaReset+HardDistill,Hopper-v4,2
472858,reward,9976,93.44759156977294,56.063,P3O-dyn+AdaReset+HardDistill,Hopper-v4,2
472910,reward,9977,90.10403802578249,60.769,P3O-dyn+AdaReset+HardDistill,Hopper-v4,2
472945,reward,9978,57.09656862859225,61.718,P3O-dyn+AdaReset+HardDistill,Hopper-v4,2
472989,reward,9979,78.59481306796037,62.219,P3O-dyn+AdaReset+HardDistill,Hopper-v4,2
473023,reward,9980,59.063689656114434,63.354,P3O-dyn+AdaReset+HardDistill,Hopper-v4,2
473052,reward,9981,48.877581155483135,63.054,P3O-dyn+AdaReset+HardDistill,Hopper-v4,2
473083,reward,9982,50.55813333513637,63.867,P3O-dyn+AdaReset+HardDistill,Hopper-v4,2
473125,reward,9983,75.10459414302231,66.419,P3O-dyn+AdaReset+HardDistill,Hopper-v4,2
473159,reward,9984,55.373452282346264,65.581,P3O-dyn+AdaReset+HardDistill,Hopper-v4,2
473196,reward,9985,63.55939003436879,67.178,P3O-dyn+AdaReset+HardDistill,Hopper-v4,2
473225,reward,9986,49.98360792918368,62.832,P3O-dyn+AdaReset+HardDistill,Hopper-v4,2
473254,reward,9987,48.54241550160946,58.675,P3O-dyn+AdaReset+HardDistill,Hopper-v4,2
473283,reward,9988,48.337800793749565,57.8,P3O-dyn+AdaReset+HardDistill,Hopper-v4,2
473315,reward,9989,55.335058257155325,55.474,P3O-dyn+AdaReset+HardDistill,Hopper-v4,2
473344,reward,9990,49.30625772396952,54.498,P3O-dyn+AdaReset+HardDistill,Hopper-v4,2
473389,reward,9991,73.22871188936166,56.933,P3O-dyn+AdaReset+HardDistill,Hopper-v4,2
473416,reward,9992,46.20857338250155,56.498,P3O-dyn+AdaReset+HardDistill,Hopper-v4,2
473469,reward,9993,87.8958410273767,57.777,P3O-dyn+AdaReset+HardDistill,Hopper-v4,2
473498,reward,9994,49.372363577167256,57.177,P3O-dyn+AdaReset+HardDistill,Hopper-v4,2
473539,reward,9995,71.759832367746,57.997,P3O-dyn+AdaReset+HardDistill,Hopper-v4,2
473569,reward,9996,50.35151424979992,58.034,P3O-dyn+AdaReset+HardDistill,Hopper-v4,2
473613,reward,9997,62.23682987672187,59.403,P3O-dyn+AdaReset+HardDistill,Hopper-v4,2
473640,reward,9998,46.11553216575054,59.181,P3O-dyn+AdaReset+HardDistill,Hopper-v4,2
473670,reward,9999,49.54408882673639,58.602,P3O-dyn+AdaReset+HardDistill,Hopper-v4,2
473720,reward,10000,84.95960707415432,62.167,P3O-dyn+AdaReset+HardDistill,Hopper-v4,2
473762,reward,10001,67.37968543271789,61.582,P3O-dyn+AdaReset+HardDistill,Hopper-v4,2
473792,reward,10002,50.765336844896154,62.038,P3O-dyn+AdaReset+HardDistill,Hopper-v4,2
473848,reward,10003,94.42680999527181,62.691,P3O-dyn+AdaReset+HardDistill,Hopper-v4,2
473879,reward,10004,54.45733352409833,63.2,P3O-dyn+AdaReset+HardDistill,Hopper-v4,2
473919,reward,10005,59.34320751044073,61.958,P3O-dyn+AdaReset+HardDistill,Hopper-v4,2
473945,reward,10006,44.37313782813416,61.36,P3O-dyn+AdaReset+HardDistill,Hopper-v4,2
473973,reward,10007,46.70739239839855,59.807,P3O-dyn+AdaReset+HardDistill,Hopper-v4,2
474000,reward,10008,46.16323890805057,59.812,P3O-dyn+AdaReset+HardDistill,Hopper-v4,2
474031,reward,10009,51.09588964296602,59.967,P3O-dyn+AdaReset+HardDistill,Hopper-v4,2
474058,reward,10010,44.513849411156215,55.923,P3O-dyn+AdaReset+HardDistill,Hopper-v4,2
474113,reward,10011,81.74625724685232,57.359,P3O-dyn+AdaReset+HardDistill,Hopper-v4,2
474147,reward,10012,59.50109490880967,58.233,P3O-dyn+AdaReset+HardDistill,Hopper-v4,2
474190,reward,10013,73.07542973273728,56.098,P3O-dyn+AdaReset+HardDistill,Hopper-v4,2
474218,reward,10014,47.29331860195338,55.381,P3O-dyn+AdaReset+HardDistill,Hopper-v4,2
474292,reward,10015,128.87701540745854,62.335,P3O-dyn+AdaReset+HardDistill,Hopper-v4,2
474317,reward,10016,44.24195333768354,62.322,P3O-dyn+AdaReset+HardDistill,Hopper-v4,2
474344,reward,10017,45.80333549482398,62.231,P3O-dyn+AdaReset+HardDistill,Hopper-v4,2
474369,reward,10018,42.59076660175469,61.874,P3O-dyn+AdaReset+HardDistill,Hopper-v4,2
474398,reward,10019,48.69891810174513,61.634,P3O-dyn+AdaReset+HardDistill,Hopper-v4,2
474429,reward,10020,50.674065981692415,62.25,P3O-dyn+AdaReset+HardDistill,Hopper-v4,2
474480,reward,10021,87.69481964656705,62.845,P3O-dyn+AdaReset+HardDistill,Hopper-v4,2
474518,reward,10022,62.82985496831624,63.178,P3O-dyn+AdaReset+HardDistill,Hopper-v4,2
474570,reward,10023,88.98537931331742,64.769,P3O-dyn+AdaReset+HardDistill,Hopper-v4,2
474601,reward,10024,52.372116810371246,65.277,P3O-dyn+AdaReset+HardDistill,Hopper-v4,2
474669,reward,10025,115.87405867210609,63.977,P3O-dyn+AdaReset+HardDistill,Hopper-v4,2
474696,reward,10026,45.549987962248665,64.107,P3O-dyn+AdaReset+HardDistill,Hopper-v4,2
474727,reward,10027,52.52290486965939,64.779,P3O-dyn+AdaReset+HardDistill,Hopper-v4,2
474765,reward,10028,65.48828858124986,67.069,P3O-dyn+AdaReset+HardDistill,Hopper-v4,2
474798,reward,10029,48.75686003344034,67.075,P3O-dyn+AdaReset+HardDistill,Hopper-v4,2
474823,reward,10030,42.502500382511876,66.258,P3O-dyn+AdaReset+HardDistill,Hopper-v4,2
474857,reward,10031,57.119164661345465,63.2,P3O-dyn+AdaReset+HardDistill,Hopper-v4,2
474896,reward,10032,66.22855423619798,63.54,P3O-dyn+AdaReset+HardDistill,Hopper-v4,2
474924,reward,10033,47.56080869319936,59.398,P3O-dyn+AdaReset+HardDistill,Hopper-v4,2
474966,reward,10034,72.59877587305424,61.42,P3O-dyn+AdaReset+HardDistill,Hopper-v4,2
475011,reward,10035,62.40437064314403,56.073,P3O-dyn+AdaReset+HardDistill,Hopper-v4,2
475036,reward,10036,43.248503272404584,55.843,P3O-dyn+AdaReset+HardDistill,Hopper-v4,2
475078,reward,10037,71.19297300913709,57.71,P3O-dyn+AdaReset+HardDistill,Hopper-v4,2
475107,reward,10038,48.29460478178963,55.991,P3O-dyn+AdaReset+HardDistill,Hopper-v4,2
475136,loss,-0.016521144658327103,45.41443634033203,P3O-dyn+AdaReset+HardDistill,Hopper-v4,2
475144,reward,10039,60.83293816633651,57.198,P3O-dyn+AdaReset+HardDistill,Hopper-v4,2
475208,reward,10040,110.89851563052892,64.038,P3O-dyn+AdaReset+HardDistill,Hopper-v4,2
475242,reward,10041,55.07755284503367,63.834,P3O-dyn+AdaReset+HardDistill,Hopper-v4,2
475279,reward,10042,62.953337542255994,63.506,P3O-dyn+AdaReset+HardDistill,Hopper-v4,2
475309,reward,10043,49.757438063655016,63.726,P3O-dyn+AdaReset+HardDistill,Hopper-v4,2
475343,reward,10044,61.391122048067196,62.605,P3O-dyn+AdaReset+HardDistill,Hopper-v4,2
475402,reward,10045,101.8703561157444,66.552,P3O-dyn+AdaReset+HardDistill,Hopper-v4,2
475437,reward,10046,60.22456721850179,68.249,P3O-dyn+AdaReset+HardDistill,Hopper-v4,2
475469,reward,10047,52.860758060080585,66.416,P3O-dyn+AdaReset+HardDistill,Hopper-v4,2
475513,reward,10048,75.04613848734995,69.091,P3O-dyn+AdaReset+HardDistill,Hopper-v4,2
475544,reward,10049,52.62078440464998,68.27,P3O-dyn+AdaReset+HardDistill,Hopper-v4,2
475597,reward,10050,88.39349968202927,66.02,P3O-dyn+AdaReset+HardDistill,Hopper-v4,2
475630,reward,10051,55.48539739492062,66.06,P3O-dyn+AdaReset+HardDistill,Hopper-v4,2
475660,reward,10052,51.01608047481206,64.867,P3O-dyn+AdaReset+HardDistill,Hopper-v4,2
475688,reward,10053,48.82291568135577,64.773,P3O-dyn+AdaReset+HardDistill,Hopper-v4,2
475718,reward,10054,49.86536784816355,63.621,P3O-dyn+AdaReset+HardDistill,Hopper-v4,2
475752,reward,10055,59.00068177861166,59.334,P3O-dyn+AdaReset+HardDistill,Hopper-v4,2
475782,reward,10056,51.176589444501154,58.429,P3O-dyn+AdaReset+HardDistill,Hopper-v4,2
475812,reward,10057,51.3257780210006,58.275,P3O-dyn+AdaReset+HardDistill,Hopper-v4,2
475876,reward,10058,106.53148255474045,61.424,P3O-dyn+AdaReset+HardDistill,Hopper-v4,2
475908,reward,10059,55.61467732970283,61.723,P3O-dyn+AdaReset+HardDistill,Hopper-v4,2
475968,reward,10060,105.6539049990364,63.449,P3O-dyn+AdaReset+HardDistill,Hopper-v4,2
476011,reward,10061,74.03914489233203,65.305,P3O-dyn+AdaReset+HardDistill,Hopper-v4,2
476057,reward,10062,79.7049750601147,68.174,P3O-dyn+AdaReset+HardDistill,Hopper-v4,2
476085,reward,10063,47.16548416801321,68.008,P3O-dyn+AdaReset+HardDistill,Hopper-v4,2
476119,reward,10064,57.46635071597094,68.768,P3O-dyn+AdaReset+HardDistill,Hopper-v4,2
476145,reward,10065,43.88868757554967,67.257,P3O-dyn+AdaReset+HardDistill,Hopper-v4,2
476202,reward,10066,96.2397685700636,71.763,P3O-dyn+AdaReset+HardDistill,Hopper-v4,2
476267,reward,10067,114.82692741307771,78.113,P3O-dyn+AdaReset+HardDistill,Hopper-v4,2
476293,reward,10068,44.38305932031371,71.898,P3O-dyn+AdaReset+HardDistill,Hopper-v4,2
476322,reward,10069,50.96368145958369,71.433,P3O-dyn+AdaReset+HardDistill,Hopper-v4,2
476377,reward,10070,82.09597841189617,69.077,P3O-dyn+AdaReset+HardDistill,Hopper-v4,2
476407,reward,10071,53.81102536009651,67.055,P3O-dyn+AdaReset+HardDistill,Hopper-v4,2
476434,reward,10072,46.08323750691062,63.692,P3O-dyn+AdaReset+HardDistill,Hopper-v4,2
476464,reward,10073,50.992630330258315,64.075,P3O-dyn+AdaReset+HardDistill,Hopper-v4,2
476493,reward,10074,48.34940373557864,63.163,P3O-dyn+AdaReset+HardDistill,Hopper-v4,2
476524,reward,10075,51.20868359480828,63.895,P3O-dyn+AdaReset+HardDistill,Hopper-v4,2
476549,reward,10076,43.962934361225834,58.668,P3O-dyn+AdaReset+HardDistill,Hopper-v4,2
476584,reward,10077,54.40494974172733,52.626,P3O-dyn+AdaReset+HardDistill,Hopper-v4,2
476612,reward,10078,46.72842115676177,52.86,P3O-dyn+AdaReset+HardDistill,Hopper-v4,2
476649,reward,10079,64.75169331119143,54.239,P3O-dyn+AdaReset+HardDistill,Hopper-v4,2
476714,reward,10080,115.25937406924717,57.555,P3O-dyn+AdaReset+HardDistill,Hopper-v4,2
476747,reward,10081,50.395093001033835,57.214,P3O-dyn+AdaReset+HardDistill,Hopper-v4,2
476780,reward,10082,57.042701816810876,58.31,P3O-dyn+AdaReset+HardDistill,Hopper-v4,2
476806,reward,10083,43.64196798352853,57.575,P3O-dyn+AdaReset+HardDistill,Hopper-v4,2
476839,reward,10084,55.52519425502878,58.292,P3O-dyn+AdaReset+HardDistill,Hopper-v4,2
476873,reward,10085,61.49521179264186,59.321,P3O-dyn+AdaReset+HardDistill,Hopper-v4,2
476907,reward,10086,59.89685023866566,60.914,P3O-dyn+AdaReset+HardDistill,Hopper-v4,2
476937,reward,10087,51.89390668417708,60.663,P3O-dyn+AdaReset+HardDistill,Hopper-v4,2
477004,reward,10088,115.8795300630099,67.578,P3O-dyn+AdaReset+HardDistill,Hopper-v4,2
477036,reward,10089,52.55951577106612,66.359,P3O-dyn+AdaReset+HardDistill,Hopper-v4,2
477071,reward,10090,61.33900530630879,60.967,P3O-dyn+AdaReset+HardDistill,Hopper-v4,2
477107,reward,10091,65.63277454253902,62.491,P3O-dyn+AdaReset+HardDistill,Hopper-v4,2
477150,reward,10092,75.80082426645949,64.366,P3O-dyn+AdaReset+HardDistill,Hopper-v4,2
477198,reward,10093,79.70536447682375,67.973,P3O-dyn+AdaReset+HardDistill,Hopper-v4,2
477231,reward,10094,56.28350005186409,68.049,P3O-dyn+AdaReset+HardDistill,Hopper-v4,2
477265,reward,10095,59.90976206087657,67.89,P3O-dyn+AdaReset+HardDistill,Hopper-v4,2
477300,reward,10096,61.502842472573526,68.051,P3O-dyn+AdaReset+HardDistill,Hopper-v4,2
477378,reward,10097,136.41258519905927,76.503,P3O-dyn+AdaReset+HardDistill,Hopper-v4,2
477451,reward,10098,119.68403137101636,76.883,P3O-dyn+AdaReset+HardDistill,Hopper-v4,2
477490,reward,10099,68.26587862171435,78.454,P3O-dyn+AdaReset+HardDistill,Hopper-v4,2
477535,reward,10100,75.47888641880957,79.868,P3O-dyn+AdaReset+HardDistill,Hopper-v4,2
477564,reward,10101,48.066994769913556,78.111,P3O-dyn+AdaReset+HardDistill,Hopper-v4,2
477599,reward,10102,60.77201161324838,76.608,P3O-dyn+AdaReset+HardDistill,Hopper-v4,2
477624,reward,10103,43.11118206427943,72.949,P3O-dyn+AdaReset+HardDistill,Hopper-v4,2
477653,reward,10104,48.235121674736966,72.144,P3O-dyn+AdaReset+HardDistill,Hopper-v4,2
477686,reward,10105,58.00491920436136,71.953,P3O-dyn+AdaReset+HardDistill,Hopper-v4,2
477757,reward,10106,108.1425797560629,76.617,P3O-dyn+AdaReset+HardDistill,Hopper-v4,2
477810,reward,10107,88.85045394984367,71.861,P3O-dyn+AdaReset+HardDistill,Hopper-v4,2
477879,reward,10108,120.80307158347495,71.973,P3O-dyn+AdaReset+HardDistill,Hopper-v4,2
477908,reward,10109,48.08939682368952,69.955,P3O-dyn+AdaReset+HardDistill,Hopper-v4,2
477946,reward,10110,66.91807501694667,69.099,P3O-dyn+AdaReset+HardDistill,Hopper-v4,2
477984,reward,10111,64.46371428060962,70.739,P3O-dyn+AdaReset+HardDistill,Hopper-v4,2
478019,reward,10112,60.51482289534966,70.713,P3O-dyn+AdaReset+HardDistill,Hopper-v4,2
478050,reward,10113,52.406132022582064,71.643,P3O-dyn+AdaReset+HardDistill,Hopper-v4,2
478077,reward,10114,45.98823248526357,71.418,P3O-dyn+AdaReset+HardDistill,Hopper-v4,2
478110,reward,10115,58.21444894617494,71.439,P3O-dyn+AdaReset+HardDistill,Hopper-v4,2
478143,reward,10116,57.17021674732156,66.342,P3O-dyn+AdaReset+HardDistill,Hopper-v4,2
478171,reward,10117,48.02841055496399,62.26,P3O-dyn+AdaReset+HardDistill,Hopper-v4,2
478210,reward,10118,69.37445378252197,57.117,P3O-dyn+AdaReset+HardDistill,Hopper-v4,2
478238,reward,10119,47.075869976353815,57.015,P3O-dyn+AdaReset+HardDistill,Hopper-v4,2
478267,reward,10120,48.680377690281276,55.192,P3O-dyn+AdaReset+HardDistill,Hopper-v4,2
478318,reward,10121,85.78761009965109,57.324,P3O-dyn+AdaReset+HardDistill,Hopper-v4,2
478348,reward,10122,49.64543930274976,56.237,P3O-dyn+AdaReset+HardDistill,Hopper-v4,2
478381,reward,10123,55.52683633334964,56.549,P3O-dyn+AdaReset+HardDistill,Hopper-v4,2
478412,reward,10124,54.808951587356326,57.431,P3O-dyn+AdaReset+HardDistill,Hopper-v4,2
478441,reward,10125,47.371647996516884,56.347,P3O-dyn+AdaReset+HardDistill,Hopper-v4,2
478475,reward,10126,56.88413013966039,56.318,P3O-dyn+AdaReset+HardDistill,Hopper-v4,2
478518,reward,10127,76.59747628678451,59.175,P3O-dyn+AdaReset+HardDistill,Hopper-v4,2
478579,reward,10128,105.88210308385227,62.826,P3O-dyn+AdaReset+HardDistill,Hopper-v4,2
478605,reward,10129,45.032519019542505,62.622,P3O-dyn+AdaReset+HardDistill,Hopper-v4,2
478632,reward,10130,44.88467261863072,62.242,P3O-dyn+AdaReset+HardDistill,Hopper-v4,2
478664,reward,10131,54.3202595065189,59.095,P3O-dyn+AdaReset+HardDistill,Hopper-v4,2
478701,reward,10132,66.2528451705327,60.756,P3O-dyn+AdaReset+HardDistill,Hopper-v4,2
478733,reward,10133,53.53611348267315,60.557,P3O-dyn+AdaReset+HardDistill,Hopper-v4,2
478773,reward,10134,69.10760258427251,61.987,P3O-dyn+AdaReset+HardDistill,Hopper-v4,2
478806,reward,10135,56.670492858007314,62.917,P3O-dyn+AdaReset+HardDistill,Hopper-v4,2
478837,reward,10136,53.51570510765735,62.58,P3O-dyn+AdaReset+HardDistill,Hopper-v4,2
478866,reward,10137,49.54979076928467,59.875,P3O-dyn+AdaReset+HardDistill,Hopper-v4,2
478895,reward,10138,48.12735936523506,54.1,P3O-dyn+AdaReset+HardDistill,Hopper-v4,2
478933,reward,10139,66.39161999632438,56.236,P3O-dyn+AdaReset+HardDistill,Hopper-v4,2
478969,reward,10140,61.624601701493056,57.91,P3O-dyn+AdaReset+HardDistill,Hopper-v4,2
479000,reward,10141,54.11901845848427,57.89,P3O-dyn+AdaReset+HardDistill,Hopper-v4,2
479031,reward,10142,53.93092205367676,56.657,P3O-dyn+AdaReset+HardDistill,Hopper-v4,2
479056,reward,10143,42.764180745671375,55.58,P3O-dyn+AdaReset+HardDistill,Hopper-v4,2
479089,reward,10144,55.32673705494043,54.202,P3O-dyn+AdaReset+HardDistill,Hopper-v4,2
479147,reward,10145,101.85781388662402,58.721,P3O-dyn+AdaReset+HardDistill,Hopper-v4,2
479175,reward,10146,46.51683768531048,58.021,P3O-dyn+AdaReset+HardDistill,Hopper-v4,2
479219,reward,10147,78.24597338690349,60.891,P3O-dyn+AdaReset+HardDistill,Hopper-v4,2
479279,reward,10148,103.18764999911754,66.397,P3O-dyn+AdaReset+HardDistill,Hopper-v4,2
479315,reward,10149,61.56727253651439,65.914,P3O-dyn+AdaReset+HardDistill,Hopper-v4,2
479344,reward,10150,50.116486147879826,64.763,P3O-dyn+AdaReset+HardDistill,Hopper-v4,2
479389,reward,10151,80.54928030669507,67.406,P3O-dyn+AdaReset+HardDistill,Hopper-v4,2
479422,reward,10152,55.5647415269386,67.57,P3O-dyn+AdaReset+HardDistill,Hopper-v4,2
479479,reward,10153,99.34047847140052,73.227,P3O-dyn+AdaReset+HardDistill,Hopper-v4,2
479507,reward,10154,49.02266274561246,72.597,P3O-dyn+AdaReset+HardDistill,Hopper-v4,2
479537,reward,10155,49.975943095729875,67.409,P3O-dyn+AdaReset+HardDistill,Hopper-v4,2
479567,reward,10156,51.93753552350137,67.951,P3O-dyn+AdaReset+HardDistill,Hopper-v4,2
479621,reward,10157,92.76877360631171,69.403,P3O-dyn+AdaReset+HardDistill,Hopper-v4,2
479655,reward,10158,55.51524602915192,64.636,P3O-dyn+AdaReset+HardDistill,Hopper-v4,2
479688,reward,10159,55.08908085832409,63.988,P3O-dyn+AdaReset+HardDistill,Hopper-v4,2
479715,reward,10160,45.490275877255314,63.525,P3O-dyn+AdaReset+HardDistill,Hopper-v4,2
479745,reward,10161,49.902933175687586,60.461,P3O-dyn+AdaReset+HardDistill,Hopper-v4,2
479786,reward,10162,71.85498697573233,62.09,P3O-dyn+AdaReset+HardDistill,Hopper-v4,2
479815,reward,10163,48.16379715624872,56.972,P3O-dyn+AdaReset+HardDistill,Hopper-v4,2
479848,reward,10164,56.95882653146932,57.766,P3O-dyn+AdaReset+HardDistill,Hopper-v4,2
479900,reward,10165,91.4944758602022,61.918,P3O-dyn+AdaReset+HardDistill,Hopper-v4,2
479938,reward,10166,65.57133608289547,63.281,P3O-dyn+AdaReset+HardDistill,Hopper-v4,2
479963,reward,10167,41.52886164238288,58.157,P3O-dyn+AdaReset+HardDistill,Hopper-v4,2
479990,reward,10168,45.776557489205004,57.183,P3O-dyn+AdaReset+HardDistill,Hopper-v4,2
480000,speed,1998.75,3.93,P3O-dyn+AdaReset+HardDistill,Hopper-v4,2
480022,reward,10169,55.50899433061937,57.225,P3O-dyn+AdaReset+HardDistill,Hopper-v4,2
480080,reward,10170,99.07104492049348,62.583,P3O-dyn+AdaReset+HardDistill,Hopper-v4,2
480138,reward,10171,98.79896058937017,67.473,P3O-dyn+AdaReset+HardDistill,Hopper-v4,2
480170,reward,10172,56.49286811250264,65.937,P3O-dyn+AdaReset+HardDistill,Hopper-v4,2
480200,reward,10173,49.24267117968764,66.044,P3O-dyn+AdaReset+HardDistill,Hopper-v4,2
480239,reward,10174,71.38702761386944,67.487,P3O-dyn+AdaReset+HardDistill,Hopper-v4,2
480267,reward,10175,47.50200162648383,63.088,P3O-dyn+AdaReset+HardDistill,Hopper-v4,2
480292,reward,10176,43.06111922303143,60.837,P3O-dyn+AdaReset+HardDistill,Hopper-v4,2
480322,reward,10177,49.780712724740155,61.662,P3O-dyn+AdaReset+HardDistill,Hopper-v4,2
480371,reward,10178,83.89037717045791,65.474,P3O-dyn+AdaReset+HardDistill,Hopper-v4,2
480400,reward,10179,49.872896244717644,64.91,P3O-dyn+AdaReset+HardDistill,Hopper-v4,2
480428,reward,10180,46.88747938917564,59.692,P3O-dyn+AdaReset+HardDistill,Hopper-v4,2
480459,reward,10181,52.699489450533136,55.082,P3O-dyn+AdaReset+HardDistill,Hopper-v4,2
480485,reward,10182,43.93315210373742,53.826,P3O-dyn+AdaReset+HardDistill,Hopper-v4,2
480512,reward,10183,45.624925289348695,53.464,P3O-dyn+AdaReset+HardDistill,Hopper-v4,2
480566,reward,10184,91.79786403749407,55.505,P3O-dyn+AdaReset+HardDistill,Hopper-v4,2
480614,reward,10185,80.66745785045887,58.822,P3O-dyn+AdaReset+HardDistill,Hopper-v4,2
480678,reward,10186,112.59834062432121,65.775,P3O-dyn+AdaReset+HardDistill,Hopper-v4,2
480745,reward,10187,117.60344442627346,72.558,P3O-dyn+AdaReset+HardDistill,Hopper-v4,2
480811,reward,10188,115.06614335681634,75.675,P3O-dyn+AdaReset+HardDistill,Hopper-v4,2
480841,reward,10189,52.70480034921074,75.958,P3O-dyn+AdaReset+HardDistill,Hopper-v4,2
480874,reward,10190,57.72755781456889,77.042,P3O-dyn+AdaReset+HardDistill,Hopper-v4,2
480909,reward,10191,62.72723091179199,78.045,P3O-dyn+AdaReset+HardDistill,Hopper-v4,2
480937,reward,10192,47.5299559029604,78.405,P3O-dyn+AdaReset+HardDistill,Hopper-v4,2
480990,reward,10193,90.97513813058869,82.94,P3O-dyn+AdaReset+HardDistill,Hopper-v4,2
481026,reward,10194,63.24069241072471,80.084,P3O-dyn+AdaReset+HardDistill,Hopper-v4,2
481075,reward,10195,84.16645575093214,80.434,P3O-dyn+AdaReset+HardDistill,Hopper-v4,2
481119,reward,10196,76.6449585376878,76.839,P3O-dyn+AdaReset+HardDistill,Hopper-v4,2
481177,reward,10197,101.79512046650362,75.258,P3O-dyn+AdaReset+HardDistill,Hopper-v4,2
481206,reward,10198,49.41486572650895,68.693,P3O-dyn+AdaReset+HardDistill,Hopper-v4,2
481233,reward,10199,46.20929768539893,68.043,P3O-dyn+AdaReset+HardDistill,Hopper-v4,2
481293,reward,10200,102.40200449624291,72.511,P3O-dyn+AdaReset+HardDistill,Hopper-v4,2
481328,reward,10201,59.9904712085514,72.237,P3O-dyn+AdaReset+HardDistill,Hopper-v4,2
481359,reward,10202,51.3854824125894,72.622,P3O-dyn+AdaReset+HardDistill,Hopper-v4,2
481386,reward,10203,46.95763179256133,68.221,P3O-dyn+AdaReset+HardDistill,Hopper-v4,2
481429,reward,10204,75.92296544493855,69.489,P3O-dyn+AdaReset+HardDistill,Hopper-v4,2
481457,reward,10205,47.21256446888562,65.794,P3O-dyn+AdaReset+HardDistill,Hopper-v4,2
481497,reward,10206,68.80490844963225,65.01,P3O-dyn+AdaReset+HardDistill,Hopper-v4,2
481528,reward,10207,54.04953650256858,60.235,P3O-dyn+AdaReset+HardDistill,Hopper-v4,2
481561,reward,10208,56.738749923507285,60.967,P3O-dyn+AdaReset+HardDistill,Hopper-v4,2
481613,reward,10209,79.74832837511717,64.321,P3O-dyn+AdaReset+HardDistill,Hopper-v4,2
481674,reward,10210,107.92305992549498,64.873,P3O-dyn+AdaReset+HardDistill,Hopper-v4,2
481702,reward,10211,48.051174683633135,63.679,P3O-dyn+AdaReset+HardDistill,Hopper-v4,2
481757,reward,10212,92.86533821301137,67.827,P3O-dyn+AdaReset+HardDistill,Hopper-v4,2
481788,reward,10213,52.73158208656952,68.405,P3O-dyn+AdaReset+HardDistill,Hopper-v4,2
481825,reward,10214,63.89808362787538,67.202,P3O-dyn+AdaReset+HardDistill,Hopper-v4,2
481852,reward,10215,45.90694892081163,67.072,P3O-dyn+AdaReset+HardDistill,Hopper-v4,2
481901,reward,10216,70.85645805114335,67.277,P3O-dyn+AdaReset+HardDistill,Hopper-v4,2
481931,reward,10217,52.02109403212777,67.074,P3O-dyn+AdaReset+HardDistill,Hopper-v4,2
481963,reward,10218,53.12701988886042,66.713,P3O-dyn+AdaReset+HardDistill,Hopper-v4,2
481997,reward,10219,58.51353640265389,64.589,P3O-dyn+AdaReset+HardDistill,Hopper-v4,2
482031,reward,10220,57.68305033578348,59.565,P3O-dyn+AdaReset+HardDistill,Hopper-v4,2
482098,reward,10221,113.19411767983456,66.08,P3O-dyn+AdaReset+HardDistill,Hopper-v4,2
482135,reward,10222,62.112736679339164,63.004,P3O-dyn+AdaReset+HardDistill,Hopper-v4,2
482199,reward,10223,111.92668799510501,68.924,P3O-dyn+AdaReset+HardDistill,Hopper-v4,2
482227,reward,10224,46.983108344917795,67.232,P3O-dyn+AdaReset+HardDistill,Hopper-v4,2
482260,reward,10225,58.678738425319104,68.51,P3O-dyn+AdaReset+HardDistill,Hopper-v4,2
482294,reward,10226,57.634940298975394,67.188,P3O-dyn+AdaReset+HardDistill,Hopper-v4,2
482322,reward,10227,46.850162515624106,66.67,P3O-dyn+AdaReset+HardDistill,Hopper-v4,2
482356,reward,10228,59.86834970279187,67.345,P3O-dyn+AdaReset+HardDistill,Hopper-v4,2
482382,reward,10229,44.78583213862913,65.972,P3O-dyn+AdaReset+HardDistill,Hopper-v4,2
482410,reward,10230,49.08666518689571,65.112,P3O-dyn+AdaReset+HardDistill,Hopper-v4,2
482444,reward,10231,60.01388609306834,59.794,P3O-dyn+AdaReset+HardDistill,Hopper-v4,2
482473,reward,10232,50.686528650613646,58.651,P3O-dyn+AdaReset+HardDistill,Hopper-v4,2
482501,reward,10233,47.44881165487122,52.204,P3O-dyn+AdaReset+HardDistill,Hopper-v4,2
482566,reward,10234,111.07432082850953,58.613,P3O-dyn+AdaReset+HardDistill,Hopper-v4,2
482598,reward,10235,54.251757944940934,58.17,P3O-dyn+AdaReset+HardDistill,Hopper-v4,2
482626,reward,10236,48.14320331415414,57.221,P3O-dyn+AdaReset+HardDistill,Hopper-v4,2
482667,reward,10237,57.861163518867954,58.322,P3O-dyn+AdaReset+HardDistill,Hopper-v4,2
482699,reward,10238,55.6430398846482,57.9,P3O-dyn+AdaReset+HardDistill,Hopper-v4,2
482727,reward,10239,47.24164399257924,58.145,P3O-dyn+AdaReset+HardDistill,Hopper-v4,2
482758,reward,10240,54.794985231364585,58.716,P3O-dyn+AdaReset+HardDistill,Hopper-v4,2
482802,reward,10241,75.60236359371434,60.275,P3O-dyn+AdaReset+HardDistill,Hopper-v4,2
482853,reward,10242,89.67260022471999,64.173,P3O-dyn+AdaReset+HardDistill,Hopper-v4,2
482880,reward,10243,45.59574647197062,63.988,P3O-dyn+AdaReset+HardDistill,Hopper-v4,2
482907,reward,10244,45.932682318951684,57.474,P3O-dyn+AdaReset+HardDistill,Hopper-v4,2
482945,reward,10245,65.12933039855794,58.562,P3O-dyn+AdaReset+HardDistill,Hopper-v4,2
482990,reward,10246,76.61964749730518,61.409,P3O-dyn+AdaReset+HardDistill,Hopper-v4,2
483027,reward,10247,66.18395716053229,62.242,P3O-dyn+AdaReset+HardDistill,Hopper-v4,2
483056,reward,10248,49.86718986363724,61.664,P3O-dyn+AdaReset+HardDistill,Hopper-v4,2
483084,reward,10249,48.53980267566411,61.794,P3O-dyn+AdaReset+HardDistill,Hopper-v4,2
483111,reward,10250,44.453900621020125,60.76,P3O-dyn+AdaReset+HardDistill,Hopper-v4,2
483140,reward,10251,48.28139131613712,58.028,P3O-dyn+AdaReset+HardDistill,Hopper-v4,2
483171,reward,10252,50.96735832080845,54.157,P3O-dyn+AdaReset+HardDistill,Hopper-v4,2
483241,reward,10253,124.48795593602178,62.046,P3O-dyn+AdaReset+HardDistill,Hopper-v4,2
483280,reward,10254,66.61388639006488,64.114,P3O-dyn+AdaReset+HardDistill,Hopper-v4,2
483318,reward,10255,65.31353184701358,64.133,P3O-dyn+AdaReset+HardDistill,Hopper-v4,2
483328,loss,-0.015989085659384727,18.959936141967773,P3O-dyn+AdaReset+HardDistill,Hopper-v4,2
483345,reward,10256,45.95694185338723,61.067,P3O-dyn+AdaReset+HardDistill,Hopper-v4,2
483409,reward,10257,109.0049563838753,65.349,P3O-dyn+AdaReset+HardDistill,Hopper-v4,2
483455,reward,10258,63.34328220823071,66.696,P3O-dyn+AdaReset+HardDistill,Hopper-v4,2
483485,reward,10259,50.62155660726043,66.904,P3O-dyn+AdaReset+HardDistill,Hopper-v4,2
483514,reward,10260,48.994753315348134,67.359,P3O-dyn+AdaReset+HardDistill,Hopper-v4,2
483551,reward,10261,63.77315632610766,68.908,P3O-dyn+AdaReset+HardDistill,Hopper-v4,2
483585,reward,10262,58.00525131716257,69.612,P3O-dyn+AdaReset+HardDistill,Hopper-v4,2
483611,reward,10263,44.63988025180728,61.627,P3O-dyn+AdaReset+HardDistill,Hopper-v4,2
483649,reward,10264,66.69369149250242,61.635,P3O-dyn+AdaReset+HardDistill,Hopper-v4,2
483683,reward,10265,58.231419936517,60.926,P3O-dyn+AdaReset+HardDistill,Hopper-v4,2
483720,reward,10266,63.99969667433566,62.731,P3O-dyn+AdaReset+HardDistill,Hopper-v4,2
483756,reward,10267,61.87744941107759,58.018,P3O-dyn+AdaReset+HardDistill,Hopper-v4,2
483791,reward,10268,62.0792939747676,57.892,P3O-dyn+AdaReset+HardDistill,Hopper-v4,2
483815,reward,10269,41.7253904416207,57.002,P3O-dyn+AdaReset+HardDistill,Hopper-v4,2
483849,reward,10270,57.9015602763496,57.893,P3O-dyn+AdaReset+HardDistill,Hopper-v4,2
483884,reward,10271,62.01434616606776,57.717,P3O-dyn+AdaReset+HardDistill,Hopper-v4,2
483916,reward,10272,53.420256860351316,57.258,P3O-dyn+AdaReset+HardDistill,Hopper-v4,2
483940,reward,10273,42.220199455137504,57.016,P3O-dyn+AdaReset+HardDistill,Hopper-v4,2
483979,reward,10274,67.04147277071849,57.051,P3O-dyn+AdaReset+HardDistill,Hopper-v4,2
484010,reward,10275,52.80347518578654,56.508,P3O-dyn+AdaReset+HardDistill,Hopper-v4,2
484042,reward,10276,55.42483443543676,55.651,P3O-dyn+AdaReset+HardDistill,Hopper-v4,2
484069,reward,10277,45.30888051073892,53.994,P3O-dyn+AdaReset+HardDistill,Hopper-v4,2
484098,reward,10278,49.383581650972495,52.724,P3O-dyn+AdaReset+HardDistill,Hopper-v4,2
484129,reward,10279,53.31952657123329,53.884,P3O-dyn+AdaReset+HardDistill,Hopper-v4,2
484164,reward,10280,61.29817158142592,54.223,P3O-dyn+AdaReset+HardDistill,Hopper-v4,2
484189,reward,10281,43.15278266392311,52.337,P3O-dyn+AdaReset+HardDistill,Hopper-v4,2
484211,reward,10282,38.03698045730172,50.799,P3O-dyn+AdaReset+HardDistill,Hopper-v4,2
484239,reward,10283,48.170164171798376,51.394,P3O-dyn+AdaReset+HardDistill,Hopper-v4,2
484271,reward,10284,53.918007564557044,50.082,P3O-dyn+AdaReset+HardDistill,Hopper-v4,2
484306,reward,10285,62.41173157329613,51.042,P3O-dyn+AdaReset+HardDistill,Hopper-v4,2
484334,reward,10286,47.45545446390221,50.246,P3O-dyn+AdaReset+HardDistill,Hopper-v4,2
484363,reward,10287,49.3450074673643,50.649,P3O-dyn+AdaReset+HardDistill,Hopper-v4,2
484430,reward,10288,121.28069603443933,57.839,P3O-dyn+AdaReset+HardDistill,Hopper-v4,2
484463,reward,10289,58.24493218323624,58.331,P3O-dyn+AdaReset+HardDistill,Hopper-v4,2
484490,reward,10290,46.094292739640196,56.811,P3O-dyn+AdaReset+HardDistill,Hopper-v4,2
484517,reward,10291,46.16656062428731,57.112,P3O-dyn+AdaReset+HardDistill,Hopper-v4,2
484545,reward,10292,47.773149242676666,58.086,P3O-dyn+AdaReset+HardDistill,Hopper-v4,2
484573,reward,10293,46.48144935519022,57.917,P3O-dyn+AdaReset+HardDistill,Hopper-v4,2
484599,reward,10294,45.087110091869945,57.034,P3O-dyn+AdaReset+HardDistill,Hopper-v4,2
484625,reward,10295,44.914089704596734,55.284,P3O-dyn+AdaReset+HardDistill,Hopper-v4,2
484671,reward,10296,77.33144700574323,58.272,P3O-dyn+AdaReset+HardDistill,Hopper-v4,2
484699,reward,10297,47.93547859623234,58.131,P3O-dyn+AdaReset+HardDistill,Hopper-v4,2
484728,reward,10298,48.87248079439602,50.89,P3O-dyn+AdaReset+HardDistill,Hopper-v4,2
484756,reward,10299,46.752522504190026,49.741,P3O-dyn+AdaReset+HardDistill,Hopper-v4,2
484792,reward,10300,54.97861209990291,50.629,P3O-dyn+AdaReset+HardDistill,Hopper-v4,2
484818,reward,10301,43.58116501994284,50.371,P3O-dyn+AdaReset+HardDistill,Hopper-v4,2
484860,reward,10302,70.28419579618291,52.622,P3O-dyn+AdaReset+HardDistill,Hopper-v4,2
484892,reward,10303,55.56830607920204,53.531,P3O-dyn+AdaReset+HardDistill,Hopper-v4,2
484929,reward,10304,65.18675335731906,55.541,P3O-dyn+AdaReset+HardDistill,Hopper-v4,2
484961,reward,10305,52.542899125531385,56.303,P3O-dyn+AdaReset+HardDistill,Hopper-v4,2
485022,reward,10306,110.80952302588129,59.651,P3O-dyn+AdaReset+HardDistill,Hopper-v4,2
485049,reward,10307,46.55873925001375,59.514,P3O-dyn+AdaReset+HardDistill,Hopper-v4,2
485094,reward,10308,78.24470285296594,62.451,P3O-dyn+AdaReset+HardDistill,Hopper-v4,2
485124,reward,10309,49.5504253219828,62.731,P3O-dyn+AdaReset+HardDistill,Hopper-v4,2
485151,reward,10310,45.21294803059398,61.754,P3O-dyn+AdaReset+HardDistill,Hopper-v4,2
485178,reward,10311,46.35238475769671,62.031,P3O-dyn+AdaReset+HardDistill,Hopper-v4,2
485207,reward,10312,48.528541707804195,59.856,P3O-dyn+AdaReset+HardDistill,Hopper-v4,2
485236,reward,10313,49.24276165073499,59.223,P3O-dyn+AdaReset+HardDistill,Hopper-v4,2
485265,reward,10314,50.11740581969519,57.716,P3O-dyn+AdaReset+HardDistill,Hopper-v4,2
485299,reward,10315,57.881352457167736,58.25,P3O-dyn+AdaReset+HardDistill,Hopper-v4,2
485328,reward,10316,48.74249848367973,52.043,P3O-dyn+AdaReset+HardDistill,Hopper-v4,2
485359,reward,10317,52.395096108288016,52.627,P3O-dyn+AdaReset+HardDistill,Hopper-v4,2
485391,reward,10318,55.88324713449086,50.391,P3O-dyn+AdaReset+HardDistill,Hopper-v4,2
485422,reward,10319,53.15793428762851,50.751,P3O-dyn+AdaReset+HardDistill,Hopper-v4,2
485460,reward,10320,66.01681754160873,52.832,P3O-dyn+AdaReset+HardDistill,Hopper-v4,2
485490,reward,10321,49.896569555181415,53.186,P3O-dyn+AdaReset+HardDistill,Hopper-v4,2
485552,reward,10322,108.10101350998346,59.143,P3O-dyn+AdaReset+HardDistill,Hopper-v4,2
485577,reward,10323,43.88974665678115,58.608,P3O-dyn+AdaReset+HardDistill,Hopper-v4,2
485604,reward,10324,46.367803964360974,58.233,P3O-dyn+AdaReset+HardDistill,Hopper-v4,2
485634,reward,10325,49.29761345575532,57.375,P3O-dyn+AdaReset+HardDistill,Hopper-v4,2
485665,reward,10326,52.80230045230097,57.781,P3O-dyn+AdaReset+HardDistill,Hopper-v4,2
485729,reward,10327,109.24291856295702,63.466,P3O-dyn+AdaReset+HardDistill,Hopper-v4,2
485782,reward,10328,91.31928784738491,67.009,P3O-dyn+AdaReset+HardDistill,Hopper-v4,2
485808,reward,10329,44.327582745510924,66.126,P3O-dyn+AdaReset+HardDistill,Hopper-v4,2
485838,reward,10330,53.51415736510623,64.876,P3O-dyn+AdaReset+HardDistill,Hopper-v4,2
485865,reward,10331,46.181992243467526,64.504,P3O-dyn+AdaReset+HardDistill,Hopper-v4,2
485895,reward,10332,52.02272335995056,58.897,P3O-dyn+AdaReset+HardDistill,Hopper-v4,2
485940,reward,10333,78.83550585868939,62.391,P3O-dyn+AdaReset+HardDistill,Hopper-v4,2
485966,reward,10334,44.16302835285027,62.171,P3O-dyn+AdaReset+HardDistill,Hopper-v4,2
486000,reward,10335,56.08051135681443,62.849,P3O-dyn+AdaReset+HardDistill,Hopper-v4,2
486026,reward,10336,43.41023821974866,61.91,P3O-dyn+AdaReset+HardDistill,Hopper-v4,2
486055,reward,10337,49.329257785584396,55.918,P3O-dyn+AdaReset+HardDistill,Hopper-v4,2
486093,reward,10338,68.14682458221178,53.601,P3O-dyn+AdaReset+HardDistill,Hopper-v4,2
486129,reward,10339,62.361342620793124,55.405,P3O-dyn+AdaReset+HardDistill,Hopper-v4,2
486162,reward,10340,56.1399319998416,55.667,P3O-dyn+AdaReset+HardDistill,Hopper-v4,2
486193,reward,10341,50.95694485864052,56.145,P3O-dyn+AdaReset+HardDistill,Hopper-v4,2
486232,reward,10342,67.93896363803758,57.736,P3O-dyn+AdaReset+HardDistill,Hopper-v4,2
486259,reward,10343,46.29390018974536,54.482,P3O-dyn+AdaReset+HardDistill,Hopper-v4,2
486287,reward,10344,49.083284652111665,54.974,P3O-dyn+AdaReset+HardDistill,Hopper-v4,2
486315,reward,10345,47.835481131670406,54.15,P3O-dyn+AdaReset+HardDistill,Hopper-v4,2
486352,reward,10346,62.07245426605937,56.016,P3O-dyn+AdaReset+HardDistill,Hopper-v4,2
486414,reward,10347,107.46522629086915,61.829,P3O-dyn+AdaReset+HardDistill,Hopper-v4,2
486451,reward,10348,63.73031103492743,61.388,P3O-dyn+AdaReset+HardDistill,Hopper-v4,2
486492,reward,10349,74.614778965716,62.613,P3O-dyn+AdaReset+HardDistill,Hopper-v4,2
486550,reward,10350,99.76464397495666,66.976,P3O-dyn+AdaReset+HardDistill,Hopper-v4,2
486578,reward,10351,46.78673861692763,66.559,P3O-dyn+AdaReset+HardDistill,Hopper-v4,2
486605,reward,10352,45.279989164538144,64.293,P3O-dyn+AdaReset+HardDistill,Hopper-v4,2
486640,reward,10353,59.85010140432541,65.648,P3O-dyn+AdaReset+HardDistill,Hopper-v4,2
486667,reward,10354,45.95691107369975,65.336,P3O-dyn+AdaReset+HardDistill,Hopper-v4,2
486705,reward,10355,63.861032121073066,66.938,P3O-dyn+AdaReset+HardDistill,Hopper-v4,2
486760,reward,10356,93.18702746456948,70.05,P3O-dyn+AdaReset+HardDistill,Hopper-v4,2
486789,reward,10357,49.408803159033354,64.244,P3O-dyn+AdaReset+HardDistill,Hopper-v4,2
486815,reward,10358,44.90933187463078,62.362,P3O-dyn+AdaReset+HardDistill,Hopper-v4,2
486848,reward,10359,57.78077278257473,60.679,P3O-dyn+AdaReset+HardDistill,Hopper-v4,2
486878,reward,10360,53.15629515199208,56.018,P3O-dyn+AdaReset+HardDistill,Hopper-v4,2
486931,reward,10361,88.08751697583635,60.148,P3O-dyn+AdaReset+HardDistill,Hopper-v4,2
486977,reward,10362,79.283767917091,63.548,P3O-dyn+AdaReset+HardDistill,Hopper-v4,2
487006,reward,10363,50.7415292444189,62.637,P3O-dyn+AdaReset+HardDistill,Hopper-v4,2
487034,reward,10364,46.752950011131176,62.717,P3O-dyn+AdaReset+HardDistill,Hopper-v4,2
487061,reward,10365,45.378789107085915,60.869,P3O-dyn+AdaReset+HardDistill,Hopper-v4,2
487088,reward,10366,45.931540040954644,56.143,P3O-dyn+AdaReset+HardDistill,Hopper-v4,2
487119,reward,10367,52.98376347297901,56.501,P3O-dyn+AdaReset+HardDistill,Hopper-v4,2
487147,reward,10368,49.152400483602506,56.925,P3O-dyn+AdaReset+HardDistill,Hopper-v4,2
487177,reward,10369,51.64844964427313,56.312,P3O-dyn+AdaReset+HardDistill,Hopper-v4,2
487205,reward,10370,46.86613927602774,55.683,P3O-dyn+AdaReset+HardDistill,Hopper-v4,2
487238,reward,10371,56.251965331259285,52.499,P3O-dyn+AdaReset+HardDistill,Hopper-v4,2
487263,reward,10372,43.09798016431289,48.881,P3O-dyn+AdaReset+HardDistill,Hopper-v4,2
487290,reward,10373,46.197613453517405,48.426,P3O-dyn+AdaReset+HardDistill,Hopper-v4,2
487327,reward,10374,66.79706766817961,50.431,P3O-dyn+AdaReset+HardDistill,Hopper-v4,2
487352,reward,10375,43.8237104270931,50.275,P3O-dyn+AdaReset+HardDistill,Hopper-v4,2
487382,reward,10376,51.80515638112175,50.862,P3O-dyn+AdaReset+HardDistill,Hopper-v4,2
487413,reward,10377,51.92379218145356,50.756,P3O-dyn+AdaReset+HardDistill,Hopper-v4,2
487442,reward,10378,50.98716900657722,50.94,P3O-dyn+AdaReset+HardDistill,Hopper-v4,2
487479,reward,10379,63.7515695689438,52.15,P3O-dyn+AdaReset+HardDistill,Hopper-v4,2
487507,reward,10380,47.851943526459856,52.249,P3O-dyn+AdaReset+HardDistill,Hopper-v4,2
487536,reward,10381,48.74680872340494,51.498,P3O-dyn+AdaReset+HardDistill,Hopper-v4,2
487575,reward,10382,66.42100838329165,53.831,P3O-dyn+AdaReset+HardDistill,Hopper-v4,2
487606,reward,10383,48.31991378707504,54.043,P3O-dyn+AdaReset+HardDistill,Hopper-v4,2
487638,reward,10384,56.49937759569756,53.013,P3O-dyn+AdaReset+HardDistill,Hopper-v4,2
487675,reward,10385,65.72361526694183,55.203,P3O-dyn+AdaReset+HardDistill,Hopper-v4,2
487707,reward,10386,57.130769609492575,55.736,P3O-dyn+AdaReset+HardDistill,Hopper-v4,2
487737,reward,10387,50.974611998143715,55.641,P3O-dyn+AdaReset+HardDistill,Hopper-v4,2
487766,reward,10388,48.11934337054374,55.354,P3O-dyn+AdaReset+HardDistill,Hopper-v4,2
487794,reward,10389,46.57498422902625,53.636,P3O-dyn+AdaReset+HardDistill,Hopper-v4,2
487825,reward,10390,51.7716745860046,54.028,P3O-dyn+AdaReset+HardDistill,Hopper-v4,2
487855,reward,10391,50.279956345500786,54.182,P3O-dyn+AdaReset+HardDistill,Hopper-v4,2
487880,reward,10392,42.22396655877956,51.762,P3O-dyn+AdaReset+HardDistill,Hopper-v4,2
487936,reward,10393,98.0483773177652,56.735,P3O-dyn+AdaReset+HardDistill,Hopper-v4,2
487967,reward,10394,51.89354311346104,56.274,P3O-dyn+AdaReset+HardDistill,Hopper-v4,2
487996,reward,10395,49.174809222483624,54.619,P3O-dyn+AdaReset+HardDistill,Hopper-v4,2
488036,reward,10396,71.68195468651375,56.074,P3O-dyn+AdaReset+HardDistill,Hopper-v4,2
488068,reward,10397,52.46341613511642,56.223,P3O-dyn+AdaReset+HardDistill,Hopper-v4,2
488112,reward,10398,79.40975570780566,59.352,P3O-dyn+AdaReset+HardDistill,Hopper-v4,2
488151,reward,10399,69.74881568129734,61.67,P3O-dyn+AdaReset+HardDistill,Hopper-v4,2
488181,reward,10400,51.390646906320455,61.632,P3O-dyn+AdaReset+HardDistill,Hopper-v4,2
488215,reward,10401,55.90546789978349,62.194,P3O-dyn+AdaReset+HardDistill,Hopper-v4,2
488244,reward,10402,47.798087103515854,62.751,P3O-dyn+AdaReset+HardDistill,Hopper-v4,2
488275,reward,10403,52.09032730253006,58.156,P3O-dyn+AdaReset+HardDistill,Hopper-v4,2
488307,reward,10404,56.49887550337158,58.616,P3O-dyn+AdaReset+HardDistill,Hopper-v4,2
488346,reward,10405,63.07626841757512,60.006,P3O-dyn+AdaReset+HardDistill,Hopper-v4,2
488376,reward,10406,53.00714341118829,58.139,P3O-dyn+AdaReset+HardDistill,Hopper-v4,2
488411,reward,10407,57.69057694737136,58.662,P3O-dyn+AdaReset+HardDistill,Hopper-v4,2
488438,reward,10408,45.89800122997564,55.31,P3O-dyn+AdaReset+HardDistill,Hopper-v4,2
488484,reward,10409,83.29169104851853,56.665,P3O-dyn+AdaReset+HardDistill,Hopper-v4,2
488535,reward,10410,85.78997996445264,60.105,P3O-dyn+AdaReset+HardDistill,Hopper-v4,2
488566,reward,10411,54.88144301011873,60.002,P3O-dyn+AdaReset+HardDistill,Hopper-v4,2
488593,reward,10412,45.95115598821462,59.818,P3O-dyn+AdaReset+HardDistill,Hopper-v4,2
488626,reward,10413,56.89079776652011,60.298,P3O-dyn+AdaReset+HardDistill,Hopper-v4,2
488658,reward,10414,54.123395302194666,60.06,P3O-dyn+AdaReset+HardDistill,Hopper-v4,2
488683,reward,10415,42.46135279285853,57.999,P3O-dyn+AdaReset+HardDistill,Hopper-v4,2
488715,reward,10416,54.21959734548945,58.12,P3O-dyn+AdaReset+HardDistill,Hopper-v4,2
488768,reward,10417,89.63535058517195,61.314,P3O-dyn+AdaReset+HardDistill,Hopper-v4,2
488804,reward,10418,62.737920487043894,62.998,P3O-dyn+AdaReset+HardDistill,Hopper-v4,2
488841,reward,10419,63.10123379054808,60.979,P3O-dyn+AdaReset+HardDistill,Hopper-v4,2
488893,reward,10420,87.48085084198428,61.148,P3O-dyn+AdaReset+HardDistill,Hopper-v4,2
488920,reward,10421,45.75966694000186,60.236,P3O-dyn+AdaReset+HardDistill,Hopper-v4,2
488950,reward,10422,50.116285287029186,60.653,P3O-dyn+AdaReset+HardDistill,Hopper-v4,2
488975,reward,10423,41.543808036358065,59.118,P3O-dyn+AdaReset+HardDistill,Hopper-v4,2
489001,reward,10424,44.49573689096501,58.155,P3O-dyn+AdaReset+HardDistill,Hopper-v4,2
489029,reward,10425,47.134249774600235,58.622,P3O-dyn+AdaReset+HardDistill,Hopper-v4,2
489062,reward,10426,58.48399223747305,59.049,P3O-dyn+AdaReset+HardDistill,Hopper-v4,2
489120,reward,10427,98.73373305171117,59.959,P3O-dyn+AdaReset+HardDistill,Hopper-v4,2
489150,reward,10428,50.10515398268432,58.695,P3O-dyn+AdaReset+HardDistill,Hopper-v4,2
489216,reward,10429,119.81275725184499,64.367,P3O-dyn+AdaReset+HardDistill,Hopper-v4,2
489247,reward,10430,54.946101306442614,61.113,P3O-dyn+AdaReset+HardDistill,Hopper-v4,2
489278,reward,10431,53.36814657014914,61.874,P3O-dyn+AdaReset+HardDistill,Hopper-v4,2
489306,reward,10432,47.43822755213936,61.606,P3O-dyn+AdaReset+HardDistill,Hopper-v4,2
489337,reward,10433,52.585611163669135,62.71,P3O-dyn+AdaReset+HardDistill,Hopper-v4,2
489370,reward,10434,58.55441673983434,64.116,P3O-dyn+AdaReset+HardDistill,Hopper-v4,2
489398,reward,10435,47.29728834864872,64.133,P3O-dyn+AdaReset+HardDistill,Hopper-v4,2
489432,reward,10436,57.80605235079472,64.065,P3O-dyn+AdaReset+HardDistill,Hopper-v4,2
489468,reward,10437,62.92514945907712,60.484,P3O-dyn+AdaReset+HardDistill,Hopper-v4,2
489506,reward,10438,68.37253462232161,62.311,P3O-dyn+AdaReset+HardDistill,Hopper-v4,2
489552,reward,10439,82.29057542859432,58.558,P3O-dyn+AdaReset+HardDistill,Hopper-v4,2
489581,reward,10440,47.8984308039834,57.854,P3O-dyn+AdaReset+HardDistill,Hopper-v4,2
489612,reward,10441,54.45518355407822,57.962,P3O-dyn+AdaReset+HardDistill,Hopper-v4,2
489637,reward,10442,44.22080975080151,57.641,P3O-dyn+AdaReset+HardDistill,Hopper-v4,2
489663,reward,10443,44.34120345385069,56.816,P3O-dyn+AdaReset+HardDistill,Hopper-v4,2
489691,reward,10444,45.94790596216774,55.556,P3O-dyn+AdaReset+HardDistill,Hopper-v4,2
489720,reward,10445,47.812058003777146,55.607,P3O-dyn+AdaReset+HardDistill,Hopper-v4,2
489752,reward,10446,50.27703914245934,54.854,P3O-dyn+AdaReset+HardDistill,Hopper-v4,2
489786,reward,10447,57.98513232436271,54.36,P3O-dyn+AdaReset+HardDistill,Hopper-v4,2
489861,reward,10448,139.67032653809176,61.49,P3O-dyn+AdaReset+HardDistill,Hopper-v4,2
489895,reward,10449,56.65315716552564,58.926,P3O-dyn+AdaReset+HardDistill,Hopper-v4,2
489926,reward,10450,52.3844176365623,59.375,P3O-dyn+AdaReset+HardDistill,Hopper-v4,2
489952,reward,10451,44.485416938504976,58.378,P3O-dyn+AdaReset+HardDistill,Hopper-v4,2
489980,reward,10452,47.87812078479236,58.743,P3O-dyn+AdaReset+HardDistill,Hopper-v4,2
490000,speed,2005.14,4.01,P3O-dyn+AdaReset+HardDistill,Hopper-v4,2
490006,reward,10453,44.33917662065393,58.743,P3O-dyn+AdaReset+HardDistill,Hopper-v4,2
490051,reward,10454,78.17573197506745,61.966,P3O-dyn+AdaReset+HardDistill,Hopper-v4,2
490087,reward,10455,62.805286540812965,63.465,P3O-dyn+AdaReset+HardDistill,Hopper-v4,2
490118,reward,10456,50.5131274858137,63.489,P3O-dyn+AdaReset+HardDistill,Hopper-v4,2
490148,reward,10457,51.98593558374337,62.889,P3O-dyn+AdaReset+HardDistill,Hopper-v4,2
490201,reward,10458,90.05957960209929,57.928,P3O-dyn+AdaReset+HardDistill,Hopper-v4,2
490246,reward,10459,77.23622667313101,59.986,P3O-dyn+AdaReset+HardDistill,Hopper-v4,2
490277,reward,10460,54.382897278069926,60.186,P3O-dyn+AdaReset+HardDistill,Hopper-v4,2
490308,reward,10461,53.671248208623545,61.105,P3O-dyn+AdaReset+HardDistill,Hopper-v4,2
490358,reward,10462,83.5273619581443,64.67,P3O-dyn+AdaReset+HardDistill,Hopper-v4,2
490388,reward,10463,48.88592093445992,65.124,P3O-dyn+AdaReset+HardDistill,Hopper-v4,2
490419,reward,10464,51.97882858870384,62.505,P3O-dyn+AdaReset+HardDistill,Hopper-v4,2
490453,reward,10465,58.24408179831655,62.049,P3O-dyn+AdaReset+HardDistill,Hopper-v4,2
490480,reward,10466,45.98191474965089,61.595,P3O-dyn+AdaReset+HardDistill,Hopper-v4,2
490506,reward,10467,45.11924420360512,60.909,P3O-dyn+AdaReset+HardDistill,Hopper-v4,2
490534,reward,10468,47.993499768605005,56.702,P3O-dyn+AdaReset+HardDistill,Hopper-v4,2
490568,reward,10469,59.57204886307041,54.936,P3O-dyn+AdaReset+HardDistill,Hopper-v4,2
490596,reward,10470,48.41892469368819,54.339,P3O-dyn+AdaReset+HardDistill,Hopper-v4,2
490648,reward,10471,89.24984158392853,57.897,P3O-dyn+AdaReset+HardDistill,Hopper-v4,2
490679,reward,10472,54.43433761480549,54.988,P3O-dyn+AdaReset+HardDistill,Hopper-v4,2
490754,reward,10473,146.4947795625401,64.749,P3O-dyn+AdaReset+HardDistill,Hopper-v4,2
490784,reward,10474,51.38580610467055,64.689,P3O-dyn+AdaReset+HardDistill,Hopper-v4,2
490811,reward,10475,46.52796223481598,63.518,P3O-dyn+AdaReset+HardDistill,Hopper-v4,2
490843,reward,10476,54.73791011138388,64.393,P3O-dyn+AdaReset+HardDistill,Hopper-v4,2
490870,reward,10477,45.58873514124353,64.44,P3O-dyn+AdaReset+HardDistill,Hopper-v4,2
490905,reward,10478,60.20737998895497,65.662,P3O-dyn+AdaReset+HardDistill,Hopper-v4,2
490931,reward,10479,44.970812922423285,64.202,P3O-dyn+AdaReset+HardDistill,Hopper-v4,2
490961,reward,10480,49.90276178522153,64.35,P3O-dyn+AdaReset+HardDistill,Hopper-v4,2
490987,reward,10481,44.89744171819265,59.915,P3O-dyn+AdaReset+HardDistill,Hopper-v4,2
491011,reward,10482,41.62236775727164,58.634,P3O-dyn+AdaReset+HardDistill,Hopper-v4,2
491041,reward,10483,50.81147085628958,49.065,P3O-dyn+AdaReset+HardDistill,Hopper-v4,2
491093,reward,10484,89.17962993277995,52.845,P3O-dyn+AdaReset+HardDistill,Hopper-v4,2
491121,reward,10485,47.940847481692344,52.986,P3O-dyn+AdaReset+HardDistill,Hopper-v4,2
491147,reward,10486,44.2879482495128,51.941,P3O-dyn+AdaReset+HardDistill,Hopper-v4,2
491201,reward,10487,92.86195257900197,56.668,P3O-dyn+AdaReset+HardDistill,Hopper-v4,2
491230,reward,10488,48.60460013662002,55.508,P3O-dyn+AdaReset+HardDistill,Hopper-v4,2
491261,reward,10489,52.8178240983016,56.293,P3O-dyn+AdaReset+HardDistill,Hopper-v4,2
491293,reward,10490,55.49431704791142,56.852,P3O-dyn+AdaReset+HardDistill,Hopper-v4,2
491318,reward,10491,44.15914049416209,56.778,P3O-dyn+AdaReset+HardDistill,Hopper-v4,2
491344,reward,10492,44.9967327817643,57.115,P3O-dyn+AdaReset+HardDistill,Hopper-v4,2
491369,reward,10493,43.347506536197606,56.369,P3O-dyn+AdaReset+HardDistill,Hopper-v4,2
491402,reward,10494,56.8226561146025,53.133,P3O-dyn+AdaReset+HardDistill,Hopper-v4,2
491453,reward,10495,73.18898611214658,55.658,P3O-dyn+AdaReset+HardDistill,Hopper-v4,2
491479,reward,10496,44.40980014306435,55.67,P3O-dyn+AdaReset+HardDistill,Hopper-v4,2
491510,reward,10497,52.074400416771454,51.592,P3O-dyn+AdaReset+HardDistill,Hopper-v4,2
491520,loss,-0.013805110938847065,39.32552719116211,P3O-dyn+AdaReset+HardDistill,Hopper-v4,2
491543,reward,10498,54.4624953934378,52.177,P3O-dyn+AdaReset+HardDistill,Hopper-v4,2
491575,reward,10499,55.18577954645164,52.414,P3O-dyn+AdaReset+HardDistill,Hopper-v4,2
491612,reward,10500,58.24629430192632,52.689,P3O-dyn+AdaReset+HardDistill,Hopper-v4,2
491641,reward,10501,50.22125853114801,53.296,P3O-dyn+AdaReset+HardDistill,Hopper-v4,2
491675,reward,10502,59.506126247781694,54.747,P3O-dyn+AdaReset+HardDistill,Hopper-v4,2
491706,reward,10503,54.72884751468141,55.885,P3O-dyn+AdaReset+HardDistill,Hopper-v4,2
491736,reward,10504,51.96151171289775,55.399,P3O-dyn+AdaReset+HardDistill,Hopper-v4,2
491770,reward,10505,56.89818307685566,53.769,P3O-dyn+AdaReset+HardDistill,Hopper-v4,2
491797,reward,10506,45.9303379254621,53.922,P3O-dyn+AdaReset+HardDistill,Hopper-v4,2
491823,reward,10507,45.91929666124387,53.306,P3O-dyn+AdaReset+HardDistill,Hopper-v4,2
491878,reward,10508,93.48586618527892,57.208,P3O-dyn+AdaReset+HardDistill,Hopper-v4,2
491907,reward,10509,50.67969499987613,56.758,P3O-dyn+AdaReset+HardDistill,Hopper-v4,2
491933,reward,10510,44.94286429384906,55.427,P3O-dyn+AdaReset+HardDistill,Hopper-v4,2
491965,reward,10511,54.27618364659183,55.833,P3O-dyn+AdaReset+HardDistill,Hopper-v4,2
491998,reward,10512,54.99983343501399,55.382,P3O-dyn+AdaReset+HardDistill,Hopper-v4,2
492029,reward,10513,53.801175651465726,55.289,P3O-dyn+AdaReset+HardDistill,Hopper-v4,2
492062,reward,10514,54.121649366674106,55.506,P3O-dyn+AdaReset+HardDistill,Hopper-v4,2
492089,reward,10515,47.4305173281225,54.559,P3O-dyn+AdaReset+HardDistill,Hopper-v4,2
492123,reward,10516,57.59364368476706,55.725,P3O-dyn+AdaReset+HardDistill,Hopper-v4,2
492161,reward,10517,67.65385684045961,57.899,P3O-dyn+AdaReset+HardDistill,Hopper-v4,2
492192,reward,10518,53.412647365540906,53.891,P3O-dyn+AdaReset+HardDistill,Hopper-v4,2
492225,reward,10519,56.70800034232179,54.494,P3O-dyn+AdaReset+HardDistill,Hopper-v4,2
492252,reward,10520,45.72923992553528,54.573,P3O-dyn+AdaReset+HardDistill,Hopper-v4,2
492286,reward,10521,57.99502873503609,54.945,P3O-dyn+AdaReset+HardDistill,Hopper-v4,2
492315,reward,10522,49.48453573883387,54.393,P3O-dyn+AdaReset+HardDistill,Hopper-v4,2
492345,reward,10523,50.039180438005445,54.017,P3O-dyn+AdaReset+HardDistill,Hopper-v4,2
492373,reward,10524,49.0407128707256,53.509,P3O-dyn+AdaReset+HardDistill,Hopper-v4,2
492405,reward,10525,55.95314442422634,54.361,P3O-dyn+AdaReset+HardDistill,Hopper-v4,2
492455,reward,10526,85.36154349342756,57.138,P3O-dyn+AdaReset+HardDistill,Hopper-v4,2
492488,reward,10527,56.17034598757627,55.989,P3O-dyn+AdaReset+HardDistill,Hopper-v4,2
492517,reward,10528,49.72413831801324,55.621,P3O-dyn+AdaReset+HardDistill,Hopper-v4,2
492548,reward,10529,54.198052062827855,55.37,P3O-dyn+AdaReset+HardDistill,Hopper-v4,2
492581,reward,10530,53.826996901890716,56.179,P3O-dyn+AdaReset+HardDistill,Hopper-v4,2
492625,reward,10531,75.11216527352593,57.891,P3O-dyn+AdaReset+HardDistill,Hopper-v4,2
492653,reward,10532,48.78594952975608,57.821,P3O-dyn+AdaReset+HardDistill,Hopper-v4,2
492683,reward,10533,53.39740043252755,58.157,P3O-dyn+AdaReset+HardDistill,Hopper-v4,2
492709,reward,10534,44.3378589794939,57.687,P3O-dyn+AdaReset+HardDistill,Hopper-v4,2
492742,reward,10535,56.93839486761719,57.785,P3O-dyn+AdaReset+HardDistill,Hopper-v4,2
492788,reward,10536,67.02912009106716,55.952,P3O-dyn+AdaReset+HardDistill,Hopper-v4,2
492816,reward,10537,47.936857347261,55.129,P3O-dyn+AdaReset+HardDistill,Hopper-v4,2
492843,reward,10538,45.97542486968893,54.754,P3O-dyn+AdaReset+HardDistill,Hopper-v4,2
492898,reward,10539,94.28060111010878,58.762,P3O-dyn+AdaReset+HardDistill,Hopper-v4,2
492926,reward,10540,47.43364595710876,58.123,P3O-dyn+AdaReset+HardDistill,Hopper-v4,2
492956,reward,10541,52.91770849525496,55.903,P3O-dyn+AdaReset+HardDistill,Hopper-v4,2
492986,reward,10542,50.77866348106154,56.103,P3O-dyn+AdaReset+HardDistill,Hopper-v4,2
493017,reward,10543,53.93255196321571,56.156,P3O-dyn+AdaReset+HardDistill,Hopper-v4,2
493047,reward,10544,50.25685457214221,56.748,P3O-dyn+AdaReset+HardDistill,Hopper-v4,2
493085,reward,10545,66.87966247433368,57.742,P3O-dyn+AdaReset+HardDistill,Hopper-v4,2
493127,reward,10546,73.19778017958788,58.359,P3O-dyn+AdaReset+HardDistill,Hopper-v4,2
493153,reward,10547,44.79069864489843,58.044,P3O-dyn+AdaReset+HardDistill,Hopper-v4,2
493196,reward,10548,74.84250984230567,60.931,P3O-dyn+AdaReset+HardDistill,Hopper-v4,2
493225,reward,10549,48.973317393213044,56.4,P3O-dyn+AdaReset+HardDistill,Hopper-v4,2
493266,reward,10550,71.13881905858305,58.771,P3O-dyn+AdaReset+HardDistill,Hopper-v4,2
493296,reward,10551,52.68926403006232,58.748,P3O-dyn+AdaReset+HardDistill,Hopper-v4,2
493324,reward,10552,47.735294615315524,58.444,P3O-dyn+AdaReset+HardDistill,Hopper-v4,2
493353,reward,10553,49.5517678364781,58.006,P3O-dyn+AdaReset+HardDistill,Hopper-v4,2
493381,reward,10554,47.722360231076195,57.752,P3O-dyn+AdaReset+HardDistill,Hopper-v4,2
493410,reward,10555,50.50229279931812,56.114,P3O-dyn+AdaReset+HardDistill,Hopper-v4,2
493439,reward,10556,48.145895262275914,53.609,P3O-dyn+AdaReset+HardDistill,Hopper-v4,2
493468,reward,10557,49.19631810621111,54.05,P3O-dyn+AdaReset+HardDistill,Hopper-v4,2
493496,reward,10558,47.0483029503369,51.27,P3O-dyn+AdaReset+HardDistill,Hopper-v4,2
493530,reward,10559,59.6952625650104,52.343,P3O-dyn+AdaReset+HardDistill,Hopper-v4,2
493582,reward,10560,88.42449108509328,54.071,P3O-dyn+AdaReset+HardDistill,Hopper-v4,2
493611,reward,10561,49.60127778870957,53.762,P3O-dyn+AdaReset+HardDistill,Hopper-v4,2
493640,reward,10562,49.031369707162504,53.892,P3O-dyn+AdaReset+HardDistill,Hopper-v4,2
493725,reward,10563,155.3663251860118,64.473,P3O-dyn+AdaReset+HardDistill,Hopper-v4,2
493754,reward,10564,49.49771825797663,64.651,P3O-dyn+AdaReset+HardDistill,Hopper-v4,2
493788,reward,10565,59.02390018516553,65.503,P3O-dyn+AdaReset+HardDistill,Hopper-v4,2
493817,reward,10566,48.66847074698379,65.555,P3O-dyn+AdaReset+HardDistill,Hopper-v4,2
493853,reward,10567,64.8110069271776,67.117,P3O-dyn+AdaReset+HardDistill,Hopper-v4,2
493882,reward,10568,49.26001949506823,67.338,P3O-dyn+AdaReset+HardDistill,Hopper-v4,2
493937,reward,10569,95.90088952454764,70.959,P3O-dyn+AdaReset+HardDistill,Hopper-v4,2
493973,reward,10570,58.40591900827329,67.957,P3O-dyn+AdaReset+HardDistill,Hopper-v4,2
494002,reward,10571,48.53556750235416,67.85,P3O-dyn+AdaReset+HardDistill,Hopper-v4,2
494031,reward,10572,51.492963977333595,68.096,P3O-dyn+AdaReset+HardDistill,Hopper-v4,2
494063,reward,10573,56.09743542800847,58.169,P3O-dyn+AdaReset+HardDistill,Hopper-v4,2
494095,reward,10574,55.13100897064552,58.733,P3O-dyn+AdaReset+HardDistill,Hopper-v4,2
494129,reward,10575,58.29086099142374,58.659,P3O-dyn+AdaReset+HardDistill,Hopper-v4,2
494162,reward,10576,55.126016838494856,59.305,P3O-dyn+AdaReset+HardDistill,Hopper-v4,2
494188,reward,10577,44.388768612819234,57.263,P3O-dyn+AdaReset+HardDistill,Hopper-v4,2
494224,reward,10578,61.23598215816948,58.461,P3O-dyn+AdaReset+HardDistill,Hopper-v4,2
494255,reward,10579,50.86913581004845,53.957,P3O-dyn+AdaReset+HardDistill,Hopper-v4,2
494312,reward,10580,98.12854649149203,57.93,P3O-dyn+AdaReset+HardDistill,Hopper-v4,2
494340,reward,10581,48.04056293755005,57.88,P3O-dyn+AdaReset+HardDistill,Hopper-v4,2
494374,reward,10582,56.85300885369861,58.416,P3O-dyn+AdaReset+HardDistill,Hopper-v4,2
494408,reward,10583,58.92792293482373,58.699,P3O-dyn+AdaReset+HardDistill,Hopper-v4,2
494445,reward,10584,63.43670332083972,59.53,P3O-dyn+AdaReset+HardDistill,Hopper-v4,2
494479,reward,10585,59.484888063500094,59.649,P3O-dyn+AdaReset+HardDistill,Hopper-v4,2
494518,reward,10586,66.38278568871472,60.775,P3O-dyn+AdaReset+HardDistill,Hopper-v4,2
494551,reward,10587,56.930116592447405,62.029,P3O-dyn+AdaReset+HardDistill,Hopper-v4,2
494583,reward,10588,53.34627697053089,61.24,P3O-dyn+AdaReset+HardDistill,Hopper-v4,2
494624,reward,10589,72.56894745105218,63.41,P3O-dyn+AdaReset+HardDistill,Hopper-v4,2
494674,reward,10590,87.01355453393285,62.298,P3O-dyn+AdaReset+HardDistill,Hopper-v4,2
494700,reward,10591,45.00728652076765,61.995,P3O-dyn+AdaReset+HardDistill,Hopper-v4,2
494741,reward,10592,74.22255634570455,63.732,P3O-dyn+AdaReset+HardDistill,Hopper-v4,2
494780,reward,10593,69.10149625307847,64.749,P3O-dyn+AdaReset+HardDistill,Hopper-v4,2
494810,reward,10594,50.92448443412163,63.498,P3O-dyn+AdaReset+HardDistill,Hopper-v4,2
494842,reward,10595,53.88865996889922,62.939,P3O-dyn+AdaReset+HardDistill,Hopper-v4,2
494881,reward,10596,69.40225325967734,63.241,P3O-dyn+AdaReset+HardDistill,Hopper-v4,2
494910,reward,10597,49.15944983113132,62.463,P3O-dyn+AdaReset+HardDistill,Hopper-v4,2
494952,reward,10598,70.92508660694719,64.221,P3O-dyn+AdaReset+HardDistill,Hopper-v4,2
494984,reward,10599,55.01328840591114,62.466,P3O-dyn+AdaReset+HardDistill,Hopper-v4,2
495012,reward,10600,48.15552476843973,58.58,P3O-dyn+AdaReset+HardDistill,Hopper-v4,2
495043,reward,10601,52.29355206798688,59.309,P3O-dyn+AdaReset+HardDistill,Hopper-v4,2
495075,reward,10602,54.53086318144962,57.339,P3O-dyn+AdaReset+HardDistill,Hopper-v4,2
495115,reward,10603,68.34016906118953,57.263,P3O-dyn+AdaReset+HardDistill,Hopper-v4,2
495141,reward,10604,45.50609149388788,56.721,P3O-dyn+AdaReset+HardDistill,Hopper-v4,2
495184,reward,10605,74.77918866068342,58.811,P3O-dyn+AdaReset+HardDistill,Hopper-v4,2
495211,reward,10606,45.564446661273934,56.427,P3O-dyn+AdaReset+HardDistill,Hopper-v4,2
495241,reward,10607,50.43286534276071,56.554,P3O-dyn+AdaReset+HardDistill,Hopper-v4,2
495270,reward,10608,49.19382522589786,54.381,P3O-dyn+AdaReset+HardDistill,Hopper-v4,2
495297,reward,10609,46.33686745578413,53.513,P3O-dyn+AdaReset+HardDistill,Hopper-v4,2
495328,reward,10610,55.246308306107196,54.222,P3O-dyn+AdaReset+HardDistill,Hopper-v4,2
495354,reward,10611,43.831492108347916,53.376,P3O-dyn+AdaReset+HardDistill,Hopper-v4,2
495388,reward,10612,61.04546541420785,54.028,P3O-dyn+AdaReset+HardDistill,Hopper-v4,2
495421,reward,10613,53.41846382314275,52.536,P3O-dyn+AdaReset+HardDistill,Hopper-v4,2
495453,reward,10614,55.630232851876926,53.548,P3O-dyn+AdaReset+HardDistill,Hopper-v4,2
495483,reward,10615,51.929054919924994,51.263,P3O-dyn+AdaReset+HardDistill,Hopper-v4,2
495522,reward,10616,68.39678957200285,53.546,P3O-dyn+AdaReset+HardDistill,Hopper-v4,2
495555,reward,10617,57.62665037519088,54.266,P3O-dyn+AdaReset+HardDistill,Hopper-v4,2
495586,reward,10618,55.0406391132437,54.85,P3O-dyn+AdaReset+HardDistill,Hopper-v4,2
495615,reward,10619,50.50014267050782,55.267,P3O-dyn+AdaReset+HardDistill,Hopper-v4,2
495671,reward,10620,97.39864595281354,59.482,P3O-dyn+AdaReset+HardDistill,Hopper-v4,2
495700,reward,10621,49.58196943746053,60.057,P3O-dyn+AdaReset+HardDistill,Hopper-v4,2
495739,reward,10622,67.18344852432887,60.671,P3O-dyn+AdaReset+HardDistill,Hopper-v4,2
495769,reward,10623,52.610962468267694,60.59,P3O-dyn+AdaReset+HardDistill,Hopper-v4,2
495800,reward,10624,53.44474749133751,60.371,P3O-dyn+AdaReset+HardDistill,Hopper-v4,2
495829,reward,10625,49.52850910052796,60.131,P3O-dyn+AdaReset+HardDistill,Hopper-v4,2
495855,reward,10626,44.81774284625585,57.773,P3O-dyn+AdaReset+HardDistill,Hopper-v4,2
495888,reward,10627,55.92567637703118,57.603,P3O-dyn+AdaReset+HardDistill,Hopper-v4,2
495917,reward,10628,49.79172988969548,57.078,P3O-dyn+AdaReset+HardDistill,Hopper-v4,2
495960,reward,10629,72.90873321539775,59.319,P3O-dyn+AdaReset+HardDistill,Hopper-v4,2
495990,reward,10630,51.28630567492681,54.708,P3O-dyn+AdaReset+HardDistill,Hopper-v4,2
496022,reward,10631,56.270553548529904,55.377,P3O-dyn+AdaReset+HardDistill,Hopper-v4,2
496051,reward,10632,49.01232631023895,53.56,P3O-dyn+AdaReset+HardDistill,Hopper-v4,2
496078,reward,10633,46.51191559823775,52.95,P3O-dyn+AdaReset+HardDistill,Hopper-v4,2
496108,reward,10634,50.62526418599237,52.668,P3O-dyn+AdaReset+HardDistill,Hopper-v4,2
496137,reward,10635,48.97909365803338,52.613,P3O-dyn+AdaReset+HardDistill,Hopper-v4,2
496186,reward,10636,83.72018712621265,56.503,P3O-dyn+AdaReset+HardDistill,Hopper-v4,2
496214,reward,10637,47.390921432874265,55.65,P3O-dyn+AdaReset+HardDistill,Hopper-v4,2
496242,reward,10638,48.74520692872688,55.545,P3O-dyn+AdaReset+HardDistill,Hopper-v4,2
496274,reward,10639,55.68224848805711,53.822,P3O-dyn+AdaReset+HardDistill,Hopper-v4,2
496302,reward,10640,47.42631470246801,53.436,P3O-dyn+AdaReset+HardDistill,Hopper-v4,2
496356,reward,10641,92.47801620620461,57.057,P3O-dyn+AdaReset+HardDistill,Hopper-v4,2
496383,reward,10642,44.97489832368709,56.653,P3O-dyn+AdaReset+HardDistill,Hopper-v4,2
496423,reward,10643,68.65505454430041,58.868,P3O-dyn+AdaReset+HardDistill,Hopper-v4,2
496457,reward,10644,58.26037842178956,59.631,P3O-dyn+AdaReset+HardDistill,Hopper-v4,2
496492,reward,10645,59.790074377304144,60.712,P3O-dyn+AdaReset+HardDistill,Hopper-v4,2
496523,reward,10646,54.13072085669761,57.753,P3O-dyn+AdaReset+HardDistill,Hopper-v4,2
496573,reward,10647,88.80275622196105,61.895,P3O-dyn+AdaReset+HardDistill,Hopper-v4,2
496600,reward,10648,46.25270250148486,61.645,P3O-dyn+AdaReset+HardDistill,Hopper-v4,2
496629,reward,10649,48.980905639431136,60.975,P3O-dyn+AdaReset+HardDistill,Hopper-v4,2
496664,reward,10650,54.97722688619403,61.73,P3O-dyn+AdaReset+HardDistill,Hopper-v4,2
496695,reward,10651,51.79792680916123,57.662,P3O-dyn+AdaReset+HardDistill,Hopper-v4,2
496737,reward,10652,71.11043139120397,60.276,P3O-dyn+AdaReset+HardDistill,Hopper-v4,2
496775,reward,10653,62.93701093290009,59.704,P3O-dyn+AdaReset+HardDistill,Hopper-v4,2
496814,reward,10654,68.27536125549236,60.706,P3O-dyn+AdaReset+HardDistill,Hopper-v4,2
496843,reward,10655,50.98321398730966,59.825,P3O-dyn+AdaReset+HardDistill,Hopper-v4,2
496872,reward,10656,50.23403053052541,59.435,P3O-dyn+AdaReset+HardDistill,Hopper-v4,2
496905,reward,10657,58.558015998824594,56.411,P3O-dyn+AdaReset+HardDistill,Hopper-v4,2
496943,reward,10658,65.21669247835058,58.307,P3O-dyn+AdaReset+HardDistill,Hopper-v4,2
496981,reward,10659,67.36589197174042,60.146,P3O-dyn+AdaReset+HardDistill,Hopper-v4,2
497013,reward,10660,55.63156183505139,60.211,P3O-dyn+AdaReset+HardDistill,Hopper-v4,2
497045,reward,10661,55.87725186207862,60.619,P3O-dyn+AdaReset+HardDistill,Hopper-v4,2
497080,reward,10662,59.11502848746282,59.419,P3O-dyn+AdaReset+HardDistill,Hopper-v4,2
497106,reward,10663,45.36750991671245,57.662,P3O-dyn+AdaReset+HardDistill,Hopper-v4,2
497139,reward,10664,57.52462092603555,56.587,P3O-dyn+AdaReset+HardDistill,Hopper-v4,2
497173,reward,10665,57.827841062772364,57.272,P3O-dyn+AdaReset+HardDistill,Hopper-v4,2
497204,reward,10666,54.733516293466494,57.722,P3O-dyn+AdaReset+HardDistill,Hopper-v4,2
497237,reward,10667,56.028002343149375,57.469,P3O-dyn+AdaReset+HardDistill,Hopper-v4,2
497267,reward,10668,50.86353334809737,56.033,P3O-dyn+AdaReset+HardDistill,Hopper-v4,2
497294,reward,10669,46.35221834103343,53.932,P3O-dyn+AdaReset+HardDistill,Hopper-v4,2
497333,reward,10670,65.91905275022022,54.961,P3O-dyn+AdaReset+HardDistill,Hopper-v4,2
497366,reward,10671,55.50592100831722,54.924,P3O-dyn+AdaReset+HardDistill,Hopper-v4,2
497406,reward,10672,69.59143121583021,55.971,P3O-dyn+AdaReset+HardDistill,Hopper-v4,2
497431,reward,10673,43.801343034361395,55.815,P3O-dyn+AdaReset+HardDistill,Hopper-v4,2
497468,reward,10674,67.20005650540519,56.782,P3O-dyn+AdaReset+HardDistill,Hopper-v4,2
497497,reward,10675,50.633796230211615,56.063,P3O-dyn+AdaReset+HardDistill,Hopper-v4,2
497529,reward,10676,53.84884155377088,55.974,P3O-dyn+AdaReset+HardDistill,Hopper-v4,2
497562,reward,10677,58.76420393846364,56.248,P3O-dyn+AdaReset+HardDistill,Hopper-v4,2
497592,reward,10678,52.956063861987765,56.457,P3O-dyn+AdaReset+HardDistill,Hopper-v4,2
497624,reward,10679,55.1013337987594,57.332,P3O-dyn+AdaReset+HardDistill,Hopper-v4,2
497655,reward,10680,50.960000533576,55.836,P3O-dyn+AdaReset+HardDistill,Hopper-v4,2
497686,reward,10681,51.64028933046612,55.45,P3O-dyn+AdaReset+HardDistill,Hopper-v4,2
497714,reward,10682,47.76198994818029,53.267,P3O-dyn+AdaReset+HardDistill,Hopper-v4,2
497761,reward,10683,83.48474531541635,57.235,P3O-dyn+AdaReset+HardDistill,Hopper-v4,2
497802,reward,10684,70.66622290727635,57.582,P3O-dyn+AdaReset+HardDistill,Hopper-v4,2
497835,reward,10685,57.388028482615894,58.257,P3O-dyn+AdaReset+HardDistill,Hopper-v4,2
497865,reward,10686,50.86989953647278,57.959,P3O-dyn+AdaReset+HardDistill,Hopper-v4,2
497892,reward,10687,45.70677584771784,56.654,P3O-dyn+AdaReset+HardDistill,Hopper-v4,2
497922,reward,10688,50.795567396124426,56.437,P3O-dyn+AdaReset+HardDistill,Hopper-v4,2
497951,reward,10689,49.23095306872107,55.85,P3O-dyn+AdaReset+HardDistill,Hopper-v4,2
497981,reward,10690,51.64827418912148,55.919,P3O-dyn+AdaReset+HardDistill,Hopper-v4,2
498010,reward,10691,48.99208471620283,55.654,P3O-dyn+AdaReset+HardDistill,Hopper-v4,2
498041,reward,10692,52.79416066784121,56.158,P3O-dyn+AdaReset+HardDistill,Hopper-v4,2
498070,reward,10693,51.73350036861015,52.983,P3O-dyn+AdaReset+HardDistill,Hopper-v4,2
498099,reward,10694,50.64907544441789,50.981,P3O-dyn+AdaReset+HardDistill,Hopper-v4,2
498144,reward,10695,77.99306173220602,53.041,P3O-dyn+AdaReset+HardDistill,Hopper-v4,2
498172,reward,10696,47.59264360389353,52.714,P3O-dyn+AdaReset+HardDistill,Hopper-v4,2
498202,reward,10697,51.86695614892956,53.33,P3O-dyn+AdaReset+HardDistill,Hopper-v4,2
498238,reward,10698,63.24523519596267,54.575,P3O-dyn+AdaReset+HardDistill,Hopper-v4,2
498277,reward,10699,68.05225203640914,56.457,P3O-dyn+AdaReset+HardDistill,Hopper-v4,2
498305,reward,10700,47.43555227031743,56.035,P3O-dyn+AdaReset+HardDistill,Hopper-v4,2
498337,reward,10701,54.06147299025265,56.542,P3O-dyn+AdaReset+HardDistill,Hopper-v4,2
498368,reward,10702,51.73046673459856,56.436,P3O-dyn+AdaReset+HardDistill,Hopper-v4,2
498405,reward,10703,63.74874136770086,57.638,P3O-dyn+AdaReset+HardDistill,Hopper-v4,2
498463,reward,10704,102.22983456585305,62.796,P3O-dyn+AdaReset+HardDistill,Hopper-v4,2
498525,reward,10705,109.40796014292266,65.937,P3O-dyn+AdaReset+HardDistill,Hopper-v4,2
498558,reward,10706,54.857697834742,66.664,P3O-dyn+AdaReset+HardDistill,Hopper-v4,2
498584,reward,10707,44.01358417371084,65.878,P3O-dyn+AdaReset+HardDistill,Hopper-v4,2
498619,reward,10708,60.27579646519835,65.581,P3O-dyn+AdaReset+HardDistill,Hopper-v4,2
498655,reward,10709,63.653403116992884,65.141,P3O-dyn+AdaReset+HardDistill,Hopper-v4,2
498686,reward,10710,51.90861557450773,65.589,P3O-dyn+AdaReset+HardDistill,Hopper-v4,2
498712,reward,10711,45.54724104038106,64.737,P3O-dyn+AdaReset+HardDistill,Hopper-v4,2
498744,reward,10712,56.84318652137023,65.249,P3O-dyn+AdaReset+HardDistill,Hopper-v4,2
498775,reward,10713,53.57115225072003,64.231,P3O-dyn+AdaReset+HardDistill,Hopper-v4,2
498807,reward,10714,54.33186031524723,59.441,P3O-dyn+AdaReset+HardDistill,Hopper-v4,2
498838,reward,10715,52.104715819549014,53.711,P3O-dyn+AdaReset+HardDistill,Hopper-v4,2
498874,reward,10716,63.20513771995065,54.545,P3O-dyn+AdaReset+HardDistill,Hopper-v4,2
498920,reward,10717,60.6620601558014,56.21,P3O-dyn+AdaReset+HardDistill,Hopper-v4,2
498959,reward,10718,66.40854657909786,56.824,P3O-dyn+AdaReset+HardDistill,Hopper-v4,2
498991,reward,10719,53.40443233135747,55.799,P3O-dyn+AdaReset+HardDistill,Hopper-v4,2
499032,reward,10720,70.52741899610794,57.661,P3O-dyn+AdaReset+HardDistill,Hopper-v4,2
499063,reward,10721,51.76356093958678,58.282,P3O-dyn+AdaReset+HardDistill,Hopper-v4,2
499094,reward,10722,52.91408434251867,57.889,P3O-dyn+AdaReset+HardDistill,Hopper-v4,2
499122,reward,10723,47.39997780077207,57.272,P3O-dyn+AdaReset+HardDistill,Hopper-v4,2
499154,reward,10724,57.143184569647175,57.553,P3O-dyn+AdaReset+HardDistill,Hopper-v4,2
499229,reward,10725,141.78766296674092,66.522,P3O-dyn+AdaReset+HardDistill,Hopper-v4,2
499259,reward,10726,50.629008532192,65.264,P3O-dyn+AdaReset+HardDistill,Hopper-v4,2
499294,reward,10727,60.491909795353095,65.247,P3O-dyn+AdaReset+HardDistill,Hopper-v4,2
499320,reward,10728,44.137283904852005,63.02,P3O-dyn+AdaReset+HardDistill,Hopper-v4,2
499348,reward,10729,47.96853389655575,62.476,P3O-dyn+AdaReset+HardDistill,Hopper-v4,2
499397,reward,10730,84.1925502592827,63.843,P3O-dyn+AdaReset+HardDistill,Hopper-v4,2
499426,reward,10731,49.317559388889855,63.598,P3O-dyn+AdaReset+HardDistill,Hopper-v4,2
499465,reward,10732,68.00078257812459,65.107,P3O-dyn+AdaReset+HardDistill,Hopper-v4,2
499516,reward,10733,88.2118877088998,69.188,P3O-dyn+AdaReset+HardDistill,Hopper-v4,2
499547,reward,10734,54.06779391051251,68.88,P3O-dyn+AdaReset+HardDistill,Hopper-v4,2
499580,reward,10735,57.73167672548288,60.475,P3O-dyn+AdaReset+HardDistill,Hopper-v4,2
499607,reward,10736,46.47666889672847,60.06,P3O-dyn+AdaReset+HardDistill,Hopper-v4,2
499636,reward,10737,48.92387994966144,58.903,P3O-dyn+AdaReset+HardDistill,Hopper-v4,2
499669,reward,10738,57.38859996066236,60.228,P3O-dyn+AdaReset+HardDistill,Hopper-v4,2
499697,reward,10739,48.74006671514845,60.305,P3O-dyn+AdaReset+HardDistill,Hopper-v4,2
499712,loss,-0.013883390463888645,26.99913215637207,P3O-dyn+AdaReset+HardDistill,Hopper-v4,2
499730,reward,10740,54.75402966986445,57.361,P3O-dyn+AdaReset+HardDistill,Hopper-v4,2
499758,reward,10741,48.63341089216462,57.293,P3O-dyn+AdaReset+HardDistill,Hopper-v4,2
499788,reward,10742,51.90840526695085,55.684,P3O-dyn+AdaReset+HardDistill,Hopper-v4,2
499821,reward,10743,57.41869107783578,52.604,P3O-dyn+AdaReset+HardDistill,Hopper-v4,2
499854,reward,10744,58.6200073130192,53.06,P3O-dyn+AdaReset+HardDistill,Hopper-v4,2
499887,reward,10745,57.06779913717455,52.993,P3O-dyn+AdaReset+HardDistill,Hopper-v4,2
499915,reward,10746,48.98152004846961,53.244,P3O-dyn+AdaReset+HardDistill,Hopper-v4,2
499948,reward,10747,56.63080152259188,54.014,P3O-dyn+AdaReset+HardDistill,Hopper-v4,2
499998,reward,10748,87.75651086410271,57.051,P3O-dyn+AdaReset+HardDistill,Hopper-v4,2
500000,speed,2025.25,4.1,P3O-dyn+AdaReset+HardDistill,Hopper-v4,2
500000,sbp,0.4,0.2072,0.15,P3O-dyn+AdaReset+HardDistill,Hopper-v4,2,0.0173,1,2.333636,1.26485,0.017198,0.014434,4.243546,4.249355,0.844991,0.191518,0.001369,0.912296,1.516003,0.001374,0.000577,1,periodic,0.001305,0.025,0.15,0.0,0.15,0.001305,0.001305,0.001305,0.007254,0.007258,0.007256,0,0.0,0.0,0.0
