step,tag
13,reward,1,10.061938924956692,10.062,PPO-RegenReg,Hopper-v4,4
27,reward,2,8.041161142314749,9.052,PPO-RegenReg,Hopper-v4,4
43,reward,3,13.22001596481787,10.441,PPO-RegenReg,Hopper-v4,4
61,reward,4,10.202731831089041,10.381,PPO-RegenReg,Hopper-v4,4
76,reward,5,13.240310888582876,10.953,PPO-RegenReg,Hopper-v4,4
88,reward,6,9.039911181823229,10.634,PPO-RegenReg,Hopper-v4,4
96,reward,7,6.0640864695008245,9.981,PPO-RegenReg,Hopper-v4,4
113,reward,8,11.576256855731303,10.181,PPO-RegenReg,Hopper-v4,4
123,reward,9,7.284214524329408,9.859,PPO-RegenReg,Hopper-v4,4
135,reward,10,7.52496740581234,9.626,PPO-RegenReg,Hopper-v4,4
154,reward,11,17.359129740920594,10.355,PPO-RegenReg,Hopper-v4,4
166,reward,12,8.323477708845562,10.384,PPO-RegenReg,Hopper-v4,4
177,reward,13,5.9364569937029215,9.655,PPO-RegenReg,Hopper-v4,4
186,reward,14,7.563303019360829,9.391,PPO-RegenReg,Hopper-v4,4
203,reward,15,15.521348388341009,9.619,PPO-RegenReg,Hopper-v4,4
219,reward,16,12.547789473994715,9.97,PPO-RegenReg,Hopper-v4,4
247,reward,17,18.370074334418792,11.201,PPO-RegenReg,Hopper-v4,4
266,reward,18,17.846188536788635,11.828,PPO-RegenReg,Hopper-v4,4
278,reward,19,8.985192011960335,11.998,PPO-RegenReg,Hopper-v4,4
287,reward,20,6.564519240139903,11.902,PPO-RegenReg,Hopper-v4,4
295,reward,21,4.536968442121646,10.62,PPO-RegenReg,Hopper-v4,4
309,reward,22,13.193009501927072,11.106,PPO-RegenReg,Hopper-v4,4
330,reward,23,13.659224603795558,11.879,PPO-RegenReg,Hopper-v4,4
344,reward,24,9.81538033891101,12.104,PPO-RegenReg,Hopper-v4,4
372,reward,25,31.413483961509954,13.693,PPO-RegenReg,Hopper-v4,4
395,reward,26,18.51429390598345,14.29,PPO-RegenReg,Hopper-v4,4
406,reward,27,8.779551424081427,13.331,PPO-RegenReg,Hopper-v4,4
427,reward,28,18.890967358811924,13.435,PPO-RegenReg,Hopper-v4,4
446,reward,29,14.22054767521809,13.959,PPO-RegenReg,Hopper-v4,4
469,reward,30,26.017725282536325,15.904,PPO-RegenReg,Hopper-v4,4
497,reward,31,19.512800902077842,17.402,PPO-RegenReg,Hopper-v4,4
507,reward,32,4.548629105198957,16.537,PPO-RegenReg,Hopper-v4,4
528,reward,33,23.98152363573176,17.569,PPO-RegenReg,Hopper-v4,4
541,reward,34,10.45824236083403,17.634,PPO-RegenReg,Hopper-v4,4
553,reward,35,8.536616084156151,15.346,PPO-RegenReg,Hopper-v4,4
575,reward,36,17.690932239735933,15.264,PPO-RegenReg,Hopper-v4,4
588,reward,37,11.25801001597338,15.512,PPO-RegenReg,Hopper-v4,4
599,reward,38,9.8436955073247,14.607,PPO-RegenReg,Hopper-v4,4
617,reward,39,13.11617698815796,14.496,PPO-RegenReg,Hopper-v4,4
628,reward,40,7.562561112104342,12.651,PPO-RegenReg,Hopper-v4,4
672,reward,41,53.55408253617218,16.055,PPO-RegenReg,Hopper-v4,4
682,reward,42,5.888271339896965,16.189,PPO-RegenReg,Hopper-v4,4
699,reward,43,12.33876402567071,15.025,PPO-RegenReg,Hopper-v4,4
713,reward,44,12.462720293892001,15.225,PPO-RegenReg,Hopper-v4,4
730,reward,45,12.924909101208408,15.664,PPO-RegenReg,Hopper-v4,4
746,reward,46,11.619615823802155,15.057,PPO-RegenReg,Hopper-v4,4
757,reward,47,7.908831633298712,14.722,PPO-RegenReg,Hopper-v4,4
772,reward,48,11.590196492200414,14.897,PPO-RegenReg,Hopper-v4,4
786,reward,49,11.314076610763443,14.716,PPO-RegenReg,Hopper-v4,4
819,reward,50,31.02792340783837,17.063,PPO-RegenReg,Hopper-v4,4
843,reward,51,24.658378298770874,14.173,PPO-RegenReg,Hopper-v4,4
864,reward,52,22.58333720459875,15.843,PPO-RegenReg,Hopper-v4,4
878,reward,53,9.113375496672901,15.52,PPO-RegenReg,Hopper-v4,4
896,reward,54,7.88913149098862,15.063,PPO-RegenReg,Hopper-v4,4
906,reward,55,7.621909966914373,14.533,PPO-RegenReg,Hopper-v4,4
921,reward,56,7.697695878811125,14.14,PPO-RegenReg,Hopper-v4,4
939,reward,57,7.177509840320475,14.067,PPO-RegenReg,Hopper-v4,4
953,reward,58,9.950473853127608,13.903,PPO-RegenReg,Hopper-v4,4
961,reward,59,4.755567994433019,13.248,PPO-RegenReg,Hopper-v4,4
982,reward,60,12.552930093476716,11.4,PPO-RegenReg,Hopper-v4,4
997,reward,61,9.599126515811857,9.894,PPO-RegenReg,Hopper-v4,4
1013,reward,62,18.870094684885533,9.523,PPO-RegenReg,Hopper-v4,4
1023,reward,63,7.491329067021813,9.361,PPO-RegenReg,Hopper-v4,4
1033,reward,64,6.585109212775009,9.23,PPO-RegenReg,Hopper-v4,4
1045,reward,65,9.869294557614163,9.455,PPO-RegenReg,Hopper-v4,4
1057,reward,66,6.017767593546971,9.287,PPO-RegenReg,Hopper-v4,4
1094,reward,67,48.83214222059563,13.452,PPO-RegenReg,Hopper-v4,4
1118,reward,68,23.084583652582058,14.766,PPO-RegenReg,Hopper-v4,4
1146,reward,69,35.985044961868354,17.889,PPO-RegenReg,Hopper-v4,4
1159,reward,70,8.073488956170664,17.441,PPO-RegenReg,Hopper-v4,4
1173,reward,71,7.642973591183106,17.245,PPO-RegenReg,Hopper-v4,4
1187,reward,72,9.740758241863144,16.332,PPO-RegenReg,Hopper-v4,4
1201,reward,73,13.56989354703153,16.94,PPO-RegenReg,Hopper-v4,4
1234,reward,74,44.353723285737296,20.717,PPO-RegenReg,Hopper-v4,4
1245,reward,75,10.634108687820861,20.793,PPO-RegenReg,Hopper-v4,4
1255,reward,76,7.361861121579848,20.928,PPO-RegenReg,Hopper-v4,4
1266,reward,77,8.745966369890521,16.919,PPO-RegenReg,Hopper-v4,4
1326,reward,78,92.3330578937154,23.844,PPO-RegenReg,Hopper-v4,4
1335,reward,79,5.496058868952142,20.795,PPO-RegenReg,Hopper-v4,4
1350,reward,80,9.277275511973361,20.916,PPO-RegenReg,Hopper-v4,4
1364,reward,81,10.44391370184819,21.196,PPO-RegenReg,Hopper-v4,4
1379,reward,82,11.036610760407985,21.325,PPO-RegenReg,Hopper-v4,4
1390,reward,83,6.542033777965635,20.622,PPO-RegenReg,Hopper-v4,4
1416,reward,84,23.015279574950956,18.489,PPO-RegenReg,Hopper-v4,4
1441,reward,85,17.670128891771487,19.192,PPO-RegenReg,Hopper-v4,4
1461,reward,86,19.19316268656333,20.375,PPO-RegenReg,Hopper-v4,4
1534,reward,87,121.77184868094733,31.678,PPO-RegenReg,Hopper-v4,4
1546,reward,88,10.494773010741998,23.494,PPO-RegenReg,Hopper-v4,4
1569,reward,89,11.604424881380908,24.105,PPO-RegenReg,Hopper-v4,4
1579,reward,90,6.400065665974116,23.817,PPO-RegenReg,Hopper-v4,4
1598,reward,91,18.07073927522313,24.58,PPO-RegenReg,Hopper-v4,4
1613,reward,92,11.165196113302702,24.593,PPO-RegenReg,Hopper-v4,4
1638,reward,93,27.879822563387773,26.727,PPO-RegenReg,Hopper-v4,4
1650,reward,94,7.449582089055925,25.17,PPO-RegenReg,Hopper-v4,4
1669,reward,95,13.602074194033998,24.763,PPO-RegenReg,Hopper-v4,4
1681,reward,96,8.390727243254288,23.683,PPO-RegenReg,Hopper-v4,4
1696,reward,97,13.630048807249754,12.869,PPO-RegenReg,Hopper-v4,4
1720,reward,98,10.007730841019981,12.82,PPO-RegenReg,Hopper-v4,4
1733,reward,99,8.822215572872269,12.542,PPO-RegenReg,Hopper-v4,4
1740,reward,100,4.98045073899355,12.4,PPO-RegenReg,Hopper-v4,4
1752,reward,101,8.129164238481918,11.406,PPO-RegenReg,Hopper-v4,4
1778,reward,102,25.907492318561356,12.88,PPO-RegenReg,Hopper-v4,4
1787,reward,103,6.402123126400777,10.732,PPO-RegenReg,Hopper-v4,4
1812,reward,104,29.60197712634913,12.947,PPO-RegenReg,Hopper-v4,4
1830,reward,105,12.451915664080873,12.832,PPO-RegenReg,Hopper-v4,4
1857,reward,106,32.402721789020156,15.234,PPO-RegenReg,Hopper-v4,4
1879,reward,107,18.875500820437402,15.758,PPO-RegenReg,Hopper-v4,4
1889,reward,108,4.688320518346396,15.226,PPO-RegenReg,Hopper-v4,4
1905,reward,109,12.42380449120135,15.586,PPO-RegenReg,Hopper-v4,4
1917,reward,110,8.542841620793924,15.943,PPO-RegenReg,Hopper-v4,4
1937,reward,111,12.125112351389713,16.342,PPO-RegenReg,Hopper-v4,4
2000,reward,112,71.11185460731886,20.863,PPO-RegenReg,Hopper-v4,4
2007,reward,113,4.712479897224413,20.694,PPO-RegenReg,Hopper-v4,4
2020,reward,114,11.84489975377681,18.918,PPO-RegenReg,Hopper-v4,4
2037,reward,115,14.054345629804114,19.078,PPO-RegenReg,Hopper-v4,4
2055,reward,116,15.151884308633553,17.353,PPO-RegenReg,Hopper-v4,4
2071,reward,117,12.031594583327045,16.669,PPO-RegenReg,Hopper-v4,4
2082,reward,118,9.226993407998275,17.123,PPO-RegenReg,Hopper-v4,4
2135,reward,119,83.44689017934712,24.225,PPO-RegenReg,Hopper-v4,4
2145,reward,120,5.674150446454557,23.938,PPO-RegenReg,Hopper-v4,4
2161,reward,121,7.944013315657422,23.52,PPO-RegenReg,Hopper-v4,4
2171,reward,122,6.955160266327964,17.104,PPO-RegenReg,Hopper-v4,4
2190,reward,123,22.56914699075286,18.89,PPO-RegenReg,Hopper-v4,4
2212,reward,124,23.152186345703235,20.021,PPO-RegenReg,Hopper-v4,4
2225,reward,125,9.78672019149455,19.594,PPO-RegenReg,Hopper-v4,4
2237,reward,126,5.346688082023879,18.613,PPO-RegenReg,Hopper-v4,4
2258,reward,127,22.605409019166295,19.671,PPO-RegenReg,Hopper-v4,4
2273,reward,128,15.009011782781236,20.249,PPO-RegenReg,Hopper-v4,4
2287,reward,129,11.220988391284946,13.026,PPO-RegenReg,Hopper-v4,4
2300,reward,130,6.503365376661266,13.109,PPO-RegenReg,Hopper-v4,4
2324,reward,131,13.376610221259797,13.653,PPO-RegenReg,Hopper-v4,4
2357,reward,132,32.362559853399866,16.193,PPO-RegenReg,Hopper-v4,4
2379,reward,133,29.616958684490914,16.898,PPO-RegenReg,Hopper-v4,4
2398,reward,134,17.980567243769688,16.381,PPO-RegenReg,Hopper-v4,4
2406,reward,135,6.108589104101692,16.013,PPO-RegenReg,Hopper-v4,4
2423,reward,136,17.951890954259678,17.274,PPO-RegenReg,Hopper-v4,4
2457,reward,137,40.03292382767158,19.016,PPO-RegenReg,Hopper-v4,4
2469,reward,138,7.223271683568413,18.238,PPO-RegenReg,Hopper-v4,4
2507,reward,139,53.221634832276365,22.438,PPO-RegenReg,Hopper-v4,4
2521,reward,140,13.52719520021489,23.14,PPO-RegenReg,Hopper-v4,4
2528,reward,141,5.04248867519193,22.307,PPO-RegenReg,Hopper-v4,4
2551,reward,142,20.71777876155922,21.142,PPO-RegenReg,Hopper-v4,4
2580,reward,143,29.98799651231587,21.179,PPO-RegenReg,Hopper-v4,4
2598,reward,144,14.509727866215552,20.832,PPO-RegenReg,Hopper-v4,4
2619,reward,145,10.98895418742221,21.32,PPO-RegenReg,Hopper-v4,4
2644,reward,146,29.51350253774559,22.477,PPO-RegenReg,Hopper-v4,4
2655,reward,147,6.9534538467692695,19.169,PPO-RegenReg,Hopper-v4,4
2668,reward,148,7.280058226532222,19.174,PPO-RegenReg,Hopper-v4,4
2685,reward,149,14.275692094013806,15.28,PPO-RegenReg,Hopper-v4,4
2707,reward,150,16.77153536065445,15.604,PPO-RegenReg,Hopper-v4,4
2722,reward,151,9.311934287363076,16.031,PPO-RegenReg,Hopper-v4,4
2737,reward,152,10.011744253387482,14.96,PPO-RegenReg,Hopper-v4,4
2755,reward,153,16.09067034044333,13.571,PPO-RegenReg,Hopper-v4,4
2763,reward,154,4.788626250692162,12.599,PPO-RegenReg,Hopper-v4,4
2782,reward,155,12.740399583909966,12.774,PPO-RegenReg,Hopper-v4,4
2798,reward,156,6.193688624998501,10.442,PPO-RegenReg,Hopper-v4,4
2813,reward,157,10.124983075713473,10.759,PPO-RegenReg,Hopper-v4,4
2829,reward,158,13.743765617373473,11.405,PPO-RegenReg,Hopper-v4,4
2842,reward,159,11.943203793897787,11.172,PPO-RegenReg,Hopper-v4,4
2850,reward,160,5.392143336876868,10.034,PPO-RegenReg,Hopper-v4,4
2875,reward,161,17.19821715260072,10.823,PPO-RegenReg,Hopper-v4,4
2888,reward,162,7.565600274359448,10.578,PPO-RegenReg,Hopper-v4,4
2901,reward,163,9.665360152545158,9.936,PPO-RegenReg,Hopper-v4,4
2910,reward,164,7.082345161214674,10.165,PPO-RegenReg,Hopper-v4,4
2929,reward,165,7.945657577570729,9.685,PPO-RegenReg,Hopper-v4,4
2938,reward,166,5.840324415278954,9.65,PPO-RegenReg,Hopper-v4,4
2950,reward,167,4.708237381844018,9.108,PPO-RegenReg,Hopper-v4,4
2965,reward,168,13.59449528919958,9.094,PPO-RegenReg,Hopper-v4,4
2979,reward,169,8.583359508818514,8.758,PPO-RegenReg,Hopper-v4,4
2993,reward,170,11.9931320556691,9.418,PPO-RegenReg,Hopper-v4,4
3002,reward,171,4.226652690467177,8.121,PPO-RegenReg,Hopper-v4,4
3015,reward,172,10.209886864824114,8.385,PPO-RegenReg,Hopper-v4,4
3034,reward,173,11.246337760976704,8.543,PPO-RegenReg,Hopper-v4,4
3046,reward,174,5.9478455787490505,8.43,PPO-RegenReg,Hopper-v4,4
3071,reward,175,13.37122889884031,8.972,PPO-RegenReg,Hopper-v4,4
3081,reward,176,8.840561912711925,9.272,PPO-RegenReg,Hopper-v4,4
3093,reward,177,7.3875388691208395,9.54,PPO-RegenReg,Hopper-v4,4
3109,reward,178,14.002407435884411,9.581,PPO-RegenReg,Hopper-v4,4
3142,reward,179,15.324038644818849,10.255,PPO-RegenReg,Hopper-v4,4
3171,reward,180,29.542226529622162,12.01,PPO-RegenReg,Hopper-v4,4
3184,reward,181,11.12345271067604,12.7,PPO-RegenReg,Hopper-v4,4
3210,reward,182,19.308248973726243,13.609,PPO-RegenReg,Hopper-v4,4
3224,reward,183,7.168694833614347,13.202,PPO-RegenReg,Hopper-v4,4
3235,reward,184,9.504795014137377,13.557,PPO-RegenReg,Hopper-v4,4
3272,reward,185,30.2288182628907,15.243,PPO-RegenReg,Hopper-v4,4
3287,reward,186,14.351969024975437,15.794,PPO-RegenReg,Hopper-v4,4
3297,reward,187,7.687643059770125,15.824,PPO-RegenReg,Hopper-v4,4
3318,reward,188,17.347914059285202,16.159,PPO-RegenReg,Hopper-v4,4
3341,reward,189,26.032484838376057,17.23,PPO-RegenReg,Hopper-v4,4
3366,reward,190,26.551315737061767,16.931,PPO-RegenReg,Hopper-v4,4
3379,reward,191,8.309226054406036,16.649,PPO-RegenReg,Hopper-v4,4
3394,reward,192,11.849263040113263,15.903,PPO-RegenReg,Hopper-v4,4
3406,reward,193,10.304759812251751,16.217,PPO-RegenReg,Hopper-v4,4
3417,reward,194,8.077586650414274,16.074,PPO-RegenReg,Hopper-v4,4
3442,reward,195,15.409425153662468,14.592,PPO-RegenReg,Hopper-v4,4
3464,reward,196,3.2107769834618516,13.478,PPO-RegenReg,Hopper-v4,4
3481,reward,197,19.192953382344683,14.629,PPO-RegenReg,Hopper-v4,4
3502,reward,198,19.343288578484945,14.828,PPO-RegenReg,Hopper-v4,4
3522,reward,199,17.913780655327663,14.016,PPO-RegenReg,Hopper-v4,4
3594,reward,200,130.38794559820496,24.4,PPO-RegenReg,Hopper-v4,4
3614,reward,201,21.29747919430558,25.699,PPO-RegenReg,Hopper-v4,4
3629,reward,202,11.894162149699458,25.703,PPO-RegenReg,Hopper-v4,4
3642,reward,203,11.588910579696341,25.832,PPO-RegenReg,Hopper-v4,4
3654,reward,204,9.760543503961673,26.0,PPO-RegenReg,Hopper-v4,4
3674,reward,205,18.66682295457095,26.326,PPO-RegenReg,Hopper-v4,4
3744,reward,206,112.8421440450031,37.289,PPO-RegenReg,Hopper-v4,4
3753,reward,207,7.400152944012142,36.11,PPO-RegenReg,Hopper-v4,4
3765,reward,208,10.517907335757833,35.227,PPO-RegenReg,Hopper-v4,4
3787,reward,209,27.94467935191571,36.23,PPO-RegenReg,Hopper-v4,4
3804,reward,210,15.133775283850351,24.705,PPO-RegenReg,Hopper-v4,4
3811,reward,211,4.342139866738751,23.009,PPO-RegenReg,Hopper-v4,4
3823,reward,212,8.94334588511665,22.714,PPO-RegenReg,Hopper-v4,4
3850,reward,213,34.57951350978275,25.013,PPO-RegenReg,Hopper-v4,4
3869,reward,214,17.423289474600985,25.779,PPO-RegenReg,Hopper-v4,4
3882,reward,215,9.114960544970923,24.824,PPO-RegenReg,Hopper-v4,4
3906,reward,216,29.147903334197416,16.455,PPO-RegenReg,Hopper-v4,4
3918,reward,217,10.183905414958339,16.733,PPO-RegenReg,Hopper-v4,4
3937,reward,218,5.481029144634192,16.229,PPO-RegenReg,Hopper-v4,4
3955,reward,219,11.797519371788304,14.615,PPO-RegenReg,Hopper-v4,4
3971,reward,220,9.983148520098698,14.1,PPO-RegenReg,Hopper-v4,4
3984,reward,221,10.742021103974752,14.74,PPO-RegenReg,Hopper-v4,4
4005,reward,222,13.861617103381953,15.231,PPO-RegenReg,Hopper-v4,4
4021,reward,223,8.380878699242162,12.612,PPO-RegenReg,Hopper-v4,4
4034,reward,224,8.820174621513365,11.751,PPO-RegenReg,Hopper-v4,4
4052,reward,225,18.56931979712239,12.697,PPO-RegenReg,Hopper-v4,4
4061,reward,226,7.793276483762807,10.561,PPO-RegenReg,Hopper-v4,4
4077,reward,227,14.233495276377393,10.966,PPO-RegenReg,Hopper-v4,4
4092,reward,228,12.716041819785403,11.69,PPO-RegenReg,Hopper-v4,4
4107,reward,229,10.395012573677217,11.549,PPO-RegenReg,Hopper-v4,4
4115,reward,230,5.168783201179666,11.068,PPO-RegenReg,Hopper-v4,4
4128,reward,231,3.6625596667146656,10.36,PPO-RegenReg,Hopper-v4,4
4140,reward,232,10.055178833731205,9.979,PPO-RegenReg,Hopper-v4,4
4161,reward,233,13.017886272760546,10.443,PPO-RegenReg,Hopper-v4,4
4172,reward,234,7.71190083503226,10.332,PPO-RegenReg,Hopper-v4,4
4187,reward,235,11.933844166429122,9.669,PPO-RegenReg,Hopper-v4,4
4195,reward,236,5.868959298512245,9.476,PPO-RegenReg,Hopper-v4,4
4205,reward,237,6.786090215436656,8.732,PPO-RegenReg,Hopper-v4,4
4215,reward,238,6.291275865048357,8.089,PPO-RegenReg,Hopper-v4,4
4229,reward,239,8.847511120446793,7.934,PPO-RegenReg,Hopper-v4,4
4252,reward,240,25.423938939198884,9.96,PPO-RegenReg,Hopper-v4,4
4267,reward,241,10.082778954947424,10.602,PPO-RegenReg,Hopper-v4,4
4284,reward,242,8.888349206059198,10.485,PPO-RegenReg,Hopper-v4,4
4298,reward,243,7.865469851005509,9.97,PPO-RegenReg,Hopper-v4,4
4320,reward,244,20.040590323551513,11.203,PPO-RegenReg,Hopper-v4,4
4339,reward,245,11.029260698879796,11.112,PPO-RegenReg,Hopper-v4,4
4352,reward,246,7.9312273526374675,11.319,PPO-RegenReg,Hopper-v4,4
4373,reward,247,14.893534576251543,12.129,PPO-RegenReg,Hopper-v4,4
4416,reward,248,68.93007728506028,18.393,PPO-RegenReg,Hopper-v4,4
4432,reward,249,11.902308295760312,18.699,PPO-RegenReg,Hopper-v4,4
4452,reward,250,20.55909662810143,18.212,PPO-RegenReg,Hopper-v4,4
4481,reward,251,33.62223719446908,20.566,PPO-RegenReg,Hopper-v4,4
4494,reward,252,7.4620254144036595,20.424,PPO-RegenReg,Hopper-v4,4
4502,reward,253,5.491867344278554,20.186,PPO-RegenReg,Hopper-v4,4
4532,reward,254,32.81875872615438,21.464,PPO-RegenReg,Hopper-v4,4
4544,reward,255,8.249678602668515,21.186,PPO-RegenReg,Hopper-v4,4
4564,reward,256,17.51481654817131,22.144,PPO-RegenReg,Hopper-v4,4
4584,reward,257,11.320598816087951,21.787,PPO-RegenReg,Hopper-v4,4
4608,reward,258,26.386442478298225,17.533,PPO-RegenReg,Hopper-v4,4
4622,reward,259,12.297968713548816,17.572,PPO-RegenReg,Hopper-v4,4
4629,reward,260,4.679389032058026,15.984,PPO-RegenReg,Hopper-v4,4
4665,reward,261,46.92436042959416,17.315,PPO-RegenReg,Hopper-v4,4
4686,reward,262,11.894185159069572,17.758,PPO-RegenReg,Hopper-v4,4
4697,reward,263,8.105761704506879,18.019,PPO-RegenReg,Hopper-v4,4
4707,reward,264,8.255287482290996,15.563,PPO-RegenReg,Hopper-v4,4
4732,reward,265,26.853996989489975,17.423,PPO-RegenReg,Hopper-v4,4
4749,reward,266,5.377749932214487,16.21,PPO-RegenReg,Hopper-v4,4
4760,reward,267,8.056637285743792,15.883,PPO-RegenReg,Hopper-v4,4
4785,reward,268,10.551592790402333,14.3,PPO-RegenReg,Hopper-v4,4
4798,reward,269,9.36109206808102,14.006,PPO-RegenReg,Hopper-v4,4
4811,reward,270,9.74077293140134,14.512,PPO-RegenReg,Hopper-v4,4
4825,reward,271,11.137273569540707,10.933,PPO-RegenReg,Hopper-v4,4
4843,reward,272,8.95624306231135,10.64,PPO-RegenReg,Hopper-v4,4
4866,reward,273,23.911242655897002,12.22,PPO-RegenReg,Hopper-v4,4
4878,reward,274,8.14018227948232,12.209,PPO-RegenReg,Hopper-v4,4
4896,reward,275,16.81288060127818,11.205,PPO-RegenReg,Hopper-v4,4
4914,reward,276,18.58522747911408,12.525,PPO-RegenReg,Hopper-v4,4
4932,reward,277,17.221724561368568,13.442,PPO-RegenReg,Hopper-v4,4
4948,reward,278,12.404243729151164,13.627,PPO-RegenReg,Hopper-v4,4
4955,reward,279,4.025077335969614,13.093,PPO-RegenReg,Hopper-v4,4
4969,reward,280,12.425908105717548,13.362,PPO-RegenReg,Hopper-v4,4
4978,reward,281,6.115928141257602,12.86,PPO-RegenReg,Hopper-v4,4
4992,reward,282,12.654669928284354,13.23,PPO-RegenReg,Hopper-v4,4
5007,reward,283,11.450189898396513,11.984,PPO-RegenReg,Hopper-v4,4
5016,reward,284,6.05306637233768,11.775,PPO-RegenReg,Hopper-v4,4
5032,reward,285,17.60863863580556,11.854,PPO-RegenReg,Hopper-v4,4
5057,reward,286,28.53126911743459,12.849,PPO-RegenReg,Hopper-v4,4
5072,reward,287,15.159266894876568,12.643,PPO-RegenReg,Hopper-v4,4
5085,reward,288,9.879807039447988,12.39,PPO-RegenReg,Hopper-v4,4
5123,reward,289,36.610622400831325,15.649,PPO-RegenReg,Hopper-v4,4
5139,reward,290,14.954618949554783,15.902,PPO-RegenReg,Hopper-v4,4
5152,reward,291,12.676190406459272,16.558,PPO-RegenReg,Hopper-v4,4
5165,reward,292,7.129675092969503,16.005,PPO-RegenReg,Hopper-v4,4
5189,reward,293,29.71983194642796,17.832,PPO-RegenReg,Hopper-v4,4
5202,reward,294,5.189528064443458,17.746,PPO-RegenReg,Hopper-v4,4
5222,reward,295,16.874351550191495,17.673,PPO-RegenReg,Hopper-v4,4
5246,reward,296,25.323724850487068,17.352,PPO-RegenReg,Hopper-v4,4
5266,reward,297,18.412554190245952,17.677,PPO-RegenReg,Hopper-v4,4
5277,reward,298,4.942233363882096,17.183,PPO-RegenReg,Hopper-v4,4
5287,reward,299,5.100426762778576,14.032,PPO-RegenReg,Hopper-v4,4
5302,reward,300,11.36184911256355,13.673,PPO-RegenReg,Hopper-v4,4
5316,reward,301,8.620066054364118,13.267,PPO-RegenReg,Hopper-v4,4
5353,reward,302,41.45317645905422,16.7,PPO-RegenReg,Hopper-v4,4
5360,reward,303,4.330660012952989,14.161,PPO-RegenReg,Hopper-v4,4
5374,reward,304,9.869865339246234,14.629,PPO-RegenReg,Hopper-v4,4
5398,reward,305,11.583019443053452,14.1,PPO-RegenReg,Hopper-v4,4
5419,reward,306,22.4387716994723,13.811,PPO-RegenReg,Hopper-v4,4
5434,reward,307,13.730604180915384,13.343,PPO-RegenReg,Hopper-v4,4
5445,reward,308,6.456735743116399,13.495,PPO-RegenReg,Hopper-v4,4
5457,reward,309,11.105324364248943,14.095,PPO-RegenReg,Hopper-v4,4
5481,reward,310,30.663102498049444,16.025,PPO-RegenReg,Hopper-v4,4
5492,reward,311,9.78065424541478,16.141,PPO-RegenReg,Hopper-v4,4
5512,reward,312,9.160569601288143,12.912,PPO-RegenReg,Hopper-v4,4
5525,reward,313,9.169952761594542,13.396,PPO-RegenReg,Hopper-v4,4
5538,reward,314,6.089407856703442,13.018,PPO-RegenReg,Hopper-v4,4
5555,reward,315,13.709874292165972,13.23,PPO-RegenReg,Hopper-v4,4
5568,reward,316,10.447951795075705,12.031,PPO-RegenReg,Hopper-v4,4
5584,reward,317,4.989582853844682,11.157,PPO-RegenReg,Hopper-v4,4
5600,reward,318,10.65773503220474,11.577,PPO-RegenReg,Hopper-v4,4
5609,reward,319,6.816707338729186,11.149,PPO-RegenReg,Hopper-v4,4
5636,reward,320,31.208980062315064,11.203,PPO-RegenReg,Hopper-v4,4
5653,reward,321,12.939523939725019,11.519,PPO-RegenReg,Hopper-v4,4
5682,reward,322,31.631804786765972,13.766,PPO-RegenReg,Hopper-v4,4
5703,reward,323,10.208358259621845,13.87,PPO-RegenReg,Hopper-v4,4
5719,reward,324,19.0251457718447,15.164,PPO-RegenReg,Hopper-v4,4
5754,reward,325,26.179010335158747,16.41,PPO-RegenReg,Hopper-v4,4
5779,reward,326,23.297499765343805,17.695,PPO-RegenReg,Hopper-v4,4
5791,reward,327,8.257176619765717,18.022,PPO-RegenReg,Hopper-v4,4
5815,reward,328,17.878627850191393,18.744,PPO-RegenReg,Hopper-v4,4
5836,reward,329,17.64445335968361,19.827,PPO-RegenReg,Hopper-v4,4
5853,reward,330,11.606114578033008,17.867,PPO-RegenReg,Hopper-v4,4
5863,reward,331,5.007271545201341,17.074,PPO-RegenReg,Hopper-v4,4
5876,reward,332,7.745077720741996,14.685,PPO-RegenReg,Hopper-v4,4
5889,reward,333,7.812003249130198,14.445,PPO-RegenReg,Hopper-v4,4
5914,reward,334,6.6645399696350704,13.209,PPO-RegenReg,Hopper-v4,4
5924,reward,335,8.399149237758031,11.431,PPO-RegenReg,Hopper-v4,4
5939,reward,336,14.61086235625929,10.563,PPO-RegenReg,Hopper-v4,4
5949,reward,337,6.125012781895445,10.349,PPO-RegenReg,Hopper-v4,4
5960,reward,338,9.58691654970423,9.52,PPO-RegenReg,Hopper-v4,4
5969,reward,339,6.588855601363017,8.415,PPO-RegenReg,Hopper-v4,4
5989,reward,340,4.10516492548432,7.664,PPO-RegenReg,Hopper-v4,4
6005,reward,341,9.96074966345033,8.16,PPO-RegenReg,Hopper-v4,4
6049,reward,342,71.24685132530995,14.51,PPO-RegenReg,Hopper-v4,4
6066,reward,343,13.580586267213922,15.087,PPO-RegenReg,Hopper-v4,4
6090,reward,344,20.731848027997206,16.494,PPO-RegenReg,Hopper-v4,4
6124,reward,345,43.511236318227226,20.005,PPO-RegenReg,Hopper-v4,4
6134,reward,346,5.940033005576295,19.138,PPO-RegenReg,Hopper-v4,4
6149,reward,347,10.060247421990036,19.531,PPO-RegenReg,Hopper-v4,4
6164,reward,348,11.637559575111808,19.736,PPO-RegenReg,Hopper-v4,4
6188,reward,349,20.15609322792824,21.093,PPO-RegenReg,Hopper-v4,4
6200,reward,350,10.260255965960688,21.709,PPO-RegenReg,Hopper-v4,4
6210,reward,351,9.137500954025425,21.626,PPO-RegenReg,Hopper-v4,4
6241,reward,352,28.55094035396246,17.357,PPO-RegenReg,Hopper-v4,4
6262,reward,353,19.451184833381628,17.944,PPO-RegenReg,Hopper-v4,4
6286,reward,354,20.541082893446905,17.925,PPO-RegenReg,Hopper-v4,4
6302,reward,355,16.800381483703426,15.254,PPO-RegenReg,Hopper-v4,4
6323,reward,356,23.02439269511574,16.962,PPO-RegenReg,Hopper-v4,4
6342,reward,357,17.004716840107783,17.656,PPO-RegenReg,Hopper-v4,4
6367,reward,358,24.659109520171217,18.959,PPO-RegenReg,Hopper-v4,4
6375,reward,359,4.886028607419483,17.432,PPO-RegenReg,Hopper-v4,4
6394,reward,360,6.277226888923029,17.033,PPO-RegenReg,Hopper-v4,4
6405,reward,361,9.788337710988403,17.098,PPO-RegenReg,Hopper-v4,4
6414,reward,362,5.999001866066194,14.843,PPO-RegenReg,Hopper-v4,4
6432,reward,363,16.163012596491612,14.514,PPO-RegenReg,Hopper-v4,4
6446,reward,364,8.473273611418225,13.308,PPO-RegenReg,Hopper-v4,4
6460,reward,365,9.731693669302087,12.601,PPO-RegenReg,Hopper-v4,4
6508,reward,366,47.492980542635465,15.048,PPO-RegenReg,Hopper-v4,4
6518,reward,367,6.108045944364444,13.958,PPO-RegenReg,Hopper-v4,4
6533,reward,368,10.828555132510795,12.575,PPO-RegenReg,Hopper-v4,4
6552,reward,369,16.744774158521686,13.761,PPO-RegenReg,Hopper-v4,4
6581,reward,370,13.833235959581607,14.516,PPO-RegenReg,Hopper-v4,4
6614,reward,371,41.07845996058414,17.645,PPO-RegenReg,Hopper-v4,4
6630,reward,372,11.72995849886801,18.218,PPO-RegenReg,Hopper-v4,4
6652,reward,373,24.31852746383377,19.034,PPO-RegenReg,Hopper-v4,4
6664,reward,374,7.319032324345412,18.919,PPO-RegenReg,Hopper-v4,4
6679,reward,375,14.63547452855417,19.409,PPO-RegenReg,Hopper-v4,4
6689,reward,376,7.154558459881197,15.375,PPO-RegenReg,Hopper-v4,4
6709,reward,377,15.747716542072808,16.339,PPO-RegenReg,Hopper-v4,4
6718,reward,378,7.342983871627708,15.99,PPO-RegenReg,Hopper-v4,4
6732,reward,379,11.617831977221698,15.478,PPO-RegenReg,Hopper-v4,4
6743,reward,380,8.784267384454868,14.973,PPO-RegenReg,Hopper-v4,4
6760,reward,381,16.190089875467326,12.484,PPO-RegenReg,Hopper-v4,4
6789,reward,382,11.595598658204848,12.471,PPO-RegenReg,Hopper-v4,4
6818,reward,383,32.979218266219064,13.337,PPO-RegenReg,Hopper-v4,4
6845,reward,384,25.19280684559517,15.124,PPO-RegenReg,Hopper-v4,4
6863,reward,385,9.944958006622157,14.655,PPO-RegenReg,Hopper-v4,4
6887,reward,386,28.366388462978062,16.776,PPO-RegenReg,Hopper-v4,4
6906,reward,387,10.906919682038687,16.292,PPO-RegenReg,Hopper-v4,4
6916,reward,388,7.098290600413611,16.268,PPO-RegenReg,Hopper-v4,4
6939,reward,389,17.929135778971702,16.899,PPO-RegenReg,Hopper-v4,4
6960,reward,390,16.253132980861547,17.646,PPO-RegenReg,Hopper-v4,4
6993,reward,391,46.27853069445276,20.654,PPO-RegenReg,Hopper-v4,4
7025,reward,392,28.170568102005195,22.312,PPO-RegenReg,Hopper-v4,4
7041,reward,393,11.736166227968381,20.188,PPO-RegenReg,Hopper-v4,4
7051,reward,394,8.621793635541417,18.531,PPO-RegenReg,Hopper-v4,4
7060,reward,395,6.49422764903008,18.186,PPO-RegenReg,Hopper-v4,4
7076,reward,396,13.565240537854487,16.705,PPO-RegenReg,Hopper-v4,4
7100,reward,397,10.111647690732982,16.626,PPO-RegenReg,Hopper-v4,4
7113,reward,398,6.831862002680094,16.599,PPO-RegenReg,Hopper-v4,4
7151,reward,399,9.1317335155405,15.719,PPO-RegenReg,Hopper-v4,4
7166,reward,400,14.211729828620541,15.515,PPO-RegenReg,Hopper-v4,4
7186,reward,401,12.27012065575501,12.115,PPO-RegenReg,Hopper-v4,4
7195,reward,402,5.474339443877293,9.845,PPO-RegenReg,Hopper-v4,4
7219,reward,403,19.955020798891063,10.667,PPO-RegenReg,Hopper-v4,4
7230,reward,404,5.055254731130697,10.31,PPO-RegenReg,Hopper-v4,4
7237,reward,405,4.539768426842508,10.115,PPO-RegenReg,Hopper-v4,4
7277,reward,406,31.928986939087928,11.951,PPO-RegenReg,Hopper-v4,4
7298,reward,407,22.207443299545268,13.161,PPO-RegenReg,Hopper-v4,4
7310,reward,408,5.1505055824262165,12.992,PPO-RegenReg,Hopper-v4,4
7324,reward,409,9.468011377726803,13.026,PPO-RegenReg,Hopper-v4,4
7336,reward,410,9.225566893433756,12.528,PPO-RegenReg,Hopper-v4,4
7368,reward,411,43.33689491089392,15.634,PPO-RegenReg,Hopper-v4,4
7379,reward,412,7.8428254926062415,15.871,PPO-RegenReg,Hopper-v4,4
7391,reward,413,6.485242720784025,14.524,PPO-RegenReg,Hopper-v4,4
7424,reward,414,26.03599408769842,16.622,PPO-RegenReg,Hopper-v4,4
7435,reward,415,8.508468652424575,17.019,PPO-RegenReg,Hopper-v4,4
7461,reward,416,28.326969085596602,16.659,PPO-RegenReg,Hopper-v4,4
7487,reward,417,15.951409611936372,16.033,PPO-RegenReg,Hopper-v4,4
7502,reward,418,12.070408998361106,16.725,PPO-RegenReg,Hopper-v4,4
7518,reward,419,12.76857413552139,17.055,PPO-RegenReg,Hopper-v4,4
7534,reward,420,13.618335138144754,17.495,PPO-RegenReg,Hopper-v4,4
7544,reward,421,6.8540361142425095,13.846,PPO-RegenReg,Hopper-v4,4
7559,reward,422,13.736432336318357,14.436,PPO-RegenReg,Hopper-v4,4
7582,reward,423,25.43079610148443,16.33,PPO-RegenReg,Hopper-v4,4
7600,reward,424,13.885081686683312,15.115,PPO-RegenReg,Hopper-v4,4
7620,reward,425,17.555991787531013,16.02,PPO-RegenReg,Hopper-v4,4
7633,reward,426,11.391911110665838,14.326,PPO-RegenReg,Hopper-v4,4
7645,reward,427,5.714538478378444,13.303,PPO-RegenReg,Hopper-v4,4
7654,reward,428,6.781918485292212,12.774,PPO-RegenReg,Hopper-v4,4
7675,reward,429,16.73892654592886,13.171,PPO-RegenReg,Hopper-v4,4
7689,reward,430,13.648754708100958,13.174,PPO-RegenReg,Hopper-v4,4
7708,reward,431,18.34849055301973,14.323,PPO-RegenReg,Hopper-v4,4
7719,reward,432,7.564271845800678,13.706,PPO-RegenReg,Hopper-v4,4
7729,reward,433,7.722656750450927,11.935,PPO-RegenReg,Hopper-v4,4
7768,reward,434,32.97032056072754,13.844,PPO-RegenReg,Hopper-v4,4
7791,reward,435,18.463417829400452,13.935,PPO-RegenReg,Hopper-v4,4
7800,reward,436,7.44452133694729,13.54,PPO-RegenReg,Hopper-v4,4
7818,reward,437,13.087632487633105,14.277,PPO-RegenReg,Hopper-v4,4
7828,reward,438,6.227329821963426,14.222,PPO-RegenReg,Hopper-v4,4
7841,reward,439,9.846872359619281,13.532,PPO-RegenReg,Hopper-v4,4
7857,reward,440,10.843744895196208,13.252,PPO-RegenReg,Hopper-v4,4
7870,reward,441,8.097928245889703,12.227,PPO-RegenReg,Hopper-v4,4
7892,reward,442,21.50642057747173,13.621,PPO-RegenReg,Hopper-v4,4
7903,reward,443,8.95761698583681,13.745,PPO-RegenReg,Hopper-v4,4
7914,reward,444,8.652216634369658,11.313,PPO-RegenReg,Hopper-v4,4
7931,reward,445,16.747925071572134,11.141,PPO-RegenReg,Hopper-v4,4
7948,reward,446,11.03152531850762,11.5,PPO-RegenReg,Hopper-v4,4
7960,reward,447,8.979181056484082,11.089,PPO-RegenReg,Hopper-v4,4
7979,reward,448,13.586979992793179,11.825,PPO-RegenReg,Hopper-v4,4
7992,reward,449,10.656178024791906,11.906,PPO-RegenReg,Hopper-v4,4
8002,reward,450,8.371431524379453,11.659,PPO-RegenReg,Hopper-v4,4
8021,reward,451,18.411961831547828,12.69,PPO-RegenReg,Hopper-v4,4
8042,reward,452,12.706944045027951,11.81,PPO-RegenReg,Hopper-v4,4
8056,reward,453,11.975923252402698,12.112,PPO-RegenReg,Hopper-v4,4
8071,reward,454,13.326957349988309,12.58,PPO-RegenReg,Hopper-v4,4
8098,reward,455,17.293823454105546,12.634,PPO-RegenReg,Hopper-v4,4
8114,reward,456,8.714167673867932,12.402,PPO-RegenReg,Hopper-v4,4
8125,reward,457,7.720904140056054,12.277,PPO-RegenReg,Hopper-v4,4
8136,reward,458,9.468252807187493,11.865,PPO-RegenReg,Hopper-v4,4
8154,reward,459,6.708249505810633,11.47,PPO-RegenReg,Hopper-v4,4
8171,reward,460,16.093676348729176,12.242,PPO-RegenReg,Hopper-v4,4
8180,reward,461,6.93826414709325,11.095,PPO-RegenReg,Hopper-v4,4
8192,reward,462,7.780252655004207,10.602,PPO-RegenReg,Hopper-v4,4
8202,reward,463,6.452066881081521,10.05,PPO-RegenReg,Hopper-v4,4
8214,reward,464,8.394052236889607,9.556,PPO-RegenReg,Hopper-v4,4
8234,reward,465,15.273407098591811,9.354,PPO-RegenReg,Hopper-v4,4
8246,reward,466,9.796769499320975,9.463,PPO-RegenReg,Hopper-v4,4
8265,reward,467,14.530581778551815,10.144,PPO-RegenReg,Hopper-v4,4
8274,reward,468,7.9967692147311045,9.996,PPO-RegenReg,Hopper-v4,4
8290,reward,469,11.857214508051152,10.511,PPO-RegenReg,Hopper-v4,4
8304,reward,470,8.848068895148268,9.787,PPO-RegenReg,Hopper-v4,4
8317,reward,471,5.870405936508742,9.68,PPO-RegenReg,Hopper-v4,4
8340,reward,472,18.971689006615875,10.799,PPO-RegenReg,Hopper-v4,4
8354,reward,473,8.144277247099073,10.968,PPO-RegenReg,Hopper-v4,4
8367,reward,474,10.862251736158292,11.215,PPO-RegenReg,Hopper-v4,4
8389,reward,475,9.919902328538383,10.68,PPO-RegenReg,Hopper-v4,4
8411,reward,476,20.52985837067899,11.753,PPO-RegenReg,Hopper-v4,4
8430,reward,477,3.85885829772832,10.686,PPO-RegenReg,Hopper-v4,4
8447,reward,478,16.060023709405794,11.492,PPO-RegenReg,Hopper-v4,4
8499,reward,479,48.63306185901311,15.17,PPO-RegenReg,Hopper-v4,4
8524,reward,480,24.753758469692148,16.76,PPO-RegenReg,Hopper-v4,4
8534,reward,481,7.283569242730703,16.902,PPO-RegenReg,Hopper-v4,4
8546,reward,482,7.099733123285187,15.715,PPO-RegenReg,Hopper-v4,4
8567,reward,483,9.636279249360394,15.864,PPO-RegenReg,Hopper-v4,4
8597,reward,484,9.568666148272992,15.734,PPO-RegenReg,Hopper-v4,4
8615,reward,485,5.055025772243887,15.248,PPO-RegenReg,Hopper-v4,4
8634,reward,486,17.97858395549136,14.993,PPO-RegenReg,Hopper-v4,4
8643,reward,487,7.03727642196983,15.311,PPO-RegenReg,Hopper-v4,4
8657,reward,488,9.896776600135459,14.694,PPO-RegenReg,Hopper-v4,4
8672,reward,489,11.33447788194545,10.964,PPO-RegenReg,Hopper-v4,4
8679,reward,490,4.731794169834268,8.962,PPO-RegenReg,Hopper-v4,4
8689,reward,491,7.035033094881923,8.937,PPO-RegenReg,Hopper-v4,4
8708,reward,492,17.505491643963918,9.978,PPO-RegenReg,Hopper-v4,4
8720,reward,493,11.766651662393457,10.191,PPO-RegenReg,Hopper-v4,4
8727,reward,494,4.363786542424656,9.67,PPO-RegenReg,Hopper-v4,4
8739,reward,495,8.074322012453012,9.972,PPO-RegenReg,Hopper-v4,4
8770,reward,496,21.26808983916228,10.301,PPO-RegenReg,Hopper-v4,4
8781,reward,497,8.492427458602236,10.447,PPO-RegenReg,Hopper-v4,4
8792,reward,498,7.655908060835291,10.223,PPO-RegenReg,Hopper-v4,4
8815,reward,499,7.363486316264888,9.826,PPO-RegenReg,Hopper-v4,4
8827,reward,500,6.581888984028035,10.011,PPO-RegenReg,Hopper-v4,4
8841,reward,501,8.001110800629167,10.107,PPO-RegenReg,Hopper-v4,4
8856,reward,502,12.62526192924022,9.619,PPO-RegenReg,Hopper-v4,4
8884,reward,503,30.481840908799487,11.491,PPO-RegenReg,Hopper-v4,4
8899,reward,504,13.050037512464964,12.359,PPO-RegenReg,Hopper-v4,4
8918,reward,505,20.386664859404227,13.591,PPO-RegenReg,Hopper-v4,4
8930,reward,506,5.866132191419269,12.05,PPO-RegenReg,Hopper-v4,4
8960,reward,507,25.299055017407415,13.731,PPO-RegenReg,Hopper-v4,4
8970,reward,508,5.675836481436731,13.533,PPO-RegenReg,Hopper-v4,4
9007,reward,509,39.63699382137369,16.76,PPO-RegenReg,Hopper-v4,4
9024,reward,510,12.479776373587445,17.35,PPO-RegenReg,Hopper-v4,4
9043,reward,511,19.12066550376437,18.462,PPO-RegenReg,Hopper-v4,4
9052,reward,512,4.17415822678644,17.617,PPO-RegenReg,Hopper-v4,4
9067,reward,513,13.645642993412281,15.933,PPO-RegenReg,Hopper-v4,4
9117,reward,514,70.05982741560291,21.634,PPO-RegenReg,Hopper-v4,4
9127,reward,515,6.255974513139634,20.221,PPO-RegenReg,Hopper-v4,4
9151,reward,516,13.011229820192593,20.936,PPO-RegenReg,Hopper-v4,4
9166,reward,517,13.006761269157822,19.707,PPO-RegenReg,Hopper-v4,4
9178,reward,518,8.859196096732092,20.025,PPO-RegenReg,Hopper-v4,4
9194,reward,519,17.582637343173253,17.82,PPO-RegenReg,Hopper-v4,4
9208,reward,520,10.836921982880263,17.655,PPO-RegenReg,Hopper-v4,4
9215,reward,521,4.718060375011936,16.215,PPO-RegenReg,Hopper-v4,4
9225,reward,522,7.293995455435973,16.527,PPO-RegenReg,Hopper-v4,4
9237,reward,523,9.143786199395024,16.077,PPO-RegenReg,Hopper-v4,4
9268,reward,524,38.23316842159241,12.894,PPO-RegenReg,Hopper-v4,4
9302,reward,525,42.653264124184496,16.534,PPO-RegenReg,Hopper-v4,4
9345,reward,526,57.18150790349414,20.951,PPO-RegenReg,Hopper-v4,4
9360,reward,527,7.463420493035131,20.397,PPO-RegenReg,Hopper-v4,4
9367,reward,528,4.884370437543054,19.999,PPO-RegenReg,Hopper-v4,4
9381,reward,529,12.99983779335039,19.541,PPO-RegenReg,Hopper-v4,4
9401,reward,530,10.787278658989647,19.536,PPO-RegenReg,Hopper-v4,4
9418,reward,531,13.979100712924264,20.462,PPO-RegenReg,Hopper-v4,4
9429,reward,532,9.257009760632052,20.658,PPO-RegenReg,Hopper-v4,4
9441,reward,533,8.649310232655711,20.609,PPO-RegenReg,Hopper-v4,4
9457,reward,534,17.773683384026185,18.563,PPO-RegenReg,Hopper-v4,4
9489,reward,535,6.067219300127137,14.904,PPO-RegenReg,Hopper-v4,4
9512,reward,536,17.108063309477362,10.897,PPO-RegenReg,Hopper-v4,4
9526,reward,537,12.96898368308226,11.447,PPO-RegenReg,Hopper-v4,4
9544,reward,538,15.093610923625915,12.468,PPO-RegenReg,Hopper-v4,4
9555,reward,539,8.565779223286123,12.025,PPO-RegenReg,Hopper-v4,4
9565,reward,540,7.449539610519392,11.691,PPO-RegenReg,Hopper-v4,4
9578,reward,541,12.443303317842556,11.538,PPO-RegenReg,Hopper-v4,4
9597,reward,542,18.70423195208523,12.482,PPO-RegenReg,Hopper-v4,4
9609,reward,543,10.270979520301024,12.645,PPO-RegenReg,Hopper-v4,4
9647,reward,544,20.93918456237151,12.961,PPO-RegenReg,Hopper-v4,4
9656,reward,545,5.886131583270783,12.943,PPO-RegenReg,Hopper-v4,4
9683,reward,546,32.148800333360846,14.447,PPO-RegenReg,Hopper-v4,4
9694,reward,547,10.43239339443296,14.193,PPO-RegenReg,Hopper-v4,4
9708,reward,548,9.46968094131432,13.631,PPO-RegenReg,Hopper-v4,4
9718,reward,549,7.335199025444292,13.508,PPO-RegenReg,Hopper-v4,4
9731,reward,550,8.423716283463174,13.605,PPO-RegenReg,Hopper-v4,4
9751,reward,551,9.895571401150889,13.351,PPO-RegenReg,Hopper-v4,4
9764,reward,552,8.397575079579667,12.32,PPO-RegenReg,Hopper-v4,4
9781,reward,553,6.3667795900947315,11.93,PPO-RegenReg,Hopper-v4,4
9790,reward,554,6.436876177162531,10.479,PPO-RegenReg,Hopper-v4,4
9801,reward,555,7.287359871124658,10.619,PPO-RegenReg,Hopper-v4,4
9830,reward,556,25.769674580053923,9.981,PPO-RegenReg,Hopper-v4,4
9850,reward,557,21.348835901944497,11.073,PPO-RegenReg,Hopper-v4,4
9858,reward,558,6.0819813994282494,10.734,PPO-RegenReg,Hopper-v4,4
9868,reward,559,8.554283576368935,10.856,PPO-RegenReg,Hopper-v4,4
9889,reward,560,4.962132158348982,10.51,PPO-RegenReg,Hopper-v4,4
9904,reward,561,15.112568991229917,11.032,PPO-RegenReg,Hopper-v4,4
9914,reward,562,6.338566134158249,10.826,PPO-RegenReg,Hopper-v4,4
9923,reward,563,6.3510991060994755,10.824,PPO-RegenReg,Hopper-v4,4
9944,reward,564,13.19747926568931,11.5,PPO-RegenReg,Hopper-v4,4
9958,reward,565,10.64657675310072,11.836,PPO-RegenReg,Hopper-v4,4
9970,reward,566,10.04072093848344,10.263,PPO-RegenReg,Hopper-v4,4
9978,reward,567,4.358225335971866,8.564,PPO-RegenReg,Hopper-v4,4
9992,reward,568,13.932994070603645,9.349,PPO-RegenReg,Hopper-v4,4
10012,reward,569,21.555142614585467,10.65,PPO-RegenReg,Hopper-v4,4
10025,reward,570,11.200693603196576,11.273,PPO-RegenReg,Hopper-v4,4
10060,reward,571,27.59479357316175,12.522,PPO-RegenReg,Hopper-v4,4
10074,reward,572,15.326399559814337,13.42,PPO-RegenReg,Hopper-v4,4
10082,reward,573,6.429452814705996,13.428,PPO-RegenReg,Hopper-v4,4
10095,reward,574,9.40114104128092,13.049,PPO-RegenReg,Hopper-v4,4
10119,reward,575,10.760715129319122,13.06,PPO-RegenReg,Hopper-v4,4
10137,reward,576,8.375974338742772,12.894,PPO-RegenReg,Hopper-v4,4
10191,reward,577,92.04506620684819,21.662,PPO-RegenReg,Hopper-v4,4
10201,reward,578,7.506676529814569,21.02,PPO-RegenReg,Hopper-v4,4
10215,reward,579,10.291939000457889,19.893,PPO-RegenReg,Hopper-v4,4
10240,reward,580,32.97345851545813,22.071,PPO-RegenReg,Hopper-v4,4
10260,reward,581,21.21117987300657,21.432,PPO-RegenReg,Hopper-v4,4
10279,reward,582,13.321056887345849,21.232,PPO-RegenReg,Hopper-v4,4
10297,reward,583,9.602634958205094,21.549,PPO-RegenReg,Hopper-v4,4
10308,reward,584,7.928782990623571,21.402,PPO-RegenReg,Hopper-v4,4
10316,reward,585,6.193051271321481,20.945,PPO-RegenReg,Hopper-v4,4
10327,reward,586,8.156515050959129,20.923,PPO-RegenReg,Hopper-v4,4
10345,reward,587,11.019295298512503,12.82,PPO-RegenReg,Hopper-v4,4
10358,reward,588,8.629001604330536,12.933,PPO-RegenReg,Hopper-v4,4
10373,reward,589,14.120426824231396,13.316,PPO-RegenReg,Hopper-v4,4
10429,reward,590,40.160202515369384,14.034,PPO-RegenReg,Hopper-v4,4
10443,reward,591,10.010956051852714,12.914,PPO-RegenReg,Hopper-v4,4
10454,reward,592,8.585039533051193,12.441,PPO-RegenReg,Hopper-v4,4
10463,reward,593,6.320647833736934,12.112,PPO-RegenReg,Hopper-v4,4
10471,reward,594,5.118951659153832,11.831,PPO-RegenReg,Hopper-v4,4
10491,reward,595,9.555535449551181,12.168,PPO-RegenReg,Hopper-v4,4
10507,reward,596,13.1660172621061,12.669,PPO-RegenReg,Hopper-v4,4
10522,reward,597,11.47666367861402,12.714,PPO-RegenReg,Hopper-v4,4
10536,reward,598,9.617989469143911,12.813,PPO-RegenReg,Hopper-v4,4
10544,reward,599,5.651381966472551,11.966,PPO-RegenReg,Hopper-v4,4
10561,reward,600,14.78276484104618,9.429,PPO-RegenReg,Hopper-v4,4
10573,reward,601,11.523215663433398,9.58,PPO-RegenReg,Hopper-v4,4
10593,reward,602,10.511288481604566,9.772,PPO-RegenReg,Hopper-v4,4
10607,reward,603,6.792041261864586,9.82,PPO-RegenReg,Hopper-v4,4
10630,reward,604,25.242709355793686,11.832,PPO-RegenReg,Hopper-v4,4
10646,reward,605,6.909664630557769,11.567,PPO-RegenReg,Hopper-v4,4
10674,reward,606,6.767568409030181,10.928,PPO-RegenReg,Hopper-v4,4
10685,reward,607,8.153708140356246,10.595,PPO-RegenReg,Hopper-v4,4
10702,reward,608,12.465136292731874,10.88,PPO-RegenReg,Hopper-v4,4
10712,reward,609,6.530600785883253,10.968,PPO-RegenReg,Hopper-v4,4
10725,reward,610,11.661429347348733,10.656,PPO-RegenReg,Hopper-v4,4
10770,reward,611,41.84085844262799,13.688,PPO-RegenReg,Hopper-v4,4
10782,reward,612,7.7322577972705675,13.41,PPO-RegenReg,Hopper-v4,4
10795,reward,613,7.17143243159711,13.448,PPO-RegenReg,Hopper-v4,4
10818,reward,614,13.255150272443576,12.249,PPO-RegenReg,Hopper-v4,4
10829,reward,615,8.083485768076272,12.366,PPO-RegenReg,Hopper-v4,4
10849,reward,616,19.50673133157586,13.64,PPO-RegenReg,Hopper-v4,4
10858,reward,617,6.368553023997411,13.462,PPO-RegenReg,Hopper-v4,4
10869,reward,618,9.217455896963395,13.137,PPO-RegenReg,Hopper-v4,4
10901,reward,619,22.548273215108694,14.739,PPO-RegenReg,Hopper-v4,4
10923,reward,620,14.84603003055655,15.057,PPO-RegenReg,Hopper-v4,4
10941,reward,621,19.224235049310533,12.795,PPO-RegenReg,Hopper-v4,4
10955,reward,622,6.502967884217358,12.672,PPO-RegenReg,Hopper-v4,4
10983,reward,623,32.32981145009658,15.188,PPO-RegenReg,Hopper-v4,4
10998,reward,624,9.478917430592395,14.811,PPO-RegenReg,Hopper-v4,4
11008,reward,625,9.169480014475326,14.919,PPO-RegenReg,Hopper-v4,4
11018,reward,626,7.586301589310996,13.727,PPO-RegenReg,Hopper-v4,4
11042,reward,627,6.060044088503158,13.696,PPO-RegenReg,Hopper-v4,4
11060,reward,628,12.568286027354931,14.031,PPO-RegenReg,Hopper-v4,4
11080,reward,629,15.489088885036452,13.326,PPO-RegenReg,Hopper-v4,4
11092,reward,630,12.287510527569921,13.07,PPO-RegenReg,Hopper-v4,4
11113,reward,631,8.01315372378389,11.949,PPO-RegenReg,Hopper-v4,4
11133,reward,632,12.592784473908095,12.558,PPO-RegenReg,Hopper-v4,4
11150,reward,633,5.405810611532646,9.865,PPO-RegenReg,Hopper-v4,4
11175,reward,634,13.99498708106238,10.317,PPO-RegenReg,Hopper-v4,4
11190,reward,635,14.884808798785858,10.888,PPO-RegenReg,Hopper-v4,4
11200,reward,636,6.453183867481128,10.775,PPO-RegenReg,Hopper-v4,4
11214,reward,637,9.69180031420638,11.138,PPO-RegenReg,Hopper-v4,4
11223,reward,638,5.933210596619107,10.475,PPO-RegenReg,Hopper-v4,4
11232,reward,639,7.397666492719031,9.665,PPO-RegenReg,Hopper-v4,4
11246,reward,640,9.832261927104147,9.42,PPO-RegenReg,Hopper-v4,4
11272,reward,641,20.37341833931386,10.656,PPO-RegenReg,Hopper-v4,4
11338,reward,642,77.29710249501392,17.126,PPO-RegenReg,Hopper-v4,4
11351,reward,643,12.300987630647922,17.816,PPO-RegenReg,Hopper-v4,4
11374,reward,644,22.994194218498567,18.716,PPO-RegenReg,Hopper-v4,4
11386,reward,645,8.764551937688331,18.104,PPO-RegenReg,Hopper-v4,4
11395,reward,646,6.204636805666457,18.079,PPO-RegenReg,Hopper-v4,4
11406,reward,647,5.427043971590788,17.653,PPO-RegenReg,Hopper-v4,4
11415,reward,648,4.928615199847077,17.552,PPO-RegenReg,Hopper-v4,4
11427,reward,649,9.726398376169781,17.785,PPO-RegenReg,Hopper-v4,4
11460,reward,650,39.474531689789565,20.749,PPO-RegenReg,Hopper-v4,4
11477,reward,651,11.647217277994377,19.877,PPO-RegenReg,Hopper-v4,4
11489,reward,652,8.569601487218744,13.004,PPO-RegenReg,Hopper-v4,4
11503,reward,653,10.15017166022979,12.789,PPO-RegenReg,Hopper-v4,4
11520,reward,654,8.163602659954217,11.306,PPO-RegenReg,Hopper-v4,4
11532,reward,655,8.967283997347911,11.326,PPO-RegenReg,Hopper-v4,4
11558,reward,656,7.880125922566308,11.493,PPO-RegenReg,Hopper-v4,4
11573,reward,657,7.7700233702674915,11.728,PPO-RegenReg,Hopper-v4,4
11583,reward,658,7.135710245910476,11.948,PPO-RegenReg,Hopper-v4,4
11608,reward,659,32.58137599854767,14.234,PPO-RegenReg,Hopper-v4,4
11626,reward,660,8.915372478180439,11.178,PPO-RegenReg,Hopper-v4,4
11637,reward,661,7.308063685907606,10.744,PPO-RegenReg,Hopper-v4,4
11651,reward,662,12.508651261514347,11.138,PPO-RegenReg,Hopper-v4,4
11682,reward,663,26.471470727561613,12.77,PPO-RegenReg,Hopper-v4,4
11697,reward,664,9.477072171913338,12.902,PPO-RegenReg,Hopper-v4,4
11708,reward,665,9.104374140124229,12.915,PPO-RegenReg,Hopper-v4,4
11719,reward,666,6.988903187150936,12.826,PPO-RegenReg,Hopper-v4,4
11731,reward,667,8.364097110435075,12.886,PPO-RegenReg,Hopper-v4,4
11754,reward,668,17.00294783633019,13.872,PPO-RegenReg,Hopper-v4,4
11778,reward,669,7.189713696257013,11.333,PPO-RegenReg,Hopper-v4,4
11789,reward,670,9.03309585100799,11.345,PPO-RegenReg,Hopper-v4,4
11811,reward,671,21.076123479542492,12.722,PPO-RegenReg,Hopper-v4,4
11843,reward,672,16.639008780089338,13.135,PPO-RegenReg,Hopper-v4,4
11859,reward,673,12.790868242643903,11.767,PPO-RegenReg,Hopper-v4,4
11871,reward,674,5.183047062097627,11.337,PPO-RegenReg,Hopper-v4,4
11887,reward,675,13.176053457089461,11.744,PPO-RegenReg,Hopper-v4,4
11899,reward,676,10.979936219495041,12.143,PPO-RegenReg,Hopper-v4,4
11913,reward,677,11.091255892153558,12.416,PPO-RegenReg,Hopper-v4,4
11922,reward,678,5.214981171560507,11.237,PPO-RegenReg,Hopper-v4,4
11944,reward,679,23.679212294896818,12.886,PPO-RegenReg,Hopper-v4,4
11960,reward,680,5.617728869336053,12.545,PPO-RegenReg,Hopper-v4,4
11971,reward,681,9.317944525915756,11.369,PPO-RegenReg,Hopper-v4,4
11988,reward,682,14.234722635023859,11.129,PPO-RegenReg,Hopper-v4,4
12000,reward,683,8.084846458812684,10.658,PPO-RegenReg,Hopper-v4,4
12017,reward,684,8.95749463215609,11.035,PPO-RegenReg,Hopper-v4,4
12037,reward,685,22.82048908836835,12.0,PPO-RegenReg,Hopper-v4,4
12068,reward,686,11.444533495782624,12.046,PPO-RegenReg,Hopper-v4,4
12082,reward,687,13.898714534421325,12.327,PPO-RegenReg,Hopper-v4,4
12094,reward,688,11.534281355145085,12.959,PPO-RegenReg,Hopper-v4,4
12121,reward,689,7.448512593878686,11.336,PPO-RegenReg,Hopper-v4,4
12150,reward,690,4.1295133576914544,11.187,PPO-RegenReg,Hopper-v4,4
12160,reward,691,7.9926094642432854,11.055,PPO-RegenReg,Hopper-v4,4
12171,reward,692,8.260907017246945,10.457,PPO-RegenReg,Hopper-v4,4
12184,reward,693,8.297980276457777,10.479,PPO-RegenReg,Hopper-v4,4
12195,reward,694,10.184115046903374,10.601,PPO-RegenReg,Hopper-v4,4
12210,reward,695,11.592658058545284,9.478,PPO-RegenReg,Hopper-v4,4
12224,reward,696,11.029444952831904,9.437,PPO-RegenReg,Hopper-v4,4
12236,reward,697,6.247460222719495,8.672,PPO-RegenReg,Hopper-v4,4
12254,reward,698,10.813799252379699,8.6,PPO-RegenReg,Hopper-v4,4
12264,reward,699,8.239135088261001,8.679,PPO-RegenReg,Hopper-v4,4
12281,reward,700,12.532844017638851,9.519,PPO-RegenReg,Hopper-v4,4
12304,reward,701,10.974824736965294,9.817,PPO-RegenReg,Hopper-v4,4
12329,reward,702,21.77152929049792,11.168,PPO-RegenReg,Hopper-v4,4
12347,reward,703,11.186107704329531,11.457,PPO-RegenReg,Hopper-v4,4
12364,reward,704,15.13799234002404,11.953,PPO-RegenReg,Hopper-v4,4
12378,reward,705,12.312221642931805,12.025,PPO-RegenReg,Hopper-v4,4
12389,reward,706,8.933709015358154,11.815,PPO-RegenReg,Hopper-v4,4
12408,reward,707,19.49891674709097,13.14,PPO-RegenReg,Hopper-v4,4
12423,reward,708,15.359909385166997,13.595,PPO-RegenReg,Hopper-v4,4
12448,reward,709,20.46771786775114,14.818,PPO-RegenReg,Hopper-v4,4
12462,reward,710,13.239631173689439,14.888,PPO-RegenReg,Hopper-v4,4
12471,reward,711,7.1523396377192885,14.506,PPO-RegenReg,Hopper-v4,4
12487,reward,712,11.843777911418467,13.513,PPO-RegenReg,Hopper-v4,4
12512,reward,713,22.409036003352675,14.636,PPO-RegenReg,Hopper-v4,4
12529,reward,714,6.86507591003107,13.808,PPO-RegenReg,Hopper-v4,4
12543,reward,715,8.20766382292462,13.398,PPO-RegenReg,Hopper-v4,4
12555,reward,716,10.391023084996796,13.544,PPO-RegenReg,Hopper-v4,4
12580,reward,717,29.71062153641782,14.565,PPO-RegenReg,Hopper-v4,4
12604,reward,718,14.774754208341047,14.506,PPO-RegenReg,Hopper-v4,4
12646,reward,719,42.32259894338076,16.692,PPO-RegenReg,Hopper-v4,4
12655,reward,720,5.34692530757817,15.902,PPO-RegenReg,Hopper-v4,4
12668,reward,721,7.341793653178225,15.921,PPO-RegenReg,Hopper-v4,4
12690,reward,722,21.235882213266343,16.861,PPO-RegenReg,Hopper-v4,4
12700,reward,723,8.600044203493782,15.48,PPO-RegenReg,Hopper-v4,4
12713,reward,724,11.768310765506936,15.97,PPO-RegenReg,Hopper-v4,4
12734,reward,725,19.75751866756677,17.125,PPO-RegenReg,Hopper-v4,4
12744,reward,726,8.471157519797693,16.933,PPO-RegenReg,Hopper-v4,4
12754,reward,727,7.236921149958898,14.686,PPO-RegenReg,Hopper-v4,4
12773,reward,728,19.260136785006953,15.134,PPO-RegenReg,Hopper-v4,4
12788,reward,729,10.6829799274141,11.97,PPO-RegenReg,Hopper-v4,4
12804,reward,730,13.36679071781783,12.772,PPO-RegenReg,Hopper-v4,4
12829,reward,731,20.35391482516845,14.073,PPO-RegenReg,Hopper-v4,4
12846,reward,732,12.68188521161918,13.218,PPO-RegenReg,Hopper-v4,4
12861,reward,733,9.340923731231427,13.292,PPO-RegenReg,Hopper-v4,4
12887,reward,734,35.79962823745859,15.695,PPO-RegenReg,Hopper-v4,4
12900,reward,735,9.289094277211996,14.648,PPO-RegenReg,Hopper-v4,4
12921,reward,736,22.38524114616449,16.04,PPO-RegenReg,Hopper-v4,4
12937,reward,737,13.414004982054557,16.657,PPO-RegenReg,Hopper-v4,4
12944,reward,738,5.1144497512487535,15.243,PPO-RegenReg,Hopper-v4,4
12954,reward,739,7.09533334881726,14.884,PPO-RegenReg,Hopper-v4,4
12966,reward,740,6.758802695363873,14.223,PPO-RegenReg,Hopper-v4,4
12976,reward,741,6.5626536599505645,12.844,PPO-RegenReg,Hopper-v4,4
12991,reward,742,10.96922398248095,12.673,PPO-RegenReg,Hopper-v4,4
13004,reward,743,10.666825989710183,12.806,PPO-RegenReg,Hopper-v4,4
13020,reward,744,14.484460072204334,10.674,PPO-RegenReg,Hopper-v4,4
13036,reward,745,11.352633483586107,10.88,PPO-RegenReg,Hopper-v4,4
13052,reward,746,12.921445226776733,9.934,PPO-RegenReg,Hopper-v4,4
13085,reward,747,30.55400689372629,11.648,PPO-RegenReg,Hopper-v4,4
13095,reward,748,6.8987407249109856,11.826,PPO-RegenReg,Hopper-v4,4
13114,reward,749,18.701639372742097,12.987,PPO-RegenReg,Hopper-v4,4
13129,reward,750,10.742280950510914,13.385,PPO-RegenReg,Hopper-v4,4
13138,reward,751,6.171933617859045,13.346,PPO-RegenReg,Hopper-v4,4
13195,reward,752,96.04997880721406,21.854,PPO-RegenReg,Hopper-v4,4
13208,reward,753,13.35335594124196,22.123,PPO-RegenReg,Hopper-v4,4
13225,reward,754,10.123641588388326,21.687,PPO-RegenReg,Hopper-v4,4
13247,reward,755,8.597858516182075,21.411,PPO-RegenReg,Hopper-v4,4
13266,reward,756,17.122874845852895,21.832,PPO-RegenReg,Hopper-v4,4
13278,reward,757,8.352111431990116,19.611,PPO-RegenReg,Hopper-v4,4
13296,reward,758,14.177708767261022,20.339,PPO-RegenReg,Hopper-v4,4
13314,reward,759,18.338587428061157,20.303,PPO-RegenReg,Hopper-v4,4
13334,reward,760,21.271552765816402,21.356,PPO-RegenReg,Hopper-v4,4
13350,reward,761,11.11850700833829,21.851,PPO-RegenReg,Hopper-v4,4
13366,reward,762,14.841370474562519,13.73,PPO-RegenReg,Hopper-v4,4
13387,reward,763,24.447330275807836,14.839,PPO-RegenReg,Hopper-v4,4
13397,reward,764,7.3948054996216435,14.566,PPO-RegenReg,Hopper-v4,4
13410,reward,765,9.260845494635795,14.633,PPO-RegenReg,Hopper-v4,4
13423,reward,766,9.222118421152308,13.842,PPO-RegenReg,Hopper-v4,4
13437,reward,767,13.53104656612372,14.36,PPO-RegenReg,Hopper-v4,4
13445,reward,768,6.282837908563794,13.571,PPO-RegenReg,Hopper-v4,4
13453,reward,769,6.067256754940914,12.344,PPO-RegenReg,Hopper-v4,4
13468,reward,770,11.573275311336685,11.374,PPO-RegenReg,Hopper-v4,4
13482,reward,771,12.8718245438454,11.549,PPO-RegenReg,Hopper-v4,4
13502,reward,772,16.47366156398519,11.713,PPO-RegenReg,Hopper-v4,4
13532,reward,773,39.58957630039267,13.227,PPO-RegenReg,Hopper-v4,4
13551,reward,774,20.70546174623689,14.558,PPO-RegenReg,Hopper-v4,4
13583,reward,775,25.32306192583134,16.164,PPO-RegenReg,Hopper-v4,4
13622,reward,776,27.63996233516351,18.006,PPO-RegenReg,Hopper-v4,4
13654,reward,777,14.296972818950692,18.082,PPO-RegenReg,Hopper-v4,4
13668,reward,778,13.788973160858678,18.833,PPO-RegenReg,Hopper-v4,4
13697,reward,779,34.03054752851628,21.629,PPO-RegenReg,Hopper-v4,4
13720,reward,780,11.693831110373624,21.641,PPO-RegenReg,Hopper-v4,4
13739,reward,781,18.5974326570795,22.214,PPO-RegenReg,Hopper-v4,4
13753,reward,782,12.80369905955735,21.847,PPO-RegenReg,Hopper-v4,4
13782,reward,783,30.580912148817053,20.946,PPO-RegenReg,Hopper-v4,4
13799,reward,784,10.608217294278242,19.936,PPO-RegenReg,Hopper-v4,4
13822,reward,785,23.284819823596834,19.733,PPO-RegenReg,Hopper-v4,4
13840,reward,786,12.198690889000334,18.188,PPO-RegenReg,Hopper-v4,4
13852,reward,787,9.087438939560425,17.667,PPO-RegenReg,Hopper-v4,4
13866,reward,788,10.204766442481324,17.309,PPO-RegenReg,Hopper-v4,4
13885,reward,789,10.927260417882813,14.999,PPO-RegenReg,Hopper-v4,4
13904,reward,790,17.126078814527393,15.542,PPO-RegenReg,Hopper-v4,4
13924,reward,791,17.874799503044084,15.47,PPO-RegenReg,Hopper-v4,4
13937,reward,792,8.666522460003545,15.056,PPO-RegenReg,Hopper-v4,4
13951,reward,793,9.35926259262109,12.934,PPO-RegenReg,Hopper-v4,4
13975,reward,794,8.164636100373063,12.689,PPO-RegenReg,Hopper-v4,4
13987,reward,795,6.54276800836216,11.015,PPO-RegenReg,Hopper-v4,4
13997,reward,796,6.471381780005646,10.442,PPO-RegenReg,Hopper-v4,4
14016,reward,797,21.320741690340295,11.666,PPO-RegenReg,Hopper-v4,4
14025,reward,798,6.202343987708531,11.266,PPO-RegenReg,Hopper-v4,4
14037,reward,799,9.53546192000833,11.126,PPO-RegenReg,Hopper-v4,4
14054,reward,800,14.700621101307672,10.884,PPO-RegenReg,Hopper-v4,4
14063,reward,801,7.200437505450763,9.816,PPO-RegenReg,Hopper-v4,4
14074,reward,802,5.806041224768889,9.53,PPO-RegenReg,Hopper-v4,4
14086,reward,803,7.011023036155719,9.296,PPO-RegenReg,Hopper-v4,4
14105,reward,804,19.993241077658567,10.478,PPO-RegenReg,Hopper-v4,4
14116,reward,805,6.6315878185649355,10.487,PPO-RegenReg,Hopper-v4,4
14127,reward,806,8.85889507832015,10.726,PPO-RegenReg,Hopper-v4,4
14137,reward,807,7.203743097870316,9.314,PPO-RegenReg,Hopper-v4,4
14159,reward,808,16.822772103542285,10.376,PPO-RegenReg,Hopper-v4,4
14176,reward,809,12.06387707397333,10.629,PPO-RegenReg,Hopper-v4,4
14197,reward,810,14.367918308315828,10.596,PPO-RegenReg,Hopper-v4,4
14207,reward,811,7.603120567297143,10.636,PPO-RegenReg,Hopper-v4,4
14226,reward,812,16.917271811553935,11.747,PPO-RegenReg,Hopper-v4,4
14240,reward,813,12.2897542049149,12.275,PPO-RegenReg,Hopper-v4,4
14249,reward,814,5.50386719652783,10.826,PPO-RegenReg,Hopper-v4,4
14261,reward,815,7.525561938477212,10.916,PPO-RegenReg,Hopper-v4,4
14271,reward,816,7.952819916837944,10.825,PPO-RegenReg,Hopper-v4,4
14284,reward,817,12.456261175865986,11.35,PPO-RegenReg,Hopper-v4,4
14335,reward,818,41.497859634773036,13.818,PPO-RegenReg,Hopper-v4,4
14361,reward,819,30.765871682327596,15.688,PPO-RegenReg,Hopper-v4,4
14378,reward,820,14.724906239692444,15.724,PPO-RegenReg,Hopper-v4,4
14394,reward,821,8.446949556211374,15.808,PPO-RegenReg,Hopper-v4,4
14407,reward,822,8.340572601255118,14.95,PPO-RegenReg,Hopper-v4,4
14428,reward,823,16.05152148780305,15.327,PPO-RegenReg,Hopper-v4,4
14441,reward,824,7.339162647378732,15.51,PPO-RegenReg,Hopper-v4,4
14470,reward,825,21.718963964155062,16.929,PPO-RegenReg,Hopper-v4,4
14483,reward,826,8.983770486573759,17.033,PPO-RegenReg,Hopper-v4,4
14494,reward,827,8.12175467923577,16.599,PPO-RegenReg,Hopper-v4,4
14516,reward,828,19.853313440143353,14.435,PPO-RegenReg,Hopper-v4,4
14530,reward,829,8.651350091038875,12.223,PPO-RegenReg,Hopper-v4,4
14539,reward,830,5.868014108359702,11.338,PPO-RegenReg,Hopper-v4,4
14558,reward,831,17.249458813788227,12.218,PPO-RegenReg,Hopper-v4,4
14597,reward,832,37.47562547517244,15.131,PPO-RegenReg,Hopper-v4,4
14612,reward,833,11.384081437066412,14.665,PPO-RegenReg,Hopper-v4,4
14636,reward,834,6.126898669279007,14.543,PPO-RegenReg,Hopper-v4,4
14654,reward,835,13.002257137645602,13.672,PPO-RegenReg,Hopper-v4,4
14662,reward,836,6.47891078249785,13.421,PPO-RegenReg,Hopper-v4,4
14679,reward,837,16.243710224351663,14.233,PPO-RegenReg,Hopper-v4,4
14692,reward,838,9.250934322549258,13.173,PPO-RegenReg,Hopper-v4,4
14757,reward,839,65.35671760035223,18.844,PPO-RegenReg,Hopper-v4,4
14782,reward,840,17.25454739920062,19.982,PPO-RegenReg,Hopper-v4,4
14798,reward,841,8.003484092823884,19.058,PPO-RegenReg,Hopper-v4,4
14808,reward,842,4.550133407067869,15.765,PPO-RegenReg,Hopper-v4,4
14823,reward,843,14.954461566170613,16.122,PPO-RegenReg,Hopper-v4,4
14842,reward,844,12.592129677117265,16.769,PPO-RegenReg,Hopper-v4,4
14869,reward,845,15.14260882249346,16.983,PPO-RegenReg,Hopper-v4,4
14892,reward,846,18.00853903836292,18.136,PPO-RegenReg,Hopper-v4,4
14907,reward,847,9.823205535474738,17.494,PPO-RegenReg,Hopper-v4,4
14922,reward,848,11.83619015820506,17.752,PPO-RegenReg,Hopper-v4,4
14933,reward,849,9.659396598102196,12.182,PPO-RegenReg,Hopper-v4,4
14947,reward,850,14.128528506626864,11.87,PPO-RegenReg,Hopper-v4,4
14960,reward,851,10.719645975571366,12.141,PPO-RegenReg,Hopper-v4,4
14972,reward,852,8.161798338307007,12.503,PPO-RegenReg,Hopper-v4,4
14993,reward,853,18.773214553348705,12.885,PPO-RegenReg,Hopper-v4,4
15003,reward,854,7.0762322269835645,12.333,PPO-RegenReg,Hopper-v4,4
15019,reward,855,11.590424647325037,11.978,PPO-RegenReg,Hopper-v4,4
15026,reward,856,5.750844224868146,10.752,PPO-RegenReg,Hopper-v4,4
15040,reward,857,12.554133302636103,11.025,PPO-RegenReg,Hopper-v4,4
15057,reward,858,16.870211164626706,11.528,PPO-RegenReg,Hopper-v4,4
15070,reward,859,7.89531157525415,11.352,PPO-RegenReg,Hopper-v4,4
15092,reward,860,11.375352740992412,11.077,PPO-RegenReg,Hopper-v4,4
15104,reward,861,7.437082724009951,10.748,PPO-RegenReg,Hopper-v4,4
15119,reward,862,10.811142973297871,11.013,PPO-RegenReg,Hopper-v4,4
15128,reward,863,5.705919479375852,9.707,PPO-RegenReg,Hopper-v4,4
15152,reward,864,7.432258813776071,9.742,PPO-RegenReg,Hopper-v4,4
15169,reward,865,7.2635035170894,9.31,PPO-RegenReg,Hopper-v4,4
15185,reward,866,17.344190218836523,10.469,PPO-RegenReg,Hopper-v4,4
15199,reward,867,8.000330176981826,10.014,PPO-RegenReg,Hopper-v4,4
15218,reward,868,11.315770485379762,9.458,PPO-RegenReg,Hopper-v4,4
15238,reward,869,21.295638500424168,10.798,PPO-RegenReg,Hopper-v4,4
15253,reward,870,10.54856412859438,10.715,PPO-RegenReg,Hopper-v4,4
15272,reward,871,20.227205960279758,11.994,PPO-RegenReg,Hopper-v4,4
15282,reward,872,5.321234108454234,11.445,PPO-RegenReg,Hopper-v4,4
15295,reward,873,9.9860964829779,11.873,PPO-RegenReg,Hopper-v4,4
15312,reward,874,12.548088139961028,12.385,PPO-RegenReg,Hopper-v4,4
15324,reward,875,7.396518624288693,12.398,PPO-RegenReg,Hopper-v4,4
15339,reward,876,13.24360038616789,11.988,PPO-RegenReg,Hopper-v4,4
15349,reward,877,8.236252168840346,12.012,PPO-RegenReg,Hopper-v4,4
15367,reward,878,9.214163492056366,11.802,PPO-RegenReg,Hopper-v4,4
15382,reward,879,13.176016059471234,10.99,PPO-RegenReg,Hopper-v4,4
15412,reward,880,34.92303175697953,13.427,PPO-RegenReg,Hopper-v4,4
15435,reward,881,26.876010941130964,14.092,PPO-RegenReg,Hopper-v4,4
15453,reward,882,8.932065116554053,14.453,PPO-RegenReg,Hopper-v4,4
15461,reward,883,5.979160588622166,14.052,PPO-RegenReg,Hopper-v4,4
15477,reward,884,8.483119306102074,13.646,PPO-RegenReg,Hopper-v4,4
15491,reward,885,6.089522542024474,13.515,PPO-RegenReg,Hopper-v4,4
15505,reward,886,7.625428420351027,12.953,PPO-RegenReg,Hopper-v4,4
15512,reward,887,4.9056177055368595,12.62,PPO-RegenReg,Hopper-v4,4
15528,reward,888,9.101791326773727,12.609,PPO-RegenReg,Hopper-v4,4
15549,reward,889,14.156994155037754,12.707,PPO-RegenReg,Hopper-v4,4
15561,reward,890,10.239054874223783,10.239,PPO-RegenReg,Hopper-v4,4
15589,reward,891,12.460898583486493,8.797,PPO-RegenReg,Hopper-v4,4
15597,reward,892,6.034438205290238,8.508,PPO-RegenReg,Hopper-v4,4
15607,reward,893,6.829440115648533,8.593,PPO-RegenReg,Hopper-v4,4
15624,reward,894,16.225296313575537,9.367,PPO-RegenReg,Hopper-v4,4
15633,reward,895,5.773308433106644,9.335,PPO-RegenReg,Hopper-v4,4
15648,reward,896,13.608714814812682,9.934,PPO-RegenReg,Hopper-v4,4
15677,reward,897,33.275558930241715,12.771,PPO-RegenReg,Hopper-v4,4
15691,reward,898,5.810974089835796,12.441,PPO-RegenReg,Hopper-v4,4
15705,reward,899,9.226976126058812,11.948,PPO-RegenReg,Hopper-v4,4
15716,reward,900,7.343466127024053,11.659,PPO-RegenReg,Hopper-v4,4
15729,reward,901,9.777605261737968,11.391,PPO-RegenReg,Hopper-v4,4
15747,reward,902,8.357362041071168,11.623,PPO-RegenReg,Hopper-v4,4
15766,reward,903,6.751335701361527,11.615,PPO-RegenReg,Hopper-v4,4
15787,reward,904,7.256619999891923,10.718,PPO-RegenReg,Hopper-v4,4
15804,reward,905,16.93331692556559,11.834,PPO-RegenReg,Hopper-v4,4
15828,reward,906,11.601462538490635,11.633,PPO-RegenReg,Hopper-v4,4
15839,reward,907,7.8599575211743025,9.092,PPO-RegenReg,Hopper-v4,4
15870,reward,908,39.63268867343155,12.474,PPO-RegenReg,Hopper-v4,4
15880,reward,909,7.442575767915036,12.296,PPO-RegenReg,Hopper-v4,4
15893,reward,910,6.719872785604968,12.233,PPO-RegenReg,Hopper-v4,4
15903,reward,911,7.239494533058104,11.979,PPO-RegenReg,Hopper-v4,4
15916,reward,912,10.693966674001398,12.213,PPO-RegenReg,Hopper-v4,4
15931,reward,913,14.797780549165605,13.018,PPO-RegenReg,Hopper-v4,4
15945,reward,914,7.194542244134659,13.012,PPO-RegenReg,Hopper-v4,4
15961,reward,915,13.300735499103586,12.648,PPO-RegenReg,Hopper-v4,4
15977,reward,916,12.814634336097578,12.77,PPO-RegenReg,Hopper-v4,4
15988,reward,917,9.529093084394795,12.937,PPO-RegenReg,Hopper-v4,4
15998,reward,918,8.016921497871419,9.775,PPO-RegenReg,Hopper-v4,4
16012,reward,919,11.336130869259499,10.164,PPO-RegenReg,Hopper-v4,4
16021,reward,920,5.997620170431032,10.092,PPO-RegenReg,Hopper-v4,4
16035,reward,921,11.262584608601617,10.494,PPO-RegenReg,Hopper-v4,4
16059,reward,922,28.85205125860964,12.31,PPO-RegenReg,Hopper-v4,4
16092,reward,923,42.48682980405883,15.079,PPO-RegenReg,Hopper-v4,4
16109,reward,924,11.799594940327456,15.54,PPO-RegenReg,Hopper-v4,4
16117,reward,925,6.693446798578635,14.879,PPO-RegenReg,Hopper-v4,4
16131,reward,926,13.364238685465146,14.934,PPO-RegenReg,Hopper-v4,4
16151,reward,927,9.65163947692411,14.946,PPO-RegenReg,Hopper-v4,4
16169,reward,928,18.4271654205081,15.987,PPO-RegenReg,Hopper-v4,4
16185,reward,929,9.640336510004655,15.818,PPO-RegenReg,Hopper-v4,4
16199,reward,930,15.931758964303537,16.811,PPO-RegenReg,Hopper-v4,4
16224,reward,931,13.624936271829318,17.047,PPO-RegenReg,Hopper-v4,4
16255,reward,932,38.84991698145712,18.047,PPO-RegenReg,Hopper-v4,4
16271,reward,933,8.918158553523762,14.69,PPO-RegenReg,Hopper-v4,4
16284,reward,934,10.990880613992923,14.609,PPO-RegenReg,Hopper-v4,4
16295,reward,935,4.727482619985338,14.413,PPO-RegenReg,Hopper-v4,4
16307,reward,936,9.6403379120698,14.04,PPO-RegenReg,Hopper-v4,4
16332,reward,937,27.038194206316717,15.779,PPO-RegenReg,Hopper-v4,4
16344,reward,938,7.178442113472578,14.654,PPO-RegenReg,Hopper-v4,4
16380,reward,939,41.39294889726759,17.829,PPO-RegenReg,Hopper-v4,4
16398,reward,940,14.178912119059794,17.654,PPO-RegenReg,Hopper-v4,4
16410,reward,941,6.958040291004882,16.987,PPO-RegenReg,Hopper-v4,4
16421,reward,942,7.129509566867438,13.815,PPO-RegenReg,Hopper-v4,4
16438,reward,943,8.836343905262353,13.807,PPO-RegenReg,Hopper-v4,4
16449,reward,944,6.886744903227894,13.397,PPO-RegenReg,Hopper-v4,4
16463,reward,945,9.07393349628072,13.831,PPO-RegenReg,Hopper-v4,4
16479,reward,946,14.496190872759362,14.317,PPO-RegenReg,Hopper-v4,4
16501,reward,947,16.277736653457406,13.241,PPO-RegenReg,Hopper-v4,4
16515,reward,948,9.51436320655425,13.474,PPO-RegenReg,Hopper-v4,4
16530,reward,949,11.608673088656559,10.496,PPO-RegenReg,Hopper-v4,4
16544,reward,950,10.930260576210193,10.171,PPO-RegenReg,Hopper-v4,4
16557,reward,951,13.488240880004147,10.824,PPO-RegenReg,Hopper-v4,4
16568,reward,952,6.719181648622467,10.783,PPO-RegenReg,Hopper-v4,4
16578,reward,953,8.226197677515852,10.722,PPO-RegenReg,Hopper-v4,4
16594,reward,954,10.770534919607323,11.111,PPO-RegenReg,Hopper-v4,4
16613,reward,955,12.662940973578372,11.469,PPO-RegenReg,Hopper-v4,4
16632,reward,956,8.184464215208962,10.838,PPO-RegenReg,Hopper-v4,4
16648,reward,957,15.586841328253097,10.769,PPO-RegenReg,Hopper-v4,4
16659,reward,958,7.599468931348638,10.578,PPO-RegenReg,Hopper-v4,4
16669,reward,959,8.046556361815735,10.221,PPO-RegenReg,Hopper-v4,4
16688,reward,960,7.346439397216545,9.863,PPO-RegenReg,Hopper-v4,4
16702,reward,961,11.445174254190347,9.659,PPO-RegenReg,Hopper-v4,4
16720,reward,962,16.896976682292603,10.677,PPO-RegenReg,Hopper-v4,4
16732,reward,963,10.959846184785297,10.95,PPO-RegenReg,Hopper-v4,4
16741,reward,964,6.393750789187277,10.512,PPO-RegenReg,Hopper-v4,4
16754,reward,965,9.67715280483438,10.214,PPO-RegenReg,Hopper-v4,4
16766,reward,966,9.896482141421288,10.385,PPO-RegenReg,Hopper-v4,4
16779,reward,967,9.665592863944209,9.793,PPO-RegenReg,Hopper-v4,4
16795,reward,968,11.764750073013374,10.209,PPO-RegenReg,Hopper-v4,4
16809,reward,969,9.7966269619487,10.384,PPO-RegenReg,Hopper-v4,4
16825,reward,970,16.147858933964535,11.264,PPO-RegenReg,Hopper-v4,4
16837,reward,971,8.834095150749047,11.003,PPO-RegenReg,Hopper-v4,4
16850,reward,972,5.159911620107546,9.83,PPO-RegenReg,Hopper-v4,4
16863,reward,973,8.83567159500403,9.617,PPO-RegenReg,Hopper-v4,4
16876,reward,974,6.864962401460362,9.664,PPO-RegenReg,Hopper-v4,4
16903,reward,975,29.855096247162425,11.682,PPO-RegenReg,Hopper-v4,4
16927,reward,976,32.31949560226296,13.924,PPO-RegenReg,Hopper-v4,4
16940,reward,977,10.820501303913511,14.04,PPO-RegenReg,Hopper-v4,4
16949,reward,978,3.7590018168284143,13.239,PPO-RegenReg,Hopper-v4,4
16976,reward,979,15.852077772230814,13.845,PPO-RegenReg,Hopper-v4,4
16986,reward,980,8.279707180169915,13.058,PPO-RegenReg,Hopper-v4,4
16994,reward,981,4.643616308044387,12.639,PPO-RegenReg,Hopper-v4,4
17007,reward,982,7.573127455214563,12.88,PPO-RegenReg,Hopper-v4,4
17019,reward,983,8.183241854680062,12.815,PPO-RegenReg,Hopper-v4,4
17046,reward,984,9.731453530929858,13.102,PPO-RegenReg,Hopper-v4,4
17068,reward,985,4.732308912602507,10.589,PPO-RegenReg,Hopper-v4,4
17087,reward,986,11.875093311912165,8.545,PPO-RegenReg,Hopper-v4,4
17104,reward,987,7.519185720634443,8.215,PPO-RegenReg,Hopper-v4,4
17137,reward,988,38.1505257040366,11.654,PPO-RegenReg,Hopper-v4,4
17148,reward,989,8.762477940770225,10.945,PPO-RegenReg,Hopper-v4,4
17162,reward,990,7.937620492658295,10.911,PPO-RegenReg,Hopper-v4,4
17185,reward,991,26.537601357578765,13.1,PPO-RegenReg,Hopper-v4,4
17192,reward,992,4.114190817190819,12.754,PPO-RegenReg,Hopper-v4,4
17204,reward,993,6.1750393200282385,12.554,PPO-RegenReg,Hopper-v4,4
17217,reward,994,5.403242403296272,12.121,PPO-RegenReg,Hopper-v4,4
17248,reward,995,8.998470524200346,12.547,PPO-RegenReg,Hopper-v4,4
17263,reward,996,4.778221430778157,11.838,PPO-RegenReg,Hopper-v4,4
17275,reward,997,7.319866161466388,11.818,PPO-RegenReg,Hopper-v4,4
17288,reward,998,10.32868109228136,9.036,PPO-RegenReg,Hopper-v4,4
17300,reward,999,10.718853243830717,9.231,PPO-RegenReg,Hopper-v4,4
17313,reward,1000,5.699976894021415,9.007,PPO-RegenReg,Hopper-v4,4
17326,reward,1001,9.407990654181285,7.294,PPO-RegenReg,Hopper-v4,4
17341,reward,1002,11.040922914797566,7.987,PPO-RegenReg,Hopper-v4,4
17354,reward,1003,9.576702342818194,8.327,PPO-RegenReg,Hopper-v4,4
17363,reward,1004,6.3662109084934,8.424,PPO-RegenReg,Hopper-v4,4
17385,reward,1005,12.293391688570026,8.753,PPO-RegenReg,Hopper-v4,4
17397,reward,1006,9.615047413031093,9.237,PPO-RegenReg,Hopper-v4,4
17416,reward,1007,2.4457121933935246,8.749,PPO-RegenReg,Hopper-v4,4
17430,reward,1008,10.719323986966394,8.788,PPO-RegenReg,Hopper-v4,4
17448,reward,1009,8.521063323891518,8.569,PPO-RegenReg,Hopper-v4,4
17466,reward,1010,15.167429190095673,9.515,PPO-RegenReg,Hopper-v4,4
17477,reward,1011,8.209899629129842,9.396,PPO-RegenReg,Hopper-v4,4
17488,reward,1012,8.384894241753729,9.13,PPO-RegenReg,Hopper-v4,4
17502,reward,1013,8.42018167595463,9.014,PPO-RegenReg,Hopper-v4,4
17513,reward,1014,5.074465904701875,8.885,PPO-RegenReg,Hopper-v4,4
17529,reward,1015,7.647722231018319,8.421,PPO-RegenReg,Hopper-v4,4
17542,reward,1016,11.42543059064674,8.602,PPO-RegenReg,Hopper-v4,4
17554,reward,1017,8.72918738545349,9.23,PPO-RegenReg,Hopper-v4,4
17567,reward,1018,9.307979770639262,9.089,PPO-RegenReg,Hopper-v4,4
17587,reward,1019,10.341883854604689,9.271,PPO-RegenReg,Hopper-v4,4
17608,reward,1020,9.929670571417608,8.747,PPO-RegenReg,Hopper-v4,4
17627,reward,1021,19.27190412808251,9.853,PPO-RegenReg,Hopper-v4,4
17639,reward,1022,10.13911244920233,10.029,PPO-RegenReg,Hopper-v4,4
17651,reward,1023,7.646085058385354,9.951,PPO-RegenReg,Hopper-v4,4
17663,reward,1024,5.260664609518888,9.97,PPO-RegenReg,Hopper-v4,4
17673,reward,1025,6.317136255747057,9.837,PPO-RegenReg,Hopper-v4,4
17683,reward,1026,4.653505397063951,9.16,PPO-RegenReg,Hopper-v4,4
17704,reward,1027,24.000973150398746,10.687,PPO-RegenReg,Hopper-v4,4
17721,reward,1028,11.520181343719715,10.908,PPO-RegenReg,Hopper-v4,4
17744,reward,1029,25.236341482876213,12.398,PPO-RegenReg,Hopper-v4,4
17762,reward,1030,8.23381805295009,12.228,PPO-RegenReg,Hopper-v4,4
17774,reward,1031,10.477949693802318,11.349,PPO-RegenReg,Hopper-v4,4
17786,reward,1032,9.637427956053767,11.298,PPO-RegenReg,Hopper-v4,4
17800,reward,1033,8.911093548206614,11.425,PPO-RegenReg,Hopper-v4,4
17810,reward,1034,7.633965431101552,11.662,PPO-RegenReg,Hopper-v4,4
17821,reward,1035,8.534813443720498,11.884,PPO-RegenReg,Hopper-v4,4
17837,reward,1036,8.171828254509814,12.236,PPO-RegenReg,Hopper-v4,4
17854,reward,1037,17.47044088611536,11.583,PPO-RegenReg,Hopper-v4,4
17873,reward,1038,10.64419667569751,11.495,PPO-RegenReg,Hopper-v4,4
17888,reward,1039,12.652972931835073,10.237,PPO-RegenReg,Hopper-v4,4
17904,reward,1040,11.519171524374393,10.565,PPO-RegenReg,Hopper-v4,4
17915,reward,1041,7.740437956177115,10.292,PPO-RegenReg,Hopper-v4,4
17930,reward,1042,9.162383772619862,10.244,PPO-RegenReg,Hopper-v4,4
17949,reward,1043,18.53182092243109,11.206,PPO-RegenReg,Hopper-v4,4
17966,reward,1044,4.012151697533322,10.844,PPO-RegenReg,Hopper-v4,4
17997,reward,1045,38.60295801538479,13.851,PPO-RegenReg,Hopper-v4,4
18010,reward,1046,8.039778318708175,13.838,PPO-RegenReg,Hopper-v4,4
18027,reward,1047,14.592122554043058,13.55,PPO-RegenReg,Hopper-v4,4
18044,reward,1048,12.755031363903994,13.761,PPO-RegenReg,Hopper-v4,4
18053,reward,1049,6.130722122605155,13.109,PPO-RegenReg,Hopper-v4,4
18075,reward,1050,22.611002954968622,14.218,PPO-RegenReg,Hopper-v4,4
18087,reward,1051,9.584286496634949,14.402,PPO-RegenReg,Hopper-v4,4
18099,reward,1052,10.033861661787968,14.489,PPO-RegenReg,Hopper-v4,4
18122,reward,1053,22.326737822161984,14.869,PPO-RegenReg,Hopper-v4,4
18138,reward,1054,12.835451809124304,15.751,PPO-RegenReg,Hopper-v4,4
18149,reward,1055,8.096514278819654,12.701,PPO-RegenReg,Hopper-v4,4
18168,reward,1056,18.687405783340637,13.765,PPO-RegenReg,Hopper-v4,4
18193,reward,1057,26.8442842388428,14.991,PPO-RegenReg,Hopper-v4,4
18211,reward,1058,24.068439889952636,16.122,PPO-RegenReg,Hopper-v4,4
18226,reward,1059,12.039000685146995,16.713,PPO-RegenReg,Hopper-v4,4
18237,reward,1060,6.074508647048269,15.059,PPO-RegenReg,Hopper-v4,4
18247,reward,1061,8.277592927887753,14.928,PPO-RegenReg,Hopper-v4,4
18275,reward,1062,27.696427804889918,16.695,PPO-RegenReg,Hopper-v4,4
18285,reward,1063,8.114633859052015,15.273,PPO-RegenReg,Hopper-v4,4
18303,reward,1064,18.462978887021546,15.836,PPO-RegenReg,Hopper-v4,4
18320,reward,1065,18.75438283712827,16.902,PPO-RegenReg,Hopper-v4,4
18333,reward,1066,9.467509799941654,15.98,PPO-RegenReg,Hopper-v4,4
18344,reward,1067,5.259691383904812,13.822,PPO-RegenReg,Hopper-v4,4
18356,reward,1068,9.179367615728822,12.333,PPO-RegenReg,Hopper-v4,4
18386,reward,1069,28.184032403270386,13.947,PPO-RegenReg,Hopper-v4,4
18408,reward,1070,10.29805661342313,14.369,PPO-RegenReg,Hopper-v4,4
18424,reward,1071,12.932108138510435,14.835,PPO-RegenReg,Hopper-v4,4
18442,reward,1072,20.206466691414867,14.086,PPO-RegenReg,Hopper-v4,4
18455,reward,1073,11.586581535586053,14.433,PPO-RegenReg,Hopper-v4,4
18468,reward,1074,6.084730875545045,13.195,PPO-RegenReg,Hopper-v4,4
18478,reward,1075,6.893480214777387,12.009,PPO-RegenReg,Hopper-v4,4
18493,reward,1076,11.501888910175403,12.213,PPO-RegenReg,Hopper-v4,4
18510,reward,1077,12.162899321139905,12.903,PPO-RegenReg,Hopper-v4,4
18519,reward,1078,6.86309230128624,12.671,PPO-RegenReg,Hopper-v4,4
18540,reward,1079,18.84138758154999,11.737,PPO-RegenReg,Hopper-v4,4
18554,reward,1080,15.283966738357694,12.236,PPO-RegenReg,Hopper-v4,4
18568,reward,1081,10.576469223067305,12.0,PPO-RegenReg,Hopper-v4,4
18581,reward,1082,7.252865127747375,10.705,PPO-RegenReg,Hopper-v4,4
18605,reward,1083,26.081165640878123,12.154,PPO-RegenReg,Hopper-v4,4
18627,reward,1084,12.426022181464031,12.788,PPO-RegenReg,Hopper-v4,4
18642,reward,1085,8.924331539294192,12.991,PPO-RegenReg,Hopper-v4,4
18666,reward,1086,30.361979998304882,14.877,PPO-RegenReg,Hopper-v4,4
18693,reward,1087,12.353999501094847,14.897,PPO-RegenReg,Hopper-v4,4
18711,reward,1088,10.615000199946419,15.272,PPO-RegenReg,Hopper-v4,4
18731,reward,1089,16.622613993062192,15.05,PPO-RegenReg,Hopper-v4,4
18742,reward,1090,7.001807455354154,14.222,PPO-RegenReg,Hopper-v4,4
18751,reward,1091,6.905718066035004,13.855,PPO-RegenReg,Hopper-v4,4
18776,reward,1092,13.674568576042276,14.497,PPO-RegenReg,Hopper-v4,4
18788,reward,1093,7.998412700449752,12.688,PPO-RegenReg,Hopper-v4,4
18813,reward,1094,17.62732495824826,13.209,PPO-RegenReg,Hopper-v4,4
18834,reward,1095,22.752599527015256,14.591,PPO-RegenReg,Hopper-v4,4
18850,reward,1096,10.529667301009912,12.608,PPO-RegenReg,Hopper-v4,4
18865,reward,1097,13.011444727289813,12.674,PPO-RegenReg,Hopper-v4,4
18875,reward,1098,5.264718712181644,12.139,PPO-RegenReg,Hopper-v4,4
18896,reward,1099,25.494168835382077,13.026,PPO-RegenReg,Hopper-v4,4
18910,reward,1100,13.488177242908446,13.675,PPO-RegenReg,Hopper-v4,4
18927,reward,1101,8.472475163489058,13.831,PPO-RegenReg,Hopper-v4,4
18939,reward,1102,9.850526161206913,13.449,PPO-RegenReg,Hopper-v4,4
18971,reward,1103,22.98886022629046,14.948,PPO-RegenReg,Hopper-v4,4
18984,reward,1104,9.897081459942937,14.175,PPO-RegenReg,Hopper-v4,4
19005,reward,1105,19.22312682090249,13.822,PPO-RegenReg,Hopper-v4,4
19019,reward,1106,12.887751263446447,14.058,PPO-RegenReg,Hopper-v4,4
19030,reward,1107,5.125022272114737,13.269,PPO-RegenReg,Hopper-v4,4
19050,reward,1108,24.047749489322428,15.147,PPO-RegenReg,Hopper-v4,4
19059,reward,1109,6.633573523586769,13.261,PPO-RegenReg,Hopper-v4,4
19095,reward,1110,49.37589837933631,16.85,PPO-RegenReg,Hopper-v4,4
19118,reward,1111,7.767734062725059,16.78,PPO-RegenReg,Hopper-v4,4
19137,reward,1112,6.758885395227746,16.471,PPO-RegenReg,Hopper-v4,4
19149,reward,1113,10.694238435621633,15.241,PPO-RegenReg,Hopper-v4,4
19159,reward,1114,7.314393526319494,14.983,PPO-RegenReg,Hopper-v4,4
19173,reward,1115,9.023665739409907,13.963,PPO-RegenReg,Hopper-v4,4
19187,reward,1116,7.12602711809476,13.387,PPO-RegenReg,Hopper-v4,4
19212,reward,1117,30.519686636075512,15.926,PPO-RegenReg,Hopper-v4,4
19225,reward,1118,11.388348161720206,14.66,PPO-RegenReg,Hopper-v4,4
19232,reward,1119,4.430457489338169,14.44,PPO-RegenReg,Hopper-v4,4
19241,reward,1120,7.107557260690162,10.213,PPO-RegenReg,Hopper-v4,4
19253,reward,1121,10.017166927429694,10.438,PPO-RegenReg,Hopper-v4,4
19310,reward,1122,94.2310697942167,19.185,PPO-RegenReg,Hopper-v4,4
19327,reward,1123,10.95258081318427,19.211,PPO-RegenReg,Hopper-v4,4
19338,reward,1124,9.299137958936873,19.41,PPO-RegenReg,Hopper-v4,4
19356,reward,1125,12.979628866331876,19.805,PPO-RegenReg,Hopper-v4,4
19364,reward,1126,5.882585351055921,19.681,PPO-RegenReg,Hopper-v4,4
19373,reward,1127,6.3361771987683655,17.262,PPO-RegenReg,Hopper-v4,4
19387,reward,1128,11.055308267748124,17.229,PPO-RegenReg,Hopper-v4,4
19407,reward,1129,21.10089573640626,18.896,PPO-RegenReg,Hopper-v4,4
19419,reward,1130,7.158133287153154,18.901,PPO-RegenReg,Hopper-v4,4
19438,reward,1131,19.970843527099063,19.897,PPO-RegenReg,Hopper-v4,4
19460,reward,1132,22.78752685933583,12.752,PPO-RegenReg,Hopper-v4,4
19471,reward,1133,8.700926926416967,12.527,PPO-RegenReg,Hopper-v4,4
19484,reward,1134,8.536212366577665,12.451,PPO-RegenReg,Hopper-v4,4
19496,reward,1135,6.394769919401182,11.792,PPO-RegenReg,Hopper-v4,4
19510,reward,1136,10.13921752602856,12.218,PPO-RegenReg,Hopper-v4,4
19532,reward,1137,25.896510310357204,14.174,PPO-RegenReg,Hopper-v4,4
19554,reward,1138,21.394314918925815,15.208,PPO-RegenReg,Hopper-v4,4
19578,reward,1139,27.387299758431404,15.837,PPO-RegenReg,Hopper-v4,4
19591,reward,1140,9.840354959929893,16.105,PPO-RegenReg,Hopper-v4,4
19607,reward,1141,12.424105097750813,15.35,PPO-RegenReg,Hopper-v4,4
19618,reward,1142,7.044445548101716,13.776,PPO-RegenReg,Hopper-v4,4
19630,reward,1143,10.083029493764698,13.914,PPO-RegenReg,Hopper-v4,4
19661,reward,1144,14.242143868922497,14.485,PPO-RegenReg,Hopper-v4,4
19671,reward,1145,7.806860444177924,14.626,PPO-RegenReg,Hopper-v4,4
19692,reward,1146,23.72708340489814,15.985,PPO-RegenReg,Hopper-v4,4
19703,reward,1147,7.410321150778016,14.136,PPO-RegenReg,Hopper-v4,4
19714,reward,1148,9.023857393274017,12.899,PPO-RegenReg,Hopper-v4,4
19722,reward,1149,4.041963131667234,10.564,PPO-RegenReg,Hopper-v4,4
19731,reward,1150,7.021558731198185,10.283,PPO-RegenReg,Hopper-v4,4
19739,reward,1151,4.347603426354376,9.475,PPO-RegenReg,Hopper-v4,4
19754,reward,1152,10.879335492201406,9.858,PPO-RegenReg,Hopper-v4,4
19767,reward,1153,12.311683192420793,10.081,PPO-RegenReg,Hopper-v4,4
19779,reward,1154,9.694724962561526,9.626,PPO-RegenReg,Hopper-v4,4
19800,reward,1155,22.998521920912722,11.146,PPO-RegenReg,Hopper-v4,4
19816,reward,1156,7.0886297055210505,9.482,PPO-RegenReg,Hopper-v4,4
19836,reward,1157,14.06883794057063,10.148,PPO-RegenReg,Hopper-v4,4
19849,reward,1158,8.710465024870949,10.116,PPO-RegenReg,Hopper-v4,4
19865,reward,1159,10.669003350381132,10.779,PPO-RegenReg,Hopper-v4,4
19911,reward,1160,58.397739694002475,15.917,PPO-RegenReg,Hopper-v4,4
19927,reward,1161,10.221334466423935,16.504,PPO-RegenReg,Hopper-v4,4
19966,reward,1162,37.759409830976956,19.192,PPO-RegenReg,Hopper-v4,4
19981,reward,1163,8.265624447062558,18.787,PPO-RegenReg,Hopper-v4,4
20007,reward,1164,18.716444996264514,19.69,PPO-RegenReg,Hopper-v4,4
20019,reward,1165,7.010747720868839,18.091,PPO-RegenReg,Hopper-v4,4
20039,reward,1166,19.449198755832143,19.327,PPO-RegenReg,Hopper-v4,4
20053,reward,1167,6.499164322076798,18.57,PPO-RegenReg,Hopper-v4,4
20065,reward,1168,11.02463000041131,18.801,PPO-RegenReg,Hopper-v4,4
20079,reward,1169,14.631441855133142,19.198,PPO-RegenReg,Hopper-v4,4
20098,reward,1170,8.034677451388282,14.161,PPO-RegenReg,Hopper-v4,4
20115,reward,1171,18.845150007083657,15.024,PPO-RegenReg,Hopper-v4,4
20125,reward,1172,7.312019306646484,11.979,PPO-RegenReg,Hopper-v4,4
20143,reward,1173,14.937984988565484,12.646,PPO-RegenReg,Hopper-v4,4
20155,reward,1174,5.288586409762123,11.303,PPO-RegenReg,Hopper-v4,4
20164,reward,1175,4.434608403304717,11.046,PPO-RegenReg,Hopper-v4,4
20175,reward,1176,9.546344386856076,10.055,PPO-RegenReg,Hopper-v4,4
20205,reward,1177,5.230002978309843,9.929,PPO-RegenReg,Hopper-v4,4
20219,reward,1178,13.110283921679002,10.137,PPO-RegenReg,Hopper-v4,4
20235,reward,1179,15.900809142914312,10.264,PPO-RegenReg,Hopper-v4,4
20250,reward,1180,10.557973372904568,10.516,PPO-RegenReg,Hopper-v4,4
20271,reward,1181,18.354709835804627,10.467,PPO-RegenReg,Hopper-v4,4
20281,reward,1182,6.526808269649763,10.389,PPO-RegenReg,Hopper-v4,4
20299,reward,1183,18.891746256075816,10.784,PPO-RegenReg,Hopper-v4,4
20308,reward,1184,5.292398665169517,10.785,PPO-RegenReg,Hopper-v4,4
20331,reward,1185,21.315296029086216,12.473,PPO-RegenReg,Hopper-v4,4
20341,reward,1186,7.626288267282025,12.281,PPO-RegenReg,Hopper-v4,4
20355,reward,1187,9.832731821476672,12.741,PPO-RegenReg,Hopper-v4,4
20365,reward,1188,8.0481396573233,12.235,PPO-RegenReg,Hopper-v4,4
20382,reward,1189,11.931420847120332,11.838,PPO-RegenReg,Hopper-v4,4
20391,reward,1190,6.907069272250082,11.473,PPO-RegenReg,Hopper-v4,4
20403,reward,1191,8.564827205744496,10.494,PPO-RegenReg,Hopper-v4,4
20431,reward,1192,34.6159434628692,13.303,PPO-RegenReg,Hopper-v4,4
20451,reward,1193,18.86791578745938,13.3,PPO-RegenReg,Hopper-v4,4
20481,reward,1194,35.8360612267978,16.355,PPO-RegenReg,Hopper-v4,4
20510,reward,1195,37.38630117142954,17.962,PPO-RegenReg,Hopper-v4,4
20532,reward,1196,22.81535391451149,19.481,PPO-RegenReg,Hopper-v4,4
20549,reward,1197,13.134186211036484,19.811,PPO-RegenReg,Hopper-v4,4
20570,reward,1198,12.283830935395146,20.234,PPO-RegenReg,Hopper-v4,4
20589,reward,1199,17.62112478324829,20.803,PPO-RegenReg,Hopper-v4,4
20621,reward,1200,23.887419862636072,22.501,PPO-RegenReg,Hopper-v4,4
20633,reward,1201,10.83016448708999,22.728,PPO-RegenReg,Hopper-v4,4
20647,reward,1202,9.508575399718294,20.217,PPO-RegenReg,Hopper-v4,4
20657,reward,1203,6.462746715090103,18.977,PPO-RegenReg,Hopper-v4,4
20667,reward,1204,6.465333398844686,16.04,PPO-RegenReg,Hopper-v4,4
20675,reward,1205,5.3875267763009305,12.84,PPO-RegenReg,Hopper-v4,4
20689,reward,1206,10.629849460650275,11.621,PPO-RegenReg,Hopper-v4,4
20707,reward,1207,20.16138471224189,12.324,PPO-RegenReg,Hopper-v4,4
20729,reward,1208,10.270729352643148,12.122,PPO-RegenReg,Hopper-v4,4
20736,reward,1209,4.205001072841707,10.781,PPO-RegenReg,Hopper-v4,4
20748,reward,1210,5.131918844625108,8.905,PPO-RegenReg,Hopper-v4,4
20763,reward,1211,4.105568247819152,8.233,PPO-RegenReg,Hopper-v4,4
20791,reward,1212,27.09464050046035,9.991,PPO-RegenReg,Hopper-v4,4
20816,reward,1213,29.701911552293623,12.315,PPO-RegenReg,Hopper-v4,4
20833,reward,1214,12.930908590502018,12.962,PPO-RegenReg,Hopper-v4,4
20845,reward,1215,8.612395567248292,13.284,PPO-RegenReg,Hopper-v4,4
20867,reward,1216,24.903084228490705,14.712,PPO-RegenReg,Hopper-v4,4
20911,reward,1217,65.04368002681466,19.2,PPO-RegenReg,Hopper-v4,4
20932,reward,1218,21.54910987217434,20.328,PPO-RegenReg,Hopper-v4,4
20941,reward,1219,6.177636634632024,20.525,PPO-RegenReg,Hopper-v4,4
20955,reward,1220,8.592738760725728,20.871,PPO-RegenReg,Hopper-v4,4
20971,reward,1221,13.751563215125598,21.836,PPO-RegenReg,Hopper-v4,4
21012,reward,1222,68.90739586649858,26.017,PPO-RegenReg,Hopper-v4,4
21021,reward,1223,7.15861659186626,23.763,PPO-RegenReg,Hopper-v4,4
21034,reward,1224,7.56548389384435,23.226,PPO-RegenReg,Hopper-v4,4
21048,reward,1225,14.601515093342801,23.825,PPO-RegenReg,Hopper-v4,4
21059,reward,1226,8.457844374416137,22.181,PPO-RegenReg,Hopper-v4,4
21068,reward,1227,7.468023753920558,16.423,PPO-RegenReg,Hopper-v4,4
21078,reward,1228,5.8871517466685965,14.857,PPO-RegenReg,Hopper-v4,4
21092,reward,1229,13.127310164729915,15.552,PPO-RegenReg,Hopper-v4,4
21107,reward,1230,12.281350342189873,15.921,PPO-RegenReg,Hopper-v4,4
21119,reward,1231,11.405185872322875,15.686,PPO-RegenReg,Hopper-v4,4
21128,reward,1232,7.228478205048136,9.518,PPO-RegenReg,Hopper-v4,4
21137,reward,1233,5.956367962222789,9.398,PPO-RegenReg,Hopper-v4,4
21149,reward,1234,7.576212421760803,9.399,PPO-RegenReg,Hopper-v4,4
21165,reward,1235,13.480260746900976,9.287,PPO-RegenReg,Hopper-v4,4
21189,reward,1236,16.630395429712767,10.104,PPO-RegenReg,Hopper-v4,4
21201,reward,1237,10.245388461075999,10.382,PPO-RegenReg,Hopper-v4,4
21211,reward,1238,7.673321859207801,10.56,PPO-RegenReg,Hopper-v4,4
21219,reward,1239,5.33641902695844,9.781,PPO-RegenReg,Hopper-v4,4
21228,reward,1240,6.016697053830092,9.155,PPO-RegenReg,Hopper-v4,4
21239,reward,1241,8.198392729364425,8.834,PPO-RegenReg,Hopper-v4,4
21251,reward,1242,7.491393265334886,8.86,PPO-RegenReg,Hopper-v4,4
21265,reward,1243,7.034571326060797,8.968,PPO-RegenReg,Hopper-v4,4
21278,reward,1244,8.787250646175607,9.089,PPO-RegenReg,Hopper-v4,4
21287,reward,1245,5.421140788712124,8.283,PPO-RegenReg,Hopper-v4,4
21298,reward,1246,8.189480582699035,7.439,PPO-RegenReg,Hopper-v4,4
21308,reward,1247,5.650240360336649,6.98,PPO-RegenReg,Hopper-v4,4
21324,reward,1248,11.771542807259783,7.39,PPO-RegenReg,Hopper-v4,4
21333,reward,1249,5.6950415753693004,7.426,PPO-RegenReg,Hopper-v4,4
21350,reward,1250,14.522873951354354,8.276,PPO-RegenReg,Hopper-v4,4
21361,reward,1251,8.411779321188776,8.298,PPO-RegenReg,Hopper-v4,4
21373,reward,1252,6.937386607234436,8.242,PPO-RegenReg,Hopper-v4,4
21397,reward,1253,32.210165578562595,10.76,PPO-RegenReg,Hopper-v4,4
21405,reward,1254,6.1655476460045096,10.498,PPO-RegenReg,Hopper-v4,4
21413,reward,1255,5.883524300933096,10.544,PPO-RegenReg,Hopper-v4,4
21422,reward,1256,6.294631801591894,10.354,PPO-RegenReg,Hopper-v4,4
21433,reward,1257,6.626469749192375,10.452,PPO-RegenReg,Hopper-v4,4
21443,reward,1258,7.516488483457658,10.026,PPO-RegenReg,Hopper-v4,4
21462,reward,1259,20.461590397949784,11.503,PPO-RegenReg,Hopper-v4,4
21471,reward,1260,6.844385871305236,10.735,PPO-RegenReg,Hopper-v4,4
21479,reward,1261,5.1426801595904115,10.408,PPO-RegenReg,Hopper-v4,4
21495,reward,1262,10.08621881943862,10.723,PPO-RegenReg,Hopper-v4,4
21517,reward,1263,10.194111963051563,8.522,PPO-RegenReg,Hopper-v4,4
21535,reward,1264,8.325145246928956,8.738,PPO-RegenReg,Hopper-v4,4
21546,reward,1265,6.897631714946887,8.839,PPO-RegenReg,Hopper-v4,4
21562,reward,1266,14.843364329354275,9.694,PPO-RegenReg,Hopper-v4,4
21578,reward,1267,11.98358612758207,10.23,PPO-RegenReg,Hopper-v4,4
21609,reward,1268,31.715596425695757,12.649,PPO-RegenReg,Hopper-v4,4
21635,reward,1269,29.360924817227232,13.539,PPO-RegenReg,Hopper-v4,4
21644,reward,1270,6.859574886659053,13.541,PPO-RegenReg,Hopper-v4,4
21660,reward,1271,10.750776620279494,14.102,PPO-RegenReg,Hopper-v4,4
21690,reward,1272,21.464275999120552,15.239,PPO-RegenReg,Hopper-v4,4
21700,reward,1273,8.65067676455748,15.085,PPO-RegenReg,Hopper-v4,4
21713,reward,1274,8.971088104253852,15.15,PPO-RegenReg,Hopper-v4,4
21741,reward,1275,40.34621590486711,18.495,PPO-RegenReg,Hopper-v4,4
21753,reward,1276,6.541165875788553,17.664,PPO-RegenReg,Hopper-v4,4
21764,reward,1277,4.882016962236523,16.954,PPO-RegenReg,Hopper-v4,4
21774,reward,1278,6.112056006744035,14.394,PPO-RegenReg,Hopper-v4,4
21785,reward,1279,7.772897225260249,12.235,PPO-RegenReg,Hopper-v4,4
21796,reward,1280,7.792086935509829,12.328,PPO-RegenReg,Hopper-v4,4
21842,reward,1281,46.58726996050128,15.912,PPO-RegenReg,Hopper-v4,4
21856,reward,1282,15.557893830074477,15.321,PPO-RegenReg,Hopper-v4,4
21879,reward,1283,11.126557884814313,15.569,PPO-RegenReg,Hopper-v4,4
21893,reward,1284,6.075013669011891,15.279,PPO-RegenReg,Hopper-v4,4
21912,reward,1285,19.05625447796761,13.15,PPO-RegenReg,Hopper-v4,4
21923,reward,1286,9.878655278912817,13.484,PPO-RegenReg,Hopper-v4,4
21932,reward,1287,5.89373744899302,13.585,PPO-RegenReg,Hopper-v4,4
21953,reward,1288,24.471083582538547,15.421,PPO-RegenReg,Hopper-v4,4
21971,reward,1289,9.125373217521297,15.556,PPO-RegenReg,Hopper-v4,4
21982,reward,1290,6.901738071133273,15.467,PPO-RegenReg,Hopper-v4,4
21990,reward,1291,6.017920680024472,11.41,PPO-RegenReg,Hopper-v4,4
22000,reward,1292,7.850214737816964,10.64,PPO-RegenReg,Hopper-v4,4
22011,reward,1293,6.366799510620515,10.164,PPO-RegenReg,Hopper-v4,4
22028,reward,1294,13.296819968869725,10.886,PPO-RegenReg,Hopper-v4,4
22049,reward,1295,20.626319995779102,11.043,PPO-RegenReg,Hopper-v4,4
22061,reward,1296,8.740640570896344,10.929,PPO-RegenReg,Hopper-v4,4
22074,reward,1297,11.627538819436234,11.502,PPO-RegenReg,Hopper-v4,4
22083,reward,1298,4.9011505244884,9.545,PPO-RegenReg,Hopper-v4,4
22119,reward,1299,44.47175934070753,13.08,PPO-RegenReg,Hopper-v4,4
22134,reward,1300,14.918771727544547,13.882,PPO-RegenReg,Hopper-v4,4
22148,reward,1301,12.965855081923394,14.577,PPO-RegenReg,Hopper-v4,4
22162,reward,1302,13.610786166907758,15.153,PPO-RegenReg,Hopper-v4,4
22177,reward,1303,14.394132221006895,15.955,PPO-RegenReg,Hopper-v4,4
22193,reward,1304,16.63647029427253,16.289,PPO-RegenReg,Hopper-v4,4
22241,reward,1305,80.45238441649089,22.272,PPO-RegenReg,Hopper-v4,4
22286,reward,1306,62.33194940798068,27.631,PPO-RegenReg,Hopper-v4,4
22297,reward,1307,9.667501048961196,27.435,PPO-RegenReg,Hopper-v4,4
22318,reward,1308,15.831997263506448,28.528,PPO-RegenReg,Hopper-v4,4
22331,reward,1309,9.201843189185075,25.001,PPO-RegenReg,Hopper-v4,4
22351,reward,1310,11.034468513756705,24.613,PPO-RegenReg,Hopper-v4,4
22377,reward,1311,34.481380382897626,26.764,PPO-RegenReg,Hopper-v4,4
22390,reward,1312,8.18380183728856,26.222,PPO-RegenReg,Hopper-v4,4
22404,reward,1313,7.785788644515897,25.561,PPO-RegenReg,Hopper-v4,4
22419,reward,1314,7.181604725814015,24.615,PPO-RegenReg,Hopper-v4,4
22468,reward,1315,70.40947116641007,23.611,PPO-RegenReg,Hopper-v4,4
22499,reward,1316,32.61718624282823,20.64,PPO-RegenReg,Hopper-v4,4
22525,reward,1317,31.05827369583323,22.779,PPO-RegenReg,Hopper-v4,4
22546,reward,1318,14.33490791216347,22.629,PPO-RegenReg,Hopper-v4,4
22565,reward,1319,16.24486432373641,23.333,PPO-RegenReg,Hopper-v4,4
22581,reward,1320,15.699806343575014,23.8,PPO-RegenReg,Hopper-v4,4
22588,reward,1321,4.68992467007983,20.821,PPO-RegenReg,Hopper-v4,4
22607,reward,1322,12.88743462498999,21.291,PPO-RegenReg,Hopper-v4,4
22615,reward,1323,6.228374213206003,21.135,PPO-RegenReg,Hopper-v4,4
22632,reward,1324,10.364505970492834,21.453,PPO-RegenReg,Hopper-v4,4
22650,reward,1325,15.991722039184774,16.012,PPO-RegenReg,Hopper-v4,4
22675,reward,1326,27.722380136575364,15.522,PPO-RegenReg,Hopper-v4,4
22688,reward,1327,11.822159581122996,13.599,PPO-RegenReg,Hopper-v4,4
22705,reward,1328,17.332446555366666,13.898,PPO-RegenReg,Hopper-v4,4
22734,reward,1329,37.72063661104034,16.046,PPO-RegenReg,Hopper-v4,4
22755,reward,1330,23.641062416927156,16.84,PPO-RegenReg,Hopper-v4,4
22769,reward,1331,13.339574581312714,17.705,PPO-RegenReg,Hopper-v4,4
22780,reward,1332,9.238457648930732,17.34,PPO-RegenReg,Hopper-v4,4
22788,reward,1333,5.752315546535943,17.293,PPO-RegenReg,Hopper-v4,4
22796,reward,1334,4.435001196963219,16.7,PPO-RegenReg,Hopper-v4,4
22811,reward,1335,12.445358398553928,16.345,PPO-RegenReg,Hopper-v4,4
22831,reward,1336,18.174462750891106,15.39,PPO-RegenReg,Hopper-v4,4
22840,reward,1337,7.023969531424381,14.91,PPO-RegenReg,Hopper-v4,4
22855,reward,1338,8.676282141579986,14.045,PPO-RegenReg,Hopper-v4,4
22867,reward,1339,7.427587993597204,11.015,PPO-RegenReg,Hopper-v4,4
22876,reward,1340,7.35530293883922,9.387,PPO-RegenReg,Hopper-v4,4
22884,reward,1341,5.701438355251712,8.623,PPO-RegenReg,Hopper-v4,4
22897,reward,1342,8.280247834387687,8.527,PPO-RegenReg,Hopper-v4,4
22905,reward,1343,5.475704311747497,8.5,PPO-RegenReg,Hopper-v4,4
22916,reward,1344,9.099886007744514,8.966,PPO-RegenReg,Hopper-v4,4
22931,reward,1345,10.855728583198756,8.807,PPO-RegenReg,Hopper-v4,4
22957,reward,1346,9.272046286026464,7.917,PPO-RegenReg,Hopper-v4,4
22968,reward,1347,7.877849623895743,8.002,PPO-RegenReg,Hopper-v4,4
22977,reward,1348,6.142697549907918,7.749,PPO-RegenReg,Hopper-v4,4
22989,reward,1349,9.980871020610856,8.004,PPO-RegenReg,Hopper-v4,4
23002,reward,1350,6.178651814903446,7.887,PPO-RegenReg,Hopper-v4,4
23017,reward,1351,11.704825487727035,8.487,PPO-RegenReg,Hopper-v4,4
23026,reward,1352,7.256216761394869,8.384,PPO-RegenReg,Hopper-v4,4
23048,reward,1353,13.532993608128775,9.19,PPO-RegenReg,Hopper-v4,4
23066,reward,1354,15.972791517653778,9.877,PPO-RegenReg,Hopper-v4,4
23074,reward,1355,5.616432714511336,9.354,PPO-RegenReg,Hopper-v4,4
23086,reward,1356,9.348528573887412,9.361,PPO-RegenReg,Hopper-v4,4
23096,reward,1357,7.472631438133311,9.321,PPO-RegenReg,Hopper-v4,4
23104,reward,1358,5.36764472570663,9.243,PPO-RegenReg,Hopper-v4,4
23122,reward,1359,8.822687908958997,9.127,PPO-RegenReg,Hopper-v4,4
23138,reward,1360,7.535392572321156,9.263,PPO-RegenReg,Hopper-v4,4
23150,reward,1361,5.5514058989127975,8.648,PPO-RegenReg,Hopper-v4,4
23163,reward,1362,10.361086615280424,8.958,PPO-RegenReg,Hopper-v4,4
23177,reward,1363,8.731719455413797,8.478,PPO-RegenReg,Hopper-v4,4
23192,reward,1364,11.379499026229887,8.019,PPO-RegenReg,Hopper-v4,4
23218,reward,1365,35.11120548744439,10.968,PPO-RegenReg,Hopper-v4,4
23230,reward,1366,7.4686776870675065,10.78,PPO-RegenReg,Hopper-v4,4
23241,reward,1367,9.659401747731648,10.999,PPO-RegenReg,Hopper-v4,4
23261,reward,1368,11.811093923186865,11.643,PPO-RegenReg,Hopper-v4,4
23281,reward,1369,13.383327255888045,12.099,PPO-RegenReg,Hopper-v4,4
23302,reward,1370,26.465101755224836,13.992,PPO-RegenReg,Hopper-v4,4
23323,reward,1371,6.622844618465693,14.099,PPO-RegenReg,Hopper-v4,4
23336,reward,1372,10.10777528099933,14.074,PPO-RegenReg,Hopper-v4,4
23351,reward,1373,6.81337498190258,13.882,PPO-RegenReg,Hopper-v4,4
23367,reward,1374,13.360099898396157,14.08,PPO-RegenReg,Hopper-v4,4
23379,reward,1375,8.57028866616118,11.426,PPO-RegenReg,Hopper-v4,4
23392,reward,1376,8.842847465298513,11.564,PPO-RegenReg,Hopper-v4,4
23411,reward,1377,18.305162346698584,12.428,PPO-RegenReg,Hopper-v4,4
23429,reward,1378,10.79149493999543,12.326,PPO-RegenReg,Hopper-v4,4
23465,reward,1379,17.761244658135077,12.764,PPO-RegenReg,Hopper-v4,4
23491,reward,1380,21.378713793720234,12.255,PPO-RegenReg,Hopper-v4,4
23506,reward,1381,13.16850788894333,12.91,PPO-RegenReg,Hopper-v4,4
23523,reward,1382,12.184336850539637,13.118,PPO-RegenReg,Hopper-v4,4
23544,reward,1383,20.94251098380058,14.531,PPO-RegenReg,Hopper-v4,4
23556,reward,1384,10.834071999646767,14.278,PPO-RegenReg,Hopper-v4,4
23567,reward,1385,9.935170832369542,14.414,PPO-RegenReg,Hopper-v4,4
23588,reward,1386,23.200485477879376,15.85,PPO-RegenReg,Hopper-v4,4
23611,reward,1387,12.662667819021902,15.286,PPO-RegenReg,Hopper-v4,4
23621,reward,1388,6.562098755889094,14.863,PPO-RegenReg,Hopper-v4,4
23652,reward,1389,9.026059505775708,13.989,PPO-RegenReg,Hopper-v4,4
23661,reward,1390,7.099996447209412,12.562,PPO-RegenReg,Hopper-v4,4
23677,reward,1391,21.278764895677924,13.373,PPO-RegenReg,Hopper-v4,4
23695,reward,1392,16.825924417767833,13.837,PPO-RegenReg,Hopper-v4,4
23722,reward,1393,34.48673752152353,15.191,PPO-RegenReg,Hopper-v4,4
23739,reward,1394,17.552272922470422,15.863,PPO-RegenReg,Hopper-v4,4
23753,reward,1395,13.464921729925642,16.216,PPO-RegenReg,Hopper-v4,4
23772,reward,1396,6.00630324690347,14.497,PPO-RegenReg,Hopper-v4,4
23783,reward,1397,2.781889161472977,13.508,PPO-RegenReg,Hopper-v4,4
23802,reward,1398,13.825493248657892,14.235,PPO-RegenReg,Hopper-v4,4
23814,reward,1399,7.189658036048753,14.051,PPO-RegenReg,Hopper-v4,4
23845,reward,1400,26.576667750100263,15.999,PPO-RegenReg,Hopper-v4,4
23859,reward,1401,13.295482205975595,15.201,PPO-RegenReg,Hopper-v4,4
23872,reward,1402,10.894634841544972,14.607,PPO-RegenReg,Hopper-v4,4
23889,reward,1403,7.140392081083302,11.873,PPO-RegenReg,Hopper-v4,4
23907,reward,1404,11.34206359639556,11.252,PPO-RegenReg,Hopper-v4,4
23921,reward,1405,5.786644393570887,10.484,PPO-RegenReg,Hopper-v4,4
23936,reward,1406,8.461878210704455,10.729,PPO-RegenReg,Hopper-v4,4
23947,reward,1407,7.45358213815182,11.197,PPO-RegenReg,Hopper-v4,4
23989,reward,1408,28.57106142687371,12.671,PPO-RegenReg,Hopper-v4,4
23997,reward,1409,3.1529823308142735,12.268,PPO-RegenReg,Hopper-v4,4
24014,reward,1410,14.868497346527956,11.097,PPO-RegenReg,Hopper-v4,4
24025,reward,1411,9.523813172322557,10.72,PPO-RegenReg,Hopper-v4,4
24048,reward,1412,19.346137762890653,11.565,PPO-RegenReg,Hopper-v4,4
24079,reward,1413,47.14800642280624,15.565,PPO-RegenReg,Hopper-v4,4
24098,reward,1414,17.830803138483837,16.214,PPO-RegenReg,Hopper-v4,4
24111,reward,1415,2.9752092497705434,15.933,PPO-RegenReg,Hopper-v4,4
24136,reward,1416,26.211212455772692,17.708,PPO-RegenReg,Hopper-v4,4
24163,reward,1417,25.385102740678196,19.501,PPO-RegenReg,Hopper-v4,4
24179,reward,1418,7.611499835765994,17.405,PPO-RegenReg,Hopper-v4,4
24225,reward,1419,58.465547292251145,22.937,PPO-RegenReg,Hopper-v4,4
24236,reward,1420,3.9054280387208955,21.84,PPO-RegenReg,Hopper-v4,4
24244,reward,1421,6.044438777161899,21.492,PPO-RegenReg,Hopper-v4,4
24253,reward,1422,6.8012776857229325,20.238,PPO-RegenReg,Hopper-v4,4
24281,reward,1423,13.162477812921672,16.839,PPO-RegenReg,Hopper-v4,4
24294,reward,1424,7.846330896170947,15.841,PPO-RegenReg,Hopper-v4,4
24309,reward,1425,13.165128028310018,16.86,PPO-RegenReg,Hopper-v4,4
24331,reward,1426,11.373983335749207,15.376,PPO-RegenReg,Hopper-v4,4
24345,reward,1427,11.28000703828613,13.966,PPO-RegenReg,Hopper-v4,4
24355,reward,1428,7.42607630782331,13.947,PPO-RegenReg,Hopper-v4,4
24367,reward,1429,9.6630322325484,9.067,PPO-RegenReg,Hopper-v4,4
24383,reward,1430,14.824512425396948,10.159,PPO-RegenReg,Hopper-v4,4
24395,reward,1431,8.90031073388204,10.444,PPO-RegenReg,Hopper-v4,4
24404,reward,1432,6.313718013556659,10.396,PPO-RegenReg,Hopper-v4,4
24422,reward,1433,15.020851156034864,10.581,PPO-RegenReg,Hopper-v4,4
24434,reward,1434,11.44541836958879,10.941,PPO-RegenReg,Hopper-v4,4
24447,reward,1435,7.83739579952547,10.409,PPO-RegenReg,Hopper-v4,4
24468,reward,1436,15.784174131337256,10.85,PPO-RegenReg,Hopper-v4,4
24477,reward,1437,6.468322992256967,10.368,PPO-RegenReg,Hopper-v4,4
24505,reward,1438,36.91097647216379,13.317,PPO-RegenReg,Hopper-v4,4
24515,reward,1439,8.073025653486846,13.158,PPO-RegenReg,Hopper-v4,4
24533,reward,1440,19.883870056905245,13.664,PPO-RegenReg,Hopper-v4,4
24554,reward,1441,12.505458624275478,14.024,PPO-RegenReg,Hopper-v4,4
24564,reward,1442,7.656784510609692,14.159,PPO-RegenReg,Hopper-v4,4
24575,reward,1443,8.329568307124221,13.489,PPO-RegenReg,Hopper-v4,4
24594,reward,1444,5.214086973312232,12.866,PPO-RegenReg,Hopper-v4,4
24606,reward,1445,7.1878232618477265,12.801,PPO-RegenReg,Hopper-v4,4
24616,reward,1446,9.00509349847634,12.124,PPO-RegenReg,Hopper-v4,4
24637,reward,1447,12.096036899243158,12.686,PPO-RegenReg,Hopper-v4,4
24648,reward,1448,9.399196023987976,9.935,PPO-RegenReg,Hopper-v4,4
24671,reward,1449,20.074430087088974,11.135,PPO-RegenReg,Hopper-v4,4
24682,reward,1450,6.792375850009876,9.826,PPO-RegenReg,Hopper-v4,4
24706,reward,1451,24.408069746604454,11.016,PPO-RegenReg,Hopper-v4,4
24727,reward,1452,26.51706899437991,12.902,PPO-RegenReg,Hopper-v4,4
24737,reward,1453,2.73280783062641,12.343,PPO-RegenReg,Hopper-v4,4
24762,reward,1454,27.97744338504642,14.619,PPO-RegenReg,Hopper-v4,4
24777,reward,1455,13.377013799989898,15.238,PPO-RegenReg,Hopper-v4,4
24798,reward,1456,10.012481520912079,15.339,PPO-RegenReg,Hopper-v4,4
24815,reward,1457,14.768028610332916,15.606,PPO-RegenReg,Hopper-v4,4
24838,reward,1458,20.448446852274618,16.711,PPO-RegenReg,Hopper-v4,4
24858,reward,1459,16.75955211197016,16.379,PPO-RegenReg,Hopper-v4,4
24881,reward,1460,26.28893692002267,18.329,PPO-RegenReg,Hopper-v4,4
24898,reward,1461,9.957244428861264,16.884,PPO-RegenReg,Hopper-v4,4
24905,reward,1462,5.243757711737366,14.757,PPO-RegenReg,Hopper-v4,4
24928,reward,1463,12.460117264048462,15.729,PPO-RegenReg,Hopper-v4,4
24944,reward,1464,17.56126160202641,14.688,PPO-RegenReg,Hopper-v4,4
24967,reward,1465,7.318887220078165,14.082,PPO-RegenReg,Hopper-v4,4
24978,reward,1466,9.829688538025234,14.064,PPO-RegenReg,Hopper-v4,4
25013,reward,1467,24.270146930666314,15.014,PPO-RegenReg,Hopper-v4,4
25024,reward,1468,9.543706629277176,13.923,PPO-RegenReg,Hopper-v4,4
25072,reward,1469,26.73025609609708,14.92,PPO-RegenReg,Hopper-v4,4
25084,reward,1470,6.438047944070156,12.935,PPO-RegenReg,Hopper-v4,4
25105,reward,1471,16.971374395022426,13.637,PPO-RegenReg,Hopper-v4,4
25119,reward,1472,8.836553518077686,13.996,PPO-RegenReg,Hopper-v4,4
25137,reward,1473,11.66763813745068,13.917,PPO-RegenReg,Hopper-v4,4
25149,reward,1474,6.830951479425311,12.844,PPO-RegenReg,Hopper-v4,4
25165,reward,1475,14.357932672519794,13.548,PPO-RegenReg,Hopper-v4,4
25181,reward,1476,14.621096133713909,14.027,PPO-RegenReg,Hopper-v4,4
25193,reward,1477,7.3114298651461,12.331,PPO-RegenReg,Hopper-v4,4
25208,reward,1478,8.383207188211403,12.215,PPO-RegenReg,Hopper-v4,4
25220,reward,1479,5.610513418285878,10.103,PPO-RegenReg,Hopper-v4,4
25235,reward,1480,14.541925243275173,10.913,PPO-RegenReg,Hopper-v4,4
25251,reward,1481,12.708896156267809,10.487,PPO-RegenReg,Hopper-v4,4
25269,reward,1482,19.056074234443074,11.509,PPO-RegenReg,Hopper-v4,4
25281,reward,1483,9.933139965591838,11.336,PPO-RegenReg,Hopper-v4,4
25300,reward,1484,14.956301914410533,12.148,PPO-RegenReg,Hopper-v4,4
25326,reward,1485,14.212787105671199,12.134,PPO-RegenReg,Hopper-v4,4
25347,reward,1486,21.02671000795306,12.774,PPO-RegenReg,Hopper-v4,4
25360,reward,1487,8.832210177846967,12.926,PPO-RegenReg,Hopper-v4,4
25379,reward,1488,17.393475931051036,13.827,PPO-RegenReg,Hopper-v4,4
25410,reward,1489,19.6959561257125,15.236,PPO-RegenReg,Hopper-v4,4
25421,reward,1490,9.01363550233038,14.683,PPO-RegenReg,Hopper-v4,4
25442,reward,1491,12.654150937602166,14.677,PPO-RegenReg,Hopper-v4,4
25454,reward,1492,7.075601326756201,13.479,PPO-RegenReg,Hopper-v4,4
25462,reward,1493,5.773199276675435,13.063,PPO-RegenReg,Hopper-v4,4
25483,reward,1494,5.57255722231689,12.125,PPO-RegenReg,Hopper-v4,4
25503,reward,1495,15.54847533818173,12.259,PPO-RegenReg,Hopper-v4,4
25542,reward,1496,53.97225539380846,15.553,PPO-RegenReg,Hopper-v4,4
25555,reward,1497,7.449974754755484,15.415,PPO-RegenReg,Hopper-v4,4
25572,reward,1498,10.607947721700016,14.736,PPO-RegenReg,Hopper-v4,4
25582,reward,1499,5.7683630974363584,13.344,PPO-RegenReg,Hopper-v4,4
25596,reward,1500,13.654993528458611,13.808,PPO-RegenReg,Hopper-v4,4
25610,reward,1501,8.857062379933247,13.428,PPO-RegenReg,Hopper-v4,4
25624,reward,1502,9.955225681388145,13.716,PPO-RegenReg,Hopper-v4,4
25639,reward,1503,13.979070616941389,14.537,PPO-RegenReg,Hopper-v4,4
25671,reward,1504,29.49524288224609,16.929,PPO-RegenReg,Hopper-v4,4
25703,reward,1505,8.00651963283919,16.175,PPO-RegenReg,Hopper-v4,4
25726,reward,1506,22.751295957901277,13.053,PPO-RegenReg,Hopper-v4,4
25771,reward,1507,64.51344877709685,18.759,PPO-RegenReg,Hopper-v4,4
25793,reward,1508,12.20488496690507,18.919,PPO-RegenReg,Hopper-v4,4
25812,reward,1509,18.28383294795582,20.17,PPO-RegenReg,Hopper-v4,4
25827,reward,1510,12.86439081129499,20.091,PPO-RegenReg,Hopper-v4,4
25845,reward,1511,13.820712383784159,20.587,PPO-RegenReg,Hopper-v4,4
25861,reward,1512,16.384260913404646,21.23,PPO-RegenReg,Hopper-v4,4
25868,reward,1513,5.384424390085166,20.371,PPO-RegenReg,Hopper-v4,4
25889,reward,1514,22.882480358943216,19.71,PPO-RegenReg,Hopper-v4,4
25940,reward,1515,48.60765054578875,23.77,PPO-RegenReg,Hopper-v4,4
25981,reward,1516,53.349193079446316,26.83,PPO-RegenReg,Hopper-v4,4
25994,reward,1517,12.620625951901472,21.64,PPO-RegenReg,Hopper-v4,4
26005,reward,1518,5.8714271141324,21.007,PPO-RegenReg,Hopper-v4,4
26016,reward,1519,10.416912714736656,20.22,PPO-RegenReg,Hopper-v4,4
26042,reward,1520,27.956532827703263,21.729,PPO-RegenReg,Hopper-v4,4
26054,reward,1521,5.293633290066339,20.877,PPO-RegenReg,Hopper-v4,4
26072,reward,1522,17.33432716126993,20.972,PPO-RegenReg,Hopper-v4,4
26090,reward,1523,12.613496810920108,21.695,PPO-RegenReg,Hopper-v4,4
26114,reward,1524,21.42485108473326,21.549,PPO-RegenReg,Hopper-v4,4
26128,reward,1525,10.572568798691602,17.745,PPO-RegenReg,Hopper-v4,4
26151,reward,1526,24.475866052653945,14.858,PPO-RegenReg,Hopper-v4,4
26167,reward,1527,10.955743316797383,14.692,PPO-RegenReg,Hopper-v4,4
26181,reward,1528,8.86605574102688,14.991,PPO-RegenReg,Hopper-v4,4
26193,reward,1529,7.670701088159784,14.716,PPO-RegenReg,Hopper-v4,4
26207,reward,1530,9.186582873806882,12.839,PPO-RegenReg,Hopper-v4,4
26229,reward,1531,13.014817739180657,13.612,PPO-RegenReg,Hopper-v4,4
26241,reward,1532,6.856370687851912,12.564,PPO-RegenReg,Hopper-v4,4
26256,reward,1533,9.681817967125337,12.271,PPO-RegenReg,Hopper-v4,4
26280,reward,1534,3.6330125624824525,10.491,PPO-RegenReg,Hopper-v4,4
26296,reward,1535,9.596229427271457,10.394,PPO-RegenReg,Hopper-v4,4
26317,reward,1536,22.293607640841433,10.175,PPO-RegenReg,Hopper-v4,4
26336,reward,1537,14.982415773091553,10.578,PPO-RegenReg,Hopper-v4,4
26360,reward,1538,28.806959946114176,12.572,PPO-RegenReg,Hopper-v4,4
26374,reward,1539,6.468288957712107,12.452,PPO-RegenReg,Hopper-v4,4
26394,reward,1540,10.003991835269892,12.534,PPO-RegenReg,Hopper-v4,4
26421,reward,1541,15.282335430156971,12.761,PPO-RegenReg,Hopper-v4,4
26438,reward,1542,9.70567785364008,13.045,PPO-RegenReg,Hopper-v4,4
26448,reward,1543,6.593200165550642,12.737,PPO-RegenReg,Hopper-v4,4
26468,reward,1544,12.022928772346065,13.576,PPO-RegenReg,Hopper-v4,4
26482,reward,1545,9.652997739325555,13.581,PPO-RegenReg,Hopper-v4,4
26500,reward,1546,12.054489585851409,12.557,PPO-RegenReg,Hopper-v4,4
26540,reward,1547,25.579093569427346,13.617,PPO-RegenReg,Hopper-v4,4
26556,reward,1548,15.109304177795961,12.247,PPO-RegenReg,Hopper-v4,4
26582,reward,1549,16.009606596689874,13.201,PPO-RegenReg,Hopper-v4,4
26593,reward,1550,9.529155811708806,13.154,PPO-RegenReg,Hopper-v4,4
26627,reward,1551,22.662986810058467,13.892,PPO-RegenReg,Hopper-v4,4
26647,reward,1552,18.119737776807327,14.733,PPO-RegenReg,Hopper-v4,4
26661,reward,1553,12.826167484308101,15.357,PPO-RegenReg,Hopper-v4,4
26676,reward,1554,16.77289506159022,15.832,PPO-RegenReg,Hopper-v4,4
26689,reward,1555,10.285384917256499,15.895,PPO-RegenReg,Hopper-v4,4
26706,reward,1556,13.6946511981392,16.059,PPO-RegenReg,Hopper-v4,4
26720,reward,1557,7.1227166027557,14.213,PPO-RegenReg,Hopper-v4,4
26745,reward,1558,28.938246962612563,15.596,PPO-RegenReg,Hopper-v4,4
26766,reward,1559,18.051204444372473,15.8,PPO-RegenReg,Hopper-v4,4
26779,reward,1560,9.008942450020076,15.748,PPO-RegenReg,Hopper-v4,4
26805,reward,1561,18.369518554297354,15.319,PPO-RegenReg,Hopper-v4,4
26836,reward,1562,30.734375127424844,16.58,PPO-RegenReg,Hopper-v4,4
26849,reward,1563,6.474681630667426,15.945,PPO-RegenReg,Hopper-v4,4
26862,reward,1564,7.403035369879785,15.008,PPO-RegenReg,Hopper-v4,4
26883,reward,1565,19.564524060038625,15.936,PPO-RegenReg,Hopper-v4,4
26894,reward,1566,9.786291609269284,15.545,PPO-RegenReg,Hopper-v4,4
26917,reward,1567,26.15333996705223,17.448,PPO-RegenReg,Hopper-v4,4
26931,reward,1568,7.556920626448167,15.31,PPO-RegenReg,Hopper-v4,4
26944,reward,1569,7.425444694868771,14.248,PPO-RegenReg,Hopper-v4,4
26957,reward,1570,10.789368981191465,14.426,PPO-RegenReg,Hopper-v4,4
26981,reward,1571,25.21257211360868,15.11,PPO-RegenReg,Hopper-v4,4
26997,reward,1572,12.754692725566297,13.312,PPO-RegenReg,Hopper-v4,4
27008,reward,1573,9.04161910119651,13.569,PPO-RegenReg,Hopper-v4,4
27031,reward,1574,24.577773006855644,15.286,PPO-RegenReg,Hopper-v4,4
27044,reward,1575,8.10390185946499,14.14,PPO-RegenReg,Hopper-v4,4
27056,reward,1576,10.943032968438267,14.256,PPO-RegenReg,Hopper-v4,4
27069,reward,1577,8.420274653552145,12.483,PPO-RegenReg,Hopper-v4,4
27085,reward,1578,12.989003970332686,13.026,PPO-RegenReg,Hopper-v4,4
27104,reward,1579,11.171574581085853,13.4,PPO-RegenReg,Hopper-v4,4
27118,reward,1580,9.492904842931395,13.271,PPO-RegenReg,Hopper-v4,4
27133,reward,1581,12.449025586448343,11.994,PPO-RegenReg,Hopper-v4,4
27150,reward,1582,13.202983830356747,12.039,PPO-RegenReg,Hopper-v4,4
27166,reward,1583,10.316626872833512,12.167,PPO-RegenReg,Hopper-v4,4
27195,reward,1584,25.449185346262755,12.254,PPO-RegenReg,Hopper-v4,4
27206,reward,1585,2.498255093368578,11.693,PPO-RegenReg,Hopper-v4,4
27214,reward,1586,6.764885711637989,11.275,PPO-RegenReg,Hopper-v4,4
27265,reward,1587,44.347162441743784,14.868,PPO-RegenReg,Hopper-v4,4
27283,reward,1588,15.753794125067408,15.145,PPO-RegenReg,Hopper-v4,4
27292,reward,1589,5.474222630129563,14.575,PPO-RegenReg,Hopper-v4,4
27303,reward,1590,8.290424337169675,14.455,PPO-RegenReg,Hopper-v4,4
27322,reward,1591,18.454148535221293,15.055,PPO-RegenReg,Hopper-v4,4
27331,reward,1592,5.647576536981213,14.3,PPO-RegenReg,Hopper-v4,4
27386,reward,1593,81.47458904729183,21.415,PPO-RegenReg,Hopper-v4,4
27401,reward,1594,15.449416034253723,20.415,PPO-RegenReg,Hopper-v4,4
27410,reward,1595,7.333763765917541,20.899,PPO-RegenReg,Hopper-v4,4
27444,reward,1596,41.7382949813556,24.396,PPO-RegenReg,Hopper-v4,4
27457,reward,1597,6.665686978719711,20.628,PPO-RegenReg,Hopper-v4,4
27469,reward,1598,10.513901732106685,20.104,PPO-RegenReg,Hopper-v4,4
27482,reward,1599,10.162821679607179,20.573,PPO-RegenReg,Hopper-v4,4
27491,reward,1600,7.543506203501479,20.498,PPO-RegenReg,Hopper-v4,4
27506,reward,1601,6.823256461967951,19.335,PPO-RegenReg,Hopper-v4,4
27522,reward,1602,6.371989566172893,19.408,PPO-RegenReg,Hopper-v4,4
27541,reward,1603,19.56054416292467,13.216,PPO-RegenReg,Hopper-v4,4
27552,reward,1604,9.940620398727432,12.665,PPO-RegenReg,Hopper-v4,4
27589,reward,1605,40.29331047922554,15.961,PPO-RegenReg,Hopper-v4,4
27603,reward,1606,8.289440175584287,12.617,PPO-RegenReg,Hopper-v4,4
27616,reward,1607,11.64976185938904,13.115,PPO-RegenReg,Hopper-v4,4
27635,reward,1608,10.363049726687667,13.1,PPO-RegenReg,Hopper-v4,4
27648,reward,1609,8.409398542242506,12.924,PPO-RegenReg,Hopper-v4,4
27665,reward,1610,7.501606474686532,12.92,PPO-RegenReg,Hopper-v4,4
27683,reward,1611,13.76809832194385,13.615,PPO-RegenReg,Hopper-v4,4
27700,reward,1612,15.272391394017511,14.505,PPO-RegenReg,Hopper-v4,4
27713,reward,1613,10.062490926496407,13.555,PPO-RegenReg,Hopper-v4,4
27753,reward,1614,39.936171715783516,16.555,PPO-RegenReg,Hopper-v4,4
27768,reward,1615,9.598978859664038,13.485,PPO-RegenReg,Hopper-v4,4
27791,reward,1616,23.246900402051647,14.981,PPO-RegenReg,Hopper-v4,4
27807,reward,1617,12.373452862680722,15.053,PPO-RegenReg,Hopper-v4,4
27820,reward,1618,12.055352617036247,15.222,PPO-RegenReg,Hopper-v4,4
27837,reward,1619,12.702005855208826,15.652,PPO-RegenReg,Hopper-v4,4
27848,reward,1620,9.317057746843869,15.833,PPO-RegenReg,Hopper-v4,4
27866,reward,1621,16.363958905312273,16.093,PPO-RegenReg,Hopper-v4,4
27906,reward,1622,32.03371766176478,17.769,PPO-RegenReg,Hopper-v4,4
27919,reward,1623,12.062274099722897,17.969,PPO-RegenReg,Hopper-v4,4
27940,reward,1624,18.416413625418937,15.817,PPO-RegenReg,Hopper-v4,4
27963,reward,1625,22.257196893570082,17.083,PPO-RegenReg,Hopper-v4,4
27973,reward,1626,6.517123814651456,15.41,PPO-RegenReg,Hopper-v4,4
27994,reward,1627,26.607192678595926,16.833,PPO-RegenReg,Hopper-v4,4
28035,reward,1628,35.50339633367627,19.178,PPO-RegenReg,Hopper-v4,4
28044,reward,1629,7.298333443820919,18.638,PPO-RegenReg,Hopper-v4,4
28060,reward,1630,11.400486432879232,18.846,PPO-RegenReg,Hopper-v4,4
28094,reward,1631,19.168791816037885,19.126,PPO-RegenReg,Hopper-v4,4
28125,reward,1632,14.974739422906126,17.421,PPO-RegenReg,Hopper-v4,4
28146,reward,1633,24.89824177546205,18.704,PPO-RegenReg,Hopper-v4,4
28170,reward,1634,21.7322596403158,19.036,PPO-RegenReg,Hopper-v4,4
28179,reward,1635,7.0845390722630714,17.519,PPO-RegenReg,Hopper-v4,4
28196,reward,1636,17.324054064856995,18.599,PPO-RegenReg,Hopper-v4,4
28220,reward,1637,26.895323410708656,18.628,PPO-RegenReg,Hopper-v4,4
28241,reward,1638,20.278772400093178,17.106,PPO-RegenReg,Hopper-v4,4
28251,reward,1639,8.187523979082268,17.194,PPO-RegenReg,Hopper-v4,4
28267,reward,1640,16.055140652872673,17.66,PPO-RegenReg,Hopper-v4,4
28299,reward,1641,42.527593288580704,19.996,PPO-RegenReg,Hopper-v4,4
28334,reward,1642,30.8968681046785,21.588,PPO-RegenReg,Hopper-v4,4
28360,reward,1643,20.009682545508824,21.099,PPO-RegenReg,Hopper-v4,4
28375,reward,1644,15.222484973314506,20.448,PPO-RegenReg,Hopper-v4,4
28394,reward,1645,16.30834222427519,21.371,PPO-RegenReg,Hopper-v4,4
28417,reward,1646,23.348699819428894,21.973,PPO-RegenReg,Hopper-v4,4
28431,reward,1647,7.49318243485193,20.033,PPO-RegenReg,Hopper-v4,4
28440,reward,1648,7.362961401285128,18.741,PPO-RegenReg,Hopper-v4,4
28455,reward,1649,6.76110564790059,18.599,PPO-RegenReg,Hopper-v4,4
28473,reward,1650,16.297530392395817,18.623,PPO-RegenReg,Hopper-v4,4
28488,reward,1651,11.450306732442973,15.515,PPO-RegenReg,Hopper-v4,4
28510,reward,1652,11.860011904238839,13.611,PPO-RegenReg,Hopper-v4,4
28519,reward,1653,6.323997994285438,12.243,PPO-RegenReg,Hopper-v4,4
28535,reward,1654,10.698280746033873,11.79,PPO-RegenReg,Hopper-v4,4
28555,reward,1655,5.0648783460718025,10.666,PPO-RegenReg,Hopper-v4,4
28584,reward,1656,21.001976753402197,10.431,PPO-RegenReg,Hopper-v4,4
28609,reward,1657,10.503672215755136,10.732,PPO-RegenReg,Hopper-v4,4
28628,reward,1658,16.208066425276442,11.617,PPO-RegenReg,Hopper-v4,4
28642,reward,1659,9.740435665963126,11.915,PPO-RegenReg,Hopper-v4,4
28673,reward,1660,10.03619354662354,11.289,PPO-RegenReg,Hopper-v4,4
28698,reward,1661,26.514782849377927,12.795,PPO-RegenReg,Hopper-v4,4
28722,reward,1662,20.916649761806443,13.701,PPO-RegenReg,Hopper-v4,4
28769,reward,1663,82.62776737132741,21.331,PPO-RegenReg,Hopper-v4,4
28783,reward,1664,12.862897593350402,21.548,PPO-RegenReg,Hopper-v4,4
28799,reward,1665,13.90157884118096,22.431,PPO-RegenReg,Hopper-v4,4
28818,reward,1666,15.756356233818039,21.907,PPO-RegenReg,Hopper-v4,4
28831,reward,1667,3.8874301824790334,21.245,PPO-RegenReg,Hopper-v4,4
28847,reward,1668,13.769470523084776,21.001,PPO-RegenReg,Hopper-v4,4
28866,reward,1669,9.566637852886618,20.984,PPO-RegenReg,Hopper-v4,4
28878,reward,1670,7.44215205051022,20.725,PPO-RegenReg,Hopper-v4,4
28892,reward,1671,9.8670127213616,19.06,PPO-RegenReg,Hopper-v4,4
28905,reward,1672,10.181871299803412,17.986,PPO-RegenReg,Hopper-v4,4
28919,reward,1673,7.144767265675395,10.438,PPO-RegenReg,Hopper-v4,4
28936,reward,1674,16.356548484793333,10.787,PPO-RegenReg,Hopper-v4,4
28953,reward,1675,11.934928084404062,10.591,PPO-RegenReg,Hopper-v4,4
28972,reward,1676,15.884313013732546,10.604,PPO-RegenReg,Hopper-v4,4
28982,reward,1677,8.53930543845933,11.069,PPO-RegenReg,Hopper-v4,4
28994,reward,1678,5.269804261426993,10.219,PPO-RegenReg,Hopper-v4,4
29007,reward,1679,8.293234596257648,10.091,PPO-RegenReg,Hopper-v4,4
29034,reward,1680,13.59496703073123,10.707,PPO-RegenReg,Hopper-v4,4
29048,reward,1681,10.009927906757554,10.721,PPO-RegenReg,Hopper-v4,4
29071,reward,1682,24.98162267426295,12.201,PPO-RegenReg,Hopper-v4,4
29084,reward,1683,8.822816774218477,12.369,PPO-RegenReg,Hopper-v4,4
29099,reward,1684,16.147894613933644,12.348,PPO-RegenReg,Hopper-v4,4
29118,reward,1685,14.343157259650788,12.589,PPO-RegenReg,Hopper-v4,4
29129,reward,1686,9.467722346110344,11.947,PPO-RegenReg,Hopper-v4,4
29139,reward,1687,5.0851550840383455,11.602,PPO-RegenReg,Hopper-v4,4
29156,reward,1688,17.665735160035442,12.841,PPO-RegenReg,Hopper-v4,4
29174,reward,1689,21.543967634322644,14.166,PPO-RegenReg,Hopper-v4,4
29186,reward,1690,5.619788996427665,13.369,PPO-RegenReg,Hopper-v4,4
29200,reward,1691,3.9172683361887426,12.76,PPO-RegenReg,Hopper-v4,4
29221,reward,1692,18.530794554731695,12.114,PPO-RegenReg,Hopper-v4,4
29234,reward,1693,13.258557006561286,12.558,PPO-RegenReg,Hopper-v4,4
29262,reward,1694,30.602953889314502,14.004,PPO-RegenReg,Hopper-v4,4
29290,reward,1695,21.246599067919938,14.694,PPO-RegenReg,Hopper-v4,4
29314,reward,1696,30.781389430587556,16.825,PPO-RegenReg,Hopper-v4,4
29341,reward,1697,31.00530072575591,19.417,PPO-RegenReg,Hopper-v4,4
29367,reward,1698,27.433457896537977,20.394,PPO-RegenReg,Hopper-v4,4
29380,reward,1699,7.419072520927016,18.982,PPO-RegenReg,Hopper-v4,4
29394,reward,1700,11.711398819266535,19.591,PPO-RegenReg,Hopper-v4,4
29417,reward,1701,15.647155850132972,20.764,PPO-RegenReg,Hopper-v4,4
29426,reward,1702,5.855104013430002,19.496,PPO-RegenReg,Hopper-v4,4
29443,reward,1703,16.963845566402757,19.867,PPO-RegenReg,Hopper-v4,4
29451,reward,1704,6.583798046750517,17.465,PPO-RegenReg,Hopper-v4,4
29471,reward,1705,7.682441961633286,16.108,PPO-RegenReg,Hopper-v4,4
29482,reward,1706,10.046115403744084,14.035,PPO-RegenReg,Hopper-v4,4
29505,reward,1707,20.346723575985006,12.969,PPO-RegenReg,Hopper-v4,4
29514,reward,1708,7.095636094577354,10.935,PPO-RegenReg,Hopper-v4,4
29536,reward,1709,17.90877564725869,11.984,PPO-RegenReg,Hopper-v4,4
29556,reward,1710,18.661216751247757,12.679,PPO-RegenReg,Hopper-v4,4
29565,reward,1711,7.644169514017755,11.879,PPO-RegenReg,Hopper-v4,4
29579,reward,1712,9.9731780626676,12.291,PPO-RegenReg,Hopper-v4,4
29618,reward,1713,47.920693124866524,15.386,PPO-RegenReg,Hopper-v4,4
29644,reward,1714,5.984371420021919,15.326,PPO-RegenReg,Hopper-v4,4
29652,reward,1715,6.299059116540376,15.188,PPO-RegenReg,Hopper-v4,4
29667,reward,1716,15.194907010308384,15.703,PPO-RegenReg,Hopper-v4,4
29689,reward,1717,6.513269423060422,14.32,PPO-RegenReg,Hopper-v4,4
29713,reward,1718,3.2519837440806705,13.935,PPO-RegenReg,Hopper-v4,4
29744,reward,1719,37.64735261830123,15.909,PPO-RegenReg,Hopper-v4,4
29762,reward,1720,11.930821290659585,15.236,PPO-RegenReg,Hopper-v4,4
29778,reward,1721,7.663739083366954,15.238,PPO-RegenReg,Hopper-v4,4
29810,reward,1722,30.342352907775133,17.275,PPO-RegenReg,Hopper-v4,4
29824,reward,1723,10.090342170739966,13.492,PPO-RegenReg,Hopper-v4,4
29864,reward,1724,60.86422021674718,18.98,PPO-RegenReg,Hopper-v4,4
29888,reward,1725,26.8877759214422,21.039,PPO-RegenReg,Hopper-v4,4
29911,reward,1726,19.311359006723386,21.45,PPO-RegenReg,Hopper-v4,4
29927,reward,1727,8.740346270990054,21.673,PPO-RegenReg,Hopper-v4,4
29939,reward,1728,10.634375738422296,22.411,PPO-RegenReg,Hopper-v4,4
29963,reward,1729,24.617224392076327,21.108,PPO-RegenReg,Hopper-v4,4
29978,reward,1730,10.253446797872137,20.941,PPO-RegenReg,Hopper-v4,4
29994,reward,1731,10.250417124731644,21.199,PPO-RegenReg,Hopper-v4,4
30018,reward,1732,13.516112192598886,19.517,PPO-RegenReg,Hopper-v4,4
30029,reward,1733,8.114524143622996,19.319,PPO-RegenReg,Hopper-v4,4
30053,reward,1734,10.018608657277628,14.234,PPO-RegenReg,Hopper-v4,4
30074,reward,1735,20.546702619623254,13.6,PPO-RegenReg,Hopper-v4,4
30083,reward,1736,7.5589094393670235,12.425,PPO-RegenReg,Hopper-v4,4
30095,reward,1737,8.459334745096255,12.397,PPO-RegenReg,Hopper-v4,4
30109,reward,1738,9.860147656820324,12.32,PPO-RegenReg,Hopper-v4,4
30125,reward,1739,16.14252739289118,11.472,PPO-RegenReg,Hopper-v4,4
30147,reward,1740,16.09110988845711,12.056,PPO-RegenReg,Hopper-v4,4
30157,reward,1741,8.149381312739886,11.846,PPO-RegenReg,Hopper-v4,4
30172,reward,1742,16.757300503834127,12.17,PPO-RegenReg,Hopper-v4,4
30183,reward,1743,9.056686607913731,12.264,PPO-RegenReg,Hopper-v4,4
30195,reward,1744,10.564714792993108,12.319,PPO-RegenReg,Hopper-v4,4
30203,reward,1745,6.398820719087975,10.904,PPO-RegenReg,Hopper-v4,4
30219,reward,1746,15.663212764205614,11.714,PPO-RegenReg,Hopper-v4,4
30245,reward,1747,25.52800827088827,13.421,PPO-RegenReg,Hopper-v4,4
30258,reward,1748,8.349312281699577,13.27,PPO-RegenReg,Hopper-v4,4
30275,reward,1749,14.211025960092439,13.077,PPO-RegenReg,Hopper-v4,4
30296,reward,1750,21.799462728762062,13.648,PPO-RegenReg,Hopper-v4,4
30312,reward,1751,11.795467939383062,14.012,PPO-RegenReg,Hopper-v4,4
30326,reward,1752,5.338464044252465,12.871,PPO-RegenReg,Hopper-v4,4
30341,reward,1753,10.448873779868183,13.01,PPO-RegenReg,Hopper-v4,4
30353,reward,1754,12.104507058079173,13.164,PPO-RegenReg,Hopper-v4,4
30368,reward,1755,9.939780208783771,13.518,PPO-RegenReg,Hopper-v4,4
30383,reward,1756,12.832685636910588,13.235,PPO-RegenReg,Hopper-v4,4
30412,reward,1757,33.96528573936608,14.078,PPO-RegenReg,Hopper-v4,4
30436,reward,1758,24.962917914529196,15.74,PPO-RegenReg,Hopper-v4,4
30452,reward,1759,16.876789618933557,16.006,PPO-RegenReg,Hopper-v4,4
30476,reward,1760,6.978615584038826,14.524,PPO-RegenReg,Hopper-v4,4
30504,reward,1761,34.08755658712118,16.754,PPO-RegenReg,Hopper-v4,4
30521,reward,1762,14.34083509692335,17.654,PPO-RegenReg,Hopper-v4,4
30531,reward,1763,7.035638194390295,17.312,PPO-RegenReg,Hopper-v4,4
30540,reward,1764,7.183267382544642,16.82,PPO-RegenReg,Hopper-v4,4
30552,reward,1765,6.083632136654692,16.435,PPO-RegenReg,Hopper-v4,4
30569,reward,1766,14.972972370571256,16.649,PPO-RegenReg,Hopper-v4,4
30579,reward,1767,8.812843101327848,14.134,PPO-RegenReg,Hopper-v4,4
30593,reward,1768,9.237908082187264,12.561,PPO-RegenReg,Hopper-v4,4
30616,reward,1769,20.542311111170623,12.928,PPO-RegenReg,Hopper-v4,4
30651,reward,1770,42.9197786463014,16.522,PPO-RegenReg,Hopper-v4,4
30661,reward,1771,9.128732298990467,14.026,PPO-RegenReg,Hopper-v4,4
30688,reward,1772,28.70066793072567,15.462,PPO-RegenReg,Hopper-v4,4
30713,reward,1773,13.30692844015831,16.089,PPO-RegenReg,Hopper-v4,4
30733,reward,1774,8.800524173736283,16.251,PPO-RegenReg,Hopper-v4,4
30744,reward,1775,8.529187303252689,16.495,PPO-RegenReg,Hopper-v4,4
30756,reward,1776,6.1300127161288,15.611,PPO-RegenReg,Hopper-v4,4
30767,reward,1777,8.903085746919551,15.62,PPO-RegenReg,Hopper-v4,4
30784,reward,1778,14.240162924272257,16.12,PPO-RegenReg,Hopper-v4,4
30797,reward,1779,8.302991624022217,14.896,PPO-RegenReg,Hopper-v4,4
30824,reward,1780,33.94947456899057,13.999,PPO-RegenReg,Hopper-v4,4
30842,reward,1781,15.461658495920556,14.632,PPO-RegenReg,Hopper-v4,4
30858,reward,1782,17.678883780285208,13.53,PPO-RegenReg,Hopper-v4,4
30870,reward,1783,11.448900656917482,13.344,PPO-RegenReg,Hopper-v4,4
30887,reward,1784,8.097167761047164,13.274,PPO-RegenReg,Hopper-v4,4
30904,reward,1785,18.510402515748957,14.272,PPO-RegenReg,Hopper-v4,4
30925,reward,1786,12.920147170751935,14.951,PPO-RegenReg,Hopper-v4,4
30951,reward,1787,26.408908255901483,16.702,PPO-RegenReg,Hopper-v4,4
30972,reward,1788,20.284345209031386,17.306,PPO-RegenReg,Hopper-v4,4
31001,reward,1789,30.139902703566488,19.49,PPO-RegenReg,Hopper-v4,4
31016,reward,1790,7.638640040773984,16.859,PPO-RegenReg,Hopper-v4,4
31030,reward,1791,11.45079095640165,16.458,PPO-RegenReg,Hopper-v4,4
31054,reward,1792,11.112268119648038,15.801,PPO-RegenReg,Hopper-v4,4
31068,reward,1793,10.84491805042424,15.741,PPO-RegenReg,Hopper-v4,4
31079,reward,1794,7.856030646628191,15.717,PPO-RegenReg,Hopper-v4,4
31094,reward,1795,13.599667797212614,15.226,PPO-RegenReg,Hopper-v4,4
31110,reward,1796,6.665090800196134,14.6,PPO-RegenReg,Hopper-v4,4
31137,reward,1797,33.13041733771429,15.272,PPO-RegenReg,Hopper-v4,4
31176,reward,1798,39.21470278080242,17.165,PPO-RegenReg,Hopper-v4,4
31201,reward,1799,14.266775703195432,15.578,PPO-RegenReg,Hopper-v4,4
31217,reward,1800,15.201656721066607,16.334,PPO-RegenReg,Hopper-v4,4
31233,reward,1801,9.0769168372208,16.097,PPO-RegenReg,Hopper-v4,4
31258,reward,1802,2.2839929505244827,15.214,PPO-RegenReg,Hopper-v4,4
31284,reward,1803,19.34159288144039,16.064,PPO-RegenReg,Hopper-v4,4
31300,reward,1804,12.650509739166521,16.543,PPO-RegenReg,Hopper-v4,4
31324,reward,1805,10.879688821128855,16.271,PPO-RegenReg,Hopper-v4,4
31350,reward,1806,5.056271192686665,16.11,PPO-RegenReg,Hopper-v4,4
31367,reward,1807,16.64462793802163,14.462,PPO-RegenReg,Hopper-v4,4
31395,reward,1808,9.594260581623182,11.5,PPO-RegenReg,Hopper-v4,4
31406,reward,1809,9.454403051625013,11.018,PPO-RegenReg,Hopper-v4,4
31418,reward,1810,9.878808349243435,10.486,PPO-RegenReg,Hopper-v4,4
31469,reward,1811,73.71419859209783,16.95,PPO-RegenReg,Hopper-v4,4
31486,reward,1812,9.914027693789484,17.713,PPO-RegenReg,Hopper-v4,4
31498,reward,1813,8.193900108648084,16.598,PPO-RegenReg,Hopper-v4,4
31511,reward,1814,8.88402185655376,16.221,PPO-RegenReg,Hopper-v4,4
31525,reward,1815,10.122379149457418,16.146,PPO-RegenReg,Hopper-v4,4
31545,reward,1816,9.208865229991549,16.561,PPO-RegenReg,Hopper-v4,4
31573,reward,1817,23.135313927935602,17.21,PPO-RegenReg,Hopper-v4,4
31589,reward,1818,11.988515583338081,17.449,PPO-RegenReg,Hopper-v4,4
31604,reward,1819,10.477045533364421,17.552,PPO-RegenReg,Hopper-v4,4
31622,reward,1820,8.561189685495158,17.42,PPO-RegenReg,Hopper-v4,4
31645,reward,1821,30.400681758499054,13.089,PPO-RegenReg,Hopper-v4,4
31669,reward,1822,19.603332807796882,14.058,PPO-RegenReg,Hopper-v4,4
31690,reward,1823,17.582822418186556,14.996,PPO-RegenReg,Hopper-v4,4
31716,reward,1824,19.93442360952091,16.101,PPO-RegenReg,Hopper-v4,4
31729,reward,1825,7.410053861415582,15.83,PPO-RegenReg,Hopper-v4,4
31741,reward,1826,8.003683600970671,15.71,PPO-RegenReg,Hopper-v4,4
31760,reward,1827,9.31198923282598,14.327,PPO-RegenReg,Hopper-v4,4
31772,reward,1828,9.49137684251824,14.078,PPO-RegenReg,Hopper-v4,4
31783,reward,1829,4.400700970089847,13.47,PPO-RegenReg,Hopper-v4,4
31801,reward,1830,7.579634202986714,13.372,PPO-RegenReg,Hopper-v4,4
31834,reward,1831,14.804450155749773,11.812,PPO-RegenReg,Hopper-v4,4
31854,reward,1832,14.70195943500609,11.322,PPO-RegenReg,Hopper-v4,4
31872,reward,1833,12.925120702168373,10.856,PPO-RegenReg,Hopper-v4,4
31884,reward,1834,7.834278961047066,9.646,PPO-RegenReg,Hopper-v4,4
31901,reward,1835,14.339285338083279,10.339,PPO-RegenReg,Hopper-v4,4
31918,reward,1836,13.658509945771184,10.905,PPO-RegenReg,Hopper-v4,4
31936,reward,1837,15.016153052735067,11.475,PPO-RegenReg,Hopper-v4,4
31945,reward,1838,7.199625755222489,11.246,PPO-RegenReg,Hopper-v4,4
31966,reward,1839,29.232850210824136,13.729,PPO-RegenReg,Hopper-v4,4
31989,reward,1840,30.13542108608604,15.985,PPO-RegenReg,Hopper-v4,4
32001,reward,1841,7.029824912860653,15.207,PPO-RegenReg,Hopper-v4,4
32010,reward,1842,6.48676480910861,14.386,PPO-RegenReg,Hopper-v4,4
32019,reward,1843,6.490594377137733,13.742,PPO-RegenReg,Hopper-v4,4
32038,reward,1844,13.734465884321502,14.332,PPO-RegenReg,Hopper-v4,4
32076,reward,1845,44.23566294799783,17.322,PPO-RegenReg,Hopper-v4,4
32096,reward,1846,17.99775682343814,17.756,PPO-RegenReg,Hopper-v4,4
32110,reward,1847,12.08132879972734,17.462,PPO-RegenReg,Hopper-v4,4
32125,reward,1848,11.315226624640353,17.874,PPO-RegenReg,Hopper-v4,4
32143,reward,1849,6.759254504449652,15.627,PPO-RegenReg,Hopper-v4,4
32156,reward,1850,14.628567989106191,14.076,PPO-RegenReg,Hopper-v4,4
32186,reward,1851,33.466927998762245,16.72,PPO-RegenReg,Hopper-v4,4
32202,reward,1852,11.259257844807255,17.197,PPO-RegenReg,Hopper-v4,4
32219,reward,1853,8.86796416132711,17.435,PPO-RegenReg,Hopper-v4,4
32228,reward,1854,6.747491866205275,16.736,PPO-RegenReg,Hopper-v4,4
32246,reward,1855,19.69009021530273,14.281,PPO-RegenReg,Hopper-v4,4
32262,reward,1856,17.918710202001442,14.273,PPO-RegenReg,Hopper-v4,4
32290,reward,1857,33.781504347830186,16.443,PPO-RegenReg,Hopper-v4,4
32304,reward,1858,10.633744780180232,16.375,PPO-RegenReg,Hopper-v4,4
32329,reward,1859,29.61617678433696,18.661,PPO-RegenReg,Hopper-v4,4
32344,reward,1860,7.04751510007901,17.903,PPO-RegenReg,Hopper-v4,4
32358,reward,1861,6.451022248009418,15.201,PPO-RegenReg,Hopper-v4,4
32374,reward,1862,15.794282724199137,15.655,PPO-RegenReg,Hopper-v4,4
32389,reward,1863,8.221540855206584,15.59,PPO-RegenReg,Hopper-v4,4
32405,reward,1864,16.918766050009367,16.607,PPO-RegenReg,Hopper-v4,4
32421,reward,1865,8.44714877105585,15.483,PPO-RegenReg,Hopper-v4,4
32438,reward,1866,10.479473723797197,14.739,PPO-RegenReg,Hopper-v4,4
32453,reward,1867,14.665456462160698,12.828,PPO-RegenReg,Hopper-v4,4
32466,reward,1868,7.631064551661353,12.527,PPO-RegenReg,Hopper-v4,4
32477,reward,1869,8.897126150601563,10.455,PPO-RegenReg,Hopper-v4,4
32507,reward,1870,30.31584947943202,12.782,PPO-RegenReg,Hopper-v4,4
32526,reward,1871,15.551146231234215,13.692,PPO-RegenReg,Hopper-v4,4
32545,reward,1872,15.394194826559538,13.652,PPO-RegenReg,Hopper-v4,4
32556,reward,1873,8.47719334503029,13.678,PPO-RegenReg,Hopper-v4,4
32570,reward,1874,13.005949354965008,13.286,PPO-RegenReg,Hopper-v4,4
32594,reward,1875,23.091928768049044,14.751,PPO-RegenReg,Hopper-v4,4
32613,reward,1876,16.16810368178282,15.32,PPO-RegenReg,Hopper-v4,4
32632,reward,1877,19.701616982302166,15.823,PPO-RegenReg,Hopper-v4,4
32654,reward,1878,26.24265459555684,17.685,PPO-RegenReg,Hopper-v4,4
32666,reward,1879,11.02473707386845,17.897,PPO-RegenReg,Hopper-v4,4
32683,reward,1880,14.119428043729414,16.278,PPO-RegenReg,Hopper-v4,4
32708,reward,1881,29.791192347108225,17.702,PPO-RegenReg,Hopper-v4,4
32723,reward,1882,16.66911683603518,17.829,PPO-RegenReg,Hopper-v4,4
32737,reward,1883,12.485149504324045,18.23,PPO-RegenReg,Hopper-v4,4
32759,reward,1884,18.341734774818292,18.764,PPO-RegenReg,Hopper-v4,4
32773,reward,1885,16.232010237251313,18.078,PPO-RegenReg,Hopper-v4,4
32789,reward,1886,12.219229508566922,17.683,PPO-RegenReg,Hopper-v4,4
32798,reward,1887,6.748577485068306,16.387,PPO-RegenReg,Hopper-v4,4
32822,reward,1888,18.483077649252074,15.611,PPO-RegenReg,Hopper-v4,4
32847,reward,1889,18.365244711389916,16.345,PPO-RegenReg,Hopper-v4,4
32856,reward,1890,7.914865245526194,15.725,PPO-RegenReg,Hopper-v4,4
32873,reward,1891,9.849576162915968,13.731,PPO-RegenReg,Hopper-v4,4
32884,reward,1892,6.0024837049387205,12.664,PPO-RegenReg,Hopper-v4,4
32901,reward,1893,16.295459574279956,13.045,PPO-RegenReg,Hopper-v4,4
32921,reward,1894,21.31312174219954,13.342,PPO-RegenReg,Hopper-v4,4
32936,reward,1895,13.90795415073699,13.11,PPO-RegenReg,Hopper-v4,4
32949,reward,1896,11.934817583230458,13.082,PPO-RegenReg,Hopper-v4,4
32977,reward,1897,15.093489195405608,13.916,PPO-RegenReg,Hopper-v4,4
32994,reward,1898,11.718742724055726,13.24,PPO-RegenReg,Hopper-v4,4
33007,reward,1899,9.406186798767502,12.344,PPO-RegenReg,Hopper-v4,4
33024,reward,1900,13.436031849320225,12.896,PPO-RegenReg,Hopper-v4,4
33034,reward,1901,8.563327775710533,12.767,PPO-RegenReg,Hopper-v4,4
33045,reward,1902,7.899323311723637,12.957,PPO-RegenReg,Hopper-v4,4
33055,reward,1903,7.750884513376324,12.102,PPO-RegenReg,Hopper-v4,4
33067,reward,1904,11.028477404998556,11.074,PPO-RegenReg,Hopper-v4,4
33078,reward,1905,6.032584040531464,10.286,PPO-RegenReg,Hopper-v4,4
33088,reward,1906,6.643599297208434,9.757,PPO-RegenReg,Hopper-v4,4
33101,reward,1907,8.985761471311543,9.146,PPO-RegenReg,Hopper-v4,4
33117,reward,1908,8.671523298978428,8.842,PPO-RegenReg,Hopper-v4,4
33145,reward,1909,16.657239216463932,9.567,PPO-RegenReg,Hopper-v4,4
33195,reward,1910,55.905354406671236,13.814,PPO-RegenReg,Hopper-v4,4
33223,reward,1911,14.270143181523052,14.384,PPO-RegenReg,Hopper-v4,4
33234,reward,1912,8.006015323177369,14.395,PPO-RegenReg,Hopper-v4,4
33243,reward,1913,8.169605104135774,14.437,PPO-RegenReg,Hopper-v4,4
33255,reward,1914,11.780779177924028,14.512,PPO-RegenReg,Hopper-v4,4
33272,reward,1915,9.439766429540049,14.853,PPO-RegenReg,Hopper-v4,4
33288,reward,1916,13.435188384721487,15.532,PPO-RegenReg,Hopper-v4,4
33303,reward,1917,9.605329546942873,15.594,PPO-RegenReg,Hopper-v4,4
33314,reward,1918,9.17028490281501,15.644,PPO-RegenReg,Hopper-v4,4
33327,reward,1919,8.148142496330433,14.793,PPO-RegenReg,Hopper-v4,4
33339,reward,1920,8.047844642544407,10.007,PPO-RegenReg,Hopper-v4,4
33358,reward,1921,10.896230355809305,9.67,PPO-RegenReg,Hopper-v4,4
33372,reward,1922,6.736391472826328,9.543,PPO-RegenReg,Hopper-v4,4
33387,reward,1923,11.855069716661303,9.912,PPO-RegenReg,Hopper-v4,4
33397,reward,1924,8.007638443046556,9.534,PPO-RegenReg,Hopper-v4,4
33408,reward,1925,9.121067367973033,9.502,PPO-RegenReg,Hopper-v4,4
33417,reward,1926,5.745367729954241,8.733,PPO-RegenReg,Hopper-v4,4
33431,reward,1927,13.841935566272165,9.157,PPO-RegenReg,Hopper-v4,4
33442,reward,1928,7.055089193234444,8.945,PPO-RegenReg,Hopper-v4,4
33459,reward,1929,12.532353733035139,9.384,PPO-RegenReg,Hopper-v4,4
33474,reward,1930,9.662479307032074,9.545,PPO-RegenReg,Hopper-v4,4
33487,reward,1931,8.175349911519055,9.273,PPO-RegenReg,Hopper-v4,4
33495,reward,1932,6.411425126460548,9.241,PPO-RegenReg,Hopper-v4,4
33503,reward,1933,5.967647458484589,8.652,PPO-RegenReg,Hopper-v4,4
33514,reward,1934,9.23309948430182,8.775,PPO-RegenReg,Hopper-v4,4
33530,reward,1935,12.73108211079314,9.136,PPO-RegenReg,Hopper-v4,4
33544,reward,1936,10.997587108783417,9.661,PPO-RegenReg,Hopper-v4,4
33567,reward,1937,24.471751899652524,10.724,PPO-RegenReg,Hopper-v4,4
33582,reward,1938,10.487680995360176,11.067,PPO-RegenReg,Hopper-v4,4
33593,reward,1939,5.834553718182213,10.397,PPO-RegenReg,Hopper-v4,4
33610,reward,1940,12.804288212278145,10.711,PPO-RegenReg,Hopper-v4,4
33625,reward,1941,8.29302191962993,10.723,PPO-RegenReg,Hopper-v4,4
33637,reward,1942,9.104345709005633,10.993,PPO-RegenReg,Hopper-v4,4
33671,reward,1943,34.572510037668444,13.853,PPO-RegenReg,Hopper-v4,4
33684,reward,1944,10.430089879511312,13.973,PPO-RegenReg,Hopper-v4,4
33696,reward,1945,8.818253721797824,13.581,PPO-RegenReg,Hopper-v4,4
33712,reward,1946,10.221540804241155,13.504,PPO-RegenReg,Hopper-v4,4
33724,reward,1947,10.323051736752685,12.089,PPO-RegenReg,Hopper-v4,4
33734,reward,1948,7.063303973189036,11.746,PPO-RegenReg,Hopper-v4,4
33750,reward,1949,7.388138554899324,11.902,PPO-RegenReg,Hopper-v4,4
33770,reward,1950,19.96859762599174,12.618,PPO-RegenReg,Hopper-v4,4
33780,reward,1951,6.728450717162814,12.462,PPO-RegenReg,Hopper-v4,4
33795,reward,1952,14.049342857374821,12.956,PPO-RegenReg,Hopper-v4,4
33806,reward,1953,9.439430839729152,10.443,PPO-RegenReg,Hopper-v4,4
33820,reward,1954,11.598111797168887,10.56,PPO-RegenReg,Hopper-v4,4
33838,reward,1955,7.372927101703278,10.415,PPO-RegenReg,Hopper-v4,4
33858,reward,1956,18.906097361639414,11.284,PPO-RegenReg,Hopper-v4,4
33871,reward,1957,6.001292734939232,10.852,PPO-RegenReg,Hopper-v4,4
33886,reward,1958,10.284752491550213,11.174,PPO-RegenReg,Hopper-v4,4
33907,reward,1959,19.997532917540816,12.435,PPO-RegenReg,Hopper-v4,4
33924,reward,1960,9.691699600126208,11.407,PPO-RegenReg,Hopper-v4,4
33936,reward,1961,4.734919083657831,11.208,PPO-RegenReg,Hopper-v4,4
33952,reward,1962,13.664020164068337,11.169,PPO-RegenReg,Hopper-v4,4
33985,reward,1963,13.008194914414995,11.526,PPO-RegenReg,Hopper-v4,4
33994,reward,1964,7.543425580959408,11.12,PPO-RegenReg,Hopper-v4,4
34013,reward,1965,12.873225844565091,11.671,PPO-RegenReg,Hopper-v4,4
34030,reward,1966,6.068057699723315,10.387,PPO-RegenReg,Hopper-v4,4
34038,reward,1967,5.939973329533641,10.381,PPO-RegenReg,Hopper-v4,4
34054,reward,1968,11.883608321167793,10.54,PPO-RegenReg,Hopper-v4,4
34070,reward,1969,13.139338965217995,9.855,PPO-RegenReg,Hopper-v4,4
34080,reward,1970,8.509197328722896,9.736,PPO-RegenReg,Hopper-v4,4
34096,reward,1971,10.022086267286001,10.265,PPO-RegenReg,Hopper-v4,4
34117,reward,1972,8.753722258582094,9.774,PPO-RegenReg,Hopper-v4,4
34130,reward,1973,9.765737528030163,9.45,PPO-RegenReg,Hopper-v4,4
34149,reward,1974,19.006815772399886,10.596,PPO-RegenReg,Hopper-v4,4
34161,reward,1975,4.901055999384217,9.799,PPO-RegenReg,Hopper-v4,4
34171,reward,1976,7.917879617036001,9.984,PPO-RegenReg,Hopper-v4,4
34202,reward,1977,25.419817737100356,11.932,PPO-RegenReg,Hopper-v4,4
34214,reward,1978,11.11866898408442,11.855,PPO-RegenReg,Hopper-v4,4
34229,reward,1979,12.11332489223107,11.753,PPO-RegenReg,Hopper-v4,4
34246,reward,1980,7.662780818431395,11.668,PPO-RegenReg,Hopper-v4,4
34274,reward,1981,30.951981097115002,13.761,PPO-RegenReg,Hopper-v4,4
34291,reward,1982,8.114859262423646,13.697,PPO-RegenReg,Hopper-v4,4
34306,reward,1983,12.898331020856558,14.011,PPO-RegenReg,Hopper-v4,4
34325,reward,1984,19.9574099247568,14.106,PPO-RegenReg,Hopper-v4,4
34339,reward,1985,7.860654754408926,14.402,PPO-RegenReg,Hopper-v4,4
34358,reward,1986,12.402974784908743,14.85,PPO-RegenReg,Hopper-v4,4
34372,reward,1987,7.216710041425628,13.03,PPO-RegenReg,Hopper-v4,4
34381,reward,1988,6.64403890754347,12.582,PPO-RegenReg,Hopper-v4,4
34405,reward,1989,20.18208272067051,13.389,PPO-RegenReg,Hopper-v4,4
34418,reward,1990,10.533390548569528,13.676,PPO-RegenReg,Hopper-v4,4
34433,reward,1991,9.730903468009398,11.554,PPO-RegenReg,Hopper-v4,4
34446,reward,1992,10.089812655246417,11.752,PPO-RegenReg,Hopper-v4,4
34455,reward,1993,7.198561347936636,11.182,PPO-RegenReg,Hopper-v4,4
34473,reward,1994,12.131435671398073,10.399,PPO-RegenReg,Hopper-v4,4
34480,reward,1995,5.276129826606819,10.141,PPO-RegenReg,Hopper-v4,4
34489,reward,1996,7.1043241988506,9.611,PPO-RegenReg,Hopper-v4,4
34529,reward,1997,48.103715094373634,13.699,PPO-RegenReg,Hopper-v4,4
34555,reward,1998,29.059839817408875,15.941,PPO-RegenReg,Hopper-v4,4
34575,reward,1999,18.104865399918022,15.733,PPO-RegenReg,Hopper-v4,4
34606,reward,2000,27.789762209856995,17.459,PPO-RegenReg,Hopper-v4,4
34620,reward,2001,12.005726838305526,17.686,PPO-RegenReg,Hopper-v4,4
34630,reward,2002,7.492905339824303,17.427,PPO-RegenReg,Hopper-v4,4
34644,reward,2003,10.321152804620263,17.739,PPO-RegenReg,Hopper-v4,4
34655,reward,2004,4.253858078422647,16.951,PPO-RegenReg,Hopper-v4,4
34669,reward,2005,12.75254267276063,17.699,PPO-RegenReg,Hopper-v4,4
34693,reward,2006,22.65803096271904,19.254,PPO-RegenReg,Hopper-v4,4
34709,reward,2007,10.137776183135621,15.458,PPO-RegenReg,Hopper-v4,4
34725,reward,2008,12.013114308288925,13.753,PPO-RegenReg,Hopper-v4,4
34735,reward,2009,7.175700548900642,12.66,PPO-RegenReg,Hopper-v4,4
34763,reward,2010,16.12801428994748,11.494,PPO-RegenReg,Hopper-v4,4
34803,reward,2011,22.689273350579512,12.562,PPO-RegenReg,Hopper-v4,4
34818,reward,2012,6.738186515099827,12.487,PPO-RegenReg,Hopper-v4,4
34829,reward,2013,9.405045651373806,12.395,PPO-RegenReg,Hopper-v4,4
34841,reward,2014,9.769222661115835,12.947,PPO-RegenReg,Hopper-v4,4
34856,reward,2015,13.704583658982088,13.042,PPO-RegenReg,Hopper-v4,4
34875,reward,2016,17.212195764589513,12.497,PPO-RegenReg,Hopper-v4,4
34890,reward,2017,13.816161547248745,12.865,PPO-RegenReg,Hopper-v4,4
34899,reward,2018,8.057471280513637,12.47,PPO-RegenReg,Hopper-v4,4
34918,reward,2019,17.90724306065307,13.543,PPO-RegenReg,Hopper-v4,4
34927,reward,2020,7.457634584211143,12.676,PPO-RegenReg,Hopper-v4,4
34939,reward,2021,9.244780981720105,11.331,PPO-RegenReg,Hopper-v4,4
34966,reward,2022,33.38804436769484,13.996,PPO-RegenReg,Hopper-v4,4
34980,reward,2023,12.683698929064859,14.324,PPO-RegenReg,Hopper-v4,4
35000,reward,2024,18.303172785267876,15.177,PPO-RegenReg,Hopper-v4,4
35014,reward,2025,10.771160069880523,14.884,PPO-RegenReg,Hopper-v4,4
35037,reward,2026,26.528330648115922,15.816,PPO-RegenReg,Hopper-v4,4
35048,reward,2027,9.149233421618542,15.349,PPO-RegenReg,Hopper-v4,4
35058,reward,2028,8.554958042891865,15.399,PPO-RegenReg,Hopper-v4,4
35078,reward,2029,16.603600980553637,15.268,PPO-RegenReg,Hopper-v4,4
35093,reward,2030,14.353925883568781,15.958,PPO-RegenReg,Hopper-v4,4
35110,reward,2031,16.865210132333893,16.72,PPO-RegenReg,Hopper-v4,4
35122,reward,2032,10.841346124386183,14.465,PPO-RegenReg,Hopper-v4,4
35132,reward,2033,7.692278972757138,13.966,PPO-RegenReg,Hopper-v4,4
35140,reward,2034,6.118269394478066,12.748,PPO-RegenReg,Hopper-v4,4
35160,reward,2035,12.520855479811607,12.923,PPO-RegenReg,Hopper-v4,4
35178,reward,2036,10.937613115210851,11.364,PPO-RegenReg,Hopper-v4,4
35192,reward,2037,8.407830046118626,11.29,PPO-RegenReg,Hopper-v4,4
35210,reward,2038,11.738073164625142,11.608,PPO-RegenReg,Hopper-v4,4
35226,reward,2039,7.18907883238355,10.666,PPO-RegenReg,Hopper-v4,4
35239,reward,2040,7.679403439615633,9.999,PPO-RegenReg,Hopper-v4,4
35262,reward,2041,10.26560847928014,9.339,PPO-RegenReg,Hopper-v4,4
35275,reward,2042,8.018707965545543,9.057,PPO-RegenReg,Hopper-v4,4
35287,reward,2043,11.000365597486418,9.388,PPO-RegenReg,Hopper-v4,4
35300,reward,2044,6.646741898111523,9.44,PPO-RegenReg,Hopper-v4,4
35314,reward,2045,10.889238594434245,9.277,PPO-RegenReg,Hopper-v4,4
35326,reward,2046,8.44785336114481,9.028,PPO-RegenReg,Hopper-v4,4
35342,reward,2047,16.983543664637388,9.886,PPO-RegenReg,Hopper-v4,4
35357,reward,2048,6.387964189795056,9.351,PPO-RegenReg,Hopper-v4,4
35377,reward,2049,8.82409660381324,9.514,PPO-RegenReg,Hopper-v4,4
35395,reward,2050,10.933235638676297,9.84,PPO-RegenReg,Hopper-v4,4
35406,reward,2051,4.681754748255357,9.281,PPO-RegenReg,Hopper-v4,4
35416,reward,2052,7.849606235548874,9.264,PPO-RegenReg,Hopper-v4,4
35426,reward,2053,8.450856278411825,9.009,PPO-RegenReg,Hopper-v4,4
35450,reward,2054,26.81146008166101,11.026,PPO-RegenReg,Hopper-v4,4
35463,reward,2055,9.437463905892061,10.881,PPO-RegenReg,Hopper-v4,4
35473,reward,2056,5.993375857127141,10.635,PPO-RegenReg,Hopper-v4,4
35483,reward,2057,8.390669134812438,9.776,PPO-RegenReg,Hopper-v4,4
35497,reward,2058,8.862091839237111,10.023,PPO-RegenReg,Hopper-v4,4
35526,reward,2059,39.76554940013174,13.118,PPO-RegenReg,Hopper-v4,4
35536,reward,2060,5.642272336111105,12.589,PPO-RegenReg,Hopper-v4,4
35548,reward,2061,8.417922660634263,12.962,PPO-RegenReg,Hopper-v4,4
35566,reward,2062,18.190102344574377,13.996,PPO-RegenReg,Hopper-v4,4
35585,reward,2063,18.899114990454738,15.041,PPO-RegenReg,Hopper-v4,4
35594,reward,2064,5.839635638818822,12.944,PPO-RegenReg,Hopper-v4,4
35625,reward,2065,29.069588180411586,14.907,PPO-RegenReg,Hopper-v4,4
35651,reward,2066,18.377491848723068,16.145,PPO-RegenReg,Hopper-v4,4
35659,reward,2067,6.125033826370437,15.919,PPO-RegenReg,Hopper-v4,4
35667,reward,2068,6.528333279540028,15.686,PPO-RegenReg,Hopper-v4,4
35682,reward,2069,13.251446741339613,13.034,PPO-RegenReg,Hopper-v4,4
35695,reward,2070,5.321304439804425,13.002,PPO-RegenReg,Hopper-v4,4
35719,reward,2071,27.37748357807614,14.898,PPO-RegenReg,Hopper-v4,4
35731,reward,2072,6.9134331888012515,13.77,PPO-RegenReg,Hopper-v4,4
35744,reward,2073,10.447795293180999,12.925,PPO-RegenReg,Hopper-v4,4
35769,reward,2074,17.247635686568255,14.066,PPO-RegenReg,Hopper-v4,4
35782,reward,2075,8.339837397257963,11.993,PPO-RegenReg,Hopper-v4,4
35803,reward,2076,19.473389498482543,12.103,PPO-RegenReg,Hopper-v4,4
35812,reward,2077,7.349095583070725,12.225,PPO-RegenReg,Hopper-v4,4
35828,reward,2078,10.570385668668765,12.629,PPO-RegenReg,Hopper-v4,4
35837,reward,2079,7.7952335209766765,12.084,PPO-RegenReg,Hopper-v4,4
35849,reward,2080,9.49219308414297,12.501,PPO-RegenReg,Hopper-v4,4
35883,reward,2081,38.858442046876945,13.649,PPO-RegenReg,Hopper-v4,4
35898,reward,2082,13.109381153462627,14.268,PPO-RegenReg,Hopper-v4,4
35908,reward,2083,5.896963641380035,13.813,PPO-RegenReg,Hopper-v4,4
35931,reward,2084,23.535277818463246,14.442,PPO-RegenReg,Hopper-v4,4
35943,reward,2085,10.01313353457541,14.609,PPO-RegenReg,Hopper-v4,4
35968,reward,2086,25.324980641056758,15.195,PPO-RegenReg,Hopper-v4,4
35982,reward,2087,13.391297276088396,15.799,PPO-RegenReg,Hopper-v4,4
36000,reward,2088,18.33084281831394,16.575,PPO-RegenReg,Hopper-v4,4
36015,reward,2089,10.672224369803606,16.862,PPO-RegenReg,Hopper-v4,4
36025,reward,2090,6.942727292381215,16.608,PPO-RegenReg,Hopper-v4,4
36045,reward,2091,18.91498232184197,14.613,PPO-RegenReg,Hopper-v4,4
36077,reward,2092,43.5838765483095,17.661,PPO-RegenReg,Hopper-v4,4
36094,reward,2093,10.034778824607505,18.074,PPO-RegenReg,Hopper-v4,4
36104,reward,2094,5.358159095896427,16.257,PPO-RegenReg,Hopper-v4,4
36118,reward,2095,11.553255256895655,16.411,PPO-RegenReg,Hopper-v4,4
36137,reward,2096,9.512814322389426,14.829,PPO-RegenReg,Hopper-v4,4
36154,reward,2097,14.606960980919226,14.951,PPO-RegenReg,Hopper-v4,4
36175,reward,2098,21.52919380205519,15.271,PPO-RegenReg,Hopper-v4,4
36192,reward,2099,10.070748505190357,15.211,PPO-RegenReg,Hopper-v4,4
36202,reward,2100,8.21305800342709,15.338,PPO-RegenReg,Hopper-v4,4
36220,reward,2101,18.150871517962806,15.261,PPO-RegenReg,Hopper-v4,4
36243,reward,2102,25.4154014245061,13.445,PPO-RegenReg,Hopper-v4,4
36258,reward,2103,7.3652619602013365,13.178,PPO-RegenReg,Hopper-v4,4
36295,reward,2104,23.688754658242836,15.011,PPO-RegenReg,Hopper-v4,4
36316,reward,2105,12.238554014843634,15.079,PPO-RegenReg,Hopper-v4,4
36327,reward,2106,9.240652716908794,15.052,PPO-RegenReg,Hopper-v4,4
36360,reward,2107,37.754338175976805,17.367,PPO-RegenReg,Hopper-v4,4
36374,reward,2108,11.150393661758516,16.329,PPO-RegenReg,Hopper-v4,4
36385,reward,2109,8.790652327811713,16.201,PPO-RegenReg,Hopper-v4,4
36398,reward,2110,7.886810891095795,16.168,PPO-RegenReg,Hopper-v4,4
36409,reward,2111,8.802814132401245,15.233,PPO-RegenReg,Hopper-v4,4
36423,reward,2112,8.302570374194735,13.522,PPO-RegenReg,Hopper-v4,4
36436,reward,2113,10.202746662910469,13.806,PPO-RegenReg,Hopper-v4,4
36454,reward,2114,10.304806978733211,12.467,PPO-RegenReg,Hopper-v4,4
36467,reward,2115,12.446873902275144,12.488,PPO-RegenReg,Hopper-v4,4
36476,reward,2116,6.114417963857479,12.176,PPO-RegenReg,Hopper-v4,4
36491,reward,2117,6.8623978471471405,9.086,PPO-RegenReg,Hopper-v4,4
36502,reward,2118,7.65006853580099,8.736,PPO-RegenReg,Hopper-v4,4
36523,reward,2119,20.442060237206746,9.902,PPO-RegenReg,Hopper-v4,4
36540,reward,2120,11.177672863424707,10.231,PPO-RegenReg,Hopper-v4,4
36570,reward,2121,21.85787907797779,11.536,PPO-RegenReg,Hopper-v4,4
36585,reward,2122,12.039950042541804,11.91,PPO-RegenReg,Hopper-v4,4
36598,reward,2123,9.642383295904278,11.854,PPO-RegenReg,Hopper-v4,4
36622,reward,2124,26.539240349751438,13.477,PPO-RegenReg,Hopper-v4,4
36634,reward,2125,9.61602032029603,13.194,PPO-RegenReg,Hopper-v4,4
36651,reward,2126,14.432486366273169,14.026,PPO-RegenReg,Hopper-v4,4
36683,reward,2127,22.004768443267118,15.54,PPO-RegenReg,Hopper-v4,4
36693,reward,2128,8.463615948071364,15.622,PPO-RegenReg,Hopper-v4,4
36711,reward,2129,16.092691537913055,15.187,PPO-RegenReg,Hopper-v4,4
36723,reward,2130,9.734062418002216,15.042,PPO-RegenReg,Hopper-v4,4
36737,reward,2131,11.805289765716523,14.037,PPO-RegenReg,Hopper-v4,4
36748,reward,2132,8.801855937529059,13.713,PPO-RegenReg,Hopper-v4,4
36762,reward,2133,8.771886080377058,13.626,PPO-RegenReg,Hopper-v4,4
36771,reward,2134,6.0808527930765495,11.58,PPO-RegenReg,Hopper-v4,4
36785,reward,2135,9.975110566734983,11.616,PPO-RegenReg,Hopper-v4,4
36796,reward,2136,10.1980224284429,11.193,PPO-RegenReg,Hopper-v4,4
36815,reward,2137,16.315258534712733,10.624,PPO-RegenReg,Hopper-v4,4
36833,reward,2138,8.744274447421109,10.652,PPO-RegenReg,Hopper-v4,4
36854,reward,2139,16.749711409100883,10.718,PPO-RegenReg,Hopper-v4,4
36887,reward,2140,12.786828474773188,11.023,PPO-RegenReg,Hopper-v4,4
36902,reward,2141,8.190952491883014,10.661,PPO-RegenReg,Hopper-v4,4
36914,reward,2142,7.148807362105019,10.496,PPO-RegenReg,Hopper-v4,4
36931,reward,2143,12.20165888952804,10.839,PPO-RegenReg,Hopper-v4,4
36979,reward,2144,70.84032524688034,17.315,PPO-RegenReg,Hopper-v4,4
36988,reward,2145,7.476083143373098,17.065,PPO-RegenReg,Hopper-v4,4
37000,reward,2146,6.792924781469588,16.725,PPO-RegenReg,Hopper-v4,4
37018,reward,2147,17.56056045367793,16.849,PPO-RegenReg,Hopper-v4,4
37034,reward,2148,11.834433704350415,17.158,PPO-RegenReg,Hopper-v4,4
37044,reward,2149,7.104806561003897,16.194,PPO-RegenReg,Hopper-v4,4
37054,reward,2150,9.790556513792792,15.894,PPO-RegenReg,Hopper-v4,4
37072,reward,2151,17.64933704439786,16.84,PPO-RegenReg,Hopper-v4,4
37099,reward,2152,32.94715278702975,19.42,PPO-RegenReg,Hopper-v4,4
37126,reward,2153,22.345613349922814,20.434,PPO-RegenReg,Hopper-v4,4
37144,reward,2154,12.009107043453065,14.551,PPO-RegenReg,Hopper-v4,4
37157,reward,2155,9.33388104567388,14.737,PPO-RegenReg,Hopper-v4,4
37172,reward,2156,13.665666589035236,15.424,PPO-RegenReg,Hopper-v4,4
37186,reward,2157,13.308821046502679,14.999,PPO-RegenReg,Hopper-v4,4
37204,reward,2158,10.442689179560357,14.86,PPO-RegenReg,Hopper-v4,4
37212,reward,2159,5.800064306384,14.729,PPO-RegenReg,Hopper-v4,4
37239,reward,2160,28.9861355249894,16.649,PPO-RegenReg,Hopper-v4,4
37250,reward,2161,4.626729682293806,15.347,PPO-RegenReg,Hopper-v4,4
37259,reward,2162,5.966625962192612,12.649,PPO-RegenReg,Hopper-v4,4
37278,reward,2163,20.122785416856,12.426,PPO-RegenReg,Hopper-v4,4
37287,reward,2164,8.018216375474227,12.027,PPO-RegenReg,Hopper-v4,4
37299,reward,2165,5.907826304496626,11.685,PPO-RegenReg,Hopper-v4,4
37310,reward,2166,9.276023856062698,11.246,PPO-RegenReg,Hopper-v4,4
37317,reward,2167,3.865202443726185,10.301,PPO-RegenReg,Hopper-v4,4
37330,reward,2168,10.590770917285202,10.316,PPO-RegenReg,Hopper-v4,4
37353,reward,2169,19.259247853340685,11.662,PPO-RegenReg,Hopper-v4,4
37366,reward,2170,9.006992235682269,9.664,PPO-RegenReg,Hopper-v4,4
37381,reward,2171,11.933357863857774,10.395,PPO-RegenReg,Hopper-v4,4
37415,reward,2172,43.4763530121758,14.146,PPO-RegenReg,Hopper-v4,4
37431,reward,2173,13.42074567103159,13.475,PPO-RegenReg,Hopper-v4,4
37450,reward,2174,14.941753850684465,14.168,PPO-RegenReg,Hopper-v4,4
37464,reward,2175,9.253820377691394,14.502,PPO-RegenReg,Hopper-v4,4
37476,reward,2176,6.287024697518929,14.204,PPO-RegenReg,Hopper-v4,4
37488,reward,2177,9.638254189673846,14.781,PPO-RegenReg,Hopper-v4,4
37500,reward,2178,8.715398944907037,14.593,PPO-RegenReg,Hopper-v4,4
37515,reward,2179,9.918183836059391,13.659,PPO-RegenReg,Hopper-v4,4
37529,reward,2180,13.09979159880299,14.068,PPO-RegenReg,Hopper-v4,4
37538,reward,2181,7.2950276264204845,13.605,PPO-RegenReg,Hopper-v4,4
37550,reward,2182,11.638895486461019,10.421,PPO-RegenReg,Hopper-v4,4
37572,reward,2183,21.256662959779167,11.204,PPO-RegenReg,Hopper-v4,4
37590,reward,2184,9.809771471395209,10.691,PPO-RegenReg,Hopper-v4,4
37600,reward,2185,8.495845792010691,10.615,PPO-RegenReg,Hopper-v4,4
37611,reward,2186,4.951702383425479,10.482,PPO-RegenReg,Hopper-v4,4
37620,reward,2187,6.522831880868928,10.17,PPO-RegenReg,Hopper-v4,4
37628,reward,2188,3.837659605853978,9.683,PPO-RegenReg,Hopper-v4,4
37646,reward,2189,16.58966397473648,10.35,PPO-RegenReg,Hopper-v4,4
37661,reward,2190,6.641818780881897,9.704,PPO-RegenReg,Hopper-v4,4
37677,reward,2191,14.553883533967127,10.43,PPO-RegenReg,Hopper-v4,4
37689,reward,2192,8.435959725820767,10.11,PPO-RegenReg,Hopper-v4,4
37702,reward,2193,11.063665351166001,9.09,PPO-RegenReg,Hopper-v4,4
37712,reward,2194,8.619771253297444,8.971,PPO-RegenReg,Hopper-v4,4
37739,reward,2195,28.205026638406768,10.942,PPO-RegenReg,Hopper-v4,4
37749,reward,2196,8.571868558022738,11.304,PPO-RegenReg,Hopper-v4,4
37766,reward,2197,17.15025952049701,12.367,PPO-RegenReg,Hopper-v4,4
37797,reward,2198,36.244713979408665,15.608,PPO-RegenReg,Hopper-v4,4
37808,reward,2199,6.770820756082735,14.626,PPO-RegenReg,Hopper-v4,4
37826,reward,2200,12.272775030836787,15.189,PPO-RegenReg,Hopper-v4,4
37840,reward,2201,8.652636107589265,14.599,PPO-RegenReg,Hopper-v4,4
37857,reward,2202,18.14161971708222,15.569,PPO-RegenReg,Hopper-v4,4
37883,reward,2203,35.50257616769061,18.013,PPO-RegenReg,Hopper-v4,4
37907,reward,2204,26.553482722626242,19.807,PPO-RegenReg,Hopper-v4,4
37922,reward,2205,9.874811099773144,17.974,PPO-RegenReg,Hopper-v4,4
37935,reward,2206,8.75464343222731,17.992,PPO-RegenReg,Hopper-v4,4
37948,reward,2207,10.599300329611811,17.337,PPO-RegenReg,Hopper-v4,4
37969,reward,2208,24.216619954864466,16.134,PPO-RegenReg,Hopper-v4,4
37986,reward,2209,15.397256168002395,16.997,PPO-RegenReg,Hopper-v4,4
38005,reward,2210,14.81125374224323,17.25,PPO-RegenReg,Hopper-v4,4
38018,reward,2211,8.783602106854914,17.264,PPO-RegenReg,Hopper-v4,4
38033,reward,2212,13.55878905418805,16.805,PPO-RegenReg,Hopper-v4,4
38050,reward,2213,9.766704820853713,14.232,PPO-RegenReg,Hopper-v4,4
38058,reward,2214,6.001038328383761,12.176,PPO-RegenReg,Hopper-v4,4
38081,reward,2215,13.736013671506235,12.563,PPO-RegenReg,Hopper-v4,4
38095,reward,2216,5.6000845353002795,12.247,PPO-RegenReg,Hopper-v4,4
38107,reward,2217,5.650904664382098,11.752,PPO-RegenReg,Hopper-v4,4
38119,reward,2218,7.300823144261425,10.061,PPO-RegenReg,Hopper-v4,4
38135,reward,2219,12.429595493043061,9.764,PPO-RegenReg,Hopper-v4,4
38148,reward,2220,7.78130270007456,9.061,PPO-RegenReg,Hopper-v4,4
38161,reward,2221,12.761157497040445,9.459,PPO-RegenReg,Hopper-v4,4
38170,reward,2222,6.400873034600125,8.743,PPO-RegenReg,Hopper-v4,4
38181,reward,2223,7.979028280330852,8.564,PPO-RegenReg,Hopper-v4,4
38195,reward,2224,9.034273018147617,8.867,PPO-RegenReg,Hopper-v4,4
38205,reward,2225,8.676979227643896,8.362,PPO-RegenReg,Hopper-v4,4
38215,reward,2226,8.371695397480854,8.639,PPO-RegenReg,Hopper-v4,4
38232,reward,2227,17.45936170803067,9.82,PPO-RegenReg,Hopper-v4,4
38245,reward,2228,8.32214093385355,9.922,PPO-RegenReg,Hopper-v4,4
38264,reward,2229,17.82818596342806,10.461,PPO-RegenReg,Hopper-v4,4
38286,reward,2230,18.93214347004231,11.577,PPO-RegenReg,Hopper-v4,4
38299,reward,2231,8.163022825598333,11.117,PPO-RegenReg,Hopper-v4,4
38322,reward,2232,19.421133463894243,12.419,PPO-RegenReg,Hopper-v4,4
38349,reward,2233,13.267775282998088,12.948,PPO-RegenReg,Hopper-v4,4
38378,reward,2234,36.803108194564814,15.725,PPO-RegenReg,Hopper-v4,4
38390,reward,2235,4.666438343488527,15.324,PPO-RegenReg,Hopper-v4,4
38415,reward,2236,25.38574935967852,17.025,PPO-RegenReg,Hopper-v4,4
38436,reward,2237,11.455830832457345,16.425,PPO-RegenReg,Hopper-v4,4
38451,reward,2238,11.261665812971914,16.719,PPO-RegenReg,Hopper-v4,4
38481,reward,2239,35.89404098115099,18.525,PPO-RegenReg,Hopper-v4,4
38504,reward,2240,20.336404911425905,18.666,PPO-RegenReg,Hopper-v4,4
38515,reward,2241,7.654337241241379,18.615,PPO-RegenReg,Hopper-v4,4
38529,reward,2242,7.433002533370463,17.416,PPO-RegenReg,Hopper-v4,4
38555,reward,2243,37.888240254301294,19.878,PPO-RegenReg,Hopper-v4,4
38566,reward,2244,5.306418454977759,16.728,PPO-RegenReg,Hopper-v4,4
38577,reward,2245,7.00869394199086,16.962,PPO-RegenReg,Hopper-v4,4
38592,reward,2246,11.643095414207416,15.588,PPO-RegenReg,Hopper-v4,4
38606,reward,2247,12.608675845773046,15.703,PPO-RegenReg,Hopper-v4,4
38622,reward,2248,15.948383298372335,16.172,PPO-RegenReg,Hopper-v4,4
38637,reward,2249,15.025494705279137,14.085,PPO-RegenReg,Hopper-v4,4
38650,reward,2250,11.01576431630582,13.153,PPO-RegenReg,Hopper-v4,4
38671,reward,2251,14.12462831978406,13.8,PPO-RegenReg,Hopper-v4,4
38693,reward,2252,26.416266074676138,15.699,PPO-RegenReg,Hopper-v4,4
38707,reward,2253,11.556346762260862,13.065,PPO-RegenReg,Hopper-v4,4
38724,reward,2254,9.838187936137185,13.519,PPO-RegenReg,Hopper-v4,4
38736,reward,2255,10.528924614735812,13.871,PPO-RegenReg,Hopper-v4,4
38746,reward,2256,7.253900182593863,13.432,PPO-RegenReg,Hopper-v4,4
38757,reward,2257,8.992478618019163,13.07,PPO-RegenReg,Hopper-v4,4
38766,reward,2258,6.77915117549057,12.153,PPO-RegenReg,Hopper-v4,4
38787,reward,2259,10.835106813495845,11.734,PPO-RegenReg,Hopper-v4,4
38809,reward,2260,20.79926947655457,12.712,PPO-RegenReg,Hopper-v4,4
38834,reward,2261,17.609465357452866,13.061,PPO-RegenReg,Hopper-v4,4
38851,reward,2262,12.507685054278724,11.67,PPO-RegenReg,Hopper-v4,4
38864,reward,2263,7.978657201678974,11.312,PPO-RegenReg,Hopper-v4,4
38877,reward,2264,8.629780331496669,11.191,PPO-RegenReg,Hopper-v4,4
38889,reward,2265,8.127251334533575,10.951,PPO-RegenReg,Hopper-v4,4
38909,reward,2266,12.119486933836416,11.438,PPO-RegenReg,Hopper-v4,4
38925,reward,2267,12.188458233642725,11.757,PPO-RegenReg,Hopper-v4,4
38936,reward,2268,8.697581262349662,11.949,PPO-RegenReg,Hopper-v4,4
38950,reward,2269,9.727587544262216,11.839,PPO-RegenReg,Hopper-v4,4
38961,reward,2270,8.556658600979612,10.614,PPO-RegenReg,Hopper-v4,4
38975,reward,2271,10.010259186158958,9.854,PPO-RegenReg,Hopper-v4,4
38987,reward,2272,10.212050592289188,9.625,PPO-RegenReg,Hopper-v4,4
39004,reward,2273,18.15896422633866,10.643,PPO-RegenReg,Hopper-v4,4
39016,reward,2274,10.316107192807271,10.811,PPO-RegenReg,Hopper-v4,4
39040,reward,2275,28.873111344095097,12.886,PPO-RegenReg,Hopper-v4,4
39054,reward,2276,13.921038735541856,13.066,PPO-RegenReg,Hopper-v4,4
39061,reward,2277,4.877821678641899,12.335,PPO-RegenReg,Hopper-v4,4
39083,reward,2278,20.285134705205824,13.494,PPO-RegenReg,Hopper-v4,4
39095,reward,2279,6.849889222389411,13.206,PPO-RegenReg,Hopper-v4,4
39118,reward,2280,29.19365866250823,15.27,PPO-RegenReg,Hopper-v4,4
39133,reward,2281,11.27650160070765,15.396,PPO-RegenReg,Hopper-v4,4
39146,reward,2282,13.145862698405242,15.69,PPO-RegenReg,Hopper-v4,4
39161,reward,2283,11.055877187829386,14.98,PPO-RegenReg,Hopper-v4,4
39172,reward,2284,7.836124258345884,14.732,PPO-RegenReg,Hopper-v4,4
39191,reward,2285,18.918946398649112,13.736,PPO-RegenReg,Hopper-v4,4
39211,reward,2286,15.802594481069708,13.924,PPO-RegenReg,Hopper-v4,4
39244,reward,2287,8.097977625564763,14.246,PPO-RegenReg,Hopper-v4,4
39262,reward,2288,16.791310919412624,13.897,PPO-RegenReg,Hopper-v4,4
39280,reward,2289,14.73992578619751,14.686,PPO-RegenReg,Hopper-v4,4
39289,reward,2290,7.47015193988523,12.514,PPO-RegenReg,Hopper-v4,4
39307,reward,2291,14.484690122023677,12.834,PPO-RegenReg,Hopper-v4,4
39320,reward,2292,9.457823688648539,12.466,PPO-RegenReg,Hopper-v4,4
39338,reward,2293,15.611258033462212,12.921,PPO-RegenReg,Hopper-v4,4
39352,reward,2294,12.413766986859823,13.379,PPO-RegenReg,Hopper-v4,4
39363,reward,2295,9.538421082688863,12.441,PPO-RegenReg,Hopper-v4,4
39378,reward,2296,16.08836684834712,12.469,PPO-RegenReg,Hopper-v4,4
39391,reward,2297,11.58460021470012,12.818,PPO-RegenReg,Hopper-v4,4
39402,reward,2298,7.2414540337373134,11.863,PPO-RegenReg,Hopper-v4,4
39428,reward,2299,16.428576503790396,12.032,PPO-RegenReg,Hopper-v4,4
39450,reward,2300,12.147333406179657,12.5,PPO-RegenReg,Hopper-v4,4
39464,reward,2301,13.487012490159517,12.4,PPO-RegenReg,Hopper-v4,4
39481,reward,2302,13.746684444917468,12.829,PPO-RegenReg,Hopper-v4,4
39500,reward,2303,18.376650888705917,13.105,PPO-RegenReg,Hopper-v4,4
39531,reward,2304,16.685242052832994,13.532,PPO-RegenReg,Hopper-v4,4
39549,reward,2305,16.63780423318867,14.242,PPO-RegenReg,Hopper-v4,4
39562,reward,2306,9.68293058129642,13.602,PPO-RegenReg,Hopper-v4,4
39578,reward,2307,15.742793029607254,14.018,PPO-RegenReg,Hopper-v4,4
39588,reward,2308,4.606476609215866,13.754,PPO-RegenReg,Hopper-v4,4
39624,reward,2309,20.289787770588845,14.14,PPO-RegenReg,Hopper-v4,4
39634,reward,2310,8.369601059879066,13.762,PPO-RegenReg,Hopper-v4,4
39652,reward,2311,8.352182418570951,13.249,PPO-RegenReg,Hopper-v4,4
39669,reward,2312,12.897402242709806,13.164,PPO-RegenReg,Hopper-v4,4
39699,reward,2313,24.299477419371424,13.756,PPO-RegenReg,Hopper-v4,4
39717,reward,2314,14.94173691516411,13.582,PPO-RegenReg,Hopper-v4,4
39735,reward,2315,9.841624338034249,12.902,PPO-RegenReg,Hopper-v4,4
39752,reward,2316,13.7690223281555,13.311,PPO-RegenReg,Hopper-v4,4
39765,reward,2317,11.896328337320385,12.926,PPO-RegenReg,Hopper-v4,4
39781,reward,2318,14.54612544069845,13.92,PPO-RegenReg,Hopper-v4,4
39797,reward,2319,11.423652702020657,13.034,PPO-RegenReg,Hopper-v4,4
39809,reward,2320,7.396991381652626,12.936,PPO-RegenReg,Hopper-v4,4
39820,reward,2321,8.544258850899963,12.956,PPO-RegenReg,Hopper-v4,4
39830,reward,2322,5.186907203849103,12.185,PPO-RegenReg,Hopper-v4,4
39849,reward,2323,10.152383911626316,10.77,PPO-RegenReg,Hopper-v4,4
39865,reward,2324,9.87737579762587,10.263,PPO-RegenReg,Hopper-v4,4
39881,reward,2325,14.580175299497704,10.737,PPO-RegenReg,Hopper-v4,4
39891,reward,2326,5.5817833380522535,9.919,PPO-RegenReg,Hopper-v4,4
39909,reward,2327,15.004821223720866,10.229,PPO-RegenReg,Hopper-v4,4
39924,reward,2328,12.013732748087994,9.976,PPO-RegenReg,Hopper-v4,4
39933,reward,2329,7.83401377396264,9.617,PPO-RegenReg,Hopper-v4,4
39959,reward,2330,33.07923298184191,12.185,PPO-RegenReg,Hopper-v4,4
39979,reward,2331,19.261554199941777,13.257,PPO-RegenReg,Hopper-v4,4
39992,reward,2332,8.093389055542778,13.548,PPO-RegenReg,Hopper-v4,4
40016,reward,2333,9.043234934706124,13.437,PPO-RegenReg,Hopper-v4,4
40045,reward,2334,17.702022412811722,14.219,PPO-RegenReg,Hopper-v4,4
40056,reward,2335,6.0417540067615185,13.366,PPO-RegenReg,Hopper-v4,4
40068,reward,2336,5.992249982431193,13.407,PPO-RegenReg,Hopper-v4,4
40084,reward,2337,13.051288559572054,13.211,PPO-RegenReg,Hopper-v4,4
40095,reward,2338,6.8027460772131105,12.69,PPO-RegenReg,Hopper-v4,4
40115,reward,2339,18.10653310403481,13.717,PPO-RegenReg,Hopper-v4,4
40130,reward,2340,11.773472570533707,11.587,PPO-RegenReg,Hopper-v4,4
40142,reward,2341,6.366497178717652,10.297,PPO-RegenReg,Hopper-v4,4
40161,reward,2342,16.255237615341223,11.114,PPO-RegenReg,Hopper-v4,4
40175,reward,2343,9.695144763274014,11.179,PPO-RegenReg,Hopper-v4,4
40190,reward,2344,12.333294893954605,10.642,PPO-RegenReg,Hopper-v4,4
40215,reward,2345,15.273483176645145,11.565,PPO-RegenReg,Hopper-v4,4
40223,reward,2346,5.725153730614063,11.538,PPO-RegenReg,Hopper-v4,4
40237,reward,2347,13.02152755174615,11.535,PPO-RegenReg,Hopper-v4,4
40255,reward,2348,11.551141991083323,12.01,PPO-RegenReg,Hopper-v4,4
40264,reward,2349,4.78057666883955,10.678,PPO-RegenReg,Hopper-v4,4
40290,reward,2350,14.9118742267482,10.991,PPO-RegenReg,Hopper-v4,4
40305,reward,2351,12.22280442691831,11.577,PPO-RegenReg,Hopper-v4,4
40324,reward,2352,17.37125845746944,11.689,PPO-RegenReg,Hopper-v4,4
40346,reward,2353,12.084976556377336,11.928,PPO-RegenReg,Hopper-v4,4
40361,reward,2354,14.230458058623896,12.117,PPO-RegenReg,Hopper-v4,4
40377,reward,2355,8.560488596542662,11.446,PPO-RegenReg,Hopper-v4,4
40390,reward,2356,7.543126035617106,11.628,PPO-RegenReg,Hopper-v4,4
40400,reward,2357,8.347411923844241,11.16,PPO-RegenReg,Hopper-v4,4
40426,reward,2358,28.779348020258347,12.883,PPO-RegenReg,Hopper-v4,4
40440,reward,2359,11.524820103969327,13.558,PPO-RegenReg,Hopper-v4,4
40471,reward,2360,38.91755575106296,15.958,PPO-RegenReg,Hopper-v4,4
40495,reward,2361,6.54338555301572,15.39,PPO-RegenReg,Hopper-v4,4
40507,reward,2362,9.627691701190946,14.616,PPO-RegenReg,Hopper-v4,4
40520,reward,2363,7.779887615474445,14.185,PPO-RegenReg,Hopper-v4,4
40548,reward,2364,20.457105856797952,14.808,PPO-RegenReg,Hopper-v4,4
40561,reward,2365,11.607597628552769,15.113,PPO-RegenReg,Hopper-v4,4
40572,reward,2366,4.128861399796675,14.771,PPO-RegenReg,Hopper-v4,4
40581,reward,2367,5.852114045560822,14.522,PPO-RegenReg,Hopper-v4,4
40603,reward,2368,9.036306990703851,12.548,PPO-RegenReg,Hopper-v4,4
40636,reward,2369,47.727984581448155,16.168,PPO-RegenReg,Hopper-v4,4
40662,reward,2370,16.33830112356993,13.91,PPO-RegenReg,Hopper-v4,4
40682,reward,2371,10.317225241400532,14.287,PPO-RegenReg,Hopper-v4,4
40691,reward,2372,6.735709328974887,13.998,PPO-RegenReg,Hopper-v4,4
40713,reward,2373,18.535599949665716,15.074,PPO-RegenReg,Hopper-v4,4
40725,reward,2374,7.883068407626077,13.816,PPO-RegenReg,Hopper-v4,4
40735,reward,2375,8.272296474624936,13.483,PPO-RegenReg,Hopper-v4,4
40767,reward,2376,44.313429433712905,17.501,PPO-RegenReg,Hopper-v4,4
40782,reward,2377,13.638465929499061,18.28,PPO-RegenReg,Hopper-v4,4
40804,reward,2378,21.761549214924393,19.552,PPO-RegenReg,Hopper-v4,4
40818,reward,2379,9.427662505742253,15.722,PPO-RegenReg,Hopper-v4,4
40836,reward,2380,9.807269374686848,15.069,PPO-RegenReg,Hopper-v4,4
40845,reward,2381,6.915825534525683,14.729,PPO-RegenReg,Hopper-v4,4
40862,reward,2382,17.497447202485755,15.805,PPO-RegenReg,Hopper-v4,4
40882,reward,2383,16.009893232742094,15.553,PPO-RegenReg,Hopper-v4,4
40900,reward,2384,18.497466559379447,16.614,PPO-RegenReg,Hopper-v4,4
40927,reward,2385,24.347458602920646,18.222,PPO-RegenReg,Hopper-v4,4
40942,reward,2386,7.1246395022065325,14.503,PPO-RegenReg,Hopper-v4,4
40954,reward,2387,6.968266121440566,13.836,PPO-RegenReg,Hopper-v4,4
40970,reward,2388,13.47704985627253,13.007,PPO-RegenReg,Hopper-v4,4
40996,reward,2389,26.551722236063576,14.72,PPO-RegenReg,Hopper-v4,4
41012,reward,2390,10.935351068757186,14.833,PPO-RegenReg,Hopper-v4,4
41031,reward,2391,18.640748773439437,16.005,PPO-RegenReg,Hopper-v4,4
41055,reward,2392,27.666940681117747,17.022,PPO-RegenReg,Hopper-v4,4
41071,reward,2393,11.486917041039652,16.57,PPO-RegenReg,Hopper-v4,4
41092,reward,2394,22.624582813141856,16.982,PPO-RegenReg,Hopper-v4,4
41111,reward,2395,16.746584717511954,16.222,PPO-RegenReg,Hopper-v4,4
41123,reward,2396,7.025176397833029,16.212,PPO-RegenReg,Hopper-v4,4
41139,reward,2397,13.150907290758727,16.831,PPO-RegenReg,Hopper-v4,4
41151,reward,2398,10.197792997506566,16.503,PPO-RegenReg,Hopper-v4,4
41162,reward,2399,6.174791373031235,14.465,PPO-RegenReg,Hopper-v4,4
41174,reward,2400,10.373492568473022,14.409,PPO-RegenReg,Hopper-v4,4
41191,reward,2401,13.212558337057725,13.866,PPO-RegenReg,Hopper-v4,4
41209,reward,2402,10.254693998563482,12.125,PPO-RegenReg,Hopper-v4,4
41244,reward,2403,43.96087951445583,15.372,PPO-RegenReg,Hopper-v4,4
41257,reward,2404,8.644717517920139,13.974,PPO-RegenReg,Hopper-v4,4
41271,reward,2405,9.887378268709691,13.288,PPO-RegenReg,Hopper-v4,4
41285,reward,2406,12.623490589214517,13.848,PPO-RegenReg,Hopper-v4,4
41308,reward,2407,22.520646332474698,14.785,PPO-RegenReg,Hopper-v4,4
41322,reward,2408,13.439347541960878,15.109,PPO-RegenReg,Hopper-v4,4
41336,reward,2409,13.749851031282713,15.867,PPO-RegenReg,Hopper-v4,4
41355,reward,2410,15.25588633177421,16.355,PPO-RegenReg,Hopper-v4,4
41368,reward,2411,7.949431371648791,15.829,PPO-RegenReg,Hopper-v4,4
41381,reward,2412,10.799227921405059,15.883,PPO-RegenReg,Hopper-v4,4
41395,reward,2413,9.835348155635566,12.471,PPO-RegenReg,Hopper-v4,4
41411,reward,2414,12.365509805002812,12.843,PPO-RegenReg,Hopper-v4,4
41424,reward,2415,7.646186394606268,12.618,PPO-RegenReg,Hopper-v4,4
41447,reward,2416,19.368443835737736,13.293,PPO-RegenReg,Hopper-v4,4
41471,reward,2417,27.03261632104061,13.744,PPO-RegenReg,Hopper-v4,4
41490,reward,2418,10.625214210303499,13.463,PPO-RegenReg,Hopper-v4,4
41509,reward,2419,19.465750700296795,14.034,PPO-RegenReg,Hopper-v4,4
41526,reward,2420,11.337640646505568,13.643,PPO-RegenReg,Hopper-v4,4
41534,reward,2421,5.8281695697665565,13.43,PPO-RegenReg,Hopper-v4,4
41556,reward,2422,20.832912676115626,14.434,PPO-RegenReg,Hopper-v4,4
41571,reward,2423,13.111654308555028,14.761,PPO-RegenReg,Hopper-v4,4
41587,reward,2424,9.161727767066406,14.441,PPO-RegenReg,Hopper-v4,4
41611,reward,2425,19.313680827334036,15.608,PPO-RegenReg,Hopper-v4,4
41619,reward,2426,5.40214997711813,14.211,PPO-RegenReg,Hopper-v4,4
41635,reward,2427,13.632706920571312,12.871,PPO-RegenReg,Hopper-v4,4
41662,reward,2428,32.79434648222813,15.088,PPO-RegenReg,Hopper-v4,4
41673,reward,2429,6.191685071309816,13.761,PPO-RegenReg,Hopper-v4,4
41693,reward,2430,17.607991473553767,14.388,PPO-RegenReg,Hopper-v4,4
41704,reward,2431,6.40014752106134,14.445,PPO-RegenReg,Hopper-v4,4
41761,reward,2432,87.87598838274127,21.149,PPO-RegenReg,Hopper-v4,4
41795,reward,2433,33.09242342479657,23.147,PPO-RegenReg,Hopper-v4,4
41811,reward,2434,12.653781746294184,23.496,PPO-RegenReg,Hopper-v4,4
41828,reward,2435,12.194126645657263,22.785,PPO-RegenReg,Hopper-v4,4
41839,reward,2436,8.936274533879455,23.138,PPO-RegenReg,Hopper-v4,4
41855,reward,2437,13.14824485663902,23.09,PPO-RegenReg,Hopper-v4,4
41878,reward,2438,22.361775089053076,22.046,PPO-RegenReg,Hopper-v4,4
41890,reward,2439,9.611806939112077,22.388,PPO-RegenReg,Hopper-v4,4
41908,reward,2440,15.842878439906064,22.212,PPO-RegenReg,Hopper-v4,4
41921,reward,2441,8.590038948429495,22.431,PPO-RegenReg,Hopper-v4,4
41934,reward,2442,11.167029815361694,14.76,PPO-RegenReg,Hopper-v4,4
41947,reward,2443,7.73391757077607,12.224,PPO-RegenReg,Hopper-v4,4
41961,reward,2444,11.079472404535098,12.067,PPO-RegenReg,Hopper-v4,4
41971,reward,2445,7.21515555560312,11.569,PPO-RegenReg,Hopper-v4,4
41984,reward,2446,11.021467354736615,11.777,PPO-RegenReg,Hopper-v4,4
42012,reward,2447,25.6325727398688,13.026,PPO-RegenReg,Hopper-v4,4
42034,reward,2448,17.793514093492377,12.569,PPO-RegenReg,Hopper-v4,4
42053,reward,2449,12.99981633952608,12.908,PPO-RegenReg,Hopper-v4,4
42070,reward,2450,17.832141360063236,13.107,PPO-RegenReg,Hopper-v4,4
42094,reward,2451,25.654271312846877,14.813,PPO-RegenReg,Hopper-v4,4
42109,reward,2452,14.249800443543917,15.121,PPO-RegenReg,Hopper-v4,4
42127,reward,2453,16.240836595013423,15.972,PPO-RegenReg,Hopper-v4,4
42140,reward,2454,8.102211058898401,15.674,PPO-RegenReg,Hopper-v4,4
42153,reward,2455,11.218860269217847,16.075,PPO-RegenReg,Hopper-v4,4
42167,reward,2456,9.186485569103997,15.891,PPO-RegenReg,Hopper-v4,4
42177,reward,2457,7.73537033018443,14.101,PPO-RegenReg,Hopper-v4,4
42193,reward,2458,11.835224505122454,13.506,PPO-RegenReg,Hopper-v4,4
42210,reward,2459,14.602376508010469,13.666,PPO-RegenReg,Hopper-v4,4
42220,reward,2460,8.507804273819625,12.733,PPO-RegenReg,Hopper-v4,4
42235,reward,2461,13.336828906699306,11.502,PPO-RegenReg,Hopper-v4,4
42248,reward,2462,7.592925771856256,10.836,PPO-RegenReg,Hopper-v4,4
42260,reward,2463,8.17732645953605,10.03,PPO-RegenReg,Hopper-v4,4
42270,reward,2464,8.166963841392613,10.036,PPO-RegenReg,Hopper-v4,4
42292,reward,2465,20.887806666908983,11.003,PPO-RegenReg,Hopper-v4,4
42304,reward,2466,7.495467965730818,10.834,PPO-RegenReg,Hopper-v4,4
42321,reward,2467,11.578046715999674,11.218,PPO-RegenReg,Hopper-v4,4
42330,reward,2468,6.711626606978685,10.706,PPO-RegenReg,Hopper-v4,4
42347,reward,2469,14.152031108944193,10.661,PPO-RegenReg,Hopper-v4,4
42365,reward,2470,18.077250071774376,11.618,PPO-RegenReg,Hopper-v4,4
42374,reward,2471,5.961478711292471,10.88,PPO-RegenReg,Hopper-v4,4
42391,reward,2472,16.919053276433036,11.813,PPO-RegenReg,Hopper-v4,4
42400,reward,2473,6.922351589370004,11.687,PPO-RegenReg,Hopper-v4,4
42411,reward,2474,6.574480198322196,11.528,PPO-RegenReg,Hopper-v4,4
42422,reward,2475,5.021706100428894,9.941,PPO-RegenReg,Hopper-v4,4
42433,reward,2476,5.452745710221706,9.737,PPO-RegenReg,Hopper-v4,4
42450,reward,2477,14.021387822738403,9.981,PPO-RegenReg,Hopper-v4,4
42463,reward,2478,8.197297705622743,10.13,PPO-RegenReg,Hopper-v4,4
42475,reward,2479,8.849946068543979,9.6,PPO-RegenReg,Hopper-v4,4
42490,reward,2480,12.756428110020606,9.068,PPO-RegenReg,Hopper-v4,4
42511,reward,2481,19.46650315121121,10.418,PPO-RegenReg,Hopper-v4,4
42523,reward,2482,11.135183746554747,9.84,PPO-RegenReg,Hopper-v4,4
42548,reward,2483,23.54302114749626,11.502,PPO-RegenReg,Hopper-v4,4
42566,reward,2484,12.152441007283235,12.06,PPO-RegenReg,Hopper-v4,4
42578,reward,2485,9.612060742619505,12.519,PPO-RegenReg,Hopper-v4,4
42596,reward,2486,16.545716141530868,13.628,PPO-RegenReg,Hopper-v4,4
42611,reward,2487,9.390705122408033,13.165,PPO-RegenReg,Hopper-v4,4
42620,reward,2488,7.75896830696319,13.121,PPO-RegenReg,Hopper-v4,4
42669,reward,2489,63.13241744056035,18.549,PPO-RegenReg,Hopper-v4,4
42692,reward,2490,23.396637645130006,19.613,PPO-RegenReg,Hopper-v4,4
42703,reward,2491,6.363464528967536,18.303,PPO-RegenReg,Hopper-v4,4
42730,reward,2492,13.568877601517729,18.546,PPO-RegenReg,Hopper-v4,4
42751,reward,2493,20.033945598552158,18.196,PPO-RegenReg,Hopper-v4,4
42777,reward,2494,31.572958570077652,20.138,PPO-RegenReg,Hopper-v4,4
42791,reward,2495,8.908498110459508,20.067,PPO-RegenReg,Hopper-v4,4
42810,reward,2496,19.82901921478345,20.396,PPO-RegenReg,Hopper-v4,4
42819,reward,2497,6.870066371245507,20.143,PPO-RegenReg,Hopper-v4,4
42842,reward,2498,23.44031914322006,21.712,PPO-RegenReg,Hopper-v4,4
42870,reward,2499,31.4934348592504,18.548,PPO-RegenReg,Hopper-v4,4
42884,reward,2500,10.37174437107138,17.245,PPO-RegenReg,Hopper-v4,4
42896,reward,2501,8.480422477594281,17.457,PPO-RegenReg,Hopper-v4,4
42911,reward,2502,11.045527151256515,17.205,PPO-RegenReg,Hopper-v4,4
42934,reward,2503,18.075442093188062,17.009,PPO-RegenReg,Hopper-v4,4
42955,reward,2504,22.572951128421046,16.109,PPO-RegenReg,Hopper-v4,4
42971,reward,2505,12.567150932153307,16.475,PPO-RegenReg,Hopper-v4,4
42981,reward,2506,5.794774480003461,15.071,PPO-RegenReg,Hopper-v4,4
42994,reward,2507,10.005960254221236,15.385,PPO-RegenReg,Hopper-v4,4
43017,reward,2508,24.41038279322937,15.482,PPO-RegenReg,Hopper-v4,4
43036,reward,2509,18.6682757081409,14.199,PPO-RegenReg,Hopper-v4,4
43047,reward,2510,9.108772272389833,14.073,PPO-RegenReg,Hopper-v4,4
43058,reward,2511,8.374140947258295,14.062,PPO-RegenReg,Hopper-v4,4
43075,reward,2512,16.357362155461843,14.594,PPO-RegenReg,Hopper-v4,4
43096,reward,2513,19.18634116830445,14.705,PPO-RegenReg,Hopper-v4,4
43109,reward,2514,9.120397633209466,13.359,PPO-RegenReg,Hopper-v4,4
43132,reward,2515,24.226510729310352,14.525,PPO-RegenReg,Hopper-v4,4
43155,reward,2516,23.66201322766786,16.312,PPO-RegenReg,Hopper-v4,4
43174,reward,2517,16.384642602466645,16.95,PPO-RegenReg,Hopper-v4,4
43192,reward,2518,15.191463224721693,16.028,PPO-RegenReg,Hopper-v4,4
43201,reward,2519,7.282907722508877,14.889,PPO-RegenReg,Hopper-v4,4
43212,reward,2520,8.284113819471518,14.807,PPO-RegenReg,Hopper-v4,4
43224,reward,2521,8.977650568878321,14.867,PPO-RegenReg,Hopper-v4,4
43252,reward,2522,33.27557224888932,16.559,PPO-RegenReg,Hopper-v4,4
43276,reward,2523,24.428582284087717,17.083,PPO-RegenReg,Hopper-v4,4
43288,reward,2524,9.227272434247908,17.094,PPO-RegenReg,Hopper-v4,4
43300,reward,2525,10.266984043762479,15.698,PPO-RegenReg,Hopper-v4,4
43317,reward,2526,12.897403381651014,14.622,PPO-RegenReg,Hopper-v4,4
43326,reward,2527,7.163088516284157,13.7,PPO-RegenReg,Hopper-v4,4
43339,reward,2528,7.471195458399708,12.927,PPO-RegenReg,Hopper-v4,4
43349,reward,2529,7.076967721914265,12.907,PPO-RegenReg,Hopper-v4,4
43367,reward,2530,13.884110353888035,13.467,PPO-RegenReg,Hopper-v4,4
43381,reward,2531,10.000565194179247,13.569,PPO-RegenReg,Hopper-v4,4
43394,reward,2532,9.552193416729978,11.197,PPO-RegenReg,Hopper-v4,4
43415,reward,2533,16.00741253540386,10.355,PPO-RegenReg,Hopper-v4,4
43438,reward,2534,22.937645887994865,11.726,PPO-RegenReg,Hopper-v4,4
43449,reward,2535,5.864856195603982,11.286,PPO-RegenReg,Hopper-v4,4
43474,reward,2536,24.59063280002721,12.455,PPO-RegenReg,Hopper-v4,4
43488,reward,2537,13.138462466099769,13.052,PPO-RegenReg,Hopper-v4,4
43501,reward,2538,9.88547379070043,13.294,PPO-RegenReg,Hopper-v4,4
43514,reward,2539,8.894880397252365,13.476,PPO-RegenReg,Hopper-v4,4
43523,reward,2540,6.309685486184689,12.718,PPO-RegenReg,Hopper-v4,4
43548,reward,2541,19.834252135087187,13.702,PPO-RegenReg,Hopper-v4,4
43565,reward,2542,14.325777298438531,14.179,PPO-RegenReg,Hopper-v4,4
43574,reward,2543,7.460335260632585,13.324,PPO-RegenReg,Hopper-v4,4
43597,reward,2544,24.355582003203004,13.466,PPO-RegenReg,Hopper-v4,4
43612,reward,2545,9.710892649353301,13.851,PPO-RegenReg,Hopper-v4,4
43623,reward,2546,9.246339269852578,12.316,PPO-RegenReg,Hopper-v4,4
43634,reward,2547,7.915794475303439,11.794,PPO-RegenReg,Hopper-v4,4
43651,reward,2548,13.161677616406878,12.122,PPO-RegenReg,Hopper-v4,4
43668,reward,2549,12.087655931202034,12.441,PPO-RegenReg,Hopper-v4,4
43686,reward,2550,15.43149506341104,13.353,PPO-RegenReg,Hopper-v4,4
43721,reward,2551,47.59356115600142,16.129,PPO-RegenReg,Hopper-v4,4
43736,reward,2552,12.941094400497688,15.99,PPO-RegenReg,Hopper-v4,4
43750,reward,2553,13.690818294625354,16.613,PPO-RegenReg,Hopper-v4,4
43776,reward,2554,18.236903909469564,16.002,PPO-RegenReg,Hopper-v4,4
43792,reward,2555,13.424830327049895,16.373,PPO-RegenReg,Hopper-v4,4
43806,reward,2556,9.46327069420598,16.395,PPO-RegenReg,Hopper-v4,4
43820,reward,2557,11.30137574883383,16.733,PPO-RegenReg,Hopper-v4,4
43837,reward,2558,14.271238141173795,16.844,PPO-RegenReg,Hopper-v4,4
43865,reward,2559,26.87920626805475,18.323,PPO-RegenReg,Hopper-v4,4
43894,reward,2560,31.910702770192696,19.971,PPO-RegenReg,Hopper-v4,4
43914,reward,2561,19.460580844946257,17.158,PPO-RegenReg,Hopper-v4,4
43936,reward,2562,22.38163839473257,18.102,PPO-RegenReg,Hopper-v4,4
43951,reward,2563,10.748910507751024,17.808,PPO-RegenReg,Hopper-v4,4
43970,reward,2564,16.31285874409946,17.615,PPO-RegenReg,Hopper-v4,4
43992,reward,2565,16.565463108497738,17.93,PPO-RegenReg,Hopper-v4,4
44022,reward,2566,34.252257944733614,20.408,PPO-RegenReg,Hopper-v4,4
44034,reward,2567,10.865522975911588,20.365,PPO-RegenReg,Hopper-v4,4
44050,reward,2568,11.69323822168792,20.107,PPO-RegenReg,Hopper-v4,4
44062,reward,2569,9.309611385370559,18.35,PPO-RegenReg,Hopper-v4,4
44080,reward,2570,16.176996577664077,16.777,PPO-RegenReg,Hopper-v4,4
44102,reward,2571,23.346369902419145,17.165,PPO-RegenReg,Hopper-v4,4
44128,reward,2572,23.14602429541965,17.242,PPO-RegenReg,Hopper-v4,4
44150,reward,2573,18.7811739070724,18.045,PPO-RegenReg,Hopper-v4,4
44166,reward,2574,12.267965558335064,17.64,PPO-RegenReg,Hopper-v4,4
44183,reward,2575,14.272370906368042,17.411,PPO-RegenReg,Hopper-v4,4
44210,reward,2576,32.395987300146615,17.226,PPO-RegenReg,Hopper-v4,4
44224,reward,2577,10.742432728021749,17.213,PPO-RegenReg,Hopper-v4,4
44241,reward,2578,18.182423277455865,17.862,PPO-RegenReg,Hopper-v4,4
44253,reward,2579,10.837555051527104,18.015,PPO-RegenReg,Hopper-v4,4
44263,reward,2580,5.953206341617323,16.993,PPO-RegenReg,Hopper-v4,4
44286,reward,2581,26.714528014516006,17.329,PPO-RegenReg,Hopper-v4,4
44296,reward,2582,6.407390880144174,15.656,PPO-RegenReg,Hopper-v4,4
44314,reward,2583,18.0615604398687,15.584,PPO-RegenReg,Hopper-v4,4
44335,reward,2584,21.376821727957598,16.494,PPO-RegenReg,Hopper-v4,4
44364,reward,2585,23.452249406248466,17.412,PPO-RegenReg,Hopper-v4,4
44379,reward,2586,11.004293011703005,15.273,PPO-RegenReg,Hopper-v4,4
44391,reward,2587,9.068342202011822,15.106,PPO-RegenReg,Hopper-v4,4
44448,reward,2588,86.58717087827365,21.946,PPO-RegenReg,Hopper-v4,4
44457,reward,2589,5.483654203680857,21.411,PPO-RegenReg,Hopper-v4,4
44470,reward,2590,12.363173581641723,22.052,PPO-RegenReg,Hopper-v4,4
44488,reward,2591,18.32235574579314,21.213,PPO-RegenReg,Hopper-v4,4
44498,reward,2592,6.331453747486188,21.205,PPO-RegenReg,Hopper-v4,4
44515,reward,2593,9.238586213410091,20.323,PPO-RegenReg,Hopper-v4,4
44528,reward,2594,8.59486129793785,19.045,PPO-RegenReg,Hopper-v4,4
44541,reward,2595,10.791237712178738,17.779,PPO-RegenReg,Hopper-v4,4
44560,reward,2596,16.578214016838576,18.336,PPO-RegenReg,Hopper-v4,4
44584,reward,2597,24.237284730808383,19.853,PPO-RegenReg,Hopper-v4,4
44616,reward,2598,39.39966151224551,15.134,PPO-RegenReg,Hopper-v4,4
44627,reward,2599,6.926680423739247,15.278,PPO-RegenReg,Hopper-v4,4
44657,reward,2600,15.20871900644188,15.563,PPO-RegenReg,Hopper-v4,4
44678,reward,2601,19.85172181229587,15.716,PPO-RegenReg,Hopper-v4,4
44692,reward,2602,10.716396632278196,16.154,PPO-RegenReg,Hopper-v4,4
44718,reward,2603,27.544248584011132,17.985,PPO-RegenReg,Hopper-v4,4
44733,reward,2604,12.02514809260444,18.328,PPO-RegenReg,Hopper-v4,4
44749,reward,2605,12.293734961724764,18.478,PPO-RegenReg,Hopper-v4,4
44758,reward,2606,4.625148406747741,17.283,PPO-RegenReg,Hopper-v4,4
44780,reward,2607,23.32781129492993,17.192,PPO-RegenReg,Hopper-v4,4
44807,reward,2608,27.600892758109435,16.012,PPO-RegenReg,Hopper-v4,4
44816,reward,2609,6.732017187961418,15.993,PPO-RegenReg,Hopper-v4,4
44827,reward,2610,9.239466276220494,15.396,PPO-RegenReg,Hopper-v4,4
44848,reward,2611,19.304960043767476,15.341,PPO-RegenReg,Hopper-v4,4
44867,reward,2612,16.470690879174594,15.916,PPO-RegenReg,Hopper-v4,4
44880,reward,2613,7.493717521470155,13.911,PPO-RegenReg,Hopper-v4,4
44892,reward,2614,7.508178158371284,13.46,PPO-RegenReg,Hopper-v4,4
44906,reward,2615,7.704829462031979,13.001,PPO-RegenReg,Hopper-v4,4
44925,reward,2616,16.534187181780432,14.192,PPO-RegenReg,Hopper-v4,4
44941,reward,2617,13.619183656156936,13.221,PPO-RegenReg,Hopper-v4,4
44952,reward,2618,6.492556807452341,11.11,PPO-RegenReg,Hopper-v4,4
44964,reward,2619,7.1734491826947515,11.154,PPO-RegenReg,Hopper-v4,4
44978,reward,2620,9.712394597288766,11.201,PPO-RegenReg,Hopper-v4,4
44997,reward,2621,16.995923248601084,10.971,PPO-RegenReg,Hopper-v4,4
45018,reward,2622,15.822581945725648,10.906,PPO-RegenReg,Hopper-v4,4
45031,reward,2623,10.47812673634009,11.204,PPO-RegenReg,Hopper-v4,4
45049,reward,2624,14.973972860753474,11.951,PPO-RegenReg,Hopper-v4,4
45065,reward,2625,16.915176246264508,12.872,PPO-RegenReg,Hopper-v4,4
45084,reward,2626,17.874035497396537,13.006,PPO-RegenReg,Hopper-v4,4
45093,reward,2627,7.429727890176297,12.387,PPO-RegenReg,Hopper-v4,4
45106,reward,2628,7.801039300276996,12.518,PPO-RegenReg,Hopper-v4,4
45136,reward,2629,28.891433194645142,14.689,PPO-RegenReg,Hopper-v4,4
45149,reward,2630,10.714510736798173,14.79,PPO-RegenReg,Hopper-v4,4
45161,reward,2631,6.467019148684871,13.737,PPO-RegenReg,Hopper-v4,4
45177,reward,2632,13.308309003325641,13.485,PPO-RegenReg,Hopper-v4,4
45200,reward,2633,13.603269750330826,13.798,PPO-RegenReg,Hopper-v4,4
45211,reward,2634,7.518034330660247,13.052,PPO-RegenReg,Hopper-v4,4
45231,reward,2635,20.142101192759526,13.375,PPO-RegenReg,Hopper-v4,4
45253,reward,2636,25.441301542783286,14.132,PPO-RegenReg,Hopper-v4,4
45273,reward,2637,15.942757738436045,14.983,PPO-RegenReg,Hopper-v4,4
45295,reward,2638,15.342462988402131,15.737,PPO-RegenReg,Hopper-v4,4
45308,reward,2639,8.570335013702909,13.705,PPO-RegenReg,Hopper-v4,4
45329,reward,2640,13.145069138420606,13.948,PPO-RegenReg,Hopper-v4,4
45350,reward,2641,17.62554853053187,15.064,PPO-RegenReg,Hopper-v4,4
45365,reward,2642,9.898611799737399,14.723,PPO-RegenReg,Hopper-v4,4
45391,reward,2643,18.060478496261318,15.169,PPO-RegenReg,Hopper-v4,4
45417,reward,2644,30.51582017651714,17.468,PPO-RegenReg,Hopper-v4,4
45437,reward,2645,21.94506805805643,17.649,PPO-RegenReg,Hopper-v4,4
45447,reward,2646,8.123365022004363,15.917,PPO-RegenReg,Hopper-v4,4
45460,reward,2647,10.808901806156051,15.404,PPO-RegenReg,Hopper-v4,4
45477,reward,2648,16.430248069799013,15.512,PPO-RegenReg,Hopper-v4,4
45499,reward,2649,14.312266561545387,16.087,PPO-RegenReg,Hopper-v4,4
45524,reward,2650,13.118317118788214,16.084,PPO-RegenReg,Hopper-v4,4
45540,reward,2651,10.871309881807697,15.408,PPO-RegenReg,Hopper-v4,4
45558,reward,2652,13.004078621233864,15.719,PPO-RegenReg,Hopper-v4,4
45573,reward,2653,12.215184973650768,15.134,PPO-RegenReg,Hopper-v4,4
45594,reward,2654,22.25811252276338,14.309,PPO-RegenReg,Hopper-v4,4
45609,reward,2655,11.36420241670091,13.251,PPO-RegenReg,Hopper-v4,4
45621,reward,2656,10.55823438304039,13.494,PPO-RegenReg,Hopper-v4,4
45633,reward,2657,9.523484263031879,13.366,PPO-RegenReg,Hopper-v4,4
45651,reward,2658,15.071554611464695,13.23,PPO-RegenReg,Hopper-v4,4
45659,reward,2659,6.103116576081763,12.409,PPO-RegenReg,Hopper-v4,4
45687,reward,2660,32.25179823527091,14.322,PPO-RegenReg,Hopper-v4,4
45704,reward,2661,14.137574806261826,14.649,PPO-RegenReg,Hopper-v4,4
45717,reward,2662,6.651333301323268,14.013,PPO-RegenReg,Hopper-v4,4
45746,reward,2663,35.17769645991531,16.31,PPO-RegenReg,Hopper-v4,4
45759,reward,2664,7.966424209026447,14.881,PPO-RegenReg,Hopper-v4,4
45781,reward,2665,22.090560359800126,15.953,PPO-RegenReg,Hopper-v4,4
45802,reward,2666,21.21232835719624,17.019,PPO-RegenReg,Hopper-v4,4
45823,reward,2667,17.161160689507117,17.782,PPO-RegenReg,Hopper-v4,4
45841,reward,2668,17.479880506667584,18.023,PPO-RegenReg,Hopper-v4,4
45876,reward,2669,43.93842192688865,21.807,PPO-RegenReg,Hopper-v4,4
45888,reward,2670,9.703657034914663,19.552,PPO-RegenReg,Hopper-v4,4
45913,reward,2671,17.68619996976957,19.907,PPO-RegenReg,Hopper-v4,4
45923,reward,2672,5.100986633978995,19.752,PPO-RegenReg,Hopper-v4,4
45939,reward,2673,11.168951042715587,17.351,PPO-RegenReg,Hopper-v4,4
45951,reward,2674,7.1962954817957,17.274,PPO-RegenReg,Hopper-v4,4
45967,reward,2675,13.218101443478316,16.387,PPO-RegenReg,Hopper-v4,4
45984,reward,2676,14.314302781462807,15.697,PPO-RegenReg,Hopper-v4,4
46006,reward,2677,17.50999185272739,15.732,PPO-RegenReg,Hopper-v4,4
46014,reward,2678,6.631476428375008,14.647,PPO-RegenReg,Hopper-v4,4
46036,reward,2679,11.877442230000462,11.441,PPO-RegenReg,Hopper-v4,4
46061,reward,2680,28.959616450069053,13.366,PPO-RegenReg,Hopper-v4,4
46089,reward,2681,31.5562720812614,14.753,PPO-RegenReg,Hopper-v4,4
46107,reward,2682,15.635786585294642,15.807,PPO-RegenReg,Hopper-v4,4
46120,reward,2683,6.826263743131198,15.373,PPO-RegenReg,Hopper-v4,4
46129,reward,2684,4.772345943085215,15.13,PPO-RegenReg,Hopper-v4,4
46148,reward,2685,18.6989587722709,15.678,PPO-RegenReg,Hopper-v4,4
46157,reward,2686,6.836239974723118,14.93,PPO-RegenReg,Hopper-v4,4
46178,reward,2687,14.5260496429573,14.632,PPO-RegenReg,Hopper-v4,4
46196,reward,2688,12.076286420218041,15.177,PPO-RegenReg,Hopper-v4,4
46220,reward,2689,17.185798277173426,15.707,PPO-RegenReg,Hopper-v4,4
46233,reward,2690,11.769004815492123,13.988,PPO-RegenReg,Hopper-v4,4
46253,reward,2691,19.051827761790303,12.738,PPO-RegenReg,Hopper-v4,4
46271,reward,2692,18.023358153072568,12.977,PPO-RegenReg,Hopper-v4,4
46282,reward,2693,5.951407834605302,12.889,PPO-RegenReg,Hopper-v4,4
46292,reward,2694,7.0305321452761,13.115,PPO-RegenReg,Hopper-v4,4
46316,reward,2695,29.618922627095237,14.207,PPO-RegenReg,Hopper-v4,4
46338,reward,2696,23.613065553148804,15.885,PPO-RegenReg,Hopper-v4,4
46357,reward,2697,12.433291226127258,15.675,PPO-RegenReg,Hopper-v4,4
46371,reward,2698,10.927364122984628,15.56,PPO-RegenReg,Hopper-v4,4
46390,reward,2699,20.03654339025493,15.846,PPO-RegenReg,Hopper-v4,4
46400,reward,2700,8.569979044348342,15.526,PPO-RegenReg,Hopper-v4,4
46420,reward,2701,17.0584367959153,15.326,PPO-RegenReg,Hopper-v4,4
46429,reward,2702,4.277751203831806,13.952,PPO-RegenReg,Hopper-v4,4
46442,reward,2703,8.687522487679116,14.225,PPO-RegenReg,Hopper-v4,4
46452,reward,2704,8.173188218747955,14.34,PPO-RegenReg,Hopper-v4,4
46466,reward,2705,10.145809237648402,12.392,PPO-RegenReg,Hopper-v4,4
46475,reward,2706,6.1595799731749175,10.647,PPO-RegenReg,Hopper-v4,4
46488,reward,2707,11.176406874072029,10.521,PPO-RegenReg,Hopper-v4,4
46502,reward,2708,8.94993253281958,10.324,PPO-RegenReg,Hopper-v4,4
46516,reward,2709,13.145956865286935,9.634,PPO-RegenReg,Hopper-v4,4
46561,reward,2710,62.50185012227856,15.028,PPO-RegenReg,Hopper-v4,4
46578,reward,2711,11.976216846269176,14.519,PPO-RegenReg,Hopper-v4,4
46608,reward,2712,36.14663619250435,17.706,PPO-RegenReg,Hopper-v4,4
46643,reward,2713,42.63454326547818,21.101,PPO-RegenReg,Hopper-v4,4
46659,reward,2714,11.768603797438322,21.461,PPO-RegenReg,Hopper-v4,4
46682,reward,2715,26.615233998206573,23.107,PPO-RegenReg,Hopper-v4,4
46710,reward,2716,33.04419944890167,25.796,PPO-RegenReg,Hopper-v4,4
46721,reward,2717,7.059898542735124,25.384,PPO-RegenReg,Hopper-v4,4
46734,reward,2718,11.158550333351027,25.605,PPO-RegenReg,Hopper-v4,4
46752,reward,2719,16.151053539418463,25.906,PPO-RegenReg,Hopper-v4,4
46768,reward,2720,12.751620489627678,20.931,PPO-RegenReg,Hopper-v4,4
46786,reward,2721,19.253784015230593,21.658,PPO-RegenReg,Hopper-v4,4
46805,reward,2722,17.978071787619257,19.842,PPO-RegenReg,Hopper-v4,4
46829,reward,2723,18.19266432350819,17.397,PPO-RegenReg,Hopper-v4,4
46842,reward,2724,11.90281421695758,17.411,PPO-RegenReg,Hopper-v4,4
46874,reward,2725,35.44845776406567,18.294,PPO-RegenReg,Hopper-v4,4
46897,reward,2726,21.73994614401348,17.164,PPO-RegenReg,Hopper-v4,4
46912,reward,2727,12.782847272898604,17.736,PPO-RegenReg,Hopper-v4,4
46925,reward,2728,11.11063605779549,17.731,PPO-RegenReg,Hopper-v4,4
46938,reward,2729,9.914316358692135,17.108,PPO-RegenReg,Hopper-v4,4
46959,reward,2730,19.134053364382385,17.746,PPO-RegenReg,Hopper-v4,4
46972,reward,2731,8.880314031421552,16.708,PPO-RegenReg,Hopper-v4,4
46983,reward,2732,6.566957764886078,15.567,PPO-RegenReg,Hopper-v4,4
47011,reward,2733,33.834406648587134,17.131,PPO-RegenReg,Hopper-v4,4
47030,reward,2734,14.382774500865736,17.379,PPO-RegenReg,Hopper-v4,4
47050,reward,2735,18.601509610743097,15.695,PPO-RegenReg,Hopper-v4,4
47065,reward,2736,8.18973679823443,14.34,PPO-RegenReg,Hopper-v4,4
47090,reward,2737,26.064473114075092,15.668,PPO-RegenReg,Hopper-v4,4
47102,reward,2738,7.918787492135621,15.349,PPO-RegenReg,Hopper-v4,4
47135,reward,2739,40.98715291104834,18.456,PPO-RegenReg,Hopper-v4,4
47149,reward,2740,12.921824615472483,17.835,PPO-RegenReg,Hopper-v4,4
47187,reward,2741,26.235682027500495,19.57,PPO-RegenReg,Hopper-v4,4
47202,reward,2742,14.362954157703417,20.35,PPO-RegenReg,Hopper-v4,4
47213,reward,2743,9.114073202971273,17.878,PPO-RegenReg,Hopper-v4,4
47225,reward,2744,10.416235921622615,17.481,PPO-RegenReg,Hopper-v4,4
47266,reward,2745,43.283988499358564,19.949,PPO-RegenReg,Hopper-v4,4
47291,reward,2746,25.82601014628781,21.713,PPO-RegenReg,Hopper-v4,4
47305,reward,2747,9.343830547231349,20.041,PPO-RegenReg,Hopper-v4,4
47321,reward,2748,13.755137623701371,20.625,PPO-RegenReg,Hopper-v4,4
47341,reward,2749,15.835068741994416,18.109,PPO-RegenReg,Hopper-v4,4
47353,reward,2750,6.327949951256151,17.45,PPO-RegenReg,Hopper-v4,4
47370,reward,2751,13.78757880569206,16.205,PPO-RegenReg,Hopper-v4,4
47386,reward,2752,14.187153127521862,16.188,PPO-RegenReg,Hopper-v4,4
47419,reward,2753,37.76533721747562,19.053,PPO-RegenReg,Hopper-v4,4
47434,reward,2754,11.258587032388055,19.137,PPO-RegenReg,Hopper-v4,4
47445,reward,2755,6.608441492198099,15.47,PPO-RegenReg,Hopper-v4,4
47459,reward,2756,7.044272337284928,13.591,PPO-RegenReg,Hopper-v4,4
47478,reward,2757,21.00232999542094,14.757,PPO-RegenReg,Hopper-v4,4
47494,reward,2758,12.191868522036849,14.601,PPO-RegenReg,Hopper-v4,4
47515,reward,2759,20.31759704372492,15.049,PPO-RegenReg,Hopper-v4,4
47531,reward,2760,12.433502573751767,15.66,PPO-RegenReg,Hopper-v4,4
47585,reward,2761,83.99140888901199,22.68,PPO-RegenReg,Hopper-v4,4
47611,reward,2762,27.37123199426033,23.998,PPO-RegenReg,Hopper-v4,4
47618,reward,2763,3.9924730941051974,20.621,PPO-RegenReg,Hopper-v4,4
47637,reward,2764,12.357092923130853,20.731,PPO-RegenReg,Hopper-v4,4
47652,reward,2765,9.913998189406183,21.062,PPO-RegenReg,Hopper-v4,4
47676,reward,2766,13.930289931993128,21.75,PPO-RegenReg,Hopper-v4,4
47703,reward,2767,17.455183836404885,21.395,PPO-RegenReg,Hopper-v4,4
47737,reward,2768,29.85485355204108,23.162,PPO-RegenReg,Hopper-v4,4
47751,reward,2769,9.80046322068783,22.11,PPO-RegenReg,Hopper-v4,4
47787,reward,2770,47.39325141012507,25.606,PPO-RegenReg,Hopper-v4,4
47799,reward,2771,5.784265083207831,17.785,PPO-RegenReg,Hopper-v4,4
47814,reward,2772,12.121972214053997,16.26,PPO-RegenReg,Hopper-v4,4
47835,reward,2773,23.51725482705519,18.213,PPO-RegenReg,Hopper-v4,4
47850,reward,2774,10.395212661473465,18.017,PPO-RegenReg,Hopper-v4,4
47903,reward,2775,78.90480628120585,24.916,PPO-RegenReg,Hopper-v4,4
47917,reward,2776,11.656668125172201,24.688,PPO-RegenReg,Hopper-v4,4
47938,reward,2777,16.139606027006497,24.557,PPO-RegenReg,Hopper-v4,4
47962,reward,2778,27.291583383115963,24.301,PPO-RegenReg,Hopper-v4,4
47975,reward,2779,7.795586641006722,24.1,PPO-RegenReg,Hopper-v4,4
47996,reward,2780,13.757458297667286,20.736,PPO-RegenReg,Hopper-v4,4
48013,reward,2781,15.30602923626995,21.689,PPO-RegenReg,Hopper-v4,4
48028,reward,2782,11.075882822636613,21.584,PPO-RegenReg,Hopper-v4,4
48043,reward,2783,11.977767051609774,20.43,PPO-RegenReg,Hopper-v4,4
48060,reward,2784,12.355327224748695,20.626,PPO-RegenReg,Hopper-v4,4
48084,reward,2785,25.86822330562732,15.322,PPO-RegenReg,Hopper-v4,4
48106,reward,2786,21.27593486121359,16.284,PPO-RegenReg,Hopper-v4,4
48127,reward,2787,21.986117580559664,16.869,PPO-RegenReg,Hopper-v4,4
48135,reward,2788,6.033575253814804,14.743,PPO-RegenReg,Hopper-v4,4
48155,reward,2789,18.581806270138355,15.822,PPO-RegenReg,Hopper-v4,4
48173,reward,2790,17.7173691995288,16.218,PPO-RegenReg,Hopper-v4,4
48182,reward,2791,7.409493638007801,15.428,PPO-RegenReg,Hopper-v4,4
48206,reward,2792,24.289379655355805,16.749,PPO-RegenReg,Hopper-v4,4
48263,reward,2793,39.65118963518216,19.517,PPO-RegenReg,Hopper-v4,4
48281,reward,2794,16.615235059268965,19.943,PPO-RegenReg,Hopper-v4,4
48294,reward,2795,8.751289981121376,18.231,PPO-RegenReg,Hopper-v4,4
48312,reward,2796,15.4343513564929,17.647,PPO-RegenReg,Hopper-v4,4
48327,reward,2797,11.152888550935558,16.564,PPO-RegenReg,Hopper-v4,4
48346,reward,2798,18.512921804319607,17.812,PPO-RegenReg,Hopper-v4,4
48361,reward,2799,11.791330430304217,17.133,PPO-RegenReg,Hopper-v4,4
48390,reward,2800,24.305564434350377,17.791,PPO-RegenReg,Hopper-v4,4
48403,reward,2801,9.763477930771753,18.027,PPO-RegenReg,Hopper-v4,4
48417,reward,2802,8.739146117463754,16.472,PPO-RegenReg,Hopper-v4,4
48430,reward,2803,8.995092494684686,13.406,PPO-RegenReg,Hopper-v4,4
48456,reward,2804,30.384232536681782,14.783,PPO-RegenReg,Hopper-v4,4
48489,reward,2805,39.17088484251332,17.825,PPO-RegenReg,Hopper-v4,4
48507,reward,2806,15.684253199338714,17.85,PPO-RegenReg,Hopper-v4,4
48521,reward,2807,9.648964075354098,17.7,PPO-RegenReg,Hopper-v4,4
48532,reward,2808,6.000292704774502,16.448,PPO-RegenReg,Hopper-v4,4
48543,reward,2809,6.488034368138432,15.918,PPO-RegenReg,Hopper-v4,4
48570,reward,2810,32.2447512334095,16.712,PPO-RegenReg,Hopper-v4,4
48580,reward,2811,5.946893949948437,16.33,PPO-RegenReg,Hopper-v4,4
48607,reward,2812,29.024880221806356,18.359,PPO-RegenReg,Hopper-v4,4
48622,reward,2813,9.211228717140521,18.38,PPO-RegenReg,Hopper-v4,4
48633,reward,2814,9.30132017205039,16.272,PPO-RegenReg,Hopper-v4,4
48660,reward,2815,29.914845402000765,15.347,PPO-RegenReg,Hopper-v4,4
48682,reward,2816,21.516953191070904,15.93,PPO-RegenReg,Hopper-v4,4
48705,reward,2817,24.508291265831065,17.416,PPO-RegenReg,Hopper-v4,4
48716,reward,2818,6.399867472201326,17.456,PPO-RegenReg,Hopper-v4,4
48734,reward,2819,16.086770637191684,18.416,PPO-RegenReg,Hopper-v4,4
48757,reward,2820,26.565865799337438,17.848,PPO-RegenReg,Hopper-v4,4
48770,reward,2821,8.146138011339612,18.068,PPO-RegenReg,Hopper-v4,4
48786,reward,2822,11.964824041669868,16.362,PPO-RegenReg,Hopper-v4,4
48797,reward,2823,8.010590403568997,16.242,PPO-RegenReg,Hopper-v4,4
48810,reward,2824,10.624203977085694,16.374,PPO-RegenReg,Hopper-v4,4
48825,reward,2825,15.125152367115975,14.895,PPO-RegenReg,Hopper-v4,4
48841,reward,2826,15.550583464348271,14.298,PPO-RegenReg,Hopper-v4,4
48856,reward,2827,13.7782825775232,13.225,PPO-RegenReg,Hopper-v4,4
48877,reward,2828,16.52186415088395,14.237,PPO-RegenReg,Hopper-v4,4
48894,reward,2829,13.532230286351181,13.982,PPO-RegenReg,Hopper-v4,4
48911,reward,2830,10.44246368543413,12.37,PPO-RegenReg,Hopper-v4,4
48926,reward,2831,12.022274444213533,12.757,PPO-RegenReg,Hopper-v4,4
48939,reward,2832,8.362026050572975,12.397,PPO-RegenReg,Hopper-v4,4
48950,reward,2833,8.126072785441094,12.409,PPO-RegenReg,Hopper-v4,4
48969,reward,2834,16.62282265081068,13.008,PPO-RegenReg,Hopper-v4,4
48978,reward,2835,6.474007067750408,12.143,PPO-RegenReg,Hopper-v4,4
48996,reward,2836,10.557574851643519,11.644,PPO-RegenReg,Hopper-v4,4
49018,reward,2837,16.932045974570386,11.959,PPO-RegenReg,Hopper-v4,4
49032,reward,2838,6.0709452659153404,10.914,PPO-RegenReg,Hopper-v4,4
49069,reward,2839,43.949826278811614,13.956,PPO-RegenReg,Hopper-v4,4
49080,reward,2840,7.174013997612048,13.629,PPO-RegenReg,Hopper-v4,4
49096,reward,2841,13.854339272196768,13.812,PPO-RegenReg,Hopper-v4,4
49110,reward,2842,12.500805867383669,14.226,PPO-RegenReg,Hopper-v4,4
49128,reward,2843,17.153889273492222,15.129,PPO-RegenReg,Hopper-v4,4
49140,reward,2844,10.659097626821216,14.533,PPO-RegenReg,Hopper-v4,4
49167,reward,2845,17.70343585659005,15.656,PPO-RegenReg,Hopper-v4,4
49179,reward,2846,7.469424730290212,15.347,PPO-RegenReg,Hopper-v4,4
49197,reward,2847,16.08966229273091,15.263,PPO-RegenReg,Hopper-v4,4
49213,reward,2848,17.246944971599646,16.38,PPO-RegenReg,Hopper-v4,4
49251,reward,2849,56.99385666717161,17.685,PPO-RegenReg,Hopper-v4,4
49264,reward,2850,9.128897537605074,17.88,PPO-RegenReg,Hopper-v4,4
49276,reward,2851,9.528368434759086,17.447,PPO-RegenReg,Hopper-v4,4
49294,reward,2852,12.934355256844604,17.491,PPO-RegenReg,Hopper-v4,4
49309,reward,2853,10.290987084478289,16.805,PPO-RegenReg,Hopper-v4,4
49323,reward,2854,9.440190898153363,16.683,PPO-RegenReg,Hopper-v4,4
49342,reward,2855,16.5645302192045,16.569,PPO-RegenReg,Hopper-v4,4
49355,reward,2856,8.77114059255425,16.699,PPO-RegenReg,Hopper-v4,4
49368,reward,2857,7.832585296887331,15.873,PPO-RegenReg,Hopper-v4,4
49388,reward,2858,17.786394703372828,15.927,PPO-RegenReg,Hopper-v4,4
49410,reward,2859,23.141879724137116,12.542,PPO-RegenReg,Hopper-v4,4
49447,reward,2860,28.248305772620302,14.454,PPO-RegenReg,Hopper-v4,4
49460,reward,2861,9.296464743014297,14.431,PPO-RegenReg,Hopper-v4,4
49488,reward,2862,30.657406628313716,16.203,PPO-RegenReg,Hopper-v4,4
49552,reward,2863,125.69369913889554,27.743,PPO-RegenReg,Hopper-v4,4
49573,reward,2864,14.137389947027293,28.213,PPO-RegenReg,Hopper-v4,4
49596,reward,2865,17.370323305627505,28.294,PPO-RegenReg,Hopper-v4,4
49628,reward,2866,39.803704026736064,31.397,PPO-RegenReg,Hopper-v4,4
49642,reward,2867,9.879894308638674,31.602,PPO-RegenReg,Hopper-v4,4
49669,reward,2868,33.2055055366596,33.143,PPO-RegenReg,Hopper-v4,4
49693,reward,2869,26.506635677346395,33.48,PPO-RegenReg,Hopper-v4,4
49718,reward,2870,21.63085462507455,32.818,PPO-RegenReg,Hopper-v4,4
49739,reward,2871,19.732636674471,33.862,PPO-RegenReg,Hopper-v4,4
49752,reward,2872,7.781322851773709,31.574,PPO-RegenReg,Hopper-v4,4
49769,reward,2873,12.101234789248476,20.215,PPO-RegenReg,Hopper-v4,4
49779,reward,2874,5.677983364232219,19.369,PPO-RegenReg,Hopper-v4,4
49797,reward,2875,16.446260478737734,19.277,PPO-RegenReg,Hopper-v4,4
49814,reward,2876,14.955895400188876,16.792,PPO-RegenReg,Hopper-v4,4
49843,reward,2877,12.368665634196148,17.041,PPO-RegenReg,Hopper-v4,4
49858,reward,2878,12.215369451391973,14.942,PPO-RegenReg,Hopper-v4,4
49879,reward,2879,19.582838719276005,14.249,PPO-RegenReg,Hopper-v4,4
49901,reward,2880,20.723881515069166,14.159,PPO-RegenReg,Hopper-v4,4
49931,reward,2881,29.643197955281874,15.15,PPO-RegenReg,Hopper-v4,4
49948,reward,2882,13.180815203261796,15.69,PPO-RegenReg,Hopper-v4,4
49986,reward,2883,40.45836337535895,18.525,PPO-RegenReg,Hopper-v4,4
50023,reward,2884,55.01510352817729,23.459,PPO-RegenReg,Hopper-v4,4
50066,reward,2885,46.72117504770782,26.487,PPO-RegenReg,Hopper-v4,4
50084,reward,2886,14.246402707128981,26.416,PPO-RegenReg,Hopper-v4,4
50101,reward,2887,14.924615509603296,26.671,PPO-RegenReg,Hopper-v4,4
50121,reward,2888,17.931968454953683,27.243,PPO-RegenReg,Hopper-v4,4
50135,reward,2889,9.615233151057444,26.246,PPO-RegenReg,Hopper-v4,4
50152,reward,2890,14.090705425055722,25.583,PPO-RegenReg,Hopper-v4,4
50174,reward,2891,24.43596296679446,25.062,PPO-RegenReg,Hopper-v4,4
50201,reward,2892,26.22218784936111,26.366,PPO-RegenReg,Hopper-v4,4
50221,reward,2893,12.093424569325908,23.53,PPO-RegenReg,Hopper-v4,4
50240,reward,2894,18.66722673081463,19.895,PPO-RegenReg,Hopper-v4,4
50253,reward,2895,9.599995095508753,16.183,PPO-RegenReg,Hopper-v4,4
50263,reward,2896,8.12388503523374,15.571,PPO-RegenReg,Hopper-v4,4
50276,reward,2897,7.04364247878376,14.782,PPO-RegenReg,Hopper-v4,4
50287,reward,2898,5.931116425061784,13.582,PPO-RegenReg,Hopper-v4,4
50301,reward,2899,10.80267673336052,13.701,PPO-RegenReg,Hopper-v4,4
50323,reward,2900,21.936125973215315,14.486,PPO-RegenReg,Hopper-v4,4
50353,reward,2901,30.468295287224915,15.089,PPO-RegenReg,Hopper-v4,4
50372,reward,2902,16.463659452677394,14.113,PPO-RegenReg,Hopper-v4,4
50396,reward,2903,19.92557843081175,14.896,PPO-RegenReg,Hopper-v4,4
50418,reward,2904,24.664398041497304,15.496,PPO-RegenReg,Hopper-v4,4
50432,reward,2905,12.171302426229754,15.753,PPO-RegenReg,Hopper-v4,4
50465,reward,2906,45.2650908264315,19.467,PPO-RegenReg,Hopper-v4,4
50484,reward,2907,16.860563662489,20.449,PPO-RegenReg,Hopper-v4,4
50499,reward,2908,8.641674363665683,20.72,PPO-RegenReg,Hopper-v4,4
50523,reward,2909,29.631247603604237,22.603,PPO-RegenReg,Hopper-v4,4
50557,reward,2910,38.28161185410685,24.237,PPO-RegenReg,Hopper-v4,4
50571,reward,2911,9.657021101109175,22.156,PPO-RegenReg,Hopper-v4,4
50647,reward,2912,125.00705245184035,33.011,PPO-RegenReg,Hopper-v4,4
50664,reward,2913,12.742278514592108,32.292,PPO-RegenReg,Hopper-v4,4
50678,reward,2914,6.994054097276404,30.525,PPO-RegenReg,Hopper-v4,4
50700,reward,2915,16.472565702222767,30.955,PPO-RegenReg,Hopper-v4,4
50718,reward,2916,13.325980980918093,27.761,PPO-RegenReg,Hopper-v4,4
50738,reward,2917,10.56596241645249,27.132,PPO-RegenReg,Hopper-v4,4
50764,reward,2918,25.907445592374955,28.859,PPO-RegenReg,Hopper-v4,4
50776,reward,2919,7.273785673066458,26.623,PPO-RegenReg,Hopper-v4,4
50795,reward,2920,14.464089547788609,24.241,PPO-RegenReg,Hopper-v4,4
50827,reward,2921,36.395568287783156,26.915,PPO-RegenReg,Hopper-v4,4
50842,reward,2922,10.968986223290084,15.511,PPO-RegenReg,Hopper-v4,4
50856,reward,2923,10.064765214092958,15.243,PPO-RegenReg,Hopper-v4,4
50875,reward,2924,21.654149048697974,16.709,PPO-RegenReg,Hopper-v4,4
50891,reward,2925,14.585957757151744,16.521,PPO-RegenReg,Hopper-v4,4
50912,reward,2926,16.7927144010691,16.867,PPO-RegenReg,Hopper-v4,4
50931,reward,2927,12.004277999945709,17.011,PPO-RegenReg,Hopper-v4,4
50951,reward,2928,17.995225376043944,16.22,PPO-RegenReg,Hopper-v4,4
50969,reward,2929,10.959514058337959,16.589,PPO-RegenReg,Hopper-v4,4
50977,reward,2930,5.895445980926558,15.732,PPO-RegenReg,Hopper-v4,4
50990,reward,2931,8.388096979280224,12.931,PPO-RegenReg,Hopper-v4,4
51003,reward,2932,9.048754498682904,12.739,PPO-RegenReg,Hopper-v4,4
51028,reward,2933,28.899428795628218,14.622,PPO-RegenReg,Hopper-v4,4
51043,reward,2934,11.18333258820947,13.575,PPO-RegenReg,Hopper-v4,4
51064,reward,2935,17.101386653781184,13.827,PPO-RegenReg,Hopper-v4,4
51079,reward,2936,9.908655030933634,13.138,PPO-RegenReg,Hopper-v4,4
51109,reward,2937,23.47112129422151,14.285,PPO-RegenReg,Hopper-v4,4
51120,reward,2938,9.730641143179728,13.459,PPO-RegenReg,Hopper-v4,4
51134,reward,2939,12.906291697629399,13.653,PPO-RegenReg,Hopper-v4,4
51153,reward,2940,19.351810278017147,14.999,PPO-RegenReg,Hopper-v4,4
51168,reward,2941,10.472692419403572,15.207,PPO-RegenReg,Hopper-v4,4
51184,reward,2942,9.034555878799468,15.206,PPO-RegenReg,Hopper-v4,4
51199,reward,2943,11.394186166982676,13.455,PPO-RegenReg,Hopper-v4,4
51211,reward,2944,7.532362077195268,13.09,PPO-RegenReg,Hopper-v4,4
51267,reward,2945,85.23528962002096,19.904,PPO-RegenReg,Hopper-v4,4
51286,reward,2946,14.432278321709218,20.356,PPO-RegenReg,Hopper-v4,4
51301,reward,2947,10.735215055628016,19.083,PPO-RegenReg,Hopper-v4,4
51327,reward,2948,29.35344589523402,21.045,PPO-RegenReg,Hopper-v4,4
51341,reward,2949,9.768613768890205,20.731,PPO-RegenReg,Hopper-v4,4
51366,reward,2950,19.706910302526822,20.767,PPO-RegenReg,Hopper-v4,4
51383,reward,2951,14.087355821587078,21.128,PPO-RegenReg,Hopper-v4,4
51400,reward,2952,12.654763317654776,21.49,PPO-RegenReg,Hopper-v4,4
51413,reward,2953,7.5940399685628615,21.11,PPO-RegenReg,Hopper-v4,4
51426,reward,2954,7.90774018715505,21.148,PPO-RegenReg,Hopper-v4,4
51438,reward,2955,9.962123896723948,13.62,PPO-RegenReg,Hopper-v4,4
51467,reward,2956,31.62975985534849,15.34,PPO-RegenReg,Hopper-v4,4
51492,reward,2957,18.518475793727077,16.118,PPO-RegenReg,Hopper-v4,4
51521,reward,2958,32.97596283040412,16.481,PPO-RegenReg,Hopper-v4,4
51537,reward,2959,11.837272915902064,16.687,PPO-RegenReg,Hopper-v4,4
51558,reward,2960,22.308771293452438,16.948,PPO-RegenReg,Hopper-v4,4
51580,reward,2961,20.255749909901247,17.564,PPO-RegenReg,Hopper-v4,4
51601,reward,2962,20.252392645356355,18.324,PPO-RegenReg,Hopper-v4,4
51635,reward,2963,36.80346523015386,21.245,PPO-RegenReg,Hopper-v4,4
51659,reward,2964,23.88717714447029,22.843,PPO-RegenReg,Hopper-v4,4
51672,reward,2965,8.132836520044998,22.66,PPO-RegenReg,Hopper-v4,4
51679,reward,2966,4.612286051800039,19.958,PPO-RegenReg,Hopper-v4,4
51738,reward,2967,107.82069386242901,28.889,PPO-RegenReg,Hopper-v4,4
51753,reward,2968,13.918068445867181,26.983,PPO-RegenReg,Hopper-v4,4
51776,reward,2969,20.68016853158158,27.867,PPO-RegenReg,Hopper-v4,4
51801,reward,2970,19.6488760838511,27.601,PPO-RegenReg,Hopper-v4,4
51816,reward,2971,12.411563512313116,26.817,PPO-RegenReg,Hopper-v4,4
51826,reward,2972,8.117276880720809,25.603,PPO-RegenReg,Hopper-v4,4
51847,reward,2973,14.457371638760184,23.369,PPO-RegenReg,Hopper-v4,4
51861,reward,2974,13.056960609967142,22.286,PPO-RegenReg,Hopper-v4,4
51871,reward,2975,8.263266601817845,22.299,PPO-RegenReg,Hopper-v4,4
51891,reward,2976,15.411205256068891,23.379,PPO-RegenReg,Hopper-v4,4
51919,reward,2977,31.354812716035926,15.732,PPO-RegenReg,Hopper-v4,4
51941,reward,2978,15.49913284137326,15.89,PPO-RegenReg,Hopper-v4,4
51961,reward,2979,18.31047505164583,15.653,PPO-RegenReg,Hopper-v4,4
51979,reward,2980,15.437698766936705,15.232,PPO-RegenReg,Hopper-v4,4
51993,reward,2981,13.066617510508204,15.297,PPO-RegenReg,Hopper-v4,4
52015,reward,2982,17.713604805884735,16.257,PPO-RegenReg,Hopper-v4,4
52038,reward,2983,15.618340796143793,16.373,PPO-RegenReg,Hopper-v4,4
52059,reward,2984,18.570156545932377,16.925,PPO-RegenReg,Hopper-v4,4
52089,reward,2985,29.764113902134117,19.075,PPO-RegenReg,Hopper-v4,4
52106,reward,2986,16.256929276187083,19.159,PPO-RegenReg,Hopper-v4,4
52152,reward,2987,59.54058636462684,21.978,PPO-RegenReg,Hopper-v4,4
52172,reward,2988,22.547696277601734,22.683,PPO-RegenReg,Hopper-v4,4
52191,reward,2989,17.024219048261347,22.554,PPO-RegenReg,Hopper-v4,4
52236,reward,2990,49.58871615376289,25.969,PPO-RegenReg,Hopper-v4,4
52252,reward,2991,12.605589933624932,25.923,PPO-RegenReg,Hopper-v4,4
52264,reward,2992,9.950461415953436,25.147,PPO-RegenReg,Hopper-v4,4
52282,reward,2993,16.010167136657355,25.186,PPO-RegenReg,Hopper-v4,4
52300,reward,2994,18.639120507366407,25.193,PPO-RegenReg,Hopper-v4,4
52320,reward,2995,19.189163428723816,24.135,PPO-RegenReg,Hopper-v4,4
52359,reward,2996,35.30442085525526,26.04,PPO-RegenReg,Hopper-v4,4
52376,reward,2997,14.0704239229465,21.493,PPO-RegenReg,Hopper-v4,4
52389,reward,2998,11.40755572040377,20.379,PPO-RegenReg,Hopper-v4,4
52400,reward,2999,9.19522456615587,19.596,PPO-RegenReg,Hopper-v4,4
52425,reward,3000,18.520832235356437,16.489,PPO-RegenReg,Hopper-v4,4
52441,reward,3001,14.233073840112306,16.652,PPO-RegenReg,Hopper-v4,4
52454,reward,3002,8.289722731031214,16.486,PPO-RegenReg,Hopper-v4,4
52471,reward,3003,13.099606241964501,16.195,PPO-RegenReg,Hopper-v4,4
52495,reward,3004,24.353157703521433,16.766,PPO-RegenReg,Hopper-v4,4
52514,reward,3005,20.75073382956085,16.922,PPO-RegenReg,Hopper-v4,4
52546,reward,3006,14.656131657165826,14.858,PPO-RegenReg,Hopper-v4,4
52580,reward,3007,45.81058406313766,18.032,PPO-RegenReg,Hopper-v4,4
52593,reward,3008,10.815637978863545,17.972,PPO-RegenReg,Hopper-v4,4
52612,reward,3009,14.729472675830728,18.526,PPO-RegenReg,Hopper-v4,4
52626,reward,3010,13.918414933795821,18.066,PPO-RegenReg,Hopper-v4,4
52654,reward,3011,21.52880099412162,18.795,PPO-RegenReg,Hopper-v4,4
52695,reward,3012,31.82195224955948,21.148,PPO-RegenReg,Hopper-v4,4
52709,reward,3013,9.831680058844185,20.822,PPO-RegenReg,Hopper-v4,4
52721,reward,3014,8.611878941626752,19.248,PPO-RegenReg,Hopper-v4,4
52739,reward,3015,14.864177342835537,18.659,PPO-RegenReg,Hopper-v4,4
52781,reward,3016,53.287594254431184,22.522,PPO-RegenReg,Hopper-v4,4
52821,reward,3017,45.4727010241155,22.488,PPO-RegenReg,Hopper-v4,4
52857,reward,3018,31.105101689366297,24.517,PPO-RegenReg,Hopper-v4,4
52884,reward,3019,16.653551505879783,24.71,PPO-RegenReg,Hopper-v4,4
52903,reward,3020,9.754751575332765,24.293,PPO-RegenReg,Hopper-v4,4
52919,reward,3021,12.35541193533339,23.376,PPO-RegenReg,Hopper-v4,4
52930,reward,3022,9.123999616902259,21.106,PPO-RegenReg,Hopper-v4,4
52942,reward,3023,7.265794888259308,20.849,PPO-RegenReg,Hopper-v4,4
52960,reward,3024,15.116009643427207,21.5,PPO-RegenReg,Hopper-v4,4
52995,reward,3025,39.08977613504832,23.922,PPO-RegenReg,Hopper-v4,4
53007,reward,3026,7.210546018602114,19.315,PPO-RegenReg,Hopper-v4,4
53028,reward,3027,20.482926122516737,16.816,PPO-RegenReg,Hopper-v4,4
53053,reward,3028,22.075840105096418,15.913,PPO-RegenReg,Hopper-v4,4
53078,reward,3029,25.904270223261257,16.838,PPO-RegenReg,Hopper-v4,4
53090,reward,3030,10.819271102344851,16.944,PPO-RegenReg,Hopper-v4,4
53116,reward,3031,27.47610388592017,18.456,PPO-RegenReg,Hopper-v4,4
53137,reward,3032,23.42504665392116,19.887,PPO-RegenReg,Hopper-v4,4
53156,reward,3033,16.244926119575084,20.784,PPO-RegenReg,Hopper-v4,4
53169,reward,3034,8.714346519042618,20.144,PPO-RegenReg,Hopper-v4,4
53193,reward,3035,25.155611705942682,18.751,PPO-RegenReg,Hopper-v4,4
53212,reward,3036,16.73565821704368,19.703,PPO-RegenReg,Hopper-v4,4
53227,reward,3037,10.81864682991697,18.737,PPO-RegenReg,Hopper-v4,4
53244,reward,3038,15.209773926442697,18.05,PPO-RegenReg,Hopper-v4,4
53278,reward,3039,44.95165669315959,19.955,PPO-RegenReg,Hopper-v4,4
53295,reward,3040,15.353697243123694,20.409,PPO-RegenReg,Hopper-v4,4
53317,reward,3041,21.449623962564743,19.806,PPO-RegenReg,Hopper-v4,4
53332,reward,3042,10.457210358764238,18.509,PPO-RegenReg,Hopper-v4,4
53345,reward,3043,7.794346559357493,17.664,PPO-RegenReg,Hopper-v4,4
53361,reward,3044,11.858558092209643,17.978,PPO-RegenReg,Hopper-v4,4
53376,reward,3045,11.015946133955977,16.565,PPO-RegenReg,Hopper-v4,4
53388,reward,3046,9.963478461745494,15.887,PPO-RegenReg,Hopper-v4,4
53411,reward,3047,27.249234252374592,17.53,PPO-RegenReg,Hopper-v4,4
53421,reward,3048,7.772703649294143,16.787,PPO-RegenReg,Hopper-v4,4
53445,reward,3049,23.87340818112562,14.679,PPO-RegenReg,Hopper-v4,4
53472,reward,3050,29.51315207280528,16.095,PPO-RegenReg,Hopper-v4,4
53501,reward,3051,33.36289027585778,17.286,PPO-RegenReg,Hopper-v4,4
53516,reward,3052,12.09780832933951,17.45,PPO-RegenReg,Hopper-v4,4
53539,reward,3053,19.336161093425954,18.604,PPO-RegenReg,Hopper-v4,4
53564,reward,3054,18.040290661922874,19.223,PPO-RegenReg,Hopper-v4,4
53581,reward,3055,16.473553088642692,19.768,PPO-RegenReg,Hopper-v4,4
53598,reward,3056,14.402213012786714,20.212,PPO-RegenReg,Hopper-v4,4
53610,reward,3057,10.832922604813703,18.571,PPO-RegenReg,Hopper-v4,4
53622,reward,3058,8.271272339310402,18.62,PPO-RegenReg,Hopper-v4,4
53636,reward,3059,10.490948942382435,17.282,PPO-RegenReg,Hopper-v4,4
53667,reward,3060,35.66939064496366,17.898,PPO-RegenReg,Hopper-v4,4
53678,reward,3061,5.581409328268477,15.12,PPO-RegenReg,Hopper-v4,4
53693,reward,3062,11.334544208580411,15.043,PPO-RegenReg,Hopper-v4,4
53714,reward,3063,19.901704787349754,15.1,PPO-RegenReg,Hopper-v4,4
53737,reward,3064,24.607179457143697,15.757,PPO-RegenReg,Hopper-v4,4
53758,reward,3065,19.606639583493497,16.07,PPO-RegenReg,Hopper-v4,4
53777,reward,3066,22.334397272261025,16.863,PPO-RegenReg,Hopper-v4,4
53793,reward,3067,15.135270306553481,17.293,PPO-RegenReg,Hopper-v4,4
53825,reward,3068,29.896557876368895,19.456,PPO-RegenReg,Hopper-v4,4
53839,reward,3069,10.230620548632077,19.43,PPO-RegenReg,Hopper-v4,4
53857,reward,3070,15.306513184315882,17.393,PPO-RegenReg,Hopper-v4,4
53869,reward,3071,7.239526019690869,17.559,PPO-RegenReg,Hopper-v4,4
53901,reward,3072,39.236104738568564,20.349,PPO-RegenReg,Hopper-v4,4
53917,reward,3073,12.694182283072953,19.629,PPO-RegenReg,Hopper-v4,4
53946,reward,3074,17.82328004160077,18.95,PPO-RegenReg,Hopper-v4,4
53962,reward,3075,11.93762540298436,18.183,PPO-RegenReg,Hopper-v4,4
54003,reward,3076,33.3864611731782,19.289,PPO-RegenReg,Hopper-v4,4
54023,reward,3077,9.867668964567326,18.762,PPO-RegenReg,Hopper-v4,4
54037,reward,3078,10.065930987523512,16.779,PPO-RegenReg,Hopper-v4,4
54045,reward,3079,6.282385745885066,16.384,PPO-RegenReg,Hopper-v4,4
54062,reward,3080,14.328930245887902,16.286,PPO-RegenReg,Hopper-v4,4
54100,reward,3081,50.082271333276196,20.57,PPO-RegenReg,Hopper-v4,4
54133,reward,3082,39.441879774960334,20.591,PPO-RegenReg,Hopper-v4,4
54162,reward,3083,34.29151335556438,22.751,PPO-RegenReg,Hopper-v4,4
54205,reward,3084,57.29495492092508,26.698,PPO-RegenReg,Hopper-v4,4
54214,reward,3085,6.749490042062324,26.179,PPO-RegenReg,Hopper-v4,4
54224,reward,3086,8.358244542892272,23.676,PPO-RegenReg,Hopper-v4,4
54256,reward,3087,14.465036690511942,24.136,PPO-RegenReg,Hopper-v4,4
54273,reward,3088,15.023368513329654,24.632,PPO-RegenReg,Hopper-v4,4
54292,reward,3089,16.68899737383967,25.672,PPO-RegenReg,Hopper-v4,4
54331,reward,3090,44.246375294959925,28.664,PPO-RegenReg,Hopper-v4,4
54348,reward,3091,9.379998975974845,24.594,PPO-RegenReg,Hopper-v4,4
54371,reward,3092,24.536966933370806,23.103,PPO-RegenReg,Hopper-v4,4
54389,reward,3093,18.472494134739733,21.522,PPO-RegenReg,Hopper-v4,4
54401,reward,3094,9.851524373661366,16.777,PPO-RegenReg,Hopper-v4,4
54418,reward,3095,16.52341053697493,17.755,PPO-RegenReg,Hopper-v4,4
54437,reward,3096,14.904663507940148,18.409,PPO-RegenReg,Hopper-v4,4
54468,reward,3097,16.442719487173537,18.607,PPO-RegenReg,Hopper-v4,4
54487,reward,3098,7.781265007910647,17.883,PPO-RegenReg,Hopper-v4,4
54509,reward,3099,18.90147937891748,18.104,PPO-RegenReg,Hopper-v4,4
54526,reward,3100,9.244371418968367,14.604,PPO-RegenReg,Hopper-v4,4
54540,reward,3101,9.86002827654727,14.652,PPO-RegenReg,Hopper-v4,4
54554,reward,3102,8.690410874914168,13.067,PPO-RegenReg,Hopper-v4,4
54581,reward,3103,18.855533363981294,13.106,PPO-RegenReg,Hopper-v4,4
54594,reward,3104,7.452140226621532,12.866,PPO-RegenReg,Hopper-v4,4
54607,reward,3105,8.266418838548766,12.04,PPO-RegenReg,Hopper-v4,4
54635,reward,3106,30.48590577998219,13.598,PPO-RegenReg,Hopper-v4,4
54655,reward,3107,21.790104651903768,14.133,PPO-RegenReg,Hopper-v4,4
54671,reward,3108,10.303708313455736,14.385,PPO-RegenReg,Hopper-v4,4
54693,reward,3109,17.613039232372376,14.256,PPO-RegenReg,Hopper-v4,4
54712,reward,3110,20.97138976415528,15.429,PPO-RegenReg,Hopper-v4,4
54722,reward,3111,5.696003497224273,15.012,PPO-RegenReg,Hopper-v4,4
54736,reward,3112,9.058195748237575,15.049,PPO-RegenReg,Hopper-v4,4
54753,reward,3113,16.289896699429896,14.793,PPO-RegenReg,Hopper-v4,4
54766,reward,3114,12.952580373999695,15.343,PPO-RegenReg,Hopper-v4,4
54780,reward,3115,12.439131762085015,15.76,PPO-RegenReg,Hopper-v4,4
54803,reward,3116,25.586005790352907,15.27,PPO-RegenReg,Hopper-v4,4
54816,reward,3117,9.196883020752255,14.011,PPO-RegenReg,Hopper-v4,4
54832,reward,3118,11.873254733193162,14.168,PPO-RegenReg,Hopper-v4,4
54864,reward,3119,40.80452386642065,16.487,PPO-RegenReg,Hopper-v4,4
54893,reward,3120,32.66010471347409,17.656,PPO-RegenReg,Hopper-v4,4
54906,reward,3121,8.676544610293746,17.954,PPO-RegenReg,Hopper-v4,4
54917,reward,3122,9.064560854182993,17.954,PPO-RegenReg,Hopper-v4,4
54930,reward,3123,8.612387120219534,17.187,PPO-RegenReg,Hopper-v4,4
54945,reward,3124,8.23262436393468,16.715,PPO-RegenReg,Hopper-v4,4
54965,reward,3125,17.58893826603242,17.23,PPO-RegenReg,Hopper-v4,4
54984,reward,3126,19.336555343179626,16.605,PPO-RegenReg,Hopper-v4,4
54996,reward,3127,9.405604497232517,16.626,PPO-RegenReg,Hopper-v4,4
55006,reward,3128,6.94521306233286,16.133,PPO-RegenReg,Hopper-v4,4
55020,reward,3129,10.827954690075515,13.135,PPO-RegenReg,Hopper-v4,4
55076,reward,3130,78.70073845386456,17.739,PPO-RegenReg,Hopper-v4,4
55109,reward,3131,45.25736676761429,21.397,PPO-RegenReg,Hopper-v4,4
55127,reward,3132,12.980735904308895,21.789,PPO-RegenReg,Hopper-v4,4
55149,reward,3133,20.75104930377927,23.003,PPO-RegenReg,Hopper-v4,4
55163,reward,3134,10.90925818956017,23.27,PPO-RegenReg,Hopper-v4,4
55177,reward,3135,12.679219202154204,22.779,PPO-RegenReg,Hopper-v4,4
55196,reward,3136,18.027253701661856,22.648,PPO-RegenReg,Hopper-v4,4
55212,reward,3137,10.182778414280047,22.726,PPO-RegenReg,Hopper-v4,4
55225,reward,3138,9.446552140035635,22.976,PPO-RegenReg,Hopper-v4,4
55239,reward,3139,9.40999936461652,22.834,PPO-RegenReg,Hopper-v4,4
55268,reward,3140,30.561173716366916,18.021,PPO-RegenReg,Hopper-v4,4
55291,reward,3141,22.98218900629284,15.793,PPO-RegenReg,Hopper-v4,4
55311,reward,3142,9.340505142118435,15.429,PPO-RegenReg,Hopper-v4,4
55329,reward,3143,19.827872399111346,15.337,PPO-RegenReg,Hopper-v4,4
55354,reward,3144,16.65110116760402,15.911,PPO-RegenReg,Hopper-v4,4
55369,reward,3145,9.959461359610694,15.639,PPO-RegenReg,Hopper-v4,4
55389,reward,3146,16.59719385913352,15.496,PPO-RegenReg,Hopper-v4,4
55411,reward,3147,25.08251018720823,16.986,PPO-RegenReg,Hopper-v4,4
55424,reward,3148,12.124851338711872,17.254,PPO-RegenReg,Hopper-v4,4
55442,reward,3149,11.211405043342307,17.434,PPO-RegenReg,Hopper-v4,4
55455,reward,3150,10.363566512145974,15.414,PPO-RegenReg,Hopper-v4,4
55476,reward,3151,23.22477680197527,15.438,PPO-RegenReg,Hopper-v4,4
55514,reward,3152,44.70677210455165,18.975,PPO-RegenReg,Hopper-v4,4
55538,reward,3153,13.649907974405764,18.357,PPO-RegenReg,Hopper-v4,4
55582,reward,3154,62.04368274885074,22.896,PPO-RegenReg,Hopper-v4,4
55618,reward,3155,48.89793414149653,26.79,PPO-RegenReg,Hopper-v4,4
55645,reward,3156,15.502960215457602,26.681,PPO-RegenReg,Hopper-v4,4
55679,reward,3157,45.010003367850835,28.674,PPO-RegenReg,Hopper-v4,4
55732,reward,3158,78.9284271699912,35.354,PPO-RegenReg,Hopper-v4,4
55752,reward,3159,15.055027700874438,35.738,PPO-RegenReg,Hopper-v4,4
55769,reward,3160,15.162593944270297,36.218,PPO-RegenReg,Hopper-v4,4
55799,reward,3161,34.44861320129511,37.341,PPO-RegenReg,Hopper-v4,4
55811,reward,3162,7.167322095636511,33.587,PPO-RegenReg,Hopper-v4,4
55863,reward,3163,77.32390599646503,39.954,PPO-RegenReg,Hopper-v4,4
55876,reward,3164,11.756046886035152,34.925,PPO-RegenReg,Hopper-v4,4
55928,reward,3165,50.35424774032298,35.071,PPO-RegenReg,Hopper-v4,4
55947,reward,3166,18.175885537417905,35.338,PPO-RegenReg,Hopper-v4,4
55971,reward,3167,17.65268047395773,32.602,PPO-RegenReg,Hopper-v4,4
55987,reward,3168,13.23987661132943,26.034,PPO-RegenReg,Hopper-v4,4
56005,reward,3169,20.892660797935225,26.617,PPO-RegenReg,Hopper-v4,4
56028,reward,3170,11.489869096725224,26.25,PPO-RegenReg,Hopper-v4,4
56042,reward,3171,10.149654785075493,23.82,PPO-RegenReg,Hopper-v4,4
56058,reward,3172,14.301811569144544,24.534,PPO-RegenReg,Hopper-v4,4
56084,reward,3173,28.55237653059959,19.657,PPO-RegenReg,Hopper-v4,4
56108,reward,3174,25.032209406756085,20.984,PPO-RegenReg,Hopper-v4,4
56132,reward,3175,29.62742789531999,18.911,PPO-RegenReg,Hopper-v4,4
56149,reward,3176,17.263959994601628,18.82,PPO-RegenReg,Hopper-v4,4
56175,reward,3177,18.611617910475427,18.916,PPO-RegenReg,Hopper-v4,4
56187,reward,3178,10.217214204937806,18.614,PPO-RegenReg,Hopper-v4,4
56200,reward,3179,12.237754218476546,17.748,PPO-RegenReg,Hopper-v4,4
56223,reward,3180,23.148443682749008,18.914,PPO-RegenReg,Hopper-v4,4
56252,reward,3181,21.011836126435767,20.0,PPO-RegenReg,Hopper-v4,4
56268,reward,3182,12.947709952514508,19.865,PPO-RegenReg,Hopper-v4,4
56284,reward,3183,8.77249078706318,17.887,PPO-RegenReg,Hopper-v4,4
56317,reward,3184,45.712733649029566,19.955,PPO-RegenReg,Hopper-v4,4
56332,reward,3185,10.177700622972601,18.01,PPO-RegenReg,Hopper-v4,4
56351,reward,3186,18.85403219938742,18.169,PPO-RegenReg,Hopper-v4,4
56362,reward,3187,8.850186306139907,17.193,PPO-RegenReg,Hopper-v4,4
56384,reward,3188,25.132933670664034,18.685,PPO-RegenReg,Hopper-v4,4
56403,reward,3189,17.191657148990604,19.18,PPO-RegenReg,Hopper-v4,4
56415,reward,3190,6.447927454865878,17.51,PPO-RegenReg,Hopper-v4,4
56429,reward,3191,6.613509927134424,16.07,PPO-RegenReg,Hopper-v4,4
56441,reward,3192,7.170023297705155,15.492,PPO-RegenReg,Hopper-v4,4
56465,reward,3193,25.283330689611248,17.143,PPO-RegenReg,Hopper-v4,4
56478,reward,3194,10.594733934518981,13.632,PPO-RegenReg,Hopper-v4,4
56503,reward,3195,25.836434270148885,15.197,PPO-RegenReg,Hopper-v4,4
56534,reward,3196,35.3615994244622,16.848,PPO-RegenReg,Hopper-v4,4
56549,reward,3197,9.832190841179493,16.946,PPO-RegenReg,Hopper-v4,4
56567,reward,3198,15.075398986838355,15.941,PPO-RegenReg,Hopper-v4,4
56597,reward,3199,36.26968394911277,17.848,PPO-RegenReg,Hopper-v4,4
56612,reward,3200,14.497446748552754,18.653,PPO-RegenReg,Hopper-v4,4
56625,reward,3201,9.069877556130303,18.899,PPO-RegenReg,Hopper-v4,4
56637,reward,3202,6.580478613342194,18.84,PPO-RegenReg,Hopper-v4,4
56647,reward,3203,8.372639137189358,17.149,PPO-RegenReg,Hopper-v4,4
56666,reward,3204,17.47236327342237,17.837,PPO-RegenReg,Hopper-v4,4
56677,reward,3205,8.68842864584508,16.122,PPO-RegenReg,Hopper-v4,4
56690,reward,3206,7.289941651969219,13.315,PPO-RegenReg,Hopper-v4,4
56710,reward,3207,15.551103673302874,13.887,PPO-RegenReg,Hopper-v4,4
56736,reward,3208,24.545255618404198,14.834,PPO-RegenReg,Hopper-v4,4
56750,reward,3209,12.108939527872492,12.418,PPO-RegenReg,Hopper-v4,4
56761,reward,3210,6.923040177130241,11.66,PPO-RegenReg,Hopper-v4,4
56784,reward,3211,16.146405999064886,12.368,PPO-RegenReg,Hopper-v4,4
56802,reward,3212,16.085966460424423,13.318,PPO-RegenReg,Hopper-v4,4
56822,reward,3213,22.39669970457911,14.721,PPO-RegenReg,Hopper-v4,4
56832,reward,3214,7.6685826135541335,13.74,PPO-RegenReg,Hopper-v4,4
56852,reward,3215,10.556839980837383,13.927,PPO-RegenReg,Hopper-v4,4
56899,reward,3216,65.31676589407918,19.73,PPO-RegenReg,Hopper-v4,4
56955,reward,3217,103.82696812311694,28.558,PPO-RegenReg,Hopper-v4,4
56964,reward,3218,7.475271547858588,26.851,PPO-RegenReg,Hopper-v4,4
56979,reward,3219,11.014777273082158,26.741,PPO-RegenReg,Hopper-v4,4
56993,reward,3220,8.364569298396807,26.885,PPO-RegenReg,Hopper-v4,4
57015,reward,3221,24.012696507555436,27.672,PPO-RegenReg,Hopper-v4,4
57036,reward,3222,20.344597388971465,28.098,PPO-RegenReg,Hopper-v4,4
57062,reward,3223,14.022291365665971,27.26,PPO-RegenReg,Hopper-v4,4
57082,reward,3224,17.169043327240928,28.21,PPO-RegenReg,Hopper-v4,4
57139,reward,3225,44.35215566873881,31.59,PPO-RegenReg,Hopper-v4,4
57149,reward,3226,8.207122736178407,25.879,PPO-RegenReg,Hopper-v4,4
57201,reward,3227,88.77078520676865,24.373,PPO-RegenReg,Hopper-v4,4
57233,reward,3228,31.22724818956458,26.749,PPO-RegenReg,Hopper-v4,4
57257,reward,3229,27.348090838556352,28.382,PPO-RegenReg,Hopper-v4,4
57273,reward,3230,12.70438329184143,28.816,PPO-RegenReg,Hopper-v4,4
57324,reward,3231,57.571341719028354,32.172,PPO-RegenReg,Hopper-v4,4
57348,reward,3232,24.49826201989604,32.587,PPO-RegenReg,Hopper-v4,4
57365,reward,3233,13.173748004621471,32.502,PPO-RegenReg,Hopper-v4,4
57390,reward,3234,30.478179586642998,33.833,PPO-RegenReg,Hopper-v4,4
57418,reward,3235,29.125261608299148,32.31,PPO-RegenReg,Hopper-v4,4
57431,reward,3236,12.422808654579002,32.732,PPO-RegenReg,Hopper-v4,4
57443,reward,3237,8.104810575585738,24.665,PPO-RegenReg,Hopper-v4,4
57480,reward,3238,46.943576892424616,26.237,PPO-RegenReg,Hopper-v4,4
57496,reward,3239,15.502848189857648,25.053,PPO-RegenReg,Hopper-v4,4
57514,reward,3240,16.930420993824523,25.475,PPO-RegenReg,Hopper-v4,4
57529,reward,3241,10.465445887367716,20.765,PPO-RegenReg,Hopper-v4,4
57545,reward,3242,10.537622610941769,19.368,PPO-RegenReg,Hopper-v4,4
57570,reward,3243,23.604637185486197,20.412,PPO-RegenReg,Hopper-v4,4
57608,reward,3244,46.045628947863904,21.968,PPO-RegenReg,Hopper-v4,4
57622,reward,3245,7.202515960453011,19.776,PPO-RegenReg,Hopper-v4,4
57672,reward,3246,63.023988543981226,24.836,PPO-RegenReg,Hopper-v4,4
57686,reward,3247,13.544857228112686,25.38,PPO-RegenReg,Hopper-v4,4
57700,reward,3248,11.933472067577398,21.879,PPO-RegenReg,Hopper-v4,4
57713,reward,3249,11.942801303578621,21.523,PPO-RegenReg,Hopper-v4,4
57728,reward,3250,9.669832916380948,20.797,PPO-RegenReg,Hopper-v4,4
57750,reward,3251,23.50997319186453,22.102,PPO-RegenReg,Hopper-v4,4
57770,reward,3252,16.709714111022073,22.719,PPO-RegenReg,Hopper-v4,4
57788,reward,3253,15.293936274340384,21.888,PPO-RegenReg,Hopper-v4,4
57843,reward,3254,102.06049352723731,27.489,PPO-RegenReg,Hopper-v4,4
57888,reward,3255,39.68698888938429,30.738,PPO-RegenReg,Hopper-v4,4
57920,reward,3256,16.252586487475877,26.06,PPO-RegenReg,Hopper-v4,4
57934,reward,3257,6.3947947692244105,25.345,PPO-RegenReg,Hopper-v4,4
57950,reward,3258,18.079306738042174,25.96,PPO-RegenReg,Hopper-v4,4
57966,reward,3259,12.209062704340948,25.987,PPO-RegenReg,Hopper-v4,4
57994,reward,3260,30.1185193618864,28.032,PPO-RegenReg,Hopper-v4,4
58005,reward,3261,9.06996302018484,26.588,PPO-RegenReg,Hopper-v4,4
58038,reward,3262,39.95671236821424,28.912,PPO-RegenReg,Hopper-v4,4
58103,reward,3263,87.40394728958452,36.123,PPO-RegenReg,Hopper-v4,4
58127,reward,3264,24.006895746527885,28.318,PPO-RegenReg,Hopper-v4,4
58150,reward,3265,27.748033862970118,27.124,PPO-RegenReg,Hopper-v4,4
58167,reward,3266,16.081141150392853,27.107,PPO-RegenReg,Hopper-v4,4
58187,reward,3267,18.321962915735035,28.3,PPO-RegenReg,Hopper-v4,4
58201,reward,3268,9.382530781530502,27.43,PPO-RegenReg,Hopper-v4,4
58219,reward,3269,13.547306305396047,27.564,PPO-RegenReg,Hopper-v4,4
58239,reward,3270,12.448108919728618,25.797,PPO-RegenReg,Hopper-v4,4
58261,reward,3271,17.15298132189587,26.605,PPO-RegenReg,Hopper-v4,4
58302,reward,3272,55.41908827387373,28.151,PPO-RegenReg,Hopper-v4,4
58325,reward,3273,23.323790360153982,21.743,PPO-RegenReg,Hopper-v4,4
58353,reward,3274,29.12581408831825,22.255,PPO-RegenReg,Hopper-v4,4
58366,reward,3275,7.703549176681861,20.251,PPO-RegenReg,Hopper-v4,4
58413,reward,3276,67.4458993192377,25.387,PPO-RegenReg,Hopper-v4,4
58433,reward,3277,20.6829057987177,25.623,PPO-RegenReg,Hopper-v4,4
58451,reward,3278,13.220320277491965,26.007,PPO-RegenReg,Hopper-v4,4
58464,reward,3279,7.728959405520853,25.425,PPO-RegenReg,Hopper-v4,4
58478,reward,3280,13.299770477432679,25.51,PPO-RegenReg,Hopper-v4,4
58494,reward,3281,11.03259249794215,24.898,PPO-RegenReg,Hopper-v4,4
58508,reward,3282,13.274853380136241,20.684,PPO-RegenReg,Hopper-v4,4
58523,reward,3283,15.472939797710248,19.899,PPO-RegenReg,Hopper-v4,4
58548,reward,3284,31.809761499194227,20.167,PPO-RegenReg,Hopper-v4,4
58557,reward,3285,8.019496622212033,20.199,PPO-RegenReg,Hopper-v4,4
58584,reward,3286,34.66620695129963,16.921,PPO-RegenReg,Hopper-v4,4
58613,reward,3287,29.005219498280038,17.753,PPO-RegenReg,Hopper-v4,4
58640,reward,3288,30.671855395256884,19.498,PPO-RegenReg,Hopper-v4,4
58665,reward,3289,31.131005846212926,21.838,PPO-RegenReg,Hopper-v4,4
58684,reward,3290,20.7097725022862,22.579,PPO-RegenReg,Hopper-v4,4
58703,reward,3291,17.450655558116303,23.221,PPO-RegenReg,Hopper-v4,4
58719,reward,3292,9.93022654554513,22.887,PPO-RegenReg,Hopper-v4,4
58752,reward,3293,37.83899760530559,25.123,PPO-RegenReg,Hopper-v4,4
58773,reward,3294,20.997327004589096,24.042,PPO-RegenReg,Hopper-v4,4
58792,reward,3295,15.336897587174652,24.774,PPO-RegenReg,Hopper-v4,4
58811,reward,3296,16.18296043672103,22.925,PPO-RegenReg,Hopper-v4,4
58849,reward,3297,63.07584949206071,26.333,PPO-RegenReg,Hopper-v4,4
58862,reward,3298,11.892544066524472,24.455,PPO-RegenReg,Hopper-v4,4
58875,reward,3299,11.195250229274121,22.461,PPO-RegenReg,Hopper-v4,4
58896,reward,3300,19.891282110698008,22.379,PPO-RegenReg,Hopper-v4,4
58905,reward,3301,7.302491441008045,21.364,PPO-RegenReg,Hopper-v4,4
58920,reward,3302,8.451103922916175,21.216,PPO-RegenReg,Hopper-v4,4
58932,reward,3303,10.541625562050845,18.487,PPO-RegenReg,Hopper-v4,4
58966,reward,3304,43.421886475788774,20.729,PPO-RegenReg,Hopper-v4,4
58977,reward,3305,6.4684635869412075,19.842,PPO-RegenReg,Hopper-v4,4
58994,reward,3306,7.715740828791125,18.996,PPO-RegenReg,Hopper-v4,4
59029,reward,3307,44.56307450149865,17.144,PPO-RegenReg,Hopper-v4,4
59050,reward,3308,16.84420057578259,17.64,PPO-RegenReg,Hopper-v4,4
59073,reward,3309,22.196176398894764,18.74,PPO-RegenReg,Hopper-v4,4
59108,reward,3310,42.87420150421638,21.038,PPO-RegenReg,Hopper-v4,4
59126,reward,3311,15.754491770302648,21.883,PPO-RegenReg,Hopper-v4,4
59150,reward,3312,23.252681317393836,23.363,PPO-RegenReg,Hopper-v4,4
59184,reward,3313,36.335614295789135,25.943,PPO-RegenReg,Hopper-v4,4
59205,reward,3314,11.574862976352323,22.758,PPO-RegenReg,Hopper-v4,4
59218,reward,3315,8.1045278627633,22.922,PPO-RegenReg,Hopper-v4,4
59231,reward,3316,8.749830997447114,23.025,PPO-RegenReg,Hopper-v4,4
59245,reward,3317,12.864472867699938,19.855,PPO-RegenReg,Hopper-v4,4
59262,reward,3318,17.242447764825346,19.895,PPO-RegenReg,Hopper-v4,4
59287,reward,3319,25.204008903915806,20.196,PPO-RegenReg,Hopper-v4,4
59306,reward,3320,15.460678074532469,17.454,PPO-RegenReg,Hopper-v4,4
59314,reward,3321,6.679217817504593,16.547,PPO-RegenReg,Hopper-v4,4
59344,reward,3322,35.99444496720678,17.821,PPO-RegenReg,Hopper-v4,4
59359,reward,3323,11.517940500670337,15.339,PPO-RegenReg,Hopper-v4,4
59374,reward,3324,13.709164611676206,15.553,PPO-RegenReg,Hopper-v4,4
59398,reward,3325,23.7260621046709,17.115,PPO-RegenReg,Hopper-v4,4
59415,reward,3326,7.403886048383248,16.98,PPO-RegenReg,Hopper-v4,4
59446,reward,3327,44.444991961109615,20.138,PPO-RegenReg,Hopper-v4,4
59499,reward,3328,79.92346642712155,26.406,PPO-RegenReg,Hopper-v4,4
59516,reward,3329,13.394926223446506,25.225,PPO-RegenReg,Hopper-v4,4
59544,reward,3330,33.84131777060445,27.064,PPO-RegenReg,Hopper-v4,4
59572,reward,3331,30.007469128994156,29.396,PPO-RegenReg,Hopper-v4,4
59601,reward,3332,23.539503039416328,28.151,PPO-RegenReg,Hopper-v4,4
59631,reward,3333,37.104669228223315,30.71,PPO-RegenReg,Hopper-v4,4
59650,reward,3334,12.0412239016755,30.543,PPO-RegenReg,Hopper-v4,4
59663,reward,3335,12.774485075624229,29.448,PPO-RegenReg,Hopper-v4,4
59684,reward,3336,23.216017482467606,31.029,PPO-RegenReg,Hopper-v4,4
59697,reward,3337,12.002300964373092,27.785,PPO-RegenReg,Hopper-v4,4
59713,reward,3338,12.968753175575129,21.089,PPO-RegenReg,Hopper-v4,4
59729,reward,3339,11.929629134849396,20.943,PPO-RegenReg,Hopper-v4,4
59755,reward,3340,32.575103334479365,20.816,PPO-RegenReg,Hopper-v4,4
59768,reward,3341,8.24914675892593,18.64,PPO-RegenReg,Hopper-v4,4
59804,reward,3342,49.50422856851755,21.237,PPO-RegenReg,Hopper-v4,4
59823,reward,3343,11.601773691475229,18.686,PPO-RegenReg,Hopper-v4,4
59835,reward,3344,10.600493235481254,18.542,PPO-RegenReg,Hopper-v4,4
59846,reward,3345,9.359659426329278,18.201,PPO-RegenReg,Hopper-v4,4
59884,reward,3346,38.7385461502073,19.753,PPO-RegenReg,Hopper-v4,4
59897,reward,3347,6.967528468617983,19.249,PPO-RegenReg,Hopper-v4,4
59912,reward,3348,12.935981322976087,19.246,PPO-RegenReg,Hopper-v4,4
59925,reward,3349,9.391878076554331,18.992,PPO-RegenReg,Hopper-v4,4
59952,reward,3350,18.687753883414313,17.604,PPO-RegenReg,Hopper-v4,4
59968,reward,3351,15.986212755068644,18.377,PPO-RegenReg,Hopper-v4,4
59994,reward,3352,24.789110390779587,15.906,PPO-RegenReg,Hopper-v4,4
60010,reward,3353,10.41699056429754,15.787,PPO-RegenReg,Hopper-v4,4
60024,reward,3354,10.049966709293338,15.732,PPO-RegenReg,Hopper-v4,4
60059,reward,3355,45.22506233312453,19.319,PPO-RegenReg,Hopper-v4,4
60090,reward,3356,35.2729672358411,18.972,PPO-RegenReg,Hopper-v4,4
60100,reward,3357,7.998259448622158,19.075,PPO-RegenReg,Hopper-v4,4
60115,reward,3358,15.42039045211558,19.324,PPO-RegenReg,Hopper-v4,4
60130,reward,3359,11.963190313469047,19.581,PPO-RegenReg,Hopper-v4,4
60150,reward,3360,17.797336720048897,19.492,PPO-RegenReg,Hopper-v4,4
60164,reward,3361,8.139695042660161,18.707,PPO-RegenReg,Hopper-v4,4
60185,reward,3362,21.268796918325823,18.355,PPO-RegenReg,Hopper-v4,4
60206,reward,3363,22.364691891809915,19.55,PPO-RegenReg,Hopper-v4,4
60218,reward,3364,4.701498865665291,19.015,PPO-RegenReg,Hopper-v4,4
60237,reward,3365,17.864201870542598,16.279,PPO-RegenReg,Hopper-v4,4
60254,reward,3366,18.493589514964054,14.601,PPO-RegenReg,Hopper-v4,4
60263,reward,3367,7.697664311153305,14.571,PPO-RegenReg,Hopper-v4,4
60284,reward,3368,19.719835076836265,15.001,PPO-RegenReg,Hopper-v4,4
60298,reward,3369,12.688367619875663,15.074,PPO-RegenReg,Hopper-v4,4
60311,reward,3370,6.183903359392875,13.912,PPO-RegenReg,Hopper-v4,4
60326,reward,3371,10.885325376809375,14.187,PPO-RegenReg,Hopper-v4,4
60339,reward,3372,10.752910521673789,13.135,PPO-RegenReg,Hopper-v4,4
60362,reward,3373,24.073898936101187,13.306,PPO-RegenReg,Hopper-v4,4
60370,reward,3374,6.074102197654087,13.443,PPO-RegenReg,Hopper-v4,4
60378,reward,3375,6.660246339293485,12.323,PPO-RegenReg,Hopper-v4,4
60400,reward,3376,18.272515178202333,12.301,PPO-RegenReg,Hopper-v4,4
60433,reward,3377,29.9417216527209,14.525,PPO-RegenReg,Hopper-v4,4
60467,reward,3378,46.52051492764102,17.205,PPO-RegenReg,Hopper-v4,4
60481,reward,3379,9.513224011653008,16.888,PPO-RegenReg,Hopper-v4,4
60507,reward,3380,31.227346461919613,19.392,PPO-RegenReg,Hopper-v4,4
60520,reward,3381,7.607024378075325,19.064,PPO-RegenReg,Hopper-v4,4
60544,reward,3382,24.338836206048068,20.423,PPO-RegenReg,Hopper-v4,4
60570,reward,3383,26.2045938856636,20.636,PPO-RegenReg,Hopper-v4,4
60584,reward,3384,8.209980263721823,20.85,PPO-RegenReg,Hopper-v4,4
60611,reward,3385,30.73136017694264,23.257,PPO-RegenReg,Hopper-v4,4
60627,reward,3386,9.197636033748257,22.349,PPO-RegenReg,Hopper-v4,4
60657,reward,3387,34.34450735705119,22.79,PPO-RegenReg,Hopper-v4,4
60676,reward,3388,12.391686518792472,19.377,PPO-RegenReg,Hopper-v4,4
60688,reward,3389,7.6344179893538024,19.189,PPO-RegenReg,Hopper-v4,4
60705,reward,3390,11.095797998246939,17.176,PPO-RegenReg,Hopper-v4,4
60726,reward,3391,23.31020449818343,18.746,PPO-RegenReg,Hopper-v4,4
60742,reward,3392,11.235054294764026,17.436,PPO-RegenReg,Hopper-v4,4
60753,reward,3393,9.536244166869809,15.769,PPO-RegenReg,Hopper-v4,4
60774,reward,3394,23.736465483467807,17.321,PPO-RegenReg,Hopper-v4,4
60808,reward,3395,39.539714527740564,18.202,PPO-RegenReg,Hopper-v4,4
60826,reward,3396,18.411514898677517,19.124,PPO-RegenReg,Hopper-v4,4
60839,reward,3397,5.769711386350535,16.266,PPO-RegenReg,Hopper-v4,4
60853,reward,3398,9.784565367415714,16.005,PPO-RegenReg,Hopper-v4,4
60872,reward,3399,18.133460803919693,17.055,PPO-RegenReg,Hopper-v4,4
60889,reward,3400,17.10302166336791,17.656,PPO-RegenReg,Hopper-v4,4
60901,reward,3401,7.0703782346290485,16.032,PPO-RegenReg,Hopper-v4,4
60918,reward,3402,8.750944529305627,15.784,PPO-RegenReg,Hopper-v4,4
60931,reward,3403,8.566380751509476,15.687,PPO-RegenReg,Hopper-v4,4
60947,reward,3404,9.27608130175214,14.241,PPO-RegenReg,Hopper-v4,4
60963,reward,3405,12.543666381468384,11.541,PPO-RegenReg,Hopper-v4,4
60977,reward,3406,9.591407802427804,10.659,PPO-RegenReg,Hopper-v4,4
61002,reward,3407,20.69141503204977,12.151,PPO-RegenReg,Hopper-v4,4
61015,reward,3408,7.173554203989719,11.89,PPO-RegenReg,Hopper-v4,4
61027,reward,3409,7.997528726253642,10.876,PPO-RegenReg,Hopper-v4,4
61038,reward,3410,5.663662250240357,9.733,PPO-RegenReg,Hopper-v4,4
61068,reward,3411,26.056646701587656,11.631,PPO-RegenReg,Hopper-v4,4
61086,reward,3412,11.93290818054727,11.949,PPO-RegenReg,Hopper-v4,4
61118,reward,3413,30.509311146197533,14.144,PPO-RegenReg,Hopper-v4,4
61155,reward,3414,51.01135899344629,18.317,PPO-RegenReg,Hopper-v4,4
61181,reward,3415,28.660241592805342,19.929,PPO-RegenReg,Hopper-v4,4
61189,reward,3416,6.183672791403689,19.588,PPO-RegenReg,Hopper-v4,4
61210,reward,3417,24.301347470023337,19.949,PPO-RegenReg,Hopper-v4,4
61240,reward,3418,36.213964207231754,22.853,PPO-RegenReg,Hopper-v4,4
61253,reward,3419,7.934156767174468,22.847,PPO-RegenReg,Hopper-v4,4
61268,reward,3420,14.378608415558258,23.718,PPO-RegenReg,Hopper-v4,4
61282,reward,3421,10.467243052981342,22.159,PPO-RegenReg,Hopper-v4,4
61313,reward,3422,38.03941796078755,24.77,PPO-RegenReg,Hopper-v4,4
61329,reward,3423,13.01395503554756,23.02,PPO-RegenReg,Hopper-v4,4
61357,reward,3424,33.3495855052555,21.254,PPO-RegenReg,Hopper-v4,4
61373,reward,3425,10.261128804719231,19.414,PPO-RegenReg,Hopper-v4,4
61397,reward,3426,23.202335564089925,21.116,PPO-RegenReg,Hopper-v4,4
61425,reward,3427,37.43423678841916,22.429,PPO-RegenReg,Hopper-v4,4
61442,reward,3428,10.43812397253058,19.852,PPO-RegenReg,Hopper-v4,4
61472,reward,3429,36.03226718630553,22.662,PPO-RegenReg,Hopper-v4,4
61486,reward,3430,8.213655150395715,22.045,PPO-RegenReg,Hopper-v4,4
61508,reward,3431,26.527065907333725,23.651,PPO-RegenReg,Hopper-v4,4
61526,reward,3432,12.248072422852355,21.072,PPO-RegenReg,Hopper-v4,4
61545,reward,3433,20.324887710239803,21.803,PPO-RegenReg,Hopper-v4,4
61561,reward,3434,15.011539481561407,19.969,PPO-RegenReg,Hopper-v4,4
61577,reward,3435,13.791215900900898,20.322,PPO-RegenReg,Hopper-v4,4
61588,reward,3436,9.868894631360886,18.989,PPO-RegenReg,Hopper-v4,4
61604,reward,3437,14.877386595913363,16.733,PPO-RegenReg,Hopper-v4,4
61644,reward,3438,44.28729297550574,20.118,PPO-RegenReg,Hopper-v4,4
61662,reward,3439,10.085794860512557,17.524,PPO-RegenReg,Hopper-v4,4
61687,reward,3440,26.11882852616874,19.314,PPO-RegenReg,Hopper-v4,4
61708,reward,3441,24.478030828289615,19.109,PPO-RegenReg,Hopper-v4,4
61722,reward,3442,8.06783757490095,18.691,PPO-RegenReg,Hopper-v4,4
61736,reward,3443,13.942235994165916,18.053,PPO-RegenReg,Hopper-v4,4
61768,reward,3444,34.049366013164004,19.957,PPO-RegenReg,Hopper-v4,4
61805,reward,3445,30.552465251562634,21.633,PPO-RegenReg,Hopper-v4,4
61835,reward,3446,34.624196621069025,24.108,PPO-RegenReg,Hopper-v4,4
61866,reward,3447,44.0086126526448,27.021,PPO-RegenReg,Hopper-v4,4
61890,reward,3448,24.317449791543815,25.024,PPO-RegenReg,Hopper-v4,4
61905,reward,3449,8.632222360326608,24.879,PPO-RegenReg,Hopper-v4,4
61934,reward,3450,22.087745904132404,24.476,PPO-RegenReg,Hopper-v4,4
61948,reward,3451,9.04472023587876,22.933,PPO-RegenReg,Hopper-v4,4
61962,reward,3452,13.667620714699769,23.493,PPO-RegenReg,Hopper-v4,4
61976,reward,3453,9.591871340599235,23.058,PPO-RegenReg,Hopper-v4,4
61993,reward,3454,14.38293758117516,21.091,PPO-RegenReg,Hopper-v4,4
62006,reward,3455,11.78984252332764,19.215,PPO-RegenReg,Hopper-v4,4
62021,reward,3456,9.475535610726489,16.7,PPO-RegenReg,Hopper-v4,4
62034,reward,3457,11.83885256176523,13.483,PPO-RegenReg,Hopper-v4,4
62050,reward,3458,15.579997935878646,12.609,PPO-RegenReg,Hopper-v4,4
62064,reward,3459,9.126543651505434,12.659,PPO-RegenReg,Hopper-v4,4
62073,reward,3460,7.535924765130025,11.203,PPO-RegenReg,Hopper-v4,4
62106,reward,3461,37.515766308206814,14.05,PPO-RegenReg,Hopper-v4,4
62149,reward,3462,55.290781572927735,18.213,PPO-RegenReg,Hopper-v4,4
62161,reward,3463,10.592916877509518,18.313,PPO-RegenReg,Hopper-v4,4
62182,reward,3464,17.939000808011293,18.669,PPO-RegenReg,Hopper-v4,4
62211,reward,3465,22.807918789078734,19.77,PPO-RegenReg,Hopper-v4,4
62230,reward,3466,18.130231093363264,20.636,PPO-RegenReg,Hopper-v4,4
62255,reward,3467,27.980741507297704,22.25,PPO-RegenReg,Hopper-v4,4
62268,reward,3468,6.916154113703371,21.384,PPO-RegenReg,Hopper-v4,4
62282,reward,3469,7.503523462609125,21.221,PPO-RegenReg,Hopper-v4,4
62342,reward,3470,113.36829127040302,31.805,PPO-RegenReg,Hopper-v4,4
62359,reward,3471,17.502753047088152,29.803,PPO-RegenReg,Hopper-v4,4
62385,reward,3472,20.524348662573438,26.327,PPO-RegenReg,Hopper-v4,4
62418,reward,3473,44.76796484364607,29.744,PPO-RegenReg,Hopper-v4,4
62437,reward,3474,17.577877109561207,29.708,PPO-RegenReg,Hopper-v4,4
62454,reward,3475,14.427186269115213,28.87,PPO-RegenReg,Hopper-v4,4
62474,reward,3476,21.181332977494016,29.175,PPO-RegenReg,Hopper-v4,4
62498,reward,3477,24.192222593063846,28.796,PPO-RegenReg,Hopper-v4,4
62539,reward,3478,54.82252049693677,33.587,PPO-RegenReg,Hopper-v4,4
62570,reward,3479,32.99178105208709,36.136,PPO-RegenReg,Hopper-v4,4
62602,reward,3480,44.60947382863641,29.26,PPO-RegenReg,Hopper-v4,4
62623,reward,3481,24.839477715241117,29.993,PPO-RegenReg,Hopper-v4,4
62665,reward,3482,41.8749624639684,32.128,PPO-RegenReg,Hopper-v4,4
62674,reward,3483,7.1325384542671015,28.365,PPO-RegenReg,Hopper-v4,4
62685,reward,3484,10.324058015723441,27.64,PPO-RegenReg,Hopper-v4,4
62699,reward,3485,9.762334872531717,27.173,PPO-RegenReg,Hopper-v4,4
62714,reward,3486,10.005919057656016,26.056,PPO-RegenReg,Hopper-v4,4
62726,reward,3487,10.459577136884015,24.682,PPO-RegenReg,Hopper-v4,4
62789,reward,3488,68.00301447682887,26.0,PPO-RegenReg,Hopper-v4,4
62806,reward,3489,15.050924468169006,24.206,PPO-RegenReg,Hopper-v4,4
62827,reward,3490,19.1639117123428,21.662,PPO-RegenReg,Hopper-v4,4
62842,reward,3491,12.189587772736912,20.397,PPO-RegenReg,Hopper-v4,4
62863,reward,3492,23.325031988806344,18.542,PPO-RegenReg,Hopper-v4,4
62874,reward,3493,9.404539553306288,18.769,PPO-RegenReg,Hopper-v4,4
62889,reward,3494,11.259071415358411,18.862,PPO-RegenReg,Hopper-v4,4
62903,reward,3495,8.131806041461418,18.699,PPO-RegenReg,Hopper-v4,4
62935,reward,3496,25.46865689701755,20.246,PPO-RegenReg,Hopper-v4,4
62953,reward,3497,8.770636765496153,20.077,PPO-RegenReg,Hopper-v4,4
62968,reward,3498,14.84409388284761,14.761,PPO-RegenReg,Hopper-v4,4
62979,reward,3499,3.9029677876973974,13.646,PPO-RegenReg,Hopper-v4,4
62994,reward,3500,11.269977617495508,12.857,PPO-RegenReg,Hopper-v4,4
63011,reward,3501,14.729592876065892,13.111,PPO-RegenReg,Hopper-v4,4
63019,reward,3502,6.263381038888222,11.404,PPO-RegenReg,Hopper-v4,4
63038,reward,3503,19.464978008232496,12.411,PPO-RegenReg,Hopper-v4,4
63053,reward,3504,14.888244157048344,12.773,PPO-RegenReg,Hopper-v4,4
63068,reward,3505,10.666019335339843,13.027,PPO-RegenReg,Hopper-v4,4
63086,reward,3506,12.397722448220076,11.72,PPO-RegenReg,Hopper-v4,4
63100,reward,3507,12.966612934003095,12.139,PPO-RegenReg,Hopper-v4,4
63113,reward,3508,12.217724479697143,11.877,PPO-RegenReg,Hopper-v4,4
63139,reward,3509,25.424291780020987,14.029,PPO-RegenReg,Hopper-v4,4
63165,reward,3510,14.210682348163601,14.323,PPO-RegenReg,Hopper-v4,4
63191,reward,3511,22.16110941433038,15.066,PPO-RegenReg,Hopper-v4,4
63206,reward,3512,8.813261790171657,15.321,PPO-RegenReg,Hopper-v4,4
63226,reward,3513,12.803626541161313,14.655,PPO-RegenReg,Hopper-v4,4
63262,reward,3514,44.41793446421528,17.608,PPO-RegenReg,Hopper-v4,4
63280,reward,3515,19.397288820554913,18.481,PPO-RegenReg,Hopper-v4,4
63311,reward,3516,37.163843465247666,20.958,PPO-RegenReg,Hopper-v4,4
63334,reward,3517,25.53590902427036,22.215,PPO-RegenReg,Hopper-v4,4
63354,reward,3518,18.345948182782873,22.827,PPO-RegenReg,Hopper-v4,4
63383,reward,3519,38.25473864341638,24.11,PPO-RegenReg,Hopper-v4,4
63415,reward,3520,30.961796602223302,25.786,PPO-RegenReg,Hopper-v4,4
63433,reward,3521,20.699207631591808,25.639,PPO-RegenReg,Hopper-v4,4
63463,reward,3522,34.14505010696768,28.173,PPO-RegenReg,Hopper-v4,4
63505,reward,3523,56.32513780739491,32.525,PPO-RegenReg,Hopper-v4,4
63517,reward,3524,6.1513340852849225,28.698,PPO-RegenReg,Hopper-v4,4
63527,reward,3525,7.960668828971314,27.554,PPO-RegenReg,Hopper-v4,4
63541,reward,3526,8.404366249949167,24.678,PPO-RegenReg,Hopper-v4,4
63568,reward,3527,28.170524901359475,24.942,PPO-RegenReg,Hopper-v4,4
63602,reward,3528,41.23875864837077,27.231,PPO-RegenReg,Hopper-v4,4
63617,reward,3529,15.137969486303069,24.919,PPO-RegenReg,Hopper-v4,4
63639,reward,3530,21.68598257836871,23.992,PPO-RegenReg,Hopper-v4,4
63662,reward,3531,22.199758505377456,24.142,PPO-RegenReg,Hopper-v4,4
63673,reward,3532,5.495879578121729,21.277,PPO-RegenReg,Hopper-v4,4
63698,reward,3533,27.210089593837495,18.366,PPO-RegenReg,Hopper-v4,4
63718,reward,3534,14.862595173062626,19.237,PPO-RegenReg,Hopper-v4,4
63735,reward,3535,9.110307155497788,19.352,PPO-RegenReg,Hopper-v4,4
63757,reward,3536,25.71073894348269,21.082,PPO-RegenReg,Hopper-v4,4
63772,reward,3537,11.864962539459482,19.452,PPO-RegenReg,Hopper-v4,4
63797,reward,3538,31.90673067515317,18.519,PPO-RegenReg,Hopper-v4,4
63818,reward,3539,14.845569482925143,18.489,PPO-RegenReg,Hopper-v4,4
63836,reward,3540,14.510063173710606,17.772,PPO-RegenReg,Hopper-v4,4
63878,reward,3541,34.78968534742056,19.031,PPO-RegenReg,Hopper-v4,4
63891,reward,3542,6.7119489122406994,19.152,PPO-RegenReg,Hopper-v4,4
63929,reward,3543,47.660213331430285,21.197,PPO-RegenReg,Hopper-v4,4
63977,reward,3544,60.31778700627194,25.743,PPO-RegenReg,Hopper-v4,4
63990,reward,3545,6.915101118552336,25.523,PPO-RegenReg,Hopper-v4,4
64011,reward,3546,24.284524395164592,25.381,PPO-RegenReg,Hopper-v4,4
64028,reward,3547,11.026985130438657,25.297,PPO-RegenReg,Hopper-v4,4
64050,reward,3548,20.618204925964484,24.168,PPO-RegenReg,Hopper-v4,4
64066,reward,3549,12.469552024719418,23.93,PPO-RegenReg,Hopper-v4,4
64075,reward,3550,7.793207465759531,23.259,PPO-RegenReg,Hopper-v4,4
64088,reward,3551,8.399532834118792,20.62,PPO-RegenReg,Hopper-v4,4
64101,reward,3552,7.576669011204367,20.706,PPO-RegenReg,Hopper-v4,4
64119,reward,3553,20.29772550126063,17.97,PPO-RegenReg,Hopper-v4,4
64136,reward,3554,11.95866376058988,13.134,PPO-RegenReg,Hopper-v4,4
64152,reward,3555,17.377693972383213,14.18,PPO-RegenReg,Hopper-v4,4
64173,reward,3556,23.314978723102744,14.083,PPO-RegenReg,Hopper-v4,4
64186,reward,3557,8.743449911732325,13.855,PPO-RegenReg,Hopper-v4,4
64210,reward,3558,20.41434830665913,13.835,PPO-RegenReg,Hopper-v4,4
64229,reward,3559,20.51614039351635,14.639,PPO-RegenReg,Hopper-v4,4
64245,reward,3560,15.219138415720689,15.382,PPO-RegenReg,Hopper-v4,4
64257,reward,3561,6.587495921006818,15.201,PPO-RegenReg,Hopper-v4,4
64273,reward,3562,13.92073703393814,15.835,PPO-RegenReg,Hopper-v4,4
64288,reward,3563,15.31194072313061,15.336,PPO-RegenReg,Hopper-v4,4
64309,reward,3564,15.724860066347933,15.713,PPO-RegenReg,Hopper-v4,4
64330,reward,3565,21.628281673826656,16.138,PPO-RegenReg,Hopper-v4,4
64338,reward,3566,6.651404265137153,14.472,PPO-RegenReg,Hopper-v4,4
64355,reward,3567,11.193927854735142,14.717,PPO-RegenReg,Hopper-v4,4
64373,reward,3568,15.092665943268525,14.185,PPO-RegenReg,Hopper-v4,4
64401,reward,3569,31.324147718617642,15.265,PPO-RegenReg,Hopper-v4,4
64420,reward,3570,19.278319194074218,15.671,PPO-RegenReg,Hopper-v4,4
64440,reward,3571,18.020429871977765,16.815,PPO-RegenReg,Hopper-v4,4
64463,reward,3572,13.64770408334626,16.787,PPO-RegenReg,Hopper-v4,4
64484,reward,3573,24.516144388874764,17.708,PPO-RegenReg,Hopper-v4,4
64501,reward,3574,13.97150348856044,17.532,PPO-RegenReg,Hopper-v4,4
64515,reward,3575,9.584355826845641,16.328,PPO-RegenReg,Hopper-v4,4
64529,reward,3576,13.307358825947434,16.994,PPO-RegenReg,Hopper-v4,4
64556,reward,3577,25.46442117010923,18.421,PPO-RegenReg,Hopper-v4,4
64577,reward,3578,22.669450704148225,19.178,PPO-RegenReg,Hopper-v4,4
64592,reward,3579,9.14573523786085,16.961,PPO-RegenReg,Hopper-v4,4
64613,reward,3580,17.334838870649907,16.766,PPO-RegenReg,Hopper-v4,4
64631,reward,3581,12.79771602837301,16.244,PPO-RegenReg,Hopper-v4,4
64653,reward,3582,22.99524403193412,17.179,PPO-RegenReg,Hopper-v4,4
64669,reward,3583,9.5715073574065,15.684,PPO-RegenReg,Hopper-v4,4
64693,reward,3584,19.62826374092749,16.25,PPO-RegenReg,Hopper-v4,4
64714,reward,3585,20.29469875035837,17.321,PPO-RegenReg,Hopper-v4,4
64740,reward,3586,21.818834276149794,18.172,PPO-RegenReg,Hopper-v4,4
64761,reward,3587,26.13635186062975,18.239,PPO-RegenReg,Hopper-v4,4
64776,reward,3588,11.001656784585395,17.072,PPO-RegenReg,Hopper-v4,4
64803,reward,3589,32.89411522886622,19.447,PPO-RegenReg,Hopper-v4,4
64814,reward,3590,5.265424695036286,18.24,PPO-RegenReg,Hopper-v4,4
64829,reward,3591,10.706206170929171,18.031,PPO-RegenReg,Hopper-v4,4
64843,reward,3592,8.932863134452557,16.625,PPO-RegenReg,Hopper-v4,4
64851,reward,3593,5.705107671690541,16.238,PPO-RegenReg,Hopper-v4,4
64869,reward,3594,14.368813834670517,15.712,PPO-RegenReg,Hopper-v4,4
64892,reward,3595,23.20216660335542,16.003,PPO-RegenReg,Hopper-v4,4
64912,reward,3596,19.43836402925018,15.765,PPO-RegenReg,Hopper-v4,4
64923,reward,3597,4.156010626146099,13.567,PPO-RegenReg,Hopper-v4,4
64935,reward,3598,10.548310092834297,13.522,PPO-RegenReg,Hopper-v4,4
64948,reward,3599,7.398134812659921,10.972,PPO-RegenReg,Hopper-v4,4
64987,reward,3600,61.32383653633741,16.578,PPO-RegenReg,Hopper-v4,4
65006,reward,3601,10.287799726980795,16.536,PPO-RegenReg,Hopper-v4,4
65018,reward,3602,8.061190387220034,16.449,PPO-RegenReg,Hopper-v4,4
65028,reward,3603,8.224815786258192,16.701,PPO-RegenReg,Hopper-v4,4
65048,reward,3604,19.809857431889036,17.245,PPO-RegenReg,Hopper-v4,4
65063,reward,3605,7.267506999207383,15.652,PPO-RegenReg,Hopper-v4,4
65077,reward,3606,6.721836919558531,14.38,PPO-RegenReg,Hopper-v4,4
65093,reward,3607,13.180182147849019,15.282,PPO-RegenReg,Hopper-v4,4
65108,reward,3608,10.413108926908407,15.269,PPO-RegenReg,Hopper-v4,4
65120,reward,3609,8.131438621830874,15.342,PPO-RegenReg,Hopper-v4,4
65141,reward,3610,19.85651367171214,11.195,PPO-RegenReg,Hopper-v4,4
65163,reward,3611,21.23812939213151,12.29,PPO-RegenReg,Hopper-v4,4
65185,reward,3612,18.59672417771494,13.344,PPO-RegenReg,Hopper-v4,4
65208,reward,3613,26.64641438191273,15.186,PPO-RegenReg,Hopper-v4,4
65229,reward,3614,19.099057050672716,15.115,PPO-RegenReg,Hopper-v4,4
65249,reward,3615,10.451256209539673,15.433,PPO-RegenReg,Hopper-v4,4
65266,reward,3616,13.563621140698348,16.118,PPO-RegenReg,Hopper-v4,4
65289,reward,3617,19.12493140730069,16.712,PPO-RegenReg,Hopper-v4,4
65312,reward,3618,17.79413407682623,17.45,PPO-RegenReg,Hopper-v4,4
65381,reward,3619,88.28838133515575,25.466,PPO-RegenReg,Hopper-v4,4
65402,reward,3620,25.623264631391642,26.043,PPO-RegenReg,Hopper-v4,4
65419,reward,3621,18.537127637179545,25.772,PPO-RegenReg,Hopper-v4,4
65431,reward,3622,9.499129459361946,24.863,PPO-RegenReg,Hopper-v4,4
65441,reward,3623,8.500105099556727,23.048,PPO-RegenReg,Hopper-v4,4
65455,reward,3624,9.268055994898464,22.065,PPO-RegenReg,Hopper-v4,4
65542,reward,3625,191.98224853090528,40.218,PPO-RegenReg,Hopper-v4,4
65564,reward,3626,26.988427849927877,41.561,PPO-RegenReg,Hopper-v4,4
65597,reward,3627,53.67129268922059,45.015,PPO-RegenReg,Hopper-v4,4
65610,reward,3628,10.980411196727967,44.334,PPO-RegenReg,Hopper-v4,4
65641,reward,3629,33.606612742989455,38.866,PPO-RegenReg,Hopper-v4,4
65654,reward,3630,8.35073342900923,37.138,PPO-RegenReg,Hopper-v4,4
65671,reward,3631,15.143585906507766,36.799,PPO-RegenReg,Hopper-v4,4
65710,reward,3632,66.37065899847427,42.486,PPO-RegenReg,Hopper-v4,4
65753,reward,3633,59.73506696103606,47.61,PPO-RegenReg,Hopper-v4,4
65790,reward,3634,48.097328633868564,51.493,PPO-RegenReg,Hopper-v4,4
65805,reward,3635,15.401379106877997,33.835,PPO-RegenReg,Hopper-v4,4
65827,reward,3636,21.27155948584732,33.263,PPO-RegenReg,Hopper-v4,4
65841,reward,3637,8.199124083923516,28.716,PPO-RegenReg,Hopper-v4,4
65866,reward,3638,31.494500924022578,30.767,PPO-RegenReg,Hopper-v4,4
65886,reward,3639,17.221465666234398,29.129,PPO-RegenReg,Hopper-v4,4
65907,reward,3640,16.334709367645054,29.927,PPO-RegenReg,Hopper-v4,4
65922,reward,3641,9.164491978724898,29.329,PPO-RegenReg,Hopper-v4,4
65941,reward,3642,21.23178121335026,24.815,PPO-RegenReg,Hopper-v4,4
65955,reward,3643,9.454565181816914,19.787,PPO-RegenReg,Hopper-v4,4
65969,reward,3644,7.993420547374305,15.777,PPO-RegenReg,Hopper-v4,4
65988,reward,3645,16.81471119489876,15.918,PPO-RegenReg,Hopper-v4,4
66006,reward,3646,10.679079764087255,14.859,PPO-RegenReg,Hopper-v4,4
66044,reward,3647,49.97507826770421,19.036,PPO-RegenReg,Hopper-v4,4
66076,reward,3648,38.303820192721425,19.717,PPO-RegenReg,Hopper-v4,4
66100,reward,3649,29.857768603610296,20.981,PPO-RegenReg,Hopper-v4,4
66116,reward,3650,10.311326378763695,20.379,PPO-RegenReg,Hopper-v4,4
66142,reward,3651,32.52730940560178,22.715,PPO-RegenReg,Hopper-v4,4
66168,reward,3652,35.630633043363225,24.155,PPO-RegenReg,Hopper-v4,4
66200,reward,3653,38.61868176149424,27.071,PPO-RegenReg,Hopper-v4,4
66212,reward,3654,7.308443673303925,27.003,PPO-RegenReg,Hopper-v4,4
66237,reward,3655,24.829730271910076,27.804,PPO-RegenReg,Hopper-v4,4
66250,reward,3656,12.022438178635287,27.939,PPO-RegenReg,Hopper-v4,4
66260,reward,3657,8.70967494809984,23.812,PPO-RegenReg,Hopper-v4,4
66274,reward,3658,14.169589501619619,21.399,PPO-RegenReg,Hopper-v4,4
66284,reward,3659,8.556647086957733,19.268,PPO-RegenReg,Hopper-v4,4
66298,reward,3660,14.076304055723895,19.645,PPO-RegenReg,Hopper-v4,4
66315,reward,3661,14.185472200407595,17.811,PPO-RegenReg,Hopper-v4,4
66332,reward,3662,13.360191557241006,15.584,PPO-RegenReg,Hopper-v4,4
66344,reward,3663,6.778707290139651,12.4,PPO-RegenReg,Hopper-v4,4
66358,reward,3664,13.533700211990078,13.022,PPO-RegenReg,Hopper-v4,4
66381,reward,3665,23.124274771200877,12.852,PPO-RegenReg,Hopper-v4,4
66400,reward,3666,16.61575152409448,13.311,PPO-RegenReg,Hopper-v4,4
66419,reward,3667,12.463674358942066,13.686,PPO-RegenReg,Hopper-v4,4
66432,reward,3668,12.346001456556301,13.504,PPO-RegenReg,Hopper-v4,4
66458,reward,3669,32.72900865450453,15.921,PPO-RegenReg,Hopper-v4,4
66475,reward,3670,18.449933498807553,16.359,PPO-RegenReg,Hopper-v4,4
66497,reward,3671,22.86549175037326,17.227,PPO-RegenReg,Hopper-v4,4
66520,reward,3672,23.226022052541992,18.213,PPO-RegenReg,Hopper-v4,4
66531,reward,3673,5.904148289830599,18.126,PPO-RegenReg,Hopper-v4,4
66547,reward,3674,10.14680094668121,17.787,PPO-RegenReg,Hopper-v4,4
66573,reward,3675,27.80047459319762,18.255,PPO-RegenReg,Hopper-v4,4
66599,reward,3676,28.89611376749544,19.483,PPO-RegenReg,Hopper-v4,4
66616,reward,3677,14.359543469296668,19.672,PPO-RegenReg,Hopper-v4,4
66633,reward,3678,19.048911163816015,20.343,PPO-RegenReg,Hopper-v4,4
66654,reward,3679,17.922369029901585,18.862,PPO-RegenReg,Hopper-v4,4
66675,reward,3680,26.010972927145886,19.618,PPO-RegenReg,Hopper-v4,4
66694,reward,3681,22.095325641444198,19.541,PPO-RegenReg,Hopper-v4,4
66706,reward,3682,6.656707841882961,17.884,PPO-RegenReg,Hopper-v4,4
66746,reward,3683,60.954440830225266,23.389,PPO-RegenReg,Hopper-v4,4
66768,reward,3684,25.320100891090718,24.906,PPO-RegenReg,Hopper-v4,4
66814,reward,3685,76.59585175006627,29.786,PPO-RegenReg,Hopper-v4,4
66836,reward,3686,25.50192586949712,29.447,PPO-RegenReg,Hopper-v4,4
66862,reward,3687,33.64529776072063,31.375,PPO-RegenReg,Hopper-v4,4
66874,reward,3688,6.400017909525445,30.11,PPO-RegenReg,Hopper-v4,4
66907,reward,3689,40.02394772465492,32.32,PPO-RegenReg,Hopper-v4,4
66917,reward,3690,8.80244082305826,30.6,PPO-RegenReg,Hopper-v4,4
66954,reward,3691,56.488802550955036,34.039,PPO-RegenReg,Hopper-v4,4
66966,reward,3692,10.730665035159031,34.446,PPO-RegenReg,Hopper-v4,4
66989,reward,3693,23.02444343206976,30.653,PPO-RegenReg,Hopper-v4,4
67004,reward,3694,14.963818339846625,29.618,PPO-RegenReg,Hopper-v4,4
67025,reward,3695,18.76145751988673,23.834,PPO-RegenReg,Hopper-v4,4
67035,reward,3696,8.716549315892639,22.156,PPO-RegenReg,Hopper-v4,4
67120,reward,3697,148.95630371967255,33.687,PPO-RegenReg,Hopper-v4,4
67144,reward,3698,30.712721698617035,36.118,PPO-RegenReg,Hopper-v4,4
67168,reward,3699,24.239941805459942,34.54,PPO-RegenReg,Hopper-v4,4
67179,reward,3700,9.7545895048195,34.635,PPO-RegenReg,Hopper-v4,4
67198,reward,3701,16.367394241984755,30.623,PPO-RegenReg,Hopper-v4,4
67216,reward,3702,14.172973592437645,30.967,PPO-RegenReg,Hopper-v4,4
67287,reward,3703,118.8337100529104,40.548,PPO-RegenReg,Hopper-v4,4
67315,reward,3704,28.988946216872563,41.95,PPO-RegenReg,Hopper-v4,4
67377,reward,3705,97.93045397441286,49.867,PPO-RegenReg,Hopper-v4,4
67407,reward,3706,20.353910335205075,51.031,PPO-RegenReg,Hopper-v4,4
67420,reward,3707,7.675577849397854,36.903,PPO-RegenReg,Hopper-v4,4
67428,reward,3708,6.268778946883697,34.459,PPO-RegenReg,Hopper-v4,4
67449,reward,3709,19.394684008714954,33.974,PPO-RegenReg,Hopper-v4,4
67472,reward,3710,22.3555781638218,35.234,PPO-RegenReg,Hopper-v4,4
67548,reward,3711,127.4237753019429,46.34,PPO-RegenReg,Hopper-v4,4
67572,reward,3712,31.350033256999914,48.058,PPO-RegenReg,Hopper-v4,4
67595,reward,3713,22.721570241892792,38.446,PPO-RegenReg,Hopper-v4,4
67612,reward,3714,14.57830998307679,37.005,PPO-RegenReg,Hopper-v4,4
67629,reward,3715,10.380411274847495,28.25,PPO-RegenReg,Hopper-v4,4
67668,reward,3716,49.76402699852732,31.191,PPO-RegenReg,Hopper-v4,4
67708,reward,3717,54.38429594243618,35.862,PPO-RegenReg,Hopper-v4,4
67741,reward,3718,39.824901688314,39.218,PPO-RegenReg,Hopper-v4,4
67785,reward,3719,45.416463750782185,41.82,PPO-RegenReg,Hopper-v4,4
67803,reward,3720,18.902498000798065,41.475,PPO-RegenReg,Hopper-v4,4
67825,reward,3721,19.13248392332368,30.645,PPO-RegenReg,Hopper-v4,4
67858,reward,3722,27.885507924846802,30.299,PPO-RegenReg,Hopper-v4,4
67881,reward,3723,23.127977112191743,30.34,PPO-RegenReg,Hopper-v4,4
67897,reward,3724,11.431903382046086,30.025,PPO-RegenReg,Hopper-v4,4
67937,reward,3725,54.08370496608611,34.395,PPO-RegenReg,Hopper-v4,4
67958,reward,3726,26.218253577670847,32.041,PPO-RegenReg,Hopper-v4,4
68002,reward,3727,72.4311732794253,33.845,PPO-RegenReg,Hopper-v4,4
68019,reward,3728,14.829677559886903,31.346,PPO-RegenReg,Hopper-v4,4
68036,reward,3729,14.43522941397868,28.248,PPO-RegenReg,Hopper-v4,4
68048,reward,3730,11.116316252037366,27.469,PPO-RegenReg,Hopper-v4,4
68094,reward,3731,63.58378928885818,31.914,PPO-RegenReg,Hopper-v4,4
68132,reward,3732,52.24018688401362,34.35,PPO-RegenReg,Hopper-v4,4
68149,reward,3733,12.79460112236007,33.316,PPO-RegenReg,Hopper-v4,4
68178,reward,3734,34.620979973441536,35.635,PPO-RegenReg,Hopper-v4,4
68199,reward,3735,25.136784304377084,32.741,PPO-RegenReg,Hopper-v4,4
68216,reward,3736,17.29053561364536,31.848,PPO-RegenReg,Hopper-v4,4
68237,reward,3737,27.03535875981842,27.308,PPO-RegenReg,Hopper-v4,4
68300,reward,3738,98.70366815391998,35.696,PPO-RegenReg,Hopper-v4,4
68333,reward,3739,40.38726739112166,38.291,PPO-RegenReg,Hopper-v4,4
68371,reward,3740,49.01983109770329,42.081,PPO-RegenReg,Hopper-v4,4
68385,reward,3741,9.724921229304481,36.695,PPO-RegenReg,Hopper-v4,4
68435,reward,3742,71.84143364025095,38.656,PPO-RegenReg,Hopper-v4,4
68444,reward,3743,7.051959892015622,38.081,PPO-RegenReg,Hopper-v4,4
68464,reward,3744,17.747490680488237,36.394,PPO-RegenReg,Hopper-v4,4
68500,reward,3745,56.27277105529525,39.508,PPO-RegenReg,Hopper-v4,4
68519,reward,3746,19.823166638556955,39.761,PPO-RegenReg,Hopper-v4,4
68549,reward,3747,37.187335667010856,40.776,PPO-RegenReg,Hopper-v4,4
68566,reward,3748,18.691721977895305,32.775,PPO-RegenReg,Hopper-v4,4
68582,reward,3749,16.117491211892634,30.348,PPO-RegenReg,Hopper-v4,4
68635,reward,3750,66.47487927607386,32.093,PPO-RegenReg,Hopper-v4,4
68671,reward,3751,36.09156761062341,34.73,PPO-RegenReg,Hopper-v4,4
68689,reward,3752,14.475764232910027,28.993,PPO-RegenReg,Hopper-v4,4
68712,reward,3753,23.882862531504692,30.677,PPO-RegenReg,Hopper-v4,4
68753,reward,3754,52.340399716165585,34.136,PPO-RegenReg,Hopper-v4,4
68789,reward,3755,51.87346244179502,33.696,PPO-RegenReg,Hopper-v4,4
68801,reward,3756,11.156640222916325,32.829,PPO-RegenReg,Hopper-v4,4
68831,reward,3757,22.293723191343787,31.34,PPO-RegenReg,Hopper-v4,4
68864,reward,3758,45.69314814449184,34.04,PPO-RegenReg,Hopper-v4,4
68909,reward,3759,73.4107995395913,39.769,PPO-RegenReg,Hopper-v4,4
68940,reward,3760,34.6832942941875,36.59,PPO-RegenReg,Hopper-v4,4
68963,reward,3761,23.381043719844655,35.319,PPO-RegenReg,Hopper-v4,4
68987,reward,3762,29.712605381048306,36.843,PPO-RegenReg,Hopper-v4,4
69021,reward,3763,41.0281294147068,38.557,PPO-RegenReg,Hopper-v4,4
69037,reward,3764,12.625922434675765,34.586,PPO-RegenReg,Hopper-v4,4
69090,reward,3765,72.17730614441524,36.616,PPO-RegenReg,Hopper-v4,4
69107,reward,3766,18.69349841083941,37.37,PPO-RegenReg,Hopper-v4,4
69121,reward,3767,13.054411259575106,36.446,PPO-RegenReg,Hopper-v4,4
69146,reward,3768,27.097455078520614,34.586,PPO-RegenReg,Hopper-v4,4
69200,reward,3769,78.12955547501564,35.058,PPO-RegenReg,Hopper-v4,4
69223,reward,3770,26.292637969403383,34.219,PPO-RegenReg,Hopper-v4,4
69247,reward,3771,18.123555399186017,33.694,PPO-RegenReg,Hopper-v4,4
69263,reward,3772,16.310374000134363,32.353,PPO-RegenReg,Hopper-v4,4
69273,reward,3773,8.664493568529894,29.117,PPO-RegenReg,Hopper-v4,4
69291,reward,3774,16.065994629873906,29.461,PPO-RegenReg,Hopper-v4,4
69312,reward,3775,20.0574570006427,24.249,PPO-RegenReg,Hopper-v4,4
69330,reward,3776,15.827915234206962,23.962,PPO-RegenReg,Hopper-v4,4
69342,reward,3777,10.788246620233764,23.736,PPO-RegenReg,Hopper-v4,4
69370,reward,3778,37.67019669869386,24.793,PPO-RegenReg,Hopper-v4,4
69384,reward,3779,13.80890566569069,18.361,PPO-RegenReg,Hopper-v4,4
69397,reward,3780,8.862212798346917,16.618,PPO-RegenReg,Hopper-v4,4
69407,reward,3781,9.144472838004766,15.72,PPO-RegenReg,Hopper-v4,4
69449,reward,3782,49.24242596601269,19.013,PPO-RegenReg,Hopper-v4,4
69491,reward,3783,71.81181832130467,25.328,PPO-RegenReg,Hopper-v4,4
69510,reward,3784,16.857341556282616,25.407,PPO-RegenReg,Hopper-v4,4
69535,reward,3785,24.246303203190365,25.826,PPO-RegenReg,Hopper-v4,4
69557,reward,3786,26.996627010432704,26.943,PPO-RegenReg,Hopper-v4,4
69576,reward,3787,17.618122021084833,27.626,PPO-RegenReg,Hopper-v4,4
69616,reward,3788,53.13704554927691,29.173,PPO-RegenReg,Hopper-v4,4
69642,reward,3789,32.437257859738,31.035,PPO-RegenReg,Hopper-v4,4
69661,reward,3790,11.480981413195387,31.297,PPO-RegenReg,Hopper-v4,4
69672,reward,3791,9.554580599793905,31.338,PPO-RegenReg,Hopper-v4,4
69685,reward,3792,7.8945570502147016,27.203,PPO-RegenReg,Hopper-v4,4
69711,reward,3793,30.5754423761492,23.08,PPO-RegenReg,Hopper-v4,4
69786,reward,3794,123.03973937132854,33.698,PPO-RegenReg,Hopper-v4,4
69812,reward,3795,30.882746796437633,34.362,PPO-RegenReg,Hopper-v4,4
69826,reward,3796,9.67806253466874,32.63,PPO-RegenReg,Hopper-v4,4
69839,reward,3797,7.8383783532097535,31.652,PPO-RegenReg,Hopper-v4,4
69849,reward,3798,8.157529159863923,27.154,PPO-RegenReg,Hopper-v4,4
69889,reward,3799,51.025136382193686,29.013,PPO-RegenReg,Hopper-v4,4
69899,reward,3800,8.731993186655906,28.738,PPO-RegenReg,Hopper-v4,4
69937,reward,3801,47.430437031494904,32.525,PPO-RegenReg,Hopper-v4,4
69946,reward,3802,5.505863134260084,32.287,PPO-RegenReg,Hopper-v4,4
69970,reward,3803,22.303375106678516,31.459,PPO-RegenReg,Hopper-v4,4
70017,reward,3804,66.20320039816025,25.776,PPO-RegenReg,Hopper-v4,4
70038,reward,3805,20.49905577751331,24.737,PPO-RegenReg,Hopper-v4,4
70080,reward,3806,56.397286320002884,29.409,PPO-RegenReg,Hopper-v4,4
70097,reward,3807,19.066747878286584,30.532,PPO-RegenReg,Hopper-v4,4
70105,reward,3808,6.230612332189681,30.339,PPO-RegenReg,Hopper-v4,4
70121,reward,3809,12.76528368833674,26.513,PPO-RegenReg,Hopper-v4,4
70137,reward,3810,13.135440182352378,26.954,PPO-RegenReg,Hopper-v4,4
70165,reward,3811,36.48823706455116,25.86,PPO-RegenReg,Hopper-v4,4
70198,reward,3812,44.5580078652582,29.765,PPO-RegenReg,Hopper-v4,4
70216,reward,3813,13.042876962469013,28.839,PPO-RegenReg,Hopper-v4,4
70260,reward,3814,72.66126814544475,29.484,PPO-RegenReg,Hopper-v4,4
70294,reward,3815,48.17761993846694,32.252,PPO-RegenReg,Hopper-v4,4
70333,reward,3816,56.93257674815291,32.306,PPO-RegenReg,Hopper-v4,4
70351,reward,3817,14.430468622733667,31.842,PPO-RegenReg,Hopper-v4,4
70368,reward,3818,10.651179011667807,32.284,PPO-RegenReg,Hopper-v4,4
70393,reward,3819,33.38840352773295,34.347,PPO-RegenReg,Hopper-v4,4
70408,reward,3820,8.903718812105495,33.923,PPO-RegenReg,Hopper-v4,4
70427,reward,3821,18.5749938823937,32.132,PPO-RegenReg,Hopper-v4,4
70447,reward,3822,17.652057607588443,29.442,PPO-RegenReg,Hopper-v4,4
70460,reward,3823,13.146279391213584,29.452,PPO-RegenReg,Hopper-v4,4
70480,reward,3824,22.110034910823504,24.397,PPO-RegenReg,Hopper-v4,4
70517,reward,3825,50.657176679158304,24.645,PPO-RegenReg,Hopper-v4,4
70530,reward,3826,11.41321009996808,20.093,PPO-RegenReg,Hopper-v4,4
70547,reward,3827,15.102561494477174,20.16,PPO-RegenReg,Hopper-v4,4
70558,reward,3828,9.268129032531592,20.022,PPO-RegenReg,Hopper-v4,4
70587,reward,3829,37.98930904532386,20.482,PPO-RegenReg,Hopper-v4,4
70608,reward,3830,19.299625595714836,21.521,PPO-RegenReg,Hopper-v4,4
70627,reward,3831,17.765306915632408,21.44,PPO-RegenReg,Hopper-v4,4
70652,reward,3832,26.433353606244577,22.318,PPO-RegenReg,Hopper-v4,4
70675,reward,3833,26.891270170353177,23.693,PPO-RegenReg,Hopper-v4,4
70684,reward,3834,7.5914905944733135,22.241,PPO-RegenReg,Hopper-v4,4
70711,reward,3835,29.424042190839952,20.118,PPO-RegenReg,Hopper-v4,4
70724,reward,3836,11.181802521702899,20.095,PPO-RegenReg,Hopper-v4,4
70738,reward,3837,6.60101474683233,19.245,PPO-RegenReg,Hopper-v4,4
70754,reward,3838,12.319266982094016,19.55,PPO-RegenReg,Hopper-v4,4
70781,reward,3839,29.183937459484145,18.669,PPO-RegenReg,Hopper-v4,4
70800,reward,3840,16.813625813988946,18.421,PPO-RegenReg,Hopper-v4,4
70817,reward,3841,16.897672692159958,18.334,PPO-RegenReg,Hopper-v4,4
70837,reward,3842,16.43396076702461,17.334,PPO-RegenReg,Hopper-v4,4
70854,reward,3843,11.344150774829117,15.779,PPO-RegenReg,Hopper-v4,4
70870,reward,3844,16.56112911918204,16.676,PPO-RegenReg,Hopper-v4,4
70924,reward,3845,82.4979107096114,21.983,PPO-RegenReg,Hopper-v4,4
70941,reward,3846,18.381108046341218,22.703,PPO-RegenReg,Hopper-v4,4
70956,reward,3847,14.839993283748392,23.527,PPO-RegenReg,Hopper-v4,4
70969,reward,3848,8.364378075516635,23.132,PPO-RegenReg,Hopper-v4,4
70979,reward,3849,8.992634494414084,21.113,PPO-RegenReg,Hopper-v4,4
70989,reward,3850,8.577810186515151,20.289,PPO-RegenReg,Hopper-v4,4
71015,reward,3851,23.09143611030195,20.908,PPO-RegenReg,Hopper-v4,4
71027,reward,3852,10.925979070266987,20.358,PPO-RegenReg,Hopper-v4,4
71063,reward,3853,43.839924865226365,23.607,PPO-RegenReg,Hopper-v4,4
71105,reward,3854,57.18202472042766,27.669,PPO-RegenReg,Hopper-v4,4
71143,reward,3855,55.92521451014136,25.012,PPO-RegenReg,Hopper-v4,4
71171,reward,3856,37.53239022422859,26.927,PPO-RegenReg,Hopper-v4,4
71189,reward,3857,18.783665449883998,27.322,PPO-RegenReg,Hopper-v4,4
71208,reward,3858,17.033797702673365,28.188,PPO-RegenReg,Hopper-v4,4
71227,reward,3859,14.547808999775459,28.744,PPO-RegenReg,Hopper-v4,4
71251,reward,3860,25.638685574605898,30.45,PPO-RegenReg,Hopper-v4,4
71293,reward,3861,61.693405378005686,34.31,PPO-RegenReg,Hopper-v4,4
71310,reward,3862,14.469872990602926,34.665,PPO-RegenReg,Hopper-v4,4
71337,reward,3863,29.027294368288366,33.183,PPO-RegenReg,Hopper-v4,4
71359,reward,3864,22.398383178566668,29.705,PPO-RegenReg,Hopper-v4,4
71372,reward,3865,8.002751388040164,24.913,PPO-RegenReg,Hopper-v4,4
71404,reward,3866,34.87117251512723,24.647,PPO-RegenReg,Hopper-v4,4
71428,reward,3867,30.442528220913008,25.813,PPO-RegenReg,Hopper-v4,4
71463,reward,3868,40.32866985920094,28.142,PPO-RegenReg,Hopper-v4,4
71486,reward,3869,28.608629724501903,29.548,PPO-RegenReg,Hopper-v4,4
71520,reward,3870,29.128346468881233,29.897,PPO-RegenReg,Hopper-v4,4
71541,reward,3871,21.916035742982057,25.919,PPO-RegenReg,Hopper-v4,4
71550,reward,3872,7.351695355087042,25.208,PPO-RegenReg,Hopper-v4,4
71563,reward,3873,8.30400458031052,23.135,PPO-RegenReg,Hopper-v4,4
71585,reward,3874,26.436185752443688,23.539,PPO-RegenReg,Hopper-v4,4
71597,reward,3875,11.180084608656554,23.857,PPO-RegenReg,Hopper-v4,4
71608,reward,3876,6.157594138939941,20.985,PPO-RegenReg,Hopper-v4,4
71619,reward,3877,9.324548601745933,18.874,PPO-RegenReg,Hopper-v4,4
71641,reward,3878,25.22664277147397,17.363,PPO-RegenReg,Hopper-v4,4
71652,reward,3879,5.137928830441948,15.016,PPO-RegenReg,Hopper-v4,4
71664,reward,3880,11.048142981406983,13.208,PPO-RegenReg,Hopper-v4,4
71707,reward,3881,60.31775695699305,17.048,PPO-RegenReg,Hopper-v4,4
71728,reward,3882,19.609791900385787,18.274,PPO-RegenReg,Hopper-v4,4
71740,reward,3883,6.358191936488172,18.08,PPO-RegenReg,Hopper-v4,4
71754,reward,3884,8.800173754882874,16.316,PPO-RegenReg,Hopper-v4,4
71810,reward,3885,85.22108601966742,23.72,PPO-RegenReg,Hopper-v4,4
71830,reward,3886,23.206847324794207,25.425,PPO-RegenReg,Hopper-v4,4
71858,reward,3887,29.91808508594085,27.484,PPO-RegenReg,Hopper-v4,4
71871,reward,3888,12.26073607979703,26.188,PPO-RegenReg,Hopper-v4,4
71892,reward,3889,19.646727040995362,27.639,PPO-RegenReg,Hopper-v4,4
71915,reward,3890,22.960486180520522,28.83,PPO-RegenReg,Hopper-v4,4
71932,reward,3891,14.560658979420202,24.254,PPO-RegenReg,Hopper-v4,4
71978,reward,3892,55.58693889637749,27.852,PPO-RegenReg,Hopper-v4,4
71993,reward,3893,11.609806821172027,28.377,PPO-RegenReg,Hopper-v4,4
72018,reward,3894,26.45189808377276,30.142,PPO-RegenReg,Hopper-v4,4
72057,reward,3895,51.29071508580182,26.749,PPO-RegenReg,Hopper-v4,4
72117,reward,3896,109.94398430504492,35.423,PPO-RegenReg,Hopper-v4,4
72143,reward,3897,26.986740210456414,35.13,PPO-RegenReg,Hopper-v4,4
72162,reward,3898,16.16490895867966,35.52,PPO-RegenReg,Hopper-v4,4
72175,reward,3899,7.786336931445891,34.334,PPO-RegenReg,Hopper-v4,4
72190,reward,3900,8.403550258267083,32.879,PPO-RegenReg,Hopper-v4,4
72206,reward,3901,15.054570579133518,32.928,PPO-RegenReg,Hopper-v4,4
72219,reward,3902,12.388892179411604,28.608,PPO-RegenReg,Hopper-v4,4
72231,reward,3903,6.175675826300778,28.065,PPO-RegenReg,Hopper-v4,4
72252,reward,3904,25.539677365282575,27.974,PPO-RegenReg,Hopper-v4,4
72295,reward,3905,50.876503397810836,27.932,PPO-RegenReg,Hopper-v4,4
72326,reward,3906,40.679281856843545,21.006,PPO-RegenReg,Hopper-v4,4
72338,reward,3907,11.342218700343711,19.441,PPO-RegenReg,Hopper-v4,4
72415,reward,3908,163.8750503036711,34.212,PPO-RegenReg,Hopper-v4,4
72433,reward,3909,16.138120099991085,35.047,PPO-RegenReg,Hopper-v4,4
72446,reward,3910,7.983935884137978,35.005,PPO-RegenReg,Hopper-v4,4
72490,reward,3911,69.600608661103,40.46,PPO-RegenReg,Hopper-v4,4
72502,reward,3912,10.744913836499453,40.296,PPO-RegenReg,Hopper-v4,4
72510,reward,3913,6.161075457587979,40.294,PPO-RegenReg,Hopper-v4,4
72525,reward,3914,14.53604087366917,39.194,PPO-RegenReg,Hopper-v4,4
72543,reward,3915,22.352709449722507,36.341,PPO-RegenReg,Hopper-v4,4
72559,reward,3916,17.1215725158256,33.986,PPO-RegenReg,Hopper-v4,4
72607,reward,3917,75.3477259179219,40.386,PPO-RegenReg,Hopper-v4,4
72628,reward,3918,24.98321193744124,26.497,PPO-RegenReg,Hopper-v4,4
72645,reward,3919,14.893078163559448,26.372,PPO-RegenReg,Hopper-v4,4
72677,reward,3920,40.43295672551398,29.617,PPO-RegenReg,Hopper-v4,4
72702,reward,3921,31.825368677831964,25.84,PPO-RegenReg,Hopper-v4,4
72717,reward,3922,11.515924126295952,25.917,PPO-RegenReg,Hopper-v4,4
72755,reward,3923,57.47759679712076,31.049,PPO-RegenReg,Hopper-v4,4
72779,reward,3924,26.225957806386553,32.218,PPO-RegenReg,Hopper-v4,4
72811,reward,3925,47.40988967352858,34.723,PPO-RegenReg,Hopper-v4,4
72853,reward,3926,54.93069016400866,38.504,PPO-RegenReg,Hopper-v4,4
72878,reward,3927,27.49142985259762,33.719,PPO-RegenReg,Hopper-v4,4
72892,reward,3928,12.442171052040523,32.465,PPO-RegenReg,Hopper-v4,4
72936,reward,3929,62.036903069538056,37.179,PPO-RegenReg,Hopper-v4,4
72950,reward,3930,10.775160250755171,34.213,PPO-RegenReg,Hopper-v4,4
72957,reward,3931,5.549816374137511,31.586,PPO-RegenReg,Hopper-v4,4
72968,reward,3932,9.522499360615983,31.386,PPO-RegenReg,Hopper-v4,4
73033,reward,3933,101.82791825244712,35.821,PPO-RegenReg,Hopper-v4,4
73052,reward,3934,13.812942886928203,34.58,PPO-RegenReg,Hopper-v4,4
73111,reward,3935,101.73680588478761,40.013,PPO-RegenReg,Hopper-v4,4
73133,reward,3936,16.91200452053309,36.211,PPO-RegenReg,Hopper-v4,4
73165,reward,3937,46.37284192996106,38.099,PPO-RegenReg,Hopper-v4,4
73181,reward,3938,14.437923486070305,38.298,PPO-RegenReg,Hopper-v4,4
73196,reward,3939,15.552604437441708,33.65,PPO-RegenReg,Hopper-v4,4
73251,reward,3940,99.18061603018607,42.491,PPO-RegenReg,Hopper-v4,4
73268,reward,3941,12.671326202131429,43.203,PPO-RegenReg,Hopper-v4,4
73291,reward,3942,17.008013755241006,43.951,PPO-RegenReg,Hopper-v4,4
73309,reward,3943,18.721243291879052,35.641,PPO-RegenReg,Hopper-v4,4
73339,reward,3944,36.49580236598605,37.909,PPO-RegenReg,Hopper-v4,4
73364,reward,3945,25.592655163711438,30.295,PPO-RegenReg,Hopper-v4,4
73378,reward,3946,12.801640025722332,29.883,PPO-RegenReg,Hopper-v4,4
73417,reward,3947,52.11916787012689,30.458,PPO-RegenReg,Hopper-v4,4
73429,reward,3948,10.504597759067776,30.065,PPO-RegenReg,Hopper-v4,4
73449,reward,3949,22.214494307778157,30.731,PPO-RegenReg,Hopper-v4,4
73528,reward,3950,172.05066431008888,38.018,PPO-RegenReg,Hopper-v4,4
73550,reward,3951,23.471910772922225,39.098,PPO-RegenReg,Hopper-v4,4
73559,reward,3952,7.758852229069699,38.173,PPO-RegenReg,Hopper-v4,4
73587,reward,3953,30.910521892336426,39.392,PPO-RegenReg,Hopper-v4,4
73616,reward,3954,40.065650849035606,39.749,PPO-RegenReg,Hopper-v4,4
73651,reward,3955,43.023714741793825,41.492,PPO-RegenReg,Hopper-v4,4
73689,reward,3956,57.690807855917384,45.981,PPO-RegenReg,Hopper-v4,4
73710,reward,3957,19.51299551540744,42.72,PPO-RegenReg,Hopper-v4,4
73722,reward,3958,10.642088849537743,42.734,PPO-RegenReg,Hopper-v4,4
73743,reward,3959,20.51771201656233,42.564,PPO-RegenReg,Hopper-v4,4
73766,reward,3960,23.541072924941513,27.714,PPO-RegenReg,Hopper-v4,4
73856,reward,3961,204.99190031010005,45.866,PPO-RegenReg,Hopper-v4,4
73910,reward,3962,99.69808043675673,55.059,PPO-RegenReg,Hopper-v4,4
73970,reward,3963,109.02789789617589,62.871,PPO-RegenReg,Hopper-v4,4
74031,reward,3964,115.91101075735565,70.456,PPO-RegenReg,Hopper-v4,4
74091,reward,3965,115.3418042347238,77.688,PPO-RegenReg,Hopper-v4,4
74100,reward,3966,7.0357328518836075,72.622,PPO-RegenReg,Hopper-v4,4
74190,reward,3967,206.20555384376135,91.291,PPO-RegenReg,Hopper-v4,4
74221,reward,3968,37.8012850621059,94.007,PPO-RegenReg,Hopper-v4,4
74242,reward,3969,14.702439841758975,93.426,PPO-RegenReg,Hopper-v4,4
74308,reward,3970,105.85032476066691,101.657,PPO-RegenReg,Hopper-v4,4
74346,reward,3971,56.769449819340615,86.834,PPO-RegenReg,Hopper-v4,4
74387,reward,3972,70.0325916940535,83.868,PPO-RegenReg,Hopper-v4,4
74404,reward,3973,17.18535602102601,74.684,PPO-RegenReg,Hopper-v4,4
74432,reward,3974,30.52087443911796,66.145,PPO-RegenReg,Hopper-v4,4
74497,reward,3975,126.16613839497822,67.227,PPO-RegenReg,Hopper-v4,4
74510,reward,3976,12.240858599922072,67.747,PPO-RegenReg,Hopper-v4,4
74532,reward,3977,21.132781430602524,49.24,PPO-RegenReg,Hopper-v4,4
74557,reward,3978,28.00385577998796,48.26,PPO-RegenReg,Hopper-v4,4
74609,reward,3979,91.56795798741962,55.947,PPO-RegenReg,Hopper-v4,4
74640,reward,3980,36.60235776073391,49.022,PPO-RegenReg,Hopper-v4,4
74661,reward,3981,24.448254327641653,45.79,PPO-RegenReg,Hopper-v4,4
74754,reward,3982,208.41238678806627,59.628,PPO-RegenReg,Hopper-v4,4
74797,reward,3983,52.18614376896972,63.128,PPO-RegenReg,Hopper-v4,4
74825,reward,3984,31.815578414060187,63.258,PPO-RegenReg,Hopper-v4,4
74896,reward,3985,146.41280283726599,65.282,PPO-RegenReg,Hopper-v4,4
74949,reward,3986,79.55998187753933,72.014,PPO-RegenReg,Hopper-v4,4
75026,reward,3987,164.0349265116546,86.304,PPO-RegenReg,Hopper-v4,4
75088,reward,3988,92.95889130048104,92.8,PPO-RegenReg,Hopper-v4,4
75143,reward,3989,82.62383383477241,91.906,PPO-RegenReg,Hopper-v4,4
75160,reward,3990,13.11350567430036,89.557,PPO-RegenReg,Hopper-v4,4
75225,reward,3991,105.95169319434498,97.707,PPO-RegenReg,Hopper-v4,4
75241,reward,3992,14.070545941921285,78.273,PPO-RegenReg,Hopper-v4,4
75289,reward,3993,85.1759718016992,81.572,PPO-RegenReg,Hopper-v4,4
75357,reward,3994,106.73112205706916,89.063,PPO-RegenReg,Hopper-v4,4
75416,reward,3995,92.87720016172864,83.71,PPO-RegenReg,Hopper-v4,4
75453,reward,3996,49.11165980158735,80.665,PPO-RegenReg,Hopper-v4,4
75482,reward,3997,32.989025172714804,67.56,PPO-RegenReg,Hopper-v4,4
75495,reward,3998,7.106840537718076,58.975,PPO-RegenReg,Hopper-v4,4
75522,reward,3999,36.81965366220964,54.395,PPO-RegenReg,Hopper-v4,4
75564,reward,4000,57.47542728577119,58.831,PPO-RegenReg,Hopper-v4,4
75576,reward,4001,7.413248097775699,48.977,PPO-RegenReg,Hopper-v4,4
75621,reward,4002,50.572733847858906,52.627,PPO-RegenReg,Hopper-v4,4
75657,reward,4003,44.88301698335396,48.598,PPO-RegenReg,Hopper-v4,4
75677,reward,4004,18.683174009620707,39.793,PPO-RegenReg,Hopper-v4,4
75703,reward,4005,22.331907586833054,32.739,PPO-RegenReg,Hopper-v4,4
75776,reward,4006,118.6816320344917,39.696,PPO-RegenReg,Hopper-v4,4
75803,reward,4007,29.53873271443549,39.351,PPO-RegenReg,Hopper-v4,4
75861,reward,4008,109.71528354239129,49.611,PPO-RegenReg,Hopper-v4,4
75896,reward,4009,45.14117692957739,50.444,PPO-RegenReg,Hopper-v4,4
75968,reward,4010,113.95763093941872,56.092,PPO-RegenReg,Hopper-v4,4
76010,reward,4011,55.72747221599643,60.923,PPO-RegenReg,Hopper-v4,4
76062,reward,4012,77.02449175428093,63.568,PPO-RegenReg,Hopper-v4,4
76094,reward,4013,38.37034737253525,62.917,PPO-RegenReg,Hopper-v4,4
76118,reward,4014,30.289009085453085,64.078,PPO-RegenReg,Hopper-v4,4
76168,reward,4015,73.14970611748448,69.16,PPO-RegenReg,Hopper-v4,4
76184,reward,4016,15.727191193945425,58.864,PPO-RegenReg,Hopper-v4,4
76205,reward,4017,24.642890090171388,58.375,PPO-RegenReg,Hopper-v4,4
76224,reward,4018,18.276457056364784,49.231,PPO-RegenReg,Hopper-v4,4
76291,reward,4019,117.5648979653075,56.473,PPO-RegenReg,Hopper-v4,4
76316,reward,4020,26.93024324099663,47.77,PPO-RegenReg,Hopper-v4,4
76344,reward,4021,32.1388306887144,45.411,PPO-RegenReg,Hopper-v4,4
76385,reward,4022,55.894631784276015,43.298,PPO-RegenReg,Hopper-v4,4
76418,reward,4023,54.47086239301286,44.908,PPO-RegenReg,Hopper-v4,4
76476,reward,4024,90.34681320121855,50.914,PPO-RegenReg,Hopper-v4,4
76509,reward,4025,48.909011596439434,48.49,PPO-RegenReg,Hopper-v4,4
76535,reward,4026,30.160297051158402,49.933,PPO-RegenReg,Hopper-v4,4
76559,reward,4027,26.764242126526405,50.146,PPO-RegenReg,Hopper-v4,4
76628,reward,4028,141.33787357133258,62.452,PPO-RegenReg,Hopper-v4,4
76671,reward,4029,73.95974391507663,58.091,PPO-RegenReg,Hopper-v4,4
76725,reward,4030,98.73106847779476,65.271,PPO-RegenReg,Hopper-v4,4
76777,reward,4031,76.75981806499394,69.733,PPO-RegenReg,Hopper-v4,4
76824,reward,4032,77.59228440155248,71.903,PPO-RegenReg,Hopper-v4,4
76851,reward,4033,19.217566865435597,68.378,PPO-RegenReg,Hopper-v4,4
76863,reward,4034,7.071514687287695,60.05,PPO-RegenReg,Hopper-v4,4
76897,reward,4035,42.96022941355236,59.455,PPO-RegenReg,Hopper-v4,4
76978,reward,4036,178.1808800552215,74.258,PPO-RegenReg,Hopper-v4,4
77049,reward,4037,144.02315871900572,85.983,PPO-RegenReg,Hopper-v4,4
77069,reward,4038,23.63505198391965,74.213,PPO-RegenReg,Hopper-v4,4
77138,reward,4039,138.90522856492106,80.708,PPO-RegenReg,Hopper-v4,4
77159,reward,4040,18.3012388442434,72.665,PPO-RegenReg,Hopper-v4,4
77190,reward,4041,35.502226463404,68.539,PPO-RegenReg,Hopper-v4,4
77224,reward,4042,32.19625204935717,63.999,PPO-RegenReg,Hopper-v4,4
77255,reward,4043,39.818913291192786,66.059,PPO-RegenReg,Hopper-v4,4
77297,reward,4044,69.34339096848726,72.287,PPO-RegenReg,Hopper-v4,4
77334,reward,4045,49.480162699115674,72.939,PPO-RegenReg,Hopper-v4,4
77367,reward,4046,54.295662436529696,60.55,PPO-RegenReg,Hopper-v4,4
77421,reward,4047,80.38290474534173,54.186,PPO-RegenReg,Hopper-v4,4
77459,reward,4048,49.57510507066897,56.78,PPO-RegenReg,Hopper-v4,4
77481,reward,4049,22.385755832129288,45.128,PPO-RegenReg,Hopper-v4,4
77549,reward,4050,103.44067092043906,53.642,PPO-RegenReg,Hopper-v4,4
77602,reward,4051,78.70040060688217,57.962,PPO-RegenReg,Hopper-v4,4
77647,reward,4052,64.84298415373897,61.227,PPO-RegenReg,Hopper-v4,4
77681,reward,4053,47.814657260292435,62.026,PPO-RegenReg,Hopper-v4,4
77730,reward,4054,71.03171838379045,62.195,PPO-RegenReg,Hopper-v4,4
77759,reward,4055,15.82836853703368,58.83,PPO-RegenReg,Hopper-v4,4
77777,reward,4056,14.994209381188059,54.9,PPO-RegenReg,Hopper-v4,4
77813,reward,4057,46.028946989643394,51.464,PPO-RegenReg,Hopper-v4,4
77861,reward,4058,69.1801105957283,53.425,PPO-RegenReg,Hopper-v4,4
77932,reward,4059,145.82393098344363,65.769,PPO-RegenReg,Hopper-v4,4
77969,reward,4060,62.21643734608358,61.646,PPO-RegenReg,Hopper-v4,4
77990,reward,4061,25.07527363507012,56.284,PPO-RegenReg,Hopper-v4,4
78050,reward,4062,93.55038023621104,59.154,PPO-RegenReg,Hopper-v4,4
78066,reward,4063,11.812537578997224,55.554,PPO-RegenReg,Hopper-v4,4
78117,reward,4064,90.27692676108431,57.479,PPO-RegenReg,Hopper-v4,4
78200,reward,4065,183.5928309950027,74.255,PPO-RegenReg,Hopper-v4,4
78232,reward,4066,44.0125639424778,77.157,PPO-RegenReg,Hopper-v4,4
78254,reward,4067,21.381811690695578,74.692,PPO-RegenReg,Hopper-v4,4
78292,reward,4068,50.00470766745464,72.775,PPO-RegenReg,Hopper-v4,4
78376,reward,4069,186.72474984818248,76.865,PPO-RegenReg,Hopper-v4,4
78406,reward,4070,36.693658874843486,74.313,PPO-RegenReg,Hopper-v4,4
78443,reward,4071,62.23341630439415,78.028,PPO-RegenReg,Hopper-v4,4
78476,reward,4072,47.455734662721746,73.419,PPO-RegenReg,Hopper-v4,4
78559,reward,4073,186.767346438954,90.914,PPO-RegenReg,Hopper-v4,4
78572,reward,4074,11.528979318361149,83.04,PPO-RegenReg,Hopper-v4,4
78601,reward,4075,32.507961052556986,67.931,PPO-RegenReg,Hopper-v4,4
78614,reward,4076,7.546492367291617,64.284,PPO-RegenReg,Hopper-v4,4
78638,reward,4077,23.336339568710713,64.48,PPO-RegenReg,Hopper-v4,4
78674,reward,4078,47.62496875413704,64.242,PPO-RegenReg,Hopper-v4,4
78715,reward,4079,61.18508452672161,51.688,PPO-RegenReg,Hopper-v4,4
78737,reward,4080,22.322544718257095,50.251,PPO-RegenReg,Hopper-v4,4
78793,reward,4081,103.08565078624672,54.336,PPO-RegenReg,Hopper-v4,4
78809,reward,4082,11.030441062627157,50.694,PPO-RegenReg,Hopper-v4,4
78862,reward,4083,95.05530340186313,41.522,PPO-RegenReg,Hopper-v4,4
78902,reward,4084,59.169965267499116,46.286,PPO-RegenReg,Hopper-v4,4
78953,reward,4085,87.10657911590454,51.746,PPO-RegenReg,Hopper-v4,4
79035,reward,4086,180.74527017178534,69.066,PPO-RegenReg,Hopper-v4,4
79085,reward,4087,71.53664207064098,73.886,PPO-RegenReg,Hopper-v4,4
79109,reward,4088,24.05641243343692,71.529,PPO-RegenReg,Hopper-v4,4
79177,reward,4089,125.30396468953887,77.941,PPO-RegenReg,Hopper-v4,4
79242,reward,4090,98.98872771217457,85.608,PPO-RegenReg,Hopper-v4,4
79288,reward,4091,78.3621120075588,83.136,PPO-RegenReg,Hopper-v4,4
79361,reward,4092,152.49442637197726,97.282,PPO-RegenReg,Hopper-v4,4
79381,reward,4093,23.764953555124777,90.153,PPO-RegenReg,Hopper-v4,4
79443,reward,4094,119.38830522323786,96.175,PPO-RegenReg,Hopper-v4,4
79470,reward,4095,31.609229988199917,90.625,PPO-RegenReg,Hopper-v4,4
79494,reward,4096,29.285264020063394,75.479,PPO-RegenReg,Hopper-v4,4
79530,reward,4097,45.04819857801647,72.83,PPO-RegenReg,Hopper-v4,4
79556,reward,4098,26.178775985438556,73.042,PPO-RegenReg,Hopper-v4,4
79572,reward,4099,13.60697529332444,61.873,PPO-RegenReg,Hopper-v4,4
79598,reward,4100,34.35473984041631,55.409,PPO-RegenReg,Hopper-v4,4
79636,reward,4101,58.28451597455016,53.402,PPO-RegenReg,Hopper-v4,4
79681,reward,4102,63.72268258490495,44.524,PPO-RegenReg,Hopper-v4,4
79706,reward,4103,26.803346495764373,44.828,PPO-RegenReg,Hopper-v4,4
79735,reward,4104,33.6572471228833,36.255,PPO-RegenReg,Hopper-v4,4
79759,reward,4105,31.62674216644684,36.257,PPO-RegenReg,Hopper-v4,4
79824,reward,4106,129.8715596513317,46.315,PPO-RegenReg,Hopper-v4,4
79855,reward,4107,28.94111212469276,44.705,PPO-RegenReg,Hopper-v4,4
79885,reward,4108,43.79035738146179,46.466,PPO-RegenReg,Hopper-v4,4
79918,reward,4109,30.300342158096306,48.135,PPO-RegenReg,Hopper-v4,4
79956,reward,4110,49.263641653204274,49.626,PPO-RegenReg,Hopper-v4,4
79975,reward,4111,17.381054946286714,45.536,PPO-RegenReg,Hopper-v4,4
79992,reward,4112,19.59870187833761,41.123,PPO-RegenReg,Hopper-v4,4
80035,reward,4113,60.319180554471295,44.475,PPO-RegenReg,Hopper-v4,4
80050,reward,4114,10.966496806168458,42.206,PPO-RegenReg,Hopper-v4,4
80113,reward,4115,121.54295237313434,51.198,PPO-RegenReg,Hopper-v4,4
80154,reward,4116,51.9722343290251,43.408,PPO-RegenReg,Hopper-v4,4
80218,reward,4117,126.90084183997,53.204,PPO-RegenReg,Hopper-v4,4
80241,reward,4118,25.19021879648393,51.344,PPO-RegenReg,Hopper-v4,4
80287,reward,4119,68.8206087513851,55.196,PPO-RegenReg,Hopper-v4,4
80314,reward,4120,25.383393661381767,52.808,PPO-RegenReg,Hopper-v4,4
80374,reward,4121,91.80926548026672,60.25,PPO-RegenReg,Hopper-v4,4
80416,reward,4122,73.4068422653138,65.631,PPO-RegenReg,Hopper-v4,4
80467,reward,4123,91.073973805421,68.707,PPO-RegenReg,Hopper-v4,4
80518,reward,4124,75.99415075834145,75.209,PPO-RegenReg,Hopper-v4,4
80577,reward,4125,92.59744022120564,72.315,PPO-RegenReg,Hopper-v4,4
80622,reward,4126,72.86233049172591,74.404,PPO-RegenReg,Hopper-v4,4
80667,reward,4127,67.51274788384023,68.465,PPO-RegenReg,Hopper-v4,4
80675,reward,4128,5.558857345785069,66.502,PPO-RegenReg,Hopper-v4,4
80746,reward,4129,116.84735601535067,71.305,PPO-RegenReg,Hopper-v4,4
80784,reward,4130,49.78872423670669,73.745,PPO-RegenReg,Hopper-v4,4
80813,reward,4131,34.26455785919593,67.991,PPO-RegenReg,Hopper-v4,4
80847,reward,4132,42.165019352152555,64.867,PPO-RegenReg,Hopper-v4,4
80925,reward,4133,159.99549370375556,71.759,PPO-RegenReg,Hopper-v4,4
80951,reward,4134,32.20487738750505,67.38,PPO-RegenReg,Hopper-v4,4
80996,reward,4135,73.07766957317565,65.428,PPO-RegenReg,Hopper-v4,4
81010,reward,4136,9.624088798534473,59.104,PPO-RegenReg,Hopper-v4,4
81024,reward,4137,8.165083577448113,53.169,PPO-RegenReg,Hopper-v4,4
81068,reward,4138,60.8727247640924,58.701,PPO-RegenReg,Hopper-v4,4
81107,reward,4139,51.37790223335516,52.154,PPO-RegenReg,Hopper-v4,4
81121,reward,4140,12.422100039544226,48.417,PPO-RegenReg,Hopper-v4,4
81145,reward,4141,31.4858728935721,48.139,PPO-RegenReg,Hopper-v4,4
81166,reward,4142,17.873493501322365,45.71,PPO-RegenReg,Hopper-v4,4
81189,reward,4143,27.99240438887346,32.51,PPO-RegenReg,Hopper-v4,4
81214,reward,4144,26.3896995429516,31.928,PPO-RegenReg,Hopper-v4,4
81233,reward,4145,18.495476125710926,26.47,PPO-RegenReg,Hopper-v4,4
81259,reward,4146,29.502452807974638,28.458,PPO-RegenReg,Hopper-v4,4
81323,reward,4147,125.24413370080335,40.166,PPO-RegenReg,Hopper-v4,4
81414,reward,4148,197.03011806674445,53.781,PPO-RegenReg,Hopper-v4,4
81447,reward,4149,39.62528360830857,52.606,PPO-RegenReg,Hopper-v4,4
81504,reward,4150,88.29525786389598,60.193,PPO-RegenReg,Hopper-v4,4
81522,reward,4151,15.114464744150034,58.556,PPO-RegenReg,Hopper-v4,4
81549,reward,4152,28.93734327855187,59.663,PPO-RegenReg,Hopper-v4,4
81581,reward,4153,26.870179317260142,59.55,PPO-RegenReg,Hopper-v4,4
81612,reward,4154,42.4285853631517,61.154,PPO-RegenReg,Hopper-v4,4
81634,reward,4155,18.635882864811585,61.168,PPO-RegenReg,Hopper-v4,4
81685,reward,4156,93.28969264007111,67.547,PPO-RegenReg,Hopper-v4,4
81713,reward,4157,31.525989893273643,58.175,PPO-RegenReg,Hopper-v4,4
81791,reward,4158,129.7197400262935,51.444,PPO-RegenReg,Hopper-v4,4
81830,reward,4159,42.70980072722707,51.753,PPO-RegenReg,Hopper-v4,4
81853,reward,4160,22.748613432765342,45.198,PPO-RegenReg,Hopper-v4,4
81885,reward,4161,52.6696347208845,48.954,PPO-RegenReg,Hopper-v4,4
81925,reward,4162,66.18994714936902,52.679,PPO-RegenReg,Hopper-v4,4
81974,reward,4163,73.35785880125783,57.328,PPO-RegenReg,Hopper-v4,4
82028,reward,4164,98.07123203914011,62.892,PPO-RegenReg,Hopper-v4,4
82070,reward,4165,71.75649122711492,68.204,PPO-RegenReg,Hopper-v4,4
82110,reward,4166,63.18264575633644,65.193,PPO-RegenReg,Hopper-v4,4
82158,reward,4167,86.00071169342091,70.641,PPO-RegenReg,Hopper-v4,4
82227,reward,4168,140.40328805430903,71.709,PPO-RegenReg,Hopper-v4,4
82247,reward,4169,20.060844664327668,69.444,PPO-RegenReg,Hopper-v4,4
82321,reward,4170,155.53926644775882,82.723,PPO-RegenReg,Hopper-v4,4
82372,reward,4171,89.88941306130694,86.445,PPO-RegenReg,Hopper-v4,4
82385,reward,4172,12.314652916736417,81.058,PPO-RegenReg,Hopper-v4,4
82419,reward,4173,42.354021714739616,77.957,PPO-RegenReg,Hopper-v4,4
82480,reward,4174,115.93373378249814,79.744,PPO-RegenReg,Hopper-v4,4
82561,reward,4175,167.8311643892582,89.351,PPO-RegenReg,Hopper-v4,4
82645,reward,4176,190.2596966471273,102.059,PPO-RegenReg,Hopper-v4,4
82742,reward,4177,214.48080528423705,114.907,PPO-RegenReg,Hopper-v4,4
82765,reward,4178,25.918918903200158,103.458,PPO-RegenReg,Hopper-v4,4
82807,reward,4179,71.93640270513505,108.646,PPO-RegenReg,Hopper-v4,4
82830,reward,4180,24.827868557324248,95.575,PPO-RegenReg,Hopper-v4,4
82875,reward,4181,77.50791056458407,94.337,PPO-RegenReg,Hopper-v4,4
82926,reward,4182,91.2262561423852,102.228,PPO-RegenReg,Hopper-v4,4
82958,reward,4183,38.169489164532465,101.809,PPO-RegenReg,Hopper-v4,4
83017,reward,4184,111.83965122075882,101.4,PPO-RegenReg,Hopper-v4,4
83068,reward,4185,92.97751877070952,93.914,PPO-RegenReg,Hopper-v4,4
83158,reward,4186,169.81165180913752,91.87,PPO-RegenReg,Hopper-v4,4
83193,reward,4187,57.66080016837463,76.188,PPO-RegenReg,Hopper-v4,4
83221,reward,4188,30.951504395374336,76.691,PPO-RegenReg,Hopper-v4,4
83288,reward,4189,126.97710079735654,82.195,PPO-RegenReg,Hopper-v4,4
83296,reward,4190,6.4597351612816025,80.358,PPO-RegenReg,Hopper-v4,4
83344,reward,4191,84.80550505939755,81.088,PPO-RegenReg,Hopper-v4,4
83401,reward,4192,108.33975182570673,82.799,PPO-RegenReg,Hopper-v4,4
83426,reward,4193,27.059504619869607,81.688,PPO-RegenReg,Hopper-v4,4
83442,reward,4194,17.839917509434063,72.288,PPO-RegenReg,Hopper-v4,4
83464,reward,4195,25.455390704779784,65.536,PPO-RegenReg,Hopper-v4,4
83506,reward,4196,71.82424481561486,55.737,PPO-RegenReg,Hopper-v4,4
83596,reward,4197,205.56099864252042,70.527,PPO-RegenReg,Hopper-v4,4
83628,reward,4198,52.57557221456724,72.69,PPO-RegenReg,Hopper-v4,4
83654,reward,4199,28.213442050352544,62.813,PPO-RegenReg,Hopper-v4,4
83693,reward,4200,65.1863098103969,68.686,PPO-RegenReg,Hopper-v4,4
83763,reward,4201,111.9377976894833,71.399,PPO-RegenReg,Hopper-v4,4
83782,reward,4202,17.93454958553574,62.359,PPO-RegenReg,Hopper-v4,4
83820,reward,4203,63.56579254544931,66.009,PPO-RegenReg,Hopper-v4,4
83875,reward,4204,100.14779994920275,74.24,PPO-RegenReg,Hopper-v4,4
83946,reward,4205,148.4958929151328,86.544,PPO-RegenReg,Hopper-v4,4
83994,reward,4206,82.13373865761251,87.575,PPO-RegenReg,Hopper-v4,4
84055,reward,4207,86.55275850532622,75.674,PPO-RegenReg,Hopper-v4,4
84084,reward,4208,34.3295544163592,73.85,PPO-RegenReg,Hopper-v4,4
84109,reward,4209,32.973396116059355,74.326,PPO-RegenReg,Hopper-v4,4
84171,reward,4210,119.45985237782347,79.753,PPO-RegenReg,Hopper-v4,4
84238,reward,4211,110.40229633282291,79.6,PPO-RegenReg,Hopper-v4,4
84250,reward,4212,11.042862079090057,78.91,PPO-RegenReg,Hopper-v4,4
84329,reward,4213,120.52971986144489,84.607,PPO-RegenReg,Hopper-v4,4
84414,reward,4214,143.319785882612,88.924,PPO-RegenReg,Hopper-v4,4
84487,reward,4215,147.34278612675354,88.809,PPO-RegenReg,Hopper-v4,4
84543,reward,4216,105.28510694592528,91.124,PPO-RegenReg,Hopper-v4,4
84597,reward,4217,99.72787351959171,92.441,PPO-RegenReg,Hopper-v4,4
84655,reward,4218,109.30251587236616,99.939,PPO-RegenReg,Hopper-v4,4
84711,reward,4219,103.24168029653221,106.965,PPO-RegenReg,Hopper-v4,4
84776,reward,4220,128.34865146134933,107.854,PPO-RegenReg,Hopper-v4,4
84820,reward,4221,75.99214903712557,104.413,PPO-RegenReg,Hopper-v4,4
84852,reward,4222,38.69447912024341,107.178,PPO-RegenReg,Hopper-v4,4
84926,reward,4223,156.4643904833977,110.772,PPO-RegenReg,Hopper-v4,4
84999,reward,4224,149.7491495939992,111.415,PPO-RegenReg,Hopper-v4,4
85035,reward,4225,59.92164161551789,102.673,PPO-RegenReg,Hopper-v4,4
85119,reward,4226,193.4583924061701,111.49,PPO-RegenReg,Hopper-v4,4
85178,reward,4227,111.75855126489222,112.693,PPO-RegenReg,Hopper-v4,4
85219,reward,4228,57.05096455587575,107.468,PPO-RegenReg,Hopper-v4,4
85256,reward,4229,61.6172606870384,103.306,PPO-RegenReg,Hopper-v4,4
85316,reward,4230,114.13993621109947,101.885,PPO-RegenReg,Hopper-v4,4
85333,reward,4231,13.57448573733891,95.643,PPO-RegenReg,Hopper-v4,4
85402,reward,4232,138.39489206588587,105.613,PPO-RegenReg,Hopper-v4,4
85499,reward,4233,204.48974599450324,110.416,PPO-RegenReg,Hopper-v4,4
85569,reward,4234,145.19189143201933,109.96,PPO-RegenReg,Hopper-v4,4
85595,reward,4235,31.099111903466042,107.078,PPO-RegenReg,Hopper-v4,4
85654,reward,4236,93.88431832811459,97.12,PPO-RegenReg,Hopper-v4,4
85729,reward,4237,159.31647506637103,101.876,PPO-RegenReg,Hopper-v4,4
85779,reward,4238,73.96948425182994,103.568,PPO-RegenReg,Hopper-v4,4
85812,reward,4239,42.15240156282147,101.621,PPO-RegenReg,Hopper-v4,4
85843,reward,4240,50.62731263190556,95.27,PPO-RegenReg,Hopper-v4,4
85878,reward,4241,53.07260307270016,99.22,PPO-RegenReg,Hopper-v4,4
85921,reward,4242,74.80979709356268,92.861,PPO-RegenReg,Hopper-v4,4
85960,reward,4243,65.59354630966362,78.972,PPO-RegenReg,Hopper-v4,4
86000,reward,4244,67.25945391588863,71.178,PPO-RegenReg,Hopper-v4,4
86055,reward,4245,105.54888256577632,78.623,PPO-RegenReg,Hopper-v4,4
86125,reward,4246,143.53336654800052,83.588,PPO-RegenReg,Hopper-v4,4
86166,reward,4247,69.7541852236402,74.632,PPO-RegenReg,Hopper-v4,4
86206,reward,4248,64.53603630185088,73.689,PPO-RegenReg,Hopper-v4,4
86260,reward,4249,79.41860954933982,77.415,PPO-RegenReg,Hopper-v4,4
86285,reward,4250,33.01480465587162,75.654,PPO-RegenReg,Hopper-v4,4
86332,reward,4251,82.3807086321227,78.585,PPO-RegenReg,Hopper-v4,4
86370,reward,4252,63.06809385675278,77.411,PPO-RegenReg,Hopper-v4,4
86407,reward,4253,62.53089950515991,77.105,PPO-RegenReg,Hopper-v4,4
86477,reward,4254,143.15071419298928,84.694,PPO-RegenReg,Hopper-v4,4
86541,reward,4255,120.32239990116558,86.171,PPO-RegenReg,Hopper-v4,4
86614,reward,4256,154.85375881033144,87.303,PPO-RegenReg,Hopper-v4,4
86646,reward,4257,38.99274542480981,84.227,PPO-RegenReg,Hopper-v4,4
86720,reward,4258,155.81828735479277,93.355,PPO-RegenReg,Hopper-v4,4
86782,reward,4259,117.14361967894608,97.128,PPO-RegenReg,Hopper-v4,4
86867,reward,4260,190.70708262813127,112.897,PPO-RegenReg,Hopper-v4,4
86959,reward,4261,209.91709998599063,125.65,PPO-RegenReg,Hopper-v4,4
87019,reward,4262,114.13665744599612,130.757,PPO-RegenReg,Hopper-v4,4
87037,reward,4263,21.160257490602433,126.62,PPO-RegenReg,Hopper-v4,4
87057,reward,4264,23.207626998825877,114.626,PPO-RegenReg,Hopper-v4,4
87142,reward,4265,190.96903065402714,121.691,PPO-RegenReg,Hopper-v4,4
87175,reward,4266,55.8681738456563,111.792,PPO-RegenReg,Hopper-v4,4
87212,reward,4267,62.61650327788623,114.154,PPO-RegenReg,Hopper-v4,4
87243,reward,4268,46.49401362185738,103.222,PPO-RegenReg,Hopper-v4,4
87316,reward,4269,143.13654852981455,105.821,PPO-RegenReg,Hopper-v4,4
87389,reward,4270,154.59407338435767,102.21,PPO-RegenReg,Hopper-v4,4
87439,reward,4271,89.661331468274,90.184,PPO-RegenReg,Hopper-v4,4
87491,reward,4272,99.00614182893675,88.671,PPO-RegenReg,Hopper-v4,4
87566,reward,4273,157.12810781776534,102.268,PPO-RegenReg,Hopper-v4,4
87629,reward,4274,121.35538677211122,112.083,PPO-RegenReg,Hopper-v4,4
87701,reward,4275,146.44190269568867,107.63,PPO-RegenReg,Hopper-v4,4
87763,reward,4276,91.60168962953702,111.204,PPO-RegenReg,Hopper-v4,4
87823,reward,4277,89.12483562192723,113.854,PPO-RegenReg,Hopper-v4,4
87900,reward,4278,165.91277546476772,125.796,PPO-RegenReg,Hopper-v4,4
87949,reward,4279,86.08014579752347,120.091,PPO-RegenReg,Hopper-v4,4
88006,reward,4280,105.75488072106732,115.207,PPO-RegenReg,Hopper-v4,4
88043,reward,4281,60.94145741527579,112.335,PPO-RegenReg,Hopper-v4,4
88089,reward,4282,78.41877767934888,110.276,PPO-RegenReg,Hopper-v4,4
88110,reward,4283,25.84166786512874,97.147,PPO-RegenReg,Hopper-v4,4
88155,reward,4284,63.549534427309766,91.367,PPO-RegenReg,Hopper-v4,4
88207,reward,4285,93.2382090059539,86.046,PPO-RegenReg,Hopper-v4,4
88269,reward,4286,119.12504835449604,88.799,PPO-RegenReg,Hopper-v4,4
88331,reward,4287,124.07052066255518,92.293,PPO-RegenReg,Hopper-v4,4
88383,reward,4288,91.59943301893078,84.862,PPO-RegenReg,Hopper-v4,4
88399,reward,4289,13.275804195078074,77.582,PPO-RegenReg,Hopper-v4,4
88459,reward,4290,115.55075102169044,78.561,PPO-RegenReg,Hopper-v4,4
88528,reward,4291,139.59348745818133,86.426,PPO-RegenReg,Hopper-v4,4
88543,reward,4292,10.005777452131657,79.585,PPO-RegenReg,Hopper-v4,4
88604,reward,4293,115.55273062247166,88.556,PPO-RegenReg,Hopper-v4,4
88651,reward,4294,81.8066093690938,90.382,PPO-RegenReg,Hopper-v4,4
88714,reward,4295,95.68553382700884,90.627,PPO-RegenReg,Hopper-v4,4
88735,reward,4296,21.76002332517461,80.89,PPO-RegenReg,Hopper-v4,4
88755,reward,4297,18.512031623561843,70.334,PPO-RegenReg,Hopper-v4,4
88798,reward,4298,70.47240078449231,68.222,PPO-RegenReg,Hopper-v4,4
88853,reward,4299,99.01438094455601,76.795,PPO-RegenReg,Hopper-v4,4
88903,reward,4300,88.35889592964291,74.076,PPO-RegenReg,Hopper-v4,4
88941,reward,4301,59.18220719425239,66.035,PPO-RegenReg,Hopper-v4,4
89002,reward,4302,116.84064828031624,76.719,PPO-RegenReg,Hopper-v4,4
89017,reward,4303,10.829273010307846,66.246,PPO-RegenReg,Hopper-v4,4
89034,reward,4304,14.506924851900902,59.516,PPO-RegenReg,Hopper-v4,4
89095,reward,4305,118.72932156038308,61.821,PPO-RegenReg,Hopper-v4,4
89133,reward,4306,44.16080385141357,64.061,PPO-RegenReg,Hopper-v4,4
89172,reward,4307,64.6257225189506,68.672,PPO-RegenReg,Hopper-v4,4
89196,reward,4308,22.48831633804281,63.874,PPO-RegenReg,Hopper-v4,4
89262,reward,4309,125.72709575258905,66.545,PPO-RegenReg,Hopper-v4,4
89289,reward,4310,31.0426147059236,60.813,PPO-RegenReg,Hopper-v4,4
89323,reward,4311,50.23225524760232,59.918,PPO-RegenReg,Hopper-v4,4
89380,reward,4312,102.52783212826928,58.487,PPO-RegenReg,Hopper-v4,4
89394,reward,4313,13.637889141173765,58.768,PPO-RegenReg,Hopper-v4,4
89443,reward,4314,84.81479316545794,65.799,PPO-RegenReg,Hopper-v4,4
89511,reward,4315,137.86872809622875,67.713,PPO-RegenReg,Hopper-v4,4
89572,reward,4316,116.29830999351594,74.926,PPO-RegenReg,Hopper-v4,4
89606,reward,4317,55.9058313906835,74.054,PPO-RegenReg,Hopper-v4,4
89690,reward,4318,185.94160388495484,90.4,PPO-RegenReg,Hopper-v4,4
89761,reward,4319,98.59695940718261,87.687,PPO-RegenReg,Hopper-v4,4
89829,reward,4320,136.41905718250086,98.224,PPO-RegenReg,Hopper-v4,4
89856,reward,4321,35.624269090969165,96.764,PPO-RegenReg,Hopper-v4,4
89895,reward,4322,66.44404055604187,93.155,PPO-RegenReg,Hopper-v4,4
89945,reward,4323,88.65724434478247,100.657,PPO-RegenReg,Hopper-v4,4
90005,reward,4324,107.64782402776326,102.94,PPO-RegenReg,Hopper-v4,4
90048,reward,4325,74.83994607773707,96.638,PPO-RegenReg,Hopper-v4,4
90125,reward,4326,165.95177266272248,101.603,PPO-RegenReg,Hopper-v4,4
90165,reward,4327,67.5682090428088,102.769,PPO-RegenReg,Hopper-v4,4
90238,reward,4328,151.56410834947584,99.331,PPO-RegenReg,Hopper-v4,4
90272,reward,4329,41.82956692788048,93.655,PPO-RegenReg,Hopper-v4,4
90295,reward,4330,23.801251312592818,82.393,PPO-RegenReg,Hopper-v4,4
90334,reward,4331,52.27495346826306,84.058,PPO-RegenReg,Hopper-v4,4
90394,reward,4332,112.33908254554683,88.647,PPO-RegenReg,Hopper-v4,4
90409,reward,4333,10.657923018606594,80.847,PPO-RegenReg,Hopper-v4,4
90452,reward,4334,58.77394840046449,75.96,PPO-RegenReg,Hopper-v4,4
90528,reward,4335,156.38566401139158,84.115,PPO-RegenReg,Hopper-v4,4
90579,reward,4336,77.01581395154392,75.221,PPO-RegenReg,Hopper-v4,4
90620,reward,4337,55.47754562461,74.012,PPO-RegenReg,Hopper-v4,4
90675,reward,4338,103.09995062611178,69.166,PPO-RegenReg,Hopper-v4,4
90707,reward,4339,48.115690039352856,69.794,PPO-RegenReg,Hopper-v4,4
90772,reward,4340,123.44396734322865,79.758,PPO-RegenReg,Hopper-v4,4
90811,reward,4341,51.06254413954117,79.637,PPO-RegenReg,Hopper-v4,4
90857,reward,4342,77.57333642749117,76.161,PPO-RegenReg,Hopper-v4,4
90944,reward,4343,186.40836198565077,93.736,PPO-RegenReg,Hopper-v4,4
91010,reward,4344,135.5345199881241,101.412,PPO-RegenReg,Hopper-v4,4
91068,reward,4345,109.30134348500482,96.703,PPO-RegenReg,Hopper-v4,4
91145,reward,4346,156.89826232905253,104.692,PPO-RegenReg,Hopper-v4,4
91212,reward,4347,132.8431330795889,112.428,PPO-RegenReg,Hopper-v4,4
91282,reward,4348,142.63704525125084,116.382,PPO-RegenReg,Hopper-v4,4
91314,reward,4349,40.872680402288495,115.658,PPO-RegenReg,Hopper-v4,4
91372,reward,4350,108.52371334706915,114.165,PPO-RegenReg,Hopper-v4,4
91421,reward,4351,86.98136788807024,117.757,PPO-RegenReg,Hopper-v4,4
91471,reward,4352,73.08487765566113,117.309,PPO-RegenReg,Hopper-v4,4
91558,reward,4353,189.6682589819678,117.635,PPO-RegenReg,Hopper-v4,4
91594,reward,4354,44.58617261549323,108.54,PPO-RegenReg,Hopper-v4,4
91648,reward,4355,79.10016175309163,105.52,PPO-RegenReg,Hopper-v4,4
91670,reward,4356,21.98245002264478,92.028,PPO-RegenReg,Hopper-v4,4
91720,reward,4357,71.19282307460432,85.863,PPO-RegenReg,Hopper-v4,4
91758,reward,4358,65.32861532460906,78.132,PPO-RegenReg,Hopper-v4,4
91820,reward,4359,98.3756796479441,83.882,PPO-RegenReg,Hopper-v4,4
91862,reward,4360,71.65456443527877,80.195,PPO-RegenReg,Hopper-v4,4
91904,reward,4361,43.3144814337048,75.829,PPO-RegenReg,Hopper-v4,4
91924,reward,4362,18.466951857377975,70.367,PPO-RegenReg,Hopper-v4,4
91995,reward,4363,144.5018758838943,65.85,PPO-RegenReg,Hopper-v4,4
92042,reward,4364,82.86522669679802,69.678,PPO-RegenReg,Hopper-v4,4
92106,reward,4365,123.41157569484919,74.109,PPO-RegenReg,Hopper-v4,4
92147,reward,4366,64.83832222364944,78.395,PPO-RegenReg,Hopper-v4,4
92192,reward,4367,77.18135369796076,78.994,PPO-RegenReg,Hopper-v4,4
92267,reward,4368,138.22843632668895,86.284,PPO-RegenReg,Hopper-v4,4
92303,reward,4369,48.45064768378903,81.291,PPO-RegenReg,Hopper-v4,4
92383,reward,4370,176.0064311682186,91.727,PPO-RegenReg,Hopper-v4,4
92464,reward,4371,178.00536764536668,105.196,PPO-RegenReg,Hopper-v4,4
92504,reward,4372,68.2418659191823,110.173,PPO-RegenReg,Hopper-v4,4
92532,reward,4373,34.62428077917102,99.185,PPO-RegenReg,Hopper-v4,4
92601,reward,4374,139.3498669579425,104.834,PPO-RegenReg,Hopper-v4,4
92685,reward,4375,186.21213091472382,111.114,PPO-RegenReg,Hopper-v4,4
92730,reward,4376,77.65828961699427,112.396,PPO-RegenReg,Hopper-v4,4
92799,reward,4377,141.67269401359943,118.845,PPO-RegenReg,Hopper-v4,4
92847,reward,4378,71.78393448700989,112.201,PPO-RegenReg,Hopper-v4,4
92896,reward,4379,85.32876406205457,115.888,PPO-RegenReg,Hopper-v4,4
92941,reward,4380,81.10210675916223,106.398,PPO-RegenReg,Hopper-v4,4
92987,reward,4381,65.59864814694484,95.157,PPO-RegenReg,Hopper-v4,4
93029,reward,4382,71.08106101922247,95.441,PPO-RegenReg,Hopper-v4,4
93071,reward,4383,72.27949733567644,99.207,PPO-RegenReg,Hopper-v4,4
93138,reward,4384,131.6517755664444,98.437,PPO-RegenReg,Hopper-v4,4
93157,reward,4385,11.63009514607158,80.979,PPO-RegenReg,Hopper-v4,4
93191,reward,4386,51.548095272508924,78.368,PPO-RegenReg,Hopper-v4,4
93245,reward,4387,79.48165490884006,72.149,PPO-RegenReg,Hopper-v4,4
93273,reward,4388,38.35077338986895,68.805,PPO-RegenReg,Hopper-v4,4
93327,reward,4389,99.63462411458937,70.236,PPO-RegenReg,Hopper-v4,4
93348,reward,4390,20.563312146158047,64.182,PPO-RegenReg,Hopper-v4,4
93387,reward,4391,65.67596806982259,64.19,PPO-RegenReg,Hopper-v4,4
93420,reward,4392,40.570431037943045,61.139,PPO-RegenReg,Hopper-v4,4
93512,reward,4393,209.46832047057748,74.858,PPO-RegenReg,Hopper-v4,4
93533,reward,4394,23.888284060876,64.081,PPO-RegenReg,Hopper-v4,4
93553,reward,4395,18.06859396221344,64.725,PPO-RegenReg,Hopper-v4,4
93575,reward,4396,22.114944150231743,61.782,PPO-RegenReg,Hopper-v4,4
93605,reward,4397,35.0220505643709,57.336,PPO-RegenReg,Hopper-v4,4
93638,reward,4398,41.972497962952744,57.698,PPO-RegenReg,Hopper-v4,4
93694,reward,4399,106.40942089897798,58.375,PPO-RegenReg,Hopper-v4,4
93741,reward,4400,82.66913460194755,64.586,PPO-RegenReg,Hopper-v4,4
93778,reward,4401,57.280050642469256,63.746,PPO-RegenReg,Hopper-v4,4
93816,reward,4402,48.039000827929925,64.493,PPO-RegenReg,Hopper-v4,4
93853,reward,4403,57.451873031649875,49.292,PPO-RegenReg,Hopper-v4,4
93906,reward,4404,76.99446129678319,54.602,PPO-RegenReg,Hopper-v4,4
93989,reward,4405,184.79296900535013,71.275,PPO-RegenReg,Hopper-v4,4
94033,reward,4406,62.96317475342841,75.359,PPO-RegenReg,Hopper-v4,4
94069,reward,4407,45.02617313487103,76.36,PPO-RegenReg,Hopper-v4,4
94091,reward,4408,22.082792095015098,74.371,PPO-RegenReg,Hopper-v4,4
94127,reward,4409,60.490574519612295,69.779,PPO-RegenReg,Hopper-v4,4
94218,reward,4410,202.01623221349664,81.714,PPO-RegenReg,Hopper-v4,4
94304,reward,4411,191.62866677070022,95.149,PPO-RegenReg,Hopper-v4,4
94364,reward,4412,112.64282504188215,101.609,PPO-RegenReg,Hopper-v4,4
94442,reward,4413,166.165256022876,112.48,PPO-RegenReg,Hopper-v4,4
94479,reward,4414,57.92096359328314,110.573,PPO-RegenReg,Hopper-v4,4
94541,reward,4415,89.92840757789162,101.087,PPO-RegenReg,Hopper-v4,4
94580,reward,4416,64.57605541594856,101.248,PPO-RegenReg,Hopper-v4,4
94619,reward,4417,52.9716629542802,102.042,PPO-RegenReg,Hopper-v4,4
94642,reward,4418,22.765859790308394,102.111,PPO-RegenReg,Hopper-v4,4
94719,reward,4419,164.68742079086013,112.53,PPO-RegenReg,Hopper-v4,4
94805,reward,4420,194.57124056467873,111.786,PPO-RegenReg,Hopper-v4,4
94821,reward,4421,10.020559070933393,93.625,PPO-RegenReg,Hopper-v4,4
94863,reward,4422,57.81587843898752,88.142,PPO-RegenReg,Hopper-v4,4
94889,reward,4423,30.090690291039376,74.535,PPO-RegenReg,Hopper-v4,4
94933,reward,4424,74.78078513777075,76.221,PPO-RegenReg,Hopper-v4,4
95013,reward,4425,143.82713539751416,81.611,PPO-RegenReg,Hopper-v4,4
95042,reward,4426,35.50323476458906,78.703,PPO-RegenReg,Hopper-v4,4
95086,reward,4427,75.97727281468048,81.004,PPO-RegenReg,Hopper-v4,4
95141,reward,4428,99.85808869777208,88.713,PPO-RegenReg,Hopper-v4,4
95162,reward,4429,13.647302817244691,73.609,PPO-RegenReg,Hopper-v4,4
95246,reward,4430,187.07434811164956,72.86,PPO-RegenReg,Hopper-v4,4
95315,reward,4431,135.05752129311486,85.363,PPO-RegenReg,Hopper-v4,4
95339,reward,4432,23.95936104423656,81.978,PPO-RegenReg,Hopper-v4,4
95391,reward,4433,74.80441156544087,86.449,PPO-RegenReg,Hopper-v4,4
95453,reward,4434,121.68408759241288,91.139,PPO-RegenReg,Hopper-v4,4
95535,reward,4435,180.03845341943313,94.76,PPO-RegenReg,Hopper-v4,4
95576,reward,4436,66.72998129223402,97.883,PPO-RegenReg,Hopper-v4,4
95597,reward,4437,17.364472076998094,92.022,PPO-RegenReg,Hopper-v4,4
95627,reward,4438,40.60951116245148,86.097,PPO-RegenReg,Hopper-v4,4
95680,reward,4439,96.24230583184755,94.356,PPO-RegenReg,Hopper-v4,4
95720,reward,4440,66.49488748561662,82.298,PPO-RegenReg,Hopper-v4,4
95742,reward,4441,21.199727980824935,70.913,PPO-RegenReg,Hopper-v4,4
95800,reward,4442,109.22860834645626,79.44,PPO-RegenReg,Hopper-v4,4
95821,reward,4443,25.50708410993755,74.51,PPO-RegenReg,Hopper-v4,4
95895,reward,4444,157.48534999654703,78.09,PPO-RegenReg,Hopper-v4,4
95974,reward,4445,164.2967642717581,76.516,PPO-RegenReg,Hopper-v4,4
96017,reward,4446,77.95331779919425,77.638,PPO-RegenReg,Hopper-v4,4
96079,reward,4447,92.43043575822357,85.145,PPO-RegenReg,Hopper-v4,4
96141,reward,4448,115.96287814862325,92.68,PPO-RegenReg,Hopper-v4,4
96179,reward,4449,50.20583483071266,88.076,PPO-RegenReg,Hopper-v4,4
96221,reward,4450,71.2549320913019,88.552,PPO-RegenReg,Hopper-v4,4
96309,reward,4451,198.80602342151965,106.313,PPO-RegenReg,Hopper-v4,4
96377,reward,4452,130.47432044049117,108.438,PPO-RegenReg,Hopper-v4,4
96404,reward,4453,26.673607666802734,108.554,PPO-RegenReg,Hopper-v4,4
96434,reward,4454,49.540030098277576,97.76,PPO-RegenReg,Hopper-v4,4
96504,reward,4455,143.04956342160722,95.635,PPO-RegenReg,Hopper-v4,4
96557,reward,4456,95.94198896710024,97.434,PPO-RegenReg,Hopper-v4,4
96587,reward,4457,50.94287351171915,93.285,PPO-RegenReg,Hopper-v4,4
96624,reward,4458,48.902575974426234,86.579,PPO-RegenReg,Hopper-v4,4
96649,reward,4459,27.76923260365057,84.336,PPO-RegenReg,Hopper-v4,4
96725,reward,4460,71.96893227047586,84.407,PPO-RegenReg,Hopper-v4,4
96744,reward,4461,17.54315848205815,66.281,PPO-RegenReg,Hopper-v4,4
96774,reward,4462,35.77383068593849,56.811,PPO-RegenReg,Hopper-v4,4
96802,reward,4463,34.03324198302516,57.547,PPO-RegenReg,Hopper-v4,4
96868,reward,4464,129.3608000984184,65.529,PPO-RegenReg,Hopper-v4,4
96891,reward,4465,29.597273852809746,54.183,PPO-RegenReg,Hopper-v4,4
96932,reward,4466,56.30903474103133,50.22,PPO-RegenReg,Hopper-v4,4
96952,reward,4467,17.734348223429144,46.899,PPO-RegenReg,Hopper-v4,4
97042,reward,4468,204.71992632765688,62.481,PPO-RegenReg,Hopper-v4,4
97120,reward,4469,170.2113909740595,76.725,PPO-RegenReg,Hopper-v4,4
97189,reward,4470,137.14682700546982,83.243,PPO-RegenReg,Hopper-v4,4
97228,reward,4471,52.62095060766019,86.751,PPO-RegenReg,Hopper-v4,4
97263,reward,4472,45.08826356710896,87.682,PPO-RegenReg,Hopper-v4,4
97316,reward,4473,91.1738966317991,93.396,PPO-RegenReg,Hopper-v4,4
97374,reward,4474,108.22077582030855,91.282,PPO-RegenReg,Hopper-v4,4
97396,reward,4475,22.421530723032227,90.565,PPO-RegenReg,Hopper-v4,4
97460,reward,4476,100.58959508781574,94.993,PPO-RegenReg,Hopper-v4,4
97505,reward,4477,78.30310889673333,101.05,PPO-RegenReg,Hopper-v4,4
97554,reward,4478,82.81918272788144,88.86,PPO-RegenReg,Hopper-v4,4
97604,reward,4479,87.72839865504018,80.611,PPO-RegenReg,Hopper-v4,4
97637,reward,4480,56.045558671739016,72.501,PPO-RegenReg,Hopper-v4,4
97695,reward,4481,89.66938634585601,76.206,PPO-RegenReg,Hopper-v4,4
97759,reward,4482,123.75233117712152,84.072,PPO-RegenReg,Hopper-v4,4
97785,reward,4483,31.15716594323825,78.071,PPO-RegenReg,Hopper-v4,4
97871,reward,4484,196.09479249018304,86.858,PPO-RegenReg,Hopper-v4,4
97918,reward,4485,68.30754551811775,91.447,PPO-RegenReg,Hopper-v4,4
97969,reward,4486,90.33230261863639,90.421,PPO-RegenReg,Hopper-v4,4
98014,reward,4487,63.00861812255404,88.892,PPO-RegenReg,Hopper-v4,4
98068,reward,4488,79.13256108116914,88.523,PPO-RegenReg,Hopper-v4,4
98133,reward,4489,104.32614025018516,90.183,PPO-RegenReg,Hopper-v4,4
98173,reward,4490,52.910246940553115,89.869,PPO-RegenReg,Hopper-v4,4
98227,reward,4491,98.65471525269434,90.768,PPO-RegenReg,Hopper-v4,4
98245,reward,4492,16.52505610612778,80.045,PPO-RegenReg,Hopper-v4,4
98330,reward,4493,189.7324854470051,95.902,PPO-RegenReg,Hopper-v4,4
98347,reward,4494,15.683501220208912,77.861,PPO-RegenReg,Hopper-v4,4
98388,reward,4495,58.804935023320645,76.911,PPO-RegenReg,Hopper-v4,4
98494,reward,4496,201.96447691277194,88.074,PPO-RegenReg,Hopper-v4,4
98549,reward,4497,94.7310527233329,91.247,PPO-RegenReg,Hopper-v4,4
98603,reward,4498,98.59178341211569,93.192,PPO-RegenReg,Hopper-v4,4
98688,reward,4499,186.02730000340378,101.363,PPO-RegenReg,Hopper-v4,4
98772,reward,4500,187.81126893411246,114.853,PPO-RegenReg,Hopper-v4,4
98851,reward,4501,176.9790777951793,122.685,PPO-RegenReg,Hopper-v4,4
98876,reward,4502,28.326109501323394,123.865,PPO-RegenReg,Hopper-v4,4
98932,reward,4503,98.68963431236409,114.761,PPO-RegenReg,Hopper-v4,4
98957,reward,4504,28.45028101540323,116.038,PPO-RegenReg,Hopper-v4,4
99003,reward,4505,73.23415976969045,117.481,PPO-RegenReg,Hopper-v4,4
99087,reward,4506,186.06905225780773,115.891,PPO-RegenReg,Hopper-v4,4
99138,reward,4507,90.11098930251524,115.429,PPO-RegenReg,Hopper-v4,4
99192,reward,4508,96.4890654604816,115.219,PPO-RegenReg,Hopper-v4,4
99271,reward,4509,164.9142587237262,113.107,PPO-RegenReg,Hopper-v4,4
99347,reward,4510,160.510013745737,110.377,PPO-RegenReg,Hopper-v4,4
99387,reward,4511,53.876247300801715,98.067,PPO-RegenReg,Hopper-v4,4
99467,reward,4512,156.51959664027348,110.886,PPO-RegenReg,Hopper-v4,4
99500,reward,4513,54.80574260264114,106.498,PPO-RegenReg,Hopper-v4,4
99591,reward,4514,208.55240588774984,124.508,PPO-RegenReg,Hopper-v4,4
99650,reward,4515,111.24511195906464,128.309,PPO-RegenReg,Hopper-v4,4
99673,reward,4516,24.920161288689908,112.194,PPO-RegenReg,Hopper-v4,4
99727,reward,4517,98.9155450012963,113.075,PPO-RegenReg,Hopper-v4,4
99759,reward,4518,39.925496783758796,107.418,PPO-RegenReg,Hopper-v4,4
99830,reward,4519,147.05938687756048,105.633,PPO-RegenReg,Hopper-v4,4
99868,reward,4520,65.00699432865329,96.083,PPO-RegenReg,Hopper-v4,4
99928,reward,4521,113.05964964294392,102.001,PPO-RegenReg,Hopper-v4,4
99943,reward,4522,16.898618049336996,88.039,PPO-RegenReg,Hopper-v4,4
99982,reward,4523,66.56900294810109,89.215,PPO-RegenReg,Hopper-v4,4
100033,reward,4524,86.33651815253457,76.994,PPO-RegenReg,Hopper-v4,4
100075,reward,4525,59.153474150007135,71.784,PPO-RegenReg,Hopper-v4,4
100107,reward,4526,41.35504759021516,73.428,PPO-RegenReg,Hopper-v4,4
100190,reward,4527,177.0766866137265,81.244,PPO-RegenReg,Hopper-v4,4
100237,reward,4528,82.1838972767292,85.47,PPO-RegenReg,Hopper-v4,4
100255,reward,4529,16.295678840824667,72.394,PPO-RegenReg,Hopper-v4,4
100302,reward,4530,79.63750317012668,73.857,PPO-RegenReg,Hopper-v4,4
100370,reward,4531,136.47523468083173,76.198,PPO-RegenReg,Hopper-v4,4
100433,reward,4532,119.8285973130044,86.491,PPO-RegenReg,Hopper-v4,4
100446,reward,4533,12.789112058183717,81.113,PPO-RegenReg,Hopper-v4,4
100488,reward,4534,73.76932413252979,79.856,PPO-RegenReg,Hopper-v4,4
100556,reward,4535,140.84098244170355,88.025,PPO-RegenReg,Hopper-v4,4
100596,reward,4536,65.07407364709006,90.397,PPO-RegenReg,Hopper-v4,4
100615,reward,4537,18.392415675353796,74.529,PPO-RegenReg,Hopper-v4,4
100688,reward,4538,152.7474672671371,81.585,PPO-RegenReg,Hopper-v4,4
100729,reward,4539,69.75734806571276,86.931,PPO-RegenReg,Hopper-v4,4
100789,reward,4540,112.41323648930964,90.209,PPO-RegenReg,Hopper-v4,4
100814,reward,4541,28.055219003111983,79.367,PPO-RegenReg,Hopper-v4,4
100859,reward,4542,78.6053524929379,75.244,PPO-RegenReg,Hopper-v4,4
100892,reward,4543,49.501770192994435,78.916,PPO-RegenReg,Hopper-v4,4
100925,reward,4544,52.21349212277684,76.76,PPO-RegenReg,Hopper-v4,4
100950,reward,4545,27.111870810817297,65.387,PPO-RegenReg,Hopper-v4,4
101025,reward,4546,157.64707763481778,74.645,PPO-RegenReg,Hopper-v4,4
101060,reward,4547,46.48133077186892,77.453,PPO-RegenReg,Hopper-v4,4
101106,reward,4548,80.40215502911398,70.219,PPO-RegenReg,Hopper-v4,4
101150,reward,4549,75.50161389284374,70.793,PPO-RegenReg,Hopper-v4,4
101225,reward,4550,158.75892571913172,75.428,PPO-RegenReg,Hopper-v4,4
101282,reward,4551,101.01599635009391,82.724,PPO-RegenReg,Hopper-v4,4
101314,reward,4552,41.61537240487546,79.025,PPO-RegenReg,Hopper-v4,4
101406,reward,4553,207.1104958551297,94.786,PPO-RegenReg,Hopper-v4,4
101473,reward,4554,130.73319527195687,102.638,PPO-RegenReg,Hopper-v4,4
101504,reward,4555,34.936571796500616,103.42,PPO-RegenReg,Hopper-v4,4
101593,reward,4556,202.12841119301325,107.868,PPO-RegenReg,Hopper-v4,4
101621,reward,4557,32.10836738744098,106.431,PPO-RegenReg,Hopper-v4,4
101658,reward,4558,60.37070253426312,104.428,PPO-RegenReg,Hopper-v4,4
101701,reward,4559,77.51681714023299,104.629,PPO-RegenReg,Hopper-v4,4
101755,reward,4560,82.1197970710594,96.966,PPO-RegenReg,Hopper-v4,4
101778,reward,4561,33.60198688281176,90.224,PPO-RegenReg,Hopper-v4,4
101831,reward,4562,95.32054836657262,95.595,PPO-RegenReg,Hopper-v4,4
101898,reward,4563,137.13347569460976,88.597,PPO-RegenReg,Hopper-v4,4
101916,reward,4564,16.330276088177044,77.157,PPO-RegenReg,Hopper-v4,4
101963,reward,4565,83.45505042193355,82.009,PPO-RegenReg,Hopper-v4,4
102019,reward,4566,104.0347901097601,72.199,PPO-RegenReg,Hopper-v4,4
102078,reward,4567,110.35338764960176,80.024,PPO-RegenReg,Hopper-v4,4
102107,reward,4568,34.871596570691274,77.474,PPO-RegenReg,Hopper-v4,4
102151,reward,4569,76.30436823013204,77.353,PPO-RegenReg,Hopper-v4,4
102206,reward,4570,100.3346667752816,79.174,PPO-RegenReg,Hopper-v4,4
102298,reward,4571,210.27754519926626,96.842,PPO-RegenReg,Hopper-v4,4
102339,reward,4572,72.000660662782,94.51,PPO-RegenReg,Hopper-v4,4
102359,reward,4573,26.814319545345555,83.478,PPO-RegenReg,Hopper-v4,4
102444,reward,4574,186.618874568101,100.507,PPO-RegenReg,Hopper-v4,4
102530,reward,4575,192.03447244080357,111.364,PPO-RegenReg,Hopper-v4,4
102552,reward,4576,23.43927502672008,103.305,PPO-RegenReg,Hopper-v4,4
102585,reward,4577,51.29794047188675,97.399,PPO-RegenReg,Hopper-v4,4
102600,reward,4578,12.000087438510718,95.112,PPO-RegenReg,Hopper-v4,4
102684,reward,4579,185.65871381570832,106.048,PPO-RegenReg,Hopper-v4,4
102717,reward,4580,48.9927756767521,100.913,PPO-RegenReg,Hopper-v4,4
102791,reward,4581,149.22362196929868,94.808,PPO-RegenReg,Hopper-v4,4
102879,reward,4582,198.4970463055684,107.458,PPO-RegenReg,Hopper-v4,4
102951,reward,4583,150.41903450294157,119.818,PPO-RegenReg,Hopper-v4,4
103029,reward,4584,166.82491285173057,117.839,PPO-RegenReg,Hopper-v4,4
103055,reward,4585,29.441391752360474,101.579,PPO-RegenReg,Hopper-v4,4
103110,reward,4586,100.93969862658045,109.33,PPO-RegenReg,Hopper-v4,4
103136,reward,4587,34.930386574809454,107.693,PPO-RegenReg,Hopper-v4,4
103226,reward,4588,202.9562262596661,126.788,PPO-RegenReg,Hopper-v4,4
103314,reward,4589,200.3521359423402,128.258,PPO-RegenReg,Hopper-v4,4
103353,reward,4590,59.73229242775595,129.332,PPO-RegenReg,Hopper-v4,4
103443,reward,4591,202.76728875798395,134.686,PPO-RegenReg,Hopper-v4,4
103462,reward,4592,19.20210533960178,116.757,PPO-RegenReg,Hopper-v4,4
103517,reward,4593,96.55734923217017,111.37,PPO-RegenReg,Hopper-v4,4
103591,reward,4594,154.6662077628667,110.155,PPO-RegenReg,Hopper-v4,4
103628,reward,4595,48.89653108183659,112.1,PPO-RegenReg,Hopper-v4,4
103698,reward,4596,104.18909060123922,112.425,PPO-RegenReg,Hopper-v4,4
103786,reward,4597,198.89988744486652,128.822,PPO-RegenReg,Hopper-v4,4
103832,reward,4598,76.69735016025575,116.196,PPO-RegenReg,Hopper-v4,4
103857,reward,4599,29.179727423649165,99.079,PPO-RegenReg,Hopper-v4,4
103883,reward,4600,28.898387032910453,95.995,PPO-RegenReg,Hopper-v4,4
103924,reward,4601,64.7630699840368,82.195,PPO-RegenReg,Hopper-v4,4
104013,reward,4602,197.6190439846892,100.037,PPO-RegenReg,Hopper-v4,4
104054,reward,4603,71.53773574552687,97.535,PPO-RegenReg,Hopper-v4,4
104141,reward,4604,189.0035805626274,100.968,PPO-RegenReg,Hopper-v4,4
104217,reward,4605,152.4634477287536,111.325,PPO-RegenReg,Hopper-v4,4
104260,reward,4606,59.5457013818275,106.861,PPO-RegenReg,Hopper-v4,4
104349,reward,4607,201.75188980678416,107.146,PPO-RegenReg,Hopper-v4,4
104411,reward,4608,114.7076417831554,110.947,PPO-RegenReg,Hopper-v4,4
104499,reward,4609,197.86918501032025,127.816,PPO-RegenReg,Hopper-v4,4
104537,reward,4610,56.57762286653816,130.584,PPO-RegenReg,Hopper-v4,4
104613,reward,4611,159.50550122603087,140.058,PPO-RegenReg,Hopper-v4,4
104647,reward,4612,58.92557109692136,126.189,PPO-RegenReg,Hopper-v4,4
104739,reward,4613,209.4617644633969,139.981,PPO-RegenReg,Hopper-v4,4
104794,reward,4614,96.11928550351554,130.693,PPO-RegenReg,Hopper-v4,4
104829,reward,4615,58.543744505610825,121.301,PPO-RegenReg,Hopper-v4,4
104909,reward,4616,163.05901094624696,131.652,PPO-RegenReg,Hopper-v4,4
104927,reward,4617,15.269957945467624,113.004,PPO-RegenReg,Hopper-v4,4
105015,reward,4618,200.03244429785724,121.536,PPO-RegenReg,Hopper-v4,4
105100,reward,4619,187.174582812452,120.467,PPO-RegenReg,Hopper-v4,4
105135,reward,4620,34.615713574244545,118.271,PPO-RegenReg,Hopper-v4,4
105177,reward,4621,58.14811670390161,108.135,PPO-RegenReg,Hopper-v4,4
105199,reward,4622,29.136999289566084,105.156,PPO-RegenReg,Hopper-v4,4
105248,reward,4623,83.87572334714432,92.598,PPO-RegenReg,Hopper-v4,4
105289,reward,4624,71.67909120040513,90.154,PPO-RegenReg,Hopper-v4,4
105358,reward,4625,141.12245573882984,98.411,PPO-RegenReg,Hopper-v4,4
105430,reward,4626,152.72027333755216,97.378,PPO-RegenReg,Hopper-v4,4
105492,reward,4627,115.80082446717864,107.431,PPO-RegenReg,Hopper-v4,4
105555,reward,4628,113.59751585519855,98.787,PPO-RegenReg,Hopper-v4,4
105617,reward,4629,116.79965761889629,91.75,PPO-RegenReg,Hopper-v4,4
105680,reward,4630,121.90376146596506,100.478,PPO-RegenReg,Hopper-v4,4
105772,reward,4631,213.50493464181955,116.014,PPO-RegenReg,Hopper-v4,4
105823,reward,4632,90.01554715021494,122.102,PPO-RegenReg,Hopper-v4,4
105883,reward,4633,84.356218941954,122.15,PPO-RegenReg,Hopper-v4,4
105895,reward,4634,8.414556487659887,115.824,PPO-RegenReg,Hopper-v4,4
105934,reward,4635,64.68835117475894,108.18,PPO-RegenReg,Hopper-v4,4
105967,reward,4636,55.24279115682608,98.432,PPO-RegenReg,Hopper-v4,4
106052,reward,4637,190.75238362066645,105.928,PPO-RegenReg,Hopper-v4,4
106072,reward,4638,21.208720745586053,96.689,PPO-RegenReg,Hopper-v4,4
106158,reward,4639,191.43626583635628,104.152,PPO-RegenReg,Hopper-v4,4
106243,reward,4640,187.65722228391667,110.728,PPO-RegenReg,Hopper-v4,4
106332,reward,4641,198.4257206468706,109.22,PPO-RegenReg,Hopper-v4,4
106417,reward,4642,184.73192393684405,118.691,PPO-RegenReg,Hopper-v4,4
106501,reward,4643,185.28740185507485,128.785,PPO-RegenReg,Hopper-v4,4
106576,reward,4644,155.81357159019763,143.524,PPO-RegenReg,Hopper-v4,4
106638,reward,4645,112.33023400996431,148.289,PPO-RegenReg,Hopper-v4,4
106703,reward,4646,123.50160175243904,155.115,PPO-RegenReg,Hopper-v4,4
106781,reward,4647,161.0069931609244,152.14,PPO-RegenReg,Hopper-v4,4
106816,reward,4648,55.5706376157419,155.576,PPO-RegenReg,Hopper-v4,4
106900,reward,4649,187.02279376925048,155.135,PPO-RegenReg,Hopper-v4,4
106984,reward,4650,184.37502710571806,154.807,PPO-RegenReg,Hopper-v4,4
107033,reward,4651,83.55504521535177,143.32,PPO-RegenReg,Hopper-v4,4
107067,reward,4652,52.97794417499969,130.144,PPO-RegenReg,Hopper-v4,4
107152,reward,4653,188.76694837591614,130.492,PPO-RegenReg,Hopper-v4,4
107237,reward,4654,190.82159330907533,133.993,PPO-RegenReg,Hopper-v4,4
107322,reward,4655,189.31252143139545,141.691,PPO-RegenReg,Hopper-v4,4
107409,reward,4656,189.06925770007987,148.248,PPO-RegenReg,Hopper-v4,4
107469,reward,4657,109.61824760064277,143.109,PPO-RegenReg,Hopper-v4,4
107511,reward,4658,66.40181001202455,144.192,PPO-RegenReg,Hopper-v4,4
107598,reward,4659,193.1164826886572,144.801,PPO-RegenReg,Hopper-v4,4
107661,reward,4660,114.86727743589513,137.851,PPO-RegenReg,Hopper-v4,4
107688,reward,4661,31.393186332778747,132.635,PPO-RegenReg,Hopper-v4,4
107734,reward,4662,74.23097988291833,134.76,PPO-RegenReg,Hopper-v4,4
107822,reward,4663,197.35159359929747,135.618,PPO-RegenReg,Hopper-v4,4
107912,reward,4664,202.47703514242852,136.784,PPO-RegenReg,Hopper-v4,4
107994,reward,4665,166.97553682693976,134.55,PPO-RegenReg,Hopper-v4,4
108033,reward,4666,64.996978059883,122.143,PPO-RegenReg,Hopper-v4,4
108074,reward,4667,63.95554080218249,117.577,PPO-RegenReg,Hopper-v4,4
108162,reward,4668,194.632547396993,130.4,PPO-RegenReg,Hopper-v4,4
108232,reward,4669,140.44148129934172,125.132,PPO-RegenReg,Hopper-v4,4
108260,reward,4670,34.041402868103596,117.05,PPO-RegenReg,Hopper-v4,4
108347,reward,4671,195.75242736482556,133.486,PPO-RegenReg,Hopper-v4,4
108370,reward,4672,23.262303162982473,128.389,PPO-RegenReg,Hopper-v4,4
108404,reward,4673,44.470290703421604,113.101,PPO-RegenReg,Hopper-v4,4
108428,reward,4674,32.40670126061802,96.094,PPO-RegenReg,Hopper-v4,4
108516,reward,4675,195.34073963214067,98.93,PPO-RegenReg,Hopper-v4,4
108585,reward,4676,134.34596879226174,105.865,PPO-RegenReg,Hopper-v4,4
108645,reward,4677,109.73707510932034,110.443,PPO-RegenReg,Hopper-v4,4
108727,reward,4678,174.15477698440898,108.395,PPO-RegenReg,Hopper-v4,4
108763,reward,4679,59.39665593820848,100.291,PPO-RegenReg,Hopper-v4,4
108771,reward,4680,7.050211919037547,97.592,PPO-RegenReg,Hopper-v4,4
108833,reward,4681,113.60316490605425,89.377,PPO-RegenReg,Hopper-v4,4
108893,reward,4682,110.06366470040064,98.057,PPO-RegenReg,Hopper-v4,4
108942,reward,4683,83.9029754794969,102.0,PPO-RegenReg,Hopper-v4,4
109008,reward,4684,127.8025484883747,111.54,PPO-RegenReg,Hopper-v4,4
109053,reward,4685,73.3251852366129,99.338,PPO-RegenReg,Hopper-v4,4
109086,reward,4686,47.17380342101883,90.621,PPO-RegenReg,Hopper-v4,4
109108,reward,4687,25.038565104974044,82.151,PPO-RegenReg,Hopper-v4,4
109172,reward,4688,119.6070093959072,76.696,PPO-RegenReg,Hopper-v4,4
109226,reward,4689,93.48449383806519,80.105,PPO-RegenReg,Hopper-v4,4
109256,reward,4690,45.400235200520335,83.94,PPO-RegenReg,Hopper-v4,4
109294,reward,4691,60.809976667860745,78.661,PPO-RegenReg,Hopper-v4,4
109311,reward,4692,20.759256816015494,69.73,PPO-RegenReg,Hopper-v4,4
109401,reward,4693,204.01199502023826,81.741,PPO-RegenReg,Hopper-v4,4
109425,reward,4694,26.695444807358125,71.631,PPO-RegenReg,Hopper-v4,4
109472,reward,4695,74.41455163801069,71.74,PPO-RegenReg,Hopper-v4,4
109521,reward,4696,84.46671141897734,75.469,PPO-RegenReg,Hopper-v4,4
109606,reward,4697,181.9583753753158,91.161,PPO-RegenReg,Hopper-v4,4
109670,reward,4698,125.45613191671738,91.746,PPO-RegenReg,Hopper-v4,4
109718,reward,4699,78.94986637443833,90.292,PPO-RegenReg,Hopper-v4,4
109805,reward,4700,181.72087041651315,103.924,PPO-RegenReg,Hopper-v4,4
109821,reward,4701,18.888565247340296,99.732,PPO-RegenReg,Hopper-v4,4
109844,reward,4702,25.068249634045173,100.163,PPO-RegenReg,Hopper-v4,4
109881,reward,4703,60.92663732319639,85.855,PPO-RegenReg,Hopper-v4,4
109917,reward,4704,57.834031389820154,88.968,PPO-RegenReg,Hopper-v4,4
109955,reward,4705,61.79062897156347,87.706,PPO-RegenReg,Hopper-v4,4
109984,reward,4706,43.61120931998903,83.62,PPO-RegenReg,Hopper-v4,4
110032,reward,4707,83.22358502388583,73.747,PPO-RegenReg,Hopper-v4,4
110065,reward,4708,40.73620587731319,65.275,PPO-RegenReg,Hopper-v4,4
110118,reward,4709,91.15444823064841,66.495,PPO-RegenReg,Hopper-v4,4
110210,reward,4710,208.12835174791684,69.136,PPO-RegenReg,Hopper-v4,4
110297,reward,4711,192.90691859731533,86.538,PPO-RegenReg,Hopper-v4,4
110315,reward,4712,15.17941878628117,85.549,PPO-RegenReg,Hopper-v4,4
110361,reward,4713,75.81474549316337,87.038,PPO-RegenReg,Hopper-v4,4
110443,reward,4714,178.30026976639638,99.085,PPO-RegenReg,Hopper-v4,4
110462,reward,4715,22.387956427400404,95.144,PPO-RegenReg,Hopper-v4,4
110515,reward,4716,93.63416811862581,100.147,PPO-RegenReg,Hopper-v4,4
110549,reward,4717,55.63937938381894,97.388,PPO-RegenReg,Hopper-v4,4
110587,reward,4718,60.54177044135925,99.369,PPO-RegenReg,Hopper-v4,4
110640,reward,4719,94.37722277148451,99.691,PPO-RegenReg,Hopper-v4,4
110686,reward,4720,75.6222526118763,86.44,PPO-RegenReg,Hopper-v4,4
110776,reward,4721,202.21554588431502,87.371,PPO-RegenReg,Hopper-v4,4
110807,reward,4722,38.19725802224844,89.673,PPO-RegenReg,Hopper-v4,4
110837,reward,4723,44.12489609274981,86.504,PPO-RegenReg,Hopper-v4,4
110881,reward,4724,69.9979345041579,75.674,PPO-RegenReg,Hopper-v4,4
110906,reward,4725,32.454395339392995,76.68,PPO-RegenReg,Hopper-v4,4
111004,reward,4726,212.30912674437212,88.548,PPO-RegenReg,Hopper-v4,4
111044,reward,4727,62.18647011809103,89.203,PPO-RegenReg,Hopper-v4,4
111103,reward,4728,103.34282843394632,93.483,PPO-RegenReg,Hopper-v4,4
111124,reward,4729,20.51940855095406,86.097,PPO-RegenReg,Hopper-v4,4
111212,reward,4730,196.77762080986085,98.213,PPO-RegenReg,Hopper-v4,4
111296,reward,4731,180.3027932667177,96.021,PPO-RegenReg,Hopper-v4,4
111327,reward,4732,37.32713289138087,95.934,PPO-RegenReg,Hopper-v4,4
111354,reward,4733,40.51886547875715,95.574,PPO-RegenReg,Hopper-v4,4
111395,reward,4734,65.67644531378983,95.142,PPO-RegenReg,Hopper-v4,4
111479,reward,4735,180.99999756529488,109.996,PPO-RegenReg,Hopper-v4,4
111560,reward,4736,172.08180268382637,105.973,PPO-RegenReg,Hopper-v4,4
111629,reward,4737,139.50433315308786,113.705,PPO-RegenReg,Hopper-v4,4
111655,reward,4738,39.10680943989915,107.282,PPO-RegenReg,Hopper-v4,4
111714,reward,4739,106.68774860296571,115.898,PPO-RegenReg,Hopper-v4,4
111735,reward,4740,24.823969410636643,98.703,PPO-RegenReg,Hopper-v4,4
111783,reward,4741,79.26138500718686,88.599,PPO-RegenReg,Hopper-v4,4
111802,reward,4742,18.942656762126088,86.76,PPO-RegenReg,Hopper-v4,4
111820,reward,4743,22.19251538539469,84.928,PPO-RegenReg,Hopper-v4,4
111890,reward,4744,139.32465122557082,92.293,PPO-RegenReg,Hopper-v4,4
111936,reward,4745,74.92559985861412,81.685,PPO-RegenReg,Hopper-v4,4
111988,reward,4746,93.62120108975505,73.839,PPO-RegenReg,Hopper-v4,4
112058,reward,4747,137.34586846556485,73.623,PPO-RegenReg,Hopper-v4,4
112098,reward,4748,65.76946616133483,76.29,PPO-RegenReg,Hopper-v4,4
112142,reward,4749,73.92751717747936,73.013,PPO-RegenReg,Hopper-v4,4
112229,reward,4750,153.88387714723407,85.919,PPO-RegenReg,Hopper-v4,4
112269,reward,4751,65.19288073178262,84.513,PPO-RegenReg,Hopper-v4,4
112321,reward,4752,91.1490121087179,91.733,PPO-RegenReg,Hopper-v4,4
112406,reward,4753,170.4430608263258,106.558,PPO-RegenReg,Hopper-v4,4
112448,reward,4754,69.1809347984327,99.544,PPO-RegenReg,Hopper-v4,4
112496,reward,4755,82.19301401989227,100.271,PPO-RegenReg,Hopper-v4,4
112580,reward,4756,182.77801639799532,109.186,PPO-RegenReg,Hopper-v4,4
112613,reward,4757,51.67283058629308,100.619,PPO-RegenReg,Hopper-v4,4
112660,reward,4758,79.40788742386823,101.983,PPO-RegenReg,Hopper-v4,4
112716,reward,4759,97.65290913389457,104.355,PPO-RegenReg,Hopper-v4,4
112737,reward,4760,19.983159282260576,90.965,PPO-RegenReg,Hopper-v4,4
112808,reward,4761,140.37065833695743,98.483,PPO-RegenReg,Hopper-v4,4
112895,reward,4762,191.06143103199722,108.474,PPO-RegenReg,Hopper-v4,4
112940,reward,4763,66.41531160709383,98.072,PPO-RegenReg,Hopper-v4,4
112984,reward,4764,71.3894194103329,98.292,PPO-RegenReg,Hopper-v4,4
113007,reward,4765,29.80651169105615,93.054,PPO-RegenReg,Hopper-v4,4
113046,reward,4766,63.576959868416914,81.134,PPO-RegenReg,Hopper-v4,4
113082,reward,4767,61.02527141421123,82.069,PPO-RegenReg,Hopper-v4,4
113154,reward,4768,144.560485349868,88.584,PPO-RegenReg,Hopper-v4,4
113230,reward,4769,158.77025226290735,94.696,PPO-RegenReg,Hopper-v4,4
113263,reward,4770,49.69607636103947,97.667,PPO-RegenReg,Hopper-v4,4
113311,reward,4771,80.45128180648273,91.675,PPO-RegenReg,Hopper-v4,4
113383,reward,4772,137.42789843919874,86.312,PPO-RegenReg,Hopper-v4,4
113442,reward,4773,105.1287277767474,90.183,PPO-RegenReg,Hopper-v4,4
113465,reward,4774,30.651343052875895,86.109,PPO-RegenReg,Hopper-v4,4
113546,reward,4775,166.27720944583402,99.757,PPO-RegenReg,Hopper-v4,4
113622,reward,4776,154.82427701125124,108.881,PPO-RegenReg,Hopper-v4,4
113670,reward,4777,83.10496055123133,111.089,PPO-RegenReg,Hopper-v4,4
113731,reward,4778,112.2479321710328,107.858,PPO-RegenReg,Hopper-v4,4
113781,reward,4779,85.82293410762335,100.563,PPO-RegenReg,Hopper-v4,4
113832,reward,4780,88.78951076106613,104.473,PPO-RegenReg,Hopper-v4,4
113920,reward,4781,194.60103698548687,115.888,PPO-RegenReg,Hopper-v4,4
114004,reward,4782,183.54075994564772,120.499,PPO-RegenReg,Hopper-v4,4
114055,reward,4783,88.39365830935903,118.825,PPO-RegenReg,Hopper-v4,4
114077,reward,4784,25.459336982919403,118.306,PPO-RegenReg,Hopper-v4,4
114102,reward,4785,33.705672916140195,105.049,PPO-RegenReg,Hopper-v4,4
114150,reward,4786,81.67849721019287,97.734,PPO-RegenReg,Hopper-v4,4
114220,reward,4787,138.06464288741796,103.23,PPO-RegenReg,Hopper-v4,4
114256,reward,4788,57.24507788178143,97.73,PPO-RegenReg,Hopper-v4,4
114326,reward,4789,142.5556805545325,103.403,PPO-RegenReg,Hopper-v4,4
114373,reward,4790,77.40212080957508,102.265,PPO-RegenReg,Hopper-v4,4
114439,reward,4791,125.5269403304434,95.357,PPO-RegenReg,Hopper-v4,4
114496,reward,4792,102.70118128556803,87.273,PPO-RegenReg,Hopper-v4,4
114536,reward,4793,67.42679720676219,85.177,PPO-RegenReg,Hopper-v4,4
114550,reward,4794,13.217490942928743,83.952,PPO-RegenReg,Hopper-v4,4
114617,reward,4795,130.16469669224026,93.598,PPO-RegenReg,Hopper-v4,4
114654,reward,4796,50.68111916643647,90.499,PPO-RegenReg,Hopper-v4,4
114678,reward,4797,26.852328491525213,79.377,PPO-RegenReg,Hopper-v4,4
114731,reward,4798,90.32210481641657,82.685,PPO-RegenReg,Hopper-v4,4
114817,reward,4799,189.92656168975842,87.422,PPO-RegenReg,Hopper-v4,4
114894,reward,4800,158.38808131282275,95.521,PPO-RegenReg,Hopper-v4,4
114934,reward,4801,65.16697750027393,89.485,PPO-RegenReg,Hopper-v4,4
114954,reward,4802,25.361413996183863,81.751,PPO-RegenReg,Hopper-v4,4
114971,reward,4803,18.415616184211654,76.85,PPO-RegenReg,Hopper-v4,4
114987,reward,4804,19.414502988829682,77.469,PPO-RegenReg,Hopper-v4,4
115037,reward,4805,86.79049297152172,73.132,PPO-RegenReg,Hopper-v4,4
115076,reward,4806,69.07159237476304,74.971,PPO-RegenReg,Hopper-v4,4
115104,reward,4807,40.679478497545986,76.354,PPO-RegenReg,Hopper-v4,4
115142,reward,4808,62.164205412186234,73.538,PPO-RegenReg,Hopper-v4,4
115174,reward,4809,48.67328290377657,59.413,PPO-RegenReg,Hopper-v4,4
115190,reward,4810,17.38322492718325,45.312,PPO-RegenReg,Hopper-v4,4
115210,reward,4811,28.342230987296855,41.63,PPO-RegenReg,Hopper-v4,4
115247,reward,4812,58.6549131080553,44.959,PPO-RegenReg,Hopper-v4,4
115268,reward,4813,26.450694670983257,45.762,PPO-RegenReg,Hopper-v4,4
115329,reward,4814,110.5488477520123,54.876,PPO-RegenReg,Hopper-v4,4
115354,reward,4815,33.75687642485712,49.573,PPO-RegenReg,Hopper-v4,4
115438,reward,4816,181.23945459707335,60.789,PPO-RegenReg,Hopper-v4,4
115478,reward,4817,64.90631880127842,63.212,PPO-RegenReg,Hopper-v4,4
115566,reward,4818,195.87247110790713,76.583,PPO-RegenReg,Hopper-v4,4
115621,reward,4819,98.98864172360362,81.614,PPO-RegenReg,Hopper-v4,4
115648,reward,4820,39.6225755906676,83.838,PPO-RegenReg,Hopper-v4,4
115734,reward,4821,186.58691089529793,99.663,PPO-RegenReg,Hopper-v4,4
115771,reward,4822,59.03301803301275,99.701,PPO-RegenReg,Hopper-v4,4
115819,reward,4823,80.37684389002814,105.093,PPO-RegenReg,Hopper-v4,4
115878,reward,4824,105.16036278059796,104.554,PPO-RegenReg,Hopper-v4,4
115919,reward,4825,66.31630393210935,107.81,PPO-RegenReg,Hopper-v4,4
116006,reward,4826,193.83992879158123,109.07,PPO-RegenReg,Hopper-v4,4
116050,reward,4827,72.88436258094099,109.868,PPO-RegenReg,Hopper-v4,4
116082,reward,4828,38.41814143439608,94.123,PPO-RegenReg,Hopper-v4,4
116146,reward,4829,120.1779635615232,96.242,PPO-RegenReg,Hopper-v4,4
116170,reward,4830,32.71567198077435,95.551,PPO-RegenReg,Hopper-v4,4
116243,reward,4831,74.40487966189765,84.333,PPO-RegenReg,Hopper-v4,4
116326,reward,4832,174.67514320845152,95.897,PPO-RegenReg,Hopper-v4,4
116376,reward,4833,85.76507580562983,96.436,PPO-RegenReg,Hopper-v4,4
116397,reward,4834,27.755463689456093,88.695,PPO-RegenReg,Hopper-v4,4
116433,reward,4835,56.07306415066025,87.671,PPO-RegenReg,Hopper-v4,4
116446,reward,4836,13.137372189413522,69.601,PPO-RegenReg,Hopper-v4,4
116495,reward,4837,81.65988063850376,70.478,PPO-RegenReg,Hopper-v4,4
116537,reward,4838,70.0700886727816,73.643,PPO-RegenReg,Hopper-v4,4
116589,reward,4839,88.03241395753896,70.429,PPO-RegenReg,Hopper-v4,4
116628,reward,4840,63.62183870281362,73.52,PPO-RegenReg,Hopper-v4,4
116657,reward,4841,35.11816469949536,69.591,PPO-RegenReg,Hopper-v4,4
116691,reward,4842,56.55966403504296,57.779,PPO-RegenReg,Hopper-v4,4
116743,reward,4843,89.4826923029094,58.151,PPO-RegenReg,Hopper-v4,4
116782,reward,4844,63.23675697616083,61.699,PPO-RegenReg,Hopper-v4,4
116803,reward,4845,26.310076589381115,58.723,PPO-RegenReg,Hopper-v4,4
116856,reward,4846,93.1557183973583,66.725,PPO-RegenReg,Hopper-v4,4
116945,reward,4847,183.88212452421905,76.947,PPO-RegenReg,Hopper-v4,4
116973,reward,4848,41.27310542584498,74.067,PPO-RegenReg,Hopper-v4,4
117017,reward,4849,71.56268932540868,72.42,PPO-RegenReg,Hopper-v4,4
117039,reward,4850,29.76385919773597,69.034,PPO-RegenReg,Hopper-v4,4
117075,reward,4851,57.42377899708478,71.265,PPO-RegenReg,Hopper-v4,4
117099,reward,4852,33.562548420745344,68.965,PPO-RegenReg,Hopper-v4,4
117118,reward,4853,23.025862201799235,62.32,PPO-RegenReg,Hopper-v4,4
117203,reward,4854,179.16280639172928,73.912,PPO-RegenReg,Hopper-v4,4
117222,reward,4855,21.88849182766771,73.47,PPO-RegenReg,Hopper-v4,4
117244,reward,4856,27.78629088526058,66.933,PPO-RegenReg,Hopper-v4,4
117327,reward,4857,179.98861483074523,66.544,PPO-RegenReg,Hopper-v4,4
117378,reward,4858,87.17777840749667,71.134,PPO-RegenReg,Hopper-v4,4
117466,reward,4859,194.3753522036708,83.416,PPO-RegenReg,Hopper-v4,4
117554,reward,4860,196.3760427506286,100.077,PPO-RegenReg,Hopper-v4,4
117577,reward,4861,24.40619323037278,96.775,PPO-RegenReg,Hopper-v4,4
117597,reward,4862,18.995579059982667,95.318,PPO-RegenReg,Hopper-v4,4
117662,reward,4863,123.68914909237076,105.385,PPO-RegenReg,Hopper-v4,4
117677,reward,4864,18.44171954581897,89.313,PPO-RegenReg,Hopper-v4,4
117723,reward,4865,78.34436334693842,94.958,PPO-RegenReg,Hopper-v4,4
117736,reward,4866,14.017267539340232,93.581,PPO-RegenReg,Hopper-v4,4
117766,reward,4867,37.63960653530411,79.346,PPO-RegenReg,Hopper-v4,4
117796,reward,4868,43.328432966295594,74.961,PPO-RegenReg,Hopper-v4,4
117841,reward,4869,73.52291269433519,62.876,PPO-RegenReg,Hopper-v4,4
117872,reward,4870,47.37607563188712,47.976,PPO-RegenReg,Hopper-v4,4
117908,reward,4871,56.28862225772659,51.164,PPO-RegenReg,Hopper-v4,4
117933,reward,4872,33.84472750044318,52.649,PPO-RegenReg,Hopper-v4,4
117993,reward,4873,108.7014798916477,51.151,PPO-RegenReg,Hopper-v4,4
118026,reward,4874,47.59218005889787,54.066,PPO-RegenReg,Hopper-v4,4
118082,reward,4875,98.16603221383214,56.048,PPO-RegenReg,Hopper-v4,4
118132,reward,4876,84.99764472972367,63.146,PPO-RegenReg,Hopper-v4,4
118170,reward,4877,60.3729885468679,65.419,PPO-RegenReg,Hopper-v4,4
118213,reward,4878,70.25222549558445,68.111,PPO-RegenReg,Hopper-v4,4
118246,reward,4879,51.40471111768373,65.9,PPO-RegenReg,Hopper-v4,4
118301,reward,4880,96.64228856818337,70.826,PPO-RegenReg,Hopper-v4,4
118321,reward,4881,20.69974365564329,67.267,PPO-RegenReg,Hopper-v4,4
118355,reward,4882,53.56958549957821,69.24,PPO-RegenReg,Hopper-v4,4
118394,reward,4883,60.24615261751879,64.394,PPO-RegenReg,Hopper-v4,4
118445,reward,4884,85.84978248837064,68.22,PPO-RegenReg,Hopper-v4,4
118463,reward,4885,22.44156937790409,60.648,PPO-RegenReg,Hopper-v4,4
118500,reward,4886,60.28854746478569,58.177,PPO-RegenReg,Hopper-v4,4
118529,reward,4887,44.19170391655801,56.559,PPO-RegenReg,Hopper-v4,4
118563,reward,4888,53.33805030068075,54.867,PPO-RegenReg,Hopper-v4,4
118595,reward,4889,48.61684607834742,54.588,PPO-RegenReg,Hopper-v4,4
118658,reward,4890,116.52333787291184,56.577,PPO-RegenReg,Hopper-v4,4
118705,reward,4891,80.44938641121892,62.551,PPO-RegenReg,Hopper-v4,4
118760,reward,4892,96.95328738256929,66.89,PPO-RegenReg,Hopper-v4,4
118809,reward,4893,80.64462515911427,68.93,PPO-RegenReg,Hopper-v4,4
118893,reward,4894,182.8620541466627,78.631,PPO-RegenReg,Hopper-v4,4
118926,reward,4895,41.737127679192696,80.56,PPO-RegenReg,Hopper-v4,4
119011,reward,4896,186.39684859015549,93.171,PPO-RegenReg,Hopper-v4,4
119049,reward,4897,61.200020477409716,94.872,PPO-RegenReg,Hopper-v4,4
119077,reward,4898,31.643434533198253,92.703,PPO-RegenReg,Hopper-v4,4
119146,reward,4899,137.08729843612608,101.55,PPO-RegenReg,Hopper-v4,4
119186,reward,4900,63.27030636208542,96.224,PPO-RegenReg,Hopper-v4,4
119230,reward,4901,70.34101408295345,95.214,PPO-RegenReg,Hopper-v4,4
119253,reward,4902,29.60368323977959,88.479,PPO-RegenReg,Hopper-v4,4
119309,reward,4903,78.23786520702936,88.238,PPO-RegenReg,Hopper-v4,4
119378,reward,4904,134.85273340123695,83.437,PPO-RegenReg,Hopper-v4,4
119407,reward,4905,34.16261011524946,82.68,PPO-RegenReg,Hopper-v4,4
119456,reward,4906,79.93295334714381,72.033,PPO-RegenReg,Hopper-v4,4
119504,reward,4907,79.84509040660416,73.898,PPO-RegenReg,Hopper-v4,4
119526,reward,4908,23.050379209690774,73.038,PPO-RegenReg,Hopper-v4,4
119559,reward,4909,49.512329630650605,64.281,PPO-RegenReg,Hopper-v4,4
119603,reward,4910,72.13782610231395,65.168,PPO-RegenReg,Hopper-v4,4
119646,reward,4911,69.40840260164354,65.074,PPO-RegenReg,Hopper-v4,4
119656,reward,4912,8.42609964883132,62.957,PPO-RegenReg,Hopper-v4,4
119675,reward,4913,22.09448743124307,57.342,PPO-RegenReg,Hopper-v4,4
119698,reward,4914,30.021034214810133,46.859,PPO-RegenReg,Hopper-v4,4
119747,reward,4915,83.40519729115802,51.783,PPO-RegenReg,Hopper-v4,4
119768,reward,4916,27.95540249965978,46.586,PPO-RegenReg,Hopper-v4,4
119796,reward,4917,39.54948652012895,42.556,PPO-RegenReg,Hopper-v4,4
119852,reward,4918,98.97951629775571,50.149,PPO-RegenReg,Hopper-v4,4
119876,reward,4919,31.998092389927866,48.398,PPO-RegenReg,Hopper-v4,4
119898,reward,4920,27.888406947314103,43.973,PPO-RegenReg,Hopper-v4,4
119917,reward,4921,23.114904193675173,39.343,PPO-RegenReg,Hopper-v4,4
120005,reward,4922,199.25059484513503,58.426,PPO-RegenReg,Hopper-v4,4
120020,reward,4923,14.93667193161647,57.71,PPO-RegenReg,Hopper-v4,4
120055,reward,4924,52.037698947760916,59.912,PPO-RegenReg,Hopper-v4,4
120093,reward,4925,58.6721749799448,57.438,PPO-RegenReg,Hopper-v4,4
120118,reward,4926,34.51712804367457,58.094,PPO-RegenReg,Hopper-v4,4
120153,reward,4927,55.0617112362852,59.646,PPO-RegenReg,Hopper-v4,4
120205,reward,4928,91.34000343454792,58.882,PPO-RegenReg,Hopper-v4,4
120242,reward,4929,57.32163105019317,61.414,PPO-RegenReg,Hopper-v4,4
120327,reward,4930,188.52507053228948,77.478,PPO-RegenReg,Hopper-v4,4
120351,reward,4931,34.96241997873996,78.663,PPO-RegenReg,Hopper-v4,4
120412,reward,4932,112.79240872361318,70.017,PPO-RegenReg,Hopper-v4,4
120428,reward,4933,16.806513497883223,70.204,PPO-RegenReg,Hopper-v4,4
120444,reward,4934,17.771421265612766,66.777,PPO-RegenReg,Hopper-v4,4
120482,reward,4935,48.71908246077973,65.782,PPO-RegenReg,Hopper-v4,4
120539,reward,4936,101.22738861842133,72.453,PPO-RegenReg,Hopper-v4,4
120573,reward,4937,53.14598539233287,72.261,PPO-RegenReg,Hopper-v4,4
120623,reward,4938,87.07337374834965,71.835,PPO-RegenReg,Hopper-v4,4
120710,reward,4939,189.68682374240052,85.071,PPO-RegenReg,Hopper-v4,4
120741,reward,4940,46.66767716261089,70.885,PPO-RegenReg,Hopper-v4,4
120824,reward,4941,164.0634468071666,83.795,PPO-RegenReg,Hopper-v4,4
120850,reward,4942,37.98082519094215,76.314,PPO-RegenReg,Hopper-v4,4
120893,reward,4943,68.32485995624334,81.466,PPO-RegenReg,Hopper-v4,4
120921,reward,4944,33.33888931123553,83.023,PPO-RegenReg,Hopper-v4,4
120931,reward,4945,9.214782256542865,79.072,PPO-RegenReg,Hopper-v4,4
121015,reward,4946,187.30942154376734,87.681,PPO-RegenReg,Hopper-v4,4
121064,reward,4947,82.30991212875247,90.597,PPO-RegenReg,Hopper-v4,4
121075,reward,4948,11.119733165290498,83.002,PPO-RegenReg,Hopper-v4,4
121125,reward,4949,85.55756078297595,72.589,PPO-RegenReg,Hopper-v4,4
121161,reward,4950,57.442279989510695,73.666,PPO-RegenReg,Hopper-v4,4
121189,reward,4951,36.40221155689823,60.9,PPO-RegenReg,Hopper-v4,4
121276,reward,4952,193.778941789795,76.48,PPO-RegenReg,Hopper-v4,4
121368,reward,4953,209.28598262977567,90.576,PPO-RegenReg,Hopper-v4,4
121392,reward,4954,34.531172246257256,90.695,PPO-RegenReg,Hopper-v4,4
121438,reward,4955,75.83002791685048,97.357,PPO-RegenReg,Hopper-v4,4
121527,reward,4956,197.25784503397355,98.352,PPO-RegenReg,Hopper-v4,4
121585,reward,4957,103.91502640245388,100.512,PPO-RegenReg,Hopper-v4,4
121623,reward,4958,60.746675561363,105.475,PPO-RegenReg,Hopper-v4,4
121661,reward,4959,59.56631317618046,102.876,PPO-RegenReg,Hopper-v4,4
121687,reward,4960,35.452407746040144,100.677,PPO-RegenReg,Hopper-v4,4
121734,reward,4961,68.53159516250751,103.89,PPO-RegenReg,Hopper-v4,4
121745,reward,4962,10.770937022299561,85.589,PPO-RegenReg,Hopper-v4,4
121777,reward,4963,48.5979643890166,69.52,PPO-RegenReg,Hopper-v4,4
121795,reward,4964,21.669557929891283,68.234,PPO-RegenReg,Hopper-v4,4
121880,reward,4965,182.5637407247091,78.907,PPO-RegenReg,Hopper-v4,4
121942,reward,4966,116.4709883151969,70.829,PPO-RegenReg,Hopper-v4,4
121992,reward,4967,86.67936475871167,69.105,PPO-RegenReg,Hopper-v4,4
122082,reward,4968,205.00175142704467,83.53,PPO-RegenReg,Hopper-v4,4
122139,reward,4969,101.44506247855918,87.718,PPO-RegenReg,Hopper-v4,4
122160,reward,4970,25.90018184462156,86.763,PPO-RegenReg,Hopper-v4,4
122212,reward,4971,88.35581651202318,88.746,PPO-RegenReg,Hopper-v4,4
122297,reward,4972,186.08891867543758,106.277,PPO-RegenReg,Hopper-v4,4
122388,reward,4973,185.38270994462707,119.956,PPO-RegenReg,Hopper-v4,4
122412,reward,4974,35.13825779315726,121.303,PPO-RegenReg,Hopper-v4,4
122449,reward,4975,60.4343595425383,109.09,PPO-RegenReg,Hopper-v4,4
122482,reward,4976,46.47913625756564,102.091,PPO-RegenReg,Hopper-v4,4
122511,reward,4977,41.51879361788848,97.574,PPO-RegenReg,Hopper-v4,4
122588,reward,4978,146.8107128270197,91.755,PPO-RegenReg,Hopper-v4,4
122647,reward,4979,104.53324330310802,92.064,PPO-RegenReg,Hopper-v4,4
122697,reward,4980,84.68124822437056,97.942,PPO-RegenReg,Hopper-v4,4
122712,reward,4981,15.081918111274053,90.615,PPO-RegenReg,Hopper-v4,4
122737,reward,4982,32.50803797895462,75.257,PPO-RegenReg,Hopper-v4,4
122795,reward,4983,107.01594988165962,67.42,PPO-RegenReg,Hopper-v4,4
122821,reward,4984,38.04390975727067,67.711,PPO-RegenReg,Hopper-v4,4
122876,reward,4985,97.83120954381891,71.45,PPO-RegenReg,Hopper-v4,4
122911,reward,4986,53.99743027647616,72.202,PPO-RegenReg,Hopper-v4,4
122935,reward,4987,33.62993669068552,71.413,PPO-RegenReg,Hopper-v4,4
122991,reward,4988,99.86283738264332,66.719,PPO-RegenReg,Hopper-v4,4
123016,reward,4989,34.248880940400944,59.69,PPO-RegenReg,Hopper-v4,4
123065,reward,4990,82.14205489984866,59.436,PPO-RegenReg,Hopper-v4,4
123111,reward,4991,76.88998021912397,65.617,PPO-RegenReg,Hopper-v4,4
123179,reward,4992,132.45040840845638,75.611,PPO-RegenReg,Hopper-v4,4
123265,reward,4993,189.75021349488458,83.885,PPO-RegenReg,Hopper-v4,4
123284,reward,4994,22.571512753508753,82.337,PPO-RegenReg,Hopper-v4,4
123325,reward,4995,67.55695538941308,79.31,PPO-RegenReg,Hopper-v4,4
123365,reward,4996,65.39930674361892,80.45,PPO-RegenReg,Hopper-v4,4
123411,reward,4997,77.92983469188658,84.88,PPO-RegenReg,Hopper-v4,4
123473,reward,4998,114.7307553845851,86.367,PPO-RegenReg,Hopper-v4,4
123511,reward,4999,61.76620496480264,89.119,PPO-RegenReg,Hopper-v4,4
123536,reward,5000,34.72744543810579,84.377,PPO-RegenReg,Hopper-v4,4
123599,reward,5001,116.18697822792426,88.307,PPO-RegenReg,Hopper-v4,4
123644,reward,5002,75.6633295692859,82.628,PPO-RegenReg,Hopper-v4,4
123685,reward,5003,66.11756211703909,70.265,PPO-RegenReg,Hopper-v4,4
123703,reward,5004,20.236096456091822,70.031,PPO-RegenReg,Hopper-v4,4
123777,reward,5005,147.19147205849197,77.995,PPO-RegenReg,Hopper-v4,4
123803,reward,5006,32.97713742076895,74.753,PPO-RegenReg,Hopper-v4,4
123853,reward,5007,83.44540529916306,75.304,PPO-RegenReg,Hopper-v4,4
123904,reward,5008,85.99883364021265,72.431,PPO-RegenReg,Hopper-v4,4
123960,reward,5009,98.58821305740635,76.113,PPO-RegenReg,Hopper-v4,4
124000,reward,5010,66.57990647826294,79.298,PPO-RegenReg,Hopper-v4,4
124037,reward,5011,59.19716516861667,73.6,PPO-RegenReg,Hopper-v4,4
124072,reward,5012,54.69508693229499,71.503,PPO-RegenReg,Hopper-v4,4
124117,reward,5013,75.27174996514817,72.418,PPO-RegenReg,Hopper-v4,4
124142,reward,5014,35.49528153336116,73.944,PPO-RegenReg,Hopper-v4,4
124186,reward,5015,72.18152085626485,66.443,PPO-RegenReg,Hopper-v4,4
124275,reward,5016,196.98514315725077,82.844,PPO-RegenReg,Hopper-v4,4
124319,reward,5017,71.889683992947,81.688,PPO-RegenReg,Hopper-v4,4
124373,reward,5018,96.35957167146113,82.724,PPO-RegenReg,Hopper-v4,4
124410,reward,5019,57.035916758887595,78.569,PPO-RegenReg,Hopper-v4,4
124453,reward,5020,71.55764015709748,79.067,PPO-RegenReg,Hopper-v4,4
124509,reward,5021,105.74754609291102,83.722,PPO-RegenReg,Hopper-v4,4
124563,reward,5022,94.99331231648245,87.752,PPO-RegenReg,Hopper-v4,4
124610,reward,5023,81.00924684307444,88.325,PPO-RegenReg,Hopper-v4,4
124646,reward,5024,55.75417350000341,90.351,PPO-RegenReg,Hopper-v4,4
124713,reward,5025,135.416642529696,96.675,PPO-RegenReg,Hopper-v4,4
124767,reward,5026,94.16505042002787,86.393,PPO-RegenReg,Hopper-v4,4
124855,reward,5027,192.81412077758992,98.485,PPO-RegenReg,Hopper-v4,4
124893,reward,5028,60.25625834286874,94.875,PPO-RegenReg,Hopper-v4,4
124961,reward,5029,133.32969775386903,102.504,PPO-RegenReg,Hopper-v4,4
125009,reward,5030,79.13371355058676,103.262,PPO-RegenReg,Hopper-v4,4
125037,reward,5031,43.20587252979951,97.008,PPO-RegenReg,Hopper-v4,4
125127,reward,5032,196.09403510134706,107.118,PPO-RegenReg,Hopper-v4,4
125207,reward,5033,168.43734608984866,115.861,PPO-RegenReg,Hopper-v4,4
125265,reward,5034,103.16431405975821,120.602,PPO-RegenReg,Hopper-v4,4
125285,reward,5035,24.794543989683543,109.539,PPO-RegenReg,Hopper-v4,4
125339,reward,5036,94.15022608640896,109.538,PPO-RegenReg,Hopper-v4,4
125368,reward,5037,42.80631944515707,94.537,PPO-RegenReg,Hopper-v4,4
125419,reward,5038,88.54229988635834,97.366,PPO-RegenReg,Hopper-v4,4
125446,reward,5039,38.4953669448605,87.882,PPO-RegenReg,Hopper-v4,4
125535,reward,5040,198.8161726066899,99.851,PPO-RegenReg,Hopper-v4,4
125586,reward,5041,85.55395558243879,104.085,PPO-RegenReg,Hopper-v4,4
125630,reward,5042,73.44066462017086,91.82,PPO-RegenReg,Hopper-v4,4
125651,reward,5043,28.418168953859155,77.818,PPO-RegenReg,Hopper-v4,4
125729,reward,5044,158.89909593893373,83.392,PPO-RegenReg,Hopper-v4,4
125802,reward,5045,145.69360757767382,95.482,PPO-RegenReg,Hopper-v4,4
125872,reward,5046,136.90438606873562,99.757,PPO-RegenReg,Hopper-v4,4
125924,reward,5047,88.73138542954679,104.35,PPO-RegenReg,Hopper-v4,4
125976,reward,5048,88.79054378576494,104.374,PPO-RegenReg,Hopper-v4,4
126021,reward,5049,73.13417493343934,107.838,PPO-RegenReg,Hopper-v4,4
126051,reward,5050,45.84682637276827,92.541,PPO-RegenReg,Hopper-v4,4
126073,reward,5051,28.816802381829085,86.868,PPO-RegenReg,Hopper-v4,4
126111,reward,5052,61.90373192719642,85.714,PPO-RegenReg,Hopper-v4,4
126163,reward,5053,92.47370310813281,92.119,PPO-RegenReg,Hopper-v4,4
126197,reward,5054,51.74793063558624,81.404,PPO-RegenReg,Hopper-v4,4
126231,reward,5055,54.769909830846345,72.312,PPO-RegenReg,Hopper-v4,4
126264,reward,5056,48.5494299076322,63.476,PPO-RegenReg,Hopper-v4,4
126319,reward,5057,97.00411558380227,64.304,PPO-RegenReg,Hopper-v4,4
126378,reward,5058,107.2513626343586,66.15,PPO-RegenReg,Hopper-v4,4
126408,reward,5059,35.13651371833129,62.35,PPO-RegenReg,Hopper-v4,4
126449,reward,5060,67.6321445306455,64.529,PPO-RegenReg,Hopper-v4,4
126491,reward,5061,69.69376478536861,68.616,PPO-RegenReg,Hopper-v4,4
126579,reward,5062,197.24878259222078,82.151,PPO-RegenReg,Hopper-v4,4
126641,reward,5063,115.06995654748995,84.41,PPO-RegenReg,Hopper-v4,4
126668,reward,5064,40.524943252762185,83.288,PPO-RegenReg,Hopper-v4,4
126705,reward,5065,58.05676219005541,83.617,PPO-RegenReg,Hopper-v4,4
126751,reward,5066,74.95079916090309,86.257,PPO-RegenReg,Hopper-v4,4
126838,reward,5067,187.49531009063597,95.306,PPO-RegenReg,Hopper-v4,4
126859,reward,5068,27.311914197632674,87.312,PPO-RegenReg,Hopper-v4,4
126911,reward,5069,89.009054364528,92.699,PPO-RegenReg,Hopper-v4,4
127001,reward,5070,187.42763531795794,104.679,PPO-RegenReg,Hopper-v4,4
127016,reward,5071,16.86473629339599,99.396,PPO-RegenReg,Hopper-v4,4
127048,reward,5072,49.21977142005775,84.593,PPO-RegenReg,Hopper-v4,4
127096,reward,5073,80.35750271497366,81.122,PPO-RegenReg,Hopper-v4,4
127132,reward,5074,56.90157427808693,82.76,PPO-RegenReg,Hopper-v4,4
127198,reward,5075,125.63135208516984,89.517,PPO-RegenReg,Hopper-v4,4
127227,reward,5076,40.45301817000068,86.067,PPO-RegenReg,Hopper-v4,4
127240,reward,5077,13.446678881203471,68.662,PPO-RegenReg,Hopper-v4,4
127286,reward,5078,77.07630672820477,73.639,PPO-RegenReg,Hopper-v4,4
127375,reward,5079,200.20322862525632,84.758,PPO-RegenReg,Hopper-v4,4
127452,reward,5080,158.4331631602222,81.859,PPO-RegenReg,Hopper-v4,4
127482,reward,5081,44.88538999380502,84.661,PPO-RegenReg,Hopper-v4,4
127538,reward,5082,98.74614977140828,89.613,PPO-RegenReg,Hopper-v4,4
127581,reward,5083,74.29312248917529,89.007,PPO-RegenReg,Hopper-v4,4
127608,reward,5084,39.45279142893551,87.262,PPO-RegenReg,Hopper-v4,4
127661,reward,5085,91.21442379639133,83.82,PPO-RegenReg,Hopper-v4,4
127678,reward,5086,19.755469868784907,81.751,PPO-RegenReg,Hopper-v4,4
127718,reward,5087,65.5971028666059,86.966,PPO-RegenReg,Hopper-v4,4
127761,reward,5088,71.14959830064875,86.373,PPO-RegenReg,Hopper-v4,4
127813,reward,5089,89.38485605026736,75.291,PPO-RegenReg,Hopper-v4,4
127870,reward,5090,100.38304929707049,69.486,PPO-RegenReg,Hopper-v4,4
127905,reward,5091,52.28693430403789,70.226,PPO-RegenReg,Hopper-v4,4
127927,reward,5092,27.52133936601372,63.104,PPO-RegenReg,Hopper-v4,4
127982,reward,5093,100.00939427824002,65.675,PPO-RegenReg,Hopper-v4,4
128039,reward,5094,102.0772084062367,71.938,PPO-RegenReg,Hopper-v4,4
128066,reward,5095,30.64341676296581,65.881,PPO-RegenReg,Hopper-v4,4
128116,reward,5096,84.92859528213447,72.398,PPO-RegenReg,Hopper-v4,4
128156,reward,5097,64.7323152825191,72.312,PPO-RegenReg,Hopper-v4,4
128172,reward,5098,16.9576392132884,66.892,PPO-RegenReg,Hopper-v4,4
128213,reward,5099,67.28174959861613,64.682,PPO-RegenReg,Hopper-v4,4
128265,reward,5100,87.78436220520818,63.422,PPO-RegenReg,Hopper-v4,4
128309,reward,5101,73.58743428304334,65.552,PPO-RegenReg,Hopper-v4,4
128338,reward,5102,48.357832858678314,67.636,PPO-RegenReg,Hopper-v4,4
128360,reward,5103,27.273043876500058,60.362,PPO-RegenReg,Hopper-v4,4
128443,reward,5104,178.768927716445,68.032,PPO-RegenReg,Hopper-v4,4
128528,reward,5105,186.91797269908434,83.659,PPO-RegenReg,Hopper-v4,4
128586,reward,5106,103.92897375636178,85.559,PPO-RegenReg,Hopper-v4,4
128614,reward,5107,40.343626867371626,83.12,PPO-RegenReg,Hopper-v4,4
128702,reward,5108,195.3390126544207,100.958,PPO-RegenReg,Hopper-v4,4
128776,reward,5109,150.52960737576558,109.283,PPO-RegenReg,Hopper-v4,4
128793,reward,5110,18.639707926948706,102.369,PPO-RegenReg,Hopper-v4,4
128841,reward,5111,80.45713095495282,103.056,PPO-RegenReg,Hopper-v4,4
128886,reward,5112,71.77439526517529,105.397,PPO-RegenReg,Hopper-v4,4
128934,reward,5113,82.21341082014146,110.891,PPO-RegenReg,Hopper-v4,4
129003,reward,5114,133.12947129210366,106.327,PPO-RegenReg,Hopper-v4,4
129037,reward,5115,53.75244569035445,93.011,PPO-RegenReg,Hopper-v4,4
129095,reward,5116,104.20976285998155,93.039,PPO-RegenReg,Hopper-v4,4
129147,reward,5117,87.69046039816064,97.774,PPO-RegenReg,Hopper-v4,4
129203,reward,5118,99.39041868033108,88.179,PPO-RegenReg,Hopper-v4,4
129265,reward,5119,116.23873324153521,84.75,PPO-RegenReg,Hopper-v4,4
129315,reward,5120,84.7206979583075,91.358,PPO-RegenReg,Hopper-v4,4
129380,reward,5121,120.98295622262034,95.41,PPO-RegenReg,Hopper-v4,4
129418,reward,5122,62.509657688781346,94.484,PPO-RegenReg,Hopper-v4,4
129477,reward,5123,105.59663300812443,96.822,PPO-RegenReg,Hopper-v4,4
129515,reward,5124,59.14535702403316,89.424,PPO-RegenReg,Hopper-v4,4
129597,reward,5125,176.35911765608319,101.684,PPO-RegenReg,Hopper-v4,4
129613,reward,5126,17.31775513991499,92.995,PPO-RegenReg,Hopper-v4,4
129679,reward,5127,125.74240402666341,96.8,PPO-RegenReg,Hopper-v4,4
129726,reward,5128,77.99971259404641,94.661,PPO-RegenReg,Hopper-v4,4
129785,reward,5129,107.91888321187743,93.829,PPO-RegenReg,Hopper-v4,4
129836,reward,5130,85.95812660360927,93.953,PPO-RegenReg,Hopper-v4,4
129871,reward,5131,53.57833526938807,87.213,PPO-RegenReg,Hopper-v4,4
129910,reward,5132,66.83179135665743,87.645,PPO-RegenReg,Hopper-v4,4
129992,reward,5133,175.3446763444296,94.62,PPO-RegenReg,Hopper-v4,4
130056,reward,5134,118.84027815793718,100.589,PPO-RegenReg,Hopper-v4,4
130119,reward,5135,114.58379451430594,94.412,PPO-RegenReg,Hopper-v4,4
130130,reward,5136,10.852968957866814,93.765,PPO-RegenReg,Hopper-v4,4
130184,reward,5137,78.71360619256012,89.062,PPO-RegenReg,Hopper-v4,4
130275,reward,5138,198.4048703122232,101.103,PPO-RegenReg,Hopper-v4,4
130324,reward,5139,83.27488037198793,98.638,PPO-RegenReg,Hopper-v4,4
130402,reward,5140,163.53175495052747,106.396,PPO-RegenReg,Hopper-v4,4
130448,reward,5141,76.03874661762758,108.642,PPO-RegenReg,Hopper-v4,4
130475,reward,5142,29.489602365281705,104.908,PPO-RegenReg,Hopper-v4,4
130529,reward,5143,98.51661440840851,97.225,PPO-RegenReg,Hopper-v4,4
130567,reward,5144,60.46967274293287,91.388,PPO-RegenReg,Hopper-v4,4
130605,reward,5145,60.85847070596839,86.015,PPO-RegenReg,Hopper-v4,4
130657,reward,5146,90.7316845635116,94.003,PPO-RegenReg,Hopper-v4,4
130739,reward,5147,172.855465045756,103.417,PPO-RegenReg,Hopper-v4,4
130759,reward,5148,19.938998593222582,85.571,PPO-RegenReg,Hopper-v4,4
130776,reward,5149,19.106647520161758,79.154,PPO-RegenReg,Hopper-v4,4
130815,reward,5150,63.05161983939314,69.106,PPO-RegenReg,Hopper-v4,4
130843,reward,5151,41.37362307006189,65.639,PPO-RegenReg,Hopper-v4,4
130874,reward,5152,47.97622952316469,67.488,PPO-RegenReg,Hopper-v4,4
130910,reward,5153,59.96350737725319,63.633,PPO-RegenReg,Hopper-v4,4
130963,reward,5154,90.11522496999537,66.597,PPO-RegenReg,Hopper-v4,4
130988,reward,5155,36.728756869762755,64.184,PPO-RegenReg,Hopper-v4,4
131043,reward,5156,97.41914737513486,64.853,PPO-RegenReg,Hopper-v4,4
131064,reward,5157,25.47605336896256,50.115,PPO-RegenReg,Hopper-v4,4
131108,reward,5158,60.246809772625,54.146,PPO-RegenReg,Hopper-v4,4
131150,reward,5159,71.58663151913024,59.394,PPO-RegenReg,Hopper-v4,4
131239,reward,5160,203.18571289506534,73.407,PPO-RegenReg,Hopper-v4,4
131309,reward,5161,134.88586705044207,82.758,PPO-RegenReg,Hopper-v4,4
131344,reward,5162,58.72455517913906,83.833,PPO-RegenReg,Hopper-v4,4
131387,reward,5163,69.36515315721705,84.773,PPO-RegenReg,Hopper-v4,4
131434,reward,5164,76.84759004105192,83.447,PPO-RegenReg,Hopper-v4,4
131469,reward,5165,58.56302804728878,85.63,PPO-RegenReg,Hopper-v4,4
131542,reward,5166,150.78641970363256,90.967,PPO-RegenReg,Hopper-v4,4
131612,reward,5167,137.269656858925,102.146,PPO-RegenReg,Hopper-v4,4
131663,reward,5168,87.04189743202593,104.826,PPO-RegenReg,Hopper-v4,4
131749,reward,5169,187.63852173510006,116.431,PPO-RegenReg,Hopper-v4,4
131805,reward,5170,99.86662065802196,106.099,PPO-RegenReg,Hopper-v4,4
131855,reward,5171,84.66736126551997,101.077,PPO-RegenReg,Hopper-v4,4
131930,reward,5172,152.23918994232753,110.429,PPO-RegenReg,Hopper-v4,4
131992,reward,5173,111.41497909622379,114.634,PPO-RegenReg,Hopper-v4,4
132043,reward,5174,89.01563949852893,115.85,PPO-RegenReg,Hopper-v4,4
132129,reward,5175,188.92488343321253,128.887,PPO-RegenReg,Hopper-v4,4
132177,reward,5176,82.90538032922495,122.098,PPO-RegenReg,Hopper-v4,4
132225,reward,5177,82.25731828684405,116.597,PPO-RegenReg,Hopper-v4,4
132271,reward,5178,80.5862940648443,115.952,PPO-RegenReg,Hopper-v4,4
132353,reward,5179,172.6658133140179,114.454,PPO-RegenReg,Hopper-v4,4
132443,reward,5180,193.07489499766692,123.775,PPO-RegenReg,Hopper-v4,4
132533,reward,5181,201.4598995966881,135.454,PPO-RegenReg,Hopper-v4,4
132576,reward,5182,68.77537734894828,127.108,PPO-RegenReg,Hopper-v4,4
132649,reward,5183,146.61446282059478,130.628,PPO-RegenReg,Hopper-v4,4
132720,reward,5184,135.01204955328373,135.228,PPO-RegenReg,Hopper-v4,4
132749,reward,5185,33.964109756789625,119.732,PPO-RegenReg,Hopper-v4,4
132782,reward,5186,50.60168783224058,116.501,PPO-RegenReg,Hopper-v4,4
132839,reward,5187,101.84393405986697,118.46,PPO-RegenReg,Hopper-v4,4
132927,reward,5188,194.8418315284752,129.885,PPO-RegenReg,Hopper-v4,4
132988,reward,5189,110.5061947700243,123.669,PPO-RegenReg,Hopper-v4,4
133035,reward,5190,79.82739039829266,112.345,PPO-RegenReg,Hopper-v4,4
133110,reward,5191,151.16866061788662,107.316,PPO-RegenReg,Hopper-v4,4
133160,reward,5192,87.47515256909897,109.186,PPO-RegenReg,Hopper-v4,4
133252,reward,5193,207.25653183963735,115.25,PPO-RegenReg,Hopper-v4,4
133329,reward,5194,157.9401823308598,117.543,PPO-RegenReg,Hopper-v4,4
133390,reward,5195,111.76323956688799,125.322,PPO-RegenReg,Hopper-v4,4
133440,reward,5196,83.00336006120277,128.563,PPO-RegenReg,Hopper-v4,4
133485,reward,5197,72.50046271178303,125.628,PPO-RegenReg,Hopper-v4,4
133557,reward,5198,134.9348457791389,119.638,PPO-RegenReg,Hopper-v4,4
133647,reward,5199,199.06531089679163,128.494,PPO-RegenReg,Hopper-v4,4
133676,reward,5200,48.61708373555148,125.372,PPO-RegenReg,Hopper-v4,4
133744,reward,5201,129.38850881087825,123.194,PPO-RegenReg,Hopper-v4,4
133773,reward,5202,40.9027281537847,118.537,PPO-RegenReg,Hopper-v4,4
133852,reward,5203,165.0281621695739,114.314,PPO-RegenReg,Hopper-v4,4
133863,reward,5204,9.98141059756618,99.519,PPO-RegenReg,Hopper-v4,4
133887,reward,5205,24.744028773143118,90.817,PPO-RegenReg,Hopper-v4,4
133928,reward,5206,65.56959676878145,89.073,PPO-RegenReg,Hopper-v4,4
133999,reward,5207,138.3234659637058,95.656,PPO-RegenReg,Hopper-v4,4
134022,reward,5208,24.920497510426767,84.654,PPO-RegenReg,Hopper-v4,4
134079,reward,5209,104.56739295440717,75.204,PPO-RegenReg,Hopper-v4,4
134135,reward,5210,100.02210693557356,80.345,PPO-RegenReg,Hopper-v4,4
134168,reward,5211,54.73905898710461,72.88,PPO-RegenReg,Hopper-v4,4
134218,reward,5212,83.64685551625023,77.154,PPO-RegenReg,Hopper-v4,4
134281,reward,5213,116.66687195465913,72.318,PPO-RegenReg,Hopper-v4,4
134309,reward,5214,32.77820978805901,74.598,PPO-RegenReg,Hopper-v4,4
134394,reward,5215,185.32843392717933,90.656,PPO-RegenReg,Hopper-v4,4
134428,reward,5216,42.90614022755127,88.39,PPO-RegenReg,Hopper-v4,4
134517,reward,5217,200.68143714531962,94.626,PPO-RegenReg,Hopper-v4,4
134592,reward,5218,156.15617991386793,107.749,PPO-RegenReg,Hopper-v4,4
134684,reward,5219,204.61844503001163,117.754,PPO-RegenReg,Hopper-v4,4
134733,reward,5220,85.7756063448484,116.33,PPO-RegenReg,Hopper-v4,4
134809,reward,5221,154.7094611140274,126.327,PPO-RegenReg,Hopper-v4,4
134894,reward,5222,186.49433636851356,136.612,PPO-RegenReg,Hopper-v4,4
134971,reward,5223,155.40168988668108,140.485,PPO-RegenReg,Hopper-v4,4
135032,reward,5224,112.9982885616574,148.507,PPO-RegenReg,Hopper-v4,4
135069,reward,5225,57.396247994656534,135.714,PPO-RegenReg,Hopper-v4,4
135131,reward,5226,119.30264943388343,143.353,PPO-RegenReg,Hopper-v4,4
135220,reward,5227,197.31346550352205,143.017,PPO-RegenReg,Hopper-v4,4
135251,reward,5228,50.80326219873305,132.481,PPO-RegenReg,Hopper-v4,4
135339,reward,5229,188.32508876454912,130.852,PPO-RegenReg,Hopper-v4,4
135425,reward,5230,186.24394412703074,140.899,PPO-RegenReg,Hopper-v4,4
135471,reward,5231,78.17071101392567,133.245,PPO-RegenReg,Hopper-v4,4
135517,reward,5232,74.99404557092979,122.095,PPO-RegenReg,Hopper-v4,4
135587,reward,5233,138.3904722369906,120.394,PPO-RegenReg,Hopper-v4,4
135676,reward,5234,201.35105106492688,129.229,PPO-RegenReg,Hopper-v4,4
135766,reward,5235,200.49123454850056,143.539,PPO-RegenReg,Hopper-v4,4
135813,reward,5236,77.31735123460973,139.34,PPO-RegenReg,Hopper-v4,4
135899,reward,5237,188.36703368848904,138.445,PPO-RegenReg,Hopper-v4,4
135963,reward,5238,117.5681682938692,145.122,PPO-RegenReg,Hopper-v4,4
136048,reward,5239,186.46703890749168,144.936,PPO-RegenReg,Hopper-v4,4
136136,reward,5240,196.15325782021583,145.927,PPO-RegenReg,Hopper-v4,4
136229,reward,5241,209.2534095250935,159.035,PPO-RegenReg,Hopper-v4,4
136302,reward,5242,147.6776361098488,166.304,PPO-RegenReg,Hopper-v4,4
136366,reward,5243,121.30481500262249,164.595,PPO-RegenReg,Hopper-v4,4
136436,reward,5244,136.7197430969812,158.132,PPO-RegenReg,Hopper-v4,4
136470,reward,5245,53.322986774711154,143.415,PPO-RegenReg,Hopper-v4,4
136555,reward,5246,186.23994468307166,154.307,PPO-RegenReg,Hopper-v4,4
136592,reward,5247,57.50006661007598,141.221,PPO-RegenReg,Hopper-v4,4
136637,reward,5248,78.04471896985694,137.268,PPO-RegenReg,Hopper-v4,4
136660,reward,5249,30.808826948170257,121.703,PPO-RegenReg,Hopper-v4,4
136730,reward,5250,137.6407139235188,115.851,PPO-RegenReg,Hopper-v4,4
136794,reward,5251,122.13645973217186,107.14,PPO-RegenReg,Hopper-v4,4
136857,reward,5252,117.68802406854027,104.141,PPO-RegenReg,Hopper-v4,4
136909,reward,5253,88.22145914240629,100.832,PPO-RegenReg,Hopper-v4,4
136945,reward,5254,57.77666967982273,92.938,PPO-RegenReg,Hopper-v4,4
136988,reward,5255,71.81565122150475,94.787,PPO-RegenReg,Hopper-v4,4
137062,reward,5256,154.10662286526312,91.574,PPO-RegenReg,Hopper-v4,4
137118,reward,5257,97.07380770376898,95.531,PPO-RegenReg,Hopper-v4,4
137196,reward,5258,159.37432864760615,103.664,PPO-RegenReg,Hopper-v4,4
137252,reward,5259,97.98665269897896,110.382,PPO-RegenReg,Hopper-v4,4
137299,reward,5260,78.70639413851225,104.489,PPO-RegenReg,Hopper-v4,4
137389,reward,5261,197.6169510502819,112.037,PPO-RegenReg,Hopper-v4,4
137458,reward,5262,134.9314439743072,113.761,PPO-RegenReg,Hopper-v4,4
137516,reward,5263,102.79142775241442,115.218,PPO-RegenReg,Hopper-v4,4
137542,reward,5264,29.30490146639255,112.371,PPO-RegenReg,Hopper-v4,4
137625,reward,5265,177.99285317184948,122.989,PPO-RegenReg,Hopper-v4,4
137704,reward,5266,170.35223993790888,124.613,PPO-RegenReg,Hopper-v4,4
137738,reward,5267,56.07027132879169,120.513,PPO-RegenReg,Hopper-v4,4
137808,reward,5268,144.3471445911125,119.01,PPO-RegenReg,Hopper-v4,4
137885,reward,5269,159.07631713544916,125.119,PPO-RegenReg,Hopper-v4,4
137933,reward,5270,78.94065067630098,125.142,PPO-RegenReg,Hopper-v4,4
138012,reward,5271,164.30456573404905,121.811,PPO-RegenReg,Hopper-v4,4
138048,reward,5272,57.86352519664774,114.104,PPO-RegenReg,Hopper-v4,4
138127,reward,5273,165.46790677910974,120.372,PPO-RegenReg,Hopper-v4,4
138217,reward,5274,199.59798537830534,137.401,PPO-RegenReg,Hopper-v4,4
138304,reward,5275,192.79625619063816,138.882,PPO-RegenReg,Hopper-v4,4
138374,reward,5276,135.34094130534788,135.381,PPO-RegenReg,Hopper-v4,4
138447,reward,5277,147.66313821259988,144.54,PPO-RegenReg,Hopper-v4,4
138507,reward,5278,109.22593995962403,141.028,PPO-RegenReg,Hopper-v4,4
138596,reward,5279,198.1930666746034,144.939,PPO-RegenReg,Hopper-v4,4
138677,reward,5280,173.83112280966733,154.428,PPO-RegenReg,Hopper-v4,4
138729,reward,5281,87.73290102965319,146.771,PPO-RegenReg,Hopper-v4,4
138811,reward,5282,173.7597158769122,158.361,PPO-RegenReg,Hopper-v4,4
138827,reward,5283,9.830802560444777,142.797,PPO-RegenReg,Hopper-v4,4
138862,reward,5284,44.05113654066501,127.243,PPO-RegenReg,Hopper-v4,4
138950,reward,5285,195.37591526507924,127.5,PPO-RegenReg,Hopper-v4,4
139031,reward,5286,170.42265135190002,131.009,PPO-RegenReg,Hopper-v4,4
139090,reward,5287,107.34255994274771,126.977,PPO-RegenReg,Hopper-v4,4
139178,reward,5288,195.02103444260516,135.556,PPO-RegenReg,Hopper-v4,4
139252,reward,5289,150.530454613537,130.79,PPO-RegenReg,Hopper-v4,4
139284,reward,5290,53.39529955077986,118.746,PPO-RegenReg,Hopper-v4,4
139375,reward,5291,203.95790982279857,130.369,PPO-RegenReg,Hopper-v4,4
139439,reward,5292,120.28554950854294,125.021,PPO-RegenReg,Hopper-v4,4
139469,reward,5293,35.20436258430484,127.559,PPO-RegenReg,Hopper-v4,4
139537,reward,5294,137.77780159541894,136.931,PPO-RegenReg,Hopper-v4,4
139583,reward,5295,80.07656990659832,125.401,PPO-RegenReg,Hopper-v4,4
139621,reward,5296,65.4729072061372,114.906,PPO-RegenReg,Hopper-v4,4
139673,reward,5297,90.96446268984172,113.269,PPO-RegenReg,Hopper-v4,4
139724,reward,5298,86.40281256448739,102.407,PPO-RegenReg,Hopper-v4,4
139773,reward,5299,81.08700630623694,95.462,PPO-RegenReg,Hopper-v4,4
139861,reward,5300,194.32268790348488,109.555,PPO-RegenReg,Hopper-v4,4
139926,reward,5301,130.6264135941297,102.222,PPO-RegenReg,Hopper-v4,4
139995,reward,5302,134.7989503667563,103.673,PPO-RegenReg,Hopper-v4,4
140018,reward,5303,29.05155528683789,103.058,PPO-RegenReg,Hopper-v4,4
140108,reward,5304,189.06441534554142,108.187,PPO-RegenReg,Hopper-v4,4
140197,reward,5305,202.3827166340817,120.417,PPO-RegenReg,Hopper-v4,4
140247,reward,5306,84.42803454951206,122.313,PPO-RegenReg,Hopper-v4,4
140308,reward,5307,109.34475592144453,124.151,PPO-RegenReg,Hopper-v4,4
140355,reward,5308,82.75941016794567,123.787,PPO-RegenReg,Hopper-v4,4
140443,reward,5309,192.55803285809168,134.934,PPO-RegenReg,Hopper-v4,4
140491,reward,5310,80.18082565230846,123.52,PPO-RegenReg,Hopper-v4,4
140549,reward,5311,109.65754324764221,121.423,PPO-RegenReg,Hopper-v4,4
140611,reward,5312,114.20175124808677,119.363,PPO-RegenReg,Hopper-v4,4
140700,reward,5313,199.26948395983484,136.385,PPO-RegenReg,Hopper-v4,4
140791,reward,5314,203.5478146865859,137.833,PPO-RegenReg,Hopper-v4,4
140880,reward,5315,196.89555337276877,137.284,PPO-RegenReg,Hopper-v4,4
140971,reward,5316,200.8030392105697,148.922,PPO-RegenReg,Hopper-v4,4
141061,reward,5317,203.24255121899216,158.312,PPO-RegenReg,Hopper-v4,4
141130,reward,5318,132.40939451364605,163.277,PPO-RegenReg,Hopper-v4,4
141223,reward,5319,207.79982268282168,164.801,PPO-RegenReg,Hopper-v4,4
141292,reward,5320,135.69101979596223,170.352,PPO-RegenReg,Hopper-v4,4
141382,reward,5321,184.59234114021584,177.845,PPO-RegenReg,Hopper-v4,4
141475,reward,5322,210.28135516779,187.453,PPO-RegenReg,Hopper-v4,4
141567,reward,5323,203.8489535435527,187.911,PPO-RegenReg,Hopper-v4,4
141654,reward,5324,189.49081638355904,186.505,PPO-RegenReg,Hopper-v4,4
141746,reward,5325,152.4926243331779,182.065,PPO-RegenReg,Hopper-v4,4
141777,reward,5326,51.178462184970066,167.103,PPO-RegenReg,Hopper-v4,4
141862,reward,5327,185.4181633872843,165.32,PPO-RegenReg,Hopper-v4,4
141953,reward,5328,202.54714309488358,172.334,PPO-RegenReg,Hopper-v4,4
141976,reward,5329,28.858484500429103,154.44,PPO-RegenReg,Hopper-v4,4
142012,reward,5330,60.89298292225598,146.96,PPO-RegenReg,Hopper-v4,4
142047,reward,5331,58.3630104335157,134.337,PPO-RegenReg,Hopper-v4,4
142081,reward,5332,57.24068437177739,119.033,PPO-RegenReg,Hopper-v4,4
142125,reward,5333,77.518970248258,106.4,PPO-RegenReg,Hopper-v4,4
142216,reward,5334,204.50919250966535,107.902,PPO-RegenReg,Hopper-v4,4
142304,reward,5335,199.69216239640312,112.622,PPO-RegenReg,Hopper-v4,4
142340,reward,5336,60.101843719636385,113.514,PPO-RegenReg,Hopper-v4,4
142407,reward,5337,128.35969901019737,107.808,PPO-RegenReg,Hopper-v4,4
142499,reward,5338,197.81705994233025,107.335,PPO-RegenReg,Hopper-v4,4
142587,reward,5339,196.4791221377862,124.097,PPO-RegenReg,Hopper-v4,4
142625,reward,5340,59.312978343050965,123.939,PPO-RegenReg,Hopper-v4,4
142708,reward,5341,182.86832395123423,136.39,PPO-RegenReg,Hopper-v4,4
142742,reward,5342,55.24379366512853,136.19,PPO-RegenReg,Hopper-v4,4
142832,reward,5343,200.15459816619216,148.454,PPO-RegenReg,Hopper-v4,4
142921,reward,5344,199.70895840632946,147.974,PPO-RegenReg,Hopper-v4,4
142950,reward,5345,40.29061061616319,132.034,PPO-RegenReg,Hopper-v4,4
142996,reward,5346,82.0167627720279,134.225,PPO-RegenReg,Hopper-v4,4
143085,reward,5347,197.68519903477528,141.158,PPO-RegenReg,Hopper-v4,4
143116,reward,5348,51.560020118668284,126.532,PPO-RegenReg,Hopper-v4,4
143177,reward,5349,112.42213318574099,118.126,PPO-RegenReg,Hopper-v4,4
143241,reward,5350,124.33658594883823,124.629,PPO-RegenReg,Hopper-v4,4
143319,reward,5351,160.06669881659977,122.349,PPO-RegenReg,Hopper-v4,4
143373,reward,5352,93.4954889506678,126.174,PPO-RegenReg,Hopper-v4,4
143420,reward,5353,82.74256059127725,114.433,PPO-RegenReg,Hopper-v4,4
143507,reward,5354,193.72629662192517,113.834,PPO-RegenReg,Hopper-v4,4
143543,reward,5355,58.22215836978056,115.627,PPO-RegenReg,Hopper-v4,4
143574,reward,5356,51.43637242556555,112.569,PPO-RegenReg,Hopper-v4,4
143655,reward,5357,171.0555724458201,109.906,PPO-RegenReg,Hopper-v4,4
143714,reward,5358,112.41138203179295,115.992,PPO-RegenReg,Hopper-v4,4
143805,reward,5359,205.20381336165042,125.27,PPO-RegenReg,Hopper-v4,4
143827,reward,5360,21.174082015523947,114.953,PPO-RegenReg,Hopper-v4,4
143884,reward,5361,102.33575942635606,109.18,PPO-RegenReg,Hopper-v4,4
143942,reward,5362,104.1305039710511,110.244,PPO-RegenReg,Hopper-v4,4
144005,reward,5363,117.84721918318196,113.754,PPO-RegenReg,Hopper-v4,4
144096,reward,5364,206.34320116133316,115.016,PPO-RegenReg,Hopper-v4,4
144148,reward,5365,89.2801515089972,118.122,PPO-RegenReg,Hopper-v4,4
144239,reward,5366,197.88775207993686,132.767,PPO-RegenReg,Hopper-v4,4
144327,reward,5367,192.54261012819848,134.916,PPO-RegenReg,Hopper-v4,4
144416,reward,5368,188.04427118400395,142.479,PPO-RegenReg,Hopper-v4,4
144441,reward,5369,26.184161423403538,124.577,PPO-RegenReg,Hopper-v4,4
144523,reward,5370,178.90539761173625,140.35,PPO-RegenReg,Hopper-v4,4
144565,reward,5371,70.65777173133378,137.182,PPO-RegenReg,Hopper-v4,4
144599,reward,5372,57.644990225226074,132.534,PPO-RegenReg,Hopper-v4,4
144663,reward,5373,122.24243162109023,132.973,PPO-RegenReg,Hopper-v4,4
144720,reward,5374,100.51935219998845,122.391,PPO-RegenReg,Hopper-v4,4
144810,reward,5375,200.2751253672862,133.49,PPO-RegenReg,Hopper-v4,4
144886,reward,5376,150.3756083974901,128.739,PPO-RegenReg,Hopper-v4,4
144979,reward,5377,210.4873435912266,130.534,PPO-RegenReg,Hopper-v4,4
145021,reward,5378,66.33306180336632,118.363,PPO-RegenReg,Hopper-v4,4
145081,reward,5379,107.88654929743133,126.533,PPO-RegenReg,Hopper-v4,4
145171,reward,5380,201.38548428423053,128.781,PPO-RegenReg,Hopper-v4,4
145218,reward,5381,78.68195685898479,129.583,PPO-RegenReg,Hopper-v4,4
145310,reward,5382,204.6693315111269,144.286,PPO-RegenReg,Hopper-v4,4
145401,reward,5383,205.07236063189197,152.569,PPO-RegenReg,Hopper-v4,4
145456,reward,5384,96.3624493113798,152.153,PPO-RegenReg,Hopper-v4,4
145546,reward,5385,200.69634622590928,152.195,PPO-RegenReg,Hopper-v4,4
145580,reward,5386,55.60853192501216,142.718,PPO-RegenReg,Hopper-v4,4
145616,reward,5387,60.10059657308243,127.68,PPO-RegenReg,Hopper-v4,4
145645,reward,5388,47.728853136441295,125.819,PPO-RegenReg,Hopper-v4,4
145713,reward,5389,130.79804259636813,128.11,PPO-RegenReg,Hopper-v4,4
145756,reward,5390,72.997012703627,115.272,PPO-RegenReg,Hopper-v4,4
145814,reward,5391,104.29480458652324,117.833,PPO-RegenReg,Hopper-v4,4
145860,reward,5392,75.61531331912137,104.927,PPO-RegenReg,Hopper-v4,4
145906,reward,5393,78.90174365162588,92.31,PPO-RegenReg,Hopper-v4,4
145964,reward,5394,107.89121209446539,93.463,PPO-RegenReg,Hopper-v4,4
145987,reward,5395,22.984275581776,75.692,PPO-RegenReg,Hopper-v4,4
146038,reward,5396,87.89972907476714,78.921,PPO-RegenReg,Hopper-v4,4
146132,reward,5397,214.48864256603028,94.36,PPO-RegenReg,Hopper-v4,4
146177,reward,5398,78.87113692363963,97.474,PPO-RegenReg,Hopper-v4,4
146240,reward,5399,115.9985069589423,95.994,PPO-RegenReg,Hopper-v4,4
146265,reward,5400,27.73571504345851,91.468,PPO-RegenReg,Hopper-v4,4
146330,reward,5401,123.91210389832338,93.43,PPO-RegenReg,Hopper-v4,4
146377,reward,5402,77.83197829586263,93.652,PPO-RegenReg,Hopper-v4,4
146413,reward,5403,60.14793542987985,91.776,PPO-RegenReg,Hopper-v4,4
146450,reward,5404,62.919234210478486,87.279,PPO-RegenReg,Hopper-v4,4
146524,reward,5405,151.02551329076314,100.083,PPO-RegenReg,Hopper-v4,4
146564,reward,5406,66.70843901893663,97.964,PPO-RegenReg,Hopper-v4,4
146602,reward,5407,63.777869903247286,82.893,PPO-RegenReg,Hopper-v4,4
146687,reward,5408,182.39074479787624,93.245,PPO-RegenReg,Hopper-v4,4
146752,reward,5409,123.60302130577,94.005,PPO-RegenReg,Hopper-v4,4
146831,reward,5410,170.7938898370212,108.311,PPO-RegenReg,Hopper-v4,4
146863,reward,5411,52.82087399523728,101.202,PPO-RegenReg,Hopper-v4,4
146950,reward,5412,191.9496865857849,112.614,PPO-RegenReg,Hopper-v4,4
147035,reward,5413,184.91611553456272,125.091,PPO-RegenReg,Hopper-v4,4
147109,reward,5414,150.07849707720686,133.806,PPO-RegenReg,Hopper-v4,4
147192,reward,5415,178.23282057921594,136.527,PPO-RegenReg,Hopper-v4,4
147241,reward,5416,87.54292754459063,138.611,PPO-RegenReg,Hopper-v4,4
147328,reward,5417,193.24728714566604,151.558,PPO-RegenReg,Hopper-v4,4
147415,reward,5418,189.66194473608863,152.285,PPO-RegenReg,Hopper-v4,4
147444,reward,5419,40.55442172690001,143.98,PPO-RegenReg,Hopper-v4,4
147530,reward,5420,187.1703402596813,145.617,PPO-RegenReg,Hopper-v4,4
147548,reward,5421,15.674036180699032,141.903,PPO-RegenReg,Hopper-v4,4
147609,reward,5422,114.22074741561988,134.13,PPO-RegenReg,Hopper-v4,4
147660,reward,5423,86.62169095612191,124.3,PPO-RegenReg,Hopper-v4,4
147748,reward,5424,195.8048121791334,128.873,PPO-RegenReg,Hopper-v4,4
147782,reward,5425,55.41235375334807,116.591,PPO-RegenReg,Hopper-v4,4
147838,reward,5426,103.74484390273334,118.211,PPO-RegenReg,Hopper-v4,4
147889,reward,5427,91.37789532598458,108.024,PPO-RegenReg,Hopper-v4,4
147949,reward,5428,92.3610757154544,98.294,PPO-RegenReg,Hopper-v4,4
147969,reward,5429,19.8692229903349,96.226,PPO-RegenReg,Hopper-v4,4
148049,reward,5430,167.48947820464616,94.258,PPO-RegenReg,Hopper-v4,4
148139,reward,5431,199.6377265435477,112.654,PPO-RegenReg,Hopper-v4,4
148226,reward,5432,177.9591637505894,119.028,PPO-RegenReg,Hopper-v4,4
148318,reward,5433,206.50819539711426,131.016,PPO-RegenReg,Hopper-v4,4
148388,reward,5434,145.39446330843012,125.975,PPO-RegenReg,Hopper-v4,4
148408,reward,5435,18.36470539509149,122.271,PPO-RegenReg,Hopper-v4,4
148464,reward,5436,91.88745437818116,121.085,PPO-RegenReg,Hopper-v4,4
148517,reward,5437,96.4891169536645,121.596,PPO-RegenReg,Hopper-v4,4
148589,reward,5438,142.03388316805783,126.563,PPO-RegenReg,Hopper-v4,4
148678,reward,5439,195.7854618381909,144.155,PPO-RegenReg,Hopper-v4,4
148757,reward,5440,163.55283952079594,143.761,PPO-RegenReg,Hopper-v4,4
148789,reward,5441,52.91765258429818,129.089,PPO-RegenReg,Hopper-v4,4
148815,reward,5442,32.51699271857898,114.545,PPO-RegenReg,Hopper-v4,4
148861,reward,5443,80.6913169203926,101.963,PPO-RegenReg,Hopper-v4,4
148920,reward,5444,90.7802830466504,96.502,PPO-RegenReg,Hopper-v4,4
149010,reward,5445,200.40535950299085,114.706,PPO-RegenReg,Hopper-v4,4
149066,reward,5446,98.46858696998882,115.364,PPO-RegenReg,Hopper-v4,4
149157,reward,5447,201.7359121829766,125.889,PPO-RegenReg,Hopper-v4,4
149183,reward,5448,29.170591497300904,114.602,PPO-RegenReg,Hopper-v4,4
149258,reward,5449,151.03609288761888,110.128,PPO-RegenReg,Hopper-v4,4
149295,reward,5450,60.67780763989893,99.84,PPO-RegenReg,Hopper-v4,4
149330,reward,5451,59.163277307436275,100.465,PPO-RegenReg,Hopper-v4,4
149386,reward,5452,87.60524428946388,105.973,PPO-RegenReg,Hopper-v4,4
149425,reward,5453,64.33053124573235,104.337,PPO-RegenReg,Hopper-v4,4
149512,reward,5454,193.7207513461942,114.631,PPO-RegenReg,Hopper-v4,4
149543,reward,5455,51.3191231468165,99.723,PPO-RegenReg,Hopper-v4,4
149630,reward,5456,198.738496801647,109.75,PPO-RegenReg,Hopper-v4,4
149720,reward,5457,195.16786678049507,109.093,PPO-RegenReg,Hopper-v4,4
149793,reward,5458,147.44644320733872,120.921,PPO-RegenReg,Hopper-v4,4
149884,reward,5459,203.32684568507062,126.15,PPO-RegenReg,Hopper-v4,4
149974,reward,5460,202.6205505919492,140.344,PPO-RegenReg,Hopper-v4,4
150021,reward,5461,82.9599166742912,142.724,PPO-RegenReg,Hopper-v4,4
150112,reward,5462,197.52737415861986,153.716,PPO-RegenReg,Hopper-v4,4
150202,reward,5463,202.03739226794713,167.486,PPO-RegenReg,Hopper-v4,4
150264,reward,5464,114.22187279735981,159.537,PPO-RegenReg,Hopper-v4,4
150302,reward,5465,63.56239288499693,160.761,PPO-RegenReg,Hopper-v4,4
150379,reward,5466,158.01533863720013,156.689,PPO-RegenReg,Hopper-v4,4
150412,reward,5467,54.747796110424204,142.647,PPO-RegenReg,Hopper-v4,4
150449,reward,5468,62.053490634585444,134.107,PPO-RegenReg,Hopper-v4,4
150536,reward,5469,195.2561984023736,133.3,PPO-RegenReg,Hopper-v4,4
150580,reward,5470,76.80865976011104,120.719,PPO-RegenReg,Hopper-v4,4
150632,reward,5471,96.09830880736314,122.033,PPO-RegenReg,Hopper-v4,4
150724,reward,5472,211.05538917540233,123.386,PPO-RegenReg,Hopper-v4,4
150811,reward,5473,193.12585617686037,122.495,PPO-RegenReg,Hopper-v4,4
150877,reward,5474,126.27954880788826,123.7,PPO-RegenReg,Hopper-v4,4
150963,reward,5475,187.42000514740886,136.086,PPO-RegenReg,Hopper-v4,4
151055,reward,5476,207.04604023193113,140.989,PPO-RegenReg,Hopper-v4,4
151145,reward,5477,201.2128986397303,155.636,PPO-RegenReg,Hopper-v4,4
151224,reward,5478,164.58463263679482,165.889,PPO-RegenReg,Hopper-v4,4
151260,reward,5479,59.48195331703022,152.311,PPO-RegenReg,Hopper-v4,4
151342,reward,5480,174.90163109168552,162.121,PPO-RegenReg,Hopper-v4,4
151373,reward,5481,34.695922544675106,155.98,PPO-RegenReg,Hopper-v4,4
151408,reward,5482,58.023653905402796,140.677,PPO-RegenReg,Hopper-v4,4
151496,reward,5483,192.3738905143255,140.602,PPO-RegenReg,Hopper-v4,4
151589,reward,5484,213.64263682677816,149.338,PPO-RegenReg,Hopper-v4,4
151678,reward,5485,196.02015541410458,150.198,PPO-RegenReg,Hopper-v4,4
151714,reward,5486,58.521955575213596,135.346,PPO-RegenReg,Hopper-v4,4
151805,reward,5487,206.39369911168674,135.864,PPO-RegenReg,Hopper-v4,4
151827,reward,5488,26.909645358871785,122.097,PPO-RegenReg,Hopper-v4,4
151888,reward,5489,118.02904508584878,127.951,PPO-RegenReg,Hopper-v4,4
151976,reward,5490,199.17509451870274,130.379,PPO-RegenReg,Hopper-v4,4
152065,reward,5491,197.85918078081417,146.695,PPO-RegenReg,Hopper-v4,4
152124,reward,5492,106.72035717194309,151.565,PPO-RegenReg,Hopper-v4,4
152213,reward,5493,199.04029443397897,152.231,PPO-RegenReg,Hopper-v4,4
152294,reward,5494,167.16555588883372,147.583,PPO-RegenReg,Hopper-v4,4
152385,reward,5495,202.60120780081382,148.242,PPO-RegenReg,Hopper-v4,4
152424,reward,5496,65.61274282363294,148.951,PPO-RegenReg,Hopper-v4,4
152493,reward,5497,136.25226458099885,141.937,PPO-RegenReg,Hopper-v4,4
152583,reward,5498,201.23351614767745,159.369,PPO-RegenReg,Hopper-v4,4
152662,reward,5499,163.4846033532236,163.914,PPO-RegenReg,Hopper-v4,4
152715,reward,5500,92.16877221434699,153.214,PPO-RegenReg,Hopper-v4,4
152801,reward,5501,190.55178702368934,152.483,PPO-RegenReg,Hopper-v4,4
152892,reward,5502,205.61248833133524,162.372,PPO-RegenReg,Hopper-v4,4
152904,reward,5503,12.114314589723449,143.68,PPO-RegenReg,Hopper-v4,4
152994,reward,5504,202.68869152702348,147.232,PPO-RegenReg,Hopper-v4,4
153043,reward,5505,84.52958700850553,135.425,PPO-RegenReg,Hopper-v4,4
153079,reward,5506,60.90211785765721,134.954,PPO-RegenReg,Hopper-v4,4
153134,reward,5507,97.14139607850285,131.043,PPO-RegenReg,Hopper-v4,4
153172,reward,5508,63.99681592788884,117.319,PPO-RegenReg,Hopper-v4,4
153212,reward,5509,64.91057082106278,107.462,PPO-RegenReg,Hopper-v4,4
153298,reward,5510,189.618417826064,117.207,PPO-RegenReg,Hopper-v4,4
153380,reward,5511,173.69410234178213,115.521,PPO-RegenReg,Hopper-v4,4
153440,reward,5512,108.5423857216518,105.814,PPO-RegenReg,Hopper-v4,4
153493,reward,5513,80.01798923952694,112.604,PPO-RegenReg,Hopper-v4,4
153530,reward,5514,60.03077476840472,98.338,PPO-RegenReg,Hopper-v4,4
153562,reward,5515,52.71934143211693,95.157,PPO-RegenReg,Hopper-v4,4
153649,reward,5516,193.37036473035928,108.404,PPO-RegenReg,Hopper-v4,4
153736,reward,5517,190.39158332279487,117.729,PPO-RegenReg,Hopper-v4,4
153804,reward,5518,133.10940215331837,124.64,PPO-RegenReg,Hopper-v4,4
153870,reward,5519,126.79081645923327,130.829,PPO-RegenReg,Hopper-v4,4
153924,reward,5520,95.9553050513148,121.462,PPO-RegenReg,Hopper-v4,4
153967,reward,5521,75.5271064126644,111.646,PPO-RegenReg,Hopper-v4,4
154050,reward,5522,162.78218687265678,117.069,PPO-RegenReg,Hopper-v4,4
154081,reward,5523,44.220055027071794,113.49,PPO-RegenReg,Hopper-v4,4
154114,reward,5524,40.03955969120867,111.491,PPO-RegenReg,Hopper-v4,4
154193,reward,5525,158.81310973375955,122.1,PPO-RegenReg,Hopper-v4,4
154284,reward,5526,203.72688301717167,123.136,PPO-RegenReg,Hopper-v4,4
154374,reward,5527,198.44282551928893,123.941,PPO-RegenReg,Hopper-v4,4
154463,reward,5528,199.59860601985466,130.59,PPO-RegenReg,Hopper-v4,4
154555,reward,5529,205.4153528526259,138.452,PPO-RegenReg,Hopper-v4,4
154648,reward,5530,204.21989882151416,149.279,PPO-RegenReg,Hopper-v4,4
154689,reward,5531,70.76350610927115,148.802,PPO-RegenReg,Hopper-v4,4
154777,reward,5532,193.00175279502946,151.824,PPO-RegenReg,Hopper-v4,4
154828,reward,5533,73.81153143664939,154.783,PPO-RegenReg,Hopper-v4,4
154916,reward,5534,200.59381367154302,170.839,PPO-RegenReg,Hopper-v4,4
155004,reward,5535,196.02298343315778,174.56,PPO-RegenReg,Hopper-v4,4
155092,reward,5536,193.43305109174435,173.53,PPO-RegenReg,Hopper-v4,4
155182,reward,5537,200.38327187668082,173.724,PPO-RegenReg,Hopper-v4,4
155286,reward,5538,222.46437694704696,176.011,PPO-RegenReg,Hopper-v4,4
155372,reward,5539,196.12260264718608,175.082,PPO-RegenReg,Hopper-v4,4
155428,reward,5540,97.82704273681026,164.442,PPO-RegenReg,Hopper-v4,4
155486,reward,5541,103.36127710318625,167.702,PPO-RegenReg,Hopper-v4,4
155551,reward,5542,125.5780010025721,160.96,PPO-RegenReg,Hopper-v4,4
155584,reward,5543,54.508500986526116,159.029,PPO-RegenReg,Hopper-v4,4
155641,reward,5544,103.87702581256714,149.358,PPO-RegenReg,Hopper-v4,4
155728,reward,5545,191.76382640864426,148.932,PPO-RegenReg,Hopper-v4,4
155808,reward,5546,178.00159567368982,147.389,PPO-RegenReg,Hopper-v4,4
155886,reward,5547,168.2101276370322,144.171,PPO-RegenReg,Hopper-v4,4
155971,reward,5548,187.98299319613136,140.723,PPO-RegenReg,Hopper-v4,4
156015,reward,5549,76.36279752262803,128.747,PPO-RegenReg,Hopper-v4,4
156058,reward,5550,66.17333739191875,125.582,PPO-RegenReg,Hopper-v4,4
156146,reward,5551,198.26016240811748,135.072,PPO-RegenReg,Hopper-v4,4
156234,reward,5552,199.60158833899231,142.474,PPO-RegenReg,Hopper-v4,4
156265,reward,5553,51.18573190794534,142.142,PPO-RegenReg,Hopper-v4,4
156303,reward,5554,62.68884735340849,138.023,PPO-RegenReg,Hopper-v4,4
156339,reward,5555,59.97708598531801,124.844,PPO-RegenReg,Hopper-v4,4
156427,reward,5556,194.57686357114156,126.502,PPO-RegenReg,Hopper-v4,4
156515,reward,5557,196.6098829517707,129.342,PPO-RegenReg,Hopper-v4,4
156557,reward,5558,68.11284636617533,117.355,PPO-RegenReg,Hopper-v4,4
156621,reward,5559,124.71642725731772,122.19,PPO-RegenReg,Hopper-v4,4
156671,reward,5560,88.81338190985049,124.454,PPO-RegenReg,Hopper-v4,4
156761,reward,5561,205.48743699855015,125.177,PPO-RegenReg,Hopper-v4,4
156841,reward,5562,166.32220127735863,121.849,PPO-RegenReg,Hopper-v4,4
156917,reward,5563,161.37256436216245,132.868,PPO-RegenReg,Hopper-v4,4
156976,reward,5564,109.67158827697749,137.566,PPO-RegenReg,Hopper-v4,4
157064,reward,5565,192.88421618423993,150.857,PPO-RegenReg,Hopper-v4,4
157138,reward,5566,150.46182367715733,146.445,PPO-RegenReg,Hopper-v4,4
157199,reward,5567,118.40614474535313,138.625,PPO-RegenReg,Hopper-v4,4
157224,reward,5568,26.066992384898008,134.42,PPO-RegenReg,Hopper-v4,4
157253,reward,5569,34.22828851999878,125.371,PPO-RegenReg,Hopper-v4,4
157293,reward,5570,67.4870156014401,123.239,PPO-RegenReg,Hopper-v4,4
157382,reward,5571,199.94509658056208,122.685,PPO-RegenReg,Hopper-v4,4
157475,reward,5572,209.50946645221876,127.003,PPO-RegenReg,Hopper-v4,4
157565,reward,5573,204.52683099926918,131.319,PPO-RegenReg,Hopper-v4,4
157655,reward,5574,202.85287162347123,140.637,PPO-RegenReg,Hopper-v4,4
157691,reward,5575,60.00484281972902,127.349,PPO-RegenReg,Hopper-v4,4
157782,reward,5576,208.63034378431703,133.166,PPO-RegenReg,Hopper-v4,4
157860,reward,5577,168.00807369798298,138.126,PPO-RegenReg,Hopper-v4,4
157943,reward,5578,184.19249835134914,153.939,PPO-RegenReg,Hopper-v4,4
158035,reward,5579,200.40704752962665,170.556,PPO-RegenReg,Hopper-v4,4
158087,reward,5580,94.45904741131879,173.254,PPO-RegenReg,Hopper-v4,4
158119,reward,5581,53.06048736275697,158.565,PPO-RegenReg,Hopper-v4,4
158205,reward,5582,188.31641454853556,156.446,PPO-RegenReg,Hopper-v4,4
158246,reward,5583,69.04409003135798,142.898,PPO-RegenReg,Hopper-v4,4
158276,reward,5584,49.500672938840715,127.562,PPO-RegenReg,Hopper-v4,4
158341,reward,5585,126.8215236048471,134.244,PPO-RegenReg,Hopper-v4,4
158423,reward,5586,180.88798882190332,131.47,PPO-RegenReg,Hopper-v4,4
158465,reward,5587,71.56159483101835,121.825,PPO-RegenReg,Hopper-v4,4
158522,reward,5588,104.38357679026488,113.844,PPO-RegenReg,Hopper-v4,4
158562,reward,5589,67.07062217044474,100.511,PPO-RegenReg,Hopper-v4,4
158652,reward,5590,196.36050195515529,110.701,PPO-RegenReg,Hopper-v4,4
158687,reward,5591,56.955623236269446,111.09,PPO-RegenReg,Hopper-v4,4
158737,reward,5592,74.11456519757665,99.67,PPO-RegenReg,Hopper-v4,4
158824,reward,5593,190.87280545220307,111.853,PPO-RegenReg,Hopper-v4,4
158915,reward,5594,203.6689162093565,127.27,PPO-RegenReg,Hopper-v4,4
159008,reward,5595,211.5711950145243,135.745,PPO-RegenReg,Hopper-v4,4
159081,reward,5596,145.5825443049451,132.214,PPO-RegenReg,Hopper-v4,4
159158,reward,5597,164.34649469650194,141.493,PPO-RegenReg,Hopper-v4,4
159181,reward,5598,19.142660666346867,132.969,PPO-RegenReg,Hopper-v4,4
159239,reward,5599,110.2876619953152,137.29,PPO-RegenReg,Hopper-v4,4
159327,reward,5600,198.15438041040593,137.47,PPO-RegenReg,Hopper-v4,4
159415,reward,5601,194.6613076951156,151.24,PPO-RegenReg,Hopper-v4,4
159498,reward,5602,177.86266856306563,161.615,PPO-RegenReg,Hopper-v4,4
159538,reward,5603,68.10667169577248,149.338,PPO-RegenReg,Hopper-v4,4
159578,reward,5604,67.55492793407139,135.727,PPO-RegenReg,Hopper-v4,4
159669,reward,5605,207.59657275610775,135.33,PPO-RegenReg,Hopper-v4,4
159715,reward,5606,78.96842449144528,128.668,PPO-RegenReg,Hopper-v4,4
159758,reward,5607,73.92499785376128,119.626,PPO-RegenReg,Hopper-v4,4
159847,reward,5608,192.84251811872016,136.996,PPO-RegenReg,Hopper-v4,4
159881,reward,5609,55.612674742815884,131.529,PPO-RegenReg,Hopper-v4,4
159945,reward,5610,123.43228523727842,124.056,PPO-RegenReg,Hopper-v4,4
159974,reward,5611,48.3484472234966,109.425,PPO-RegenReg,Hopper-v4,4
160035,reward,5612,118.23628696396236,103.462,PPO-RegenReg,Hopper-v4,4
160127,reward,5613,209.08834102575705,117.561,PPO-RegenReg,Hopper-v4,4
160160,reward,5614,54.56172605082352,116.261,PPO-RegenReg,Hopper-v4,4
160250,reward,5615,203.18466327900933,115.82,PPO-RegenReg,Hopper-v4,4
160312,reward,5616,114.44599448459245,119.368,PPO-RegenReg,Hopper-v4,4
160345,reward,5617,54.95843616556745,117.471,PPO-RegenReg,Hopper-v4,4
160425,reward,5618,172.29885144270108,115.417,PPO-RegenReg,Hopper-v4,4
160502,reward,5619,163.79773415783364,126.235,PPO-RegenReg,Hopper-v4,4
160562,reward,5620,107.51402315546255,124.643,PPO-RegenReg,Hopper-v4,4
160606,reward,5621,76.24473615187644,127.433,PPO-RegenReg,Hopper-v4,4
160681,reward,5622,159.61274434263615,131.571,PPO-RegenReg,Hopper-v4,4
160771,reward,5623,200.51130772398625,130.713,PPO-RegenReg,Hopper-v4,4
160861,reward,5624,203.79633824553034,145.636,PPO-RegenReg,Hopper-v4,4
160948,reward,5625,195.8139215971225,144.899,PPO-RegenReg,Hopper-v4,4
160988,reward,5626,67.90233393097903,140.245,PPO-RegenReg,Hopper-v4,4
161050,reward,5627,117.9905944269898,146.548,PPO-RegenReg,Hopper-v4,4
161124,reward,5628,155.8226372373663,144.901,PPO-RegenReg,Hopper-v4,4
161189,reward,5629,126.42623878093971,141.163,PPO-RegenReg,Hopper-v4,4
161207,reward,5630,22.03024741691253,132.615,PPO-RegenReg,Hopper-v4,4
161295,reward,5631,195.13966488046833,144.505,PPO-RegenReg,Hopper-v4,4
161337,reward,5632,71.48693159660931,135.692,PPO-RegenReg,Hopper-v4,4
161429,reward,5633,208.1528930391691,136.456,PPO-RegenReg,Hopper-v4,4
161448,reward,5634,19.11593785681779,117.988,PPO-RegenReg,Hopper-v4,4
161495,reward,5635,72.40997535190438,105.648,PPO-RegenReg,Hopper-v4,4
161583,reward,5636,196.73163991268768,118.531,PPO-RegenReg,Hopper-v4,4
161676,reward,5637,215.93322716093442,128.325,PPO-RegenReg,Hopper-v4,4
161720,reward,5638,77.6635873742623,120.509,PPO-RegenReg,Hopper-v4,4
161804,reward,5639,179.74526532380247,125.841,PPO-RegenReg,Hopper-v4,4
161858,reward,5640,98.35485103523861,133.473,PPO-RegenReg,Hopper-v4,4
161894,reward,5641,60.48407040122681,120.008,PPO-RegenReg,Hopper-v4,4
161943,reward,5642,85.97965148466838,121.457,PPO-RegenReg,Hopper-v4,4
162029,reward,5643,191.17449769663278,119.759,PPO-RegenReg,Hopper-v4,4
162082,reward,5644,93.87576395304673,127.235,PPO-RegenReg,Hopper-v4,4
162122,reward,5645,65.96454659134466,126.591,PPO-RegenReg,Hopper-v4,4
162209,reward,5646,195.44910167148515,126.462,PPO-RegenReg,Hopper-v4,4
162302,reward,5647,214.60894198228453,126.33,PPO-RegenReg,Hopper-v4,4
162386,reward,5648,184.0667228127894,136.97,PPO-RegenReg,Hopper-v4,4
162462,reward,5649,164.33188294479552,135.429,PPO-RegenReg,Hopper-v4,4
162520,reward,5650,104.05263882698415,135.999,PPO-RegenReg,Hopper-v4,4
162567,reward,5651,81.87500963853724,138.138,PPO-RegenReg,Hopper-v4,4
162644,reward,5652,165.51690654948987,146.092,PPO-RegenReg,Hopper-v4,4
162734,reward,5653,204.37545717856835,147.412,PPO-RegenReg,Hopper-v4,4
162811,reward,5654,165.54502713534427,154.579,PPO-RegenReg,Hopper-v4,4
162900,reward,5655,198.0798581406709,167.79,PPO-RegenReg,Hopper-v4,4
162930,reward,5656,50.065197975456805,153.252,PPO-RegenReg,Hopper-v4,4
162975,reward,5657,72.46190086589466,139.037,PPO-RegenReg,Hopper-v4,4
163067,reward,5658,205.50464315099578,141.181,PPO-RegenReg,Hopper-v4,4
163153,reward,5659,191.29417935973345,143.877,PPO-RegenReg,Hopper-v4,4
163193,reward,5660,65.64506403765014,140.036,PPO-RegenReg,Hopper-v4,4
163225,reward,5661,52.601404493521635,137.109,PPO-RegenReg,Hopper-v4,4
163293,reward,5662,136.64460082216988,134.222,PPO-RegenReg,Hopper-v4,4
163372,reward,5663,165.47575393373103,130.332,PPO-RegenReg,Hopper-v4,4
163435,reward,5664,124.58524335497914,126.236,PPO-RegenReg,Hopper-v4,4
163512,reward,5665,164.49349503952263,122.877,PPO-RegenReg,Hopper-v4,4
163556,reward,5666,77.04711115988529,125.575,PPO-RegenReg,Hopper-v4,4
163620,reward,5667,119.83572805935158,130.313,PPO-RegenReg,Hopper-v4,4
163682,reward,5668,118.00493265686717,121.563,PPO-RegenReg,Hopper-v4,4
163773,reward,5669,203.79595355687684,122.813,PPO-RegenReg,Hopper-v4,4
163833,reward,5670,112.26338480945515,127.475,PPO-RegenReg,Hopper-v4,4
163895,reward,5671,119.94594773000144,134.209,PPO-RegenReg,Hopper-v4,4
163921,reward,5672,27.658663851591772,123.311,PPO-RegenReg,Hopper-v4,4
163954,reward,5673,55.092621857134134,112.272,PPO-RegenReg,Hopper-v4,4
164003,reward,5674,88.7048300262019,108.684,PPO-RegenReg,Hopper-v4,4
164027,reward,5675,24.887629228361096,94.724,PPO-RegenReg,Hopper-v4,4
164078,reward,5676,91.55121246285421,96.174,PPO-RegenReg,Hopper-v4,4
164136,reward,5677,107.51348541419081,94.942,PPO-RegenReg,Hopper-v4,4
164180,reward,5678,70.83899709260982,90.225,PPO-RegenReg,Hopper-v4,4
164220,reward,5679,67.08709484066891,76.554,PPO-RegenReg,Hopper-v4,4
164273,reward,5680,91.81636764560353,74.51,PPO-RegenReg,Hopper-v4,4
164306,reward,5681,53.74119163887957,67.889,PPO-RegenReg,Hopper-v4,4
164349,reward,5682,73.98717251964764,72.522,PPO-RegenReg,Hopper-v4,4
164421,reward,5683,145.200472096042,81.533,PPO-RegenReg,Hopper-v4,4
164459,reward,5684,60.04824622026202,78.667,PPO-RegenReg,Hopper-v4,4
164512,reward,5685,98.11719204894771,85.99,PPO-RegenReg,Hopper-v4,4
164553,reward,5686,68.97545071342088,83.733,PPO-RegenReg,Hopper-v4,4
164601,reward,5687,83.10289758186734,81.292,PPO-RegenReg,Hopper-v4,4
164639,reward,5688,64.29389498150921,80.637,PPO-RegenReg,Hopper-v4,4
164682,reward,5689,74.17439336455226,81.346,PPO-RegenReg,Hopper-v4,4
164742,reward,5690,91.73692629625324,81.338,PPO-RegenReg,Hopper-v4,4
164830,reward,5691,199.7567016571189,95.939,PPO-RegenReg,Hopper-v4,4
164898,reward,5692,136.83179910952674,102.224,PPO-RegenReg,Hopper-v4,4
164989,reward,5693,209.780273597697,108.682,PPO-RegenReg,Hopper-v4,4
165027,reward,5694,63.11860889851915,108.989,PPO-RegenReg,Hopper-v4,4
165113,reward,5695,193.49439904775284,118.527,PPO-RegenReg,Hopper-v4,4
165199,reward,5696,192.3025491415545,130.859,PPO-RegenReg,Hopper-v4,4
165241,reward,5697,70.62052616938888,129.611,PPO-RegenReg,Hopper-v4,4
165287,reward,5698,80.38949900684945,131.221,PPO-RegenReg,Hopper-v4,4
165376,reward,5699,202.21854534619274,144.025,PPO-RegenReg,Hopper-v4,4
165418,reward,5700,72.8330585378884,142.135,PPO-RegenReg,Hopper-v4,4
165504,reward,5701,197.6368644830804,141.923,PPO-RegenReg,Hopper-v4,4
165562,reward,5702,106.73563818821478,138.913,PPO-RegenReg,Hopper-v4,4
165597,reward,5703,57.44264490890545,123.679,PPO-RegenReg,Hopper-v4,4
165649,reward,5704,96.43972922635211,127.011,PPO-RegenReg,Hopper-v4,4
165681,reward,5705,37.77575851834898,111.439,PPO-RegenReg,Hopper-v4,4
165771,reward,5706,202.42651004470653,112.452,PPO-RegenReg,Hopper-v4,4
165846,reward,5707,118.8344777919677,117.273,PPO-RegenReg,Hopper-v4,4
165859,reward,5708,7.722227072241738,110.007,PPO-RegenReg,Hopper-v4,4
165929,reward,5709,134.84607856445825,103.269,PPO-RegenReg,Hopper-v4,4
165963,reward,5710,56.15920486939626,101.602,PPO-RegenReg,Hopper-v4,4
166006,reward,5711,73.34388213009822,89.173,PPO-RegenReg,Hopper-v4,4
166072,reward,5712,131.1382669719728,91.613,PPO-RegenReg,Hopper-v4,4
166094,reward,5713,15.229649570803995,87.392,PPO-RegenReg,Hopper-v4,4
166171,reward,5714,163.64362795136302,94.112,PPO-RegenReg,Hopper-v4,4
166247,reward,5715,160.2383762273773,106.358,PPO-RegenReg,Hopper-v4,4
166302,reward,5716,100.84042748306086,96.2,PPO-RegenReg,Hopper-v4,4
166338,reward,5717,60.05037141711984,90.321,PPO-RegenReg,Hopper-v4,4
166431,reward,5718,214.17020826810528,110.966,PPO-RegenReg,Hopper-v4,4
166465,reward,5719,56.708782396503054,103.152,PPO-RegenReg,Hopper-v4,4
166499,reward,5720,56.45997575614621,103.182,PPO-RegenReg,Hopper-v4,4
166537,reward,5721,63.878496406963606,102.236,PPO-RegenReg,Hopper-v4,4
166624,reward,5722,190.84149681137114,108.206,PPO-RegenReg,Hopper-v4,4
166655,reward,5723,51.36662481558142,111.82,PPO-RegenReg,Hopper-v4,4
166689,reward,5724,55.469456820741264,101.002,PPO-RegenReg,Hopper-v4,4
166739,reward,5725,87.34526231417311,93.713,PPO-RegenReg,Hopper-v4,4
166779,reward,5726,67.80857339786185,90.41,PPO-RegenReg,Hopper-v4,4
166830,reward,5727,91.78010342370314,93.583,PPO-RegenReg,Hopper-v4,4
166889,reward,5728,109.35777820902173,83.102,PPO-RegenReg,Hopper-v4,4
166977,reward,5729,199.65770919746575,97.397,PPO-RegenReg,Hopper-v4,4
167053,reward,5730,163.59629308074756,108.11,PPO-RegenReg,Hopper-v4,4
167143,reward,5731,201.71559095253457,121.894,PPO-RegenReg,Hopper-v4,4
167187,reward,5732,75.67119581890587,110.377,PPO-RegenReg,Hopper-v4,4
167277,reward,5733,206.31991091526322,125.872,PPO-RegenReg,Hopper-v4,4
167351,reward,5734,153.61044628222314,135.686,PPO-RegenReg,Hopper-v4,4
167428,reward,5735,164.84330542129698,143.436,PPO-RegenReg,Hopper-v4,4
167465,reward,5736,58.04872842338964,142.46,PPO-RegenReg,Hopper-v4,4
167498,reward,5737,39.07008659674286,137.189,PPO-RegenReg,Hopper-v4,4
167541,reward,5738,73.19892839757738,133.573,PPO-RegenReg,Hopper-v4,4
167612,reward,5739,145.9225778690246,128.2,PPO-RegenReg,Hopper-v4,4
167716,reward,5740,198.90038796109204,131.73,PPO-RegenReg,Hopper-v4,4
167762,reward,5741,79.01063366509543,119.46,PPO-RegenReg,Hopper-v4,4
167799,reward,5742,62.27696623015247,118.12,PPO-RegenReg,Hopper-v4,4
167889,reward,5743,207.00767328094287,118.189,PPO-RegenReg,Hopper-v4,4
167945,reward,5744,97.60785105030861,112.589,PPO-RegenReg,Hopper-v4,4
168038,reward,5745,202.0078343303483,116.305,PPO-RegenReg,Hopper-v4,4
168073,reward,5746,56.18258063196132,116.119,PPO-RegenReg,Hopper-v4,4
168105,reward,5747,51.47259626349364,117.359,PPO-RegenReg,Hopper-v4,4
168141,reward,5748,58.89529518353125,115.928,PPO-RegenReg,Hopper-v4,4
168220,reward,5749,170.69230337760018,118.405,PPO-RegenReg,Hopper-v4,4
168308,reward,5750,196.00990698546477,118.116,PPO-RegenReg,Hopper-v4,4
168361,reward,5751,94.23549192445009,119.639,PPO-RegenReg,Hopper-v4,4
168444,reward,5752,176.38362042844668,131.05,PPO-RegenReg,Hopper-v4,4
168478,reward,5753,55.50856654730499,115.9,PPO-RegenReg,Hopper-v4,4
168515,reward,5754,61.42726535422504,112.282,PPO-RegenReg,Hopper-v4,4
168567,reward,5755,93.92638641369764,101.473,PPO-RegenReg,Hopper-v4,4
168654,reward,5756,190.3817719448206,114.893,PPO-RegenReg,Hopper-v4,4
168745,reward,5757,205.19610243373387,130.266,PPO-RegenReg,Hopper-v4,4
168780,reward,5758,59.10852464123998,130.287,PPO-RegenReg,Hopper-v4,4
168842,reward,5759,118.18401843160345,125.036,PPO-RegenReg,Hopper-v4,4
168894,reward,5760,92.60325022442346,114.695,PPO-RegenReg,Hopper-v4,4
168974,reward,5761,134.79077118113486,118.751,PPO-RegenReg,Hopper-v4,4
169058,reward,5762,187.08326004598695,119.821,PPO-RegenReg,Hopper-v4,4
169138,reward,5763,155.62539933890352,129.833,PPO-RegenReg,Hopper-v4,4
169208,reward,5764,102.26720303006532,133.917,PPO-RegenReg,Hopper-v4,4
169245,reward,5765,61.28049529683424,130.652,PPO-RegenReg,Hopper-v4,4
169286,reward,5766,71.56836234396984,118.771,PPO-RegenReg,Hopper-v4,4
169350,reward,5767,124.5097409753935,110.702,PPO-RegenReg,Hopper-v4,4
169384,reward,5768,56.44764469344078,110.436,PPO-RegenReg,Hopper-v4,4
169455,reward,5769,143.2258121420419,112.94,PPO-RegenReg,Hopper-v4,4
169546,reward,5770,207.15402718110633,124.395,PPO-RegenReg,Hopper-v4,4
169607,reward,5771,116.55651991274061,122.572,PPO-RegenReg,Hopper-v4,4
169648,reward,5772,70.3388004410114,110.897,PPO-RegenReg,Hopper-v4,4
169690,reward,5773,62.95193304759296,101.63,PPO-RegenReg,Hopper-v4,4
169755,reward,5774,122.92353624951754,103.696,PPO-RegenReg,Hopper-v4,4
169794,reward,5775,41.01097087393843,101.669,PPO-RegenReg,Hopper-v4,4
169850,reward,5776,104.77313753221675,104.989,PPO-RegenReg,Hopper-v4,4
169939,reward,5777,184.95992484842543,111.034,PPO-RegenReg,Hopper-v4,4
170007,reward,5778,104.4553049412633,115.835,PPO-RegenReg,Hopper-v4,4
170047,reward,5779,65.59138771333176,108.072,PPO-RegenReg,Hopper-v4,4
170092,reward,5780,64.56441175955973,93.813,PPO-RegenReg,Hopper-v4,4
170152,reward,5781,114.00564779602723,93.558,PPO-RegenReg,Hopper-v4,4
170188,reward,5782,59.053657213715375,92.429,PPO-RegenReg,Hopper-v4,4
170278,reward,5783,203.36231895562895,106.47,PPO-RegenReg,Hopper-v4,4
170364,reward,5784,184.55919214962344,112.634,PPO-RegenReg,Hopper-v4,4
170421,reward,5785,106.85384043463684,119.218,PPO-RegenReg,Hopper-v4,4
170458,reward,5786,62.18573027317593,114.959,PPO-RegenReg,Hopper-v4,4
170479,reward,5787,27.539970342608413,99.217,PPO-RegenReg,Hopper-v4,4
170572,reward,5788,161.5022324636253,104.922,PPO-RegenReg,Hopper-v4,4
170640,reward,5789,137.38490813476494,112.101,PPO-RegenReg,Hopper-v4,4
170721,reward,5790,173.45502506869911,122.99,PPO-RegenReg,Hopper-v4,4
170759,reward,5791,63.07742309178854,117.897,PPO-RegenReg,Hopper-v4,4
170802,reward,5792,74.7034504871216,119.462,PPO-RegenReg,Hopper-v4,4
170870,reward,5793,132.40084041559012,112.366,PPO-RegenReg,Hopper-v4,4
170932,reward,5794,93.66675503898955,103.277,PPO-RegenReg,Hopper-v4,4
170989,reward,5795,106.16063578944316,103.208,PPO-RegenReg,Hopper-v4,4
171031,reward,5796,72.48308481031512,104.237,PPO-RegenReg,Hopper-v4,4
171059,reward,5797,25.92224955674689,104.076,PPO-RegenReg,Hopper-v4,4
171100,reward,5798,68.57416259394077,94.783,PPO-RegenReg,Hopper-v4,4
171181,reward,5799,173.94714803080382,98.439,PPO-RegenReg,Hopper-v4,4
171245,reward,5800,93.66210955762693,90.46,PPO-RegenReg,Hopper-v4,4
171335,reward,5801,205.63708235819038,104.716,PPO-RegenReg,Hopper-v4,4
171427,reward,5802,209.85456569330606,118.231,PPO-RegenReg,Hopper-v4,4
171493,reward,5803,135.53302685693023,118.544,PPO-RegenReg,Hopper-v4,4
171583,reward,5804,203.36657789978196,129.514,PPO-RegenReg,Hopper-v4,4
171635,reward,5805,90.17299007917204,127.915,PPO-RegenReg,Hopper-v4,4
171691,reward,5806,99.23256477777736,130.59,PPO-RegenReg,Hopper-v4,4
171728,reward,5807,63.16141680104765,134.314,PPO-RegenReg,Hopper-v4,4
171767,reward,5808,66.30913744289877,134.088,PPO-RegenReg,Hopper-v4,4
171843,reward,5809,160.31171709312855,132.724,PPO-RegenReg,Hopper-v4,4
171905,reward,5810,120.06908053654543,135.365,PPO-RegenReg,Hopper-v4,4
171939,reward,5811,55.85156244143125,120.386,PPO-RegenReg,Hopper-v4,4
171993,reward,5812,94.59735250301894,108.861,PPO-RegenReg,Hopper-v4,4
172064,reward,5813,144.22410497806996,109.73,PPO-RegenReg,Hopper-v4,4
172127,reward,5814,120.95215274374554,101.488,PPO-RegenReg,Hopper-v4,4
172215,reward,5815,155.54236890657532,108.025,PPO-RegenReg,Hopper-v4,4
172309,reward,5816,190.44929694887128,117.147,PPO-RegenReg,Hopper-v4,4
172349,reward,5817,65.84254168758673,117.415,PPO-RegenReg,Hopper-v4,4
172403,reward,5818,95.1446561454303,120.298,PPO-RegenReg,Hopper-v4,4
172438,reward,5819,58.21730540496802,110.089,PPO-RegenReg,Hopper-v4,4
172499,reward,5820,115.59277048802527,109.641,PPO-RegenReg,Hopper-v4,4
172564,reward,5821,99.12788694058452,113.969,PPO-RegenReg,Hopper-v4,4
172640,reward,5822,160.8655969321137,120.596,PPO-RegenReg,Hopper-v4,4
172693,reward,5823,93.95101351658819,115.569,PPO-RegenReg,Hopper-v4,4
172772,reward,5824,169.20165878553016,120.394,PPO-RegenReg,Hopper-v4,4
172865,reward,5825,215.09441874174487,126.349,PPO-RegenReg,Hopper-v4,4
172909,reward,5826,74.78592007301958,114.782,PPO-RegenReg,Hopper-v4,4
172958,reward,5827,87.99307485675855,116.997,PPO-RegenReg,Hopper-v4,4
173029,reward,5828,139.04972764213383,121.388,PPO-RegenReg,Hopper-v4,4
173109,reward,5829,146.09090205992584,130.175,PPO-RegenReg,Hopper-v4,4
173180,reward,5830,144.66409156472926,133.082,PPO-RegenReg,Hopper-v4,4
173240,reward,5831,113.42911883667436,134.513,PPO-RegenReg,Hopper-v4,4
173302,reward,5832,115.35976797280183,129.962,PPO-RegenReg,Hopper-v4,4
173342,reward,5833,67.40980856888523,127.308,PPO-RegenReg,Hopper-v4,4
173418,reward,5834,160.3197160924016,126.42,PPO-RegenReg,Hopper-v4,4
173495,reward,5835,165.30909021237653,121.441,PPO-RegenReg,Hopper-v4,4
173583,reward,5836,192.93578642772246,133.256,PPO-RegenReg,Hopper-v4,4
173628,reward,5837,79.91552706440726,132.448,PPO-RegenReg,Hopper-v4,4
173683,reward,5838,97.48624448393866,128.292,PPO-RegenReg,Hopper-v4,4
173715,reward,5839,52.021427995917,118.885,PPO-RegenReg,Hopper-v4,4
173750,reward,5840,59.705760954272584,110.389,PPO-RegenReg,Hopper-v4,4
173824,reward,5841,119.08892698614149,110.955,PPO-RegenReg,Hopper-v4,4
173913,reward,5842,184.11424157443233,117.831,PPO-RegenReg,Hopper-v4,4
173953,reward,5843,68.88264997959321,117.978,PPO-RegenReg,Hopper-v4,4
174039,reward,5844,191.28416298810438,121.074,PPO-RegenReg,Hopper-v4,4
174106,reward,5845,99.48737315607303,114.492,PPO-RegenReg,Hopper-v4,4
174155,reward,5846,89.04517548107523,104.103,PPO-RegenReg,Hopper-v4,4
174246,reward,5847,202.45853070267884,116.357,PPO-RegenReg,Hopper-v4,4
174290,reward,5848,74.62470302914703,114.071,PPO-RegenReg,Hopper-v4,4
174377,reward,5849,160.70074344469674,124.939,PPO-RegenReg,Hopper-v4,4
174448,reward,5850,146.58351113386465,133.627,PPO-RegenReg,Hopper-v4,4
174497,reward,5851,69.8711930922852,128.705,PPO-RegenReg,Hopper-v4,4
174545,reward,5852,85.04193958810546,118.798,PPO-RegenReg,Hopper-v4,4
174602,reward,5853,105.25066317265083,122.435,PPO-RegenReg,Hopper-v4,4
174637,reward,5854,57.57686799814075,109.064,PPO-RegenReg,Hopper-v4,4
174718,reward,5855,177.25541144395822,116.841,PPO-RegenReg,Hopper-v4,4
174818,reward,5856,200.6420679192396,128.001,PPO-RegenReg,Hopper-v4,4
174883,reward,5857,96.66916765800872,117.422,PPO-RegenReg,Hopper-v4,4
174968,reward,5858,159.95290815608956,125.954,PPO-RegenReg,Hopper-v4,4
175007,reward,5859,60.24172366279926,115.909,PPO-RegenReg,Hopper-v4,4
175048,reward,5860,70.58477647807169,108.309,PPO-RegenReg,Hopper-v4,4
175130,reward,5861,158.54791784702266,117.176,PPO-RegenReg,Hopper-v4,4
175189,reward,5862,107.87217375407951,119.459,PPO-RegenReg,Hopper-v4,4
175236,reward,5863,81.85537453162695,117.12,PPO-RegenReg,Hopper-v4,4
175298,reward,5864,118.73546358888849,123.236,PPO-RegenReg,Hopper-v4,4
175373,reward,5865,155.9188400030533,121.102,PPO-RegenReg,Hopper-v4,4
175438,reward,5866,115.58760228198054,112.597,PPO-RegenReg,Hopper-v4,4
175526,reward,5867,199.65256648037368,122.895,PPO-RegenReg,Hopper-v4,4
175572,reward,5868,80.45670151226612,114.945,PPO-RegenReg,Hopper-v4,4
175620,reward,5869,80.21808722048237,116.943,PPO-RegenReg,Hopper-v4,4
175648,reward,5870,41.35443851826856,114.02,PPO-RegenReg,Hopper-v4,4
175700,reward,5871,67.56857124742398,104.922,PPO-RegenReg,Hopper-v4,4
175790,reward,5872,204.00364909166396,114.535,PPO-RegenReg,Hopper-v4,4
175845,reward,5873,81.11762299355497,114.461,PPO-RegenReg,Hopper-v4,4
175904,reward,5874,110.17310230702134,113.605,PPO-RegenReg,Hopper-v4,4
175990,reward,5875,190.8583871979919,117.099,PPO-RegenReg,Hopper-v4,4
176032,reward,5876,72.90912907105657,112.831,PPO-RegenReg,Hopper-v4,4
176049,reward,5877,10.515827872445175,93.918,PPO-RegenReg,Hopper-v4,4
176134,reward,5878,189.91177846049902,104.863,PPO-RegenReg,Hopper-v4,4
176203,reward,5879,141.34833438117792,110.976,PPO-RegenReg,Hopper-v4,4
176240,reward,5880,61.68168351884553,113.009,PPO-RegenReg,Hopper-v4,4
176329,reward,5881,201.40954796056334,126.393,PPO-RegenReg,Hopper-v4,4
176365,reward,5882,61.788313731851375,112.171,PPO-RegenReg,Hopper-v4,4
176446,reward,5883,134.81456143468836,117.541,PPO-RegenReg,Hopper-v4,4
176479,reward,5884,56.13695755351194,112.137,PPO-RegenReg,Hopper-v4,4
176557,reward,5885,167.7919075260167,109.831,PPO-RegenReg,Hopper-v4,4
176635,reward,5886,159.1243532248073,118.452,PPO-RegenReg,Hopper-v4,4
176676,reward,5887,69.46613249624448,124.347,PPO-RegenReg,Hopper-v4,4
176764,reward,5888,196.7317192566959,125.029,PPO-RegenReg,Hopper-v4,4
176830,reward,5889,131.3621648935522,124.031,PPO-RegenReg,Hopper-v4,4
176884,reward,5890,97.4952740714737,127.612,PPO-RegenReg,Hopper-v4,4
176921,reward,5891,61.767546376867664,113.648,PPO-RegenReg,Hopper-v4,4
176970,reward,5892,89.02192585078936,116.371,PPO-RegenReg,Hopper-v4,4
177047,reward,5893,163.3380338101165,119.224,PPO-RegenReg,Hopper-v4,4
177112,reward,5894,125.31357212096452,126.141,PPO-RegenReg,Hopper-v4,4
177222,reward,5895,227.2032539888159,132.082,PPO-RegenReg,Hopper-v4,4
177256,reward,5896,56.43869299050814,121.814,PPO-RegenReg,Hopper-v4,4
177359,reward,5897,222.07621464236863,137.075,PPO-RegenReg,Hopper-v4,4
177430,reward,5898,144.32247933120192,131.834,PPO-RegenReg,Hopper-v4,4
177493,reward,5899,117.12574216433639,130.41,PPO-RegenReg,Hopper-v4,4
177557,reward,5900,123.74969853136955,133.036,PPO-RegenReg,Hopper-v4,4
177615,reward,5901,110.73357297414329,137.932,PPO-RegenReg,Hopper-v4,4
177687,reward,5902,148.3347907320643,143.864,PPO-RegenReg,Hopper-v4,4
177780,reward,5903,211.36250539837465,148.666,PPO-RegenReg,Hopper-v4,4
177874,reward,5904,209.41687903400867,157.076,PPO-RegenReg,Hopper-v4,4
177919,reward,5905,64.01045441676125,140.757,PPO-RegenReg,Hopper-v4,4
177951,reward,5906,52.60180000798402,140.373,PPO-RegenReg,Hopper-v4,4
178017,reward,5907,105.60485716743018,128.726,PPO-RegenReg,Hopper-v4,4
178083,reward,5908,130.88494642375747,127.383,PPO-RegenReg,Hopper-v4,4
178175,reward,5909,205.06937136214086,136.177,PPO-RegenReg,Hopper-v4,4
178220,reward,5910,80.07406427755986,131.809,PPO-RegenReg,Hopper-v4,4
178264,reward,5911,78.56465196178081,128.592,PPO-RegenReg,Hopper-v4,4
178309,reward,5912,77.46710195139059,121.506,PPO-RegenReg,Hopper-v4,4
178354,reward,5913,64.26289625563511,106.796,PPO-RegenReg,Hopper-v4,4
178443,reward,5914,202.60524549136423,106.115,PPO-RegenReg,Hopper-v4,4
178494,reward,5915,91.01307055240058,108.815,PPO-RegenReg,Hopper-v4,4
178530,reward,5916,34.50928621063228,107.006,PPO-RegenReg,Hopper-v4,4
178563,reward,5917,54.60547415901614,101.906,PPO-RegenReg,Hopper-v4,4
178647,reward,5918,124.9326248053571,101.31,PPO-RegenReg,Hopper-v4,4
178684,reward,5919,61.81635915695939,86.985,PPO-RegenReg,Hopper-v4,4
178745,reward,5920,111.79042578169296,90.157,PPO-RegenReg,Hopper-v4,4
178811,reward,5921,119.69559898864621,94.27,PPO-RegenReg,Hopper-v4,4
178849,reward,5922,64.02788095874429,92.926,PPO-RegenReg,Hopper-v4,4
178942,reward,5923,202.2031881862909,106.72,PPO-RegenReg,Hopper-v4,4
178982,reward,5924,66.19289843774715,93.079,PPO-RegenReg,Hopper-v4,4
179045,reward,5925,120.98612848268013,96.076,PPO-RegenReg,Hopper-v4,4
179127,reward,5926,181.04827513935695,110.73,PPO-RegenReg,Hopper-v4,4
179181,reward,5927,97.85690835511177,115.055,PPO-RegenReg,Hopper-v4,4
179272,reward,5928,207.58319553532596,123.32,PPO-RegenReg,Hopper-v4,4
179320,reward,5929,68.42665952371907,123.981,PPO-RegenReg,Hopper-v4,4
179410,reward,5930,190.5663484349195,131.859,PPO-RegenReg,Hopper-v4,4
179478,reward,5931,138.1613750411594,133.705,PPO-RegenReg,Hopper-v4,4
179571,reward,5932,212.52315726033834,148.555,PPO-RegenReg,Hopper-v4,4
179635,reward,5933,119.6347357781609,140.298,PPO-RegenReg,Hopper-v4,4
179683,reward,5934,85.09386577811172,142.188,PPO-RegenReg,Hopper-v4,4
179736,reward,5935,95.30597272327188,139.62,PPO-RegenReg,Hopper-v4,4
179776,reward,5936,67.90538207569153,128.306,PPO-RegenReg,Hopper-v4,4
179826,reward,5937,86.82419853097565,127.202,PPO-RegenReg,Hopper-v4,4
179875,reward,5938,88.94471384247173,115.339,PPO-RegenReg,Hopper-v4,4
179937,reward,5939,119.21664338995059,120.418,PPO-RegenReg,Hopper-v4,4
179994,reward,5940,101.04485378815995,111.465,PPO-RegenReg,Hopper-v4,4
180069,reward,5941,116.10796655087034,109.26,PPO-RegenReg,Hopper-v4,4
180119,reward,5942,90.34186751841911,97.042,PPO-RegenReg,Hopper-v4,4
180180,reward,5943,121.10439318555888,97.189,PPO-RegenReg,Hopper-v4,4
180255,reward,5944,155.3856389451756,104.218,PPO-RegenReg,Hopper-v4,4
180287,reward,5945,52.77025142947131,99.965,PPO-RegenReg,Hopper-v4,4
180325,reward,5946,62.88072457211738,99.462,PPO-RegenReg,Hopper-v4,4
180381,reward,5947,102.59881410263856,101.04,PPO-RegenReg,Hopper-v4,4
180427,reward,5948,77.52743630003167,99.898,PPO-RegenReg,Hopper-v4,4
180467,reward,5949,68.2397533258572,94.8,PPO-RegenReg,Hopper-v4,4
180502,reward,5950,45.1174127106197,89.207,PPO-RegenReg,Hopper-v4,4
180580,reward,5951,167.93956070377197,94.391,PPO-RegenReg,Hopper-v4,4
180644,reward,5952,116.46791176910729,97.003,PPO-RegenReg,Hopper-v4,4
180676,reward,5953,54.06386870474424,90.299,PPO-RegenReg,Hopper-v4,4
180751,reward,5954,140.99724350145834,88.86,PPO-RegenReg,Hopper-v4,4
180789,reward,5955,63.7758467410132,89.961,PPO-RegenReg,Hopper-v4,4
180847,reward,5956,106.36866006881036,94.31,PPO-RegenReg,Hopper-v4,4
180927,reward,5957,160.67769420275124,100.118,PPO-RegenReg,Hopper-v4,4
180985,reward,5958,103.90867615813617,102.756,PPO-RegenReg,Hopper-v4,4
181074,reward,5959,201.2440058347593,116.056,PPO-RegenReg,Hopper-v4,4
181112,reward,5960,64.05288689006778,117.95,PPO-RegenReg,Hopper-v4,4
181178,reward,5961,111.34086430640568,112.29,PPO-RegenReg,Hopper-v4,4
181243,reward,5962,129.25380240936448,113.568,PPO-RegenReg,Hopper-v4,4
181286,reward,5963,76.72325317204654,115.834,PPO-RegenReg,Hopper-v4,4
181340,reward,5964,80.87166230913321,109.822,PPO-RegenReg,Hopper-v4,4
181371,reward,5965,51.061014650573966,108.55,PPO-RegenReg,Hopper-v4,4
181459,reward,5966,158.41495093882307,113.755,PPO-RegenReg,Hopper-v4,4
181494,reward,5967,58.176386729259995,103.505,PPO-RegenReg,Hopper-v4,4
181551,reward,5968,99.36846936348223,103.051,PPO-RegenReg,Hopper-v4,4
181642,reward,5969,188.49976502252494,101.776,PPO-RegenReg,Hopper-v4,4
181677,reward,5970,57.94960269101619,101.166,PPO-RegenReg,Hopper-v4,4
181728,reward,5971,85.47271888485314,98.579,PPO-RegenReg,Hopper-v4,4
181833,reward,5972,208.6663876191312,106.52,PPO-RegenReg,Hopper-v4,4
181920,reward,5973,187.4527066365643,117.593,PPO-RegenReg,Hopper-v4,4
181974,reward,5974,93.8466555198886,118.891,PPO-RegenReg,Hopper-v4,4
182008,reward,5975,56.425980786364214,119.427,PPO-RegenReg,Hopper-v4,4
182039,reward,5976,47.27103713449633,108.313,PPO-RegenReg,Hopper-v4,4
182092,reward,5977,94.51942190980223,111.947,PPO-RegenReg,Hopper-v4,4
182184,reward,5978,165.21086845379392,118.532,PPO-RegenReg,Hopper-v4,4
182221,reward,5979,61.490292608140834,105.831,PPO-RegenReg,Hopper-v4,4
182262,reward,5980,70.77285349609745,107.113,PPO-RegenReg,Hopper-v4,4
182307,reward,5981,80.51896696633447,106.618,PPO-RegenReg,Hopper-v4,4
182381,reward,5982,153.1405554581062,101.065,PPO-RegenReg,Hopper-v4,4
182430,reward,5983,87.01458848810368,91.021,PPO-RegenReg,Hopper-v4,4
182512,reward,5984,153.8234905348693,97.019,PPO-RegenReg,Hopper-v4,4
182568,reward,5985,103.2682992561663,101.703,PPO-RegenReg,Hopper-v4,4
182629,reward,5986,97.8876695309569,106.765,PPO-RegenReg,Hopper-v4,4
182666,reward,5987,59.919332604452464,103.305,PPO-RegenReg,Hopper-v4,4
182711,reward,5988,78.8512506196919,94.669,PPO-RegenReg,Hopper-v4,4
182771,reward,5989,115.25057608191294,100.045,PPO-RegenReg,Hopper-v4,4
182851,reward,5990,153.87942259494451,108.355,PPO-RegenReg,Hopper-v4,4
182933,reward,5991,181.62805976373906,118.466,PPO-RegenReg,Hopper-v4,4
182988,reward,5992,93.26352005302954,112.479,PPO-RegenReg,Hopper-v4,4
183027,reward,5993,65.64511593371087,110.342,PPO-RegenReg,Hopper-v4,4
183073,reward,5994,81.64887900868806,103.124,PPO-RegenReg,Hopper-v4,4
183104,reward,5995,51.526127399325745,97.95,PPO-RegenReg,Hopper-v4,4
183136,reward,5996,52.67125167677981,93.428,PPO-RegenReg,Hopper-v4,4
183206,reward,5997,134.87903488974032,100.924,PPO-RegenReg,Hopper-v4,4
183259,reward,5998,93.07559695652482,102.347,PPO-RegenReg,Hopper-v4,4
183317,reward,5999,106.54847364517848,101.477,PPO-RegenReg,Hopper-v4,4
183372,reward,6000,98.37684666899177,95.926,PPO-RegenReg,Hopper-v4,4
183453,reward,6001,178.6264277662832,95.626,PPO-RegenReg,Hopper-v4,4
183542,reward,6002,194.08352250780942,105.708,PPO-RegenReg,Hopper-v4,4
183595,reward,6003,94.33043286804062,108.577,PPO-RegenReg,Hopper-v4,4
183632,reward,6004,62.57865942662956,106.67,PPO-RegenReg,Hopper-v4,4
183694,reward,6005,113.11473264002798,112.828,PPO-RegenReg,Hopper-v4,4
183746,reward,6006,94.8216124057684,117.044,PPO-RegenReg,Hopper-v4,4
183817,reward,6007,134.45410947873557,117.001,PPO-RegenReg,Hopper-v4,4
183875,reward,6008,108.73565303207418,118.567,PPO-RegenReg,Hopper-v4,4
183915,reward,6009,68.37010185869956,114.749,PPO-RegenReg,Hopper-v4,4
183961,reward,6010,80.86611422542217,112.998,PPO-RegenReg,Hopper-v4,4
184014,reward,6011,95.204966084285,104.656,PPO-RegenReg,Hopper-v4,4
184061,reward,6012,82.18015570211232,93.466,PPO-RegenReg,Hopper-v4,4
184093,reward,6013,52.35432519475751,89.268,PPO-RegenReg,Hopper-v4,4
184129,reward,6014,49.20065643577388,87.93,PPO-RegenReg,Hopper-v4,4
184163,reward,6015,56.54616388536647,82.273,PPO-RegenReg,Hopper-v4,4
184218,reward,6016,99.08108672053058,82.699,PPO-RegenReg,Hopper-v4,4
184265,reward,6017,67.37215653884849,75.991,PPO-RegenReg,Hopper-v4,4
184322,reward,6018,107.4608564065849,75.864,PPO-RegenReg,Hopper-v4,4
184423,reward,6019,191.3057333345581,88.157,PPO-RegenReg,Hopper-v4,4
184463,reward,6020,66.73457981808238,86.744,PPO-RegenReg,Hopper-v4,4
184500,reward,6021,62.358600573855554,83.459,PPO-RegenReg,Hopper-v4,4
184534,reward,6022,55.79664760693711,80.821,PPO-RegenReg,Hopper-v4,4
184617,reward,6023,186.73285982606492,94.259,PPO-RegenReg,Hopper-v4,4
184702,reward,6024,190.3347249060923,108.372,PPO-RegenReg,Hopper-v4,4
184785,reward,6025,181.6753974490562,120.885,PPO-RegenReg,Hopper-v4,4
184818,reward,6026,54.49265629065242,116.426,PPO-RegenReg,Hopper-v4,4
184866,reward,6027,86.14158828150433,118.303,PPO-RegenReg,Hopper-v4,4
184915,reward,6028,86.88465713253224,116.246,PPO-RegenReg,Hopper-v4,4
184947,reward,6029,53.53808718696844,102.469,PPO-RegenReg,Hopper-v4,4
184980,reward,6030,54.31186831354615,101.227,PPO-RegenReg,Hopper-v4,4
185047,reward,6031,132.26312040009387,108.217,PPO-RegenReg,Hopper-v4,4
185084,reward,6032,61.49500556582935,108.787,PPO-RegenReg,Hopper-v4,4
185172,reward,6033,183.23125210884965,108.437,PPO-RegenReg,Hopper-v4,4
185228,reward,6034,96.51552239719072,99.055,PPO-RegenReg,Hopper-v4,4
185262,reward,6035,57.8400250483026,86.671,PPO-RegenReg,Hopper-v4,4
185310,reward,6036,85.83342702892584,89.805,PPO-RegenReg,Hopper-v4,4
185403,reward,6037,165.0669180414751,97.698,PPO-RegenReg,Hopper-v4,4
185489,reward,6038,175.20071703693458,106.53,PPO-RegenReg,Hopper-v4,4
185561,reward,6039,148.40645434402987,116.016,PPO-RegenReg,Hopper-v4,4
185608,reward,6040,81.27661601240077,118.713,PPO-RegenReg,Hopper-v4,4
185648,reward,6041,68.55756354052923,112.342,PPO-RegenReg,Hopper-v4,4
185696,reward,6042,83.14170148525267,114.507,PPO-RegenReg,Hopper-v4,4
185754,reward,6043,107.23494540529474,106.907,PPO-RegenReg,Hopper-v4,4
185802,reward,6044,81.87178359979502,105.443,PPO-RegenReg,Hopper-v4,4
185889,reward,6045,195.91031896052286,119.25,PPO-RegenReg,Hopper-v4,4
185924,reward,6046,58.07052952330172,116.474,PPO-RegenReg,Hopper-v4,4
185968,reward,6047,74.34278996005004,107.401,PPO-RegenReg,Hopper-v4,4
186029,reward,6048,108.09964415913662,100.691,PPO-RegenReg,Hopper-v4,4
186110,reward,6049,138.85447073230648,99.736,PPO-RegenReg,Hopper-v4,4
186150,reward,6050,68.07402061397813,98.416,PPO-RegenReg,Hopper-v4,4
186240,reward,6051,203.2151499732625,111.882,PPO-RegenReg,Hopper-v4,4
186277,reward,6052,62.04603671491875,109.772,PPO-RegenReg,Hopper-v4,4
186337,reward,6053,109.22431998640928,109.971,PPO-RegenReg,Hopper-v4,4
186372,reward,6054,57.40383780846027,107.524,PPO-RegenReg,Hopper-v4,4
186464,reward,6055,201.38829792066926,108.072,PPO-RegenReg,Hopper-v4,4
186549,reward,6056,192.01817770529598,121.467,PPO-RegenReg,Hopper-v4,4
186625,reward,6057,161.0369367420906,130.136,PPO-RegenReg,Hopper-v4,4
186656,reward,6058,50.81987010631248,124.408,PPO-RegenReg,Hopper-v4,4
186691,reward,6059,57.659507496422684,116.289,PPO-RegenReg,Hopper-v4,4
186743,reward,6060,92.30715802001524,118.712,PPO-RegenReg,Hopper-v4,4
186777,reward,6061,57.55177181495248,104.146,PPO-RegenReg,Hopper-v4,4
186835,reward,6062,107.72711724475856,108.714,PPO-RegenReg,Hopper-v4,4
186895,reward,6063,105.20529377725126,108.312,PPO-RegenReg,Hopper-v4,4
186956,reward,6064,117.35056532567054,114.306,PPO-RegenReg,Hopper-v4,4
187050,reward,6065,173.3083277993611,111.498,PPO-RegenReg,Hopper-v4,4
187082,reward,6066,51.93526761852318,97.49,PPO-RegenReg,Hopper-v4,4
187144,reward,6067,113.51729764125781,92.738,PPO-RegenReg,Hopper-v4,4
187196,reward,6068,92.93289657462391,96.95,PPO-RegenReg,Hopper-v4,4
187252,reward,6069,100.76473222226174,101.26,PPO-RegenReg,Hopper-v4,4
187323,reward,6070,145.1079568334869,106.54,PPO-RegenReg,Hopper-v4,4
187429,reward,6071,198.8253471775986,120.667,PPO-RegenReg,Hopper-v4,4
187524,reward,6072,175.1391168824597,127.409,PPO-RegenReg,Hopper-v4,4
187613,reward,6073,186.55065870214526,135.543,PPO-RegenReg,Hopper-v4,4
187664,reward,6074,91.09107800997171,132.917,PPO-RegenReg,Hopper-v4,4
187742,reward,6075,156.53723604662463,131.24,PPO-RegenReg,Hopper-v4,4
187823,reward,6076,162.35359816159033,142.282,PPO-RegenReg,Hopper-v4,4
187874,reward,6077,93.31378248465121,140.262,PPO-RegenReg,Hopper-v4,4
187918,reward,6078,76.44076430668672,138.612,PPO-RegenReg,Hopper-v4,4
187998,reward,6079,171.29309873684107,145.665,PPO-RegenReg,Hopper-v4,4
188051,reward,6080,93.98609549619906,140.553,PPO-RegenReg,Hopper-v4,4
188122,reward,6081,146.18564114081659,135.289,PPO-RegenReg,Hopper-v4,4
188192,reward,6082,142.18579440943472,131.994,PPO-RegenReg,Hopper-v4,4
188233,reward,6083,70.14864661855411,120.354,PPO-RegenReg,Hopper-v4,4
188276,reward,6084,73.36285315296676,118.581,PPO-RegenReg,Hopper-v4,4
188310,reward,6085,56.82810019706139,108.61,PPO-RegenReg,Hopper-v4,4
188358,reward,6086,82.57786990382805,100.632,PPO-RegenReg,Hopper-v4,4
188392,reward,6087,57.614713158159645,97.062,PPO-RegenReg,Hopper-v4,4
188488,reward,6088,187.84939938207873,108.203,PPO-RegenReg,Hopper-v4,4
188587,reward,6089,197.08705094984387,110.783,PPO-RegenReg,Hopper-v4,4
188632,reward,6090,79.90442947978525,109.374,PPO-RegenReg,Hopper-v4,4
188707,reward,6091,158.97035161836212,110.653,PPO-RegenReg,Hopper-v4,4
188742,reward,6092,59.52184607483545,102.387,PPO-RegenReg,Hopper-v4,4
188794,reward,6093,90.59727341742922,104.431,PPO-RegenReg,Hopper-v4,4
188879,reward,6094,157.2478724907327,112.82,PPO-RegenReg,Hopper-v4,4
188930,reward,6095,94.30945313715645,116.568,PPO-RegenReg,Hopper-v4,4
189012,reward,6096,171.1358575557873,125.424,PPO-RegenReg,Hopper-v4,4
189070,reward,6097,107.48464951141496,130.411,PPO-RegenReg,Hopper-v4,4
189107,reward,6098,63.353593391710845,117.961,PPO-RegenReg,Hopper-v4,4
189197,reward,6099,201.5387606238783,118.406,PPO-RegenReg,Hopper-v4,4
189255,reward,6100,104.69511939398524,120.885,PPO-RegenReg,Hopper-v4,4
189297,reward,6101,71.50984676568797,112.139,PPO-RegenReg,Hopper-v4,4
189329,reward,6102,53.0860383840202,111.496,PPO-RegenReg,Hopper-v4,4
189369,reward,6103,68.77973173061501,109.314,PPO-RegenReg,Hopper-v4,4
189448,reward,6104,158.0819217148165,109.397,PPO-RegenReg,Hopper-v4,4
189479,reward,6105,51.93243430095351,105.16,PPO-RegenReg,Hopper-v4,4
189548,reward,6106,138.6932409765514,101.916,PPO-RegenReg,Hopper-v4,4
189599,reward,6107,74.91676821979185,98.659,PPO-RegenReg,Hopper-v4,4
189637,reward,6108,63.83926183207338,98.707,PPO-RegenReg,Hopper-v4,4
189714,reward,6109,152.73633202168858,93.827,PPO-RegenReg,Hopper-v4,4
189797,reward,6110,182.41141306578257,101.599,PPO-RegenReg,Hopper-v4,4
189855,reward,6111,106.18376976092253,105.066,PPO-RegenReg,Hopper-v4,4
189922,reward,6112,133.9351359679845,113.151,PPO-RegenReg,Hopper-v4,4
189967,reward,6113,77.02772498520363,113.976,PPO-RegenReg,Hopper-v4,4
190020,reward,6114,94.97420205172364,107.665,PPO-RegenReg,Hopper-v4,4
190088,reward,6115,135.02443119252428,115.974,PPO-RegenReg,Hopper-v4,4
190171,reward,6116,171.44479525052907,119.249,PPO-RegenReg,Hopper-v4,4
190207,reward,6117,60.872346754285175,117.845,PPO-RegenReg,Hopper-v4,4
190247,reward,6118,67.38793443192625,118.2,PPO-RegenReg,Hopper-v4,4
190286,reward,6119,67.11291878183395,109.637,PPO-RegenReg,Hopper-v4,4
190365,reward,6120,160.52851977551018,107.449,PPO-RegenReg,Hopper-v4,4
190401,reward,6121,62.2363770139757,103.054,PPO-RegenReg,Hopper-v4,4
190456,reward,6122,97.43097246011959,99.404,PPO-RegenReg,Hopper-v4,4
190508,reward,6123,90.00005073742625,100.701,PPO-RegenReg,Hopper-v4,4
190544,reward,6124,63.15564540328252,97.519,PPO-RegenReg,Hopper-v4,4
190589,reward,6125,76.46616943939638,91.664,PPO-RegenReg,Hopper-v4,4
190626,reward,6126,61.02635897666437,80.622,PPO-RegenReg,Hopper-v4,4
190685,reward,6127,110.46875027819256,85.581,PPO-RegenReg,Hopper-v4,4
190719,reward,6128,58.28057142340802,84.671,PPO-RegenReg,Hopper-v4,4
190751,reward,6129,54.68316980014193,83.428,PPO-RegenReg,Hopper-v4,4
190801,reward,6130,86.67959941718786,76.043,PPO-RegenReg,Hopper-v4,4
190830,reward,6131,49.72657885823999,74.792,PPO-RegenReg,Hopper-v4,4
190863,reward,6132,55.78203228690357,70.627,PPO-RegenReg,Hopper-v4,4
190917,reward,6133,91.26460637543354,70.753,PPO-RegenReg,Hopper-v4,4
191010,reward,6134,178.5504678787701,82.293,PPO-RegenReg,Hopper-v4,4
191112,reward,6135,180.85520607240582,92.732,PPO-RegenReg,Hopper-v4,4
191149,reward,6136,60.9624181902128,92.725,PPO-RegenReg,Hopper-v4,4
191182,reward,6137,55.789387179104054,87.257,PPO-RegenReg,Hopper-v4,4
191218,reward,6138,60.271824347757374,87.457,PPO-RegenReg,Hopper-v4,4
191277,reward,6139,101.68273456268679,92.156,PPO-RegenReg,Hopper-v4,4
191381,reward,6140,205.33208761836755,104.022,PPO-RegenReg,Hopper-v4,4
191439,reward,6141,108.51767652311673,109.901,PPO-RegenReg,Hopper-v4,4
191483,reward,6142,75.43831015760054,111.866,PPO-RegenReg,Hopper-v4,4
191518,reward,6143,58.452940998079924,108.585,PPO-RegenReg,Hopper-v4,4
191551,reward,6144,56.061895476992795,96.336,PPO-RegenReg,Hopper-v4,4
191593,reward,6145,62.960602984913415,84.547,PPO-RegenReg,Hopper-v4,4
191646,reward,6146,96.2439594751428,88.075,PPO-RegenReg,Hopper-v4,4
191754,reward,6147,191.80498099104761,101.677,PPO-RegenReg,Hopper-v4,4
191841,reward,6148,197.22359107538182,115.372,PPO-RegenReg,Hopper-v4,4
191875,reward,6149,57.288154668706255,110.932,PPO-RegenReg,Hopper-v4,4
191906,reward,6150,53.23182936623581,95.722,PPO-RegenReg,Hopper-v4,4
191986,reward,6151,175.67345403233767,102.438,PPO-RegenReg,Hopper-v4,4
192047,reward,6152,113.32780212207679,106.227,PPO-RegenReg,Hopper-v4,4
192141,reward,6153,181.3060733134461,118.512,PPO-RegenReg,Hopper-v4,4
192224,reward,6154,182.6736171762249,131.173,PPO-RegenReg,Hopper-v4,4
192291,reward,6155,131.8878080030575,138.066,PPO-RegenReg,Hopper-v4,4
192350,reward,6156,114.9507253688998,139.937,PPO-RegenReg,Hopper-v4,4
192439,reward,6157,177.8417583902051,138.54,PPO-RegenReg,Hopper-v4,4
192498,reward,6158,89.04759200305584,127.723,PPO-RegenReg,Hopper-v4,4
192537,reward,6159,65.72922449996307,128.567,PPO-RegenReg,Hopper-v4,4
192576,reward,6160,66.32358903019237,129.876,PPO-RegenReg,Hopper-v4,4
192608,reward,6161,54.92816156660918,117.802,PPO-RegenReg,Hopper-v4,4
192655,reward,6162,81.33825093675233,114.603,PPO-RegenReg,Hopper-v4,4
192741,reward,6163,187.51461976742635,115.224,PPO-RegenReg,Hopper-v4,4
192774,reward,6164,55.279471217013715,102.484,PPO-RegenReg,Hopper-v4,4
192839,reward,6165,115.50074924962321,100.845,PPO-RegenReg,Hopper-v4,4
192877,reward,6166,65.43493462031671,95.894,PPO-RegenReg,Hopper-v4,4
192931,reward,6167,97.1369278760943,87.823,PPO-RegenReg,Hopper-v4,4
192987,reward,6168,102.490838848659,89.168,PPO-RegenReg,Hopper-v4,4
193027,reward,6169,72.19676534071318,89.814,PPO-RegenReg,Hopper-v4,4
193096,reward,6170,104.00884205291086,93.583,PPO-RegenReg,Hopper-v4,4
193156,reward,6171,113.66759838447248,99.457,PPO-RegenReg,Hopper-v4,4
193199,reward,6172,72.79800310996329,98.603,PPO-RegenReg,Hopper-v4,4
193292,reward,6173,163.38114579391626,96.19,PPO-RegenReg,Hopper-v4,4
193339,reward,6174,79.34277947516463,98.596,PPO-RegenReg,Hopper-v4,4
193405,reward,6175,112.31845890757671,98.278,PPO-RegenReg,Hopper-v4,4
193469,reward,6176,124.0125769208611,104.135,PPO-RegenReg,Hopper-v4,4
193545,reward,6177,160.9060930054493,110.512,PPO-RegenReg,Hopper-v4,4
193611,reward,6178,132.5419959485051,113.517,PPO-RegenReg,Hopper-v4,4
193672,reward,6179,112.19578905720041,117.517,PPO-RegenReg,Hopper-v4,4
193765,reward,6180,186.37922995592655,125.754,PPO-RegenReg,Hopper-v4,4
193804,reward,6181,65.75115092898723,120.963,PPO-RegenReg,Hopper-v4,4
193850,reward,6182,80.55028824127587,121.738,PPO-RegenReg,Hopper-v4,4
193894,reward,6183,75.57096143667194,112.957,PPO-RegenReg,Hopper-v4,4
193981,reward,6184,153.1154802847783,120.334,PPO-RegenReg,Hopper-v4,4
194070,reward,6185,152.23231592553236,124.326,PPO-RegenReg,Hopper-v4,4
194130,reward,6186,109.76981497210049,122.901,PPO-RegenReg,Hopper-v4,4
194187,reward,6187,102.51231087982974,117.062,PPO-RegenReg,Hopper-v4,4
194234,reward,6188,80.73743699690662,111.881,PPO-RegenReg,Hopper-v4,4
194322,reward,6189,169.03368411837164,117.565,PPO-RegenReg,Hopper-v4,4
194425,reward,6190,204.60024879590216,119.387,PPO-RegenReg,Hopper-v4,4
194456,reward,6191,50.98589997997615,117.911,PPO-RegenReg,Hopper-v4,4
194495,reward,6192,65.87850200994485,116.444,PPO-RegenReg,Hopper-v4,4
194569,reward,6193,154.3140291707097,124.318,PPO-RegenReg,Hopper-v4,4
194618,reward,6194,86.42310385004745,117.649,PPO-RegenReg,Hopper-v4,4
194664,reward,6195,81.01475557280257,110.527,PPO-RegenReg,Hopper-v4,4
194702,reward,6196,64.03537932449481,105.954,PPO-RegenReg,Hopper-v4,4
194736,reward,6197,56.30164990851862,101.332,PPO-RegenReg,Hopper-v4,4
194791,reward,6198,97.7270548232343,103.031,PPO-RegenReg,Hopper-v4,4
194836,reward,6199,79.45947321342236,94.074,PPO-RegenReg,Hopper-v4,4
194918,reward,6200,164.15312087059178,90.029,PPO-RegenReg,Hopper-v4,4
194981,reward,6201,121.09044699081586,97.04,PPO-RegenReg,Hopper-v4,4
195060,reward,6202,167.60748875402342,107.213,PPO-RegenReg,Hopper-v4,4
195111,reward,6203,88.24699164545326,100.606,PPO-RegenReg,Hopper-v4,4
195163,reward,6204,89.20374069057947,100.884,PPO-RegenReg,Hopper-v4,4
195198,reward,6205,58.121391493375405,98.595,PPO-RegenReg,Hopper-v4,4
195249,reward,6206,87.24433571819249,100.916,PPO-RegenReg,Hopper-v4,4
195316,reward,6207,134.7439813585231,108.76,PPO-RegenReg,Hopper-v4,4
195329,reward,6208,14.227913433958507,100.41,PPO-RegenReg,Hopper-v4,4
195370,reward,6209,71.52077691762662,99.616,PPO-RegenReg,Hopper-v4,4
195428,reward,6210,108.23152167464497,94.024,PPO-RegenReg,Hopper-v4,4
195484,reward,6211,100.24692841501907,91.94,PPO-RegenReg,Hopper-v4,4
195555,reward,6212,108.93439569176559,86.072,PPO-RegenReg,Hopper-v4,4
195605,reward,6213,91.01014922654369,86.349,PPO-RegenReg,Hopper-v4,4
195643,reward,6214,64.26744014783495,83.855,PPO-RegenReg,Hopper-v4,4
195686,reward,6215,72.12723662897012,85.255,PPO-RegenReg,Hopper-v4,4
195743,reward,6216,96.79040885102285,86.21,PPO-RegenReg,Hopper-v4,4
195796,reward,6217,96.76155576496124,82.412,PPO-RegenReg,Hopper-v4,4
195879,reward,6218,152.95912124958988,96.285,PPO-RegenReg,Hopper-v4,4
195972,reward,6219,204.8425566146724,109.617,PPO-RegenReg,Hopper-v4,4
196016,reward,6220,75.07420913874245,106.301,PPO-RegenReg,Hopper-v4,4
196078,reward,6221,116.01089182524416,107.878,PPO-RegenReg,Hopper-v4,4
196129,reward,6222,91.31664278059694,106.116,PPO-RegenReg,Hopper-v4,4
196186,reward,6223,103.71014693243737,107.386,PPO-RegenReg,Hopper-v4,4
196224,reward,6224,63.6641771891733,107.326,PPO-RegenReg,Hopper-v4,4
196266,reward,6225,70.73841401934553,107.187,PPO-RegenReg,Hopper-v4,4
196312,reward,6226,77.91573136870971,105.299,PPO-RegenReg,Hopper-v4,4
196364,reward,6227,97.65069126514378,105.388,PPO-RegenReg,Hopper-v4,4
196410,reward,6228,81.23847630329674,98.216,PPO-RegenReg,Hopper-v4,4
196447,reward,6229,63.97466785645998,84.129,PPO-RegenReg,Hopper-v4,4
196530,reward,6230,153.86735181572524,92.009,PPO-RegenReg,Hopper-v4,4
196566,reward,6231,60.67558161158101,86.475,PPO-RegenReg,Hopper-v4,4
196621,reward,6232,96.78606420267218,87.022,PPO-RegenReg,Hopper-v4,4
196729,reward,6233,223.64205541588055,99.015,PPO-RegenReg,Hopper-v4,4
196778,reward,6234,84.79048852437633,101.128,PPO-RegenReg,Hopper-v4,4
196869,reward,6235,206.72341291502545,114.726,PPO-RegenReg,Hopper-v4,4
196899,reward,6236,51.240556137293225,112.059,PPO-RegenReg,Hopper-v4,4
196930,reward,6237,51.27946066621267,107.422,PPO-RegenReg,Hopper-v4,4
196977,reward,6238,83.08791738116084,107.607,PPO-RegenReg,Hopper-v4,4
197060,reward,6239,147.4073128697056,115.95,PPO-RegenReg,Hopper-v4,4
197085,reward,6240,36.2692985347198,104.19,PPO-RegenReg,Hopper-v4,4
197173,reward,6241,186.91715639137794,116.814,PPO-RegenReg,Hopper-v4,4
197255,reward,6242,149.54752809605932,122.091,PPO-RegenReg,Hopper-v4,4
197315,reward,6243,111.42486161763323,110.869,PPO-RegenReg,Hopper-v4,4
197364,reward,6244,87.58555464300561,111.148,PPO-RegenReg,Hopper-v4,4
197404,reward,6245,70.25684388875825,97.502,PPO-RegenReg,Hopper-v4,4
197464,reward,6246,104.6038336142514,102.838,PPO-RegenReg,Hopper-v4,4
197522,reward,6247,106.84791868633981,108.395,PPO-RegenReg,Hopper-v4,4
197562,reward,6248,68.65454154462769,106.951,PPO-RegenReg,Hopper-v4,4
197620,reward,6249,102.9747993486804,102.508,PPO-RegenReg,Hopper-v4,4
197657,reward,6250,63.08418348279835,105.19,PPO-RegenReg,Hopper-v4,4
197716,reward,6251,107.2890471330563,97.227,PPO-RegenReg,Hopper-v4,4
197757,reward,6252,73.34541756782849,89.607,PPO-RegenReg,Hopper-v4,4
197803,reward,6253,82.34717184295188,86.699,PPO-RegenReg,Hopper-v4,4
197884,reward,6254,127.0887590640168,90.649,PPO-RegenReg,Hopper-v4,4
197956,reward,6255,135.870349668639,97.211,PPO-RegenReg,Hopper-v4,4
197967,reward,6256,11.947251704303756,87.945,PPO-RegenReg,Hopper-v4,4
198025,reward,6257,107.10495779345892,87.971,PPO-RegenReg,Hopper-v4,4
198073,reward,6258,83.76926395346548,89.482,PPO-RegenReg,Hopper-v4,4
198148,reward,6259,138.07263139660088,92.992,PPO-RegenReg,Hopper-v4,4
198211,reward,6260,115.89106600543639,98.273,PPO-RegenReg,Hopper-v4,4
198254,reward,6261,74.48330750728255,94.992,PPO-RegenReg,Hopper-v4,4
198297,reward,6262,74.04396663000988,95.062,PPO-RegenReg,Hopper-v4,4
198383,reward,6263,193.95347604678156,106.223,PPO-RegenReg,Hopper-v4,4
198453,reward,6264,128.004155270744,106.314,PPO-RegenReg,Hopper-v4,4
198512,reward,6265,102.66404805227234,102.993,PPO-RegenReg,Hopper-v4,4
198548,reward,6266,62.293813345602615,108.028,PPO-RegenReg,Hopper-v4,4
198632,reward,6267,174.94604514256704,114.812,PPO-RegenReg,Hopper-v4,4
198666,reward,6268,57.36211378592186,112.171,PPO-RegenReg,Hopper-v4,4
198703,reward,6269,62.93566682105438,104.658,PPO-RegenReg,Hopper-v4,4
198740,reward,6270,61.72572869595182,99.241,PPO-RegenReg,Hopper-v4,4
198766,reward,6271,42.93163992480379,96.086,PPO-RegenReg,Hopper-v4,4
198844,reward,6272,167.6718971670838,105.449,PPO-RegenReg,Hopper-v4,4
198942,reward,6273,214.11978873708483,107.465,PPO-RegenReg,Hopper-v4,4
199032,reward,6274,201.26822910753003,114.792,PPO-RegenReg,Hopper-v4,4
199081,reward,6275,83.62210098954854,112.888,PPO-RegenReg,Hopper-v4,4
199117,reward,6276,59.90293162509968,112.649,PPO-RegenReg,Hopper-v4,4
199159,reward,6277,70.00854998595146,102.155,PPO-RegenReg,Hopper-v4,4
199252,reward,6278,178.2921229872576,114.248,PPO-RegenReg,Hopper-v4,4
199334,reward,6279,181.2292138493318,126.077,PPO-RegenReg,Hopper-v4,4
199409,reward,6280,144.28798064129245,134.333,PPO-RegenReg,Hopper-v4,4
199453,reward,6281,77.85111066640962,137.825,PPO-RegenReg,Hopper-v4,4
199495,reward,6282,75.47038672736781,128.605,PPO-RegenReg,Hopper-v4,4
199570,reward,6283,159.0637626925259,123.1,PPO-RegenReg,Hopper-v4,4
199628,reward,6284,107.15744325235667,113.689,PPO-RegenReg,Hopper-v4,4
199711,reward,6285,183.09737992914359,123.636,PPO-RegenReg,Hopper-v4,4
199750,reward,6286,69.08911920145506,124.555,PPO-RegenReg,Hopper-v4,4
199782,reward,6287,54.621582911627264,123.016,PPO-RegenReg,Hopper-v4,4
199840,reward,6288,106.23263019612597,115.81,PPO-RegenReg,Hopper-v4,4
199899,reward,6289,105.11049350716404,108.198,PPO-RegenReg,Hopper-v4,4
199951,reward,6290,89.58787626440204,102.728,PPO-RegenReg,Hopper-v4,4
199991,reward,6291,68.77726685781427,101.821,PPO-RegenReg,Hopper-v4,4
200066,reward,6292,156.46172756408478,109.92,PPO-RegenReg,Hopper-v4,4
200134,reward,6293,105.05523145474909,104.519,PPO-RegenReg,Hopper-v4,4
200178,reward,6294,74.42955738959148,101.246,PPO-RegenReg,Hopper-v4,4
200254,reward,6295,159.23169328162072,98.86,PPO-RegenReg,Hopper-v4,4
200313,reward,6296,85.08061719062653,100.459,PPO-RegenReg,Hopper-v4,4
200399,reward,6297,192.64331071876623,114.261,PPO-RegenReg,Hopper-v4,4
200483,reward,6298,180.48384299572294,121.686,PPO-RegenReg,Hopper-v4,4
200529,reward,6299,78.81768127731394,119.057,PPO-RegenReg,Hopper-v4,4
200560,reward,6300,53.00250525234662,115.398,PPO-RegenReg,Hopper-v4,4
200645,reward,6301,185.7308956581006,127.094,PPO-RegenReg,Hopper-v4,4
200681,reward,6302,59.23633447356009,117.371,PPO-RegenReg,Hopper-v4,4
200761,reward,6303,144.8653673316676,121.352,PPO-RegenReg,Hopper-v4,4
200851,reward,6304,184.74930056112152,132.384,PPO-RegenReg,Hopper-v4,4
200884,reward,6305,53.92196252783388,121.853,PPO-RegenReg,Hopper-v4,4
200952,reward,6306,133.8074985780371,126.726,PPO-RegenReg,Hopper-v4,4
200990,reward,6307,65.14440942550624,113.976,PPO-RegenReg,Hopper-v4,4
201029,reward,6308,67.98470083573464,102.726,PPO-RegenReg,Hopper-v4,4
201095,reward,6309,130.26030837140408,107.87,PPO-RegenReg,Hopper-v4,4
201183,reward,6310,198.24987855866425,122.395,PPO-RegenReg,Hopper-v4,4
201275,reward,6311,135.29438897127775,117.351,PPO-RegenReg,Hopper-v4,4
201362,reward,6312,192.31225671488005,130.659,PPO-RegenReg,Hopper-v4,4
201410,reward,6313,83.18528751901597,124.491,PPO-RegenReg,Hopper-v4,4
201469,reward,6314,109.95184014536119,117.011,PPO-RegenReg,Hopper-v4,4
201501,reward,6315,52.00342458942195,116.819,PPO-RegenReg,Hopper-v4,4
201543,reward,6316,71.41778077139344,110.58,PPO-RegenReg,Hopper-v4,4
201601,reward,6317,106.8773788697273,114.754,PPO-RegenReg,Hopper-v4,4
201687,reward,6318,188.69027940174652,126.824,PPO-RegenReg,Hopper-v4,4
201728,reward,6319,69.48928183785024,120.747,PPO-RegenReg,Hopper-v4,4
201783,reward,6320,100.87841543468143,111.01,PPO-RegenReg,Hopper-v4,4
201869,reward,6321,194.5545052234072,116.936,PPO-RegenReg,Hopper-v4,4
201925,reward,6322,99.24607751908115,107.629,PPO-RegenReg,Hopper-v4,4
201957,reward,6323,52.720856873701265,104.583,PPO-RegenReg,Hopper-v4,4
202003,reward,6324,80.23122126193955,101.611,PPO-RegenReg,Hopper-v4,4
202038,reward,6325,57.85868471145471,102.196,PPO-RegenReg,Hopper-v4,4
202110,reward,6326,118.12715968627049,106.867,PPO-RegenReg,Hopper-v4,4
202160,reward,6327,85.31867611643268,104.712,PPO-RegenReg,Hopper-v4,4
202236,reward,6328,168.37572953019827,102.68,PPO-RegenReg,Hopper-v4,4
202276,reward,6329,68.17373658696538,102.549,PPO-RegenReg,Hopper-v4,4
202375,reward,6330,197.29652282595893,112.19,PPO-RegenReg,Hopper-v4,4
202431,reward,6331,101.15788045970982,102.851,PPO-RegenReg,Hopper-v4,4
202470,reward,6332,66.30917112392598,99.557,PPO-RegenReg,Hopper-v4,4
202503,reward,6333,55.968219685163064,99.882,PPO-RegenReg,Hopper-v4,4
202554,reward,6334,85.22837002944361,100.381,PPO-RegenReg,Hopper-v4,4
202625,reward,6335,140.66247731276886,108.662,PPO-RegenReg,Hopper-v4,4
202707,reward,6336,179.5413780000335,114.803,PPO-RegenReg,Hopper-v4,4
202744,reward,6337,64.89781998216617,112.761,PPO-RegenReg,Hopper-v4,4
202831,reward,6338,153.64514084962246,111.288,PPO-RegenReg,Hopper-v4,4
202903,reward,6339,143.48128405562852,118.819,PPO-RegenReg,Hopper-v4,4
202961,reward,6340,105.32201974145778,109.621,PPO-RegenReg,Hopper-v4,4
202995,reward,6341,56.09856603926525,105.115,PPO-RegenReg,Hopper-v4,4
203050,reward,6342,95.44850316196543,108.029,PPO-RegenReg,Hopper-v4,4
203136,reward,6343,191.34566490253562,121.567,PPO-RegenReg,Hopper-v4,4
203157,reward,6344,29.865460558459535,116.031,PPO-RegenReg,Hopper-v4,4
203223,reward,6345,126.4299640626555,114.608,PPO-RegenReg,Hopper-v4,4
203305,reward,6346,181.83295592056567,114.837,PPO-RegenReg,Hopper-v4,4
203378,reward,6347,111.39311939105269,119.486,PPO-RegenReg,Hopper-v4,4
203452,reward,6348,123.18732674522946,116.44,PPO-RegenReg,Hopper-v4,4
203507,reward,6349,95.5801936207013,111.65,PPO-RegenReg,Hopper-v4,4
203576,reward,6350,139.0255981026137,115.021,PPO-RegenReg,Hopper-v4,4
203631,reward,6351,101.72823019125838,119.584,PPO-RegenReg,Hopper-v4,4
203727,reward,6352,181.60097124480967,128.199,PPO-RegenReg,Hopper-v4,4
203771,reward,6353,74.54497061254375,116.519,PPO-RegenReg,Hopper-v4,4
203808,reward,6354,62.86410131855052,119.819,PPO-RegenReg,Hopper-v4,4
203841,reward,6355,56.74736451856831,112.85,PPO-RegenReg,Hopper-v4,4
203931,reward,6356,201.32306778747497,114.799,PPO-RegenReg,Hopper-v4,4
203982,reward,6357,86.45027767087183,112.305,PPO-RegenReg,Hopper-v4,4
204048,reward,6358,131.28901203548415,113.115,PPO-RegenReg,Hopper-v4,4
204091,reward,6359,73.95095682095697,110.952,PPO-RegenReg,Hopper-v4,4
204169,reward,6360,166.61078414597645,113.711,PPO-RegenReg,Hopper-v4,4
204196,reward,6361,44.47735120060255,107.986,PPO-RegenReg,Hopper-v4,4
204286,reward,6362,173.66928427607942,107.193,PPO-RegenReg,Hopper-v4,4
204364,reward,6363,169.02255329854705,116.64,PPO-RegenReg,Hopper-v4,4
204444,reward,6364,168.82309705874923,127.236,PPO-RegenReg,Hopper-v4,4
204489,reward,6365,77.95425051171284,129.357,PPO-RegenReg,Hopper-v4,4
204543,reward,6366,96.87941601791526,118.913,PPO-RegenReg,Hopper-v4,4
204623,reward,6367,161.0238221863986,126.37,PPO-RegenReg,Hopper-v4,4
204647,reward,6368,33.522455409833704,116.593,PPO-RegenReg,Hopper-v4,4
204735,reward,6369,151.93051283707388,124.391,PPO-RegenReg,Hopper-v4,4
204768,reward,6370,54.15166384683212,113.145,PPO-RegenReg,Hopper-v4,4
204815,reward,6371,81.73214537566577,116.871,PPO-RegenReg,Hopper-v4,4
204886,reward,6372,135.33452680228086,113.037,PPO-RegenReg,Hopper-v4,4
204971,reward,6373,185.1784365134538,114.653,PPO-RegenReg,Hopper-v4,4
205023,reward,6374,93.7865364100203,107.149,PPO-RegenReg,Hopper-v4,4
205061,reward,6375,66.35892265845732,105.99,PPO-RegenReg,Hopper-v4,4
205144,reward,6376,184.868154481352,114.789,PPO-RegenReg,Hopper-v4,4
205182,reward,6377,65.50998997164943,105.237,PPO-RegenReg,Hopper-v4,4
205208,reward,6378,44.31657771169086,106.317,PPO-RegenReg,Hopper-v4,4
205246,reward,6379,64.68922374028615,97.593,PPO-RegenReg,Hopper-v4,4
205281,reward,6380,58.83559995614397,98.061,PPO-RegenReg,Hopper-v4,4
205352,reward,6381,146.50758027495397,104.539,PPO-RegenReg,Hopper-v4,4
205406,reward,6382,90.81853516592066,100.087,PPO-RegenReg,Hopper-v4,4
205446,reward,6383,69.63285485374975,88.532,PPO-RegenReg,Hopper-v4,4
205491,reward,6384,79.13518590522362,87.067,PPO-RegenReg,Hopper-v4,4
205553,reward,6385,115.1775250078552,91.949,PPO-RegenReg,Hopper-v4,4
205595,reward,6386,73.39012487309293,80.801,PPO-RegenReg,Hopper-v4,4
205634,reward,6387,67.71854453660629,81.022,PPO-RegenReg,Hopper-v4,4
205706,reward,6388,149.1647138724639,91.507,PPO-RegenReg,Hopper-v4,4
205738,reward,6389,54.301700001939956,90.468,PPO-RegenReg,Hopper-v4,4
205820,reward,6390,162.6951330564807,100.854,PPO-RegenReg,Hopper-v4,4
205938,reward,6391,214.33902941590793,107.637,PPO-RegenReg,Hopper-v4,4
205981,reward,6392,74.3053775885455,105.986,PPO-RegenReg,Hopper-v4,4
206055,reward,6393,139.85579481366938,113.008,PPO-RegenReg,Hopper-v4,4
206105,reward,6394,92.34408936077418,114.329,PPO-RegenReg,Hopper-v4,4
206191,reward,6395,194.98766374538653,122.31,PPO-RegenReg,Hopper-v4,4
206277,reward,6396,195.45084608423983,134.516,PPO-RegenReg,Hopper-v4,4
206325,reward,6397,86.4064527719752,136.385,PPO-RegenReg,Hopper-v4,4
206382,reward,6398,103.89096273686012,131.858,PPO-RegenReg,Hopper-v4,4
206423,reward,6399,72.39534267359087,133.667,PPO-RegenReg,Hopper-v4,4
206468,reward,6400,82.10312919058686,125.608,PPO-RegenReg,Hopper-v4,4
206509,reward,6401,68.96842192307554,111.071,PPO-RegenReg,Hopper-v4,4
206593,reward,6402,178.73131800139373,121.513,PPO-RegenReg,Hopper-v4,4
206640,reward,6403,82.75035756994892,115.803,PPO-RegenReg,Hopper-v4,4
206724,reward,6404,134.04768081899377,119.973,PPO-RegenReg,Hopper-v4,4
206813,reward,6405,180.65446249869518,118.54,PPO-RegenReg,Hopper-v4,4
206848,reward,6406,60.42750885164241,105.038,PPO-RegenReg,Hopper-v4,4
206913,reward,6407,129.3164500882725,109.329,PPO-RegenReg,Hopper-v4,4
206975,reward,6408,113.73128920577217,110.313,PPO-RegenReg,Hopper-v4,4
207078,reward,6409,182.20774793389904,121.294,PPO-RegenReg,Hopper-v4,4
207113,reward,6410,58.075743247019105,118.891,PPO-RegenReg,Hopper-v4,4
207162,reward,6411,88.0382737453613,120.798,PPO-RegenReg,Hopper-v4,4
207201,reward,6412,69.47279441151613,109.872,PPO-RegenReg,Hopper-v4,4
207247,reward,6413,81.06902923200266,109.704,PPO-RegenReg,Hopper-v4,4
207291,reward,6414,73.27250458461677,103.627,PPO-RegenReg,Hopper-v4,4
207356,reward,6415,92.67629866930403,94.829,PPO-RegenReg,Hopper-v4,4
207416,reward,6416,92.5536898319073,98.041,PPO-RegenReg,Hopper-v4,4
207495,reward,6417,154.6434134777266,100.574,PPO-RegenReg,Hopper-v4,4
207547,reward,6418,91.915655640362,98.393,PPO-RegenReg,Hopper-v4,4
207578,reward,6419,52.44090615516352,85.416,PPO-RegenReg,Hopper-v4,4
207614,reward,6420,60.86746607070745,85.695,PPO-RegenReg,Hopper-v4,4
207682,reward,6421,137.76431549920775,90.668,PPO-RegenReg,Hopper-v4,4
207711,reward,6422,48.29300404685202,88.55,PPO-RegenReg,Hopper-v4,4
207749,reward,6423,65.44643040599578,86.987,PPO-RegenReg,Hopper-v4,4
207798,reward,6424,90.37229423278237,88.697,PPO-RegenReg,Hopper-v4,4
207843,reward,6425,77.67988209242291,87.198,PPO-RegenReg,Hopper-v4,4
207857,reward,6426,17.37438371403357,79.68,PPO-RegenReg,Hopper-v4,4
207933,reward,6427,141.34295308109205,78.35,PPO-RegenReg,Hopper-v4,4
207970,reward,6428,65.10968406485449,75.669,PPO-RegenReg,Hopper-v4,4
208012,reward,6429,72.58516073101828,77.684,PPO-RegenReg,Hopper-v4,4
208085,reward,6430,151.59393516857452,86.756,PPO-RegenReg,Hopper-v4,4
208143,reward,6431,109.89267706615833,83.969,PPO-RegenReg,Hopper-v4,4
208171,reward,6432,47.328524876544215,83.873,PPO-RegenReg,Hopper-v4,4
208225,reward,6433,95.97331315576648,86.925,PPO-RegenReg,Hopper-v4,4
208259,reward,6434,56.795900982374796,83.568,PPO-RegenReg,Hopper-v4,4
208321,reward,6435,118.68002209688576,87.668,PPO-RegenReg,Hopper-v4,4
208410,reward,6436,200.49064454212268,105.979,PPO-RegenReg,Hopper-v4,4
208483,reward,6437,153.275887553588,107.173,PPO-RegenReg,Hopper-v4,4
208523,reward,6438,67.54208018940055,107.416,PPO-RegenReg,Hopper-v4,4
208577,reward,6439,96.47133362844941,109.804,PPO-RegenReg,Hopper-v4,4
208609,reward,6440,52.43066780810478,99.888,PPO-RegenReg,Hopper-v4,4
208667,reward,6441,100.94407374453577,98.993,PPO-RegenReg,Hopper-v4,4
208712,reward,6442,78.03990238625641,102.064,PPO-RegenReg,Hopper-v4,4
208749,reward,6443,63.22842443111796,98.79,PPO-RegenReg,Hopper-v4,4
208783,reward,6444,57.53596829368037,98.864,PPO-RegenReg,Hopper-v4,4
208822,reward,6445,67.94314753203116,93.79,PPO-RegenReg,Hopper-v4,4
208880,reward,6446,109.58426005313684,84.7,PPO-RegenReg,Hopper-v4,4
208977,reward,6447,179.27991758702223,87.3,PPO-RegenReg,Hopper-v4,4
209016,reward,6448,68.81551017627167,87.427,PPO-RegenReg,Hopper-v4,4
209070,reward,6449,96.09136763821532,87.389,PPO-RegenReg,Hopper-v4,4
209119,reward,6450,85.34805868128753,90.681,PPO-RegenReg,Hopper-v4,4
209151,reward,6451,53.22369443052777,85.909,PPO-RegenReg,Hopper-v4,4
209222,reward,6452,149.6536128070781,93.07,PPO-RegenReg,Hopper-v4,4
209284,reward,6453,120.26617752763367,98.774,PPO-RegenReg,Hopper-v4,4
209312,reward,6454,47.370958467506,97.758,PPO-RegenReg,Hopper-v4,4
209393,reward,6455,174.69811427117477,108.433,PPO-RegenReg,Hopper-v4,4
209459,reward,6456,117.09446166307266,109.184,PPO-RegenReg,Hopper-v4,4
209512,reward,6457,94.46687314108537,100.703,PPO-RegenReg,Hopper-v4,4
209559,reward,6458,82.57081586862286,102.078,PPO-RegenReg,Hopper-v4,4
209645,reward,6459,173.17670412142337,109.787,PPO-RegenReg,Hopper-v4,4
209679,reward,6460,57.49568180245539,107.002,PPO-RegenReg,Hopper-v4,4
209712,reward,6461,56.026534263990676,107.282,PPO-RegenReg,Hopper-v4,4
209762,reward,6462,87.27950675070038,101.045,PPO-RegenReg,Hopper-v4,4
209815,reward,6463,94.89560921441333,98.508,PPO-RegenReg,Hopper-v4,4
209867,reward,6464,54.1035291034251,99.181,PPO-RegenReg,Hopper-v4,4
209956,reward,6465,183.45310171056892,100.056,PPO-RegenReg,Hopper-v4,4
210045,reward,6466,191.2704708202281,107.474,PPO-RegenReg,Hopper-v4,4
210093,reward,6467,84.12834945825517,106.44,PPO-RegenReg,Hopper-v4,4
210136,reward,6468,72.86000227395999,105.469,PPO-RegenReg,Hopper-v4,4
210177,reward,6469,70.68454098199034,95.22,PPO-RegenReg,Hopper-v4,4
210224,reward,6470,81.88738218189921,97.659,PPO-RegenReg,Hopper-v4,4
210263,reward,6471,65.34103504675866,98.59,PPO-RegenReg,Hopper-v4,4
210315,reward,6472,93.63134123937482,99.226,PPO-RegenReg,Hopper-v4,4
210371,reward,6473,100.08258316316778,99.744,PPO-RegenReg,Hopper-v4,4
210394,reward,6474,29.803002258547522,97.314,PPO-RegenReg,Hopper-v4,4
210449,reward,6475,98.58001420746011,88.827,PPO-RegenReg,Hopper-v4,4
210496,reward,6476,83.64656482571083,78.064,PPO-RegenReg,Hopper-v4,4
210579,reward,6477,181.5499984152943,87.807,PPO-RegenReg,Hopper-v4,4
210622,reward,6478,73.8716254681958,87.908,PPO-RegenReg,Hopper-v4,4
210670,reward,6479,82.10675794201502,89.05,PPO-RegenReg,Hopper-v4,4
210733,reward,6480,122.66418307463694,93.128,PPO-RegenReg,Hopper-v4,4
210803,reward,6481,104.73224489023902,97.067,PPO-RegenReg,Hopper-v4,4
210834,reward,6482,50.92902229095589,92.797,PPO-RegenReg,Hopper-v4,4
210904,reward,6483,124.64907047264258,95.253,PPO-RegenReg,Hopper-v4,4
210939,reward,6484,58.52889605112069,98.126,PPO-RegenReg,Hopper-v4,4
210977,reward,6485,65.2290646508348,94.791,PPO-RegenReg,Hopper-v4,4
211011,reward,6486,57.63848667317863,92.19,PPO-RegenReg,Hopper-v4,4
211049,reward,6487,64.89035988544003,80.524,PPO-RegenReg,Hopper-v4,4
211106,reward,6488,103.72332371391931,83.509,PPO-RegenReg,Hopper-v4,4
211178,reward,6489,148.2400550333777,90.122,PPO-RegenReg,Hopper-v4,4
211226,reward,6490,83.06546321196764,86.163,PPO-RegenReg,Hopper-v4,4
211320,reward,6491,191.95532435366528,94.885,PPO-RegenReg,Hopper-v4,4
211399,reward,6492,169.5159559139046,106.744,PPO-RegenReg,Hopper-v4,4
211443,reward,6493,68.02494743731896,101.081,PPO-RegenReg,Hopper-v4,4
211477,reward,6494,55.937742653523806,100.822,PPO-RegenReg,Hopper-v4,4
211511,reward,6495,56.477448111513105,99.947,PPO-RegenReg,Hopper-v4,4
211585,reward,6496,141.50256151163248,108.333,PPO-RegenReg,Hopper-v4,4
211649,reward,6497,90.98645434498886,110.943,PPO-RegenReg,Hopper-v4,4
211690,reward,6498,74.62021482140221,108.033,PPO-RegenReg,Hopper-v4,4
211726,reward,6499,63.87030929762585,99.596,PPO-RegenReg,Hopper-v4,4
211796,reward,6500,123.31230692617642,103.62,PPO-RegenReg,Hopper-v4,4
211831,reward,6501,58.37440443713851,90.262,PPO-RegenReg,Hopper-v4,4
211882,reward,6502,86.8391382088742,81.995,PPO-RegenReg,Hopper-v4,4
211985,reward,6503,187.70122775512135,93.962,PPO-RegenReg,Hopper-v4,4
212035,reward,6504,89.1059191946984,97.279,PPO-RegenReg,Hopper-v4,4
212092,reward,6505,105.02770103037875,102.134,PPO-RegenReg,Hopper-v4,4
212125,reward,6506,54.9847814145543,93.482,PPO-RegenReg,Hopper-v4,4
212197,reward,6507,143.59620889077166,98.743,PPO-RegenReg,Hopper-v4,4
212307,reward,6508,206.23772537232728,111.905,PPO-RegenReg,Hopper-v4,4
212390,reward,6509,184.55376890832136,123.973,PPO-RegenReg,Hopper-v4,4
212472,reward,6510,175.63484625423635,129.206,PPO-RegenReg,Hopper-v4,4
212506,reward,6511,59.26247695949907,129.294,PPO-RegenReg,Hopper-v4,4
212546,reward,6512,67.63931901045846,127.374,PPO-RegenReg,Hopper-v4,4
212632,reward,6513,194.05483017679208,128.01,PPO-RegenReg,Hopper-v4,4
212683,reward,6514,92.17835132146558,128.317,PPO-RegenReg,Hopper-v4,4
212713,reward,6515,51.33499852089862,122.948,PPO-RegenReg,Hopper-v4,4
212773,reward,6516,106.69953763039858,128.119,PPO-RegenReg,Hopper-v4,4
212816,reward,6517,73.69964375945523,121.13,PPO-RegenReg,Hopper-v4,4
212852,reward,6518,64.53969386440525,106.96,PPO-RegenReg,Hopper-v4,4
212890,reward,6519,62.90952628580465,94.795,PPO-RegenReg,Hopper-v4,4
212917,reward,6520,45.81215142200198,81.813,PPO-RegenReg,Hopper-v4,4
212944,reward,6521,46.69609325310244,80.556,PPO-RegenReg,Hopper-v4,4
212982,reward,6522,66.7692543082125,80.469,PPO-RegenReg,Hopper-v4,4
213019,reward,6523,63.70861323335694,67.435,PPO-RegenReg,Hopper-v4,4
213060,reward,6524,69.10789516928291,65.128,PPO-RegenReg,Hopper-v4,4
213109,reward,6525,84.05094837557469,68.399,PPO-RegenReg,Hopper-v4,4
213137,reward,6526,46.42483794841803,62.372,PPO-RegenReg,Hopper-v4,4
213209,reward,6527,140.5676574473212,69.059,PPO-RegenReg,Hopper-v4,4
213257,reward,6528,88.60303429946867,71.465,PPO-RegenReg,Hopper-v4,4
213288,reward,6529,51.862667817482844,70.36,PPO-RegenReg,Hopper-v4,4
213318,reward,6530,50.075394020734926,70.787,PPO-RegenReg,Hopper-v4,4
213363,reward,6531,80.53439688782095,74.17,PPO-RegenReg,Hopper-v4,4
213396,reward,6532,55.684462635247534,73.062,PPO-RegenReg,Hopper-v4,4
213424,reward,6533,47.94206163363863,71.485,PPO-RegenReg,Hopper-v4,4
213489,reward,6534,129.2013907950134,77.495,PPO-RegenReg,Hopper-v4,4
213549,reward,6535,111.0796674318136,80.198,PPO-RegenReg,Hopper-v4,4
213584,reward,6536,59.604219555881585,81.515,PPO-RegenReg,Hopper-v4,4
213617,reward,6537,56.960845043656306,73.155,PPO-RegenReg,Hopper-v4,4
213653,reward,6538,61.521129398623955,70.447,PPO-RegenReg,Hopper-v4,4
213707,reward,6539,96.01683949135273,74.862,PPO-RegenReg,Hopper-v4,4
213736,reward,6540,48.516893682358116,74.706,PPO-RegenReg,Hopper-v4,4
213783,reward,6541,81.62767357150139,74.816,PPO-RegenReg,Hopper-v4,4
213867,reward,6542,179.5232173826045,87.199,PPO-RegenReg,Hopper-v4,4
213919,reward,6543,92.92762306201743,91.698,PPO-RegenReg,Hopper-v4,4
214002,reward,6544,168.96948708056686,95.675,PPO-RegenReg,Hopper-v4,4
214039,reward,6545,64.94108862465147,91.061,PPO-RegenReg,Hopper-v4,4
214071,reward,6546,54.44908643800355,90.545,PPO-RegenReg,Hopper-v4,4
214098,reward,6547,45.17248627091802,89.367,PPO-RegenReg,Hopper-v4,4
214135,reward,6548,62.86389698987452,89.501,PPO-RegenReg,Hopper-v4,4
214174,reward,6549,66.60356172281418,86.56,PPO-RegenReg,Hopper-v4,4
214209,reward,6550,59.33419356405083,87.641,PPO-RegenReg,Hopper-v4,4
214258,reward,6551,89.48305764381189,88.427,PPO-RegenReg,Hopper-v4,4
214286,reward,6552,46.362551892155516,75.111,PPO-RegenReg,Hopper-v4,4
214333,reward,6553,80.8904059181312,73.907,PPO-RegenReg,Hopper-v4,4
214371,reward,6554,64.1096754915571,63.421,PPO-RegenReg,Hopper-v4,4
214398,reward,6555,45.0832929288737,61.435,PPO-RegenReg,Hopper-v4,4
214432,reward,6556,58.225336885315,61.813,PPO-RegenReg,Hopper-v4,4
214466,reward,6557,60.39544182030252,63.335,PPO-RegenReg,Hopper-v4,4
214517,reward,6558,86.57120988542411,65.706,PPO-RegenReg,Hopper-v4,4
214574,reward,6559,103.44678832260558,69.39,PPO-RegenReg,Hopper-v4,4
214605,reward,6560,51.18475552687773,68.575,PPO-RegenReg,Hopper-v4,4
214636,reward,6561,53.314230634010464,64.958,PPO-RegenReg,Hopper-v4,4
214688,reward,6562,93.04022778759443,69.626,PPO-RegenReg,Hopper-v4,4
214731,reward,6563,76.95990330117434,69.233,PPO-RegenReg,Hopper-v4,4
214794,reward,6564,119.99232313550196,74.821,PPO-RegenReg,Hopper-v4,4
214832,reward,6565,65.86309273236012,76.899,PPO-RegenReg,Hopper-v4,4
214896,reward,6566,125.3683864160147,83.614,PPO-RegenReg,Hopper-v4,4
214973,reward,6567,165.47422911229825,94.122,PPO-RegenReg,Hopper-v4,4
215033,reward,6568,109.01392920460785,96.366,PPO-RegenReg,Hopper-v4,4
215066,reward,6569,58.3122734815985,91.852,PPO-RegenReg,Hopper-v4,4
215096,reward,6570,48.986882473115,91.633,PPO-RegenReg,Hopper-v4,4
215145,reward,6571,84.49452885923003,94.751,PPO-RegenReg,Hopper-v4,4
215204,reward,6572,111.7859774355804,96.625,PPO-RegenReg,Hopper-v4,4
215280,reward,6573,145.85796965942984,103.515,PPO-RegenReg,Hopper-v4,4
215337,reward,6574,102.98203672669203,101.814,PPO-RegenReg,Hopper-v4,4
215375,reward,6575,66.98202339218136,101.926,PPO-RegenReg,Hopper-v4,4
215414,reward,6576,68.42434058798264,96.231,PPO-RegenReg,Hopper-v4,4
215467,reward,6577,74.20803286073436,87.105,PPO-RegenReg,Hopper-v4,4
215535,reward,6578,135.75866458323173,89.779,PPO-RegenReg,Hopper-v4,4
215562,reward,6579,46.89464171438269,88.638,PPO-RegenReg,Hopper-v4,4
215646,reward,6580,188.95305360333506,102.634,PPO-RegenReg,Hopper-v4,4
215690,reward,6581,77.89380451731044,101.974,PPO-RegenReg,Hopper-v4,4
215736,reward,6582,79.59984723630595,98.755,PPO-RegenReg,Hopper-v4,4
215764,reward,6583,47.096016644353355,88.879,PPO-RegenReg,Hopper-v4,4
215800,reward,6584,61.16510865838545,84.698,PPO-RegenReg,Hopper-v4,4
215883,reward,6585,183.66340243351203,96.366,PPO-RegenReg,Hopper-v4,4
215974,reward,6586,201.8756158916627,109.711,PPO-RegenReg,Hopper-v4,4
216008,reward,6587,58.47121495712657,108.137,PPO-RegenReg,Hopper-v4,4
216069,reward,6588,106.93840281202209,105.255,PPO-RegenReg,Hopper-v4,4
216105,reward,6589,62.69631104882734,106.835,PPO-RegenReg,Hopper-v4,4
216137,reward,6590,56.45615218888712,93.586,PPO-RegenReg,Hopper-v4,4
216166,reward,6591,47.91355599161585,90.588,PPO-RegenReg,Hopper-v4,4
216222,reward,6592,97.57024440858669,92.385,PPO-RegenReg,Hopper-v4,4
216260,reward,6593,64.90936079390455,94.166,PPO-RegenReg,Hopper-v4,4
216292,reward,6594,53.837063210900766,93.433,PPO-RegenReg,Hopper-v4,4
216349,reward,6595,105.5667654518135,85.623,PPO-RegenReg,Hopper-v4,4
216400,reward,6596,90.62843966158789,74.499,PPO-RegenReg,Hopper-v4,4
216434,reward,6597,55.79616361261528,74.231,PPO-RegenReg,Hopper-v4,4
216472,reward,6598,67.91102784807539,70.329,PPO-RegenReg,Hopper-v4,4
216526,reward,6599,98.28017848778515,73.887,PPO-RegenReg,Hopper-v4,4
216577,reward,6600,89.72404626995447,77.214,PPO-RegenReg,Hopper-v4,4
216626,reward,6601,83.4294877442349,80.765,PPO-RegenReg,Hopper-v4,4
216707,reward,6602,174.07894362652524,88.416,PPO-RegenReg,Hopper-v4,4
216760,reward,6603,92.36002998884275,91.161,PPO-RegenReg,Hopper-v4,4
216806,reward,6604,79.68657567385175,93.746,PPO-RegenReg,Hopper-v4,4
216840,reward,6605,57.17156542167269,88.907,PPO-RegenReg,Hopper-v4,4
216908,reward,6606,132.66587728965533,93.11,PPO-RegenReg,Hopper-v4,4
216945,reward,6607,61.211973519603426,93.652,PPO-RegenReg,Hopper-v4,4
216975,reward,6608,49.72588005898433,91.833,PPO-RegenReg,Hopper-v4,4
217014,reward,6609,67.35161466197155,88.741,PPO-RegenReg,Hopper-v4,4
217099,reward,6610,178.6477142556299,97.633,PPO-RegenReg,Hopper-v4,4
217168,reward,6611,135.36385157314305,102.826,PPO-RegenReg,Hopper-v4,4
217195,reward,6612,45.642336201057915,89.983,PPO-RegenReg,Hopper-v4,4
217238,reward,6613,74.41327185427924,88.188,PPO-RegenReg,Hopper-v4,4
217288,reward,6614,89.51378435623971,89.171,PPO-RegenReg,Hopper-v4,4
217379,reward,6615,203.43583930639429,103.797,PPO-RegenReg,Hopper-v4,4
217445,reward,6616,129.09739208830723,103.44,PPO-RegenReg,Hopper-v4,4
217487,reward,6617,70.66487377767535,104.386,PPO-RegenReg,Hopper-v4,4
217520,reward,6618,55.244542605853454,104.938,PPO-RegenReg,Hopper-v4,4
217562,reward,6619,73.39397594125663,105.542,PPO-RegenReg,Hopper-v4,4
217607,reward,6620,74.38187654545065,95.115,PPO-RegenReg,Hopper-v4,4
217639,reward,6621,53.30916016222095,86.91,PPO-RegenReg,Hopper-v4,4
217673,reward,6622,56.857835441498615,88.031,PPO-RegenReg,Hopper-v4,4
217722,reward,6623,88.5407735739903,89.444,PPO-RegenReg,Hopper-v4,4
217765,reward,6624,75.94433308914405,88.087,PPO-RegenReg,Hopper-v4,4
217803,reward,6625,64.77545721294265,74.221,PPO-RegenReg,Hopper-v4,4
217852,reward,6626,88.33665865245159,70.145,PPO-RegenReg,Hopper-v4,4
217894,reward,6627,71.37697464577745,70.216,PPO-RegenReg,Hopper-v4,4
217926,reward,6628,54.68512599443032,70.16,PPO-RegenReg,Hopper-v4,4
217960,reward,6629,57.42302668799209,68.563,PPO-RegenReg,Hopper-v4,4
218041,reward,6630,177.4575980447859,78.871,PPO-RegenReg,Hopper-v4,4
218067,reward,6631,43.389309517945534,77.879,PPO-RegenReg,Hopper-v4,4
218113,reward,6632,80.4903607376699,80.242,PPO-RegenReg,Hopper-v4,4
218145,reward,6633,53.638283753771105,76.752,PPO-RegenReg,Hopper-v4,4
218179,reward,6634,58.8030742868078,75.038,PPO-RegenReg,Hopper-v4,4
218215,reward,6635,61.7510358097962,74.735,PPO-RegenReg,Hopper-v4,4
218248,reward,6636,55.33283839631304,71.435,PPO-RegenReg,Hopper-v4,4
218326,reward,6637,148.13765037045843,79.111,PPO-RegenReg,Hopper-v4,4
218365,reward,6638,66.56774531549765,80.299,PPO-RegenReg,Hopper-v4,4
218450,reward,6639,178.15624527807927,92.372,PPO-RegenReg,Hopper-v4,4
218480,reward,6640,51.736588176326244,79.8,PPO-RegenReg,Hopper-v4,4
218508,reward,6641,47.89380588829634,80.251,PPO-RegenReg,Hopper-v4,4
218574,reward,6642,129.9029593473893,85.192,PPO-RegenReg,Hopper-v4,4
218616,reward,6643,74.78339302063262,87.307,PPO-RegenReg,Hopper-v4,4
218673,reward,6644,103.74504226415524,91.801,PPO-RegenReg,Hopper-v4,4
218702,reward,6645,49.31142752326119,90.557,PPO-RegenReg,Hopper-v4,4
218734,reward,6646,50.592420417382996,90.083,PPO-RegenReg,Hopper-v4,4
218770,reward,6647,62.04778241126098,81.474,PPO-RegenReg,Hopper-v4,4
218817,reward,6648,82.20507262633001,83.037,PPO-RegenReg,Hopper-v4,4
218890,reward,6649,152.3623691531648,80.458,PPO-RegenReg,Hopper-v4,4
218917,reward,6650,45.48102629072886,79.833,PPO-RegenReg,Hopper-v4,4
219003,reward,6651,184.53233269812836,93.496,PPO-RegenReg,Hopper-v4,4
219048,reward,6652,79.48688192235527,88.455,PPO-RegenReg,Hopper-v4,4
219083,reward,6653,61.03813319003653,87.08,PPO-RegenReg,Hopper-v4,4
219157,reward,6654,154.82560999373277,92.188,PPO-RegenReg,Hopper-v4,4
219190,reward,6655,56.826692921882795,92.94,PPO-RegenReg,Hopper-v4,4
219236,reward,6656,76.89450567122533,95.57,PPO-RegenReg,Hopper-v4,4
219306,reward,6657,141.6225756224544,103.528,PPO-RegenReg,Hopper-v4,4
219378,reward,6658,149.54403224050807,110.261,PPO-RegenReg,Hopper-v4,4
219418,reward,6659,67.83570720849535,101.809,PPO-RegenReg,Hopper-v4,4
219455,reward,6660,64.93203158528516,103.754,PPO-RegenReg,Hopper-v4,4
219508,reward,6661,94.95210282895091,94.796,PPO-RegenReg,Hopper-v4,4
219555,reward,6662,83.50342149499768,95.197,PPO-RegenReg,Hopper-v4,4
219624,reward,6663,127.63828875447336,101.857,PPO-RegenReg,Hopper-v4,4
219661,reward,6664,65.02979207085046,92.878,PPO-RegenReg,Hopper-v4,4
219710,reward,6665,86.95504682348479,95.891,PPO-RegenReg,Hopper-v4,4
219794,reward,6666,183.4560903834394,106.547,PPO-RegenReg,Hopper-v4,4
219878,reward,6667,183.2803306978913,110.713,PPO-RegenReg,Hopper-v4,4
219928,reward,6668,91.16417767176539,104.875,PPO-RegenReg,Hopper-v4,4
219968,reward,6669,64.073053759383,104.498,PPO-RegenReg,Hopper-v4,4
220045,reward,6670,131.3039902982426,111.136,PPO-RegenReg,Hopper-v4,4
220132,reward,6671,180.7768017229937,119.718,PPO-RegenReg,Hopper-v4,4
220215,reward,6672,124.14971371423476,123.783,PPO-RegenReg,Hopper-v4,4
220249,reward,6673,59.41471371965474,116.96,PPO-RegenReg,Hopper-v4,4
220285,reward,6674,59.976038409125586,116.455,PPO-RegenReg,Hopper-v4,4
220332,reward,6675,82.37706187621781,115.997,PPO-RegenReg,Hopper-v4,4
220396,reward,6676,121.91418898302766,109.843,PPO-RegenReg,Hopper-v4,4
220425,reward,6677,48.07577696049798,96.323,PPO-RegenReg,Hopper-v4,4
220457,reward,6678,55.024487398940586,92.709,PPO-RegenReg,Hopper-v4,4
220491,reward,6679,60.447677458220454,92.346,PPO-RegenReg,Hopper-v4,4
220551,reward,6680,107.85276087820584,90.001,PPO-RegenReg,Hopper-v4,4
220593,reward,6681,70.22953252015807,78.946,PPO-RegenReg,Hopper-v4,4
220632,reward,6682,68.80678553759095,73.412,PPO-RegenReg,Hopper-v4,4
220667,reward,6683,60.42259970400228,73.513,PPO-RegenReg,Hopper-v4,4
220698,reward,6684,52.82039688077938,72.797,PPO-RegenReg,Hopper-v4,4
220768,reward,6685,142.47079681847066,78.807,PPO-RegenReg,Hopper-v4,4
220817,reward,6686,83.09138202645097,74.924,PPO-RegenReg,Hopper-v4,4
220853,reward,6687,62.95798147864015,76.412,PPO-RegenReg,Hopper-v4,4
220917,reward,6688,118.59822217016574,82.77,PPO-RegenReg,Hopper-v4,4
220948,reward,6689,53.76178338447324,82.101,PPO-RegenReg,Hopper-v4,4
221008,reward,6690,105.46824720191194,81.863,PPO-RegenReg,Hopper-v4,4
221051,reward,6691,73.73656017828144,82.213,PPO-RegenReg,Hopper-v4,4
221141,reward,6692,203.0134163565482,95.634,PPO-RegenReg,Hopper-v4,4
221179,reward,6693,65.77692516282116,96.17,PPO-RegenReg,Hopper-v4,4
221220,reward,6694,68.92373998989895,97.78,PPO-RegenReg,Hopper-v4,4
221277,reward,6695,98.33352097682615,93.366,PPO-RegenReg,Hopper-v4,4
221358,reward,6696,170.8110604126181,102.138,PPO-RegenReg,Hopper-v4,4
221398,reward,6697,67.99455755094411,102.642,PPO-RegenReg,Hopper-v4,4
221483,reward,6698,176.16465789583097,108.398,PPO-RegenReg,Hopper-v4,4
221539,reward,6699,102.45086229130573,113.267,PPO-RegenReg,Hopper-v4,4
221581,reward,6700,73.62458493393648,110.083,PPO-RegenReg,Hopper-v4,4
221667,reward,6701,190.15383862246674,121.725,PPO-RegenReg,Hopper-v4,4
221712,reward,6702,78.88982050831694,109.312,PPO-RegenReg,Hopper-v4,4
221779,reward,6703,124.03245984676113,115.138,PPO-RegenReg,Hopper-v4,4
221812,reward,6704,58.19691244421068,114.065,PPO-RegenReg,Hopper-v4,4
221891,reward,6705,170.96314793805004,121.328,PPO-RegenReg,Hopper-v4,4
221929,reward,6706,64.72394833809327,110.719,PPO-RegenReg,Hopper-v4,4
222002,reward,6707,141.9616083494014,118.116,PPO-RegenReg,Hopper-v4,4
222073,reward,6708,124.0981415905446,112.91,PPO-RegenReg,Hopper-v4,4
222116,reward,6709,75.04421142210242,110.169,PPO-RegenReg,Hopper-v4,4
222152,reward,6710,61.928782430536536,108.999,PPO-RegenReg,Hopper-v4,4
222199,reward,6711,85.32548303435526,98.516,PPO-RegenReg,Hopper-v4,4
222231,reward,6712,57.21374526059801,96.349,PPO-RegenReg,Hopper-v4,4
222275,reward,6713,77.8898301897664,91.735,PPO-RegenReg,Hopper-v4,4
222342,reward,6714,133.56794641238994,99.272,PPO-RegenReg,Hopper-v4,4
222369,reward,6715,44.89607516365979,86.665,PPO-RegenReg,Hopper-v4,4
222423,reward,6716,92.62508759473339,89.455,PPO-RegenReg,Hopper-v4,4
222490,reward,6717,132.1061054703454,88.47,PPO-RegenReg,Hopper-v4,4
222534,reward,6718,74.88470659332394,83.548,PPO-RegenReg,Hopper-v4,4
222593,reward,6719,110.42852415453216,87.087,PPO-RegenReg,Hopper-v4,4
222640,reward,6720,80.1098532266972,88.905,PPO-RegenReg,Hopper-v4,4
222714,reward,6721,151.53960856073178,95.526,PPO-RegenReg,Hopper-v4,4
222795,reward,6722,156.50037991626002,105.455,PPO-RegenReg,Hopper-v4,4
222839,reward,6723,72.72247430063302,104.938,PPO-RegenReg,Hopper-v4,4
222916,reward,6724,141.7171398607771,105.753,PPO-RegenReg,Hopper-v4,4
222974,reward,6725,104.58021512953223,111.721,PPO-RegenReg,Hopper-v4,4
223014,reward,6726,72.56461831789564,109.715,PPO-RegenReg,Hopper-v4,4
223086,reward,6727,149.48765603045584,111.454,PPO-RegenReg,Hopper-v4,4
223159,reward,6728,117.26686488242838,115.692,PPO-RegenReg,Hopper-v4,4
223189,reward,6729,51.083378824894346,109.757,PPO-RegenReg,Hopper-v4,4
223228,reward,6730,68.46084955824739,108.592,PPO-RegenReg,Hopper-v4,4
223267,reward,6731,68.20587014451202,100.259,PPO-RegenReg,Hopper-v4,4
223312,reward,6732,82.63002124024116,92.872,PPO-RegenReg,Hopper-v4,4
223396,reward,6733,180.92205914147183,103.692,PPO-RegenReg,Hopper-v4,4
223461,reward,6734,124.34847106059772,101.955,PPO-RegenReg,Hopper-v4,4
223495,reward,6735,58.47782518373365,97.345,PPO-RegenReg,Hopper-v4,4
223538,reward,6736,70.4921866777278,97.138,PPO-RegenReg,Hopper-v4,4
223592,reward,6737,96.38172780751535,91.827,PPO-RegenReg,Hopper-v4,4
223637,reward,6738,79.11009170257582,88.011,PPO-RegenReg,Hopper-v4,4
223672,reward,6739,59.26522572928985,88.829,PPO-RegenReg,Hopper-v4,4
223743,reward,6740,127.327650214496,94.716,PPO-RegenReg,Hopper-v4,4
223781,reward,6741,63.14895767825569,94.21,PPO-RegenReg,Hopper-v4,4
223818,reward,6742,63.143154471093766,92.262,PPO-RegenReg,Hopper-v4,4
223854,reward,6743,63.02705343304534,80.472,PPO-RegenReg,Hopper-v4,4
223932,reward,6744,167.77025939642292,84.814,PPO-RegenReg,Hopper-v4,4
223991,reward,6745,110.13564931295346,89.98,PPO-RegenReg,Hopper-v4,4
224042,reward,6746,88.4821900352184,91.779,PPO-RegenReg,Hopper-v4,4
224095,reward,6747,93.10635493552566,91.452,PPO-RegenReg,Hopper-v4,4
224157,reward,6748,116.19985807077539,95.161,PPO-RegenReg,Hopper-v4,4
224243,reward,6749,187.4500648543753,107.979,PPO-RegenReg,Hopper-v4,4
224295,reward,6750,92.45977843288162,104.492,PPO-RegenReg,Hopper-v4,4
224332,reward,6751,63.45623617404222,104.523,PPO-RegenReg,Hopper-v4,4
224387,reward,6752,100.89987141521935,108.299,PPO-RegenReg,Hopper-v4,4
224422,reward,6753,60.63837309572077,108.06,PPO-RegenReg,Hopper-v4,4
224495,reward,6754,134.61576855522208,104.744,PPO-RegenReg,Hopper-v4,4
224530,reward,6755,60.00506049450404,99.731,PPO-RegenReg,Hopper-v4,4
224571,reward,6756,70.50804680489122,97.934,PPO-RegenReg,Hopper-v4,4
224629,reward,6757,106.68940242859885,99.292,PPO-RegenReg,Hopper-v4,4
224686,reward,6758,104.40632609998144,98.113,PPO-RegenReg,Hopper-v4,4
224727,reward,6759,71.20877610268285,86.489,PPO-RegenReg,Hopper-v4,4
224812,reward,6760,167.48875324008853,93.992,PPO-RegenReg,Hopper-v4,4
224870,reward,6761,104.65310082429744,98.111,PPO-RegenReg,Hopper-v4,4
224945,reward,6762,158.21662137404616,103.843,PPO-RegenReg,Hopper-v4,4
224981,reward,6763,61.532374304595606,103.932,PPO-RegenReg,Hopper-v4,4
225016,reward,6764,57.82395932312458,96.253,PPO-RegenReg,Hopper-v4,4
225099,reward,6765,181.77187205079161,108.43,PPO-RegenReg,Hopper-v4,4
225108,reward,6766,7.738988748838461,102.153,PPO-RegenReg,Hopper-v4,4
225153,reward,6767,78.14330931007399,99.298,PPO-RegenReg,Hopper-v4,4
225190,reward,6768,67.15679949183877,95.573,PPO-RegenReg,Hopper-v4,4
225243,reward,6769,96.9601039206333,98.149,PPO-RegenReg,Hopper-v4,4
225294,reward,6770,91.3211299591432,90.532,PPO-RegenReg,Hopper-v4,4
225325,reward,6771,51.57869101497118,85.224,PPO-RegenReg,Hopper-v4,4
225387,reward,6772,108.69165929495855,80.272,PPO-RegenReg,Hopper-v4,4
225470,reward,6773,156.9027672897367,89.809,PPO-RegenReg,Hopper-v4,4
225507,reward,6774,65.22741095910708,90.549,PPO-RegenReg,Hopper-v4,4
225552,reward,6775,79.5979722447236,80.332,PPO-RegenReg,Hopper-v4,4
225634,reward,6776,182.4749807304212,97.805,PPO-RegenReg,Hopper-v4,4
225662,reward,6777,48.037708112248765,94.795,PPO-RegenReg,Hopper-v4,4
225746,reward,6778,178.74689502275132,105.954,PPO-RegenReg,Hopper-v4,4
225806,reward,6779,105.93755161616217,106.852,PPO-RegenReg,Hopper-v4,4
225879,reward,6780,133.5155968430174,111.071,PPO-RegenReg,Hopper-v4,4
225908,reward,6781,49.52591536512643,110.866,PPO-RegenReg,Hopper-v4,4
225996,reward,6782,173.99718651317613,117.396,PPO-RegenReg,Hopper-v4,4
226036,reward,6783,70.60267853456264,108.766,PPO-RegenReg,Hopper-v4,4
226076,reward,6784,70.11198986749176,109.255,PPO-RegenReg,Hopper-v4,4
226106,reward,6785,49.72105904976721,106.267,PPO-RegenReg,Hopper-v4,4
226155,reward,6786,91.1824783980978,97.138,PPO-RegenReg,Hopper-v4,4
226195,reward,6787,70.12562514550416,99.347,PPO-RegenReg,Hopper-v4,4
226240,reward,6788,79.36615740470448,89.409,PPO-RegenReg,Hopper-v4,4
226319,reward,6789,171.96620989076462,96.011,PPO-RegenReg,Hopper-v4,4
226384,reward,6790,94.11672488590264,92.072,PPO-RegenReg,Hopper-v4,4
226460,reward,6791,159.08667268622017,103.028,PPO-RegenReg,Hopper-v4,4
226497,reward,6792,63.85369071938667,92.013,PPO-RegenReg,Hopper-v4,4
226542,reward,6793,78.49149416995022,92.802,PPO-RegenReg,Hopper-v4,4
226612,reward,6794,136.06843150445872,99.398,PPO-RegenReg,Hopper-v4,4
226664,reward,6795,94.02819638831795,103.829,PPO-RegenReg,Hopper-v4,4
226711,reward,6796,86.672089823064,103.378,PPO-RegenReg,Hopper-v4,4
226756,reward,6797,76.48191148812022,104.013,PPO-RegenReg,Hopper-v4,4
226794,reward,6798,67.656521289811,102.842,PPO-RegenReg,Hopper-v4,4
226854,reward,6799,111.12918003232417,96.758,PPO-RegenReg,Hopper-v4,4
226888,reward,6800,58.4210158213457,93.189,PPO-RegenReg,Hopper-v4,4
226946,reward,6801,106.83065942027088,87.963,PPO-RegenReg,Hopper-v4,4
226980,reward,6802,59.092380511286784,87.487,PPO-RegenReg,Hopper-v4,4
227031,reward,6803,96.57316649081169,89.295,PPO-RegenReg,Hopper-v4,4
227114,reward,6804,182.76975093499914,93.965,PPO-RegenReg,Hopper-v4,4
227154,reward,6805,67.35443366307136,91.298,PPO-RegenReg,Hopper-v4,4
227193,reward,6806,68.45805968848829,89.477,PPO-RegenReg,Hopper-v4,4
227223,reward,6807,49.96275671084993,86.825,PPO-RegenReg,Hopper-v4,4
227292,reward,6808,135.19737504364653,93.579,PPO-RegenReg,Hopper-v4,4
227339,reward,6809,86.11004384226496,91.077,PPO-RegenReg,Hopper-v4,4
227406,reward,6810,128.41489601826513,98.076,PPO-RegenReg,Hopper-v4,4
227440,reward,6811,58.96367725916688,93.29,PPO-RegenReg,Hopper-v4,4
227470,reward,6812,50.060327174075965,92.386,PPO-RegenReg,Hopper-v4,4
227512,reward,6813,75.17886996830033,90.247,PPO-RegenReg,Hopper-v4,4
227594,reward,6814,169.4766261304299,88.918,PPO-RegenReg,Hopper-v4,4
227628,reward,6815,56.856578165603366,87.868,PPO-RegenReg,Hopper-v4,4
227653,reward,6816,42.27802381575468,85.25,PPO-RegenReg,Hopper-v4,4
227685,reward,6817,54.05962168671335,85.66,PPO-RegenReg,Hopper-v4,4
227738,reward,6818,94.3765834179557,81.578,PPO-RegenReg,Hopper-v4,4
227807,reward,6819,117.13654737588791,84.68,PPO-RegenReg,Hopper-v4,4
227847,reward,6820,67.77713952255232,78.616,PPO-RegenReg,Hopper-v4,4
227887,reward,6821,68.0468801659347,79.525,PPO-RegenReg,Hopper-v4,4
227915,reward,6822,47.923775288726866,79.311,PPO-RegenReg,Hopper-v4,4
227974,reward,6823,102.41510514793737,82.035,PPO-RegenReg,Hopper-v4,4
228033,reward,6824,105.81715206968119,75.669,PPO-RegenReg,Hopper-v4,4
228068,reward,6825,58.412782589052775,75.824,PPO-RegenReg,Hopper-v4,4
228103,reward,6826,60.09382829290392,77.606,PPO-RegenReg,Hopper-v4,4
228152,reward,6827,88.57248179172274,81.057,PPO-RegenReg,Hopper-v4,4
228210,reward,6828,105.53933431715728,82.174,PPO-RegenReg,Hopper-v4,4
228256,reward,6829,84.63468333248204,78.923,PPO-RegenReg,Hopper-v4,4
228290,reward,6830,56.67405210301514,77.813,PPO-RegenReg,Hopper-v4,4
228338,reward,6831,90.29960968312398,80.038,PPO-RegenReg,Hopper-v4,4
228393,reward,6832,99.51744052847705,85.198,PPO-RegenReg,Hopper-v4,4
228461,reward,6833,134.88968382694912,88.445,PPO-RegenReg,Hopper-v4,4
228525,reward,6834,122.67388274173949,90.131,PPO-RegenReg,Hopper-v4,4
228570,reward,6835,76.84328408236809,91.974,PPO-RegenReg,Hopper-v4,4
228636,reward,6836,122.29367070991088,98.194,PPO-RegenReg,Hopper-v4,4
228664,reward,6837,47.80433392416359,94.117,PPO-RegenReg,Hopper-v4,4
228723,reward,6838,107.90484535719165,94.354,PPO-RegenReg,Hopper-v4,4
228768,reward,6839,77.57220397289115,93.647,PPO-RegenReg,Hopper-v4,4
228835,reward,6840,130.51318666301265,101.031,PPO-RegenReg,Hopper-v4,4
228904,reward,6841,101.5989132625292,102.161,PPO-RegenReg,Hopper-v4,4
228951,reward,6842,83.11741239183195,100.521,PPO-RegenReg,Hopper-v4,4
229005,reward,6843,97.83197083239608,96.815,PPO-RegenReg,Hopper-v4,4
229045,reward,6844,67.47488893890107,91.295,PPO-RegenReg,Hopper-v4,4
229074,reward,6845,48.94317988995175,88.505,PPO-RegenReg,Hopper-v4,4
229105,reward,6846,52.84575647377407,81.561,PPO-RegenReg,Hopper-v4,4
229158,reward,6847,96.5638705672334,86.437,PPO-RegenReg,Hopper-v4,4
229240,reward,6848,168.20600946848083,92.467,PPO-RegenReg,Hopper-v4,4
229279,reward,6849,66.30890906927121,91.34,PPO-RegenReg,Hopper-v4,4
229322,reward,6850,60.351445515540235,84.324,PPO-RegenReg,Hopper-v4,4
229380,reward,6851,97.2652325043458,83.891,PPO-RegenReg,Hopper-v4,4
229410,reward,6852,50.47834479508869,80.627,PPO-RegenReg,Hopper-v4,4
229451,reward,6853,73.69043675385194,78.213,PPO-RegenReg,Hopper-v4,4
229484,reward,6854,55.74001522461203,77.039,PPO-RegenReg,Hopper-v4,4
229517,reward,6855,54.30082250145232,77.575,PPO-RegenReg,Hopper-v4,4
229583,reward,6856,131.52830214384352,85.443,PPO-RegenReg,Hopper-v4,4
229637,reward,6857,90.33333289656876,84.82,PPO-RegenReg,Hopper-v4,4
229715,reward,6858,167.77905994874905,84.778,PPO-RegenReg,Hopper-v4,4
229770,reward,6859,97.73331119018901,87.92,PPO-RegenReg,Hopper-v4,4
229805,reward,6860,61.520760557452036,88.037,PPO-RegenReg,Hopper-v4,4
229833,reward,6861,47.46900819619546,83.057,PPO-RegenReg,Hopper-v4,4
229875,reward,6862,74.02613418069231,85.412,PPO-RegenReg,Hopper-v4,4
229903,reward,6863,46.734758116079824,82.717,PPO-RegenReg,Hopper-v4,4
229983,reward,6864,161.10391490238476,93.253,PPO-RegenReg,Hopper-v4,4
230032,reward,6865,88.14029005874806,96.637,PPO-RegenReg,Hopper-v4,4
230090,reward,6866,107.36492721110204,94.221,PPO-RegenReg,Hopper-v4,4
230123,reward,6867,56.15500065101649,90.803,PPO-RegenReg,Hopper-v4,4
230183,reward,6868,114.2966765287072,85.454,PPO-RegenReg,Hopper-v4,4
230232,reward,6869,83.76111140012641,84.057,PPO-RegenReg,Hopper-v4,4
230284,reward,6870,98.68822400359953,87.774,PPO-RegenReg,Hopper-v4,4
230347,reward,6871,124.45426786040184,95.473,PPO-RegenReg,Hopper-v4,4
230386,reward,6872,65.54251671391883,94.624,PPO-RegenReg,Hopper-v4,4
230452,reward,6873,130.86032613804252,103.037,PPO-RegenReg,Hopper-v4,4
230491,reward,6874,67.7861892489756,93.705,PPO-RegenReg,Hopper-v4,4
230534,reward,6875,75.01535882592704,92.392,PPO-RegenReg,Hopper-v4,4
230560,reward,6876,43.287428514841835,85.985,PPO-RegenReg,Hopper-v4,4
230614,reward,6877,102.59693577116877,90.629,PPO-RegenReg,Hopper-v4,4
230652,reward,6878,65.54731218864413,85.754,PPO-RegenReg,Hopper-v4,4
230694,reward,6879,72.97790587355894,84.676,PPO-RegenReg,Hopper-v4,4
230731,reward,6880,66.88871707514522,81.496,PPO-RegenReg,Hopper-v4,4
230782,reward,6881,91.59920574116055,78.21,PPO-RegenReg,Hopper-v4,4
230830,reward,6882,83.05002514507072,79.961,PPO-RegenReg,Hopper-v4,4
230873,reward,6883,75.81590288094402,74.456,PPO-RegenReg,Hopper-v4,4
230912,reward,6884,67.26789029770406,74.405,PPO-RegenReg,Hopper-v4,4
230946,reward,6885,58.50749450256345,72.754,PPO-RegenReg,Hopper-v4,4
230986,reward,6886,69.41626066387362,75.367,PPO-RegenReg,Hopper-v4,4
231073,reward,6887,186.60406824462547,83.767,PPO-RegenReg,Hopper-v4,4
231133,reward,6888,110.69273605717207,88.282,PPO-RegenReg,Hopper-v4,4
231163,reward,6889,49.986124745849615,85.983,PPO-RegenReg,Hopper-v4,4
231194,reward,6890,52.55669086068424,84.55,PPO-RegenReg,Hopper-v4,4
231232,reward,6891,63.70535303090301,81.76,PPO-RegenReg,Hopper-v4,4
231258,reward,6892,44.10889239159432,77.866,PPO-RegenReg,Hopper-v4,4
231329,reward,6893,139.8064385284493,84.265,PPO-RegenReg,Hopper-v4,4
231404,reward,6894,159.1220771412475,93.451,PPO-RegenReg,Hopper-v4,4
231465,reward,6895,113.20654234515897,98.921,PPO-RegenReg,Hopper-v4,4
231548,reward,6896,186.74063217484186,110.653,PPO-RegenReg,Hopper-v4,4
231632,reward,6897,157.7196123636721,107.765,PPO-RegenReg,Hopper-v4,4
231671,reward,6898,68.96450547861852,103.592,PPO-RegenReg,Hopper-v4,4
231709,reward,6899,64.64620367922542,105.058,PPO-RegenReg,Hopper-v4,4
231799,reward,6900,206.70928726647932,120.473,PPO-RegenReg,Hopper-v4,4
231842,reward,6901,72.5456820893873,121.357,PPO-RegenReg,Hopper-v4,4
231916,reward,6902,155.64193015965904,132.51,PPO-RegenReg,Hopper-v4,4
231955,reward,6903,70.11117790774202,125.541,PPO-RegenReg,Hopper-v4,4
232044,reward,6904,173.68258810359603,126.997,PPO-RegenReg,Hopper-v4,4
232089,reward,6905,78.50353982408416,123.527,PPO-RegenReg,Hopper-v4,4
232133,reward,6906,75.05935553949969,112.358,PPO-RegenReg,Hopper-v4,4
232177,reward,6907,78.08830183661664,104.395,PPO-RegenReg,Hopper-v4,4
232230,reward,6908,89.10645232573808,106.409,PPO-RegenReg,Hopper-v4,4
232261,reward,6909,51.22909759348759,105.068,PPO-RegenReg,Hopper-v4,4
232331,reward,6910,141.32142937056548,98.529,PPO-RegenReg,Hopper-v4,4
232384,reward,6911,97.0191645076169,100.976,PPO-RegenReg,Hopper-v4,4
232415,reward,6912,51.76524014684605,90.589,PPO-RegenReg,Hopper-v4,4
232451,reward,6913,61.846016100366626,89.762,PPO-RegenReg,Hopper-v4,4
232484,reward,6914,56.00020987424057,77.994,PPO-RegenReg,Hopper-v4,4
232559,reward,6915,161.22109356124275,86.266,PPO-RegenReg,Hopper-v4,4
232600,reward,6916,71.81570125656506,85.941,PPO-RegenReg,Hopper-v4,4
232647,reward,6917,81.61667061632588,86.294,PPO-RegenReg,Hopper-v4,4
232699,reward,6918,91.9560223601268,86.579,PPO-RegenReg,Hopper-v4,4
232773,reward,6919,156.40246113476698,97.096,PPO-RegenReg,Hopper-v4,4
232814,reward,6920,73.47007712139147,90.311,PPO-RegenReg,Hopper-v4,4
232845,reward,6921,52.91389188723469,85.901,PPO-RegenReg,Hopper-v4,4
232888,reward,6922,76.5065604228088,88.375,PPO-RegenReg,Hopper-v4,4
232939,reward,6923,93.53573361024378,91.544,PPO-RegenReg,Hopper-v4,4
232972,reward,6924,55.277869109044055,91.472,PPO-RegenReg,Hopper-v4,4
233009,reward,6925,61.023572644748015,81.452,PPO-RegenReg,Hopper-v4,4
233043,reward,6926,57.43188489012777,80.013,PPO-RegenReg,Hopper-v4,4
233079,reward,6927,62.114180850703434,78.063,PPO-RegenReg,Hopper-v4,4
233117,reward,6928,62.79197384797543,75.147,PPO-RegenReg,Hopper-v4,4
233156,reward,6929,67.92491782919153,66.299,PPO-RegenReg,Hopper-v4,4
233192,reward,6930,62.50737333447529,65.203,PPO-RegenReg,Hopper-v4,4
233256,reward,6931,121.78601706031519,72.09,PPO-RegenReg,Hopper-v4,4
233284,reward,6932,46.58341000393818,69.098,PPO-RegenReg,Hopper-v4,4
233338,reward,6933,100.23784642146991,69.768,PPO-RegenReg,Hopper-v4,4
233376,reward,6934,64.53495376586244,70.694,PPO-RegenReg,Hopper-v4,4
233446,reward,6935,144.25606365441143,79.017,PPO-RegenReg,Hopper-v4,4
233476,reward,6936,50.39136504028729,78.313,PPO-RegenReg,Hopper-v4,4
233518,reward,6937,74.30836039451316,79.532,PPO-RegenReg,Hopper-v4,4
233576,reward,6938,105.92732210783237,83.846,PPO-RegenReg,Hopper-v4,4
233658,reward,6939,182.28577427863235,95.282,PPO-RegenReg,Hopper-v4,4
233700,reward,6940,70.96186073702712,96.127,PPO-RegenReg,Hopper-v4,4
233730,reward,6941,51.86292616381028,89.135,PPO-RegenReg,Hopper-v4,4
233806,reward,6942,156.9095368002549,100.168,PPO-RegenReg,Hopper-v4,4
233838,reward,6943,54.2231792581372,95.566,PPO-RegenReg,Hopper-v4,4
233897,reward,6944,107.34416280651116,99.847,PPO-RegenReg,Hopper-v4,4
233925,reward,6945,48.094927853532,90.231,PPO-RegenReg,Hopper-v4,4
234001,reward,6946,163.44850842293957,101.537,PPO-RegenReg,Hopper-v4,4
234040,reward,6947,68.27331186047734,100.933,PPO-RegenReg,Hopper-v4,4
234086,reward,6948,82.07349771153638,98.548,PPO-RegenReg,Hopper-v4,4
234147,reward,6949,114.93566121021271,91.813,PPO-RegenReg,Hopper-v4,4
234180,reward,6950,55.86861115347897,90.303,PPO-RegenReg,Hopper-v4,4
234216,reward,6951,60.63448256041588,91.181,PPO-RegenReg,Hopper-v4,4
234256,reward,6952,68.88683378085169,82.378,PPO-RegenReg,Hopper-v4,4
234283,reward,6953,46.85310386837546,81.641,PPO-RegenReg,Hopper-v4,4
234325,reward,6954,70.52540059601299,77.959,PPO-RegenReg,Hopper-v4,4
234371,reward,6955,80.6446497045659,81.214,PPO-RegenReg,Hopper-v4,4
234461,reward,6956,205.30399093367845,85.4,PPO-RegenReg,Hopper-v4,4
234495,reward,6957,55.37780892276268,84.11,PPO-RegenReg,Hopper-v4,4
234541,reward,6958,82.21637409902559,84.125,PPO-RegenReg,Hopper-v4,4
234570,reward,6959,49.50617171988992,77.582,PPO-RegenReg,Hopper-v4,4
234610,reward,6960,70.28432647379107,79.023,PPO-RegenReg,Hopper-v4,4
234673,reward,6961,123.64131668742854,85.324,PPO-RegenReg,Hopper-v4,4
234736,reward,6962,119.45653614904815,90.381,PPO-RegenReg,Hopper-v4,4
234826,reward,6963,205.7518480327936,106.271,PPO-RegenReg,Hopper-v4,4
234909,reward,6964,178.15843525386882,117.034,PPO-RegenReg,Hopper-v4,4
234969,reward,6965,112.884011829975,120.258,PPO-RegenReg,Hopper-v4,4
235009,reward,6966,68.81141787924115,106.609,PPO-RegenReg,Hopper-v4,4
235045,reward,6967,60.561442756663595,107.127,PPO-RegenReg,Hopper-v4,4
235083,reward,6968,65.75191457230395,105.481,PPO-RegenReg,Hopper-v4,4
235137,reward,6969,96.26014201810266,110.156,PPO-RegenReg,Hopper-v4,4
235188,reward,6970,94.40079178891135,112.568,PPO-RegenReg,Hopper-v4,4
235217,reward,6971,48.779898047813056,105.082,PPO-RegenReg,Hopper-v4,4
235270,reward,6972,94.78766591079983,102.615,PPO-RegenReg,Hopper-v4,4
235309,reward,6973,64.31268649000074,88.471,PPO-RegenReg,Hopper-v4,4
235342,reward,6974,56.29302205061356,76.284,PPO-RegenReg,Hopper-v4,4
235412,reward,6975,139.5096129969609,78.947,PPO-RegenReg,Hopper-v4,4
235443,reward,6976,51.893310827119585,77.255,PPO-RegenReg,Hopper-v4,4
235486,reward,6977,77.09820730441643,78.909,PPO-RegenReg,Hopper-v4,4
235523,reward,6978,62.571282988770974,78.591,PPO-RegenReg,Hopper-v4,4
235577,reward,6979,97.09699855221257,78.674,PPO-RegenReg,Hopper-v4,4
235605,reward,6980,47.50702496810105,73.985,PPO-RegenReg,Hopper-v4,4
235656,reward,6981,89.26879202784663,78.034,PPO-RegenReg,Hopper-v4,4
235726,reward,6982,143.57056572072733,82.912,PPO-RegenReg,Hopper-v4,4
235774,reward,6983,83.02173655317648,84.783,PPO-RegenReg,Hopper-v4,4
235807,reward,6984,56.597127519585484,84.813,PPO-RegenReg,Hopper-v4,4
235869,reward,6985,116.92216162930796,82.555,PPO-RegenReg,Hopper-v4,4
235957,reward,6986,199.37183667761258,97.303,PPO-RegenReg,Hopper-v4,4
236004,reward,6987,83.07967709656991,97.901,PPO-RegenReg,Hopper-v4,4
236049,reward,6988,80.25453249946692,99.669,PPO-RegenReg,Hopper-v4,4
236085,reward,6989,60.75278902723191,96.035,PPO-RegenReg,Hopper-v4,4
236132,reward,6990,82.17894575810183,99.502,PPO-RegenReg,Hopper-v4,4
236227,reward,6991,176.76055215656623,108.251,PPO-RegenReg,Hopper-v4,4
236290,reward,6992,119.35208616986117,105.829,PPO-RegenReg,Hopper-v4,4
236334,reward,6993,77.5345001295155,105.28,PPO-RegenReg,Hopper-v4,4
236418,reward,6994,178.51862117135622,117.473,PPO-RegenReg,Hopper-v4,4
236456,reward,6995,65.37814762266618,112.318,PPO-RegenReg,Hopper-v4,4
236499,reward,6996,75.00730907778484,99.882,PPO-RegenReg,Hopper-v4,4
236585,reward,6997,186.52880670676808,110.227,PPO-RegenReg,Hopper-v4,4
236622,reward,6998,65.68617876646074,108.77,PPO-RegenReg,Hopper-v4,4
236684,reward,6999,114.01014006359073,114.096,PPO-RegenReg,Hopper-v4,4
236719,reward,7000,60.47860145680379,111.925,PPO-RegenReg,Hopper-v4,4
236747,reward,7001,47.20436641325417,98.97,PPO-RegenReg,Hopper-v4,4
236789,reward,7002,75.17312042156594,94.552,PPO-RegenReg,Hopper-v4,4
236831,reward,7003,72.18766606995406,94.017,PPO-RegenReg,Hopper-v4,4
236871,reward,7004,69.4530016050586,83.111,PPO-RegenReg,Hopper-v4,4
236914,reward,7005,72.39251151810353,83.812,PPO-RegenReg,Hopper-v4,4
236956,reward,7006,71.69746502598181,83.481,PPO-RegenReg,Hopper-v4,4
237040,reward,7007,182.96290199995587,83.125,PPO-RegenReg,Hopper-v4,4
237076,reward,7008,60.09046386790617,82.565,PPO-RegenReg,Hopper-v4,4
237116,reward,7009,71.0740354177551,78.271,PPO-RegenReg,Hopper-v4,4
237146,reward,7010,50.62178710006056,77.286,PPO-RegenReg,Hopper-v4,4
237187,reward,7011,70.24676512577481,79.59,PPO-RegenReg,Hopper-v4,4
237268,reward,7012,160.97351586621863,88.17,PPO-RegenReg,Hopper-v4,4
237305,reward,7013,64.26713239764061,87.378,PPO-RegenReg,Hopper-v4,4
237345,reward,7014,70.48105408889649,87.481,PPO-RegenReg,Hopper-v4,4
237383,reward,7015,62.64787862196181,86.506,PPO-RegenReg,Hopper-v4,4
237414,reward,7016,53.0371253240949,84.64,PPO-RegenReg,Hopper-v4,4
237454,reward,7017,70.34600820732072,73.379,PPO-RegenReg,Hopper-v4,4
237487,reward,7018,54.59648185051862,72.829,PPO-RegenReg,Hopper-v4,4
237518,reward,7019,51.33810460849433,70.856,PPO-RegenReg,Hopper-v4,4
237567,reward,7020,85.38581904725837,74.332,PPO-RegenReg,Hopper-v4,4
237619,reward,7021,96.37426959440636,76.945,PPO-RegenReg,Hopper-v4,4
237657,reward,7022,65.69007244555802,67.416,PPO-RegenReg,Hopper-v4,4
237745,reward,7023,199.92410133252662,80.982,PPO-RegenReg,Hopper-v4,4
237796,reward,7024,92.76240945755045,83.21,PPO-RegenReg,Hopper-v4,4
237828,reward,7025,55.9808817088046,82.544,PPO-RegenReg,Hopper-v4,4
237880,reward,7026,82.47072248117667,85.487,PPO-RegenReg,Hopper-v4,4
237917,reward,7027,64.12641397286829,84.865,PPO-RegenReg,Hopper-v4,4
237957,reward,7028,68.59998544631856,86.265,PPO-RegenReg,Hopper-v4,4
237994,reward,7029,62.24593284808774,87.356,PPO-RegenReg,Hopper-v4,4
238026,reward,7030,54.8064123727895,84.298,PPO-RegenReg,Hopper-v4,4
238098,reward,7031,148.31416569377865,89.492,PPO-RegenReg,Hopper-v4,4
238135,reward,7032,61.89296811945134,89.112,PPO-RegenReg,Hopper-v4,4
238172,reward,7033,63.25450050061496,75.445,PPO-RegenReg,Hopper-v4,4
238254,reward,7034,181.79703044561367,84.349,PPO-RegenReg,Hopper-v4,4
238295,reward,7035,68.2290931711585,85.574,PPO-RegenReg,Hopper-v4,4
238331,reward,7036,62.28823443150216,83.555,PPO-RegenReg,Hopper-v4,4
238367,reward,7037,61.723198949726346,83.315,PPO-RegenReg,Hopper-v4,4
238416,reward,7038,86.68151433995487,85.123,PPO-RegenReg,Hopper-v4,4
238454,reward,7039,67.67173177263389,85.666,PPO-RegenReg,Hopper-v4,4
238504,reward,7040,89.18868419514578,89.104,PPO-RegenReg,Hopper-v4,4
238535,reward,7041,51.61379257504017,79.434,PPO-RegenReg,Hopper-v4,4
238584,reward,7042,88.06559119197067,82.051,PPO-RegenReg,Hopper-v4,4
238636,reward,7043,94.81064093816858,85.207,PPO-RegenReg,Hopper-v4,4
238665,reward,7044,50.3884150182299,72.066,PPO-RegenReg,Hopper-v4,4
238696,reward,7045,52.080189944912156,70.451,PPO-RegenReg,Hopper-v4,4
238735,reward,7046,67.16993509881335,70.939,PPO-RegenReg,Hopper-v4,4
238822,reward,7047,192.74852857976921,84.042,PPO-RegenReg,Hopper-v4,4
238864,reward,7048,73.97312243225893,82.771,PPO-RegenReg,Hopper-v4,4
238904,reward,7049,68.81335935095939,82.885,PPO-RegenReg,Hopper-v4,4
238934,reward,7050,51.60452339452364,79.127,PPO-RegenReg,Hopper-v4,4
238974,reward,7051,68.19251611333075,80.785,PPO-RegenReg,Hopper-v4,4
239012,reward,7052,65.46154681767791,78.524,PPO-RegenReg,Hopper-v4,4
239039,reward,7053,46.78995119816175,73.722,PPO-RegenReg,Hopper-v4,4
239068,reward,7054,49.603903689707415,73.644,PPO-RegenReg,Hopper-v4,4
239118,reward,7055,93.43057194685214,77.779,PPO-RegenReg,Hopper-v4,4
239179,reward,7056,113.62618836554915,82.424,PPO-RegenReg,Hopper-v4,4
239218,reward,7057,69.24072747821184,70.074,PPO-RegenReg,Hopper-v4,4
239261,reward,7058,76.38916303424733,70.315,PPO-RegenReg,Hopper-v4,4
239309,reward,7059,83.22855083086277,71.757,PPO-RegenReg,Hopper-v4,4
239371,reward,7060,113.41128840129653,77.937,PPO-RegenReg,Hopper-v4,4
239412,reward,7061,71.55524996400999,78.274,PPO-RegenReg,Hopper-v4,4
239475,reward,7062,115.98396150902772,83.326,PPO-RegenReg,Hopper-v4,4
239514,reward,7063,66.31502890110409,85.278,PPO-RegenReg,Hopper-v4,4
239562,reward,7064,82.78466107956486,88.597,PPO-RegenReg,Hopper-v4,4
239594,reward,7065,52.784794174627976,84.532,PPO-RegenReg,Hopper-v4,4
239625,reward,7066,52.23811141818726,78.393,PPO-RegenReg,Hopper-v4,4
239660,reward,7067,58.37313450989573,77.306,PPO-RegenReg,Hopper-v4,4
239690,reward,7068,51.266789011645955,74.794,PPO-RegenReg,Hopper-v4,4
239725,reward,7069,58.88775561985767,72.36,PPO-RegenReg,Hopper-v4,4
239772,reward,7070,79.78036745908804,68.997,PPO-RegenReg,Hopper-v4,4
239866,reward,7071,183.55235467106735,80.197,PPO-RegenReg,Hopper-v4,4
239898,reward,7072,55.07644873440326,74.106,PPO-RegenReg,Hopper-v4,4
239924,reward,7073,44.142421159522044,71.889,PPO-RegenReg,Hopper-v4,4
240020,reward,7074,190.62401391577703,82.673,PPO-RegenReg,Hopper-v4,4
240087,reward,7075,126.29055884725966,90.023,PPO-RegenReg,Hopper-v4,4
240158,reward,7076,141.94147071591945,98.994,PPO-RegenReg,Hopper-v4,4
240194,reward,7077,59.97345106975772,99.154,PPO-RegenReg,Hopper-v4,4
240223,reward,7078,47.7417890410155,98.801,PPO-RegenReg,Hopper-v4,4
240298,reward,7079,158.07711463519652,108.72,PPO-RegenReg,Hopper-v4,4
240344,reward,7080,78.12181350518127,108.554,PPO-RegenReg,Hopper-v4,4
240379,reward,7081,58.786762271062145,96.078,PPO-RegenReg,Hopper-v4,4
240442,reward,7082,121.68725897474708,102.739,PPO-RegenReg,Hopper-v4,4
240483,reward,7083,69.8293835331207,105.307,PPO-RegenReg,Hopper-v4,4
240516,reward,7084,54.7652336145235,91.721,PPO-RegenReg,Hopper-v4,4
240585,reward,7085,140.1337727643675,93.106,PPO-RegenReg,Hopper-v4,4
240636,reward,7086,90.65809180980634,87.977,PPO-RegenReg,Hopper-v4,4
240667,reward,7087,51.98457348227145,87.179,PPO-RegenReg,Hopper-v4,4
240710,reward,7088,76.17313150059766,90.022,PPO-RegenReg,Hopper-v4,4
240755,reward,7089,75.92796292611378,81.807,PPO-RegenReg,Hopper-v4,4
240809,reward,7090,96.07055261543783,83.602,PPO-RegenReg,Hopper-v4,4
240893,reward,7091,186.4605578597539,96.369,PPO-RegenReg,Hopper-v4,4
240941,reward,7092,83.3164555791675,92.532,PPO-RegenReg,Hopper-v4,4
240975,reward,7093,58.352064006465795,91.384,PPO-RegenReg,Hopper-v4,4
241035,reward,7094,112.17132479157715,97.125,PPO-RegenReg,Hopper-v4,4
241073,reward,7095,67.01024608382892,89.812,PPO-RegenReg,Hopper-v4,4
241109,reward,7096,62.058800980804705,86.953,PPO-RegenReg,Hopper-v4,4
241146,reward,7097,62.961878317029715,88.05,PPO-RegenReg,Hopper-v4,4
241182,reward,7098,61.305197404160914,86.564,PPO-RegenReg,Hopper-v4,4
241222,reward,7099,69.85481531671488,85.956,PPO-RegenReg,Hopper-v4,4
241267,reward,7100,76.28066636962124,83.977,PPO-RegenReg,Hopper-v4,4
241345,reward,7101,166.92586055397126,82.024,PPO-RegenReg,Hopper-v4,4
241392,reward,7102,81.90950233500575,81.883,PPO-RegenReg,Hopper-v4,4
241443,reward,7103,91.90882066249307,85.239,PPO-RegenReg,Hopper-v4,4
241481,reward,7104,66.30854502777638,80.652,PPO-RegenReg,Hopper-v4,4
241544,reward,7105,119.92616975135743,85.944,PPO-RegenReg,Hopper-v4,4
241582,reward,7106,64.79849143102678,86.218,PPO-RegenReg,Hopper-v4,4
241632,reward,7107,84.8531750104078,88.407,PPO-RegenReg,Hopper-v4,4
241676,reward,7108,75.81824108789378,89.858,PPO-RegenReg,Hopper-v4,4
241716,reward,7109,67.14856245320308,89.588,PPO-RegenReg,Hopper-v4,4
241757,reward,7110,72.47953191763784,89.208,PPO-RegenReg,Hopper-v4,4
241794,reward,7111,62.30790949134072,78.746,PPO-RegenReg,Hopper-v4,4
241825,reward,7112,51.878353103186285,75.743,PPO-RegenReg,Hopper-v4,4
241858,reward,7113,54.66927708612709,72.019,PPO-RegenReg,Hopper-v4,4
241909,reward,7114,90.73847764006395,74.462,PPO-RegenReg,Hopper-v4,4
241989,reward,7115,152.9818151621826,77.767,PPO-RegenReg,Hopper-v4,4
242017,reward,7116,48.390055452378384,76.127,PPO-RegenReg,Hopper-v4,4
242079,reward,7117,117.41450759705037,79.383,PPO-RegenReg,Hopper-v4,4
242125,reward,7118,78.50467193623093,79.651,PPO-RegenReg,Hopper-v4,4
242208,reward,7119,187.29958403648578,91.666,PPO-RegenReg,Hopper-v4,4
242273,reward,7120,125.00127144875243,96.919,PPO-RegenReg,Hopper-v4,4
242323,reward,7121,84.2804836411943,99.116,PPO-RegenReg,Hopper-v4,4
242359,reward,7122,61.22956217777373,100.051,PPO-RegenReg,Hopper-v4,4
242424,reward,7123,124.79898832684682,107.064,PPO-RegenReg,Hopper-v4,4
242471,reward,7124,81.26698205717199,106.117,PPO-RegenReg,Hopper-v4,4
242505,reward,7125,58.12865515584296,96.631,PPO-RegenReg,Hopper-v4,4
242589,reward,7126,183.43771309619956,110.136,PPO-RegenReg,Hopper-v4,4
242627,reward,7127,66.67540595567093,105.062,PPO-RegenReg,Hopper-v4,4
242659,reward,7128,55.638396655230174,102.776,PPO-RegenReg,Hopper-v4,4
242700,reward,7129,73.0805958945239,91.354,PPO-RegenReg,Hopper-v4,4
242738,reward,7130,63.78679243119219,85.232,PPO-RegenReg,Hopper-v4,4
242775,reward,7131,62.532020114534646,83.058,PPO-RegenReg,Hopper-v4,4
242808,reward,7132,55.137172663406176,82.448,PPO-RegenReg,Hopper-v4,4
242848,reward,7133,69.77155943943505,76.946,PPO-RegenReg,Hopper-v4,4
242887,reward,7134,66.73985452916143,75.493,PPO-RegenReg,Hopper-v4,4
242924,reward,7135,62.73050047965419,75.953,PPO-RegenReg,Hopper-v4,4
242975,reward,7136,92.16780334924928,66.826,PPO-RegenReg,Hopper-v4,4
243058,reward,7137,185.65092932268277,78.724,PPO-RegenReg,Hopper-v4,4
243099,reward,7138,72.22850745677516,80.383,PPO-RegenReg,Hopper-v4,4
243199,reward,7139,178.2031012789822,90.895,PPO-RegenReg,Hopper-v4,4
243296,reward,7140,186.52462050077514,103.169,PPO-RegenReg,Hopper-v4,4
243348,reward,7141,91.83618768791706,106.099,PPO-RegenReg,Hopper-v4,4
243399,reward,7142,94.72761513935657,110.058,PPO-RegenReg,Hopper-v4,4
243426,reward,7143,44.939588106877,107.575,PPO-RegenReg,Hopper-v4,4
243458,reward,7144,55.263972476770746,106.427,PPO-RegenReg,Hopper-v4,4
243492,reward,7145,57.59016783010369,105.913,PPO-RegenReg,Hopper-v4,4
243528,reward,7146,60.98288618453275,102.795,PPO-RegenReg,Hopper-v4,4
243594,reward,7147,128.77128727751034,97.107,PPO-RegenReg,Hopper-v4,4
243671,reward,7148,164.08104158332569,106.292,PPO-RegenReg,Hopper-v4,4
243711,reward,7149,65.97316981890513,95.069,PPO-RegenReg,Hopper-v4,4
243746,reward,7150,60.80950750912543,82.498,PPO-RegenReg,Hopper-v4,4
243773,reward,7151,46.431554646595494,77.957,PPO-RegenReg,Hopper-v4,4
243809,reward,7152,60.86084746938555,74.57,PPO-RegenReg,Hopper-v4,4
243842,reward,7153,54.290866459151516,75.506,PPO-RegenReg,Hopper-v4,4
243875,reward,7154,57.19756560521776,75.699,PPO-RegenReg,Hopper-v4,4
243910,reward,7155,59.57447243675508,75.897,PPO-RegenReg,Hopper-v4,4
243944,reward,7156,58.753895537594595,75.674,PPO-RegenReg,Hopper-v4,4
243984,reward,7157,68.60169537136471,69.657,PPO-RegenReg,Hopper-v4,4
244023,reward,7158,64.78663556100692,59.728,PPO-RegenReg,Hopper-v4,4
244115,reward,7159,203.7457584557232,73.505,PPO-RegenReg,Hopper-v4,4
244201,reward,7160,141.82536473670265,81.607,PPO-RegenReg,Hopper-v4,4
244248,reward,7161,81.47149223499372,85.111,PPO-RegenReg,Hopper-v4,4
244300,reward,7162,93.82426370807556,88.407,PPO-RegenReg,Hopper-v4,4
244357,reward,7163,103.73369312024612,93.351,PPO-RegenReg,Hopper-v4,4
244402,reward,7164,78.42895306934146,95.475,PPO-RegenReg,Hopper-v4,4
244449,reward,7165,84.71012081110283,97.988,PPO-RegenReg,Hopper-v4,4
244497,reward,7166,79.93622067096106,100.106,PPO-RegenReg,Hopper-v4,4
244547,reward,7167,88.27669908038433,102.074,PPO-RegenReg,Hopper-v4,4
244595,reward,7168,84.97307323722626,104.093,PPO-RegenReg,Hopper-v4,4
244654,reward,7169,107.14095743741059,94.432,PPO-RegenReg,Hopper-v4,4
244745,reward,7170,193.98149502466345,99.648,PPO-RegenReg,Hopper-v4,4
244782,reward,7171,62.535193831702095,97.754,PPO-RegenReg,Hopper-v4,4
244819,reward,7172,64.68317201185239,94.84,PPO-RegenReg,Hopper-v4,4
244869,reward,7173,85.48467798456363,93.015,PPO-RegenReg,Hopper-v4,4
244905,reward,7174,60.3238627965868,91.205,PPO-RegenReg,Hopper-v4,4
244948,reward,7175,77.15023928121906,90.449,PPO-RegenReg,Hopper-v4,4
245031,reward,7176,169.6450610485601,99.419,PPO-RegenReg,Hopper-v4,4
245058,reward,7177,45.90206904859432,95.182,PPO-RegenReg,Hopper-v4,4
245089,reward,7178,52.06711362371141,91.891,PPO-RegenReg,Hopper-v4,4
245120,reward,7179,52.31129117764874,86.408,PPO-RegenReg,Hopper-v4,4
245159,reward,7180,67.35867305619698,73.746,PPO-RegenReg,Hopper-v4,4
245197,reward,7181,65.80237772035608,74.073,PPO-RegenReg,Hopper-v4,4
245280,reward,7182,172.15621061851098,84.82,PPO-RegenReg,Hopper-v4,4
245312,reward,7183,54.09488661258598,81.681,PPO-RegenReg,Hopper-v4,4
245377,reward,7184,94.46112347996241,85.095,PPO-RegenReg,Hopper-v4,4
245411,reward,7185,58.95562883305834,83.275,PPO-RegenReg,Hopper-v4,4
245497,reward,7186,190.20442315679261,85.331,PPO-RegenReg,Hopper-v4,4
245533,reward,7187,59.676489277472406,86.709,PPO-RegenReg,Hopper-v4,4
245567,reward,7188,58.218019797397254,87.324,PPO-RegenReg,Hopper-v4,4
245661,reward,7189,175.46659451570542,99.639,PPO-RegenReg,Hopper-v4,4
245696,reward,7190,59.21351945202142,98.825,PPO-RegenReg,Hopper-v4,4
245748,reward,7191,97.52071421647648,101.997,PPO-RegenReg,Hopper-v4,4
245822,reward,7192,154.23952299955914,100.205,PPO-RegenReg,Hopper-v4,4
245865,reward,7193,75.54351456245958,102.35,PPO-RegenReg,Hopper-v4,4
245908,reward,7194,76.39012097887247,100.543,PPO-RegenReg,Hopper-v4,4
245995,reward,7195,193.23670771579958,113.971,PPO-RegenReg,Hopper-v4,4
246088,reward,7196,210.7360762079029,116.024,PPO-RegenReg,Hopper-v4,4
246159,reward,7197,134.52341274349385,123.509,PPO-RegenReg,Hopper-v4,4
246214,reward,7198,101.58920494655749,127.846,PPO-RegenReg,Hopper-v4,4
246282,reward,7199,133.74537869075328,123.674,PPO-RegenReg,Hopper-v4,4
246370,reward,7200,191.76129529242783,136.929,PPO-RegenReg,Hopper-v4,4
246407,reward,7201,63.840458609281306,133.561,PPO-RegenReg,Hopper-v4,4
246472,reward,7202,130.34199803711968,131.171,PPO-RegenReg,Hopper-v4,4
246549,reward,7203,163.6605956887841,139.983,PPO-RegenReg,Hopper-v4,4
246633,reward,7204,183.14108511936206,150.658,PPO-RegenReg,Hopper-v4,4
246701,reward,7205,136.0883249404292,144.943,PPO-RegenReg,Hopper-v4,4
246790,reward,7206,195.6115775943466,143.43,PPO-RegenReg,Hopper-v4,4
246848,reward,7207,108.33949818938878,140.812,PPO-RegenReg,Hopper-v4,4
246928,reward,7208,172.43785653981925,147.897,PPO-RegenReg,Hopper-v4,4
246960,reward,7209,53.61057737478776,139.883,PPO-RegenReg,Hopper-v4,4
247005,reward,7210,76.11336757712009,128.319,PPO-RegenReg,Hopper-v4,4
247076,reward,7211,138.966111426449,135.831,PPO-RegenReg,Hopper-v4,4
247112,reward,7212,62.95688755298643,129.093,PPO-RegenReg,Hopper-v4,4
247158,reward,7213,76.8569479628506,120.412,PPO-RegenReg,Hopper-v4,4
247207,reward,7214,86.39593312364487,110.738,PPO-RegenReg,Hopper-v4,4
247247,reward,7215,69.28569018025684,104.057,PPO-RegenReg,Hopper-v4,4
247285,reward,7216,65.89998228364497,91.086,PPO-RegenReg,Hopper-v4,4
247300,reward,7217,16.229504633108064,81.875,PPO-RegenReg,Hopper-v4,4
247375,reward,7218,156.13416594753977,80.245,PPO-RegenReg,Hopper-v4,4
247439,reward,7219,123.79727786654298,87.264,PPO-RegenReg,Hopper-v4,4
247518,reward,7220,172.46363910933235,96.899,PPO-RegenReg,Hopper-v4,4
247572,reward,7221,98.87273605774843,92.889,PPO-RegenReg,Hopper-v4,4
247627,reward,7222,97.40024326838773,96.334,PPO-RegenReg,Hopper-v4,4
247659,reward,7223,53.73146681518312,94.021,PPO-RegenReg,Hopper-v4,4
247730,reward,7224,145.6469536430287,99.946,PPO-RegenReg,Hopper-v4,4
247810,reward,7225,176.10681881472865,110.628,PPO-RegenReg,Hopper-v4,4
247872,reward,7226,116.41483545083504,115.68,PPO-RegenReg,Hopper-v4,4
247931,reward,7227,105.2623291845066,124.583,PPO-RegenReg,Hopper-v4,4
248020,reward,7228,205.66385522682893,129.536,PPO-RegenReg,Hopper-v4,4
248068,reward,7229,84.07786594691743,125.564,PPO-RegenReg,Hopper-v4,4
248116,reward,7230,84.10534771066045,116.728,PPO-RegenReg,Hopper-v4,4
248164,reward,7231,85.31219640096933,115.372,PPO-RegenReg,Hopper-v4,4
248208,reward,7232,74.15436361150265,113.048,PPO-RegenReg,Hopper-v4,4
248295,reward,7233,198.19816790627678,127.494,PPO-RegenReg,Hopper-v4,4
248348,reward,7234,90.52739918917013,121.982,PPO-RegenReg,Hopper-v4,4
248396,reward,7235,84.45567917608724,112.817,PPO-RegenReg,Hopper-v4,4
248480,reward,7236,185.2815943226759,119.704,PPO-RegenReg,Hopper-v4,4
248568,reward,7237,197.7095203769825,128.949,PPO-RegenReg,Hopper-v4,4
248638,reward,7238,135.9683722416764,121.979,PPO-RegenReg,Hopper-v4,4
248681,reward,7239,76.73836478636453,121.245,PPO-RegenReg,Hopper-v4,4
248721,reward,7240,68.47425795028433,119.682,PPO-RegenReg,Hopper-v4,4
248762,reward,7241,70.00995062007553,118.152,PPO-RegenReg,Hopper-v4,4
248849,reward,7242,195.90025372605564,130.326,PPO-RegenReg,Hopper-v4,4
248892,reward,7243,75.07266132773053,118.014,PPO-RegenReg,Hopper-v4,4
248956,reward,7244,119.56436062675127,120.918,PPO-RegenReg,Hopper-v4,4
248992,reward,7245,60.16898498576917,118.489,PPO-RegenReg,Hopper-v4,4
249076,reward,7246,173.76619577712364,117.337,PPO-RegenReg,Hopper-v4,4
249155,reward,7247,173.29562664640014,114.896,PPO-RegenReg,Hopper-v4,4
249210,reward,7248,99.47948836373293,111.247,PPO-RegenReg,Hopper-v4,4
249239,reward,7249,49.90342322083553,108.564,PPO-RegenReg,Hopper-v4,4
249273,reward,7250,53.018248207225994,107.018,PPO-RegenReg,Hopper-v4,4
249315,reward,7251,72.73120349625334,107.29,PPO-RegenReg,Hopper-v4,4
249370,reward,7252,99.25442447105786,97.625,PPO-RegenReg,Hopper-v4,4
249419,reward,7253,85.61396609033831,98.68,PPO-RegenReg,Hopper-v4,4
249509,reward,7254,206.45641044919319,107.369,PPO-RegenReg,Hopper-v4,4
249550,reward,7255,69.70870062731034,108.323,PPO-RegenReg,Hopper-v4,4
249580,reward,7256,45.874638073972676,95.534,PPO-RegenReg,Hopper-v4,4
249632,reward,7257,92.49722650299952,87.454,PPO-RegenReg,Hopper-v4,4
249675,reward,7258,75.17967647654152,85.024,PPO-RegenReg,Hopper-v4,4
249710,reward,7259,59.46241487052644,85.98,PPO-RegenReg,Hopper-v4,4
249791,reward,7260,175.8062140356746,98.258,PPO-RegenReg,Hopper-v4,4
249858,reward,7261,131.79867450606386,104.165,PPO-RegenReg,Hopper-v4,4
249924,reward,7262,128.05440330718884,107.045,PPO-RegenReg,Hopper-v4,4
249963,reward,7263,65.9979896607762,105.084,PPO-RegenReg,Hopper-v4,4
250014,reward,7264,90.40293498814947,93.478,PPO-RegenReg,Hopper-v4,4
250060,reward,7265,78.59440692529499,94.367,PPO-RegenReg,Hopper-v4,4
250106,reward,7266,79.6330688195331,97.743,PPO-RegenReg,Hopper-v4,4
250157,reward,7267,89.08360264921401,97.401,PPO-RegenReg,Hopper-v4,4
250237,reward,7268,163.73973627893605,106.257,PPO-RegenReg,Hopper-v4,4
250276,reward,7269,67.30824157570929,107.042,PPO-RegenReg,Hopper-v4,4
250315,reward,7270,68.23673626701398,96.285,PPO-RegenReg,Hopper-v4,4
250344,reward,7271,48.16969647035349,87.922,PPO-RegenReg,Hopper-v4,4
250413,reward,7272,138.0672944380588,88.923,PPO-RegenReg,Hopper-v4,4
250460,reward,7273,80.49271723832693,90.373,PPO-RegenReg,Hopper-v4,4
250533,reward,7274,149.0440511481754,96.237,PPO-RegenReg,Hopper-v4,4
250600,reward,7275,134.38042034611976,101.816,PPO-RegenReg,Hopper-v4,4
250648,reward,7276,77.03680189818621,101.556,PPO-RegenReg,Hopper-v4,4
250726,reward,7277,166.843279453188,109.332,PPO-RegenReg,Hopper-v4,4
250773,reward,7278,82.31100411328906,101.189,PPO-RegenReg,Hopper-v4,4
250844,reward,7279,143.63053585690227,108.821,PPO-RegenReg,Hopper-v4,4
250877,reward,7280,56.26000725003114,107.624,PPO-RegenReg,Hopper-v4,4
250915,reward,7281,67.27134519178735,109.534,PPO-RegenReg,Hopper-v4,4
250942,reward,7282,45.385009360672804,100.266,PPO-RegenReg,Hopper-v4,4
250969,reward,7283,41.6888511043244,96.385,PPO-RegenReg,Hopper-v4,4
251026,reward,7284,105.65750391251977,92.046,PPO-RegenReg,Hopper-v4,4
251061,reward,7285,58.207409288502056,84.429,PPO-RegenReg,Hopper-v4,4
251127,reward,7286,127.03122273559197,89.429,PPO-RegenReg,Hopper-v4,4
251164,reward,7287,63.44286639236539,79.089,PPO-RegenReg,Hopper-v4,4
251230,reward,7288,131.62235412630096,84.02,PPO-RegenReg,Hopper-v4,4
251298,reward,7289,134.98483000700102,83.155,PPO-RegenReg,Hopper-v4,4
251369,reward,7290,144.86121995222092,92.015,PPO-RegenReg,Hopper-v4,4
251441,reward,7291,147.2888171208211,100.017,PPO-RegenReg,Hopper-v4,4
251515,reward,7292,157.6131773438537,111.24,PPO-RegenReg,Hopper-v4,4
251553,reward,7293,64.31219810336766,113.502,PPO-RegenReg,Hopper-v4,4
251629,reward,7294,159.00919216810513,118.837,PPO-RegenReg,Hopper-v4,4
251722,reward,7295,190.63831292774827,132.08,PPO-RegenReg,Hopper-v4,4
251769,reward,7296,80.3864775019023,127.416,PPO-RegenReg,Hopper-v4,4
251821,reward,7297,97.53033812541814,130.825,PPO-RegenReg,Hopper-v4,4
251871,reward,7298,87.97718105991642,126.46,PPO-RegenReg,Hopper-v4,4
251907,reward,7299,61.46717183639757,119.108,PPO-RegenReg,Hopper-v4,4
251954,reward,7300,81.6315227088457,112.785,PPO-RegenReg,Hopper-v4,4
252015,reward,7301,114.05906951462721,109.462,PPO-RegenReg,Hopper-v4,4
252098,reward,7302,175.67760685445595,111.269,PPO-RegenReg,Hopper-v4,4
252150,reward,7303,90.29077969092013,113.867,PPO-RegenReg,Hopper-v4,4
252200,reward,7304,87.25473412790365,106.691,PPO-RegenReg,Hopper-v4,4
252290,reward,7305,189.65935967974445,106.593,PPO-RegenReg,Hopper-v4,4
252330,reward,7306,68.60902669224163,105.416,PPO-RegenReg,Hopper-v4,4
252369,reward,7307,67.7860167794017,102.441,PPO-RegenReg,Hopper-v4,4
252420,reward,7308,85.19750627859662,102.163,PPO-RegenReg,Hopper-v4,4
252471,reward,7309,89.10873748774637,104.927,PPO-RegenReg,Hopper-v4,4
252483,reward,7310,13.656328918492498,98.13,PPO-RegenReg,Hopper-v4,4
252530,reward,7311,81.95053836843964,94.919,PPO-RegenReg,Hopper-v4,4
252588,reward,7312,109.66855885311115,88.318,PPO-RegenReg,Hopper-v4,4
252666,reward,7313,164.41209733163797,95.73,PPO-RegenReg,Hopper-v4,4
252706,reward,7314,69.47019456464085,93.952,PPO-RegenReg,Hopper-v4,4
252750,reward,7315,75.094099804465,82.495,PPO-RegenReg,Hopper-v4,4
252788,reward,7316,66.22252101249606,82.257,PPO-RegenReg,Hopper-v4,4
252825,reward,7317,63.32819944295828,81.811,PPO-RegenReg,Hopper-v4,4
252870,reward,7318,79.16341721048326,81.207,PPO-RegenReg,Hopper-v4,4
252929,reward,7319,101.2650469424631,82.423,PPO-RegenReg,Hopper-v4,4
252995,reward,7320,127.27287907340073,93.785,PPO-RegenReg,Hopper-v4,4
253028,reward,7321,55.381366230949176,91.128,PPO-RegenReg,Hopper-v4,4
253082,reward,7322,95.780161087802,89.739,PPO-RegenReg,Hopper-v4,4
253127,reward,7323,77.7909618511912,81.077,PPO-RegenReg,Hopper-v4,4
253175,reward,7324,85.19464737724502,82.649,PPO-RegenReg,Hopper-v4,4
253238,reward,7325,120.26670981633993,87.167,PPO-RegenReg,Hopper-v4,4
253293,reward,7326,95.42975391594888,90.087,PPO-RegenReg,Hopper-v4,4
253335,reward,7327,71.52533146708494,90.907,PPO-RegenReg,Hopper-v4,4
253393,reward,7328,106.501507465966,93.641,PPO-RegenReg,Hopper-v4,4
253464,reward,7329,144.21382252741873,97.936,PPO-RegenReg,Hopper-v4,4
253521,reward,7330,102.25935744557015,95.434,PPO-RegenReg,Hopper-v4,4
253592,reward,7331,145.2712118993962,104.423,PPO-RegenReg,Hopper-v4,4
253645,reward,7332,95.1932776508977,104.365,PPO-RegenReg,Hopper-v4,4
253691,reward,7333,81.16503131596804,104.702,PPO-RegenReg,Hopper-v4,4
253756,reward,7334,129.1779733498151,109.1,PPO-RegenReg,Hopper-v4,4
253805,reward,7335,84.82305214531596,105.556,PPO-RegenReg,Hopper-v4,4
253863,reward,7336,106.10543058648368,106.624,PPO-RegenReg,Hopper-v4,4
253948,reward,7337,169.89979494362345,116.461,PPO-RegenReg,Hopper-v4,4
254025,reward,7338,165.17166740137793,122.328,PPO-RegenReg,Hopper-v4,4
254096,reward,7339,142.39171571842425,122.146,PPO-RegenReg,Hopper-v4,4
254185,reward,7340,201.38601597765242,132.059,PPO-RegenReg,Hopper-v4,4
254275,reward,7341,195.4421016670852,137.076,PPO-RegenReg,Hopper-v4,4
254313,reward,7342,63.298079434022945,133.886,PPO-RegenReg,Hopper-v4,4
254364,reward,7343,89.53224795933919,134.723,PPO-RegenReg,Hopper-v4,4
254450,reward,7344,191.01028879419542,140.906,PPO-RegenReg,Hopper-v4,4
254510,reward,7345,114.12557800184177,143.836,PPO-RegenReg,Hopper-v4,4
254600,reward,7346,202.1885473853087,153.445,PPO-RegenReg,Hopper-v4,4
254666,reward,7347,124.51992539249271,148.907,PPO-RegenReg,Hopper-v4,4
254750,reward,7348,177.38859475021684,150.128,PPO-RegenReg,Hopper-v4,4
254791,reward,7349,70.43840889558412,142.933,PPO-RegenReg,Hopper-v4,4
254890,reward,7350,191.1109443840954,141.905,PPO-RegenReg,Hopper-v4,4
254934,reward,7351,76.55935962924381,130.017,PPO-RegenReg,Hopper-v4,4
254991,reward,7352,102.18884483578819,133.906,PPO-RegenReg,Hopper-v4,4
255011,reward,7353,23.280279883115263,127.281,PPO-RegenReg,Hopper-v4,4
255049,reward,7354,62.78715121681558,114.459,PPO-RegenReg,Hopper-v4,4
255094,reward,7355,76.23634956791541,110.67,PPO-RegenReg,Hopper-v4,4
255180,reward,7356,190.37688436879563,109.489,PPO-RegenReg,Hopper-v4,4
255220,reward,7357,70.30464886473902,104.067,PPO-RegenReg,Hopper-v4,4
255257,reward,7358,61.97329023000918,92.526,PPO-RegenReg,Hopper-v4,4
255317,reward,7359,113.15158064579524,96.797,PPO-RegenReg,Hopper-v4,4
255387,reward,7360,142.45249447383196,91.931,PPO-RegenReg,Hopper-v4,4
255429,reward,7361,71.5490895682182,91.43,PPO-RegenReg,Hopper-v4,4
255492,reward,7362,120.86751646375059,93.298,PPO-RegenReg,Hopper-v4,4
255530,reward,7363,64.59528688016482,97.429,PPO-RegenReg,Hopper-v4,4
255618,reward,7364,194.50648356784026,110.601,PPO-RegenReg,Hopper-v4,4
255672,reward,7365,95.30325462129379,112.508,PPO-RegenReg,Hopper-v4,4
255718,reward,7366,82.93824252716657,101.764,PPO-RegenReg,Hopper-v4,4
255764,reward,7367,79.9754391326635,102.731,PPO-RegenReg,Hopper-v4,4
255853,reward,7368,200.63430929297118,116.597,PPO-RegenReg,Hopper-v4,4
255903,reward,7369,84.52081436322179,113.734,PPO-RegenReg,Hopper-v4,4
255934,reward,7370,51.7766596359665,104.667,PPO-RegenReg,Hopper-v4,4
256018,reward,7371,186.91217878926543,116.203,PPO-RegenReg,Hopper-v4,4
256109,reward,7372,193.82914128836882,123.499,PPO-RegenReg,Hopper-v4,4
256194,reward,7373,188.92937595052464,135.933,PPO-RegenReg,Hopper-v4,4
256247,reward,7374,95.09271484508201,125.991,PPO-RegenReg,Hopper-v4,4
256333,reward,7375,188.5493214090125,135.316,PPO-RegenReg,Hopper-v4,4
256394,reward,7376,114.56181900102926,138.478,PPO-RegenReg,Hopper-v4,4
256452,reward,7377,106.43680373554923,141.124,PPO-RegenReg,Hopper-v4,4
256537,reward,7378,189.2030264885419,139.981,PPO-RegenReg,Hopper-v4,4
256594,reward,7379,102.72632954310168,141.802,PPO-RegenReg,Hopper-v4,4
256656,reward,7380,114.77320512929067,148.101,PPO-RegenReg,Hopper-v4,4
256716,reward,7381,112.35664409861924,140.646,PPO-RegenReg,Hopper-v4,4
256762,reward,7382,80.7964290849729,129.343,PPO-RegenReg,Hopper-v4,4
256826,reward,7383,125.16276151192922,122.966,PPO-RegenReg,Hopper-v4,4
256907,reward,7384,155.48073667031846,129.005,PPO-RegenReg,Hopper-v4,4
256982,reward,7385,152.3060169990639,125.38,PPO-RegenReg,Hopper-v4,4
257068,reward,7386,179.6700288757225,131.891,PPO-RegenReg,Hopper-v4,4
257108,reward,7387,67.45664146076439,127.993,PPO-RegenReg,Hopper-v4,4
257182,reward,7388,153.0016042550234,124.373,PPO-RegenReg,Hopper-v4,4
257268,reward,7389,187.09122051217236,132.81,PPO-RegenReg,Hopper-v4,4
257316,reward,7390,87.6596571533031,130.098,PPO-RegenReg,Hopper-v4,4
257363,reward,7391,82.01272160808793,127.064,PPO-RegenReg,Hopper-v4,4
257455,reward,7392,205.82588143899736,139.567,PPO-RegenReg,Hopper-v4,4
257539,reward,7393,186.07196828011337,145.658,PPO-RegenReg,Hopper-v4,4
257591,reward,7394,91.73221929099545,139.283,PPO-RegenReg,Hopper-v4,4
257674,reward,7395,181.32249223261763,142.184,PPO-RegenReg,Hopper-v4,4
257757,reward,7396,185.7695998494523,142.794,PPO-RegenReg,Hopper-v4,4
257806,reward,7397,85.38834310382558,144.588,PPO-RegenReg,Hopper-v4,4
257888,reward,7398,174.70171717905998,146.758,PPO-RegenReg,Hopper-v4,4
257940,reward,7399,86.92177709293748,136.741,PPO-RegenReg,Hopper-v4,4
257989,reward,7400,90.53490929367689,137.028,PPO-RegenReg,Hopper-v4,4
258037,reward,7401,83.83581066005783,137.21,PPO-RegenReg,Hopper-v4,4
258114,reward,7402,163.23160761779195,132.951,PPO-RegenReg,Hopper-v4,4
258174,reward,7403,109.09697915578762,125.254,PPO-RegenReg,Hopper-v4,4
258244,reward,7404,143.55503606787067,130.436,PPO-RegenReg,Hopper-v4,4
258274,reward,7405,45.71467547017461,116.875,PPO-RegenReg,Hopper-v4,4
258333,reward,7406,110.06161515826284,109.304,PPO-RegenReg,Hopper-v4,4
258365,reward,7407,53.69613510806957,106.135,PPO-RegenReg,Hopper-v4,4
258444,reward,7408,129.77973858326618,101.643,PPO-RegenReg,Hopper-v4,4
258530,reward,7409,189.98580458077154,111.949,PPO-RegenReg,Hopper-v4,4
258583,reward,7410,95.14445873798516,112.41,PPO-RegenReg,Hopper-v4,4
258663,reward,7411,171.38113365475525,121.165,PPO-RegenReg,Hopper-v4,4
258698,reward,7412,56.26340361984673,110.468,PPO-RegenReg,Hopper-v4,4
258755,reward,7413,101.35412319531511,109.694,PPO-RegenReg,Hopper-v4,4
258811,reward,7414,99.4987585236038,105.288,PPO-RegenReg,Hopper-v4,4
258900,reward,7415,196.35958384412092,120.352,PPO-RegenReg,Hopper-v4,4
258934,reward,7416,56.602448873787225,115.007,PPO-RegenReg,Hopper-v4,4
258980,reward,7417,79.5233313762266,117.589,PPO-RegenReg,Hopper-v4,4
259026,reward,7418,80.14212891079426,112.626,PPO-RegenReg,Hopper-v4,4
259112,reward,7419,193.1756373701259,112.945,PPO-RegenReg,Hopper-v4,4
259147,reward,7420,59.78016947726448,109.408,PPO-RegenReg,Hopper-v4,4
259199,reward,7421,89.11666910045409,101.182,PPO-RegenReg,Hopper-v4,4
259275,reward,7422,162.4477944401166,111.8,PPO-RegenReg,Hopper-v4,4
259358,reward,7423,182.07850248878378,119.873,PPO-RegenReg,Hopper-v4,4
259420,reward,7424,119.36089078668287,121.859,PPO-RegenReg,Hopper-v4,4
259452,reward,7425,54.79052150249247,107.702,PPO-RegenReg,Hopper-v4,4
259487,reward,7426,59.53797782593743,107.995,PPO-RegenReg,Hopper-v4,4
259525,reward,7427,66.26512078428134,106.67,PPO-RegenReg,Hopper-v4,4
259589,reward,7428,124.55143065275116,111.11,PPO-RegenReg,Hopper-v4,4
259671,reward,7429,181.72944391474527,109.966,PPO-RegenReg,Hopper-v4,4
259704,reward,7430,56.733621703043205,109.661,PPO-RegenReg,Hopper-v4,4
259743,reward,7431,64.8915666939251,107.239,PPO-RegenReg,Hopper-v4,4
259796,reward,7432,94.16280689379965,100.41,PPO-RegenReg,Hopper-v4,4
259851,reward,7433,99.52396915812484,92.155,PPO-RegenReg,Hopper-v4,4
259886,reward,7434,60.16170478047568,86.235,PPO-RegenReg,Hopper-v4,4
259955,reward,7435,138.0290548716448,94.559,PPO-RegenReg,Hopper-v4,4
260022,reward,7436,127.65715979171374,101.371,PPO-RegenReg,Hopper-v4,4
260054,reward,7437,51.864613660506336,99.931,PPO-RegenReg,Hopper-v4,4
260104,reward,7438,86.74032024168685,96.149,PPO-RegenReg,Hopper-v4,4
260191,reward,7439,185.5139980290909,96.528,PPO-RegenReg,Hopper-v4,4
260281,reward,7440,160.89808175027784,106.944,PPO-RegenReg,Hopper-v4,4
260368,reward,7441,195.454587527799,120.001,PPO-RegenReg,Hopper-v4,4
260399,reward,7442,52.20789343045241,115.805,PPO-RegenReg,Hopper-v4,4
260452,reward,7443,89.43525462776384,114.796,PPO-RegenReg,Hopper-v4,4
260492,reward,7444,70.95117624351614,115.875,PPO-RegenReg,Hopper-v4,4
260543,reward,7445,88.4057618721714,110.913,PPO-RegenReg,Hopper-v4,4
260613,reward,7446,136.06128969305124,111.753,PPO-RegenReg,Hopper-v4,4
260658,reward,7447,78.81292586958703,114.448,PPO-RegenReg,Hopper-v4,4
260691,reward,7448,57.65596913714882,111.54,PPO-RegenReg,Hopper-v4,4
260751,reward,7449,106.37630531444388,103.626,PPO-RegenReg,Hopper-v4,4
260796,reward,7450,79.64444776416455,95.501,PPO-RegenReg,Hopper-v4,4
260849,reward,7451,94.09007439146274,85.364,PPO-RegenReg,Hopper-v4,4
260928,reward,7452,164.53861626706245,96.597,PPO-RegenReg,Hopper-v4,4
260974,reward,7453,76.67549197587724,95.321,PPO-RegenReg,Hopper-v4,4
261052,reward,7454,169.17470977794773,105.144,PPO-RegenReg,Hopper-v4,4
261131,reward,7455,162.70958274387883,112.574,PPO-RegenReg,Hopper-v4,4
261173,reward,7456,72.89077948904414,106.257,PPO-RegenReg,Hopper-v4,4
261237,reward,7457,120.13652118923339,110.389,PPO-RegenReg,Hopper-v4,4
261307,reward,7458,137.30238396774465,118.354,PPO-RegenReg,Hopper-v4,4
261391,reward,7459,180.38498149909907,125.755,PPO-RegenReg,Hopper-v4,4
261482,reward,7460,206.97676175266815,138.488,PPO-RegenReg,Hopper-v4,4
261511,reward,7461,44.09727733230572,133.489,PPO-RegenReg,Hopper-v4,4
261559,reward,7462,85.4300332301657,125.578,PPO-RegenReg,Hopper-v4,4
261644,reward,7463,178.8911122524908,135.799,PPO-RegenReg,Hopper-v4,4
261708,reward,7464,120.99340780241342,130.981,PPO-RegenReg,Hopper-v4,4
261798,reward,7465,200.24915648852055,134.735,PPO-RegenReg,Hopper-v4,4
261883,reward,7466,185.9652722835182,146.043,PPO-RegenReg,Hopper-v4,4
261941,reward,7467,105.66701686516963,144.596,PPO-RegenReg,Hopper-v4,4
261997,reward,7468,103.84461611255507,141.25,PPO-RegenReg,Hopper-v4,4
262045,reward,7469,83.758168162306,131.587,PPO-RegenReg,Hopper-v4,4
262133,reward,7470,197.80946380736694,130.671,PPO-RegenReg,Hopper-v4,4
262167,reward,7471,58.62865968564859,132.124,PPO-RegenReg,Hopper-v4,4
262216,reward,7472,84.38621907944558,132.019,PPO-RegenReg,Hopper-v4,4
262254,reward,7473,64.2284071567499,120.553,PPO-RegenReg,Hopper-v4,4
262340,reward,7474,184.23755764425997,126.877,PPO-RegenReg,Hopper-v4,4
262380,reward,7475,70.66621694005985,113.919,PPO-RegenReg,Hopper-v4,4
262422,reward,7476,73.06491355025646,102.629,PPO-RegenReg,Hopper-v4,4
262477,reward,7477,97.65574204299861,101.828,PPO-RegenReg,Hopper-v4,4
262515,reward,7478,65.72545400565139,98.016,PPO-RegenReg,Hopper-v4,4
262570,reward,7479,97.70478287847081,99.411,PPO-RegenReg,Hopper-v4,4
262657,reward,7480,190.94425997787786,98.724,PPO-RegenReg,Hopper-v4,4
262689,reward,7481,55.8603523777268,98.447,PPO-RegenReg,Hopper-v4,4
262733,reward,7482,77.16183564887336,97.725,PPO-RegenReg,Hopper-v4,4
262797,reward,7483,118.48971299317931,103.151,PPO-RegenReg,Hopper-v4,4
262881,reward,7484,185.69784486162655,103.297,PPO-RegenReg,Hopper-v4,4
262917,reward,7485,64.72505864324181,102.703,PPO-RegenReg,Hopper-v4,4
262994,reward,7486,113.0523313328655,106.702,PPO-RegenReg,Hopper-v4,4
263081,reward,7487,193.37307723855164,116.273,PPO-RegenReg,Hopper-v4,4
263158,reward,7488,137.99562933298526,123.5,PPO-RegenReg,Hopper-v4,4
263196,reward,7489,68.17311402286498,120.547,PPO-RegenReg,Hopper-v4,4
263254,reward,7490,108.41044161029895,112.294,PPO-RegenReg,Hopper-v4,4
263306,reward,7491,92.23795916719857,115.932,PPO-RegenReg,Hopper-v4,4
263387,reward,7492,171.11556578123648,125.327,PPO-RegenReg,Hopper-v4,4
263426,reward,7493,68.93741312684554,120.372,PPO-RegenReg,Hopper-v4,4
263467,reward,7494,72.11884444372104,109.014,PPO-RegenReg,Hopper-v4,4
263503,reward,7495,62.84341190127677,108.826,PPO-RegenReg,Hopper-v4,4
263536,reward,7496,57.15148399624361,103.236,PPO-RegenReg,Hopper-v4,4
263574,reward,7497,65.79345876994043,90.478,PPO-RegenReg,Hopper-v4,4
263662,reward,7498,189.53827351898337,95.632,PPO-RegenReg,Hopper-v4,4
263699,reward,7499,63.31703223917162,95.146,PPO-RegenReg,Hopper-v4,4
263745,reward,7500,81.62448656299588,92.468,PPO-RegenReg,Hopper-v4,4
263789,reward,7501,78.48089909611112,91.092,PPO-RegenReg,Hopper-v4,4
263825,reward,7502,61.072740207521875,80.088,PPO-RegenReg,Hopper-v4,4
263863,reward,7503,65.01328257712353,79.695,PPO-RegenReg,Hopper-v4,4
263901,reward,7504,66.61655205087024,79.145,PPO-RegenReg,Hopper-v4,4
263956,reward,7505,100.08789217720347,82.87,PPO-RegenReg,Hopper-v4,4
264041,reward,7506,182.4457319120383,95.399,PPO-RegenReg,Hopper-v4,4
264118,reward,7507,164.3583415692728,105.256,PPO-RegenReg,Hopper-v4,4
264159,reward,7508,70.91696597680077,93.393,PPO-RegenReg,Hopper-v4,4
264202,reward,7509,73.38153110231826,94.4,PPO-RegenReg,Hopper-v4,4
264243,reward,7510,71.85711792933246,93.423,PPO-RegenReg,Hopper-v4,4
264312,reward,7511,137.05878786886657,99.281,PPO-RegenReg,Hopper-v4,4
264373,reward,7512,113.89444925770307,104.563,PPO-RegenReg,Hopper-v4,4
264413,reward,7513,69.71395978189184,105.033,PPO-RegenReg,Hopper-v4,4
264470,reward,7514,102.61750961627378,108.633,PPO-RegenReg,Hopper-v4,4
264508,reward,7515,64.45897388659967,105.07,PPO-RegenReg,Hopper-v4,4
264550,reward,7516,73.65429219218152,94.191,PPO-RegenReg,Hopper-v4,4
264581,reward,7517,52.093704912276166,82.965,PPO-RegenReg,Hopper-v4,4
264657,reward,7518,156.81399138336874,91.554,PPO-RegenReg,Hopper-v4,4
264715,reward,7519,107.45293988258254,94.962,PPO-RegenReg,Hopper-v4,4
264779,reward,7520,118.09722216375053,99.586,PPO-RegenReg,Hopper-v4,4
264859,reward,7521,173.5459372806173,103.234,PPO-RegenReg,Hopper-v4,4
264906,reward,7522,64.56702945900768,98.302,PPO-RegenReg,Hopper-v4,4
264973,reward,7523,134.70720209793015,104.801,PPO-RegenReg,Hopper-v4,4
265007,reward,7524,58.27866900652667,100.367,PPO-RegenReg,Hopper-v4,4
265060,reward,7525,94.57900956727565,103.379,PPO-RegenReg,Hopper-v4,4
265098,reward,7526,64.85179460093802,102.499,PPO-RegenReg,Hopper-v4,4
265173,reward,7527,159.01519998876526,113.191,PPO-RegenReg,Hopper-v4,4
265258,reward,7528,175.3071431377314,115.04,PPO-RegenReg,Hopper-v4,4
265347,reward,7529,186.69661826726343,122.965,PPO-RegenReg,Hopper-v4,4
265432,reward,7530,188.7843586112193,130.033,PPO-RegenReg,Hopper-v4,4
265517,reward,7531,188.35528637913296,131.514,PPO-RegenReg,Hopper-v4,4
265578,reward,7532,113.47392823140481,136.405,PPO-RegenReg,Hopper-v4,4
265618,reward,7533,70.28620913736233,129.963,PPO-RegenReg,Hopper-v4,4
265650,reward,7534,52.98555433519293,129.434,PPO-RegenReg,Hopper-v4,4
265712,reward,7535,119.50721019786377,131.926,PPO-RegenReg,Hopper-v4,4
265783,reward,7536,140.58315479255313,139.499,PPO-RegenReg,Hopper-v4,4
265825,reward,7537,75.96709665083628,131.195,PPO-RegenReg,Hopper-v4,4
265852,reward,7538,41.72276268440917,117.836,PPO-RegenReg,Hopper-v4,4
265902,reward,7539,92.06048237333412,108.373,PPO-RegenReg,Hopper-v4,4
265987,reward,7540,188.68620793455506,108.363,PPO-RegenReg,Hopper-v4,4
266016,reward,7541,44.754601781112314,94.003,PPO-RegenReg,Hopper-v4,4
266088,reward,7542,150.04860418834818,97.66,PPO-RegenReg,Hopper-v4,4
266179,reward,7543,206.33385834753193,111.265,PPO-RegenReg,Hopper-v4,4
266221,reward,7544,73.50814683747339,113.317,PPO-RegenReg,Hopper-v4,4
266255,reward,7545,57.489889846497704,107.115,PPO-RegenReg,Hopper-v4,4
266305,reward,7546,87.70058615701382,101.827,PPO-RegenReg,Hopper-v4,4
266390,reward,7547,189.66127510872437,113.197,PPO-RegenReg,Hopper-v4,4
266451,reward,7548,112.8122357227071,120.306,PPO-RegenReg,Hopper-v4,4
266501,reward,7549,92.35340468643925,120.335,PPO-RegenReg,Hopper-v4,4
266543,reward,7550,75.23449577507004,108.99,PPO-RegenReg,Hopper-v4,4
266614,reward,7551,143.34119502950693,118.848,PPO-RegenReg,Hopper-v4,4
266657,reward,7552,74.2858429509924,111.272,PPO-RegenReg,Hopper-v4,4
266741,reward,7553,174.992054254697,108.138,PPO-RegenReg,Hopper-v4,4
266796,reward,7554,99.34049770471732,110.721,PPO-RegenReg,Hopper-v4,4
266842,reward,7555,81.19793095027474,113.092,PPO-RegenReg,Hopper-v4,4
266906,reward,7556,120.98285401231857,116.42,PPO-RegenReg,Hopper-v4,4
266938,reward,7557,53.78364662726183,102.832,PPO-RegenReg,Hopper-v4,4
267002,reward,7558,122.06289109633896,103.757,PPO-RegenReg,Hopper-v4,4
267047,reward,7559,78.08886537992369,102.331,PPO-RegenReg,Hopper-v4,4
267095,reward,7560,87.99812918150911,103.607,PPO-RegenReg,Hopper-v4,4
267151,reward,7561,104.57396116773646,99.731,PPO-RegenReg,Hopper-v4,4
267209,reward,7562,105.27401751351395,102.829,PPO-RegenReg,Hopper-v4,4
267296,reward,7563,193.7492161147019,104.705,PPO-RegenReg,Hopper-v4,4
267339,reward,7564,73.61158944552801,102.132,PPO-RegenReg,Hopper-v4,4
267374,reward,7565,55.64080230022608,99.577,PPO-RegenReg,Hopper-v4,4
267431,reward,7566,102.00335280119502,97.679,PPO-RegenReg,Hopper-v4,4
267515,reward,7567,184.44468683137134,110.745,PPO-RegenReg,Hopper-v4,4
267556,reward,7568,71.39289496685082,105.678,PPO-RegenReg,Hopper-v4,4
267585,reward,7569,48.03149408815751,102.672,PPO-RegenReg,Hopper-v4,4
267620,reward,7570,61.328973859048304,100.005,PPO-RegenReg,Hopper-v4,4
267690,reward,7571,140.43625825898422,103.591,PPO-RegenReg,Hopper-v4,4
267727,reward,7572,63.322403786119374,99.396,PPO-RegenReg,Hopper-v4,4
267812,reward,7573,190.07853007148108,99.029,PPO-RegenReg,Hopper-v4,4
267853,reward,7574,71.45009854827329,98.813,PPO-RegenReg,Hopper-v4,4
267939,reward,7575,189.8788820504967,112.237,PPO-RegenReg,Hopper-v4,4
267967,reward,7576,47.113333435456354,106.748,PPO-RegenReg,Hopper-v4,4
268031,reward,7577,125.09666091976182,100.813,PPO-RegenReg,Hopper-v4,4
268068,reward,7578,63.55282456774782,100.029,PPO-RegenReg,Hopper-v4,4
268129,reward,7579,116.16190117750324,106.842,PPO-RegenReg,Hopper-v4,4
268201,reward,7580,143.45218921084535,115.054,PPO-RegenReg,Hopper-v4,4
268286,reward,7581,188.40753067346594,119.851,PPO-RegenReg,Hopper-v4,4
268359,reward,7582,152.17439537570158,128.737,PPO-RegenReg,Hopper-v4,4
268401,reward,7583,75.26924551373773,117.256,PPO-RegenReg,Hopper-v4,4
268474,reward,7584,152.3777344850597,125.348,PPO-RegenReg,Hopper-v4,4
268513,reward,7585,66.81284240200101,113.042,PPO-RegenReg,Hopper-v4,4
268549,reward,7586,62.184089125239545,114.549,PPO-RegenReg,Hopper-v4,4
268589,reward,7587,70.98900645837016,109.138,PPO-RegenReg,Hopper-v4,4
268623,reward,7588,57.41951625427728,108.525,PPO-RegenReg,Hopper-v4,4
268697,reward,7589,153.02639613559487,112.211,PPO-RegenReg,Hopper-v4,4
268740,reward,7590,75.51830628963768,105.418,PPO-RegenReg,Hopper-v4,4
268784,reward,7591,78.84622897369499,94.462,PPO-RegenReg,Hopper-v4,4
268865,reward,7592,178.2592318151339,97.07,PPO-RegenReg,Hopper-v4,4
268929,reward,7593,125.83833020009793,102.127,PPO-RegenReg,Hopper-v4,4
269017,reward,7594,196.38232036493616,106.528,PPO-RegenReg,Hopper-v4,4
269078,reward,7595,112.20845559409581,111.067,PPO-RegenReg,Hopper-v4,4
269144,reward,7596,125.77424274821047,117.426,PPO-RegenReg,Hopper-v4,4
269183,reward,7597,67.72173328057809,117.099,PPO-RegenReg,Hopper-v4,4
269236,reward,7598,95.26192042018313,120.884,PPO-RegenReg,Hopper-v4,4
269265,reward,7599,49.09467493326285,110.491,PPO-RegenReg,Hopper-v4,4
269306,reward,7600,68.86605321461923,109.825,PPO-RegenReg,Hopper-v4,4
269356,reward,7601,88.57819990005758,110.799,PPO-RegenReg,Hopper-v4,4
269400,reward,7602,78.96383276954839,100.869,PPO-RegenReg,Hopper-v4,4
269444,reward,7603,77.51054695858558,96.036,PPO-RegenReg,Hopper-v4,4
269485,reward,7604,73.26338550140916,83.724,PPO-RegenReg,Hopper-v4,4
269550,reward,7605,124.52116947885192,84.956,PPO-RegenReg,Hopper-v4,4
269635,reward,7606,179.1348094947434,90.292,PPO-RegenReg,Hopper-v4,4
269688,reward,7607,96.77886933837286,93.197,PPO-RegenReg,Hopper-v4,4
269728,reward,7608,66.9309904167562,90.364,PPO-RegenReg,Hopper-v4,4
269792,reward,7609,122.86700752430535,97.741,PPO-RegenReg,Hopper-v4,4
269851,reward,7610,109.4699275115643,101.802,PPO-RegenReg,Hopper-v4,4
269914,reward,7611,121.01692500898571,105.046,PPO-RegenReg,Hopper-v4,4
269943,reward,7612,48.34099979316714,101.983,PPO-RegenReg,Hopper-v4,4
270005,reward,7613,117.33551110081345,105.966,PPO-RegenReg,Hopper-v4,4
270062,reward,7614,104.19325585851685,109.059,PPO-RegenReg,Hopper-v4,4
270112,reward,7615,87.34377601635033,105.341,PPO-RegenReg,Hopper-v4,4
270152,reward,7616,72.40434370068658,94.668,PPO-RegenReg,Hopper-v4,4
270186,reward,7617,56.305024782023736,90.621,PPO-RegenReg,Hopper-v4,4
270233,reward,7618,84.78474862144392,92.406,PPO-RegenReg,Hopper-v4,4
270267,reward,7619,57.91619141283185,85.911,PPO-RegenReg,Hopper-v4,4
270323,reward,7620,104.22357060680689,85.386,PPO-RegenReg,Hopper-v4,4
270395,reward,7621,149.3032365546516,88.215,PPO-RegenReg,Hopper-v4,4
270420,reward,7622,35.858772672561436,86.967,PPO-RegenReg,Hopper-v4,4
270465,reward,7623,75.91728750969423,82.825,PPO-RegenReg,Hopper-v4,4
270499,reward,7624,57.943160753247525,78.2,PPO-RegenReg,Hopper-v4,4
270534,reward,7625,60.96756454542381,75.562,PPO-RegenReg,Hopper-v4,4
270602,reward,7626,134.99748348261485,81.822,PPO-RegenReg,Hopper-v4,4
270676,reward,7627,145.87488812600725,90.779,PPO-RegenReg,Hopper-v4,4
270741,reward,7628,126.17302248265658,94.918,PPO-RegenReg,Hopper-v4,4
270810,reward,7629,141.24476988457323,103.25,PPO-RegenReg,Hopper-v4,4
270859,reward,7630,81.35408251965748,100.963,PPO-RegenReg,Hopper-v4,4
270879,reward,7631,26.468380096206754,88.68,PPO-RegenReg,Hopper-v4,4
270928,reward,7632,89.44063586368878,94.038,PPO-RegenReg,Hopper-v4,4
270979,reward,7633,95.6145208449409,96.008,PPO-RegenReg,Hopper-v4,4
271031,reward,7634,92.45764765508046,99.459,PPO-RegenReg,Hopper-v4,4
271073,reward,7635,72.25030534704555,100.588,PPO-RegenReg,Hopper-v4,4
271141,reward,7636,136.75686129556746,100.764,PPO-RegenReg,Hopper-v4,4
271222,reward,7637,164.4474885672129,102.621,PPO-RegenReg,Hopper-v4,4
271262,reward,7638,69.94032436314866,96.998,PPO-RegenReg,Hopper-v4,4
271305,reward,7639,74.43966002664138,90.317,PPO-RegenReg,Hopper-v4,4
271390,reward,7640,189.35609428846067,101.117,PPO-RegenReg,Hopper-v4,4
271455,reward,7641,120.80495485559821,110.551,PPO-RegenReg,Hopper-v4,4
271497,reward,7642,70.49040274955152,108.656,PPO-RegenReg,Hopper-v4,4
271544,reward,7643,79.84139158480255,107.079,PPO-RegenReg,Hopper-v4,4
271587,reward,7644,77.24635704414543,105.557,PPO-RegenReg,Hopper-v4,4
271642,reward,7645,94.69054694248642,107.801,PPO-RegenReg,Hopper-v4,4
271682,reward,7646,71.85842003763483,101.312,PPO-RegenReg,Hopper-v4,4
271758,reward,7647,162.16200492114933,101.083,PPO-RegenReg,Hopper-v4,4
271804,reward,7648,80.13661936418809,102.103,PPO-RegenReg,Hopper-v4,4
271845,reward,7649,72.14990588212676,101.874,PPO-RegenReg,Hopper-v4,4
271878,reward,7650,56.99259564440869,88.637,PPO-RegenReg,Hopper-v4,4
271921,reward,7651,76.9513906851771,84.252,PPO-RegenReg,Hopper-v4,4
271949,reward,7652,48.477262375867426,82.051,PPO-RegenReg,Hopper-v4,4
271999,reward,7653,89.06734656727872,82.973,PPO-RegenReg,Hopper-v4,4
272045,reward,7654,79.19996771731347,83.169,PPO-RegenReg,Hopper-v4,4
272087,reward,7655,74.7958314187046,81.179,PPO-RegenReg,Hopper-v4,4
272154,reward,7656,134.38600360691362,87.432,PPO-RegenReg,Hopper-v4,4
272219,reward,7657,125.13222584967805,83.729,PPO-RegenReg,Hopper-v4,4
272284,reward,7658,124.34284772771542,88.15,PPO-RegenReg,Hopper-v4,4
272366,reward,7659,182.97221800895414,99.232,PPO-RegenReg,Hopper-v4,4
272404,reward,7660,63.57835300741003,99.89,PPO-RegenReg,Hopper-v4,4
272470,reward,7661,129.81676006806524,105.177,PPO-RegenReg,Hopper-v4,4
272513,reward,7662,76.07356049012581,107.937,PPO-RegenReg,Hopper-v4,4
272590,reward,7663,166.59564255745875,115.689,PPO-RegenReg,Hopper-v4,4
272642,reward,7664,92.36816329623318,117.006,PPO-RegenReg,Hopper-v4,4
272689,reward,7665,81.94386180128907,117.721,PPO-RegenReg,Hopper-v4,4
272741,reward,7666,91.0477353990555,113.387,PPO-RegenReg,Hopper-v4,4
272829,reward,7667,193.14920846646976,120.189,PPO-RegenReg,Hopper-v4,4
272882,reward,7668,93.93170576829863,117.148,PPO-RegenReg,Hopper-v4,4
272919,reward,7669,64.38732679577738,105.289,PPO-RegenReg,Hopper-v4,4
272978,reward,7670,108.96967142006567,109.828,PPO-RegenReg,Hopper-v4,4
273052,reward,7671,156.74682740767759,112.521,PPO-RegenReg,Hopper-v4,4
273093,reward,7672,69.4200176113698,111.856,PPO-RegenReg,Hopper-v4,4
273141,reward,7673,82.83511248799402,103.48,PPO-RegenReg,Hopper-v4,4
273213,reward,7674,140.4457023424145,108.288,PPO-RegenReg,Hopper-v4,4
273254,reward,7675,69.05010456901186,106.998,PPO-RegenReg,Hopper-v4,4
273290,reward,7676,63.88735355731866,104.282,PPO-RegenReg,Hopper-v4,4
273375,reward,7677,187.78269250790598,103.746,PPO-RegenReg,Hopper-v4,4
273462,reward,7678,194.1109841496086,113.764,PPO-RegenReg,Hopper-v4,4
273492,reward,7679,50.17319419725225,112.342,PPO-RegenReg,Hopper-v4,4
273581,reward,7680,200.14440744446162,121.46,PPO-RegenReg,Hopper-v4,4
273660,reward,7681,159.28562997388352,121.714,PPO-RegenReg,Hopper-v4,4
273735,reward,7682,154.43453432920572,130.215,PPO-RegenReg,Hopper-v4,4
273771,reward,7683,61.63316367367109,128.095,PPO-RegenReg,Hopper-v4,4
273826,reward,7684,95.85951789435269,123.636,PPO-RegenReg,Hopper-v4,4
273889,reward,7685,120.1822856026389,128.749,PPO-RegenReg,Hopper-v4,4
273964,reward,7686,158.99496557043435,138.26,PPO-RegenReg,Hopper-v4,4
274003,reward,7687,65.40785798236864,126.023,PPO-RegenReg,Hopper-v4,4
274052,reward,7688,85.45407382087171,115.157,PPO-RegenReg,Hopper-v4,4
274084,reward,7689,48.52360536360559,114.992,PPO-RegenReg,Hopper-v4,4
274127,reward,7690,74.5197898651304,102.43,PPO-RegenReg,Hopper-v4,4
274209,reward,7691,178.6007129755348,104.361,PPO-RegenReg,Hopper-v4,4
274253,reward,7692,74.24792217789974,96.342,PPO-RegenReg,Hopper-v4,4
274308,reward,7693,98.88734704196355,100.068,PPO-RegenReg,Hopper-v4,4
274392,reward,7694,186.4445828266262,109.126,PPO-RegenReg,Hopper-v4,4
274467,reward,7695,156.20990963602097,112.729,PPO-RegenReg,Hopper-v4,4
274516,reward,7696,90.47940332812502,105.878,PPO-RegenReg,Hopper-v4,4
274550,reward,7697,57.234639862671735,105.06,PPO-RegenReg,Hopper-v4,4
274580,reward,7698,50.28091321430496,101.543,PPO-RegenReg,Hopper-v4,4
274662,reward,7699,179.29032159256107,114.62,PPO-RegenReg,Hopper-v4,4
274751,reward,7700,197.42345787416227,126.91,PPO-RegenReg,Hopper-v4,4
274792,reward,7701,71.25990893020594,116.176,PPO-RegenReg,Hopper-v4,4
274843,reward,7702,95.57859344353099,118.309,PPO-RegenReg,Hopper-v4,4
274916,reward,7703,149.98319094064584,123.418,PPO-RegenReg,Hopper-v4,4
274957,reward,7704,74.14657348933954,112.189,PPO-RegenReg,Hopper-v4,4
275000,reward,7705,75.91674843406386,104.159,PPO-RegenReg,Hopper-v4,4
275054,reward,7706,95.77200253934353,104.689,PPO-RegenReg,Hopper-v4,4
275114,reward,7707,112.43991159823891,110.209,PPO-RegenReg,Hopper-v4,4
275168,reward,7708,96.84141636992346,114.865,PPO-RegenReg,Hopper-v4,4
275238,reward,7709,140.55400365090352,110.992,PPO-RegenReg,Hopper-v4,4
275320,reward,7710,177.24781528730566,108.974,PPO-RegenReg,Hopper-v4,4
275365,reward,7711,76.98954772016974,109.547,PPO-RegenReg,Hopper-v4,4
275407,reward,7712,72.75845454387887,107.265,PPO-RegenReg,Hopper-v4,4
275493,reward,7713,190.26218642695613,111.293,PPO-RegenReg,Hopper-v4,4
275579,reward,7714,192.57360909058008,123.136,PPO-RegenReg,Hopper-v4,4
275627,reward,7715,87.03429925774043,124.247,PPO-RegenReg,Hopper-v4,4
275711,reward,7716,187.4392737961659,133.414,PPO-RegenReg,Hopper-v4,4
275797,reward,7717,191.9255802456606,141.363,PPO-RegenReg,Hopper-v4,4
275840,reward,7718,73.07585226930684,138.986,PPO-RegenReg,Hopper-v4,4
275894,reward,7719,96.72590459594122,134.603,PPO-RegenReg,Hopper-v4,4
275965,reward,7720,144.9237297767827,131.371,PPO-RegenReg,Hopper-v4,4
276002,reward,7721,63.882406336576054,130.06,PPO-RegenReg,Hopper-v4,4
276062,reward,7722,115.10295534052922,134.295,PPO-RegenReg,Hopper-v4,4
276097,reward,7723,58.46731663408139,121.115,PPO-RegenReg,Hopper-v4,4
276133,reward,7724,61.91865858044565,108.05,PPO-RegenReg,Hopper-v4,4
276168,reward,7725,59.4624963771466,105.292,PPO-RegenReg,Hopper-v4,4
276228,reward,7726,106.47524727471946,97.196,PPO-RegenReg,Hopper-v4,4
276316,reward,7727,197.23579950154954,97.727,PPO-RegenReg,Hopper-v4,4
276403,reward,7728,191.64805445373207,109.584,PPO-RegenReg,Hopper-v4,4
276446,reward,7729,72.10836476637812,107.123,PPO-RegenReg,Hopper-v4,4
276533,reward,7730,194.50990317222994,112.081,PPO-RegenReg,Hopper-v4,4
276550,reward,7731,19.14272928899651,107.607,PPO-RegenReg,Hopper-v4,4
276583,reward,7732,56.31622752226191,101.728,PPO-RegenReg,Hopper-v4,4
276639,reward,7733,103.52429558099394,106.234,PPO-RegenReg,Hopper-v4,4
276730,reward,7734,205.90200648042233,120.633,PPO-RegenReg,Hopper-v4,4
276780,reward,7735,87.53122478267585,123.439,PPO-RegenReg,Hopper-v4,4
276869,reward,7736,200.71047489138655,132.863,PPO-RegenReg,Hopper-v4,4
276956,reward,7737,194.55707103545618,132.595,PPO-RegenReg,Hopper-v4,4
277034,reward,7738,167.60809054631727,130.191,PPO-RegenReg,Hopper-v4,4
277073,reward,7739,68.88590458868526,129.869,PPO-RegenReg,Hopper-v4,4
277128,reward,7740,100.06311486143542,120.424,PPO-RegenReg,Hopper-v4,4
277168,reward,7741,68.24265067137438,125.334,PPO-RegenReg,Hopper-v4,4
277215,reward,7742,86.70576027937975,128.373,PPO-RegenReg,Hopper-v4,4
277253,reward,7743,66.2591191458096,124.647,PPO-RegenReg,Hopper-v4,4
277299,reward,7744,80.61563611041166,112.118,PPO-RegenReg,Hopper-v4,4
277386,reward,7745,195.24039609942014,122.889,PPO-RegenReg,Hopper-v4,4
277414,reward,7746,47.64309098463175,107.582,PPO-RegenReg,Hopper-v4,4
277479,reward,7747,124.00719358263517,100.527,PPO-RegenReg,Hopper-v4,4
277564,reward,7748,190.19814239273006,102.786,PPO-RegenReg,Hopper-v4,4
277597,reward,7749,57.06425503170251,101.604,PPO-RegenReg,Hopper-v4,4
277663,reward,7750,128.77004348978915,104.475,PPO-RegenReg,Hopper-v4,4
277703,reward,7751,71.81239170144367,104.832,PPO-RegenReg,Hopper-v4,4
277781,reward,7752,169.7936650872762,113.14,PPO-RegenReg,Hopper-v4,4
277825,reward,7753,74.63524230635466,113.978,PPO-RegenReg,Hopper-v4,4
277912,reward,7754,192.83584599814478,125.2,PPO-RegenReg,Hopper-v4,4
277950,reward,7755,67.46390937992018,112.422,PPO-RegenReg,Hopper-v4,4
278021,reward,7756,139.8648196433883,121.645,PPO-RegenReg,Hopper-v4,4
278063,reward,7757,71.68701823598644,116.413,PPO-RegenReg,Hopper-v4,4
278147,reward,7758,189.404229074377,116.333,PPO-RegenReg,Hopper-v4,4
278225,reward,7759,164.32064124879898,127.059,PPO-RegenReg,Hopper-v4,4
278268,reward,7760,77.16047225613633,121.898,PPO-RegenReg,Hopper-v4,4
278297,reward,7761,49.463733375676476,119.663,PPO-RegenReg,Hopper-v4,4
278374,reward,7762,163.57274685450076,119.041,PPO-RegenReg,Hopper-v4,4
278429,reward,7763,98.35024165095065,121.412,PPO-RegenReg,Hopper-v4,4
278475,reward,7764,77.89831200643472,109.919,PPO-RegenReg,Hopper-v4,4
278561,reward,7765,186.60110925806325,121.832,PPO-RegenReg,Hopper-v4,4
278603,reward,7766,74.09981368630056,115.256,PPO-RegenReg,Hopper-v4,4
278688,reward,7767,179.60551171702213,126.048,PPO-RegenReg,Hopper-v4,4
278743,reward,7768,100.51298313431928,117.159,PPO-RegenReg,Hopper-v4,4
278804,reward,7769,113.4754924214288,112.074,PPO-RegenReg,Hopper-v4,4
278842,reward,7770,68.70146095749679,111.228,PPO-RegenReg,Hopper-v4,4
278921,reward,7771,172.49734745491506,123.532,PPO-RegenReg,Hopper-v4,4
279003,reward,7772,180.88328546969657,125.263,PPO-RegenReg,Hopper-v4,4
279087,reward,7773,181.757973493319,133.603,PPO-RegenReg,Hopper-v4,4
279170,reward,7774,177.3878466853315,143.552,PPO-RegenReg,Hopper-v4,4
279254,reward,7775,184.21145599113632,143.313,PPO-RegenReg,Hopper-v4,4
279325,reward,7776,145.356319218022,150.439,PPO-RegenReg,Hopper-v4,4
279394,reward,7777,140.48287558448754,146.527,PPO-RegenReg,Hopper-v4,4
279459,reward,7778,128.50599492051867,149.326,PPO-RegenReg,Hopper-v4,4
279544,reward,7779,186.2284804109267,156.601,PPO-RegenReg,Hopper-v4,4
279628,reward,7780,183.4571855022515,168.077,PPO-RegenReg,Hopper-v4,4
279695,reward,7781,131.44966750423438,163.972,PPO-RegenReg,Hopper-v4,4
279768,reward,7782,145.89624322809007,160.473,PPO-RegenReg,Hopper-v4,4
279854,reward,7783,188.43164095706896,161.141,PPO-RegenReg,Hopper-v4,4
279937,reward,7784,166.53654958441842,160.056,PPO-RegenReg,Hopper-v4,4
280026,reward,7785,201.5787305484918,161.792,PPO-RegenReg,Hopper-v4,4
280110,reward,7786,179.52993574735157,165.21,PPO-RegenReg,Hopper-v4,4
280195,reward,7787,181.4397336394374,169.305,PPO-RegenReg,Hopper-v4,4
280240,reward,7788,82.92245181794675,164.747,PPO-RegenReg,Hopper-v4,4
280328,reward,7789,196.20966866301978,165.745,PPO-RegenReg,Hopper-v4,4
280413,reward,7790,181.1290379945837,165.512,PPO-RegenReg,Hopper-v4,4
280496,reward,7791,173.53230635746976,169.721,PPO-RegenReg,Hopper-v4,4
280528,reward,7792,55.81812093995323,160.713,PPO-RegenReg,Hopper-v4,4
280581,reward,7793,93.39301067469853,151.209,PPO-RegenReg,Hopper-v4,4
280652,reward,7794,146.60402447419125,149.216,PPO-RegenReg,Hopper-v4,4
280727,reward,7795,158.43815630061843,144.902,PPO-RegenReg,Hopper-v4,4
280814,reward,7796,184.3781068574718,145.386,PPO-RegenReg,Hopper-v4,4
280895,reward,7797,171.96448162879054,144.439,PPO-RegenReg,Hopper-v4,4
280983,reward,7798,200.0971493834147,156.156,PPO-RegenReg,Hopper-v4,4
281066,reward,7799,180.34194845196038,154.57,PPO-RegenReg,Hopper-v4,4
281101,reward,7800,61.53795500954931,142.611,PPO-RegenReg,Hopper-v4,4
281175,reward,7801,153.2146964286647,140.579,PPO-RegenReg,Hopper-v4,4
281237,reward,7802,119.0350351922469,146.9,PPO-RegenReg,Hopper-v4,4
281322,reward,7803,173.8047091434734,154.942,PPO-RegenReg,Hopper-v4,4
281410,reward,7804,179.2598606009747,158.207,PPO-RegenReg,Hopper-v4,4
281451,reward,7805,73.67976643501578,149.731,PPO-RegenReg,Hopper-v4,4
281512,reward,7806,113.08088143510871,142.602,PPO-RegenReg,Hopper-v4,4
281548,reward,7807,62.55631371652941,131.661,PPO-RegenReg,Hopper-v4,4
281610,reward,7808,111.89081083599051,122.84,PPO-RegenReg,Hopper-v4,4
281696,reward,7809,172.29609129653397,122.036,PPO-RegenReg,Hopper-v4,4
281775,reward,7810,159.93215076963162,131.875,PPO-RegenReg,Hopper-v4,4
281824,reward,7811,82.34659291669816,124.788,PPO-RegenReg,Hopper-v4,4
281862,reward,7812,68.25066474099143,119.71,PPO-RegenReg,Hopper-v4,4
281949,reward,7813,191.1540921673895,121.445,PPO-RegenReg,Hopper-v4,4
281990,reward,7814,71.12248035473448,110.631,PPO-RegenReg,Hopper-v4,4
282023,reward,7815,56.750759415935235,108.938,PPO-RegenReg,Hopper-v4,4
282072,reward,7816,87.809153657062,106.411,PPO-RegenReg,Hopper-v4,4
282156,reward,7817,175.43828826879772,117.699,PPO-RegenReg,Hopper-v4,4
282189,reward,7818,56.414701354048624,112.151,PPO-RegenReg,Hopper-v4,4
282228,reward,7819,67.74570191463292,101.696,PPO-RegenReg,Hopper-v4,4
282312,reward,7820,177.46132672704383,103.449,PPO-RegenReg,Hopper-v4,4
282349,reward,7821,64.62480236611633,101.677,PPO-RegenReg,Hopper-v4,4
282434,reward,7822,184.46748195172785,113.299,PPO-RegenReg,Hopper-v4,4
282475,reward,7823,72.3445028195646,101.418,PPO-RegenReg,Hopper-v4,4
282523,reward,7824,81.65884614170263,102.472,PPO-RegenReg,Hopper-v4,4
282560,reward,7825,63.320395200892854,103.129,PPO-RegenReg,Hopper-v4,4
282645,reward,7826,185.59505563822304,112.907,PPO-RegenReg,Hopper-v4,4
282718,reward,7827,150.83381096214805,110.447,PPO-RegenReg,Hopper-v4,4
282794,reward,7828,160.93722236498934,120.899,PPO-RegenReg,Hopper-v4,4
282856,reward,7829,115.94626612989762,125.719,PPO-RegenReg,Hopper-v4,4
282933,reward,7830,164.6793714278668,124.441,PPO-RegenReg,Hopper-v4,4
283021,reward,7831,192.52817844875275,137.231,PPO-RegenReg,Hopper-v4,4
283107,reward,7832,193.2052730756024,138.105,PPO-RegenReg,Hopper-v4,4
283147,reward,7833,68.89324936090354,137.76,PPO-RegenReg,Hopper-v4,4
283235,reward,7834,185.7563364083015,148.17,PPO-RegenReg,Hopper-v4,4
283318,reward,7835,177.31474256896237,159.569,PPO-RegenReg,Hopper-v4,4
283403,reward,7836,177.25316988933668,158.735,PPO-RegenReg,Hopper-v4,4
283434,reward,7837,53.49420537196549,149.001,PPO-RegenReg,Hopper-v4,4
283490,reward,7838,102.6098634940475,143.168,PPO-RegenReg,Hopper-v4,4
283577,reward,7839,194.30102454343657,151.004,PPO-RegenReg,Hopper-v4,4
283610,reward,7840,57.41629026620943,140.277,PPO-RegenReg,Hopper-v4,4
283694,reward,7841,174.06396596382868,138.431,PPO-RegenReg,Hopper-v4,4
283783,reward,7842,198.55813625974835,138.966,PPO-RegenReg,Hopper-v4,4
283859,reward,7843,161.72313624211566,148.249,PPO-RegenReg,Hopper-v4,4
283942,reward,7844,176.23931586245038,147.297,PPO-RegenReg,Hopper-v4,4
284030,reward,7845,197.45715513103625,149.312,PPO-RegenReg,Hopper-v4,4
284116,reward,7846,191.80504001579806,150.767,PPO-RegenReg,Hopper-v4,4
284192,reward,7847,161.18888875081691,161.536,PPO-RegenReg,Hopper-v4,4
284276,reward,7848,181.76747772412008,169.452,PPO-RegenReg,Hopper-v4,4
284339,reward,7849,116.56808261092256,161.679,PPO-RegenReg,Hopper-v4,4
284426,reward,7850,178.24627427756283,173.762,PPO-RegenReg,Hopper-v4,4
284462,reward,7851,63.00503077776176,162.656,PPO-RegenReg,Hopper-v4,4
284518,reward,7852,102.83994916055963,153.084,PPO-RegenReg,Hopper-v4,4
284552,reward,7853,57.68962556816834,142.681,PPO-RegenReg,Hopper-v4,4
284641,reward,7854,189.64136899506104,144.021,PPO-RegenReg,Hopper-v4,4
284703,reward,7855,118.46332043873898,136.122,PPO-RegenReg,Hopper-v4,4
284786,reward,7856,179.19760917656896,134.861,PPO-RegenReg,Hopper-v4,4
284845,reward,7857,107.93499523286187,129.535,PPO-RegenReg,Hopper-v4,4
284930,reward,7858,185.20770821506082,129.879,PPO-RegenReg,Hopper-v4,4
284998,reward,7859,134.4501730606242,131.668,PPO-RegenReg,Hopper-v4,4
285083,reward,7860,179.6117572312076,131.804,PPO-RegenReg,Hopper-v4,4
285170,reward,7861,186.12096819814474,144.116,PPO-RegenReg,Hopper-v4,4
285208,reward,7862,65.85096645121821,140.417,PPO-RegenReg,Hopper-v4,4
285295,reward,7863,194.7816745366694,154.126,PPO-RegenReg,Hopper-v4,4
285386,reward,7864,172.63698262227993,152.426,PPO-RegenReg,Hopper-v4,4
285470,reward,7865,184.55137719550794,159.034,PPO-RegenReg,Hopper-v4,4
285511,reward,7866,72.15384024601303,148.33,PPO-RegenReg,Hopper-v4,4
285547,reward,7867,61.02226989622843,143.639,PPO-RegenReg,Hopper-v4,4
285615,reward,7868,137.91191788889267,138.909,PPO-RegenReg,Hopper-v4,4
285697,reward,7869,180.52794073601336,143.517,PPO-RegenReg,Hopper-v4,4
285782,reward,7870,187.16062669204987,144.272,PPO-RegenReg,Hopper-v4,4
285870,reward,7871,196.9200560219869,145.352,PPO-RegenReg,Hopper-v4,4
285951,reward,7872,178.7004510639037,156.637,PPO-RegenReg,Hopper-v4,4
286032,reward,7873,178.53211922952562,155.012,PPO-RegenReg,Hopper-v4,4
286116,reward,7874,189.1790288602259,156.666,PPO-RegenReg,Hopper-v4,4
286193,reward,7875,158.36511825534785,154.047,PPO-RegenReg,Hopper-v4,4
286267,reward,7876,153.7537942831005,162.207,PPO-RegenReg,Hopper-v4,4
286352,reward,7877,187.4735474441783,174.852,PPO-RegenReg,Hopper-v4,4
286396,reward,7878,78.09378731477638,168.871,PPO-RegenReg,Hopper-v4,4
286468,reward,7879,150.23821176568052,165.842,PPO-RegenReg,Hopper-v4,4
286550,reward,7880,171.25786395922145,164.251,PPO-RegenReg,Hopper-v4,4
286632,reward,7881,181.2131002857285,162.681,PPO-RegenReg,Hopper-v4,4
286661,reward,7882,50.13772643709282,149.824,PPO-RegenReg,Hopper-v4,4
286744,reward,7883,180.75689725762697,150.047,PPO-RegenReg,Hopper-v4,4
286829,reward,7884,171.90269566841775,148.319,PPO-RegenReg,Hopper-v4,4
286860,reward,7885,54.357928624263906,137.919,PPO-RegenReg,Hopper-v4,4
286909,reward,7886,85.38022393789527,131.081,PPO-RegenReg,Hopper-v4,4
286992,reward,7887,180.59843170740785,130.394,PPO-RegenReg,Hopper-v4,4
287048,reward,7888,97.5214932333035,132.336,PPO-RegenReg,Hopper-v4,4
287127,reward,7889,166.06942384888956,133.92,PPO-RegenReg,Hopper-v4,4
287191,reward,7890,122.26032820834982,129.02,PPO-RegenReg,Hopper-v4,4
287276,reward,7891,186.61654411511134,129.56,PPO-RegenReg,Hopper-v4,4
287358,reward,7892,175.08383325329558,142.055,PPO-RegenReg,Hopper-v4,4
287401,reward,7893,77.76992831092079,131.756,PPO-RegenReg,Hopper-v4,4
287415,reward,7894,15.277811163664737,116.094,PPO-RegenReg,Hopper-v4,4
287496,reward,7895,163.6569841813958,127.024,PPO-RegenReg,Hopper-v4,4
287581,reward,7896,185.81693769566564,137.067,PPO-RegenReg,Hopper-v4,4
287666,reward,7897,188.93166950389843,137.9,PPO-RegenReg,Hopper-v4,4
287713,reward,7898,85.9120428226761,136.74,PPO-RegenReg,Hopper-v4,4
287745,reward,7899,54.977632307999585,125.63,PPO-RegenReg,Hopper-v4,4
287826,reward,7900,159.10811333601123,129.315,PPO-RegenReg,Hopper-v4,4
287911,reward,7901,188.28372297948482,129.482,PPO-RegenReg,Hopper-v4,4
287999,reward,7902,198.0957981859273,131.783,PPO-RegenReg,Hopper-v4,4
288083,reward,7903,176.24575974628613,141.631,PPO-RegenReg,Hopper-v4,4
288166,reward,7904,179.72586708259564,158.075,PPO-RegenReg,Hopper-v4,4
288216,reward,7905,86.90016866679765,150.4,PPO-RegenReg,Hopper-v4,4
288303,reward,7906,171.590912921043,148.977,PPO-RegenReg,Hopper-v4,4
288386,reward,7907,177.6620440710007,147.85,PPO-RegenReg,Hopper-v4,4
288470,reward,7908,181.12316712113898,157.371,PPO-RegenReg,Hopper-v4,4
288555,reward,7909,185.1642545336966,170.39,PPO-RegenReg,Hopper-v4,4
288614,reward,7910,103.62064613186668,164.841,PPO-RegenReg,Hopper-v4,4
288671,reward,7911,100.67154726700696,156.08,PPO-RegenReg,Hopper-v4,4
288709,reward,7912,65.29152856394995,142.8,PPO-RegenReg,Hopper-v4,4
288796,reward,7913,176.83854884950787,142.859,PPO-RegenReg,Hopper-v4,4
288843,reward,7914,78.58876261280979,132.745,PPO-RegenReg,Hopper-v4,4
288930,reward,7915,193.68547640112584,143.424,PPO-RegenReg,Hopper-v4,4
289013,reward,7916,178.75928274700064,144.141,PPO-RegenReg,Hopper-v4,4
289053,reward,7917,67.7405927833859,133.148,PPO-RegenReg,Hopper-v4,4
289134,reward,7918,173.10483337495984,132.347,PPO-RegenReg,Hopper-v4,4
289175,reward,7919,73.1001922337285,121.14,PPO-RegenReg,Hopper-v4,4
289262,reward,7920,191.6336110668844,129.941,PPO-RegenReg,Hopper-v4,4
289345,reward,7921,178.9341165475096,137.768,PPO-RegenReg,Hopper-v4,4
289390,reward,7922,80.09847689916327,139.248,PPO-RegenReg,Hopper-v4,4
289474,reward,7923,182.92275319453137,139.857,PPO-RegenReg,Hopper-v4,4
289562,reward,7924,194.05047061564662,151.403,PPO-RegenReg,Hopper-v4,4
289648,reward,7925,186.34650148459417,150.669,PPO-RegenReg,Hopper-v4,4
289735,reward,7926,182.89611415679093,151.083,PPO-RegenReg,Hopper-v4,4
289768,reward,7927,57.763473452329876,150.085,PPO-RegenReg,Hopper-v4,4
289853,reward,7928,176.064675328942,150.381,PPO-RegenReg,Hopper-v4,4
289921,reward,7929,131.01008031599406,156.172,PPO-RegenReg,Hopper-v4,4
289970,reward,7930,85.73655192790177,145.582,PPO-RegenReg,Hopper-v4,4
290054,reward,7931,180.4046413441766,145.729,PPO-RegenReg,Hopper-v4,4
290092,reward,7932,60.670467398622606,143.787,PPO-RegenReg,Hopper-v4,4
290136,reward,7933,77.10491043524553,133.205,PPO-RegenReg,Hopper-v4,4
290220,reward,7934,182.7121222216923,132.071,PPO-RegenReg,Hopper-v4,4
290310,reward,7935,202.84383955053175,133.721,PPO-RegenReg,Hopper-v4,4
290395,reward,7936,176.2488291008391,133.056,PPO-RegenReg,Hopper-v4,4
290480,reward,7937,182.19973839135477,145.5,PPO-RegenReg,Hopper-v4,4
290565,reward,7938,188.59413060626656,146.753,PPO-RegenReg,Hopper-v4,4
290649,reward,7939,183.27980228159572,151.98,PPO-RegenReg,Hopper-v4,4
290712,reward,7940,119.04362520523654,155.31,PPO-RegenReg,Hopper-v4,4
290794,reward,7941,180.94457593705948,155.364,PPO-RegenReg,Hopper-v4,4
290871,reward,7942,158.76056520336954,165.173,PPO-RegenReg,Hopper-v4,4
290899,reward,7943,49.47401608786496,162.41,PPO-RegenReg,Hopper-v4,4
290986,reward,7944,177.05682225961047,161.845,PPO-RegenReg,Hopper-v4,4
291074,reward,7945,195.23850936148995,161.084,PPO-RegenReg,Hopper-v4,4
291158,reward,7946,175.76334904056117,161.036,PPO-RegenReg,Hopper-v4,4
291214,reward,7947,101.60407907651603,152.976,PPO-RegenReg,Hopper-v4,4
291297,reward,7948,177.90721370671963,151.907,PPO-RegenReg,Hopper-v4,4
291360,reward,7949,122.66425836489451,145.846,PPO-RegenReg,Hopper-v4,4
291394,reward,7950,58.64997912509558,139.806,PPO-RegenReg,Hopper-v4,4
291463,reward,7951,135.5335854079363,135.265,PPO-RegenReg,Hopper-v4,4
291538,reward,7952,151.9802787895841,134.587,PPO-RegenReg,Hopper-v4,4
291625,reward,7953,191.98570012202345,148.838,PPO-RegenReg,Hopper-v4,4
291713,reward,7954,179.788872320156,149.112,PPO-RegenReg,Hopper-v4,4
291796,reward,7955,181.67538240051556,147.755,PPO-RegenReg,Hopper-v4,4
291881,reward,7956,179.81464511885324,148.16,PPO-RegenReg,Hopper-v4,4
291965,reward,7957,171.3495048584658,155.135,PPO-RegenReg,Hopper-v4,4
292049,reward,7958,177.8593807066873,155.13,PPO-RegenReg,Hopper-v4,4
292083,reward,7959,59.00555341990473,148.764,PPO-RegenReg,Hopper-v4,4
292139,reward,7960,100.11616590940913,152.911,PPO-RegenReg,Hopper-v4,4
292171,reward,7961,54.03994682305634,144.762,PPO-RegenReg,Hopper-v4,4
292257,reward,7962,177.74890886407636,147.338,PPO-RegenReg,Hopper-v4,4
292272,reward,7963,18.629111147357076,130.003,PPO-RegenReg,Hopper-v4,4
292325,reward,7964,95.177657124232,121.542,PPO-RegenReg,Hopper-v4,4
292411,reward,7965,188.73068028079885,122.247,PPO-RegenReg,Hopper-v4,4
292495,reward,7966,181.70191741562243,122.436,PPO-RegenReg,Hopper-v4,4
292527,reward,7967,55.48374751945271,110.849,PPO-RegenReg,Hopper-v4,4
292617,reward,7968,183.34227289948956,111.398,PPO-RegenReg,Hopper-v4,4
292702,reward,7969,189.36108285867195,124.433,PPO-RegenReg,Hopper-v4,4
292786,reward,7970,182.94645464870914,132.716,PPO-RegenReg,Hopper-v4,4
292850,reward,7971,118.33464989845817,139.146,PPO-RegenReg,Hopper-v4,4
292933,reward,7972,180.03711395470393,139.374,PPO-RegenReg,Hopper-v4,4
292976,reward,7973,76.98454622632849,145.21,PPO-RegenReg,Hopper-v4,4
293062,reward,7974,190.56641074393593,154.749,PPO-RegenReg,Hopper-v4,4
293148,reward,7975,176.3252774521983,153.508,PPO-RegenReg,Hopper-v4,4
293171,reward,7976,29.771868691940522,138.315,PPO-RegenReg,Hopper-v4,4
293240,reward,7977,131.9034408976303,145.957,PPO-RegenReg,Hopper-v4,4
293325,reward,7978,188.88672158294236,146.512,PPO-RegenReg,Hopper-v4,4
293403,reward,7979,153.62555279946392,142.938,PPO-RegenReg,Hopper-v4,4
293487,reward,7980,184.13411151081885,143.057,PPO-RegenReg,Hopper-v4,4
293572,reward,7981,189.11392660387466,150.135,PPO-RegenReg,Hopper-v4,4
293626,reward,7982,100.48259776481784,142.179,PPO-RegenReg,Hopper-v4,4
293660,reward,7983,57.645143858539655,140.246,PPO-RegenReg,Hopper-v4,4
293704,reward,7984,75.62538996858262,128.751,PPO-RegenReg,Hopper-v4,4
293787,reward,7985,172.2370861639746,128.343,PPO-RegenReg,Hopper-v4,4
293874,reward,7986,196.4721845854338,145.013,PPO-RegenReg,Hopper-v4,4
293961,reward,7987,181.87643571096376,150.01,PPO-RegenReg,Hopper-v4,4
294046,reward,7988,185.11940016163163,149.633,PPO-RegenReg,Hopper-v4,4
294076,reward,7989,52.38650948277198,139.509,PPO-RegenReg,Hopper-v4,4
294160,reward,7990,184.00833087949238,139.497,PPO-RegenReg,Hopper-v4,4
294243,reward,7991,178.53366522322779,138.439,PPO-RegenReg,Hopper-v4,4
294327,reward,7992,181.51614202074927,146.542,PPO-RegenReg,Hopper-v4,4
294397,reward,7993,136.3165161161958,154.409,PPO-RegenReg,Hopper-v4,4
294486,reward,7994,201.5746078927683,167.004,PPO-RegenReg,Hopper-v4,4
294568,reward,7995,182.36645293147075,168.017,PPO-RegenReg,Hopper-v4,4
294651,reward,7996,174.4222489569917,165.812,PPO-RegenReg,Hopper-v4,4
294735,reward,7997,180.6020760900037,165.685,PPO-RegenReg,Hopper-v4,4
294764,reward,7998,48.857684948409265,152.058,PPO-RegenReg,Hopper-v4,4
294811,reward,7999,81.28109740758028,154.948,PPO-RegenReg,Hopper-v4,4
294874,reward,8000,115.89721937486014,148.137,PPO-RegenReg,Hopper-v4,4
294906,reward,8001,55.56480493000018,135.84,PPO-RegenReg,Hopper-v4,4
294975,reward,8002,131.1636915499727,130.805,PPO-RegenReg,Hopper-v4,4
295038,reward,8003,118.07053646131881,128.98,PPO-RegenReg,Hopper-v4,4
295121,reward,8004,178.64817087231998,126.687,PPO-RegenReg,Hopper-v4,4
295161,reward,8005,68.48533028418878,115.299,PPO-RegenReg,Hopper-v4,4
295244,reward,8006,178.57271790832525,115.714,PPO-RegenReg,Hopper-v4,4
295295,reward,8007,91.91979729605988,106.846,PPO-RegenReg,Hopper-v4,4
295323,reward,8008,46.538702032609805,106.614,PPO-RegenReg,Hopper-v4,4
295410,reward,8009,195.48303264451621,118.034,PPO-RegenReg,Hopper-v4,4
295496,reward,8010,191.78186567203372,125.623,PPO-RegenReg,Hopper-v4,4
295526,reward,8011,50.815411784754296,125.148,PPO-RegenReg,Hopper-v4,4
295555,reward,8012,48.657495930645446,116.897,PPO-RegenReg,Hopper-v4,4
295634,reward,8013,170.67028784202682,122.157,PPO-RegenReg,Hopper-v4,4
295677,reward,8014,78.56950122650875,112.149,PPO-RegenReg,Hopper-v4,4
295709,reward,8015,54.88564994941948,110.789,PPO-RegenReg,Hopper-v4,4
295746,reward,8016,63.40293370060168,99.272,PPO-RegenReg,Hopper-v4,4
295830,reward,8017,177.5826865284291,107.839,PPO-RegenReg,Hopper-v4,4
295870,reward,8018,66.62134117573457,109.847,PPO-RegenReg,Hopper-v4,4
295902,reward,8019,52.7916002585665,95.578,PPO-RegenReg,Hopper-v4,4
295931,reward,8020,48.45158156302462,81.245,PPO-RegenReg,Hopper-v4,4
296005,reward,8021,150.71082707088084,91.234,PPO-RegenReg,Hopper-v4,4
296036,reward,8022,51.02617243345021,91.471,PPO-RegenReg,Hopper-v4,4
296120,reward,8023,181.75186760981248,92.579,PPO-RegenReg,Hopper-v4,4
296172,reward,8024,93.00681652516083,94.023,PPO-RegenReg,Hopper-v4,4
296207,reward,8025,60.47151165657359,94.582,PPO-RegenReg,Hopper-v4,4
296250,reward,8026,76.25352011043012,95.867,PPO-RegenReg,Hopper-v4,4
296284,reward,8027,58.39342481943787,83.948,PPO-RegenReg,Hopper-v4,4
296323,reward,8028,65.94672001877359,83.88,PPO-RegenReg,Hopper-v4,4
296411,reward,8029,194.6304887460082,98.064,PPO-RegenReg,Hopper-v4,4
296495,reward,8030,185.97363531540043,111.816,PPO-RegenReg,Hopper-v4,4
296585,reward,8031,187.58195440822388,115.504,PPO-RegenReg,Hopper-v4,4
296625,reward,8032,69.17401476683844,117.318,PPO-RegenReg,Hopper-v4,4
296655,reward,8033,49.5129696270548,104.095,PPO-RegenReg,Hopper-v4,4
296710,reward,8034,104.83121239251273,105.277,PPO-RegenReg,Hopper-v4,4
296765,reward,8035,101.2298667173115,109.353,PPO-RegenReg,Hopper-v4,4
296844,reward,8036,170.17827507198362,118.745,PPO-RegenReg,Hopper-v4,4
296873,reward,8037,50.04181426770091,117.91,PPO-RegenReg,Hopper-v4,4
296914,reward,8038,72.31677553536802,118.547,PPO-RegenReg,Hopper-v4,4
296983,reward,8039,132.5305515030077,112.337,PPO-RegenReg,Hopper-v4,4
297068,reward,8040,187.2462598970653,112.464,PPO-RegenReg,Hopper-v4,4
297106,reward,8041,66.3088669755104,100.337,PPO-RegenReg,Hopper-v4,4
297191,reward,8042,183.331480523232,111.753,PPO-RegenReg,Hopper-v4,4
297275,reward,8043,183.00693774360258,125.102,PPO-RegenReg,Hopper-v4,4
297360,reward,8044,185.19535697472915,133.139,PPO-RegenReg,Hopper-v4,4
297430,reward,8045,140.89407395418434,137.105,PPO-RegenReg,Hopper-v4,4
297515,reward,8046,187.991469130365,138.886,PPO-RegenReg,Hopper-v4,4
297554,reward,8047,66.79142395562971,140.561,PPO-RegenReg,Hopper-v4,4
297639,reward,8048,185.10873701350167,151.841,PPO-RegenReg,Hopper-v4,4
297675,reward,8049,57.872712202592325,144.375,PPO-RegenReg,Hopper-v4,4
297764,reward,8050,185.59813874941088,144.21,PPO-RegenReg,Hopper-v4,4
297822,reward,8051,105.56628893917718,148.136,PPO-RegenReg,Hopper-v4,4
297878,reward,8052,97.06014373190389,139.509,PPO-RegenReg,Hopper-v4,4
297944,reward,8053,129.56465679441803,134.164,PPO-RegenReg,Hopper-v4,4
297991,reward,8054,83.10467539700683,123.955,PPO-RegenReg,Hopper-v4,4
298041,reward,8055,88.27288998899981,118.693,PPO-RegenReg,Hopper-v4,4
298126,reward,8056,190.08620761098572,118.903,PPO-RegenReg,Hopper-v4,4
298209,reward,8057,170.4439060086757,129.268,PPO-RegenReg,Hopper-v4,4
298239,reward,8058,51.45283083724291,115.902,PPO-RegenReg,Hopper-v4,4
298326,reward,8059,195.09271513323543,129.624,PPO-RegenReg,Hopper-v4,4
298408,reward,8060,169.15126713284195,127.98,PPO-RegenReg,Hopper-v4,4
298482,reward,8061,147.61274931014975,132.184,PPO-RegenReg,Hopper-v4,4
298517,reward,8062,60.20885391153875,128.499,PPO-RegenReg,Hopper-v4,4
298595,reward,8063,163.7662469426303,131.919,PPO-RegenReg,Hopper-v4,4
298680,reward,8064,178.63493773114712,141.472,PPO-RegenReg,Hopper-v4,4
298768,reward,8065,197.7680099175065,152.422,PPO-RegenReg,Hopper-v4,4
298854,reward,8066,175.05914254542645,150.919,PPO-RegenReg,Hopper-v4,4
298943,reward,8067,199.4320761433605,153.818,PPO-RegenReg,Hopper-v4,4
299027,reward,8068,172.65218557644792,165.938,PPO-RegenReg,Hopper-v4,4
299097,reward,8069,138.4642749820956,160.275,PPO-RegenReg,Hopper-v4,4
299181,reward,8070,180.753098718996,161.435,PPO-RegenReg,Hopper-v4,4
299231,reward,8071,89.63202301881613,155.637,PPO-RegenReg,Hopper-v4,4
299300,reward,8072,139.7918973176309,163.595,PPO-RegenReg,Hopper-v4,4
299335,reward,8073,59.340075938736796,153.153,PPO-RegenReg,Hopper-v4,4
299381,reward,8074,83.08637487357858,143.598,PPO-RegenReg,Hopper-v4,4
299464,reward,8075,165.05721500414467,140.327,PPO-RegenReg,Hopper-v4,4
299555,reward,8076,202.81829804517295,143.103,PPO-RegenReg,Hopper-v4,4
299642,reward,8077,192.93762842286546,142.453,PPO-RegenReg,Hopper-v4,4
299728,reward,8078,191.16175346932854,144.304,PPO-RegenReg,Hopper-v4,4
299761,reward,8079,54.92049893400498,135.95,PPO-RegenReg,Hopper-v4,4
299851,reward,8080,204.16108188440464,138.291,PPO-RegenReg,Hopper-v4,4
299937,reward,8081,190.4549465452508,148.373,PPO-RegenReg,Hopper-v4,4
300024,reward,8082,194.6090173842307,153.855,PPO-RegenReg,Hopper-v4,4
300079,reward,8083,96.12506700136618,157.533,PPO-RegenReg,Hopper-v4,4
300166,reward,8084,196.11903793034764,168.836,PPO-RegenReg,Hopper-v4,4
300249,reward,8085,179.7605562049361,170.307,PPO-RegenReg,Hopper-v4,4
300301,reward,8086,97.92522098892043,159.817,PPO-RegenReg,Hopper-v4,4
300384,reward,8087,179.35116592172255,158.459,PPO-RegenReg,Hopper-v4,4
300467,reward,8088,182.1334530074395,157.556,PPO-RegenReg,Hopper-v4,4
300552,reward,8089,169.5326744611229,169.017,PPO-RegenReg,Hopper-v4,4
300636,reward,8090,183.15004095600568,166.916,PPO-RegenReg,Hopper-v4,4
300667,reward,8091,53.14282941968829,153.185,PPO-RegenReg,Hopper-v4,4
300702,reward,8092,61.34992120124024,139.859,PPO-RegenReg,Hopper-v4,4
300792,reward,8093,198.9028440164215,150.137,PPO-RegenReg,Hopper-v4,4
300877,reward,8094,188.14977239496696,149.34,PPO-RegenReg,Hopper-v4,4
300962,reward,8095,190.04818450590008,150.369,PPO-RegenReg,Hopper-v4,4
301046,reward,8096,168.3614015424915,157.412,PPO-RegenReg,Hopper-v4,4
301130,reward,8097,183.59533835091798,157.837,PPO-RegenReg,Hopper-v4,4
301166,reward,8098,61.89901828527327,145.813,PPO-RegenReg,Hopper-v4,4
301254,reward,8099,181.74058833794098,147.034,PPO-RegenReg,Hopper-v4,4
301349,reward,8100,215.09511904182665,150.229,PPO-RegenReg,Hopper-v4,4
301433,reward,8101,176.47101837090264,162.561,PPO-RegenReg,Hopper-v4,4
301491,reward,8102,103.68104405857476,166.794,PPO-RegenReg,Hopper-v4,4
301550,reward,8103,110.26165737642405,157.93,PPO-RegenReg,Hopper-v4,4
301598,reward,8104,83.4895406516842,147.464,PPO-RegenReg,Hopper-v4,4
301682,reward,8105,183.94599896920315,146.854,PPO-RegenReg,Hopper-v4,4
301735,reward,8106,96.16976176561074,139.635,PPO-RegenReg,Hopper-v4,4
301799,reward,8107,124.24457180873642,133.7,PPO-RegenReg,Hopper-v4,4
301883,reward,8108,184.101129980849,145.92,PPO-RegenReg,Hopper-v4,4
301970,reward,8109,181.01955102032653,145.848,PPO-RegenReg,Hopper-v4,4
302010,reward,8110,71.06733317328741,131.445,PPO-RegenReg,Hopper-v4,4
302074,reward,8111,123.42379250796655,126.14,PPO-RegenReg,Hopper-v4,4
302158,reward,8112,175.6108365017679,133.333,PPO-RegenReg,Hopper-v4,4
302221,reward,8113,115.47013600376326,133.854,PPO-RegenReg,Hopper-v4,4
302283,reward,8114,113.6828533662192,136.874,PPO-RegenReg,Hopper-v4,4
302366,reward,8115,183.50951789034843,136.83,PPO-RegenReg,Hopper-v4,4
302448,reward,8116,176.1502265014486,144.828,PPO-RegenReg,Hopper-v4,4
302497,reward,8117,85.42579574120627,140.946,PPO-RegenReg,Hopper-v4,4
302579,reward,8118,178.98023782751628,140.434,PPO-RegenReg,Hopper-v4,4
302666,reward,8119,193.3226620436203,141.664,PPO-RegenReg,Hopper-v4,4
302711,reward,8120,79.1609481245292,142.474,PPO-RegenReg,Hopper-v4,4
302794,reward,8121,181.56024542238495,148.287,PPO-RegenReg,Hopper-v4,4
302858,reward,8122,125.90416626473265,143.317,PPO-RegenReg,Hopper-v4,4
302889,reward,8123,51.32288828034244,136.902,PPO-RegenReg,Hopper-v4,4
302926,reward,8124,62.352221821329465,131.769,PPO-RegenReg,Hopper-v4,4
302956,reward,8125,49.815024549890126,118.399,PPO-RegenReg,Hopper-v4,4
302998,reward,8126,75.18894630477284,108.303,PPO-RegenReg,Hopper-v4,4
303028,reward,8127,51.154811100668304,104.876,PPO-RegenReg,Hopper-v4,4
303096,reward,8128,122.87069240676544,99.265,PPO-RegenReg,Hopper-v4,4
303182,reward,8129,190.58915845936605,98.992,PPO-RegenReg,Hopper-v4,4
303246,reward,8130,123.03486664745598,103.379,PPO-RegenReg,Hopper-v4,4
303330,reward,8131,176.69095377896954,102.892,PPO-RegenReg,Hopper-v4,4
303360,reward,8132,50.20891816957963,95.323,PPO-RegenReg,Hopper-v4,4
303404,reward,8133,79.34801835854405,98.125,PPO-RegenReg,Hopper-v4,4
303492,reward,8134,178.18970932524633,109.709,PPO-RegenReg,Hopper-v4,4
303571,reward,8135,170.28816286094207,121.756,PPO-RegenReg,Hopper-v4,4
303659,reward,8136,191.04708468343756,133.342,PPO-RegenReg,Hopper-v4,4
303742,reward,8137,181.87216300848215,146.414,PPO-RegenReg,Hopper-v4,4
303830,reward,8138,196.81514307059714,153.808,PPO-RegenReg,Hopper-v4,4
303873,reward,8139,72.28387739251099,141.978,PPO-RegenReg,Hopper-v4,4
303920,reward,8140,83.12171730453318,137.987,PPO-RegenReg,Hopper-v4,4
304010,reward,8141,204.17331257949104,140.735,PPO-RegenReg,Hopper-v4,4
304095,reward,8142,185.09059450806475,154.223,PPO-RegenReg,Hopper-v4,4
304182,reward,8143,193.2607573197714,165.614,PPO-RegenReg,Hopper-v4,4
304232,reward,8144,90.72266138234642,156.868,PPO-RegenReg,Hopper-v4,4
304275,reward,8145,74.15192827254594,147.254,PPO-RegenReg,Hopper-v4,4
304331,reward,8146,103.14039553182045,138.463,PPO-RegenReg,Hopper-v4,4
304401,reward,8147,141.16811047623628,134.393,PPO-RegenReg,Hopper-v4,4
304487,reward,8148,190.1345467044359,133.725,PPO-RegenReg,Hopper-v4,4
304574,reward,8149,193.04602678692024,145.801,PPO-RegenReg,Hopper-v4,4
304627,reward,8150,95.28842886672709,147.018,PPO-RegenReg,Hopper-v4,4
304712,reward,8151,188.8990455876444,145.49,PPO-RegenReg,Hopper-v4,4
304793,reward,8152,172.00329869152327,144.182,PPO-RegenReg,Hopper-v4,4
304880,reward,8153,195.9575602515662,144.451,PPO-RegenReg,Hopper-v4,4
304936,reward,8154,102.17894050940342,145.597,PPO-RegenReg,Hopper-v4,4
305008,reward,8155,148.1104142630379,152.993,PPO-RegenReg,Hopper-v4,4
305093,reward,8156,186.3520671402172,161.314,PPO-RegenReg,Hopper-v4,4
305167,reward,8157,151.30276524121783,162.327,PPO-RegenReg,Hopper-v4,4
305199,reward,8158,52.419436520989706,148.556,PPO-RegenReg,Hopper-v4,4
305288,reward,8159,200.00264377711088,149.251,PPO-RegenReg,Hopper-v4,4
305324,reward,8160,64.32845272128071,146.155,PPO-RegenReg,Hopper-v4,4
305356,reward,8161,53.168042548223326,132.582,PPO-RegenReg,Hopper-v4,4
305438,reward,8162,173.96896520561396,132.779,PPO-RegenReg,Hopper-v4,4
305522,reward,8163,185.89881867411134,131.773,PPO-RegenReg,Hopper-v4,4
305562,reward,8164,68.681187071836,128.423,PPO-RegenReg,Hopper-v4,4
305649,reward,8165,194.27297306632306,133.04,PPO-RegenReg,Hopper-v4,4
305735,reward,8166,176.63543795430635,132.068,PPO-RegenReg,Hopper-v4,4
305818,reward,8167,179.3935604952252,134.877,PPO-RegenReg,Hopper-v4,4
305857,reward,8168,68.2349819616416,136.459,PPO-RegenReg,Hopper-v4,4
305944,reward,8169,195.67989624156246,136.026,PPO-RegenReg,Hopper-v4,4
305977,reward,8170,54.949167986608266,135.088,PPO-RegenReg,Hopper-v4,4
306017,reward,8171,68.9904074112851,136.671,PPO-RegenReg,Hopper-v4,4
306085,reward,8172,123.0919780824029,131.583,PPO-RegenReg,Hopper-v4,4
306172,reward,8173,181.48136826684612,131.141,PPO-RegenReg,Hopper-v4,4
306252,reward,8174,175.0718824224613,141.78,PPO-RegenReg,Hopper-v4,4
306337,reward,8175,176.89672403775631,140.043,PPO-RegenReg,Hopper-v4,4
306423,reward,8176,188.42908821458118,141.222,PPO-RegenReg,Hopper-v4,4
306459,reward,8177,60.7340033363234,129.356,PPO-RegenReg,Hopper-v4,4
306525,reward,8178,128.02687337560616,135.335,PPO-RegenReg,Hopper-v4,4
306611,reward,8179,190.02067475747512,134.769,PPO-RegenReg,Hopper-v4,4
306697,reward,8180,182.72245747433706,147.547,PPO-RegenReg,Hopper-v4,4
306732,reward,8181,60.80668039173402,146.728,PPO-RegenReg,Hopper-v4,4
306820,reward,8182,193.78847970513002,153.798,PPO-RegenReg,Hopper-v4,4
306868,reward,8183,86.57950770711635,144.308,PPO-RegenReg,Hopper-v4,4
306921,reward,8184,96.79768551389306,136.48,PPO-RegenReg,Hopper-v4,4
306972,reward,8185,89.48497381840363,127.739,PPO-RegenReg,Hopper-v4,4
307039,reward,8186,134.99679264873842,122.396,PPO-RegenReg,Hopper-v4,4
307102,reward,8187,114.61919328266404,127.784,PPO-RegenReg,Hopper-v4,4
307189,reward,8188,196.94520050982103,134.676,PPO-RegenReg,Hopper-v4,4
307276,reward,8189,188.8880057187745,134.563,PPO-RegenReg,Hopper-v4,4
307342,reward,8190,129.9516972653052,129.286,PPO-RegenReg,Hopper-v4,4
307379,reward,8191,62.51086864357694,129.456,PPO-RegenReg,Hopper-v4,4
307411,reward,8192,53.7737318334868,115.455,PPO-RegenReg,Hopper-v4,4
307496,reward,8193,184.27906330295735,125.225,PPO-RegenReg,Hopper-v4,4
307580,reward,8194,187.93388499281224,134.338,PPO-RegenReg,Hopper-v4,4
307615,reward,8195,58.78500605297542,131.268,PPO-RegenReg,Hopper-v4,4
307659,reward,8196,77.60917587729959,125.53,PPO-RegenReg,Hopper-v4,4
307744,reward,8197,182.07785773117914,132.275,PPO-RegenReg,Hopper-v4,4
307829,reward,8198,189.3193984921064,131.513,PPO-RegenReg,Hopper-v4,4
307912,reward,8199,181.58103963245944,130.782,PPO-RegenReg,Hopper-v4,4
307948,reward,8200,61.87891541930911,123.975,PPO-RegenReg,Hopper-v4,4
308036,reward,8201,195.2991967005864,137.254,PPO-RegenReg,Hopper-v4,4
308070,reward,8202,57.90835795641743,137.667,PPO-RegenReg,Hopper-v4,4
308111,reward,8203,71.19506991047078,126.359,PPO-RegenReg,Hopper-v4,4
308196,reward,8204,187.550682618875,126.32,PPO-RegenReg,Hopper-v4,4
308282,reward,8205,190.630707790071,139.505,PPO-RegenReg,Hopper-v4,4
308365,reward,8206,175.00383118284248,149.245,PPO-RegenReg,Hopper-v4,4
308431,reward,8207,126.5115920195983,143.688,PPO-RegenReg,Hopper-v4,4
308518,reward,8208,195.1722653394238,144.273,PPO-RegenReg,Hopper-v4,4
308607,reward,8209,200.1077572132719,146.126,PPO-RegenReg,Hopper-v4,4
308693,reward,8210,187.8797833312144,158.726,PPO-RegenReg,Hopper-v4,4
308773,reward,8211,175.61225061995572,156.757,PPO-RegenReg,Hopper-v4,4
308857,reward,8212,179.02800629353356,168.869,PPO-RegenReg,Hopper-v4,4
308943,reward,8213,189.73935532985664,180.724,PPO-RegenReg,Hopper-v4,4
309029,reward,8214,172.47128970860797,179.216,PPO-RegenReg,Hopper-v4,4
309105,reward,8215,161.63259030982144,176.316,PPO-RegenReg,Hopper-v4,4
309182,reward,8216,164.81318459195737,175.297,PPO-RegenReg,Hopper-v4,4
309231,reward,8217,88.368484164146,171.482,PPO-RegenReg,Hopper-v4,4
309318,reward,8218,192.7739606319764,171.243,PPO-RegenReg,Hopper-v4,4
309350,reward,8219,54.830020899725135,156.715,PPO-RegenReg,Hopper-v4,4
309417,reward,8220,131.8869139513002,151.116,PPO-RegenReg,Hopper-v4,4
309460,reward,8221,74.63341759017419,141.018,PPO-RegenReg,Hopper-v4,4
309495,reward,8222,59.227695047022635,129.038,PPO-RegenReg,Hopper-v4,4
309565,reward,8223,142.68450010011878,124.332,PPO-RegenReg,Hopper-v4,4
309616,reward,8224,93.58459898787112,116.444,PPO-RegenReg,Hopper-v4,4
309665,reward,8225,85.61745593638275,108.842,PPO-RegenReg,Hopper-v4,4
309708,reward,8226,71.9442252095943,99.555,PPO-RegenReg,Hopper-v4,4
309748,reward,8227,70.03049296450584,97.721,PPO-RegenReg,Hopper-v4,4
309834,reward,8228,191.84932890455727,97.629,PPO-RegenReg,Hopper-v4,4
309918,reward,8229,184.5105893832447,110.597,PPO-RegenReg,Hopper-v4,4
310006,reward,8230,195.43923028043076,116.952,PPO-RegenReg,Hopper-v4,4
310083,reward,8231,166.57500827177856,126.146,PPO-RegenReg,Hopper-v4,4
310125,reward,8232,71.67379129432696,127.391,PPO-RegenReg,Hopper-v4,4
310210,reward,8233,183.71802577487887,131.494,PPO-RegenReg,Hopper-v4,4
310244,reward,8234,57.09232232854742,127.845,PPO-RegenReg,Hopper-v4,4
310327,reward,8235,166.79192272060135,135.962,PPO-RegenReg,Hopper-v4,4
310377,reward,8236,93.1346043428286,138.082,PPO-RegenReg,Hopper-v4,4
310430,reward,8237,96.08580733920792,140.687,PPO-RegenReg,Hopper-v4,4
310500,reward,8238,102.35072673389396,131.737,PPO-RegenReg,Hopper-v4,4
310588,reward,8239,198.27667461638066,133.114,PPO-RegenReg,Hopper-v4,4
310639,reward,8240,83.72649316432549,121.943,PPO-RegenReg,Hopper-v4,4
310714,reward,8241,149.68914875457966,120.254,PPO-RegenReg,Hopper-v4,4
310801,reward,8242,192.7213019235645,132.359,PPO-RegenReg,Hopper-v4,4
310886,reward,8243,185.48965968101095,132.536,PPO-RegenReg,Hopper-v4,4
310971,reward,8244,186.74514218542993,145.501,PPO-RegenReg,Hopper-v4,4
311014,reward,8245,75.08255719897541,136.33,PPO-RegenReg,Hopper-v4,4
311099,reward,8246,186.50508145020387,145.667,PPO-RegenReg,Hopper-v4,4
311182,reward,8247,181.05199617549087,154.164,PPO-RegenReg,Hopper-v4,4
311265,reward,8248,184.48856055876269,162.378,PPO-RegenReg,Hopper-v4,4
311351,reward,8249,183.91365629764397,160.941,PPO-RegenReg,Hopper-v4,4
311415,reward,8250,121.81894078658019,164.751,PPO-RegenReg,Hopper-v4,4
311472,reward,8251,105.8074015282156,160.362,PPO-RegenReg,Hopper-v4,4
311556,reward,8252,187.1915131539252,159.809,PPO-RegenReg,Hopper-v4,4
311592,reward,8253,62.213458834958274,147.482,PPO-RegenReg,Hopper-v4,4
311632,reward,8254,70.02707073631272,135.81,PPO-RegenReg,Hopper-v4,4
311708,reward,8255,163.2832481747386,144.63,PPO-RegenReg,Hopper-v4,4
311739,reward,8256,52.54704243816563,131.234,PPO-RegenReg,Hopper-v4,4
311822,reward,8257,179.05416095880892,131.035,PPO-RegenReg,Hopper-v4,4
311878,reward,8258,102.95752509518313,122.881,PPO-RegenReg,Hopper-v4,4
311951,reward,8259,152.24085003447468,119.714,PPO-RegenReg,Hopper-v4,4
311995,reward,8260,78.51863845745522,115.384,PPO-RegenReg,Hopper-v4,4
312053,reward,8261,107.63595973434047,115.567,PPO-RegenReg,Hopper-v4,4
312111,reward,8262,106.84661539571428,107.532,PPO-RegenReg,Hopper-v4,4
312196,reward,8263,188.53251574222122,120.164,PPO-RegenReg,Hopper-v4,4
312281,reward,8264,175.73813771217812,130.735,PPO-RegenReg,Hopper-v4,4
312371,reward,8265,203.18484570632316,134.726,PPO-RegenReg,Hopper-v4,4
312441,reward,8266,141.822361039324,143.653,PPO-RegenReg,Hopper-v4,4
312473,reward,8267,53.11650608064275,131.059,PPO-RegenReg,Hopper-v4,4
312556,reward,8268,179.24713963981358,138.688,PPO-RegenReg,Hopper-v4,4
312589,reward,8269,57.29404838447714,129.194,PPO-RegenReg,Hopper-v4,4
312637,reward,8270,84.85080948032758,129.827,PPO-RegenReg,Hopper-v4,4
312664,reward,8271,46.19600522430512,123.683,PPO-RegenReg,Hopper-v4,4
312719,reward,8272,99.84059938260035,122.982,PPO-RegenReg,Hopper-v4,4
312806,reward,8273,194.69426797625334,123.598,PPO-RegenReg,Hopper-v4,4
312884,reward,8274,168.06770588889268,122.831,PPO-RegenReg,Hopper-v4,4
312941,reward,8275,100.9204651361695,112.605,PPO-RegenReg,Hopper-v4,4
313013,reward,8276,149.16749141875957,113.34,PPO-RegenReg,Hopper-v4,4
313058,reward,8277,77.0550158600622,115.733,PPO-RegenReg,Hopper-v4,4
313093,reward,8278,60.555303055512596,103.864,PPO-RegenReg,Hopper-v4,4
313129,reward,8279,62.13467666704218,104.348,PPO-RegenReg,Hopper-v4,4
313157,reward,8280,46.72185795301721,100.535,PPO-RegenReg,Hopper-v4,4
313241,reward,8281,177.35442266981107,113.651,PPO-RegenReg,Hopper-v4,4
313284,reward,8282,72.74406119646204,110.942,PPO-RegenReg,Hopper-v4,4
313330,reward,8283,81.27039525123028,99.599,PPO-RegenReg,Hopper-v4,4
313389,reward,8284,110.89728092731194,93.882,PPO-RegenReg,Hopper-v4,4
313431,reward,8285,72.41459166905399,91.032,PPO-RegenReg,Hopper-v4,4
313461,reward,8286,50.68442407198321,81.183,PPO-RegenReg,Hopper-v4,4
313524,reward,8287,122.39126489366048,85.717,PPO-RegenReg,Hopper-v4,4
313601,reward,8288,166.38155667923348,96.299,PPO-RegenReg,Hopper-v4,4
313686,reward,8289,185.77298375495212,108.663,PPO-RegenReg,Hopper-v4,4
313719,reward,8290,59.8681703003981,109.978,PPO-RegenReg,Hopper-v4,4
313753,reward,8291,55.70175874691516,97.813,PPO-RegenReg,Hopper-v4,4
313837,reward,8292,181.61351849926888,108.7,PPO-RegenReg,Hopper-v4,4
313898,reward,8293,115.30133354557248,112.103,PPO-RegenReg,Hopper-v4,4
313977,reward,8294,171.52271090574985,118.165,PPO-RegenReg,Hopper-v4,4
314012,reward,8295,59.079873557484824,116.832,PPO-RegenReg,Hopper-v4,4
314047,reward,8296,60.40329623517595,117.804,PPO-RegenReg,Hopper-v4,4
314100,reward,8297,92.40774609038397,114.805,PPO-RegenReg,Hopper-v4,4
314136,reward,8298,60.14146182770711,104.181,PPO-RegenReg,Hopper-v4,4
314225,reward,8299,203.25235433444436,105.929,PPO-RegenReg,Hopper-v4,4
314315,reward,8300,203.39751660623244,120.282,PPO-RegenReg,Hopper-v4,4
314357,reward,8301,73.78503045319722,122.09,PPO-RegenReg,Hopper-v4,4
314443,reward,8302,192.62595919145468,123.192,PPO-RegenReg,Hopper-v4,4
314527,reward,8303,185.75903188269473,130.237,PPO-RegenReg,Hopper-v4,4
314578,reward,8304,90.97579698989067,122.183,PPO-RegenReg,Hopper-v4,4
314660,reward,8305,177.45693255916535,134.021,PPO-RegenReg,Hopper-v4,4
314744,reward,8306,183.37986762420644,146.318,PPO-RegenReg,Hopper-v4,4
314800,reward,8307,103.1724831081531,147.395,PPO-RegenReg,Hopper-v4,4
314859,reward,8308,110.99200833766523,152.48,PPO-RegenReg,Hopper-v4,4
314929,reward,8309,142.99900358868788,146.454,PPO-RegenReg,Hopper-v4,4
314981,reward,8310,87.38419988986828,134.853,PPO-RegenReg,Hopper-v4,4
315018,reward,8311,62.1902137001502,133.694,PPO-RegenReg,Hopper-v4,4
315053,reward,8312,58.67270125091884,120.298,PPO-RegenReg,Hopper-v4,4
315091,reward,8313,67.66236612707168,108.489,PPO-RegenReg,Hopper-v4,4
315138,reward,8314,84.1725115137778,107.808,PPO-RegenReg,Hopper-v4,4
315221,reward,8315,179.41880396732392,108.004,PPO-RegenReg,Hopper-v4,4
315283,reward,8316,121.59063731392553,101.825,PPO-RegenReg,Hopper-v4,4
315369,reward,8317,186.7623534560597,110.184,PPO-RegenReg,Hopper-v4,4
315402,reward,8318,55.677076750159905,104.653,PPO-RegenReg,Hopper-v4,4
315434,reward,8319,53.98156670382508,95.751,PPO-RegenReg,Hopper-v4,4
315519,reward,8320,183.61614659252953,105.374,PPO-RegenReg,Hopper-v4,4
315607,reward,8321,175.88038251408616,116.743,PPO-RegenReg,Hopper-v4,4
315681,reward,8322,156.93862862743478,126.57,PPO-RegenReg,Hopper-v4,4
315765,reward,8323,185.8193274384818,138.386,PPO-RegenReg,Hopper-v4,4
315818,reward,8324,95.0839108096524,139.477,PPO-RegenReg,Hopper-v4,4
315883,reward,8325,128.34036744457526,134.369,PPO-RegenReg,Hopper-v4,4
315904,reward,8326,28.073100489591397,125.017,PPO-RegenReg,Hopper-v4,4
315937,reward,8327,55.457538129821856,111.887,PPO-RegenReg,Hopper-v4,4
316022,reward,8328,185.53769643061798,124.873,PPO-RegenReg,Hopper-v4,4
316072,reward,8329,87.48451422458747,128.223,PPO-RegenReg,Hopper-v4,4
316157,reward,8330,189.33399448763683,128.795,PPO-RegenReg,Hopper-v4,4
316224,reward,8331,129.55205660229296,124.162,PPO-RegenReg,Hopper-v4,4
316295,reward,8332,146.92829643666707,123.161,PPO-RegenReg,Hopper-v4,4
316356,reward,8333,116.63196422875569,116.242,PPO-RegenReg,Hopper-v4,4
316392,reward,8334,62.668432839557696,113.001,PPO-RegenReg,Hopper-v4,4
316421,reward,8335,48.09355205655656,104.976,PPO-RegenReg,Hopper-v4,4
316487,reward,8336,129.78233985158153,115.147,PPO-RegenReg,Hopper-v4,4
316523,reward,8337,61.1633711089248,115.718,PPO-RegenReg,Hopper-v4,4
316577,reward,8338,97.2050884061317,106.884,PPO-RegenReg,Hopper-v4,4
316626,reward,8339,87.74724865954788,106.911,PPO-RegenReg,Hopper-v4,4
316710,reward,8340,181.21630610050198,106.099,PPO-RegenReg,Hopper-v4,4
316740,reward,8341,50.25890065847326,98.17,PPO-RegenReg,Hopper-v4,4
316791,reward,8342,89.63121541168697,92.44,PPO-RegenReg,Hopper-v4,4
316874,reward,8343,178.69398098660153,98.646,PPO-RegenReg,Hopper-v4,4
316925,reward,8344,91.71322817090216,101.551,PPO-RegenReg,Hopper-v4,4
316981,reward,8345,103.80356524451747,107.122,PPO-RegenReg,Hopper-v4,4
317033,reward,8346,92.41861273156397,103.385,PPO-RegenReg,Hopper-v4,4
317116,reward,8347,184.8872266414906,115.758,PPO-RegenReg,Hopper-v4,4
317179,reward,8348,123.85037867014152,118.422,PPO-RegenReg,Hopper-v4,4
317267,reward,8349,199.18657561114978,129.566,PPO-RegenReg,Hopper-v4,4
317333,reward,8350,129.13337295030303,124.358,PPO-RegenReg,Hopper-v4,4
317416,reward,8351,183.32417127656888,137.664,PPO-RegenReg,Hopper-v4,4
317451,reward,8352,60.34830686205486,134.736,PPO-RegenReg,Hopper-v4,4
317516,reward,8353,124.17441689725092,129.284,PPO-RegenReg,Hopper-v4,4
317576,reward,8354,113.66862434433995,131.48,PPO-RegenReg,Hopper-v4,4
317655,reward,8355,167.0860396985607,137.808,PPO-RegenReg,Hopper-v4,4
317740,reward,8356,187.26364933807818,147.292,PPO-RegenReg,Hopper-v4,4
317773,reward,8357,57.31622713569678,134.535,PPO-RegenReg,Hopper-v4,4
317822,reward,8358,90.62598347695521,131.213,PPO-RegenReg,Hopper-v4,4
317886,reward,8359,123.64735160712138,123.659,PPO-RegenReg,Hopper-v4,4
317918,reward,8360,55.85872199203495,116.331,PPO-RegenReg,Hopper-v4,4
317987,reward,8361,134.8094593871844,111.48,PPO-RegenReg,Hopper-v4,4
318033,reward,8362,78.93402678555503,113.338,PPO-RegenReg,Hopper-v4,4
318071,reward,8363,69.13286852836403,107.834,PPO-RegenReg,Hopper-v4,4
318137,reward,8364,131.58014034764764,109.625,PPO-RegenReg,Hopper-v4,4
318185,reward,8365,86.00746611721434,101.518,PPO-RegenReg,Hopper-v4,4
318254,reward,8366,139.1627347138097,96.707,PPO-RegenReg,Hopper-v4,4
318345,reward,8367,191.80561463513104,110.156,PPO-RegenReg,Hopper-v4,4
318426,reward,8368,177.7552912178674,118.869,PPO-RegenReg,Hopper-v4,4
318496,reward,8369,143.24867800455186,120.83,PPO-RegenReg,Hopper-v4,4
318583,reward,8370,184.97978701281312,133.742,PPO-RegenReg,Hopper-v4,4
318638,reward,8371,99.64298583569332,130.225,PPO-RegenReg,Hopper-v4,4
318693,reward,8372,100.30577405178408,132.362,PPO-RegenReg,Hopper-v4,4
318755,reward,8373,118.59389217151508,137.308,PPO-RegenReg,Hopper-v4,4
318802,reward,8374,83.27868723192643,132.478,PPO-RegenReg,Hopper-v4,4
318831,reward,8375,49.50541752794605,128.828,PPO-RegenReg,Hopper-v4,4
318893,reward,8376,118.75380112725179,126.787,PPO-RegenReg,Hopper-v4,4
318980,reward,8377,191.95047014225955,126.801,PPO-RegenReg,Hopper-v4,4
319043,reward,8378,118.54645763214954,120.881,PPO-RegenReg,Hopper-v4,4
319120,reward,8379,166.75507352968827,123.231,PPO-RegenReg,Hopper-v4,4
319159,reward,8380,66.10774627636717,111.344,PPO-RegenReg,Hopper-v4,4
319248,reward,8381,199.43021230990922,121.323,PPO-RegenReg,Hopper-v4,4
319303,reward,8382,100.83283214886453,121.375,PPO-RegenReg,Hopper-v4,4
319358,reward,8383,100.93031467407677,119.609,PPO-RegenReg,Hopper-v4,4
319394,reward,8384,62.74098569485443,117.555,PPO-RegenReg,Hopper-v4,4
319483,reward,8385,199.6792484485866,132.573,PPO-RegenReg,Hopper-v4,4
319529,reward,8386,78.36414244634229,128.534,PPO-RegenReg,Hopper-v4,4
319577,reward,8387,85.3087144850704,117.87,PPO-RegenReg,Hopper-v4,4
319657,reward,8388,175.02725851159468,123.518,PPO-RegenReg,Hopper-v4,4
319745,reward,8389,196.55959740370298,126.498,PPO-RegenReg,Hopper-v4,4
319815,reward,8390,140.28486423139816,133.916,PPO-RegenReg,Hopper-v4,4
319854,reward,8391,67.77727056246384,120.751,PPO-RegenReg,Hopper-v4,4
319905,reward,8392,89.93044995453005,119.66,PPO-RegenReg,Hopper-v4,4
319960,reward,8393,99.65322676796103,119.533,PPO-RegenReg,Hopper-v4,4
320001,reward,8394,70.48894507414443,120.307,PPO-RegenReg,Hopper-v4,4
320039,reward,8395,64.0354829140611,106.743,PPO-RegenReg,Hopper-v4,4
320096,reward,8396,104.49271105036175,109.356,PPO-RegenReg,Hopper-v4,4
320162,reward,8397,130.3037980909105,113.855,PPO-RegenReg,Hopper-v4,4
320224,reward,8398,118.20538677341874,108.173,PPO-RegenReg,Hopper-v4,4
320269,reward,8399,78.70585071853495,96.388,PPO-RegenReg,Hopper-v4,4
320308,reward,8400,68.65953983230355,89.225,PPO-RegenReg,Hopper-v4,4
320358,reward,8401,88.14358865091515,91.262,PPO-RegenReg,Hopper-v4,4
320422,reward,8402,126.51092874308404,94.92,PPO-RegenReg,Hopper-v4,4
320459,reward,8403,62.09483088047853,91.164,PPO-RegenReg,Hopper-v4,4
320512,reward,8404,95.00125933568864,93.615,PPO-RegenReg,Hopper-v4,4
320547,reward,8405,58.956472240455895,93.107,PPO-RegenReg,Hopper-v4,4
320588,reward,8406,71.8870227841346,89.847,PPO-RegenReg,Hopper-v4,4
320643,reward,8407,99.93536626871963,86.81,PPO-RegenReg,Hopper-v4,4
320693,reward,8408,89.68849880341139,83.958,PPO-RegenReg,Hopper-v4,4
320736,reward,8409,73.97900066054301,83.486,PPO-RegenReg,Hopper-v4,4
320784,reward,8410,86.3988537943397,85.26,PPO-RegenReg,Hopper-v4,4
320874,reward,8411,205.01723831578255,96.947,PPO-RegenReg,Hopper-v4,4
320919,reward,8412,77.74627309783837,92.07,PPO-RegenReg,Hopper-v4,4
320998,reward,8413,171.56075786426933,103.017,PPO-RegenReg,Hopper-v4,4
321078,reward,8414,175.63664113295513,111.081,PPO-RegenReg,Hopper-v4,4
321146,reward,8415,135.72736580897168,118.758,PPO-RegenReg,Hopper-v4,4
321203,reward,8416,104.31817073254717,122.001,PPO-RegenReg,Hopper-v4,4
321287,reward,8417,187.66865465169298,130.774,PPO-RegenReg,Hopper-v4,4
321364,reward,8418,166.3025170816893,138.436,PPO-RegenReg,Hopper-v4,4
321442,reward,8419,165.63325540436233,147.601,PPO-RegenReg,Hopper-v4,4
321509,reward,8420,134.65522419082916,152.427,PPO-RegenReg,Hopper-v4,4
321599,reward,8421,203.9822818441973,152.323,PPO-RegenReg,Hopper-v4,4
321643,reward,8422,71.38606095823668,151.687,PPO-RegenReg,Hopper-v4,4
321697,reward,8423,97.67480144935942,144.298,PPO-RegenReg,Hopper-v4,4
321731,reward,8424,59.125647259750075,132.647,PPO-RegenReg,Hopper-v4,4
321769,reward,8425,63.20771691828984,125.395,PPO-RegenReg,Hopper-v4,4
321841,reward,8426,144.1213543975382,129.376,PPO-RegenReg,Hopper-v4,4
321874,reward,8427,55.64391511442546,116.173,PPO-RegenReg,Hopper-v4,4
321929,reward,8428,99.82719968984904,109.526,PPO-RegenReg,Hopper-v4,4
322012,reward,8429,175.31885438792935,110.494,PPO-RegenReg,Hopper-v4,4
322051,reward,8430,66.11060963792369,103.64,PPO-RegenReg,Hopper-v4,4
322100,reward,8431,70.4327088722366,90.285,PPO-RegenReg,Hopper-v4,4
322155,reward,8432,98.51472675759061,92.998,PPO-RegenReg,Hopper-v4,4
322233,reward,8433,167.74020859832783,100.004,PPO-RegenReg,Hopper-v4,4
322300,reward,8434,129.48310047258587,107.04,PPO-RegenReg,Hopper-v4,4
322387,reward,8435,194.97904101666398,120.217,PPO-RegenReg,Hopper-v4,4
322440,reward,8436,93.7423990030765,115.179,PPO-RegenReg,Hopper-v4,4
322528,reward,8437,201.52107558035377,129.767,PPO-RegenReg,Hopper-v4,4
322595,reward,8438,132.90845690396773,133.075,PPO-RegenReg,Hopper-v4,4
322626,reward,8439,51.78661878104941,120.722,PPO-RegenReg,Hopper-v4,4
322670,reward,8440,75.43391441847916,121.654,PPO-RegenReg,Hopper-v4,4
322752,reward,8441,182.41432150202857,132.852,PPO-RegenReg,Hopper-v4,4
322816,reward,8442,127.70098789385476,135.771,PPO-RegenReg,Hopper-v4,4
322850,reward,8443,55.71130115823577,124.568,PPO-RegenReg,Hopper-v4,4
322929,reward,8444,172.35813915993197,128.856,PPO-RegenReg,Hopper-v4,4
322974,reward,8445,77.08843557205866,117.067,PPO-RegenReg,Hopper-v4,4
323042,reward,8446,134.12393395151167,121.105,PPO-RegenReg,Hopper-v4,4
323076,reward,8447,57.4411818732785,106.697,PPO-RegenReg,Hopper-v4,4
323153,reward,8448,165.4568555638135,109.952,PPO-RegenReg,Hopper-v4,4
323202,reward,8449,86.2437733232182,113.397,PPO-RegenReg,Hopper-v4,4
323273,reward,8450,145.06295112803545,120.36,PPO-RegenReg,Hopper-v4,4
323350,reward,8451,165.57134103529032,118.676,PPO-RegenReg,Hopper-v4,4
323433,reward,8452,180.8328556074772,123.989,PPO-RegenReg,Hopper-v4,4
323502,reward,8453,141.60436723490784,132.578,PPO-RegenReg,Hopper-v4,4
323551,reward,8454,87.32753513557971,124.075,PPO-RegenReg,Hopper-v4,4
323625,reward,8455,155.81582122664005,131.948,PPO-RegenReg,Hopper-v4,4
323707,reward,8456,182.93569505108897,136.829,PPO-RegenReg,Hopper-v4,4
323777,reward,8457,143.66557508061712,145.452,PPO-RegenReg,Hopper-v4,4
323837,reward,8458,112.96191413960194,140.202,PPO-RegenReg,Hopper-v4,4
323888,reward,8459,92.30362197057418,140.808,PPO-RegenReg,Hopper-v4,4
323927,reward,8460,67.63566086961275,133.065,PPO-RegenReg,Hopper-v4,4
323963,reward,8461,60.53675606841204,122.562,PPO-RegenReg,Hopper-v4,4
324043,reward,8462,174.1858401465709,121.897,PPO-RegenReg,Hopper-v4,4
324123,reward,8463,174.86276979819914,125.223,PPO-RegenReg,Hopper-v4,4
324206,reward,8464,185.7853358770261,135.069,PPO-RegenReg,Hopper-v4,4
324251,reward,8465,77.2898452045852,127.216,PPO-RegenReg,Hopper-v4,4
324287,reward,8466,60.05798097994506,114.929,PPO-RegenReg,Hopper-v4,4
324371,reward,8467,186.48019319571762,119.21,PPO-RegenReg,Hopper-v4,4
324427,reward,8468,106.44651796545298,118.558,PPO-RegenReg,Hopper-v4,4
324476,reward,8469,86.27047317881602,117.955,PPO-RegenReg,Hopper-v4,4
324535,reward,8470,113.55509125493103,122.547,PPO-RegenReg,Hopper-v4,4
324595,reward,8471,114.520313631942,127.945,PPO-RegenReg,Hopper-v4,4
324628,reward,8472,55.59809530195329,116.087,PPO-RegenReg,Hopper-v4,4
324691,reward,8473,119.15595193751548,110.516,PPO-RegenReg,Hopper-v4,4
324721,reward,8474,49.97052183270489,96.934,PPO-RegenReg,Hopper-v4,4
324775,reward,8475,98.92940889827071,99.098,PPO-RegenReg,Hopper-v4,4
324832,reward,8476,103.67567326263648,103.46,PPO-RegenReg,Hopper-v4,4
324876,reward,8477,75.71217807993375,92.383,PPO-RegenReg,Hopper-v4,4
324928,reward,8478,92.70305778939321,91.009,PPO-RegenReg,Hopper-v4,4
324967,reward,8479,66.25418294093205,89.007,PPO-RegenReg,Hopper-v4,4
325018,reward,8480,92.91895792526017,86.944,PPO-RegenReg,Hopper-v4,4
325091,reward,8481,151.26907209191796,90.619,PPO-RegenReg,Hopper-v4,4
325142,reward,8482,91.21937607532362,94.181,PPO-RegenReg,Hopper-v4,4
325178,reward,8483,62.11213034337294,88.476,PPO-RegenReg,Hopper-v4,4
325239,reward,8484,118.22240007896605,95.302,PPO-RegenReg,Hopper-v4,4
325303,reward,8485,126.00376140506798,98.009,PPO-RegenReg,Hopper-v4,4
325348,reward,8486,78.85192375159346,95.527,PPO-RegenReg,Hopper-v4,4
325404,reward,8487,101.12646950137712,98.068,PPO-RegenReg,Hopper-v4,4
325465,reward,8488,114.67200262842748,100.265,PPO-RegenReg,Hopper-v4,4
325518,reward,8489,93.16987920887419,102.957,PPO-RegenReg,Hopper-v4,4
325600,reward,8490,182.21987436022383,111.887,PPO-RegenReg,Hopper-v4,4
325633,reward,8491,56.96190149117721,102.456,PPO-RegenReg,Hopper-v4,4
325701,reward,8492,135.740384092418,106.908,PPO-RegenReg,Hopper-v4,4
325783,reward,8493,172.3478521832079,117.932,PPO-RegenReg,Hopper-v4,4
325817,reward,8494,58.396883549249985,111.949,PPO-RegenReg,Hopper-v4,4
325851,reward,8495,57.61088977000318,105.11,PPO-RegenReg,Hopper-v4,4
325896,reward,8496,79.18019719224883,105.143,PPO-RegenReg,Hopper-v4,4
325952,reward,8497,103.47142991881404,105.377,PPO-RegenReg,Hopper-v4,4
325994,reward,8498,73.1645826482899,101.226,PPO-RegenReg,Hopper-v4,4
326080,reward,8499,187.78304562009853,110.688,PPO-RegenReg,Hopper-v4,4
326153,reward,8500,151.02862970420378,107.569,PPO-RegenReg,Hopper-v4,4
326199,reward,8501,80.47171372474703,109.92,PPO-RegenReg,Hopper-v4,4
326289,reward,8502,204.04040871666973,116.75,PPO-RegenReg,Hopper-v4,4
326329,reward,8503,68.59493145416943,106.374,PPO-RegenReg,Hopper-v4,4
326362,reward,8504,55.71326324312248,106.106,PPO-RegenReg,Hopper-v4,4
326406,reward,8505,78.20895385042145,108.166,PPO-RegenReg,Hopper-v4,4
326481,reward,8506,158.5909341900102,116.107,PPO-RegenReg,Hopper-v4,4
326528,reward,8507,87.32984733561374,114.493,PPO-RegenReg,Hopper-v4,4
326582,reward,8508,97.88107113491319,116.964,PPO-RegenReg,Hopper-v4,4
326657,reward,8509,159.96853516229822,114.183,PPO-RegenReg,Hopper-v4,4
326725,reward,8510,138.4656920328987,112.927,PPO-RegenReg,Hopper-v4,4
326797,reward,8511,147.76747081111952,119.656,PPO-RegenReg,Hopper-v4,4
326831,reward,8512,58.00292927764593,105.052,PPO-RegenReg,Hopper-v4,4
326912,reward,8513,179.58362146078665,116.151,PPO-RegenReg,Hopper-v4,4
326999,reward,8514,196.85980528857894,130.266,PPO-RegenReg,Hopper-v4,4
327064,reward,8515,124.55266129474103,134.9,PPO-RegenReg,Hopper-v4,4
327139,reward,8516,155.47982112369593,134.589,PPO-RegenReg,Hopper-v4,4
327178,reward,8517,68.55328335381104,132.711,PPO-RegenReg,Hopper-v4,4
327226,reward,8518,83.67345428056916,131.291,PPO-RegenReg,Hopper-v4,4
327263,reward,8519,64.14324630138783,121.708,PPO-RegenReg,Hopper-v4,4
327343,reward,8520,175.52773690989832,125.414,PPO-RegenReg,Hopper-v4,4
327378,reward,8521,61.29583367567398,116.767,PPO-RegenReg,Hopper-v4,4
327421,reward,8522,73.70147167284158,118.337,PPO-RegenReg,Hopper-v4,4
327462,reward,8523,72.17199122661705,107.596,PPO-RegenReg,Hopper-v4,4
327536,reward,8524,155.327492903771,103.443,PPO-RegenReg,Hopper-v4,4
327573,reward,8525,63.557197196313396,97.343,PPO-RegenReg,Hopper-v4,4
327635,reward,8526,119.54500340248794,93.75,PPO-RegenReg,Hopper-v4,4
327667,reward,8527,53.373011236281236,92.232,PPO-RegenReg,Hopper-v4,4
327749,reward,8528,178.51734678367785,101.716,PPO-RegenReg,Hopper-v4,4
327824,reward,8529,147.98096833962347,110.1,PPO-RegenReg,Hopper-v4,4
327866,reward,8530,74.04205241811036,99.951,PPO-RegenReg,Hopper-v4,4
327921,reward,8531,98.5501680564689,103.677,PPO-RegenReg,Hopper-v4,4
327971,reward,8532,87.90664294078074,105.097,PPO-RegenReg,Hopper-v4,4
328057,reward,8533,188.16845143865388,116.697,PPO-RegenReg,Hopper-v4,4
328093,reward,8534,60.506907365447,107.215,PPO-RegenReg,Hopper-v4,4
328166,reward,8535,153.1499170080677,116.174,PPO-RegenReg,Hopper-v4,4
328229,reward,8536,125.44741203992294,116.764,PPO-RegenReg,Hopper-v4,4
328312,reward,8537,182.611549995067,129.688,PPO-RegenReg,Hopper-v4,4
328351,reward,8538,67.58380954832904,118.595,PPO-RegenReg,Hopper-v4,4
328437,reward,8539,184.32576886384456,122.229,PPO-RegenReg,Hopper-v4,4
328521,reward,8540,182.85580497183366,133.111,PPO-RegenReg,Hopper-v4,4
328607,reward,8541,179.1671561454481,141.172,PPO-RegenReg,Hopper-v4,4
328629,reward,8542,30.502263930198488,135.432,PPO-RegenReg,Hopper-v4,4
328667,reward,8543,65.09694062477865,123.125,PPO-RegenReg,Hopper-v4,4
328716,reward,8544,85.21968551810889,125.596,PPO-RegenReg,Hopper-v4,4
328806,reward,8545,199.3910473706971,130.22,PPO-RegenReg,Hopper-v4,4
328878,reward,8546,142.43628970670667,131.919,PPO-RegenReg,Hopper-v4,4
328953,reward,8547,153.35954618539364,128.994,PPO-RegenReg,Hopper-v4,4
329039,reward,8548,183.11756650388892,140.547,PPO-RegenReg,Hopper-v4,4
329085,reward,8549,78.57026769657848,129.972,PPO-RegenReg,Hopper-v4,4
329159,reward,8550,156.26521131516765,127.313,PPO-RegenReg,Hopper-v4,4
329243,reward,8551,186.21225970735537,128.017,PPO-RegenReg,Hopper-v4,4
329329,reward,8552,193.55913543630135,144.323,PPO-RegenReg,Hopper-v4,4
329403,reward,8553,155.82416124650823,153.396,PPO-RegenReg,Hopper-v4,4
329493,reward,8554,203.82889830515848,165.256,PPO-RegenReg,Hopper-v4,4
329583,reward,8555,205.39310173129127,165.857,PPO-RegenReg,Hopper-v4,4
329663,reward,8556,173.90386655197702,169.003,PPO-RegenReg,Hopper-v4,4
329749,reward,8557,185.02798897394038,172.17,PPO-RegenReg,Hopper-v4,4
329828,reward,8558,172.46210507259164,171.105,PPO-RegenReg,Hopper-v4,4
329884,reward,8559,101.21516516327232,173.369,PPO-RegenReg,Hopper-v4,4
329937,reward,8560,94.95003647853021,167.238,PPO-RegenReg,Hopper-v4,4
330025,reward,8561,191.47342778708244,167.764,PPO-RegenReg,Hopper-v4,4
330089,reward,8562,124.33820929656179,160.842,PPO-RegenReg,Hopper-v4,4
330132,reward,8563,73.39918154466334,152.599,PPO-RegenReg,Hopper-v4,4
330205,reward,8564,150.63266208698408,147.28,PPO-RegenReg,Hopper-v4,4
330276,reward,8565,144.75445320856247,141.216,PPO-RegenReg,Hopper-v4,4
330326,reward,8566,91.15291317129513,132.941,PPO-RegenReg,Hopper-v4,4
330407,reward,8567,179.05753138643124,132.344,PPO-RegenReg,Hopper-v4,4
330496,reward,8568,200.70334453566178,135.168,PPO-RegenReg,Hopper-v4,4
330585,reward,8569,202.54800950210912,145.301,PPO-RegenReg,Hopper-v4,4
330662,reward,8570,166.4474646762922,152.451,PPO-RegenReg,Hopper-v4,4
330740,reward,8571,164.9504578381054,149.798,PPO-RegenReg,Hopper-v4,4
330824,reward,8572,187.10364484665652,156.075,PPO-RegenReg,Hopper-v4,4
330869,reward,8573,73.25852900523937,156.061,PPO-RegenReg,Hopper-v4,4
330941,reward,8574,146.9974456265534,155.697,PPO-RegenReg,Hopper-v4,4
331026,reward,8575,185.81666781492717,159.804,PPO-RegenReg,Hopper-v4,4
331112,reward,8576,188.27094655121397,169.515,PPO-RegenReg,Hopper-v4,4
331180,reward,8577,138.17208556438493,165.427,PPO-RegenReg,Hopper-v4,4
331217,reward,8578,64.71084521068695,151.828,PPO-RegenReg,Hopper-v4,4
331295,reward,8579,166.42575122163942,148.215,PPO-RegenReg,Hopper-v4,4
331324,reward,8580,48.77363708910268,136.448,PPO-RegenReg,Hopper-v4,4
331356,reward,8581,52.774356836213684,125.23,PPO-RegenReg,Hopper-v4,4
331395,reward,8582,66.50428692392896,113.17,PPO-RegenReg,Hopper-v4,4
331477,reward,8583,182.55676044147435,124.1,PPO-RegenReg,Hopper-v4,4
331513,reward,8584,59.97615479456171,115.398,PPO-RegenReg,Hopper-v4,4
331600,reward,8585,196.5923435949722,116.476,PPO-RegenReg,Hopper-v4,4
331686,reward,8586,184.94159812882842,116.143,PPO-RegenReg,Hopper-v4,4
331769,reward,8587,185.68620189220988,120.894,PPO-RegenReg,Hopper-v4,4
331852,reward,8588,184.0586038275634,132.829,PPO-RegenReg,Hopper-v4,4
331935,reward,8589,181.3709465338464,134.323,PPO-RegenReg,Hopper-v4,4
331974,reward,8590,67.36069007357555,136.182,PPO-RegenReg,Hopper-v4,4
332023,reward,8591,84.73173016818058,139.378,PPO-RegenReg,Hopper-v4,4
332093,reward,8592,143.07143728304987,147.035,PPO-RegenReg,Hopper-v4,4
332178,reward,8593,187.42623160860933,147.522,PPO-RegenReg,Hopper-v4,4
332252,reward,8594,154.40587478077506,156.965,PPO-RegenReg,Hopper-v4,4
332307,reward,8595,100.37748673315947,147.343,PPO-RegenReg,Hopper-v4,4
332368,reward,8596,116.0516104384948,140.454,PPO-RegenReg,Hopper-v4,4
332454,reward,8597,189.23947729141213,140.809,PPO-RegenReg,Hopper-v4,4
332490,reward,8598,61.580367902644895,128.562,PPO-RegenReg,Hopper-v4,4
332568,reward,8599,170.3995302636593,127.464,PPO-RegenReg,Hopper-v4,4
332628,reward,8600,113.29847798997235,132.058,PPO-RegenReg,Hopper-v4,4
332712,reward,8601,187.7247511152852,142.358,PPO-RegenReg,Hopper-v4,4
332784,reward,8602,146.05835238129364,142.656,PPO-RegenReg,Hopper-v4,4
332835,reward,8603,83.2493702654638,132.239,PPO-RegenReg,Hopper-v4,4
332904,reward,8604,139.9941143082155,130.797,PPO-RegenReg,Hopper-v4,4
332982,reward,8605,168.25031114418687,137.585,PPO-RegenReg,Hopper-v4,4
333026,reward,8606,77.33560373199848,133.713,PPO-RegenReg,Hopper-v4,4
333103,reward,8607,153.64765553439022,130.154,PPO-RegenReg,Hopper-v4,4
333120,reward,8608,18.523521860608078,125.848,PPO-RegenReg,Hopper-v4,4
333206,reward,8609,191.66333436288983,127.975,PPO-RegenReg,Hopper-v4,4
333263,reward,8610,103.86211281449249,127.031,PPO-RegenReg,Hopper-v4,4
333352,reward,8611,198.71362768705862,128.13,PPO-RegenReg,Hopper-v4,4
333390,reward,8612,65.654894737017,120.089,PPO-RegenReg,Hopper-v4,4
333474,reward,8613,185.47335293020942,130.312,PPO-RegenReg,Hopper-v4,4
333507,reward,8614,57.12234221486142,122.025,PPO-RegenReg,Hopper-v4,4
333568,reward,8615,113.9828445948906,116.598,PPO-RegenReg,Hopper-v4,4
333634,reward,8616,132.55030169970468,122.119,PPO-RegenReg,Hopper-v4,4
333714,reward,8617,174.44500494802577,124.199,PPO-RegenReg,Hopper-v4,4
333765,reward,8618,94.46059586671427,131.793,PPO-RegenReg,Hopper-v4,4
333795,reward,8619,50.858585229073284,117.712,PPO-RegenReg,Hopper-v4,4
333880,reward,8620,190.41585582977146,126.368,PPO-RegenReg,Hopper-v4,4
333925,reward,8621,78.45270656465523,114.342,PPO-RegenReg,Hopper-v4,4
333978,reward,8622,95.67906954894337,117.344,PPO-RegenReg,Hopper-v4,4
334032,reward,8623,98.05621365430981,108.602,PPO-RegenReg,Hopper-v4,4
334067,reward,8624,60.34504943160576,108.925,PPO-RegenReg,Hopper-v4,4
334106,reward,8625,67.79783950173703,104.306,PPO-RegenReg,Hopper-v4,4
334174,reward,8626,137.59723407457741,104.811,PPO-RegenReg,Hopper-v4,4
334219,reward,8627,77.43333120687468,95.11,PPO-RegenReg,Hopper-v4,4
334256,reward,8628,65.08971834848441,92.173,PPO-RegenReg,Hopper-v4,4
334311,reward,8629,101.49020855006289,97.236,PPO-RegenReg,Hopper-v4,4
334374,reward,8630,121.15102113029246,90.309,PPO-RegenReg,Hopper-v4,4
334460,reward,8631,185.32315395576438,100.996,PPO-RegenReg,Hopper-v4,4
334546,reward,8632,187.54297662667787,110.183,PPO-RegenReg,Hopper-v4,4
334632,reward,8633,185.33033647178965,118.91,PPO-RegenReg,Hopper-v4,4
334718,reward,8634,192.4531747966243,132.121,PPO-RegenReg,Hopper-v4,4
334763,reward,8635,78.19753785523999,133.161,PPO-RegenReg,Hopper-v4,4
334819,reward,8636,100.32699883512458,129.434,PPO-RegenReg,Hopper-v4,4
334906,reward,8637,195.60202929819016,141.251,PPO-RegenReg,Hopper-v4,4
334993,reward,8638,195.92599887516172,154.334,PPO-RegenReg,Hopper-v4,4
335050,reward,8639,104.86116031982084,154.671,PPO-RegenReg,Hopper-v4,4
335128,reward,8640,168.35750930746468,159.392,PPO-RegenReg,Hopper-v4,4
335161,reward,8641,54.913212460748305,146.351,PPO-RegenReg,Hopper-v4,4
335230,reward,8642,136.4216145891822,141.239,PPO-RegenReg,Hopper-v4,4
335313,reward,8643,164.86770985412622,139.193,PPO-RegenReg,Hopper-v4,4
335402,reward,8644,203.0364933045642,140.251,PPO-RegenReg,Hopper-v4,4
335434,reward,8645,48.58411345619744,137.29,PPO-RegenReg,Hopper-v4,4
335521,reward,8646,190.63966557771562,146.321,PPO-RegenReg,Hopper-v4,4
335555,reward,8647,56.81913410479277,132.443,PPO-RegenReg,Hopper-v4,4
335603,reward,8648,84.2473284896721,121.275,PPO-RegenReg,Hopper-v4,4
335692,reward,8649,200.69405209025976,130.858,PPO-RegenReg,Hopper-v4,4
335781,reward,8650,199.8341538499083,134.006,PPO-RegenReg,Hopper-v4,4
335813,reward,8651,55.95213254926151,134.11,PPO-RegenReg,Hopper-v4,4
335897,reward,8652,187.07639975405698,139.175,PPO-RegenReg,Hopper-v4,4
335982,reward,8653,181.2137006002583,140.81,PPO-RegenReg,Hopper-v4,4
336009,reward,8654,46.16439801477679,125.123,PPO-RegenReg,Hopper-v4,4
336099,reward,8655,205.75716779870123,140.84,PPO-RegenReg,Hopper-v4,4
336187,reward,8656,194.886354911933,141.264,PPO-RegenReg,Hopper-v4,4
336271,reward,8657,187.1808024179512,154.301,PPO-RegenReg,Hopper-v4,4
336355,reward,8658,180.06211576549725,163.882,PPO-RegenReg,Hopper-v4,4
336384,reward,8659,49.16048525884113,148.729,PPO-RegenReg,Hopper-v4,4
336474,reward,8660,203.64241927658324,149.11,PPO-RegenReg,Hopper-v4,4
336512,reward,8661,66.58871493567867,150.173,PPO-RegenReg,Hopper-v4,4
336540,reward,8662,47.70613830129845,136.236,PPO-RegenReg,Hopper-v4,4
336590,reward,8663,90.68002597209878,127.183,PPO-RegenReg,Hopper-v4,4
336641,reward,8664,89.11131188822122,131.478,PPO-RegenReg,Hopper-v4,4
336700,reward,8665,109.49118991651504,121.851,PPO-RegenReg,Hopper-v4,4
336784,reward,8666,179.34566141835884,120.297,PPO-RegenReg,Hopper-v4,4
336821,reward,8667,61.939995669103325,107.773,PPO-RegenReg,Hopper-v4,4
336905,reward,8668,181.24845887508297,107.891,PPO-RegenReg,Hopper-v4,4
336990,reward,8669,188.5953935084386,121.835,PPO-RegenReg,Hopper-v4,4
337050,reward,8670,114.2499466546868,112.896,PPO-RegenReg,Hopper-v4,4
337138,reward,8671,197.080987271845,125.945,PPO-RegenReg,Hopper-v4,4
337223,reward,8672,191.30419044349608,140.305,PPO-RegenReg,Hopper-v4,4
337253,reward,8673,50.02959791401483,136.24,PPO-RegenReg,Hopper-v4,4
337288,reward,8674,62.23916612945653,133.552,PPO-RegenReg,Hopper-v4,4
337328,reward,8675,68.3562569763945,129.439,PPO-RegenReg,Hopper-v4,4
337415,reward,8676,194.34974862488485,130.939,PPO-RegenReg,Hopper-v4,4
337506,reward,8677,203.00478306867853,145.046,PPO-RegenReg,Hopper-v4,4
337564,reward,8678,107.9208120072988,137.713,PPO-RegenReg,Hopper-v4,4
337653,reward,8679,197.7267589057842,138.626,PPO-RegenReg,Hopper-v4,4
337702,reward,8680,90.66010863620843,136.267,PPO-RegenReg,Hopper-v4,4
337784,reward,8681,175.85832093781409,134.145,PPO-RegenReg,Hopper-v4,4
337824,reward,8682,66.3096788283477,121.646,PPO-RegenReg,Hopper-v4,4
337867,reward,8683,76.50093798309257,124.293,PPO-RegenReg,Hopper-v4,4
337925,reward,8684,106.75851486127841,128.745,PPO-RegenReg,Hopper-v4,4
338008,reward,8685,183.80525999575133,140.289,PPO-RegenReg,Hopper-v4,4
338091,reward,8686,176.61940265803892,138.516,PPO-RegenReg,Hopper-v4,4
338122,reward,8687,51.878745709251696,123.404,PPO-RegenReg,Hopper-v4,4
338195,reward,8688,151.05850608517426,127.718,PPO-RegenReg,Hopper-v4,4
338280,reward,8689,187.98090060666232,126.743,PPO-RegenReg,Hopper-v4,4
338361,reward,8690,168.25426498488483,134.502,PPO-RegenReg,Hopper-v4,4
338390,reward,8691,48.66419708461378,121.783,PPO-RegenReg,Hopper-v4,4
338478,reward,8692,195.79181019013157,134.731,PPO-RegenReg,Hopper-v4,4
338561,reward,8693,183.62300487922835,145.443,PPO-RegenReg,Hopper-v4,4
338623,reward,8694,119.90078873060996,146.758,PPO-RegenReg,Hopper-v4,4
338703,reward,8695,173.66890553224925,145.744,PPO-RegenReg,Hopper-v4,4
338793,reward,8696,202.2055781003675,148.303,PPO-RegenReg,Hopper-v4,4
338855,reward,8697,116.98584449716903,154.813,PPO-RegenReg,Hopper-v4,4
338892,reward,8698,65.77289481393674,146.285,PPO-RegenReg,Hopper-v4,4
338977,reward,8699,187.44317195412165,146.231,PPO-RegenReg,Hopper-v4,4
339030,reward,8700,95.26994290409345,138.933,PPO-RegenReg,Hopper-v4,4
339114,reward,8701,183.36947233179052,152.403,PPO-RegenReg,Hopper-v4,4
339169,reward,8702,100.9948568919729,142.923,PPO-RegenReg,Hopper-v4,4
339256,reward,8703,193.68991393324742,143.93,PPO-RegenReg,Hopper-v4,4
339341,reward,8704,177.90749097085268,149.731,PPO-RegenReg,Hopper-v4,4
339412,reward,8705,146.24625587634543,146.989,PPO-RegenReg,Hopper-v4,4
339496,reward,8706,175.60199885420943,144.328,PPO-RegenReg,Hopper-v4,4
339541,reward,8707,80.04366865778242,140.634,PPO-RegenReg,Hopper-v4,4
339601,reward,8708,110.45509738506776,145.102,PPO-RegenReg,Hopper-v4,4
339673,reward,8709,149.8447613424274,141.342,PPO-RegenReg,Hopper-v4,4
339724,reward,8710,90.78014014630077,140.893,PPO-RegenReg,Hopper-v4,4
339761,reward,8711,64.2848325901159,128.985,PPO-RegenReg,Hopper-v4,4
339823,reward,8712,115.05049870465928,130.39,PPO-RegenReg,Hopper-v4,4
339865,reward,8713,71.13436949389778,118.135,PPO-RegenReg,Hopper-v4,4
339920,reward,8714,98.67425296331228,110.212,PPO-RegenReg,Hopper-v4,4
339988,reward,8715,138.2495074464469,109.412,PPO-RegenReg,Hopper-v4,4
340031,reward,8716,81.03272065468275,99.955,PPO-RegenReg,Hopper-v4,4
340121,reward,8717,186.6877440951481,110.619,PPO-RegenReg,Hopper-v4,4
340207,reward,8718,193.5779431674407,118.932,PPO-RegenReg,Hopper-v4,4
340249,reward,8719,72.41238010466884,111.188,PPO-RegenReg,Hopper-v4,4
340333,reward,8720,185.78123542266064,120.689,PPO-RegenReg,Hopper-v4,4
340376,reward,8721,77.57148518895032,122.017,PPO-RegenReg,Hopper-v4,4
340432,reward,8722,103.37928453256436,120.85,PPO-RegenReg,Hopper-v4,4
340471,reward,8723,67.20217174570121,120.457,PPO-RegenReg,Hopper-v4,4
340503,reward,8724,53.78776842842466,115.968,PPO-RegenReg,Hopper-v4,4
340592,reward,8725,196.12634209812617,121.756,PPO-RegenReg,Hopper-v4,4
340676,reward,8726,183.49627961529677,132.002,PPO-RegenReg,Hopper-v4,4
340758,reward,8727,180.7455419503252,131.408,PPO-RegenReg,Hopper-v4,4
340842,reward,8728,172.2625590988583,129.277,PPO-RegenReg,Hopper-v4,4
340880,reward,8729,68.26717123670025,128.862,PPO-RegenReg,Hopper-v4,4
340968,reward,8730,197.8857523099683,130.072,PPO-RegenReg,Hopper-v4,4
341053,reward,8731,188.846720171799,141.2,PPO-RegenReg,Hopper-v4,4
341127,reward,8732,156.2509102567722,146.487,PPO-RegenReg,Hopper-v4,4
341186,reward,8733,110.43852980148108,150.811,PPO-RegenReg,Hopper-v4,4
341272,reward,8734,175.69831042985618,163.002,PPO-RegenReg,Hopper-v4,4
341361,reward,8735,199.00576266572446,163.29,PPO-RegenReg,Hopper-v4,4
341400,reward,8736,66.22534477879552,151.563,PPO-RegenReg,Hopper-v4,4
341489,reward,8737,187.89508010918948,152.278,PPO-RegenReg,Hopper-v4,4
341523,reward,8738,58.56865946343946,140.908,PPO-RegenReg,Hopper-v4,4
341593,reward,8739,143.55418220839704,148.437,PPO-RegenReg,Hopper-v4,4
341626,reward,8740,55.83166385743175,134.232,PPO-RegenReg,Hopper-v4,4
341657,reward,8741,51.77994314092656,120.525,PPO-RegenReg,Hopper-v4,4
341733,reward,8742,162.20502837450536,121.12,PPO-RegenReg,Hopper-v4,4
341767,reward,8743,57.81189432287744,115.858,PPO-RegenReg,Hopper-v4,4
341856,reward,8744,182.4850576058644,116.536,PPO-RegenReg,Hopper-v4,4
341888,reward,8745,54.328196849878175,102.069,PPO-RegenReg,Hopper-v4,4
341927,reward,8746,68.46643711764267,102.293,PPO-RegenReg,Hopper-v4,4
341960,reward,8747,54.707968500564185,88.974,PPO-RegenReg,Hopper-v4,4
342025,reward,8748,128.6590845596197,95.983,PPO-RegenReg,Hopper-v4,4
342077,reward,8749,92.2775658070344,90.855,PPO-RegenReg,Hopper-v4,4
342118,reward,8750,72.17369471417116,92.489,PPO-RegenReg,Hopper-v4,4
342203,reward,8751,185.08606539505283,105.82,PPO-RegenReg,Hopper-v4,4
342291,reward,8752,198.72194767223212,109.472,PPO-RegenReg,Hopper-v4,4
342320,reward,8753,48.602484751699805,108.551,PPO-RegenReg,Hopper-v4,4
342405,reward,8754,181.48336177036694,108.451,PPO-RegenReg,Hopper-v4,4
342464,reward,8755,105.6640657434394,113.584,PPO-RegenReg,Hopper-v4,4
342553,reward,8756,197.48295254196304,126.486,PPO-RegenReg,Hopper-v4,4
342583,reward,8757,49.921087117846774,126.007,PPO-RegenReg,Hopper-v4,4
342643,reward,8758,113.05476156720647,124.447,PPO-RegenReg,Hopper-v4,4
342701,reward,8759,107.98360031583275,126.017,PPO-RegenReg,Hopper-v4,4
342777,reward,8760,163.4967442177261,135.15,PPO-RegenReg,Hopper-v4,4
342814,reward,8761,63.36163110589994,122.977,PPO-RegenReg,Hopper-v4,4
342889,reward,8762,153.4300746960188,118.448,PPO-RegenReg,Hopper-v4,4
342979,reward,8763,201.5235133194679,133.74,PPO-RegenReg,Hopper-v4,4
343067,reward,8764,196.79608998445707,135.271,PPO-RegenReg,Hopper-v4,4
343131,reward,8765,125.69024892022941,137.274,PPO-RegenReg,Hopper-v4,4
343209,reward,8766,169.80170934263907,134.506,PPO-RegenReg,Hopper-v4,4
343254,reward,8767,79.69581409192666,137.483,PPO-RegenReg,Hopper-v4,4
343309,reward,8768,100.28343763814367,136.206,PPO-RegenReg,Hopper-v4,4
343392,reward,8769,180.34379529849562,143.442,PPO-RegenReg,Hopper-v4,4
343479,reward,8770,194.3343261987495,146.526,PPO-RegenReg,Hopper-v4,4
343567,reward,8771,182.71107179789502,158.461,PPO-RegenReg,Hopper-v4,4
343652,reward,8772,187.6530918583873,161.883,PPO-RegenReg,Hopper-v4,4
343681,reward,8773,48.83772217881524,146.615,PPO-RegenReg,Hopper-v4,4
343756,reward,8774,159.21684010708898,142.857,PPO-RegenReg,Hopper-v4,4
343845,reward,8775,200.59551007582678,150.347,PPO-RegenReg,Hopper-v4,4
343930,reward,8776,189.14901889289726,152.282,PPO-RegenReg,Hopper-v4,4
343980,reward,8777,89.8060740450089,153.293,PPO-RegenReg,Hopper-v4,4
344024,reward,8778,76.03453544134264,150.868,PPO-RegenReg,Hopper-v4,4
344054,reward,8779,50.27873579894009,137.862,PPO-RegenReg,Hopper-v4,4
344141,reward,8780,193.89526046116927,137.818,PPO-RegenReg,Hopper-v4,4
344214,reward,8781,151.3715486346845,134.684,PPO-RegenReg,Hopper-v4,4
344253,reward,8782,67.4684709037492,122.665,PPO-RegenReg,Hopper-v4,4
344338,reward,8783,188.213231079068,136.603,PPO-RegenReg,Hopper-v4,4
344371,reward,8784,54.65961032493937,126.147,PPO-RegenReg,Hopper-v4,4
344399,reward,8785,48.11806032239017,110.899,PPO-RegenReg,Hopper-v4,4
344454,reward,8786,99.19290391660276,101.904,PPO-RegenReg,Hopper-v4,4
344509,reward,8787,100.01389613436734,102.925,PPO-RegenReg,Hopper-v4,4
344589,reward,8788,161.05314685547924,111.426,PPO-RegenReg,Hopper-v4,4
344622,reward,8789,57.28350326730901,112.127,PPO-RegenReg,Hopper-v4,4
344666,reward,8790,77.81485947885966,100.519,PPO-RegenReg,Hopper-v4,4
344716,reward,8791,88.43199976102927,94.225,PPO-RegenReg,Hopper-v4,4
344801,reward,8792,189.44240930920557,106.422,PPO-RegenReg,Hopper-v4,4
344830,reward,8793,48.87388635412065,92.488,PPO-RegenReg,Hopper-v4,4
344869,reward,8794,69.75185128797776,93.998,PPO-RegenReg,Hopper-v4,4
344920,reward,8795,92.70918164513473,98.457,PPO-RegenReg,Hopper-v4,4
344969,reward,8796,90.95639736238294,97.633,PPO-RegenReg,Hopper-v4,4
345058,reward,8797,201.44838069555385,107.777,PPO-RegenReg,Hopper-v4,4
345087,reward,8798,48.283666576175776,96.5,PPO-RegenReg,Hopper-v4,4
345172,reward,8799,188.47082910653438,109.618,PPO-RegenReg,Hopper-v4,4
345214,reward,8800,73.26231820392356,109.163,PPO-RegenReg,Hopper-v4,4
345290,reward,8801,162.9410379457307,116.614,PPO-RegenReg,Hopper-v4,4
345372,reward,8802,168.2393967776773,114.494,PPO-RegenReg,Hopper-v4,4
345431,reward,8803,108.7003183301257,120.476,PPO-RegenReg,Hopper-v4,4
345463,reward,8804,55.462948316125356,119.047,PPO-RegenReg,Hopper-v4,4
345504,reward,8805,72.73794454751203,117.05,PPO-RegenReg,Hopper-v4,4
345545,reward,8806,73.51493647224255,115.306,PPO-RegenReg,Hopper-v4,4
345577,reward,8807,55.11889714448293,100.673,PPO-RegenReg,Hopper-v4,4
345629,reward,8808,92.70763097546201,105.116,PPO-RegenReg,Hopper-v4,4
345666,reward,8809,63.96170251851445,92.665,PPO-RegenReg,Hopper-v4,4
345725,reward,8810,108.65768262283264,96.204,PPO-RegenReg,Hopper-v4,4
345788,reward,8811,121.8507426523783,92.095,PPO-RegenReg,Hopper-v4,4
345851,reward,8812,120.8055321472076,87.352,PPO-RegenReg,Hopper-v4,4
345894,reward,8813,74.39182227863219,83.921,PPO-RegenReg,Hopper-v4,4
345943,reward,8814,88.82451990301209,87.257,PPO-RegenReg,Hopper-v4,4
345988,reward,8815,80.16182734222832,88.0,PPO-RegenReg,Hopper-v4,4
346052,reward,8816,119.79995767923637,92.628,PPO-RegenReg,Hopper-v4,4
346110,reward,8817,107.94991078324858,97.911,PPO-RegenReg,Hopper-v4,4
346139,reward,8818,48.4081118787971,93.481,PPO-RegenReg,Hopper-v4,4
346209,reward,8819,142.08768693317634,101.294,PPO-RegenReg,Hopper-v4,4
346257,reward,8820,82.56595678602983,98.685,PPO-RegenReg,Hopper-v4,4
346295,reward,8821,65.96473472256383,93.096,PPO-RegenReg,Hopper-v4,4
346380,reward,8822,185.3521891186973,99.551,PPO-RegenReg,Hopper-v4,4
346419,reward,8823,66.54709933254144,98.766,PPO-RegenReg,Hopper-v4,4
346498,reward,8824,173.31653186506736,107.215,PPO-RegenReg,Hopper-v4,4
346583,reward,8825,180.00590008589927,117.2,PPO-RegenReg,Hopper-v4,4
346620,reward,8826,62.772306626512915,111.497,PPO-RegenReg,Hopper-v4,4
346689,reward,8827,138.47175068078752,114.549,PPO-RegenReg,Hopper-v4,4
346717,reward,8828,47.29876426577528,114.438,PPO-RegenReg,Hopper-v4,4
346764,reward,8829,81.81197313759965,108.411,PPO-RegenReg,Hopper-v4,4
346822,reward,8830,107.50336892892406,110.904,PPO-RegenReg,Hopper-v4,4
346889,reward,8831,130.99552301162797,117.408,PPO-RegenReg,Hopper-v4,4
346928,reward,8832,68.03539828614066,105.676,PPO-RegenReg,Hopper-v4,4
346989,reward,8833,113.24401264545253,110.346,PPO-RegenReg,Hopper-v4,4
347083,reward,8834,214.03753233837062,114.418,PPO-RegenReg,Hopper-v4,4
347112,reward,8835,48.227469428832094,101.24,PPO-RegenReg,Hopper-v4,4
347171,reward,8836,108.82872154652864,105.845,PPO-RegenReg,Hopper-v4,4
347211,reward,8837,71.09804319411722,99.108,PPO-RegenReg,Hopper-v4,4
347264,reward,8838,96.04811423795269,103.983,PPO-RegenReg,Hopper-v4,4
347303,reward,8839,66.03104756082442,102.405,PPO-RegenReg,Hopper-v4,4
347377,reward,8840,155.4777865992645,107.202,PPO-RegenReg,Hopper-v4,4
347459,reward,8841,181.24910246007167,112.228,PPO-RegenReg,Hopper-v4,4
347501,reward,8842,74.94179182197668,112.918,PPO-RegenReg,Hopper-v4,4
347586,reward,8843,189.0181635255336,120.496,PPO-RegenReg,Hopper-v4,4
347637,reward,8844,97.036625728668,108.796,PPO-RegenReg,Hopper-v4,4
347722,reward,8845,189.83287431499363,122.956,PPO-RegenReg,Hopper-v4,4
347775,reward,8846,95.8713751635283,121.66,PPO-RegenReg,Hopper-v4,4
347822,reward,8847,82.79975068188982,122.831,PPO-RegenReg,Hopper-v4,4
347855,reward,8848,54.626938628737435,118.689,PPO-RegenReg,Hopper-v4,4
347889,reward,8849,57.17872400968729,117.803,PPO-RegenReg,Hopper-v4,4
347938,reward,8850,84.5503870169947,110.711,PPO-RegenReg,Hopper-v4,4
347972,reward,8851,57.27510003691107,98.313,PPO-RegenReg,Hopper-v4,4
347999,reward,8852,45.42458566007665,95.361,PPO-RegenReg,Hopper-v4,4
348073,reward,8853,155.54491489885928,92.014,PPO-RegenReg,Hopper-v4,4
348135,reward,8854,114.61841640269512,93.772,PPO-RegenReg,Hopper-v4,4
348171,reward,8855,61.929652361158716,80.982,PPO-RegenReg,Hopper-v4,4
348219,reward,8856,86.58650281212161,80.053,PPO-RegenReg,Hopper-v4,4
348258,reward,8857,68.74812066340698,78.648,PPO-RegenReg,Hopper-v4,4
348311,reward,8858,97.82283702411466,82.968,PPO-RegenReg,Hopper-v4,4
348397,reward,8859,188.72771609735346,96.123,PPO-RegenReg,Hopper-v4,4
348481,reward,8860,184.37930337962908,106.106,PPO-RegenReg,Hopper-v4,4
348570,reward,8861,191.68777262694294,119.547,PPO-RegenReg,Hopper-v4,4
348603,reward,8862,54.71616818233378,120.476,PPO-RegenReg,Hopper-v4,4
348639,reward,8863,62.34605227006784,111.156,PPO-RegenReg,Hopper-v4,4
348689,reward,8864,88.03776690865358,108.498,PPO-RegenReg,Hopper-v4,4
348752,reward,8865,118.05796898954254,114.111,PPO-RegenReg,Hopper-v4,4
348795,reward,8866,77.58797098890997,113.211,PPO-RegenReg,Hopper-v4,4
348829,reward,8867,56.87680810062706,112.024,PPO-RegenReg,Hopper-v4,4
348878,reward,8868,91.77820941276453,111.42,PPO-RegenReg,Hopper-v4,4
348910,reward,8869,52.893794178485926,97.836,PPO-RegenReg,Hopper-v4,4
348994,reward,8870,180.08751118181263,97.407,PPO-RegenReg,Hopper-v4,4
349080,reward,8871,192.31761639956062,97.47,PPO-RegenReg,Hopper-v4,4
349168,reward,8872,194.75018875575975,111.473,PPO-RegenReg,Hopper-v4,4
349202,reward,8873,59.015033142309804,111.14,PPO-RegenReg,Hopper-v4,4
349265,reward,8874,122.64350260947857,114.601,PPO-RegenReg,Hopper-v4,4
349320,reward,8875,99.43761128158641,112.739,PPO-RegenReg,Hopper-v4,4
349364,reward,8876,75.4499001061621,112.525,PPO-RegenReg,Hopper-v4,4
349400,reward,8877,63.62672201046097,113.2,PPO-RegenReg,Hopper-v4,4
349470,reward,8878,143.18935885761042,118.341,PPO-RegenReg,Hopper-v4,4
349553,reward,8879,183.95096063975512,131.447,PPO-RegenReg,Hopper-v4,4
349637,reward,8880,183.444091501366,131.782,PPO-RegenReg,Hopper-v4,4
349672,reward,8881,59.942868445083256,118.545,PPO-RegenReg,Hopper-v4,4
349713,reward,8882,73.38669933262345,106.409,PPO-RegenReg,Hopper-v4,4
349795,reward,8883,179.66579638527458,118.474,PPO-RegenReg,Hopper-v4,4
349824,reward,8884,48.077433280510654,111.017,PPO-RegenReg,Hopper-v4,4
349861,reward,8885,65.19884518357432,107.593,PPO-RegenReg,Hopper-v4,4
349896,reward,8886,59.893743267560126,106.038,PPO-RegenReg,Hopper-v4,4
349928,reward,8887,56.399744803646676,105.315,PPO-RegenReg,Hopper-v4,4
349960,reward,8888,53.89876774203143,96.386,PPO-RegenReg,Hopper-v4,4
349991,reward,8889,51.42798266186864,83.134,PPO-RegenReg,Hopper-v4,4
350051,reward,8890,111.57108256897307,75.946,PPO-RegenReg,Hopper-v4,4
350133,reward,8891,181.571005496483,88.109,PPO-RegenReg,Hopper-v4,4
350192,reward,8892,110.06442558253032,91.777,PPO-RegenReg,Hopper-v4,4
350241,reward,8893,88.48015657402661,82.658,PPO-RegenReg,Hopper-v4,4
350326,reward,8894,184.27545532773073,96.278,PPO-RegenReg,Hopper-v4,4
350397,reward,8895,139.90735653845144,103.749,PPO-RegenReg,Hopper-v4,4
350481,reward,8896,183.03649525133306,116.063,PPO-RegenReg,Hopper-v4,4
350571,reward,8897,206.06822636585014,131.03,PPO-RegenReg,Hopper-v4,4
350619,reward,8898,83.52901488418271,133.993,PPO-RegenReg,Hopper-v4,4
350706,reward,8899,195.38277415520486,148.389,PPO-RegenReg,Hopper-v4,4
350735,reward,8900,47.90120579898355,142.022,PPO-RegenReg,Hopper-v4,4
350775,reward,8901,70.13944095970987,130.878,PPO-RegenReg,Hopper-v4,4
350806,reward,8902,52.02741630939907,125.075,PPO-RegenReg,Hopper-v4,4
350891,reward,8903,167.8044193480131,133.007,PPO-RegenReg,Hopper-v4,4
350934,reward,8904,74.2924398953297,122.009,PPO-RegenReg,Hopper-v4,4
351016,reward,8905,173.01940828749946,125.32,PPO-RegenReg,Hopper-v4,4
351069,reward,8906,98.02587634236258,116.819,PPO-RegenReg,Hopper-v4,4
351148,reward,8907,159.85391259211323,112.198,PPO-RegenReg,Hopper-v4,4
351223,reward,8908,149.774893087502,118.822,PPO-RegenReg,Hopper-v4,4
351290,reward,8909,134.73347091033997,112.757,PPO-RegenReg,Hopper-v4,4
351354,reward,8910,121.08295648124302,120.075,PPO-RegenReg,Hopper-v4,4
351387,reward,8911,56.43833930206951,118.705,PPO-RegenReg,Hopper-v4,4
351446,reward,8912,107.8459080338218,124.287,PPO-RegenReg,Hopper-v4,4
351480,reward,8913,57.65960749251842,113.273,PPO-RegenReg,Hopper-v4,4
351515,reward,8914,61.31088002520924,111.975,PPO-RegenReg,Hopper-v4,4
351603,reward,8915,198.371441504093,114.51,PPO-RegenReg,Hopper-v4,4
351662,reward,8916,111.5627809637727,115.863,PPO-RegenReg,Hopper-v4,4
351699,reward,8917,64.24073763531119,106.302,PPO-RegenReg,Hopper-v4,4
351747,reward,8918,86.03868835319545,99.928,PPO-RegenReg,Hopper-v4,4
351789,reward,8919,74.75983493022106,93.931,PPO-RegenReg,Hopper-v4,4
351844,reward,8920,97.86414288101332,91.609,PPO-RegenReg,Hopper-v4,4
351913,reward,8921,134.40907826528635,99.406,PPO-RegenReg,Hopper-v4,4
351999,reward,8922,189.95955716801296,107.618,PPO-RegenReg,Hopper-v4,4
352029,reward,8923,50.24127115978458,106.876,PPO-RegenReg,Hopper-v4,4
352105,reward,8924,162.55944548578213,117.001,PPO-RegenReg,Hopper-v4,4
352186,reward,8925,178.8731756093933,115.051,PPO-RegenReg,Hopper-v4,4
352240,reward,8926,96.81711396283141,113.576,PPO-RegenReg,Hopper-v4,4
352297,reward,8927,104.70373173305289,117.623,PPO-RegenReg,Hopper-v4,4
352328,reward,8928,52.91530993199064,114.31,PPO-RegenReg,Hopper-v4,4
352364,reward,8929,62.65103956754773,113.099,PPO-RegenReg,Hopper-v4,4
352413,reward,8930,90.45986590678582,112.359,PPO-RegenReg,Hopper-v4,4
352456,reward,8931,76.89079838926791,106.607,PPO-RegenReg,Hopper-v4,4
352499,reward,8932,74.81817944749695,95.093,PPO-RegenReg,Hopper-v4,4
352564,reward,8933,128.114436383879,102.88,PPO-RegenReg,Hopper-v4,4
352650,reward,8934,193.5376289252737,105.978,PPO-RegenReg,Hopper-v4,4
352693,reward,8935,75.48206633581243,95.639,PPO-RegenReg,Hopper-v4,4
352745,reward,8936,92.79954415102281,95.237,PPO-RegenReg,Hopper-v4,4
352802,reward,8937,103.79661076756788,95.147,PPO-RegenReg,Hopper-v4,4
352891,reward,8938,202.32137747410673,110.087,PPO-RegenReg,Hopper-v4,4
352936,reward,8939,82.61642629207626,112.084,PPO-RegenReg,Hopper-v4,4
352984,reward,8940,85.02648870329274,111.54,PPO-RegenReg,Hopper-v4,4
353039,reward,8941,104.00762054931795,114.252,PPO-RegenReg,Hopper-v4,4
353067,reward,8942,47.72268415317979,111.542,PPO-RegenReg,Hopper-v4,4
353131,reward,8943,124.25989245607735,111.157,PPO-RegenReg,Hopper-v4,4
353181,reward,8944,89.72942132691242,100.776,PPO-RegenReg,Hopper-v4,4
353229,reward,8945,85.02981790561395,101.731,PPO-RegenReg,Hopper-v4,4
353316,reward,8946,179.33621500950133,110.385,PPO-RegenReg,Hopper-v4,4
353403,reward,8947,196.98476255450512,119.703,PPO-RegenReg,Hopper-v4,4
353460,reward,8948,105.22822976941217,109.994,PPO-RegenReg,Hopper-v4,4
353523,reward,8949,119.87219844534305,113.72,PPO-RegenReg,Hopper-v4,4
353556,reward,8950,55.633333259384834,110.78,PPO-RegenReg,Hopper-v4,4
353623,reward,8951,129.32371548417024,113.312,PPO-RegenReg,Hopper-v4,4
353669,reward,8952,80.9616915039538,116.636,PPO-RegenReg,Hopper-v4,4
353728,reward,8953,108.07966281975926,115.018,PPO-RegenReg,Hopper-v4,4
353767,reward,8954,67.18603293807593,112.764,PPO-RegenReg,Hopper-v4,4
353822,reward,8955,99.05151892441914,114.166,PPO-RegenReg,Hopper-v4,4
353889,reward,8956,131.18551576996677,109.351,PPO-RegenReg,Hopper-v4,4
353941,reward,8957,93.66066939095359,99.018,PPO-RegenReg,Hopper-v4,4
353975,reward,8958,56.12785729767486,94.108,PPO-RegenReg,Hopper-v4,4
354023,reward,8959,82.65277462709562,90.386,PPO-RegenReg,Hopper-v4,4
354055,reward,8960,54.08462445496054,90.231,PPO-RegenReg,Hopper-v4,4
354121,reward,8961,131.35218030454843,90.434,PPO-RegenReg,Hopper-v4,4
354153,reward,8962,53.411464778535496,87.679,PPO-RegenReg,Hopper-v4,4
354232,reward,8963,167.61652727398862,93.633,PPO-RegenReg,Hopper-v4,4
354319,reward,8964,195.68134114558086,106.482,PPO-RegenReg,Hopper-v4,4
354379,reward,8965,115.27099150563399,108.104,PPO-RegenReg,Hopper-v4,4
354417,reward,8966,64.78252065801168,101.464,PPO-RegenReg,Hopper-v4,4
354495,reward,8967,166.09643275302986,108.708,PPO-RegenReg,Hopper-v4,4
354539,reward,8968,76.53209331677677,110.748,PPO-RegenReg,Hopper-v4,4
354572,reward,8969,54.33132815705651,107.916,PPO-RegenReg,Hopper-v4,4
354633,reward,8970,113.21429140752993,113.829,PPO-RegenReg,Hopper-v4,4
354687,reward,8971,101.72236078517534,110.866,PPO-RegenReg,Hopper-v4,4
354729,reward,8972,75.09206578841814,113.034,PPO-RegenReg,Hopper-v4,4
354814,reward,8973,188.79968242507687,115.152,PPO-RegenReg,Hopper-v4,4
354870,reward,8974,104.0401865072795,105.988,PPO-RegenReg,Hopper-v4,4
354913,reward,8975,74.15032484640483,101.876,PPO-RegenReg,Hopper-v4,4
354943,reward,8976,48.66229007822456,100.264,PPO-RegenReg,Hopper-v4,4
354990,reward,8977,85.53109725364686,92.208,PPO-RegenReg,Hopper-v4,4
355036,reward,8978,83.89380960836318,92.944,PPO-RegenReg,Hopper-v4,4
355099,reward,8979,121.03940721342335,99.615,PPO-RegenReg,Hopper-v4,4
355149,reward,8980,89.6699663517838,97.26,PPO-RegenReg,Hopper-v4,4
355232,reward,8981,181.80656862704458,105.269,PPO-RegenReg,Hopper-v4,4
355288,reward,8982,102.89043136087776,108.048,PPO-RegenReg,Hopper-v4,4
355335,reward,8983,84.83762290642392,97.652,PPO-RegenReg,Hopper-v4,4
355370,reward,8984,57.56607564974758,93.005,PPO-RegenReg,Hopper-v4,4
355415,reward,8985,81.44038616623733,93.734,PPO-RegenReg,Hopper-v4,4
355461,reward,8986,80.53425333800324,96.921,PPO-RegenReg,Hopper-v4,4
355532,reward,8987,144.70350206407863,102.838,PPO-RegenReg,Hopper-v4,4
355600,reward,8988,134.41630719707078,107.89,PPO-RegenReg,Hopper-v4,4
355636,reward,8989,59.697614028532456,101.756,PPO-RegenReg,Hopper-v4,4
355666,reward,8990,50.67382741271345,97.857,PPO-RegenReg,Hopper-v4,4
355711,reward,8991,81.30331751178967,87.806,PPO-RegenReg,Hopper-v4,4
355749,reward,8992,65.36702612059077,84.054,PPO-RegenReg,Hopper-v4,4
355802,reward,8993,96.4442305544305,85.215,PPO-RegenReg,Hopper-v4,4
355867,reward,8994,125.72878617747052,92.031,PPO-RegenReg,Hopper-v4,4
355920,reward,8995,95.88973208050693,93.476,PPO-RegenReg,Hopper-v4,4
355960,reward,8996,65.76740667921985,91.999,PPO-RegenReg,Hopper-v4,4
356012,reward,8997,94.52753522320174,86.982,PPO-RegenReg,Hopper-v4,4
356057,reward,8998,80.5237031943518,81.592,PPO-RegenReg,Hopper-v4,4
356102,reward,8999,81.36777086822315,83.759,PPO-RegenReg,Hopper-v4,4
356154,reward,9000,73.70247188181234,86.062,PPO-RegenReg,Hopper-v4,4
356197,reward,9001,74.23288946354992,85.355,PPO-RegenReg,Hopper-v4,4
356270,reward,9002,149.81908698134532,93.8,PPO-RegenReg,Hopper-v4,4
356312,reward,9003,72.14748563565085,91.371,PPO-RegenReg,Hopper-v4,4
356397,reward,9004,190.30629295777547,97.828,PPO-RegenReg,Hopper-v4,4
356471,reward,9005,152.7805842437454,103.518,PPO-RegenReg,Hopper-v4,4
356522,reward,9006,93.1867327232674,106.259,PPO-RegenReg,Hopper-v4,4
356564,reward,9007,72.0817940966932,104.015,PPO-RegenReg,Hopper-v4,4
356595,reward,9008,51.89160525147083,101.152,PPO-RegenReg,Hopper-v4,4
356655,reward,9009,113.88789399022248,104.404,PPO-RegenReg,Hopper-v4,4
356697,reward,9010,72.61785946817723,104.295,PPO-RegenReg,Hopper-v4,4
356769,reward,9011,148.2031773675646,111.692,PPO-RegenReg,Hopper-v4,4
356821,reward,9012,93.47335546011031,106.058,PPO-RegenReg,Hopper-v4,4
356876,reward,9013,101.92100741707598,109.035,PPO-RegenReg,Hopper-v4,4
356908,reward,9014,53.50606275568972,95.355,PPO-RegenReg,Hopper-v4,4
356977,reward,9015,126.23949886829688,92.701,PPO-RegenReg,Hopper-v4,4
357018,reward,9016,68.66091686246058,90.248,PPO-RegenReg,Hopper-v4,4
357056,reward,9017,65.04580844388254,89.545,PPO-RegenReg,Hopper-v4,4
357089,reward,9018,55.99949743779792,89.956,PPO-RegenReg,Hopper-v4,4
357170,reward,9019,179.53429176201362,96.52,PPO-RegenReg,Hopper-v4,4
357235,reward,9020,127.46708721685866,102.005,PPO-RegenReg,Hopper-v4,4
357293,reward,9021,107.13178242821816,97.898,PPO-RegenReg,Hopper-v4,4
357357,reward,9022,123.11742640897008,100.862,PPO-RegenReg,Hopper-v4,4
357401,reward,9023,75.25242129629996,98.195,PPO-RegenReg,Hopper-v4,4
357449,reward,9024,87.15946058649183,101.561,PPO-RegenReg,Hopper-v4,4
357486,reward,9025,65.93351159355011,95.53,PPO-RegenReg,Hopper-v4,4
357554,reward,9026,131.93428730018437,101.858,PPO-RegenReg,Hopper-v4,4
357605,reward,9027,71.58345344059823,102.511,PPO-RegenReg,Hopper-v4,4
357654,reward,9028,91.5542818227066,106.067,PPO-RegenReg,Hopper-v4,4
357732,reward,9029,167.9707975602253,104.91,PPO-RegenReg,Hopper-v4,4
357763,reward,9030,52.51003603290889,97.415,PPO-RegenReg,Hopper-v4,4
357811,reward,9031,85.46652055696163,95.248,PPO-RegenReg,Hopper-v4,4
357848,reward,9032,64.56852254371239,89.393,PPO-RegenReg,Hopper-v4,4
357920,reward,9033,134.50692871194855,95.319,PPO-RegenReg,Hopper-v4,4
357989,reward,9034,139.86250763747933,100.589,PPO-RegenReg,Hopper-v4,4
358022,reward,9035,55.412781594871674,99.537,PPO-RegenReg,Hopper-v4,4
358058,reward,9036,62.00953689609583,92.545,PPO-RegenReg,Hopper-v4,4
358103,reward,9037,72.30479886426009,92.617,PPO-RegenReg,Hopper-v4,4
358137,reward,9038,56.25478137714596,89.087,PPO-RegenReg,Hopper-v4,4
358173,reward,9039,62.77172658754883,78.567,PPO-RegenReg,Hopper-v4,4
358249,reward,9040,160.88467898197555,89.404,PPO-RegenReg,Hopper-v4,4
358286,reward,9041,62.63861006717963,87.121,PPO-RegenReg,Hopper-v4,4
358326,reward,9042,67.33746357540369,87.398,PPO-RegenReg,Hopper-v4,4
358360,reward,9043,57.6866042574583,79.716,PPO-RegenReg,Hopper-v4,4
358402,reward,9044,69.18051453981353,72.648,PPO-RegenReg,Hopper-v4,4
358441,reward,9045,65.37999298814496,73.645,PPO-RegenReg,Hopper-v4,4
358479,reward,9046,64.55246920652978,73.899,PPO-RegenReg,Hopper-v4,4
358516,reward,9047,64.59678242433716,73.128,PPO-RegenReg,Hopper-v4,4
358561,reward,9048,79.75565618138617,75.478,PPO-RegenReg,Hopper-v4,4
358602,reward,9049,72.77168280103004,76.478,PPO-RegenReg,Hopper-v4,4
358696,reward,9050,217.06459518581568,82.096,PPO-RegenReg,Hopper-v4,4
358756,reward,9051,107.41650102265272,86.574,PPO-RegenReg,Hopper-v4,4
358787,reward,9052,51.57939044723537,84.998,PPO-RegenReg,Hopper-v4,4
358836,reward,9053,85.47850191438329,87.778,PPO-RegenReg,Hopper-v4,4
358870,reward,9054,57.37110012356935,86.597,PPO-RegenReg,Hopper-v4,4
358900,reward,9055,48.9374316767139,84.952,PPO-RegenReg,Hopper-v4,4
358982,reward,9056,179.977908654674,96.495,PPO-RegenReg,Hopper-v4,4
359027,reward,9057,80.90183041609058,98.125,PPO-RegenReg,Hopper-v4,4
359065,reward,9058,64.11568082601866,96.561,PPO-RegenReg,Hopper-v4,4
359099,reward,9059,58.708638456199424,95.155,PPO-RegenReg,Hopper-v4,4
359170,reward,9060,140.45819061312625,87.495,PPO-RegenReg,Hopper-v4,4
359236,reward,9061,126.95398399705356,89.448,PPO-RegenReg,Hopper-v4,4
359321,reward,9062,178.52170022766444,102.142,PPO-RegenReg,Hopper-v4,4
359367,reward,9063,81.07295535648709,101.702,PPO-RegenReg,Hopper-v4,4
359451,reward,9064,186.99162617435553,114.664,PPO-RegenReg,Hopper-v4,4
359483,reward,9065,54.82448483178958,115.253,PPO-RegenReg,Hopper-v4,4
359535,reward,9066,93.41203063938917,106.596,PPO-RegenReg,Hopper-v4,4
359596,reward,9067,115.49526749541148,110.055,PPO-RegenReg,Hopper-v4,4
359644,reward,9068,84.02943710792441,112.047,PPO-RegenReg,Hopper-v4,4
359688,reward,9069,69.85720971804412,113.162,PPO-RegenReg,Hopper-v4,4
359727,reward,9070,67.1433268945511,105.83,PPO-RegenReg,Hopper-v4,4
359802,reward,9071,106.12048380308381,103.747,PPO-RegenReg,Hopper-v4,4
359867,reward,9072,126.9048195724955,98.585,PPO-RegenReg,Hopper-v4,4
359927,reward,9073,114.57853953000887,101.936,PPO-RegenReg,Hopper-v4,4
359961,reward,9074,58.11961497744234,89.049,PPO-RegenReg,Hopper-v4,4
359991,reward,9075,49.58543702199067,88.525,PPO-RegenReg,Hopper-v4,4
360034,reward,9076,76.68539720600155,86.852,PPO-RegenReg,Hopper-v4,4
360093,reward,9077,110.71977168620954,86.374,PPO-RegenReg,Hopper-v4,4
360155,reward,9078,119.71087383809159,89.943,PPO-RegenReg,Hopper-v4,4
360242,reward,9079,195.3188236715618,102.489,PPO-RegenReg,Hopper-v4,4
360282,reward,9080,67.30700235178925,102.505,PPO-RegenReg,Hopper-v4,4
360343,reward,9081,118.17865935090605,103.711,PPO-RegenReg,Hopper-v4,4
360432,reward,9082,202.4796411611839,111.268,PPO-RegenReg,Hopper-v4,4
360466,reward,9083,55.943128470623776,105.405,PPO-RegenReg,Hopper-v4,4
360554,reward,9084,197.40612342686464,119.333,PPO-RegenReg,Hopper-v4,4
360590,reward,9085,58.577512018192685,120.233,PPO-RegenReg,Hopper-v4,4
360651,reward,9086,114.87809621807152,124.052,PPO-RegenReg,Hopper-v4,4
360740,reward,9087,200.08509346234462,132.988,PPO-RegenReg,Hopper-v4,4
360809,reward,9088,124.58380103644319,133.476,PPO-RegenReg,Hopper-v4,4
360846,reward,9089,62.785855646103045,120.222,PPO-RegenReg,Hopper-v4,4
360918,reward,9090,148.63865485892012,128.356,PPO-RegenReg,Hopper-v4,4
361005,reward,9091,185.44798543865693,135.083,PPO-RegenReg,Hopper-v4,4
361090,reward,9092,189.4341306238069,133.778,PPO-RegenReg,Hopper-v4,4
361183,reward,9093,210.75276357931267,149.259,PPO-RegenReg,Hopper-v4,4
361268,reward,9094,187.92373658263799,148.311,PPO-RegenReg,Hopper-v4,4
361358,reward,9095,198.96799982064306,162.35,PPO-RegenReg,Hopper-v4,4
361410,reward,9096,93.004475416682,160.162,PPO-RegenReg,Hopper-v4,4
361495,reward,9097,189.06423170723076,159.06,PPO-RegenReg,Hopper-v4,4
361563,reward,9098,135.4399121698602,160.146,PPO-RegenReg,Hopper-v4,4
361609,reward,9099,76.41037594159685,161.508,PPO-RegenReg,Hopper-v4,4
361656,reward,9100,82.10964784325235,154.856,PPO-RegenReg,Hopper-v4,4
361716,reward,9101,111.90968988346486,147.502,PPO-RegenReg,Hopper-v4,4
361841,reward,9102,218.3120511882121,150.389,PPO-RegenReg,Hopper-v4,4
361934,reward,9103,188.67549361589053,148.182,PPO-RegenReg,Hopper-v4,4
362022,reward,9104,180.94463348186517,147.484,PPO-RegenReg,Hopper-v4,4
362092,reward,9105,143.58934298472454,141.946,PPO-RegenReg,Hopper-v4,4
362183,reward,9106,207.60728804525246,153.406,PPO-RegenReg,Hopper-v4,4
362253,reward,9107,141.32633296001706,148.632,PPO-RegenReg,Hopper-v4,4
362345,reward,9108,209.4511611111561,156.034,PPO-RegenReg,Hopper-v4,4
362398,reward,9109,96.62032406883492,158.055,PPO-RegenReg,Hopper-v4,4
362439,reward,9110,72.09495242747995,157.053,PPO-RegenReg,Hopper-v4,4
362530,reward,9111,199.2394129110528,165.786,PPO-RegenReg,Hopper-v4,4
362609,reward,9112,170.98305666540648,161.053,PPO-RegenReg,Hopper-v4,4
362682,reward,9113,145.0736741047933,156.693,PPO-RegenReg,Hopper-v4,4
362733,reward,9114,90.61455825818123,147.66,PPO-RegenReg,Hopper-v4,4
362769,reward,9115,60.15679810210017,139.317,PPO-RegenReg,Hopper-v4,4
362847,reward,9116,166.42539184383904,135.199,PPO-RegenReg,Hopper-v4,4
362899,reward,9117,91.42191205639287,130.208,PPO-RegenReg,Hopper-v4,4
362987,reward,9118,193.5891687344213,128.622,PPO-RegenReg,Hopper-v4,4
363075,reward,9119,187.7165807027738,137.732,PPO-RegenReg,Hopper-v4,4
363166,reward,9120,198.82746815591486,150.405,PPO-RegenReg,Hopper-v4,4
363260,reward,9121,216.84885950756117,152.166,PPO-RegenReg,Hopper-v4,4
363331,reward,9122,131.1087921377602,148.178,PPO-RegenReg,Hopper-v4,4
363416,reward,9123,189.11913957836822,152.583,PPO-RegenReg,Hopper-v4,4
363452,reward,9124,60.21520848039546,149.543,PPO-RegenReg,Hopper-v4,4
363499,reward,9125,82.04289196539438,151.732,PPO-RegenReg,Hopper-v4,4
363589,reward,9126,193.44102730430984,154.433,PPO-RegenReg,Hopper-v4,4
363661,reward,9127,144.04513739889677,159.695,PPO-RegenReg,Hopper-v4,4
363696,reward,9128,58.04292313146556,146.141,PPO-RegenReg,Hopper-v4,4
363785,reward,9129,199.7706352243441,147.346,PPO-RegenReg,Hopper-v4,4
363875,reward,9130,206.13911627316315,148.077,PPO-RegenReg,Hopper-v4,4
363972,reward,9131,183.3503958637944,144.728,PPO-RegenReg,Hopper-v4,4
364001,reward,9132,12.200687318088532,132.837,PPO-RegenReg,Hopper-v4,4
364092,reward,9133,200.8650108502793,134.011,PPO-RegenReg,Hopper-v4,4
364183,reward,9134,206.9757645227279,148.687,PPO-RegenReg,Hopper-v4,4
364238,reward,9135,99.59292094306736,150.442,PPO-RegenReg,Hopper-v4,4
364313,reward,9136,158.08981239638067,146.907,PPO-RegenReg,Hopper-v4,4
364404,reward,9137,206.7506337399009,153.178,PPO-RegenReg,Hopper-v4,4
364466,reward,9138,122.50498355706904,159.624,PPO-RegenReg,Hopper-v4,4
364616,reward,9139,250.35423730015376,164.682,PPO-RegenReg,Hopper-v4,4
364708,reward,9140,208.37081115998652,164.906,PPO-RegenReg,Hopper-v4,4
364744,reward,9141,60.378120596473046,152.608,PPO-RegenReg,Hopper-v4,4
364802,reward,9142,93.25265214085549,160.713,PPO-RegenReg,Hopper-v4,4
364862,reward,9143,112.26171087955665,151.853,PPO-RegenReg,Hopper-v4,4
364922,reward,9144,112.55716640800874,142.411,PPO-RegenReg,Hopper-v4,4
365016,reward,9145,214.9746418890934,153.949,PPO-RegenReg,Hopper-v4,4
365053,reward,9146,9.393615316170676,139.08,PPO-RegenReg,Hopper-v4,4
365114,reward,9147,112.83122106666531,129.688,PPO-RegenReg,Hopper-v4,4
365204,reward,9148,190.38453347264758,136.476,PPO-RegenReg,Hopper-v4,4
365291,reward,9149,195.2032234886167,130.961,PPO-RegenReg,Hopper-v4,4
365343,reward,9150,79.12951915280348,118.037,PPO-RegenReg,Hopper-v4,4
365415,reward,9151,147.4583539293569,126.745,PPO-RegenReg,Hopper-v4,4
365502,reward,9152,195.88031241814642,137.007,PPO-RegenReg,Hopper-v4,4
365585,reward,9153,181.97414290957184,143.979,PPO-RegenReg,Hopper-v4,4
365674,reward,9154,200.72118189993625,152.795,PPO-RegenReg,Hopper-v4,4
365803,reward,9155,209.86285181084827,152.284,PPO-RegenReg,Hopper-v4,4
365867,reward,9156,122.56676449140852,163.601,PPO-RegenReg,Hopper-v4,4
365987,reward,9157,231.67382338290065,175.485,PPO-RegenReg,Hopper-v4,4
366030,reward,9158,75.65264416508153,164.012,PPO-RegenReg,Hopper-v4,4
366119,reward,9159,187.62738315384118,163.255,PPO-RegenReg,Hopper-v4,4
366207,reward,9160,196.39697510473806,174.981,PPO-RegenReg,Hopper-v4,4
366288,reward,9161,150.0246737864527,175.238,PPO-RegenReg,Hopper-v4,4
366380,reward,9162,207.9224393620533,176.442,PPO-RegenReg,Hopper-v4,4
366478,reward,9163,189.7591846794033,177.221,PPO-RegenReg,Hopper-v4,4
366543,reward,9164,127.1448767850358,169.863,PPO-RegenReg,Hopper-v4,4
366647,reward,9165,214.6169050081711,170.339,PPO-RegenReg,Hopper-v4,4
366714,reward,9166,132.90507554653894,171.372,PPO-RegenReg,Hopper-v4,4
366806,reward,9167,207.96708841691077,169.002,PPO-RegenReg,Hopper-v4,4
366918,reward,9168,193.19287456048914,180.756,PPO-RegenReg,Hopper-v4,4
367027,reward,9169,218.54356787234556,183.847,PPO-RegenReg,Hopper-v4,4
367090,reward,9170,122.92462874856047,176.5,PPO-RegenReg,Hopper-v4,4
367124,reward,9171,7.459565920544902,162.244,PPO-RegenReg,Hopper-v4,4
367215,reward,9172,196.15988780640438,161.067,PPO-RegenReg,Hopper-v4,4
367292,reward,9173,163.0774297007106,158.399,PPO-RegenReg,Hopper-v4,4
367371,reward,9174,170.88348508686906,162.773,PPO-RegenReg,Hopper-v4,4
367447,reward,9175,160.73110948379824,157.384,PPO-RegenReg,Hopper-v4,4
367544,reward,9176,184.13568894601144,162.508,PPO-RegenReg,Hopper-v4,4
367627,reward,9177,176.52372705507076,159.363,PPO-RegenReg,Hopper-v4,4
367718,reward,9178,207.10646230592872,160.755,PPO-RegenReg,Hopper-v4,4
367803,reward,9179,182.83522709803458,157.184,PPO-RegenReg,Hopper-v4,4
367845,reward,9180,70.71823806836923,151.963,PPO-RegenReg,Hopper-v4,4
367931,reward,9181,190.77746911245757,170.295,PPO-RegenReg,Hopper-v4,4
368021,reward,9182,191.63192049525864,169.842,PPO-RegenReg,Hopper-v4,4
368105,reward,9183,180.65851943109033,171.6,PPO-RegenReg,Hopper-v4,4
368196,reward,9184,206.84778759250509,175.197,PPO-RegenReg,Hopper-v4,4
368262,reward,9185,131.79908956077978,172.303,PPO-RegenReg,Hopper-v4,4
368296,reward,9186,55.97306461835381,159.487,PPO-RegenReg,Hopper-v4,4
368381,reward,9187,184.29860585232979,160.265,PPO-RegenReg,Hopper-v4,4
368433,reward,9188,95.76445714269094,149.13,PPO-RegenReg,Hopper-v4,4
368545,reward,9189,231.04064772977736,153.951,PPO-RegenReg,Hopper-v4,4
368596,reward,9190,88.09920456002659,155.689,PPO-RegenReg,Hopper-v4,4
368686,reward,9191,203.13034828846227,156.924,PPO-RegenReg,Hopper-v4,4
368778,reward,9192,209.56299829741008,158.717,PPO-RegenReg,Hopper-v4,4
368867,reward,9193,192.88772844092162,159.94,PPO-RegenReg,Hopper-v4,4
368909,reward,9194,57.34307583161664,144.99,PPO-RegenReg,Hopper-v4,4
368994,reward,9195,185.54445606718673,150.364,PPO-RegenReg,Hopper-v4,4
369083,reward,9196,199.99609526296015,164.767,PPO-RegenReg,Hopper-v4,4
369118,reward,9197,30.711642954443853,149.408,PPO-RegenReg,Hopper-v4,4
369200,reward,9198,174.44901235094508,157.277,PPO-RegenReg,Hopper-v4,4
369299,reward,9199,205.77529154586807,154.75,PPO-RegenReg,Hopper-v4,4
369386,reward,9200,183.32004102360696,164.272,PPO-RegenReg,Hopper-v4,4
369472,reward,9201,180.53587450357466,162.013,PPO-RegenReg,Hopper-v4,4
369566,reward,9202,210.9141614054037,162.148,PPO-RegenReg,Hopper-v4,4
369655,reward,9203,198.2388641130152,162.683,PPO-RegenReg,Hopper-v4,4
369741,reward,9204,188.1508602104635,175.764,PPO-RegenReg,Hopper-v4,4
369830,reward,9205,194.66022515193666,176.675,PPO-RegenReg,Hopper-v4,4
369877,reward,9206,82.43934367162217,164.92,PPO-RegenReg,Hopper-v4,4
369964,reward,9207,194.19917299736068,181.268,PPO-RegenReg,Hopper-v4,4
370004,reward,9208,69.16304607883313,170.74,PPO-RegenReg,Hopper-v4,4
370095,reward,9209,201.97572815635414,170.36,PPO-RegenReg,Hopper-v4,4
370188,reward,9210,204.20212319540747,172.448,PPO-RegenReg,Hopper-v4,4
370281,reward,9211,205.1022730512648,174.905,PPO-RegenReg,Hopper-v4,4
370372,reward,9212,197.9264347127993,173.606,PPO-RegenReg,Hopper-v4,4
370460,reward,9213,189.91326613273517,172.773,PPO-RegenReg,Hopper-v4,4
370502,reward,9214,72.70694156520693,161.229,PPO-RegenReg,Hopper-v4,4
370567,reward,9215,99.5986787449078,151.723,PPO-RegenReg,Hopper-v4,4
370658,reward,9216,204.9056172214179,163.969,PPO-RegenReg,Hopper-v4,4
370750,reward,9217,209.66005509464912,165.515,PPO-RegenReg,Hopper-v4,4
370841,reward,9218,203.91323001367303,178.99,PPO-RegenReg,Hopper-v4,4
370932,reward,9219,205.13816100034535,179.307,PPO-RegenReg,Hopper-v4,4
371024,reward,9220,194.86233065533608,178.373,PPO-RegenReg,Hopper-v4,4
371114,reward,9221,195.8855765476121,177.451,PPO-RegenReg,Hopper-v4,4
371202,reward,9222,180.29800888324104,175.688,PPO-RegenReg,Hopper-v4,4
371339,reward,9223,250.58456251925332,181.755,PPO-RegenReg,Hopper-v4,4
371432,reward,9224,196.14325339133572,194.099,PPO-RegenReg,Hopper-v4,4
371521,reward,9225,198.76177946657694,204.015,PPO-RegenReg,Hopper-v4,4
371589,reward,9226,131.61844573533048,196.687,PPO-RegenReg,Hopper-v4,4
371677,reward,9227,186.24249485704323,194.345,PPO-RegenReg,Hopper-v4,4
371807,reward,9228,203.8256956512582,194.336,PPO-RegenReg,Hopper-v4,4
371895,reward,9229,181.12670293869053,191.935,PPO-RegenReg,Hopper-v4,4
371981,reward,9230,176.14884765551358,190.064,PPO-RegenReg,Hopper-v4,4
372073,reward,9231,196.7946500842105,190.154,PPO-RegenReg,Hopper-v4,4
372110,reward,9232,62.109162039633716,178.336,PPO-RegenReg,Hopper-v4,4
372197,reward,9233,193.56007951570285,172.633,PPO-RegenReg,Hopper-v4,4
372289,reward,9234,190.0791622238121,172.027,PPO-RegenReg,Hopper-v4,4
372305,reward,9235,12.695955676227133,153.42,PPO-RegenReg,Hopper-v4,4
372392,reward,9236,192.328093253418,159.491,PPO-RegenReg,Hopper-v4,4
372482,reward,9237,195.06441775826434,160.373,PPO-RegenReg,Hopper-v4,4
372569,reward,9238,189.69628558816896,158.96,PPO-RegenReg,Hopper-v4,4
372658,reward,9239,199.09947389863558,160.758,PPO-RegenReg,Hopper-v4,4
372743,reward,9240,188.66367709018942,162.009,PPO-RegenReg,Hopper-v4,4
372836,reward,9241,207.42566742088673,163.072,PPO-RegenReg,Hopper-v4,4
372925,reward,9242,197.73241356383315,176.635,PPO-RegenReg,Hopper-v4,4
372980,reward,9243,78.93359676893618,165.172,PPO-RegenReg,Hopper-v4,4
373046,reward,9244,127.00923375683047,158.865,PPO-RegenReg,Hopper-v4,4
373204,reward,9245,260.0258221821544,183.598,PPO-RegenReg,Hopper-v4,4
373232,reward,9246,35.46491066854272,167.912,PPO-RegenReg,Hopper-v4,4
373319,reward,9247,193.5410682158394,167.759,PPO-RegenReg,Hopper-v4,4
373408,reward,9248,194.25793770549637,168.215,PPO-RegenReg,Hopper-v4,4
373499,reward,9249,203.56124902745705,168.662,PPO-RegenReg,Hopper-v4,4
373542,reward,9250,40.539990326780966,153.849,PPO-RegenReg,Hopper-v4,4
373597,reward,9251,95.43089279191548,142.65,PPO-RegenReg,Hopper-v4,4
373674,reward,9252,158.5113668198606,138.728,PPO-RegenReg,Hopper-v4,4
373761,reward,9253,191.36510112427305,149.971,PPO-RegenReg,Hopper-v4,4
373794,reward,9254,48.82943738990887,142.153,PPO-RegenReg,Hopper-v4,4
373884,reward,9255,190.95840252420132,135.246,PPO-RegenReg,Hopper-v4,4
373940,reward,9256,28.073604441796952,134.507,PPO-RegenReg,Hopper-v4,4
374026,reward,9257,190.14000152043872,134.167,PPO-RegenReg,Hopper-v4,4
374110,reward,9258,185.69576949969215,133.311,PPO-RegenReg,Hopper-v4,4
374204,reward,9259,214.6471884916482,134.419,PPO-RegenReg,Hopper-v4,4
374244,reward,9260,68.46885358264832,137.212,PPO-RegenReg,Hopper-v4,4
374374,reward,9261,239.13828746864235,151.583,PPO-RegenReg,Hopper-v4,4
374466,reward,9262,206.7539691658781,156.407,PPO-RegenReg,Hopper-v4,4
374552,reward,9263,193.12769093984406,156.583,PPO-RegenReg,Hopper-v4,4
374643,reward,9264,200.3389607294893,171.734,PPO-RegenReg,Hopper-v4,4
374696,reward,9265,26.10539411589479,155.249,PPO-RegenReg,Hopper-v4,4
374803,reward,9266,205.47040863742748,172.989,PPO-RegenReg,Hopper-v4,4
374894,reward,9267,198.48525777452028,173.823,PPO-RegenReg,Hopper-v4,4
374976,reward,9268,171.21761700863132,172.375,PPO-RegenReg,Hopper-v4,4
375078,reward,9269,207.39963739507053,171.651,PPO-RegenReg,Hopper-v4,4
375161,reward,9270,180.89922722865902,182.894,PPO-RegenReg,Hopper-v4,4
375221,reward,9271,106.50393002574624,169.63,PPO-RegenReg,Hopper-v4,4
375307,reward,9272,188.19386224550308,167.774,PPO-RegenReg,Hopper-v4,4
375394,reward,9273,199.31923618174028,168.393,PPO-RegenReg,Hopper-v4,4
375477,reward,9274,181.20340225054193,166.48,PPO-RegenReg,Hopper-v4,4
375564,reward,9275,190.5639948051392,182.926,PPO-RegenReg,Hopper-v4,4
375656,reward,9276,188.00715580918364,181.179,PPO-RegenReg,Hopper-v4,4
375739,reward,9277,182.21979312492454,179.553,PPO-RegenReg,Hopper-v4,4
375849,reward,9278,219.83620790340746,184.415,PPO-RegenReg,Hopper-v4,4
375922,reward,9279,151.5734436876137,178.832,PPO-RegenReg,Hopper-v4,4
376025,reward,9280,203.04137674931854,181.046,PPO-RegenReg,Hopper-v4,4
376171,reward,9281,245.9693496797611,194.993,PPO-RegenReg,Hopper-v4,4
376277,reward,9282,202.84768726382904,196.458,PPO-RegenReg,Hopper-v4,4
376367,reward,9283,203.0364300924829,196.83,PPO-RegenReg,Hopper-v4,4
376478,reward,9284,212.1285332419622,199.922,PPO-RegenReg,Hopper-v4,4
376567,reward,9285,186.2291696424005,199.489,PPO-RegenReg,Hopper-v4,4
376622,reward,9286,96.40850092549495,190.329,PPO-RegenReg,Hopper-v4,4
376711,reward,9287,200.65616720945707,192.173,PPO-RegenReg,Hopper-v4,4
376802,reward,9288,196.8767019335568,189.877,PPO-RegenReg,Hopper-v4,4
376890,reward,9289,196.67279772437908,194.387,PPO-RegenReg,Hopper-v4,4
376986,reward,9290,209.41298512922114,195.024,PPO-RegenReg,Hopper-v4,4
377015,reward,9291,32.74183704494749,173.701,PPO-RegenReg,Hopper-v4,4
377107,reward,9292,206.90048812882162,174.106,PPO-RegenReg,Hopper-v4,4
377203,reward,9293,189.76226485656005,172.779,PPO-RegenReg,Hopper-v4,4
377289,reward,9294,180.77643388481295,169.644,PPO-RegenReg,Hopper-v4,4
377337,reward,9295,66.34837473823315,157.656,PPO-RegenReg,Hopper-v4,4
377476,reward,9296,236.94096506254124,171.709,PPO-RegenReg,Hopper-v4,4
377569,reward,9297,203.20775530160535,171.964,PPO-RegenReg,Hopper-v4,4
377662,reward,9298,201.42751129191564,172.419,PPO-RegenReg,Hopper-v4,4
377748,reward,9299,187.12389709569734,171.464,PPO-RegenReg,Hopper-v4,4
377836,reward,9300,190.03189676097494,169.526,PPO-RegenReg,Hopper-v4,4
377928,reward,9301,206.01468406673294,186.853,PPO-RegenReg,Hopper-v4,4
378018,reward,9302,201.1151076745006,186.275,PPO-RegenReg,Hopper-v4,4
378109,reward,9303,204.68455157261965,187.767,PPO-RegenReg,Hopper-v4,4
378199,reward,9304,200.05760107944198,189.695,PPO-RegenReg,Hopper-v4,4
378286,reward,9305,197.27283803569318,202.788,PPO-RegenReg,Hopper-v4,4
378358,reward,9306,147.44280041616474,193.838,PPO-RegenReg,Hopper-v4,4
378460,reward,9307,204.8287767775958,194.0,PPO-RegenReg,Hopper-v4,4
378550,reward,9308,201.5040504667527,194.008,PPO-RegenReg,Hopper-v4,4
378636,reward,9309,189.72746914235435,194.268,PPO-RegenReg,Hopper-v4,4
378721,reward,9310,188.06997195273377,194.072,PPO-RegenReg,Hopper-v4,4
378832,reward,9311,216.1851582162145,195.089,PPO-RegenReg,Hopper-v4,4
378917,reward,9312,186.92913980678378,193.67,PPO-RegenReg,Hopper-v4,4
379008,reward,9313,204.66716140048115,193.668,PPO-RegenReg,Hopper-v4,4
379081,reward,9314,149.10497540878814,188.573,PPO-RegenReg,Hopper-v4,4
379180,reward,9315,187.95340131002814,187.641,PPO-RegenReg,Hopper-v4,4
379270,reward,9316,201.58938771571033,193.056,PPO-RegenReg,Hopper-v4,4
379367,reward,9317,153.30762062633104,187.904,PPO-RegenReg,Hopper-v4,4
379475,reward,9318,208.33967952071154,188.587,PPO-RegenReg,Hopper-v4,4
379567,reward,9319,207.02321338956259,190.317,PPO-RegenReg,Hopper-v4,4
379659,reward,9320,196.54429738987872,191.164,PPO-RegenReg,Hopper-v4,4
379750,reward,9321,203.43598518074353,189.889,PPO-RegenReg,Hopper-v4,4
379813,reward,9322,116.57394942243839,182.854,PPO-RegenReg,Hopper-v4,4
379902,reward,9323,194.85595914582814,181.873,PPO-RegenReg,Hopper-v4,4
379982,reward,9324,158.3017748991636,182.793,PPO-RegenReg,Hopper-v4,4
380065,reward,9325,184.5553000881991,182.453,PPO-RegenReg,Hopper-v4,4
380155,reward,9326,200.8669782494281,182.38,PPO-RegenReg,Hopper-v4,4
380241,reward,9327,189.65085173225526,186.015,PPO-RegenReg,Hopper-v4,4
380331,reward,9328,204.43158944511387,185.624,PPO-RegenReg,Hopper-v4,4
380419,reward,9329,191.22464124690475,184.044,PPO-RegenReg,Hopper-v4,4
380508,reward,9330,189.13138514184215,183.303,PPO-RegenReg,Hopper-v4,4
380605,reward,9331,201.04427616486458,183.064,PPO-RegenReg,Hopper-v4,4
380706,reward,9332,216.58264838763452,193.065,PPO-RegenReg,Hopper-v4,4
380760,reward,9333,98.99801790485806,183.479,PPO-RegenReg,Hopper-v4,4
380849,reward,9334,198.79623303533884,187.528,PPO-RegenReg,Hopper-v4,4
380943,reward,9335,205.61196481572975,189.634,PPO-RegenReg,Hopper-v4,4
380974,reward,9336,51.37521506825642,174.685,PPO-RegenReg,Hopper-v4,4
381063,reward,9337,199.18754511121213,175.638,PPO-RegenReg,Hopper-v4,4
381155,reward,9338,209.12066755702213,176.107,PPO-RegenReg,Hopper-v4,4
381242,reward,9339,188.27390007210875,175.812,PPO-RegenReg,Hopper-v4,4
381276,reward,9340,59.32004552249356,162.831,PPO-RegenReg,Hopper-v4,4
381333,reward,9341,105.71218035891727,153.298,PPO-RegenReg,Hopper-v4,4
381424,reward,9342,202.333151619117,151.873,PPO-RegenReg,Hopper-v4,4
381503,reward,9343,153.12506608309062,157.286,PPO-RegenReg,Hopper-v4,4
381589,reward,9344,190.34537067778837,156.441,PPO-RegenReg,Hopper-v4,4
381680,reward,9345,206.9346424944189,156.573,PPO-RegenReg,Hopper-v4,4
381770,reward,9346,200.7910241860082,171.514,PPO-RegenReg,Hopper-v4,4
381856,reward,9347,188.30182375463642,170.426,PPO-RegenReg,Hopper-v4,4
381891,reward,9348,14.839325482891319,150.998,PPO-RegenReg,Hopper-v4,4
381978,reward,9349,195.0534529287039,151.676,PPO-RegenReg,Hopper-v4,4
382068,reward,9350,202.93911408244003,166.038,PPO-RegenReg,Hopper-v4,4
382155,reward,9351,192.16417025566648,174.683,PPO-RegenReg,Hopper-v4,4
382202,reward,9352,80.27347584581668,162.477,PPO-RegenReg,Hopper-v4,4
382296,reward,9353,213.43598938563284,168.508,PPO-RegenReg,Hopper-v4,4
382384,reward,9354,194.0086721128773,168.874,PPO-RegenReg,Hopper-v4,4
382473,reward,9355,201.56451604532486,168.337,PPO-RegenReg,Hopper-v4,4
382560,reward,9356,193.09614946575675,167.568,PPO-RegenReg,Hopper-v4,4
382625,reward,9357,120.81345423218049,160.819,PPO-RegenReg,Hopper-v4,4
382724,reward,9358,206.19847439047194,179.955,PPO-RegenReg,Hopper-v4,4
382809,reward,9359,186.9493644855386,179.144,PPO-RegenReg,Hopper-v4,4
382904,reward,9360,190.63389612358452,177.914,PPO-RegenReg,Hopper-v4,4
382992,reward,9361,196.67485161660207,178.365,PPO-RegenReg,Hopper-v4,4
383077,reward,9362,179.61982557238102,188.3,PPO-RegenReg,Hopper-v4,4
383166,reward,9363,197.1764509725162,186.674,PPO-RegenReg,Hopper-v4,4
383217,reward,9364,90.89904688204234,176.363,PPO-RegenReg,Hopper-v4,4
383308,reward,9365,198.21440877671168,176.028,PPO-RegenReg,Hopper-v4,4
383370,reward,9366,75.09389386594805,164.227,PPO-RegenReg,Hopper-v4,4
383462,reward,9367,199.0239375899971,172.048,PPO-RegenReg,Hopper-v4,4
383566,reward,9368,219.3170325210282,173.36,PPO-RegenReg,Hopper-v4,4
383608,reward,9369,72.15082514758798,161.88,PPO-RegenReg,Hopper-v4,4
383700,reward,9370,208.78208330342105,163.695,PPO-RegenReg,Hopper-v4,4
383788,reward,9371,181.36428996148558,162.164,PPO-RegenReg,Hopper-v4,4
383875,reward,9372,193.29600897077933,163.532,PPO-RegenReg,Hopper-v4,4
383956,reward,9373,176.90119043996205,161.504,PPO-RegenReg,Hopper-v4,4
384041,reward,9374,188.12574196236463,171.227,PPO-RegenReg,Hopper-v4,4
384090,reward,9375,87.65711671147758,160.171,PPO-RegenReg,Hopper-v4,4
384179,reward,9376,199.3466200408656,172.596,PPO-RegenReg,Hopper-v4,4
384228,reward,9377,90.74815476873398,161.769,PPO-RegenReg,Hopper-v4,4
384321,reward,9378,211.3272102122411,160.97,PPO-RegenReg,Hopper-v4,4
384407,reward,9379,190.17669945897475,172.773,PPO-RegenReg,Hopper-v4,4
384496,reward,9380,199.04483456710778,171.799,PPO-RegenReg,Hopper-v4,4
384531,reward,9381,38.05597942689325,157.468,PPO-RegenReg,Hopper-v4,4
384613,reward,9382,172.02106497147017,155.34,PPO-RegenReg,Hopper-v4,4
384703,reward,9383,185.9114254295544,156.241,PPO-RegenReg,Hopper-v4,4
384788,reward,9384,188.7544418832673,156.304,PPO-RegenReg,Hopper-v4,4
384878,reward,9385,200.16020477514022,167.555,PPO-RegenReg,Hopper-v4,4
384967,reward,9386,197.04707818288878,167.325,PPO-RegenReg,Hopper-v4,4
385074,reward,9387,213.88115513671372,179.638,PPO-RegenReg,Hopper-v4,4
385164,reward,9388,202.1264408693503,178.718,PPO-RegenReg,Hopper-v4,4
385248,reward,9389,187.20896659011657,178.421,PPO-RegenReg,Hopper-v4,4
385338,reward,9390,188.65912348181388,177.383,PPO-RegenReg,Hopper-v4,4
385507,reward,9391,278.36776858873793,201.414,PPO-RegenReg,Hopper-v4,4
385593,reward,9392,188.40684133631507,203.052,PPO-RegenReg,Hopper-v4,4
385682,reward,9393,190.0616122580051,203.467,PPO-RegenReg,Hopper-v4,4
385724,reward,9394,70.6106716506089,191.653,PPO-RegenReg,Hopper-v4,4
385761,reward,9395,26.38736692604133,174.276,PPO-RegenReg,Hopper-v4,4
385844,reward,9396,180.65431733869326,172.636,PPO-RegenReg,Hopper-v4,4
385894,reward,9397,82.22640152049358,159.471,PPO-RegenReg,Hopper-v4,4
385982,reward,9398,185.33029415012865,157.791,PPO-RegenReg,Hopper-v4,4
386024,reward,9399,73.3820041862652,146.409,PPO-RegenReg,Hopper-v4,4
386114,reward,9400,203.18889121144915,147.862,PPO-RegenReg,Hopper-v4,4
386196,reward,9401,181.37222660229816,138.162,PPO-RegenReg,Hopper-v4,4
386283,reward,9402,197.0445485626915,139.026,PPO-RegenReg,Hopper-v4,4
386371,reward,9403,197.42248200537492,139.762,PPO-RegenReg,Hopper-v4,4
386436,reward,9404,125.35412923107675,145.236,PPO-RegenReg,Hopper-v4,4
386522,reward,9405,187.46214996254002,161.344,PPO-RegenReg,Hopper-v4,4
386614,reward,9406,197.0696064841757,162.985,PPO-RegenReg,Hopper-v4,4
386702,reward,9407,194.08645459947022,174.171,PPO-RegenReg,Hopper-v4,4
386794,reward,9408,211.984011395716,176.837,PPO-RegenReg,Hopper-v4,4
386880,reward,9409,189.82414491550446,188.481,PPO-RegenReg,Hopper-v4,4
386943,reward,9410,120.67714394991825,180.23,PPO-RegenReg,Hopper-v4,4
387028,reward,9411,183.58253288765818,180.451,PPO-RegenReg,Hopper-v4,4
387119,reward,9412,208.48485072748122,181.595,PPO-RegenReg,Hopper-v4,4
387206,reward,9413,187.05897718849005,180.558,PPO-RegenReg,Hopper-v4,4
387293,reward,9414,190.64748210049913,187.088,PPO-RegenReg,Hopper-v4,4
387382,reward,9415,199.2658535231966,188.268,PPO-RegenReg,Hopper-v4,4
387496,reward,9416,217.03817549512175,190.265,PPO-RegenReg,Hopper-v4,4
387586,reward,9417,205.8920900851201,191.446,PPO-RegenReg,Hopper-v4,4
387672,reward,9418,189.05819809636338,189.153,PPO-RegenReg,Hopper-v4,4
387759,reward,9419,192.58937695133488,189.429,PPO-RegenReg,Hopper-v4,4
387851,reward,9420,210.09552907236326,198.371,PPO-RegenReg,Hopper-v4,4
387943,reward,9421,201.65693795186948,200.179,PPO-RegenReg,Hopper-v4,4
388034,reward,9422,205.35688953448368,199.866,PPO-RegenReg,Hopper-v4,4
388090,reward,9423,99.75663477297229,191.136,PPO-RegenReg,Hopper-v4,4
388180,reward,9424,203.99562207534672,192.471,PPO-RegenReg,Hopper-v4,4
388267,reward,9425,196.87502835065013,192.231,PPO-RegenReg,Hopper-v4,4
388358,reward,9426,206.70730967159773,191.198,PPO-RegenReg,Hopper-v4,4
388445,reward,9427,195.72531215172884,190.182,PPO-RegenReg,Hopper-v4,4
388522,reward,9428,164.03156860355696,187.679,PPO-RegenReg,Hopper-v4,4
388611,reward,9429,202.77000209554657,188.697,PPO-RegenReg,Hopper-v4,4
388697,reward,9430,192.48599451526837,186.936,PPO-RegenReg,Hopper-v4,4
388772,reward,9431,158.7556189656715,182.646,PPO-RegenReg,Hopper-v4,4
388861,reward,9432,200.68311133940693,182.179,PPO-RegenReg,Hopper-v4,4
388953,reward,9433,200.1125543185333,192.214,PPO-RegenReg,Hopper-v4,4
389039,reward,9434,188.15094124262046,190.63,PPO-RegenReg,Hopper-v4,4
389128,reward,9435,195.6345052704102,190.506,PPO-RegenReg,Hopper-v4,4
389176,reward,9436,86.40355155416512,178.475,PPO-RegenReg,Hopper-v4,4
389269,reward,9437,206.96425556428775,179.599,PPO-RegenReg,Hopper-v4,4
389331,reward,9438,119.40613713404589,175.137,PPO-RegenReg,Hopper-v4,4
389410,reward,9439,171.78778307353954,172.038,PPO-RegenReg,Hopper-v4,4
389495,reward,9440,188.1043111173323,171.6,PPO-RegenReg,Hopper-v4,4
389583,reward,9441,190.35652166872956,174.76,PPO-RegenReg,Hopper-v4,4
389676,reward,9442,199.93357782403794,174.685,PPO-RegenReg,Hopper-v4,4
389765,reward,9443,192.0052327999996,173.875,PPO-RegenReg,Hopper-v4,4
389853,reward,9444,189.17865266384013,173.977,PPO-RegenReg,Hopper-v4,4
389944,reward,9445,206.6118435879849,175.075,PPO-RegenReg,Hopper-v4,4
390016,reward,9446,149.60197785390005,181.395,PPO-RegenReg,Hopper-v4,4
390105,reward,9447,193.2663030495417,180.025,PPO-RegenReg,Hopper-v4,4
390166,reward,9448,107.13102225013478,178.798,PPO-RegenReg,Hopper-v4,4
390244,reward,9449,166.05197023080362,178.224,PPO-RegenReg,Hopper-v4,4
390299,reward,9450,94.838626195535,168.898,PPO-RegenReg,Hopper-v4,4
390386,reward,9451,195.13593216990705,169.376,PPO-RegenReg,Hopper-v4,4
390480,reward,9452,202.16634809648795,169.599,PPO-RegenReg,Hopper-v4,4
390517,reward,9453,62.47236319942192,156.646,PPO-RegenReg,Hopper-v4,4
390608,reward,9454,204.0579758275429,158.133,PPO-RegenReg,Hopper-v4,4
390697,reward,9455,200.15799209819716,157.488,PPO-RegenReg,Hopper-v4,4
390785,reward,9456,195.06948211411668,162.035,PPO-RegenReg,Hopper-v4,4
390853,reward,9457,133.38475859332837,156.047,PPO-RegenReg,Hopper-v4,4
390939,reward,9458,194.92375729651457,164.826,PPO-RegenReg,Hopper-v4,4
391023,reward,9459,183.23463768647963,166.544,PPO-RegenReg,Hopper-v4,4
391114,reward,9460,189.84492407433066,176.045,PPO-RegenReg,Hopper-v4,4
391203,reward,9461,198.1827942358243,176.35,PPO-RegenReg,Hopper-v4,4
391296,reward,9462,212.985923517037,177.431,PPO-RegenReg,Hopper-v4,4
391384,reward,9463,188.17427848077202,190.002,PPO-RegenReg,Hopper-v4,4
391480,reward,9464,192.65497565964156,188.861,PPO-RegenReg,Hopper-v4,4
391503,reward,9465,20.65916802264322,170.911,PPO-RegenReg,Hopper-v4,4
391589,reward,9466,191.2116290158661,170.526,PPO-RegenReg,Hopper-v4,4
391654,reward,9467,110.09706247710075,168.197,PPO-RegenReg,Hopper-v4,4
391769,reward,9468,211.6182337446483,169.866,PPO-RegenReg,Hopper-v4,4
391857,reward,9469,193.02989259259098,170.846,PPO-RegenReg,Hopper-v4,4
391952,reward,9470,189.505347566275,170.812,PPO-RegenReg,Hopper-v4,4
392032,reward,9471,173.46437762059483,168.34,PPO-RegenReg,Hopper-v4,4
392126,reward,9472,209.5696812947663,167.998,PPO-RegenReg,Hopper-v4,4
392214,reward,9473,199.23136469030527,169.104,PPO-RegenReg,Hopper-v4,4
392249,reward,9474,57.95592119978642,155.634,PPO-RegenReg,Hopper-v4,4
392335,reward,9475,182.59292775017468,171.828,PPO-RegenReg,Hopper-v4,4
392424,reward,9476,190.56568064954587,171.763,PPO-RegenReg,Hopper-v4,4
392509,reward,9477,184.00206615146877,179.154,PPO-RegenReg,Hopper-v4,4
392591,reward,9478,176.27166823722214,175.619,PPO-RegenReg,Hopper-v4,4
392680,reward,9479,191.2218149849406,175.438,PPO-RegenReg,Hopper-v4,4
392719,reward,9480,61.63341223708345,162.651,PPO-RegenReg,Hopper-v4,4
392810,reward,9481,207.53649534936707,166.058,PPO-RegenReg,Hopper-v4,4
392863,reward,9482,87.15082769072512,153.816,PPO-RegenReg,Hopper-v4,4
392955,reward,9483,208.6894443377884,154.762,PPO-RegenReg,Hopper-v4,4
392998,reward,9484,75.4783859223166,156.514,PPO-RegenReg,Hopper-v4,4
393089,reward,9485,206.2100857563805,158.876,PPO-RegenReg,Hopper-v4,4
393184,reward,9486,184.41402673225502,158.261,PPO-RegenReg,Hopper-v4,4
393250,reward,9487,127.25894678455623,152.587,PPO-RegenReg,Hopper-v4,4
393320,reward,9488,142.869686061113,149.246,PPO-RegenReg,Hopper-v4,4
393406,reward,9489,191.92324622906668,149.316,PPO-RegenReg,Hopper-v4,4
393478,reward,9490,142.93304249490762,157.446,PPO-RegenReg,Hopper-v4,4
393578,reward,9491,207.2743353768441,157.42,PPO-RegenReg,Hopper-v4,4
393650,reward,9492,149.42979502639665,163.648,PPO-RegenReg,Hopper-v4,4
393736,reward,9493,191.465429923233,161.926,PPO-RegenReg,Hopper-v4,4
393827,reward,9494,188.44503451061888,173.222,PPO-RegenReg,Hopper-v4,4
393932,reward,9495,219.42422676402256,174.544,PPO-RegenReg,Hopper-v4,4
394016,reward,9496,186.81241783772973,174.784,PPO-RegenReg,Hopper-v4,4
394095,reward,9497,172.51597434172902,179.309,PPO-RegenReg,Hopper-v4,4
394179,reward,9498,183.26882528873574,183.349,PPO-RegenReg,Hopper-v4,4
394270,reward,9499,206.38961424847312,184.796,PPO-RegenReg,Hopper-v4,4
394358,reward,9500,199.81716493302338,190.484,PPO-RegenReg,Hopper-v4,4
394445,reward,9501,190.21487412907348,188.778,PPO-RegenReg,Hopper-v4,4
394523,reward,9502,169.42221282779738,190.778,PPO-RegenReg,Hopper-v4,4
394614,reward,9503,205.2598165879463,192.157,PPO-RegenReg,Hopper-v4,4
394701,reward,9504,192.03777259633998,192.516,PPO-RegenReg,Hopper-v4,4
394791,reward,9505,200.05695466875798,190.58,PPO-RegenReg,Hopper-v4,4
394876,reward,9506,187.6700907634414,190.665,PPO-RegenReg,Hopper-v4,4
394963,reward,9507,194.51831597740843,192.866,PPO-RegenReg,Hopper-v4,4
395051,reward,9508,194.2302282275561,193.962,PPO-RegenReg,Hopper-v4,4
395142,reward,9509,207.8351962021485,194.106,PPO-RegenReg,Hopper-v4,4
395229,reward,9510,192.74778860973254,193.399,PPO-RegenReg,Hopper-v4,4
395314,reward,9511,188.3143187235175,193.209,PPO-RegenReg,Hopper-v4,4
395399,reward,9512,183.53096166740008,194.62,PPO-RegenReg,Hopper-v4,4
395444,reward,9513,78.2376435732089,181.918,PPO-RegenReg,Hopper-v4,4
395533,reward,9514,186.73642074681337,181.388,PPO-RegenReg,Hopper-v4,4
395625,reward,9515,210.25299235106576,182.407,PPO-RegenReg,Hopper-v4,4
395671,reward,9516,80.61405633436344,171.702,PPO-RegenReg,Hopper-v4,4
395745,reward,9517,145.4989590385741,166.8,PPO-RegenReg,Hopper-v4,4
395838,reward,9518,211.5975622774531,168.537,PPO-RegenReg,Hopper-v4,4
395924,reward,9519,192.1543264310455,166.969,PPO-RegenReg,Hopper-v4,4
396014,reward,9520,201.761699677239,167.87,PPO-RegenReg,Hopper-v4,4
396101,reward,9521,181.55410691383966,167.194,PPO-RegenReg,Hopper-v4,4
396138,reward,9522,62.31303557688508,155.072,PPO-RegenReg,Hopper-v4,4
396236,reward,9523,209.9949606378248,168.248,PPO-RegenReg,Hopper-v4,4
396322,reward,9524,191.40364977838152,168.715,PPO-RegenReg,Hopper-v4,4
396411,reward,9525,179.51402356676627,165.641,PPO-RegenReg,Hopper-v4,4
396502,reward,9526,204.84882890650385,178.064,PPO-RegenReg,Hopper-v4,4
396588,reward,9527,193.25101717253048,182.839,PPO-RegenReg,Hopper-v4,4
396708,reward,9528,142.39850762312477,175.919,PPO-RegenReg,Hopper-v4,4
396789,reward,9529,175.20379361676282,174.224,PPO-RegenReg,Hopper-v4,4
396833,reward,9530,81.08451734376176,162.157,PPO-RegenReg,Hopper-v4,4
396954,reward,9531,229.44786131497196,166.946,PPO-RegenReg,Hopper-v4,4
397030,reward,9532,159.54481177844076,176.669,PPO-RegenReg,Hopper-v4,4
397119,reward,9533,197.87560159101787,175.457,PPO-RegenReg,Hopper-v4,4
397221,reward,9534,216.92687193449115,178.01,PPO-RegenReg,Hopper-v4,4
397312,reward,9535,201.54413705466098,180.213,PPO-RegenReg,Hopper-v4,4
397401,reward,9536,203.32718895759257,180.06,PPO-RegenReg,Hopper-v4,4
397487,reward,9537,190.85068214867988,179.82,PPO-RegenReg,Hopper-v4,4
397563,reward,9538,160.51796302541098,181.632,PPO-RegenReg,Hopper-v4,4
397663,reward,9539,183.58556410805113,182.471,PPO-RegenReg,Hopper-v4,4
397750,reward,9540,194.9373657293722,193.856,PPO-RegenReg,Hopper-v4,4
397799,reward,9541,89.31163349895465,179.842,PPO-RegenReg,Hopper-v4,4
397886,reward,9542,182.7175212228617,182.159,PPO-RegenReg,Hopper-v4,4
397971,reward,9543,186.71755409902954,181.044,PPO-RegenReg,Hopper-v4,4
398061,reward,9544,204.1396553675774,179.765,PPO-RegenReg,Hopper-v4,4
398148,reward,9545,195.73559499269672,179.184,PPO-RegenReg,Hopper-v4,4
398258,reward,9546,226.27286791745922,181.479,PPO-RegenReg,Hopper-v4,4
398344,reward,9547,189.05296433186635,181.299,PPO-RegenReg,Hopper-v4,4
398421,reward,9548,162.57667148911173,181.505,PPO-RegenReg,Hopper-v4,4
398509,reward,9549,196.99677811869796,182.846,PPO-RegenReg,Hopper-v4,4
398594,reward,9550,190.85161541343408,182.437,PPO-RegenReg,Hopper-v4,4
398679,reward,9551,189.20953871368908,192.427,PPO-RegenReg,Hopper-v4,4
398764,reward,9552,190.32870808107901,193.188,PPO-RegenReg,Hopper-v4,4
398856,reward,9553,208.35516832355273,195.352,PPO-RegenReg,Hopper-v4,4
398946,reward,9554,184.33258168646097,193.371,PPO-RegenReg,Hopper-v4,4
399032,reward,9555,182.9426253871764,192.092,PPO-RegenReg,Hopper-v4,4
399084,reward,9556,93.10529711983462,178.775,PPO-RegenReg,Hopper-v4,4
399172,reward,9557,186.88911441735584,178.559,PPO-RegenReg,Hopper-v4,4
399258,reward,9558,184.63206101471675,180.764,PPO-RegenReg,Hopper-v4,4
399342,reward,9559,185.70143593788936,179.635,PPO-RegenReg,Hopper-v4,4
399428,reward,9560,190.0601063390094,179.556,PPO-RegenReg,Hopper-v4,4
399463,reward,9561,10.94576399177855,161.729,PPO-RegenReg,Hopper-v4,4
399550,reward,9562,187.13672891258426,161.41,PPO-RegenReg,Hopper-v4,4
399596,reward,9563,26.43622405098943,143.218,PPO-RegenReg,Hopper-v4,4
399688,reward,9564,207.6846281385898,145.553,PPO-RegenReg,Hopper-v4,4
399775,reward,9565,196.43936437175478,146.903,PPO-RegenReg,Hopper-v4,4
399820,reward,9566,80.52416536911204,145.645,PPO-RegenReg,Hopper-v4,4
399903,reward,9567,183.55928328287266,145.312,PPO-RegenReg,Hopper-v4,4
399995,reward,9568,208.22482598337504,147.671,PPO-RegenReg,Hopper-v4,4
400063,reward,9569,135.7898328810041,142.68,PPO-RegenReg,Hopper-v4,4
400152,reward,9570,201.00003377112483,143.774,PPO-RegenReg,Hopper-v4,4
400242,reward,9571,201.6292634817802,162.842,PPO-RegenReg,Hopper-v4,4
400328,reward,9572,192.17868326135795,163.347,PPO-RegenReg,Hopper-v4,4
400352,reward,9573,24.879094379075063,163.191,PPO-RegenReg,Hopper-v4,4
400443,reward,9574,207.49271053769448,163.172,PPO-RegenReg,Hopper-v4,4
400527,reward,9575,179.67819379215106,161.496,PPO-RegenReg,Hopper-v4,4
400618,reward,9576,204.77582801136245,173.921,PPO-RegenReg,Hopper-v4,4
400704,reward,9577,186.60918890415974,174.226,PPO-RegenReg,Hopper-v4,4
400789,reward,9578,187.69179032950007,172.172,PPO-RegenReg,Hopper-v4,4
400891,reward,9579,209.67518818049587,179.561,PPO-RegenReg,Hopper-v4,4
400982,reward,9580,205.90555593981668,180.052,PPO-RegenReg,Hopper-v4,4
401067,reward,9581,187.8506955122128,178.674,PPO-RegenReg,Hopper-v4,4
401153,reward,9582,189.223766225819,178.378,PPO-RegenReg,Hopper-v4,4
401245,reward,9583,209.55084144714837,196.845,PPO-RegenReg,Hopper-v4,4
401337,reward,9584,207.66891022744397,196.863,PPO-RegenReg,Hopper-v4,4
401424,reward,9585,196.65032469096428,198.56,PPO-RegenReg,Hopper-v4,4
401510,reward,9586,188.31096570044133,196.914,PPO-RegenReg,Hopper-v4,4
401571,reward,9587,117.16959467611477,189.97,PPO-RegenReg,Hopper-v4,4
401653,reward,9588,179.92493603135634,189.193,PPO-RegenReg,Hopper-v4,4
401736,reward,9589,181.24568246300916,186.35,PPO-RegenReg,Hopper-v4,4
401822,reward,9590,178.9565576550658,183.655,PPO-RegenReg,Hopper-v4,4
401909,reward,9591,189.89718082546437,183.86,PPO-RegenReg,Hopper-v4,4
401979,reward,9592,146.27749498443498,179.565,PPO-RegenReg,Hopper-v4,4
402070,reward,9593,206.70740812535425,179.281,PPO-RegenReg,Hopper-v4,4
402158,reward,9594,196.72070165069505,178.186,PPO-RegenReg,Hopper-v4,4
402234,reward,9595,160.04250357973788,174.525,PPO-RegenReg,Hopper-v4,4
402321,reward,9596,192.5025233921497,174.944,PPO-RegenReg,Hopper-v4,4
402409,reward,9597,197.83245920246281,183.011,PPO-RegenReg,Hopper-v4,4
402498,reward,9598,185.59101503489754,183.577,PPO-RegenReg,Hopper-v4,4
402586,reward,9599,181.53601004868256,183.606,PPO-RegenReg,Hopper-v4,4
402673,reward,9600,176.4667468647056,183.357,PPO-RegenReg,Hopper-v4,4
402761,reward,9601,198.40073260480042,184.208,PPO-RegenReg,Hopper-v4,4
402849,reward,9602,192.12732525224772,188.793,PPO-RegenReg,Hopper-v4,4
402933,reward,9603,180.53922998477597,186.176,PPO-RegenReg,Hopper-v4,4
403020,reward,9604,196.16984305394683,186.121,PPO-RegenReg,Hopper-v4,4
403101,reward,9605,177.27829735552348,187.844,PPO-RegenReg,Hopper-v4,4
403160,reward,9606,104.12799795204222,179.007,PPO-RegenReg,Hopper-v4,4
403291,reward,9607,240.27315278447355,183.251,PPO-RegenReg,Hopper-v4,4
403383,reward,9608,206.7552429668347,185.367,PPO-RegenReg,Hopper-v4,4
403467,reward,9609,177.25128257253965,184.939,PPO-RegenReg,Hopper-v4,4
403514,reward,9610,83.09541794142956,175.602,PPO-RegenReg,Hopper-v4,4
403603,reward,9611,198.69122270783907,175.631,PPO-RegenReg,Hopper-v4,4
403689,reward,9612,189.56333699460438,175.375,PPO-RegenReg,Hopper-v4,4
403781,reward,9613,191.97133054527478,176.518,PPO-RegenReg,Hopper-v4,4
403869,reward,9614,189.5307372247754,175.854,PPO-RegenReg,Hopper-v4,4
403961,reward,9615,207.45007944873603,178.871,PPO-RegenReg,Hopper-v4,4
404055,reward,9616,192.08120600202682,187.666,PPO-RegenReg,Hopper-v4,4
404142,reward,9617,194.19766127642032,183.059,PPO-RegenReg,Hopper-v4,4
404233,reward,9618,204.95191810616484,182.878,PPO-RegenReg,Hopper-v4,4
404314,reward,9619,172.44110336150462,182.397,PPO-RegenReg,Hopper-v4,4
404406,reward,9620,204.0586534231259,194.494,PPO-RegenReg,Hopper-v4,4
404494,reward,9621,196.49594632525128,194.274,PPO-RegenReg,Hopper-v4,4
404583,reward,9622,201.4315908012246,195.461,PPO-RegenReg,Hopper-v4,4
404664,reward,9623,160.2353469527402,192.287,PPO-RegenReg,Hopper-v4,4
404698,reward,9624,33.93876825731728,176.728,PPO-RegenReg,Hopper-v4,4
404789,reward,9625,202.9783497524736,176.281,PPO-RegenReg,Hopper-v4,4
404878,reward,9626,201.64080290918844,177.237,PPO-RegenReg,Hopper-v4,4
404950,reward,9627,135.86401213754556,171.404,PPO-RegenReg,Hopper-v4,4
405047,reward,9628,191.20342530872335,170.029,PPO-RegenReg,Hopper-v4,4
405131,reward,9629,183.13722219725977,171.098,PPO-RegenReg,Hopper-v4,4
405222,reward,9630,207.19647372086675,171.412,PPO-RegenReg,Hopper-v4,4
405277,reward,9631,95.75744901961748,161.338,PPO-RegenReg,Hopper-v4,4
405314,reward,9632,62.05429686619622,147.401,PPO-RegenReg,Hopper-v4,4
405383,reward,9633,136.17121907589666,144.994,PPO-RegenReg,Hopper-v4,4
405471,reward,9634,197.82652209524136,161.383,PPO-RegenReg,Hopper-v4,4
405557,reward,9635,182.20273137785858,159.305,PPO-RegenReg,Hopper-v4,4
405645,reward,9636,193.24257466236588,158.466,PPO-RegenReg,Hopper-v4,4
405730,reward,9637,186.00348073179003,163.48,PPO-RegenReg,Hopper-v4,4
405816,reward,9638,180.35332567707061,162.395,PPO-RegenReg,Hopper-v4,4
405903,reward,9639,196.3294958877003,163.714,PPO-RegenReg,Hopper-v4,4
405978,reward,9640,155.36784396395416,158.531,PPO-RegenReg,Hopper-v4,4
406065,reward,9641,192.57176323821275,168.212,PPO-RegenReg,Hopper-v4,4
406153,reward,9642,198.63233953081323,181.87,PPO-RegenReg,Hopper-v4,4
406239,reward,9643,187.80929312231513,187.034,PPO-RegenReg,Hopper-v4,4
406327,reward,9644,195.95490808876886,186.847,PPO-RegenReg,Hopper-v4,4
406408,reward,9645,174.44149342025943,186.071,PPO-RegenReg,Hopper-v4,4
406491,reward,9646,174.25015277684363,184.171,PPO-RegenReg,Hopper-v4,4
406583,reward,9647,196.21910327416995,185.193,PPO-RegenReg,Hopper-v4,4
406636,reward,9648,100.60936351557788,177.219,PPO-RegenReg,Hopper-v4,4
406725,reward,9649,193.2938300676217,176.915,PPO-RegenReg,Hopper-v4,4
406810,reward,9650,186.56282340466697,180.035,PPO-RegenReg,Hopper-v4,4
406822,reward,9651,9.980234448448307,161.775,PPO-RegenReg,Hopper-v4,4
406915,reward,9652,209.71491105163827,162.884,PPO-RegenReg,Hopper-v4,4
406988,reward,9653,150.91865248727856,159.195,PPO-RegenReg,Hopper-v4,4
407070,reward,9654,177.19983791057783,157.319,PPO-RegenReg,Hopper-v4,4
407157,reward,9655,193.77558123371247,159.252,PPO-RegenReg,Hopper-v4,4
407243,reward,9656,190.8869059231383,160.916,PPO-RegenReg,Hopper-v4,4
407330,reward,9657,193.87577160256956,160.682,PPO-RegenReg,Hopper-v4,4
407420,reward,9658,203.20133492765976,170.941,PPO-RegenReg,Hopper-v4,4
407510,reward,9659,205.2545532949498,172.137,PPO-RegenReg,Hopper-v4,4
407598,reward,9660,186.28000700778816,172.109,PPO-RegenReg,Hopper-v4,4
407685,reward,9661,195.09808070008856,190.621,PPO-RegenReg,Hopper-v4,4
407769,reward,9662,184.4377720123377,188.093,PPO-RegenReg,Hopper-v4,4
407858,reward,9663,202.4629430786028,193.247,PPO-RegenReg,Hopper-v4,4
407943,reward,9664,182.83681238951496,193.811,PPO-RegenReg,Hopper-v4,4
408032,reward,9665,190.66519011222823,193.5,PPO-RegenReg,Hopper-v4,4
408117,reward,9666,173.63212681205258,191.774,PPO-RegenReg,Hopper-v4,4
408201,reward,9667,180.61450069238742,190.448,PPO-RegenReg,Hopper-v4,4
408289,reward,9668,198.98975495253623,190.027,PPO-RegenReg,Hopper-v4,4
408375,reward,9669,189.09637754526622,188.411,PPO-RegenReg,Hopper-v4,4
408408,reward,9670,55.70074425838364,175.353,PPO-RegenReg,Hopper-v4,4
408461,reward,9671,97.4421615992457,165.588,PPO-RegenReg,Hopper-v4,4
408547,reward,9672,179.91807946985224,165.136,PPO-RegenReg,Hopper-v4,4
408637,reward,9673,202.3727189699794,165.127,PPO-RegenReg,Hopper-v4,4
408723,reward,9674,192.00125266713957,166.043,PPO-RegenReg,Hopper-v4,4
408814,reward,9675,206.98818073101117,167.676,PPO-RegenReg,Hopper-v4,4
408901,reward,9676,190.3833618924522,169.351,PPO-RegenReg,Hopper-v4,4
408990,reward,9677,193.10522408319522,170.6,PPO-RegenReg,Hopper-v4,4
409075,reward,9678,186.99073755490954,169.4,PPO-RegenReg,Hopper-v4,4
409166,reward,9679,202.88995092899168,170.779,PPO-RegenReg,Hopper-v4,4
409253,reward,9680,194.8657341917913,184.696,PPO-RegenReg,Hopper-v4,4
409339,reward,9681,180.45284890607527,192.997,PPO-RegenReg,Hopper-v4,4
409428,reward,9682,203.37923427851405,195.343,PPO-RegenReg,Hopper-v4,4
409513,reward,9683,185.9637231590253,193.702,PPO-RegenReg,Hopper-v4,4
409600,reward,9684,196.02526393260362,194.104,PPO-RegenReg,Hopper-v4,4
409687,reward,9685,192.10701228785626,192.616,PPO-RegenReg,Hopper-v4,4
409773,reward,9686,185.9588645702095,192.174,PPO-RegenReg,Hopper-v4,4
409864,reward,9687,206.9554114936329,193.559,PPO-RegenReg,Hopper-v4,4
409942,reward,9688,155.22187370679782,190.382,PPO-RegenReg,Hopper-v4,4
410027,reward,9689,174.71111757574727,187.564,PPO-RegenReg,Hopper-v4,4
410113,reward,9690,189.45273348257422,187.023,PPO-RegenReg,Hopper-v4,4
410207,reward,9691,208.5174989727851,189.829,PPO-RegenReg,Hopper-v4,4
410294,reward,9692,193.9494233371061,188.886,PPO-RegenReg,Hopper-v4,4
410388,reward,9693,203.06380019350888,190.596,PPO-RegenReg,Hopper-v4,4
410467,reward,9694,164.5422287776142,187.448,PPO-RegenReg,Hopper-v4,4
410556,reward,9695,185.83683602797444,186.821,PPO-RegenReg,Hopper-v4,4
410639,reward,9696,168.5457441343081,185.08,PPO-RegenReg,Hopper-v4,4
410727,reward,9697,192.32204150474993,183.616,PPO-RegenReg,Hopper-v4,4
410818,reward,9698,205.286135129146,188.623,PPO-RegenReg,Hopper-v4,4
410901,reward,9699,177.9321334902228,188.945,PPO-RegenReg,Hopper-v4,4
410987,reward,9700,174.3197225889386,187.432,PPO-RegenReg,Hopper-v4,4
411056,reward,9701,98.72902572556858,176.453,PPO-RegenReg,Hopper-v4,4
411140,reward,9702,181.7613371659309,175.234,PPO-RegenReg,Hopper-v4,4
411182,reward,9703,78.29155233990875,162.757,PPO-RegenReg,Hopper-v4,4
411270,reward,9704,192.24358206772206,165.527,PPO-RegenReg,Hopper-v4,4
411357,reward,9705,193.4636068336839,166.289,PPO-RegenReg,Hopper-v4,4
411442,reward,9706,178.7924440226394,167.314,PPO-RegenReg,Hopper-v4,4
411519,reward,9707,159.25995953160202,164.008,PPO-RegenReg,Hopper-v4,4
411602,reward,9708,180.96444255179952,161.576,PPO-RegenReg,Hopper-v4,4
411686,reward,9709,185.07894052400138,162.29,PPO-RegenReg,Hopper-v4,4
411775,reward,9710,199.05707246315362,164.764,PPO-RegenReg,Hopper-v4,4
411862,reward,9711,178.84801028449783,172.776,PPO-RegenReg,Hopper-v4,4
411949,reward,9712,181.24435122122824,172.724,PPO-RegenReg,Hopper-v4,4
412034,reward,9713,186.6360293055788,183.559,PPO-RegenReg,Hopper-v4,4
412117,reward,9714,172.92315990417336,181.627,PPO-RegenReg,Hopper-v4,4
412199,reward,9715,179.0415422050413,180.185,PPO-RegenReg,Hopper-v4,4
412282,reward,9716,181.6098207372764,180.466,PPO-RegenReg,Hopper-v4,4
412369,reward,9717,195.58438029513462,184.099,PPO-RegenReg,Hopper-v4,4
412417,reward,9718,82.91174176448365,174.294,PPO-RegenReg,Hopper-v4,4
412503,reward,9719,189.8899496564821,174.775,PPO-RegenReg,Hopper-v4,4
412588,reward,9720,182.41805279262485,173.111,PPO-RegenReg,Hopper-v4,4
412671,reward,9721,185.00862118529784,173.727,PPO-RegenReg,Hopper-v4,4
412753,reward,9722,176.12424766820456,173.215,PPO-RegenReg,Hopper-v4,4
412837,reward,9723,180.4367869097079,172.595,PPO-RegenReg,Hopper-v4,4
412925,reward,9724,197.0675381910684,175.009,PPO-RegenReg,Hopper-v4,4
412997,reward,9725,147.38552138889776,171.844,PPO-RegenReg,Hopper-v4,4
413086,reward,9726,193.71924950755724,173.055,PPO-RegenReg,Hopper-v4,4
413172,reward,9727,190.87313030143062,172.583,PPO-RegenReg,Hopper-v4,4
413256,reward,9728,172.62378429125127,181.555,PPO-RegenReg,Hopper-v4,4
413343,reward,9729,195.35981505620066,182.102,PPO-RegenReg,Hopper-v4,4
413368,reward,9730,42.7295007029366,168.133,PPO-RegenReg,Hopper-v4,4
413459,reward,9731,205.60770338304278,170.193,PPO-RegenReg,Hopper-v4,4
413542,reward,9732,180.31929408906737,170.612,PPO-RegenReg,Hopper-v4,4
413615,reward,9733,153.14106217608654,167.883,PPO-RegenReg,Hopper-v4,4
413700,reward,9734,185.25463976043494,166.701,PPO-RegenReg,Hopper-v4,4
413785,reward,9735,188.8029469853789,170.843,PPO-RegenReg,Hopper-v4,4
413869,reward,9736,184.78157205505286,169.949,PPO-RegenReg,Hopper-v4,4
413954,reward,9737,187.59526184281424,169.622,PPO-RegenReg,Hopper-v4,4
414037,reward,9738,177.11221914509028,170.07,PPO-RegenReg,Hopper-v4,4
414078,reward,9739,73.41134061038129,157.876,PPO-RegenReg,Hopper-v4,4
414162,reward,9740,177.45182259049577,171.348,PPO-RegenReg,Hopper-v4,4
414247,reward,9741,188.43350845777582,169.63,PPO-RegenReg,Hopper-v4,4
414331,reward,9742,180.98453845520893,169.697,PPO-RegenReg,Hopper-v4,4
414418,reward,9743,184.05068050817113,172.788,PPO-RegenReg,Hopper-v4,4
414506,reward,9744,179.39274865470225,172.202,PPO-RegenReg,Hopper-v4,4
414594,reward,9745,195.90841386517098,172.912,PPO-RegenReg,Hopper-v4,4
414674,reward,9746,163.76665545956487,170.811,PPO-RegenReg,Hopper-v4,4
414762,reward,9747,195.95904932430358,171.647,PPO-RegenReg,Hopper-v4,4
414844,reward,9748,175.61566933195564,171.497,PPO-RegenReg,Hopper-v4,4
414927,reward,9749,181.33430634205195,182.29,PPO-RegenReg,Hopper-v4,4
415014,reward,9750,190.8108585409062,183.626,PPO-RegenReg,Hopper-v4,4
415097,reward,9751,167.85712612970917,181.568,PPO-RegenReg,Hopper-v4,4
415183,reward,9752,185.4179311880552,182.011,PPO-RegenReg,Hopper-v4,4
415267,reward,9753,184.4105892216875,182.047,PPO-RegenReg,Hopper-v4,4
415353,reward,9754,191.6850002247677,183.277,PPO-RegenReg,Hopper-v4,4
415436,reward,9755,182.90394602743405,181.976,PPO-RegenReg,Hopper-v4,4
415522,reward,9756,190.48539746861036,184.648,PPO-RegenReg,Hopper-v4,4
415607,reward,9757,187.13620933161803,183.766,PPO-RegenReg,Hopper-v4,4
415696,reward,9758,171.9587587594146,183.4,PPO-RegenReg,Hopper-v4,4
415770,reward,9759,146.90870241093762,179.957,PPO-RegenReg,Hopper-v4,4
415868,reward,9760,200.3534426202527,180.912,PPO-RegenReg,Hopper-v4,4
415953,reward,9761,178.81609080052624,182.008,PPO-RegenReg,Hopper-v4,4
416042,reward,9762,191.62505327280152,182.628,PPO-RegenReg,Hopper-v4,4
416129,reward,9763,185.64191881298598,182.751,PPO-RegenReg,Hopper-v4,4
416214,reward,9764,185.94816582248345,182.178,PPO-RegenReg,Hopper-v4,4
416300,reward,9765,184.1822445820216,182.306,PPO-RegenReg,Hopper-v4,4
416382,reward,9766,175.76703254560994,180.834,PPO-RegenReg,Hopper-v4,4
416463,reward,9767,177.4481431334445,179.865,PPO-RegenReg,Hopper-v4,4
416548,reward,9768,168.56113416187776,179.525,PPO-RegenReg,Hopper-v4,4
416618,reward,9769,143.91924843898715,179.226,PPO-RegenReg,Hopper-v4,4
416705,reward,9770,176.6781122272462,176.859,PPO-RegenReg,Hopper-v4,4
416792,reward,9771,188.1647634408728,177.794,PPO-RegenReg,Hopper-v4,4
416877,reward,9772,188.85638308546322,177.517,PPO-RegenReg,Hopper-v4,4
416965,reward,9773,178.57771201808657,176.81,PPO-RegenReg,Hopper-v4,4
417055,reward,9774,185.88892844960696,176.804,PPO-RegenReg,Hopper-v4,4
417140,reward,9775,179.44344036892485,176.33,PPO-RegenReg,Hopper-v4,4
417232,reward,9776,207.31092272811722,179.485,PPO-RegenReg,Hopper-v4,4
417319,reward,9777,192.9518552562844,181.035,PPO-RegenReg,Hopper-v4,4
417404,reward,9778,186.68189089382574,182.847,PPO-RegenReg,Hopper-v4,4
417490,reward,9779,190.77371595429955,187.533,PPO-RegenReg,Hopper-v4,4
417578,reward,9780,197.6395961513815,189.629,PPO-RegenReg,Hopper-v4,4
417616,reward,9781,66.0651486706719,177.419,PPO-RegenReg,Hopper-v4,4
417702,reward,9782,192.68827431792332,177.802,PPO-RegenReg,Hopper-v4,4
417789,reward,9783,180.521248466118,177.997,PPO-RegenReg,Hopper-v4,4
417884,reward,9784,184.14437589822248,177.822,PPO-RegenReg,Hopper-v4,4
417957,reward,9785,151.4575129744465,175.023,PPO-RegenReg,Hopper-v4,4
418044,reward,9786,176.36900255029548,171.929,PPO-RegenReg,Hopper-v4,4
418130,reward,9787,181.52893642349116,170.787,PPO-RegenReg,Hopper-v4,4
418220,reward,9788,199.67439946478916,172.086,PPO-RegenReg,Hopper-v4,4
418267,reward,9789,85.76883952720868,161.586,PPO-RegenReg,Hopper-v4,4
418352,reward,9790,187.51280773603156,160.573,PPO-RegenReg,Hopper-v4,4
418436,reward,9791,181.99098376826697,172.166,PPO-RegenReg,Hopper-v4,4
418520,reward,9792,184.74977904622708,171.372,PPO-RegenReg,Hopper-v4,4
418609,reward,9793,200.36343725434807,173.356,PPO-RegenReg,Hopper-v4,4
418698,reward,9794,200.28178875739107,174.97,PPO-RegenReg,Hopper-v4,4
418786,reward,9795,181.25147288307969,177.949,PPO-RegenReg,Hopper-v4,4
418862,reward,9796,130.84844585033642,173.397,PPO-RegenReg,Hopper-v4,4
418948,reward,9797,192.8665837028341,174.531,PPO-RegenReg,Hopper-v4,4
419033,reward,9798,164.47021621111378,171.01,PPO-RegenReg,Hopper-v4,4
419119,reward,9799,172.54302963857987,179.688,PPO-RegenReg,Hopper-v4,4
419210,reward,9800,206.89504307251582,181.626,PPO-RegenReg,Hopper-v4,4
419238,reward,9801,47.207128763634415,168.148,PPO-RegenReg,Hopper-v4,4
419321,reward,9802,181.89313192528988,167.862,PPO-RegenReg,Hopper-v4,4
419403,reward,9803,162.949169005469,164.121,PPO-RegenReg,Hopper-v4,4
419490,reward,9804,193.30455459802008,163.423,PPO-RegenReg,Hopper-v4,4
419577,reward,9805,179.46183404618307,163.244,PPO-RegenReg,Hopper-v4,4
419661,reward,9806,185.58217761454847,168.717,PPO-RegenReg,Hopper-v4,4
419697,reward,9807,62.69333960871923,155.7,PPO-RegenReg,Hopper-v4,4
419786,reward,9808,199.2335629331599,159.176,PPO-RegenReg,Hopper-v4,4
419873,reward,9809,174.4770049384865,159.37,PPO-RegenReg,Hopper-v4,4
419958,reward,9810,189.49416523612933,157.63,PPO-RegenReg,Hopper-v4,4
420041,reward,9811,181.33737986547663,171.043,PPO-RegenReg,Hopper-v4,4
420123,reward,9812,179.2847065577541,170.782,PPO-RegenReg,Hopper-v4,4
420207,reward,9813,186.7395144681625,173.161,PPO-RegenReg,Hopper-v4,4
420294,reward,9814,195.52430497448046,173.383,PPO-RegenReg,Hopper-v4,4
420379,reward,9815,185.7780589516788,174.014,PPO-RegenReg,Hopper-v4,4
420462,reward,9816,177.50189156570133,173.206,PPO-RegenReg,Hopper-v4,4
420547,reward,9817,184.48229722976552,185.385,PPO-RegenReg,Hopper-v4,4
420636,reward,9818,199.92407154782885,185.454,PPO-RegenReg,Hopper-v4,4
420720,reward,9819,184.49786814169553,186.456,PPO-RegenReg,Hopper-v4,4
420768,reward,9820,86.44099160270281,176.151,PPO-RegenReg,Hopper-v4,4
420851,reward,9821,184.289195588701,176.446,PPO-RegenReg,Hopper-v4,4
420935,reward,9822,185.72639993358277,177.09,PPO-RegenReg,Hopper-v4,4
421025,reward,9823,201.54081291285095,178.571,PPO-RegenReg,Hopper-v4,4
421109,reward,9824,173.2228240909439,176.34,PPO-RegenReg,Hopper-v4,4
421194,reward,9825,179.88871156059116,175.752,PPO-RegenReg,Hopper-v4,4
421285,reward,9826,187.9152347462368,176.793,PPO-RegenReg,Hopper-v4,4
421369,reward,9827,183.59513451281748,176.704,PPO-RegenReg,Hopper-v4,4
421410,reward,9828,72.53000308702565,163.965,PPO-RegenReg,Hopper-v4,4
421440,reward,9829,49.57893295519916,150.473,PPO-RegenReg,Hopper-v4,4
421507,reward,9830,132.50441767523222,155.079,PPO-RegenReg,Hopper-v4,4
421591,reward,9831,187.40047184325456,155.39,PPO-RegenReg,Hopper-v4,4
421667,reward,9832,163.22071827112188,153.14,PPO-RegenReg,Hopper-v4,4
421764,reward,9833,190.85566577942706,152.071,PPO-RegenReg,Hopper-v4,4
421850,reward,9834,189.9319049054069,153.742,PPO-RegenReg,Hopper-v4,4
421936,reward,9835,175.22967968275918,153.276,PPO-RegenReg,Hopper-v4,4
422030,reward,9836,186.30732054595651,153.115,PPO-RegenReg,Hopper-v4,4
422118,reward,9837,176.42152923582222,152.398,PPO-RegenReg,Hopper-v4,4
422204,reward,9838,192.23344433661342,164.368,PPO-RegenReg,Hopper-v4,4
422275,reward,9839,145.1872730508925,173.929,PPO-RegenReg,Hopper-v4,4
422356,reward,9840,176.7768909346401,178.356,PPO-RegenReg,Hopper-v4,4
422441,reward,9841,184.96618685887768,178.113,PPO-RegenReg,Hopper-v4,4
422528,reward,9842,196.12075738424198,181.403,PPO-RegenReg,Hopper-v4,4
422614,reward,9843,189.3078769190918,181.248,PPO-RegenReg,Hopper-v4,4
422698,reward,9844,180.40451262948267,180.296,PPO-RegenReg,Hopper-v4,4
422775,reward,9845,162.17115544502332,178.99,PPO-RegenReg,Hopper-v4,4
422864,reward,9846,200.67348074416785,180.426,PPO-RegenReg,Hopper-v4,4
422939,reward,9847,158.4241722421006,178.627,PPO-RegenReg,Hopper-v4,4
423023,reward,9848,185.98291696797264,178.002,PPO-RegenReg,Hopper-v4,4
423109,reward,9849,175.47182714771716,181.03,PPO-RegenReg,Hopper-v4,4
423193,reward,9850,183.7173843723433,181.724,PPO-RegenReg,Hopper-v4,4
423263,reward,9851,137.70792580943353,176.998,PPO-RegenReg,Hopper-v4,4
423351,reward,9852,199.00118930468662,177.286,PPO-RegenReg,Hopper-v4,4
423438,reward,9853,178.61857558835706,176.217,PPO-RegenReg,Hopper-v4,4
423526,reward,9854,197.99591351943843,177.976,PPO-RegenReg,Hopper-v4,4
423593,reward,9855,129.87056922686546,174.746,PPO-RegenReg,Hopper-v4,4
423678,reward,9856,187.70156505420474,173.449,PPO-RegenReg,Hopper-v4,4
423749,reward,9857,142.65127175627026,171.872,PPO-RegenReg,Hopper-v4,4
423819,reward,9858,141.1195137873939,167.386,PPO-RegenReg,Hopper-v4,4
423903,reward,9859,179.56842320517632,167.795,PPO-RegenReg,Hopper-v4,4
423985,reward,9860,179.0014821443583,167.324,PPO-RegenReg,Hopper-v4,4
424027,reward,9861,76.53707348540708,161.207,PPO-RegenReg,Hopper-v4,4
424110,reward,9862,182.2835795747425,159.535,PPO-RegenReg,Hopper-v4,4
424200,reward,9863,203.2802978689076,162.001,PPO-RegenReg,Hopper-v4,4
424284,reward,9864,182.27324792335773,160.429,PPO-RegenReg,Hopper-v4,4
424367,reward,9865,172.44005777148303,164.686,PPO-RegenReg,Hopper-v4,4
424448,reward,9866,171.3887564031334,163.054,PPO-RegenReg,Hopper-v4,4
424512,reward,9867,126.04941683508865,161.394,PPO-RegenReg,Hopper-v4,4
424596,reward,9868,184.58164372629307,165.74,PPO-RegenReg,Hopper-v4,4
424679,reward,9869,174.48381688814266,165.232,PPO-RegenReg,Hopper-v4,4
424758,reward,9870,165.85095628235914,163.917,PPO-RegenReg,Hopper-v4,4
424848,reward,9871,203.39191819686542,176.602,PPO-RegenReg,Hopper-v4,4
424931,reward,9872,172.52723812946573,175.627,PPO-RegenReg,Hopper-v4,4
425015,reward,9873,187.4627197747762,174.045,PPO-RegenReg,Hopper-v4,4
425108,reward,9874,194.59928239299833,175.278,PPO-RegenReg,Hopper-v4,4
425194,reward,9875,188.67245438795842,176.901,PPO-RegenReg,Hopper-v4,4
425280,reward,9876,187.21701383674744,178.484,PPO-RegenReg,Hopper-v4,4
425366,reward,9877,189.4668466932618,184.825,PPO-RegenReg,Hopper-v4,4
425451,reward,9878,174.7012252440405,183.837,PPO-RegenReg,Hopper-v4,4
425538,reward,9879,180.571819791799,184.446,PPO-RegenReg,Hopper-v4,4
425629,reward,9880,203.84458255299268,188.246,PPO-RegenReg,Hopper-v4,4
425716,reward,9881,195.07213760234325,187.414,PPO-RegenReg,Hopper-v4,4
425803,reward,9882,196.47250829127918,189.808,PPO-RegenReg,Hopper-v4,4
425885,reward,9883,179.7187801492412,189.034,PPO-RegenReg,Hopper-v4,4
425969,reward,9884,164.88985047445257,186.063,PPO-RegenReg,Hopper-v4,4
426056,reward,9885,192.86379604514588,186.482,PPO-RegenReg,Hopper-v4,4
426116,reward,9886,112.62100137124105,179.022,PPO-RegenReg,Hopper-v4,4
426200,reward,9887,184.71412289924086,178.547,PPO-RegenReg,Hopper-v4,4
426285,reward,9888,189.290363381783,180.006,PPO-RegenReg,Hopper-v4,4
426356,reward,9889,141.42841259994512,176.092,PPO-RegenReg,Hopper-v4,4
426440,reward,9890,176.5797810515304,173.365,PPO-RegenReg,Hopper-v4,4
426525,reward,9891,187.00316534782027,172.558,PPO-RegenReg,Hopper-v4,4
426614,reward,9892,201.3254609628162,173.043,PPO-RegenReg,Hopper-v4,4
426686,reward,9893,139.02601377323137,168.974,PPO-RegenReg,Hopper-v4,4
426766,reward,9894,166.63886747410598,169.149,PPO-RegenReg,Hopper-v4,4
426852,reward,9895,192.59252063584543,169.122,PPO-RegenReg,Hopper-v4,4
426912,reward,9896,114.28878579321602,169.289,PPO-RegenReg,Hopper-v4,4
426996,reward,9897,184.4326753782534,169.261,PPO-RegenReg,Hopper-v4,4
427079,reward,9898,164.44302722040734,166.776,PPO-RegenReg,Hopper-v4,4
427163,reward,9899,184.29721901206554,171.063,PPO-RegenReg,Hopper-v4,4
427237,reward,9900,146.32440172908596,168.037,PPO-RegenReg,Hopper-v4,4
427328,reward,9901,207.94380700500378,170.131,PPO-RegenReg,Hopper-v4,4
427412,reward,9902,185.8887554021865,168.588,PPO-RegenReg,Hopper-v4,4
427500,reward,9903,200.56544439475883,174.742,PPO-RegenReg,Hopper-v4,4
427535,reward,9904,59.01027429004557,163.979,PPO-RegenReg,Hopper-v4,4
427597,reward,9905,114.43268596900276,156.163,PPO-RegenReg,Hopper-v4,4
427681,reward,9906,185.56328594041213,163.29,PPO-RegenReg,Hopper-v4,4
427766,reward,9907,191.11257112664777,163.958,PPO-RegenReg,Hopper-v4,4
427850,reward,9908,186.18782517036752,166.133,PPO-RegenReg,Hopper-v4,4
427904,reward,9909,96.77236602863803,157.38,PPO-RegenReg,Hopper-v4,4
427988,reward,9910,184.76411433838118,161.224,PPO-RegenReg,Hopper-v4,4
428078,reward,9911,202.93704965046518,160.723,PPO-RegenReg,Hopper-v4,4
428143,reward,9912,128.45567176331608,154.98,PPO-RegenReg,Hopper-v4,4
428228,reward,9913,186.6473468898459,153.588,PPO-RegenReg,Hopper-v4,4
428318,reward,9914,203.45597559403043,168.033,PPO-RegenReg,Hopper-v4,4
428401,reward,9915,180.71449782661537,174.661,PPO-RegenReg,Hopper-v4,4
428449,reward,9916,87.41355402541836,164.846,PPO-RegenReg,Hopper-v4,4
428536,reward,9917,196.0285330622738,165.338,PPO-RegenReg,Hopper-v4,4
428626,reward,9918,203.94230978294433,167.113,PPO-RegenReg,Hopper-v4,4
428715,reward,9919,199.78876686183375,177.415,PPO-RegenReg,Hopper-v4,4
428748,reward,9920,55.142128909931664,164.453,PPO-RegenReg,Hopper-v4,4
428833,reward,9921,191.11910744510277,163.271,PPO-RegenReg,Hopper-v4,4
428920,reward,9922,194.26252597791398,169.851,PPO-RegenReg,Hopper-v4,4
429013,reward,9923,190.08342254220054,170.195,PPO-RegenReg,Hopper-v4,4
429053,reward,9924,67.93001748608012,156.642,PPO-RegenReg,Hopper-v4,4
429107,reward,9925,97.79150117855372,148.35,PPO-RegenReg,Hopper-v4,4
429200,reward,9926,213.0821291679264,160.917,PPO-RegenReg,Hopper-v4,4
429282,reward,9927,174.8202488495739,158.796,PPO-RegenReg,Hopper-v4,4
429352,reward,9928,142.59093758802473,152.661,PPO-RegenReg,Hopper-v4,4
429437,reward,9929,186.85373644539195,151.368,PPO-RegenReg,Hopper-v4,4
429521,reward,9930,182.18322440169865,164.072,PPO-RegenReg,Hopper-v4,4
429608,reward,9931,195.9073023699612,164.551,PPO-RegenReg,Hopper-v4,4
429640,reward,9932,55.177193540799145,150.642,PPO-RegenReg,Hopper-v4,4
429721,reward,9933,179.56023167206976,149.59,PPO-RegenReg,Hopper-v4,4
429806,reward,9934,184.8218524858337,161.279,PPO-RegenReg,Hopper-v4,4
429858,reward,9935,98.398413909671,161.34,PPO-RegenReg,Hopper-v4,4
429945,reward,9936,193.02127793952872,159.333,PPO-RegenReg,Hopper-v4,4
430005,reward,9937,114.12425121758596,153.264,PPO-RegenReg,Hopper-v4,4
430052,reward,9938,82.39246776075287,147.244,PPO-RegenReg,Hopper-v4,4
430138,reward,9939,182.80732337805844,146.839,PPO-RegenReg,Hopper-v4,4
430228,reward,9940,201.72972003820695,148.794,PPO-RegenReg,Hopper-v4,4
430282,reward,9941,95.3060559269435,138.734,PPO-RegenReg,Hopper-v4,4
430370,reward,9942,192.5460839043422,152.471,PPO-RegenReg,Hopper-v4,4
430458,reward,9943,178.23289028723613,152.338,PPO-RegenReg,Hopper-v4,4
430537,reward,9944,164.82329484548697,150.338,PPO-RegenReg,Hopper-v4,4
430603,reward,9945,127.53073455327029,153.251,PPO-RegenReg,Hopper-v4,4
430680,reward,9946,163.74046423461263,150.323,PPO-RegenReg,Hopper-v4,4
430764,reward,9947,185.9278474135716,157.504,PPO-RegenReg,Hopper-v4,4
430845,reward,9948,179.05253396658804,167.17,PPO-RegenReg,Hopper-v4,4
430930,reward,9949,187.29581371313853,167.619,PPO-RegenReg,Hopper-v4,4
431016,reward,9950,191.08188952817898,166.554,PPO-RegenReg,Hopper-v4,4
431101,reward,9951,190.72330239967306,176.095,PPO-RegenReg,Hopper-v4,4
431132,reward,9952,53.27828647364689,162.169,PPO-RegenReg,Hopper-v4,4
431166,reward,9953,57.23122106847769,150.069,PPO-RegenReg,Hopper-v4,4
431251,reward,9954,189.1083148534029,152.497,PPO-RegenReg,Hopper-v4,4
431337,reward,9955,190.47049620513252,158.791,PPO-RegenReg,Hopper-v4,4
431421,reward,9956,179.66064475794965,160.383,PPO-RegenReg,Hopper-v4,4
431505,reward,9957,180.42089795421276,159.832,PPO-RegenReg,Hopper-v4,4
431591,reward,9958,184.20174006501898,160.347,PPO-RegenReg,Hopper-v4,4
431624,reward,9959,43.95879181376672,146.014,PPO-RegenReg,Hopper-v4,4
431707,reward,9960,185.67802542402796,145.473,PPO-RegenReg,Hopper-v4,4
431753,reward,9961,83.76166593351859,134.777,PPO-RegenReg,Hopper-v4,4
431826,reward,9962,152.1786773858513,144.667,PPO-RegenReg,Hopper-v4,4
431911,reward,9963,187.0359892684827,157.648,PPO-RegenReg,Hopper-v4,4
432000,reward,9964,202.55655003339476,158.992,PPO-RegenReg,Hopper-v4,4
432085,reward,9965,184.1589163232795,158.361,PPO-RegenReg,Hopper-v4,4
432170,reward,9966,184.34051250280552,158.829,PPO-RegenReg,Hopper-v4,4
432259,reward,9967,200.57178848251874,160.844,PPO-RegenReg,Hopper-v4,4
432335,reward,9968,155.57531827676934,157.982,PPO-RegenReg,Hopper-v4,4
432378,reward,9969,76.57782961451018,161.244,PPO-RegenReg,Hopper-v4,4
432442,reward,9970,120.31770801684281,154.707,PPO-RegenReg,Hopper-v4,4
432527,reward,9971,189.590890126972,165.29,PPO-RegenReg,Hopper-v4,4
432616,reward,9972,198.88320316688524,169.961,PPO-RegenReg,Hopper-v4,4
432699,reward,9973,180.30268046553914,169.288,PPO-RegenReg,Hopper-v4,4
432775,reward,9974,160.76815311468806,165.109,PPO-RegenReg,Hopper-v4,4
432869,reward,9975,213.18666156997713,168.011,PPO-RegenReg,Hopper-v4,4
432948,reward,9976,168.93793606280596,166.471,PPO-RegenReg,Hopper-v4,4
433036,reward,9977,195.23002895815407,165.937,PPO-RegenReg,Hopper-v4,4
433113,reward,9978,158.93768498926707,166.273,PPO-RegenReg,Hopper-v4,4
433201,reward,9979,191.91862831868863,177.807,PPO-RegenReg,Hopper-v4,4
433289,reward,9980,193.23970831835422,185.1,PPO-RegenReg,Hopper-v4,4
433376,reward,9981,192.98199887024742,185.439,PPO-RegenReg,Hopper-v4,4
433453,reward,9982,153.32325610625495,180.883,PPO-RegenReg,Hopper-v4,4
433538,reward,9983,176.02286739441598,180.455,PPO-RegenReg,Hopper-v4,4
433588,reward,9984,91.39371146946785,173.517,PPO-RegenReg,Hopper-v4,4
433633,reward,9985,80.26054935330804,160.225,PPO-RegenReg,Hopper-v4,4
433723,reward,9986,203.38138515646284,163.669,PPO-RegenReg,Hopper-v4,4
433816,reward,9987,211.80058678325656,165.326,PPO-RegenReg,Hopper-v4,4
433898,reward,9988,177.24718014431843,167.157,PPO-RegenReg,Hopper-v4,4
433985,reward,9989,178.18860385699338,165.784,PPO-RegenReg,Hopper-v4,4
434045,reward,9990,111.85107981156978,157.645,PPO-RegenReg,Hopper-v4,4
434130,reward,9991,188.53446558368412,157.2,PPO-RegenReg,Hopper-v4,4
434212,reward,9992,173.05557113526993,159.174,PPO-RegenReg,Hopper-v4,4
434261,reward,9993,92.50293514711545,150.822,PPO-RegenReg,Hopper-v4,4
434369,reward,9994,219.0936138973538,163.592,PPO-RegenReg,Hopper-v4,4
434458,reward,9995,200.44296233389022,175.61,PPO-RegenReg,Hopper-v4,4
434542,reward,9996,184.9835450337333,173.77,PPO-RegenReg,Hopper-v4,4
434631,reward,9997,198.727201418471,172.463,PPO-RegenReg,Hopper-v4,4
434718,reward,9998,194.12626132906692,174.151,PPO-RegenReg,Hopper-v4,4
434749,reward,9999,54.006575494076586,161.732,PPO-RegenReg,Hopper-v4,4
434833,reward,10000,179.70829523403208,168.518,PPO-RegenReg,Hopper-v4,4
434918,reward,10001,184.1902807077914,168.084,PPO-RegenReg,Hopper-v4,4
435001,reward,10002,174.74354822270192,168.253,PPO-RegenReg,Hopper-v4,4
435077,reward,10003,158.6348032797238,174.866,PPO-RegenReg,Hopper-v4,4
435115,reward,10004,66.479118914871,159.604,PPO-RegenReg,Hopper-v4,4
435199,reward,10005,186.39114675845414,158.199,PPO-RegenReg,Hopper-v4,4
435284,reward,10006,179.7984018390438,157.681,PPO-RegenReg,Hopper-v4,4
435368,reward,10007,181.12192998954717,155.92,PPO-RegenReg,Hopper-v4,4
435453,reward,10008,185.8759430520361,155.095,PPO-RegenReg,Hopper-v4,4
435538,reward,10009,177.16506358805034,167.411,PPO-RegenReg,Hopper-v4,4
435602,reward,10010,123.18890429180043,161.759,PPO-RegenReg,Hopper-v4,4
435644,reward,10011,74.80741508854211,150.821,PPO-RegenReg,Hopper-v4,4
435700,reward,10012,101.6196341372842,143.508,PPO-RegenReg,Hopper-v4,4
435787,reward,10013,178.4290906624118,145.488,PPO-RegenReg,Hopper-v4,4
435878,reward,10014,210.17318957979262,159.857,PPO-RegenReg,Hopper-v4,4
435964,reward,10015,183.36704744513284,159.555,PPO-RegenReg,Hopper-v4,4
436050,reward,10016,191.71483513130082,160.746,PPO-RegenReg,Hopper-v4,4
436135,reward,10017,187.71397160249276,161.406,PPO-RegenReg,Hopper-v4,4
436219,reward,10018,177.78754898625436,160.597,PPO-RegenReg,Hopper-v4,4
436306,reward,10019,195.06616683257593,162.387,PPO-RegenReg,Hopper-v4,4
436396,reward,10020,191.17624045586305,169.186,PPO-RegenReg,Hopper-v4,4
436432,reward,10021,62.772328187606576,167.982,PPO-RegenReg,Hopper-v4,4
436518,reward,10022,191.25032108906382,176.945,PPO-RegenReg,Hopper-v4,4
436602,reward,10023,182.33935894803568,177.336,PPO-RegenReg,Hopper-v4,4
436640,reward,10024,65.82184075840195,162.901,PPO-RegenReg,Hopper-v4,4
436731,reward,10025,206.14861419494073,165.179,PPO-RegenReg,Hopper-v4,4
436765,reward,10026,58.01129757509742,151.809,PPO-RegenReg,Hopper-v4,4
436853,reward,10027,194.26621314096738,152.464,PPO-RegenReg,Hopper-v4,4
436916,reward,10028,119.9138737033517,146.677,PPO-RegenReg,Hopper-v4,4
436987,reward,10029,139.86880157914314,141.157,PPO-RegenReg,Hopper-v4,4
437021,reward,10030,57.17121097501385,127.756,PPO-RegenReg,Hopper-v4,4
437099,reward,10031,152.48576350695208,136.728,PPO-RegenReg,Hopper-v4,4
437160,reward,10032,113.90160688064397,128.993,PPO-RegenReg,Hopper-v4,4
437251,reward,10033,197.4382950953473,130.503,PPO-RegenReg,Hopper-v4,4
437306,reward,10034,100.72419407628813,133.993,PPO-RegenReg,Hopper-v4,4
437398,reward,10035,208.84843089512555,134.263,PPO-RegenReg,Hopper-v4,4
437438,reward,10036,61.54195860608715,134.616,PPO-RegenReg,Hopper-v4,4
437527,reward,10037,200.74460965335675,135.264,PPO-RegenReg,Hopper-v4,4
437612,reward,10038,188.87670228197015,142.16,PPO-RegenReg,Hopper-v4,4
437697,reward,10039,188.84773424794426,147.058,PPO-RegenReg,Hopper-v4,4
437781,reward,10040,182.0655636445507,159.547,PPO-RegenReg,Hopper-v4,4
437857,reward,10041,160.71186000349655,160.37,PPO-RegenReg,Hopper-v4,4
437944,reward,10042,194.6958511360976,168.45,PPO-RegenReg,Hopper-v4,4
438008,reward,10043,124.81792405068812,161.187,PPO-RegenReg,Hopper-v4,4
438098,reward,10044,206.07796661034862,171.723,PPO-RegenReg,Hopper-v4,4
438183,reward,10045,188.97976994642772,169.736,PPO-RegenReg,Hopper-v4,4
438268,reward,10046,188.7929196220423,182.461,PPO-RegenReg,Hopper-v4,4
438353,reward,10047,190.98878205554647,181.486,PPO-RegenReg,Hopper-v4,4
438406,reward,10048,94.46554174071176,172.044,PPO-RegenReg,Hopper-v4,4
438493,reward,10049,193.77967653470185,172.538,PPO-RegenReg,Hopper-v4,4
438582,reward,10050,194.31489661121475,173.763,PPO-RegenReg,Hopper-v4,4
438667,reward,10051,180.56967144055818,175.748,PPO-RegenReg,Hopper-v4,4
438713,reward,10052,82.0534720576296,164.484,PPO-RegenReg,Hopper-v4,4
438747,reward,10053,59.257341491850156,157.928,PPO-RegenReg,Hopper-v4,4
438835,reward,10054,180.50990215913194,155.371,PPO-RegenReg,Hopper-v4,4
438882,reward,10055,77.9308310457375,144.266,PPO-RegenReg,Hopper-v4,4
438971,reward,10056,200.83164280261724,145.47,PPO-RegenReg,Hopper-v4,4
439058,reward,10057,195.2822502475003,145.9,PPO-RegenReg,Hopper-v4,4
439134,reward,10058,160.67674197665414,152.521,PPO-RegenReg,Hopper-v4,4
439220,reward,10059,190.52236985396394,152.195,PPO-RegenReg,Hopper-v4,4
439311,reward,10060,205.73679914041603,153.337,PPO-RegenReg,Hopper-v4,4
439399,reward,10061,182.59835964181795,153.54,PPO-RegenReg,Hopper-v4,4
439481,reward,10062,178.25813785504533,163.16,PPO-RegenReg,Hopper-v4,4
439572,reward,10063,203.38118725427637,177.573,PPO-RegenReg,Hopper-v4,4
439599,reward,10064,44.99744034874822,164.022,PPO-RegenReg,Hopper-v4,4
439643,reward,10065,72.56941166950267,163.485,PPO-RegenReg,Hopper-v4,4
439672,reward,10066,49.39175842207884,148.341,PPO-RegenReg,Hopper-v4,4
439756,reward,10067,184.78438605783472,147.292,PPO-RegenReg,Hopper-v4,4
439840,reward,10068,183.92252502744117,149.616,PPO-RegenReg,Hopper-v4,4
439893,reward,10069,90.48104666083101,139.612,PPO-RegenReg,Hopper-v4,4
439954,reward,10070,114.43838146230458,130.482,PPO-RegenReg,Hopper-v4,4
440041,reward,10071,194.4126292056993,131.664,PPO-RegenReg,Hopper-v4,4
440131,reward,10072,203.08168028223568,134.146,PPO-RegenReg,Hopper-v4,4
440216,reward,10073,189.12876918723524,132.721,PPO-RegenReg,Hopper-v4,4
440305,reward,10074,179.2340748433376,146.144,PPO-RegenReg,Hopper-v4,4
440344,reward,10075,66.7841286313197,145.566,PPO-RegenReg,Hopper-v4,4
440432,reward,10076,199.4380425794291,160.571,PPO-RegenReg,Hopper-v4,4
440521,reward,10077,198.62848756421312,161.955,PPO-RegenReg,Hopper-v4,4
440606,reward,10078,182.54923112916873,161.818,PPO-RegenReg,Hopper-v4,4
440692,reward,10079,188.69526388899422,171.639,PPO-RegenReg,Hopper-v4,4
440724,reward,10080,53.09095526378466,165.504,PPO-RegenReg,Hopper-v4,4
440770,reward,10081,85.3543199703521,154.598,PPO-RegenReg,Hopper-v4,4
440858,reward,10082,195.9411503654736,153.884,PPO-RegenReg,Hopper-v4,4
440943,reward,10083,192.11912824259463,154.183,PPO-RegenReg,Hopper-v4,4
441028,reward,10084,177.5122070167759,154.011,PPO-RegenReg,Hopper-v4,4
441113,reward,10085,187.27283000424654,166.06,PPO-RegenReg,Hopper-v4,4
441154,reward,10086,73.58816175692223,153.475,PPO-RegenReg,Hopper-v4,4
441188,reward,10087,57.79708402535805,139.392,PPO-RegenReg,Hopper-v4,4
441272,reward,10088,185.3783698206628,139.675,PPO-RegenReg,Hopper-v4,4
441347,reward,10089,159.05777575962924,136.711,PPO-RegenReg,Hopper-v4,4
441434,reward,10090,174.2479460253289,148.827,PPO-RegenReg,Hopper-v4,4
441517,reward,10091,183.6866533621385,158.66,PPO-RegenReg,Hopper-v4,4
441609,reward,10092,206.86668679329068,159.753,PPO-RegenReg,Hopper-v4,4
441683,reward,10093,155.24132267589553,156.065,PPO-RegenReg,Hopper-v4,4
441751,reward,10094,133.44942482491805,151.659,PPO-RegenReg,Hopper-v4,4
441836,reward,10095,182.8044084399203,151.212,PPO-RegenReg,Hopper-v4,4
441924,reward,10096,197.6952887708175,163.622,PPO-RegenReg,Hopper-v4,4
442007,reward,10097,178.962977420216,175.739,PPO-RegenReg,Hopper-v4,4
442073,reward,10098,130.12588626974465,170.214,PPO-RegenReg,Hopper-v4,4
442159,reward,10099,191.1702248052845,173.425,PPO-RegenReg,Hopper-v4,4
442243,reward,10100,179.39283479992986,173.94,PPO-RegenReg,Hopper-v4,4
442327,reward,10101,187.04568758275622,174.275,PPO-RegenReg,Hopper-v4,4
442413,reward,10102,191.97048219366047,172.786,PPO-RegenReg,Hopper-v4,4
442500,reward,10103,189.7827068462774,176.24,PPO-RegenReg,Hopper-v4,4
442582,reward,10104,166.56928417242614,179.552,PPO-RegenReg,Hopper-v4,4
442663,reward,10105,175.7948536212218,178.851,PPO-RegenReg,Hopper-v4,4
442746,reward,10106,179.52634298547184,177.034,PPO-RegenReg,Hopper-v4,4
442789,reward,10107,75.60200963423452,166.698,PPO-RegenReg,Hopper-v4,4
442872,reward,10108,171.07994398943907,170.793,PPO-RegenReg,Hopper-v4,4
442962,reward,10109,202.78131243946152,171.955,PPO-RegenReg,Hopper-v4,4
443045,reward,10110,181.57826892998995,172.173,PPO-RegenReg,Hopper-v4,4
443133,reward,10111,197.3388578818297,173.202,PPO-RegenReg,Hopper-v4,4
443218,reward,10112,187.0722130090421,172.713,PPO-RegenReg,Hopper-v4,4
443305,reward,10113,187.8085882818311,172.515,PPO-RegenReg,Hopper-v4,4
443390,reward,10114,186.3855764374368,174.497,PPO-RegenReg,Hopper-v4,4
443478,reward,10115,185.97557246248152,175.515,PPO-RegenReg,Hopper-v4,4
443563,reward,10116,186.004925881704,176.163,PPO-RegenReg,Hopper-v4,4
443646,reward,10117,180.44346479897803,186.647,PPO-RegenReg,Hopper-v4,4
443733,reward,10118,194.32452346160846,188.971,PPO-RegenReg,Hopper-v4,4
443780,reward,10119,84.18525759963867,177.112,PPO-RegenReg,Hopper-v4,4
443865,reward,10120,186.11716897059327,177.566,PPO-RegenReg,Hopper-v4,4
443947,reward,10121,180.43690418610504,175.875,PPO-RegenReg,Hopper-v4,4
444033,reward,10122,173.0890093177739,174.477,PPO-RegenReg,Hopper-v4,4
444118,reward,10123,174.36957063526708,173.133,PPO-RegenReg,Hopper-v4,4
444205,reward,10124,192.26262787572838,173.721,PPO-RegenReg,Hopper-v4,4
444296,reward,10125,206.83221246690468,175.807,PPO-RegenReg,Hopper-v4,4
444378,reward,10126,179.4735460034735,175.153,PPO-RegenReg,Hopper-v4,4
444468,reward,10127,202.48307060197496,177.357,PPO-RegenReg,Hopper-v4,4
444556,reward,10128,198.60773423974769,177.786,PPO-RegenReg,Hopper-v4,4
444639,reward,10129,180.71718491348906,187.439,PPO-RegenReg,Hopper-v4,4
444685,reward,10130,84.00521556598555,177.228,PPO-RegenReg,Hopper-v4,4
444769,reward,10131,170.43190307377236,176.227,PPO-RegenReg,Hopper-v4,4
444857,reward,10132,195.85326876416423,178.504,PPO-RegenReg,Hopper-v4,4
444889,reward,10133,53.350308731677565,166.402,PPO-RegenReg,Hopper-v4,4
444979,reward,10134,201.10739968137344,167.286,PPO-RegenReg,Hopper-v4,4
445066,reward,10135,191.3445628669455,165.737,PPO-RegenReg,Hopper-v4,4
445150,reward,10136,185.20456938729964,166.311,PPO-RegenReg,Hopper-v4,4
445234,reward,10137,183.64776106527628,164.427,PPO-RegenReg,Hopper-v4,4
445322,reward,10138,197.21359460522572,164.288,PPO-RegenReg,Hopper-v4,4
445370,reward,10139,86.25811820589814,154.842,PPO-RegenReg,Hopper-v4,4
445454,reward,10140,186.0946911498979,165.051,PPO-RegenReg,Hopper-v4,4
445544,reward,10141,200.3324409603325,168.041,PPO-RegenReg,Hopper-v4,4
445633,reward,10142,196.59789321760334,168.115,PPO-RegenReg,Hopper-v4,4
445719,reward,10143,190.4336197043324,181.823,PPO-RegenReg,Hopper-v4,4
445801,reward,10144,178.4438106398732,179.557,PPO-RegenReg,Hopper-v4,4
445884,reward,10145,182.060821920347,178.629,PPO-RegenReg,Hopper-v4,4
445957,reward,10146,148.7878172137852,174.987,PPO-RegenReg,Hopper-v4,4
446042,reward,10147,188.5154950315575,175.474,PPO-RegenReg,Hopper-v4,4
446128,reward,10148,190.05446180874466,174.758,PPO-RegenReg,Hopper-v4,4
446214,reward,10149,187.77141122690517,184.909,PPO-RegenReg,Hopper-v4,4
446297,reward,10150,182.1170756759434,184.511,PPO-RegenReg,Hopper-v4,4
446382,reward,10151,174.76219757566054,181.954,PPO-RegenReg,Hopper-v4,4
446467,reward,10152,189.45293849869464,181.24,PPO-RegenReg,Hopper-v4,4
446528,reward,10153,115.35834324516281,173.732,PPO-RegenReg,Hopper-v4,4
446572,reward,10154,81.45538435406282,164.034,PPO-RegenReg,Hopper-v4,4
446659,reward,10155,194.8708856983452,165.315,PPO-RegenReg,Hopper-v4,4
446748,reward,10156,202.45684341489653,170.682,PPO-RegenReg,Hopper-v4,4
446831,reward,10157,178.02049794722282,169.632,PPO-RegenReg,Hopper-v4,4
446867,reward,10158,59.184683133368324,156.545,PPO-RegenReg,Hopper-v4,4
446940,reward,10159,141.817481020207,151.95,PPO-RegenReg,Hopper-v4,4
447026,reward,10160,190.78553694013337,152.816,PPO-RegenReg,Hopper-v4,4
447113,reward,10161,174.1369084568367,152.754,PPO-RegenReg,Hopper-v4,4
447154,reward,10162,73.41338886061597,141.15,PPO-RegenReg,Hopper-v4,4
447237,reward,10163,176.91361472797357,147.306,PPO-RegenReg,Hopper-v4,4
447322,reward,10164,187.17279261255737,157.877,PPO-RegenReg,Hopper-v4,4
447404,reward,10165,180.21009544476286,156.411,PPO-RegenReg,Hopper-v4,4
447485,reward,10166,171.58813319103058,153.324,PPO-RegenReg,Hopper-v4,4
447515,reward,10167,49.78410971841468,140.501,PPO-RegenReg,Hopper-v4,4
447601,reward,10168,190.63136474527562,153.645,PPO-RegenReg,Hopper-v4,4
447685,reward,10169,183.11290356634908,157.775,PPO-RegenReg,Hopper-v4,4
447773,reward,10170,198.77509421224195,158.574,PPO-RegenReg,Hopper-v4,4
447821,reward,10171,87.74803543738062,149.935,PPO-RegenReg,Hopper-v4,4
447914,reward,10172,199.30314973324772,162.524,PPO-RegenReg,Hopper-v4,4
447949,reward,10173,60.17608587336776,150.85,PPO-RegenReg,Hopper-v4,4
448036,reward,10174,180.11602808887747,150.145,PPO-RegenReg,Hopper-v4,4
448122,reward,10175,191.55598320420012,151.279,PPO-RegenReg,Hopper-v4,4
448176,reward,10176,97.70796461012888,143.891,PPO-RegenReg,Hopper-v4,4
448263,reward,10177,192.82588941399712,158.195,PPO-RegenReg,Hopper-v4,4
448349,reward,10178,190.8206963055405,158.214,PPO-RegenReg,Hopper-v4,4
448439,reward,10179,191.62277377961271,159.065,PPO-RegenReg,Hopper-v4,4
448526,reward,10180,184.22254810449806,157.61,PPO-RegenReg,Hopper-v4,4
448611,reward,10181,184.1266559146052,167.248,PPO-RegenReg,Hopper-v4,4
448701,reward,10182,197.01900785238905,167.019,PPO-RegenReg,Hopper-v4,4
448758,reward,10183,96.78734752547453,170.68,PPO-RegenReg,Hopper-v4,4
448850,reward,10184,187.3554346195372,171.404,PPO-RegenReg,Hopper-v4,4
448935,reward,10185,189.65287992420244,171.214,PPO-RegenReg,Hopper-v4,4
449022,reward,10186,178.91621084557917,179.335,PPO-RegenReg,Hopper-v4,4
449060,reward,10187,58.25566943128666,165.878,PPO-RegenReg,Hopper-v4,4
449146,reward,10188,184.81102957311717,165.277,PPO-RegenReg,Hopper-v4,4
449207,reward,10189,115.42562959945847,157.657,PPO-RegenReg,Hopper-v4,4
449297,reward,10190,202.24677194640765,159.46,PPO-RegenReg,Hopper-v4,4
449381,reward,10191,175.34502009345434,158.582,PPO-RegenReg,Hopper-v4,4
449468,reward,10192,196.99353586591292,158.579,PPO-RegenReg,Hopper-v4,4
449531,reward,10193,113.2056460869004,160.221,PPO-RegenReg,Hopper-v4,4
449613,reward,10194,161.57563457693723,157.643,PPO-RegenReg,Hopper-v4,4
449699,reward,10195,192.7482497190017,157.952,PPO-RegenReg,Hopper-v4,4
449782,reward,10196,182.89386522885277,158.35,PPO-RegenReg,Hopper-v4,4
449839,reward,10197,104.49881496377374,162.974,PPO-RegenReg,Hopper-v4,4
449925,reward,10198,189.67158815046537,163.46,PPO-RegenReg,Hopper-v4,4
450010,reward,10199,181.96171544656235,170.114,PPO-RegenReg,Hopper-v4,4
450045,reward,10200,58.38694477910281,155.728,PPO-RegenReg,Hopper-v4,4
450133,reward,10201,182.32381508018625,156.426,PPO-RegenReg,Hopper-v4,4
450219,reward,10202,188.6069856899327,155.587,PPO-RegenReg,Hopper-v4,4
450246,reward,10203,45.119690278271705,148.779,PPO-RegenReg,Hopper-v4,4
450330,reward,10204,177.6780372098502,150.389,PPO-RegenReg,Hopper-v4,4
450416,reward,10205,192.27696673867558,150.342,PPO-RegenReg,Hopper-v4,4
450505,reward,10206,198.48998347545717,151.901,PPO-RegenReg,Hopper-v4,4
450590,reward,10207,167.96539197166467,158.248,PPO-RegenReg,Hopper-v4,4
450678,reward,10208,196.27080576248147,158.908,PPO-RegenReg,Hopper-v4,4
450734,reward,10209,102.25015367682691,150.937,PPO-RegenReg,Hopper-v4,4
450821,reward,10210,193.97036808829716,164.495,PPO-RegenReg,Hopper-v4,4
450909,reward,10211,195.5998193085013,165.823,PPO-RegenReg,Hopper-v4,4
450962,reward,10212,99.37893536021217,156.9,PPO-RegenReg,Hopper-v4,4
451031,reward,10213,138.86369750592496,166.274,PPO-RegenReg,Hopper-v4,4
451122,reward,10214,205.4621884465615,169.053,PPO-RegenReg,Hopper-v4,4
451209,reward,10215,192.42558765999948,169.068,PPO-RegenReg,Hopper-v4,4
451296,reward,10216,193.9376643973488,168.612,PPO-RegenReg,Hopper-v4,4
451340,reward,10217,75.22558984933127,159.338,PPO-RegenReg,Hopper-v4,4
451423,reward,10218,178.00302749455588,157.512,PPO-RegenReg,Hopper-v4,4
451508,reward,10219,185.14449130745865,165.801,PPO-RegenReg,Hopper-v4,4
451594,reward,10220,190.14029627193304,165.418,PPO-RegenReg,Hopper-v4,4
451678,reward,10221,185.95575267238675,164.454,PPO-RegenReg,Hopper-v4,4
451763,reward,10222,178.85003550052141,172.401,PPO-RegenReg,Hopper-v4,4
451802,reward,10223,67.74921698774487,165.289,PPO-RegenReg,Hopper-v4,4
451890,reward,10224,198.30164804959577,164.573,PPO-RegenReg,Hopper-v4,4
451972,reward,10225,173.28401320984264,162.659,PPO-RegenReg,Hopper-v4,4
452035,reward,10226,119.13222103281115,155.179,PPO-RegenReg,Hopper-v4,4
452127,reward,10227,200.85706503509857,167.742,PPO-RegenReg,Hopper-v4,4
452216,reward,10228,196.40555312951278,169.582,PPO-RegenReg,Hopper-v4,4
452306,reward,10229,191.45556699886163,170.213,PPO-RegenReg,Hopper-v4,4
452391,reward,10230,181.7252922697454,169.372,PPO-RegenReg,Hopper-v4,4
452478,reward,10231,196.40961116611456,170.417,PPO-RegenReg,Hopper-v4,4
452562,reward,10232,184.6226462573318,170.994,PPO-RegenReg,Hopper-v4,4
452650,reward,10233,198.27262952605082,184.047,PPO-RegenReg,Hopper-v4,4
452738,reward,10234,195.76469093812162,183.793,PPO-RegenReg,Hopper-v4,4
452826,reward,10235,197.03895024698951,186.168,PPO-RegenReg,Hopper-v4,4
452904,reward,10236,167.5343598555037,191.009,PPO-RegenReg,Hopper-v4,4
452995,reward,10237,207.61771391617268,191.685,PPO-RegenReg,Hopper-v4,4
453079,reward,10238,188.1225546666569,190.856,PPO-RegenReg,Hopper-v4,4
453163,reward,10239,184.53001162297713,190.164,PPO-RegenReg,Hopper-v4,4
453246,reward,10240,176.87535753148276,189.679,PPO-RegenReg,Hopper-v4,4
453304,reward,10241,104.67187607152081,180.505,PPO-RegenReg,Hopper-v4,4
453394,reward,10242,202.86064367680157,182.329,PPO-RegenReg,Hopper-v4,4
453478,reward,10243,183.44789091303048,180.846,PPO-RegenReg,Hopper-v4,4
453564,reward,10244,170.5820870703183,178.328,PPO-RegenReg,Hopper-v4,4
453654,reward,10245,197.97666124428122,178.422,PPO-RegenReg,Hopper-v4,4
453742,reward,10246,193.16742058512736,180.985,PPO-RegenReg,Hopper-v4,4
453827,reward,10247,184.5834409746667,178.682,PPO-RegenReg,Hopper-v4,4
453912,reward,10248,186.75111798736455,178.545,PPO-RegenReg,Hopper-v4,4
453997,reward,10249,187.08222984825142,178.8,PPO-RegenReg,Hopper-v4,4
454069,reward,10250,149.80317205162677,176.093,PPO-RegenReg,Hopper-v4,4
454156,reward,10251,191.3665040433183,184.762,PPO-RegenReg,Hopper-v4,4
454238,reward,10252,180.35576492361983,182.512,PPO-RegenReg,Hopper-v4,4
454320,reward,10253,177.5995120847162,181.927,PPO-RegenReg,Hopper-v4,4
454410,reward,10254,203.05560315341705,185.174,PPO-RegenReg,Hopper-v4,4
454494,reward,10255,171.96405539021865,182.573,PPO-RegenReg,Hopper-v4,4
454579,reward,10256,186.08661409656665,181.865,PPO-RegenReg,Hopper-v4,4
454672,reward,10257,209.44097925736307,184.351,PPO-RegenReg,Hopper-v4,4
454750,reward,10258,168.87147840084015,182.563,PPO-RegenReg,Hopper-v4,4
454838,reward,10259,196.53153458654285,183.508,PPO-RegenReg,Hopper-v4,4
454929,reward,10260,203.85590929047746,188.913,PPO-RegenReg,Hopper-v4,4
455013,reward,10261,184.55288932228447,188.231,PPO-RegenReg,Hopper-v4,4
455040,reward,10262,46.36442140640422,174.832,PPO-RegenReg,Hopper-v4,4
455126,reward,10263,191.82540358723526,176.255,PPO-RegenReg,Hopper-v4,4
455214,reward,10264,197.47517725462467,175.697,PPO-RegenReg,Hopper-v4,4
455294,reward,10265,157.21345290780883,174.222,PPO-RegenReg,Hopper-v4,4
455351,reward,10266,103.37929410999615,165.951,PPO-RegenReg,Hopper-v4,4
455436,reward,10267,189.79346928409518,163.986,PPO-RegenReg,Hopper-v4,4
455524,reward,10268,196.47449190607952,166.747,PPO-RegenReg,Hopper-v4,4
455609,reward,10269,177.97572273680993,164.891,PPO-RegenReg,Hopper-v4,4
455692,reward,10270,178.58775047992108,162.364,PPO-RegenReg,Hopper-v4,4
455779,reward,10271,188.53380048342262,162.762,PPO-RegenReg,Hopper-v4,4
455866,reward,10272,179.84435318850325,176.11,PPO-RegenReg,Hopper-v4,4
455914,reward,10273,85.10192142356334,165.438,PPO-RegenReg,Hopper-v4,4
456003,reward,10274,202.08900112212706,165.899,PPO-RegenReg,Hopper-v4,4
456087,reward,10275,177.14626507952252,167.893,PPO-RegenReg,Hopper-v4,4
456173,reward,10276,189.83887954539105,176.539,PPO-RegenReg,Hopper-v4,4
456260,reward,10277,192.88687220435938,176.848,PPO-RegenReg,Hopper-v4,4
456351,reward,10278,205.1902746211092,177.719,PPO-RegenReg,Hopper-v4,4
456434,reward,10279,184.247576156333,178.347,PPO-RegenReg,Hopper-v4,4
456518,reward,10280,178.03034502809888,178.291,PPO-RegenReg,Hopper-v4,4
456594,reward,10281,161.07738142540333,175.545,PPO-RegenReg,Hopper-v4,4
456682,reward,10282,188.0876647491197,176.37,PPO-RegenReg,Hopper-v4,4
456770,reward,10283,196.73194237790574,187.533,PPO-RegenReg,Hopper-v4,4
456855,reward,10284,184.89720390961236,185.813,PPO-RegenReg,Hopper-v4,4
456933,reward,10285,166.70217201622427,184.769,PPO-RegenReg,Hopper-v4,4
457018,reward,10286,178.06293078161917,183.591,PPO-RegenReg,Hopper-v4,4
457107,reward,10287,199.77821931781284,184.281,PPO-RegenReg,Hopper-v4,4
457192,reward,10288,175.06065533924843,181.268,PPO-RegenReg,Hopper-v4,4
457283,reward,10289,186.59325417386404,181.502,PPO-RegenReg,Hopper-v4,4
457316,reward,10290,56.968686946541396,169.396,PPO-RegenReg,Hopper-v4,4
457402,reward,10291,192.57380722684104,172.546,PPO-RegenReg,Hopper-v4,4
457490,reward,10292,196.35390277837362,173.372,PPO-RegenReg,Hopper-v4,4
457578,reward,10293,197.34300447340456,173.433,PPO-RegenReg,Hopper-v4,4
457662,reward,10294,185.8121537473006,173.525,PPO-RegenReg,Hopper-v4,4
457748,reward,10295,190.9059408395751,175.945,PPO-RegenReg,Hopper-v4,4
457835,reward,10296,180.99017576898342,176.238,PPO-RegenReg,Hopper-v4,4
457920,reward,10297,185.3323843560914,174.793,PPO-RegenReg,Hopper-v4,4
458007,reward,10298,175.6759618680047,174.855,PPO-RegenReg,Hopper-v4,4
458094,reward,10299,192.60647993306608,175.456,PPO-RegenReg,Hopper-v4,4
458187,reward,10300,213.88248111583093,191.148,PPO-RegenReg,Hopper-v4,4
458275,reward,10301,198.86201672066642,191.776,PPO-RegenReg,Hopper-v4,4
458360,reward,10302,185.59295064859452,190.7,PPO-RegenReg,Hopper-v4,4
458448,reward,10303,192.83450782881758,190.25,PPO-RegenReg,Hopper-v4,4
458538,reward,10304,205.5233551209748,192.221,PPO-RegenReg,Hopper-v4,4
458626,reward,10305,194.54826927357055,192.585,PPO-RegenReg,Hopper-v4,4
458712,reward,10306,188.53934949762564,193.34,PPO-RegenReg,Hopper-v4,4
458803,reward,10307,186.5591375680229,193.462,PPO-RegenReg,Hopper-v4,4
458847,reward,10308,74.75483470192452,183.37,PPO-RegenReg,Hopper-v4,4
458936,reward,10309,202.20368851821374,184.33,PPO-RegenReg,Hopper-v4,4
459025,reward,10310,198.7340306575852,182.815,PPO-RegenReg,Hopper-v4,4
459111,reward,10311,193.54161700526612,182.283,PPO-RegenReg,Hopper-v4,4
459151,reward,10312,69.9914761419435,170.723,PPO-RegenReg,Hopper-v4,4
459237,reward,10313,191.7626957372603,170.616,PPO-RegenReg,Hopper-v4,4
459322,reward,10314,182.78354453798397,168.342,PPO-RegenReg,Hopper-v4,4
459407,reward,10315,187.02089771819777,167.589,PPO-RegenReg,Hopper-v4,4
459491,reward,10316,185.5502042613255,167.29,PPO-RegenReg,Hopper-v4,4
459536,reward,10317,78.8811097674834,156.522,PPO-RegenReg,Hopper-v4,4
459610,reward,10318,154.44061279890934,164.491,PPO-RegenReg,Hopper-v4,4
459687,reward,10319,151.74157149040013,159.445,PPO-RegenReg,Hopper-v4,4
459757,reward,10320,141.20356276398954,153.692,PPO-RegenReg,Hopper-v4,4
459789,reward,10321,53.83225269321906,139.721,PPO-RegenReg,Hopper-v4,4
459874,reward,10322,180.6294199204944,150.785,PPO-RegenReg,Hopper-v4,4
459910,reward,10323,62.031018937137574,137.811,PPO-RegenReg,Hopper-v4,4
459998,reward,10324,186.2764540454271,138.161,PPO-RegenReg,Hopper-v4,4
460087,reward,10325,200.3494859399766,139.494,PPO-RegenReg,Hopper-v4,4
460159,reward,10326,142.449408226192,135.183,PPO-RegenReg,Hopper-v4,4
460233,reward,10327,155.3911451931972,142.834,PPO-RegenReg,Hopper-v4,4
460316,reward,10328,166.1953668726216,144.01,PPO-RegenReg,Hopper-v4,4
460402,reward,10329,174.11346097313154,146.247,PPO-RegenReg,Hopper-v4,4
460431,reward,10330,48.79109913853692,137.006,PPO-RegenReg,Hopper-v4,4
460513,reward,10331,177.82972706271175,149.406,PPO-RegenReg,Hopper-v4,4
460601,reward,10332,196.64391360513395,151.007,PPO-RegenReg,Hopper-v4,4
460688,reward,10333,194.97163659967697,164.301,PPO-RegenReg,Hopper-v4,4
460780,reward,10334,191.17144147307812,164.791,PPO-RegenReg,Hopper-v4,4
460849,reward,10335,139.20941639502553,158.677,PPO-RegenReg,Hopper-v4,4
460936,reward,10336,194.15104917178633,163.847,PPO-RegenReg,Hopper-v4,4
461023,reward,10337,195.1404929193421,167.822,PPO-RegenReg,Hopper-v4,4
461106,reward,10338,183.93565723922583,169.596,PPO-RegenReg,Hopper-v4,4
461120,reward,10339,14.212453961784558,153.606,PPO-RegenReg,Hopper-v4,4
461200,reward,10340,161.45997151983025,164.873,PPO-RegenReg,Hopper-v4,4
461250,reward,10341,91.04057288904036,156.194,PPO-RegenReg,Hopper-v4,4
461334,reward,10342,183.04722471494642,154.834,PPO-RegenReg,Hopper-v4,4
461384,reward,10343,89.02548820416085,144.239,PPO-RegenReg,Hopper-v4,4
461473,reward,10344,200.46562581669983,145.169,PPO-RegenReg,Hopper-v4,4
461559,reward,10345,190.80359046128623,150.328,PPO-RegenReg,Hopper-v4,4
461643,reward,10346,185.42636660574954,149.456,PPO-RegenReg,Hopper-v4,4
461732,reward,10347,200.43439912354108,149.985,PPO-RegenReg,Hopper-v4,4
461808,reward,10348,153.09836178881588,146.901,PPO-RegenReg,Hopper-v4,4
461849,reward,10349,73.66439322204093,152.847,PPO-RegenReg,Hopper-v4,4
461909,reward,10350,109.24241495415255,147.625,PPO-RegenReg,Hopper-v4,4
461997,reward,10351,187.03070689740667,157.224,PPO-RegenReg,Hopper-v4,4
462086,reward,10352,199.44991486164787,158.864,PPO-RegenReg,Hopper-v4,4
462174,reward,10353,183.71483841153253,168.333,PPO-RegenReg,Hopper-v4,4
462246,reward,10354,146.63976077748208,162.95,PPO-RegenReg,Hopper-v4,4
462289,reward,10355,77.52546166482664,151.623,PPO-RegenReg,Hopper-v4,4
462346,reward,10356,101.0731711163579,143.187,PPO-RegenReg,Hopper-v4,4
462432,reward,10357,192.7179814980818,142.416,PPO-RegenReg,Hopper-v4,4
462514,reward,10358,180.85630450984254,145.191,PPO-RegenReg,Hopper-v4,4
462600,reward,10359,190.6387930059027,156.889,PPO-RegenReg,Hopper-v4,4
462690,reward,10360,201.54175293791576,166.119,PPO-RegenReg,Hopper-v4,4
462780,reward,10361,204.49515805938776,167.865,PPO-RegenReg,Hopper-v4,4
462864,reward,10362,186.43273707592664,166.564,PPO-RegenReg,Hopper-v4,4
462917,reward,10363,95.26678540828595,157.719,PPO-RegenReg,Hopper-v4,4
462961,reward,10364,78.62254063757351,150.917,PPO-RegenReg,Hopper-v4,4
463047,reward,10365,173.50884617064503,160.515,PPO-RegenReg,Hopper-v4,4
463128,reward,10366,172.62626742608762,167.671,PPO-RegenReg,Hopper-v4,4
463215,reward,10367,192.29069364754028,167.628,PPO-RegenReg,Hopper-v4,4
463280,reward,10368,123.00734669454017,161.843,PPO-RegenReg,Hopper-v4,4
463359,reward,10369,172.3803825626584,160.017,PPO-RegenReg,Hopper-v4,4
463444,reward,10370,176.38234287856437,157.501,PPO-RegenReg,Hopper-v4,4
463524,reward,10371,171.40177019011304,154.192,PPO-RegenReg,Hopper-v4,4
463610,reward,10372,180.4481165049431,153.594,PPO-RegenReg,Hopper-v4,4
463696,reward,10373,189.74656698886488,163.041,PPO-RegenReg,Hopper-v4,4
463785,reward,10374,199.37459157664603,175.117,PPO-RegenReg,Hopper-v4,4
463875,reward,10375,196.28370053454282,177.394,PPO-RegenReg,Hopper-v4,4
463956,reward,10376,178.21562035702908,177.953,PPO-RegenReg,Hopper-v4,4
464049,reward,10377,208.54027666138694,179.578,PPO-RegenReg,Hopper-v4,4
464136,reward,10378,180.65061278424315,185.342,PPO-RegenReg,Hopper-v4,4
464213,reward,10379,164.74664076845391,184.579,PPO-RegenReg,Hopper-v4,4
464305,reward,10380,208.76462416873088,187.817,PPO-RegenReg,Hopper-v4,4
464390,reward,10381,176.73330528928958,188.35,PPO-RegenReg,Hopper-v4,4
464471,reward,10382,170.83844444308718,187.389,PPO-RegenReg,Hopper-v4,4
464535,reward,10383,124.11327364323226,180.826,PPO-RegenReg,Hopper-v4,4
464623,reward,10384,198.11070639948812,180.7,PPO-RegenReg,Hopper-v4,4
464709,reward,10385,187.2632505419109,179.798,PPO-RegenReg,Hopper-v4,4
464740,reward,10386,51.518288990322226,167.128,PPO-RegenReg,Hopper-v4,4
464826,reward,10387,192.44037872068003,165.518,PPO-RegenReg,Hopper-v4,4
464896,reward,10388,141.72329039896357,161.625,PPO-RegenReg,Hopper-v4,4
464983,reward,10389,186.9844311256602,163.849,PPO-RegenReg,Hopper-v4,4
465017,reward,10390,57.13315414691769,148.686,PPO-RegenReg,Hopper-v4,4
465103,reward,10391,192.79431540258213,150.292,PPO-RegenReg,Hopper-v4,4
465143,reward,10392,72.33088030035148,140.441,PPO-RegenReg,Hopper-v4,4
465216,reward,10393,152.6656354482769,143.296,PPO-RegenReg,Hopper-v4,4
465252,reward,10394,62.31450590937603,129.717,PPO-RegenReg,Hopper-v4,4
465337,reward,10395,186.52660170153214,129.643,PPO-RegenReg,Hopper-v4,4
465416,reward,10396,171.7717310566138,141.668,PPO-RegenReg,Hopper-v4,4
465499,reward,10397,181.4195956388459,140.566,PPO-RegenReg,Hopper-v4,4
465591,reward,10398,208.46345358237377,147.24,PPO-RegenReg,Hopper-v4,4
465684,reward,10399,200.7025171720042,148.612,PPO-RegenReg,Hopper-v4,4
465743,reward,10400,108.94340403429052,153.793,PPO-RegenReg,Hopper-v4,4
465826,reward,10401,168.53038612359774,151.367,PPO-RegenReg,Hopper-v4,4
465910,reward,10402,188.93280076621093,163.027,PPO-RegenReg,Hopper-v4,4
465992,reward,10403,173.81208112272066,165.142,PPO-RegenReg,Hopper-v4,4
466030,reward,10404,69.4116409667783,165.851,PPO-RegenReg,Hopper-v4,4
466117,reward,10405,193.74765163412732,166.574,PPO-RegenReg,Hopper-v4,4
466185,reward,10406,116.13159823159704,161.01,PPO-RegenReg,Hopper-v4,4
466237,reward,10407,96.60771009928088,152.528,PPO-RegenReg,Hopper-v4,4
466321,reward,10408,181.3366926618825,149.816,PPO-RegenReg,Hopper-v4,4
466406,reward,10409,190.12363490727137,148.758,PPO-RegenReg,Hopper-v4,4
466493,reward,10410,178.43073080732609,155.706,PPO-RegenReg,Hopper-v4,4
466561,reward,10411,136.42942820157214,152.496,PPO-RegenReg,Hopper-v4,4
466644,reward,10412,181.50707690468982,151.754,PPO-RegenReg,Hopper-v4,4
466730,reward,10413,185.45477589578348,152.918,PPO-RegenReg,Hopper-v4,4
466815,reward,10414,179.7600422514656,163.953,PPO-RegenReg,Hopper-v4,4
466905,reward,10415,186.71387536428188,163.25,PPO-RegenReg,Hopper-v4,4
466991,reward,10416,191.03228528320935,170.74,PPO-RegenReg,Hopper-v4,4
467074,reward,10417,184.45914479553383,179.525,PPO-RegenReg,Hopper-v4,4
467163,reward,10418,200.44087322067597,181.435,PPO-RegenReg,Hopper-v4,4
467244,reward,10419,154.55311362914176,177.878,PPO-RegenReg,Hopper-v4,4
467330,reward,10420,190.66979182052924,179.102,PPO-RegenReg,Hopper-v4,4
467420,reward,10421,202.36558075789745,185.696,PPO-RegenReg,Hopper-v4,4
467469,reward,10422,85.96964090666236,176.142,PPO-RegenReg,Hopper-v4,4
467561,reward,10423,205.89715569894403,178.186,PPO-RegenReg,Hopper-v4,4
467617,reward,10424,101.00031552902621,170.31,PPO-RegenReg,Hopper-v4,4
467708,reward,10425,208.10793393697173,172.45,PPO-RegenReg,Hopper-v4,4
467746,reward,10426,63.81980797180602,159.728,PPO-RegenReg,Hopper-v4,4
467823,reward,10427,165.0818744212529,157.791,PPO-RegenReg,Hopper-v4,4
467909,reward,10428,191.07812951133508,156.854,PPO-RegenReg,Hopper-v4,4
467974,reward,10429,64.71538971646834,147.871,PPO-RegenReg,Hopper-v4,4
468056,reward,10430,181.52793157834856,146.956,PPO-RegenReg,Hopper-v4,4
468145,reward,10431,200.61169968324666,146.781,PPO-RegenReg,Hopper-v4,4
468235,reward,10432,201.87844920308956,158.372,PPO-RegenReg,Hopper-v4,4
468278,reward,10433,75.25468909514156,145.308,PPO-RegenReg,Hopper-v4,4
468366,reward,10434,179.0928900674754,153.117,PPO-RegenReg,Hopper-v4,4
468436,reward,10435,142.45677202816043,146.552,PPO-RegenReg,Hopper-v4,4
468533,reward,10436,192.54577049241027,159.424,PPO-RegenReg,Hopper-v4,4
468622,reward,10437,195.27900278817992,162.444,PPO-RegenReg,Hopper-v4,4
468689,reward,10438,135.74554050467825,156.911,PPO-RegenReg,Hopper-v4,4
468772,reward,10439,184.57903380802065,168.897,PPO-RegenReg,Hopper-v4,4
468807,reward,10440,60.82813030070509,156.827,PPO-RegenReg,Hopper-v4,4
468877,reward,10441,141.8398326023673,150.95,PPO-RegenReg,Hopper-v4,4
468956,reward,10442,171.21090591603453,147.883,PPO-RegenReg,Hopper-v4,4
469029,reward,10443,141.2646210375047,154.484,PPO-RegenReg,Hopper-v4,4
469116,reward,10444,188.4864378282137,155.424,PPO-RegenReg,Hopper-v4,4
469201,reward,10445,188.95953222033742,160.074,PPO-RegenReg,Hopper-v4,4
469287,reward,10446,186.85839455260748,159.505,PPO-RegenReg,Hopper-v4,4
469370,reward,10447,183.64866209460465,158.342,PPO-RegenReg,Hopper-v4,4
469439,reward,10448,131.4067246926093,157.908,PPO-RegenReg,Hopper-v4,4
469524,reward,10449,189.72116913921016,158.422,PPO-RegenReg,Hopper-v4,4
469608,reward,10450,184.09692328926258,170.749,PPO-RegenReg,Hopper-v4,4
469697,reward,10451,200.65633441435426,176.631,PPO-RegenReg,Hopper-v4,4
469767,reward,10452,138.188428242572,173.329,PPO-RegenReg,Hopper-v4,4
469844,reward,10453,164.50234924956706,175.652,PPO-RegenReg,Hopper-v4,4
469933,reward,10454,190.8855600764355,175.892,PPO-RegenReg,Hopper-v4,4
469966,reward,10455,54.435041678046915,162.44,PPO-RegenReg,Hopper-v4,4
470044,reward,10456,169.7522986628294,160.729,PPO-RegenReg,Hopper-v4,4
470127,reward,10457,180.57403417797477,160.422,PPO-RegenReg,Hopper-v4,4
470213,reward,10458,192.52143881118158,166.533,PPO-RegenReg,Hopper-v4,4
470302,reward,10459,189.77918564160717,166.539,PPO-RegenReg,Hopper-v4,4
470329,reward,10460,44.630138882212435,152.592,PPO-RegenReg,Hopper-v4,4
470420,reward,10461,206.13882828999658,153.141,PPO-RegenReg,Hopper-v4,4
470487,reward,10462,136.01740007108236,152.924,PPO-RegenReg,Hopper-v4,4
470528,reward,10463,74.42923198881972,143.916,PPO-RegenReg,Hopper-v4,4
470583,reward,10464,103.33450344507048,135.161,PPO-RegenReg,Hopper-v4,4
470625,reward,10465,76.02278035277195,137.32,PPO-RegenReg,Hopper-v4,4
470709,reward,10466,176.48397215536284,137.993,PPO-RegenReg,Hopper-v4,4
470794,reward,10467,187.34614498005487,138.67,PPO-RegenReg,Hopper-v4,4
470882,reward,10468,197.1683002472915,139.135,PPO-RegenReg,Hopper-v4,4
470966,reward,10469,172.77645919308418,137.435,PPO-RegenReg,Hopper-v4,4
471046,reward,10470,160.51628016341033,149.023,PPO-RegenReg,Hopper-v4,4
471135,reward,10471,177.31833913980782,146.141,PPO-RegenReg,Hopper-v4,4
471207,reward,10472,150.32617269747507,147.572,PPO-RegenReg,Hopper-v4,4
471238,reward,10473,52.40717891261157,145.37,PPO-RegenReg,Hopper-v4,4
471322,reward,10474,183.30837396327277,153.367,PPO-RegenReg,Hopper-v4,4
471395,reward,10475,150.56733333219387,160.822,PPO-RegenReg,Hopper-v4,4
471480,reward,10476,190.54714783404145,162.228,PPO-RegenReg,Hopper-v4,4
471568,reward,10477,194.9807749167939,162.992,PPO-RegenReg,Hopper-v4,4
471649,reward,10478,175.0838589970528,160.783,PPO-RegenReg,Hopper-v4,4
471741,reward,10479,211.98709208722562,164.704,PPO-RegenReg,Hopper-v4,4
471828,reward,10480,174.52306079080313,166.105,PPO-RegenReg,Hopper-v4,4
471916,reward,10481,197.2742184535063,168.101,PPO-RegenReg,Hopper-v4,4
471978,reward,10482,119.87241726896497,165.055,PPO-RegenReg,Hopper-v4,4
472065,reward,10483,194.825950331292,179.297,PPO-RegenReg,Hopper-v4,4
472125,reward,10484,114.28586618419592,172.395,PPO-RegenReg,Hopper-v4,4
472211,reward,10485,187.80355035867294,176.118,PPO-RegenReg,Hopper-v4,4
472297,reward,10486,191.95189054904455,176.259,PPO-RegenReg,Hopper-v4,4
472388,reward,10487,191.72216758498516,175.933,PPO-RegenReg,Hopper-v4,4
472442,reward,10488,98.73532112036777,168.298,PPO-RegenReg,Hopper-v4,4
472529,reward,10489,192.8404961158626,166.383,PPO-RegenReg,Hopper-v4,4
472618,reward,10490,199.16815801952063,168.848,PPO-RegenReg,Hopper-v4,4
472689,reward,10491,134.3509846612633,162.556,PPO-RegenReg,Hopper-v4,4
472761,reward,10492,148.40116554753627,165.409,PPO-RegenReg,Hopper-v4,4
472800,reward,10493,66.88245792696313,152.614,PPO-RegenReg,Hopper-v4,4
472885,reward,10494,176.85584957948714,158.871,PPO-RegenReg,Hopper-v4,4
472972,reward,10495,193.87343040432597,159.478,PPO-RegenReg,Hopper-v4,4
473059,reward,10496,182.6483410209897,158.548,PPO-RegenReg,Hopper-v4,4
473142,reward,10497,182.27209529663688,157.603,PPO-RegenReg,Hopper-v4,4
473214,reward,10498,149.38776216878958,162.668,PPO-RegenReg,Hopper-v4,4
473302,reward,10499,197.1811887851466,163.102,PPO-RegenReg,Hopper-v4,4
473357,reward,10500,102.37347077442486,153.423,PPO-RegenReg,Hopper-v4,4
473432,reward,10501,158.8277739768751,155.87,PPO-RegenReg,Hopper-v4,4
473513,reward,10502,177.0051032668004,158.731,PPO-RegenReg,Hopper-v4,4
473599,reward,10503,191.30474023449403,171.173,PPO-RegenReg,Hopper-v4,4
473631,reward,10504,52.04499221207742,158.692,PPO-RegenReg,Hopper-v4,4
473663,reward,10505,55.845199168449305,144.889,PPO-RegenReg,Hopper-v4,4
473754,reward,10506,205.96238398212486,147.22,PPO-RegenReg,Hopper-v4,4
473792,reward,10507,63.71370750295553,135.365,PPO-RegenReg,Hopper-v4,4
473833,reward,10508,74.19974930242466,127.846,PPO-RegenReg,Hopper-v4,4
473905,reward,10509,147.3941058412397,122.867,PPO-RegenReg,Hopper-v4,4
473997,reward,10510,202.46307067034115,132.876,PPO-RegenReg,Hopper-v4,4
474083,reward,10511,186.65568295861627,135.659,PPO-RegenReg,Hopper-v4,4
474170,reward,10512,197.28676659380108,137.687,PPO-RegenReg,Hopper-v4,4
474254,reward,10513,179.50473502892294,136.507,PPO-RegenReg,Hopper-v4,4
474289,reward,10514,58.56891610353674,137.159,PPO-RegenReg,Hopper-v4,4
474374,reward,10515,177.76913325512996,149.352,PPO-RegenReg,Hopper-v4,4
474438,reward,10516,120.95141651874114,140.851,PPO-RegenReg,Hopper-v4,4
474515,reward,10517,164.26809287857043,150.906,PPO-RegenReg,Hopper-v4,4
474566,reward,10518,94.34301113671935,152.92,PPO-RegenReg,Hopper-v4,4
474603,reward,10519,62.04646710302684,144.386,PPO-RegenReg,Hopper-v4,4
474695,reward,10520,203.46157235509307,144.486,PPO-RegenReg,Hopper-v4,4
474732,reward,10521,62.48195183207987,132.068,PPO-RegenReg,Hopper-v4,4
474774,reward,10522,64.17068371722286,118.757,PPO-RegenReg,Hopper-v4,4
474861,reward,10523,197.0547687611063,120.512,PPO-RegenReg,Hopper-v4,4
474931,reward,10524,139.31930642105453,128.587,PPO-RegenReg,Hopper-v4,4
475008,reward,10525,162.87286803162198,127.097,PPO-RegenReg,Hopper-v4,4
475094,reward,10526,187.8007245728088,133.782,PPO-RegenReg,Hopper-v4,4
475179,reward,10527,182.49958814546645,135.605,PPO-RegenReg,Hopper-v4,4
475233,reward,10528,101.75457617603413,136.346,PPO-RegenReg,Hopper-v4,4
475318,reward,10529,184.01892092808433,148.543,PPO-RegenReg,Hopper-v4,4
475384,reward,10530,129.41203516298484,141.139,PPO-RegenReg,Hopper-v4,4
475469,reward,10531,187.78422038336268,153.669,PPO-RegenReg,Hopper-v4,4
475554,reward,10532,189.47057396878435,166.199,PPO-RegenReg,Hopper-v4,4
475634,reward,10533,171.22223731459326,163.616,PPO-RegenReg,Hopper-v4,4
475675,reward,10534,71.36928068834669,156.821,PPO-RegenReg,Hopper-v4,4
475736,reward,10535,117.57165258726978,152.29,PPO-RegenReg,Hopper-v4,4
475787,reward,10536,89.79960009578141,142.49,PPO-RegenReg,Hopper-v4,4
475876,reward,10537,201.94270786672874,144.435,PPO-RegenReg,Hopper-v4,4
475944,reward,10538,134.53782910324517,147.713,PPO-RegenReg,Hopper-v4,4
476027,reward,10539,180.8135455439851,147.392,PPO-RegenReg,Hopper-v4,4
476114,reward,10540,194.93450001377278,153.945,PPO-RegenReg,Hopper-v4,4
476145,reward,10541,50.927793846419455,140.259,PPO-RegenReg,Hopper-v4,4
476233,reward,10542,198.5668450935723,141.169,PPO-RegenReg,Hopper-v4,4
476323,reward,10543,202.4879360687773,144.295,PPO-RegenReg,Hopper-v4,4
476372,reward,10544,79.76876079367122,145.135,PPO-RegenReg,Hopper-v4,4
476457,reward,10545,189.4791300468966,152.326,PPO-RegenReg,Hopper-v4,4
476543,reward,10546,195.0107673189554,162.847,PPO-RegenReg,Hopper-v4,4
476634,reward,10547,207.53944213070255,163.407,PPO-RegenReg,Hopper-v4,4
476667,reward,10548,54.442854454403,155.397,PPO-RegenReg,Hopper-v4,4
476725,reward,10549,108.01229743724109,148.117,PPO-RegenReg,Hopper-v4,4
476790,reward,10550,127.93803684024633,141.417,PPO-RegenReg,Hopper-v4,4
476827,reward,10551,62.522275942421196,142.577,PPO-RegenReg,Hopper-v4,4
476868,reward,10552,73.09010792557613,130.029,PPO-RegenReg,Hopper-v4,4
476954,reward,10553,191.8659244211019,128.967,PPO-RegenReg,Hopper-v4,4
477031,reward,10554,164.50731092245027,137.441,PPO-RegenReg,Hopper-v4,4
477066,reward,10555,58.52021016704235,124.345,PPO-RegenReg,Hopper-v4,4
477124,reward,10556,106.26932580781373,115.471,PPO-RegenReg,Hopper-v4,4
477215,reward,10557,205.8718398440931,115.304,PPO-RegenReg,Hopper-v4,4
477299,reward,10558,182.61588137226434,128.121,PPO-RegenReg,Hopper-v4,4
477385,reward,10559,191.49148900955095,136.469,PPO-RegenReg,Hopper-v4,4
477469,reward,10560,186.64106087467786,142.34,PPO-RegenReg,Hopper-v4,4
477534,reward,10561,127.33697391910272,148.821,PPO-RegenReg,Hopper-v4,4
477619,reward,10562,182.47508982468912,159.76,PPO-RegenReg,Hopper-v4,4
477673,reward,10563,102.27812243421492,150.801,PPO-RegenReg,Hopper-v4,4
477761,reward,10564,195.60824151962203,153.911,PPO-RegenReg,Hopper-v4,4
477842,reward,10565,169.8973064178083,165.049,PPO-RegenReg,Hopper-v4,4
477913,reward,10566,145.86800600784318,169.008,PPO-RegenReg,Hopper-v4,4
478003,reward,10567,202.5146123282397,168.673,PPO-RegenReg,Hopper-v4,4
478057,reward,10568,98.46919946228208,160.258,PPO-RegenReg,Hopper-v4,4
478143,reward,10569,191.02822867987686,160.212,PPO-RegenReg,Hopper-v4,4
478228,reward,10570,186.16342031103295,160.164,PPO-RegenReg,Hopper-v4,4
478321,reward,10571,213.9133131921744,168.822,PPO-RegenReg,Hopper-v4,4
478406,reward,10572,189.32529594411275,169.507,PPO-RegenReg,Hopper-v4,4
478486,reward,10573,171.75164410969663,176.454,PPO-RegenReg,Hopper-v4,4
478533,reward,10574,83.82201993215057,165.275,PPO-RegenReg,Hopper-v4,4
478587,reward,10575,96.09102579493545,157.895,PPO-RegenReg,Hopper-v4,4
478642,reward,10576,103.95320372977558,153.703,PPO-RegenReg,Hopper-v4,4
478688,reward,10577,85.03158067828743,141.955,PPO-RegenReg,Hopper-v4,4
478780,reward,10578,211.86592792120496,153.295,PPO-RegenReg,Hopper-v4,4
478864,reward,10579,182.9766552011223,152.489,PPO-RegenReg,Hopper-v4,4
478900,reward,10580,55.95443690394999,139.469,PPO-RegenReg,Hopper-v4,4
478927,reward,10581,44.97622993564703,122.575,PPO-RegenReg,Hopper-v4,4
478996,reward,10582,139.70003600237288,117.612,PPO-RegenReg,Hopper-v4,4
479025,reward,10583,49.11250919332788,105.348,PPO-RegenReg,Hopper-v4,4
479093,reward,10584,138.0898059567639,110.775,PPO-RegenReg,Hopper-v4,4
479177,reward,10585,185.8861762249499,119.755,PPO-RegenReg,Hopper-v4,4
479242,reward,10586,126.61932653858177,122.021,PPO-RegenReg,Hopper-v4,4
479321,reward,10587,172.43296474306325,130.761,PPO-RegenReg,Hopper-v4,4
479373,reward,10588,96.40213671797608,119.215,PPO-RegenReg,Hopper-v4,4
479420,reward,10589,83.85449242644374,109.303,PPO-RegenReg,Hopper-v4,4
479499,reward,10590,168.71434953540395,120.579,PPO-RegenReg,Hopper-v4,4
479586,reward,10591,192.979059247157,135.379,PPO-RegenReg,Hopper-v4,4
479650,reward,10592,125.48821414486072,133.958,PPO-RegenReg,Hopper-v4,4
479737,reward,10593,187.96631406029115,147.843,PPO-RegenReg,Hopper-v4,4
479750,reward,10594,12.137178986928022,135.248,PPO-RegenReg,Hopper-v4,4
479840,reward,10595,202.5026820661533,136.91,PPO-RegenReg,Hopper-v4,4
479914,reward,10596,149.53593194457005,139.201,PPO-RegenReg,Hopper-v4,4
479996,reward,10597,178.72089345996872,139.83,PPO-RegenReg,Hopper-v4,4
480063,reward,10598,131.50179763781904,143.34,PPO-RegenReg,Hopper-v4,4
480109,reward,10599,80.48212931038422,143.003,PPO-RegenReg,Hopper-v4,4
480191,reward,10600,174.77921674415393,143.609,PPO-RegenReg,Hopper-v4,4
480247,reward,10601,102.60913604183838,134.572,PPO-RegenReg,Hopper-v4,4
480279,reward,10602,52.331895465744836,127.257,PPO-RegenReg,Hopper-v4,4
480318,reward,10603,66.2107482178124,115.081,PPO-RegenReg,Hopper-v4,4
480379,reward,10604,117.11210405827985,125.579,PPO-RegenReg,Hopper-v4,4
480428,reward,10605,85.95476779306465,113.924,PPO-RegenReg,Hopper-v4,4
480499,reward,10606,145.52701370292453,113.523,PPO-RegenReg,Hopper-v4,4
480550,reward,10607,92.86704513203287,104.938,PPO-RegenReg,Hopper-v4,4
480637,reward,10608,195.43696288696407,111.331,PPO-RegenReg,Hopper-v4,4
480723,reward,10609,192.78322012401347,122.561,PPO-RegenReg,Hopper-v4,4
480811,reward,10610,196.57445461140497,124.741,PPO-RegenReg,Hopper-v4,4
480846,reward,10611,58.232438181579624,120.303,PPO-RegenReg,Hopper-v4,4
480930,reward,10612,184.76176905633133,133.546,PPO-RegenReg,Hopper-v4,4
481010,reward,10613,170.1607891704575,143.941,PPO-RegenReg,Hopper-v4,4
481096,reward,10614,181.46025242867418,150.376,PPO-RegenReg,Hopper-v4,4
481127,reward,10615,50.53250389825061,146.834,PPO-RegenReg,Hopper-v4,4
481185,reward,10616,108.81243553188202,143.162,PPO-RegenReg,Hopper-v4,4
481275,reward,10617,204.33178059918012,154.309,PPO-RegenReg,Hopper-v4,4
481351,reward,10618,162.4904202014842,151.014,PPO-RegenReg,Hopper-v4,4
481438,reward,10619,194.9873916799667,151.234,PPO-RegenReg,Hopper-v4,4
481512,reward,10620,156.245678246106,147.202,PPO-RegenReg,Hopper-v4,4
481561,reward,10621,86.67369668537496,150.046,PPO-RegenReg,Hopper-v4,4
481647,reward,10622,189.5744539238795,150.527,PPO-RegenReg,Hopper-v4,4
481717,reward,10623,141.66666304259047,147.678,PPO-RegenReg,Hopper-v4,4
481802,reward,10624,183.92637864518252,147.924,PPO-RegenReg,Hopper-v4,4
481887,reward,10625,188.24960589280008,161.696,PPO-RegenReg,Hopper-v4,4
481974,reward,10626,196.31253046486518,170.446,PPO-RegenReg,Hopper-v4,4
482063,reward,10627,198.36938370681497,169.85,PPO-RegenReg,Hopper-v4,4
482154,reward,10628,207.37950258491378,174.339,PPO-RegenReg,Hopper-v4,4
482195,reward,10629,71.28065633793784,161.968,PPO-RegenReg,Hopper-v4,4
482234,reward,10630,68.55392997700756,153.199,PPO-RegenReg,Hopper-v4,4
482323,reward,10631,199.42306862870498,164.474,PPO-RegenReg,Hopper-v4,4
482396,reward,10632,152.86311808350814,160.802,PPO-RegenReg,Hopper-v4,4
482467,reward,10633,142.75035539213863,160.911,PPO-RegenReg,Hopper-v4,4
482530,reward,10634,119.20475209972065,154.439,PPO-RegenReg,Hopper-v4,4
482620,reward,10635,203.46539519199226,155.96,PPO-RegenReg,Hopper-v4,4
482692,reward,10636,144.86630214419196,150.816,PPO-RegenReg,Hopper-v4,4
482755,reward,10637,121.1887543565011,143.098,PPO-RegenReg,Hopper-v4,4
482840,reward,10638,181.33721498062874,140.493,PPO-RegenReg,Hopper-v4,4
482870,reward,10639,50.48262443577937,138.414,PPO-RegenReg,Hopper-v4,4
482964,reward,10640,216.45106239482826,153.203,PPO-RegenReg,Hopper-v4,4
483050,reward,10641,192.12266656382434,152.473,PPO-RegenReg,Hopper-v4,4
483120,reward,10642,139.06841590043067,151.094,PPO-RegenReg,Hopper-v4,4
483208,reward,10643,177.21636413971058,154.54,PPO-RegenReg,Hopper-v4,4
483277,reward,10644,138.15601748818855,156.435,PPO-RegenReg,Hopper-v4,4
483360,reward,10645,175.07542185559527,153.596,PPO-RegenReg,Hopper-v4,4
483385,reward,10646,31.33395479499533,142.243,PPO-RegenReg,Hopper-v4,4
483474,reward,10647,200.30679697571432,150.155,PPO-RegenReg,Hopper-v4,4
483535,reward,10648,117.38644109622003,143.76,PPO-RegenReg,Hopper-v4,4
483565,reward,10649,49.89381296742117,143.701,PPO-RegenReg,Hopper-v4,4
483651,reward,10650,189.46466003720087,141.002,PPO-RegenReg,Hopper-v4,4
483719,reward,10651,131.07778342055917,134.898,PPO-RegenReg,Hopper-v4,4
483792,reward,10652,149.75236345263718,135.966,PPO-RegenReg,Hopper-v4,4
483876,reward,10653,188.52174081848455,137.097,PPO-RegenReg,Hopper-v4,4
483964,reward,10654,194.72201746180792,142.753,PPO-RegenReg,Hopper-v4,4
484047,reward,10655,178.60740874413491,143.107,PPO-RegenReg,Hopper-v4,4
484100,reward,10656,92.97946263825098,149.271,PPO-RegenReg,Hopper-v4,4
484188,reward,10657,196.27101473493113,148.868,PPO-RegenReg,Hopper-v4,4
484272,reward,10658,183.37753857435732,155.467,PPO-RegenReg,Hopper-v4,4
484357,reward,10659,189.67435183123442,169.445,PPO-RegenReg,Hopper-v4,4
484445,reward,10660,199.20826385378135,170.419,PPO-RegenReg,Hopper-v4,4
484532,reward,10661,193.2272581587194,176.634,PPO-RegenReg,Hopper-v4,4
484584,reward,10662,94.70740953245772,171.13,PPO-RegenReg,Hopper-v4,4
484668,reward,10663,184.36268439264703,170.714,PPO-RegenReg,Hopper-v4,4
484708,reward,10664,68.67036411538825,158.109,PPO-RegenReg,Hopper-v4,4
484742,reward,10665,56.04341503578262,145.852,PPO-RegenReg,Hopper-v4,4
484832,reward,10666,202.29779662001638,156.784,PPO-RegenReg,Hopper-v4,4
484915,reward,10667,179.51330872492755,155.108,PPO-RegenReg,Hopper-v4,4
485003,reward,10668,195.88524638720037,156.359,PPO-RegenReg,Hopper-v4,4
485095,reward,10669,207.5461346437251,158.146,PPO-RegenReg,Hopper-v4,4
485178,reward,10670,182.46309995706892,156.472,PPO-RegenReg,Hopper-v4,4
485239,reward,10671,112.51482619329771,148.4,PPO-RegenReg,Hopper-v4,4
485325,reward,10672,190.38053057971953,157.968,PPO-RegenReg,Hopper-v4,4
485413,reward,10673,195.7073220482293,159.102,PPO-RegenReg,Hopper-v4,4
485483,reward,10674,138.32842306107295,166.068,PPO-RegenReg,Hopper-v4,4
485574,reward,10675,201.40252757095675,180.604,PPO-RegenReg,Hopper-v4,4
485648,reward,10676,132.08602118489327,173.583,PPO-RegenReg,Hopper-v4,4
485736,reward,10677,198.6222323305044,175.494,PPO-RegenReg,Hopper-v4,4
485822,reward,10678,186.30531738946473,174.536,PPO-RegenReg,Hopper-v4,4
485908,reward,10679,188.41748868500468,172.623,PPO-RegenReg,Hopper-v4,4
485979,reward,10680,146.39185070304308,169.016,PPO-RegenReg,Hopper-v4,4
486099,reward,10681,229.1262049995084,180.677,PPO-RegenReg,Hopper-v4,4
486138,reward,10682,67.14725400030964,168.353,PPO-RegenReg,Hopper-v4,4
486198,reward,10683,111.2576820795955,159.909,PPO-RegenReg,Hopper-v4,4
486288,reward,10684,200.76041611307656,166.152,PPO-RegenReg,Hopper-v4,4
486374,reward,10685,188.11853730792978,164.823,PPO-RegenReg,Hopper-v4,4
486463,reward,10686,198.81574316941348,171.496,PPO-RegenReg,Hopper-v4,4
486522,reward,10687,110.59895814355032,162.694,PPO-RegenReg,Hopper-v4,4
486610,reward,10688,198.68644293242525,163.932,PPO-RegenReg,Hopper-v4,4
486697,reward,10689,191.99834336913554,164.29,PPO-RegenReg,Hopper-v4,4
486726,reward,10690,47.856790341874536,154.437,PPO-RegenReg,Hopper-v4,4
486816,reward,10691,202.49208592988145,151.773,PPO-RegenReg,Hopper-v4,4
486902,reward,10692,183.2622861400542,163.385,PPO-RegenReg,Hopper-v4,4
486988,reward,10693,188.83360706569505,171.142,PPO-RegenReg,Hopper-v4,4
487078,reward,10694,204.93896235032392,171.56,PPO-RegenReg,Hopper-v4,4
487162,reward,10695,183.67478991836538,171.116,PPO-RegenReg,Hopper-v4,4
487237,reward,10696,159.19640955262665,167.154,PPO-RegenReg,Hopper-v4,4
487323,reward,10697,188.33728052822346,174.928,PPO-RegenReg,Hopper-v4,4
487405,reward,10698,173.4232107484739,172.401,PPO-RegenReg,Hopper-v4,4
487469,reward,10699,125.73493142039923,165.775,PPO-RegenReg,Hopper-v4,4
487556,reward,10700,196.2055644926157,180.61,PPO-RegenReg,Hopper-v4,4
487641,reward,10701,189.47227512970215,179.308,PPO-RegenReg,Hopper-v4,4
487682,reward,10702,70.40833449833352,168.023,PPO-RegenReg,Hopper-v4,4
487772,reward,10703,200.895992415976,169.229,PPO-RegenReg,Hopper-v4,4
487858,reward,10704,190.36559915571138,167.771,PPO-RegenReg,Hopper-v4,4
487901,reward,10705,74.68296143243873,156.872,PPO-RegenReg,Hopper-v4,4
487984,reward,10706,180.88373906174462,159.041,PPO-RegenReg,Hopper-v4,4
488069,reward,10707,188.88100985943015,159.095,PPO-RegenReg,Hopper-v4,4
488154,reward,10708,188.60454110798352,160.613,PPO-RegenReg,Hopper-v4,4
488242,reward,10709,193.58946689168968,167.399,PPO-RegenReg,Hopper-v4,4
488327,reward,10710,188.82345975132048,166.661,PPO-RegenReg,Hopper-v4,4
488362,reward,10711,59.264474159043225,153.64,PPO-RegenReg,Hopper-v4,4
488449,reward,10712,189.6099752078752,165.56,PPO-RegenReg,Hopper-v4,4
488483,reward,10713,56.29519627396525,151.1,PPO-RegenReg,Hopper-v4,4
488576,reward,10714,210.16751574153258,153.08,PPO-RegenReg,Hopper-v4,4
488664,reward,10715,195.34566638674858,165.147,PPO-RegenReg,Hopper-v4,4
488749,reward,10716,187.6639973736846,165.825,PPO-RegenReg,Hopper-v4,4
488840,reward,10717,204.26123171009385,167.363,PPO-RegenReg,Hopper-v4,4
488929,reward,10718,200.03879040094543,168.506,PPO-RegenReg,Hopper-v4,4
488984,reward,10719,101.68245907996786,159.315,PPO-RegenReg,Hopper-v4,4
489068,reward,10720,185.78335060471142,159.011,PPO-RegenReg,Hopper-v4,4
489152,reward,10721,187.07473663158717,171.792,PPO-RegenReg,Hopper-v4,4
489243,reward,10722,207.2040706287484,173.552,PPO-RegenReg,Hopper-v4,4
489313,reward,10723,144.04472719973583,182.327,PPO-RegenReg,Hopper-v4,4
489404,reward,10724,204.5082128071659,181.761,PPO-RegenReg,Hopper-v4,4
489492,reward,10725,194.05032351184792,181.631,PPO-RegenReg,Hopper-v4,4
489577,reward,10726,188.01620720839662,181.666,PPO-RegenReg,Hopper-v4,4
489661,reward,10727,185.87212069639668,179.827,PPO-RegenReg,Hopper-v4,4
489690,reward,10728,47.566575080360224,164.58,PPO-RegenReg,Hopper-v4,4
489720,reward,10729,49.493030085184884,159.361,PPO-RegenReg,Hopper-v4,4
489787,reward,10730,133.2787390860898,154.111,PPO-RegenReg,Hopper-v4,4
489876,reward,10731,200.81200783907718,155.485,PPO-RegenReg,Hopper-v4,4
489929,reward,10732,96.27037513309332,144.391,PPO-RegenReg,Hopper-v4,4
490018,reward,10733,201.72168734383126,150.159,PPO-RegenReg,Hopper-v4,4
490087,reward,10734,139.05566336774712,143.614,PPO-RegenReg,Hopper-v4,4
490174,reward,10735,185.91391448063683,142.8,PPO-RegenReg,Hopper-v4,4
490258,reward,10736,185.41535380856888,142.54,PPO-RegenReg,Hopper-v4,4
490289,reward,10737,45.6529484310547,128.518,PPO-RegenReg,Hopper-v4,4
490379,reward,10738,200.72465799975,143.834,PPO-RegenReg,Hopper-v4,4
490468,reward,10739,199.81114583500013,158.866,PPO-RegenReg,Hopper-v4,4
490554,reward,10740,190.752367821779,164.613,PPO-RegenReg,Hopper-v4,4
490638,reward,10741,179.64070602758216,162.496,PPO-RegenReg,Hopper-v4,4
490721,reward,10742,182.10306779987772,171.079,PPO-RegenReg,Hopper-v4,4
490760,reward,10743,68.75713054571872,157.783,PPO-RegenReg,Hopper-v4,4
490794,reward,10744,56.7535612408057,149.552,PPO-RegenReg,Hopper-v4,4
490887,reward,10745,213.47798599254014,152.309,PPO-RegenReg,Hopper-v4,4
490972,reward,10746,187.3269024376145,152.5,PPO-RegenReg,Hopper-v4,4
491062,reward,10747,204.0386298195332,168.339,PPO-RegenReg,Hopper-v4,4
491108,reward,10748,81.62445534872488,156.429,PPO-RegenReg,Hopper-v4,4
491181,reward,10749,152.6254981867124,151.71,PPO-RegenReg,Hopper-v4,4
491271,reward,10750,205.77456424543035,153.212,PPO-RegenReg,Hopper-v4,4
491311,reward,10751,67.06169813413872,141.954,PPO-RegenReg,Hopper-v4,4
491372,reward,10752,116.71858037871274,135.416,PPO-RegenReg,Hopper-v4,4
491415,reward,10753,73.31928388610395,135.872,PPO-RegenReg,Hopper-v4,4
491506,reward,10754,193.84356529872156,149.581,PPO-RegenReg,Hopper-v4,4
491592,reward,10755,190.5752605253392,147.291,PPO-RegenReg,Hopper-v4,4
491682,reward,10756,201.2222516641532,148.68,PPO-RegenReg,Hopper-v4,4
491750,reward,10757,118.499857022919,140.127,PPO-RegenReg,Hopper-v4,4
491841,reward,10758,204.62909220579508,152.427,PPO-RegenReg,Hopper-v4,4
491940,reward,10759,192.801132631525,156.445,PPO-RegenReg,Hopper-v4,4
492024,reward,10760,182.96207035623914,154.163,PPO-RegenReg,Hopper-v4,4
492077,reward,10761,94.29348160578706,156.886,PPO-RegenReg,Hopper-v4,4
492168,reward,10762,208.54156870492216,166.069,PPO-RegenReg,Hopper-v4,4
492260,reward,10763,209.42015881820956,179.679,PPO-RegenReg,Hopper-v4,4
492350,reward,10764,199.2671387134757,180.221,PPO-RegenReg,Hopper-v4,4
492444,reward,10765,210.209556392904,182.185,PPO-RegenReg,Hopper-v4,4
492531,reward,10766,195.8675989844627,181.649,PPO-RegenReg,Hopper-v4,4
492616,reward,10767,172.47566374378454,187.047,PPO-RegenReg,Hopper-v4,4
492700,reward,10768,186.25745911705803,185.21,PPO-RegenReg,Hopper-v4,4
492771,reward,10769,146.06937674857272,180.536,PPO-RegenReg,Hopper-v4,4
492857,reward,10770,193.26931334223022,181.567,PPO-RegenReg,Hopper-v4,4
492941,reward,10771,183.59313889586505,190.497,PPO-RegenReg,Hopper-v4,4
493027,reward,10772,186.62372541343868,188.305,PPO-RegenReg,Hopper-v4,4
493130,reward,10773,217.2656003526845,189.09,PPO-RegenReg,Hopper-v4,4
493219,reward,10774,200.10189469855732,189.173,PPO-RegenReg,Hopper-v4,4
493250,reward,10775,52.643418121693955,173.417,PPO-RegenReg,Hopper-v4,4
493337,reward,10776,193.54571847231267,173.185,PPO-RegenReg,Hopper-v4,4
493425,reward,10777,192.94511284521082,175.231,PPO-RegenReg,Hopper-v4,4
493468,reward,10778,76.18072788336248,164.224,PPO-RegenReg,Hopper-v4,4
493554,reward,10779,190.51398874883768,168.668,PPO-RegenReg,Hopper-v4,4
493642,reward,10780,195.68433631154582,168.91,PPO-RegenReg,Hopper-v4,4
493676,reward,10781,57.71959530088728,156.322,PPO-RegenReg,Hopper-v4,4
493762,reward,10782,192.52057507380738,156.912,PPO-RegenReg,Hopper-v4,4
493832,reward,10783,140.6811891127721,149.254,PPO-RegenReg,Hopper-v4,4
493917,reward,10784,186.84707944225403,147.928,PPO-RegenReg,Hopper-v4,4
494008,reward,10785,185.39198684159365,161.203,PPO-RegenReg,Hopper-v4,4
494098,reward,10786,190.03583421861248,160.852,PPO-RegenReg,Hopper-v4,4
494184,reward,10787,181.44681309297002,159.702,PPO-RegenReg,Hopper-v4,4
494269,reward,10788,187.56729751382665,170.841,PPO-RegenReg,Hopper-v4,4
494357,reward,10789,195.44833336903807,171.334,PPO-RegenReg,Hopper-v4,4
494448,reward,10790,202.37143903690534,172.003,PPO-RegenReg,Hopper-v4,4
494488,reward,10791,69.00985711953649,173.132,PPO-RegenReg,Hopper-v4,4
494517,reward,10792,47.908077929736734,158.671,PPO-RegenReg,Hopper-v4,4
494602,reward,10793,187.3714688412482,163.34,PPO-RegenReg,Hopper-v4,4
494672,reward,10794,137.84328144861473,158.439,PPO-RegenReg,Hopper-v4,4
494763,reward,10795,199.99370890665463,159.9,PPO-RegenReg,Hopper-v4,4
494851,reward,10796,197.2369520393769,160.62,PPO-RegenReg,Hopper-v4,4
494938,reward,10797,192.05702967883877,161.681,PPO-RegenReg,Hopper-v4,4
495022,reward,10798,186.9139527933085,161.615,PPO-RegenReg,Hopper-v4,4
495113,reward,10799,203.95033911619612,162.466,PPO-RegenReg,Hopper-v4,4
495201,reward,10800,194.88908178856386,161.717,PPO-RegenReg,Hopper-v4,4
495293,reward,10801,208.12291731337115,175.629,PPO-RegenReg,Hopper-v4,4
495382,reward,10802,200.07915034841994,190.846,PPO-RegenReg,Hopper-v4,4
495470,reward,10803,196.94542353947145,191.803,PPO-RegenReg,Hopper-v4,4
495558,reward,10804,196.20096347355718,197.639,PPO-RegenReg,Hopper-v4,4
495605,reward,10805,84.25098916627618,186.065,PPO-RegenReg,Hopper-v4,4
495690,reward,10806,188.87546338561702,185.229,PPO-RegenReg,Hopper-v4,4
495779,reward,10807,198.7668862706588,185.9,PPO-RegenReg,Hopper-v4,4
495816,reward,10808,60.58053773642185,173.266,PPO-RegenReg,Hopper-v4,4
495901,reward,10809,189.4600851556812,171.817,PPO-RegenReg,Hopper-v4,4
495986,reward,10810,176.46187936378138,169.974,PPO-RegenReg,Hopper-v4,4
496077,reward,10811,204.66408561833802,169.629,PPO-RegenReg,Hopper-v4,4
496163,reward,10812,188.79751197649833,168.5,PPO-RegenReg,Hopper-v4,4
496254,reward,10813,199.66112121689488,168.772,PPO-RegenReg,Hopper-v4,4
496344,reward,10814,204.44133442364728,169.596,PPO-RegenReg,Hopper-v4,4
496429,reward,10815,188.3300707331961,180.004,PPO-RegenReg,Hopper-v4,4
496518,reward,10816,195.4600019451256,180.662,PPO-RegenReg,Hopper-v4,4
496558,reward,10817,69.20380530418402,167.706,PPO-RegenReg,Hopper-v4,4
496644,reward,10818,191.6154124118045,180.81,PPO-RegenReg,Hopper-v4,4
496727,reward,10819,168.2437731607969,178.688,PPO-RegenReg,Hopper-v4,4
496810,reward,10820,180.14388083045583,179.056,PPO-RegenReg,Hopper-v4,4
496896,reward,10821,188.0842732988283,177.398,PPO-RegenReg,Hopper-v4,4
496983,reward,10822,190.5993974621397,177.578,PPO-RegenReg,Hopper-v4,4
497076,reward,10823,210.73138637472152,178.685,PPO-RegenReg,Hopper-v4,4
497128,reward,10824,93.0949519593564,167.551,PPO-RegenReg,Hopper-v4,4
497215,reward,10825,191.39155238246988,167.857,PPO-RegenReg,Hopper-v4,4
497274,reward,10826,105.41945477277476,158.853,PPO-RegenReg,Hopper-v4,4
497359,reward,10827,186.8172904710787,170.614,PPO-RegenReg,Hopper-v4,4
497394,reward,10828,58.38104677678336,157.291,PPO-RegenReg,Hopper-v4,4
497479,reward,10829,188.12510591024318,159.279,PPO-RegenReg,Hopper-v4,4
497569,reward,10830,203.81568008903463,161.646,PPO-RegenReg,Hopper-v4,4
497653,reward,10831,187.02103593749143,161.54,PPO-RegenReg,Hopper-v4,4
497684,reward,10832,51.556445576402545,147.635,PPO-RegenReg,Hopper-v4,4
497769,reward,10833,190.15216585351362,145.577,PPO-RegenReg,Hopper-v4,4
497856,reward,10834,194.71409586084772,155.739,PPO-RegenReg,Hopper-v4,4
497939,reward,10835,182.93962731304921,154.894,PPO-RegenReg,Hopper-v4,4
497987,reward,10836,84.40574406761093,152.793,PPO-RegenReg,Hopper-v4,4
498074,reward,10837,191.54736771320185,153.266,PPO-RegenReg,Hopper-v4,4
498163,reward,10838,197.0646719551262,167.134,PPO-RegenReg,Hopper-v4,4
498250,reward,10839,195.1973267212283,167.841,PPO-RegenReg,Hopper-v4,4
498319,reward,10840,134.96315787291186,160.956,PPO-RegenReg,Hopper-v4,4
498405,reward,10841,191.17904969371455,161.372,PPO-RegenReg,Hopper-v4,4
498492,reward,10842,194.00211089079815,175.617,PPO-RegenReg,Hopper-v4,4
498582,reward,10843,200.87493544753417,176.689,PPO-RegenReg,Hopper-v4,4
498668,reward,10844,190.5015134940796,176.268,PPO-RegenReg,Hopper-v4,4
498762,reward,10845,199.20732410715598,177.894,PPO-RegenReg,Hopper-v4,4
498848,reward,10846,189.8704804191654,188.441,PPO-RegenReg,Hopper-v4,4
498930,reward,10847,179.3486393955532,187.221,PPO-RegenReg,Hopper-v4,4
499019,reward,10848,198.26854620114847,187.341,PPO-RegenReg,Hopper-v4,4
499104,reward,10849,186.49913381013354,186.471,PPO-RegenReg,Hopper-v4,4
499190,reward,10850,186.12449438499888,191.588,PPO-RegenReg,Hopper-v4,4
499278,reward,10851,178.8767917509136,190.357,PPO-RegenReg,Hopper-v4,4
499363,reward,10852,188.4276764969268,189.8,PPO-RegenReg,Hopper-v4,4
499449,reward,10853,185.26700798836586,188.239,PPO-RegenReg,Hopper-v4,4
499539,reward,10854,204.80396239101003,189.669,PPO-RegenReg,Hopper-v4,4
499627,reward,10855,198.72019813111186,189.621,PPO-RegenReg,Hopper-v4,4
499720,reward,10856,205.92593901317449,191.226,PPO-RegenReg,Hopper-v4,4
499777,reward,10857,104.45481095893732,183.737,PPO-RegenReg,Hopper-v4,4
499860,reward,10858,182.08095311113425,182.118,PPO-RegenReg,Hopper-v4,4
499943,reward,10859,168.80902250176038,180.349,PPO-RegenReg,Hopper-v4,4
