step,tag
18,reward,1,-3.6821120613582545,-3.682,P3O-ClosedLoopAlpha,Walker2d-v4,4
45,reward,2,1.989446769506653,-0.846,P3O-ClosedLoopAlpha,Walker2d-v4,4
88,reward,3,16.92654165417374,5.078,P3O-ClosedLoopAlpha,Walker2d-v4,4
114,reward,4,4.222831650824286,4.864,P3O-ClosedLoopAlpha,Walker2d-v4,4
147,reward,5,10.018454464981385,5.895,P3O-ClosedLoopAlpha,Walker2d-v4,4
162,reward,6,4.243551966397153,5.62,P3O-ClosedLoopAlpha,Walker2d-v4,4
187,reward,7,-2.758742907667097,4.423,P3O-ClosedLoopAlpha,Walker2d-v4,4
201,reward,8,-4.016816399930231,3.368,P3O-ClosedLoopAlpha,Walker2d-v4,4
249,reward,9,-9.926554494414072,1.891,P3O-ClosedLoopAlpha,Walker2d-v4,4
263,reward,10,1.8031036756514989,1.882,P3O-ClosedLoopAlpha,Walker2d-v4,4
278,reward,11,-2.7268721523035966,1.977,P3O-ClosedLoopAlpha,Walker2d-v4,4
302,reward,12,-5.241078208884799,1.254,P3O-ClosedLoopAlpha,Walker2d-v4,4
316,reward,13,-1.428706945076742,-0.581,P3O-ClosedLoopAlpha,Walker2d-v4,4
342,reward,14,-0.5373248696617707,-1.057,P3O-ClosedLoopAlpha,Walker2d-v4,4
370,reward,15,-6.371969587170398,-2.696,P3O-ClosedLoopAlpha,Walker2d-v4,4
385,reward,16,1.7657518261617637,-2.944,P3O-ClosedLoopAlpha,Walker2d-v4,4
408,reward,17,-3.300715394891942,-2.998,P3O-ClosedLoopAlpha,Walker2d-v4,4
425,reward,18,3.353088769580385,-2.261,P3O-ClosedLoopAlpha,Walker2d-v4,4
447,reward,19,9.81911683907125,-0.287,P3O-ClosedLoopAlpha,Walker2d-v4,4
465,reward,20,1.99524923560621,-0.267,P3O-ClosedLoopAlpha,Walker2d-v4,4
476,reward,21,-2.1460874349650556,-0.209,P3O-ClosedLoopAlpha,Walker2d-v4,4
489,reward,22,-4.177438174217994,-0.103,P3O-ClosedLoopAlpha,Walker2d-v4,4
515,reward,23,5.2544674519212125,0.565,P3O-ClosedLoopAlpha,Walker2d-v4,4
536,reward,24,-7.045201248926103,-0.085,P3O-ClosedLoopAlpha,Walker2d-v4,4
570,reward,25,10.615360251909056,1.613,P3O-ClosedLoopAlpha,Walker2d-v4,4
587,reward,26,-2.1558581350859254,1.221,P3O-ClosedLoopAlpha,Walker2d-v4,4
615,reward,27,6.65550025338265,2.217,P3O-ClosedLoopAlpha,Walker2d-v4,4
634,reward,28,-0.41288196168601665,1.84,P3O-ClosedLoopAlpha,Walker2d-v4,4
660,reward,29,1.8578725171233268,1.044,P3O-ClosedLoopAlpha,Walker2d-v4,4
683,reward,30,3.67422244287742,1.212,P3O-ClosedLoopAlpha,Walker2d-v4,4
707,reward,31,-7.3813176965240554,0.688,P3O-ClosedLoopAlpha,Walker2d-v4,4
720,reward,32,2.6312405725781627,1.369,P3O-ClosedLoopAlpha,Walker2d-v4,4
731,reward,33,-2.5813516468494044,0.586,P3O-ClosedLoopAlpha,Walker2d-v4,4
768,reward,34,-0.3893087398075221,1.251,P3O-ClosedLoopAlpha,Walker2d-v4,4
781,reward,35,-4.818947285581782,-0.292,P3O-ClosedLoopAlpha,Walker2d-v4,4
791,reward,36,-8.14254792742268,-0.891,P3O-ClosedLoopAlpha,Walker2d-v4,4
809,reward,37,-10.725441805508579,-2.629,P3O-ClosedLoopAlpha,Walker2d-v4,4
827,reward,38,-1.858562677284582,-2.773,P3O-ClosedLoopAlpha,Walker2d-v4,4
845,reward,39,-3.50749720675425,-3.31,P3O-ClosedLoopAlpha,Walker2d-v4,4
857,reward,40,-1.5913517849214496,-3.837,P3O-ClosedLoopAlpha,Walker2d-v4,4
879,reward,41,-2.1971655490051507,-3.318,P3O-ClosedLoopAlpha,Walker2d-v4,4
898,reward,42,-7.372786054843853,-4.318,P3O-ClosedLoopAlpha,Walker2d-v4,4
919,reward,43,-1.6419811894558383,-4.225,P3O-ClosedLoopAlpha,Walker2d-v4,4
945,reward,44,5.34407600148053,-3.651,P3O-ClosedLoopAlpha,Walker2d-v4,4
967,reward,45,11.860421950198399,-1.983,P3O-ClosedLoopAlpha,Walker2d-v4,4
986,reward,46,-1.9616730533256743,-1.365,P3O-ClosedLoopAlpha,Walker2d-v4,4
1016,reward,47,10.477689542021452,0.755,P3O-ClosedLoopAlpha,Walker2d-v4,4
1024,reward,48,-3.347620503867412,0.606,P3O-ClosedLoopAlpha,Walker2d-v4,4
1045,reward,49,-5.242092360645632,0.433,P3O-ClosedLoopAlpha,Walker2d-v4,4
1066,reward,50,-0.5973040451775509,0.532,P3O-ClosedLoopAlpha,Walker2d-v4,4
1087,reward,51,0.5930292380314346,0.811,P3O-ClosedLoopAlpha,Walker2d-v4,4
1107,reward,52,4.4066590456283015,1.989,P3O-ClosedLoopAlpha,Walker2d-v4,4
1124,reward,53,-11.426379823487366,1.011,P3O-ClosedLoopAlpha,Walker2d-v4,4
1144,reward,54,-3.005845023802408,0.176,P3O-ClosedLoopAlpha,Walker2d-v4,4
1168,reward,55,-0.11203913676724209,-1.022,P3O-ClosedLoopAlpha,Walker2d-v4,4
1176,reward,56,-6.729588068601894,-1.498,P3O-ClosedLoopAlpha,Walker2d-v4,4
1190,reward,57,-2.3010220845039404,-2.776,P3O-ClosedLoopAlpha,Walker2d-v4,4
1208,reward,58,0.26313565066234745,-2.415,P3O-ClosedLoopAlpha,Walker2d-v4,4
1217,reward,59,-2.409574682611421,-2.132,P3O-ClosedLoopAlpha,Walker2d-v4,4
1235,reward,60,4.277930559698209,-1.644,P3O-ClosedLoopAlpha,Walker2d-v4,4
1242,reward,61,-4.885891569836989,-2.192,P3O-ClosedLoopAlpha,Walker2d-v4,4
1260,reward,62,-6.255268478143816,-3.258,P3O-ClosedLoopAlpha,Walker2d-v4,4
1284,reward,63,-5.856790932661591,-2.701,P3O-ClosedLoopAlpha,Walker2d-v4,4
1301,reward,64,0.8489544158459936,-2.316,P3O-ClosedLoopAlpha,Walker2d-v4,4
1317,reward,65,4.604564774073236,-1.844,P3O-ClosedLoopAlpha,Walker2d-v4,4
1334,reward,66,1.1334816531044392,-1.058,P3O-ClosedLoopAlpha,Walker2d-v4,4
1361,reward,67,4.230680509332734,-0.405,P3O-ClosedLoopAlpha,Walker2d-v4,4
1397,reward,68,21.239876242958548,1.693,P3O-ClosedLoopAlpha,Walker2d-v4,4
1412,reward,69,1.0528610076354041,2.039,P3O-ClosedLoopAlpha,Walker2d-v4,4
1440,reward,70,3.9636166873627197,2.008,P3O-ClosedLoopAlpha,Walker2d-v4,4
1455,reward,71,-9.951903989684837,1.501,P3O-ClosedLoopAlpha,Walker2d-v4,4
1470,reward,72,1.210942418597597,2.248,P3O-ClosedLoopAlpha,Walker2d-v4,4
1494,reward,73,0.33770778138026647,2.867,P3O-ClosedLoopAlpha,Walker2d-v4,4
1517,reward,74,1.4607605188345612,2.928,P3O-ClosedLoopAlpha,Walker2d-v4,4
1543,reward,75,14.49782046342614,3.918,P3O-ClosedLoopAlpha,Walker2d-v4,4
1560,reward,76,-1.6579838455578437,3.638,P3O-ClosedLoopAlpha,Walker2d-v4,4
1590,reward,77,6.723697350139336,3.888,P3O-ClosedLoopAlpha,Walker2d-v4,4
1611,reward,78,-5.874195052229239,1.176,P3O-ClosedLoopAlpha,Walker2d-v4,4
1630,reward,79,6.092328851266949,1.68,P3O-ClosedLoopAlpha,Walker2d-v4,4
1649,reward,80,4.713694860221055,1.755,P3O-ClosedLoopAlpha,Walker2d-v4,4
1667,reward,81,-9.92670396513535,1.758,P3O-ClosedLoopAlpha,Walker2d-v4,4
1680,reward,82,3.349106678958873,1.972,P3O-ClosedLoopAlpha,Walker2d-v4,4
1713,reward,83,1.8287425298528635,2.121,P3O-ClosedLoopAlpha,Walker2d-v4,4
1730,reward,84,1.786396521074971,2.153,P3O-ClosedLoopAlpha,Walker2d-v4,4
1747,reward,85,5.633499846675067,1.267,P3O-ClosedLoopAlpha,Walker2d-v4,4
1808,reward,86,3.3029371669948038,1.763,P3O-ClosedLoopAlpha,Walker2d-v4,4
1817,reward,87,-0.2370453270224071,1.067,P3O-ClosedLoopAlpha,Walker2d-v4,4
1843,reward,88,7.6674464340720005,2.421,P3O-ClosedLoopAlpha,Walker2d-v4,4
1864,reward,89,-1.0469266359557057,1.707,P3O-ClosedLoopAlpha,Walker2d-v4,4
1873,reward,90,-2.0472900165321968,1.031,P3O-ClosedLoopAlpha,Walker2d-v4,4
1893,reward,91,-4.6548310928634935,1.558,P3O-ClosedLoopAlpha,Walker2d-v4,4
1911,reward,92,-4.557788580472899,0.768,P3O-ClosedLoopAlpha,Walker2d-v4,4
1937,reward,93,-1.0170888583682889,0.483,P3O-ClosedLoopAlpha,Walker2d-v4,4
1956,reward,94,-3.1838678862658094,-0.014,P3O-ClosedLoopAlpha,Walker2d-v4,4
1977,reward,95,-3.7804972492961895,-0.955,P3O-ClosedLoopAlpha,Walker2d-v4,4
1998,reward,96,-0.8702730313001568,-1.373,P3O-ClosedLoopAlpha,Walker2d-v4,4
2017,reward,97,-4.351513281516553,-1.784,P3O-ClosedLoopAlpha,Walker2d-v4,4
2035,reward,98,5.968209805985648,-1.954,P3O-ClosedLoopAlpha,Walker2d-v4,4
2055,reward,99,-5.386989466111323,-2.388,P3O-ClosedLoopAlpha,Walker2d-v4,4
2076,reward,100,-10.302305984662164,-3.214,P3O-ClosedLoopAlpha,Walker2d-v4,4
2097,reward,101,-5.910867233043366,-3.339,P3O-ClosedLoopAlpha,Walker2d-v4,4
2120,reward,102,-5.827495131166672,-3.466,P3O-ClosedLoopAlpha,Walker2d-v4,4
2140,reward,103,1.4431526476879355,-3.22,P3O-ClosedLoopAlpha,Walker2d-v4,4
2156,reward,104,0.9334572554399947,-2.809,P3O-ClosedLoopAlpha,Walker2d-v4,4
2176,reward,105,8.731122615025061,-1.557,P3O-ClosedLoopAlpha,Walker2d-v4,4
2211,reward,106,-0.4950740802430462,-1.52,P3O-ClosedLoopAlpha,Walker2d-v4,4
2228,reward,107,-8.916556212116676,-1.976,P3O-ClosedLoopAlpha,Walker2d-v4,4
2266,reward,108,0.1531688584296358,-2.558,P3O-ClosedLoopAlpha,Walker2d-v4,4
2308,reward,109,16.99944892961455,-0.319,P3O-ClosedLoopAlpha,Walker2d-v4,4
2328,reward,110,-6.631987305714846,0.048,P3O-ClosedLoopAlpha,Walker2d-v4,4
2355,reward,111,9.647216933786963,1.604,P3O-ClosedLoopAlpha,Walker2d-v4,4
2380,reward,112,0.4435100783999977,2.231,P3O-ClosedLoopAlpha,Walker2d-v4,4
2411,reward,113,10.110164551078945,3.097,P3O-ClosedLoopAlpha,Walker2d-v4,4
2435,reward,114,-7.285087111652503,2.276,P3O-ClosedLoopAlpha,Walker2d-v4,4
2455,reward,115,-2.481192295951876,1.154,P3O-ClosedLoopAlpha,Walker2d-v4,4
2491,reward,116,5.100731922949144,1.714,P3O-ClosedLoopAlpha,Walker2d-v4,4
2515,reward,117,-0.7682468170924303,2.529,P3O-ClosedLoopAlpha,Walker2d-v4,4
2541,reward,118,-3.8312270433486253,2.13,P3O-ClosedLoopAlpha,Walker2d-v4,4
2573,reward,119,16.797081418637006,2.11,P3O-ClosedLoopAlpha,Walker2d-v4,4
2599,reward,120,-8.115310847095076,1.962,P3O-ClosedLoopAlpha,Walker2d-v4,4
2626,reward,121,5.565767709091077,1.554,P3O-ClosedLoopAlpha,Walker2d-v4,4
2651,reward,122,1.1973213577657438,1.629,P3O-ClosedLoopAlpha,Walker2d-v4,4
2669,reward,123,0.05087307163144361,0.623,P3O-ClosedLoopAlpha,Walker2d-v4,4
2690,reward,124,2.339758318029054,1.586,P3O-ClosedLoopAlpha,Walker2d-v4,4
2718,reward,125,1.9650965092092574,2.03,P3O-ClosedLoopAlpha,Walker2d-v4,4
2746,reward,126,-1.4180606656934718,1.378,P3O-ClosedLoopAlpha,Walker2d-v4,4
2760,reward,127,-2.5211881556569153,1.203,P3O-ClosedLoopAlpha,Walker2d-v4,4
2796,reward,128,7.377748738954214,2.324,P3O-ClosedLoopAlpha,Walker2d-v4,4
2807,reward,129,-5.3616053366610466,0.108,P3O-ClosedLoopAlpha,Walker2d-v4,4
2832,reward,130,-2.2936352087009153,0.69,P3O-ClosedLoopAlpha,Walker2d-v4,4
2856,reward,131,-4.279077366354654,-0.294,P3O-ClosedLoopAlpha,Walker2d-v4,4
2881,reward,132,-2.4766436612075067,-0.662,P3O-ClosedLoopAlpha,Walker2d-v4,4
2894,reward,133,-0.8378291101552311,-0.751,P3O-ClosedLoopAlpha,Walker2d-v4,4
2909,reward,134,-0.40844207917155484,-1.025,P3O-ClosedLoopAlpha,Walker2d-v4,4
2930,reward,135,-0.3757549450265345,-1.259,P3O-ClosedLoopAlpha,Walker2d-v4,4
2964,reward,136,10.510564696064623,-0.067,P3O-ClosedLoopAlpha,Walker2d-v4,4
2974,reward,137,-3.636079130469162,-0.178,P3O-ClosedLoopAlpha,Walker2d-v4,4
2999,reward,138,1.6713528745645805,-0.749,P3O-ClosedLoopAlpha,Walker2d-v4,4
3025,reward,139,-4.306820637858813,-0.643,P3O-ClosedLoopAlpha,Walker2d-v4,4
3052,reward,140,-0.25521933723856205,-0.439,P3O-ClosedLoopAlpha,Walker2d-v4,4
3070,reward,141,5.9765133985876355,0.586,P3O-ClosedLoopAlpha,Walker2d-v4,4
3094,reward,142,-2.000575291943886,0.634,P3O-ClosedLoopAlpha,Walker2d-v4,4
3120,reward,143,14.580841858063634,2.176,P3O-ClosedLoopAlpha,Walker2d-v4,4
3138,reward,144,-8.59986072486271,1.356,P3O-ClosedLoopAlpha,Walker2d-v4,4
3154,reward,145,-0.2832224368262364,1.366,P3O-ClosedLoopAlpha,Walker2d-v4,4
3191,reward,146,-3.4931463276617376,-0.035,P3O-ClosedLoopAlpha,Walker2d-v4,4
3215,reward,147,-0.10093631556720761,0.319,P3O-ClosedLoopAlpha,Walker2d-v4,4
3229,reward,148,-4.328832757338473,-0.281,P3O-ClosedLoopAlpha,Walker2d-v4,4
3252,reward,149,-4.2598371407754065,-0.276,P3O-ClosedLoopAlpha,Walker2d-v4,4
3268,reward,150,-1.5851010091369542,-0.409,P3O-ClosedLoopAlpha,Walker2d-v4,4
3290,reward,151,-8.457110412572707,-1.853,P3O-ClosedLoopAlpha,Walker2d-v4,4
3301,reward,152,2.841309459175065,-1.369,P3O-ClosedLoopAlpha,Walker2d-v4,4
3316,reward,153,3.240429893676813,-2.503,P3O-ClosedLoopAlpha,Walker2d-v4,4
3346,reward,154,1.6109880096087785,-1.482,P3O-ClosedLoopAlpha,Walker2d-v4,4
3362,reward,155,1.8246279400304,-1.271,P3O-ClosedLoopAlpha,Walker2d-v4,4
3381,reward,156,7.209202535909049,-0.201,P3O-ClosedLoopAlpha,Walker2d-v4,4
3397,reward,157,4.30547434196994,0.24,P3O-ClosedLoopAlpha,Walker2d-v4,4
3418,reward,158,7.91785673501912,1.465,P3O-ClosedLoopAlpha,Walker2d-v4,4
3429,reward,159,-10.877861117728802,0.803,P3O-ClosedLoopAlpha,Walker2d-v4,4
3447,reward,160,3.4498880292230254,1.306,P3O-ClosedLoopAlpha,Walker2d-v4,4
3461,reward,161,-4.078663913224316,1.744,P3O-ClosedLoopAlpha,Walker2d-v4,4
3481,reward,162,5.988590149959838,2.059,P3O-ClosedLoopAlpha,Walker2d-v4,4
3497,reward,163,-3.028656947735678,1.432,P3O-ClosedLoopAlpha,Walker2d-v4,4
3518,reward,164,-0.5230322191376242,1.219,P3O-ClosedLoopAlpha,Walker2d-v4,4
3532,reward,165,0.2473280672849626,1.061,P3O-ClosedLoopAlpha,Walker2d-v4,4
3581,reward,166,14.838268838391013,1.824,P3O-ClosedLoopAlpha,Walker2d-v4,4
3595,reward,167,-0.06058143259780646,1.387,P3O-ClosedLoopAlpha,Walker2d-v4,4
3612,reward,168,8.624531517615766,1.458,P3O-ClosedLoopAlpha,Walker2d-v4,4
3626,reward,169,-4.670135360121968,2.079,P3O-ClosedLoopAlpha,Walker2d-v4,4
3652,reward,170,-0.7855850197664221,1.655,P3O-ClosedLoopAlpha,Walker2d-v4,4
3671,reward,171,3.188838071397875,2.382,P3O-ClosedLoopAlpha,Walker2d-v4,4
3682,reward,172,-3.3960019712501124,1.443,P3O-ClosedLoopAlpha,Walker2d-v4,4
3707,reward,173,-2.0542518617446652,1.541,P3O-ClosedLoopAlpha,Walker2d-v4,4
3736,reward,174,14.256082003559507,3.019,P3O-ClosedLoopAlpha,Walker2d-v4,4
3763,reward,175,-2.850718367926616,2.709,P3O-ClosedLoopAlpha,Walker2d-v4,4
3780,reward,176,4.247588193656793,1.65,P3O-ClosedLoopAlpha,Walker2d-v4,4
3799,reward,177,0.6712077145001352,1.723,P3O-ClosedLoopAlpha,Walker2d-v4,4
3825,reward,178,3.7619876980320974,1.237,P3O-ClosedLoopAlpha,Walker2d-v4,4
3853,reward,179,-0.2240797565527678,1.682,P3O-ClosedLoopAlpha,Walker2d-v4,4
3869,reward,180,-0.8794739024178604,1.672,P3O-ClosedLoopAlpha,Walker2d-v4,4
3918,reward,181,9.579118349433664,2.311,P3O-ClosedLoopAlpha,Walker2d-v4,4
3942,reward,182,-4.7673483894174025,2.174,P3O-ClosedLoopAlpha,Walker2d-v4,4
3964,reward,183,-2.1949435061910814,2.16,P3O-ClosedLoopAlpha,Walker2d-v4,4
3989,reward,184,-4.239537602087501,0.31,P3O-ClosedLoopAlpha,Walker2d-v4,4
4013,reward,185,-2.552388491372312,0.34,P3O-ClosedLoopAlpha,Walker2d-v4,4
4026,reward,186,-5.842711872808869,-0.669,P3O-ClosedLoopAlpha,Walker2d-v4,4
4044,reward,187,-2.8939936477069983,-1.025,P3O-ClosedLoopAlpha,Walker2d-v4,4
4059,reward,188,-3.492172562448065,-1.751,P3O-ClosedLoopAlpha,Walker2d-v4,4
4070,reward,189,-4.21561469486307,-2.15,P3O-ClosedLoopAlpha,Walker2d-v4,4
4083,reward,190,-5.489707489255249,-2.611,P3O-ClosedLoopAlpha,Walker2d-v4,4
4096,reward,191,-3.455070391740316,-3.914,P3O-ClosedLoopAlpha,Walker2d-v4,4
4112,reward,192,-1.1235589819621026,-3.55,P3O-ClosedLoopAlpha,Walker2d-v4,4
4144,reward,193,20.8064888189333,-1.25,P3O-ClosedLoopAlpha,Walker2d-v4,4
4159,reward,194,-7.304823287747053,-1.556,P3O-ClosedLoopAlpha,Walker2d-v4,4
4170,reward,195,-2.275548054054449,-1.529,P3O-ClosedLoopAlpha,Walker2d-v4,4
4188,reward,196,-4.084910794671321,-1.353,P3O-ClosedLoopAlpha,Walker2d-v4,4
4217,reward,197,-0.5792809496067297,-1.121,P3O-ClosedLoopAlpha,Walker2d-v4,4
4234,reward,198,-6.407063779596054,-1.413,P3O-ClosedLoopAlpha,Walker2d-v4,4
4252,reward,199,-2.5180484534124847,-1.243,P3O-ClosedLoopAlpha,Walker2d-v4,4
4267,reward,200,4.837967661509641,-0.21,P3O-ClosedLoopAlpha,Walker2d-v4,4
4290,reward,201,1.8743344864412506,0.323,P3O-ClosedLoopAlpha,Walker2d-v4,4
4308,reward,202,-4.13254756945863,0.022,P3O-ClosedLoopAlpha,Walker2d-v4,4
4330,reward,203,-0.41192525110236167,-2.1,P3O-ClosedLoopAlpha,Walker2d-v4,4
4348,reward,204,-0.8527160918271699,-1.455,P3O-ClosedLoopAlpha,Walker2d-v4,4
4376,reward,205,2.382192675754319,-0.989,P3O-ClosedLoopAlpha,Walker2d-v4,4
4422,reward,206,5.440028218493049,-0.037,P3O-ClosedLoopAlpha,Walker2d-v4,4
4441,reward,207,-3.3970540236306404,-0.318,P3O-ClosedLoopAlpha,Walker2d-v4,4
4457,reward,208,2.7594206009851243,0.598,P3O-ClosedLoopAlpha,Walker2d-v4,4
4469,reward,209,-1.0390989359562117,0.746,P3O-ClosedLoopAlpha,Walker2d-v4,4
4481,reward,210,-0.49073070396301444,0.213,P3O-ClosedLoopAlpha,Walker2d-v4,4
4498,reward,211,-1.0775347085596159,-0.082,P3O-ClosedLoopAlpha,Walker2d-v4,4
4538,reward,212,8.798841318789199,1.211,P3O-ClosedLoopAlpha,Walker2d-v4,4
4561,reward,213,-5.059667209601853,0.746,P3O-ClosedLoopAlpha,Walker2d-v4,4
4592,reward,214,-11.672072858533706,-0.336,P3O-ClosedLoopAlpha,Walker2d-v4,4
4617,reward,215,-4.885104510891731,-1.062,P3O-ClosedLoopAlpha,Walker2d-v4,4
4629,reward,216,-1.0640471854728104,-1.713,P3O-ClosedLoopAlpha,Walker2d-v4,4
4648,reward,217,-3.0229297007882554,-1.675,P3O-ClosedLoopAlpha,Walker2d-v4,4
4667,reward,218,-11.983936611619567,-3.15,P3O-ClosedLoopAlpha,Walker2d-v4,4
4686,reward,219,-7.712741869227367,-3.817,P3O-ClosedLoopAlpha,Walker2d-v4,4
4710,reward,220,-4.1057937346893105,-4.178,P3O-ClosedLoopAlpha,Walker2d-v4,4
4739,reward,221,-1.8732427477884435,-4.258,P3O-ClosedLoopAlpha,Walker2d-v4,4
4759,reward,222,3.4842426078430666,-4.79,P3O-ClosedLoopAlpha,Walker2d-v4,4
4780,reward,223,-3.5128520721727123,-4.635,P3O-ClosedLoopAlpha,Walker2d-v4,4
4799,reward,224,-2.3191061937500645,-3.7,P3O-ClosedLoopAlpha,Walker2d-v4,4
4815,reward,225,-6.316308320633845,-3.843,P3O-ClosedLoopAlpha,Walker2d-v4,4
4832,reward,226,-7.629959710031507,-4.499,P3O-ClosedLoopAlpha,Walker2d-v4,4
4845,reward,227,0.8032979716699179,-4.117,P3O-ClosedLoopAlpha,Walker2d-v4,4
4859,reward,228,-1.048134463028668,-3.023,P3O-ClosedLoopAlpha,Walker2d-v4,4
4882,reward,229,11.850852162157526,-1.067,P3O-ClosedLoopAlpha,Walker2d-v4,4
4900,reward,230,-9.744920901425665,-1.631,P3O-ClosedLoopAlpha,Walker2d-v4,4
4911,reward,231,1.8914629377465546,-1.254,P3O-ClosedLoopAlpha,Walker2d-v4,4
4939,reward,232,5.884917328302553,-1.014,P3O-ClosedLoopAlpha,Walker2d-v4,4
4958,reward,233,-2.5536942969450327,-0.918,P3O-ClosedLoopAlpha,Walker2d-v4,4
4972,reward,234,2.300583068994719,-0.456,P3O-ClosedLoopAlpha,Walker2d-v4,4
5008,reward,235,-2.5388799783248794,-0.078,P3O-ClosedLoopAlpha,Walker2d-v4,4
5021,reward,236,-2.7561503002243914,0.409,P3O-ClosedLoopAlpha,Walker2d-v4,4
5039,reward,237,2.42829575510767,0.571,P3O-ClosedLoopAlpha,Walker2d-v4,4
5112,reward,238,52.52372283526721,5.929,P3O-ClosedLoopAlpha,Walker2d-v4,4
5137,reward,239,3.3881780378488067,5.082,P3O-ClosedLoopAlpha,Walker2d-v4,4
5171,reward,240,13.559175718770138,7.413,P3O-ClosedLoopAlpha,Walker2d-v4,4
5187,reward,241,0.12466650013513891,7.236,P3O-ClosedLoopAlpha,Walker2d-v4,4
5214,reward,242,0.9679261429329806,6.744,P3O-ClosedLoopAlpha,Walker2d-v4,4
5243,reward,243,11.900746606654689,8.19,P3O-ClosedLoopAlpha,Walker2d-v4,4
5272,reward,244,11.09273473548419,9.069,P3O-ClosedLoopAlpha,Walker2d-v4,4
5280,reward,245,-5.168696249810255,8.806,P3O-ClosedLoopAlpha,Walker2d-v4,4
5331,reward,246,-3.5503004114221675,8.727,P3O-ClosedLoopAlpha,Walker2d-v4,4
5351,reward,247,-7.213275418891695,7.762,P3O-ClosedLoopAlpha,Walker2d-v4,4
5366,reward,248,-3.180949597977488,2.192,P3O-ClosedLoopAlpha,Walker2d-v4,4
5378,reward,249,-5.33229045852401,1.32,P3O-ClosedLoopAlpha,Walker2d-v4,4
5389,reward,250,-1.2834176708842966,-0.164,P3O-ClosedLoopAlpha,Walker2d-v4,4
5411,reward,251,-9.689154538586664,-1.146,P3O-ClosedLoopAlpha,Walker2d-v4,4
5439,reward,252,6.010463959756643,-0.641,P3O-ClosedLoopAlpha,Walker2d-v4,4
5469,reward,253,1.3752908745843502,-1.694,P3O-ClosedLoopAlpha,Walker2d-v4,4
5491,reward,254,8.327088805446518,-1.971,P3O-ClosedLoopAlpha,Walker2d-v4,4
5505,reward,255,-4.714725951518459,-1.925,P3O-ClosedLoopAlpha,Walker2d-v4,4
5535,reward,256,-0.4332795077578562,-1.613,P3O-ClosedLoopAlpha,Walker2d-v4,4
5557,reward,257,-7.44692950883136,-1.637,P3O-ClosedLoopAlpha,Walker2d-v4,4
5571,reward,258,-4.444471695043453,-1.763,P3O-ClosedLoopAlpha,Walker2d-v4,4
5592,reward,259,-7.513847767109716,-1.981,P3O-ClosedLoopAlpha,Walker2d-v4,4
5622,reward,260,2.8850695477442634,-1.564,P3O-ClosedLoopAlpha,Walker2d-v4,4
5633,reward,261,0.19295376443183454,-0.576,P3O-ClosedLoopAlpha,Walker2d-v4,4
5656,reward,262,3.4802039090993704,-0.829,P3O-ClosedLoopAlpha,Walker2d-v4,4
5676,reward,263,-0.5466713289061578,-1.021,P3O-ClosedLoopAlpha,Walker2d-v4,4
5689,reward,264,2.458491538035662,-1.608,P3O-ClosedLoopAlpha,Walker2d-v4,4
5733,reward,265,8.677656816499992,-0.269,P3O-ClosedLoopAlpha,Walker2d-v4,4
5743,reward,266,-0.8297348151202469,-0.309,P3O-ClosedLoopAlpha,Walker2d-v4,4
5755,reward,267,-1.4180739219250043,0.294,P3O-ClosedLoopAlpha,Walker2d-v4,4
5784,reward,268,5.301835342083439,1.269,P3O-ClosedLoopAlpha,Walker2d-v4,4
5814,reward,269,0.7800618278017863,2.098,P3O-ClosedLoopAlpha,Walker2d-v4,4
5850,reward,270,11.59335709311737,2.969,P3O-ClosedLoopAlpha,Walker2d-v4,4
5884,reward,271,12.979070336160625,4.248,P3O-ClosedLoopAlpha,Walker2d-v4,4
5908,reward,272,2.079605128481422,4.108,P3O-ClosedLoopAlpha,Walker2d-v4,4
5950,reward,273,23.13010429748804,6.475,P3O-ClosedLoopAlpha,Walker2d-v4,4
5961,reward,274,0.283721105310335,6.258,P3O-ClosedLoopAlpha,Walker2d-v4,4
5970,reward,275,-1.221176893184436,5.268,P3O-ClosedLoopAlpha,Walker2d-v4,4
5986,reward,276,-8.321134829140709,4.519,P3O-ClosedLoopAlpha,Walker2d-v4,4
5999,reward,277,-0.6923701153204534,4.591,P3O-ClosedLoopAlpha,Walker2d-v4,4
6025,reward,278,-1.9536174406630733,3.866,P3O-ClosedLoopAlpha,Walker2d-v4,4
6049,reward,279,5.955054780377049,4.383,P3O-ClosedLoopAlpha,Walker2d-v4,4
6067,reward,280,4.837989365558426,3.708,P3O-ClosedLoopAlpha,Walker2d-v4,4
6091,reward,281,-2.1372779228580017,2.196,P3O-ClosedLoopAlpha,Walker2d-v4,4
6107,reward,282,-3.932778031946336,1.595,P3O-ClosedLoopAlpha,Walker2d-v4,4
6168,reward,283,11.48160334207031,0.43,P3O-ClosedLoopAlpha,Walker2d-v4,4
6195,reward,284,4.55281390317789,0.857,P3O-ClosedLoopAlpha,Walker2d-v4,4
6238,reward,285,8.262020540748944,1.805,P3O-ClosedLoopAlpha,Walker2d-v4,4
6258,reward,286,-5.570910255258058,2.08,P3O-ClosedLoopAlpha,Walker2d-v4,4
6272,reward,287,0.34842250387549956,2.184,P3O-ClosedLoopAlpha,Walker2d-v4,4
6293,reward,288,0.5181630293424222,2.432,P3O-ClosedLoopAlpha,Walker2d-v4,4
6306,reward,289,-2.028025244353838,1.633,P3O-ClosedLoopAlpha,Walker2d-v4,4
6318,reward,290,1.0937636899110308,1.259,P3O-ClosedLoopAlpha,Walker2d-v4,4
6337,reward,291,-0.6257656443335368,1.41,P3O-ClosedLoopAlpha,Walker2d-v4,4
6395,reward,292,25.469251407068693,4.35,P3O-ClosedLoopAlpha,Walker2d-v4,4
6420,reward,293,-1.0948727489490522,3.092,P3O-ClosedLoopAlpha,Walker2d-v4,4
6427,reward,294,-5.123658312625628,2.125,P3O-ClosedLoopAlpha,Walker2d-v4,4
6443,reward,295,0.28366611169556455,1.327,P3O-ClosedLoopAlpha,Walker2d-v4,4
6458,reward,296,2.2154980971087546,2.106,P3O-ClosedLoopAlpha,Walker2d-v4,4
6499,reward,297,16.83214564670359,3.754,P3O-ClosedLoopAlpha,Walker2d-v4,4
6511,reward,298,-5.196067358219478,3.183,P3O-ClosedLoopAlpha,Walker2d-v4,4
6525,reward,299,-2.4807334455882115,3.137,P3O-ClosedLoopAlpha,Walker2d-v4,4
6546,reward,300,-6.131886146679346,2.415,P3O-ClosedLoopAlpha,Walker2d-v4,4
6568,reward,301,-2.3676612230584473,2.241,P3O-ClosedLoopAlpha,Walker2d-v4,4
6603,reward,302,17.304181698585865,1.424,P3O-ClosedLoopAlpha,Walker2d-v4,4
6615,reward,303,-0.3293074587724183,1.501,P3O-ClosedLoopAlpha,Walker2d-v4,4
6632,reward,304,-4.53851034393278,1.559,P3O-ClosedLoopAlpha,Walker2d-v4,4
6653,reward,305,-1.1903652759035908,1.412,P3O-ClosedLoopAlpha,Walker2d-v4,4
6672,reward,306,3.9681667188308882,1.587,P3O-ClosedLoopAlpha,Walker2d-v4,4
6694,reward,307,-7.454194806314774,-0.842,P3O-ClosedLoopAlpha,Walker2d-v4,4
6735,reward,308,14.036574713484663,1.082,P3O-ClosedLoopAlpha,Walker2d-v4,4
6758,reward,309,-0.8456016356489695,1.245,P3O-ClosedLoopAlpha,Walker2d-v4,4
6772,reward,310,-2.2491135219045537,1.633,P3O-ClosedLoopAlpha,Walker2d-v4,4
6794,reward,311,-4.826128767848687,1.388,P3O-ClosedLoopAlpha,Walker2d-v4,4
6808,reward,312,-4.7980719043315965,-0.823,P3O-ClosedLoopAlpha,Walker2d-v4,4
6821,reward,313,2.7478619031271654,-0.515,P3O-ClosedLoopAlpha,Walker2d-v4,4
6860,reward,314,9.045104178952533,0.843,P3O-ClosedLoopAlpha,Walker2d-v4,4
6884,reward,315,3.736522514841858,1.336,P3O-ClosedLoopAlpha,Walker2d-v4,4
6901,reward,316,-4.557412843440881,0.484,P3O-ClosedLoopAlpha,Walker2d-v4,4
6916,reward,317,2.9472729004637275,1.524,P3O-ClosedLoopAlpha,Walker2d-v4,4
6929,reward,318,2.9948313035812593,0.42,P3O-ClosedLoopAlpha,Walker2d-v4,4
6942,reward,319,3.6917364845858467,0.873,P3O-ClosedLoopAlpha,Walker2d-v4,4
6972,reward,320,-0.32483218861168295,1.066,P3O-ClosedLoopAlpha,Walker2d-v4,4
6985,reward,321,-1.4003769271309994,1.408,P3O-ClosedLoopAlpha,Walker2d-v4,4
7005,reward,322,-5.7332147619907285,1.315,P3O-ClosedLoopAlpha,Walker2d-v4,4
7018,reward,323,-2.773521469166985,0.763,P3O-ClosedLoopAlpha,Walker2d-v4,4
7042,reward,324,1.4452130074965375,0.003,P3O-ClosedLoopAlpha,Walker2d-v4,4
7066,reward,325,6.696388795134335,0.299,P3O-ClosedLoopAlpha,Walker2d-v4,4
7094,reward,326,6.049401972451228,1.359,P3O-ClosedLoopAlpha,Walker2d-v4,4
7117,reward,327,1.6097838306773593,1.226,P3O-ClosedLoopAlpha,Walker2d-v4,4
7135,reward,328,3.1787954063099964,1.244,P3O-ClosedLoopAlpha,Walker2d-v4,4
7195,reward,329,18.864621075323488,2.761,P3O-ClosedLoopAlpha,Walker2d-v4,4
7233,reward,330,12.873523521391105,4.081,P3O-ClosedLoopAlpha,Walker2d-v4,4
7242,reward,331,-0.21460771154367486,4.2,P3O-ClosedLoopAlpha,Walker2d-v4,4
7259,reward,332,-3.6077545949011,4.412,P3O-ClosedLoopAlpha,Walker2d-v4,4
7290,reward,333,12.903761963731972,5.98,P3O-ClosedLoopAlpha,Walker2d-v4,4
7344,reward,334,25.31893635723715,8.367,P3O-ClosedLoopAlpha,Walker2d-v4,4
7374,reward,335,11.17129297031766,8.815,P3O-ClosedLoopAlpha,Walker2d-v4,4
7393,reward,336,5.511551693987164,8.761,P3O-ClosedLoopAlpha,Walker2d-v4,4
7421,reward,337,5.30571218244953,9.131,P3O-ClosedLoopAlpha,Walker2d-v4,4
7433,reward,338,0.43139969663130406,8.856,P3O-ClosedLoopAlpha,Walker2d-v4,4
7448,reward,339,-4.011382929422462,6.568,P3O-ClosedLoopAlpha,Walker2d-v4,4
7475,reward,340,0.8308014199511207,5.364,P3O-ClosedLoopAlpha,Walker2d-v4,4
7491,reward,341,1.5630019473704175,5.542,P3O-ClosedLoopAlpha,Walker2d-v4,4
7507,reward,342,0.9365661555924962,5.996,P3O-ClosedLoopAlpha,Walker2d-v4,4
7522,reward,343,-0.5244061630481776,4.653,P3O-ClosedLoopAlpha,Walker2d-v4,4
7539,reward,344,1.7726130724432785,2.299,P3O-ClosedLoopAlpha,Walker2d-v4,4
7553,reward,345,3.494355928570433,1.531,P3O-ClosedLoopAlpha,Walker2d-v4,4
7574,reward,346,-7.2430973978902715,0.256,P3O-ClosedLoopAlpha,Walker2d-v4,4
7588,reward,347,-3.6286236479786877,-0.638,P3O-ClosedLoopAlpha,Walker2d-v4,4
7612,reward,348,2.723647378203976,-0.409,P3O-ClosedLoopAlpha,Walker2d-v4,4
7623,reward,349,-1.8800693623643467,-0.196,P3O-ClosedLoopAlpha,Walker2d-v4,4
7673,reward,350,32.124547392142716,2.934,P3O-ClosedLoopAlpha,Walker2d-v4,4
7695,reward,351,12.048382429391252,3.982,P3O-ClosedLoopAlpha,Walker2d-v4,4
7740,reward,352,13.281449270617893,5.217,P3O-ClosedLoopAlpha,Walker2d-v4,4
7768,reward,353,-0.6368420567330101,5.206,P3O-ClosedLoopAlpha,Walker2d-v4,4
7788,reward,354,-8.906049836497628,4.138,P3O-ClosedLoopAlpha,Walker2d-v4,4
7822,reward,355,1.8364947655265378,3.972,P3O-ClosedLoopAlpha,Walker2d-v4,4
7859,reward,356,8.618513551767682,5.558,P3O-ClosedLoopAlpha,Walker2d-v4,4
7873,reward,357,-1.7558369193997319,5.745,P3O-ClosedLoopAlpha,Walker2d-v4,4
7891,reward,358,1.2921934864180293,5.602,P3O-ClosedLoopAlpha,Walker2d-v4,4
7917,reward,359,-5.517565625006362,5.239,P3O-ClosedLoopAlpha,Walker2d-v4,4
7926,reward,360,-1.3736553872722563,1.889,P3O-ClosedLoopAlpha,Walker2d-v4,4
7941,reward,361,1.2329658706121056,0.807,P3O-ClosedLoopAlpha,Walker2d-v4,4
7954,reward,362,-1.5108311132724677,-0.672,P3O-ClosedLoopAlpha,Walker2d-v4,4
7997,reward,363,26.533305363191303,2.045,P3O-ClosedLoopAlpha,Walker2d-v4,4
8039,reward,364,14.144658824022917,4.35,P3O-ClosedLoopAlpha,Walker2d-v4,4
8050,reward,365,0.2848020613013562,4.195,P3O-ClosedLoopAlpha,Walker2d-v4,4
8077,reward,366,7.154926198073068,4.048,P3O-ClosedLoopAlpha,Walker2d-v4,4
8100,reward,367,5.033366979677456,4.727,P3O-ClosedLoopAlpha,Walker2d-v4,4
8120,reward,368,-5.967054418258636,4.001,P3O-ClosedLoopAlpha,Walker2d-v4,4
8137,reward,369,-5.594411413458966,3.994,P3O-ClosedLoopAlpha,Walker2d-v4,4
8169,reward,370,4.015351423544109,4.533,P3O-ClosedLoopAlpha,Walker2d-v4,4
8192,loss,-0.1039586290717125,0.23193538188934326,P3O-ClosedLoopAlpha,Walker2d-v4,4
8203,reward,371,8.095702160779936,5.219,P3O-ClosedLoopAlpha,Walker2d-v4,4
8235,reward,372,3.430309472735679,5.713,P3O-ClosedLoopAlpha,Walker2d-v4,4
8261,reward,373,8.850268540207615,3.945,P3O-ClosedLoopAlpha,Walker2d-v4,4
8279,reward,374,-6.021621144289153,1.928,P3O-ClosedLoopAlpha,Walker2d-v4,4
8299,reward,375,-7.101160518521755,1.19,P3O-ClosedLoopAlpha,Walker2d-v4,4
8326,reward,376,3.978685329668361,0.872,P3O-ClosedLoopAlpha,Walker2d-v4,4
8348,reward,377,-9.905443916961781,-0.622,P3O-ClosedLoopAlpha,Walker2d-v4,4
8373,reward,378,-2.4208323803624916,-0.267,P3O-ClosedLoopAlpha,Walker2d-v4,4
8405,reward,379,-2.0426098022678802,0.088,P3O-ClosedLoopAlpha,Walker2d-v4,4
8432,reward,380,2.6899634036024165,-0.045,P3O-ClosedLoopAlpha,Walker2d-v4,4
8453,reward,381,6.311369560452649,-0.223,P3O-ClosedLoopAlpha,Walker2d-v4,4
8479,reward,382,10.843302579128906,0.518,P3O-ClosedLoopAlpha,Walker2d-v4,4
8506,reward,383,-1.4543088793786236,-0.512,P3O-ClosedLoopAlpha,Walker2d-v4,4
8535,reward,384,1.0136198455903183,0.191,P3O-ClosedLoopAlpha,Walker2d-v4,4
8563,reward,385,-0.8798919587082361,0.813,P3O-ClosedLoopAlpha,Walker2d-v4,4
8593,reward,386,-0.2788917338552861,0.388,P3O-ClosedLoopAlpha,Walker2d-v4,4
8624,reward,387,5.650652575737394,1.943,P3O-ClosedLoopAlpha,Walker2d-v4,4
8647,reward,388,-4.1655170704349445,1.769,P3O-ClosedLoopAlpha,Walker2d-v4,4
8667,reward,389,-5.662672890010737,1.407,P3O-ClosedLoopAlpha,Walker2d-v4,4
8694,reward,390,-2.3428704844504105,0.903,P3O-ClosedLoopAlpha,Walker2d-v4,4
8728,reward,391,0.46204201336371753,0.319,P3O-ClosedLoopAlpha,Walker2d-v4,4
8792,reward,392,18.191012835177013,1.053,P3O-ClosedLoopAlpha,Walker2d-v4,4
8815,reward,393,-2.2238741186405013,0.976,P3O-ClosedLoopAlpha,Walker2d-v4,4
8834,reward,394,-5.327193710305975,0.342,P3O-ClosedLoopAlpha,Walker2d-v4,4
8893,reward,395,-5.318449625348746,-0.102,P3O-ClosedLoopAlpha,Walker2d-v4,4
8913,reward,396,7.547820396859475,0.681,P3O-ClosedLoopAlpha,Walker2d-v4,4
8932,reward,397,-5.0391509731200275,-0.388,P3O-ClosedLoopAlpha,Walker2d-v4,4
8971,reward,398,7.454534264619475,0.774,P3O-ClosedLoopAlpha,Walker2d-v4,4
8991,reward,399,-3.9667352226431714,0.944,P3O-ClosedLoopAlpha,Walker2d-v4,4
9030,reward,400,13.931000882885844,2.571,P3O-ClosedLoopAlpha,Walker2d-v4,4
9071,reward,401,4.940945264463486,3.019,P3O-ClosedLoopAlpha,Walker2d-v4,4
9098,reward,402,-2.0173606827327126,0.998,P3O-ClosedLoopAlpha,Walker2d-v4,4
9145,reward,403,16.469969129785106,2.868,P3O-ClosedLoopAlpha,Walker2d-v4,4
9168,reward,404,0.9190238123118588,3.492,P3O-ClosedLoopAlpha,Walker2d-v4,4
9185,reward,405,-9.274528565126252,3.097,P3O-ClosedLoopAlpha,Walker2d-v4,4
9202,reward,406,-8.715504627954736,1.47,P3O-ClosedLoopAlpha,Walker2d-v4,4
9222,reward,407,1.4762530394782392,2.122,P3O-ClosedLoopAlpha,Walker2d-v4,4
9257,reward,408,11.727856096289047,2.549,P3O-ClosedLoopAlpha,Walker2d-v4,4
9272,reward,409,0.6255777551000016,3.008,P3O-ClosedLoopAlpha,Walker2d-v4,4
9302,reward,410,-6.249703639664766,0.99,P3O-ClosedLoopAlpha,Walker2d-v4,4
9314,reward,411,-1.677655716332181,0.328,P3O-ClosedLoopAlpha,Walker2d-v4,4
9334,reward,412,-5.657085420135112,-0.036,P3O-ClosedLoopAlpha,Walker2d-v4,4
9372,reward,413,13.289695910011671,-0.354,P3O-ClosedLoopAlpha,Walker2d-v4,4
9398,reward,414,3.8239942127389583,-0.063,P3O-ClosedLoopAlpha,Walker2d-v4,4
9412,reward,415,-3.3190516270348986,0.532,P3O-ClosedLoopAlpha,Walker2d-v4,4
9438,reward,416,0.22388119589501465,1.426,P3O-ClosedLoopAlpha,Walker2d-v4,4
9459,reward,417,3.7028074794597874,1.649,P3O-ClosedLoopAlpha,Walker2d-v4,4
9483,reward,418,-4.076454376803099,0.069,P3O-ClosedLoopAlpha,Walker2d-v4,4
9506,reward,419,-2.982851813818753,-0.292,P3O-ClosedLoopAlpha,Walker2d-v4,4
9527,reward,420,-6.603678868438024,-0.328,P3O-ClosedLoopAlpha,Walker2d-v4,4
9549,reward,421,15.331246018969791,1.373,P3O-ClosedLoopAlpha,Walker2d-v4,4
9574,reward,422,-1.2479453508230514,1.814,P3O-ClosedLoopAlpha,Walker2d-v4,4
9593,reward,423,-3.8750886251296937,0.098,P3O-ClosedLoopAlpha,Walker2d-v4,4
9613,reward,424,7.556787553112812,0.471,P3O-ClosedLoopAlpha,Walker2d-v4,4
9629,reward,425,-1.382832495359371,0.665,P3O-ClosedLoopAlpha,Walker2d-v4,4
9662,reward,426,4.884947498645495,1.131,P3O-ClosedLoopAlpha,Walker2d-v4,4
9691,reward,427,2.3083183798700833,0.991,P3O-ClosedLoopAlpha,Walker2d-v4,4
9726,reward,428,7.127116543095874,2.112,P3O-ClosedLoopAlpha,Walker2d-v4,4
9752,reward,429,-2.0708667777169025,2.203,P3O-ClosedLoopAlpha,Walker2d-v4,4
9779,reward,430,8.376765660407274,3.701,P3O-ClosedLoopAlpha,Walker2d-v4,4
9792,reward,431,2.193287575172531,2.387,P3O-ClosedLoopAlpha,Walker2d-v4,4
9808,reward,432,0.4215285078664448,2.554,P3O-ClosedLoopAlpha,Walker2d-v4,4
9841,reward,433,4.789117934157939,3.42,P3O-ClosedLoopAlpha,Walker2d-v4,4
9851,reward,434,0.06020674559404049,2.671,P3O-ClosedLoopAlpha,Walker2d-v4,4
9877,reward,435,-1.4230236942382106,2.667,P3O-ClosedLoopAlpha,Walker2d-v4,4
9894,reward,436,-6.476340212534609,1.531,P3O-ClosedLoopAlpha,Walker2d-v4,4
9916,reward,437,-5.4784232971215125,0.752,P3O-ClosedLoopAlpha,Walker2d-v4,4
9928,reward,438,1.7992741695532346,0.219,P3O-ClosedLoopAlpha,Walker2d-v4,4
9949,reward,439,-5.7595983211795865,-0.15,P3O-ClosedLoopAlpha,Walker2d-v4,4
9982,reward,440,18.07946308999338,0.821,P3O-ClosedLoopAlpha,Walker2d-v4,4
10000,speed,1893.97,0.09,P3O-ClosedLoopAlpha,Walker2d-v4,4
10004,reward,441,-2.0048701025436646,0.401,P3O-ClosedLoopAlpha,Walker2d-v4,4
10021,reward,442,-8.51066894880505,-0.492,P3O-ClosedLoopAlpha,Walker2d-v4,4
10047,reward,443,0.05743050254831106,-0.966,P3O-ClosedLoopAlpha,Walker2d-v4,4
10061,reward,444,2.423908003753879,-0.729,P3O-ClosedLoopAlpha,Walker2d-v4,4
10080,reward,445,-0.6056201752300754,-0.648,P3O-ClosedLoopAlpha,Walker2d-v4,4
10123,reward,446,3.1686105272339686,0.317,P3O-ClosedLoopAlpha,Walker2d-v4,4
10146,reward,447,-0.18209869205487728,0.847,P3O-ClosedLoopAlpha,Walker2d-v4,4
10189,reward,448,15.324360370587689,2.199,P3O-ClosedLoopAlpha,Walker2d-v4,4
10203,reward,449,-10.913094891091262,1.684,P3O-ClosedLoopAlpha,Walker2d-v4,4
10237,reward,450,10.837776561674698,0.96,P3O-ClosedLoopAlpha,Walker2d-v4,4
10263,reward,451,4.188577163263773,1.579,P3O-ClosedLoopAlpha,Walker2d-v4,4
10290,reward,452,5.160182728986338,2.946,P3O-ClosedLoopAlpha,Walker2d-v4,4
10313,reward,453,-7.96915784306713,2.143,P3O-ClosedLoopAlpha,Walker2d-v4,4
10331,reward,454,4.471800591622174,2.348,P3O-ClosedLoopAlpha,Walker2d-v4,4
10359,reward,455,13.963204400652206,3.805,P3O-ClosedLoopAlpha,Walker2d-v4,4
10381,reward,456,-5.526229858848614,2.936,P3O-ClosedLoopAlpha,Walker2d-v4,4
10427,reward,457,16.019118745379618,4.556,P3O-ClosedLoopAlpha,Walker2d-v4,4
10458,reward,458,10.519377767916357,4.075,P3O-ClosedLoopAlpha,Walker2d-v4,4
10467,reward,459,-0.6213851762527801,5.104,P3O-ClosedLoopAlpha,Walker2d-v4,4
10485,reward,460,-2.787575902601866,3.742,P3O-ClosedLoopAlpha,Walker2d-v4,4
10511,reward,461,5.005722499731136,3.824,P3O-ClosedLoopAlpha,Walker2d-v4,4
10547,reward,462,19.134398739144984,5.221,P3O-ClosedLoopAlpha,Walker2d-v4,4
10574,reward,463,0.7533429258949955,6.093,P3O-ClosedLoopAlpha,Walker2d-v4,4
10589,reward,464,5.257490742276946,6.172,P3O-ClosedLoopAlpha,Walker2d-v4,4
10613,reward,465,5.413185368230545,5.317,P3O-ClosedLoopAlpha,Walker2d-v4,4
10636,reward,466,6.817614208517268,6.551,P3O-ClosedLoopAlpha,Walker2d-v4,4
10663,reward,467,-2.4380616358102674,4.705,P3O-ClosedLoopAlpha,Walker2d-v4,4
10687,reward,468,5.817074322201348,4.235,P3O-ClosedLoopAlpha,Walker2d-v4,4
10712,reward,469,9.64121000651483,5.261,P3O-ClosedLoopAlpha,Walker2d-v4,4
10732,reward,470,-2.052693568878981,5.335,P3O-ClosedLoopAlpha,Walker2d-v4,4
10758,reward,471,1.608266395569631,4.995,P3O-ClosedLoopAlpha,Walker2d-v4,4
10784,reward,472,-2.121150948253306,2.87,P3O-ClosedLoopAlpha,Walker2d-v4,4
10803,reward,473,0.7432175925780187,2.869,P3O-ClosedLoopAlpha,Walker2d-v4,4
10828,reward,474,10.080598022557416,3.351,P3O-ClosedLoopAlpha,Walker2d-v4,4
10857,reward,475,1.4478037969571889,2.954,P3O-ClosedLoopAlpha,Walker2d-v4,4
10869,reward,476,-6.0237009757799,1.67,P3O-ClosedLoopAlpha,Walker2d-v4,4
10887,reward,477,-9.113054337616912,1.003,P3O-ClosedLoopAlpha,Walker2d-v4,4
10910,reward,478,1.9586134917595406,0.617,P3O-ClosedLoopAlpha,Walker2d-v4,4
10935,reward,479,2.802492388036642,-0.067,P3O-ClosedLoopAlpha,Walker2d-v4,4
10962,reward,480,-8.820507775625572,-0.744,P3O-ClosedLoopAlpha,Walker2d-v4,4
10986,reward,481,7.96076842774137,-0.108,P3O-ClosedLoopAlpha,Walker2d-v4,4
11019,reward,482,9.447987250844502,1.048,P3O-ClosedLoopAlpha,Walker2d-v4,4
11062,reward,483,-7.162462028272919,0.258,P3O-ClosedLoopAlpha,Walker2d-v4,4
11072,reward,484,-3.3664677928029376,-1.087,P3O-ClosedLoopAlpha,Walker2d-v4,4
11130,reward,485,5.282559298693217,-0.703,P3O-ClosedLoopAlpha,Walker2d-v4,4
11145,reward,486,-1.5672594177904566,-0.258,P3O-ClosedLoopAlpha,Walker2d-v4,4
11171,reward,487,-1.5569732917396508,0.498,P3O-ClosedLoopAlpha,Walker2d-v4,4
11205,reward,488,4.760263371222246,0.778,P3O-ClosedLoopAlpha,Walker2d-v4,4
11221,reward,489,7.982528249119123,1.296,P3O-ClosedLoopAlpha,Walker2d-v4,4
11263,reward,490,25.3520439091106,4.713,P3O-ClosedLoopAlpha,Walker2d-v4,4
11294,reward,491,20.38778976054283,5.956,P3O-ClosedLoopAlpha,Walker2d-v4,4
11330,reward,492,11.56898797344776,6.168,P3O-ClosedLoopAlpha,Walker2d-v4,4
11351,reward,493,3.4264733142068176,7.227,P3O-ClosedLoopAlpha,Walker2d-v4,4
11401,reward,494,14.514703967054954,9.015,P3O-ClosedLoopAlpha,Walker2d-v4,4
11425,reward,495,-1.9174976787568354,8.295,P3O-ClosedLoopAlpha,Walker2d-v4,4
11441,reward,496,5.2194546682362475,8.974,P3O-ClosedLoopAlpha,Walker2d-v4,4
11462,reward,497,-2.2361830960589204,8.906,P3O-ClosedLoopAlpha,Walker2d-v4,4
11504,reward,498,18.1490303386489,10.245,P3O-ClosedLoopAlpha,Walker2d-v4,4
11523,reward,499,3.015426880398847,9.748,P3O-ClosedLoopAlpha,Walker2d-v4,4
11544,reward,500,10.529800531311047,8.266,P3O-ClosedLoopAlpha,Walker2d-v4,4
11574,reward,501,9.354538863184032,7.162,P3O-ClosedLoopAlpha,Walker2d-v4,4
11603,reward,502,15.851925449323167,7.591,P3O-ClosedLoopAlpha,Walker2d-v4,4
11636,reward,503,9.461970263975795,8.194,P3O-ClosedLoopAlpha,Walker2d-v4,4
11655,reward,504,9.189144675303472,7.662,P3O-ClosedLoopAlpha,Walker2d-v4,4
11689,reward,505,9.13096380670092,8.767,P3O-ClosedLoopAlpha,Walker2d-v4,4
11725,reward,506,2.9003113675252594,8.535,P3O-ClosedLoopAlpha,Walker2d-v4,4
11737,reward,507,2.9991661008698194,9.058,P3O-ClosedLoopAlpha,Walker2d-v4,4
11766,reward,508,-2.122339590193012,7.031,P3O-ClosedLoopAlpha,Walker2d-v4,4
11793,reward,509,2.671684032682244,6.997,P3O-ClosedLoopAlpha,Walker2d-v4,4
11818,reward,510,-5.519058253148704,5.392,P3O-ClosedLoopAlpha,Walker2d-v4,4
11836,reward,511,-1.6283199413085874,4.294,P3O-ClosedLoopAlpha,Walker2d-v4,4
11865,reward,512,12.537019036518682,3.962,P3O-ClosedLoopAlpha,Walker2d-v4,4
11904,reward,513,18.400489474274323,4.856,P3O-ClosedLoopAlpha,Walker2d-v4,4
11989,reward,514,60.09483763587601,9.946,P3O-ClosedLoopAlpha,Walker2d-v4,4
12019,reward,515,-1.3123077782322121,8.902,P3O-ClosedLoopAlpha,Walker2d-v4,4
12057,reward,516,10.844808437411114,9.697,P3O-ClosedLoopAlpha,Walker2d-v4,4
12079,reward,517,5.767870009281359,9.973,P3O-ClosedLoopAlpha,Walker2d-v4,4
12102,reward,518,-4.6550213231160225,9.72,P3O-ClosedLoopAlpha,Walker2d-v4,4
12139,reward,519,4.950058720923762,9.948,P3O-ClosedLoopAlpha,Walker2d-v4,4
12161,reward,520,4.99887757997364,11.0,P3O-ClosedLoopAlpha,Walker2d-v4,4
12199,reward,521,16.333141586207738,12.796,P3O-ClosedLoopAlpha,Walker2d-v4,4
12220,reward,522,-7.793327061141698,10.763,P3O-ClosedLoopAlpha,Walker2d-v4,4
12249,reward,523,-3.399338047578034,8.583,P3O-ClosedLoopAlpha,Walker2d-v4,4
12276,reward,524,5.3991754310339575,3.113,P3O-ClosedLoopAlpha,Walker2d-v4,4
12299,reward,525,9.004523617033096,4.145,P3O-ClosedLoopAlpha,Walker2d-v4,4
12319,reward,526,-7.218507091302631,2.339,P3O-ClosedLoopAlpha,Walker2d-v4,4
12346,reward,527,3.0187386173961537,2.064,P3O-ClosedLoopAlpha,Walker2d-v4,4
12369,reward,528,-4.360238103805923,2.093,P3O-ClosedLoopAlpha,Walker2d-v4,4
12399,reward,529,15.210174331305712,3.119,P3O-ClosedLoopAlpha,Walker2d-v4,4
12436,reward,530,9.267880561518629,3.546,P3O-ClosedLoopAlpha,Walker2d-v4,4
12459,reward,531,-3.3228012937376827,1.581,P3O-ClosedLoopAlpha,Walker2d-v4,4
12507,reward,532,10.758289274436132,3.436,P3O-ClosedLoopAlpha,Walker2d-v4,4
12534,reward,533,5.164506443087252,4.292,P3O-ClosedLoopAlpha,Walker2d-v4,4
12566,reward,534,4.690501530606202,4.221,P3O-ClosedLoopAlpha,Walker2d-v4,4
12584,reward,535,7.036160884058475,4.024,P3O-ClosedLoopAlpha,Walker2d-v4,4
12597,reward,536,1.7163478136025994,4.918,P3O-ClosedLoopAlpha,Walker2d-v4,4
12629,reward,537,-0.46991548311427944,4.569,P3O-ClosedLoopAlpha,Walker2d-v4,4
12643,reward,538,0.9331397760316457,5.098,P3O-ClosedLoopAlpha,Walker2d-v4,4
12662,reward,539,-3.0690859524390315,3.271,P3O-ClosedLoopAlpha,Walker2d-v4,4
12685,reward,540,6.101902724645201,2.954,P3O-ClosedLoopAlpha,Walker2d-v4,4
12703,reward,541,-4.1072051317692,2.875,P3O-ClosedLoopAlpha,Walker2d-v4,4
12726,reward,542,-5.3301817012256345,1.267,P3O-ClosedLoopAlpha,Walker2d-v4,4
12740,reward,543,-2.4780833493705186,0.502,P3O-ClosedLoopAlpha,Walker2d-v4,4
12765,reward,544,4.320400240306683,0.465,P3O-ClosedLoopAlpha,Walker2d-v4,4
12780,reward,545,-0.9861881713007974,-0.337,P3O-ClosedLoopAlpha,Walker2d-v4,4
12816,reward,546,5.686355146780375,0.06,P3O-ClosedLoopAlpha,Walker2d-v4,4
12838,reward,547,1.6395424829847016,0.271,P3O-ClosedLoopAlpha,Walker2d-v4,4
12853,reward,548,-4.10361434882075,-0.233,P3O-ClosedLoopAlpha,Walker2d-v4,4
12870,reward,549,-0.6522499231220966,0.009,P3O-ClosedLoopAlpha,Walker2d-v4,4
12880,reward,550,0.11100961885052552,-0.59,P3O-ClosedLoopAlpha,Walker2d-v4,4
12901,reward,551,-5.180699212825557,-0.697,P3O-ClosedLoopAlpha,Walker2d-v4,4
12925,reward,552,4.544794579248524,0.29,P3O-ClosedLoopAlpha,Walker2d-v4,4
12982,reward,553,4.17173402177683,0.955,P3O-ClosedLoopAlpha,Walker2d-v4,4
12998,reward,554,-6.7881838503763285,-0.156,P3O-ClosedLoopAlpha,Walker2d-v4,4
13033,reward,555,6.460513306687037,0.589,P3O-ClosedLoopAlpha,Walker2d-v4,4
13069,reward,556,4.553303967117763,0.476,P3O-ClosedLoopAlpha,Walker2d-v4,4
13081,reward,557,-7.629479115569682,-0.451,P3O-ClosedLoopAlpha,Walker2d-v4,4
13093,reward,558,-1.1920521945050115,-0.16,P3O-ClosedLoopAlpha,Walker2d-v4,4
13124,reward,559,9.979156746861298,0.903,P3O-ClosedLoopAlpha,Walker2d-v4,4
13146,reward,560,0.9766872028846336,0.99,P3O-ClosedLoopAlpha,Walker2d-v4,4
13173,reward,561,-1.9380915203120581,1.314,P3O-ClosedLoopAlpha,Walker2d-v4,4
13206,reward,562,7.166572717504265,1.576,P3O-ClosedLoopAlpha,Walker2d-v4,4
13253,reward,563,17.667570103734796,2.926,P3O-ClosedLoopAlpha,Walker2d-v4,4
13277,reward,564,6.901267307273689,4.295,P3O-ClosedLoopAlpha,Walker2d-v4,4
13299,reward,565,-3.558804723497059,3.293,P3O-ClosedLoopAlpha,Walker2d-v4,4
13317,reward,566,-1.9305556833183428,2.644,P3O-ClosedLoopAlpha,Walker2d-v4,4
13335,reward,567,-9.208752142542815,2.486,P3O-ClosedLoopAlpha,Walker2d-v4,4
13371,reward,568,15.535958582037763,4.159,P3O-ClosedLoopAlpha,Walker2d-v4,4
13399,reward,569,8.32937641214424,3.994,P3O-ClosedLoopAlpha,Walker2d-v4,4
13427,reward,570,0.25715685854764136,3.922,P3O-ClosedLoopAlpha,Walker2d-v4,4
13455,reward,571,3.048034061793538,4.421,P3O-ClosedLoopAlpha,Walker2d-v4,4
13474,reward,572,-7.061363632027851,2.998,P3O-ClosedLoopAlpha,Walker2d-v4,4
13513,reward,573,1.9590687406899068,1.427,P3O-ClosedLoopAlpha,Walker2d-v4,4
13531,reward,574,7.969870088204796,1.534,P3O-ClosedLoopAlpha,Walker2d-v4,4
13553,reward,575,-3.130491322019377,1.577,P3O-ClosedLoopAlpha,Walker2d-v4,4
13567,reward,576,-2.646865019350036,1.505,P3O-ClosedLoopAlpha,Walker2d-v4,4
13585,reward,577,4.724964530799971,2.899,P3O-ClosedLoopAlpha,Walker2d-v4,4
13609,reward,578,0.7679863762447519,1.422,P3O-ClosedLoopAlpha,Walker2d-v4,4
13633,reward,579,-5.751507642201566,0.014,P3O-ClosedLoopAlpha,Walker2d-v4,4
13646,reward,580,-2.951369837131538,-0.307,P3O-ClosedLoopAlpha,Walker2d-v4,4
13672,reward,581,-2.9630167485548684,-0.908,P3O-ClosedLoopAlpha,Walker2d-v4,4
13701,reward,582,2.936448288990877,0.092,P3O-ClosedLoopAlpha,Walker2d-v4,4
13727,reward,583,6.187064067228466,0.514,P3O-ClosedLoopAlpha,Walker2d-v4,4
13743,reward,584,-9.580405255709112,-1.241,P3O-ClosedLoopAlpha,Walker2d-v4,4
13773,reward,585,4.613816979997752,-0.466,P3O-ClosedLoopAlpha,Walker2d-v4,4
13801,reward,586,8.308558133253525,0.629,P3O-ClosedLoopAlpha,Walker2d-v4,4
13827,reward,587,5.241070155302671,0.681,P3O-ClosedLoopAlpha,Walker2d-v4,4
13841,reward,588,-8.353160283449343,-0.231,P3O-ClosedLoopAlpha,Walker2d-v4,4
13858,reward,589,-0.004484176500557657,0.343,P3O-ClosedLoopAlpha,Walker2d-v4,4
13879,reward,590,2.8499200041652024,0.924,P3O-ClosedLoopAlpha,Walker2d-v4,4
13897,reward,591,1.6515111040332324,1.385,P3O-ClosedLoopAlpha,Walker2d-v4,4
13916,reward,592,-4.106258584073353,0.681,P3O-ClosedLoopAlpha,Walker2d-v4,4
13936,reward,593,7.25919994116318,0.788,P3O-ClosedLoopAlpha,Walker2d-v4,4
13955,reward,594,-4.265994107205856,1.319,P3O-ClosedLoopAlpha,Walker2d-v4,4
13973,reward,595,6.329414685938835,1.491,P3O-ClosedLoopAlpha,Walker2d-v4,4
13998,reward,596,0.8671955705369567,0.747,P3O-ClosedLoopAlpha,Walker2d-v4,4
14024,reward,597,-0.16626701935594235,0.206,P3O-ClosedLoopAlpha,Walker2d-v4,4
14048,reward,598,-8.263652564925037,0.215,P3O-ClosedLoopAlpha,Walker2d-v4,4
14060,reward,599,-1.6572359065336684,0.05,P3O-ClosedLoopAlpha,Walker2d-v4,4
14086,reward,600,2.5331624658863614,0.018,P3O-ClosedLoopAlpha,Walker2d-v4,4
14099,reward,601,-3.415291073203349,-0.489,P3O-ClosedLoopAlpha,Walker2d-v4,4
14115,reward,602,5.957554677542747,0.518,P3O-ClosedLoopAlpha,Walker2d-v4,4
14133,reward,603,-2.0960901479200515,-0.418,P3O-ClosedLoopAlpha,Walker2d-v4,4
14175,reward,604,1.8185252477203693,0.191,P3O-ClosedLoopAlpha,Walker2d-v4,4
14202,reward,605,-0.5222320679490361,-0.494,P3O-ClosedLoopAlpha,Walker2d-v4,4
14222,reward,606,-2.099911106858004,-0.791,P3O-ClosedLoopAlpha,Walker2d-v4,4
14248,reward,607,0.9713450646741255,-0.677,P3O-ClosedLoopAlpha,Walker2d-v4,4
14284,reward,608,9.553175362041403,1.104,P3O-ClosedLoopAlpha,Walker2d-v4,4
14299,reward,609,3.2569638248425985,1.596,P3O-ClosedLoopAlpha,Walker2d-v4,4
14319,reward,610,0.7461592748411524,1.417,P3O-ClosedLoopAlpha,Walker2d-v4,4
14341,reward,611,-3.857608128309746,1.373,P3O-ClosedLoopAlpha,Walker2d-v4,4
14367,reward,612,-1.3844029783740894,0.639,P3O-ClosedLoopAlpha,Walker2d-v4,4
14396,reward,613,3.4203204172736115,1.19,P3O-ClosedLoopAlpha,Walker2d-v4,4
14413,reward,614,-5.107455652534872,0.498,P3O-ClosedLoopAlpha,Walker2d-v4,4
14433,reward,615,-3.357886461345371,0.214,P3O-ClosedLoopAlpha,Walker2d-v4,4
14469,reward,616,8.644014165734118,1.288,P3O-ClosedLoopAlpha,Walker2d-v4,4
14489,reward,617,3.091219321806104,1.5,P3O-ClosedLoopAlpha,Walker2d-v4,4
14507,reward,618,-5.563732549418317,-0.011,P3O-ClosedLoopAlpha,Walker2d-v4,4
14550,reward,619,-0.6010586404864933,-0.397,P3O-ClosedLoopAlpha,Walker2d-v4,4
14576,reward,620,3.1734864124211803,-0.154,P3O-ClosedLoopAlpha,Walker2d-v4,4
14595,reward,621,-6.091099060496367,-0.378,P3O-ClosedLoopAlpha,Walker2d-v4,4
14638,reward,622,23.56371284770021,2.117,P3O-ClosedLoopAlpha,Walker2d-v4,4
14650,reward,623,-2.6352996326456952,1.512,P3O-ClosedLoopAlpha,Walker2d-v4,4
14672,reward,624,5.971000516179963,2.619,P3O-ClosedLoopAlpha,Walker2d-v4,4
14707,reward,625,21.83668127080371,5.139,P3O-ClosedLoopAlpha,Walker2d-v4,4
14724,reward,626,-5.637423718433393,3.711,P3O-ClosedLoopAlpha,Walker2d-v4,4
14738,reward,627,2.487759195815867,3.65,P3O-ClosedLoopAlpha,Walker2d-v4,4
14761,reward,628,-1.6816549156139062,4.039,P3O-ClosedLoopAlpha,Walker2d-v4,4
14774,reward,629,-1.2947490053999318,3.969,P3O-ClosedLoopAlpha,Walker2d-v4,4
14801,reward,630,6.798095832312267,4.332,P3O-ClosedLoopAlpha,Walker2d-v4,4
14817,reward,631,-1.5147161481874296,4.789,P3O-ClosedLoopAlpha,Walker2d-v4,4
14834,reward,632,0.616512294742473,2.495,P3O-ClosedLoopAlpha,Walker2d-v4,4
14864,reward,633,0.8339468238502246,2.842,P3O-ClosedLoopAlpha,Walker2d-v4,4
14886,reward,634,3.612713511096013,2.606,P3O-ClosedLoopAlpha,Walker2d-v4,4
14925,reward,635,7.577454273358172,1.18,P3O-ClosedLoopAlpha,Walker2d-v4,4
14941,reward,636,7.837957044009039,2.527,P3O-ClosedLoopAlpha,Walker2d-v4,4
14954,reward,637,-4.2732716316960655,1.851,P3O-ClosedLoopAlpha,Walker2d-v4,4
14989,reward,638,11.014967428979919,3.121,P3O-ClosedLoopAlpha,Walker2d-v4,4
15012,reward,639,-10.768041389702876,2.174,P3O-ClosedLoopAlpha,Walker2d-v4,4
15027,reward,640,2.640161815212745,1.758,P3O-ClosedLoopAlpha,Walker2d-v4,4
15043,reward,641,1.6494273253243021,2.074,P3O-ClosedLoopAlpha,Walker2d-v4,4
15072,reward,642,-0.4551258870800101,1.967,P3O-ClosedLoopAlpha,Walker2d-v4,4
15100,reward,643,11.663339055955174,3.05,P3O-ClosedLoopAlpha,Walker2d-v4,4
15123,reward,644,-8.351338608804545,1.854,P3O-ClosedLoopAlpha,Walker2d-v4,4
15163,reward,645,5.863139906240985,1.682,P3O-ClosedLoopAlpha,Walker2d-v4,4
15188,reward,646,-6.372470525502766,0.261,P3O-ClosedLoopAlpha,Walker2d-v4,4
15206,reward,647,-4.12271372442809,0.276,P3O-ClosedLoopAlpha,Walker2d-v4,4
15231,reward,648,3.132109800608169,-0.512,P3O-ClosedLoopAlpha,Walker2d-v4,4
15274,reward,649,6.1405682230138545,1.179,P3O-ClosedLoopAlpha,Walker2d-v4,4
15300,reward,650,15.259843050569428,2.441,P3O-ClosedLoopAlpha,Walker2d-v4,4
15328,reward,651,0.7215566393887389,2.348,P3O-ClosedLoopAlpha,Walker2d-v4,4
15360,reward,652,-2.3727624234401414,2.156,P3O-ClosedLoopAlpha,Walker2d-v4,4
15380,reward,653,-6.915961229281342,0.298,P3O-ClosedLoopAlpha,Walker2d-v4,4
15405,reward,654,-2.7344351564720757,0.86,P3O-ClosedLoopAlpha,Walker2d-v4,4
15423,reward,655,3.151850057163607,0.589,P3O-ClosedLoopAlpha,Walker2d-v4,4
15442,reward,656,7.240098738981079,1.95,P3O-ClosedLoopAlpha,Walker2d-v4,4
15462,reward,657,8.667990216366915,3.229,P3O-ClosedLoopAlpha,Walker2d-v4,4
15479,reward,658,-7.403611692613042,2.176,P3O-ClosedLoopAlpha,Walker2d-v4,4
15519,reward,659,14.485930093624866,3.01,P3O-ClosedLoopAlpha,Walker2d-v4,4
15535,reward,660,-2.1979089010132657,1.264,P3O-ClosedLoopAlpha,Walker2d-v4,4
15558,reward,661,-0.22134152951214592,1.17,P3O-ClosedLoopAlpha,Walker2d-v4,4
15599,reward,662,-2.0335661817792343,1.204,P3O-ClosedLoopAlpha,Walker2d-v4,4
15633,reward,663,-3.5628783161768727,1.539,P3O-ClosedLoopAlpha,Walker2d-v4,4
15654,reward,664,-2.206252723326436,1.592,P3O-ClosedLoopAlpha,Walker2d-v4,4
15675,reward,665,-4.687062685286598,0.808,P3O-ClosedLoopAlpha,Walker2d-v4,4
15691,reward,666,-7.0298830238290035,-0.619,P3O-ClosedLoopAlpha,Walker2d-v4,4
15724,reward,667,0.5549336068940645,-1.43,P3O-ClosedLoopAlpha,Walker2d-v4,4
15749,reward,668,-1.3571550007697968,-0.826,P3O-ClosedLoopAlpha,Walker2d-v4,4
15792,reward,669,19.827992769161362,-0.291,P3O-ClosedLoopAlpha,Walker2d-v4,4
15816,reward,670,-4.708005338528541,-0.542,P3O-ClosedLoopAlpha,Walker2d-v4,4
15842,reward,671,4.544126980692693,-0.066,P3O-ClosedLoopAlpha,Walker2d-v4,4
15858,reward,672,2.53503038614056,0.391,P3O-ClosedLoopAlpha,Walker2d-v4,4
15900,reward,673,11.243569413273498,1.872,P3O-ClosedLoopAlpha,Walker2d-v4,4
15930,reward,674,-0.2457838511634649,2.068,P3O-ClosedLoopAlpha,Walker2d-v4,4
15950,reward,675,-6.879090063911516,1.849,P3O-ClosedLoopAlpha,Walker2d-v4,4
15993,reward,676,13.40167709140659,3.892,P3O-ClosedLoopAlpha,Walker2d-v4,4
16025,reward,677,4.746555415296015,4.311,P3O-ClosedLoopAlpha,Walker2d-v4,4
16047,reward,678,-4.303049919940618,4.016,P3O-ClosedLoopAlpha,Walker2d-v4,4
16061,reward,679,1.3292968032983477,2.166,P3O-ClosedLoopAlpha,Walker2d-v4,4
16099,reward,680,-2.865228848856504,2.351,P3O-ClosedLoopAlpha,Walker2d-v4,4
16119,reward,681,12.324131220599153,3.129,P3O-ClosedLoopAlpha,Walker2d-v4,4
16149,reward,682,2.967044038450393,3.172,P3O-ClosedLoopAlpha,Walker2d-v4,4
16180,reward,683,2.529109151852308,2.3,P3O-ClosedLoopAlpha,Walker2d-v4,4
16201,reward,684,2.121545683215757,2.537,P3O-ClosedLoopAlpha,Walker2d-v4,4
16218,reward,685,6.2289572080995645,3.848,P3O-ClosedLoopAlpha,Walker2d-v4,4
16247,reward,686,6.701758910580284,3.178,P3O-ClosedLoopAlpha,Walker2d-v4,4
16273,reward,687,10.318966646112422,3.735,P3O-ClosedLoopAlpha,Walker2d-v4,4
16293,reward,688,-8.096194088917319,3.356,P3O-ClosedLoopAlpha,Walker2d-v4,4
16321,reward,689,0.5575165405777798,3.279,P3O-ClosedLoopAlpha,Walker2d-v4,4
16342,reward,690,3.2269972684513415,3.888,P3O-ClosedLoopAlpha,Walker2d-v4,4
16368,reward,691,8.603540572310884,3.516,P3O-ClosedLoopAlpha,Walker2d-v4,4
16384,loss,-0.07872147858142853,0.21489793062210083,P3O-ClosedLoopAlpha,Walker2d-v4,4
16385,reward,692,2.4345475378736383,3.463,P3O-ClosedLoopAlpha,Walker2d-v4,4
16418,reward,693,20.152024183799284,5.225,P3O-ClosedLoopAlpha,Walker2d-v4,4
16455,reward,694,17.95698364357216,6.809,P3O-ClosedLoopAlpha,Walker2d-v4,4
16503,reward,695,2.5402727090569748,6.44,P3O-ClosedLoopAlpha,Walker2d-v4,4
16525,reward,696,0.17131543358392165,5.787,P3O-ClosedLoopAlpha,Walker2d-v4,4
16582,reward,697,-15.582343768198244,3.196,P3O-ClosedLoopAlpha,Walker2d-v4,4
16613,reward,698,8.661559615840039,4.872,P3O-ClosedLoopAlpha,Walker2d-v4,4
16641,reward,699,6.103169744897384,5.427,P3O-ClosedLoopAlpha,Walker2d-v4,4
16695,reward,700,0.8155047782223703,5.186,P3O-ClosedLoopAlpha,Walker2d-v4,4
16722,reward,701,5.007831479067887,4.826,P3O-ClosedLoopAlpha,Walker2d-v4,4
16770,reward,702,3.8194314365176725,4.965,P3O-ClosedLoopAlpha,Walker2d-v4,4
16800,reward,703,1.9681309588165243,3.146,P3O-ClosedLoopAlpha,Walker2d-v4,4
16830,reward,704,4.582494010898534,1.809,P3O-ClosedLoopAlpha,Walker2d-v4,4
16856,reward,705,0.4881743242989949,1.604,P3O-ClosedLoopAlpha,Walker2d-v4,4
16879,reward,706,12.434108682794268,2.83,P3O-ClosedLoopAlpha,Walker2d-v4,4
16926,reward,707,13.009794615691836,5.689,P3O-ClosedLoopAlpha,Walker2d-v4,4
16943,reward,708,-1.2683621951868516,4.696,P3O-ClosedLoopAlpha,Walker2d-v4,4
16971,reward,709,1.746119010626828,4.26,P3O-ClosedLoopAlpha,Walker2d-v4,4
17005,reward,710,12.268317416955052,5.406,P3O-ClosedLoopAlpha,Walker2d-v4,4
17027,reward,711,2.6148853119919613,5.166,P3O-ClosedLoopAlpha,Walker2d-v4,4
17068,reward,712,8.57115471503945,5.641,P3O-ClosedLoopAlpha,Walker2d-v4,4
17084,reward,713,-7.093805252245183,4.735,P3O-ClosedLoopAlpha,Walker2d-v4,4
17108,reward,714,-1.404437655718059,4.137,P3O-ClosedLoopAlpha,Walker2d-v4,4
17143,reward,715,9.644281602483701,5.052,P3O-ClosedLoopAlpha,Walker2d-v4,4
17173,reward,716,13.735777005777802,5.182,P3O-ClosedLoopAlpha,Walker2d-v4,4
17217,reward,717,-0.43473126088874714,3.838,P3O-ClosedLoopAlpha,Walker2d-v4,4
17258,reward,718,9.457300920043721,4.91,P3O-ClosedLoopAlpha,Walker2d-v4,4
17279,reward,719,-1.4160446757333378,4.594,P3O-ClosedLoopAlpha,Walker2d-v4,4
17306,reward,720,2.2987861172379818,3.597,P3O-ClosedLoopAlpha,Walker2d-v4,4
17337,reward,721,2.670460385743358,3.603,P3O-ClosedLoopAlpha,Walker2d-v4,4
17363,reward,722,10.57747871731933,3.804,P3O-ClosedLoopAlpha,Walker2d-v4,4
17415,reward,723,39.862851709412176,8.499,P3O-ClosedLoopAlpha,Walker2d-v4,4
17425,reward,724,0.8962721402090895,8.729,P3O-ClosedLoopAlpha,Walker2d-v4,4
17475,reward,725,23.04394806751586,10.069,P3O-ClosedLoopAlpha,Walker2d-v4,4
17494,reward,726,-3.974261101484537,8.298,P3O-ClosedLoopAlpha,Walker2d-v4,4
17524,reward,727,16.27916114338526,9.97,P3O-ClosedLoopAlpha,Walker2d-v4,4
17585,reward,728,17.21198295112593,10.745,P3O-ClosedLoopAlpha,Walker2d-v4,4
17613,reward,729,-4.781077480518222,10.409,P3O-ClosedLoopAlpha,Walker2d-v4,4
17638,reward,730,8.931317412085619,11.072,P3O-ClosedLoopAlpha,Walker2d-v4,4
17656,reward,731,8.579400227467893,11.663,P3O-ClosedLoopAlpha,Walker2d-v4,4
17670,reward,732,-6.791508328301128,9.926,P3O-ClosedLoopAlpha,Walker2d-v4,4
17705,reward,733,9.704061875675668,6.91,P3O-ClosedLoopAlpha,Walker2d-v4,4
17727,reward,734,-7.95426553349259,6.025,P3O-ClosedLoopAlpha,Walker2d-v4,4
17750,reward,735,-4.418790546670529,3.279,P3O-ClosedLoopAlpha,Walker2d-v4,4
17785,reward,736,1.8479086129049913,3.861,P3O-ClosedLoopAlpha,Walker2d-v4,4
17797,reward,737,-4.181332713955127,1.815,P3O-ClosedLoopAlpha,Walker2d-v4,4
17818,reward,738,-0.22805936863443255,0.071,P3O-ClosedLoopAlpha,Walker2d-v4,4
17863,reward,739,21.55400129425263,2.704,P3O-ClosedLoopAlpha,Walker2d-v4,4
17917,reward,740,8.83383577161834,2.695,P3O-ClosedLoopAlpha,Walker2d-v4,4
17959,reward,741,14.985032280730422,3.335,P3O-ClosedLoopAlpha,Walker2d-v4,4
17985,reward,742,7.142065146267865,4.728,P3O-ClosedLoopAlpha,Walker2d-v4,4
18009,reward,743,7.240382917444703,4.482,P3O-ClosedLoopAlpha,Walker2d-v4,4
18028,reward,744,5.277381932499814,5.805,P3O-ClosedLoopAlpha,Walker2d-v4,4
18046,reward,745,-6.591502011737203,5.588,P3O-ClosedLoopAlpha,Walker2d-v4,4
18073,reward,746,2.1700204481519183,5.62,P3O-ClosedLoopAlpha,Walker2d-v4,4
18097,reward,747,-5.691611951721754,5.469,P3O-ClosedLoopAlpha,Walker2d-v4,4
18119,reward,748,10.501510938316715,6.542,P3O-ClosedLoopAlpha,Walker2d-v4,4
18148,reward,749,4.837062197238755,4.87,P3O-ClosedLoopAlpha,Walker2d-v4,4
18174,reward,750,2.27591891846329,4.215,P3O-ClosedLoopAlpha,Walker2d-v4,4
18198,reward,751,-2.5276444102317455,2.463,P3O-ClosedLoopAlpha,Walker2d-v4,4
18242,reward,752,21.10329603550525,3.859,P3O-ClosedLoopAlpha,Walker2d-v4,4
18320,reward,753,69.68199613670193,10.104,P3O-ClosedLoopAlpha,Walker2d-v4,4
18341,reward,754,8.491093518754731,10.425,P3O-ClosedLoopAlpha,Walker2d-v4,4
18375,reward,755,7.97679432002718,11.882,P3O-ClosedLoopAlpha,Walker2d-v4,4
18399,reward,756,6.208653864190324,12.286,P3O-ClosedLoopAlpha,Walker2d-v4,4
18424,reward,757,0.05325902666474902,12.86,P3O-ClosedLoopAlpha,Walker2d-v4,4
18444,reward,758,4.552938680114244,12.265,P3O-ClosedLoopAlpha,Walker2d-v4,4
18486,reward,759,2.1982356752365013,12.001,P3O-ClosedLoopAlpha,Walker2d-v4,4
18513,reward,760,-3.6838725833305483,11.405,P3O-ClosedLoopAlpha,Walker2d-v4,4
18544,reward,761,0.8700696924400736,11.745,P3O-ClosedLoopAlpha,Walker2d-v4,4
18581,reward,762,13.046807309408065,10.94,P3O-ClosedLoopAlpha,Walker2d-v4,4
18606,reward,763,7.3012758841195735,4.702,P3O-ClosedLoopAlpha,Walker2d-v4,4
18645,reward,764,5.644587511029555,4.417,P3O-ClosedLoopAlpha,Walker2d-v4,4
18675,reward,765,7.016913281521288,4.321,P3O-ClosedLoopAlpha,Walker2d-v4,4
18696,reward,766,0.2505448651840221,3.725,P3O-ClosedLoopAlpha,Walker2d-v4,4
18718,reward,767,-4.542356727926244,3.266,P3O-ClosedLoopAlpha,Walker2d-v4,4
18749,reward,768,7.711352185410857,3.581,P3O-ClosedLoopAlpha,Walker2d-v4,4
18767,reward,769,-0.7991825355566682,3.282,P3O-ClosedLoopAlpha,Walker2d-v4,4
18827,reward,770,20.974607032398943,5.747,P3O-ClosedLoopAlpha,Walker2d-v4,4
18844,reward,771,-1.1927354260665257,5.541,P3O-ClosedLoopAlpha,Walker2d-v4,4
18874,reward,772,1.3583553013654766,4.372,P3O-ClosedLoopAlpha,Walker2d-v4,4
18895,reward,773,-5.779834384075992,3.064,P3O-ClosedLoopAlpha,Walker2d-v4,4
18920,reward,774,-0.11758821178895751,2.488,P3O-ClosedLoopAlpha,Walker2d-v4,4
18949,reward,775,0.8341640727816466,1.87,P3O-ClosedLoopAlpha,Walker2d-v4,4
18967,reward,776,2.79619245004032,2.124,P3O-ClosedLoopAlpha,Walker2d-v4,4
18996,reward,777,2.8799383212721885,2.867,P3O-ClosedLoopAlpha,Walker2d-v4,4
19029,reward,778,5.652730378936323,2.661,P3O-ClosedLoopAlpha,Walker2d-v4,4
19047,reward,779,-6.714228264198747,2.069,P3O-ClosedLoopAlpha,Walker2d-v4,4
19113,reward,780,17.544991308387804,1.726,P3O-ClosedLoopAlpha,Walker2d-v4,4
19128,reward,781,3.4511913965479266,2.191,P3O-ClosedLoopAlpha,Walker2d-v4,4
19154,reward,782,3.422208153424127,2.397,P3O-ClosedLoopAlpha,Walker2d-v4,4
19192,reward,783,18.724977920806808,4.847,P3O-ClosedLoopAlpha,Walker2d-v4,4
19212,reward,784,-2.8951441948102694,4.57,P3O-ClosedLoopAlpha,Walker2d-v4,4
19252,reward,785,13.510431160360701,5.837,P3O-ClosedLoopAlpha,Walker2d-v4,4
19271,reward,786,4.517231025268134,6.009,P3O-ClosedLoopAlpha,Walker2d-v4,4
19298,reward,787,9.894362521799152,6.711,P3O-ClosedLoopAlpha,Walker2d-v4,4
19313,reward,788,0.4576041315101318,6.191,P3O-ClosedLoopAlpha,Walker2d-v4,4
19340,reward,789,0.025117431948052493,6.865,P3O-ClosedLoopAlpha,Walker2d-v4,4
19393,reward,790,5.66983174203126,5.678,P3O-ClosedLoopAlpha,Walker2d-v4,4
19408,reward,791,3.247876722428436,5.657,P3O-ClosedLoopAlpha,Walker2d-v4,4
19435,reward,792,8.668049117048605,6.182,P3O-ClosedLoopAlpha,Walker2d-v4,4
19485,reward,793,26.48791087988015,6.958,P3O-ClosedLoopAlpha,Walker2d-v4,4
19518,reward,794,9.533603772392675,8.201,P3O-ClosedLoopAlpha,Walker2d-v4,4
19567,reward,795,28.58286703201128,9.708,P3O-ClosedLoopAlpha,Walker2d-v4,4
19606,reward,796,8.96217233347268,10.153,P3O-ClosedLoopAlpha,Walker2d-v4,4
19646,reward,797,5.464731188196914,9.71,P3O-ClosedLoopAlpha,Walker2d-v4,4
19686,reward,798,4.918020159924438,10.156,P3O-ClosedLoopAlpha,Walker2d-v4,4
19732,reward,799,18.09640738385995,11.963,P3O-ClosedLoopAlpha,Walker2d-v4,4
19757,reward,800,6.690504908757871,12.065,P3O-ClosedLoopAlpha,Walker2d-v4,4
19811,reward,801,-13.252513428615218,10.415,P3O-ClosedLoopAlpha,Walker2d-v4,4
19843,reward,802,14.250792304677084,10.973,P3O-ClosedLoopAlpha,Walker2d-v4,4
19889,reward,803,20.143996760548077,10.339,P3O-ClosedLoopAlpha,Walker2d-v4,4
19918,reward,804,9.12508496071636,10.298,P3O-ClosedLoopAlpha,Walker2d-v4,4
19931,reward,805,4.313814984592737,7.871,P3O-ClosedLoopAlpha,Walker2d-v4,4
19952,reward,806,-8.923047534798416,6.083,P3O-ClosedLoopAlpha,Walker2d-v4,4
19970,reward,807,8.248432697953694,6.361,P3O-ClosedLoopAlpha,Walker2d-v4,4
20000,speed,1879.31,0.18,P3O-ClosedLoopAlpha,Walker2d-v4,4
20028,reward,808,25.238416900759383,8.393,P3O-ClosedLoopAlpha,Walker2d-v4,4
20057,reward,809,12.759534758701083,7.86,P3O-ClosedLoopAlpha,Walker2d-v4,4
20094,reward,810,-4.8780677009202655,6.703,P3O-ClosedLoopAlpha,Walker2d-v4,4
20120,reward,811,-5.518653638045389,7.476,P3O-ClosedLoopAlpha,Walker2d-v4,4
20154,reward,812,12.897608954393093,7.341,P3O-ClosedLoopAlpha,Walker2d-v4,4
20183,reward,813,5.329091632661186,5.859,P3O-ClosedLoopAlpha,Walker2d-v4,4
20201,reward,814,3.066278710403065,5.253,P3O-ClosedLoopAlpha,Walker2d-v4,4
20245,reward,815,25.518325000651433,7.374,P3O-ClosedLoopAlpha,Walker2d-v4,4
20269,reward,816,-7.388348366538567,7.527,P3O-ClosedLoopAlpha,Walker2d-v4,4
20289,reward,817,-0.13179123997639486,6.689,P3O-ClosedLoopAlpha,Walker2d-v4,4
20316,reward,818,0.20011325030291538,4.185,P3O-ClosedLoopAlpha,Walker2d-v4,4
20347,reward,819,-4.022334796681353,2.507,P3O-ClosedLoopAlpha,Walker2d-v4,4
20376,reward,820,11.034923100981203,4.099,P3O-ClosedLoopAlpha,Walker2d-v4,4
20396,reward,821,-9.536857083905675,3.697,P3O-ClosedLoopAlpha,Walker2d-v4,4
20421,reward,822,7.452044038573942,3.152,P3O-ClosedLoopAlpha,Walker2d-v4,4
20446,reward,823,-1.4880221826548663,2.47,P3O-ClosedLoopAlpha,Walker2d-v4,4
20481,reward,824,1.0062074473636764,2.264,P3O-ClosedLoopAlpha,Walker2d-v4,4
20502,reward,825,-6.120984566417273,-0.9,P3O-ClosedLoopAlpha,Walker2d-v4,4
20543,reward,826,-5.7634228694168295,-0.737,P3O-ClosedLoopAlpha,Walker2d-v4,4
20568,reward,827,-6.534124118994406,-1.377,P3O-ClosedLoopAlpha,Walker2d-v4,4
20627,reward,828,18.722358248336445,0.475,P3O-ClosedLoopAlpha,Walker2d-v4,4
20687,reward,829,14.83980919913446,2.361,P3O-ClosedLoopAlpha,Walker2d-v4,4
20731,reward,830,1.4967362530031596,1.407,P3O-ClosedLoopAlpha,Walker2d-v4,4
20757,reward,831,-5.251337763993814,1.836,P3O-ClosedLoopAlpha,Walker2d-v4,4
20795,reward,832,13.012174508335173,2.392,P3O-ClosedLoopAlpha,Walker2d-v4,4
20809,reward,833,2.828300643311638,2.824,P3O-ClosedLoopAlpha,Walker2d-v4,4
20823,reward,834,0.20536044878502335,2.743,P3O-ClosedLoopAlpha,Walker2d-v4,4
20837,reward,835,0.018891864801469316,3.357,P3O-ClosedLoopAlpha,Walker2d-v4,4
20873,reward,836,10.220392833142608,4.956,P3O-ClosedLoopAlpha,Walker2d-v4,4
20916,reward,837,16.44896435199274,7.254,P3O-ClosedLoopAlpha,Walker2d-v4,4
20960,reward,838,17.917743209038598,7.174,P3O-ClosedLoopAlpha,Walker2d-v4,4
20977,reward,839,7.913210752902129,6.481,P3O-ClosedLoopAlpha,Walker2d-v4,4
20999,reward,840,-8.10891086892468,5.52,P3O-ClosedLoopAlpha,Walker2d-v4,4
21021,reward,841,-0.48029310749873666,5.998,P3O-ClosedLoopAlpha,Walker2d-v4,4
21035,reward,842,-1.3857216362928446,4.558,P3O-ClosedLoopAlpha,Walker2d-v4,4
21076,reward,843,9.496478811843668,5.225,P3O-ClosedLoopAlpha,Walker2d-v4,4
21107,reward,844,5.733714354316393,5.777,P3O-ClosedLoopAlpha,Walker2d-v4,4
21124,reward,845,1.9113555358718586,5.967,P3O-ClosedLoopAlpha,Walker2d-v4,4
21146,reward,846,-2.877670714007712,4.657,P3O-ClosedLoopAlpha,Walker2d-v4,4
21168,reward,847,-5.48224189221812,2.464,P3O-ClosedLoopAlpha,Walker2d-v4,4
21204,reward,848,12.237771802312757,1.896,P3O-ClosedLoopAlpha,Walker2d-v4,4
21225,reward,849,0.5059358311734627,1.155,P3O-ClosedLoopAlpha,Walker2d-v4,4
21259,reward,850,8.551512985427081,2.821,P3O-ClosedLoopAlpha,Walker2d-v4,4
21292,reward,851,8.03990192610664,3.673,P3O-ClosedLoopAlpha,Walker2d-v4,4
21318,reward,852,-3.059065213472583,3.506,P3O-ClosedLoopAlpha,Walker2d-v4,4
21348,reward,853,5.783464577269264,3.134,P3O-ClosedLoopAlpha,Walker2d-v4,4
21372,reward,854,-5.61350251193752,2.0,P3O-ClosedLoopAlpha,Walker2d-v4,4
21411,reward,855,16.787407774565263,3.487,P3O-ClosedLoopAlpha,Walker2d-v4,4
21438,reward,856,2.811974424629766,4.056,P3O-ClosedLoopAlpha,Walker2d-v4,4
21485,reward,857,20.712546835699115,6.676,P3O-ClosedLoopAlpha,Walker2d-v4,4
21514,reward,858,0.011924291817509869,5.453,P3O-ClosedLoopAlpha,Walker2d-v4,4
21549,reward,859,7.423791509041221,6.145,P3O-ClosedLoopAlpha,Walker2d-v4,4
21574,reward,860,0.25827095445876713,5.316,P3O-ClosedLoopAlpha,Walker2d-v4,4
21596,reward,861,-9.094160774938203,3.602,P3O-ClosedLoopAlpha,Walker2d-v4,4
21616,reward,862,6.090098441966308,4.517,P3O-ClosedLoopAlpha,Walker2d-v4,4
21639,reward,863,-2.3761459387273227,3.701,P3O-ClosedLoopAlpha,Walker2d-v4,4
21651,reward,864,0.8624127149370622,4.349,P3O-ClosedLoopAlpha,Walker2d-v4,4
21683,reward,865,9.565198714057162,3.627,P3O-ClosedLoopAlpha,Walker2d-v4,4
21707,reward,866,-4.892592189949653,2.856,P3O-ClosedLoopAlpha,Walker2d-v4,4
21817,reward,867,3.5487806862925892,1.14,P3O-ClosedLoopAlpha,Walker2d-v4,4
21854,reward,868,5.087322760926623,1.647,P3O-ClosedLoopAlpha,Walker2d-v4,4
21881,reward,869,-0.5085320146286199,0.854,P3O-ClosedLoopAlpha,Walker2d-v4,4
21903,reward,870,-9.728128943751374,-0.145,P3O-ClosedLoopAlpha,Walker2d-v4,4
21936,reward,871,0.5358129518720818,0.818,P3O-ClosedLoopAlpha,Walker2d-v4,4
21958,reward,872,1.9702307498596174,0.406,P3O-ClosedLoopAlpha,Walker2d-v4,4
21988,reward,873,6.255528075667486,1.27,P3O-ClosedLoopAlpha,Walker2d-v4,4
22024,reward,874,8.921156519973076,2.075,P3O-ClosedLoopAlpha,Walker2d-v4,4
22037,reward,875,-1.2444896990772172,0.995,P3O-ClosedLoopAlpha,Walker2d-v4,4
22066,reward,876,2.3171458912880296,1.715,P3O-ClosedLoopAlpha,Walker2d-v4,4
22105,reward,877,7.583817315868582,2.119,P3O-ClosedLoopAlpha,Walker2d-v4,4
22136,reward,878,8.210063482960933,2.431,P3O-ClosedLoopAlpha,Walker2d-v4,4
22173,reward,879,17.950226205423345,4.277,P3O-ClosedLoopAlpha,Walker2d-v4,4
22222,reward,880,21.796543826421168,7.43,P3O-ClosedLoopAlpha,Walker2d-v4,4
22256,reward,881,14.08379661601738,8.784,P3O-ClosedLoopAlpha,Walker2d-v4,4
22282,reward,882,-3.246936592048687,8.263,P3O-ClosedLoopAlpha,Walker2d-v4,4
22308,reward,883,-4.752928716591145,7.162,P3O-ClosedLoopAlpha,Walker2d-v4,4
22332,reward,884,0.45388874173376204,6.315,P3O-ClosedLoopAlpha,Walker2d-v4,4
22346,reward,885,-7.387835476753395,5.701,P3O-ClosedLoopAlpha,Walker2d-v4,4
22378,reward,886,9.788182697303144,6.448,P3O-ClosedLoopAlpha,Walker2d-v4,4
22416,reward,887,7.040809087449526,6.394,P3O-ClosedLoopAlpha,Walker2d-v4,4
22472,reward,888,6.157553685864235,6.188,P3O-ClosedLoopAlpha,Walker2d-v4,4
22504,reward,889,2.7721921041369244,4.671,P3O-ClosedLoopAlpha,Walker2d-v4,4
22529,reward,890,4.342439301010819,2.925,P3O-ClosedLoopAlpha,Walker2d-v4,4
22553,reward,891,3.9167007868921235,1.908,P3O-ClosedLoopAlpha,Walker2d-v4,4
22593,reward,892,19.70756411430351,4.204,P3O-ClosedLoopAlpha,Walker2d-v4,4
22627,reward,893,3.302438195324642,5.009,P3O-ClosedLoopAlpha,Walker2d-v4,4
22648,reward,894,13.93420273430055,6.357,P3O-ClosedLoopAlpha,Walker2d-v4,4
22678,reward,895,8.11220558074111,7.907,P3O-ClosedLoopAlpha,Walker2d-v4,4
22706,reward,896,4.167294147068679,7.345,P3O-ClosedLoopAlpha,Walker2d-v4,4
22732,reward,897,1.7591561716024398,6.817,P3O-ClosedLoopAlpha,Walker2d-v4,4
22769,reward,898,0.6295252082417198,6.264,P3O-ClosedLoopAlpha,Walker2d-v4,4
22785,reward,899,-4.545847523668121,5.533,P3O-ClosedLoopAlpha,Walker2d-v4,4
22806,reward,900,8.779393682348262,5.976,P3O-ClosedLoopAlpha,Walker2d-v4,4
22827,reward,901,-7.102029461149771,4.874,P3O-ClosedLoopAlpha,Walker2d-v4,4
22855,reward,902,8.65976256374265,3.77,P3O-ClosedLoopAlpha,Walker2d-v4,4
22896,reward,903,1.6653014029051143,3.606,P3O-ClosedLoopAlpha,Walker2d-v4,4
22941,reward,904,16.186768353092184,3.831,P3O-ClosedLoopAlpha,Walker2d-v4,4
22999,reward,905,10.087220478908858,4.029,P3O-ClosedLoopAlpha,Walker2d-v4,4
23012,reward,906,2.372014286728258,3.849,P3O-ClosedLoopAlpha,Walker2d-v4,4
23042,reward,907,11.676049497125637,4.841,P3O-ClosedLoopAlpha,Walker2d-v4,4
23056,reward,908,-2.2363897840720446,4.554,P3O-ClosedLoopAlpha,Walker2d-v4,4
23074,reward,909,2.6908760012615303,5.278,P3O-ClosedLoopAlpha,Walker2d-v4,4
23103,reward,910,3.0836412605000896,4.708,P3O-ClosedLoopAlpha,Walker2d-v4,4
23138,reward,911,13.714771940318348,6.79,P3O-ClosedLoopAlpha,Walker2d-v4,4
23216,reward,912,29.372768976883506,8.861,P3O-ClosedLoopAlpha,Walker2d-v4,4
23254,reward,913,18.205543570318223,10.515,P3O-ClosedLoopAlpha,Walker2d-v4,4
23284,reward,914,10.900344974845277,9.987,P3O-ClosedLoopAlpha,Walker2d-v4,4
23320,reward,915,3.333556700656886,9.311,P3O-ClosedLoopAlpha,Walker2d-v4,4
23335,reward,916,-0.4002387974184529,9.034,P3O-ClosedLoopAlpha,Walker2d-v4,4
23405,reward,917,23.819345379694347,10.248,P3O-ClosedLoopAlpha,Walker2d-v4,4
23450,reward,918,12.435403882288053,11.716,P3O-ClosedLoopAlpha,Walker2d-v4,4
23506,reward,919,25.95797341021261,14.042,P3O-ClosedLoopAlpha,Walker2d-v4,4
23525,reward,920,-2.2384393434703895,13.51,P3O-ClosedLoopAlpha,Walker2d-v4,4
23559,reward,921,13.066605176458078,13.445,P3O-ClosedLoopAlpha,Walker2d-v4,4
23604,reward,922,22.727938536751452,12.781,P3O-ClosedLoopAlpha,Walker2d-v4,4
23669,reward,923,7.037575473426619,11.664,P3O-ClosedLoopAlpha,Walker2d-v4,4
23703,reward,924,10.844304857562008,11.658,P3O-ClosedLoopAlpha,Walker2d-v4,4
23726,reward,925,1.5921014646318445,11.484,P3O-ClosedLoopAlpha,Walker2d-v4,4
23756,reward,926,5.328577189236865,12.057,P3O-ClosedLoopAlpha,Walker2d-v4,4
23778,reward,927,-0.3486330699035065,9.64,P3O-ClosedLoopAlpha,Walker2d-v4,4
23798,reward,928,-0.7693073971484015,8.32,P3O-ClosedLoopAlpha,Walker2d-v4,4
23848,reward,929,5.776341778659891,6.302,P3O-ClosedLoopAlpha,Walker2d-v4,4
23868,reward,930,7.614479220902801,7.287,P3O-ClosedLoopAlpha,Walker2d-v4,4
23888,reward,931,4.53165377915075,6.434,P3O-ClosedLoopAlpha,Walker2d-v4,4
23973,reward,932,24.668813055247572,6.628,P3O-ClosedLoopAlpha,Walker2d-v4,4
23999,reward,933,4.424478516133748,6.366,P3O-ClosedLoopAlpha,Walker2d-v4,4
24021,reward,934,-3.3430604000594277,4.948,P3O-ClosedLoopAlpha,Walker2d-v4,4
24041,reward,935,4.938704896538649,5.282,P3O-ClosedLoopAlpha,Walker2d-v4,4
24056,reward,936,-0.5783330423107833,4.692,P3O-ClosedLoopAlpha,Walker2d-v4,4
24083,reward,937,-0.47769843192888806,4.679,P3O-ClosedLoopAlpha,Walker2d-v4,4
24106,reward,938,8.6809160563507,5.624,P3O-ClosedLoopAlpha,Walker2d-v4,4
24125,reward,939,-6.596930426706529,4.386,P3O-ClosedLoopAlpha,Walker2d-v4,4
24137,reward,940,-1.9206031822401197,3.433,P3O-ClosedLoopAlpha,Walker2d-v4,4
24183,reward,941,16.989543086322485,4.679,P3O-ClosedLoopAlpha,Walker2d-v4,4
24211,reward,942,0.9183877149126949,2.304,P3O-ClosedLoopAlpha,Walker2d-v4,4
24246,reward,943,7.451838876025335,2.606,P3O-ClosedLoopAlpha,Walker2d-v4,4
24273,reward,944,5.601931220580071,3.501,P3O-ClosedLoopAlpha,Walker2d-v4,4
24308,reward,945,12.80200332384842,4.287,P3O-ClosedLoopAlpha,Walker2d-v4,4
24336,reward,946,8.766450412907515,5.222,P3O-ClosedLoopAlpha,Walker2d-v4,4
24363,reward,947,2.330441348523637,5.502,P3O-ClosedLoopAlpha,Walker2d-v4,4
24386,reward,948,1.3793578682470164,4.772,P3O-ClosedLoopAlpha,Walker2d-v4,4
24438,reward,949,13.964055506205579,6.828,P3O-ClosedLoopAlpha,Walker2d-v4,4
24465,reward,950,-0.08297119660386088,7.012,P3O-ClosedLoopAlpha,Walker2d-v4,4
24491,reward,951,-2.5815673632035723,5.055,P3O-ClosedLoopAlpha,Walker2d-v4,4
24520,reward,952,-0.020152477126281987,4.961,P3O-ClosedLoopAlpha,Walker2d-v4,4
24545,reward,953,10.863238325939824,5.302,P3O-ClosedLoopAlpha,Walker2d-v4,4
24576,loss,-0.06865488737821579,0.3840053975582123,P3O-ClosedLoopAlpha,Walker2d-v4,4
24596,reward,954,27.972634282022458,7.539,P3O-ClosedLoopAlpha,Walker2d-v4,4
24639,reward,955,11.196933589532623,7.379,P3O-ClosedLoopAlpha,Walker2d-v4,4
24670,reward,956,6.994921538462345,7.202,P3O-ClosedLoopAlpha,Walker2d-v4,4
24699,reward,957,0.7923383754582516,7.048,P3O-ClosedLoopAlpha,Walker2d-v4,4
24727,reward,958,1.8813067510907358,7.098,P3O-ClosedLoopAlpha,Walker2d-v4,4
24758,reward,959,5.342989487011842,6.236,P3O-ClosedLoopAlpha,Walker2d-v4,4
24794,reward,960,9.214105598877843,7.166,P3O-ClosedLoopAlpha,Walker2d-v4,4
24893,reward,961,4.408809726595947,7.865,P3O-ClosedLoopAlpha,Walker2d-v4,4
24943,reward,962,0.20937636984778685,7.888,P3O-ClosedLoopAlpha,Walker2d-v4,4
25056,reward,963,90.24430915277313,15.826,P3O-ClosedLoopAlpha,Walker2d-v4,4
25118,reward,964,39.138583255373234,16.942,P3O-ClosedLoopAlpha,Walker2d-v4,4
25163,reward,965,10.917467612531398,16.914,P3O-ClosedLoopAlpha,Walker2d-v4,4
25203,reward,966,9.571192496106118,17.172,P3O-ClosedLoopAlpha,Walker2d-v4,4
25248,reward,967,11.382651078759718,18.231,P3O-ClosedLoopAlpha,Walker2d-v4,4
25319,reward,968,35.39502714394547,21.582,P3O-ClosedLoopAlpha,Walker2d-v4,4
25343,reward,969,6.771347001781226,21.725,P3O-ClosedLoopAlpha,Walker2d-v4,4
25364,reward,970,-5.760042343561414,20.228,P3O-ClosedLoopAlpha,Walker2d-v4,4
25431,reward,971,11.351562846466562,20.922,P3O-ClosedLoopAlpha,Walker2d-v4,4
25458,reward,972,5.103074147412796,21.412,P3O-ClosedLoopAlpha,Walker2d-v4,4
25519,reward,973,12.235053460055449,13.611,P3O-ClosedLoopAlpha,Walker2d-v4,4
25546,reward,974,2.6911420265157844,9.966,P3O-ClosedLoopAlpha,Walker2d-v4,4
25611,reward,975,0.9210490326229737,8.966,P3O-ClosedLoopAlpha,Walker2d-v4,4
25639,reward,976,4.714139840901388,8.481,P3O-ClosedLoopAlpha,Walker2d-v4,4
25687,reward,977,2.8392911641907395,7.626,P3O-ClosedLoopAlpha,Walker2d-v4,4
25717,reward,978,-1.5405783267963082,3.933,P3O-ClosedLoopAlpha,Walker2d-v4,4
25770,reward,979,12.012862296195102,4.457,P3O-ClosedLoopAlpha,Walker2d-v4,4
25800,reward,980,4.548405119659136,5.488,P3O-ClosedLoopAlpha,Walker2d-v4,4
25825,reward,981,0.65401066881673,4.418,P3O-ClosedLoopAlpha,Walker2d-v4,4
25850,reward,982,3.620718468066083,4.27,P3O-ClosedLoopAlpha,Walker2d-v4,4
25871,reward,983,-4.263109877601591,2.62,P3O-ClosedLoopAlpha,Walker2d-v4,4
25909,reward,984,-4.8758023033047415,1.863,P3O-ClosedLoopAlpha,Walker2d-v4,4
25941,reward,985,4.278014797245261,2.199,P3O-ClosedLoopAlpha,Walker2d-v4,4
25991,reward,986,20.295217125104312,3.757,P3O-ClosedLoopAlpha,Walker2d-v4,4
26017,reward,987,10.980423543192652,4.571,P3O-ClosedLoopAlpha,Walker2d-v4,4
26060,reward,988,3.0276927534995206,5.028,P3O-ClosedLoopAlpha,Walker2d-v4,4
26102,reward,989,23.132377165966407,6.14,P3O-ClosedLoopAlpha,Walker2d-v4,4
26164,reward,990,23.104957433383678,7.995,P3O-ClosedLoopAlpha,Walker2d-v4,4
26204,reward,991,5.207031693610112,8.451,P3O-ClosedLoopAlpha,Walker2d-v4,4
26262,reward,992,21.604333474098784,10.249,P3O-ClosedLoopAlpha,Walker2d-v4,4
26306,reward,993,2.695043087933919,10.945,P3O-ClosedLoopAlpha,Walker2d-v4,4
26326,reward,994,3.9947135758679306,11.832,P3O-ClosedLoopAlpha,Walker2d-v4,4
26362,reward,995,11.62894456910908,12.567,P3O-ClosedLoopAlpha,Walker2d-v4,4
26414,reward,996,19.63523010358698,12.501,P3O-ClosedLoopAlpha,Walker2d-v4,4
26469,reward,997,45.37395746557077,15.94,P3O-ClosedLoopAlpha,Walker2d-v4,4
26540,reward,998,35.42147960887346,19.18,P3O-ClosedLoopAlpha,Walker2d-v4,4
26574,reward,999,15.107544553312088,18.377,P3O-ClosedLoopAlpha,Walker2d-v4,4
26670,reward,1000,0.92304518331683,16.159,P3O-ClosedLoopAlpha,Walker2d-v4,4
26718,reward,1001,30.95021096661698,18.733,P3O-ClosedLoopAlpha,Walker2d-v4,4
26747,reward,1002,10.144374377809925,17.587,P3O-ClosedLoopAlpha,Walker2d-v4,4
26784,reward,1003,16.184114067514248,18.936,P3O-ClosedLoopAlpha,Walker2d-v4,4
26813,reward,1004,0.7376656504874178,18.611,P3O-ClosedLoopAlpha,Walker2d-v4,4
26850,reward,1005,9.592628461520459,18.407,P3O-ClosedLoopAlpha,Walker2d-v4,4
26913,reward,1006,-10.28242978518542,15.415,P3O-ClosedLoopAlpha,Walker2d-v4,4
26927,reward,1007,-0.7714724769092243,10.801,P3O-ClosedLoopAlpha,Walker2d-v4,4
26973,reward,1008,17.645570261169553,9.023,P3O-ClosedLoopAlpha,Walker2d-v4,4
27034,reward,1009,11.242878189510318,8.637,P3O-ClosedLoopAlpha,Walker2d-v4,4
27071,reward,1010,4.792672204198645,9.024,P3O-ClosedLoopAlpha,Walker2d-v4,4
27108,reward,1011,-0.9568156256527651,5.833,P3O-ClosedLoopAlpha,Walker2d-v4,4
27131,reward,1012,0.5446304799201178,4.873,P3O-ClosedLoopAlpha,Walker2d-v4,4
27162,reward,1013,5.415465313765503,3.796,P3O-ClosedLoopAlpha,Walker2d-v4,4
27190,reward,1014,-1.8620057126402396,3.536,P3O-ClosedLoopAlpha,Walker2d-v4,4
27226,reward,1015,12.047979047243944,3.782,P3O-ClosedLoopAlpha,Walker2d-v4,4
27269,reward,1016,6.652139098883446,5.475,P3O-ClosedLoopAlpha,Walker2d-v4,4
27319,reward,1017,16.65792089334568,7.218,P3O-ClosedLoopAlpha,Walker2d-v4,4
27348,reward,1018,2.0120185837349087,5.655,P3O-ClosedLoopAlpha,Walker2d-v4,4
27382,reward,1019,15.656826586331976,6.096,P3O-ClosedLoopAlpha,Walker2d-v4,4
27408,reward,1020,-0.07111515603210106,5.61,P3O-ClosedLoopAlpha,Walker2d-v4,4
27469,reward,1021,15.584615050902292,7.264,P3O-ClosedLoopAlpha,Walker2d-v4,4
27515,reward,1022,9.155217488532404,8.125,P3O-ClosedLoopAlpha,Walker2d-v4,4
27551,reward,1023,15.198350508049655,9.103,P3O-ClosedLoopAlpha,Walker2d-v4,4
27618,reward,1024,56.590841994748814,14.948,P3O-ClosedLoopAlpha,Walker2d-v4,4
27646,reward,1025,2.3013828145759856,13.974,P3O-ClosedLoopAlpha,Walker2d-v4,4
27676,reward,1026,19.453058894204286,15.254,P3O-ClosedLoopAlpha,Walker2d-v4,4
27703,reward,1027,4.677803731644249,14.056,P3O-ClosedLoopAlpha,Walker2d-v4,4
27723,reward,1028,2.985896767521874,14.153,P3O-ClosedLoopAlpha,Walker2d-v4,4
27747,reward,1029,-3.719695541736463,12.216,P3O-ClosedLoopAlpha,Walker2d-v4,4
27815,reward,1030,7.482643284665278,12.971,P3O-ClosedLoopAlpha,Walker2d-v4,4
27876,reward,1031,20.98112864089518,13.511,P3O-ClosedLoopAlpha,Walker2d-v4,4
27905,reward,1032,15.686371337146714,14.164,P3O-ClosedLoopAlpha,Walker2d-v4,4
27937,reward,1033,5.330379862440597,13.177,P3O-ClosedLoopAlpha,Walker2d-v4,4
27989,reward,1034,28.8560426497061,10.404,P3O-ClosedLoopAlpha,Walker2d-v4,4
28021,reward,1035,4.031920780279352,10.577,P3O-ClosedLoopAlpha,Walker2d-v4,4
28061,reward,1036,10.519579820564479,9.683,P3O-ClosedLoopAlpha,Walker2d-v4,4
28111,reward,1037,13.989196407819508,10.614,P3O-ClosedLoopAlpha,Walker2d-v4,4
28138,reward,1038,0.4764684310905416,10.363,P3O-ClosedLoopAlpha,Walker2d-v4,4
28182,reward,1039,14.782534915051272,12.214,P3O-ClosedLoopAlpha,Walker2d-v4,4
28234,reward,1040,15.376990682285415,13.003,P3O-ClosedLoopAlpha,Walker2d-v4,4
28277,reward,1041,22.792262386607145,13.184,P3O-ClosedLoopAlpha,Walker2d-v4,4
28301,reward,1042,-1.3384541796125955,11.482,P3O-ClosedLoopAlpha,Walker2d-v4,4
28371,reward,1043,29.739419529914397,13.923,P3O-ClosedLoopAlpha,Walker2d-v4,4
28429,reward,1044,30.139782696315592,14.051,P3O-ClosedLoopAlpha,Walker2d-v4,4
28458,reward,1045,2.987309689769636,13.947,P3O-ClosedLoopAlpha,Walker2d-v4,4
28486,reward,1046,-8.978513623921202,11.997,P3O-ClosedLoopAlpha,Walker2d-v4,4
28529,reward,1047,9.129009775915794,11.511,P3O-ClosedLoopAlpha,Walker2d-v4,4
28571,reward,1048,5.9115222957108955,12.054,P3O-ClosedLoopAlpha,Walker2d-v4,4
28616,reward,1049,23.80641652990515,12.957,P3O-ClosedLoopAlpha,Walker2d-v4,4
28683,reward,1050,12.923713288725818,12.711,P3O-ClosedLoopAlpha,Walker2d-v4,4
28735,reward,1051,24.21942123299194,12.854,P3O-ClosedLoopAlpha,Walker2d-v4,4
28772,reward,1052,5.85236018304215,13.573,P3O-ClosedLoopAlpha,Walker2d-v4,4
28815,reward,1053,10.639089322559924,11.663,P3O-ClosedLoopAlpha,Walker2d-v4,4
28866,reward,1054,8.962585931282264,9.545,P3O-ClosedLoopAlpha,Walker2d-v4,4
28900,reward,1055,13.428909375962263,10.589,P3O-ClosedLoopAlpha,Walker2d-v4,4
28945,reward,1056,27.173941108273034,14.205,P3O-ClosedLoopAlpha,Walker2d-v4,4
29009,reward,1057,47.33510373421047,18.025,P3O-ClosedLoopAlpha,Walker2d-v4,4
29075,reward,1058,31.865478833800083,20.621,P3O-ClosedLoopAlpha,Walker2d-v4,4
29108,reward,1059,3.935143940022393,18.634,P3O-ClosedLoopAlpha,Walker2d-v4,4
29163,reward,1060,29.783599132154713,20.32,P3O-ClosedLoopAlpha,Walker2d-v4,4
29198,reward,1061,12.818841574544752,19.18,P3O-ClosedLoopAlpha,Walker2d-v4,4
29269,reward,1062,5.330102845816159,19.127,P3O-ClosedLoopAlpha,Walker2d-v4,4
29314,reward,1063,-8.469927918875648,17.216,P3O-ClosedLoopAlpha,Walker2d-v4,4
29358,reward,1064,3.3494656949642314,16.655,P3O-ClosedLoopAlpha,Walker2d-v4,4
29414,reward,1065,23.58858712287524,17.671,P3O-ClosedLoopAlpha,Walker2d-v4,4
29439,reward,1066,-4.082374915683022,14.545,P3O-ClosedLoopAlpha,Walker2d-v4,4
29496,reward,1067,-2.1212613350003258,9.6,P3O-ClosedLoopAlpha,Walker2d-v4,4
29526,reward,1068,5.021642026803501,6.915,P3O-ClosedLoopAlpha,Walker2d-v4,4
29579,reward,1069,19.734774856162804,8.495,P3O-ClosedLoopAlpha,Walker2d-v4,4
29595,reward,1070,5.873808609142836,6.104,P3O-ClosedLoopAlpha,Walker2d-v4,4
29635,reward,1071,2.3702867446451883,5.06,P3O-ClosedLoopAlpha,Walker2d-v4,4
29660,reward,1072,3.5756846919683625,4.884,P3O-ClosedLoopAlpha,Walker2d-v4,4
29714,reward,1073,12.392892647803292,6.97,P3O-ClosedLoopAlpha,Walker2d-v4,4
29788,reward,1074,50.09438933643669,11.645,P3O-ClosedLoopAlpha,Walker2d-v4,4
29849,reward,1075,14.613361072915723,10.747,P3O-ClosedLoopAlpha,Walker2d-v4,4
29898,reward,1076,27.647005346845425,13.92,P3O-ClosedLoopAlpha,Walker2d-v4,4
29946,reward,1077,10.386611584410854,15.171,P3O-ClosedLoopAlpha,Walker2d-v4,4
29970,reward,1078,-0.8796894595219058,14.581,P3O-ClosedLoopAlpha,Walker2d-v4,4
30000,speed,1891.28,0.26,P3O-ClosedLoopAlpha,Walker2d-v4,4
30008,reward,1079,0.6823568234798572,12.676,P3O-ClosedLoopAlpha,Walker2d-v4,4
30054,reward,1080,12.892591720016453,13.378,P3O-ClosedLoopAlpha,Walker2d-v4,4
30079,reward,1081,2.975130236907697,13.438,P3O-ClosedLoopAlpha,Walker2d-v4,4
30122,reward,1082,6.6124654051149765,13.742,P3O-ClosedLoopAlpha,Walker2d-v4,4
30187,reward,1083,32.96618601155248,15.799,P3O-ClosedLoopAlpha,Walker2d-v4,4
30226,reward,1084,11.461739600772276,11.936,P3O-ClosedLoopAlpha,Walker2d-v4,4
30255,reward,1085,14.505075217626995,11.925,P3O-ClosedLoopAlpha,Walker2d-v4,4
30299,reward,1086,11.021833639802052,10.262,P3O-ClosedLoopAlpha,Walker2d-v4,4
30325,reward,1087,-2.084913615186742,9.015,P3O-ClosedLoopAlpha,Walker2d-v4,4
30384,reward,1088,36.739718637635356,12.777,P3O-ClosedLoopAlpha,Walker2d-v4,4
30409,reward,1089,-1.621490116733697,12.547,P3O-ClosedLoopAlpha,Walker2d-v4,4
30438,reward,1090,12.307288128157197,12.488,P3O-ClosedLoopAlpha,Walker2d-v4,4
30463,reward,1091,1.7095736594977016,12.362,P3O-ClosedLoopAlpha,Walker2d-v4,4
30508,reward,1092,11.319254572097385,12.832,P3O-ClosedLoopAlpha,Walker2d-v4,4
30529,reward,1093,-0.6315831586310261,9.473,P3O-ClosedLoopAlpha,Walker2d-v4,4
30583,reward,1094,-7.999367528709556,7.527,P3O-ClosedLoopAlpha,Walker2d-v4,4
30603,reward,1095,1.1450736419099226,6.191,P3O-ClosedLoopAlpha,Walker2d-v4,4
30622,reward,1096,-1.0848909827305395,4.98,P3O-ClosedLoopAlpha,Walker2d-v4,4
30725,reward,1097,87.36233559916742,13.925,P3O-ClosedLoopAlpha,Walker2d-v4,4
30783,reward,1098,13.260868392839345,11.577,P3O-ClosedLoopAlpha,Walker2d-v4,4
30837,reward,1099,0.4564040857184799,11.784,P3O-ClosedLoopAlpha,Walker2d-v4,4
30855,reward,1100,2.604587404177424,10.814,P3O-ClosedLoopAlpha,Walker2d-v4,4
30902,reward,1101,2.790091742729809,10.922,P3O-ClosedLoopAlpha,Walker2d-v4,4
30961,reward,1102,-0.49416439709256643,9.741,P3O-ClosedLoopAlpha,Walker2d-v4,4
31008,reward,1103,16.276496050737457,11.432,P3O-ClosedLoopAlpha,Walker2d-v4,4
31034,reward,1104,1.1525761037452993,12.347,P3O-ClosedLoopAlpha,Walker2d-v4,4
31074,reward,1105,25.454335094145726,14.778,P3O-ClosedLoopAlpha,Walker2d-v4,4
31109,reward,1106,5.427702273876908,15.429,P3O-ClosedLoopAlpha,Walker2d-v4,4
31148,reward,1107,3.9673453487590224,7.09,P3O-ClosedLoopAlpha,Walker2d-v4,4
31202,reward,1108,21.160389996422946,7.88,P3O-ClosedLoopAlpha,Walker2d-v4,4
31230,reward,1109,4.408392085903459,8.275,P3O-ClosedLoopAlpha,Walker2d-v4,4
31255,reward,1110,6.280307974576305,8.642,P3O-ClosedLoopAlpha,Walker2d-v4,4
31290,reward,1111,4.0903091750669205,8.772,P3O-ClosedLoopAlpha,Walker2d-v4,4
31337,reward,1112,10.674252957568847,9.889,P3O-ClosedLoopAlpha,Walker2d-v4,4
31363,reward,1113,2.8115206779322426,8.543,P3O-ClosedLoopAlpha,Walker2d-v4,4
31394,reward,1114,3.8366798120645873,8.811,P3O-ClosedLoopAlpha,Walker2d-v4,4
31440,reward,1115,43.3560590701702,10.601,P3O-ClosedLoopAlpha,Walker2d-v4,4
31472,reward,1116,9.623904411955674,11.021,P3O-ClosedLoopAlpha,Walker2d-v4,4
31525,reward,1117,14.880893207559708,12.112,P3O-ClosedLoopAlpha,Walker2d-v4,4
31601,reward,1118,28.67859831857089,12.864,P3O-ClosedLoopAlpha,Walker2d-v4,4
31618,reward,1119,1.3720451530534374,12.56,P3O-ClosedLoopAlpha,Walker2d-v4,4
31653,reward,1120,2.153919178978974,12.148,P3O-ClosedLoopAlpha,Walker2d-v4,4
31683,reward,1121,4.3361943081064815,12.172,P3O-ClosedLoopAlpha,Walker2d-v4,4
31721,reward,1122,6.8628584533789025,11.791,P3O-ClosedLoopAlpha,Walker2d-v4,4
31747,reward,1123,6.717161259026703,12.182,P3O-ClosedLoopAlpha,Walker2d-v4,4
31814,reward,1124,6.308019501808373,12.429,P3O-ClosedLoopAlpha,Walker2d-v4,4
31866,reward,1125,33.7726112014622,11.471,P3O-ClosedLoopAlpha,Walker2d-v4,4
31893,reward,1126,10.619334620459544,11.57,P3O-ClosedLoopAlpha,Walker2d-v4,4
31921,reward,1127,0.38503961426167777,10.121,P3O-ClosedLoopAlpha,Walker2d-v4,4
31981,reward,1128,14.934896949229246,8.746,P3O-ClosedLoopAlpha,Walker2d-v4,4
32028,reward,1129,15.713223988850753,10.18,P3O-ClosedLoopAlpha,Walker2d-v4,4
32091,reward,1130,12.32025605797596,11.197,P3O-ClosedLoopAlpha,Walker2d-v4,4
32138,reward,1131,0.10781152014894557,10.774,P3O-ClosedLoopAlpha,Walker2d-v4,4
32167,reward,1132,11.254345757425824,11.213,P3O-ClosedLoopAlpha,Walker2d-v4,4
32209,reward,1133,5.2087321704419525,11.062,P3O-ClosedLoopAlpha,Walker2d-v4,4
32253,reward,1134,5.382562377803304,10.97,P3O-ClosedLoopAlpha,Walker2d-v4,4
32285,reward,1135,11.367785285657748,8.729,P3O-ClosedLoopAlpha,Walker2d-v4,4
32327,reward,1136,22.409084029403086,9.908,P3O-ClosedLoopAlpha,Walker2d-v4,4
32359,reward,1137,-2.7224499929501977,9.598,P3O-ClosedLoopAlpha,Walker2d-v4,4
32402,reward,1138,15.55276197971507,9.659,P3O-ClosedLoopAlpha,Walker2d-v4,4
32483,reward,1139,27.35749781619732,10.824,P3O-ClosedLoopAlpha,Walker2d-v4,4
32542,reward,1140,8.960212223428254,10.488,P3O-ClosedLoopAlpha,Walker2d-v4,4
32575,reward,1141,6.972378452492013,11.174,P3O-ClosedLoopAlpha,Walker2d-v4,4
32604,reward,1142,-2.4018810263753214,9.809,P3O-ClosedLoopAlpha,Walker2d-v4,4
32640,reward,1143,-1.9804306164246315,9.09,P3O-ClosedLoopAlpha,Walker2d-v4,4
32710,reward,1144,-5.106094236652826,8.041,P3O-ClosedLoopAlpha,Walker2d-v4,4
32733,reward,1145,10.656365857709869,7.97,P3O-ClosedLoopAlpha,Walker2d-v4,4
32761,reward,1146,6.963458404635707,6.425,P3O-ClosedLoopAlpha,Walker2d-v4,4
32768,loss,-0.07679685205221176,0.4983595907688141,P3O-ClosedLoopAlpha,Walker2d-v4,4
32814,reward,1147,15.229804187392721,8.22,P3O-ClosedLoopAlpha,Walker2d-v4,4
32890,reward,1148,63.36203413974823,13.001,P3O-ClosedLoopAlpha,Walker2d-v4,4
32943,reward,1149,11.987322595719306,11.464,P3O-ClosedLoopAlpha,Walker2d-v4,4
33002,reward,1150,13.187314483423425,11.887,P3O-ClosedLoopAlpha,Walker2d-v4,4
33029,reward,1151,3.280843514893256,11.518,P3O-ClosedLoopAlpha,Walker2d-v4,4
33061,reward,1152,14.149956534579717,13.173,P3O-ClosedLoopAlpha,Walker2d-v4,4
33094,reward,1153,5.791968489287393,13.95,P3O-ClosedLoopAlpha,Walker2d-v4,4
33108,reward,1154,2.86518494083941,14.747,P3O-ClosedLoopAlpha,Walker2d-v4,4
33155,reward,1155,16.454809410975916,15.327,P3O-ClosedLoopAlpha,Walker2d-v4,4
33200,reward,1156,18.03497031336134,16.434,P3O-ClosedLoopAlpha,Walker2d-v4,4
33235,reward,1157,9.785370201234663,15.89,P3O-ClosedLoopAlpha,Walker2d-v4,4
33277,reward,1158,12.25556638366235,10.779,P3O-ClosedLoopAlpha,Walker2d-v4,4
33299,reward,1159,3.5726480145870223,9.938,P3O-ClosedLoopAlpha,Walker2d-v4,4
33355,reward,1160,26.327690093833453,11.252,P3O-ClosedLoopAlpha,Walker2d-v4,4
33432,reward,1161,8.45219763995738,11.769,P3O-ClosedLoopAlpha,Walker2d-v4,4
33467,reward,1162,9.049539722636286,11.259,P3O-ClosedLoopAlpha,Walker2d-v4,4
33530,reward,1163,22.331875301479247,12.913,P3O-ClosedLoopAlpha,Walker2d-v4,4
33621,reward,1164,7.699091298912052,13.396,P3O-ClosedLoopAlpha,Walker2d-v4,4
33711,reward,1165,27.872222201420772,14.538,P3O-ClosedLoopAlpha,Walker2d-v4,4
33806,reward,1166,104.77112032073873,23.212,P3O-ClosedLoopAlpha,Walker2d-v4,4
33851,reward,1167,18.950741024273956,24.128,P3O-ClosedLoopAlpha,Walker2d-v4,4
33869,reward,1168,4.394311731799472,23.342,P3O-ClosedLoopAlpha,Walker2d-v4,4
33907,reward,1169,26.96378618805971,25.681,P3O-ClosedLoopAlpha,Walker2d-v4,4
33967,reward,1170,32.13924126261292,26.262,P3O-ClosedLoopAlpha,Walker2d-v4,4
33996,reward,1171,7.938825462355975,26.211,P3O-ClosedLoopAlpha,Walker2d-v4,4
34040,reward,1172,34.110278600624774,28.717,P3O-ClosedLoopAlpha,Walker2d-v4,4
34076,reward,1173,21.412549194575337,28.625,P3O-ClosedLoopAlpha,Walker2d-v4,4
34116,reward,1174,12.18951032000098,29.074,P3O-ClosedLoopAlpha,Walker2d-v4,4
34150,reward,1175,9.99685415170207,27.287,P3O-ClosedLoopAlpha,Walker2d-v4,4
34213,reward,1176,32.612073748791275,20.071,P3O-ClosedLoopAlpha,Walker2d-v4,4
34237,reward,1177,8.492902011028248,19.025,P3O-ClosedLoopAlpha,Walker2d-v4,4
34284,reward,1178,13.12248985849744,19.898,P3O-ClosedLoopAlpha,Walker2d-v4,4
34354,reward,1179,39.02103204186995,21.104,P3O-ClosedLoopAlpha,Walker2d-v4,4
34372,reward,1180,7.555731292768966,18.645,P3O-ClosedLoopAlpha,Walker2d-v4,4
34405,reward,1181,18.63571007685441,19.715,P3O-ClosedLoopAlpha,Walker2d-v4,4
34473,reward,1182,52.10855048469932,21.515,P3O-ClosedLoopAlpha,Walker2d-v4,4
34523,reward,1183,21.349813379589964,21.508,P3O-ClosedLoopAlpha,Walker2d-v4,4
34603,reward,1184,75.45198835459232,27.835,P3O-ClosedLoopAlpha,Walker2d-v4,4
34691,reward,1185,36.17236717144843,30.452,P3O-ClosedLoopAlpha,Walker2d-v4,4
34734,reward,1186,25.630865025879014,29.754,P3O-ClosedLoopAlpha,Walker2d-v4,4
34824,reward,1187,-0.038010656724960956,28.901,P3O-ClosedLoopAlpha,Walker2d-v4,4
34872,reward,1188,19.86974205154819,29.576,P3O-ClosedLoopAlpha,Walker2d-v4,4
34926,reward,1189,31.562116817295127,28.83,P3O-ClosedLoopAlpha,Walker2d-v4,4
34973,reward,1190,15.604080679459965,29.635,P3O-ClosedLoopAlpha,Walker2d-v4,4
35011,reward,1191,6.286879906275927,28.4,P3O-ClosedLoopAlpha,Walker2d-v4,4
35056,reward,1192,17.749707243176367,24.964,P3O-ClosedLoopAlpha,Walker2d-v4,4
35090,reward,1193,29.83837901268753,25.813,P3O-ClosedLoopAlpha,Walker2d-v4,4
35125,reward,1194,4.526291029447685,18.72,P3O-ClosedLoopAlpha,Walker2d-v4,4
35156,reward,1195,9.792370784016208,16.082,P3O-ClosedLoopAlpha,Walker2d-v4,4
35211,reward,1196,13.494324755433338,14.869,P3O-ClosedLoopAlpha,Walker2d-v4,4
35295,reward,1197,43.826842273798306,19.255,P3O-ClosedLoopAlpha,Walker2d-v4,4
35324,reward,1198,6.791012747868248,17.947,P3O-ClosedLoopAlpha,Walker2d-v4,4
35391,reward,1199,-10.934727784687665,13.698,P3O-ClosedLoopAlpha,Walker2d-v4,4
35553,reward,1200,195.62789480970736,31.7,P3O-ClosedLoopAlpha,Walker2d-v4,4
35613,reward,1201,25.569390396906932,33.628,P3O-ClosedLoopAlpha,Walker2d-v4,4
35636,reward,1202,10.23493554735668,32.877,P3O-ClosedLoopAlpha,Walker2d-v4,4
35725,reward,1203,35.94226114038588,33.487,P3O-ClosedLoopAlpha,Walker2d-v4,4
35780,reward,1204,62.847873251032034,39.319,P3O-ClosedLoopAlpha,Walker2d-v4,4
35816,reward,1205,11.23357883545707,39.463,P3O-ClosedLoopAlpha,Walker2d-v4,4
35856,reward,1206,6.979191476577715,38.812,P3O-ClosedLoopAlpha,Walker2d-v4,4
35904,reward,1207,28.86432654466333,37.316,P3O-ClosedLoopAlpha,Walker2d-v4,4
35951,reward,1208,32.822234706472955,39.919,P3O-ClosedLoopAlpha,Walker2d-v4,4
36002,reward,1209,16.526961057806172,42.665,P3O-ClosedLoopAlpha,Walker2d-v4,4
36085,reward,1210,35.908794594208096,26.693,P3O-ClosedLoopAlpha,Walker2d-v4,4
36119,reward,1211,9.460867148604837,25.082,P3O-ClosedLoopAlpha,Walker2d-v4,4
36145,reward,1212,5.336874168750505,24.592,P3O-ClosedLoopAlpha,Walker2d-v4,4
36181,reward,1213,21.358213613305935,23.134,P3O-ClosedLoopAlpha,Walker2d-v4,4
36272,reward,1214,5.540873858260076,17.403,P3O-ClosedLoopAlpha,Walker2d-v4,4
36296,reward,1215,2.785786383547018,16.558,P3O-ClosedLoopAlpha,Walker2d-v4,4
36355,reward,1216,20.631851279057713,17.924,P3O-ClosedLoopAlpha,Walker2d-v4,4
36418,reward,1217,38.916144719904025,18.929,P3O-ClosedLoopAlpha,Walker2d-v4,4
36493,reward,1218,61.10755256516431,21.757,P3O-ClosedLoopAlpha,Walker2d-v4,4
36551,reward,1219,50.86138575429257,25.191,P3O-ClosedLoopAlpha,Walker2d-v4,4
36565,reward,1220,3.2108956556600754,21.921,P3O-ClosedLoopAlpha,Walker2d-v4,4
36641,reward,1221,50.53472758324539,26.028,P3O-ClosedLoopAlpha,Walker2d-v4,4
36708,reward,1222,52.14542509961657,30.709,P3O-ClosedLoopAlpha,Walker2d-v4,4
36765,reward,1223,44.02551446949539,32.976,P3O-ClosedLoopAlpha,Walker2d-v4,4
36865,reward,1224,58.80411255350404,38.302,P3O-ClosedLoopAlpha,Walker2d-v4,4
36912,reward,1225,19.02510648579756,39.926,P3O-ClosedLoopAlpha,Walker2d-v4,4
36928,reward,1226,5.349655426836199,38.398,P3O-ClosedLoopAlpha,Walker2d-v4,4
36977,reward,1227,28.901182024395588,37.397,P3O-ClosedLoopAlpha,Walker2d-v4,4
37021,reward,1228,25.808896599113417,33.867,P3O-ClosedLoopAlpha,Walker2d-v4,4
37117,reward,1229,76.37472827933387,36.418,P3O-ClosedLoopAlpha,Walker2d-v4,4
37148,reward,1230,18.610826978678528,37.958,P3O-ClosedLoopAlpha,Walker2d-v4,4
37201,reward,1231,8.62956724006052,33.768,P3O-ClosedLoopAlpha,Walker2d-v4,4
37215,reward,1232,4.296710984231176,28.983,P3O-ClosedLoopAlpha,Walker2d-v4,4
37243,reward,1233,5.987018195893642,25.179,P3O-ClosedLoopAlpha,Walker2d-v4,4
37282,reward,1234,3.9429998638594728,19.693,P3O-ClosedLoopAlpha,Walker2d-v4,4
37319,reward,1235,15.693871562135605,19.36,P3O-ClosedLoopAlpha,Walker2d-v4,4
37337,reward,1236,7.416959710068629,19.566,P3O-ClosedLoopAlpha,Walker2d-v4,4
37389,reward,1237,34.63155056863327,20.139,P3O-ClosedLoopAlpha,Walker2d-v4,4
37474,reward,1238,36.30883401608468,21.189,P3O-ClosedLoopAlpha,Walker2d-v4,4
37527,reward,1239,3.1579313769257897,13.868,P3O-ClosedLoopAlpha,Walker2d-v4,4
37624,reward,1240,8.832502921816083,12.89,P3O-ClosedLoopAlpha,Walker2d-v4,4
37671,reward,1241,3.393024770671587,12.366,P3O-ClosedLoopAlpha,Walker2d-v4,4
37702,reward,1242,3.341393157426439,12.271,P3O-ClosedLoopAlpha,Walker2d-v4,4
37752,reward,1243,9.286815949081591,12.601,P3O-ClosedLoopAlpha,Walker2d-v4,4
37794,reward,1244,16.97653348164287,13.904,P3O-ClosedLoopAlpha,Walker2d-v4,4
37847,reward,1245,23.198537035185527,14.654,P3O-ClosedLoopAlpha,Walker2d-v4,4
37909,reward,1246,27.545548230793244,16.667,P3O-ClosedLoopAlpha,Walker2d-v4,4
37994,reward,1247,79.17803208961742,21.122,P3O-ClosedLoopAlpha,Walker2d-v4,4
38037,reward,1248,19.166137708266596,19.408,P3O-ClosedLoopAlpha,Walker2d-v4,4
38072,reward,1249,5.627080363739584,19.655,P3O-ClosedLoopAlpha,Walker2d-v4,4
38106,reward,1250,4.232681042440538,19.195,P3O-ClosedLoopAlpha,Walker2d-v4,4
38138,reward,1251,4.2554032949135605,19.281,P3O-ClosedLoopAlpha,Walker2d-v4,4
38267,reward,1252,-41.454856162944566,14.801,P3O-ClosedLoopAlpha,Walker2d-v4,4
38310,reward,1253,35.49508131206988,17.422,P3O-ClosedLoopAlpha,Walker2d-v4,4
38344,reward,1254,21.070763743258595,17.831,P3O-ClosedLoopAlpha,Walker2d-v4,4
38385,reward,1255,21.969963100518097,17.709,P3O-ClosedLoopAlpha,Walker2d-v4,4
38427,reward,1256,0.5571603959489939,15.01,P3O-ClosedLoopAlpha,Walker2d-v4,4
38451,reward,1257,15.326844393002592,8.625,P3O-ClosedLoopAlpha,Walker2d-v4,4
38485,reward,1258,11.925320947804936,7.901,P3O-ClosedLoopAlpha,Walker2d-v4,4
38518,reward,1259,3.376583477872896,7.675,P3O-ClosedLoopAlpha,Walker2d-v4,4
38596,reward,1260,69.59962633983149,14.212,P3O-ClosedLoopAlpha,Walker2d-v4,4
38661,reward,1261,18.27779152105633,15.614,P3O-ClosedLoopAlpha,Walker2d-v4,4
38746,reward,1262,67.27368135950668,26.487,P3O-ClosedLoopAlpha,Walker2d-v4,4
38803,reward,1263,11.058955166039663,24.044,P3O-ClosedLoopAlpha,Walker2d-v4,4
38951,reward,1264,126.57333253113337,34.594,P3O-ClosedLoopAlpha,Walker2d-v4,4
39005,reward,1265,17.470380777005353,34.144,P3O-ClosedLoopAlpha,Walker2d-v4,4
39080,reward,1266,55.8732492925226,39.676,P3O-ClosedLoopAlpha,Walker2d-v4,4
39137,reward,1267,35.08318273637592,41.651,P3O-ClosedLoopAlpha,Walker2d-v4,4
39174,reward,1268,13.544656108953333,41.813,P3O-ClosedLoopAlpha,Walker2d-v4,4
39211,reward,1269,20.950512857929056,43.571,P3O-ClosedLoopAlpha,Walker2d-v4,4
39271,reward,1270,45.273254679135405,41.138,P3O-ClosedLoopAlpha,Walker2d-v4,4
39319,reward,1271,0.8088900807595656,39.391,P3O-ClosedLoopAlpha,Walker2d-v4,4
39382,reward,1272,35.698412196475516,36.233,P3O-ClosedLoopAlpha,Walker2d-v4,4
39457,reward,1273,26.459040681434637,37.773,P3O-ClosedLoopAlpha,Walker2d-v4,4
39521,reward,1274,24.77036403091294,27.593,P3O-ClosedLoopAlpha,Walker2d-v4,4
39609,reward,1275,65.36467865548312,32.383,P3O-ClosedLoopAlpha,Walker2d-v4,4
39660,reward,1276,26.115425535069495,29.407,P3O-ClosedLoopAlpha,Walker2d-v4,4
39710,reward,1277,30.827159630095156,28.981,P3O-ClosedLoopAlpha,Walker2d-v4,4
39764,reward,1278,35.21619576592642,31.148,P3O-ClosedLoopAlpha,Walker2d-v4,4
39790,reward,1279,2.2627588072325424,29.28,P3O-ClosedLoopAlpha,Walker2d-v4,4
39867,reward,1280,-2.8655320698015627,24.466,P3O-ClosedLoopAlpha,Walker2d-v4,4
39934,reward,1281,32.613734166602114,27.646,P3O-ClosedLoopAlpha,Walker2d-v4,4
40000,speed,1988.15,0.35,P3O-ClosedLoopAlpha,Walker2d-v4,4
40004,reward,1282,35.80531926559652,27.657,P3O-ClosedLoopAlpha,Walker2d-v4,4
40064,reward,1283,29.97018702568872,28.008,P3O-ClosedLoopAlpha,Walker2d-v4,4
40164,reward,1284,142.94147179939435,39.825,P3O-ClosedLoopAlpha,Walker2d-v4,4
40219,reward,1285,48.204988380108574,38.109,P3O-ClosedLoopAlpha,Walker2d-v4,4
40270,reward,1286,6.529057643906763,36.151,P3O-ClosedLoopAlpha,Walker2d-v4,4
40329,reward,1287,16.838341658684467,34.752,P3O-ClosedLoopAlpha,Walker2d-v4,4
40398,reward,1288,39.737697224852226,35.204,P3O-ClosedLoopAlpha,Walker2d-v4,4
40452,reward,1289,2.4103725040339183,35.219,P3O-ClosedLoopAlpha,Walker2d-v4,4
40504,reward,1290,30.3702840839994,38.542,P3O-ClosedLoopAlpha,Walker2d-v4,4
40532,reward,1291,5.449794498001344,35.826,P3O-ClosedLoopAlpha,Walker2d-v4,4
40561,reward,1292,2.0420768089631345,32.449,P3O-ClosedLoopAlpha,Walker2d-v4,4
40608,reward,1293,21.67806935566197,31.62,P3O-ClosedLoopAlpha,Walker2d-v4,4
40684,reward,1294,34.16547579442096,20.743,P3O-ClosedLoopAlpha,Walker2d-v4,4
40733,reward,1295,6.033653112086999,16.525,P3O-ClosedLoopAlpha,Walker2d-v4,4
40766,reward,1296,19.17609466422737,17.79,P3O-ClosedLoopAlpha,Walker2d-v4,4
40824,reward,1297,25.030294975340784,18.609,P3O-ClosedLoopAlpha,Walker2d-v4,4
40836,reward,1298,2.6782066646599807,14.903,P3O-ClosedLoopAlpha,Walker2d-v4,4
40909,reward,1299,20.350182626336654,16.697,P3O-ClosedLoopAlpha,Walker2d-v4,4
40960,loss,-0.044089723378419876,0.9176663160324097,P3O-ClosedLoopAlpha,Walker2d-v4,4
40986,reward,1300,72.07678049599951,20.868,P3O-ClosedLoopAlpha,Walker2d-v4,4
41047,reward,1301,33.08267661362926,23.631,P3O-ClosedLoopAlpha,Walker2d-v4,4
41104,reward,1302,37.04943240404272,27.132,P3O-ClosedLoopAlpha,Walker2d-v4,4
41178,reward,1303,43.65045006658836,29.329,P3O-ClosedLoopAlpha,Walker2d-v4,4
41278,reward,1304,91.22995424036054,35.036,P3O-ClosedLoopAlpha,Walker2d-v4,4
41382,reward,1305,43.48789605794763,38.781,P3O-ClosedLoopAlpha,Walker2d-v4,4
41436,reward,1306,24.57843454877248,39.321,P3O-ClosedLoopAlpha,Walker2d-v4,4
41472,reward,1307,7.125816319802022,37.531,P3O-ClosedLoopAlpha,Walker2d-v4,4
41542,reward,1308,42.00528832701324,41.464,P3O-ClosedLoopAlpha,Walker2d-v4,4
41618,reward,1309,18.239644635603124,41.253,P3O-ClosedLoopAlpha,Walker2d-v4,4
41700,reward,1310,64.71918878835667,40.517,P3O-ClosedLoopAlpha,Walker2d-v4,4
41761,reward,1311,17.54910232981069,38.964,P3O-ClosedLoopAlpha,Walker2d-v4,4
41851,reward,1312,45.938871674814045,39.852,P3O-ClosedLoopAlpha,Walker2d-v4,4
41893,reward,1313,-2.578841747154331,35.23,P3O-ClosedLoopAlpha,Walker2d-v4,4
42000,reward,1314,13.494825683716385,27.456,P3O-ClosedLoopAlpha,Walker2d-v4,4
42069,reward,1315,41.94442347655,27.302,P3O-ClosedLoopAlpha,Walker2d-v4,4
42132,reward,1316,20.771841075923103,26.921,P3O-ClosedLoopAlpha,Walker2d-v4,4
42211,reward,1317,22.011537033964927,28.41,P3O-ClosedLoopAlpha,Walker2d-v4,4
42292,reward,1318,25.493505622631215,26.758,P3O-ClosedLoopAlpha,Walker2d-v4,4
42357,reward,1319,21.805011846897894,27.115,P3O-ClosedLoopAlpha,Walker2d-v4,4
42479,reward,1320,15.307657003370924,22.174,P3O-ClosedLoopAlpha,Walker2d-v4,4
42545,reward,1321,32.37416900886059,23.656,P3O-ClosedLoopAlpha,Walker2d-v4,4
42656,reward,1322,79.78522372967672,27.041,P3O-ClosedLoopAlpha,Walker2d-v4,4
42714,reward,1323,5.620131489494002,27.861,P3O-ClosedLoopAlpha,Walker2d-v4,4
42760,reward,1324,20.21619183512377,28.533,P3O-ClosedLoopAlpha,Walker2d-v4,4
42832,reward,1325,17.117740482212344,26.05,P3O-ClosedLoopAlpha,Walker2d-v4,4
42990,reward,1326,211.54729149198812,45.128,P3O-ClosedLoopAlpha,Walker2d-v4,4
43083,reward,1327,23.26022464910255,45.253,P3O-ClosedLoopAlpha,Walker2d-v4,4
43118,reward,1328,21.50238085483765,44.854,P3O-ClosedLoopAlpha,Walker2d-v4,4
43158,reward,1329,21.05152067559677,44.778,P3O-ClosedLoopAlpha,Walker2d-v4,4
43266,reward,1330,119.48566298387922,55.196,P3O-ClosedLoopAlpha,Walker2d-v4,4
43427,reward,1331,136.0749153436571,65.566,P3O-ClosedLoopAlpha,Walker2d-v4,4
43457,reward,1332,5.256957127961475,58.113,P3O-ClosedLoopAlpha,Walker2d-v4,4
43511,reward,1333,22.92329912089813,59.844,P3O-ClosedLoopAlpha,Walker2d-v4,4
43599,reward,1334,67.2774995545593,64.55,P3O-ClosedLoopAlpha,Walker2d-v4,4
43695,reward,1335,54.08448057439261,68.246,P3O-ClosedLoopAlpha,Walker2d-v4,4
43765,reward,1336,20.09892131987834,49.102,P3O-ClosedLoopAlpha,Walker2d-v4,4
43800,reward,1337,13.712248986455819,48.147,P3O-ClosedLoopAlpha,Walker2d-v4,4
43878,reward,1338,50.34300504298426,51.031,P3O-ClosedLoopAlpha,Walker2d-v4,4
43933,reward,1339,6.213346787432911,49.547,P3O-ClosedLoopAlpha,Walker2d-v4,4
43969,reward,1340,11.903660159150403,38.789,P3O-ClosedLoopAlpha,Walker2d-v4,4
44017,reward,1341,2.296224689913698,25.411,P3O-ClosedLoopAlpha,Walker2d-v4,4
44062,reward,1342,25.402846074694583,27.426,P3O-ClosedLoopAlpha,Walker2d-v4,4
44137,reward,1343,11.838781764136643,26.317,P3O-ClosedLoopAlpha,Walker2d-v4,4
44182,reward,1344,31.35994794144359,22.725,P3O-ClosedLoopAlpha,Walker2d-v4,4
44219,reward,1345,6.006855815477776,17.918,P3O-ClosedLoopAlpha,Walker2d-v4,4
44266,reward,1346,2.4721575481564417,16.155,P3O-ClosedLoopAlpha,Walker2d-v4,4
44295,reward,1347,1.306785325963268,14.914,P3O-ClosedLoopAlpha,Walker2d-v4,4
44418,reward,1348,15.00836544331341,11.381,P3O-ClosedLoopAlpha,Walker2d-v4,4
44544,reward,1349,40.037822364299174,14.763,P3O-ClosedLoopAlpha,Walker2d-v4,4
44622,reward,1350,45.63115220567853,18.136,P3O-ClosedLoopAlpha,Walker2d-v4,4
44671,reward,1351,15.385110210290089,19.445,P3O-ClosedLoopAlpha,Walker2d-v4,4
44723,reward,1352,13.96231835135635,18.301,P3O-ClosedLoopAlpha,Walker2d-v4,4
44766,reward,1353,8.020099538528005,17.919,P3O-ClosedLoopAlpha,Walker2d-v4,4
44830,reward,1354,6.594818338054914,15.443,P3O-ClosedLoopAlpha,Walker2d-v4,4
44900,reward,1355,15.6323683687585,16.405,P3O-ClosedLoopAlpha,Walker2d-v4,4
45020,reward,1356,10.505524214623492,17.208,P3O-ClosedLoopAlpha,Walker2d-v4,4
45064,reward,1357,18.620982913195558,18.94,P3O-ClosedLoopAlpha,Walker2d-v4,4
45105,reward,1358,17.430518012443958,19.182,P3O-ClosedLoopAlpha,Walker2d-v4,4
45234,reward,1359,226.25202923215704,37.803,P3O-ClosedLoopAlpha,Walker2d-v4,4
45290,reward,1360,17.777191696845833,35.018,P3O-ClosedLoopAlpha,Walker2d-v4,4
45332,reward,1361,11.491752732917359,34.629,P3O-ClosedLoopAlpha,Walker2d-v4,4
45411,reward,1362,0.8211031353154463,33.315,P3O-ClosedLoopAlpha,Walker2d-v4,4
45472,reward,1363,15.448340661440508,34.057,P3O-ClosedLoopAlpha,Walker2d-v4,4
45596,reward,1364,223.10165777578885,55.708,P3O-ClosedLoopAlpha,Walker2d-v4,4
45623,reward,1365,9.35830411485035,55.081,P3O-ClosedLoopAlpha,Walker2d-v4,4
45701,reward,1366,36.294080025739035,57.66,P3O-ClosedLoopAlpha,Walker2d-v4,4
45742,reward,1367,23.64169197498639,58.162,P3O-ClosedLoopAlpha,Walker2d-v4,4
45787,reward,1368,8.321196042454087,57.251,P3O-ClosedLoopAlpha,Walker2d-v4,4
45847,reward,1369,30.039626442192603,37.629,P3O-ClosedLoopAlpha,Walker2d-v4,4
45899,reward,1370,2.4657887729183754,36.098,P3O-ClosedLoopAlpha,Walker2d-v4,4
45947,reward,1371,13.389312956236557,36.288,P3O-ClosedLoopAlpha,Walker2d-v4,4
46064,reward,1372,25.10560781491243,38.717,P3O-ClosedLoopAlpha,Walker2d-v4,4
46147,reward,1373,3.847583415545995,37.556,P3O-ClosedLoopAlpha,Walker2d-v4,4
46188,reward,1374,18.432101896788758,17.09,P3O-ClosedLoopAlpha,Walker2d-v4,4
46224,reward,1375,9.448912335440786,17.099,P3O-ClosedLoopAlpha,Walker2d-v4,4
46254,reward,1376,7.779877305611046,14.247,P3O-ClosedLoopAlpha,Walker2d-v4,4
46345,reward,1377,-5.298451513491512,11.353,P3O-ClosedLoopAlpha,Walker2d-v4,4
46386,reward,1378,20.117586293522205,12.533,P3O-ClosedLoopAlpha,Walker2d-v4,4
46454,reward,1379,-13.6450469877892,8.164,P3O-ClosedLoopAlpha,Walker2d-v4,4
46526,reward,1380,0.4790513602763449,7.966,P3O-ClosedLoopAlpha,Walker2d-v4,4
46596,reward,1381,24.487750121204492,9.075,P3O-ClosedLoopAlpha,Walker2d-v4,4
46673,reward,1382,7.4966144339960685,7.315,P3O-ClosedLoopAlpha,Walker2d-v4,4
46714,reward,1383,17.439449855431207,8.674,P3O-ClosedLoopAlpha,Walker2d-v4,4
46796,reward,1384,65.9894130036217,13.43,P3O-ClosedLoopAlpha,Walker2d-v4,4
46840,reward,1385,14.173166147627564,13.902,P3O-ClosedLoopAlpha,Walker2d-v4,4
46950,reward,1386,32.599745713392814,16.384,P3O-ClosedLoopAlpha,Walker2d-v4,4
47027,reward,1387,47.324998538923865,21.646,P3O-ClosedLoopAlpha,Walker2d-v4,4
47092,reward,1388,21.22311500433673,21.757,P3O-ClosedLoopAlpha,Walker2d-v4,4
47128,reward,1389,9.55922696655914,24.077,P3O-ClosedLoopAlpha,Walker2d-v4,4
47203,reward,1390,23.244379302694796,26.354,P3O-ClosedLoopAlpha,Walker2d-v4,4
47230,reward,1391,13.278507933175097,25.233,P3O-ClosedLoopAlpha,Walker2d-v4,4
47306,reward,1392,53.62640672615068,29.846,P3O-ClosedLoopAlpha,Walker2d-v4,4
47392,reward,1393,100.78928947856589,38.181,P3O-ClosedLoopAlpha,Walker2d-v4,4
47447,reward,1394,29.379322888687664,34.52,P3O-ClosedLoopAlpha,Walker2d-v4,4
47490,reward,1395,21.250773196521305,35.228,P3O-ClosedLoopAlpha,Walker2d-v4,4
47544,reward,1396,26.945885997833926,34.662,P3O-ClosedLoopAlpha,Walker2d-v4,4
47586,reward,1397,9.954347588278983,30.925,P3O-ClosedLoopAlpha,Walker2d-v4,4
47618,reward,1398,7.44193964475415,29.547,P3O-ClosedLoopAlpha,Walker2d-v4,4
47684,reward,1399,16.87096048137272,30.278,P3O-ClosedLoopAlpha,Walker2d-v4,4
47729,reward,1400,8.442386557086541,28.798,P3O-ClosedLoopAlpha,Walker2d-v4,4
47794,reward,1401,20.412298783814318,29.511,P3O-ClosedLoopAlpha,Walker2d-v4,4
47928,reward,1402,83.13790386227278,32.463,P3O-ClosedLoopAlpha,Walker2d-v4,4
47991,reward,1403,33.19861445026417,25.703,P3O-ClosedLoopAlpha,Walker2d-v4,4
48045,reward,1404,16.33895673334046,24.399,P3O-ClosedLoopAlpha,Walker2d-v4,4
48073,reward,1405,10.484552510065964,23.323,P3O-ClosedLoopAlpha,Walker2d-v4,4
48122,reward,1406,32.18456817394966,23.847,P3O-ClosedLoopAlpha,Walker2d-v4,4
48184,reward,1407,44.40457458958538,27.292,P3O-ClosedLoopAlpha,Walker2d-v4,4
48241,reward,1408,58.9612305449805,32.444,P3O-ClosedLoopAlpha,Walker2d-v4,4
48260,reward,1409,5.78208571755741,31.335,P3O-ClosedLoopAlpha,Walker2d-v4,4
48303,reward,1410,15.589842384295263,32.049,P3O-ClosedLoopAlpha,Walker2d-v4,4
48370,reward,1411,9.009236113409582,30.909,P3O-ClosedLoopAlpha,Walker2d-v4,4
48430,reward,1412,42.973498904283986,26.893,P3O-ClosedLoopAlpha,Walker2d-v4,4
48477,reward,1413,25.599208568531484,26.133,P3O-ClosedLoopAlpha,Walker2d-v4,4
48527,reward,1414,26.609784112630233,27.16,P3O-ClosedLoopAlpha,Walker2d-v4,4
48571,reward,1415,15.988117191447335,27.71,P3O-ClosedLoopAlpha,Walker2d-v4,4
48621,reward,1416,31.628759575512966,27.655,P3O-ClosedLoopAlpha,Walker2d-v4,4
48668,reward,1417,39.57783103221182,27.172,P3O-ClosedLoopAlpha,Walker2d-v4,4
48703,reward,1418,30.328785167140374,24.309,P3O-ClosedLoopAlpha,Walker2d-v4,4
48762,reward,1419,28.536111109589296,26.584,P3O-ClosedLoopAlpha,Walker2d-v4,4
48820,reward,1420,32.22986454215815,28.248,P3O-ClosedLoopAlpha,Walker2d-v4,4
48876,reward,1421,19.283858276529376,29.276,P3O-ClosedLoopAlpha,Walker2d-v4,4
48929,reward,1422,30.185653776710673,27.997,P3O-ClosedLoopAlpha,Walker2d-v4,4
49010,reward,1423,63.970306676185494,31.834,P3O-ClosedLoopAlpha,Walker2d-v4,4
49091,reward,1424,28.890551591584245,32.062,P3O-ClosedLoopAlpha,Walker2d-v4,4
49121,reward,1425,3.680010935750104,30.831,P3O-ClosedLoopAlpha,Walker2d-v4,4
49152,loss,-0.05967748165130615,1.2848553657531738,P3O-ClosedLoopAlpha,Walker2d-v4,4
49174,reward,1426,42.94632872601822,31.963,P3O-ClosedLoopAlpha,Walker2d-v4,4
49205,reward,1427,6.6690115738474445,28.672,P3O-ClosedLoopAlpha,Walker2d-v4,4
49248,reward,1428,17.382572550244006,27.377,P3O-ClosedLoopAlpha,Walker2d-v4,4
49337,reward,1429,64.73236875531029,30.997,P3O-ClosedLoopAlpha,Walker2d-v4,4
49463,reward,1430,-1.260221454580825,27.648,P3O-ClosedLoopAlpha,Walker2d-v4,4
49522,reward,1431,18.032000155296316,27.523,P3O-ClosedLoopAlpha,Walker2d-v4,4
49617,reward,1432,-1.6108421847418497,24.343,P3O-ClosedLoopAlpha,Walker2d-v4,4
49681,reward,1433,50.523904433721775,22.999,P3O-ClosedLoopAlpha,Walker2d-v4,4
49729,reward,1434,27.970024387220707,22.907,P3O-ClosedLoopAlpha,Walker2d-v4,4
49771,reward,1435,9.170615028472294,23.456,P3O-ClosedLoopAlpha,Walker2d-v4,4
49781,reward,1436,0.4779390610162203,19.209,P3O-ClosedLoopAlpha,Walker2d-v4,4
49813,reward,1437,20.947215772432244,20.637,P3O-ClosedLoopAlpha,Walker2d-v4,4
49853,reward,1438,24.616666603624445,21.36,P3O-ClosedLoopAlpha,Walker2d-v4,4
49880,reward,1439,3.689098351252718,15.256,P3O-ClosedLoopAlpha,Walker2d-v4,4
49973,reward,1440,9.546255734982502,16.336,P3O-ClosedLoopAlpha,Walker2d-v4,4
50000,speed,1963.6,0.43,P3O-ClosedLoopAlpha,Walker2d-v4,4
50027,reward,1441,36.232219078907754,18.156,P3O-ClosedLoopAlpha,Walker2d-v4,4
50049,reward,1442,4.508588842300067,18.768,P3O-ClosedLoopAlpha,Walker2d-v4,4
50208,reward,1443,238.01798673118287,37.518,P3O-ClosedLoopAlpha,Walker2d-v4,4
50345,reward,1444,83.80424883733203,43.101,P3O-ClosedLoopAlpha,Walker2d-v4,4
50420,reward,1445,-5.779406430130189,41.606,P3O-ClosedLoopAlpha,Walker2d-v4,4
50502,reward,1446,66.89217403713806,48.248,P3O-ClosedLoopAlpha,Walker2d-v4,4
50554,reward,1447,22.434168918161927,48.396,P3O-ClosedLoopAlpha,Walker2d-v4,4
50664,reward,1448,138.17183297902554,59.752,P3O-ClosedLoopAlpha,Walker2d-v4,4
50734,reward,1449,37.55034641268686,63.138,P3O-ClosedLoopAlpha,Walker2d-v4,4
50834,reward,1450,38.647013345323394,66.048,P3O-ClosedLoopAlpha,Walker2d-v4,4
50929,reward,1451,45.08809546089642,66.934,P3O-ClosedLoopAlpha,Walker2d-v4,4
50974,reward,1452,13.188649705313564,67.802,P3O-ClosedLoopAlpha,Walker2d-v4,4
51027,reward,1453,54.7080020832099,49.471,P3O-ClosedLoopAlpha,Walker2d-v4,4
51092,reward,1454,10.111730984333308,42.101,P3O-ClosedLoopAlpha,Walker2d-v4,4
51150,reward,1455,17.768810769228736,44.456,P3O-ClosedLoopAlpha,Walker2d-v4,4
51188,reward,1456,11.91099811481642,38.958,P3O-ClosedLoopAlpha,Walker2d-v4,4
51259,reward,1457,5.153050843460609,37.23,P3O-ClosedLoopAlpha,Walker2d-v4,4
51304,reward,1458,11.528100497082209,24.565,P3O-ClosedLoopAlpha,Walker2d-v4,4
51380,reward,1459,46.041149007336074,25.415,P3O-ClosedLoopAlpha,Walker2d-v4,4
51427,reward,1460,14.14870044681843,22.965,P3O-ClosedLoopAlpha,Walker2d-v4,4
51506,reward,1461,81.04718183699389,26.561,P3O-ClosedLoopAlpha,Walker2d-v4,4
51556,reward,1462,20.770440027037385,27.319,P3O-ClosedLoopAlpha,Walker2d-v4,4
51613,reward,1463,21.423933950049825,23.99,P3O-ClosedLoopAlpha,Walker2d-v4,4
51673,reward,1464,36.838036567997214,26.663,P3O-ClosedLoopAlpha,Walker2d-v4,4
51810,reward,1465,109.00117048617189,35.786,P3O-ClosedLoopAlpha,Walker2d-v4,4
51896,reward,1466,4.090225114526755,35.004,P3O-ClosedLoopAlpha,Walker2d-v4,4
51952,reward,1467,36.50373379583358,38.139,P3O-ClosedLoopAlpha,Walker2d-v4,4
51974,reward,1468,9.691374209350935,37.956,P3O-ClosedLoopAlpha,Walker2d-v4,4
52042,reward,1469,13.649591508730081,34.716,P3O-ClosedLoopAlpha,Walker2d-v4,4
52120,reward,1470,9.092228570108693,34.211,P3O-ClosedLoopAlpha,Walker2d-v4,4
52273,reward,1471,259.2078986892089,52.027,P3O-ClosedLoopAlpha,Walker2d-v4,4
52311,reward,1472,5.557878338029898,50.506,P3O-ClosedLoopAlpha,Walker2d-v4,4
52391,reward,1473,62.87555981770506,54.651,P3O-ClosedLoopAlpha,Walker2d-v4,4
52434,reward,1474,19.479288936262115,52.915,P3O-ClosedLoopAlpha,Walker2d-v4,4
52477,reward,1475,29.896045921691897,45.004,P3O-ClosedLoopAlpha,Walker2d-v4,4
52522,reward,1476,15.794080368968055,46.175,P3O-ClosedLoopAlpha,Walker2d-v4,4
52576,reward,1477,45.7236836409124,47.097,P3O-ClosedLoopAlpha,Walker2d-v4,4
52646,reward,1478,35.98133382769551,49.726,P3O-ClosedLoopAlpha,Walker2d-v4,4
52702,reward,1479,36.95773020275259,52.057,P3O-ClosedLoopAlpha,Walker2d-v4,4
52781,reward,1480,5.093589144869957,51.657,P3O-ClosedLoopAlpha,Walker2d-v4,4
52858,reward,1481,26.933725924210865,28.429,P3O-ClosedLoopAlpha,Walker2d-v4,4
52950,reward,1482,64.10982983969576,34.284,P3O-ClosedLoopAlpha,Walker2d-v4,4
52985,reward,1483,3.108422180061143,28.308,P3O-ClosedLoopAlpha,Walker2d-v4,4
53077,reward,1484,35.90866873973375,29.951,P3O-ClosedLoopAlpha,Walker2d-v4,4
53135,reward,1485,7.2782801914375925,27.689,P3O-ClosedLoopAlpha,Walker2d-v4,4
53198,reward,1486,43.66125017228053,30.476,P3O-ClosedLoopAlpha,Walker2d-v4,4
53277,reward,1487,-8.965585039550552,25.007,P3O-ClosedLoopAlpha,Walker2d-v4,4
53384,reward,1488,5.833747509097338,21.992,P3O-ClosedLoopAlpha,Walker2d-v4,4
53420,reward,1489,21.541520568189874,20.45,P3O-ClosedLoopAlpha,Walker2d-v4,4
53479,reward,1490,12.534552804991108,21.194,P3O-ClosedLoopAlpha,Walker2d-v4,4
53565,reward,1491,-27.956454653413857,15.705,P3O-ClosedLoopAlpha,Walker2d-v4,4
53599,reward,1492,12.575601460282574,10.552,P3O-ClosedLoopAlpha,Walker2d-v4,4
53631,reward,1493,14.789466255433245,11.72,P3O-ClosedLoopAlpha,Walker2d-v4,4
53665,reward,1494,1.1506850657473908,8.244,P3O-ClosedLoopAlpha,Walker2d-v4,4
53699,reward,1495,3.22533847586206,7.839,P3O-ClosedLoopAlpha,Walker2d-v4,4
53784,reward,1496,41.646118796126736,7.637,P3O-ClosedLoopAlpha,Walker2d-v4,4
53839,reward,1497,12.628212265087665,9.797,P3O-ClosedLoopAlpha,Walker2d-v4,4
53969,reward,1498,76.47316068233532,16.861,P3O-ClosedLoopAlpha,Walker2d-v4,4
54017,reward,1499,6.345648396904627,15.341,P3O-ClosedLoopAlpha,Walker2d-v4,4
54102,reward,1500,59.74851448792021,20.063,P3O-ClosedLoopAlpha,Walker2d-v4,4
54174,reward,1501,9.699420128061288,23.828,P3O-ClosedLoopAlpha,Walker2d-v4,4
54252,reward,1502,-13.331508811507366,21.238,P3O-ClosedLoopAlpha,Walker2d-v4,4
54340,reward,1503,24.63798407147775,22.222,P3O-ClosedLoopAlpha,Walker2d-v4,4
54385,reward,1504,18.691147435771963,23.976,P3O-ClosedLoopAlpha,Walker2d-v4,4
54447,reward,1505,19.517309219207842,25.606,P3O-ClosedLoopAlpha,Walker2d-v4,4
54493,reward,1506,0.34865134497421124,21.476,P3O-ClosedLoopAlpha,Walker2d-v4,4
54585,reward,1507,54.46890279933815,25.66,P3O-ClosedLoopAlpha,Walker2d-v4,4
54650,reward,1508,22.10668722531875,20.223,P3O-ClosedLoopAlpha,Walker2d-v4,4
54709,reward,1509,10.39979354796214,20.629,P3O-ClosedLoopAlpha,Walker2d-v4,4
54793,reward,1510,76.96591581119468,22.35,P3O-ClosedLoopAlpha,Walker2d-v4,4
54860,reward,1511,30.95681633832118,24.476,P3O-ClosedLoopAlpha,Walker2d-v4,4
54920,reward,1512,27.622307094338883,28.572,P3O-ClosedLoopAlpha,Walker2d-v4,4
55023,reward,1513,94.72316407791737,35.58,P3O-ClosedLoopAlpha,Walker2d-v4,4
55080,reward,1514,14.721799054718304,35.183,P3O-ClosedLoopAlpha,Walker2d-v4,4
55124,reward,1515,24.61550721300787,35.693,P3O-ClosedLoopAlpha,Walker2d-v4,4
55180,reward,1516,15.109259049501532,37.169,P3O-ClosedLoopAlpha,Walker2d-v4,4
55213,reward,1517,8.743555181273747,32.596,P3O-ClosedLoopAlpha,Walker2d-v4,4
55284,reward,1518,10.57150539187527,31.443,P3O-ClosedLoopAlpha,Walker2d-v4,4
55313,reward,1519,11.62733474530619,31.566,P3O-ClosedLoopAlpha,Walker2d-v4,4
55444,reward,1520,65.18655543135,30.388,P3O-ClosedLoopAlpha,Walker2d-v4,4
55506,reward,1521,26.280101372479532,29.92,P3O-ClosedLoopAlpha,Walker2d-v4,4
55659,reward,1522,178.8638927590093,45.044,P3O-ClosedLoopAlpha,Walker2d-v4,4
55744,reward,1523,72.69988222003859,42.842,P3O-ClosedLoopAlpha,Walker2d-v4,4
55813,reward,1524,20.967588144085084,43.467,P3O-ClosedLoopAlpha,Walker2d-v4,4
55878,reward,1525,26.186067509499537,43.624,P3O-ClosedLoopAlpha,Walker2d-v4,4
55920,reward,1526,5.204765485616277,42.633,P3O-ClosedLoopAlpha,Walker2d-v4,4
56010,reward,1527,32.07424804948211,44.966,P3O-ClosedLoopAlpha,Walker2d-v4,4
56076,reward,1528,16.326872813912075,45.542,P3O-ClosedLoopAlpha,Walker2d-v4,4
56137,reward,1529,26.91784037968203,47.071,P3O-ClosedLoopAlpha,Walker2d-v4,4
56187,reward,1530,13.45753385933207,41.898,P3O-ClosedLoopAlpha,Walker2d-v4,4
56277,reward,1531,5.362124189569067,39.806,P3O-ClosedLoopAlpha,Walker2d-v4,4
56326,reward,1532,37.35049134649381,25.655,P3O-ClosedLoopAlpha,Walker2d-v4,4
56385,reward,1533,16.182895149311737,20.003,P3O-ClosedLoopAlpha,Walker2d-v4,4
56481,reward,1534,27.935560303100722,20.7,P3O-ClosedLoopAlpha,Walker2d-v4,4
56533,reward,1535,18.854005580832737,19.967,P3O-ClosedLoopAlpha,Walker2d-v4,4
56599,reward,1536,34.68328914761001,22.914,P3O-ClosedLoopAlpha,Walker2d-v4,4
56674,reward,1537,43.319257011919,24.039,P3O-ClosedLoopAlpha,Walker2d-v4,4
56772,reward,1538,83.41811452736313,30.748,P3O-ClosedLoopAlpha,Walker2d-v4,4
56910,reward,1539,115.37597087417565,39.594,P3O-ClosedLoopAlpha,Walker2d-v4,4
56961,reward,1540,20.106913203302128,40.259,P3O-ClosedLoopAlpha,Walker2d-v4,4
57010,reward,1541,35.69548226267389,43.292,P3O-ClosedLoopAlpha,Walker2d-v4,4
57052,reward,1542,-0.967115334877745,39.46,P3O-ClosedLoopAlpha,Walker2d-v4,4
57083,reward,1543,12.899112029914463,39.132,P3O-ClosedLoopAlpha,Walker2d-v4,4
57142,reward,1544,3.796366175633373,36.718,P3O-ClosedLoopAlpha,Walker2d-v4,4
57220,reward,1545,36.68866615393494,38.502,P3O-ClosedLoopAlpha,Walker2d-v4,4
57274,reward,1546,24.285975232144477,37.462,P3O-ClosedLoopAlpha,Walker2d-v4,4
57339,reward,1547,43.76537492034068,37.506,P3O-ClosedLoopAlpha,Walker2d-v4,4
57344,loss,-0.05000489205121994,1.3688925504684448,P3O-ClosedLoopAlpha,Walker2d-v4,4
57509,reward,1548,242.40951454356585,53.406,P3O-ClosedLoopAlpha,Walker2d-v4,4
57531,reward,1549,10.844171396093175,42.952,P3O-ClosedLoopAlpha,Walker2d-v4,4
57653,reward,1550,44.725796574386884,45.414,P3O-ClosedLoopAlpha,Walker2d-v4,4
57745,reward,1551,23.30795957330074,44.176,P3O-ClosedLoopAlpha,Walker2d-v4,4
57822,reward,1552,11.893519975940771,45.462,P3O-ClosedLoopAlpha,Walker2d-v4,4
57887,reward,1553,39.25611924561869,48.097,P3O-ClosedLoopAlpha,Walker2d-v4,4
57969,reward,1554,1.3496790040963067,47.853,P3O-ClosedLoopAlpha,Walker2d-v4,4
58063,reward,1555,119.32677941893523,56.116,P3O-ClosedLoopAlpha,Walker2d-v4,4
58152,reward,1556,17.567878362901965,55.445,P3O-ClosedLoopAlpha,Walker2d-v4,4
58321,reward,1557,44.87757521043063,55.556,P3O-ClosedLoopAlpha,Walker2d-v4,4
58392,reward,1558,55.27323180735789,36.842,P3O-ClosedLoopAlpha,Walker2d-v4,4
58441,reward,1559,9.721547740913783,36.73,P3O-ClosedLoopAlpha,Walker2d-v4,4
58489,reward,1560,11.83575031864108,33.441,P3O-ClosedLoopAlpha,Walker2d-v4,4
58634,reward,1561,80.41845459784204,39.152,P3O-ClosedLoopAlpha,Walker2d-v4,4
58716,reward,1562,47.865059309335116,42.749,P3O-ClosedLoopAlpha,Walker2d-v4,4
58790,reward,1563,46.474193621414415,43.471,P3O-ClosedLoopAlpha,Walker2d-v4,4
58899,reward,1564,89.59499227805028,52.296,P3O-ClosedLoopAlpha,Walker2d-v4,4
59022,reward,1565,40.727507018051355,44.436,P3O-ClosedLoopAlpha,Walker2d-v4,4
59069,reward,1566,32.34698333221259,45.914,P3O-ClosedLoopAlpha,Walker2d-v4,4
59121,reward,1567,36.93958099657567,45.12,P3O-ClosedLoopAlpha,Walker2d-v4,4
59174,reward,1568,36.79606414230428,43.272,P3O-ClosedLoopAlpha,Walker2d-v4,4
59227,reward,1569,8.201151744517738,43.12,P3O-ClosedLoopAlpha,Walker2d-v4,4
59269,reward,1570,23.688052889586526,44.305,P3O-ClosedLoopAlpha,Walker2d-v4,4
59346,reward,1571,34.12364224919166,39.676,P3O-ClosedLoopAlpha,Walker2d-v4,4
59432,reward,1572,38.53681634830045,38.743,P3O-ClosedLoopAlpha,Walker2d-v4,4
59487,reward,1573,23.90172268479559,36.486,P3O-ClosedLoopAlpha,Walker2d-v4,4
59525,reward,1574,16.94598625273509,29.221,P3O-ClosedLoopAlpha,Walker2d-v4,4
59584,reward,1575,28.920322329972844,28.04,P3O-ClosedLoopAlpha,Walker2d-v4,4
59702,reward,1576,59.24578383622636,30.73,P3O-ClosedLoopAlpha,Walker2d-v4,4
59766,reward,1577,26.552543196721334,29.691,P3O-ClosedLoopAlpha,Walker2d-v4,4
59871,reward,1578,-21.704455646806924,23.841,P3O-ClosedLoopAlpha,Walker2d-v4,4
60000,speed,1987.13,0.52,P3O-ClosedLoopAlpha,Walker2d-v4,4
60023,reward,1579,63.21738062854912,29.343,P3O-ClosedLoopAlpha,Walker2d-v4,4
60091,reward,1580,60.165039246624794,32.99,P3O-ClosedLoopAlpha,Walker2d-v4,4
60179,reward,1581,-2.946106371073046,29.284,P3O-ClosedLoopAlpha,Walker2d-v4,4
60246,reward,1582,22.804141137739826,27.71,P3O-ClosedLoopAlpha,Walker2d-v4,4
60269,reward,1583,3.979209940044374,25.718,P3O-ClosedLoopAlpha,Walker2d-v4,4
60320,reward,1584,20.98517426316057,26.122,P3O-ClosedLoopAlpha,Walker2d-v4,4
60401,reward,1585,38.55974930143123,27.086,P3O-ClosedLoopAlpha,Walker2d-v4,4
60510,reward,1586,-14.355020779125343,19.726,P3O-ClosedLoopAlpha,Walker2d-v4,4
60602,reward,1587,41.67416013125309,21.238,P3O-ClosedLoopAlpha,Walker2d-v4,4
60660,reward,1588,49.890424140199286,28.397,P3O-ClosedLoopAlpha,Walker2d-v4,4
60772,reward,1589,18.527970839638034,23.928,P3O-ClosedLoopAlpha,Walker2d-v4,4
60850,reward,1590,54.68470294362488,23.38,P3O-ClosedLoopAlpha,Walker2d-v4,4
60904,reward,1591,49.70683594560739,28.646,P3O-ClosedLoopAlpha,Walker2d-v4,4
60993,reward,1592,20.8161838082386,28.447,P3O-ClosedLoopAlpha,Walker2d-v4,4
61064,reward,1593,4.950709605914935,28.544,P3O-ClosedLoopAlpha,Walker2d-v4,4
61114,reward,1594,28.35462703697015,29.281,P3O-ClosedLoopAlpha,Walker2d-v4,4
61186,reward,1595,66.06756086660077,32.032,P3O-ClosedLoopAlpha,Walker2d-v4,4
61323,reward,1596,92.19745843727472,42.687,P3O-ClosedLoopAlpha,Walker2d-v4,4
61371,reward,1597,17.424295863729654,40.262,P3O-ClosedLoopAlpha,Walker2d-v4,4
61458,reward,1598,35.69522721541338,38.843,P3O-ClosedLoopAlpha,Walker2d-v4,4
61529,reward,1599,43.61673412207575,41.351,P3O-ClosedLoopAlpha,Walker2d-v4,4
61563,reward,1600,22.71004259456893,38.154,P3O-ClosedLoopAlpha,Walker2d-v4,4
61642,reward,1601,130.69602957210765,46.253,P3O-ClosedLoopAlpha,Walker2d-v4,4
61700,reward,1602,40.704310093042544,48.242,P3O-ClosedLoopAlpha,Walker2d-v4,4
61758,reward,1603,21.133240191327396,49.86,P3O-ClosedLoopAlpha,Walker2d-v4,4
61828,reward,1604,26.906965229151883,49.715,P3O-ClosedLoopAlpha,Walker2d-v4,4
61899,reward,1605,42.30858320813259,47.339,P3O-ClosedLoopAlpha,Walker2d-v4,4
62004,reward,1606,16.78741411475577,39.798,P3O-ClosedLoopAlpha,Walker2d-v4,4
62087,reward,1607,22.261156259248775,40.282,P3O-ClosedLoopAlpha,Walker2d-v4,4
62123,reward,1608,9.521033383403386,37.665,P3O-ClosedLoopAlpha,Walker2d-v4,4
62195,reward,1609,22.095212998559703,35.512,P3O-ClosedLoopAlpha,Walker2d-v4,4
62294,reward,1610,1.0950899489110646,33.351,P3O-ClosedLoopAlpha,Walker2d-v4,4
62410,reward,1611,42.89558276692167,24.571,P3O-ClosedLoopAlpha,Walker2d-v4,4
62508,reward,1612,37.80277693556521,24.281,P3O-ClosedLoopAlpha,Walker2d-v4,4
62541,reward,1613,10.6778215335275,23.235,P3O-ClosedLoopAlpha,Walker2d-v4,4
62577,reward,1614,15.75109654798672,22.12,P3O-ClosedLoopAlpha,Walker2d-v4,4
62622,reward,1615,22.302831437707376,20.119,P3O-ClosedLoopAlpha,Walker2d-v4,4
62677,reward,1616,24.494449636988882,20.89,P3O-ClosedLoopAlpha,Walker2d-v4,4
62712,reward,1617,30.41996063973279,21.706,P3O-ClosedLoopAlpha,Walker2d-v4,4
62748,reward,1618,10.703847038650514,21.824,P3O-ClosedLoopAlpha,Walker2d-v4,4
62862,reward,1619,22.24432490703237,21.839,P3O-ClosedLoopAlpha,Walker2d-v4,4
62932,reward,1620,30.673504507098862,24.797,P3O-ClosedLoopAlpha,Walker2d-v4,4
62971,reward,1621,13.860405796497062,21.893,P3O-ClosedLoopAlpha,Walker2d-v4,4
63100,reward,1622,155.77911969982748,33.691,P3O-ClosedLoopAlpha,Walker2d-v4,4
63149,reward,1623,16.910451613680575,34.314,P3O-ClosedLoopAlpha,Walker2d-v4,4
63232,reward,1624,-23.43167972357449,30.396,P3O-ClosedLoopAlpha,Walker2d-v4,4
63283,reward,1625,41.68280964727005,32.334,P3O-ClosedLoopAlpha,Walker2d-v4,4
63358,reward,1626,39.66002838268975,33.85,P3O-ClosedLoopAlpha,Walker2d-v4,4
63422,reward,1627,35.198715952538116,34.328,P3O-ClosedLoopAlpha,Walker2d-v4,4
63511,reward,1628,18.091570352503858,35.067,P3O-ClosedLoopAlpha,Walker2d-v4,4
63629,reward,1629,50.55308719803588,37.898,P3O-ClosedLoopAlpha,Walker2d-v4,4
63796,reward,1630,103.38561153949853,45.169,P3O-ClosedLoopAlpha,Walker2d-v4,4
63898,reward,1631,128.50667881426423,56.634,P3O-ClosedLoopAlpha,Walker2d-v4,4
63909,reward,1632,1.6021502036170887,41.216,P3O-ClosedLoopAlpha,Walker2d-v4,4
63961,reward,1633,43.02994728769431,43.828,P3O-ClosedLoopAlpha,Walker2d-v4,4
64008,reward,1634,23.066072357231008,48.478,P3O-ClosedLoopAlpha,Walker2d-v4,4
64032,reward,1635,7.2566162598510004,45.035,P3O-ClosedLoopAlpha,Walker2d-v4,4
64161,reward,1636,19.154267255876935,42.984,P3O-ClosedLoopAlpha,Walker2d-v4,4
64215,reward,1637,26.07116198554496,42.072,P3O-ClosedLoopAlpha,Walker2d-v4,4
64342,reward,1638,166.30150547836985,56.893,P3O-ClosedLoopAlpha,Walker2d-v4,4
64414,reward,1639,30.344861128810756,54.872,P3O-ClosedLoopAlpha,Walker2d-v4,4
64526,reward,1640,-9.060235917999355,43.627,P3O-ClosedLoopAlpha,Walker2d-v4,4
64562,reward,1641,11.395712303780753,31.916,P3O-ClosedLoopAlpha,Walker2d-v4,4
64597,reward,1642,24.52573986394637,34.209,P3O-ClosedLoopAlpha,Walker2d-v4,4
64754,reward,1643,282.23891095363746,58.129,P3O-ClosedLoopAlpha,Walker2d-v4,4
64835,reward,1644,34.38601916248797,59.261,P3O-ClosedLoopAlpha,Walker2d-v4,4
64950,reward,1645,32.543838552132456,61.79,P3O-ClosedLoopAlpha,Walker2d-v4,4
65040,reward,1646,36.648537061274666,63.54,P3O-ClosedLoopAlpha,Walker2d-v4,4
65116,reward,1647,48.552496311234876,65.788,P3O-ClosedLoopAlpha,Walker2d-v4,4
65192,reward,1648,35.60203469238717,52.718,P3O-ClosedLoopAlpha,Walker2d-v4,4
65245,reward,1649,26.465960913940375,52.33,P3O-ClosedLoopAlpha,Walker2d-v4,4
65280,reward,1650,16.497857273574017,54.886,P3O-ClosedLoopAlpha,Walker2d-v4,4
65322,reward,1651,13.684634041518155,55.115,P3O-ClosedLoopAlpha,Walker2d-v4,4
65390,reward,1652,66.65853804266894,59.328,P3O-ClosedLoopAlpha,Walker2d-v4,4
65472,reward,1653,37.806957277095606,34.885,P3O-ClosedLoopAlpha,Walker2d-v4,4
65536,loss,-0.05894475430250168,1.394342064857483,P3O-ClosedLoopAlpha,Walker2d-v4,4
65563,reward,1654,31.2675042953112,34.573,P3O-ClosedLoopAlpha,Walker2d-v4,4
65666,reward,1655,70.9709540963889,38.416,P3O-ClosedLoopAlpha,Walker2d-v4,4
65755,reward,1656,31.22749511150211,37.873,P3O-ClosedLoopAlpha,Walker2d-v4,4
65785,reward,1657,10.124370730678564,34.031,P3O-ClosedLoopAlpha,Walker2d-v4,4
65808,reward,1658,7.216301881028012,31.192,P3O-ClosedLoopAlpha,Walker2d-v4,4
65887,reward,1659,51.217529529331735,33.667,P3O-ClosedLoopAlpha,Walker2d-v4,4
65951,reward,1660,32.035272151088726,35.221,P3O-ClosedLoopAlpha,Walker2d-v4,4
66102,reward,1661,275.1816604631089,61.371,P3O-ClosedLoopAlpha,Walker2d-v4,4
66165,reward,1662,58.13199025897334,60.518,P3O-ClosedLoopAlpha,Walker2d-v4,4
66252,reward,1663,78.98341612545578,64.636,P3O-ClosedLoopAlpha,Walker2d-v4,4
66296,reward,1664,21.68464123933973,63.677,P3O-ClosedLoopAlpha,Walker2d-v4,4
66358,reward,1665,31.783044074633096,59.759,P3O-ClosedLoopAlpha,Walker2d-v4,4
66438,reward,1666,32.48464796904736,59.884,P3O-ClosedLoopAlpha,Walker2d-v4,4
66478,reward,1667,18.505339498201142,60.722,P3O-ClosedLoopAlpha,Walker2d-v4,4
66530,reward,1668,28.066250524814713,62.807,P3O-ClosedLoopAlpha,Walker2d-v4,4
66572,reward,1669,27.981339228065085,60.484,P3O-ClosedLoopAlpha,Walker2d-v4,4
66644,reward,1670,12.904272893424908,58.571,P3O-ClosedLoopAlpha,Walker2d-v4,4
66786,reward,1671,157.5899352688109,46.811,P3O-ClosedLoopAlpha,Walker2d-v4,4
66829,reward,1672,25.79554731796724,43.578,P3O-ClosedLoopAlpha,Walker2d-v4,4
66874,reward,1673,32.99194856641505,38.979,P3O-ClosedLoopAlpha,Walker2d-v4,4
66967,reward,1674,118.53657700439024,48.664,P3O-ClosedLoopAlpha,Walker2d-v4,4
67057,reward,1675,121.42637526853589,57.628,P3O-ClosedLoopAlpha,Walker2d-v4,4
67122,reward,1676,33.054220920043264,57.685,P3O-ClosedLoopAlpha,Walker2d-v4,4
67172,reward,1677,40.91804410664774,59.926,P3O-ClosedLoopAlpha,Walker2d-v4,4
67209,reward,1678,20.518605826398,59.172,P3O-ClosedLoopAlpha,Walker2d-v4,4
67269,reward,1679,33.19558544085942,59.693,P3O-ClosedLoopAlpha,Walker2d-v4,4
67384,reward,1680,94.58516766996205,67.861,P3O-ClosedLoopAlpha,Walker2d-v4,4
67460,reward,1681,7.100264302245055,52.812,P3O-ClosedLoopAlpha,Walker2d-v4,4
67553,reward,1682,34.991776225874865,53.732,P3O-ClosedLoopAlpha,Walker2d-v4,4
67581,reward,1683,4.329360302768335,50.866,P3O-ClosedLoopAlpha,Walker2d-v4,4
67731,reward,1684,235.84250672244968,62.596,P3O-ClosedLoopAlpha,Walker2d-v4,4
67862,reward,1685,13.596998568908514,51.813,P3O-ClosedLoopAlpha,Walker2d-v4,4
67915,reward,1686,27.715887800340486,51.279,P3O-ClosedLoopAlpha,Walker2d-v4,4
67994,reward,1687,3.9348580216569187,47.581,P3O-ClosedLoopAlpha,Walker2d-v4,4
68027,reward,1688,17.62795873007301,47.292,P3O-ClosedLoopAlpha,Walker2d-v4,4
68218,reward,1689,245.59903178972246,68.532,P3O-ClosedLoopAlpha,Walker2d-v4,4
68280,reward,1690,22.12986929749962,61.287,P3O-ClosedLoopAlpha,Walker2d-v4,4
68375,reward,1691,65.6061305782645,67.137,P3O-ClosedLoopAlpha,Walker2d-v4,4
68405,reward,1692,10.221696379480793,64.66,P3O-ClosedLoopAlpha,Walker2d-v4,4
68428,reward,1693,6.041556048328375,64.832,P3O-ClosedLoopAlpha,Walker2d-v4,4
68504,reward,1694,37.47150838607884,44.995,P3O-ClosedLoopAlpha,Walker2d-v4,4
68675,reward,1695,82.12056533634029,51.847,P3O-ClosedLoopAlpha,Walker2d-v4,4
68758,reward,1696,12.765220295088348,50.352,P3O-ClosedLoopAlpha,Walker2d-v4,4
68806,reward,1697,35.66071353825968,53.524,P3O-ClosedLoopAlpha,Walker2d-v4,4
68847,reward,1698,35.18042396260621,55.28,P3O-ClosedLoopAlpha,Walker2d-v4,4
68975,reward,1699,87.80849476664234,39.501,P3O-ClosedLoopAlpha,Walker2d-v4,4
69056,reward,1700,47.95006062471019,42.083,P3O-ClosedLoopAlpha,Walker2d-v4,4
69108,reward,1701,34.1361391487015,38.936,P3O-ClosedLoopAlpha,Walker2d-v4,4
69151,reward,1702,18.37078097631192,39.751,P3O-ClosedLoopAlpha,Walker2d-v4,4
69193,reward,1703,26.530340178159662,41.799,P3O-ClosedLoopAlpha,Walker2d-v4,4
69221,reward,1704,18.333936578630986,39.886,P3O-ClosedLoopAlpha,Walker2d-v4,4
69303,reward,1705,-3.677450463497606,31.306,P3O-ClosedLoopAlpha,Walker2d-v4,4
69373,reward,1706,29.041593707504013,32.934,P3O-ClosedLoopAlpha,Walker2d-v4,4
69428,reward,1707,20.419401868208272,31.409,P3O-ClosedLoopAlpha,Walker2d-v4,4
69483,reward,1708,35.5616095202914,31.447,P3O-ClosedLoopAlpha,Walker2d-v4,4
69526,reward,1709,20.177937205668893,24.684,P3O-ClosedLoopAlpha,Walker2d-v4,4
69588,reward,1710,13.844618532667111,21.274,P3O-ClosedLoopAlpha,Walker2d-v4,4
69640,reward,1711,34.50395542946714,21.311,P3O-ClosedLoopAlpha,Walker2d-v4,4
69720,reward,1712,35.029462658658474,22.977,P3O-ClosedLoopAlpha,Walker2d-v4,4
69880,reward,1713,112.16059532395316,31.54,P3O-ClosedLoopAlpha,Walker2d-v4,4
69970,reward,1714,12.104644677775008,30.917,P3O-ClosedLoopAlpha,Walker2d-v4,4
69990,reward,1715,-5.579015740054744,30.726,P3O-ClosedLoopAlpha,Walker2d-v4,4
70000,speed,2032.59,0.6,P3O-ClosedLoopAlpha,Walker2d-v4,4
70135,reward,1716,233.1846022455746,51.141,P3O-ClosedLoopAlpha,Walker2d-v4,4
70208,reward,1717,32.542130976382346,52.353,P3O-ClosedLoopAlpha,Walker2d-v4,4
70266,reward,1718,40.65914153102127,52.863,P3O-ClosedLoopAlpha,Walker2d-v4,4
70319,reward,1719,23.20395164345974,53.165,P3O-ClosedLoopAlpha,Walker2d-v4,4
70335,reward,1720,3.5866687714660817,52.14,P3O-ClosedLoopAlpha,Walker2d-v4,4
70393,reward,1721,45.80038822219495,53.269,P3O-ClosedLoopAlpha,Walker2d-v4,4
70498,reward,1722,79.79349965566159,57.746,P3O-ClosedLoopAlpha,Walker2d-v4,4
70572,reward,1723,-5.617247097698142,45.968,P3O-ClosedLoopAlpha,Walker2d-v4,4
70613,reward,1724,33.031296531723235,48.061,P3O-ClosedLoopAlpha,Walker2d-v4,4
70691,reward,1725,3.1429131034194455,48.933,P3O-ClosedLoopAlpha,Walker2d-v4,4
70712,reward,1726,10.7307704961032,26.687,P3O-ClosedLoopAlpha,Walker2d-v4,4
70774,reward,1727,7.762477648562045,24.209,P3O-ClosedLoopAlpha,Walker2d-v4,4
70858,reward,1728,42.627246077442976,24.406,P3O-ClosedLoopAlpha,Walker2d-v4,4
70971,reward,1729,23.742569641215244,24.46,P3O-ClosedLoopAlpha,Walker2d-v4,4
71033,reward,1730,33.56301612777547,27.458,P3O-ClosedLoopAlpha,Walker2d-v4,4
71117,reward,1731,60.773190209811304,28.955,P3O-ClosedLoopAlpha,Walker2d-v4,4
71176,reward,1732,42.32544422419869,25.208,P3O-ClosedLoopAlpha,Walker2d-v4,4
71249,reward,1733,38.69823478555729,29.64,P3O-ClosedLoopAlpha,Walker2d-v4,4
71380,reward,1734,117.79783614476409,38.116,P3O-ClosedLoopAlpha,Walker2d-v4,4
71466,reward,1735,68.02401209775863,44.604,P3O-ClosedLoopAlpha,Walker2d-v4,4
71545,reward,1736,11.801690106140601,44.712,P3O-ClosedLoopAlpha,Walker2d-v4,4
71680,reward,1737,17.20570311646231,45.656,P3O-ClosedLoopAlpha,Walker2d-v4,4
71838,reward,1738,93.57430875141382,50.751,P3O-ClosedLoopAlpha,Walker2d-v4,4
71855,reward,1739,5.902772236356764,48.967,P3O-ClosedLoopAlpha,Walker2d-v4,4
71941,reward,1740,99.63875873557363,55.574,P3O-ClosedLoopAlpha,Walker2d-v4,4
72027,reward,1741,45.82059481347667,54.079,P3O-ClosedLoopAlpha,Walker2d-v4,4
72165,reward,1742,171.32352684277137,66.979,P3O-ClosedLoopAlpha,Walker2d-v4,4
72250,reward,1743,65.31731592249484,69.641,P3O-ClosedLoopAlpha,Walker2d-v4,4
72374,reward,1744,54.038958592019256,63.265,P3O-ClosedLoopAlpha,Walker2d-v4,4
72441,reward,1745,43.322154605156996,60.795,P3O-ClosedLoopAlpha,Walker2d-v4,4
72488,reward,1746,8.550386036970695,60.469,P3O-ClosedLoopAlpha,Walker2d-v4,4
72641,reward,1747,241.62197303328634,82.911,P3O-ClosedLoopAlpha,Walker2d-v4,4
72728,reward,1748,-1.8194527639354097,73.372,P3O-ClosedLoopAlpha,Walker2d-v4,4
72788,reward,1749,9.919936943477614,73.773,P3O-ClosedLoopAlpha,Walker2d-v4,4
72897,reward,1750,158.43008639320678,79.653,P3O-ClosedLoopAlpha,Walker2d-v4,4
72953,reward,1751,50.98674276045891,80.169,P3O-ClosedLoopAlpha,Walker2d-v4,4
72993,reward,1752,12.174520061707103,64.254,P3O-ClosedLoopAlpha,Walker2d-v4,4
73067,reward,1753,56.60925001627312,63.383,P3O-ClosedLoopAlpha,Walker2d-v4,4
73244,reward,1754,84.08550433401913,66.388,P3O-ClosedLoopAlpha,Walker2d-v4,4
73292,reward,1755,3.1146219585030517,62.367,P3O-ClosedLoopAlpha,Walker2d-v4,4
73350,reward,1756,27.815907010216556,64.294,P3O-ClosedLoopAlpha,Walker2d-v4,4
73397,reward,1757,34.565472451383606,43.588,P3O-ClosedLoopAlpha,Walker2d-v4,4
73521,reward,1758,220.17848897112756,65.788,P3O-ClosedLoopAlpha,Walker2d-v4,4
73565,reward,1759,1.4933357488490362,64.945,P3O-ClosedLoopAlpha,Walker2d-v4,4
73643,reward,1760,27.09342821840208,51.812,P3O-ClosedLoopAlpha,Walker2d-v4,4
73724,reward,1761,23.765180786942903,49.09,P3O-ClosedLoopAlpha,Walker2d-v4,4
73728,loss,-0.059182897210121155,1.6558418273925781,P3O-ClosedLoopAlpha,Walker2d-v4,4
73775,reward,1762,21.01732861349993,49.974,P3O-ClosedLoopAlpha,Walker2d-v4,4
73829,reward,1763,31.671940492019854,47.48,P3O-ClosedLoopAlpha,Walker2d-v4,4
73933,reward,1764,40.14243176119901,43.086,P3O-ClosedLoopAlpha,Walker2d-v4,4
74032,reward,1765,37.47974892767794,46.522,P3O-ClosedLoopAlpha,Walker2d-v4,4
74249,reward,1766,321.067041924192,75.847,P3O-ClosedLoopAlpha,Walker2d-v4,4
74262,reward,1767,3.5233028937527147,72.743,P3O-ClosedLoopAlpha,Walker2d-v4,4
74310,reward,1768,31.861538649267594,53.912,P3O-ClosedLoopAlpha,Walker2d-v4,4
74389,reward,1769,20.142326749536732,55.776,P3O-ClosedLoopAlpha,Walker2d-v4,4
74525,reward,1770,127.0599865829281,65.773,P3O-ClosedLoopAlpha,Walker2d-v4,4
74711,reward,1771,42.14510558078129,67.611,P3O-ClosedLoopAlpha,Walker2d-v4,4
74786,reward,1772,78.88339592521636,73.398,P3O-ClosedLoopAlpha,Walker2d-v4,4
74855,reward,1773,29.60165164311438,73.191,P3O-ClosedLoopAlpha,Walker2d-v4,4
75011,reward,1774,90.26366209456529,78.203,P3O-ClosedLoopAlpha,Walker2d-v4,4
75066,reward,1775,18.044219545075407,76.259,P3O-ClosedLoopAlpha,Walker2d-v4,4
75142,reward,1776,34.240566307704654,47.577,P3O-ClosedLoopAlpha,Walker2d-v4,4
75206,reward,1777,22.181789218739837,49.442,P3O-ClosedLoopAlpha,Walker2d-v4,4
75245,reward,1778,15.749473650673487,47.831,P3O-ClosedLoopAlpha,Walker2d-v4,4
75349,reward,1779,88.59719343155186,54.677,P3O-ClosedLoopAlpha,Walker2d-v4,4
75463,reward,1780,-3.8757361742092353,41.583,P3O-ClosedLoopAlpha,Walker2d-v4,4
75505,reward,1781,18.919075893883466,39.261,P3O-ClosedLoopAlpha,Walker2d-v4,4
75590,reward,1782,14.375711728691673,32.81,P3O-ClosedLoopAlpha,Walker2d-v4,4
75645,reward,1783,26.411491615182285,32.491,P3O-ClosedLoopAlpha,Walker2d-v4,4
75685,reward,1784,25.770160969656725,26.041,P3O-ClosedLoopAlpha,Walker2d-v4,4
75738,reward,1785,24.75803772160343,26.713,P3O-ClosedLoopAlpha,Walker2d-v4,4
75755,reward,1786,7.071616112954917,23.996,P3O-ClosedLoopAlpha,Walker2d-v4,4
75870,reward,1787,185.99950732569613,40.378,P3O-ClosedLoopAlpha,Walker2d-v4,4
76079,reward,1788,239.88658683830153,62.791,P3O-ClosedLoopAlpha,Walker2d-v4,4
76272,reward,1789,266.2377808938377,80.555,P3O-ClosedLoopAlpha,Walker2d-v4,4
76338,reward,1790,18.047000959827727,82.748,P3O-ClosedLoopAlpha,Walker2d-v4,4
76369,reward,1791,15.235465900208972,82.379,P3O-ClosedLoopAlpha,Walker2d-v4,4
76441,reward,1792,14.74903417958898,82.417,P3O-ClosedLoopAlpha,Walker2d-v4,4
76578,reward,1793,108.34489587739196,90.61,P3O-ClosedLoopAlpha,Walker2d-v4,4
76669,reward,1794,-14.070698417153492,86.626,P3O-ClosedLoopAlpha,Walker2d-v4,4
76705,reward,1795,26.192032214160474,86.769,P3O-ClosedLoopAlpha,Walker2d-v4,4
76743,reward,1796,22.301009555688072,88.292,P3O-ClosedLoopAlpha,Walker2d-v4,4
76842,reward,1797,22.89098127012353,71.981,P3O-ClosedLoopAlpha,Walker2d-v4,4
76991,reward,1798,33.74856000128328,51.368,P3O-ClosedLoopAlpha,Walker2d-v4,4
77017,reward,1799,3.842288179495132,25.128,P3O-ClosedLoopAlpha,Walker2d-v4,4
77095,reward,1800,13.972260993624104,24.721,P3O-ClosedLoopAlpha,Walker2d-v4,4
77142,reward,1801,14.925253107231374,24.69,P3O-ClosedLoopAlpha,Walker2d-v4,4
77237,reward,1802,38.767730502588805,27.091,P3O-ClosedLoopAlpha,Walker2d-v4,4
77362,reward,1803,75.85286630597344,23.842,P3O-ClosedLoopAlpha,Walker2d-v4,4
77524,reward,1804,152.86674785742105,40.536,P3O-ClosedLoopAlpha,Walker2d-v4,4
77663,reward,1805,129.7636086883151,50.893,P3O-ClosedLoopAlpha,Walker2d-v4,4
77715,reward,1806,37.775493313504924,52.441,P3O-ClosedLoopAlpha,Walker2d-v4,4
77769,reward,1807,24.348742312499947,52.586,P3O-ClosedLoopAlpha,Walker2d-v4,4
77832,reward,1808,31.476483293133466,52.359,P3O-ClosedLoopAlpha,Walker2d-v4,4
77927,reward,1809,-9.229356619072059,51.052,P3O-ClosedLoopAlpha,Walker2d-v4,4
77972,reward,1810,41.71423495599831,53.826,P3O-ClosedLoopAlpha,Walker2d-v4,4
78122,reward,1811,83.8409111950663,60.718,P3O-ClosedLoopAlpha,Walker2d-v4,4
78233,reward,1812,14.18900430551839,58.26,P3O-ClosedLoopAlpha,Walker2d-v4,4
78316,reward,1813,55.48548474074267,56.223,P3O-ClosedLoopAlpha,Walker2d-v4,4
78470,reward,1814,35.2051259159427,44.457,P3O-ClosedLoopAlpha,Walker2d-v4,4
78592,reward,1815,218.95846162768694,53.376,P3O-ClosedLoopAlpha,Walker2d-v4,4
78732,reward,1816,72.84444392495128,56.883,P3O-ClosedLoopAlpha,Walker2d-v4,4
78783,reward,1817,32.20495085692922,57.669,P3O-ClosedLoopAlpha,Walker2d-v4,4
78814,reward,1818,14.442953818759529,55.966,P3O-ClosedLoopAlpha,Walker2d-v4,4
78971,reward,1819,151.61538887873812,72.05,P3O-ClosedLoopAlpha,Walker2d-v4,4
78992,reward,1820,4.472183458412353,68.326,P3O-ClosedLoopAlpha,Walker2d-v4,4
79048,reward,1821,30.843576460513585,63.026,P3O-ClosedLoopAlpha,Walker2d-v4,4
79078,reward,1822,13.253335993873344,62.933,P3O-ClosedLoopAlpha,Walker2d-v4,4
79126,reward,1823,23.314227888437976,59.715,P3O-ClosedLoopAlpha,Walker2d-v4,4
79200,reward,1824,37.25585487071647,59.921,P3O-ClosedLoopAlpha,Walker2d-v4,4
79251,reward,1825,30.747497897882266,41.099,P3O-ClosedLoopAlpha,Walker2d-v4,4
79312,reward,1826,18.459588534646134,35.661,P3O-ClosedLoopAlpha,Walker2d-v4,4
79487,reward,1827,147.54585761970057,47.195,P3O-ClosedLoopAlpha,Walker2d-v4,4
79570,reward,1828,19.403660921999794,47.691,P3O-ClosedLoopAlpha,Walker2d-v4,4
79658,reward,1829,51.00979851629693,37.631,P3O-ClosedLoopAlpha,Walker2d-v4,4
79737,reward,1830,29.47873767099268,40.131,P3O-ClosedLoopAlpha,Walker2d-v4,4
79842,reward,1831,97.45572734750937,46.792,P3O-ClosedLoopAlpha,Walker2d-v4,4
79900,reward,1832,24.901650225257036,47.957,P3O-ClosedLoopAlpha,Walker2d-v4,4
79971,reward,1833,23.30025338339335,47.956,P3O-ClosedLoopAlpha,Walker2d-v4,4
80000,speed,2068.13,0.68,P3O-ClosedLoopAlpha,Walker2d-v4,4
80000,sbp,0.4,0.5753,0.5549,P3O-ClosedLoopAlpha,Walker2d-v4,4,0.01275,1,0.750737,0.555697,0.045487,0.046533,8.495288,8.50242,0.350981,-0.022475,0.00084,0.343283,1.121109,0.005473,0.001035,1,force,0.00563,0.025,0.572882,-0.774793,0.54018,0.00563,0.00563,0.00563,0.011184,0.01119,0.011187,0,0.0,0.0,0.0
80019,reward,1834,11.125339988518864,45.343,P3O-ClosedLoopAlpha,Walker2d-v4,4
80092,reward,1835,8.38136984370916,43.106,P3O-ClosedLoopAlpha,Walker2d-v4,4
80177,reward,1836,16.21230112094248,42.881,P3O-ClosedLoopAlpha,Walker2d-v4,4
80228,reward,1837,32.56991599416105,31.384,P3O-ClosedLoopAlpha,Walker2d-v4,4
80305,reward,1838,9.683328103600033,30.412,P3O-ClosedLoopAlpha,Walker2d-v4,4
80395,reward,1839,24.05543785238464,27.716,P3O-ClosedLoopAlpha,Walker2d-v4,4
80413,reward,1840,-1.7687980646883832,24.592,P3O-ClosedLoopAlpha,Walker2d-v4,4
80505,reward,1841,-11.437966587746374,13.702,P3O-ClosedLoopAlpha,Walker2d-v4,4
80559,reward,1842,10.526365038224824,12.265,P3O-ClosedLoopAlpha,Walker2d-v4,4
80605,reward,1843,28.52341095789133,12.787,P3O-ClosedLoopAlpha,Walker2d-v4,4
80648,reward,1844,30.302485010829947,14.705,P3O-ClosedLoopAlpha,Walker2d-v4,4
80724,reward,1845,30.58572059060032,16.925,P3O-ClosedLoopAlpha,Walker2d-v4,4
80830,reward,1846,181.22950386396556,33.427,P3O-ClosedLoopAlpha,Walker2d-v4,4
80847,reward,1847,6.034476776758165,30.773,P3O-ClosedLoopAlpha,Walker2d-v4,4
80972,reward,1848,-5.262244887188656,29.279,P3O-ClosedLoopAlpha,Walker2d-v4,4
81105,reward,1849,40.649742827539036,30.938,P3O-ClosedLoopAlpha,Walker2d-v4,4
81200,reward,1850,68.12315395684506,37.927,P3O-ClosedLoopAlpha,Walker2d-v4,4
81306,reward,1851,32.544609003393965,42.326,P3O-ClosedLoopAlpha,Walker2d-v4,4
81341,reward,1852,1.7696931640046039,41.45,P3O-ClosedLoopAlpha,Walker2d-v4,4
81428,reward,1853,32.5497438388292,41.853,P3O-ClosedLoopAlpha,Walker2d-v4,4
81514,reward,1854,52.89080405469537,44.112,P3O-ClosedLoopAlpha,Walker2d-v4,4
81559,reward,1855,1.0491605684815617,41.158,P3O-ClosedLoopAlpha,Walker2d-v4,4
81597,reward,1856,16.310359892436406,24.666,P3O-ClosedLoopAlpha,Walker2d-v4,4
81636,reward,1857,14.689529339781345,25.531,P3O-ClosedLoopAlpha,Walker2d-v4,4
81683,reward,1858,17.75374690805357,27.833,P3O-ClosedLoopAlpha,Walker2d-v4,4
81795,reward,1859,155.60103238494005,39.328,P3O-ClosedLoopAlpha,Walker2d-v4,4
81902,reward,1860,33.77399936607429,35.893,P3O-ClosedLoopAlpha,Walker2d-v4,4
81920,loss,-0.06469970941543579,2.0600199699401855,P3O-ClosedLoopAlpha,Walker2d-v4,4
81928,reward,1861,3.347305359550873,32.974,P3O-ClosedLoopAlpha,Walker2d-v4,4
82012,reward,1862,15.760389284437275,34.373,P3O-ClosedLoopAlpha,Walker2d-v4,4
82053,reward,1863,18.40244651121574,32.958,P3O-ClosedLoopAlpha,Walker2d-v4,4
82090,reward,1864,33.13053196753842,30.982,P3O-ClosedLoopAlpha,Walker2d-v4,4
82172,reward,1865,42.34757972904226,35.112,P3O-ClosedLoopAlpha,Walker2d-v4,4
82244,reward,1866,25.35070180595757,36.016,P3O-ClosedLoopAlpha,Walker2d-v4,4
82313,reward,1867,33.68987024623369,37.916,P3O-ClosedLoopAlpha,Walker2d-v4,4
82429,reward,1868,174.5853545815044,53.599,P3O-ClosedLoopAlpha,Walker2d-v4,4
82493,reward,1869,26.37629970485796,40.676,P3O-ClosedLoopAlpha,Walker2d-v4,4
82526,reward,1870,25.491320810927263,39.848,P3O-ClosedLoopAlpha,Walker2d-v4,4
82664,reward,1871,112.78564932626097,50.792,P3O-ClosedLoopAlpha,Walker2d-v4,4
82742,reward,1872,34.625385658698534,52.679,P3O-ClosedLoopAlpha,Walker2d-v4,4
82886,reward,1873,13.7450617985215,52.213,P3O-ClosedLoopAlpha,Walker2d-v4,4
82976,reward,1874,38.42956881522106,52.743,P3O-ClosedLoopAlpha,Walker2d-v4,4
83015,reward,1875,20.55056221635178,50.563,P3O-ClosedLoopAlpha,Walker2d-v4,4
83184,reward,1876,264.6213566046444,74.49,P3O-ClosedLoopAlpha,Walker2d-v4,4
83281,reward,1877,52.841296001488104,76.405,P3O-ClosedLoopAlpha,Walker2d-v4,4
83399,reward,1878,45.973121155646425,63.544,P3O-ClosedLoopAlpha,Walker2d-v4,4
83628,reward,1879,310.62831742315075,91.969,P3O-ClosedLoopAlpha,Walker2d-v4,4
83813,reward,1880,288.210614348889,118.241,P3O-ClosedLoopAlpha,Walker2d-v4,4
83887,reward,1881,19.670304644561924,108.93,P3O-ClosedLoopAlpha,Walker2d-v4,4
83935,reward,1882,30.06879256554203,108.474,P3O-ClosedLoopAlpha,Walker2d-v4,4
83964,reward,1883,16.05675309434148,108.705,P3O-ClosedLoopAlpha,Walker2d-v4,4
84006,reward,1884,24.01336501612992,107.263,P3O-ClosedLoopAlpha,Walker2d-v4,4
84138,reward,1885,195.96574510277975,124.805,P3O-ClosedLoopAlpha,Walker2d-v4,4
84206,reward,1886,26.33656140381298,100.976,P3O-ClosedLoopAlpha,Walker2d-v4,4
84255,reward,1887,9.41399430417483,96.634,P3O-ClosedLoopAlpha,Walker2d-v4,4
84425,reward,1888,275.63318983749,119.6,P3O-ClosedLoopAlpha,Walker2d-v4,4
84551,reward,1889,69.36444106089805,95.473,P3O-ClosedLoopAlpha,Walker2d-v4,4
84603,reward,1890,25.021397326495098,69.154,P3O-ClosedLoopAlpha,Walker2d-v4,4
84642,reward,1891,26.218103990242,69.809,P3O-ClosedLoopAlpha,Walker2d-v4,4
84741,reward,1892,82.77158534787587,75.08,P3O-ClosedLoopAlpha,Walker2d-v4,4
84840,reward,1893,109.68314608700724,84.442,P3O-ClosedLoopAlpha,Walker2d-v4,4
84906,reward,1894,40.0938805542242,86.05,P3O-ClosedLoopAlpha,Walker2d-v4,4
84964,reward,1895,34.914848312014385,69.945,P3O-ClosedLoopAlpha,Walker2d-v4,4
85106,reward,1896,214.60547879266255,88.772,P3O-ClosedLoopAlpha,Walker2d-v4,4
85142,reward,1897,18.741009343231166,89.705,P3O-ClosedLoopAlpha,Walker2d-v4,4
85223,reward,1898,15.701376231445463,63.712,P3O-ClosedLoopAlpha,Walker2d-v4,4
85267,reward,1899,18.665634091576102,58.642,P3O-ClosedLoopAlpha,Walker2d-v4,4
85335,reward,1900,61.85136952251623,62.325,P3O-ClosedLoopAlpha,Walker2d-v4,4
85451,reward,1901,51.325361340567426,64.835,P3O-ClosedLoopAlpha,Walker2d-v4,4
85573,reward,1902,26.867548169147717,59.245,P3O-ClosedLoopAlpha,Walker2d-v4,4
85641,reward,1903,53.13380747572776,53.59,P3O-ClosedLoopAlpha,Walker2d-v4,4
85658,reward,1904,6.630309620955366,50.244,P3O-ClosedLoopAlpha,Walker2d-v4,4
85754,reward,1905,52.96888920064271,52.049,P3O-ClosedLoopAlpha,Walker2d-v4,4
85833,reward,1906,49.046576173958705,35.493,P3O-ClosedLoopAlpha,Walker2d-v4,4
85968,reward,1907,34.759507561494395,37.095,P3O-ClosedLoopAlpha,Walker2d-v4,4
86074,reward,1908,92.17699871239218,44.743,P3O-ClosedLoopAlpha,Walker2d-v4,4
86168,reward,1909,-3.2626972615107306,42.55,P3O-ClosedLoopAlpha,Walker2d-v4,4
86206,reward,1910,10.163217274157478,37.381,P3O-ClosedLoopAlpha,Walker2d-v4,4
86272,reward,1911,29.584962110924053,35.207,P3O-ClosedLoopAlpha,Walker2d-v4,4
86304,reward,1912,9.824214267527026,33.503,P3O-ClosedLoopAlpha,Walker2d-v4,4
86393,reward,1913,62.015949805212365,34.391,P3O-ClosedLoopAlpha,Walker2d-v4,4
86469,reward,1914,42.11666022919592,37.939,P3O-ClosedLoopAlpha,Walker2d-v4,4
86524,reward,1915,46.53483200365179,37.296,P3O-ClosedLoopAlpha,Walker2d-v4,4
86546,reward,1916,7.030784779985653,33.094,P3O-ClosedLoopAlpha,Walker2d-v4,4
86671,reward,1917,135.33720101557898,43.152,P3O-ClosedLoopAlpha,Walker2d-v4,4
86772,reward,1918,97.58534601932836,43.693,P3O-ClosedLoopAlpha,Walker2d-v4,4
86889,reward,1919,103.4492511178068,54.364,P3O-ClosedLoopAlpha,Walker2d-v4,4
86995,reward,1920,11.63995161865874,54.512,P3O-ClosedLoopAlpha,Walker2d-v4,4
87049,reward,1921,17.453112926642962,53.299,P3O-ClosedLoopAlpha,Walker2d-v4,4
87164,reward,1922,60.88733199503107,58.405,P3O-ClosedLoopAlpha,Walker2d-v4,4
87331,reward,1923,63.132620042960454,58.517,P3O-ClosedLoopAlpha,Walker2d-v4,4
87508,reward,1924,250.1238815732934,79.317,P3O-ClosedLoopAlpha,Walker2d-v4,4
87656,reward,1925,280.7919322129489,102.743,P3O-ClosedLoopAlpha,Walker2d-v4,4
87757,reward,1926,44.004073584449785,106.44,P3O-ClosedLoopAlpha,Walker2d-v4,4
87819,reward,1927,34.80573093054566,96.387,P3O-ClosedLoopAlpha,Walker2d-v4,4
87929,reward,1928,64.6325938792345,93.092,P3O-ClosedLoopAlpha,Walker2d-v4,4
87997,reward,1929,30.09375853802436,85.756,P3O-ClosedLoopAlpha,Walker2d-v4,4
88241,reward,1930,281.8377711093096,112.776,P3O-ClosedLoopAlpha,Walker2d-v4,4
88339,reward,1931,44.94606865987497,115.526,P3O-ClosedLoopAlpha,Walker2d-v4,4
88462,reward,1932,58.23940084480814,115.261,P3O-ClosedLoopAlpha,Walker2d-v4,4
88523,reward,1933,11.54453815517424,110.102,P3O-ClosedLoopAlpha,Walker2d-v4,4
88556,reward,1934,9.736583895270996,86.063,P3O-ClosedLoopAlpha,Walker2d-v4,4
88657,reward,1935,13.097403493194225,59.294,P3O-ClosedLoopAlpha,Walker2d-v4,4
88748,reward,1936,15.81264956571358,56.475,P3O-ClosedLoopAlpha,Walker2d-v4,4
88832,reward,1937,9.122942057758081,53.906,P3O-ClosedLoopAlpha,Walker2d-v4,4
88867,reward,1938,16.765472827726896,49.12,P3O-ClosedLoopAlpha,Walker2d-v4,4
88982,reward,1939,153.92581559710487,61.503,P3O-ClosedLoopAlpha,Walker2d-v4,4
89176,reward,1940,87.14660148069886,42.034,P3O-ClosedLoopAlpha,Walker2d-v4,4
89310,reward,1941,198.7282333937203,57.412,P3O-ClosedLoopAlpha,Walker2d-v4,4
89403,reward,1942,21.442045991040565,53.732,P3O-ClosedLoopAlpha,Walker2d-v4,4
89441,reward,1943,22.490925852921546,54.827,P3O-ClosedLoopAlpha,Walker2d-v4,4
89578,reward,1944,9.179750949320235,54.771,P3O-ClosedLoopAlpha,Walker2d-v4,4
89650,reward,1945,28.759848423989123,56.337,P3O-ClosedLoopAlpha,Walker2d-v4,4
89766,reward,1946,78.86872946822267,62.643,P3O-ClosedLoopAlpha,Walker2d-v4,4
89807,reward,1947,23.883363724775677,64.119,P3O-ClosedLoopAlpha,Walker2d-v4,4
89855,reward,1948,20.734187101715815,64.516,P3O-ClosedLoopAlpha,Walker2d-v4,4
89936,reward,1949,39.69413526420674,53.093,P3O-ClosedLoopAlpha,Walker2d-v4,4
89995,reward,1950,46.02071961287251,48.98,P3O-ClosedLoopAlpha,Walker2d-v4,4
90000,speed,2037.04,0.76,P3O-ClosedLoopAlpha,Walker2d-v4,4
90084,reward,1951,107.19206379127185,39.827,P3O-ClosedLoopAlpha,Walker2d-v4,4
90112,loss,-0.04760299623012543,2.7766075134277344,P3O-ClosedLoopAlpha,Walker2d-v4,4
90258,reward,1952,73.75355376990031,45.058,P3O-ClosedLoopAlpha,Walker2d-v4,4
90393,reward,1953,190.763500873372,61.885,P3O-ClosedLoopAlpha,Walker2d-v4,4
90497,reward,1954,55.863361011733026,66.553,P3O-ClosedLoopAlpha,Walker2d-v4,4
90555,reward,1955,36.42917464729582,67.32,P3O-ClosedLoopAlpha,Walker2d-v4,4
90737,reward,1956,48.721182055884206,64.306,P3O-ClosedLoopAlpha,Walker2d-v4,4
90857,reward,1957,102.66106345981845,72.183,P3O-ClosedLoopAlpha,Walker2d-v4,4
90983,reward,1958,-13.227666499024886,68.787,P3O-ClosedLoopAlpha,Walker2d-v4,4
91017,reward,1959,18.86074927004607,66.704,P3O-ClosedLoopAlpha,Walker2d-v4,4
91133,reward,1960,1.3259058169818392,62.234,P3O-ClosedLoopAlpha,Walker2d-v4,4
91207,reward,1961,54.08144228086785,56.923,P3O-ClosedLoopAlpha,Walker2d-v4,4
91252,reward,1962,19.507451588132383,51.499,P3O-ClosedLoopAlpha,Walker2d-v4,4
91379,reward,1963,39.63775808530448,36.386,P3O-ClosedLoopAlpha,Walker2d-v4,4
91445,reward,1964,17.40222416660835,32.54,P3O-ClosedLoopAlpha,Walker2d-v4,4
91501,reward,1965,38.26692478214468,32.724,P3O-ClosedLoopAlpha,Walker2d-v4,4
91619,reward,1966,36.91347849261116,31.543,P3O-ClosedLoopAlpha,Walker2d-v4,4
91667,reward,1967,31.131026251201874,24.39,P3O-ClosedLoopAlpha,Walker2d-v4,4
91742,reward,1968,41.17636098076616,29.83,P3O-ClosedLoopAlpha,Walker2d-v4,4
91822,reward,1969,62.48434666623579,34.193,P3O-ClosedLoopAlpha,Walker2d-v4,4
91950,reward,1970,35.21411317466504,37.582,P3O-ClosedLoopAlpha,Walker2d-v4,4
92136,reward,1971,14.493938710413266,33.623,P3O-ClosedLoopAlpha,Walker2d-v4,4
92249,reward,1972,62.15134766615141,37.887,P3O-ClosedLoopAlpha,Walker2d-v4,4
92296,reward,1973,25.41045962753551,36.464,P3O-ClosedLoopAlpha,Walker2d-v4,4
92352,reward,1974,28.19360697285214,37.544,P3O-ClosedLoopAlpha,Walker2d-v4,4
92452,reward,1975,53.957233334301726,39.113,P3O-ClosedLoopAlpha,Walker2d-v4,4
92586,reward,1976,153.19617807375462,50.741,P3O-ClosedLoopAlpha,Walker2d-v4,4
92636,reward,1977,28.22526661373947,50.45,P3O-ClosedLoopAlpha,Walker2d-v4,4
92657,reward,1978,4.490556491337381,46.782,P3O-ClosedLoopAlpha,Walker2d-v4,4
92755,reward,1979,12.444417678929867,41.778,P3O-ClosedLoopAlpha,Walker2d-v4,4
92781,reward,1980,14.290689032601685,39.685,P3O-ClosedLoopAlpha,Walker2d-v4,4
92853,reward,1981,37.254855882664785,41.961,P3O-ClosedLoopAlpha,Walker2d-v4,4
92987,reward,1982,28.877452704223625,38.634,P3O-ClosedLoopAlpha,Walker2d-v4,4
93017,reward,1983,16.671960145866688,37.76,P3O-ClosedLoopAlpha,Walker2d-v4,4
93114,reward,1984,67.03450383723869,41.644,P3O-ClosedLoopAlpha,Walker2d-v4,4
93169,reward,1985,22.1242666338711,38.461,P3O-ClosedLoopAlpha,Walker2d-v4,4
93214,reward,1986,19.29907456966123,25.071,P3O-ClosedLoopAlpha,Walker2d-v4,4
93371,reward,1987,68.15644971423644,29.064,P3O-ClosedLoopAlpha,Walker2d-v4,4
93419,reward,1988,27.058627877818477,31.321,P3O-ClosedLoopAlpha,Walker2d-v4,4
93471,reward,1989,37.00692125979369,33.777,P3O-ClosedLoopAlpha,Walker2d-v4,4
93497,reward,1990,6.157647107666928,32.964,P3O-ClosedLoopAlpha,Walker2d-v4,4
93602,reward,1991,52.570272880899225,34.496,P3O-ClosedLoopAlpha,Walker2d-v4,4
93709,reward,1992,101.86281537419015,41.794,P3O-ClosedLoopAlpha,Walker2d-v4,4
93807,reward,1993,27.484037569579712,42.875,P3O-ClosedLoopAlpha,Walker2d-v4,4
93881,reward,1994,72.86687505250276,43.459,P3O-ClosedLoopAlpha,Walker2d-v4,4
93939,reward,1995,55.24554538535281,46.771,P3O-ClosedLoopAlpha,Walker2d-v4,4
94172,reward,1996,273.66398632056627,72.207,P3O-ClosedLoopAlpha,Walker2d-v4,4
94282,reward,1997,52.185125686097535,70.61,P3O-ClosedLoopAlpha,Walker2d-v4,4
94328,reward,1998,46.10831114210522,72.515,P3O-ClosedLoopAlpha,Walker2d-v4,4
94379,reward,1999,17.86385082156921,70.601,P3O-ClosedLoopAlpha,Walker2d-v4,4
94413,reward,2000,10.568139049242033,71.042,P3O-ClosedLoopAlpha,Walker2d-v4,4
94606,reward,2001,316.6680624749286,97.452,P3O-ClosedLoopAlpha,Walker2d-v4,4
94711,reward,2002,14.26634502940435,88.692,P3O-ClosedLoopAlpha,Walker2d-v4,4
94737,reward,2003,13.778183604865866,87.321,P3O-ClosedLoopAlpha,Walker2d-v4,4
94816,reward,2004,33.32283500972974,83.367,P3O-ClosedLoopAlpha,Walker2d-v4,4
94964,reward,2005,84.21944224716088,86.264,P3O-ClosedLoopAlpha,Walker2d-v4,4
95156,reward,2006,141.03708105349915,73.002,P3O-ClosedLoopAlpha,Walker2d-v4,4
95235,reward,2007,38.515068470674365,71.635,P3O-ClosedLoopAlpha,Walker2d-v4,4
95312,reward,2008,36.594844386495716,70.683,P3O-ClosedLoopAlpha,Walker2d-v4,4
95499,reward,2009,299.46589153132487,98.844,P3O-ClosedLoopAlpha,Walker2d-v4,4
95597,reward,2010,54.11396364109347,103.198,P3O-ClosedLoopAlpha,Walker2d-v4,4
95796,reward,2011,98.70098835349866,81.401,P3O-ClosedLoopAlpha,Walker2d-v4,4
95937,reward,2012,229.12666617697673,102.887,P3O-ClosedLoopAlpha,Walker2d-v4,4
95998,reward,2013,52.314360325652,106.741,P3O-ClosedLoopAlpha,Walker2d-v4,4
96137,reward,2014,47.90884213135439,108.2,P3O-ClosedLoopAlpha,Walker2d-v4,4
96181,reward,2015,7.993684335486425,100.577,P3O-ClosedLoopAlpha,Walker2d-v4,4
96212,reward,2016,7.9336464317619155,87.267,P3O-ClosedLoopAlpha,Walker2d-v4,4
96283,reward,2017,26.70093354936719,86.085,P3O-ClosedLoopAlpha,Walker2d-v4,4
96302,reward,2018,6.858453134152608,83.112,P3O-ClosedLoopAlpha,Walker2d-v4,4
96386,reward,2019,77.92855950981435,60.958,P3O-ClosedLoopAlpha,Walker2d-v4,4
96460,reward,2020,36.7330097766711,59.22,P3O-ClosedLoopAlpha,Walker2d-v4,4
96601,reward,2021,110.66077229559518,60.416,P3O-ClosedLoopAlpha,Walker2d-v4,4
96684,reward,2022,27.562702791227583,40.259,P3O-ClosedLoopAlpha,Walker2d-v4,4
96934,reward,2023,339.8034610479421,69.008,P3O-ClosedLoopAlpha,Walker2d-v4,4
97016,reward,2024,38.933020154544415,68.111,P3O-ClosedLoopAlpha,Walker2d-v4,4
97106,reward,2025,0.3839152823260812,67.35,P3O-ClosedLoopAlpha,Walker2d-v4,4
97342,reward,2026,145.7686043389295,81.133,P3O-ClosedLoopAlpha,Walker2d-v4,4
97557,reward,2027,331.04339975756955,111.568,P3O-ClosedLoopAlpha,Walker2d-v4,4
97589,reward,2028,13.07096226281755,112.189,P3O-ClosedLoopAlpha,Walker2d-v4,4
97731,reward,2029,75.2261882493149,111.919,P3O-ClosedLoopAlpha,Walker2d-v4,4
97782,reward,2030,27.311929471466506,110.976,P3O-ClosedLoopAlpha,Walker2d-v4,4
97940,reward,2031,147.64685319348206,114.675,P3O-ClosedLoopAlpha,Walker2d-v4,4
97982,reward,2032,15.40918629693123,113.46,P3O-ClosedLoopAlpha,Walker2d-v4,4
98075,reward,2033,37.83761237541739,83.263,P3O-ClosedLoopAlpha,Walker2d-v4,4
98138,reward,2034,28.181714675689328,82.188,P3O-ClosedLoopAlpha,Walker2d-v4,4
98189,reward,2035,9.413160411283204,83.091,P3O-ClosedLoopAlpha,Walker2d-v4,4
98304,loss,-0.04408969730138779,2.984524726867676,P3O-ClosedLoopAlpha,Walker2d-v4,4
98510,reward,2036,392.3687175485837,107.751,P3O-ClosedLoopAlpha,Walker2d-v4,4
98600,reward,2037,51.375612462066066,79.784,P3O-ClosedLoopAlpha,Walker2d-v4,4
98707,reward,2038,38.455348345314,82.323,P3O-ClosedLoopAlpha,Walker2d-v4,4
98772,reward,2039,44.7644331731152,79.276,P3O-ClosedLoopAlpha,Walker2d-v4,4
98804,reward,2040,16.389651508720764,78.184,P3O-ClosedLoopAlpha,Walker2d-v4,4
98933,reward,2041,92.69769362411795,72.689,P3O-ClosedLoopAlpha,Walker2d-v4,4
98983,reward,2042,5.456264481136966,71.694,P3O-ClosedLoopAlpha,Walker2d-v4,4
99159,reward,2043,46.800849244771506,72.59,P3O-ClosedLoopAlpha,Walker2d-v4,4
99321,reward,2044,222.42831383373127,92.015,P3O-ClosedLoopAlpha,Walker2d-v4,4
99495,reward,2045,115.75579887307374,102.649,P3O-ClosedLoopAlpha,Walker2d-v4,4
99664,reward,2046,266.44567131033574,90.057,P3O-ClosedLoopAlpha,Walker2d-v4,4
99734,reward,2047,45.346944635313406,89.454,P3O-ClosedLoopAlpha,Walker2d-v4,4
99948,reward,2048,357.89337098617705,121.398,P3O-ClosedLoopAlpha,Walker2d-v4,4
100000,speed,1994.02,0.85,P3O-ClosedLoopAlpha,Walker2d-v4,4
100000,sbp,0.4,0.5667,0.5279,P3O-ClosedLoopAlpha,Walker2d-v4,4,0.01467,1,0.935934,0.581589,0.04285,0.046216,8.488231,8.501441,0.609271,-0.072825,0.001556,0.584093,1.095679,0.012962,0.002306,1,event,0.012132,0.025,0.554867,-0.514714,0.505804,0.012132,0.012132,0.012132,0.008634,0.008639,0.008637,0,0.0,0.0,0.0
100207,reward,2049,323.6984159132925,149.291,P3O-ClosedLoopAlpha,Walker2d-v4,4
100313,reward,2050,39.14430932883466,151.567,P3O-ClosedLoopAlpha,Walker2d-v4,4
100425,reward,2051,76.05643615613083,149.903,P3O-ClosedLoopAlpha,Walker2d-v4,4
100446,reward,2052,11.005422311711891,150.458,P3O-ClosedLoopAlpha,Walker2d-v4,4
100566,reward,2053,56.128627520543006,151.39,P3O-ClosedLoopAlpha,Walker2d-v4,4
100678,reward,2054,22.742027785334987,131.422,P3O-ClosedLoopAlpha,Walker2d-v4,4
100845,reward,2055,48.51862712252214,124.698,P3O-ClosedLoopAlpha,Walker2d-v4,4
100971,reward,2056,51.98144475993729,103.252,P3O-ClosedLoopAlpha,Walker2d-v4,4
101034,reward,2057,24.64075848793862,101.181,P3O-ClosedLoopAlpha,Walker2d-v4,4
101085,reward,2058,26.990066711588156,68.091,P3O-ClosedLoopAlpha,Walker2d-v4,4
101138,reward,2059,45.255072564190364,40.246,P3O-ClosedLoopAlpha,Walker2d-v4,4
101219,reward,2060,6.553314987851509,36.987,P3O-ClosedLoopAlpha,Walker2d-v4,4
101349,reward,2061,3.9860020814413852,29.78,P3O-ClosedLoopAlpha,Walker2d-v4,4
101430,reward,2062,50.06948791850099,33.687,P3O-ClosedLoopAlpha,Walker2d-v4,4
101480,reward,2063,19.377915856076708,30.011,P3O-ClosedLoopAlpha,Walker2d-v4,4
101563,reward,2064,50.94915354828468,32.832,P3O-ClosedLoopAlpha,Walker2d-v4,4
101661,reward,2065,45.865297410316515,32.567,P3O-ClosedLoopAlpha,Walker2d-v4,4
101727,reward,2066,19.96478082785289,29.365,P3O-ClosedLoopAlpha,Walker2d-v4,4
101904,reward,2067,273.16406359310616,54.218,P3O-ClosedLoopAlpha,Walker2d-v4,4
102062,reward,2068,93.05580436573483,60.824,P3O-ClosedLoopAlpha,Walker2d-v4,4
102105,reward,2069,15.636784165758728,57.862,P3O-ClosedLoopAlpha,Walker2d-v4,4
102161,reward,2070,18.313460274713886,59.038,P3O-ClosedLoopAlpha,Walker2d-v4,4
102251,reward,2071,62.89659008509063,64.929,P3O-ClosedLoopAlpha,Walker2d-v4,4
102341,reward,2072,46.47521466315669,64.57,P3O-ClosedLoopAlpha,Walker2d-v4,4
102427,reward,2073,38.51482524582657,66.484,P3O-ClosedLoopAlpha,Walker2d-v4,4
102520,reward,2074,46.79609189832142,66.068,P3O-ClosedLoopAlpha,Walker2d-v4,4
102776,reward,2075,260.0316614584061,87.485,P3O-ClosedLoopAlpha,Walker2d-v4,4
102848,reward,2076,60.5338133105919,91.542,P3O-ClosedLoopAlpha,Walker2d-v4,4
102894,reward,2077,30.197512600813425,67.245,P3O-ClosedLoopAlpha,Walker2d-v4,4
103066,reward,2078,260.44686954649035,83.984,P3O-ClosedLoopAlpha,Walker2d-v4,4
103137,reward,2079,37.62484943867562,86.183,P3O-ClosedLoopAlpha,Walker2d-v4,4
103247,reward,2080,177.017467143256,102.053,P3O-ClosedLoopAlpha,Walker2d-v4,4
103306,reward,2081,28.061502596163905,98.57,P3O-ClosedLoopAlpha,Walker2d-v4,4
103448,reward,2082,113.62411576855784,105.285,P3O-ClosedLoopAlpha,Walker2d-v4,4
103510,reward,2083,24.15154467902564,103.849,P3O-ClosedLoopAlpha,Walker2d-v4,4
103694,reward,2084,296.4739145795874,128.816,P3O-ClosedLoopAlpha,Walker2d-v4,4
103783,reward,2085,64.25954514830673,109.239,P3O-ClosedLoopAlpha,Walker2d-v4,4
103867,reward,2086,16.154689997359334,104.801,P3O-ClosedLoopAlpha,Walker2d-v4,4
104019,reward,2087,-2.727256753615661,101.509,P3O-ClosedLoopAlpha,Walker2d-v4,4
104255,reward,2088,173.71427923247384,92.835,P3O-ClosedLoopAlpha,Walker2d-v4,4
104432,reward,2089,269.4774998547853,116.021,P3O-ClosedLoopAlpha,Walker2d-v4,4
104581,reward,2090,39.48544242538477,102.268,P3O-ClosedLoopAlpha,Walker2d-v4,4
104822,reward,2091,384.9794029122233,137.959,P3O-ClosedLoopAlpha,Walker2d-v4,4
104963,reward,2092,251.02416194968444,151.699,P3O-ClosedLoopAlpha,Walker2d-v4,4
105002,reward,2093,16.145089644318844,150.899,P3O-ClosedLoopAlpha,Walker2d-v4,4
105102,reward,2094,35.50099831864847,124.801,P3O-ClosedLoopAlpha,Walker2d-v4,4
105202,reward,2095,63.07056627961549,124.682,P3O-ClosedLoopAlpha,Walker2d-v4,4
105310,reward,2096,48.48198964465691,127.915,P3O-ClosedLoopAlpha,Walker2d-v4,4
105430,reward,2097,194.8009430498481,147.668,P3O-ClosedLoopAlpha,Walker2d-v4,4
105453,reward,2098,12.121859685270113,131.509,P3O-ClosedLoopAlpha,Walker2d-v4,4
105535,reward,2099,51.98857622330982,109.76,P3O-ClosedLoopAlpha,Walker2d-v4,4
105735,reward,2100,318.4610605570872,137.657,P3O-ClosedLoopAlpha,Walker2d-v4,4
105847,reward,2101,84.62902891988588,107.622,P3O-ClosedLoopAlpha,Walker2d-v4,4
105881,reward,2102,18.75468536579293,84.395,P3O-ClosedLoopAlpha,Walker2d-v4,4
105999,reward,2103,103.54980537562025,93.136,P3O-ClosedLoopAlpha,Walker2d-v4,4
106135,reward,2104,38.88845884154474,93.475,P3O-ClosedLoopAlpha,Walker2d-v4,4
106309,reward,2105,242.11880349052464,111.38,P3O-ClosedLoopAlpha,Walker2d-v4,4
106426,reward,2106,27.656176565378214,109.297,P3O-ClosedLoopAlpha,Walker2d-v4,4
106496,loss,-0.03235717862844467,2.708007335662842,P3O-ClosedLoopAlpha,Walker2d-v4,4
106585,reward,2107,267.4162791360683,116.558,P3O-ClosedLoopAlpha,Walker2d-v4,4
106719,reward,2108,16.599335728578733,117.006,P3O-ClosedLoopAlpha,Walker2d-v4,4
106867,reward,2109,21.546718189506088,113.962,P3O-ClosedLoopAlpha,Walker2d-v4,4
106944,reward,2110,141.5834374335265,96.274,P3O-ClosedLoopAlpha,Walker2d-v4,4
107007,reward,2111,27.186944044943914,90.53,P3O-ClosedLoopAlpha,Walker2d-v4,4
107124,reward,2112,66.39086231668661,95.294,P3O-ClosedLoopAlpha,Walker2d-v4,4
107180,reward,2113,54.55795519473616,90.394,P3O-ClosedLoopAlpha,Walker2d-v4,4
107310,reward,2114,16.006875011390544,88.106,P3O-ClosedLoopAlpha,Walker2d-v4,4
107426,reward,2115,59.888549756401886,69.883,P3O-ClosedLoopAlpha,Walker2d-v4,4
107469,reward,2116,30.263702323456275,70.144,P3O-ClosedLoopAlpha,Walker2d-v4,4
107597,reward,2117,32.847957950552356,46.687,P3O-ClosedLoopAlpha,Walker2d-v4,4
107693,reward,2118,9.773408796172603,46.005,P3O-ClosedLoopAlpha,Walker2d-v4,4
107814,reward,2119,57.078430871192566,49.558,P3O-ClosedLoopAlpha,Walker2d-v4,4
107870,reward,2120,28.956735997469885,38.295,P3O-ClosedLoopAlpha,Walker2d-v4,4
107966,reward,2121,109.5540868750347,46.532,P3O-ClosedLoopAlpha,Walker2d-v4,4
108106,reward,2122,41.59933945940625,44.053,P3O-ClosedLoopAlpha,Walker2d-v4,4
108314,reward,2123,255.18788740386896,64.116,P3O-ClosedLoopAlpha,Walker2d-v4,4
108377,reward,2124,31.54428171395962,65.669,P3O-ClosedLoopAlpha,Walker2d-v4,4
108511,reward,2125,53.69574688547351,65.05,P3O-ClosedLoopAlpha,Walker2d-v4,4
108607,reward,2126,24.31693050333855,64.455,P3O-ClosedLoopAlpha,Walker2d-v4,4
108731,reward,2127,30.566820124217735,64.227,P3O-ClosedLoopAlpha,Walker2d-v4,4
108842,reward,2128,63.55579233602586,69.606,P3O-ClosedLoopAlpha,Walker2d-v4,4
108962,reward,2129,86.84937127966431,72.583,P3O-ClosedLoopAlpha,Walker2d-v4,4
109025,reward,2130,38.51109940520482,73.538,P3O-ClosedLoopAlpha,Walker2d-v4,4
109072,reward,2131,32.05830948277785,65.789,P3O-ClosedLoopAlpha,Walker2d-v4,4
109128,reward,2132,38.20080321336426,65.449,P3O-ClosedLoopAlpha,Walker2d-v4,4
109240,reward,2133,21.270041018888662,42.057,P3O-ClosedLoopAlpha,Walker2d-v4,4
109355,reward,2134,65.98731280942452,45.501,P3O-ClosedLoopAlpha,Walker2d-v4,4
109459,reward,2135,90.10691147087937,49.142,P3O-ClosedLoopAlpha,Walker2d-v4,4
109619,reward,2136,113.7354961041532,58.084,P3O-ClosedLoopAlpha,Walker2d-v4,4
109645,reward,2137,11.385859291342937,56.166,P3O-ClosedLoopAlpha,Walker2d-v4,4
109790,reward,2138,79.45423799349639,57.756,P3O-ClosedLoopAlpha,Walker2d-v4,4
109978,reward,2139,161.18109185272988,65.189,P3O-ClosedLoopAlpha,Walker2d-v4,4
110000,speed,2044.54,0.93,P3O-ClosedLoopAlpha,Walker2d-v4,4
110079,reward,2140,113.54663111197759,72.693,P3O-ClosedLoopAlpha,Walker2d-v4,4
110341,reward,2141,153.62903509530506,84.85,P3O-ClosedLoopAlpha,Walker2d-v4,4
110507,reward,2142,250.80821313299438,106.11,P3O-ClosedLoopAlpha,Walker2d-v4,4
110614,reward,2143,46.98526249157135,108.682,P3O-ClosedLoopAlpha,Walker2d-v4,4
110676,reward,2144,31.034807663813915,105.187,P3O-ClosedLoopAlpha,Walker2d-v4,4
110844,reward,2145,290.24046154647317,125.2,P3O-ClosedLoopAlpha,Walker2d-v4,4
110992,reward,2146,217.3007162829531,135.557,P3O-ClosedLoopAlpha,Walker2d-v4,4
111087,reward,2147,90.33109686539461,143.451,P3O-ClosedLoopAlpha,Walker2d-v4,4
111203,reward,2148,25.933861877879647,138.099,P3O-ClosedLoopAlpha,Walker2d-v4,4
111467,reward,2149,195.46768168720138,141.528,P3O-ClosedLoopAlpha,Walker2d-v4,4
111555,reward,2150,25.608664746536427,132.734,P3O-ClosedLoopAlpha,Walker2d-v4,4
111649,reward,2151,66.61564958138035,124.033,P3O-ClosedLoopAlpha,Walker2d-v4,4
111798,reward,2152,-0.43720706166711754,98.908,P3O-ClosedLoopAlpha,Walker2d-v4,4
112051,reward,2153,316.2980147458057,125.839,P3O-ClosedLoopAlpha,Walker2d-v4,4
112178,reward,2154,83.42714721298574,131.079,P3O-ClosedLoopAlpha,Walker2d-v4,4
112300,reward,2155,42.22608164564116,106.277,P3O-ClosedLoopAlpha,Walker2d-v4,4
112378,reward,2156,20.45936875266336,86.593,P3O-ClosedLoopAlpha,Walker2d-v4,4
112460,reward,2157,41.26277294999659,81.686,P3O-ClosedLoopAlpha,Walker2d-v4,4
112635,reward,2158,177.9346343215892,96.886,P3O-ClosedLoopAlpha,Walker2d-v4,4
112776,reward,2159,147.53127166265844,92.093,P3O-ClosedLoopAlpha,Walker2d-v4,4
112965,reward,2160,85.76787595722564,98.109,P3O-ClosedLoopAlpha,Walker2d-v4,4
113080,reward,2161,30.303844433160524,94.477,P3O-ClosedLoopAlpha,Walker2d-v4,4
113165,reward,2162,45.6979031312986,99.091,P3O-ClosedLoopAlpha,Walker2d-v4,4
113366,reward,2163,275.48676112128624,95.01,P3O-ClosedLoopAlpha,Walker2d-v4,4
113596,reward,2164,386.8309906059482,125.35,P3O-ClosedLoopAlpha,Walker2d-v4,4
113750,reward,2165,74.4463246011633,128.572,P3O-ClosedLoopAlpha,Walker2d-v4,4
113816,reward,2166,37.95594010565798,130.322,P3O-ClosedLoopAlpha,Walker2d-v4,4
113844,reward,2167,8.441177483284292,127.04,P3O-ClosedLoopAlpha,Walker2d-v4,4
113972,reward,2168,114.7571691604373,120.722,P3O-ClosedLoopAlpha,Walker2d-v4,4
114108,reward,2169,238.92826383394683,129.862,P3O-ClosedLoopAlpha,Walker2d-v4,4
114141,reward,2170,19.002155160942152,123.185,P3O-ClosedLoopAlpha,Walker2d-v4,4
114232,reward,2171,26.4521568553977,122.8,P3O-ClosedLoopAlpha,Walker2d-v4,4
114303,reward,2172,42.00994550560253,122.431,P3O-ClosedLoopAlpha,Walker2d-v4,4
114445,reward,2173,18.97327949061549,96.78,P3O-ClosedLoopAlpha,Walker2d-v4,4
114613,reward,2174,39.992059011375744,62.096,P3O-ClosedLoopAlpha,Walker2d-v4,4
114688,loss,-0.04255272075533867,3.7572238445281982,P3O-ClosedLoopAlpha,Walker2d-v4,4
114715,reward,2175,9.825111102388457,55.634,P3O-ClosedLoopAlpha,Walker2d-v4,4
114803,reward,2176,16.978238159147203,53.536,P3O-ClosedLoopAlpha,Walker2d-v4,4
114833,reward,2177,14.160992315903092,54.108,P3O-ClosedLoopAlpha,Walker2d-v4,4
114937,reward,2178,-3.5134122522055717,42.281,P3O-ClosedLoopAlpha,Walker2d-v4,4
114988,reward,2179,16.496312047501796,20.038,P3O-ClosedLoopAlpha,Walker2d-v4,4
115173,reward,2180,138.6906485301539,32.007,P3O-ClosedLoopAlpha,Walker2d-v4,4
115352,reward,2181,46.312792527088995,33.993,P3O-ClosedLoopAlpha,Walker2d-v4,4
115496,reward,2182,48.26663137713179,34.618,P3O-ClosedLoopAlpha,Walker2d-v4,4
115565,reward,2183,55.02247555326151,38.223,P3O-ClosedLoopAlpha,Walker2d-v4,4
115589,reward,2184,11.305184741813873,35.354,P3O-ClosedLoopAlpha,Walker2d-v4,4
115707,reward,2185,198.8215999942568,54.254,P3O-ClosedLoopAlpha,Walker2d-v4,4
115751,reward,2186,20.769364435740208,54.633,P3O-ClosedLoopAlpha,Walker2d-v4,4
115884,reward,2187,107.81412966452973,63.999,P3O-ClosedLoopAlpha,Walker2d-v4,4
115979,reward,2188,2.883576593500531,64.638,P3O-ClosedLoopAlpha,Walker2d-v4,4
116140,reward,2189,233.84648917545553,86.373,P3O-ClosedLoopAlpha,Walker2d-v4,4
116287,reward,2190,41.6927935883254,76.674,P3O-ClosedLoopAlpha,Walker2d-v4,4
116350,reward,2191,45.62751869917957,76.605,P3O-ClosedLoopAlpha,Walker2d-v4,4
116400,reward,2192,19.354155453456336,73.714,P3O-ClosedLoopAlpha,Walker2d-v4,4
116477,reward,2193,64.83174293463077,74.695,P3O-ClosedLoopAlpha,Walker2d-v4,4
116522,reward,2194,14.47073321612829,75.011,P3O-ClosedLoopAlpha,Walker2d-v4,4
116669,reward,2195,103.72621675392047,65.502,P3O-ClosedLoopAlpha,Walker2d-v4,4
116764,reward,2196,22.321339326057878,65.657,P3O-ClosedLoopAlpha,Walker2d-v4,4
116938,reward,2197,54.53060384406883,60.329,P3O-ClosedLoopAlpha,Walker2d-v4,4
117026,reward,2198,53.94251851389317,65.434,P3O-ClosedLoopAlpha,Walker2d-v4,4
117131,reward,2199,-4.7105025012304225,41.579,P3O-ClosedLoopAlpha,Walker2d-v4,4
117256,reward,2200,-32.69930137515494,34.14,P3O-ClosedLoopAlpha,Walker2d-v4,4
117325,reward,2201,63.09434583353184,35.886,P3O-ClosedLoopAlpha,Walker2d-v4,4
117375,reward,2202,7.496311653609364,34.7,P3O-ClosedLoopAlpha,Walker2d-v4,4
117475,reward,2203,55.3901171217127,33.756,P3O-ClosedLoopAlpha,Walker2d-v4,4
117520,reward,2204,40.327547031087505,36.342,P3O-ClosedLoopAlpha,Walker2d-v4,4
117703,reward,2205,22.848607422127,28.254,P3O-ClosedLoopAlpha,Walker2d-v4,4
117814,reward,2206,51.04561242096138,31.127,P3O-ClosedLoopAlpha,Walker2d-v4,4
117886,reward,2207,46.288685928147274,30.302,P3O-ClosedLoopAlpha,Walker2d-v4,4
118022,reward,2208,68.5040577377685,31.759,P3O-ClosedLoopAlpha,Walker2d-v4,4
118327,reward,2209,322.3514761934313,64.465,P3O-ClosedLoopAlpha,Walker2d-v4,4
118455,reward,2210,90.88477265655928,76.823,P3O-ClosedLoopAlpha,Walker2d-v4,4
118544,reward,2211,44.0768957122923,74.921,P3O-ClosedLoopAlpha,Walker2d-v4,4
118649,reward,2212,62.85816183672926,80.458,P3O-ClosedLoopAlpha,Walker2d-v4,4
118787,reward,2213,44.732941501302776,79.392,P3O-ClosedLoopAlpha,Walker2d-v4,4
118935,reward,2214,71.41965603117457,82.501,P3O-ClosedLoopAlpha,Walker2d-v4,4
119096,reward,2215,276.7939325397962,107.896,P3O-ClosedLoopAlpha,Walker2d-v4,4
119207,reward,2216,111.91104047069891,113.982,P3O-ClosedLoopAlpha,Walker2d-v4,4
119254,reward,2217,36.17397944429693,112.971,P3O-ClosedLoopAlpha,Walker2d-v4,4
119347,reward,2218,156.3234710655569,121.753,P3O-ClosedLoopAlpha,Walker2d-v4,4
119393,reward,2219,27.389881819076496,92.256,P3O-ClosedLoopAlpha,Walker2d-v4,4
119525,reward,2220,72.62721385047439,90.431,P3O-ClosedLoopAlpha,Walker2d-v4,4
119714,reward,2221,356.29119609432183,121.652,P3O-ClosedLoopAlpha,Walker2d-v4,4
119869,reward,2222,73.57190297098863,122.724,P3O-ClosedLoopAlpha,Walker2d-v4,4
120000,speed,2012.64,1.01,P3O-ClosedLoopAlpha,Walker2d-v4,4
120000,sbp,0.4,0.5556,0.5059,P3O-ClosedLoopAlpha,Walker2d-v4,4,0.01579,1,1.071088,0.602749,0.038783,0.045718,8.484636,8.500801,0.777005,-0.151695,0.001905,0.724293,1.139074,0.015295,0.003298,1,event,0.014434,0.025,0.540075,-0.422646,0.477877,0.014434,0.014434,0.014434,0.006166,0.006169,0.006167,0,0.0,0.0,0.0
120029,reward,2223,119.02244941349178,130.152,P3O-ClosedLoopAlpha,Walker2d-v4,4
120143,reward,2224,118.32196601826828,134.843,P3O-ClosedLoopAlpha,Walker2d-v4,4
120311,reward,2225,30.838433976227776,110.247,P3O-ClosedLoopAlpha,Walker2d-v4,4
120338,reward,2226,17.298365763646817,100.786,P3O-ClosedLoopAlpha,Walker2d-v4,4
120416,reward,2227,47.608914534973756,101.929,P3O-ClosedLoopAlpha,Walker2d-v4,4
120508,reward,2228,67.99941138300628,93.097,P3O-ClosedLoopAlpha,Walker2d-v4,4
120571,reward,2229,39.15482191032057,94.273,P3O-ClosedLoopAlpha,Walker2d-v4,4
120839,reward,2230,287.06269667716725,115.717,P3O-ClosedLoopAlpha,Walker2d-v4,4
120955,reward,2231,92.87332162459798,89.375,P3O-ClosedLoopAlpha,Walker2d-v4,4
121064,reward,2232,-1.9105519742444206,81.827,P3O-ClosedLoopAlpha,Walker2d-v4,4
121188,reward,2233,84.32733495821182,78.357,P3O-ClosedLoopAlpha,Walker2d-v4,4
121219,reward,2234,20.93237940027102,68.619,P3O-ClosedLoopAlpha,Walker2d-v4,4
121362,reward,2235,117.75575915793763,77.31,P3O-ClosedLoopAlpha,Walker2d-v4,4
121455,reward,2236,38.120757402871156,79.392,P3O-ClosedLoopAlpha,Walker2d-v4,4
121665,reward,2237,111.26236741075431,85.758,P3O-ClosedLoopAlpha,Walker2d-v4,4
121910,reward,2238,84.70058325065102,87.428,P3O-ClosedLoopAlpha,Walker2d-v4,4
121979,reward,2239,19.785389267363495,85.491,P3O-ClosedLoopAlpha,Walker2d-v4,4
122096,reward,2240,77.04939966338213,64.49,P3O-ClosedLoopAlpha,Walker2d-v4,4
122146,reward,2241,21.04873833347422,57.307,P3O-ClosedLoopAlpha,Walker2d-v4,4
122240,reward,2242,63.578268261497755,63.856,P3O-ClosedLoopAlpha,Walker2d-v4,4
122272,reward,2243,23.89052840010859,57.812,P3O-ClosedLoopAlpha,Walker2d-v4,4
122401,reward,2244,16.236607407794246,57.343,P3O-ClosedLoopAlpha,Walker2d-v4,4
122461,reward,2245,29.90613091725104,48.558,P3O-ClosedLoopAlpha,Walker2d-v4,4
122598,reward,2246,120.06027683484469,56.752,P3O-ClosedLoopAlpha,Walker2d-v4,4
122804,reward,2247,336.19224569050255,79.245,P3O-ClosedLoopAlpha,Walker2d-v4,4
122880,loss,-0.04354904592037201,4.069127082824707,P3O-ClosedLoopAlpha,Walker2d-v4,4
123184,reward,2248,555.3226499901239,126.307,P3O-ClosedLoopAlpha,Walker2d-v4,4
123294,reward,2249,45.55040872037571,128.884,P3O-ClosedLoopAlpha,Walker2d-v4,4
123454,reward,2250,0.8979275290838835,121.268,P3O-ClosedLoopAlpha,Walker2d-v4,4
123603,reward,2251,91.43600798529344,128.307,P3O-ClosedLoopAlpha,Walker2d-v4,4
123661,reward,2252,52.999439236362676,127.249,P3O-ClosedLoopAlpha,Walker2d-v4,4
123801,reward,2253,28.44802391420987,127.705,P3O-ClosedLoopAlpha,Walker2d-v4,4
123970,reward,2254,87.08640230778235,134.79,P3O-ClosedLoopAlpha,Walker2d-v4,4
124100,reward,2255,96.10325296700603,141.41,P3O-ClosedLoopAlpha,Walker2d-v4,4
124288,reward,2256,113.26792825582052,140.73,P3O-ClosedLoopAlpha,Walker2d-v4,4
124432,reward,2257,150.70986363160173,122.182,P3O-ClosedLoopAlpha,Walker2d-v4,4
124583,reward,2258,280.3682245536014,94.687,P3O-ClosedLoopAlpha,Walker2d-v4,4
124618,reward,2259,14.68335952100858,91.6,P3O-ClosedLoopAlpha,Walker2d-v4,4
124799,reward,2260,48.55512070616423,96.366,P3O-ClosedLoopAlpha,Walker2d-v4,4
124891,reward,2261,49.46189070038138,92.168,P3O-ClosedLoopAlpha,Walker2d-v4,4
124992,reward,2262,-4.6790959836496056,86.4,P3O-ClosedLoopAlpha,Walker2d-v4,4
125118,reward,2263,63.82300175780379,89.938,P3O-ClosedLoopAlpha,Walker2d-v4,4
125231,reward,2264,54.83231943081614,86.713,P3O-ClosedLoopAlpha,Walker2d-v4,4
125445,reward,2265,70.94053292514099,84.196,P3O-ClosedLoopAlpha,Walker2d-v4,4
125554,reward,2266,148.4547010703217,87.715,P3O-ClosedLoopAlpha,Walker2d-v4,4
125702,reward,2267,63.73962818904543,79.018,P3O-ClosedLoopAlpha,Walker2d-v4,4
125791,reward,2268,50.32770472202748,56.014,P3O-ClosedLoopAlpha,Walker2d-v4,4
126157,reward,2269,291.4587856256957,83.691,P3O-ClosedLoopAlpha,Walker2d-v4,4
126325,reward,2270,75.28009221833634,86.364,P3O-ClosedLoopAlpha,Walker2d-v4,4
126389,reward,2271,48.66955207003478,86.285,P3O-ClosedLoopAlpha,Walker2d-v4,4
126509,reward,2272,32.179807181560584,89.971,P3O-ClosedLoopAlpha,Walker2d-v4,4
126713,reward,2273,-9.481176690741393,82.64,P3O-ClosedLoopAlpha,Walker2d-v4,4
126916,reward,2274,313.1489936861136,108.472,P3O-ClosedLoopAlpha,Walker2d-v4,4
127068,reward,2275,278.30339205763056,129.208,P3O-ClosedLoopAlpha,Walker2d-v4,4
127238,reward,2276,248.59262442197152,139.222,P3O-ClosedLoopAlpha,Walker2d-v4,4
127385,reward,2277,63.43730832906379,139.192,P3O-ClosedLoopAlpha,Walker2d-v4,4
127550,reward,2278,100.31883384481802,144.191,P3O-ClosedLoopAlpha,Walker2d-v4,4
127865,reward,2279,213.2931382885256,136.374,P3O-ClosedLoopAlpha,Walker2d-v4,4
127985,reward,2280,51.61511590940595,134.008,P3O-ClosedLoopAlpha,Walker2d-v4,4
128047,reward,2281,32.729981618344354,132.414,P3O-ClosedLoopAlpha,Walker2d-v4,4
128245,reward,2282,40.0631858717865,133.202,P3O-ClosedLoopAlpha,Walker2d-v4,4
128362,reward,2283,61.788378993123864,140.329,P3O-ClosedLoopAlpha,Walker2d-v4,4
128559,reward,2284,94.64266717352254,118.478,P3O-ClosedLoopAlpha,Walker2d-v4,4
128658,reward,2285,79.06516978936945,98.555,P3O-ClosedLoopAlpha,Walker2d-v4,4
128749,reward,2286,50.64729136517471,78.76,P3O-ClosedLoopAlpha,Walker2d-v4,4
128846,reward,2287,41.30521197186169,76.547,P3O-ClosedLoopAlpha,Walker2d-v4,4
128925,reward,2288,45.84708718792969,71.1,P3O-ClosedLoopAlpha,Walker2d-v4,4
129024,reward,2289,45.1532663948329,54.286,P3O-ClosedLoopAlpha,Walker2d-v4,4
129089,reward,2290,66.33458344432047,55.758,P3O-ClosedLoopAlpha,Walker2d-v4,4
129228,reward,2291,39.18255771814034,56.403,P3O-ClosedLoopAlpha,Walker2d-v4,4
129293,reward,2292,35.014832331025275,55.898,P3O-ClosedLoopAlpha,Walker2d-v4,4
129539,reward,2293,366.8840654248452,86.408,P3O-ClosedLoopAlpha,Walker2d-v4,4
129735,reward,2294,122.15298556150097,89.159,P3O-ClosedLoopAlpha,Walker2d-v4,4
129876,reward,2295,81.26342533369584,89.379,P3O-ClosedLoopAlpha,Walker2d-v4,4
129995,reward,2296,12.337738198535698,85.548,P3O-ClosedLoopAlpha,Walker2d-v4,4
130000,speed,2037.82,1.09,P3O-ClosedLoopAlpha,Walker2d-v4,4
130137,reward,2297,34.63150873274043,84.88,P3O-ClosedLoopAlpha,Walker2d-v4,4
130385,reward,2298,41.02472713999572,84.398,P3O-ClosedLoopAlpha,Walker2d-v4,4
130590,reward,2299,279.0281067999809,107.785,P3O-ClosedLoopAlpha,Walker2d-v4,4
130724,reward,2300,62.58605364725452,107.411,P3O-ClosedLoopAlpha,Walker2d-v4,4
130944,reward,2301,346.28820240490336,138.121,P3O-ClosedLoopAlpha,Walker2d-v4,4
131072,loss,-0.04616489261388779,4.0949296951293945,P3O-ClosedLoopAlpha,Walker2d-v4,4
131201,reward,2302,15.534248848440058,136.173,P3O-ClosedLoopAlpha,Walker2d-v4,4
131375,reward,2303,79.26832765593305,107.412,P3O-ClosedLoopAlpha,Walker2d-v4,4
131719,reward,2304,196.21134641179594,114.817,P3O-ClosedLoopAlpha,Walker2d-v4,4
131934,reward,2305,98.56303544657557,116.547,P3O-ClosedLoopAlpha,Walker2d-v4,4
132115,reward,2306,-8.965943181655653,114.417,P3O-ClosedLoopAlpha,Walker2d-v4,4
132337,reward,2307,393.8795146621421,150.342,P3O-ClosedLoopAlpha,Walker2d-v4,4
132511,reward,2308,40.59511104490796,150.299,P3O-ClosedLoopAlpha,Walker2d-v4,4
132652,reward,2309,35.90281475495435,125.986,P3O-ClosedLoopAlpha,Walker2d-v4,4
132757,reward,2310,33.921891005129964,123.12,P3O-ClosedLoopAlpha,Walker2d-v4,4
132852,reward,2311,89.57074199662453,97.448,P3O-ClosedLoopAlpha,Walker2d-v4,4
133064,reward,2312,49.160461759902915,100.811,P3O-ClosedLoopAlpha,Walker2d-v4,4
133154,reward,2313,28.490176389901478,95.733,P3O-ClosedLoopAlpha,Walker2d-v4,4
133336,reward,2314,43.1115329452407,80.423,P3O-ClosedLoopAlpha,Walker2d-v4,4
133501,reward,2315,102.44975278223554,80.812,P3O-ClosedLoopAlpha,Walker2d-v4,4
133580,reward,2316,69.50918409246057,88.659,P3O-ClosedLoopAlpha,Walker2d-v4,4
133662,reward,2317,72.33990861635911,56.505,P3O-ClosedLoopAlpha,Walker2d-v4,4
133938,reward,2318,66.04645089132839,59.05,P3O-ClosedLoopAlpha,Walker2d-v4,4
134083,reward,2319,63.97210496549294,61.857,P3O-ClosedLoopAlpha,Walker2d-v4,4
134314,reward,2320,325.50149222034935,91.015,P3O-ClosedLoopAlpha,Walker2d-v4,4
134480,reward,2321,262.9288147151583,108.351,P3O-ClosedLoopAlpha,Walker2d-v4,4
134530,reward,2322,66.86314314482622,110.121,P3O-ClosedLoopAlpha,Walker2d-v4,4
134645,reward,2323,38.261471821498134,111.098,P3O-ClosedLoopAlpha,Walker2d-v4,4
134722,reward,2324,13.495096280542882,108.137,P3O-ClosedLoopAlpha,Walker2d-v4,4
134822,reward,2325,70.67602792913611,104.959,P3O-ClosedLoopAlpha,Walker2d-v4,4
134858,reward,2326,21.786941621628028,100.187,P3O-ClosedLoopAlpha,Walker2d-v4,4
135099,reward,2327,323.5370376152685,125.307,P3O-ClosedLoopAlpha,Walker2d-v4,4
135191,reward,2328,15.781323317834188,120.28,P3O-ClosedLoopAlpha,Walker2d-v4,4
135338,reward,2329,51.16945338439388,119.0,P3O-ClosedLoopAlpha,Walker2d-v4,4
135419,reward,2330,39.18409618232315,90.368,P3O-ClosedLoopAlpha,Walker2d-v4,4
135584,reward,2331,231.1873809026965,87.194,P3O-ClosedLoopAlpha,Walker2d-v4,4
135691,reward,2332,96.23676998437845,90.132,P3O-ClosedLoopAlpha,Walker2d-v4,4
135844,reward,2333,132.7584414631372,99.581,P3O-ClosedLoopAlpha,Walker2d-v4,4
135998,reward,2334,270.6729795297753,125.299,P3O-ClosedLoopAlpha,Walker2d-v4,4
136094,reward,2335,12.49820780739446,119.481,P3O-ClosedLoopAlpha,Walker2d-v4,4
136433,reward,2336,277.6410799698606,145.067,P3O-ClosedLoopAlpha,Walker2d-v4,4
136596,reward,2337,276.13660167194143,140.327,P3O-ClosedLoopAlpha,Walker2d-v4,4
137124,reward,2338,596.4044399187583,198.389,P3O-ClosedLoopAlpha,Walker2d-v4,4
137199,reward,2339,25.157404658935146,195.788,P3O-ClosedLoopAlpha,Walker2d-v4,4
137352,reward,2340,64.75407069020102,198.345,P3O-ClosedLoopAlpha,Walker2d-v4,4
137549,reward,2341,273.5067872533119,202.577,P3O-ClosedLoopAlpha,Walker2d-v4,4
137748,reward,2342,77.95228279827835,200.748,P3O-ClosedLoopAlpha,Walker2d-v4,4
137885,reward,2343,-16.851212959213026,185.787,P3O-ClosedLoopAlpha,Walker2d-v4,4
138014,reward,2344,46.99122643953604,163.419,P3O-ClosedLoopAlpha,Walker2d-v4,4
138124,reward,2345,190.64103427418652,181.233,P3O-ClosedLoopAlpha,Walker2d-v4,4
138184,reward,2346,35.247965978356305,156.994,P3O-ClosedLoopAlpha,Walker2d-v4,4
138302,reward,2347,115.74062098262871,140.954,P3O-ClosedLoopAlpha,Walker2d-v4,4
138503,reward,2348,70.07718463481574,88.322,P3O-ClosedLoopAlpha,Walker2d-v4,4
138626,reward,2349,155.07440287336462,101.313,P3O-ClosedLoopAlpha,Walker2d-v4,4
138896,reward,2350,355.67666208836965,130.406,P3O-ClosedLoopAlpha,Walker2d-v4,4
138909,reward,2351,0.8378412116227762,103.139,P3O-ClosedLoopAlpha,Walker2d-v4,4
139133,reward,2352,198.22563838217883,115.166,P3O-ClosedLoopAlpha,Walker2d-v4,4
139216,reward,2353,89.1590266867808,125.767,P3O-ClosedLoopAlpha,Walker2d-v4,4
139264,loss,-0.0443812757730484,4.370676517486572,P3O-ClosedLoopAlpha,Walker2d-v4,4
139406,reward,2354,191.79129349487508,140.247,P3O-ClosedLoopAlpha,Walker2d-v4,4
139632,reward,2355,213.1465799024002,142.498,P3O-ClosedLoopAlpha,Walker2d-v4,4
139794,reward,2356,128.7775752635611,151.851,P3O-ClosedLoopAlpha,Walker2d-v4,4
139900,reward,2357,39.98377522340374,144.275,P3O-ClosedLoopAlpha,Walker2d-v4,4
140000,speed,1977.93,1.18,P3O-ClosedLoopAlpha,Walker2d-v4,4
140000,sbp,0.4,0.5413,0.4757,P3O-ClosedLoopAlpha,Walker2d-v4,4,0.01729,1,1.268891,0.638201,0.035187,0.045118,8.480834,8.499906,0.98823,-0.220116,0.002249,0.911639,1.137079,0.007917,0.001553,1,event,0.007974,0.025,0.516238,-0.681053,0.442461,0.007974,0.007974,0.007974,0.008166,0.008171,0.008169,0,0.0,0.0,0.0
140055,reward,2358,281.7113553703736,165.438,P3O-ClosedLoopAlpha,Walker2d-v4,4
140335,reward,2359,89.35939403789978,158.867,P3O-ClosedLoopAlpha,Walker2d-v4,4
140450,reward,2360,44.628603381581655,127.762,P3O-ClosedLoopAlpha,Walker2d-v4,4
140620,reward,2361,39.84615536270983,131.663,P3O-ClosedLoopAlpha,Walker2d-v4,4
140788,reward,2362,110.35138020131156,122.876,P3O-ClosedLoopAlpha,Walker2d-v4,4
140919,reward,2363,90.1199741165865,122.972,P3O-ClosedLoopAlpha,Walker2d-v4,4
141035,reward,2364,49.49903990656046,108.742,P3O-ClosedLoopAlpha,Walker2d-v4,4
141236,reward,2365,184.61468120997318,105.889,P3O-ClosedLoopAlpha,Walker2d-v4,4
141418,reward,2366,91.60240918505751,102.172,P3O-ClosedLoopAlpha,Walker2d-v4,4
141743,reward,2367,137.04272384772383,111.878,P3O-ClosedLoopAlpha,Walker2d-v4,4
141933,reward,2368,124.7808065631233,96.185,P3O-ClosedLoopAlpha,Walker2d-v4,4
142022,reward,2369,8.648042038918565,88.113,P3O-ClosedLoopAlpha,Walker2d-v4,4
142217,reward,2370,257.0163620563957,109.352,P3O-ClosedLoopAlpha,Walker2d-v4,4
142389,reward,2371,115.3786049469764,116.905,P3O-ClosedLoopAlpha,Walker2d-v4,4
142602,reward,2372,266.5689561015897,132.527,P3O-ClosedLoopAlpha,Walker2d-v4,4
142775,reward,2373,154.95847310478638,139.011,P3O-ClosedLoopAlpha,Walker2d-v4,4
143062,reward,2374,388.9418068974348,172.955,P3O-ClosedLoopAlpha,Walker2d-v4,4
143281,reward,2375,281.38995515853475,182.633,P3O-ClosedLoopAlpha,Walker2d-v4,4
143428,reward,2376,100.17064197704401,183.49,P3O-ClosedLoopAlpha,Walker2d-v4,4
143702,reward,2377,89.9855567441693,178.784,P3O-ClosedLoopAlpha,Walker2d-v4,4
143759,reward,2378,40.14843965436784,170.321,P3O-ClosedLoopAlpha,Walker2d-v4,4
144002,reward,2379,299.6733367255553,199.423,P3O-ClosedLoopAlpha,Walker2d-v4,4
144171,reward,2380,79.36678202821523,181.658,P3O-ClosedLoopAlpha,Walker2d-v4,4
144302,reward,2381,199.40462364592017,190.061,P3O-ClosedLoopAlpha,Walker2d-v4,4
144715,reward,2382,446.2927533667386,208.033,P3O-ClosedLoopAlpha,Walker2d-v4,4
145005,reward,2383,126.02534034044967,205.14,P3O-ClosedLoopAlpha,Walker2d-v4,4
145160,reward,2384,60.05401371202392,172.251,P3O-ClosedLoopAlpha,Walker2d-v4,4
145269,reward,2385,36.770719124030165,147.789,P3O-ClosedLoopAlpha,Walker2d-v4,4
145662,reward,2386,275.18895922421666,165.291,P3O-ClosedLoopAlpha,Walker2d-v4,4
145792,reward,2387,221.00209773055204,178.393,P3O-ClosedLoopAlpha,Walker2d-v4,4
145875,reward,2388,22.359585518544993,176.614,P3O-ClosedLoopAlpha,Walker2d-v4,4
146017,reward,2389,237.23302249982592,170.37,P3O-ClosedLoopAlpha,Walker2d-v4,4
146342,reward,2390,461.25312062315777,208.558,P3O-ClosedLoopAlpha,Walker2d-v4,4
146502,reward,2391,263.1535887470558,214.933,P3O-ClosedLoopAlpha,Walker2d-v4,4
146658,reward,2392,66.49275905615916,176.953,P3O-ClosedLoopAlpha,Walker2d-v4,4
146787,reward,2393,215.64064230317513,185.915,P3O-ClosedLoopAlpha,Walker2d-v4,4
147170,reward,2394,194.08708587904735,199.318,P3O-ClosedLoopAlpha,Walker2d-v4,4
147280,reward,2395,11.591448198455927,196.8,P3O-ClosedLoopAlpha,Walker2d-v4,4
147456,loss,-0.04078293591737747,2.9715752601623535,P3O-ClosedLoopAlpha,Walker2d-v4,4
147479,reward,2396,99.24955057535924,179.206,P3O-ClosedLoopAlpha,Walker2d-v4,4
147695,reward,2397,335.9546801721364,190.702,P3O-ClosedLoopAlpha,Walker2d-v4,4
147905,reward,2398,45.91665335256149,193.057,P3O-ClosedLoopAlpha,Walker2d-v4,4
148043,reward,2399,35.289648261023046,172.863,P3O-ClosedLoopAlpha,Walker2d-v4,4
148383,reward,2400,145.3993519703124,141.278,P3O-ClosedLoopAlpha,Walker2d-v4,4
148464,reward,2401,53.82132148147941,120.344,P3O-ClosedLoopAlpha,Walker2d-v4,4
148715,reward,2402,152.07050629069045,128.902,P3O-ClosedLoopAlpha,Walker2d-v4,4
148891,reward,2403,271.3719162723799,134.475,P3O-ClosedLoopAlpha,Walker2d-v4,4
149066,reward,2404,32.092761920816,118.276,P3O-ClosedLoopAlpha,Walker2d-v4,4
149227,reward,2405,281.5985886104958,145.276,P3O-ClosedLoopAlpha,Walker2d-v4,4
149431,reward,2406,71.56459068541183,142.508,P3O-ClosedLoopAlpha,Walker2d-v4,4
149631,reward,2407,336.6611652717124,142.579,P3O-ClosedLoopAlpha,Walker2d-v4,4
149872,reward,2408,169.90003403752252,154.977,P3O-ClosedLoopAlpha,Walker2d-v4,4
149968,reward,2409,18.90824627363058,153.339,P3O-ClosedLoopAlpha,Walker2d-v4,4
150000,speed,2047.81,1.26,P3O-ClosedLoopAlpha,Walker2d-v4,4
150125,reward,2410,111.78932948450243,149.978,P3O-ClosedLoopAlpha,Walker2d-v4,4
150311,reward,2411,305.4183683407171,175.138,P3O-ClosedLoopAlpha,Walker2d-v4,4
150391,reward,2412,33.499589439761245,163.28,P3O-ClosedLoopAlpha,Walker2d-v4,4
150511,reward,2413,46.9024502309781,140.834,P3O-ClosedLoopAlpha,Walker2d-v4,4
150730,reward,2414,107.32850533170672,148.357,P3O-ClosedLoopAlpha,Walker2d-v4,4
150871,reward,2415,58.26743779775544,126.024,P3O-ClosedLoopAlpha,Walker2d-v4,4
151232,reward,2416,329.8600120231109,151.854,P3O-ClosedLoopAlpha,Walker2d-v4,4
151368,reward,2417,25.798186363655486,120.767,P3O-ClosedLoopAlpha,Walker2d-v4,4
151451,reward,2418,83.50791986207534,112.128,P3O-ClosedLoopAlpha,Walker2d-v4,4
151586,reward,2419,233.92398663981035,133.63,P3O-ClosedLoopAlpha,Walker2d-v4,4
151693,reward,2420,36.16194882275099,126.067,P3O-ClosedLoopAlpha,Walker2d-v4,4
151980,reward,2421,111.85227633110816,106.71,P3O-ClosedLoopAlpha,Walker2d-v4,4
152074,reward,2422,74.70181191736748,110.83,P3O-ClosedLoopAlpha,Walker2d-v4,4
152415,reward,2423,152.47191667552823,121.387,P3O-ClosedLoopAlpha,Walker2d-v4,4
152648,reward,2424,115.74261103627845,122.229,P3O-ClosedLoopAlpha,Walker2d-v4,4
152908,reward,2425,321.41998137013024,148.544,P3O-ClosedLoopAlpha,Walker2d-v4,4
153289,reward,2426,422.45812940427055,157.804,P3O-ClosedLoopAlpha,Walker2d-v4,4
153500,reward,2427,353.41020442183606,190.565,P3O-ClosedLoopAlpha,Walker2d-v4,4
153698,reward,2428,76.50211244878417,189.864,P3O-ClosedLoopAlpha,Walker2d-v4,4
154117,reward,2429,363.8058414764144,202.853,P3O-ClosedLoopAlpha,Walker2d-v4,4
154247,reward,2430,5.559165972625696,199.792,P3O-ClosedLoopAlpha,Walker2d-v4,4
154498,reward,2431,376.34930915414446,226.242,P3O-ClosedLoopAlpha,Walker2d-v4,4
154938,reward,2432,503.2080370410738,269.093,P3O-ClosedLoopAlpha,Walker2d-v4,4
155238,reward,2433,414.09246731796867,295.255,P3O-ClosedLoopAlpha,Walker2d-v4,4
155560,reward,2434,485.07100683770227,332.188,P3O-ClosedLoopAlpha,Walker2d-v4,4
155648,loss,-0.04258914291858673,4.026888847351074,P3O-ClosedLoopAlpha,Walker2d-v4,4
155719,reward,2435,271.06275255576577,327.152,P3O-ClosedLoopAlpha,Walker2d-v4,4
155853,reward,2436,32.25801903040811,288.132,P3O-ClosedLoopAlpha,Walker2d-v4,4
155929,reward,2437,14.664120801099426,254.257,P3O-ClosedLoopAlpha,Walker2d-v4,4
156034,reward,2438,25.882140625295676,249.195,P3O-ClosedLoopAlpha,Walker2d-v4,4
156112,reward,2439,53.957201473973626,218.21,P3O-ClosedLoopAlpha,Walker2d-v4,4
156266,reward,2440,3.517781391159451,218.006,P3O-ClosedLoopAlpha,Walker2d-v4,4
156398,reward,2441,10.02646608644525,181.374,P3O-ClosedLoopAlpha,Walker2d-v4,4
156590,reward,2442,13.864406426592682,132.44,P3O-ClosedLoopAlpha,Walker2d-v4,4
156958,reward,2443,270.2124240560184,118.052,P3O-ClosedLoopAlpha,Walker2d-v4,4
157151,reward,2444,106.74823064273274,80.219,P3O-ClosedLoopAlpha,Walker2d-v4,4
157416,reward,2445,116.18343375372825,64.731,P3O-ClosedLoopAlpha,Walker2d-v4,4
157723,reward,2446,70.74472957110306,68.58,P3O-ClosedLoopAlpha,Walker2d-v4,4
157898,reward,2447,122.51660707805812,79.365,P3O-ClosedLoopAlpha,Walker2d-v4,4
158205,reward,2448,144.79780967674472,91.257,P3O-ClosedLoopAlpha,Walker2d-v4,4
158519,reward,2449,169.25093109527378,102.786,P3O-ClosedLoopAlpha,Walker2d-v4,4
158872,reward,2450,467.02452763443284,149.137,P3O-ClosedLoopAlpha,Walker2d-v4,4
159009,reward,2451,-19.245058405850564,146.21,P3O-ClosedLoopAlpha,Walker2d-v4,4
159224,reward,2452,-73.07602491285161,137.516,P3O-ClosedLoopAlpha,Walker2d-v4,4
159470,reward,2453,63.546381421690285,116.849,P3O-ClosedLoopAlpha,Walker2d-v4,4
159628,reward,2454,77.40430861814346,113.915,P3O-ClosedLoopAlpha,Walker2d-v4,4
159910,reward,2455,379.1861112382827,140.215,P3O-ClosedLoopAlpha,Walker2d-v4,4
160000,speed,2091.15,1.34,P3O-ClosedLoopAlpha,Walker2d-v4,4
160000,sbp,0.4,0.5234,0.4522,P3O-ClosedLoopAlpha,Walker2d-v4,4,0.01761,1,1.348331,0.658979,0.032443,0.044632,8.478529,8.499287,1.04609,-0.273095,0.002448,0.950996,1.182986,0.009243,0.002235,1,event,0.008499,0.025,0.493137,-0.660033,0.418773,0.008499,0.008499,0.008499,0.008576,0.008581,0.008578,0,0.0,0.0,0.0
160348,reward,2456,290.06374005109797,162.147,P3O-ClosedLoopAlpha,Walker2d-v4,4
160562,reward,2457,302.0447315767934,180.1,P3O-ClosedLoopAlpha,Walker2d-v4,4
160711,reward,2458,49.40956643525905,170.561,P3O-ClosedLoopAlpha,Walker2d-v4,4
160825,reward,2459,7.346089373977877,154.37,P3O-ClosedLoopAlpha,Walker2d-v4,4
161083,reward,2460,121.04995123884532,119.773,P3O-ClosedLoopAlpha,Walker2d-v4,4
161300,reward,2461,36.95276830015179,125.393,P3O-ClosedLoopAlpha,Walker2d-v4,4
161537,reward,2462,114.89859258211231,144.19,P3O-ClosedLoopAlpha,Walker2d-v4,4
161645,reward,2463,39.24399215522709,141.76,P3O-ClosedLoopAlpha,Walker2d-v4,4
161760,reward,2464,30.770020318242082,137.097,P3O-ClosedLoopAlpha,Walker2d-v4,4
161932,reward,2465,270.32409177750066,126.21,P3O-ClosedLoopAlpha,Walker2d-v4,4
162156,reward,2466,98.99680126164192,107.104,P3O-ClosedLoopAlpha,Walker2d-v4,4
162302,reward,2467,-11.348705234243521,75.764,P3O-ClosedLoopAlpha,Walker2d-v4,4
162603,reward,2468,392.3670706607635,110.06,P3O-ClosedLoopAlpha,Walker2d-v4,4
162752,reward,2469,247.8599316303809,134.111,P3O-ClosedLoopAlpha,Walker2d-v4,4
162890,reward,2470,15.605437576787567,123.567,P3O-ClosedLoopAlpha,Walker2d-v4,4
163190,reward,2471,142.61869682855183,134.134,P3O-ClosedLoopAlpha,Walker2d-v4,4
163416,reward,2472,126.37683224705751,135.281,P3O-ClosedLoopAlpha,Walker2d-v4,4
163792,reward,2473,235.06274125184228,154.863,P3O-ClosedLoopAlpha,Walker2d-v4,4
163840,loss,-0.031075984239578247,5.027939319610596,P3O-ClosedLoopAlpha,Walker2d-v4,4
163960,reward,2474,24.449806156078797,154.231,P3O-ClosedLoopAlpha,Walker2d-v4,4
164045,reward,2475,161.30711283665082,143.33,P3O-ClosedLoopAlpha,Walker2d-v4,4
164074,reward,2476,11.514876630809496,134.581,P3O-ClosedLoopAlpha,Walker2d-v4,4
164190,reward,2477,199.3376152085247,155.65,P3O-ClosedLoopAlpha,Walker2d-v4,4
164296,reward,2478,23.756017512268787,118.789,P3O-ClosedLoopAlpha,Walker2d-v4,4
164481,reward,2479,278.64860516414353,121.868,P3O-ClosedLoopAlpha,Walker2d-v4,4
164691,reward,2480,180.11387171541668,138.319,P3O-ClosedLoopAlpha,Walker2d-v4,4
164838,reward,2481,250.78301249256614,149.135,P3O-ClosedLoopAlpha,Walker2d-v4,4
164919,reward,2482,46.167810675569704,141.114,P3O-ClosedLoopAlpha,Walker2d-v4,4
165020,reward,2483,56.73962063014044,123.282,P3O-ClosedLoopAlpha,Walker2d-v4,4
165230,reward,2484,343.71264292307495,155.208,P3O-ClosedLoopAlpha,Walker2d-v4,4
165392,reward,2485,288.3274174598983,167.91,P3O-ClosedLoopAlpha,Walker2d-v4,4
165554,reward,2486,225.33236951674488,189.292,P3O-ClosedLoopAlpha,Walker2d-v4,4
165886,reward,2487,135.54883885203245,182.913,P3O-ClosedLoopAlpha,Walker2d-v4,4
165972,reward,2488,49.670825132436555,185.505,P3O-ClosedLoopAlpha,Walker2d-v4,4
166152,reward,2489,265.2078902839791,184.16,P3O-ClosedLoopAlpha,Walker2d-v4,4
166300,reward,2490,124.61243172708413,178.61,P3O-ClosedLoopAlpha,Walker2d-v4,4
166372,reward,2491,47.6606867934835,158.298,P3O-ClosedLoopAlpha,Walker2d-v4,4
166574,reward,2492,124.51896230314172,166.133,P3O-ClosedLoopAlpha,Walker2d-v4,4
166786,reward,2493,132.46842900624037,173.706,P3O-ClosedLoopAlpha,Walker2d-v4,4
167051,reward,2494,366.1505564921195,175.95,P3O-ClosedLoopAlpha,Walker2d-v4,4
167157,reward,2495,133.56555045192886,160.474,P3O-ClosedLoopAlpha,Walker2d-v4,4
167277,reward,2496,17.977046734501137,139.738,P3O-ClosedLoopAlpha,Walker2d-v4,4
167392,reward,2497,9.392562640181792,127.122,P3O-ClosedLoopAlpha,Walker2d-v4,4
167625,reward,2498,90.76746066790402,131.232,P3O-ClosedLoopAlpha,Walker2d-v4,4
167932,reward,2499,484.3262183610795,153.144,P3O-ClosedLoopAlpha,Walker2d-v4,4
168352,reward,2500,221.74870224469592,162.858,P3O-ClosedLoopAlpha,Walker2d-v4,4
168449,reward,2501,-7.4317742746961235,157.348,P3O-ClosedLoopAlpha,Walker2d-v4,4
168551,reward,2502,46.997649864873466,149.596,P3O-ClosedLoopAlpha,Walker2d-v4,4
168672,reward,2503,72.5984408485544,143.609,P3O-ClosedLoopAlpha,Walker2d-v4,4
168924,reward,2504,142.89819886262873,121.284,P3O-ClosedLoopAlpha,Walker2d-v4,4
169059,reward,2505,73.37500077158487,115.265,P3O-ClosedLoopAlpha,Walker2d-v4,4
169205,reward,2506,99.56003823645042,123.423,P3O-ClosedLoopAlpha,Walker2d-v4,4
169450,reward,2507,41.23516649745756,126.608,P3O-ClosedLoopAlpha,Walker2d-v4,4
169716,reward,2508,357.81340565501216,153.312,P3O-ClosedLoopAlpha,Walker2d-v4,4
169872,reward,2509,285.1342862168886,133.393,P3O-ClosedLoopAlpha,Walker2d-v4,4
170000,speed,2044.24,1.42,P3O-ClosedLoopAlpha,Walker2d-v4,4
170127,reward,2510,185.3577750687371,129.754,P3O-ClosedLoopAlpha,Walker2d-v4,4
170246,reward,2511,58.04462277877073,136.301,P3O-ClosedLoopAlpha,Walker2d-v4,4
170438,reward,2512,111.51252498364782,142.753,P3O-ClosedLoopAlpha,Walker2d-v4,4
170611,reward,2513,63.92709605859648,141.886,P3O-ClosedLoopAlpha,Walker2d-v4,4
171024,reward,2514,379.659877592835,165.562,P3O-ClosedLoopAlpha,Walker2d-v4,4
171252,reward,2515,66.17441187627225,164.842,P3O-ClosedLoopAlpha,Walker2d-v4,4
171320,reward,2516,22.510394881533283,157.137,P3O-ClosedLoopAlpha,Walker2d-v4,4
171468,reward,2517,67.86779497967646,159.8,P3O-ClosedLoopAlpha,Walker2d-v4,4
171864,reward,2518,306.82891055141647,154.702,P3O-ClosedLoopAlpha,Walker2d-v4,4
172032,loss,-0.03217027708888054,5.028923034667969,P3O-ClosedLoopAlpha,Walker2d-v4,4
172124,reward,2519,35.25466563469184,129.714,P3O-ClosedLoopAlpha,Walker2d-v4,4
172651,reward,2520,396.0305213703475,150.781,P3O-ClosedLoopAlpha,Walker2d-v4,4
172769,reward,2521,-7.184750465821878,144.258,P3O-ClosedLoopAlpha,Walker2d-v4,4
172891,reward,2522,176.2685884600325,150.734,P3O-ClosedLoopAlpha,Walker2d-v4,4
173032,reward,2523,257.6563972406415,170.107,P3O-ClosedLoopAlpha,Walker2d-v4,4
173247,reward,2524,307.27446557757804,162.868,P3O-ClosedLoopAlpha,Walker2d-v4,4
173492,reward,2525,121.84113182105823,168.435,P3O-ClosedLoopAlpha,Walker2d-v4,4
173686,reward,2526,69.5875817917636,173.143,P3O-ClosedLoopAlpha,Walker2d-v4,4
173885,reward,2527,-1.2802281143930534,166.228,P3O-ClosedLoopAlpha,Walker2d-v4,4
174052,reward,2528,55.0466004600018,141.049,P3O-ClosedLoopAlpha,Walker2d-v4,4
174403,reward,2529,452.9921584608236,182.823,P3O-ClosedLoopAlpha,Walker2d-v4,4
174647,reward,2530,98.95243188965927,153.115,P3O-ClosedLoopAlpha,Walker2d-v4,4
174839,reward,2531,87.21220101543771,162.555,P3O-ClosedLoopAlpha,Walker2d-v4,4
175341,reward,2532,560.2486238638431,200.953,P3O-ClosedLoopAlpha,Walker2d-v4,4
175500,reward,2533,61.152169367585174,181.303,P3O-ClosedLoopAlpha,Walker2d-v4,4
175537,reward,2534,19.498021438074172,152.525,P3O-ClosedLoopAlpha,Walker2d-v4,4
175700,reward,2535,93.77741871718338,149.719,P3O-ClosedLoopAlpha,Walker2d-v4,4
175847,reward,2536,45.32671410851084,147.293,P3O-ClosedLoopAlpha,Walker2d-v4,4
175900,reward,2537,31.87003222024648,150.608,P3O-ClosedLoopAlpha,Walker2d-v4,4
176233,reward,2538,133.75171149813522,158.478,P3O-ClosedLoopAlpha,Walker2d-v4,4
176413,reward,2539,57.48473340976345,118.927,P3O-ClosedLoopAlpha,Walker2d-v4,4
176499,reward,2540,25.92698811226982,111.625,P3O-ClosedLoopAlpha,Walker2d-v4,4
176790,reward,2541,170.147408378686,119.918,P3O-ClosedLoopAlpha,Walker2d-v4,4
177043,reward,2542,195.88004948321768,83.482,P3O-ClosedLoopAlpha,Walker2d-v4,4
177210,reward,2543,94.34368160303443,86.801,P3O-ClosedLoopAlpha,Walker2d-v4,4
177490,reward,2544,186.92440794581404,103.543,P3O-ClosedLoopAlpha,Walker2d-v4,4
177823,reward,2545,456.94926061579906,139.86,P3O-ClosedLoopAlpha,Walker2d-v4,4
178114,reward,2546,156.98646699577657,151.026,P3O-ClosedLoopAlpha,Walker2d-v4,4
178270,reward,2547,-6.863114415980533,147.153,P3O-ClosedLoopAlpha,Walker2d-v4,4
178635,reward,2548,500.0977911580417,183.788,P3O-ClosedLoopAlpha,Walker2d-v4,4
178791,reward,2549,16.371388219971994,179.676,P3O-ClosedLoopAlpha,Walker2d-v4,4
178915,reward,2550,27.53285568569193,179.837,P3O-ClosedLoopAlpha,Walker2d-v4,4
179077,reward,2551,210.4545050445239,183.868,P3O-ClosedLoopAlpha,Walker2d-v4,4
179267,reward,2552,81.91871570054221,172.472,P3O-ClosedLoopAlpha,Walker2d-v4,4
179488,reward,2553,276.65872704602305,190.703,P3O-ClosedLoopAlpha,Walker2d-v4,4
179604,reward,2554,113.00807621950737,183.311,P3O-ClosedLoopAlpha,Walker2d-v4,4
179727,reward,2555,25.65703139192071,140.182,P3O-ClosedLoopAlpha,Walker2d-v4,4
179845,reward,2556,6.128553284803367,125.096,P3O-ClosedLoopAlpha,Walker2d-v4,4
179960,reward,2557,-5.999606000322137,125.183,P3O-ClosedLoopAlpha,Walker2d-v4,4
180000,speed,2018.56,1.5,P3O-ClosedLoopAlpha,Walker2d-v4,4
180000,sbp,0.4,0.5016,0.4314,P3O-ClosedLoopAlpha,Walker2d-v4,4,0.01802,1,1.448037,0.683196,0.029317,0.044057,8.475524,8.49856,1.119502,-0.334561,0.002718,1.00295,1.193364,0.017708,0.004032,1,event,0.017286,0.025,0.482337,-0.308553,0.389645,0.017286,0.017286,0.017286,0.008017,0.008022,0.00802,0,0.0,0.0,0.0
180114,reward,2558,18.707684712037704,77.044,P3O-ClosedLoopAlpha,Walker2d-v4,4
180224,loss,-0.046503715217113495,5.733667373657227,P3O-ClosedLoopAlpha,Walker2d-v4,4
180399,reward,2559,185.09969747929745,93.917,P3O-ClosedLoopAlpha,Walker2d-v4,4
180521,reward,2560,211.4405427131152,112.307,P3O-ClosedLoopAlpha,Walker2d-v4,4
180628,reward,2561,200.89946067081678,111.352,P3O-ClosedLoopAlpha,Walker2d-v4,4
180826,reward,2562,157.91312918194092,118.951,P3O-ClosedLoopAlpha,Walker2d-v4,4
180983,reward,2563,130.56262735640195,104.342,P3O-ClosedLoopAlpha,Walker2d-v4,4
181055,reward,2564,53.25705018920036,98.367,P3O-ClosedLoopAlpha,Walker2d-v4,4
181202,reward,2565,231.5206227357426,118.953,P3O-ClosedLoopAlpha,Walker2d-v4,4
181381,reward,2566,315.46570042926,149.887,P3O-ClosedLoopAlpha,Walker2d-v4,4
181541,reward,2567,58.982574328600634,156.385,P3O-ClosedLoopAlpha,Walker2d-v4,4
181770,reward,2568,292.3087220018625,183.745,P3O-ClosedLoopAlpha,Walker2d-v4,4
181839,reward,2569,46.22912232382434,169.858,P3O-ClosedLoopAlpha,Walker2d-v4,4
182024,reward,2570,64.50787267795936,155.165,P3O-ClosedLoopAlpha,Walker2d-v4,4
182254,reward,2571,-8.184179451390719,134.256,P3O-ClosedLoopAlpha,Walker2d-v4,4
182455,reward,2572,91.29623058688954,127.595,P3O-ClosedLoopAlpha,Walker2d-v4,4
182747,reward,2573,391.34070847543273,153.672,P3O-ClosedLoopAlpha,Walker2d-v4,4
182950,reward,2574,292.16723044692407,177.563,P3O-ClosedLoopAlpha,Walker2d-v4,4
183148,reward,2575,95.76403692132955,163.988,P3O-ClosedLoopAlpha,Walker2d-v4,4
183255,reward,2576,44.069061650377236,136.848,P3O-ClosedLoopAlpha,Walker2d-v4,4
183478,reward,2577,65.99445930470745,137.549,P3O-ClosedLoopAlpha,Walker2d-v4,4
183588,reward,2578,28.550876231573174,111.174,P3O-ClosedLoopAlpha,Walker2d-v4,4
183659,reward,2579,58.71043176084352,112.422,P3O-ClosedLoopAlpha,Walker2d-v4,4
183803,reward,2580,254.486175393214,131.42,P3O-ClosedLoopAlpha,Walker2d-v4,4
184066,reward,2581,384.8241919847067,170.72,P3O-ClosedLoopAlpha,Walker2d-v4,4
184175,reward,2582,-8.704834741834212,160.72,P3O-ClosedLoopAlpha,Walker2d-v4,4
184452,reward,2583,429.004643098678,164.487,P3O-ClosedLoopAlpha,Walker2d-v4,4
184655,reward,2584,130.1565210111699,148.286,P3O-ClosedLoopAlpha,Walker2d-v4,4
184785,reward,2585,231.50054748270048,161.859,P3O-ClosedLoopAlpha,Walker2d-v4,4
185678,reward,2586,986.857842795538,256.138,P3O-ClosedLoopAlpha,Walker2d-v4,4
185844,reward,2587,20.87112455158734,251.626,P3O-ClosedLoopAlpha,Walker2d-v4,4
186066,reward,2588,134.3638524760708,262.207,P3O-ClosedLoopAlpha,Walker2d-v4,4
186543,reward,2589,597.8138145865439,316.117,P3O-ClosedLoopAlpha,Walker2d-v4,4
186725,reward,2590,249.3410970280993,315.603,P3O-ClosedLoopAlpha,Walker2d-v4,4
187158,reward,2591,385.5731724189483,315.678,P3O-ClosedLoopAlpha,Walker2d-v4,4
187253,reward,2592,76.10781342028636,324.159,P3O-ClosedLoopAlpha,Walker2d-v4,4
187433,reward,2593,-38.59222891741366,277.399,P3O-ClosedLoopAlpha,Walker2d-v4,4
187770,reward,2594,163.3094779439733,280.715,P3O-ClosedLoopAlpha,Walker2d-v4,4
187983,reward,2595,45.782940403308686,262.143,P3O-ClosedLoopAlpha,Walker2d-v4,4
188193,reward,2596,330.7218687868353,196.529,P3O-ClosedLoopAlpha,Walker2d-v4,4
188332,reward,2597,112.41329249430112,205.684,P3O-ClosedLoopAlpha,Walker2d-v4,4
188416,loss,-0.03530970215797424,4.326731204986572,P3O-ClosedLoopAlpha,Walker2d-v4,4
188497,reward,2598,255.77413297127225,217.825,P3O-ClosedLoopAlpha,Walker2d-v4,4
188617,reward,2599,64.7580191621784,164.519,P3O-ClosedLoopAlpha,Walker2d-v4,4
188752,reward,2600,108.50719954826458,150.436,P3O-ClosedLoopAlpha,Walker2d-v4,4
188959,reward,2601,306.27419460980184,142.506,P3O-ClosedLoopAlpha,Walker2d-v4,4
189175,reward,2602,13.292534763662333,136.224,P3O-ClosedLoopAlpha,Walker2d-v4,4
189264,reward,2603,50.36378871596492,145.12,P3O-ClosedLoopAlpha,Walker2d-v4,4
189456,reward,2604,59.087300646590414,134.698,P3O-ClosedLoopAlpha,Walker2d-v4,4
189610,reward,2605,37.14858229003822,133.834,P3O-ClosedLoopAlpha,Walker2d-v4,4
189793,reward,2606,265.05654062972894,127.268,P3O-ClosedLoopAlpha,Walker2d-v4,4
189874,reward,2607,76.00304135634464,123.627,P3O-ClosedLoopAlpha,Walker2d-v4,4
190000,speed,2011.75,1.58,P3O-ClosedLoopAlpha,Walker2d-v4,4
190056,reward,2608,165.00538732713073,114.55,P3O-ClosedLoopAlpha,Walker2d-v4,4
190171,reward,2609,207.4596374087492,128.82,P3O-ClosedLoopAlpha,Walker2d-v4,4
190287,reward,2610,177.63232708870888,135.732,P3O-ClosedLoopAlpha,Walker2d-v4,4
190518,reward,2611,355.9494720868603,140.7,P3O-ClosedLoopAlpha,Walker2d-v4,4
190710,reward,2612,115.7299133376724,150.944,P3O-ClosedLoopAlpha,Walker2d-v4,4
191143,reward,2613,281.3234822416131,174.04,P3O-ClosedLoopAlpha,Walker2d-v4,4
191253,reward,2614,84.97434443303935,176.628,P3O-ClosedLoopAlpha,Walker2d-v4,4
191311,reward,2615,47.72579959940285,177.686,P3O-ClosedLoopAlpha,Walker2d-v4,4
191496,reward,2616,136.14952532264712,164.795,P3O-ClosedLoopAlpha,Walker2d-v4,4
191727,reward,2617,284.46731565663373,185.642,P3O-ClosedLoopAlpha,Walker2d-v4,4
191839,reward,2618,168.5516415999639,185.996,P3O-ClosedLoopAlpha,Walker2d-v4,4
191968,reward,2619,40.14789791755533,169.265,P3O-ClosedLoopAlpha,Walker2d-v4,4
192070,reward,2620,49.12153919044988,156.414,P3O-ClosedLoopAlpha,Walker2d-v4,4
192262,reward,2621,292.004173064754,150.02,P3O-ClosedLoopAlpha,Walker2d-v4,4
192462,reward,2622,311.2983416706344,169.576,P3O-ClosedLoopAlpha,Walker2d-v4,4
192714,reward,2623,361.47135389929156,177.591,P3O-ClosedLoopAlpha,Walker2d-v4,4
192887,reward,2624,299.4253177026085,199.036,P3O-ClosedLoopAlpha,Walker2d-v4,4
192967,reward,2625,78.00579901462997,202.064,P3O-ClosedLoopAlpha,Walker2d-v4,4
193156,reward,2626,137.86889173091583,202.236,P3O-ClosedLoopAlpha,Walker2d-v4,4
193425,reward,2627,61.941814354167064,179.984,P3O-ClosedLoopAlpha,Walker2d-v4,4
193490,reward,2628,18.70294580275597,164.999,P3O-ClosedLoopAlpha,Walker2d-v4,4
193773,reward,2629,212.80165852382603,182.264,P3O-ClosedLoopAlpha,Walker2d-v4,4
193896,reward,2630,45.0460312316337,181.857,P3O-ClosedLoopAlpha,Walker2d-v4,4
194080,reward,2631,188.824001512117,171.539,P3O-ClosedLoopAlpha,Walker2d-v4,4
194294,reward,2632,156.96078817487822,156.105,P3O-ClosedLoopAlpha,Walker2d-v4,4
194452,reward,2633,180.60840503972815,138.019,P3O-ClosedLoopAlpha,Walker2d-v4,4
194878,reward,2634,219.63409261243262,130.039,P3O-ClosedLoopAlpha,Walker2d-v4,4
195014,reward,2635,44.19786175653798,126.659,P3O-ClosedLoopAlpha,Walker2d-v4,4
195207,reward,2636,86.02922731492377,121.475,P3O-ClosedLoopAlpha,Walker2d-v4,4
195385,reward,2637,308.52166355824403,146.133,P3O-ClosedLoopAlpha,Walker2d-v4,4
195487,reward,2638,21.10606732713514,146.373,P3O-ClosedLoopAlpha,Walker2d-v4,4
195574,reward,2639,31.049537495155167,128.198,P3O-ClosedLoopAlpha,Walker2d-v4,4
195716,reward,2640,124.48870007758191,136.142,P3O-ClosedLoopAlpha,Walker2d-v4,4
195861,reward,2641,29.102857427457067,120.17,P3O-ClosedLoopAlpha,Walker2d-v4,4
195953,reward,2642,68.55723083154902,111.33,P3O-ClosedLoopAlpha,Walker2d-v4,4
196225,reward,2643,342.7479890705246,127.544,P3O-ClosedLoopAlpha,Walker2d-v4,4
196296,reward,2644,40.928069657726304,109.673,P3O-ClosedLoopAlpha,Walker2d-v4,4
196455,reward,2645,32.27847670840755,108.481,P3O-ClosedLoopAlpha,Walker2d-v4,4
196608,loss,-0.04158654436469078,5.800861358642578,P3O-ClosedLoopAlpha,Walker2d-v4,4
196700,reward,2646,58.498644547520534,105.728,P3O-ClosedLoopAlpha,Walker2d-v4,4
197033,reward,2647,220.4721793906687,96.923,P3O-ClosedLoopAlpha,Walker2d-v4,4
197198,reward,2648,65.89835406946321,101.402,P3O-ClosedLoopAlpha,Walker2d-v4,4
197422,reward,2649,370.12856876143246,135.31,P3O-ClosedLoopAlpha,Walker2d-v4,4
197673,reward,2650,325.5593160590937,155.417,P3O-ClosedLoopAlpha,Walker2d-v4,4
197799,reward,2651,47.55240861452097,157.262,P3O-ClosedLoopAlpha,Walker2d-v4,4
198058,reward,2652,101.60328296839496,160.567,P3O-ClosedLoopAlpha,Walker2d-v4,4
198289,reward,2653,373.8458743274696,163.677,P3O-ClosedLoopAlpha,Walker2d-v4,4
198401,reward,2654,-0.062249374930192225,159.577,P3O-ClosedLoopAlpha,Walker2d-v4,4
198553,reward,2655,223.29884022308116,178.68,P3O-ClosedLoopAlpha,Walker2d-v4,4
198709,reward,2656,23.11942580358495,175.142,P3O-ClosedLoopAlpha,Walker2d-v4,4
199125,reward,2657,209.6596921438438,174.06,P3O-ClosedLoopAlpha,Walker2d-v4,4
199254,reward,2658,-7.323334841271001,166.738,P3O-ClosedLoopAlpha,Walker2d-v4,4
199359,reward,2659,25.770047045544366,132.302,P3O-ClosedLoopAlpha,Walker2d-v4,4
199382,reward,2660,8.916540126026067,100.638,P3O-ClosedLoopAlpha,Walker2d-v4,4
199707,reward,2661,103.32088853502738,106.215,P3O-ClosedLoopAlpha,Walker2d-v4,4
199883,reward,2662,86.30352913612181,104.685,P3O-ClosedLoopAlpha,Walker2d-v4,4
200000,speed,2043.7,1.67,P3O-ClosedLoopAlpha,Walker2d-v4,4
200000,sbp,0.4,0.476,0.4084,P3O-ClosedLoopAlpha,Walker2d-v4,4,0.01832,1,1.561835,0.718508,0.026702,0.043334,8.471371,8.497423,1.173718,-0.383807,0.003075,1.040001,1.200881,0.016309,0.003382,1,event,0.015676,0.025,0.469284,-0.372959,0.358618,0.015676,0.015676,0.015676,0.006611,0.006615,0.006613,0,0.0,0.0,0.0
200005,reward,2663,36.78621219213894,70.979,P3O-ClosedLoopAlpha,Walker2d-v4,4
200128,reward,2664,-5.828137214612223,70.402,P3O-ClosedLoopAlpha,Walker2d-v4,4
200314,reward,2665,130.43956106979184,61.116,P3O-ClosedLoopAlpha,Walker2d-v4,4
200409,reward,2666,-0.1823841996612685,58.786,P3O-ClosedLoopAlpha,Walker2d-v4,4
200556,reward,2667,42.5229212573114,42.073,P3O-ClosedLoopAlpha,Walker2d-v4,4
200824,reward,2668,130.68897269064013,55.874,P3O-ClosedLoopAlpha,Walker2d-v4,4
201065,reward,2669,33.53182744127623,56.65,P3O-ClosedLoopAlpha,Walker2d-v4,4
201156,reward,2670,57.58947641393186,61.517,P3O-ClosedLoopAlpha,Walker2d-v4,4
201394,reward,2671,293.4224053159762,80.527,P3O-ClosedLoopAlpha,Walker2d-v4,4
201563,reward,2672,98.85700888127403,81.783,P3O-ClosedLoopAlpha,Walker2d-v4,4
202016,reward,2673,567.4781381396361,134.852,P3O-ClosedLoopAlpha,Walker2d-v4,4
202057,reward,2674,30.848482250664926,138.52,P3O-ClosedLoopAlpha,Walker2d-v4,4
202198,reward,2675,221.85037334548002,147.661,P3O-ClosedLoopAlpha,Walker2d-v4,4
202314,reward,2676,104.40331442218707,158.119,P3O-ClosedLoopAlpha,Walker2d-v4,4
202500,reward,2677,38.3135010337478,157.698,P3O-ClosedLoopAlpha,Walker2d-v4,4
202669,reward,2678,73.50373961546072,151.98,P3O-ClosedLoopAlpha,Walker2d-v4,4
202979,reward,2679,389.70061822130526,187.597,P3O-ClosedLoopAlpha,Walker2d-v4,4
203266,reward,2680,396.74013897903666,221.512,P3O-ClosedLoopAlpha,Walker2d-v4,4
203385,reward,2681,59.83358653857568,198.153,P3O-ClosedLoopAlpha,Walker2d-v4,4
203651,reward,2682,167.42955195465012,205.01,P3O-ClosedLoopAlpha,Walker2d-v4,4
203938,reward,2683,80.56787688682016,156.319,P3O-ClosedLoopAlpha,Walker2d-v4,4
204157,reward,2684,31.098564161753515,156.344,P3O-ClosedLoopAlpha,Walker2d-v4,4
204385,reward,2685,204.9814485450476,154.657,P3O-ClosedLoopAlpha,Walker2d-v4,4
204462,reward,2686,68.36835099320808,151.054,P3O-ClosedLoopAlpha,Walker2d-v4,4
204656,reward,2687,106.19977376067723,157.842,P3O-ClosedLoopAlpha,Walker2d-v4,4
204800,loss,-0.018185725435614586,7.188241004943848,P3O-ClosedLoopAlpha,Walker2d-v4,4
204829,reward,2688,269.63103339167816,177.455,P3O-ClosedLoopAlpha,Walker2d-v4,4
204965,reward,2689,41.279740195831025,142.613,P3O-ClosedLoopAlpha,Walker2d-v4,4
205052,reward,2690,33.758032392033876,106.315,P3O-ClosedLoopAlpha,Walker2d-v4,4
205455,reward,2691,186.85190063317884,119.017,P3O-ClosedLoopAlpha,Walker2d-v4,4
205663,reward,2692,94.93093760293452,111.767,P3O-ClosedLoopAlpha,Walker2d-v4,4
205819,reward,2693,32.909468990142486,107.001,P3O-ClosedLoopAlpha,Walker2d-v4,4
205903,reward,2694,79.31866140500152,111.823,P3O-ClosedLoopAlpha,Walker2d-v4,4
206054,reward,2695,61.547369445781854,97.48,P3O-ClosedLoopAlpha,Walker2d-v4,4
206156,reward,2696,54.80558631878504,96.123,P3O-ClosedLoopAlpha,Walker2d-v4,4
206310,reward,2697,263.18154466185786,111.821,P3O-ClosedLoopAlpha,Walker2d-v4,4
206692,reward,2698,493.8978693789341,134.248,P3O-ClosedLoopAlpha,Walker2d-v4,4
206894,reward,2699,20.56836517974114,132.177,P3O-ClosedLoopAlpha,Walker2d-v4,4
207106,reward,2700,33.25555627785151,132.127,P3O-ClosedLoopAlpha,Walker2d-v4,4
207233,reward,2701,102.26931954899193,123.668,P3O-ClosedLoopAlpha,Walker2d-v4,4
207453,reward,2702,315.07541196689294,145.683,P3O-ClosedLoopAlpha,Walker2d-v4,4
207579,reward,2703,59.93061510381703,148.385,P3O-ClosedLoopAlpha,Walker2d-v4,4
207767,reward,2704,87.16467121868732,149.17,P3O-ClosedLoopAlpha,Walker2d-v4,4
207865,reward,2705,94.91018153253859,152.506,P3O-ClosedLoopAlpha,Walker2d-v4,4
208060,reward,2706,144.89203630360396,161.515,P3O-ClosedLoopAlpha,Walker2d-v4,4
208294,reward,2707,122.25967459826772,147.422,P3O-ClosedLoopAlpha,Walker2d-v4,4
208438,reward,2708,8.69415253996232,98.902,P3O-ClosedLoopAlpha,Walker2d-v4,4
208663,reward,2709,97.9283808535619,106.638,P3O-ClosedLoopAlpha,Walker2d-v4,4
208744,reward,2710,29.99426965177436,106.312,P3O-ClosedLoopAlpha,Walker2d-v4,4
208885,reward,2711,25.188458922369826,98.604,P3O-ClosedLoopAlpha,Walker2d-v4,4
209092,reward,2712,320.21521812687,99.118,P3O-ClosedLoopAlpha,Walker2d-v4,4
209423,reward,2713,338.7711117292411,127.002,P3O-ClosedLoopAlpha,Walker2d-v4,4
209549,reward,2714,31.801433974630225,121.465,P3O-ClosedLoopAlpha,Walker2d-v4,4
209690,reward,2715,15.838307498541615,113.558,P3O-ClosedLoopAlpha,Walker2d-v4,4
210000,speed,1982.05,1.75,P3O-ClosedLoopAlpha,Walker2d-v4,4
210098,reward,2716,496.55325880418917,148.724,P3O-ClosedLoopAlpha,Walker2d-v4,4
210256,reward,2717,255.2680905474381,162.025,P3O-ClosedLoopAlpha,Walker2d-v4,4
210401,reward,2718,246.38595103450237,185.794,P3O-ClosedLoopAlpha,Walker2d-v4,4
210504,reward,2719,46.33365462358959,180.635,P3O-ClosedLoopAlpha,Walker2d-v4,4
210611,reward,2720,176.00251628726053,195.236,P3O-ClosedLoopAlpha,Walker2d-v4,4
210793,reward,2721,205.40438876463824,213.257,P3O-ClosedLoopAlpha,Walker2d-v4,4
210973,reward,2722,287.3155614123834,209.967,P3O-ClosedLoopAlpha,Walker2d-v4,4
211221,reward,2723,384.28742873686423,214.519,P3O-ClosedLoopAlpha,Walker2d-v4,4
211516,reward,2724,345.6727077660759,245.906,P3O-ClosedLoopAlpha,Walker2d-v4,4
211752,reward,2725,287.93748183076684,273.116,P3O-ClosedLoopAlpha,Walker2d-v4,4
211919,reward,2726,254.98194111254617,248.959,P3O-ClosedLoopAlpha,Walker2d-v4,4
212051,reward,2727,29.592082476499577,226.391,P3O-ClosedLoopAlpha,Walker2d-v4,4
212386,reward,2728,174.7273908477155,219.226,P3O-ClosedLoopAlpha,Walker2d-v4,4
212510,reward,2729,118.11912608086386,226.404,P3O-ClosedLoopAlpha,Walker2d-v4,4
212727,reward,2730,89.49159927183906,217.753,P3O-ClosedLoopAlpha,Walker2d-v4,4
212940,reward,2731,155.06155272427998,212.719,P3O-ClosedLoopAlpha,Walker2d-v4,4
212992,loss,-0.028731266036629677,4.779089450836182,P3O-ClosedLoopAlpha,Walker2d-v4,4
213169,reward,2732,329.445061853012,216.932,P3O-ClosedLoopAlpha,Walker2d-v4,4
213326,reward,2733,256.1635680811065,204.119,P3O-ClosedLoopAlpha,Walker2d-v4,4
213463,reward,2734,8.104758602613346,170.362,P3O-ClosedLoopAlpha,Walker2d-v4,4
213603,reward,2735,20.343861990061406,143.603,P3O-ClosedLoopAlpha,Walker2d-v4,4
213956,reward,2736,339.441748347128,152.049,P3O-ClosedLoopAlpha,Walker2d-v4,4
214148,reward,2737,35.94467834770436,152.684,P3O-ClosedLoopAlpha,Walker2d-v4,4
214279,reward,2738,73.44480103593582,142.556,P3O-ClosedLoopAlpha,Walker2d-v4,4
214442,reward,2739,118.0611359356315,142.55,P3O-ClosedLoopAlpha,Walker2d-v4,4
214576,reward,2740,234.341749354987,157.035,P3O-ClosedLoopAlpha,Walker2d-v4,4
214720,reward,2741,100.26303651618552,151.555,P3O-ClosedLoopAlpha,Walker2d-v4,4
214771,reward,2742,35.609671820800756,122.172,P3O-ClosedLoopAlpha,Walker2d-v4,4
214804,reward,2743,14.821454515828021,98.038,P3O-ClosedLoopAlpha,Walker2d-v4,4
214934,reward,2744,218.22832972270862,119.05,P3O-ClosedLoopAlpha,Walker2d-v4,4
215189,reward,2745,392.7828772136684,156.294,P3O-ClosedLoopAlpha,Walker2d-v4,4
215254,reward,2746,51.74134722114565,127.524,P3O-ClosedLoopAlpha,Walker2d-v4,4
215368,reward,2747,112.7073752377425,135.2,P3O-ClosedLoopAlpha,Walker2d-v4,4
215452,reward,2748,54.052164134656,133.261,P3O-ClosedLoopAlpha,Walker2d-v4,4
215725,reward,2749,359.7659105195632,157.431,P3O-ClosedLoopAlpha,Walker2d-v4,4
215911,reward,2750,270.28642102013544,161.026,P3O-ClosedLoopAlpha,Walker2d-v4,4
216095,reward,2751,170.12366695825236,168.012,P3O-ClosedLoopAlpha,Walker2d-v4,4
216261,reward,2752,132.4579081856258,177.697,P3O-ClosedLoopAlpha,Walker2d-v4,4
216468,reward,2753,119.04384844927606,188.119,P3O-ClosedLoopAlpha,Walker2d-v4,4
216694,reward,2754,111.1532526186119,177.411,P3O-ClosedLoopAlpha,Walker2d-v4,4
216847,reward,2755,124.94397263802912,150.628,P3O-ClosedLoopAlpha,Walker2d-v4,4
216993,reward,2756,40.484531565557454,149.502,P3O-ClosedLoopAlpha,Walker2d-v4,4
217161,reward,2757,288.1827219033919,167.049,P3O-ClosedLoopAlpha,Walker2d-v4,4
217270,reward,2758,101.86148262278148,171.83,P3O-ClosedLoopAlpha,Walker2d-v4,4
217429,reward,2759,234.93732352389958,159.348,P3O-ClosedLoopAlpha,Walker2d-v4,4
217696,reward,2760,51.04728251296079,137.424,P3O-ClosedLoopAlpha,Walker2d-v4,4
217753,reward,2761,28.670337158240084,123.278,P3O-ClosedLoopAlpha,Walker2d-v4,4
217882,reward,2762,34.14289740326293,113.447,P3O-ClosedLoopAlpha,Walker2d-v4,4
218353,reward,2763,280.07030939039083,129.549,P3O-ClosedLoopAlpha,Walker2d-v4,4
218489,reward,2764,116.32148611939263,130.066,P3O-ClosedLoopAlpha,Walker2d-v4,4
218728,reward,2765,131.7789621843986,130.75,P3O-ClosedLoopAlpha,Walker2d-v4,4
218828,reward,2766,88.7931580510317,135.581,P3O-ClosedLoopAlpha,Walker2d-v4,4
219030,reward,2767,296.0741056354144,136.37,P3O-ClosedLoopAlpha,Walker2d-v4,4
219236,reward,2768,58.83286766905622,132.067,P3O-ClosedLoopAlpha,Walker2d-v4,4
219423,reward,2769,302.2726541949568,138.8,P3O-ClosedLoopAlpha,Walker2d-v4,4
219548,reward,2770,24.979654560428116,136.194,P3O-ClosedLoopAlpha,Walker2d-v4,4
219677,reward,2771,206.35745362511858,153.962,P3O-ClosedLoopAlpha,Walker2d-v4,4
219988,reward,2772,432.69144357282346,193.817,P3O-ClosedLoopAlpha,Walker2d-v4,4
220000,speed,2024.05,1.83,P3O-ClosedLoopAlpha,Walker2d-v4,4
220000,sbp,0.4,0.4471,0.3816,P3O-ClosedLoopAlpha,Walker2d-v4,4,0.0183,1,1.630935,0.742687,0.02329,0.042646,8.469131,8.49667,1.195993,-0.453882,0.003252,1.037784,1.195344,0.009864,0.001982,1,event,0.009648,0.025,0.447791,-0.614071,0.3275,0.009648,0.009648,0.009648,0.007871,0.007876,0.007874,0,0.0,0.0,0.0
220140,reward,2773,271.65100698080124,192.975,P3O-ClosedLoopAlpha,Walker2d-v4,4
220258,reward,2774,185.62083927071376,199.905,P3O-ClosedLoopAlpha,Walker2d-v4,4
220391,reward,2775,236.59929867983902,210.387,P3O-ClosedLoopAlpha,Walker2d-v4,4
220666,reward,2776,371.7801047970952,238.686,P3O-ClosedLoopAlpha,Walker2d-v4,4
220795,reward,2777,96.34691118007274,218.713,P3O-ClosedLoopAlpha,Walker2d-v4,4
220943,reward,2778,54.78408112920978,218.308,P3O-ClosedLoopAlpha,Walker2d-v4,4
221184,loss,-0.030494295060634613,5.805034637451172,P3O-ClosedLoopAlpha,Walker2d-v4,4
221187,reward,2779,60.05358664950342,194.086,P3O-ClosedLoopAlpha,Walker2d-v4,4
221305,reward,2780,223.77696199358678,213.966,P3O-ClosedLoopAlpha,Walker2d-v4,4
221482,reward,2781,207.9622915543105,214.127,P3O-ClosedLoopAlpha,Walker2d-v4,4
221641,reward,2782,58.56852111591292,176.714,P3O-ClosedLoopAlpha,Walker2d-v4,4
221761,reward,2783,46.53371134861708,154.203,P3O-ClosedLoopAlpha,Walker2d-v4,4
221922,reward,2784,285.3978092695228,164.18,P3O-ClosedLoopAlpha,Walker2d-v4,4
222131,reward,2785,131.64017869382272,153.684,P3O-ClosedLoopAlpha,Walker2d-v4,4
222281,reward,2786,170.13941158910094,133.52,P3O-ClosedLoopAlpha,Walker2d-v4,4
222618,reward,2787,402.9537195186649,164.181,P3O-ClosedLoopAlpha,Walker2d-v4,4
222752,reward,2788,50.48119826043766,163.751,P3O-ClosedLoopAlpha,Walker2d-v4,4
223012,reward,2789,197.8211437478545,177.527,P3O-ClosedLoopAlpha,Walker2d-v4,4
223155,reward,2790,212.14961020453043,176.365,P3O-ClosedLoopAlpha,Walker2d-v4,4
223386,reward,2791,78.42994158596144,163.412,P3O-ClosedLoopAlpha,Walker2d-v4,4
223466,reward,2792,42.73101303510335,161.828,P3O-ClosedLoopAlpha,Walker2d-v4,4
223574,reward,2793,67.90064324362574,163.964,P3O-ClosedLoopAlpha,Walker2d-v4,4
223681,reward,2794,78.77880837930171,143.303,P3O-ClosedLoopAlpha,Walker2d-v4,4
223940,reward,2795,97.77206417689996,139.916,P3O-ClosedLoopAlpha,Walker2d-v4,4
224236,reward,2796,168.020863012172,139.704,P3O-ClosedLoopAlpha,Walker2d-v4,4
224419,reward,2797,99.40889976963236,109.349,P3O-ClosedLoopAlpha,Walker2d-v4,4
224559,reward,2798,91.630225599271,113.464,P3O-ClosedLoopAlpha,Walker2d-v4,4
224818,reward,2799,97.96956838130464,103.479,P3O-ClosedLoopAlpha,Walker2d-v4,4
224908,reward,2800,25.605786536292296,84.825,P3O-ClosedLoopAlpha,Walker2d-v4,4
225161,reward,2801,134.18248554255115,90.4,P3O-ClosedLoopAlpha,Walker2d-v4,4
225344,reward,2802,82.1340300473789,94.34,P3O-ClosedLoopAlpha,Walker2d-v4,4
225749,reward,2803,263.69891956885215,113.92,P3O-ClosedLoopAlpha,Walker2d-v4,4
225896,reward,2804,256.6166232746876,131.704,P3O-ClosedLoopAlpha,Walker2d-v4,4
226263,reward,2805,239.09747135358958,145.836,P3O-ClosedLoopAlpha,Walker2d-v4,4
226532,reward,2806,355.3903572248461,164.573,P3O-ClosedLoopAlpha,Walker2d-v4,4
226715,reward,2807,116.3697069447754,166.27,P3O-ClosedLoopAlpha,Walker2d-v4,4
227019,reward,2808,160.3624413649667,173.143,P3O-ClosedLoopAlpha,Walker2d-v4,4
227177,reward,2809,69.59890584477401,170.306,P3O-ClosedLoopAlpha,Walker2d-v4,4
227433,reward,2810,107.35823878311805,178.481,P3O-ClosedLoopAlpha,Walker2d-v4,4
227853,reward,2811,163.0117571569108,181.364,P3O-ClosedLoopAlpha,Walker2d-v4,4
228048,reward,2812,310.44448316590024,204.195,P3O-ClosedLoopAlpha,Walker2d-v4,4
228217,reward,2813,273.14975539080586,205.14,P3O-ClosedLoopAlpha,Walker2d-v4,4
228464,reward,2814,141.2436066551081,193.603,P3O-ClosedLoopAlpha,Walker2d-v4,4
228624,reward,2815,53.841420983106296,175.077,P3O-ClosedLoopAlpha,Walker2d-v4,4
228755,reward,2816,221.10420671955887,161.648,P3O-ClosedLoopAlpha,Walker2d-v4,4
228934,reward,2817,305.49645657625376,180.561,P3O-ClosedLoopAlpha,Walker2d-v4,4
229089,reward,2818,78.60721251758005,172.386,P3O-ClosedLoopAlpha,Walker2d-v4,4
229279,reward,2819,266.76882664327013,192.103,P3O-ClosedLoopAlpha,Walker2d-v4,4
229376,loss,-0.034408967941999435,8.845319747924805,P3O-ClosedLoopAlpha,Walker2d-v4,4
229406,reward,2820,55.18109185094586,186.885,P3O-ClosedLoopAlpha,Walker2d-v4,4
229583,reward,2821,274.8902397101083,198.073,P3O-ClosedLoopAlpha,Walker2d-v4,4
229748,reward,2822,269.4904623564307,193.977,P3O-ClosedLoopAlpha,Walker2d-v4,4
229945,reward,2823,168.48895516752313,183.511,P3O-ClosedLoopAlpha,Walker2d-v4,4
230000,speed,1983.28,1.92,P3O-ClosedLoopAlpha,Walker2d-v4,4
230120,reward,2824,299.23113809420033,199.31,P3O-ClosedLoopAlpha,Walker2d-v4,4
230268,reward,2825,275.3899486019069,221.465,P3O-ClosedLoopAlpha,Walker2d-v4,4
230430,reward,2826,26.219599940629923,201.976,P3O-ClosedLoopAlpha,Walker2d-v4,4
230646,reward,2827,358.20437229044796,207.247,P3O-ClosedLoopAlpha,Walker2d-v4,4
230855,reward,2828,317.96884587534777,231.183,P3O-ClosedLoopAlpha,Walker2d-v4,4
231073,reward,2829,333.6080929960206,237.867,P3O-ClosedLoopAlpha,Walker2d-v4,4
231600,reward,2830,253.88488950184265,257.738,P3O-ClosedLoopAlpha,Walker2d-v4,4
231843,reward,2831,98.77095653214928,240.126,P3O-ClosedLoopAlpha,Walker2d-v4,4
232073,reward,2832,122.70211123357947,225.447,P3O-ClosedLoopAlpha,Walker2d-v4,4
232222,reward,2833,285.6086733988342,237.159,P3O-ClosedLoopAlpha,Walker2d-v4,4
232538,reward,2834,136.4097851728296,220.877,P3O-ClosedLoopAlpha,Walker2d-v4,4
232725,reward,2835,309.14723919900297,224.252,P3O-ClosedLoopAlpha,Walker2d-v4,4
232885,reward,2836,-1.6061321897615195,221.47,P3O-ClosedLoopAlpha,Walker2d-v4,4
233020,reward,2837,260.1325062266472,211.663,P3O-ClosedLoopAlpha,Walker2d-v4,4
233300,reward,2838,74.6213241377062,187.328,P3O-ClosedLoopAlpha,Walker2d-v4,4
233432,reward,2839,176.5963950712267,171.627,P3O-ClosedLoopAlpha,Walker2d-v4,4
233624,reward,2840,288.5659439161835,175.095,P3O-ClosedLoopAlpha,Walker2d-v4,4
233766,reward,2841,106.39203421909265,175.857,P3O-ClosedLoopAlpha,Walker2d-v4,4
233959,reward,2842,91.85123884834601,172.772,P3O-ClosedLoopAlpha,Walker2d-v4,4
234310,reward,2843,424.8208236124019,186.693,P3O-ClosedLoopAlpha,Walker2d-v4,4
234486,reward,2844,38.80493272697243,176.933,P3O-ClosedLoopAlpha,Walker2d-v4,4
234597,reward,2845,80.39801347313812,154.058,P3O-ClosedLoopAlpha,Walker2d-v4,4
234811,reward,2846,148.4017498846313,169.058,P3O-ClosedLoopAlpha,Walker2d-v4,4
235017,reward,2847,62.63319234665426,149.309,P3O-ClosedLoopAlpha,Walker2d-v4,4
235202,reward,2848,307.33989871414735,172.58,P3O-ClosedLoopAlpha,Walker2d-v4,4
235303,reward,2849,88.74621054256836,163.795,P3O-ClosedLoopAlpha,Walker2d-v4,4
235349,reward,2850,23.375082512127833,137.276,P3O-ClosedLoopAlpha,Walker2d-v4,4
235576,reward,2851,145.2549813678567,141.163,P3O-ClosedLoopAlpha,Walker2d-v4,4
235773,reward,2852,45.269648677657976,136.504,P3O-ClosedLoopAlpha,Walker2d-v4,4
235911,reward,2853,231.03075994572492,117.125,P3O-ClosedLoopAlpha,Walker2d-v4,4
236024,reward,2854,40.375563224222695,117.283,P3O-ClosedLoopAlpha,Walker2d-v4,4
236171,reward,2855,115.5359435433709,120.796,P3O-ClosedLoopAlpha,Walker2d-v4,4
236326,reward,2856,277.6326928240747,133.719,P3O-ClosedLoopAlpha,Walker2d-v4,4
236544,reward,2857,331.87313788214385,160.643,P3O-ClosedLoopAlpha,Walker2d-v4,4
236736,reward,2858,249.43315141422184,154.853,P3O-ClosedLoopAlpha,Walker2d-v4,4
236814,reward,2859,67.75376932983002,152.753,P3O-ClosedLoopAlpha,Walker2d-v4,4
236916,reward,2860,56.124674459307855,156.028,P3O-ClosedLoopAlpha,Walker2d-v4,4
237048,reward,2861,106.3568608702501,152.139,P3O-ClosedLoopAlpha,Walker2d-v4,4
237189,reward,2862,45.343563790001326,152.146,P3O-ClosedLoopAlpha,Walker2d-v4,4
237327,reward,2863,223.60235150037485,151.403,P3O-ClosedLoopAlpha,Walker2d-v4,4
237546,reward,2864,353.41902003490674,182.708,P3O-ClosedLoopAlpha,Walker2d-v4,4
237568,loss,-0.025077179074287415,4.387094974517822,P3O-ClosedLoopAlpha,Walker2d-v4,4
237704,reward,2865,230.91177910218568,194.245,P3O-ClosedLoopAlpha,Walker2d-v4,4
237882,reward,2866,90.91687323372729,175.574,P3O-ClosedLoopAlpha,Walker2d-v4,4
237986,reward,2867,42.544764210379086,146.641,P3O-ClosedLoopAlpha,Walker2d-v4,4
238091,reward,2868,-11.795151335016712,120.518,P3O-ClosedLoopAlpha,Walker2d-v4,4
238250,reward,2869,78.87682090445097,121.63,P3O-ClosedLoopAlpha,Walker2d-v4,4
238432,reward,2870,31.127772142302774,119.13,P3O-ClosedLoopAlpha,Walker2d-v4,4
238592,reward,2871,25.86876498334226,111.082,P3O-ClosedLoopAlpha,Walker2d-v4,4
238810,reward,2872,82.66128215996656,114.813,P3O-ClosedLoopAlpha,Walker2d-v4,4
239012,reward,2873,113.7531911180379,103.829,P3O-ClosedLoopAlpha,Walker2d-v4,4
239111,reward,2874,30.943961358032038,71.581,P3O-ClosedLoopAlpha,Walker2d-v4,4
239292,reward,2875,49.45447635661432,53.435,P3O-ClosedLoopAlpha,Walker2d-v4,4
239458,reward,2876,130.75867562482114,57.419,P3O-ClosedLoopAlpha,Walker2d-v4,4
239693,reward,2877,57.349382580997165,58.9,P3O-ClosedLoopAlpha,Walker2d-v4,4
239854,reward,2878,81.54626899237618,68.234,P3O-ClosedLoopAlpha,Walker2d-v4,4
239965,reward,2879,214.3884486272682,81.785,P3O-ClosedLoopAlpha,Walker2d-v4,4
240000,speed,2009.9,2.0,P3O-ClosedLoopAlpha,Walker2d-v4,4
240000,sbp,0.4,0.416,0.3647,P3O-ClosedLoopAlpha,Walker2d-v4,4,0.01812,1,1.705403,0.777438,0.020325,0.041747,8.466629,8.495579,1.193619,-0.513135,0.003419,1.014705,1.248023,0.023697,0.005831,1,event,0.025079,0.025,0.447902,0.003171,0.296604,0.025079,0.025079,0.025079,0.014866,0.014875,0.014871,0,0.0,0.0,0.0
240055,reward,2880,81.27758006323431,86.8,P3O-ClosedLoopAlpha,Walker2d-v4,4
240302,reward,2881,85.49040346861483,92.762,P3O-ClosedLoopAlpha,Walker2d-v4,4
240412,reward,2882,8.087792811158458,85.305,P3O-ClosedLoopAlpha,Walker2d-v4,4
240747,reward,2883,122.86792044969546,86.216,P3O-ClosedLoopAlpha,Walker2d-v4,4
241006,reward,2884,133.20993690276015,96.443,P3O-ClosedLoopAlpha,Walker2d-v4,4
241119,reward,2885,182.39154953064153,109.737,P3O-ClosedLoopAlpha,Walker2d-v4,4
241310,reward,2886,149.51820916411424,111.613,P3O-ClosedLoopAlpha,Walker2d-v4,4
241400,reward,2887,63.15881967641467,112.194,P3O-ClosedLoopAlpha,Walker2d-v4,4
241496,reward,2888,64.74394437512763,110.513,P3O-ClosedLoopAlpha,Walker2d-v4,4
241576,reward,2889,65.21560431875966,95.596,P3O-ClosedLoopAlpha,Walker2d-v4,4
241921,reward,2890,472.3388909649312,134.702,P3O-ClosedLoopAlpha,Walker2d-v4,4
242222,reward,2891,192.80236807656723,145.434,P3O-ClosedLoopAlpha,Walker2d-v4,4
242418,reward,2892,288.42687463756533,173.467,P3O-ClosedLoopAlpha,Walker2d-v4,4
242475,reward,2893,40.19995878051409,165.201,P3O-ClosedLoopAlpha,Walker2d-v4,4
242739,reward,2894,324.06154589891116,184.286,P3O-ClosedLoopAlpha,Walker2d-v4,4
242974,reward,2895,15.850358045944446,167.632,P3O-ClosedLoopAlpha,Walker2d-v4,4
243125,reward,2896,136.9856085410936,166.378,P3O-ClosedLoopAlpha,Walker2d-v4,4
243307,reward,2897,56.057820016570076,165.668,P3O-ClosedLoopAlpha,Walker2d-v4,4
243372,reward,2898,25.456386359638977,161.74,P3O-ClosedLoopAlpha,Walker2d-v4,4
243491,reward,2899,233.99567610204724,178.618,P3O-ClosedLoopAlpha,Walker2d-v4,4
243657,reward,2900,153.8931706269396,146.773,P3O-ClosedLoopAlpha,Walker2d-v4,4
243695,reward,2901,28.91581511602466,130.384,P3O-ClosedLoopAlpha,Walker2d-v4,4
243883,reward,2902,-14.04943349469453,100.137,P3O-ClosedLoopAlpha,Walker2d-v4,4
244057,reward,2903,271.2088613682223,123.238,P3O-ClosedLoopAlpha,Walker2d-v4,4
244169,reward,2904,197.83967144058428,110.615,P3O-ClosedLoopAlpha,Walker2d-v4,4
244275,reward,2905,64.55559069034331,115.486,P3O-ClosedLoopAlpha,Walker2d-v4,4
244486,reward,2906,325.37592545391516,134.325,P3O-ClosedLoopAlpha,Walker2d-v4,4
244633,reward,2907,89.43525966013647,137.663,P3O-ClosedLoopAlpha,Walker2d-v4,4
244827,reward,2908,76.2410778142913,142.741,P3O-ClosedLoopAlpha,Walker2d-v4,4
245065,reward,2909,174.54135951166177,136.796,P3O-ClosedLoopAlpha,Walker2d-v4,4
245183,reward,2910,48.875184647911674,126.294,P3O-ClosedLoopAlpha,Walker2d-v4,4
245413,reward,2911,354.4841759839328,158.851,P3O-ClosedLoopAlpha,Walker2d-v4,4
245608,reward,2912,350.9286804832139,195.349,P3O-ClosedLoopAlpha,Walker2d-v4,4
245760,loss,-0.03740374371409416,4.64727783203125,P3O-ClosedLoopAlpha,Walker2d-v4,4
245881,reward,2913,134.65780339381533,181.693,P3O-ClosedLoopAlpha,Walker2d-v4,4
246021,reward,2914,243.58624684994228,186.268,P3O-ClosedLoopAlpha,Walker2d-v4,4
246259,reward,2915,125.25736774886475,192.338,P3O-ClosedLoopAlpha,Walker2d-v4,4
246385,reward,2916,74.82727386170754,167.283,P3O-ClosedLoopAlpha,Walker2d-v4,4
246632,reward,2917,97.27942188023762,168.068,P3O-ClosedLoopAlpha,Walker2d-v4,4
246834,reward,2918,84.82231324896222,168.926,P3O-ClosedLoopAlpha,Walker2d-v4,4
246913,reward,2919,21.18743077476829,153.591,P3O-ClosedLoopAlpha,Walker2d-v4,4
246955,reward,2920,37.92956659673746,152.496,P3O-ClosedLoopAlpha,Walker2d-v4,4
247069,reward,2921,39.5369765114572,121.001,P3O-ClosedLoopAlpha,Walker2d-v4,4
247237,reward,2922,238.8923944973711,109.798,P3O-ClosedLoopAlpha,Walker2d-v4,4
247403,reward,2923,286.26794621018445,124.959,P3O-ClosedLoopAlpha,Walker2d-v4,4
247560,reward,2924,53.06581850725031,105.907,P3O-ClosedLoopAlpha,Walker2d-v4,4
247711,reward,2925,111.42976700185743,104.524,P3O-ClosedLoopAlpha,Walker2d-v4,4
247831,reward,2926,35.2147981233912,100.563,P3O-ClosedLoopAlpha,Walker2d-v4,4
247997,reward,2927,43.2802714290435,95.163,P3O-ClosedLoopAlpha,Walker2d-v4,4
248411,reward,2928,435.98495973119094,130.279,P3O-ClosedLoopAlpha,Walker2d-v4,4
248690,reward,2929,104.75443116591818,138.636,P3O-ClosedLoopAlpha,Walker2d-v4,4
248783,reward,2930,27.47185123687363,137.59,P3O-ClosedLoopAlpha,Walker2d-v4,4
248891,reward,2931,19.501991242190833,135.586,P3O-ClosedLoopAlpha,Walker2d-v4,4
249046,reward,2932,207.65304702667646,132.462,P3O-ClosedLoopAlpha,Walker2d-v4,4
249278,reward,2933,121.2197591384814,115.958,P3O-ClosedLoopAlpha,Walker2d-v4,4
249382,reward,2934,42.77517582992002,114.929,P3O-ClosedLoopAlpha,Walker2d-v4,4
249683,reward,2935,366.04490314960316,140.39,P3O-ClosedLoopAlpha,Walker2d-v4,4
249929,reward,2936,60.077609229907395,142.876,P3O-ClosedLoopAlpha,Walker2d-v4,4
250000,speed,2037.26,2.08,P3O-ClosedLoopAlpha,Walker2d-v4,4
250110,reward,2937,294.8407674278714,168.032,P3O-ClosedLoopAlpha,Walker2d-v4,4
250200,reward,2938,39.24839642925687,128.359,P3O-ClosedLoopAlpha,Walker2d-v4,4
250347,reward,2939,14.504975671561988,119.334,P3O-ClosedLoopAlpha,Walker2d-v4,4
250515,reward,2940,116.11707285513981,128.198,P3O-ClosedLoopAlpha,Walker2d-v4,4
250662,reward,2941,38.26460541017059,130.075,P3O-ClosedLoopAlpha,Walker2d-v4,4
250801,reward,2942,38.64142168415295,113.173,P3O-ClosedLoopAlpha,Walker2d-v4,4
251068,reward,2943,95.02915988017234,110.554,P3O-ClosedLoopAlpha,Walker2d-v4,4
251357,reward,2944,386.87966280920654,144.965,P3O-ClosedLoopAlpha,Walker2d-v4,4
251537,reward,2945,63.12855763143439,114.673,P3O-ClosedLoopAlpha,Walker2d-v4,4
251674,reward,2946,37.89181804647948,112.455,P3O-ClosedLoopAlpha,Walker2d-v4,4
251897,reward,2947,24.19704461870817,85.39,P3O-ClosedLoopAlpha,Walker2d-v4,4
252157,reward,2948,66.91883002262817,88.157,P3O-ClosedLoopAlpha,Walker2d-v4,4
252332,reward,2949,18.04007022687711,88.511,P3O-ClosedLoopAlpha,Walker2d-v4,4
252520,reward,2950,50.794041285044585,81.979,P3O-ClosedLoopAlpha,Walker2d-v4,4
252632,reward,2951,199.0709388950752,98.059,P3O-ClosedLoopAlpha,Walker2d-v4,4
252812,reward,2952,37.575388504336246,97.953,P3O-ClosedLoopAlpha,Walker2d-v4,4
253003,reward,2953,34.63564487788717,91.913,P3O-ClosedLoopAlpha,Walker2d-v4,4
253149,reward,2954,55.91695572675728,58.817,P3O-ClosedLoopAlpha,Walker2d-v4,4
253327,reward,2955,79.91357937176298,60.495,P3O-ClosedLoopAlpha,Walker2d-v4,4
253486,reward,2956,51.4635967609094,61.853,P3O-ClosedLoopAlpha,Walker2d-v4,4
253608,reward,2957,181.98047738938632,77.631,P3O-ClosedLoopAlpha,Walker2d-v4,4
253830,reward,2958,45.4105697215113,75.48,P3O-ClosedLoopAlpha,Walker2d-v4,4
253952,loss,-0.026658276095986366,3.845728635787964,P3O-ClosedLoopAlpha,Walker2d-v4,4
254023,reward,2959,268.9824323638251,100.574,P3O-ClosedLoopAlpha,Walker2d-v4,4
254343,reward,2960,105.0128775988481,105.996,P3O-ClosedLoopAlpha,Walker2d-v4,4
254479,reward,2961,96.87141872049543,95.776,P3O-ClosedLoopAlpha,Walker2d-v4,4
254780,reward,2962,160.3097035829189,108.05,P3O-ClosedLoopAlpha,Walker2d-v4,4
254865,reward,2963,19.575615045060974,106.544,P3O-ClosedLoopAlpha,Walker2d-v4,4
254997,reward,2964,211.69791562147444,122.122,P3O-ClosedLoopAlpha,Walker2d-v4,4
255138,reward,2965,56.63836731008571,119.794,P3O-ClosedLoopAlpha,Walker2d-v4,4
255294,reward,2966,242.34637409058888,138.883,P3O-ClosedLoopAlpha,Walker2d-v4,4
255475,reward,2967,70.62346823866321,127.747,P3O-ClosedLoopAlpha,Walker2d-v4,4
255793,reward,2968,152.4244635354697,138.448,P3O-ClosedLoopAlpha,Walker2d-v4,4
256019,reward,2969,131.88513745235105,124.739,P3O-ClosedLoopAlpha,Walker2d-v4,4
256157,reward,2970,52.72776256743227,119.51,P3O-ClosedLoopAlpha,Walker2d-v4,4
256275,reward,2971,149.98237393331786,124.821,P3O-ClosedLoopAlpha,Walker2d-v4,4
256345,reward,2972,32.095856417842086,112.0,P3O-ClosedLoopAlpha,Walker2d-v4,4
256490,reward,2973,251.80790129992025,135.223,P3O-ClosedLoopAlpha,Walker2d-v4,4
256651,reward,2974,260.4694593529785,140.1,P3O-ClosedLoopAlpha,Walker2d-v4,4
256720,reward,2975,67.73582428043565,141.21,P3O-ClosedLoopAlpha,Walker2d-v4,4
256899,reward,2976,34.56877588816648,120.432,P3O-ClosedLoopAlpha,Walker2d-v4,4
257060,reward,2977,117.48666353085123,125.118,P3O-ClosedLoopAlpha,Walker2d-v4,4
257481,reward,2978,294.4659549663554,139.323,P3O-ClosedLoopAlpha,Walker2d-v4,4
257606,reward,2979,54.308823796431604,131.565,P3O-ClosedLoopAlpha,Walker2d-v4,4
257782,reward,2980,17.685568816795936,128.061,P3O-ClosedLoopAlpha,Walker2d-v4,4
257808,reward,2981,14.207755789031053,114.483,P3O-ClosedLoopAlpha,Walker2d-v4,4
258012,reward,2982,57.288628989258854,117.003,P3O-ClosedLoopAlpha,Walker2d-v4,4
258177,reward,2983,258.4890108461568,117.671,P3O-ClosedLoopAlpha,Walker2d-v4,4
258421,reward,2984,309.12057757294605,122.536,P3O-ClosedLoopAlpha,Walker2d-v4,4
258639,reward,2985,93.37867077264681,125.1,P3O-ClosedLoopAlpha,Walker2d-v4,4
258847,reward,2986,130.93180041351403,134.736,P3O-ClosedLoopAlpha,Walker2d-v4,4
259072,reward,2987,136.511441137204,136.639,P3O-ClosedLoopAlpha,Walker2d-v4,4
259177,reward,2988,105.45487564583703,117.738,P3O-ClosedLoopAlpha,Walker2d-v4,4
259329,reward,2989,72.14535499987191,119.521,P3O-ClosedLoopAlpha,Walker2d-v4,4
259378,reward,2990,34.67015784341218,121.22,P3O-ClosedLoopAlpha,Walker2d-v4,4
259582,reward,2991,36.39114180874368,123.438,P3O-ClosedLoopAlpha,Walker2d-v4,4
259745,reward,2992,114.02387292630159,129.112,P3O-ClosedLoopAlpha,Walker2d-v4,4
259868,reward,2993,49.99785198419723,108.263,P3O-ClosedLoopAlpha,Walker2d-v4,4
259999,reward,2994,213.18077467887068,98.669,P3O-ClosedLoopAlpha,Walker2d-v4,4
260000,speed,2124.18,2.16,P3O-ClosedLoopAlpha,Walker2d-v4,4
260000,sbp,0.4,0.384,0.4212,P3O-ClosedLoopAlpha,Walker2d-v4,4,0.01757,1,1.696455,0.794981,0.019028,0.041186,8.465251,8.494859,1.133957,-0.53801,0.003498,0.946353,1.21913,0.137664,0.006733,2,event,0.137352,0.025,0.605195,4.494075,0.270638,0.137352,0.137352,0.137352,0.018222,0.018242,0.018232,0,0.0,0.0,0.0
260045,reward,2995,21.009025642680584,91.432,P3O-ClosedLoopAlpha,Walker2d-v4,4
260142,reward,2996,70.9599832898844,85.434,P3O-ClosedLoopAlpha,Walker2d-v4,4
260292,reward,2997,254.25091055103707,97.208,P3O-ClosedLoopAlpha,Walker2d-v4,4
260609,reward,2998,134.36929948343234,100.1,P3O-ClosedLoopAlpha,Walker2d-v4,4
260723,reward,2999,193.33632827358684,112.219,P3O-ClosedLoopAlpha,Walker2d-v4,4
260793,reward,3000,38.31629975481444,112.584,P3O-ClosedLoopAlpha,Walker2d-v4,4
260843,reward,3001,31.01873291469031,112.046,P3O-ClosedLoopAlpha,Walker2d-v4,4
260957,reward,3002,69.36885441947499,107.581,P3O-ClosedLoopAlpha,Walker2d-v4,4
261100,reward,3003,75.5940217194459,110.14,P3O-ClosedLoopAlpha,Walker2d-v4,4
261282,reward,3004,85.77350872436854,97.4,P3O-ClosedLoopAlpha,Walker2d-v4,4
261377,reward,3005,63.86259464893186,101.685,P3O-ClosedLoopAlpha,Walker2d-v4,4
261665,reward,3006,170.52438401550222,111.641,P3O-ClosedLoopAlpha,Walker2d-v4,4
261883,reward,3007,22.845696055856145,88.501,P3O-ClosedLoopAlpha,Walker2d-v4,4
262142,reward,3008,263.1510557741714,101.379,P3O-ClosedLoopAlpha,Walker2d-v4,4
262144,loss,-0.03565263748168945,3.7602484226226807,P3O-ClosedLoopAlpha,Walker2d-v4,4
262266,reward,3009,229.34905798779297,104.98,P3O-ClosedLoopAlpha,Walker2d-v4,4
262465,reward,3010,144.4696656853523,115.596,P3O-ClosedLoopAlpha,Walker2d-v4,4
262568,reward,3011,35.859552783853196,116.08,P3O-ClosedLoopAlpha,Walker2d-v4,4
262767,reward,3012,112.94234018550328,120.437,P3O-ClosedLoopAlpha,Walker2d-v4,4
262926,reward,3013,56.000303420288574,118.478,P3O-ClosedLoopAlpha,Walker2d-v4,4
263137,reward,3014,289.6028796224566,138.861,P3O-ClosedLoopAlpha,Walker2d-v4,4
263260,reward,3015,-7.00274137499135,131.774,P3O-ClosedLoopAlpha,Walker2d-v4,4
263357,reward,3016,77.25840845509238,122.448,P3O-ClosedLoopAlpha,Walker2d-v4,4
263524,reward,3017,256.06296051245187,145.769,P3O-ClosedLoopAlpha,Walker2d-v4,4
263673,reward,3018,59.446332880892555,125.399,P3O-ClosedLoopAlpha,Walker2d-v4,4
263802,reward,3019,24.516725233877075,104.916,P3O-ClosedLoopAlpha,Walker2d-v4,4
264083,reward,3020,137.89336684728625,104.258,P3O-ClosedLoopAlpha,Walker2d-v4,4
264184,reward,3021,119.84786516965059,112.657,P3O-ClosedLoopAlpha,Walker2d-v4,4
264305,reward,3022,30.871644573492713,104.45,P3O-ClosedLoopAlpha,Walker2d-v4,4
264411,reward,3023,145.56670311443233,113.406,P3O-ClosedLoopAlpha,Walker2d-v4,4
264658,reward,3024,203.5021380033364,104.796,P3O-ClosedLoopAlpha,Walker2d-v4,4
264825,reward,3025,304.3323516863553,135.93,P3O-ClosedLoopAlpha,Walker2d-v4,4
264989,reward,3026,82.90666422073426,136.495,P3O-ClosedLoopAlpha,Walker2d-v4,4
265204,reward,3027,105.96929000450412,121.485,P3O-ClosedLoopAlpha,Walker2d-v4,4
265499,reward,3028,135.17080313267073,129.058,P3O-ClosedLoopAlpha,Walker2d-v4,4
265673,reward,3029,101.25899742399304,136.732,P3O-ClosedLoopAlpha,Walker2d-v4,4
265859,reward,3030,48.836072954259265,127.826,P3O-ClosedLoopAlpha,Walker2d-v4,4
266044,reward,3031,298.0250949263717,145.644,P3O-ClosedLoopAlpha,Walker2d-v4,4
266112,reward,3032,23.557258805199822,144.913,P3O-ClosedLoopAlpha,Walker2d-v4,4
266175,reward,3033,31.294765144381287,133.485,P3O-ClosedLoopAlpha,Walker2d-v4,4
266374,reward,3034,-3.1002693522738247,112.825,P3O-ClosedLoopAlpha,Walker2d-v4,4
266602,reward,3035,129.30598573680464,95.322,P3O-ClosedLoopAlpha,Walker2d-v4,4
266825,reward,3036,287.1330690843428,115.745,P3O-ClosedLoopAlpha,Walker2d-v4,4
266987,reward,3037,82.90268245133005,113.438,P3O-ClosedLoopAlpha,Walker2d-v4,4
267060,reward,3038,13.098699653782727,101.231,P3O-ClosedLoopAlpha,Walker2d-v4,4
267159,reward,3039,30.43511539629564,94.149,P3O-ClosedLoopAlpha,Walker2d-v4,4
267205,reward,3040,31.677132866411323,92.433,P3O-ClosedLoopAlpha,Walker2d-v4,4
267416,reward,3041,54.970373898684024,68.127,P3O-ClosedLoopAlpha,Walker2d-v4,4
267590,reward,3042,248.22505721078042,90.594,P3O-ClosedLoopAlpha,Walker2d-v4,4
267666,reward,3043,60.40846350663083,93.506,P3O-ClosedLoopAlpha,Walker2d-v4,4
267927,reward,3044,162.3310971168934,110.049,P3O-ClosedLoopAlpha,Walker2d-v4,4
268096,reward,3045,259.1119722986398,123.029,P3O-ClosedLoopAlpha,Walker2d-v4,4
268206,reward,3046,13.086134440147694,95.625,P3O-ClosedLoopAlpha,Walker2d-v4,4
268384,reward,3047,107.37285148765139,98.072,P3O-ClosedLoopAlpha,Walker2d-v4,4
268510,reward,3048,22.17987526738968,98.98,P3O-ClosedLoopAlpha,Walker2d-v4,4
268658,reward,3049,67.03752355668685,102.64,P3O-ClosedLoopAlpha,Walker2d-v4,4
268848,reward,3050,68.99550463289494,106.372,P3O-ClosedLoopAlpha,Walker2d-v4,4
269013,reward,3051,269.7191110696105,127.847,P3O-ClosedLoopAlpha,Walker2d-v4,4
269143,reward,3052,52.231898828979645,108.247,P3O-ClosedLoopAlpha,Walker2d-v4,4
269279,reward,3053,88.98972880387379,111.106,P3O-ClosedLoopAlpha,Walker2d-v4,4
269335,reward,3054,39.928066656125274,98.865,P3O-ClosedLoopAlpha,Walker2d-v4,4
269474,reward,3055,200.11809051752905,92.966,P3O-ClosedLoopAlpha,Walker2d-v4,4
269599,reward,3056,34.273319357016746,95.085,P3O-ClosedLoopAlpha,Walker2d-v4,4
269654,reward,3057,42.63010393227545,88.61,P3O-ClosedLoopAlpha,Walker2d-v4,4
269727,reward,3058,57.61231590418374,92.154,P3O-ClosedLoopAlpha,Walker2d-v4,4
269938,reward,3059,131.98962736836515,98.649,P3O-ClosedLoopAlpha,Walker2d-v4,4
270000,speed,2058.34,2.24,P3O-ClosedLoopAlpha,Walker2d-v4,4
270103,reward,3060,22.65486103969163,94.015,P3O-ClosedLoopAlpha,Walker2d-v4,4
270336,loss,-0.04124106466770172,6.6225738525390625,P3O-ClosedLoopAlpha,Walker2d-v4,4
270347,reward,3061,295.2238711422578,96.565,P3O-ClosedLoopAlpha,Walker2d-v4,4
270551,reward,3062,176.48145182657686,108.99,P3O-ClosedLoopAlpha,Walker2d-v4,4
270737,reward,3063,23.514412437450144,102.443,P3O-ClosedLoopAlpha,Walker2d-v4,4
270903,reward,3064,239.49051535322522,122.399,P3O-ClosedLoopAlpha,Walker2d-v4,4
270991,reward,3065,107.31981816106457,113.119,P3O-ClosedLoopAlpha,Walker2d-v4,4
271075,reward,3066,65.87508530567804,116.279,P3O-ClosedLoopAlpha,Walker2d-v4,4
271157,reward,3067,54.44415190458742,117.461,P3O-ClosedLoopAlpha,Walker2d-v4,4
271191,reward,3068,24.369321221392028,114.136,P3O-ClosedLoopAlpha,Walker2d-v4,4
271357,reward,3069,120.45446787386138,112.983,P3O-ClosedLoopAlpha,Walker2d-v4,4
271526,reward,3070,249.9494625399251,135.712,P3O-ClosedLoopAlpha,Walker2d-v4,4
271626,reward,3071,63.46773820778134,112.537,P3O-ClosedLoopAlpha,Walker2d-v4,4
271750,reward,3072,-15.685813140121814,93.32,P3O-ClosedLoopAlpha,Walker2d-v4,4
271873,reward,3073,8.115046264404809,91.78,P3O-ClosedLoopAlpha,Walker2d-v4,4
272019,reward,3074,181.70169165510944,86.001,P3O-ClosedLoopAlpha,Walker2d-v4,4
272170,reward,3075,102.21876527787481,85.491,P3O-ClosedLoopAlpha,Walker2d-v4,4
272511,reward,3076,432.8854645266208,122.192,P3O-ClosedLoopAlpha,Walker2d-v4,4
272650,reward,3077,19.5766320253529,118.705,P3O-ClosedLoopAlpha,Walker2d-v4,4
272763,reward,3078,58.97565453727985,122.166,P3O-ClosedLoopAlpha,Walker2d-v4,4
272981,reward,3079,151.24705631983866,125.245,P3O-ClosedLoopAlpha,Walker2d-v4,4
273051,reward,3080,37.8095719704365,104.031,P3O-ClosedLoopAlpha,Walker2d-v4,4
273190,reward,3081,47.024799591301836,102.387,P3O-ClosedLoopAlpha,Walker2d-v4,4
273319,reward,3082,90.40569279497682,112.996,P3O-ClosedLoopAlpha,Walker2d-v4,4
273459,reward,3083,216.09110487270075,133.794,P3O-ClosedLoopAlpha,Walker2d-v4,4
273777,reward,3084,178.72622829915161,133.496,P3O-ClosedLoopAlpha,Walker2d-v4,4
273878,reward,3085,-10.916713971145501,122.183,P3O-ClosedLoopAlpha,Walker2d-v4,4
274072,reward,3086,267.8494088366652,105.679,P3O-ClosedLoopAlpha,Walker2d-v4,4
274249,reward,3087,114.97209583960212,115.218,P3O-ClosedLoopAlpha,Walker2d-v4,4
274368,reward,3088,9.623795451891489,110.283,P3O-ClosedLoopAlpha,Walker2d-v4,4
274553,reward,3089,252.70888473315685,120.429,P3O-ClosedLoopAlpha,Walker2d-v4,4
274712,reward,3090,105.9027584785481,127.239,P3O-ClosedLoopAlpha,Walker2d-v4,4
275023,reward,3091,109.7340517896046,133.51,P3O-ClosedLoopAlpha,Walker2d-v4,4
275153,reward,3092,235.420690155883,148.011,P3O-ClosedLoopAlpha,Walker2d-v4,4
275290,reward,3093,205.89751149513452,146.992,P3O-ClosedLoopAlpha,Walker2d-v4,4
275457,reward,3094,306.74971071326115,159.794,P3O-ClosedLoopAlpha,Walker2d-v4,4
275567,reward,3095,4.3176352644508444,161.318,P3O-ClosedLoopAlpha,Walker2d-v4,4
275733,reward,3096,76.77467599763466,142.21,P3O-ClosedLoopAlpha,Walker2d-v4,4
275802,reward,3097,37.64170277100133,134.477,P3O-ClosedLoopAlpha,Walker2d-v4,4
275885,reward,3098,44.9319699402634,138.008,P3O-ClosedLoopAlpha,Walker2d-v4,4
276137,reward,3099,128.43330345915518,125.58,P3O-ClosedLoopAlpha,Walker2d-v4,4
276276,reward,3100,92.54512300670802,124.245,P3O-ClosedLoopAlpha,Walker2d-v4,4
276375,reward,3101,23.0777674232932,115.579,P3O-ClosedLoopAlpha,Walker2d-v4,4
276461,reward,3102,-9.11658211397356,91.125,P3O-ClosedLoopAlpha,Walker2d-v4,4
276551,reward,3103,5.414932304055851,71.077,P3O-ClosedLoopAlpha,Walker2d-v4,4
276615,reward,3104,43.276795472788535,44.73,P3O-ClosedLoopAlpha,Walker2d-v4,4
276764,reward,3105,93.93325373862376,53.691,P3O-ClosedLoopAlpha,Walker2d-v4,4
276975,reward,3106,76.30193194239098,53.644,P3O-ClosedLoopAlpha,Walker2d-v4,4
277180,reward,3107,68.11657518728906,56.692,P3O-ClosedLoopAlpha,Walker2d-v4,4
277300,reward,3108,12.015241892548188,53.4,P3O-ClosedLoopAlpha,Walker2d-v4,4
277420,reward,3109,57.76333539352091,46.333,P3O-ClosedLoopAlpha,Walker2d-v4,4
277561,reward,3110,127.0941227417246,49.788,P3O-ClosedLoopAlpha,Walker2d-v4,4
277820,reward,3111,93.17123680592259,56.797,P3O-ClosedLoopAlpha,Walker2d-v4,4
277987,reward,3112,45.32105828794727,62.241,P3O-ClosedLoopAlpha,Walker2d-v4,4
278217,reward,3113,76.19589740595224,69.319,P3O-ClosedLoopAlpha,Walker2d-v4,4
278391,reward,3114,40.159225666217,69.007,P3O-ClosedLoopAlpha,Walker2d-v4,4
278488,reward,3115,57.71719481712844,65.386,P3O-ClosedLoopAlpha,Walker2d-v4,4
278528,loss,-0.0339755117893219,8.655941009521484,P3O-ClosedLoopAlpha,Walker2d-v4,4
279286,reward,3116,766.456322973854,134.401,P3O-ClosedLoopAlpha,Walker2d-v4,4
279409,reward,3117,4.534158558836147,128.043,P3O-ClosedLoopAlpha,Walker2d-v4,4
279526,reward,3118,12.393982766791316,128.081,P3O-ClosedLoopAlpha,Walker2d-v4,4
279687,reward,3119,134.54709786255194,135.759,P3O-ClosedLoopAlpha,Walker2d-v4,4
279864,reward,3120,103.94982962666317,133.445,P3O-ClosedLoopAlpha,Walker2d-v4,4
280000,speed,1977.48,2.32,P3O-ClosedLoopAlpha,Walker2d-v4,4
280000,sbp,0.4,0.3529,0.4019,P3O-ClosedLoopAlpha,Walker2d-v4,4,0.01751,1,1.751976,0.827369,0.019769,0.040616,8.463993,8.493842,1.117527,-0.513271,0.003527,0.938588,1.237133,0.020723,0.004014,1,event,0.020191,0.025,0.598462,-0.19237,0.241148,0.020191,0.020191,0.020191,0.01349,0.013498,0.013494,0,0.0,0.0,0.0
280042,reward,3121,176.19836245065378,141.747,P3O-ClosedLoopAlpha,Walker2d-v4,4
280141,reward,3122,21.360789197147398,139.351,P3O-ClosedLoopAlpha,Walker2d-v4,4
280275,reward,3123,16.18791150816326,133.35,P3O-ClosedLoopAlpha,Walker2d-v4,4
280425,reward,3124,13.991921851629112,130.734,P3O-ClosedLoopAlpha,Walker2d-v4,4
280534,reward,3125,123.27594529572666,137.29,P3O-ClosedLoopAlpha,Walker2d-v4,4
280648,reward,3126,35.06872852188106,64.151,P3O-ClosedLoopAlpha,Walker2d-v4,4
280879,reward,3127,353.06227503059495,99.004,P3O-ClosedLoopAlpha,Walker2d-v4,4
281008,reward,3128,14.327573073836039,99.197,P3O-ClosedLoopAlpha,Walker2d-v4,4
281037,reward,3129,17.911933379367355,87.534,P3O-ClosedLoopAlpha,Walker2d-v4,4
281195,reward,3130,17.98275282734549,78.937,P3O-ClosedLoopAlpha,Walker2d-v4,4
281342,reward,3131,102.0947404936224,71.526,P3O-ClosedLoopAlpha,Walker2d-v4,4
281542,reward,3132,344.51564322276187,103.842,P3O-ClosedLoopAlpha,Walker2d-v4,4
281808,reward,3133,78.817955804093,110.105,P3O-ClosedLoopAlpha,Walker2d-v4,4
282095,reward,3134,166.44264727834636,125.35,P3O-ClosedLoopAlpha,Walker2d-v4,4
282234,reward,3135,34.47928811667104,116.47,P3O-ClosedLoopAlpha,Walker2d-v4,4
282354,reward,3136,55.51852036482671,118.515,P3O-ClosedLoopAlpha,Walker2d-v4,4
282462,reward,3137,50.867656352816674,88.296,P3O-ClosedLoopAlpha,Walker2d-v4,4
282573,reward,3138,0.5464830351222871,86.918,P3O-ClosedLoopAlpha,Walker2d-v4,4
282749,reward,3139,49.48434416470217,90.075,P3O-ClosedLoopAlpha,Walker2d-v4,4
282958,reward,3140,27.634688617675778,91.04,P3O-ClosedLoopAlpha,Walker2d-v4,4
283128,reward,3141,48.90320881210582,85.721,P3O-ClosedLoopAlpha,Walker2d-v4,4
283285,reward,3142,-33.21233968266335,47.948,P3O-ClosedLoopAlpha,Walker2d-v4,4
283427,reward,3143,4.048285350040668,40.471,P3O-ClosedLoopAlpha,Walker2d-v4,4
283578,reward,3144,37.01984609851626,27.529,P3O-ClosedLoopAlpha,Walker2d-v4,4
283677,reward,3145,2.364039205383966,24.317,P3O-ClosedLoopAlpha,Walker2d-v4,4
283827,reward,3146,213.4521462395521,40.111,P3O-ClosedLoopAlpha,Walker2d-v4,4
284062,reward,3147,57.380159548891044,40.762,P3O-ClosedLoopAlpha,Walker2d-v4,4
284129,reward,3148,52.37515159287796,45.945,P3O-ClosedLoopAlpha,Walker2d-v4,4
284197,reward,3149,27.13640156601076,43.71,P3O-ClosedLoopAlpha,Walker2d-v4,4
284287,reward,3150,52.95546254489444,46.242,P3O-ClosedLoopAlpha,Walker2d-v4,4
284362,reward,3151,57.216023271787705,47.074,P3O-ClosedLoopAlpha,Walker2d-v4,4
284583,reward,3152,36.082930688995944,54.003,P3O-ClosedLoopAlpha,Walker2d-v4,4
284656,reward,3153,12.023714531904098,54.801,P3O-ClosedLoopAlpha,Walker2d-v4,4
284793,reward,3154,38.89474035162441,54.988,P3O-ClosedLoopAlpha,Walker2d-v4,4
284970,reward,3155,265.1289199192163,81.265,P3O-ClosedLoopAlpha,Walker2d-v4,4
285173,reward,3156,161.76964094021326,76.096,P3O-ClosedLoopAlpha,Walker2d-v4,4
285286,reward,3157,35.1348259537324,73.872,P3O-ClosedLoopAlpha,Walker2d-v4,4
285450,reward,3158,256.57262822032857,94.292,P3O-ClosedLoopAlpha,Walker2d-v4,4
285770,reward,3159,150.75159394065443,106.653,P3O-ClosedLoopAlpha,Walker2d-v4,4
285900,reward,3160,-1.1593927014483647,101.242,P3O-ClosedLoopAlpha,Walker2d-v4,4
286052,reward,3161,83.86789921938684,103.907,P3O-ClosedLoopAlpha,Walker2d-v4,4
286305,reward,3162,209.36742730687317,121.235,P3O-ClosedLoopAlpha,Walker2d-v4,4
286494,reward,3163,296.81539190621567,149.714,P3O-ClosedLoopAlpha,Walker2d-v4,4
286627,reward,3164,-3.55312912265217,145.47,P3O-ClosedLoopAlpha,Walker2d-v4,4
286720,loss,-0.03455230966210365,12.46068000793457,P3O-ClosedLoopAlpha,Walker2d-v4,4
286801,reward,3165,80.94197878847675,127.051,P3O-ClosedLoopAlpha,Walker2d-v4,4
287057,reward,3166,52.17271882127641,116.091,P3O-ClosedLoopAlpha,Walker2d-v4,4
287169,reward,3167,73.09354057264311,119.887,P3O-ClosedLoopAlpha,Walker2d-v4,4
287293,reward,3168,-16.37384699256291,92.592,P3O-ClosedLoopAlpha,Walker2d-v4,4
287438,reward,3169,13.26763855797494,78.844,P3O-ClosedLoopAlpha,Walker2d-v4,4
287516,reward,3170,85.66036102043834,87.526,P3O-ClosedLoopAlpha,Walker2d-v4,4
287917,reward,3171,219.02543018256995,101.042,P3O-ClosedLoopAlpha,Walker2d-v4,4
288126,reward,3172,-5.460511316608369,79.559,P3O-ClosedLoopAlpha,Walker2d-v4,4
288243,reward,3173,199.8979050739755,69.867,P3O-ClosedLoopAlpha,Walker2d-v4,4
288278,reward,3174,21.55649794765723,72.378,P3O-ClosedLoopAlpha,Walker2d-v4,4
288392,reward,3175,42.6395155194631,68.548,P3O-ClosedLoopAlpha,Walker2d-v4,4
288482,reward,3176,61.5613193672856,69.487,P3O-ClosedLoopAlpha,Walker2d-v4,4
288604,reward,3177,64.24273277961608,68.602,P3O-ClosedLoopAlpha,Walker2d-v4,4
288782,reward,3178,91.71137140959141,79.41,P3O-ClosedLoopAlpha,Walker2d-v4,4
288894,reward,3179,50.32445045335651,83.116,P3O-ClosedLoopAlpha,Walker2d-v4,4
289033,reward,3180,96.35015615676384,84.185,P3O-ClosedLoopAlpha,Walker2d-v4,4
289184,reward,3181,102.35591075813755,72.518,P3O-ClosedLoopAlpha,Walker2d-v4,4
289316,reward,3182,176.52541795789767,90.717,P3O-ClosedLoopAlpha,Walker2d-v4,4
289550,reward,3183,355.8137259690709,106.308,P3O-ClosedLoopAlpha,Walker2d-v4,4
289681,reward,3184,22.97670530004151,106.45,P3O-ClosedLoopAlpha,Walker2d-v4,4
289811,reward,3185,204.79689952225863,122.666,P3O-ClosedLoopAlpha,Walker2d-v4,4
289876,reward,3186,51.35010684684015,121.645,P3O-ClosedLoopAlpha,Walker2d-v4,4
289936,reward,3187,17.094400853431857,116.93,P3O-ClosedLoopAlpha,Walker2d-v4,4
290000,speed,1962.91,2.41,P3O-ClosedLoopAlpha,Walker2d-v4,4
290176,reward,3188,327.6272719957976,140.522,P3O-ClosedLoopAlpha,Walker2d-v4,4
290278,reward,3189,52.784418315534545,140.768,P3O-ClosedLoopAlpha,Walker2d-v4,4
290423,reward,3190,84.40208179547588,139.573,P3O-ClosedLoopAlpha,Walker2d-v4,4
290543,reward,3191,196.39060525317444,148.976,P3O-ClosedLoopAlpha,Walker2d-v4,4
290783,reward,3192,382.8755465058903,169.611,P3O-ClosedLoopAlpha,Walker2d-v4,4
290933,reward,3193,-36.901351051559566,130.34,P3O-ClosedLoopAlpha,Walker2d-v4,4
291038,reward,3194,32.42947598162175,131.285,P3O-ClosedLoopAlpha,Walker2d-v4,4
291133,reward,3195,115.6158969523902,122.367,P3O-ClosedLoopAlpha,Walker2d-v4,4
291288,reward,3196,210.78067371642842,138.31,P3O-ClosedLoopAlpha,Walker2d-v4,4
291405,reward,3197,24.206892354091163,139.021,P3O-ClosedLoopAlpha,Walker2d-v4,4
291470,reward,3198,58.367012413386604,112.095,P3O-ClosedLoopAlpha,Walker2d-v4,4
291622,reward,3199,62.39496630744762,113.056,P3O-ClosedLoopAlpha,Walker2d-v4,4
291811,reward,3200,279.458362567728,132.562,P3O-ClosedLoopAlpha,Walker2d-v4,4
292051,reward,3201,341.8942931435798,147.112,P3O-ClosedLoopAlpha,Walker2d-v4,4
292084,reward,3202,10.307795171285932,109.855,P3O-ClosedLoopAlpha,Walker2d-v4,4
292295,reward,3203,341.23514666697355,147.669,P3O-ClosedLoopAlpha,Walker2d-v4,4
292496,reward,3204,275.0456257966966,171.931,P3O-ClosedLoopAlpha,Walker2d-v4,4
292565,reward,3205,67.05813237074267,167.075,P3O-ClosedLoopAlpha,Walker2d-v4,4
292708,reward,3206,-18.143396014113847,144.182,P3O-ClosedLoopAlpha,Walker2d-v4,4
292765,reward,3207,24.674198802878855,144.229,P3O-ClosedLoopAlpha,Walker2d-v4,4
292980,reward,3208,101.0735621129945,148.5,P3O-ClosedLoopAlpha,Walker2d-v4,4
293299,reward,3209,257.8019715340541,168.041,P3O-ClosedLoopAlpha,Walker2d-v4,4
293358,reward,3210,-0.28591707326459637,140.066,P3O-ClosedLoopAlpha,Walker2d-v4,4
293483,reward,3211,9.057154147522356,106.782,P3O-ClosedLoopAlpha,Walker2d-v4,4
293544,reward,3212,28.67362999678441,108.619,P3O-ClosedLoopAlpha,Walker2d-v4,4
293683,reward,3213,212.4333090826494,95.739,P3O-ClosedLoopAlpha,Walker2d-v4,4
293798,reward,3214,64.71272950433338,74.706,P3O-ClosedLoopAlpha,Walker2d-v4,4
293825,reward,3215,18.221271506057967,69.822,P3O-ClosedLoopAlpha,Walker2d-v4,4
293938,reward,3216,37.102428341708375,75.346,P3O-ClosedLoopAlpha,Walker2d-v4,4
294105,reward,3217,236.10724841410317,96.49,P3O-ClosedLoopAlpha,Walker2d-v4,4
294233,reward,3218,209.76425762982083,107.359,P3O-ClosedLoopAlpha,Walker2d-v4,4
294384,reward,3219,247.0236223040094,106.281,P3O-ClosedLoopAlpha,Walker2d-v4,4
294485,reward,3220,27.760992732719483,109.086,P3O-ClosedLoopAlpha,Walker2d-v4,4
294636,reward,3221,18.416471170959586,110.022,P3O-ClosedLoopAlpha,Walker2d-v4,4
294792,reward,3222,60.22497070573442,113.177,P3O-ClosedLoopAlpha,Walker2d-v4,4
294912,loss,-0.04051592946052551,5.250775337219238,P3O-ClosedLoopAlpha,Walker2d-v4,4
294995,reward,3223,59.5514596847311,97.889,P3O-ClosedLoopAlpha,Walker2d-v4,4
295141,reward,3224,38.532154027165916,95.27,P3O-ClosedLoopAlpha,Walker2d-v4,4
295230,reward,3225,33.884732103625126,96.837,P3O-ClosedLoopAlpha,Walker2d-v4,4
295455,reward,3226,338.3042359248203,126.957,P3O-ClosedLoopAlpha,Walker2d-v4,4
295642,reward,3227,79.836363794252,111.33,P3O-ClosedLoopAlpha,Walker2d-v4,4
295732,reward,3228,88.19077309565698,99.173,P3O-ClosedLoopAlpha,Walker2d-v4,4
295792,reward,3229,29.24501399279262,77.395,P3O-ClosedLoopAlpha,Walker2d-v4,4
295884,reward,3230,34.46022917800903,78.065,P3O-ClosedLoopAlpha,Walker2d-v4,4
296011,reward,3231,27.18394769634395,78.941,P3O-ClosedLoopAlpha,Walker2d-v4,4
296236,reward,3232,266.2407448406574,99.543,P3O-ClosedLoopAlpha,Walker2d-v4,4
296339,reward,3233,40.4835863912943,97.636,P3O-ClosedLoopAlpha,Walker2d-v4,4
296480,reward,3234,154.84137648836483,109.267,P3O-ClosedLoopAlpha,Walker2d-v4,4
296548,reward,3235,32.52973559638056,109.132,P3O-ClosedLoopAlpha,Walker2d-v4,4
296701,reward,3236,43.816652515103996,79.683,P3O-ClosedLoopAlpha,Walker2d-v4,4
296846,reward,3237,215.5076597106624,93.25,P3O-ClosedLoopAlpha,Walker2d-v4,4
296930,reward,3238,14.691503259457601,85.9,P3O-ClosedLoopAlpha,Walker2d-v4,4
297050,reward,3239,80.91067840999341,91.067,P3O-ClosedLoopAlpha,Walker2d-v4,4
297309,reward,3240,164.24340465231288,104.045,P3O-ClosedLoopAlpha,Walker2d-v4,4
297412,reward,3241,8.739466282087555,102.2,P3O-ClosedLoopAlpha,Walker2d-v4,4
297668,reward,3242,167.0111635445883,92.278,P3O-ClosedLoopAlpha,Walker2d-v4,4
297860,reward,3243,34.80021660075938,91.709,P3O-ClosedLoopAlpha,Walker2d-v4,4
298071,reward,3244,315.89538285026254,107.815,P3O-ClosedLoopAlpha,Walker2d-v4,4
298179,reward,3245,18.44646885439337,106.406,P3O-ClosedLoopAlpha,Walker2d-v4,4
298333,reward,3246,98.73573599796542,111.898,P3O-ClosedLoopAlpha,Walker2d-v4,4
298505,reward,3247,96.58227233597472,100.006,P3O-ClosedLoopAlpha,Walker2d-v4,4
298602,reward,3248,48.78764938091595,103.415,P3O-ClosedLoopAlpha,Walker2d-v4,4
298733,reward,3249,51.299024923242726,100.454,P3O-ClosedLoopAlpha,Walker2d-v4,4
298837,reward,3250,182.52456354316766,102.282,P3O-ClosedLoopAlpha,Walker2d-v4,4
299211,reward,3251,183.14243491603787,119.722,P3O-ClosedLoopAlpha,Walker2d-v4,4
299288,reward,3252,71.45958733687918,110.167,P3O-ClosedLoopAlpha,Walker2d-v4,4
299364,reward,3253,48.086651057834345,111.496,P3O-ClosedLoopAlpha,Walker2d-v4,4
299616,reward,3254,104.71399155466284,90.378,P3O-ClosedLoopAlpha,Walker2d-v4,4
299813,reward,3255,133.85448658823444,101.919,P3O-ClosedLoopAlpha,Walker2d-v4,4
299955,reward,3256,-23.211226695910057,89.724,P3O-ClosedLoopAlpha,Walker2d-v4,4
299989,reward,3257,27.723565964782512,82.838,P3O-ClosedLoopAlpha,Walker2d-v4,4
300000,speed,2043.98,2.49,P3O-ClosedLoopAlpha,Walker2d-v4,4
300000,sbp,0.4,0.324,0.3823,P3O-ClosedLoopAlpha,Walker2d-v4,4,0.01755,1,1.813481,0.852449,0.019028,0.040123,8.463634,8.493211,1.127377,-0.525758,0.003495,0.944061,1.230189,0.019514,0.004071,1,event,0.019857,0.025,0.591262,-0.20572,0.211272,0.019857,0.019857,0.019857,0.018484,0.018496,0.01849,0,0.0,0.0,0.0
300139,reward,3258,209.11360311441928,98.871,P3O-ClosedLoopAlpha,Walker2d-v4,4
300282,reward,3259,69.39661117532253,100.68,P3O-ClosedLoopAlpha,Walker2d-v4,4
300385,reward,3260,101.07365221077231,92.535,P3O-ClosedLoopAlpha,Walker2d-v4,4
300535,reward,3261,67.64242603311588,80.985,P3O-ClosedLoopAlpha,Walker2d-v4,4
300830,reward,3262,418.22916436875437,115.662,P3O-ClosedLoopAlpha,Walker2d-v4,4
300880,reward,3263,27.871369429763106,113.641,P3O-ClosedLoopAlpha,Walker2d-v4,4
301007,reward,3264,-20.322839125173694,101.137,P3O-ClosedLoopAlpha,Walker2d-v4,4
301076,reward,3265,43.717548468419686,92.123,P3O-ClosedLoopAlpha,Walker2d-v4,4
301286,reward,3266,334.4606757424081,127.891,P3O-ClosedLoopAlpha,Walker2d-v4,4
301352,reward,3267,16.975838805346502,126.816,P3O-ClosedLoopAlpha,Walker2d-v4,4
301453,reward,3268,9.07754750212265,106.812,P3O-ClosedLoopAlpha,Walker2d-v4,4
301675,reward,3269,345.7985165620154,134.452,P3O-ClosedLoopAlpha,Walker2d-v4,4
301944,reward,3270,282.51902591031933,152.597,P3O-ClosedLoopAlpha,Walker2d-v4,4
302140,reward,3271,-6.765784194015058,145.156,P3O-ClosedLoopAlpha,Walker2d-v4,4
302491,reward,3272,407.89440341847364,144.123,P3O-ClosedLoopAlpha,Walker2d-v4,4
302735,reward,3273,179.70316801736658,159.306,P3O-ClosedLoopAlpha,Walker2d-v4,4
302896,reward,3274,124.65557031448888,173.804,P3O-ClosedLoopAlpha,Walker2d-v4,4
302977,reward,3275,42.56116077640377,173.688,P3O-ClosedLoopAlpha,Walker2d-v4,4
303036,reward,3276,39.21834025659862,144.164,P3O-ClosedLoopAlpha,Walker2d-v4,4
303104,loss,-0.024984631687402725,6.410369873046875,P3O-ClosedLoopAlpha,Walker2d-v4,4
303130,reward,3277,54.24980356939717,147.891,P3O-ClosedLoopAlpha,Walker2d-v4,4
303277,reward,3278,184.58975341318867,165.442,P3O-ClosedLoopAlpha,Walker2d-v4,4
303524,reward,3279,101.6517550029279,141.028,P3O-ClosedLoopAlpha,Walker2d-v4,4
303624,reward,3280,-14.001358897906691,111.376,P3O-ClosedLoopAlpha,Walker2d-v4,4
303765,reward,3281,97.94131478963935,121.846,P3O-ClosedLoopAlpha,Walker2d-v4,4
303850,reward,3282,79.02069226553495,88.959,P3O-ClosedLoopAlpha,Walker2d-v4,4
304071,reward,3283,153.90754763647215,86.379,P3O-ClosedLoopAlpha,Walker2d-v4,4
304209,reward,3284,-18.39257528037698,72.075,P3O-ClosedLoopAlpha,Walker2d-v4,4
304287,reward,3285,75.16709371560921,75.335,P3O-ClosedLoopAlpha,Walker2d-v4,4
304355,reward,3286,39.054402580339186,75.319,P3O-ClosedLoopAlpha,Walker2d-v4,4
304444,reward,3287,54.927360021451406,75.387,P3O-ClosedLoopAlpha,Walker2d-v4,4
304521,reward,3288,20.902457735542242,59.018,P3O-ClosedLoopAlpha,Walker2d-v4,4
304674,reward,3289,272.8576519192092,76.138,P3O-ClosedLoopAlpha,Walker2d-v4,4
304773,reward,3290,79.29089921034195,85.468,P3O-ClosedLoopAlpha,Walker2d-v4,4
304878,reward,3291,57.74732537806408,81.448,P3O-ClosedLoopAlpha,Walker2d-v4,4
305163,reward,3292,111.10272154310822,84.656,P3O-ClosedLoopAlpha,Walker2d-v4,4
305402,reward,3293,271.23940345789066,96.39,P3O-ClosedLoopAlpha,Walker2d-v4,4
305578,reward,3294,38.74249996246236,102.103,P3O-ClosedLoopAlpha,Walker2d-v4,4
305790,reward,3295,83.74517576661555,102.961,P3O-ClosedLoopAlpha,Walker2d-v4,4
305939,reward,3296,67.16684271873733,105.772,P3O-ClosedLoopAlpha,Walker2d-v4,4
306045,reward,3297,80.98452159911851,108.378,P3O-ClosedLoopAlpha,Walker2d-v4,4
306200,reward,3298,55.945115918004,111.882,P3O-ClosedLoopAlpha,Walker2d-v4,4
306370,reward,3299,251.4195384164016,109.738,P3O-ClosedLoopAlpha,Walker2d-v4,4
306574,reward,3300,329.87515783592505,134.797,P3O-ClosedLoopAlpha,Walker2d-v4,4
306711,reward,3301,70.46280659747836,136.068,P3O-ClosedLoopAlpha,Walker2d-v4,4
306814,reward,3302,92.31657725188118,134.19,P3O-ClosedLoopAlpha,Walker2d-v4,4
306878,reward,3303,36.971022707399854,110.763,P3O-ClosedLoopAlpha,Walker2d-v4,4
307016,reward,3304,117.17307788055503,118.606,P3O-ClosedLoopAlpha,Walker2d-v4,4
307122,reward,3305,64.67724331932634,116.699,P3O-ClosedLoopAlpha,Walker2d-v4,4
307224,reward,3306,6.931155470347813,110.676,P3O-ClosedLoopAlpha,Walker2d-v4,4
307363,reward,3307,114.72075178699917,114.049,P3O-ClosedLoopAlpha,Walker2d-v4,4
307506,reward,3308,34.98461212568672,111.953,P3O-ClosedLoopAlpha,Walker2d-v4,4
307651,reward,3309,271.12068289573244,113.923,P3O-ClosedLoopAlpha,Walker2d-v4,4
307691,reward,3310,21.59510941498601,83.095,P3O-ClosedLoopAlpha,Walker2d-v4,4
307867,reward,3311,120.20489553610244,88.07,P3O-ClosedLoopAlpha,Walker2d-v4,4
307923,reward,3312,36.3376620035925,82.472,P3O-ClosedLoopAlpha,Walker2d-v4,4
307987,reward,3313,56.43199734963272,84.418,P3O-ClosedLoopAlpha,Walker2d-v4,4
308150,reward,3314,110.07416132656525,83.708,P3O-ClosedLoopAlpha,Walker2d-v4,4
308290,reward,3315,255.7025510561931,102.81,P3O-ClosedLoopAlpha,Walker2d-v4,4
308406,reward,3316,109.6733078420281,113.085,P3O-ClosedLoopAlpha,Walker2d-v4,4
308490,reward,3317,82.57361559880991,109.87,P3O-ClosedLoopAlpha,Walker2d-v4,4
308955,reward,3318,312.2808794281165,137.599,P3O-ClosedLoopAlpha,Walker2d-v4,4
309239,reward,3319,84.5944868444464,118.947,P3O-ClosedLoopAlpha,Walker2d-v4,4
309608,reward,3320,268.7775707325776,143.665,P3O-ClosedLoopAlpha,Walker2d-v4,4
309736,reward,3321,87.77148833084897,140.422,P3O-ClosedLoopAlpha,Walker2d-v4,4
309760,reward,3322,16.0763089963202,138.396,P3O-ClosedLoopAlpha,Walker2d-v4,4
309933,reward,3323,46.901428176830265,137.443,P3O-ClosedLoopAlpha,Walker2d-v4,4
310000,speed,2019.23,2.57,P3O-ClosedLoopAlpha,Walker2d-v4,4
310073,reward,3324,40.07690474274155,130.443,P3O-ClosedLoopAlpha,Walker2d-v4,4
310215,reward,3325,56.608557132537406,110.533,P3O-ClosedLoopAlpha,Walker2d-v4,4
310347,reward,3326,14.473654201263791,101.013,P3O-ClosedLoopAlpha,Walker2d-v4,4
310534,reward,3327,241.34454361667144,116.891,P3O-ClosedLoopAlpha,Walker2d-v4,4
310740,reward,3328,318.9806675400604,117.561,P3O-ClosedLoopAlpha,Walker2d-v4,4
310933,reward,3329,269.69873061905986,136.071,P3O-ClosedLoopAlpha,Walker2d-v4,4
311000,reward,3330,56.00056176269897,114.793,P3O-ClosedLoopAlpha,Walker2d-v4,4
311095,reward,3331,75.66548580030594,113.583,P3O-ClosedLoopAlpha,Walker2d-v4,4
311224,reward,3332,232.37654178890182,135.213,P3O-ClosedLoopAlpha,Walker2d-v4,4
311296,loss,-0.03937047719955444,10.119939804077148,P3O-ClosedLoopAlpha,Walker2d-v4,4
311409,reward,3333,302.2939705149237,160.752,P3O-ClosedLoopAlpha,Walker2d-v4,4
311655,reward,3334,6.690223552145138,157.413,P3O-ClosedLoopAlpha,Walker2d-v4,4
311752,reward,3335,89.24114693475441,160.677,P3O-ClosedLoopAlpha,Walker2d-v4,4
311889,reward,3336,3.024595217684221,159.532,P3O-ClosedLoopAlpha,Walker2d-v4,4
312065,reward,3337,138.93909528018312,149.291,P3O-ClosedLoopAlpha,Walker2d-v4,4
312184,reward,3338,130.75455927600458,130.468,P3O-ClosedLoopAlpha,Walker2d-v4,4
312347,reward,3339,216.5310260363817,125.152,P3O-ClosedLoopAlpha,Walker2d-v4,4
312528,reward,3340,101.07882544118624,129.66,P3O-ClosedLoopAlpha,Walker2d-v4,4
312800,reward,3341,128.9282154355092,134.986,P3O-ClosedLoopAlpha,Walker2d-v4,4
312962,reward,3342,32.22250604443555,114.97,P3O-ClosedLoopAlpha,Walker2d-v4,4
313051,reward,3343,45.13331625305567,89.254,P3O-ClosedLoopAlpha,Walker2d-v4,4
313212,reward,3344,36.022441166609504,92.188,P3O-ClosedLoopAlpha,Walker2d-v4,4
313345,reward,3345,30.050107772816546,86.268,P3O-ClosedLoopAlpha,Walker2d-v4,4
313585,reward,3346,63.73773614994514,92.34,P3O-ClosedLoopAlpha,Walker2d-v4,4
313630,reward,3347,26.90512573292222,81.136,P3O-ClosedLoopAlpha,Walker2d-v4,4
313662,reward,3348,17.290522918233883,69.79,P3O-ClosedLoopAlpha,Walker2d-v4,4
313786,reward,3349,69.25901474307106,55.063,P3O-ClosedLoopAlpha,Walker2d-v4,4
313862,reward,3350,38.388805562577055,48.794,P3O-ClosedLoopAlpha,Walker2d-v4,4
314016,reward,3351,149.2059940428612,50.822,P3O-ClosedLoopAlpha,Walker2d-v4,4
314090,reward,3352,45.52378077049597,52.152,P3O-ClosedLoopAlpha,Walker2d-v4,4
314257,reward,3353,328.48460093221865,80.487,P3O-ClosedLoopAlpha,Walker2d-v4,4
314363,reward,3354,124.98985893515798,89.384,P3O-ClosedLoopAlpha,Walker2d-v4,4
314555,reward,3355,347.9511718167,121.174,P3O-ClosedLoopAlpha,Walker2d-v4,4
314645,reward,3356,44.64442243472701,119.264,P3O-ClosedLoopAlpha,Walker2d-v4,4
314773,reward,3357,-14.869963829973045,115.087,P3O-ClosedLoopAlpha,Walker2d-v4,4
314821,reward,3358,33.04813600538232,116.663,P3O-ClosedLoopAlpha,Walker2d-v4,4
315047,reward,3359,113.48991170252403,121.086,P3O-ClosedLoopAlpha,Walker2d-v4,4
315131,reward,3360,47.6618752556673,122.013,P3O-ClosedLoopAlpha,Walker2d-v4,4
315331,reward,3361,152.71473011226195,122.364,P3O-ClosedLoopAlpha,Walker2d-v4,4
315439,reward,3362,-8.818962299327545,116.93,P3O-ClosedLoopAlpha,Walker2d-v4,4
315609,reward,3363,56.515272446981044,89.733,P3O-ClosedLoopAlpha,Walker2d-v4,4
315706,reward,3364,71.21563697228277,84.355,P3O-ClosedLoopAlpha,Walker2d-v4,4
315798,reward,3365,63.70592910269831,55.931,P3O-ClosedLoopAlpha,Walker2d-v4,4
315960,reward,3366,70.63558060256706,58.53,P3O-ClosedLoopAlpha,Walker2d-v4,4
316036,reward,3367,2.5090548237225665,60.268,P3O-ClosedLoopAlpha,Walker2d-v4,4
316165,reward,3368,59.06790648430198,62.87,P3O-ClosedLoopAlpha,Walker2d-v4,4
316407,reward,3369,304.2009054134007,81.941,P3O-ClosedLoopAlpha,Walker2d-v4,4
316561,reward,3370,235.46479017831683,100.721,P3O-ClosedLoopAlpha,Walker2d-v4,4
316651,reward,3371,36.19295747612079,89.069,P3O-ClosedLoopAlpha,Walker2d-v4,4
316777,reward,3372,15.063748627507977,91.457,P3O-ClosedLoopAlpha,Walker2d-v4,4
316814,reward,3373,24.84068949225226,88.29,P3O-ClosedLoopAlpha,Walker2d-v4,4
316896,reward,3374,66.73231722005953,87.841,P3O-ClosedLoopAlpha,Walker2d-v4,4
317028,reward,3375,50.196835150365914,86.49,P3O-ClosedLoopAlpha,Walker2d-v4,4
317154,reward,3376,35.30897879931324,82.958,P3O-ClosedLoopAlpha,Walker2d-v4,4
317230,reward,3377,13.117388622441322,84.019,P3O-ClosedLoopAlpha,Walker2d-v4,4
317296,reward,3378,50.644505878443006,83.176,P3O-ClosedLoopAlpha,Walker2d-v4,4
317472,reward,3379,83.13775277395432,61.07,P3O-ClosedLoopAlpha,Walker2d-v4,4
317565,reward,3380,62.15989901959444,43.74,P3O-ClosedLoopAlpha,Walker2d-v4,4
317674,reward,3381,61.26320473139529,46.247,P3O-ClosedLoopAlpha,Walker2d-v4,4
317843,reward,3382,290.99117139431587,73.839,P3O-ClosedLoopAlpha,Walker2d-v4,4
317986,reward,3383,248.179817973261,96.173,P3O-ClosedLoopAlpha,Walker2d-v4,4
318154,reward,3384,62.844756246420644,95.784,P3O-ClosedLoopAlpha,Walker2d-v4,4
318263,reward,3385,186.83631572971768,109.448,P3O-ClosedLoopAlpha,Walker2d-v4,4
318425,reward,3386,88.59639047580804,114.777,P3O-ClosedLoopAlpha,Walker2d-v4,4
318495,reward,3387,42.69295608950583,117.735,P3O-ClosedLoopAlpha,Walker2d-v4,4
318617,reward,3388,75.94432379309214,120.265,P3O-ClosedLoopAlpha,Walker2d-v4,4
318795,reward,3389,116.24064153956908,123.575,P3O-ClosedLoopAlpha,Walker2d-v4,4
318891,reward,3390,35.25226331076694,120.884,P3O-ClosedLoopAlpha,Walker2d-v4,4
319025,reward,3391,199.1448268106914,134.672,P3O-ClosedLoopAlpha,Walker2d-v4,4
319083,reward,3392,28.723525852401092,108.446,P3O-ClosedLoopAlpha,Walker2d-v4,4
319184,reward,3393,86.05478947832954,92.233,P3O-ClosedLoopAlpha,Walker2d-v4,4
319317,reward,3394,-47.145465372722974,81.234,P3O-ClosedLoopAlpha,Walker2d-v4,4
319451,reward,3395,9.136701910276493,63.464,P3O-ClosedLoopAlpha,Walker2d-v4,4
319488,loss,-0.021961435675621033,14.510198593139648,P3O-ClosedLoopAlpha,Walker2d-v4,4
319558,reward,3396,49.85223357356267,59.59,P3O-ClosedLoopAlpha,Walker2d-v4,4
319682,reward,3397,-2.4100573158818164,55.079,P3O-ClosedLoopAlpha,Walker2d-v4,4
319817,reward,3398,84.01384569404841,55.886,P3O-ClosedLoopAlpha,Walker2d-v4,4
319895,reward,3399,11.947667085323765,45.457,P3O-ClosedLoopAlpha,Walker2d-v4,4
320000,speed,2049.28,2.65,P3O-ClosedLoopAlpha,Walker2d-v4,4
320000,sbp,0.4,0.2984,0.3625,P3O-ClosedLoopAlpha,Walker2d-v4,4,0.0177,1,1.927985,0.893224,0.017219,0.039301,8.463636,8.492332,1.158455,-0.561877,0.00339,0.962477,1.230321,0.019026,0.003378,1,event,0.018673,0.025,0.582404,-0.253085,0.182559,0.018673,0.018673,0.018673,0.020163,0.020175,0.020169,0,0.0,0.0,0.0
320050,reward,3400,31.914252862651264,45.123,P3O-ClosedLoopAlpha,Walker2d-v4,4
320141,reward,3401,46.15888694068527,29.825,P3O-ClosedLoopAlpha,Walker2d-v4,4
320256,reward,3402,15.560219494983121,28.508,P3O-ClosedLoopAlpha,Walker2d-v4,4
320450,reward,3403,295.30243869006995,49.433,P3O-ClosedLoopAlpha,Walker2d-v4,4
320577,reward,3404,32.068881848558505,57.355,P3O-ClosedLoopAlpha,Walker2d-v4,4
320635,reward,3405,43.19983580412773,60.761,P3O-ClosedLoopAlpha,Walker2d-v4,4
320761,reward,3406,17.250071487378786,57.501,P3O-ClosedLoopAlpha,Walker2d-v4,4
320817,reward,3407,43.20640561289849,62.062,P3O-ClosedLoopAlpha,Walker2d-v4,4
320972,reward,3408,122.01351890981996,65.862,P3O-ClosedLoopAlpha,Walker2d-v4,4
321096,reward,3409,54.76297113773034,70.144,P3O-ClosedLoopAlpha,Walker2d-v4,4
321258,reward,3410,276.51447940989715,94.604,P3O-ClosedLoopAlpha,Walker2d-v4,4
321604,reward,3411,254.34345973526217,115.422,P3O-ClosedLoopAlpha,Walker2d-v4,4
321777,reward,3412,12.916268075454276,115.158,P3O-ClosedLoopAlpha,Walker2d-v4,4
321950,reward,3413,84.41701274160158,94.069,P3O-ClosedLoopAlpha,Walker2d-v4,4
322137,reward,3414,51.96447144754049,96.059,P3O-ClosedLoopAlpha,Walker2d-v4,4
322200,reward,3415,43.865238257471574,96.125,P3O-ClosedLoopAlpha,Walker2d-v4,4
322455,reward,3416,324.04943479847697,126.805,P3O-ClosedLoopAlpha,Walker2d-v4,4
322489,reward,3417,14.794672208631388,123.964,P3O-ClosedLoopAlpha,Walker2d-v4,4
322650,reward,3418,135.5543197280884,125.318,P3O-ClosedLoopAlpha,Walker2d-v4,4
322791,reward,3419,113.07097139732055,131.149,P3O-ClosedLoopAlpha,Walker2d-v4,4
322834,reward,3420,35.28580967597819,107.026,P3O-ClosedLoopAlpha,Walker2d-v4,4
323063,reward,3421,106.60001758975476,92.252,P3O-ClosedLoopAlpha,Walker2d-v4,4
323121,reward,3422,35.6004117847455,94.52,P3O-ClosedLoopAlpha,Walker2d-v4,4
323307,reward,3423,-9.088128216846563,85.17,P3O-ClosedLoopAlpha,Walker2d-v4,4
323375,reward,3424,68.84527245796149,86.858,P3O-ClosedLoopAlpha,Walker2d-v4,4
323463,reward,3425,37.75508889977614,86.247,P3O-ClosedLoopAlpha,Walker2d-v4,4
323751,reward,3426,132.10589337044732,67.052,P3O-ClosedLoopAlpha,Walker2d-v4,4
323901,reward,3427,140.64812916719808,79.638,P3O-ClosedLoopAlpha,Walker2d-v4,4
324010,reward,3428,119.0067345858897,77.983,P3O-ClosedLoopAlpha,Walker2d-v4,4
324085,reward,3429,55.04165386940717,72.18,P3O-ClosedLoopAlpha,Walker2d-v4,4
324201,reward,3430,82.00610477422458,76.852,P3O-ClosedLoopAlpha,Walker2d-v4,4
324350,reward,3431,70.46390095973369,73.239,P3O-ClosedLoopAlpha,Walker2d-v4,4
324433,reward,3432,45.29393275524122,74.208,P3O-ClosedLoopAlpha,Walker2d-v4,4
324531,reward,3433,58.101661440959546,80.927,P3O-ClosedLoopAlpha,Walker2d-v4,4
324633,reward,3434,82.38238154036584,82.281,P3O-ClosedLoopAlpha,Walker2d-v4,4
324702,reward,3435,41.043810987174986,82.609,P3O-ClosedLoopAlpha,Walker2d-v4,4
324763,reward,3436,56.33832622125905,75.033,P3O-ClosedLoopAlpha,Walker2d-v4,4
324878,reward,3437,87.15772020435364,69.684,P3O-ClosedLoopAlpha,Walker2d-v4,4
324923,reward,3438,32.62547895719859,61.045,P3O-ClosedLoopAlpha,Walker2d-v4,4
325038,reward,3439,102.83991354496334,65.825,P3O-ClosedLoopAlpha,Walker2d-v4,4
325147,reward,3440,43.96082872753525,62.021,P3O-ClosedLoopAlpha,Walker2d-v4,4
325299,reward,3441,131.19860925483803,68.094,P3O-ClosedLoopAlpha,Walker2d-v4,4
325418,reward,3442,78.11786822288535,71.377,P3O-ClosedLoopAlpha,Walker2d-v4,4
325566,reward,3443,13.586495885301655,66.925,P3O-ClosedLoopAlpha,Walker2d-v4,4
325626,reward,3444,23.672470801886366,61.054,P3O-ClosedLoopAlpha,Walker2d-v4,4
325694,reward,3445,28.144063241473567,59.764,P3O-ClosedLoopAlpha,Walker2d-v4,4
326052,reward,3446,387.6582531204609,92.896,P3O-ClosedLoopAlpha,Walker2d-v4,4
326192,reward,3447,62.04769708798557,90.385,P3O-ClosedLoopAlpha,Walker2d-v4,4
326273,reward,3448,57.9690267108235,92.92,P3O-ClosedLoopAlpha,Walker2d-v4,4
326464,reward,3449,133.14486961001379,95.95,P3O-ClosedLoopAlpha,Walker2d-v4,4
326624,reward,3450,70.37005224671606,98.591,P3O-ClosedLoopAlpha,Walker2d-v4,4
326772,reward,3451,256.705818138969,111.142,P3O-ClosedLoopAlpha,Walker2d-v4,4
326902,reward,3452,76.41787424880573,110.972,P3O-ClosedLoopAlpha,Walker2d-v4,4
326962,reward,3453,52.55105935884781,114.868,P3O-ClosedLoopAlpha,Walker2d-v4,4
326993,reward,3454,13.269429845757864,113.828,P3O-ClosedLoopAlpha,Walker2d-v4,4
327150,reward,3455,63.46046853962219,117.359,P3O-ClosedLoopAlpha,Walker2d-v4,4
327253,reward,3456,181.19742367631733,96.713,P3O-ClosedLoopAlpha,Walker2d-v4,4
327293,reward,3457,19.58492854273339,92.467,P3O-ClosedLoopAlpha,Walker2d-v4,4
327400,reward,3458,52.136128416053474,91.884,P3O-ClosedLoopAlpha,Walker2d-v4,4
327680,loss,-0.02961314283311367,13.6524019241333,P3O-ClosedLoopAlpha,Walker2d-v4,4
327727,reward,3459,238.4230766261694,102.412,P3O-ClosedLoopAlpha,Walker2d-v4,4
327858,reward,3460,168.4862312748836,112.223,P3O-ClosedLoopAlpha,Walker2d-v4,4
327991,reward,3461,8.968574849881875,87.45,P3O-ClosedLoopAlpha,Walker2d-v4,4
328407,reward,3462,593.7314868882071,139.181,P3O-ClosedLoopAlpha,Walker2d-v4,4
328531,reward,3463,76.7458940250514,141.6,P3O-ClosedLoopAlpha,Walker2d-v4,4
328649,reward,3464,44.58117844061432,144.732,P3O-ClosedLoopAlpha,Walker2d-v4,4
328815,reward,3465,67.35059818365072,145.121,P3O-ClosedLoopAlpha,Walker2d-v4,4
328902,reward,3466,64.73839440302164,133.475,P3O-ClosedLoopAlpha,Walker2d-v4,4
328971,reward,3467,54.37147202076979,136.953,P3O-ClosedLoopAlpha,Walker2d-v4,4
329106,reward,3468,220.6071904316683,153.8,P3O-ClosedLoopAlpha,Walker2d-v4,4
329184,reward,3469,69.73255108579266,136.931,P3O-ClosedLoopAlpha,Walker2d-v4,4
329266,reward,3470,57.152459273001085,125.798,P3O-ClosedLoopAlpha,Walker2d-v4,4
329486,reward,3471,351.704207520936,160.072,P3O-ClosedLoopAlpha,Walker2d-v4,4
329632,reward,3472,76.32967081777548,108.331,P3O-ClosedLoopAlpha,Walker2d-v4,4
329730,reward,3473,32.70987376039586,103.928,P3O-ClosedLoopAlpha,Walker2d-v4,4
330000,speed,2020.11,2.74,P3O-ClosedLoopAlpha,Walker2d-v4,4
330019,reward,3474,204.4061300059884,119.91,P3O-ClosedLoopAlpha,Walker2d-v4,4
330127,reward,3475,-1.8596965585795675,112.989,P3O-ClosedLoopAlpha,Walker2d-v4,4
330240,reward,3476,74.5832792311096,113.974,P3O-ClosedLoopAlpha,Walker2d-v4,4
330396,reward,3477,11.590934344010622,109.696,P3O-ClosedLoopAlpha,Walker2d-v4,4
330518,reward,3478,22.273447778913592,89.862,P3O-ClosedLoopAlpha,Walker2d-v4,4
330739,reward,3479,81.42402448775752,91.031,P3O-ClosedLoopAlpha,Walker2d-v4,4
330898,reward,3480,109.58022345061802,96.274,P3O-ClosedLoopAlpha,Walker2d-v4,4
330974,reward,3481,38.088264938384796,64.913,P3O-ClosedLoopAlpha,Walker2d-v4,4
331119,reward,3482,244.35281202865465,81.715,P3O-ClosedLoopAlpha,Walker2d-v4,4
331274,reward,3483,168.26812254106457,95.271,P3O-ClosedLoopAlpha,Walker2d-v4,4
331409,reward,3484,209.13791884061422,95.744,P3O-ClosedLoopAlpha,Walker2d-v4,4
331591,reward,3485,104.87412689181329,106.417,P3O-ClosedLoopAlpha,Walker2d-v4,4
331820,reward,3486,140.26650797545145,112.986,P3O-ClosedLoopAlpha,Walker2d-v4,4
331947,reward,3487,211.39611638465564,132.966,P3O-ClosedLoopAlpha,Walker2d-v4,4
332181,reward,3488,57.47887937010509,136.487,P3O-ClosedLoopAlpha,Walker2d-v4,4
332280,reward,3489,61.707686011456246,134.515,P3O-ClosedLoopAlpha,Walker2d-v4,4
332354,reward,3490,60.92217720238229,129.649,P3O-ClosedLoopAlpha,Walker2d-v4,4
332530,reward,3491,28.107802920828423,128.651,P3O-ClosedLoopAlpha,Walker2d-v4,4
332651,reward,3492,77.52304536276421,111.968,P3O-ClosedLoopAlpha,Walker2d-v4,4
332718,reward,3493,29.54147902971976,98.096,P3O-ClosedLoopAlpha,Walker2d-v4,4
332890,reward,3494,267.6780304027151,103.95,P3O-ClosedLoopAlpha,Walker2d-v4,4
333056,reward,3495,48.793824466320615,98.342,P3O-ClosedLoopAlpha,Walker2d-v4,4
333141,reward,3496,45.94881439900463,88.91,P3O-ClosedLoopAlpha,Walker2d-v4,4
333279,reward,3497,67.68898366685576,74.539,P3O-ClosedLoopAlpha,Walker2d-v4,4
333346,reward,3498,51.75565237115094,73.967,P3O-ClosedLoopAlpha,Walker2d-v4,4
333536,reward,3499,131.70344181468067,80.966,P3O-ClosedLoopAlpha,Walker2d-v4,4
333643,reward,3500,65.22413601891364,81.397,P3O-ClosedLoopAlpha,Walker2d-v4,4
333768,reward,3501,4.9768607224739725,79.083,P3O-ClosedLoopAlpha,Walker2d-v4,4
333904,reward,3502,32.383101080719236,74.569,P3O-ClosedLoopAlpha,Walker2d-v4,4
334198,reward,3503,133.26228123037782,84.942,P3O-ClosedLoopAlpha,Walker2d-v4,4
334382,reward,3504,90.80380689216007,67.254,P3O-ClosedLoopAlpha,Walker2d-v4,4
334526,reward,3505,113.3719099913004,73.712,P3O-ClosedLoopAlpha,Walker2d-v4,4
334612,reward,3506,34.544420342437654,72.571,P3O-ClosedLoopAlpha,Walker2d-v4,4
334677,reward,3507,38.87749653649264,69.69,P3O-ClosedLoopAlpha,Walker2d-v4,4
334795,reward,3508,66.2789417877137,71.143,P3O-ClosedLoopAlpha,Walker2d-v4,4
334898,reward,3509,7.912579119723054,58.764,P3O-ClosedLoopAlpha,Walker2d-v4,4
335115,reward,3510,321.07075156631936,84.348,P3O-ClosedLoopAlpha,Walker2d-v4,4
335129,reward,3511,4.046128014808181,84.255,P3O-ClosedLoopAlpha,Walker2d-v4,4
335272,reward,3512,108.02048687803149,91.819,P3O-ClosedLoopAlpha,Walker2d-v4,4
335347,reward,3513,27.20173899918983,81.213,P3O-ClosedLoopAlpha,Walker2d-v4,4
335469,reward,3514,108.52368331790267,82.985,P3O-ClosedLoopAlpha,Walker2d-v4,4
335696,reward,3515,94.48411724743914,81.096,P3O-ClosedLoopAlpha,Walker2d-v4,4
335711,reward,3516,3.5128774664974913,77.993,P3O-ClosedLoopAlpha,Walker2d-v4,4
335870,reward,3517,44.2430307023173,78.529,P3O-ClosedLoopAlpha,Walker2d-v4,4
335872,loss,-0.037634022533893585,7.215834617614746,P3O-ClosedLoopAlpha,Walker2d-v4,4
335974,reward,3518,88.70978846633514,80.773,P3O-ClosedLoopAlpha,Walker2d-v4,4
336217,reward,3519,100.38565540863792,90.02,P3O-ClosedLoopAlpha,Walker2d-v4,4
336350,reward,3520,107.68715750741227,68.681,P3O-ClosedLoopAlpha,Walker2d-v4,4
336425,reward,3521,58.750874495912505,74.152,P3O-ClosedLoopAlpha,Walker2d-v4,4
336624,reward,3522,93.70493794299603,72.72,P3O-ClosedLoopAlpha,Walker2d-v4,4
336785,reward,3523,243.41699131879182,94.342,P3O-ClosedLoopAlpha,Walker2d-v4,4
336892,reward,3524,31.664243289916655,86.656,P3O-ClosedLoopAlpha,Walker2d-v4,4
337068,reward,3525,33.86265586835071,80.594,P3O-ClosedLoopAlpha,Walker2d-v4,4
337309,reward,3526,214.70808982398086,101.713,P3O-ClosedLoopAlpha,Walker2d-v4,4
337359,reward,3527,23.637216934929025,99.653,P3O-ClosedLoopAlpha,Walker2d-v4,4
337595,reward,3528,140.0441239185436,104.786,P3O-ClosedLoopAlpha,Walker2d-v4,4
337643,reward,3529,37.65434048955146,98.513,P3O-ClosedLoopAlpha,Walker2d-v4,4
337726,reward,3530,85.96394988058015,96.341,P3O-ClosedLoopAlpha,Walker2d-v4,4
337878,reward,3531,66.58048651221365,97.124,P3O-ClosedLoopAlpha,Walker2d-v4,4
337971,reward,3532,44.273705341732494,92.181,P3O-ClosedLoopAlpha,Walker2d-v4,4
338087,reward,3533,57.246410647870896,73.564,P3O-ClosedLoopAlpha,Walker2d-v4,4
338156,reward,3534,48.21675671509466,75.219,P3O-ClosedLoopAlpha,Walker2d-v4,4
338425,reward,3535,173.89125251900444,89.222,P3O-ClosedLoopAlpha,Walker2d-v4,4
338590,reward,3536,112.58474249731277,79.009,P3O-ClosedLoopAlpha,Walker2d-v4,4
338685,reward,3537,60.66885739759285,82.712,P3O-ClosedLoopAlpha,Walker2d-v4,4
338753,reward,3538,45.24352432433624,73.232,P3O-ClosedLoopAlpha,Walker2d-v4,4
338817,reward,3539,30.066360237985048,72.474,P3O-ClosedLoopAlpha,Walker2d-v4,4
338919,reward,3540,28.68367079141726,66.746,P3O-ClosedLoopAlpha,Walker2d-v4,4
339120,reward,3541,285.6704059210077,88.655,P3O-ClosedLoopAlpha,Walker2d-v4,4
339239,reward,3542,218.9123176566903,106.118,P3O-ClosedLoopAlpha,Walker2d-v4,4
339315,reward,3543,35.659767575707136,103.96,P3O-ClosedLoopAlpha,Walker2d-v4,4
339376,reward,3544,32.53259187166619,102.391,P3O-ClosedLoopAlpha,Walker2d-v4,4
339473,reward,3545,46.916768907339204,89.694,P3O-ClosedLoopAlpha,Walker2d-v4,4
339643,reward,3546,252.81571506806353,103.717,P3O-ClosedLoopAlpha,Walker2d-v4,4
339741,reward,3547,16.120757234937976,99.262,P3O-ClosedLoopAlpha,Walker2d-v4,4
339853,reward,3548,103.31329887462239,105.069,P3O-ClosedLoopAlpha,Walker2d-v4,4
339937,reward,3549,20.748738204389667,104.137,P3O-ClosedLoopAlpha,Walker2d-v4,4
340000,speed,1998.37,2.82,P3O-ClosedLoopAlpha,Walker2d-v4,4
340000,sbp,0.4,0.2766,0.3492,P3O-ClosedLoopAlpha,Walker2d-v4,4,0.01772,1,1.99502,0.921014,0.016375,0.038768,8.463889,8.491788,1.166113,-0.577608,0.003296,0.964609,1.269307,0.024881,0.005001,1,event,0.023554,0.025,0.58038,-0.057827,0.160007,0.023554,0.023554,0.023554,0.013808,0.013816,0.013812,0,0.0,0.0,0.0
340011,reward,3550,41.71823120803674,105.441,P3O-ClosedLoopAlpha,Walker2d-v4,4
340078,reward,3551,56.285798255022414,82.502,P3O-ClosedLoopAlpha,Walker2d-v4,4
340252,reward,3552,78.0234083015896,68.414,P3O-ClosedLoopAlpha,Walker2d-v4,4
340429,reward,3553,186.28289464053464,83.476,P3O-ClosedLoopAlpha,Walker2d-v4,4
340579,reward,3554,233.59870613289905,103.582,P3O-ClosedLoopAlpha,Walker2d-v4,4
340727,reward,3555,34.74117698215123,102.365,P3O-ClosedLoopAlpha,Walker2d-v4,4
340885,reward,3556,183.30020313739578,95.413,P3O-ClosedLoopAlpha,Walker2d-v4,4
340978,reward,3557,67.46813795976688,100.548,P3O-ClosedLoopAlpha,Walker2d-v4,4
341210,reward,3558,117.49405636136456,101.966,P3O-ClosedLoopAlpha,Walker2d-v4,4
341414,reward,3559,127.50862207368586,112.642,P3O-ClosedLoopAlpha,Walker2d-v4,4
341577,reward,3560,167.04827228216686,125.175,P3O-ClosedLoopAlpha,Walker2d-v4,4
341706,reward,3561,246.74196413694602,144.221,P3O-ClosedLoopAlpha,Walker2d-v4,4
341796,reward,3562,26.359228727995838,139.054,P3O-ClosedLoopAlpha,Walker2d-v4,4
341839,reward,3563,31.217506078698577,123.548,P3O-ClosedLoopAlpha,Walker2d-v4,4
342008,reward,3564,174.4520621420926,117.633,P3O-ClosedLoopAlpha,Walker2d-v4,4
342072,reward,3565,29.92484544993209,117.151,P3O-ClosedLoopAlpha,Walker2d-v4,4
342279,reward,3566,155.7281697165839,114.394,P3O-ClosedLoopAlpha,Walker2d-v4,4
342421,reward,3567,16.74935012754148,109.322,P3O-ClosedLoopAlpha,Walker2d-v4,4
342496,reward,3568,71.82237251501854,104.755,P3O-ClosedLoopAlpha,Walker2d-v4,4
342652,reward,3569,157.0837411097496,107.713,P3O-ClosedLoopAlpha,Walker2d-v4,4
342714,reward,3570,50.894428305557234,96.097,P3O-ClosedLoopAlpha,Walker2d-v4,4
342777,reward,3571,28.826469601494082,74.306,P3O-ClosedLoopAlpha,Walker2d-v4,4
342829,reward,3572,36.2640781931237,75.296,P3O-ClosedLoopAlpha,Walker2d-v4,4
343219,reward,3573,322.27927069879314,104.402,P3O-ClosedLoopAlpha,Walker2d-v4,4
343316,reward,3574,64.59253370908017,93.417,P3O-ClosedLoopAlpha,Walker2d-v4,4
343393,reward,3575,43.677712173832866,94.792,P3O-ClosedLoopAlpha,Walker2d-v4,4
343541,reward,3576,59.14806997048241,85.134,P3O-ClosedLoopAlpha,Walker2d-v4,4
343579,reward,3577,21.60503387943933,85.619,P3O-ClosedLoopAlpha,Walker2d-v4,4
343689,reward,3578,27.685063799483792,81.206,P3O-ClosedLoopAlpha,Walker2d-v4,4
343724,reward,3579,27.50150451494207,68.247,P3O-ClosedLoopAlpha,Walker2d-v4,4
343779,reward,3580,42.15849834974736,67.374,P3O-ClosedLoopAlpha,Walker2d-v4,4
344021,reward,3581,148.85893094580848,79.377,P3O-ClosedLoopAlpha,Walker2d-v4,4
344064,loss,-0.03675312548875809,7.473577976226807,P3O-ClosedLoopAlpha,Walker2d-v4,4
344106,reward,3582,42.639548323359456,80.015,P3O-ClosedLoopAlpha,Walker2d-v4,4
344192,reward,3583,16.717274777022393,49.458,P3O-ClosedLoopAlpha,Walker2d-v4,4
344240,reward,3584,22.70686404096682,45.27,P3O-ClosedLoopAlpha,Walker2d-v4,4
344325,reward,3585,8.087921013487366,41.711,P3O-ClosedLoopAlpha,Walker2d-v4,4
344405,reward,3586,52.56846053006203,41.053,P3O-ClosedLoopAlpha,Walker2d-v4,4
344580,reward,3587,253.10776411941285,64.203,P3O-ClosedLoopAlpha,Walker2d-v4,4
344797,reward,3588,321.23750431644254,93.558,P3O-ClosedLoopAlpha,Walker2d-v4,4
344935,reward,3589,120.8038811736186,102.889,P3O-ClosedLoopAlpha,Walker2d-v4,4
345032,reward,3590,9.509300156582535,99.624,P3O-ClosedLoopAlpha,Walker2d-v4,4
345146,reward,3591,49.693059478354456,89.707,P3O-ClosedLoopAlpha,Walker2d-v4,4
345211,reward,3592,38.43555315578099,89.287,P3O-ClosedLoopAlpha,Walker2d-v4,4
345469,reward,3593,81.44550355195334,95.76,P3O-ClosedLoopAlpha,Walker2d-v4,4
345531,reward,3594,23.675800005509366,95.856,P3O-ClosedLoopAlpha,Walker2d-v4,4
345597,reward,3595,48.99168159843792,99.947,P3O-ClosedLoopAlpha,Walker2d-v4,4
345736,reward,3596,33.765312242941185,98.067,P3O-ClosedLoopAlpha,Walker2d-v4,4
345840,reward,3597,112.26387648932308,83.982,P3O-ClosedLoopAlpha,Walker2d-v4,4
345951,reward,3598,55.64541946508801,57.423,P3O-ClosedLoopAlpha,Walker2d-v4,4
346046,reward,3599,77.01750168505689,53.044,P3O-ClosedLoopAlpha,Walker2d-v4,4
346245,reward,3600,163.39531387225676,68.433,P3O-ClosedLoopAlpha,Walker2d-v4,4
346342,reward,3601,-24.24685741465234,61.039,P3O-ClosedLoopAlpha,Walker2d-v4,4
346458,reward,3602,6.066193995008284,57.802,P3O-ClosedLoopAlpha,Walker2d-v4,4
346527,reward,3603,65.51197905079879,56.209,P3O-ClosedLoopAlpha,Walker2d-v4,4
346725,reward,3604,59.069499351130325,59.748,P3O-ClosedLoopAlpha,Walker2d-v4,4
346782,reward,3605,40.35188778047469,58.884,P3O-ClosedLoopAlpha,Walker2d-v4,4
346884,reward,3606,73.75695087060117,62.883,P3O-ClosedLoopAlpha,Walker2d-v4,4
347025,reward,3607,162.01306832822988,67.858,P3O-ClosedLoopAlpha,Walker2d-v4,4
347264,reward,3608,100.0015766940027,72.294,P3O-ClosedLoopAlpha,Walker2d-v4,4
347402,reward,3609,-44.45353361084541,60.147,P3O-ClosedLoopAlpha,Walker2d-v4,4
347492,reward,3610,95.68540776073566,53.376,P3O-ClosedLoopAlpha,Walker2d-v4,4
347593,reward,3611,86.852746599694,64.486,P3O-ClosedLoopAlpha,Walker2d-v4,4
347643,reward,3612,40.496207793213834,67.929,P3O-ClosedLoopAlpha,Walker2d-v4,4
347744,reward,3613,26.68032590967788,64.045,P3O-ClosedLoopAlpha,Walker2d-v4,4
347874,reward,3614,70.0084403779226,65.139,P3O-ClosedLoopAlpha,Walker2d-v4,4
348012,reward,3615,42.72493778952997,65.377,P3O-ClosedLoopAlpha,Walker2d-v4,4
348245,reward,3616,120.68539927813924,70.069,P3O-ClosedLoopAlpha,Walker2d-v4,4
348324,reward,3617,35.300939913665395,57.398,P3O-ClosedLoopAlpha,Walker2d-v4,4
348357,reward,3618,25.362559030523244,49.934,P3O-ClosedLoopAlpha,Walker2d-v4,4
348380,reward,3619,11.678377463678533,55.548,P3O-ClosedLoopAlpha,Walker2d-v4,4
348484,reward,3620,91.11862753658293,55.091,P3O-ClosedLoopAlpha,Walker2d-v4,4
348717,reward,3621,367.8443264456541,83.19,P3O-ClosedLoopAlpha,Walker2d-v4,4
349119,reward,3622,596.2814829630324,138.769,P3O-ClosedLoopAlpha,Walker2d-v4,4
349248,reward,3623,2.4397133645099744,136.344,P3O-ClosedLoopAlpha,Walker2d-v4,4
349331,reward,3624,32.43634373438027,132.587,P3O-ClosedLoopAlpha,Walker2d-v4,4
349447,reward,3625,13.029890961974695,129.618,P3O-ClosedLoopAlpha,Walker2d-v4,4
349586,reward,3626,-2.233844661685425,117.326,P3O-ClosedLoopAlpha,Walker2d-v4,4
349756,reward,3627,296.5448666731832,143.45,P3O-ClosedLoopAlpha,Walker2d-v4,4
349971,reward,3628,88.22731135072542,149.737,P3O-ClosedLoopAlpha,Walker2d-v4,4
350000,speed,2004.48,2.9,P3O-ClosedLoopAlpha,Walker2d-v4,4
350059,reward,3629,90.23786559888639,157.593,P3O-ClosedLoopAlpha,Walker2d-v4,4
350093,reward,3630,23.772846274629828,150.858,P3O-ClosedLoopAlpha,Walker2d-v4,4
350310,reward,3631,198.1580825470914,133.889,P3O-ClosedLoopAlpha,Walker2d-v4,4
350501,reward,3632,303.69518398581755,104.631,P3O-ClosedLoopAlpha,Walker2d-v4,4
350636,reward,3633,66.14160781584202,111.001,P3O-ClosedLoopAlpha,Walker2d-v4,4
350802,reward,3634,44.062814492170936,112.164,P3O-ClosedLoopAlpha,Walker2d-v4,4
350895,reward,3635,65.75497636139976,117.436,P3O-ClosedLoopAlpha,Walker2d-v4,4
350984,reward,3636,37.5342872690549,121.413,P3O-ClosedLoopAlpha,Walker2d-v4,4
351147,reward,3637,254.6838894600545,117.227,P3O-ClosedLoopAlpha,Walker2d-v4,4
351288,reward,3638,74.5028110303775,115.854,P3O-ClosedLoopAlpha,Walker2d-v4,4
351427,reward,3639,211.25935677470682,127.957,P3O-ClosedLoopAlpha,Walker2d-v4,4
351552,reward,3640,47.96916639787713,130.376,P3O-ClosedLoopAlpha,Walker2d-v4,4
351598,reward,3641,26.07396026624333,113.168,P3O-ClosedLoopAlpha,Walker2d-v4,4
351708,reward,3642,19.014139964060096,84.7,P3O-ClosedLoopAlpha,Walker2d-v4,4
351791,reward,3643,57.70211023298904,83.856,P3O-ClosedLoopAlpha,Walker2d-v4,4
352095,reward,3644,426.51463886288974,122.101,P3O-ClosedLoopAlpha,Walker2d-v4,4
352165,reward,3645,61.91657579440976,121.717,P3O-ClosedLoopAlpha,Walker2d-v4,4
352256,loss,-0.015248268842697144,16.911794662475586,P3O-ClosedLoopAlpha,Walker2d-v4,4
352277,reward,3646,126.16902451303984,130.581,P3O-ClosedLoopAlpha,Walker2d-v4,4
352341,reward,3647,34.73336712696112,108.586,P3O-ClosedLoopAlpha,Walker2d-v4,4
352437,reward,3648,48.94792753572301,106.03,P3O-ClosedLoopAlpha,Walker2d-v4,4
352611,reward,3649,77.06484472567102,92.611,P3O-ClosedLoopAlpha,Walker2d-v4,4
352748,reward,3650,62.91272360729141,94.105,P3O-ClosedLoopAlpha,Walker2d-v4,4
352844,reward,3651,92.89396173630033,100.787,P3O-ClosedLoopAlpha,Walker2d-v4,4
353018,reward,3652,221.28120256561317,121.014,P3O-ClosedLoopAlpha,Walker2d-v4,4
353051,reward,3653,23.784796842641697,117.622,P3O-ClosedLoopAlpha,Walker2d-v4,4
353190,reward,3654,19.643752388972725,76.935,P3O-ClosedLoopAlpha,Walker2d-v4,4
353442,reward,3655,152.02324567443543,85.945,P3O-ClosedLoopAlpha,Walker2d-v4,4
353617,reward,3656,261.6012282854437,99.489,P3O-ClosedLoopAlpha,Walker2d-v4,4
353791,reward,3657,84.6263660526241,104.478,P3O-ClosedLoopAlpha,Walker2d-v4,4
353907,reward,3658,93.34838951871266,108.918,P3O-ClosedLoopAlpha,Walker2d-v4,4
354171,reward,3659,267.7093065684043,127.982,P3O-ClosedLoopAlpha,Walker2d-v4,4
354492,reward,3660,274.53176111434476,149.144,P3O-ClosedLoopAlpha,Walker2d-v4,4
354589,reward,3661,162.82333045412545,156.137,P3O-ClosedLoopAlpha,Walker2d-v4,4
354709,reward,3662,33.646758754107616,137.374,P3O-ClosedLoopAlpha,Walker2d-v4,4
354917,reward,3663,145.47173371487438,149.543,P3O-ClosedLoopAlpha,Walker2d-v4,4
355150,reward,3664,189.41158376875438,166.519,P3O-ClosedLoopAlpha,Walker2d-v4,4
355350,reward,3665,282.38265645091013,179.555,P3O-ClosedLoopAlpha,Walker2d-v4,4
355641,reward,3666,260.3489995522608,179.43,P3O-ClosedLoopAlpha,Walker2d-v4,4
355719,reward,3667,54.645307832465626,176.432,P3O-ClosedLoopAlpha,Walker2d-v4,4
355884,reward,3668,56.13628779376412,172.711,P3O-ClosedLoopAlpha,Walker2d-v4,4
355961,reward,3669,34.54998343983139,149.395,P3O-ClosedLoopAlpha,Walker2d-v4,4
356099,reward,3670,18.535552148153872,123.795,P3O-ClosedLoopAlpha,Walker2d-v4,4
356180,reward,3671,52.400325016652175,112.753,P3O-ClosedLoopAlpha,Walker2d-v4,4
356240,reward,3672,25.263394166292738,111.915,P3O-ClosedLoopAlpha,Walker2d-v4,4
356484,reward,3673,369.1874250653346,134.286,P3O-ClosedLoopAlpha,Walker2d-v4,4
356745,reward,3674,427.6092568711204,158.106,P3O-ClosedLoopAlpha,Walker2d-v4,4
356927,reward,3675,189.76418341147286,148.844,P3O-ClosedLoopAlpha,Walker2d-v4,4
357024,reward,3676,33.1858715876065,126.128,P3O-ClosedLoopAlpha,Walker2d-v4,4
357226,reward,3677,89.12458629478593,129.576,P3O-ClosedLoopAlpha,Walker2d-v4,4
357265,reward,3678,33.10468864702981,127.273,P3O-ClosedLoopAlpha,Walker2d-v4,4
357406,reward,3679,55.16812045724405,129.334,P3O-ClosedLoopAlpha,Walker2d-v4,4
357518,reward,3680,35.791056877813794,131.06,P3O-ClosedLoopAlpha,Walker2d-v4,4
357673,reward,3681,85.42260695924351,134.362,P3O-ClosedLoopAlpha,Walker2d-v4,4
357795,reward,3682,207.78145240292815,152.614,P3O-ClosedLoopAlpha,Walker2d-v4,4
358025,reward,3683,178.01388522257753,133.497,P3O-ClosedLoopAlpha,Walker2d-v4,4
358082,reward,3684,41.78208166323125,94.914,P3O-ClosedLoopAlpha,Walker2d-v4,4
358188,reward,3685,200.1395952216959,95.951,P3O-ClosedLoopAlpha,Walker2d-v4,4
358314,reward,3686,87.50710992008024,101.384,P3O-ClosedLoopAlpha,Walker2d-v4,4
358470,reward,3687,239.34207949459199,116.405,P3O-ClosedLoopAlpha,Walker2d-v4,4
358637,reward,3688,49.52285375698749,118.047,P3O-ClosedLoopAlpha,Walker2d-v4,4
358691,reward,3689,30.36933477665358,115.567,P3O-ClosedLoopAlpha,Walker2d-v4,4
358782,reward,3690,84.85258860584604,120.473,P3O-ClosedLoopAlpha,Walker2d-v4,4
358951,reward,3691,173.41437529912048,129.273,P3O-ClosedLoopAlpha,Walker2d-v4,4
359065,reward,3692,199.8329475419579,128.478,P3O-ClosedLoopAlpha,Walker2d-v4,4
359172,reward,3693,20.584404092447404,112.735,P3O-ClosedLoopAlpha,Walker2d-v4,4
359216,reward,3694,34.06938382663422,111.963,P3O-ClosedLoopAlpha,Walker2d-v4,4
359304,reward,3695,68.78494019901935,98.828,P3O-ClosedLoopAlpha,Walker2d-v4,4
359361,reward,3696,28.36022697207231,92.913,P3O-ClosedLoopAlpha,Walker2d-v4,4
359545,reward,3697,109.50832903683174,79.93,P3O-ClosedLoopAlpha,Walker2d-v4,4
359687,reward,3698,224.90170257628168,97.468,P3O-ClosedLoopAlpha,Walker2d-v4,4
359938,reward,3699,243.4118338010578,118.772,P3O-ClosedLoopAlpha,Walker2d-v4,4
360000,speed,2021.54,2.99,P3O-ClosedLoopAlpha,Walker2d-v4,4
360000,sbp,0.4,0.2587,0.3492,P3O-ClosedLoopAlpha,Walker2d-v4,4,0.01798,1,2.101623,0.953115,0.015436,0.038228,8.464286,8.491275,1.205006,-0.59621,0.003189,0.99697,1.306089,0.032073,0.006851,1,event,0.033706,0.025,0.592568,0.348249,0.15,0.033706,0.033706,0.033706,0.010992,0.010999,0.010996,0,0.0,0.0,0.0
360011,reward,3700,58.803084706542734,116.167,P3O-ClosedLoopAlpha,Walker2d-v4,4
360123,reward,3701,159.58330815034617,114.784,P3O-ClosedLoopAlpha,Walker2d-v4,4
360272,reward,3702,120.97834535672561,106.899,P3O-ClosedLoopAlpha,Walker2d-v4,4
360354,reward,3703,21.174394526640846,106.958,P3O-ClosedLoopAlpha,Walker2d-v4,4
360448,loss,-0.033144086599349976,7.220285415649414,P3O-ClosedLoopAlpha,Walker2d-v4,4
360540,reward,3704,59.57950597001775,109.509,P3O-ClosedLoopAlpha,Walker2d-v4,4
360665,reward,3705,51.458146737688416,107.776,P3O-ClosedLoopAlpha,Walker2d-v4,4
360729,reward,3706,46.6133026549462,109.601,P3O-ClosedLoopAlpha,Walker2d-v4,4
360937,reward,3707,78.86056256991101,106.536,P3O-ClosedLoopAlpha,Walker2d-v4,4
361042,reward,3708,42.37594170786328,88.284,P3O-ClosedLoopAlpha,Walker2d-v4,4
361158,reward,3709,58.847602711530044,69.827,P3O-ClosedLoopAlpha,Walker2d-v4,4
361277,reward,3710,52.81033814392824,69.228,P3O-ClosedLoopAlpha,Walker2d-v4,4
361574,reward,3711,121.16680070018249,65.386,P3O-ClosedLoopAlpha,Walker2d-v4,4
361759,reward,3712,283.0991199461898,81.599,P3O-ClosedLoopAlpha,Walker2d-v4,4
362234,reward,3713,534.7502595222448,132.956,P3O-ClosedLoopAlpha,Walker2d-v4,4
362309,reward,3714,32.384327228869374,130.237,P3O-ClosedLoopAlpha,Walker2d-v4,4
362429,reward,3715,106.82894033380944,135.774,P3O-ClosedLoopAlpha,Walker2d-v4,4
362562,reward,3716,91.4779991824264,140.26,P3O-ClosedLoopAlpha,Walker2d-v4,4
362665,reward,3717,39.986692204377746,136.373,P3O-ClosedLoopAlpha,Walker2d-v4,4
362767,reward,3718,55.96040095874048,137.731,P3O-ClosedLoopAlpha,Walker2d-v4,4
362975,reward,3719,303.524902784202,162.199,P3O-ClosedLoopAlpha,Walker2d-v4,4
363255,reward,3720,187.76090399705544,175.694,P3O-ClosedLoopAlpha,Walker2d-v4,4
363327,reward,3721,64.73011057587026,170.05,P3O-ClosedLoopAlpha,Walker2d-v4,4
363362,reward,3722,29.65929692189174,144.706,P3O-ClosedLoopAlpha,Walker2d-v4,4
363497,reward,3723,152.39766259659123,106.471,P3O-ClosedLoopAlpha,Walker2d-v4,4
363551,reward,3724,23.41576308751351,105.574,P3O-ClosedLoopAlpha,Walker2d-v4,4
363781,reward,3725,191.81953396573985,114.073,P3O-ClosedLoopAlpha,Walker2d-v4,4
364025,reward,3726,368.73527342183905,141.799,P3O-ClosedLoopAlpha,Walker2d-v4,4
364405,reward,3727,121.22301216185981,149.923,P3O-ClosedLoopAlpha,Walker2d-v4,4
364493,reward,3728,34.41761696829015,147.768,P3O-ClosedLoopAlpha,Walker2d-v4,4
364645,reward,3729,56.504732567684144,123.066,P3O-ClosedLoopAlpha,Walker2d-v4,4
364781,reward,3730,235.44251571317363,127.835,P3O-ClosedLoopAlpha,Walker2d-v4,4
365114,reward,3731,243.70016731753637,145.732,P3O-ClosedLoopAlpha,Walker2d-v4,4
365177,reward,3732,11.482397854399393,143.914,P3O-ClosedLoopAlpha,Walker2d-v4,4
365321,reward,3733,241.93907861442574,152.868,P3O-ClosedLoopAlpha,Walker2d-v4,4
365360,reward,3734,14.23500831598589,151.95,P3O-ClosedLoopAlpha,Walker2d-v4,4
365468,reward,3735,78.46987261308966,140.615,P3O-ClosedLoopAlpha,Walker2d-v4,4
365659,reward,3736,346.1434927909236,138.356,P3O-ClosedLoopAlpha,Walker2d-v4,4
365864,reward,3737,362.55569218549647,162.489,P3O-ClosedLoopAlpha,Walker2d-v4,4
366070,reward,3738,122.96721989134195,171.344,P3O-ClosedLoopAlpha,Walker2d-v4,4
366174,reward,3739,75.89958422753449,173.284,P3O-ClosedLoopAlpha,Walker2d-v4,4
366299,reward,3740,49.78408749959093,154.718,P3O-ClosedLoopAlpha,Walker2d-v4,4
366388,reward,3741,67.55832731837089,137.103,P3O-ClosedLoopAlpha,Walker2d-v4,4
366444,reward,3742,31.290195307498514,139.084,P3O-ClosedLoopAlpha,Walker2d-v4,4
366514,reward,3743,46.875247768677376,119.578,P3O-ClosedLoopAlpha,Walker2d-v4,4
366757,reward,3744,356.65461173851156,153.82,P3O-ClosedLoopAlpha,Walker2d-v4,4
366835,reward,3745,1.2690726565128345,146.1,P3O-ClosedLoopAlpha,Walker2d-v4,4
366970,reward,3746,137.660282547514,125.251,P3O-ClosedLoopAlpha,Walker2d-v4,4
367007,reward,3747,15.83916191326535,90.58,P3O-ClosedLoopAlpha,Walker2d-v4,4
367129,reward,3748,98.78630460473022,88.162,P3O-ClosedLoopAlpha,Walker2d-v4,4
367204,reward,3749,28.833146495240968,83.455,P3O-ClosedLoopAlpha,Walker2d-v4,4
367298,reward,3750,49.38765144270594,83.415,P3O-ClosedLoopAlpha,Walker2d-v4,4
367486,reward,3751,268.93822359509403,103.553,P3O-ClosedLoopAlpha,Walker2d-v4,4
367628,reward,3752,-12.69721301910631,99.155,P3O-ClosedLoopAlpha,Walker2d-v4,4
367715,reward,3753,53.65433489899195,99.833,P3O-ClosedLoopAlpha,Walker2d-v4,4
367783,reward,3754,18.79790743900461,66.047,P3O-ClosedLoopAlpha,Walker2d-v4,4
367933,reward,3755,19.670774063765034,67.887,P3O-ClosedLoopAlpha,Walker2d-v4,4
368094,reward,3756,106.82778379862694,64.804,P3O-ClosedLoopAlpha,Walker2d-v4,4
368186,reward,3757,52.79036225943918,68.499,P3O-ClosedLoopAlpha,Walker2d-v4,4
368407,reward,3758,119.49330252211509,70.57,P3O-ClosedLoopAlpha,Walker2d-v4,4
368514,reward,3759,119.7342796252335,79.66,P3O-ClosedLoopAlpha,Walker2d-v4,4
368640,loss,-0.03580810874700546,9.812817573547363,P3O-ClosedLoopAlpha,Walker2d-v4,4
368893,reward,3760,212.60002233110322,95.981,P3O-ClosedLoopAlpha,Walker2d-v4,4
368959,reward,3761,43.30317887516162,73.417,P3O-ClosedLoopAlpha,Walker2d-v4,4
369026,reward,3762,33.85976303568059,78.073,P3O-ClosedLoopAlpha,Walker2d-v4,4
369225,reward,3763,331.6697799559391,105.875,P3O-ClosedLoopAlpha,Walker2d-v4,4
369354,reward,3764,81.13715581023548,112.109,P3O-ClosedLoopAlpha,Walker2d-v4,4
369489,reward,3765,234.2742130152396,133.569,P3O-ClosedLoopAlpha,Walker2d-v4,4
369647,reward,3766,269.2014470798036,149.806,P3O-ClosedLoopAlpha,Walker2d-v4,4
369709,reward,3767,55.01237491322678,150.029,P3O-ClosedLoopAlpha,Walker2d-v4,4
369854,reward,3768,-3.707450396333411,137.708,P3O-ClosedLoopAlpha,Walker2d-v4,4
370000,speed,2008.43,3.07,P3O-ClosedLoopAlpha,Walker2d-v4,4
370101,reward,3769,364.0027599092228,162.135,P3O-ClosedLoopAlpha,Walker2d-v4,4
370263,reward,3770,323.8347939067229,173.259,P3O-ClosedLoopAlpha,Walker2d-v4,4
370420,reward,3771,119.44881742617889,180.873,P3O-ClosedLoopAlpha,Walker2d-v4,4
370626,reward,3772,321.4560934201466,209.633,P3O-ClosedLoopAlpha,Walker2d-v4,4
370813,reward,3773,72.91287698620286,183.757,P3O-ClosedLoopAlpha,Walker2d-v4,4
370891,reward,3774,62.24223860967002,181.868,P3O-ClosedLoopAlpha,Walker2d-v4,4
371063,reward,3775,76.04523949511821,166.045,P3O-ClosedLoopAlpha,Walker2d-v4,4
371165,reward,3776,74.61458540109237,146.586,P3O-ClosedLoopAlpha,Walker2d-v4,4
371306,reward,3777,51.92256893189828,146.277,P3O-ClosedLoopAlpha,Walker2d-v4,4
371373,reward,3778,51.71631256835628,151.82,P3O-ClosedLoopAlpha,Walker2d-v4,4
371494,reward,3779,60.56673858483103,121.476,P3O-ClosedLoopAlpha,Walker2d-v4,4
371627,reward,3780,98.86618444416295,98.979,P3O-ClosedLoopAlpha,Walker2d-v4,4
371807,reward,3781,248.29606990388038,111.864,P3O-ClosedLoopAlpha,Walker2d-v4,4
372041,reward,3782,289.420035734796,108.66,P3O-ClosedLoopAlpha,Walker2d-v4,4
372154,reward,3783,176.19986055379425,118.989,P3O-ClosedLoopAlpha,Walker2d-v4,4
372281,reward,3784,32.111432829298664,115.976,P3O-ClosedLoopAlpha,Walker2d-v4,4
372429,reward,3785,60.86756010650454,114.458,P3O-ClosedLoopAlpha,Walker2d-v4,4
372653,reward,3786,113.19284832200111,118.316,P3O-ClosedLoopAlpha,Walker2d-v4,4
372814,reward,3787,-9.724473616186273,112.151,P3O-ClosedLoopAlpha,Walker2d-v4,4
372885,reward,3788,49.13504647573343,111.893,P3O-ClosedLoopAlpha,Walker2d-v4,4
373103,reward,3789,65.77670688330001,112.414,P3O-ClosedLoopAlpha,Walker2d-v4,4
373378,reward,3790,371.95820623553305,139.723,P3O-ClosedLoopAlpha,Walker2d-v4,4
373459,reward,3791,57.83338255120301,120.677,P3O-ClosedLoopAlpha,Walker2d-v4,4
373604,reward,3792,219.47017124174812,113.682,P3O-ClosedLoopAlpha,Walker2d-v4,4
373755,reward,3793,270.8455399367836,123.147,P3O-ClosedLoopAlpha,Walker2d-v4,4
373915,reward,3794,33.20276202074822,123.256,P3O-ClosedLoopAlpha,Walker2d-v4,4
374000,reward,3795,52.76297075353926,122.445,P3O-ClosedLoopAlpha,Walker2d-v4,4
374108,reward,3796,58.734751545138785,117.0,P3O-ClosedLoopAlpha,Walker2d-v4,4
374289,reward,3797,291.1710298830413,147.089,P3O-ClosedLoopAlpha,Walker2d-v4,4
374502,reward,3798,89.47411099940753,151.123,P3O-ClosedLoopAlpha,Walker2d-v4,4
374612,reward,3799,104.20169850662192,154.965,P3O-ClosedLoopAlpha,Walker2d-v4,4
375101,reward,3800,304.18423597617686,148.188,P3O-ClosedLoopAlpha,Walker2d-v4,4
375256,reward,3801,281.4200433903465,170.547,P3O-ClosedLoopAlpha,Walker2d-v4,4
375364,reward,3802,44.055034405583505,153.005,P3O-ClosedLoopAlpha,Walker2d-v4,4
375448,reward,3803,22.370873824542457,128.158,P3O-ClosedLoopAlpha,Walker2d-v4,4
375506,reward,3804,34.120975629794735,128.25,P3O-ClosedLoopAlpha,Walker2d-v4,4
375652,reward,3805,97.70797043281968,132.744,P3O-ClosedLoopAlpha,Walker2d-v4,4
375858,reward,3806,303.00645087764525,157.171,P3O-ClosedLoopAlpha,Walker2d-v4,4
376018,reward,3807,-31.904393544011512,124.864,P3O-ClosedLoopAlpha,Walker2d-v4,4
376137,reward,3808,9.576770693444885,116.874,P3O-ClosedLoopAlpha,Walker2d-v4,4
376254,reward,3809,203.970334571858,126.851,P3O-ClosedLoopAlpha,Walker2d-v4,4
376377,reward,3810,18.578293030409405,98.29,P3O-ClosedLoopAlpha,Walker2d-v4,4
376419,reward,3811,26.932098058031293,72.841,P3O-ClosedLoopAlpha,Walker2d-v4,4
376658,reward,3812,344.7102810369864,102.907,P3O-ClosedLoopAlpha,Walker2d-v4,4
376757,reward,3813,128.6600209507399,113.536,P3O-ClosedLoopAlpha,Walker2d-v4,4
376832,loss,-0.04537405073642731,6.7138471603393555,P3O-ClosedLoopAlpha,Walker2d-v4,4
376859,reward,3814,62.34533062490334,116.358,P3O-ClosedLoopAlpha,Walker2d-v4,4
377075,reward,3815,68.60285181934697,113.448,P3O-ClosedLoopAlpha,Walker2d-v4,4
377204,reward,3816,93.47488701927163,92.495,P3O-ClosedLoopAlpha,Walker2d-v4,4
377366,reward,3817,300.6976058921286,125.755,P3O-ClosedLoopAlpha,Walker2d-v4,4
377411,reward,3818,24.18045376825787,127.215,P3O-ClosedLoopAlpha,Walker2d-v4,4
377594,reward,3819,279.46635679853955,134.765,P3O-ClosedLoopAlpha,Walker2d-v4,4
377683,reward,3820,68.49237549449117,139.756,P3O-ClosedLoopAlpha,Walker2d-v4,4
377897,reward,3821,139.85672480932507,151.049,P3O-ClosedLoopAlpha,Walker2d-v4,4
378151,reward,3822,51.06288260288561,121.684,P3O-ClosedLoopAlpha,Walker2d-v4,4
378296,reward,3823,62.67079739466537,115.085,P3O-ClosedLoopAlpha,Walker2d-v4,4
378369,reward,3824,50.82934195967697,113.933,P3O-ClosedLoopAlpha,Walker2d-v4,4
378707,reward,3825,225.57141345028924,129.63,P3O-ClosedLoopAlpha,Walker2d-v4,4
378847,reward,3826,14.480562721812644,121.731,P3O-ClosedLoopAlpha,Walker2d-v4,4
379046,reward,3827,338.5599750542342,125.517,P3O-ClosedLoopAlpha,Walker2d-v4,4
379241,reward,3828,154.71990369764328,138.571,P3O-ClosedLoopAlpha,Walker2d-v4,4
379349,reward,3829,53.76880020306875,116.001,P3O-ClosedLoopAlpha,Walker2d-v4,4
379424,reward,3830,70.55036346342155,116.207,P3O-ClosedLoopAlpha,Walker2d-v4,4
379648,reward,3831,117.71102725715922,113.993,P3O-ClosedLoopAlpha,Walker2d-v4,4
379824,reward,3832,267.3363360635552,135.62,P3O-ClosedLoopAlpha,Walker2d-v4,4
379943,reward,3833,179.64982348424493,147.318,P3O-ClosedLoopAlpha,Walker2d-v4,4
379988,reward,3834,36.40812247988815,145.876,P3O-ClosedLoopAlpha,Walker2d-v4,4
380000,speed,2033.1,3.15,P3O-ClosedLoopAlpha,Walker2d-v4,4
380000,sbp,0.4,0.2444,0.344,P3O-ClosedLoopAlpha,Walker2d-v4,4,0.01724,1,2.073282,0.984139,0.015899,0.037586,8.464866,8.490537,1.106697,-0.577012,0.003033,0.905349,1.289527,0.016262,0.003258,1,event,0.016784,0.025,0.581066,-0.32865,0.15,0.016784,0.016784,0.016784,0.018958,0.01897,0.018964,0,0.0,0.0,0.0
380103,reward,3835,106.74713799679346,133.993,P3O-ClosedLoopAlpha,Walker2d-v4,4
380441,reward,3836,148.99446167349282,147.445,P3O-ClosedLoopAlpha,Walker2d-v4,4
380580,reward,3837,65.85145186485279,120.174,P3O-ClosedLoopAlpha,Walker2d-v4,4
380720,reward,3838,36.378409385780465,108.34,P3O-ClosedLoopAlpha,Walker2d-v4,4
380893,reward,3839,287.25161611875967,131.688,P3O-ClosedLoopAlpha,Walker2d-v4,4
380957,reward,3840,65.31450963354223,131.164,P3O-ClosedLoopAlpha,Walker2d-v4,4
381177,reward,3841,181.10131882424565,137.503,P3O-ClosedLoopAlpha,Walker2d-v4,4
381241,reward,3842,59.035112124000456,116.673,P3O-ClosedLoopAlpha,Walker2d-v4,4
381342,reward,3843,21.719413432733724,100.88,P3O-ClosedLoopAlpha,Walker2d-v4,4
381461,reward,3844,48.20785291069141,102.06,P3O-ClosedLoopAlpha,Walker2d-v4,4
381509,reward,3845,46.623384446128355,96.048,P3O-ClosedLoopAlpha,Walker2d-v4,4
381850,reward,3846,256.5482792833401,106.803,P3O-ClosedLoopAlpha,Walker2d-v4,4
382089,reward,3847,132.67172706486767,113.485,P3O-ClosedLoopAlpha,Walker2d-v4,4
382284,reward,3848,239.39590218546525,133.787,P3O-ClosedLoopAlpha,Walker2d-v4,4
382539,reward,3849,382.96218324706086,143.358,P3O-ClosedLoopAlpha,Walker2d-v4,4
382664,reward,3850,123.14214696670442,149.141,P3O-ClosedLoopAlpha,Walker2d-v4,4
382734,reward,3851,49.077910328627084,135.938,P3O-ClosedLoopAlpha,Walker2d-v4,4
382945,reward,3852,132.18625530915946,143.254,P3O-ClosedLoopAlpha,Walker2d-v4,4
383075,reward,3853,112.90489523759244,152.372,P3O-ClosedLoopAlpha,Walker2d-v4,4
383309,reward,3854,328.1966947120092,180.371,P3O-ClosedLoopAlpha,Walker2d-v4,4
383493,reward,3855,103.43293980704583,186.052,P3O-ClosedLoopAlpha,Walker2d-v4,4
383775,reward,3856,279.7210905989273,188.369,P3O-ClosedLoopAlpha,Walker2d-v4,4
383952,reward,3857,119.74443050107038,187.076,P3O-ClosedLoopAlpha,Walker2d-v4,4
384010,reward,3858,43.7656308584449,167.513,P3O-ClosedLoopAlpha,Walker2d-v4,4
384231,reward,3859,340.474499224564,163.265,P3O-ClosedLoopAlpha,Walker2d-v4,4
384383,reward,3860,48.35951071869603,155.786,P3O-ClosedLoopAlpha,Walker2d-v4,4
384608,reward,3861,148.38377116667482,165.717,P3O-ClosedLoopAlpha,Walker2d-v4,4
384732,reward,3862,123.67965647580534,164.866,P3O-ClosedLoopAlpha,Walker2d-v4,4
384916,reward,3863,62.24082838847103,159.8,P3O-ClosedLoopAlpha,Walker2d-v4,4
385024,loss,-0.032983217388391495,6.54902982711792,P3O-ClosedLoopAlpha,Walker2d-v4,4
385116,reward,3864,311.05812818359306,158.086,P3O-ClosedLoopAlpha,Walker2d-v4,4
385210,reward,3865,87.57839266616557,156.501,P3O-ClosedLoopAlpha,Walker2d-v4,4
385296,reward,3866,101.50957586483578,138.679,P3O-ClosedLoopAlpha,Walker2d-v4,4
385397,reward,3867,87.03245040608468,135.408,P3O-ClosedLoopAlpha,Walker2d-v4,4
385527,reward,3868,18.590808599429057,132.891,P3O-ClosedLoopAlpha,Walker2d-v4,4
385669,reward,3869,111.82365111069063,110.026,P3O-ClosedLoopAlpha,Walker2d-v4,4
385796,reward,3870,116.41623655952662,116.831,P3O-ClosedLoopAlpha,Walker2d-v4,4
385832,reward,3871,33.09254138848661,105.302,P3O-ClosedLoopAlpha,Walker2d-v4,4
385959,reward,3872,3.1676489956085594,93.251,P3O-ClosedLoopAlpha,Walker2d-v4,4
386112,reward,3873,63.17909564166731,93.345,P3O-ClosedLoopAlpha,Walker2d-v4,4
386348,reward,3874,354.16865928172973,97.656,P3O-ClosedLoopAlpha,Walker2d-v4,4
386609,reward,3875,131.84759901802983,102.083,P3O-ClosedLoopAlpha,Walker2d-v4,4
386794,reward,3876,270.4318066482779,118.975,P3O-ClosedLoopAlpha,Walker2d-v4,4
386852,reward,3877,46.31357246815055,114.903,P3O-ClosedLoopAlpha,Walker2d-v4,4
386947,reward,3878,151.87803914904367,128.232,P3O-ClosedLoopAlpha,Walker2d-v4,4
387052,reward,3879,30.32083131474574,120.082,P3O-ClosedLoopAlpha,Walker2d-v4,4
387080,reward,3880,9.994953025786346,109.439,P3O-ClosedLoopAlpha,Walker2d-v4,4
387174,reward,3881,16.206055980327626,107.751,P3O-ClosedLoopAlpha,Walker2d-v4,4
387268,reward,3882,53.75219980381684,112.809,P3O-ClosedLoopAlpha,Walker2d-v4,4
387409,reward,3883,74.28268628695503,113.92,P3O-ClosedLoopAlpha,Walker2d-v4,4
387745,reward,3884,152.365045601853,93.739,P3O-ClosedLoopAlpha,Walker2d-v4,4
387929,reward,3885,-22.743790665839022,78.28,P3O-ClosedLoopAlpha,Walker2d-v4,4
387997,reward,3886,55.727821799348646,56.81,P3O-ClosedLoopAlpha,Walker2d-v4,4
388198,reward,3887,291.0209062507187,81.28,P3O-ClosedLoopAlpha,Walker2d-v4,4
388389,reward,3888,173.44403675219942,83.437,P3O-ClosedLoopAlpha,Walker2d-v4,4
388772,reward,3889,309.80156858591596,111.385,P3O-ClosedLoopAlpha,Walker2d-v4,4
388918,reward,3890,144.4553932372198,124.831,P3O-ClosedLoopAlpha,Walker2d-v4,4
389059,reward,3891,37.523003085966586,126.963,P3O-ClosedLoopAlpha,Walker2d-v4,4
389188,reward,3892,60.11384221587648,127.599,P3O-ClosedLoopAlpha,Walker2d-v4,4
389255,reward,3893,56.72251738953448,125.843,P3O-ClosedLoopAlpha,Walker2d-v4,4
389361,reward,3894,60.04678387782532,116.611,P3O-ClosedLoopAlpha,Walker2d-v4,4
389655,reward,3895,372.7518967736349,156.161,P3O-ClosedLoopAlpha,Walker2d-v4,4
389981,reward,3896,117.90091520710622,162.378,P3O-ClosedLoopAlpha,Walker2d-v4,4
390000,speed,2046.76,3.23,P3O-ClosedLoopAlpha,Walker2d-v4,4
390086,reward,3897,160.22654609950854,149.299,P3O-ClosedLoopAlpha,Walker2d-v4,4
390186,reward,3898,65.86563790618004,138.541,P3O-ClosedLoopAlpha,Walker2d-v4,4
390342,reward,3899,39.79392726074233,111.54,P3O-ClosedLoopAlpha,Walker2d-v4,4
390429,reward,3900,36.624539149327184,100.757,P3O-ClosedLoopAlpha,Walker2d-v4,4
390484,reward,3901,36.66215582154565,100.671,P3O-ClosedLoopAlpha,Walker2d-v4,4
390626,reward,3902,29.36866089997198,97.596,P3O-ClosedLoopAlpha,Walker2d-v4,4
390832,reward,3903,335.1780495164022,125.442,P3O-ClosedLoopAlpha,Walker2d-v4,4
390972,reward,3904,7.478735606430337,120.185,P3O-ClosedLoopAlpha,Walker2d-v4,4
391054,reward,3905,50.07376555166083,87.917,P3O-ClosedLoopAlpha,Walker2d-v4,4
391327,reward,3906,158.302209288087,91.957,P3O-ClosedLoopAlpha,Walker2d-v4,4
391461,reward,3907,52.92317923228739,81.227,P3O-ClosedLoopAlpha,Walker2d-v4,4
391557,reward,3908,77.26834742514681,82.367,P3O-ClosedLoopAlpha,Walker2d-v4,4
391614,reward,3909,48.186842721308885,83.207,P3O-ClosedLoopAlpha,Walker2d-v4,4
391739,reward,3910,56.13011474908294,85.157,P3O-ClosedLoopAlpha,Walker2d-v4,4
391864,reward,3911,77.03958587110267,89.195,P3O-ClosedLoopAlpha,Walker2d-v4,4
391926,reward,3912,14.174582422849541,87.676,P3O-ClosedLoopAlpha,Walker2d-v4,4
392028,reward,3913,63.1755017392729,60.475,P3O-ClosedLoopAlpha,Walker2d-v4,4
392348,reward,3914,512.2755617063852,110.955,P3O-ClosedLoopAlpha,Walker2d-v4,4
392545,reward,3915,97.2630809423341,115.674,P3O-ClosedLoopAlpha,Walker2d-v4,4
392577,reward,3916,25.137109118003963,102.357,P3O-ClosedLoopAlpha,Walker2d-v4,4
392656,reward,3917,80.56130925240593,105.121,P3O-ClosedLoopAlpha,Walker2d-v4,4
392735,reward,3918,40.51463279890655,101.446,P3O-ClosedLoopAlpha,Walker2d-v4,4
392844,reward,3919,49.00638141092279,101.528,P3O-ClosedLoopAlpha,Walker2d-v4,4
392958,reward,3920,214.44330821321896,117.359,P3O-ClosedLoopAlpha,Walker2d-v4,4
393035,reward,3921,56.972369904443354,115.352,P3O-ClosedLoopAlpha,Walker2d-v4,4
393208,reward,3922,69.40272478085882,120.875,P3O-ClosedLoopAlpha,Walker2d-v4,4
393216,loss,-0.038946717977523804,6.951125621795654,P3O-ClosedLoopAlpha,Walker2d-v4,4
393413,reward,3923,259.4486269657455,140.503,P3O-ClosedLoopAlpha,Walker2d-v4,4
393447,reward,3924,16.689361286721198,90.944,P3O-ClosedLoopAlpha,Walker2d-v4,4
393588,reward,3925,120.96785669193812,93.314,P3O-ClosedLoopAlpha,Walker2d-v4,4
393803,reward,3926,326.364202514623,123.437,P3O-ClosedLoopAlpha,Walker2d-v4,4
393981,reward,3927,47.68375937021559,120.149,P3O-ClosedLoopAlpha,Walker2d-v4,4
394187,reward,3928,181.4296786146855,134.241,P3O-ClosedLoopAlpha,Walker2d-v4,4
394305,reward,3929,94.06237263805694,138.746,P3O-ClosedLoopAlpha,Walker2d-v4,4
394400,reward,3930,26.29684379945184,119.932,P3O-ClosedLoopAlpha,Walker2d-v4,4
394519,reward,3931,199.48207017907137,134.183,P3O-ClosedLoopAlpha,Walker2d-v4,4
394722,reward,3932,262.2066338279164,153.463,P3O-ClosedLoopAlpha,Walker2d-v4,4
394815,reward,3933,79.38040579306208,135.456,P3O-ClosedLoopAlpha,Walker2d-v4,4
394934,reward,3934,106.48923205585841,144.436,P3O-ClosedLoopAlpha,Walker2d-v4,4
395060,reward,3935,32.63926744455113,135.603,P3O-ClosedLoopAlpha,Walker2d-v4,4
395152,reward,3936,21.42761351107778,105.11,P3O-ClosedLoopAlpha,Walker2d-v4,4
395278,reward,3937,14.056171652521396,101.747,P3O-ClosedLoopAlpha,Walker2d-v4,4
395521,reward,3938,296.9517368543964,113.299,P3O-ClosedLoopAlpha,Walker2d-v4,4
395718,reward,3939,264.77979750529164,130.371,P3O-ClosedLoopAlpha,Walker2d-v4,4
395932,reward,3940,178.85074987657916,145.626,P3O-ClosedLoopAlpha,Walker2d-v4,4
396055,reward,3941,80.62876344408777,133.741,P3O-ClosedLoopAlpha,Walker2d-v4,4
396129,reward,3942,31.36993846801412,110.657,P3O-ClosedLoopAlpha,Walker2d-v4,4
396309,reward,3943,251.71386041210428,127.891,P3O-ClosedLoopAlpha,Walker2d-v4,4
396509,reward,3944,102.55717329834111,127.498,P3O-ClosedLoopAlpha,Walker2d-v4,4
396590,reward,3945,70.4350147963103,131.277,P3O-ClosedLoopAlpha,Walker2d-v4,4
396722,reward,3946,63.31088046223394,135.465,P3O-ClosedLoopAlpha,Walker2d-v4,4
396857,reward,3947,255.85542462243006,159.645,P3O-ClosedLoopAlpha,Walker2d-v4,4
396933,reward,3948,39.29579951539593,133.88,P3O-ClosedLoopAlpha,Walker2d-v4,4
397126,reward,3949,223.4933434056265,129.751,P3O-ClosedLoopAlpha,Walker2d-v4,4
397252,reward,3950,77.54428933816327,119.62,P3O-ClosedLoopAlpha,Walker2d-v4,4
397410,reward,3951,43.16858262942387,115.874,P3O-ClosedLoopAlpha,Walker2d-v4,4
397658,reward,3952,178.9240914656504,130.63,P3O-ClosedLoopAlpha,Walker2d-v4,4
397801,reward,3953,148.58987138453531,120.317,P3O-ClosedLoopAlpha,Walker2d-v4,4
397945,reward,3954,64.0837656406033,116.47,P3O-ClosedLoopAlpha,Walker2d-v4,4
398257,reward,3955,449.8013384265336,154.407,P3O-ClosedLoopAlpha,Walker2d-v4,4
398384,reward,3956,9.366611472821585,149.012,P3O-ClosedLoopAlpha,Walker2d-v4,4
398512,reward,3957,3.1674301762601536,123.744,P3O-ClosedLoopAlpha,Walker2d-v4,4
398612,reward,3958,98.81991960848877,129.696,P3O-ClosedLoopAlpha,Walker2d-v4,4
398662,reward,3959,27.418803733948614,110.088,P3O-ClosedLoopAlpha,Walker2d-v4,4
398801,reward,3960,16.294318132924637,103.963,P3O-ClosedLoopAlpha,Walker2d-v4,4
398947,reward,3961,190.51657929588586,118.698,P3O-ClosedLoopAlpha,Walker2d-v4,4
399035,reward,3962,66.62342164970335,107.468,P3O-ClosedLoopAlpha,Walker2d-v4,4
399329,reward,3963,147.15140999868288,107.324,P3O-ClosedLoopAlpha,Walker2d-v4,4
399408,reward,3964,45.7716304188063,105.493,P3O-ClosedLoopAlpha,Walker2d-v4,4
399578,reward,3965,133.6211307655817,73.875,P3O-ClosedLoopAlpha,Walker2d-v4,4
399719,reward,3966,57.06491447608439,78.645,P3O-ClosedLoopAlpha,Walker2d-v4,4
399822,reward,3967,-0.12082554592764039,78.316,P3O-ClosedLoopAlpha,Walker2d-v4,4
399940,reward,3968,61.70949774265128,74.605,P3O-ClosedLoopAlpha,Walker2d-v4,4
400000,speed,2048.36,3.31,P3O-ClosedLoopAlpha,Walker2d-v4,4
400000,sbp,0.4,0.2333,0.3331,P3O-ClosedLoopAlpha,Walker2d-v4,4,0.01676,1,2.051833,1.003633,0.015944,0.037159,8.46526,8.490068,1.044405,-0.570934,0.002931,0.845165,1.316353,0.00777,0.001514,1,event,0.007769,0.025,0.556943,-0.68923,0.15,0.007769,0.007769,0.007769,0.018652,0.018663,0.018658,0,0.0,0.0,0.0
400180,reward,3969,389.4565076464362,110.809,P3O-ClosedLoopAlpha,Walker2d-v4,4
400452,reward,3970,182.4319891166486,127.423,P3O-ClosedLoopAlpha,Walker2d-v4,4
400586,reward,3971,124.8468179708081,120.856,P3O-ClosedLoopAlpha,Walker2d-v4,4
400772,reward,3972,135.1771725896928,127.711,P3O-ClosedLoopAlpha,Walker2d-v4,4
400879,reward,3973,166.82765324633493,129.679,P3O-ClosedLoopAlpha,Walker2d-v4,4
401032,reward,3974,300.5239960386318,155.154,P3O-ClosedLoopAlpha,Walker2d-v4,4
401151,reward,3975,91.82943670650539,150.975,P3O-ClosedLoopAlpha,Walker2d-v4,4
401281,reward,3976,102.65012226290861,155.533,P3O-ClosedLoopAlpha,Walker2d-v4,4
401383,reward,3977,38.70500903498353,159.416,P3O-ClosedLoopAlpha,Walker2d-v4,4
401408,loss,-0.035744305700063705,4.19681978225708,P3O-ClosedLoopAlpha,Walker2d-v4,4
401701,reward,3978,230.23677962518173,176.269,P3O-ClosedLoopAlpha,Walker2d-v4,4
401768,reward,3979,47.45858788733079,142.069,P3O-ClosedLoopAlpha,Walker2d-v4,4
401822,reward,3980,34.929349179791856,127.318,P3O-ClosedLoopAlpha,Walker2d-v4,4
401932,reward,3981,201.40755654567437,134.975,P3O-ClosedLoopAlpha,Walker2d-v4,4
402134,reward,3982,148.87866629244323,136.345,P3O-ClosedLoopAlpha,Walker2d-v4,4
402171,reward,3983,14.91987708919883,121.154,P3O-ClosedLoopAlpha,Walker2d-v4,4
402326,reward,3984,92.15787821257241,100.317,P3O-ClosedLoopAlpha,Walker2d-v4,4
402404,reward,3985,48.700500643352875,96.004,P3O-ClosedLoopAlpha,Walker2d-v4,4
402506,reward,3986,66.19866901820549,92.359,P3O-ClosedLoopAlpha,Walker2d-v4,4
402572,reward,3987,62.17880428536769,94.707,P3O-ClosedLoopAlpha,Walker2d-v4,4
402685,reward,3988,109.34033700083717,82.617,P3O-ClosedLoopAlpha,Walker2d-v4,4
402772,reward,3989,63.63116198628968,84.234,P3O-ClosedLoopAlpha,Walker2d-v4,4
402900,reward,3990,22.272895185182236,82.969,P3O-ClosedLoopAlpha,Walker2d-v4,4
402999,reward,3991,10.001985800411124,63.828,P3O-ClosedLoopAlpha,Walker2d-v4,4
403175,reward,3992,55.9844500703838,54.539,P3O-ClosedLoopAlpha,Walker2d-v4,4
403226,reward,3993,29.781129499141112,56.025,P3O-ClosedLoopAlpha,Walker2d-v4,4
403339,reward,3994,95.64159343434049,56.373,P3O-ClosedLoopAlpha,Walker2d-v4,4
403622,reward,3995,305.25300721510933,82.028,P3O-ClosedLoopAlpha,Walker2d-v4,4
403715,reward,3996,82.72136029277607,83.681,P3O-ClosedLoopAlpha,Walker2d-v4,4
403795,reward,3997,26.366679777822313,80.099,P3O-ClosedLoopAlpha,Walker2d-v4,4
403891,reward,3998,31.310004521653493,72.296,P3O-ClosedLoopAlpha,Walker2d-v4,4
403921,reward,3999,20.278986814825263,67.961,P3O-ClosedLoopAlpha,Walker2d-v4,4
403953,reward,4000,21.707640907496106,67.905,P3O-ClosedLoopAlpha,Walker2d-v4,4
404062,reward,4001,28.6046095355538,69.765,P3O-ClosedLoopAlpha,Walker2d-v4,4
404117,reward,4002,55.022098564642846,69.669,P3O-ClosedLoopAlpha,Walker2d-v4,4
404212,reward,4003,56.459148347119864,72.337,P3O-ClosedLoopAlpha,Walker2d-v4,4
404269,reward,4004,9.687424692818006,63.741,P3O-ClosedLoopAlpha,Walker2d-v4,4
404499,reward,4005,349.202205015789,68.136,P3O-ClosedLoopAlpha,Walker2d-v4,4
404621,reward,4006,74.42509691814128,67.306,P3O-ClosedLoopAlpha,Walker2d-v4,4
404710,reward,4007,49.340803064440074,69.604,P3O-ClosedLoopAlpha,Walker2d-v4,4
404788,reward,4008,53.03166572502288,71.776,P3O-ClosedLoopAlpha,Walker2d-v4,4
404860,reward,4009,57.239570387164925,75.472,P3O-ClosedLoopAlpha,Walker2d-v4,4
404914,reward,4010,22.697591415484165,75.571,P3O-ClosedLoopAlpha,Walker2d-v4,4
405170,reward,4011,329.4133390552757,105.652,P3O-ClosedLoopAlpha,Walker2d-v4,4
405216,reward,4012,38.50931918224869,104.001,P3O-ClosedLoopAlpha,Walker2d-v4,4
405385,reward,4013,140.6660557797313,112.421,P3O-ClosedLoopAlpha,Walker2d-v4,4
405549,reward,4014,168.17594470444672,128.27,P3O-ClosedLoopAlpha,Walker2d-v4,4
405650,reward,4015,17.145140830656537,95.064,P3O-ClosedLoopAlpha,Walker2d-v4,4
405857,reward,4016,83.10993878310909,95.933,P3O-ClosedLoopAlpha,Walker2d-v4,4
405901,reward,4017,27.44381915824368,93.743,P3O-ClosedLoopAlpha,Walker2d-v4,4
406125,reward,4018,276.50097731746985,116.09,P3O-ClosedLoopAlpha,Walker2d-v4,4
406172,reward,4019,28.911351531969274,113.257,P3O-ClosedLoopAlpha,Walker2d-v4,4
406342,reward,4020,45.942180268546196,115.582,P3O-ClosedLoopAlpha,Walker2d-v4,4
406438,reward,4021,46.65745093176296,87.306,P3O-ClosedLoopAlpha,Walker2d-v4,4
406611,reward,4022,276.2911080392081,111.084,P3O-ClosedLoopAlpha,Walker2d-v4,4
406698,reward,4023,24.26722071136835,99.445,P3O-ClosedLoopAlpha,Walker2d-v4,4
406841,reward,4024,103.19004171524645,92.946,P3O-ClosedLoopAlpha,Walker2d-v4,4
407025,reward,4025,88.12446196149818,100.044,P3O-ClosedLoopAlpha,Walker2d-v4,4
407211,reward,4026,245.32018114210777,116.265,P3O-ClosedLoopAlpha,Walker2d-v4,4
407345,reward,4027,44.83989992137624,118.004,P3O-ClosedLoopAlpha,Walker2d-v4,4
407527,reward,4028,135.73877745243976,103.928,P3O-ClosedLoopAlpha,Walker2d-v4,4
407611,reward,4029,47.487719652741795,105.786,P3O-ClosedLoopAlpha,Walker2d-v4,4
407778,reward,4030,147.17026491804597,115.909,P3O-ClosedLoopAlpha,Walker2d-v4,4
407982,reward,4031,202.9855804726174,131.542,P3O-ClosedLoopAlpha,Walker2d-v4,4
408091,reward,4032,18.105378919962032,105.723,P3O-ClosedLoopAlpha,Walker2d-v4,4
408168,reward,4033,69.34630916305933,110.231,P3O-ClosedLoopAlpha,Walker2d-v4,4
408281,reward,4034,106.89076187093413,110.601,P3O-ClosedLoopAlpha,Walker2d-v4,4
408333,reward,4035,40.253472534659934,105.814,P3O-ClosedLoopAlpha,Walker2d-v4,4
408441,reward,4036,61.05977032964629,87.388,P3O-ClosedLoopAlpha,Walker2d-v4,4
408755,reward,4037,440.9572907286873,127.0,P3O-ClosedLoopAlpha,Walker2d-v4,4
408823,reward,4038,55.42424056137104,118.968,P3O-ClosedLoopAlpha,Walker2d-v4,4
408925,reward,4039,92.0725729907143,123.427,P3O-ClosedLoopAlpha,Walker2d-v4,4
408967,reward,4040,32.59405708966126,111.969,P3O-ClosedLoopAlpha,Walker2d-v4,4
409024,reward,4041,36.66684664737355,95.337,P3O-ClosedLoopAlpha,Walker2d-v4,4
409110,reward,4042,75.00274840388725,101.027,P3O-ClosedLoopAlpha,Walker2d-v4,4
409253,reward,4043,55.83447480452081,99.676,P3O-ClosedLoopAlpha,Walker2d-v4,4
409333,reward,4044,44.49430125356746,93.436,P3O-ClosedLoopAlpha,Walker2d-v4,4
409527,reward,4045,315.0490452947717,120.916,P3O-ClosedLoopAlpha,Walker2d-v4,4
409600,loss,-0.0422300323843956,8.682120323181152,P3O-ClosedLoopAlpha,Walker2d-v4,4
409695,reward,4046,169.81774847342592,131.791,P3O-ClosedLoopAlpha,Walker2d-v4,4
409851,reward,4047,163.9315799042411,104.089,P3O-ClosedLoopAlpha,Walker2d-v4,4
409964,reward,4048,17.991546849072563,100.345,P3O-ClosedLoopAlpha,Walker2d-v4,4
410000,speed,1954.07,3.4,P3O-ClosedLoopAlpha,Walker2d-v4,4
410037,reward,4049,30.067569724291396,94.145,P3O-ClosedLoopAlpha,Walker2d-v4,4
410213,reward,4050,100.32396660385703,100.918,P3O-ClosedLoopAlpha,Walker2d-v4,4
410529,reward,4051,262.5192119133901,123.503,P3O-ClosedLoopAlpha,Walker2d-v4,4
410664,reward,4052,186.03434989571744,134.606,P3O-ClosedLoopAlpha,Walker2d-v4,4
410783,reward,4053,75.55671304408511,136.579,P3O-ClosedLoopAlpha,Walker2d-v4,4
410885,reward,4054,67.09494416200927,138.839,P3O-ClosedLoopAlpha,Walker2d-v4,4
411026,reward,4055,69.81541153528046,114.315,P3O-ClosedLoopAlpha,Walker2d-v4,4
411105,reward,4056,22.18748774235931,99.552,P3O-ClosedLoopAlpha,Walker2d-v4,4
411184,reward,4057,43.11755400761465,87.471,P3O-ClosedLoopAlpha,Walker2d-v4,4
411316,reward,4058,142.93305645366505,99.965,P3O-ClosedLoopAlpha,Walker2d-v4,4
411466,reward,4059,116.68740495481782,108.627,P3O-ClosedLoopAlpha,Walker2d-v4,4
411564,reward,4060,22.309936418624645,100.826,P3O-ClosedLoopAlpha,Walker2d-v4,4
411740,reward,4061,139.2007085313741,88.494,P3O-ClosedLoopAlpha,Walker2d-v4,4
411873,reward,4062,41.94241124858197,74.085,P3O-ClosedLoopAlpha,Walker2d-v4,4
412166,reward,4063,173.8136343132601,83.91,P3O-ClosedLoopAlpha,Walker2d-v4,4
412252,reward,4064,43.979836069748146,81.599,P3O-ClosedLoopAlpha,Walker2d-v4,4
412406,reward,4065,226.11963539269033,97.229,P3O-ClosedLoopAlpha,Walker2d-v4,4
412597,reward,4066,293.4425282058522,124.355,P3O-ClosedLoopAlpha,Walker2d-v4,4
412825,reward,4067,269.9493999861727,147.038,P3O-ClosedLoopAlpha,Walker2d-v4,4
412979,reward,4068,31.69684945143192,135.914,P3O-ClosedLoopAlpha,Walker2d-v4,4
413064,reward,4069,59.90026223433353,130.236,P3O-ClosedLoopAlpha,Walker2d-v4,4
413122,reward,4070,37.02643820163781,131.707,P3O-ClosedLoopAlpha,Walker2d-v4,4
413284,reward,4071,154.2658006097242,133.214,P3O-ClosedLoopAlpha,Walker2d-v4,4
413509,reward,4072,116.34490996871536,140.654,P3O-ClosedLoopAlpha,Walker2d-v4,4
413684,reward,4073,232.2418520468614,146.497,P3O-ClosedLoopAlpha,Walker2d-v4,4
413726,reward,4074,30.192658514754843,145.118,P3O-ClosedLoopAlpha,Walker2d-v4,4
413797,reward,4075,66.26711468870401,129.133,P3O-ClosedLoopAlpha,Walker2d-v4,4
414062,reward,4076,236.43120928421573,123.432,P3O-ClosedLoopAlpha,Walker2d-v4,4
414356,reward,4077,181.87181060758357,114.624,P3O-ClosedLoopAlpha,Walker2d-v4,4
414508,reward,4078,163.4183186665781,127.796,P3O-ClosedLoopAlpha,Walker2d-v4,4
414587,reward,4079,30.114910372542518,124.818,P3O-ClosedLoopAlpha,Walker2d-v4,4
414746,reward,4080,72.95972173865844,128.411,P3O-ClosedLoopAlpha,Walker2d-v4,4
415022,reward,4081,220.69651857997266,135.054,P3O-ClosedLoopAlpha,Walker2d-v4,4
415192,reward,4082,232.7972065898673,146.699,P3O-ClosedLoopAlpha,Walker2d-v4,4
415257,reward,4083,43.43610500598662,127.819,P3O-ClosedLoopAlpha,Walker2d-v4,4
415411,reward,4084,171.55473566826873,141.955,P3O-ClosedLoopAlpha,Walker2d-v4,4
415546,reward,4085,32.46595923095667,138.575,P3O-ClosedLoopAlpha,Walker2d-v4,4
415890,reward,4086,321.27441345005366,147.059,P3O-ClosedLoopAlpha,Walker2d-v4,4
415933,reward,4087,36.80375681477972,132.552,P3O-ClosedLoopAlpha,Walker2d-v4,4
415985,reward,4088,32.761587159559184,119.486,P3O-ClosedLoopAlpha,Walker2d-v4,4
416127,reward,4089,42.0723660226218,120.682,P3O-ClosedLoopAlpha,Walker2d-v4,4
416224,reward,4090,85.46822710737612,121.933,P3O-ClosedLoopAlpha,Walker2d-v4,4
416272,reward,4091,34.16080851271116,103.28,P3O-ClosedLoopAlpha,Walker2d-v4,4
416496,reward,4092,88.20153371204927,88.82,P3O-ClosedLoopAlpha,Walker2d-v4,4
416603,reward,4093,38.32173317071042,88.309,P3O-ClosedLoopAlpha,Walker2d-v4,4
416721,reward,4094,183.35891341822474,89.489,P3O-ClosedLoopAlpha,Walker2d-v4,4
416850,reward,4095,74.11726041102445,93.654,P3O-ClosedLoopAlpha,Walker2d-v4,4
416961,reward,4096,45.07398131271452,66.034,P3O-ClosedLoopAlpha,Walker2d-v4,4
417172,reward,4097,95.72064308989223,71.926,P3O-ClosedLoopAlpha,Walker2d-v4,4
417354,reward,4098,246.24505380434715,93.274,P3O-ClosedLoopAlpha,Walker2d-v4,4
417644,reward,4099,378.6313242709401,126.93,P3O-ClosedLoopAlpha,Walker2d-v4,4
417751,reward,4100,-5.942502022114163,117.789,P3O-ClosedLoopAlpha,Walker2d-v4,4
417792,loss,-0.021705839782953262,10.089739799499512,P3O-ClosedLoopAlpha,Walker2d-v4,4
417888,reward,4101,164.41420450689174,130.814,P3O-ClosedLoopAlpha,Walker2d-v4,4
418071,reward,4102,85.24884499503271,130.519,P3O-ClosedLoopAlpha,Walker2d-v4,4
418274,reward,4103,170.87418096011328,143.774,P3O-ClosedLoopAlpha,Walker2d-v4,4
418472,reward,4104,331.1140588746323,158.55,P3O-ClosedLoopAlpha,Walker2d-v4,4
418589,reward,4105,199.4596732177243,171.084,P3O-ClosedLoopAlpha,Walker2d-v4,4
418796,reward,4106,328.55950051918177,199.432,P3O-ClosedLoopAlpha,Walker2d-v4,4
418943,reward,4107,219.82053504022565,211.842,P3O-ClosedLoopAlpha,Walker2d-v4,4
419060,reward,4108,80.22951928440406,195.241,P3O-ClosedLoopAlpha,Walker2d-v4,4
419096,reward,4109,23.03367411124578,159.681,P3O-ClosedLoopAlpha,Walker2d-v4,4
419157,reward,4110,47.98391399217468,165.074,P3O-ClosedLoopAlpha,Walker2d-v4,4
419304,reward,4111,70.28665548637424,155.661,P3O-ClosedLoopAlpha,Walker2d-v4,4
419468,reward,4112,72.2471136029492,154.361,P3O-ClosedLoopAlpha,Walker2d-v4,4
419605,reward,4113,220.99110959999496,159.373,P3O-ClosedLoopAlpha,Walker2d-v4,4
419745,reward,4114,189.62351970983414,145.224,P3O-ClosedLoopAlpha,Walker2d-v4,4
419940,reward,4115,285.4445967461939,153.822,P3O-ClosedLoopAlpha,Walker2d-v4,4
420000,speed,2043.14,3.48,P3O-ClosedLoopAlpha,Walker2d-v4,4
420000,sbp,0.4,0.2247,0.328,P3O-ClosedLoopAlpha,Walker2d-v4,4,0.01607,1,2.013308,1.030255,0.01603,0.036547,8.466004,8.489413,0.954185,-0.561391,0.002765,0.758251,1.313827,0.017637,0.003315,1,event,0.016793,0.025,0.545452,-0.328296,0.15,0.016793,0.016793,0.016793,0.01352,0.013528,0.013524,0,0.0,0.0,0.0
420069,reward,4116,101.12400410525991,131.078,P3O-ClosedLoopAlpha,Walker2d-v4,4
420118,reward,4117,34.35507633394686,112.532,P3O-ClosedLoopAlpha,Walker2d-v4,4
420156,reward,4118,28.98208235573395,107.407,P3O-ClosedLoopAlpha,Walker2d-v4,4
420310,reward,4119,70.41792838618667,112.146,P3O-ClosedLoopAlpha,Walker2d-v4,4
420382,reward,4120,44.30807623256183,111.778,P3O-ClosedLoopAlpha,Walker2d-v4,4
420605,reward,4121,150.32953754179405,119.782,P3O-ClosedLoopAlpha,Walker2d-v4,4
420789,reward,4122,287.11368593787995,141.269,P3O-ClosedLoopAlpha,Walker2d-v4,4
420921,reward,4123,81.19643892582587,127.289,P3O-ClosedLoopAlpha,Walker2d-v4,4
420998,reward,4124,36.44857545206324,111.972,P3O-ClosedLoopAlpha,Walker2d-v4,4
421074,reward,4125,45.487839945688876,87.976,P3O-ClosedLoopAlpha,Walker2d-v4,4
421189,reward,4126,115.44094127053874,89.408,P3O-ClosedLoopAlpha,Walker2d-v4,4
421320,reward,4127,93.7468209560295,95.347,P3O-ClosedLoopAlpha,Walker2d-v4,4
421509,reward,4128,155.03855418807555,107.953,P3O-ClosedLoopAlpha,Walker2d-v4,4
421560,reward,4129,43.14966572875846,105.226,P3O-ClosedLoopAlpha,Walker2d-v4,4
421648,reward,4130,42.29839549868043,105.025,P3O-ClosedLoopAlpha,Walker2d-v4,4
421738,reward,4131,40.9422165504202,94.086,P3O-ClosedLoopAlpha,Walker2d-v4,4
421849,reward,4132,199.83956973929662,85.359,P3O-ClosedLoopAlpha,Walker2d-v4,4
421909,reward,4133,41.57049110451818,81.396,P3O-ClosedLoopAlpha,Walker2d-v4,4
422051,reward,4134,99.95181456933156,87.747,P3O-ClosedLoopAlpha,Walker2d-v4,4
422179,reward,4135,84.30719685616272,91.629,P3O-ClosedLoopAlpha,Walker2d-v4,4
422252,reward,4136,49.28152257064658,85.013,P3O-ClosedLoopAlpha,Walker2d-v4,4
422450,reward,4137,322.28249078491814,107.866,P3O-ClosedLoopAlpha,Walker2d-v4,4
422616,reward,4138,50.73691119145945,97.436,P3O-ClosedLoopAlpha,Walker2d-v4,4
422757,reward,4139,127.45113028167226,105.866,P3O-ClosedLoopAlpha,Walker2d-v4,4
422821,reward,4140,48.257921852804635,106.462,P3O-ClosedLoopAlpha,Walker2d-v4,4
422926,reward,4141,21.17924933519028,104.486,P3O-ClosedLoopAlpha,Walker2d-v4,4
423138,reward,4142,65.15949215387523,91.018,P3O-ClosedLoopAlpha,Walker2d-v4,4
423179,reward,4143,27.941962624801505,89.655,P3O-ClosedLoopAlpha,Walker2d-v4,4
423370,reward,4144,161.10380649430405,95.77,P3O-ClosedLoopAlpha,Walker2d-v4,4
423516,reward,4145,16.644482377878017,89.004,P3O-ClosedLoopAlpha,Walker2d-v4,4
423584,reward,4146,54.421461873291996,89.518,P3O-ClosedLoopAlpha,Walker2d-v4,4
423725,reward,4147,33.4004091794972,60.63,P3O-ClosedLoopAlpha,Walker2d-v4,4
424069,reward,4148,427.10995979142564,98.267,P3O-ClosedLoopAlpha,Walker2d-v4,4
424302,reward,4149,380.90919605097685,123.613,P3O-ClosedLoopAlpha,Walker2d-v4,4
424350,reward,4150,37.55252569990307,122.542,P3O-ClosedLoopAlpha,Walker2d-v4,4
424470,reward,4151,106.99229301576172,131.124,P3O-ClosedLoopAlpha,Walker2d-v4,4
424543,reward,4152,63.55225772855656,130.963,P3O-ClosedLoopAlpha,Walker2d-v4,4
424644,reward,4153,84.05494043763903,136.574,P3O-ClosedLoopAlpha,Walker2d-v4,4
424822,reward,4154,85.45872339855624,129.01,P3O-ClosedLoopAlpha,Walker2d-v4,4
424883,reward,4155,22.195981208005314,129.565,P3O-ClosedLoopAlpha,Walker2d-v4,4
424957,reward,4156,48.933238915702894,129.016,P3O-ClosedLoopAlpha,Walker2d-v4,4
425066,reward,4157,21.313011720572486,127.807,P3O-ClosedLoopAlpha,Walker2d-v4,4
425187,reward,4158,135.05117073958044,98.601,P3O-ClosedLoopAlpha,Walker2d-v4,4
425347,reward,4159,71.72466312576908,67.683,P3O-ClosedLoopAlpha,Walker2d-v4,4
425487,reward,4160,73.9117435303117,71.319,P3O-ClosedLoopAlpha,Walker2d-v4,4
425586,reward,4161,71.52229954836943,67.772,P3O-ClosedLoopAlpha,Walker2d-v4,4
425783,reward,4162,67.41098581565896,68.158,P3O-ClosedLoopAlpha,Walker2d-v4,4
425888,reward,4163,110.68029216649012,70.82,P3O-ClosedLoopAlpha,Walker2d-v4,4
425983,reward,4164,15.185168081582042,63.793,P3O-ClosedLoopAlpha,Walker2d-v4,4
425984,loss,-0.020595699548721313,13.736949920654297,P3O-ClosedLoopAlpha,Walker2d-v4,4
426214,reward,4165,68.40644460359904,68.414,P3O-ClosedLoopAlpha,Walker2d-v4,4
426275,reward,4166,33.21673008601293,66.842,P3O-ClosedLoopAlpha,Walker2d-v4,4
426340,reward,4167,41.3061429548573,68.842,P3O-ClosedLoopAlpha,Walker2d-v4,4
426477,reward,4168,116.50293159712925,66.987,P3O-ClosedLoopAlpha,Walker2d-v4,4
426560,reward,4169,25.5558743754113,62.37,P3O-ClosedLoopAlpha,Walker2d-v4,4
426705,reward,4170,95.12701295324887,64.491,P3O-ClosedLoopAlpha,Walker2d-v4,4
426895,reward,4171,294.21875711892943,86.761,P3O-ClosedLoopAlpha,Walker2d-v4,4
427003,reward,4172,72.55193901216442,87.275,P3O-ClosedLoopAlpha,Walker2d-v4,4
427146,reward,4173,220.7046383107929,98.278,P3O-ClosedLoopAlpha,Walker2d-v4,4
427269,reward,4174,54.277004261657474,102.187,P3O-ClosedLoopAlpha,Walker2d-v4,4
427508,reward,4175,141.49742463852303,109.496,P3O-ClosedLoopAlpha,Walker2d-v4,4
427659,reward,4176,42.03587372553616,110.378,P3O-ClosedLoopAlpha,Walker2d-v4,4
427734,reward,4177,-7.221050502683706,105.525,P3O-ClosedLoopAlpha,Walker2d-v4,4
427823,reward,4178,72.13596322874311,101.088,P3O-ClosedLoopAlpha,Walker2d-v4,4
427965,reward,4179,61.9585324701513,104.729,P3O-ClosedLoopAlpha,Walker2d-v4,4
428042,reward,4180,54.397010812259936,100.656,P3O-ClosedLoopAlpha,Walker2d-v4,4
428156,reward,4181,152.74093086303193,86.508,P3O-ClosedLoopAlpha,Walker2d-v4,4
428222,reward,4182,45.528473257973204,83.805,P3O-ClosedLoopAlpha,Walker2d-v4,4
428316,reward,4183,66.31671991329935,68.367,P3O-ClosedLoopAlpha,Walker2d-v4,4
428461,reward,4184,108.8859228375605,73.828,P3O-ClosedLoopAlpha,Walker2d-v4,4
428511,reward,4185,26.481233338527407,62.326,P3O-ClosedLoopAlpha,Walker2d-v4,4
428680,reward,4186,59.20800594341551,64.043,P3O-ClosedLoopAlpha,Walker2d-v4,4
428832,reward,4187,187.6956537087385,83.535,P3O-ClosedLoopAlpha,Walker2d-v4,4
428906,reward,4188,14.45177353643757,77.766,P3O-ClosedLoopAlpha,Walker2d-v4,4
428942,reward,4189,25.103768051143337,74.081,P3O-ClosedLoopAlpha,Walker2d-v4,4
428984,reward,4190,24.845415861223017,71.126,P3O-ClosedLoopAlpha,Walker2d-v4,4
429039,reward,4191,28.411849982282302,58.693,P3O-ClosedLoopAlpha,Walker2d-v4,4
429250,reward,4192,41.76170670247023,58.316,P3O-ClosedLoopAlpha,Walker2d-v4,4
429355,reward,4193,45.181075943070304,56.203,P3O-ClosedLoopAlpha,Walker2d-v4,4
429526,reward,4194,248.79893128049181,70.194,P3O-ClosedLoopAlpha,Walker2d-v4,4
429636,reward,4195,16.57125406745039,69.203,P3O-ClosedLoopAlpha,Walker2d-v4,4
429829,reward,4196,178.36452891020724,81.119,P3O-ClosedLoopAlpha,Walker2d-v4,4
429890,reward,4197,67.87656246775092,69.137,P3O-ClosedLoopAlpha,Walker2d-v4,4
429964,reward,4198,9.357819092552894,68.627,P3O-ClosedLoopAlpha,Walker2d-v4,4
430000,speed,2027.05,3.56,P3O-ClosedLoopAlpha,Walker2d-v4,4
430055,reward,4199,43.87153354360587,70.504,P3O-ClosedLoopAlpha,Walker2d-v4,4
430189,reward,4200,211.61046984257712,89.181,P3O-ClosedLoopAlpha,Walker2d-v4,4
430311,reward,4201,36.107083711914804,89.95,P3O-ClosedLoopAlpha,Walker2d-v4,4
430491,reward,4202,106.3096710486977,96.405,P3O-ClosedLoopAlpha,Walker2d-v4,4
430656,reward,4203,131.4774663526775,105.035,P3O-ClosedLoopAlpha,Walker2d-v4,4
430727,reward,4204,-1.5103965281646952,80.004,P3O-ClosedLoopAlpha,Walker2d-v4,4
430843,reward,4205,210.5680322525116,99.403,P3O-ClosedLoopAlpha,Walker2d-v4,4
430888,reward,4206,37.98831224204142,85.366,P3O-ClosedLoopAlpha,Walker2d-v4,4
431041,reward,4207,250.1321504377053,103.591,P3O-ClosedLoopAlpha,Walker2d-v4,4
431150,reward,4208,0.22196593274710308,102.678,P3O-ClosedLoopAlpha,Walker2d-v4,4
431286,reward,4209,31.07229518237558,101.398,P3O-ClosedLoopAlpha,Walker2d-v4,4
431466,reward,4210,277.57310614587186,107.994,P3O-ClosedLoopAlpha,Walker2d-v4,4
431562,reward,4211,62.70372083617544,110.654,P3O-ClosedLoopAlpha,Walker2d-v4,4
431661,reward,4212,21.95508338139624,102.218,P3O-ClosedLoopAlpha,Walker2d-v4,4
431828,reward,4213,272.0413806544936,116.275,P3O-ClosedLoopAlpha,Walker2d-v4,4
431968,reward,4214,79.99585310461103,124.425,P3O-ClosedLoopAlpha,Walker2d-v4,4
432082,reward,4215,73.23514546886845,110.692,P3O-ClosedLoopAlpha,Walker2d-v4,4
432188,reward,4216,58.3107275736449,112.724,P3O-ClosedLoopAlpha,Walker2d-v4,4
432256,reward,4217,57.832123419050504,93.494,P3O-ClosedLoopAlpha,Walker2d-v4,4
432411,reward,4218,254.85119422371423,118.957,P3O-ClosedLoopAlpha,Walker2d-v4,4
432624,reward,4219,215.45187684866096,137.395,P3O-ClosedLoopAlpha,Walker2d-v4,4
432764,reward,4220,219.7470264384267,131.612,P3O-ClosedLoopAlpha,Walker2d-v4,4
432898,reward,4221,81.60698638183811,133.503,P3O-ClosedLoopAlpha,Walker2d-v4,4
433007,reward,4222,19.02536826700117,133.21,P3O-ClosedLoopAlpha,Walker2d-v4,4
433175,reward,4223,264.6758013817976,132.473,P3O-ClosedLoopAlpha,Walker2d-v4,4
433273,reward,4224,79.93911676638298,132.468,P3O-ClosedLoopAlpha,Walker2d-v4,4
433360,reward,4225,23.48532765751503,127.493,P3O-ClosedLoopAlpha,Walker2d-v4,4
433519,reward,4226,35.15761275407951,125.177,P3O-ClosedLoopAlpha,Walker2d-v4,4
433707,reward,4227,260.253251839995,145.419,P3O-ClosedLoopAlpha,Walker2d-v4,4
433903,reward,4228,350.5911541810327,154.993,P3O-ClosedLoopAlpha,Walker2d-v4,4
433994,reward,4229,100.12494838889201,143.461,P3O-ClosedLoopAlpha,Walker2d-v4,4
434133,reward,4230,119.12604999823404,133.399,P3O-ClosedLoopAlpha,Walker2d-v4,4
434176,loss,-0.019961930811405182,17.043529510498047,P3O-ClosedLoopAlpha,Walker2d-v4,4
434267,reward,4231,68.11834339449777,132.05,P3O-ClosedLoopAlpha,Walker2d-v4,4
434357,reward,4232,13.672969295807285,131.514,P3O-ClosedLoopAlpha,Walker2d-v4,4
434449,reward,4233,35.99954233393886,108.647,P3O-ClosedLoopAlpha,Walker2d-v4,4
434630,reward,4234,302.2967723372294,130.883,P3O-ClosedLoopAlpha,Walker2d-v4,4
434811,reward,4235,134.24734401120224,141.959,P3O-ClosedLoopAlpha,Walker2d-v4,4
434909,reward,4236,52.13214091020569,143.656,P3O-ClosedLoopAlpha,Walker2d-v4,4
434954,reward,4237,33.66293372988082,120.997,P3O-ClosedLoopAlpha,Walker2d-v4,4
435135,reward,4238,72.96384266450028,93.234,P3O-ClosedLoopAlpha,Walker2d-v4,4
435264,reward,4239,51.596087372981444,88.382,P3O-ClosedLoopAlpha,Walker2d-v4,4
435345,reward,4240,53.16637527335302,81.786,P3O-ClosedLoopAlpha,Walker2d-v4,4
435463,reward,4241,158.64702176632557,90.839,P3O-ClosedLoopAlpha,Walker2d-v4,4
435758,reward,4242,252.37846645329302,114.709,P3O-ClosedLoopAlpha,Walker2d-v4,4
435935,reward,4243,49.6532190853122,116.074,P3O-ClosedLoopAlpha,Walker2d-v4,4
436018,reward,4244,79.30080072851828,93.775,P3O-ClosedLoopAlpha,Walker2d-v4,4
436086,reward,4245,57.08705505496638,86.059,P3O-ClosedLoopAlpha,Walker2d-v4,4
436187,reward,4246,17.61988476061147,82.608,P3O-ClosedLoopAlpha,Walker2d-v4,4
436217,reward,4247,18.53548105483715,81.095,P3O-ClosedLoopAlpha,Walker2d-v4,4
436367,reward,4248,79.57520567528442,81.756,P3O-ClosedLoopAlpha,Walker2d-v4,4
436629,reward,4249,285.4458617657056,105.141,P3O-ClosedLoopAlpha,Walker2d-v4,4
436728,reward,4250,126.1831296446383,112.443,P3O-ClosedLoopAlpha,Walker2d-v4,4
436804,reward,4251,-11.107059853373068,95.467,P3O-ClosedLoopAlpha,Walker2d-v4,4
436903,reward,4252,30.683043613604216,73.298,P3O-ClosedLoopAlpha,Walker2d-v4,4
437169,reward,4253,149.61592145296876,83.294,P3O-ClosedLoopAlpha,Walker2d-v4,4
437304,reward,4254,126.44537157556552,88.008,P3O-ClosedLoopAlpha,Walker2d-v4,4
437489,reward,4255,262.71795049399435,108.571,P3O-ClosedLoopAlpha,Walker2d-v4,4
437627,reward,4256,40.627868212796244,110.872,P3O-ClosedLoopAlpha,Walker2d-v4,4
437691,reward,4257,42.41180349063908,113.26,P3O-ClosedLoopAlpha,Walker2d-v4,4
437762,reward,4258,4.613445719295774,105.764,P3O-ClosedLoopAlpha,Walker2d-v4,4
438022,reward,4259,180.33173143385463,95.252,P3O-ClosedLoopAlpha,Walker2d-v4,4
438195,reward,4260,58.01562258490088,88.436,P3O-ClosedLoopAlpha,Walker2d-v4,4
438239,reward,4261,25.53069051893671,92.099,P3O-ClosedLoopAlpha,Walker2d-v4,4
438427,reward,4262,329.4267767654555,121.974,P3O-ClosedLoopAlpha,Walker2d-v4,4
438540,reward,4263,60.65801610475018,113.078,P3O-ClosedLoopAlpha,Walker2d-v4,4
438658,reward,4264,22.719782775476986,102.705,P3O-ClosedLoopAlpha,Walker2d-v4,4
438781,reward,4265,30.277044302397073,79.461,P3O-ClosedLoopAlpha,Walker2d-v4,4
438980,reward,4266,60.65845791516903,81.464,P3O-ClosedLoopAlpha,Walker2d-v4,4
439085,reward,4267,17.13836567740195,78.937,P3O-ClosedLoopAlpha,Walker2d-v4,4
439178,reward,4268,0.29785222786241006,78.505,P3O-ClosedLoopAlpha,Walker2d-v4,4
439280,reward,4269,189.1708458863559,79.389,P3O-ClosedLoopAlpha,Walker2d-v4,4
439354,reward,4270,43.93480127611013,77.981,P3O-ClosedLoopAlpha,Walker2d-v4,4
439494,reward,4271,-18.81231180780313,73.547,P3O-ClosedLoopAlpha,Walker2d-v4,4
439616,reward,4272,108.96026280149498,51.5,P3O-ClosedLoopAlpha,Walker2d-v4,4
439779,reward,4273,-11.041015182345319,44.33,P3O-ClosedLoopAlpha,Walker2d-v4,4
439870,reward,4274,79.57955267436348,50.016,P3O-ClosedLoopAlpha,Walker2d-v4,4
439966,reward,4275,38.78681585030103,50.867,P3O-ClosedLoopAlpha,Walker2d-v4,4
440000,speed,2008.05,3.65,P3O-ClosedLoopAlpha,Walker2d-v4,4
440000,sbp,0.4,0.2183,0.33,P3O-ClosedLoopAlpha,Walker2d-v4,4,0.01622,1,2.110819,1.059713,0.01387,0.035912,8.466578,8.489007,0.991878,-0.613786,0.002649,0.777583,1.358496,0.028426,0.005728,1,event,0.028308,0.025,0.550084,0.132324,0.15,0.028308,0.028308,0.028308,0.018779,0.01879,0.018785,0,0.0,0.0,0.0
440199,reward,4276,212.7284359536219,66.074,P3O-ClosedLoopAlpha,Walker2d-v4,4
440267,reward,4277,8.124824102821863,65.173,P3O-ClosedLoopAlpha,Walker2d-v4,4
440376,reward,4278,50.47199708833349,70.19,P3O-ClosedLoopAlpha,Walker2d-v4,4
440473,reward,4279,57.357408120312876,57.009,P3O-ClosedLoopAlpha,Walker2d-v4,4
440643,reward,4280,99.99065343479,62.615,P3O-ClosedLoopAlpha,Walker2d-v4,4
440825,reward,4281,244.28417717337678,88.924,P3O-ClosedLoopAlpha,Walker2d-v4,4
440962,reward,4282,131.19511549173515,91.148,P3O-ClosedLoopAlpha,Walker2d-v4,4
441068,reward,4283,93.61484355598016,101.613,P3O-ClosedLoopAlpha,Walker2d-v4,4
441145,reward,4284,48.940761338906526,98.55,P3O-ClosedLoopAlpha,Walker2d-v4,4
441189,reward,4285,22.033518918545834,96.874,P3O-ClosedLoopAlpha,Walker2d-v4,4
441291,reward,4286,100.4581106648507,85.647,P3O-ClosedLoopAlpha,Walker2d-v4,4
441369,reward,4287,33.9805457928665,88.233,P3O-ClosedLoopAlpha,Walker2d-v4,4
441507,reward,4288,46.1878530234295,87.804,P3O-ClosedLoopAlpha,Walker2d-v4,4
441558,reward,4289,38.09657614689707,85.878,P3O-ClosedLoopAlpha,Walker2d-v4,4
441705,reward,4290,238.67274368476305,99.746,P3O-ClosedLoopAlpha,Walker2d-v4,4
441843,reward,4291,29.879430861167723,78.306,P3O-ClosedLoopAlpha,Walker2d-v4,4
441880,reward,4292,19.25102037765005,67.112,P3O-ClosedLoopAlpha,Walker2d-v4,4
441949,reward,4293,14.170062735369015,59.167,P3O-ClosedLoopAlpha,Walker2d-v4,4
441996,reward,4294,24.714541650077592,56.744,P3O-ClosedLoopAlpha,Walker2d-v4,4
442073,reward,4295,57.963542002604854,60.337,P3O-ClosedLoopAlpha,Walker2d-v4,4
442155,reward,4296,65.3962707361814,56.831,P3O-ClosedLoopAlpha,Walker2d-v4,4
442294,reward,4297,7.8801442707665545,54.221,P3O-ClosedLoopAlpha,Walker2d-v4,4
442368,loss,-0.021337784826755524,20.63875961303711,P3O-ClosedLoopAlpha,Walker2d-v4,4
442446,reward,4298,77.54576466987918,57.357,P3O-ClosedLoopAlpha,Walker2d-v4,4
442555,reward,4299,-20.19059339283175,51.528,P3O-ClosedLoopAlpha,Walker2d-v4,4
442767,reward,4300,12.799553766185769,28.941,P3O-ClosedLoopAlpha,Walker2d-v4,4
442833,reward,4301,25.025816795278924,28.456,P3O-ClosedLoopAlpha,Walker2d-v4,4
443003,reward,4302,46.42974378921933,31.173,P3O-ClosedLoopAlpha,Walker2d-v4,4
443141,reward,4303,108.79013753700976,40.635,P3O-ClosedLoopAlpha,Walker2d-v4,4
443265,reward,4304,-30.815133939401072,35.083,P3O-ClosedLoopAlpha,Walker2d-v4,4
443439,reward,4305,125.65523985802184,41.852,P3O-ClosedLoopAlpha,Walker2d-v4,4
443531,reward,4306,83.45416447542723,43.657,P3O-ClosedLoopAlpha,Walker2d-v4,4
443649,reward,4307,111.55588508241856,54.025,P3O-ClosedLoopAlpha,Walker2d-v4,4
443727,reward,4308,50.55568971707257,51.326,P3O-ClosedLoopAlpha,Walker2d-v4,4
443872,reward,4309,-7.880698788835864,52.557,P3O-ClosedLoopAlpha,Walker2d-v4,4
443890,reward,4310,7.483972990549411,52.025,P3O-ClosedLoopAlpha,Walker2d-v4,4
444008,reward,4311,45.484211914757694,54.071,P3O-ClosedLoopAlpha,Walker2d-v4,4
444183,reward,4312,107.6513790459902,60.193,P3O-ClosedLoopAlpha,Walker2d-v4,4
444286,reward,4313,37.137533201989704,53.028,P3O-ClosedLoopAlpha,Walker2d-v4,4
444472,reward,4314,57.27719324542104,61.837,P3O-ClosedLoopAlpha,Walker2d-v4,4
444616,reward,4315,116.77845693242669,60.95,P3O-ClosedLoopAlpha,Walker2d-v4,4
444742,reward,4316,16.4988303116026,54.254,P3O-ClosedLoopAlpha,Walker2d-v4,4
444857,reward,4317,47.74398347542502,47.873,P3O-ClosedLoopAlpha,Walker2d-v4,4
444964,reward,4318,49.175513371467176,47.735,P3O-ClosedLoopAlpha,Walker2d-v4,4
445072,reward,4319,67.02491081255417,55.226,P3O-ClosedLoopAlpha,Walker2d-v4,4
445387,reward,4320,304.75682512793827,84.953,P3O-ClosedLoopAlpha,Walker2d-v4,4
445529,reward,4321,225.13268657654288,102.918,P3O-ClosedLoopAlpha,Walker2d-v4,4
445706,reward,4322,271.99298038781075,119.352,P3O-ClosedLoopAlpha,Walker2d-v4,4
445908,reward,4323,141.83941286320308,129.822,P3O-ClosedLoopAlpha,Walker2d-v4,4
445979,reward,4324,78.9778766284546,131.992,P3O-ClosedLoopAlpha,Walker2d-v4,4
446018,reward,4325,25.492935057456314,122.864,P3O-ClosedLoopAlpha,Walker2d-v4,4
446049,reward,4326,20.064090366808383,123.22,P3O-ClosedLoopAlpha,Walker2d-v4,4
446099,reward,4327,38.028975818047414,122.249,P3O-ClosedLoopAlpha,Walker2d-v4,4
446259,reward,4328,221.97431315537324,139.529,P3O-ClosedLoopAlpha,Walker2d-v4,4
446307,reward,4329,16.70649444122554,134.497,P3O-ClosedLoopAlpha,Walker2d-v4,4
446376,reward,4330,13.888934953951598,105.41,P3O-ClosedLoopAlpha,Walker2d-v4,4
446491,reward,4331,98.56535976483478,92.753,P3O-ClosedLoopAlpha,Walker2d-v4,4
446627,reward,4332,119.87665845530991,77.542,P3O-ClosedLoopAlpha,Walker2d-v4,4
446854,reward,4333,325.2991261064823,95.887,P3O-ClosedLoopAlpha,Walker2d-v4,4
447001,reward,4334,120.6548239705112,100.055,P3O-ClosedLoopAlpha,Walker2d-v4,4
447081,reward,4335,44.52752117458411,101.959,P3O-ClosedLoopAlpha,Walker2d-v4,4
447150,reward,4336,71.83382310510628,107.136,P3O-ClosedLoopAlpha,Walker2d-v4,4
447240,reward,4337,22.373094733316044,105.57,P3O-ClosedLoopAlpha,Walker2d-v4,4
447401,reward,4338,20.225484105192656,85.395,P3O-ClosedLoopAlpha,Walker2d-v4,4
447492,reward,4339,17.30029412154243,85.455,P3O-ClosedLoopAlpha,Walker2d-v4,4
447604,reward,4340,58.28072315971307,89.894,P3O-ClosedLoopAlpha,Walker2d-v4,4
447895,reward,4341,431.3160437594888,123.169,P3O-ClosedLoopAlpha,Walker2d-v4,4
448181,reward,4342,170.93095061821128,128.274,P3O-ClosedLoopAlpha,Walker2d-v4,4
448365,reward,4343,270.5191106925169,122.796,P3O-ClosedLoopAlpha,Walker2d-v4,4
448516,reward,4344,134.95775905482387,124.226,P3O-ClosedLoopAlpha,Walker2d-v4,4
448644,reward,4345,93.23809834293418,129.098,P3O-ClosedLoopAlpha,Walker2d-v4,4
448783,reward,4346,67.93166520191116,128.707,P3O-ClosedLoopAlpha,Walker2d-v4,4
448898,reward,4347,-20.35058508436118,124.435,P3O-ClosedLoopAlpha,Walker2d-v4,4
448983,reward,4348,67.12313775542322,129.125,P3O-ClosedLoopAlpha,Walker2d-v4,4
449047,reward,4349,34.19430448622573,130.814,P3O-ClosedLoopAlpha,Walker2d-v4,4
449253,reward,4350,315.6410629251488,156.55,P3O-ClosedLoopAlpha,Walker2d-v4,4
449422,reward,4351,29.85500710033077,116.404,P3O-ClosedLoopAlpha,Walker2d-v4,4
449472,reward,4352,27.298132553111355,102.041,P3O-ClosedLoopAlpha,Walker2d-v4,4
449608,reward,4353,12.401857043698055,76.229,P3O-ClosedLoopAlpha,Walker2d-v4,4
449761,reward,4354,72.89993199379153,70.023,P3O-ClosedLoopAlpha,Walker2d-v4,4
449855,reward,4355,100.5082892906244,70.75,P3O-ClosedLoopAlpha,Walker2d-v4,4
449954,reward,4356,63.726072432879846,70.33,P3O-ClosedLoopAlpha,Walker2d-v4,4
450000,speed,1984.46,3.73,P3O-ClosedLoopAlpha,Walker2d-v4,4
450002,reward,4357,45.42218486103418,76.907,P3O-ClosedLoopAlpha,Walker2d-v4,4
450154,reward,4358,102.53868408086558,80.449,P3O-ClosedLoopAlpha,Walker2d-v4,4
450221,reward,4359,40.21686009687633,81.051,P3O-ClosedLoopAlpha,Walker2d-v4,4
450271,reward,4360,30.00909488300254,52.488,P3O-ClosedLoopAlpha,Walker2d-v4,4
450305,reward,4361,19.469647701140147,51.449,P3O-ClosedLoopAlpha,Walker2d-v4,4
450439,reward,4362,201.44117670087553,68.863,P3O-ClosedLoopAlpha,Walker2d-v4,4
450560,loss,-0.0121059101074934,14.088552474975586,P3O-ClosedLoopAlpha,Walker2d-v4,4
450594,reward,4363,92.5920249978509,76.882,P3O-ClosedLoopAlpha,Walker2d-v4,4
450725,reward,4364,70.14208073509145,76.607,P3O-ClosedLoopAlpha,Walker2d-v4,4
450810,reward,4365,33.80138143612552,69.936,P3O-ClosedLoopAlpha,Walker2d-v4,4
450932,reward,4366,100.5976111573114,73.623,P3O-ClosedLoopAlpha,Walker2d-v4,4
451012,reward,4367,14.755707672067878,70.556,P3O-ClosedLoopAlpha,Walker2d-v4,4
451071,reward,4368,50.89118088587712,65.392,P3O-ClosedLoopAlpha,Walker2d-v4,4
451148,reward,4369,61.50914922172282,67.521,P3O-ClosedLoopAlpha,Walker2d-v4,4
451488,reward,4370,164.58198166443708,80.978,P3O-ClosedLoopAlpha,Walker2d-v4,4
451607,reward,4371,51.37242124823405,84.168,P3O-ClosedLoopAlpha,Walker2d-v4,4
451740,reward,4372,49.01439184585285,68.926,P3O-ClosedLoopAlpha,Walker2d-v4,4
451796,reward,4373,28.361368475087335,62.503,P3O-ClosedLoopAlpha,Walker2d-v4,4
451957,reward,4374,22.987656293631872,57.787,P3O-ClosedLoopAlpha,Walker2d-v4,4
452091,reward,4375,75.66683747619315,61.974,P3O-ClosedLoopAlpha,Walker2d-v4,4
452215,reward,4376,66.87378259201223,58.601,P3O-ClosedLoopAlpha,Walker2d-v4,4
452374,reward,4377,257.3048449317156,82.856,P3O-ClosedLoopAlpha,Walker2d-v4,4
452441,reward,4378,54.24318713506448,83.192,P3O-ClosedLoopAlpha,Walker2d-v4,4
452512,reward,4379,24.064967337182633,79.447,P3O-ClosedLoopAlpha,Walker2d-v4,4
452685,reward,4380,105.04077951311832,73.493,P3O-ClosedLoopAlpha,Walker2d-v4,4
452815,reward,4381,68.86415272329229,75.242,P3O-ClosedLoopAlpha,Walker2d-v4,4
452868,reward,4382,38.776590312508525,74.218,P3O-ClosedLoopAlpha,Walker2d-v4,4
453012,reward,4383,26.110232069909866,73.993,P3O-ClosedLoopAlpha,Walker2d-v4,4
453240,reward,4384,186.33350448967226,90.328,P3O-ClosedLoopAlpha,Walker2d-v4,4
453481,reward,4385,190.22143441084253,101.783,P3O-ClosedLoopAlpha,Walker2d-v4,4
453551,reward,4386,24.19080691908647,97.515,P3O-ClosedLoopAlpha,Walker2d-v4,4
453810,reward,4387,353.2639971989932,107.111,P3O-ClosedLoopAlpha,Walker2d-v4,4
453949,reward,4388,-16.765557260784174,100.01,P3O-ClosedLoopAlpha,Walker2d-v4,4
454045,reward,4389,7.284965459543138,98.332,P3O-ClosedLoopAlpha,Walker2d-v4,4
454166,reward,4390,8.237502240455742,88.652,P3O-ClosedLoopAlpha,Walker2d-v4,4
454287,reward,4391,34.013124226300555,85.167,P3O-ClosedLoopAlpha,Walker2d-v4,4
454451,reward,4392,250.87086131740787,106.376,P3O-ClosedLoopAlpha,Walker2d-v4,4
454514,reward,4393,35.29109098957901,107.294,P3O-ClosedLoopAlpha,Walker2d-v4,4
454789,reward,4394,197.18094485738868,108.379,P3O-ClosedLoopAlpha,Walker2d-v4,4
454899,reward,4395,5.021780669482487,89.859,P3O-ClosedLoopAlpha,Walker2d-v4,4
455053,reward,4396,9.486196079199956,88.388,P3O-ClosedLoopAlpha,Walker2d-v4,4
455151,reward,4397,75.70173422383014,60.632,P3O-ClosedLoopAlpha,Walker2d-v4,4
455301,reward,4398,-7.349009310575001,61.574,P3O-ClosedLoopAlpha,Walker2d-v4,4
455426,reward,4399,19.47000609652422,62.792,P3O-ClosedLoopAlpha,Walker2d-v4,4
455468,reward,4400,37.65771356865397,65.734,P3O-ClosedLoopAlpha,Walker2d-v4,4
455619,reward,4401,150.89578808787522,77.423,P3O-ClosedLoopAlpha,Walker2d-v4,4
455658,reward,4402,28.378158818540488,55.173,P3O-ClosedLoopAlpha,Walker2d-v4,4
455731,reward,4403,50.531800732072746,56.698,P3O-ClosedLoopAlpha,Walker2d-v4,4
455892,reward,4404,34.11374730278835,40.391,P3O-ClosedLoopAlpha,Walker2d-v4,4
456052,reward,4405,51.94765988186752,45.083,P3O-ClosedLoopAlpha,Walker2d-v4,4
456161,reward,4406,60.157186683251105,50.15,P3O-ClosedLoopAlpha,Walker2d-v4,4
456289,reward,4407,63.03611653861396,48.884,P3O-ClosedLoopAlpha,Walker2d-v4,4
456409,reward,4408,8.618761385765968,50.481,P3O-ClosedLoopAlpha,Walker2d-v4,4
456584,reward,4409,219.29166998722292,70.463,P3O-ClosedLoopAlpha,Walker2d-v4,4
456613,reward,4410,15.041549305723263,68.201,P3O-ClosedLoopAlpha,Walker2d-v4,4
456710,reward,4411,45.96943832859702,57.709,P3O-ClosedLoopAlpha,Walker2d-v4,4
456867,reward,4412,91.6456719872596,64.035,P3O-ClosedLoopAlpha,Walker2d-v4,4
456939,reward,4413,34.94942978113942,62.477,P3O-ClosedLoopAlpha,Walker2d-v4,4
457039,reward,4414,59.16232180978885,64.982,P3O-ClosedLoopAlpha,Walker2d-v4,4
457117,reward,4415,46.61878416692688,64.449,P3O-ClosedLoopAlpha,Walker2d-v4,4
457210,reward,4416,15.366338171198025,59.97,P3O-ClosedLoopAlpha,Walker2d-v4,4
457262,reward,4417,38.26159611634119,57.493,P3O-ClosedLoopAlpha,Walker2d-v4,4
457314,reward,4418,38.44024396413024,60.475,P3O-ClosedLoopAlpha,Walker2d-v4,4
457447,reward,4419,98.42577556333192,48.388,P3O-ClosedLoopAlpha,Walker2d-v4,4
457586,reward,4420,56.246871021129785,52.509,P3O-ClosedLoopAlpha,Walker2d-v4,4
457655,reward,4421,28.671358562970887,50.779,P3O-ClosedLoopAlpha,Walker2d-v4,4
457808,reward,4422,107.18596337263584,52.333,P3O-ClosedLoopAlpha,Walker2d-v4,4
457991,reward,4423,111.85519997495194,60.023,P3O-ClosedLoopAlpha,Walker2d-v4,4
458211,reward,4424,236.05801992818056,77.713,P3O-ClosedLoopAlpha,Walker2d-v4,4
458307,reward,4425,46.87078498006213,77.738,P3O-ClosedLoopAlpha,Walker2d-v4,4
458386,reward,4426,51.62390028812689,81.364,P3O-ClosedLoopAlpha,Walker2d-v4,4
458512,reward,4427,32.9430692446057,80.832,P3O-ClosedLoopAlpha,Walker2d-v4,4
458655,reward,4428,-31.358851011499453,73.852,P3O-ClosedLoopAlpha,Walker2d-v4,4
458752,loss,-0.03592035174369812,18.17389678955078,P3O-ClosedLoopAlpha,Walker2d-v4,4
458878,reward,4429,92.20610368537001,73.23,P3O-ClosedLoopAlpha,Walker2d-v4,4
458986,reward,4430,50.680261248731576,72.674,P3O-ClosedLoopAlpha,Walker2d-v4,4
459195,reward,4431,305.5011191012662,100.357,P3O-ClosedLoopAlpha,Walker2d-v4,4
459320,reward,4432,14.42128434662094,91.08,P3O-ClosedLoopAlpha,Walker2d-v4,4
459410,reward,4433,22.254983949139973,82.12,P3O-ClosedLoopAlpha,Walker2d-v4,4
459558,reward,4434,131.790666293131,71.693,P3O-ClosedLoopAlpha,Walker2d-v4,4
459590,reward,4435,11.682090660854616,68.174,P3O-ClosedLoopAlpha,Walker2d-v4,4
459673,reward,4436,39.64012150495949,66.976,P3O-ClosedLoopAlpha,Walker2d-v4,4
459802,reward,4437,123.44045633069032,76.026,P3O-ClosedLoopAlpha,Walker2d-v4,4
459894,reward,4438,44.790127051073966,83.641,P3O-ClosedLoopAlpha,Walker2d-v4,4
460000,speed,2036.31,3.81,P3O-ClosedLoopAlpha,Walker2d-v4,4
460000,sbp,0.4,0.2134,0.375,P3O-ClosedLoopAlpha,Walker2d-v4,4,0.01658,1,2.274035,1.109087,0.012147,0.035069,8.467722,8.488466,1.050367,-0.653621,0.00245,0.822089,1.323693,0.293509,0.008413,4,event,0.308919,0.025,0.65,11.35675,0.15,0.308919,0.308919,0.308919,0.025549,0.025601,0.025575,0,0.0,0.0,0.0
460144,reward,4439,99.45339613924189,84.365,P3O-ClosedLoopAlpha,Walker2d-v4,4
460201,reward,4440,36.387619497363545,82.936,P3O-ClosedLoopAlpha,Walker2d-v4,4
460329,reward,4441,144.40911194873436,66.827,P3O-ClosedLoopAlpha,Walker2d-v4,4
460567,reward,4442,171.77876649793757,82.563,P3O-ClosedLoopAlpha,Walker2d-v4,4
460624,reward,4443,22.21302536215118,82.559,P3O-ClosedLoopAlpha,Walker2d-v4,4
460730,reward,4444,41.10349087306128,73.49,P3O-ClosedLoopAlpha,Walker2d-v4,4
460772,reward,4445,25.950900308901364,74.917,P3O-ClosedLoopAlpha,Walker2d-v4,4
460943,reward,4446,73.81615892799482,78.334,P3O-ClosedLoopAlpha,Walker2d-v4,4
461050,reward,4447,97.627998556945,75.753,P3O-ClosedLoopAlpha,Walker2d-v4,4
461119,reward,4448,57.19305219515937,76.993,P3O-ClosedLoopAlpha,Walker2d-v4,4
461363,reward,4449,89.96490270111089,76.045,P3O-ClosedLoopAlpha,Walker2d-v4,4
461469,reward,4450,57.459869767186845,78.152,P3O-ClosedLoopAlpha,Walker2d-v4,4
461782,reward,4451,191.3000752507287,82.841,P3O-ClosedLoopAlpha,Walker2d-v4,4
461856,reward,4452,65.33008155710273,72.196,P3O-ClosedLoopAlpha,Walker2d-v4,4
461971,reward,4453,54.797741848444474,75.454,P3O-ClosedLoopAlpha,Walker2d-v4,4
462003,reward,4454,10.94518799678293,72.439,P3O-ClosedLoopAlpha,Walker2d-v4,4
462095,reward,4455,43.87099379303785,74.231,P3O-ClosedLoopAlpha,Walker2d-v4,4
462183,reward,4456,64.00378808818543,73.249,P3O-ClosedLoopAlpha,Walker2d-v4,4
462350,reward,4457,281.9659072187728,91.683,P3O-ClosedLoopAlpha,Walker2d-v4,4
462426,reward,4458,56.9824135002926,91.662,P3O-ClosedLoopAlpha,Walker2d-v4,4
462470,reward,4459,26.343693086219297,85.3,P3O-ClosedLoopAlpha,Walker2d-v4,4
462717,reward,4460,155.76279210087895,95.13,P3O-ClosedLoopAlpha,Walker2d-v4,4
462765,reward,4461,32.808999745136674,79.281,P3O-ClosedLoopAlpha,Walker2d-v4,4
462904,reward,4462,225.88446024712937,95.337,P3O-ClosedLoopAlpha,Walker2d-v4,4
462994,reward,4463,62.92264753842478,96.149,P3O-ClosedLoopAlpha,Walker2d-v4,4
463169,reward,4464,128.51440704142416,107.906,P3O-ClosedLoopAlpha,Walker2d-v4,4
463260,reward,4465,54.11655915791739,108.931,P3O-ClosedLoopAlpha,Walker2d-v4,4
463379,reward,4466,38.09057594813633,106.339,P3O-ClosedLoopAlpha,Walker2d-v4,4
463542,reward,4467,235.86984476023196,101.73,P3O-ClosedLoopAlpha,Walker2d-v4,4
463675,reward,4468,117.15875996084655,107.747,P3O-ClosedLoopAlpha,Walker2d-v4,4
463803,reward,4469,-26.78685376884392,102.434,P3O-ClosedLoopAlpha,Walker2d-v4,4
463919,reward,4470,20.136237712100613,88.872,P3O-ClosedLoopAlpha,Walker2d-v4,4
464117,reward,4471,40.47730515393732,89.638,P3O-ClosedLoopAlpha,Walker2d-v4,4
464237,reward,4472,85.21938028736048,75.572,P3O-ClosedLoopAlpha,Walker2d-v4,4
464455,reward,4473,85.27124808685389,77.807,P3O-ClosedLoopAlpha,Walker2d-v4,4
464586,reward,4474,18.510908034879886,66.806,P3O-ClosedLoopAlpha,Walker2d-v4,4
464641,reward,4475,29.944312642909424,64.389,P3O-ClosedLoopAlpha,Walker2d-v4,4
464751,reward,4476,24.36443839506154,63.017,P3O-ClosedLoopAlpha,Walker2d-v4,4
464982,reward,4477,70.2829820631033,46.458,P3O-ClosedLoopAlpha,Walker2d-v4,4
465139,reward,4478,253.17182750792534,60.059,P3O-ClosedLoopAlpha,Walker2d-v4,4
465205,reward,4479,14.700516389857135,64.208,P3O-ClosedLoopAlpha,Walker2d-v4,4
465290,reward,4480,74.75886594460684,69.67,P3O-ClosedLoopAlpha,Walker2d-v4,4
465428,reward,4481,140.04113132143414,79.627,P3O-ClosedLoopAlpha,Walker2d-v4,4
465468,reward,4482,22.457786198470146,73.35,P3O-ClosedLoopAlpha,Walker2d-v4,4
465514,reward,4483,13.002975833044822,66.124,P3O-ClosedLoopAlpha,Walker2d-v4,4
465627,reward,4484,9.00106453784149,65.173,P3O-ClosedLoopAlpha,Walker2d-v4,4
465790,reward,4485,261.5477353082136,88.333,P3O-ClosedLoopAlpha,Walker2d-v4,4
465885,reward,4486,65.44758804661117,92.441,P3O-ClosedLoopAlpha,Walker2d-v4,4
465922,reward,4487,25.184692201201905,87.931,P3O-ClosedLoopAlpha,Walker2d-v4,4
466016,reward,4488,61.39569539782718,68.754,P3O-ClosedLoopAlpha,Walker2d-v4,4
466154,reward,4489,105.76016330227058,77.86,P3O-ClosedLoopAlpha,Walker2d-v4,4
466253,reward,4490,37.12649720620662,74.097,P3O-ClosedLoopAlpha,Walker2d-v4,4
466369,reward,4491,71.90376540065802,67.283,P3O-ClosedLoopAlpha,Walker2d-v4,4
466456,reward,4492,72.5590221942382,72.293,P3O-ClosedLoopAlpha,Walker2d-v4,4
466507,reward,4493,43.55476653259694,75.348,P3O-ClosedLoopAlpha,Walker2d-v4,4
466613,reward,4494,51.6780403689382,79.616,P3O-ClosedLoopAlpha,Walker2d-v4,4
466710,reward,4495,60.38146123777274,59.499,P3O-ClosedLoopAlpha,Walker2d-v4,4
466867,reward,4496,136.2884746885524,66.583,P3O-ClosedLoopAlpha,Walker2d-v4,4
466944,loss,-0.04351525753736496,15.490999221801758,P3O-ClosedLoopAlpha,Walker2d-v4,4
467053,reward,4497,130.21345054134713,77.086,P3O-ClosedLoopAlpha,Walker2d-v4,4
467135,reward,4498,38.81913886114307,74.828,P3O-ClosedLoopAlpha,Walker2d-v4,4
467273,reward,4499,26.02346001906422,66.855,P3O-ClosedLoopAlpha,Walker2d-v4,4
467423,reward,4500,214.23327630715846,84.565,P3O-ClosedLoopAlpha,Walker2d-v4,4
467554,reward,4501,194.2349462742047,96.799,P3O-ClosedLoopAlpha,Walker2d-v4,4
467653,reward,4502,71.52699391423117,96.695,P3O-ClosedLoopAlpha,Walker2d-v4,4
467712,reward,4503,32.8937316211405,95.629,P3O-ClosedLoopAlpha,Walker2d-v4,4
467836,reward,4504,190.42129740489185,109.504,P3O-ClosedLoopAlpha,Walker2d-v4,4
467993,reward,4505,107.20417844488105,114.186,P3O-ClosedLoopAlpha,Walker2d-v4,4
468067,reward,4506,24.46070806729774,103.003,P3O-ClosedLoopAlpha,Walker2d-v4,4
468154,reward,4507,35.48757871853525,93.531,P3O-ClosedLoopAlpha,Walker2d-v4,4
468460,reward,4508,303.6316347634251,120.012,P3O-ClosedLoopAlpha,Walker2d-v4,4
468613,reward,4509,250.21738926916518,142.431,P3O-ClosedLoopAlpha,Walker2d-v4,4
468793,reward,4510,121.93053989359937,133.201,P3O-ClosedLoopAlpha,Walker2d-v4,4
468850,reward,4511,33.490287916182524,117.126,P3O-ClosedLoopAlpha,Walker2d-v4,4
468896,reward,4512,18.90182014529281,111.864,P3O-ClosedLoopAlpha,Walker2d-v4,4
469000,reward,4513,93.7759144766138,117.952,P3O-ClosedLoopAlpha,Walker2d-v4,4
469077,reward,4514,8.366111083603741,99.747,P3O-ClosedLoopAlpha,Walker2d-v4,4
469300,reward,4515,386.06763644805625,127.633,P3O-ClosedLoopAlpha,Walker2d-v4,4
469394,reward,4516,62.50508888891318,131.437,P3O-ClosedLoopAlpha,Walker2d-v4,4
469601,reward,4517,63.68607962916587,134.257,P3O-ClosedLoopAlpha,Walker2d-v4,4
469741,reward,4518,116.75231186659134,115.569,P3O-ClosedLoopAlpha,Walker2d-v4,4
469835,reward,4519,94.92552487408311,100.04,P3O-ClosedLoopAlpha,Walker2d-v4,4
469862,reward,4520,17.25298437188329,89.572,P3O-ClosedLoopAlpha,Walker2d-v4,4
470000,speed,2000.92,3.9,P3O-ClosedLoopAlpha,Walker2d-v4,4
470110,reward,4521,20.675973919611522,88.291,P3O-ClosedLoopAlpha,Walker2d-v4,4
470276,reward,4522,161.73670541615206,102.574,P3O-ClosedLoopAlpha,Walker2d-v4,4
470418,reward,4523,106.10766233531838,103.808,P3O-ClosedLoopAlpha,Walker2d-v4,4
470496,reward,4524,25.941880227678503,105.565,P3O-ClosedLoopAlpha,Walker2d-v4,4
470682,reward,4525,115.40626110809686,78.499,P3O-ClosedLoopAlpha,Walker2d-v4,4
470810,reward,4526,114.96728121278402,83.745,P3O-ClosedLoopAlpha,Walker2d-v4,4
470897,reward,4527,37.67131622294389,81.144,P3O-ClosedLoopAlpha,Walker2d-v4,4
471053,reward,4528,130.71454850628302,82.54,P3O-ClosedLoopAlpha,Walker2d-v4,4
471168,reward,4529,29.910879595250467,76.039,P3O-ClosedLoopAlpha,Walker2d-v4,4
471379,reward,4530,88.86780735048339,83.2,P3O-ClosedLoopAlpha,Walker2d-v4,4
471642,reward,4531,321.2968525071104,113.262,P3O-ClosedLoopAlpha,Walker2d-v4,4
471707,reward,4532,65.22350357724306,103.611,P3O-ClosedLoopAlpha,Walker2d-v4,4
471737,reward,4533,20.580261108792854,95.058,P3O-ClosedLoopAlpha,Walker2d-v4,4
471881,reward,4534,156.28764364566456,108.093,P3O-ClosedLoopAlpha,Walker2d-v4,4
472184,reward,4535,196.34928691685087,116.187,P3O-ClosedLoopAlpha,Walker2d-v4,4
472233,reward,4536,27.544864599790884,107.445,P3O-ClosedLoopAlpha,Walker2d-v4,4
472314,reward,4537,44.15914207379925,108.093,P3O-ClosedLoopAlpha,Walker2d-v4,4
472399,reward,4538,35.875549544370706,98.61,P3O-ClosedLoopAlpha,Walker2d-v4,4
472551,reward,4539,67.26339553539735,102.345,P3O-ClosedLoopAlpha,Walker2d-v4,4
472636,reward,4540,70.0955557466288,100.468,P3O-ClosedLoopAlpha,Walker2d-v4,4
472774,reward,4541,263.79339352075874,94.717,P3O-ClosedLoopAlpha,Walker2d-v4,4
472936,reward,4542,247.63588507501106,112.958,P3O-ClosedLoopAlpha,Walker2d-v4,4
473126,reward,4543,-17.428006037195626,109.158,P3O-ClosedLoopAlpha,Walker2d-v4,4
473219,reward,4544,-9.493539378740175,92.58,P3O-ClosedLoopAlpha,Walker2d-v4,4
473484,reward,4545,229.96877749939281,95.942,P3O-ClosedLoopAlpha,Walker2d-v4,4
473608,reward,4546,219.30828016893696,115.118,P3O-ClosedLoopAlpha,Walker2d-v4,4
473761,reward,4547,104.46907111357201,121.149,P3O-ClosedLoopAlpha,Walker2d-v4,4
473827,reward,4548,24.12929316008814,119.974,P3O-ClosedLoopAlpha,Walker2d-v4,4
473930,reward,4549,61.360400097725496,119.384,P3O-ClosedLoopAlpha,Walker2d-v4,4
474037,reward,4550,40.22642945159903,116.397,P3O-ClosedLoopAlpha,Walker2d-v4,4
474130,reward,4551,77.20903640516362,97.739,P3O-ClosedLoopAlpha,Walker2d-v4,4
474346,reward,4552,181.72820887496945,91.148,P3O-ClosedLoopAlpha,Walker2d-v4,4
474493,reward,4553,83.37815841225768,101.228,P3O-ClosedLoopAlpha,Walker2d-v4,4
474665,reward,4554,231.4186709996732,125.32,P3O-ClosedLoopAlpha,Walker2d-v4,4
474739,reward,4555,51.63188376494995,107.486,P3O-ClosedLoopAlpha,Walker2d-v4,4
474886,reward,4556,234.22283543847104,108.977,P3O-ClosedLoopAlpha,Walker2d-v4,4
474946,reward,4557,35.927393732104804,102.123,P3O-ClosedLoopAlpha,Walker2d-v4,4
475075,reward,4558,93.99670066542855,109.11,P3O-ClosedLoopAlpha,Walker2d-v4,4
475123,reward,4559,26.726549209767164,105.647,P3O-ClosedLoopAlpha,Walker2d-v4,4
475136,loss,-0.03111860156059265,10.718473434448242,P3O-ClosedLoopAlpha,Walker2d-v4,4
475166,reward,4560,28.222319209889232,104.446,P3O-ClosedLoopAlpha,Walker2d-v4,4
475273,reward,4561,-4.492895443646056,96.276,P3O-ClosedLoopAlpha,Walker2d-v4,4
475419,reward,4562,50.904684057609295,83.194,P3O-ClosedLoopAlpha,Walker2d-v4,4
475504,reward,4563,38.179574435671164,78.674,P3O-ClosedLoopAlpha,Walker2d-v4,4
475629,reward,4564,214.63539786290457,76.995,P3O-ClosedLoopAlpha,Walker2d-v4,4
475744,reward,4565,30.428202276139988,74.875,P3O-ClosedLoopAlpha,Walker2d-v4,4
475804,reward,4566,24.259541007703433,53.879,P3O-ClosedLoopAlpha,Walker2d-v4,4
475945,reward,4567,95.46298831673283,59.832,P3O-ClosedLoopAlpha,Walker2d-v4,4
476118,reward,4568,153.00892066353447,65.734,P3O-ClosedLoopAlpha,Walker2d-v4,4
476291,reward,4569,42.81009246847683,67.342,P3O-ClosedLoopAlpha,Walker2d-v4,4
476422,reward,4570,115.92811751056378,76.112,P3O-ClosedLoopAlpha,Walker2d-v4,4
476515,reward,4571,22.770291735434075,78.839,P3O-ClosedLoopAlpha,Walker2d-v4,4
476621,reward,4572,106.7912640178593,84.427,P3O-ClosedLoopAlpha,Walker2d-v4,4
476729,reward,4573,-14.77280740696522,79.132,P3O-ClosedLoopAlpha,Walker2d-v4,4
476838,reward,4574,199.13218953894577,77.582,P3O-ClosedLoopAlpha,Walker2d-v4,4
476974,reward,4575,151.31974330718307,89.671,P3O-ClosedLoopAlpha,Walker2d-v4,4
477081,reward,4576,76.08244468526992,94.853,P3O-ClosedLoopAlpha,Walker2d-v4,4
477265,reward,4577,153.97434596919211,100.704,P3O-ClosedLoopAlpha,Walker2d-v4,4
477309,reward,4578,23.29167703446173,87.733,P3O-ClosedLoopAlpha,Walker2d-v4,4
477466,reward,4579,258.95031475606544,109.347,P3O-ClosedLoopAlpha,Walker2d-v4,4
477512,reward,4580,30.227434705901157,100.777,P3O-ClosedLoopAlpha,Walker2d-v4,4
477615,reward,4581,72.84368401285339,105.784,P3O-ClosedLoopAlpha,Walker2d-v4,4
477711,reward,4582,98.0049992875909,104.905,P3O-ClosedLoopAlpha,Walker2d-v4,4
477915,reward,4583,109.23814252454308,117.306,P3O-ClosedLoopAlpha,Walker2d-v4,4
477959,reward,4584,23.973466148838714,99.791,P3O-ClosedLoopAlpha,Walker2d-v4,4
478080,reward,4585,38.29699676457346,88.488,P3O-ClosedLoopAlpha,Walker2d-v4,4
478107,reward,4586,15.294021651630905,82.41,P3O-ClosedLoopAlpha,Walker2d-v4,4
478203,reward,4587,54.34939282267532,72.447,P3O-ClosedLoopAlpha,Walker2d-v4,4
478314,reward,4588,10.806264607569652,71.198,P3O-ClosedLoopAlpha,Walker2d-v4,4
478420,reward,4589,94.38825987097876,54.742,P3O-ClosedLoopAlpha,Walker2d-v4,4
478514,reward,4590,50.44184868248963,56.764,P3O-ClosedLoopAlpha,Walker2d-v4,4
478619,reward,4591,2.782503941552772,49.758,P3O-ClosedLoopAlpha,Walker2d-v4,4
478655,reward,4592,18.518605863230597,41.809,P3O-ClosedLoopAlpha,Walker2d-v4,4
478760,reward,4593,2.395464564509604,31.125,P3O-ClosedLoopAlpha,Walker2d-v4,4
478889,reward,4594,70.73842699381294,35.801,P3O-ClosedLoopAlpha,Walker2d-v4,4
478978,reward,4595,37.507159006791674,35.722,P3O-ClosedLoopAlpha,Walker2d-v4,4
479117,reward,4596,216.46241361282705,55.839,P3O-ClosedLoopAlpha,Walker2d-v4,4
479239,reward,4597,18.395363723877995,52.244,P3O-ClosedLoopAlpha,Walker2d-v4,4
479551,reward,4598,280.70125438871577,79.233,P3O-ClosedLoopAlpha,Walker2d-v4,4
479649,reward,4599,35.68350750597457,73.363,P3O-ClosedLoopAlpha,Walker2d-v4,4
479859,reward,4600,213.7459526601856,89.693,P3O-ClosedLoopAlpha,Walker2d-v4,4
480000,speed,2080.15,3.98,P3O-ClosedLoopAlpha,Walker2d-v4,4
480000,sbp,0.4,0.2098,0.375,P3O-ClosedLoopAlpha,Walker2d-v4,4,0.0164,1,2.28168,1.133261,0.013551,0.034758,8.469024,8.48819,1.013375,-0.610126,0.002263,0.800284,1.365901,0.033506,0.007505,1,event,0.035166,0.025,0.65,0.406647,0.15,0.035166,0.035166,0.035166,0.023379,0.023393,0.023386,0,0.0,0.0,0.0
480097,reward,4601,181.20274715371204,107.535,P3O-ClosedLoopAlpha,Walker2d-v4,4
480208,reward,4602,15.997952909911595,107.283,P3O-ClosedLoopAlpha,Walker2d-v4,4
480332,reward,4603,214.95259491113836,128.539,P3O-ClosedLoopAlpha,Walker2d-v4,4
480499,reward,4604,59.8264599678153,127.448,P3O-ClosedLoopAlpha,Walker2d-v4,4
480707,reward,4605,106.0364559323697,134.3,P3O-ClosedLoopAlpha,Walker2d-v4,4
480937,reward,4606,226.7424261099936,135.328,P3O-ClosedLoopAlpha,Walker2d-v4,4
481179,reward,4607,202.66266494344327,153.755,P3O-ClosedLoopAlpha,Walker2d-v4,4
481362,reward,4608,-4.837302671076594,125.201,P3O-ClosedLoopAlpha,Walker2d-v4,4
481762,reward,4609,556.6947968065452,177.302,P3O-ClosedLoopAlpha,Walker2d-v4,4
481818,reward,4610,45.0077803602792,160.429,P3O-ClosedLoopAlpha,Walker2d-v4,4
481906,reward,4611,70.14851513477184,149.323,P3O-ClosedLoopAlpha,Walker2d-v4,4
481992,reward,4612,2.2753263373429444,147.951,P3O-ClosedLoopAlpha,Walker2d-v4,4
482149,reward,4613,278.9292053236249,154.349,P3O-ClosedLoopAlpha,Walker2d-v4,4
482186,reward,4614,30.804895343890582,151.446,P3O-ClosedLoopAlpha,Walker2d-v4,4
482248,reward,4615,51.526335553940314,145.995,P3O-ClosedLoopAlpha,Walker2d-v4,4
482391,reward,4616,127.22685233830191,136.044,P3O-ClosedLoopAlpha,Walker2d-v4,4
482492,reward,4617,20.920104676851714,117.87,P3O-ClosedLoopAlpha,Walker2d-v4,4
482700,reward,4618,122.41803600434143,130.595,P3O-ClosedLoopAlpha,Walker2d-v4,4
482842,reward,4619,60.85193890239446,81.011,P3O-ClosedLoopAlpha,Walker2d-v4,4
483003,reward,4620,78.21845366556897,84.332,P3O-ClosedLoopAlpha,Walker2d-v4,4
483043,reward,4621,27.34882727916448,80.052,P3O-ClosedLoopAlpha,Walker2d-v4,4
483159,reward,4622,38.325216356142626,83.657,P3O-ClosedLoopAlpha,Walker2d-v4,4
483245,reward,4623,48.726415916559404,60.637,P3O-ClosedLoopAlpha,Walker2d-v4,4
483328,loss,-0.04537910595536232,16.695236206054688,P3O-ClosedLoopAlpha,Walker2d-v4,4
483355,reward,4624,67.17947804505313,64.274,P3O-ClosedLoopAlpha,Walker2d-v4,4
483466,reward,4625,71.95190273976905,66.317,P3O-ClosedLoopAlpha,Walker2d-v4,4
483547,reward,4626,34.98837849279455,57.093,P3O-ClosedLoopAlpha,Walker2d-v4,4
483605,reward,4627,54.04384904980747,60.405,P3O-ClosedLoopAlpha,Walker2d-v4,4
483922,reward,4628,236.99270064816284,71.863,P3O-ClosedLoopAlpha,Walker2d-v4,4
484025,reward,4629,93.53233075647537,75.131,P3O-ClosedLoopAlpha,Walker2d-v4,4
484194,reward,4630,168.15850439422184,84.125,P3O-ClosedLoopAlpha,Walker2d-v4,4
484363,reward,4631,84.04230382818812,89.794,P3O-ClosedLoopAlpha,Walker2d-v4,4
484482,reward,4632,41.41272371125563,90.103,P3O-ClosedLoopAlpha,Walker2d-v4,4
484609,reward,4633,39.48984910664903,89.179,P3O-ClosedLoopAlpha,Walker2d-v4,4
484736,reward,4634,23.081155260652746,84.769,P3O-ClosedLoopAlpha,Walker2d-v4,4
484873,reward,4635,78.81786179365213,85.456,P3O-ClosedLoopAlpha,Walker2d-v4,4
484968,reward,4636,24.622453384562213,84.419,P3O-ClosedLoopAlpha,Walker2d-v4,4
485128,reward,4637,91.28421972324114,88.143,P3O-ClosedLoopAlpha,Walker2d-v4,4
485209,reward,4638,48.78103446586812,69.322,P3O-ClosedLoopAlpha,Walker2d-v4,4
485307,reward,4639,83.55968194961096,68.325,P3O-ClosedLoopAlpha,Walker2d-v4,4
485427,reward,4640,113.5731573846998,62.866,P3O-ClosedLoopAlpha,Walker2d-v4,4
485480,reward,4641,43.21680870196237,58.784,P3O-ClosedLoopAlpha,Walker2d-v4,4
485586,reward,4642,68.66422635334503,61.509,P3O-ClosedLoopAlpha,Walker2d-v4,4
485625,reward,4643,23.34649798020869,59.895,P3O-ClosedLoopAlpha,Walker2d-v4,4
485770,reward,4644,153.40442091944544,72.927,P3O-ClosedLoopAlpha,Walker2d-v4,4
486028,reward,4645,253.26476241314995,90.372,P3O-ClosedLoopAlpha,Walker2d-v4,4
486170,reward,4646,44.83222847259295,92.393,P3O-ClosedLoopAlpha,Walker2d-v4,4
486260,reward,4647,84.96646463920976,91.761,P3O-ClosedLoopAlpha,Walker2d-v4,4
486470,reward,4648,193.45211319025603,106.228,P3O-ClosedLoopAlpha,Walker2d-v4,4
486734,reward,4649,235.9736317591604,121.469,P3O-ClosedLoopAlpha,Walker2d-v4,4
486864,reward,4650,83.70302919740139,118.482,P3O-ClosedLoopAlpha,Walker2d-v4,4
487057,reward,4651,118.94778378064909,126.056,P3O-ClosedLoopAlpha,Walker2d-v4,4
487245,reward,4652,288.892577223547,148.078,P3O-ClosedLoopAlpha,Walker2d-v4,4
487336,reward,4653,92.73464925822472,155.017,P3O-ClosedLoopAlpha,Walker2d-v4,4
487468,reward,4654,110.26734926148889,150.703,P3O-ClosedLoopAlpha,Walker2d-v4,4
487551,reward,4655,54.69133110204947,130.846,P3O-ClosedLoopAlpha,Walker2d-v4,4
487620,reward,4656,29.828962798027398,129.346,P3O-ClosedLoopAlpha,Walker2d-v4,4
487873,reward,4657,292.20645251598955,150.07,P3O-ClosedLoopAlpha,Walker2d-v4,4
487937,reward,4658,17.88056752050002,132.513,P3O-ClosedLoopAlpha,Walker2d-v4,4
488059,reward,4659,215.3003155318742,130.445,P3O-ClosedLoopAlpha,Walker2d-v4,4
488210,reward,4660,134.19750972609052,135.495,P3O-ClosedLoopAlpha,Walker2d-v4,4
488367,reward,4661,99.59012093812659,133.559,P3O-ClosedLoopAlpha,Walker2d-v4,4
488471,reward,4662,60.84383589311442,110.754,P3O-ClosedLoopAlpha,Walker2d-v4,4
488614,reward,4663,150.18505770950887,116.499,P3O-ClosedLoopAlpha,Walker2d-v4,4
488781,reward,4664,149.64337098527304,120.437,P3O-ClosedLoopAlpha,Walker2d-v4,4
488917,reward,4665,211.83646052205998,136.151,P3O-ClosedLoopAlpha,Walker2d-v4,4
489157,reward,4666,306.6906755753982,163.837,P3O-ClosedLoopAlpha,Walker2d-v4,4
489320,reward,4667,92.72136585033098,143.889,P3O-ClosedLoopAlpha,Walker2d-v4,4
489422,reward,4668,50.35942938912661,147.137,P3O-ClosedLoopAlpha,Walker2d-v4,4
489493,reward,4669,38.09381180356309,129.416,P3O-ClosedLoopAlpha,Walker2d-v4,4
489668,reward,4670,278.0157168345385,143.798,P3O-ClosedLoopAlpha,Walker2d-v4,4
489790,reward,4671,51.00674460383747,138.94,P3O-ClosedLoopAlpha,Walker2d-v4,4
489827,reward,4672,27.031365868298494,135.558,P3O-ClosedLoopAlpha,Walker2d-v4,4
490000,speed,2050.65,4.06,P3O-ClosedLoopAlpha,Walker2d-v4,4
490008,reward,4673,70.40975398499648,127.581,P3O-ClosedLoopAlpha,Walker2d-v4,4
490176,reward,4674,146.87425034682994,127.304,P3O-ClosedLoopAlpha,Walker2d-v4,4
490323,reward,4675,14.446266784462694,107.565,P3O-ClosedLoopAlpha,Walker2d-v4,4
490350,reward,4676,14.90810006537615,78.387,P3O-ClosedLoopAlpha,Walker2d-v4,4
490564,reward,4677,88.93037848044429,78.008,P3O-ClosedLoopAlpha,Walker2d-v4,4
490712,reward,4678,69.65982351385004,79.938,P3O-ClosedLoopAlpha,Walker2d-v4,4
490857,reward,4679,76.18339527774562,83.747,P3O-ClosedLoopAlpha,Walker2d-v4,4
490939,reward,4680,41.095919786987984,60.055,P3O-ClosedLoopAlpha,Walker2d-v4,4
491109,reward,4681,262.21368928592767,81.175,P3O-ClosedLoopAlpha,Walker2d-v4,4
491165,reward,4682,22.381063784472037,80.71,P3O-ClosedLoopAlpha,Walker2d-v4,4
491375,reward,4683,375.6705037056607,111.236,P3O-ClosedLoopAlpha,Walker2d-v4,4
491446,reward,4684,68.00246790930207,103.349,P3O-ClosedLoopAlpha,Walker2d-v4,4
491520,loss,-0.028238648548722267,12.790914535522461,P3O-ClosedLoopAlpha,Walker2d-v4,4
491537,reward,4685,65.35390933620003,108.44,P3O-ClosedLoopAlpha,Walker2d-v4,4
491691,reward,4686,63.27182436810987,113.276,P3O-ClosedLoopAlpha,Walker2d-v4,4
491720,reward,4687,13.249194048290258,105.708,P3O-ClosedLoopAlpha,Walker2d-v4,4
491868,reward,4688,92.274334975028,107.97,P3O-ClosedLoopAlpha,Walker2d-v4,4
492053,reward,4689,322.9007560784547,132.641,P3O-ClosedLoopAlpha,Walker2d-v4,4
492243,reward,4690,238.92784537525705,152.425,P3O-ClosedLoopAlpha,Walker2d-v4,4
492303,reward,4691,41.01131201684028,130.304,P3O-ClosedLoopAlpha,Walker2d-v4,4
492383,reward,4692,25.737208111324918,130.64,P3O-ClosedLoopAlpha,Walker2d-v4,4
492504,reward,4693,88.89820083389385,101.963,P3O-ClosedLoopAlpha,Walker2d-v4,4
492644,reward,4694,132.38377884907032,108.401,P3O-ClosedLoopAlpha,Walker2d-v4,4
492700,reward,4695,25.521598241076806,104.418,P3O-ClosedLoopAlpha,Walker2d-v4,4
492896,reward,4696,149.7257610848415,113.063,P3O-ClosedLoopAlpha,Walker2d-v4,4
492968,reward,4697,69.23734762530067,118.662,P3O-ClosedLoopAlpha,Walker2d-v4,4
493048,reward,4698,29.626322577737934,112.397,P3O-ClosedLoopAlpha,Walker2d-v4,4
493216,reward,4699,302.00342759791994,110.307,P3O-ClosedLoopAlpha,Walker2d-v4,4
493367,reward,4700,143.30413892989702,100.745,P3O-ClosedLoopAlpha,Walker2d-v4,4
493673,reward,4701,392.8279182612207,135.927,P3O-ClosedLoopAlpha,Walker2d-v4,4
493724,reward,4702,45.3183859731913,137.885,P3O-ClosedLoopAlpha,Walker2d-v4,4
493818,reward,4703,90.20867407557988,138.016,P3O-ClosedLoopAlpha,Walker2d-v4,4
494062,reward,4704,116.00112664075083,136.377,P3O-ClosedLoopAlpha,Walker2d-v4,4
494257,reward,4705,145.089031760239,148.334,P3O-ClosedLoopAlpha,Walker2d-v4,4
494299,reward,4706,25.04263692538587,135.866,P3O-ClosedLoopAlpha,Walker2d-v4,4
494394,reward,4707,94.29370102295304,138.372,P3O-ClosedLoopAlpha,Walker2d-v4,4
494499,reward,4708,72.08023786105544,142.617,P3O-ClosedLoopAlpha,Walker2d-v4,4
494822,reward,4709,185.16285153514556,130.933,P3O-ClosedLoopAlpha,Walker2d-v4,4
494881,reward,4710,42.21551919024065,120.824,P3O-ClosedLoopAlpha,Walker2d-v4,4
495030,reward,4711,44.181472923690414,85.959,P3O-ClosedLoopAlpha,Walker2d-v4,4
495118,reward,4712,50.37783765977408,86.465,P3O-ClosedLoopAlpha,Walker2d-v4,4
495229,reward,4713,30.94414718056235,80.539,P3O-ClosedLoopAlpha,Walker2d-v4,4
495301,reward,4714,20.637260395392833,71.002,P3O-ClosedLoopAlpha,Walker2d-v4,4
495358,reward,4715,21.829409192693277,58.677,P3O-ClosedLoopAlpha,Walker2d-v4,4
495403,reward,4716,34.619172940979084,59.634,P3O-ClosedLoopAlpha,Walker2d-v4,4
495509,reward,4717,-1.7254674754270218,50.032,P3O-ClosedLoopAlpha,Walker2d-v4,4
495794,reward,4718,171.34955157487428,59.959,P3O-ClosedLoopAlpha,Walker2d-v4,4
495873,reward,4719,41.34153652676176,45.577,P3O-ClosedLoopAlpha,Walker2d-v4,4
496044,reward,4720,99.78573929615547,51.334,P3O-ClosedLoopAlpha,Walker2d-v4,4
496235,reward,4721,326.92578941307585,79.608,P3O-ClosedLoopAlpha,Walker2d-v4,4
496508,reward,4722,231.64192876962713,97.735,P3O-ClosedLoopAlpha,Walker2d-v4,4
496601,reward,4723,54.43403305044418,100.084,P3O-ClosedLoopAlpha,Walker2d-v4,4
496803,reward,4724,69.28248801479444,104.948,P3O-ClosedLoopAlpha,Walker2d-v4,4
497009,reward,4725,106.59439995128088,113.425,P3O-ClosedLoopAlpha,Walker2d-v4,4
497113,reward,4726,71.87399212977134,117.15,P3O-ClosedLoopAlpha,Walker2d-v4,4
497280,reward,4727,180.14396810985457,135.337,P3O-ClosedLoopAlpha,Walker2d-v4,4
497396,reward,4728,87.64661925483166,126.967,P3O-ClosedLoopAlpha,Walker2d-v4,4
497464,reward,4729,46.92602277334966,127.525,P3O-ClosedLoopAlpha,Walker2d-v4,4
497575,reward,4730,28.60156401902811,120.407,P3O-ClosedLoopAlpha,Walker2d-v4,4
497739,reward,4731,95.9242291086566,97.307,P3O-ClosedLoopAlpha,Walker2d-v4,4
497769,reward,4732,15.231402106724163,75.666,P3O-ClosedLoopAlpha,Walker2d-v4,4
497809,reward,4733,22.151135265565816,72.438,P3O-ClosedLoopAlpha,Walker2d-v4,4
497935,reward,4734,-8.606528641801315,64.649,P3O-ClosedLoopAlpha,Walker2d-v4,4
497991,reward,4735,33.33600411959095,57.323,P3O-ClosedLoopAlpha,Walker2d-v4,4
498140,reward,4736,34.46706468903607,53.582,P3O-ClosedLoopAlpha,Walker2d-v4,4
498200,reward,4737,30.534014499052287,38.621,P3O-ClosedLoopAlpha,Walker2d-v4,4
498222,reward,4738,8.726281048391352,30.729,P3O-ClosedLoopAlpha,Walker2d-v4,4
498393,reward,4739,124.12358099819234,38.449,P3O-ClosedLoopAlpha,Walker2d-v4,4
498509,reward,4740,59.69223482637124,41.558,P3O-ClosedLoopAlpha,Walker2d-v4,4
498692,reward,4741,55.426608855480104,37.508,P3O-ClosedLoopAlpha,Walker2d-v4,4
498866,reward,4742,229.6565466234321,58.951,P3O-ClosedLoopAlpha,Walker2d-v4,4
498973,reward,4743,196.96905443317706,76.432,P3O-ClosedLoopAlpha,Walker2d-v4,4
499139,reward,4744,294.48259094639246,106.741,P3O-ClosedLoopAlpha,Walker2d-v4,4
499240,reward,4745,13.05854633745006,104.714,P3O-ClosedLoopAlpha,Walker2d-v4,4
499357,reward,4746,72.51880985639806,108.519,P3O-ClosedLoopAlpha,Walker2d-v4,4
499608,reward,4747,155.54211819962347,121.02,P3O-ClosedLoopAlpha,Walker2d-v4,4
499677,reward,4748,42.08478584602757,124.355,P3O-ClosedLoopAlpha,Walker2d-v4,4
499712,loss,-0.02493426576256752,20.223146438598633,P3O-ClosedLoopAlpha,Walker2d-v4,4
499775,reward,4749,-5.763023769140884,111.367,P3O-ClosedLoopAlpha,Walker2d-v4,4
500000,speed,2062.13,4.14,P3O-ClosedLoopAlpha,Walker2d-v4,4
500000,sbp,0.4,0.2072,0.3717,P3O-ClosedLoopAlpha,Walker2d-v4,4,0.0164,1,2.357999,1.175403,0.014039,0.034201,8.470519,8.487786,1.006119,-0.589515,0.002038,0.800197,1.241714,0.020916,0.003821,1,event,0.019707,0.025,0.64259,-0.211702,0.15,0.019707,0.019707,0.019707,0.033076,0.033095,0.033085,0,0.0,0.0,0.0
